GeneID	Gene Name	g1	g2	g3	g4	g5	g6	g7
ETS1-1		8,9,9,10,11	9,10,11,13,15	46,57,69,81,93	6,7,8,9,11	10,11,13,14,15	67,70,72,89,106	11,13,14,15,17
ETS1-2		0,0.1,0.3,0.3,0.4	0,0.2,0.3,0.4,0.5	2,3,3,4,5	0,0,0,0,0	0,0,0,0.1,0.2	1,1,2,3,3	0,0.1,0.2,0.4,0.7
ETS2-1		1,2,2,4,5	1,3,5,5,6	3,4,5,11,16	1,2,3,5,6	0,3,6,7,9	4,6,8,8,8	3,3,4,6,8
ETS2-2		0,0,0,0,0	0,0,0,0,0	0,0,0,0,0	0,0,0,0,0	0,0,0,0.7,1	0,0,0,0,0	0,0,0,0,0
HRA1		0,0.2,0.4,0.6,0.8	0,0.2,0.4,0.4,0.5	1,2,2,2,2	0,0,0,0,0	0,0.1,0.3,0.6,1	2,3,3,4,6	0.3,0.4,0.5,1,2
ICR1		3,3,3,3,3	3,3,3,3,3	2,2,2,2,2	3,3,3,3,3	3,4,4,4,5	2,2,2,3,3	2,2,3,3,3
IRT1		4,4,4,5,5	4,4,4,5,7	12,14,15,17,19	3,4,5,5,6	11,12,13,13,13	13,14,15,16,16	4,5,6,6,6
ITS1-1		0,0,0,0,0	0,0,0,0,0	0,0.3,0.5,0.6,0.6	0,0,0,0,0	0,0,0,0.4,0.7	1,1,1,2,3	0.6,0.6,0.7,1,2
ITS1-2		0,0,0,0,0	0,0,0,0.4,0.7	0,0,0,0,0	0,0,0,0,0	0,0,0,0,0	0,0,0,0,0	0,0,0,0,0
ITS2-1		0,1,2,3,4	2,3,3,4,4	2,5,9,13,17	1,2,2,3,3	0,0.4,0.9,1,1	6,6,7,8,9	1,2,2,2,3
ITS2-2		0,0,0,0,0	0,0,0,0.6,1	0,0,0,0,0	0,0,0,0,0	0,0,0,0,0	0,0,0,0,0	0,0,0,0,0
LSR1		9,10,11,11,11	10,11,12,12,12	34,38,42,42,43	9,10,11,11,11	9,13,17,18,19	35,37,40,40,40	10,11,12,14,15
NME1		4,5,6,7,8	0.8,1,2,3,4	3,5,6,8,9	5,5,5,9,12	2,3,4,6,8	7,7,7,8,8	5,5,6,6,6
PWR1		0,0,0,0,0	0,0,0,0,0	0,0,0,0,0	0,0,0,0,0	0,0,0,0,0	0,0,0,0,0	0,0,0,0,0
Q0010		0,0,0,0,0	0,0,0,0,0	0,0,0,0,0	0,0,0,0,0	0,0,0,0,0	0,0,0,0,0	0,0,0,0,0
Q0017		0,0,0,0,0	0,0,0,0,0	0,0,0,0,0	0,0,0,0,0	0,0,0,0,0	0,0,0,0,0	0,0,0,0,0
Q0020	15S_RRNA	0.6,0.7,0.7,0.8,0.8	0.3,0.5,0.7,0.9,1	0.8,2,3,4,5	0.3,0.4,0.5,0.6,0.8	2,2,2,3,5	0.5,1,1,2,2	0.9,2,3,3,4
Q0032		0,0,0,0,0	0,0,0,0,0	0,0,0,0,0	0,0,0,0,0	0,0,0,0,0	0,0,0,0,0	0,0,0,0,0
Q0045	COX1	0,0,0,0,0	0,0,0,0.2,0.3	0.2,0.2,0.3,0.5,0.7	0,0,0,0,0	0,0,0,0.1,0.2	0,0,0,0.1,0.3	0,0.1,0.1,0.2,0.3
Q0050	AI1	0.2,0.2,0.2,0.5,0.7	0,0,0,0.3,0.5	0.2,0.6,1,2,3	0.1,0.1,0.2,0.3,0.4	0,0.4,0.7,0.9,1	0.1,0.2,0.4,0.6,0.8	0.2,0.6,1,1,1
Q0055	AI2	0.1,0.2,0.2,0.7,1	0,0,0,0.1,0.2	0.6,0.7,0.7,1,2	0.1,0.1,0.2,0.3,0.3	0.3,0.5,0.7,1,1	0.1,0.1,0.2,0.4,0.6	0.6,0.6,0.6,0.7,0.8
Q0060	AI3	0,0,0,0,0	0,0,0,0,0	0,0,0,0,0	0,0,0,0,0	0,0,0,0,0	0,0,0,0,0	0,0,0,0,0
Q0065	AI4	0,0,0,0,0	0,0,0,0,0.1	0,0,0,0,0	0,0,0,0,0	0,0,0,0,0	0,0,0,0.1,0.2	0,0,0,0.2,0.3
Q0070	AI5_ALPHA	0,0,0,0,0	0,0,0,0,0	0,0,0,0,0	0,0,0,0,0	0,0,0,0,0	0,0,0,0,0	0,0,0,0,0
Q0075	AI5_BETA	0,0,0,0.1,0.1	0,0,0,0,0	0,0,0,0.2,0.5	0,0,0,0,0	0,0,0,0,0	0,0,0,0,0	0,0,0,0.1,0.1
Q0080	ATP8	0,0,0,0,0	0,0,0,0,0	0,0,0,0,0	0,0,0,0,0	0,0,0,0,0	0,0,0,0,0	0,0,0,0,0
Q0085	ATP6	0,0,0,0,0	0,0,0,0,0	0,0,0,0,0	0,0,0,0.1,0.2	0,0.2,0.4,0.6,0.8	0,0,0,0.2,0.4	0,0,0,0.2,0.4
Q0092		0,0,0,0,0	0,0,0,0,0	0,0,0,0,0	0,0,0,0,0	0,0,0,0,0	0,0,0,0,0	0,0,0,0,0
Q0105	COB	0,0.1,0.2,0.2,0.3	0,0,0,0.2,0.3	0,0,0,0,0	0,0,0,0,0	0,0,0,0,0	0,0,0,0,0	0,0,0,0.1,0.1
Q0110	BI2	0,0,0,0,0	0,0,0,0,0	0,0,0,0,0	0,0,0,0,0	0,0,0,0.1,0.2	0,0,0,0,0	0,0,0,0,0
Q0115	BI3	0,0,0,0,0	0,0,0,0,0	0,0,0,0,0	0,0,0,0,0	0,0,0,0,0	0,0,0,0,0	0,0,0,0,0
Q0120	BI4	0,0,0,0,0	0,0,0,0,0	0,0,0,0.1,0.2	0,0,0,0,0	0,0,0,0,0	0,0,0,0,0	0,0,0,0,0
Q0130	OLI1	0,0,0,0,0	0,0,0,0.6,1	0.9,0.9,1,2,4	0,0,0,0.9,2	0,0,0,0,0	0,0,0,0,0	1,1,1,2,2
Q0140	VAR1	0,0,0,0,0	0,0,0,0,0	0,0,0,0,0	0,0,0,0,0	0,0,0,0,0	0,0,0,0,0	0,0,0,0,0
Q0142		0,0,0,0,0	0,0,0,0,0	0,0,0,0,0	0,0,0,0,0	0,0,0,0,0	0,0,0,0,0	0,0,0,0,0
Q0143		0,0,0,0,0	0,0,0,0,0	0,0,0,0,0	0,0,0,0,0	0,0,0,0,0	0,0,0,0,0	0,0,0,0,0
Q0144		0,0,0,0,0	0,0,0,0,0	0,0,0,0,0	0,0,0,0,0	0,0,0,0,0	0,0,0,0,0	0,0,0,0,0
Q0158	21S_RRNA	2,2,2,2,2	1,1,1,1,1	3,4,5,7,9	1,1,1,1,1	3,3,3,6,9	2,2,2,2,3	2,3,4,6,7
Q0160	SCEI	0,0,0,0,0	0,0,0,0,0	0,0,0,0,0	0,0,0,0,0	0,0,0,0,0	0,0,0,0,0	0,0.1,0.2,0.2,0.2
Q0182		0,0,0,0,0	0,0,0,0,0	0,0,0,0,0	0,0,0,0,0	0,0,0,0,0	0,0,0,0,0	0,0,0,0,0
Q0250	COX2	0,0,0,0.1,0.2	0,0,0,0,0	0,0.1,0.1,0.3,0.6	0,0,0,0,0	0,0,0,0.3,0.6	0,0,0,0.2,0.4	0,0.1,0.2,0.3,0.4
Q0255		0,0,0,0,0	0,0,0,0,0	0,0,0,0,0	0,0,0,0,0	0,0,0,0,0	0,0,0,0,0	0,0,0,0,0
Q0275	COX3	0,0.1,0.2,0.3,0.4	0,0,0,0.1,0.2	0.1,0.8,2,2,2	0,0,0,0,0	0,0,0,0.1,0.3	0.3,0.4,0.6,0.6,0.7	0,0.1,0.2,0.4,0.7
Q0285	RPM1	0,0,0,0,0	0,0,0,0,0	0,0,0,0,0	0,0,0,0,0	0,0,0,0,0	0,0,0,0,0	0,0,0,0,0
Q0297		0,0,0,0,0	0,0,0,0,0	0,0,0,0,0	0,0,0,0,0	0,0,0,0,0	0,0,0,0,0	0,0,0,0,0
RDN18-1		0,0,0,0,0	0,0,0,0,0	0,0,0,0,0	0,0,0,0,0	0,0,0,0,0	0,0,0,0,0	0,0,0,0,0
RDN18-2		0,0,0,0,0	0,0,0,0,0	0,0,0,0,0	0,0,0,0,0	0,0,0,0,0	0,0,0,0,0	0,0,0,0,0
RDN25-1		0,0,0,0,0	0,0,0,0,0	0,0,0,0,0	0,0,0,0,0	0,0,0,0,0	0,0,0,0,0	0,0,0,0,0
RDN25-2		0,0,0,0,0	0,0,0,0,0	0,0,0,0,0	0,0,0,0,0	0,0,0,0,0	0,0,0,0,0	0,0,0,0,0
RDN37-1		0,0,0,0,0	0,0,0,0,0	0,0,0,0,0	0,0,0,0,0	0,0,0,0,0	0,0,0,0,0	0,0,0,0,0
RDN37-2		0,0,0,0,0	0,0,0,0,0	0,0,0,0,0	0,0,0,0,0	0,0,0,0,0	0,0,0,0,0	0,0,0,0,0
RDN5-1		13,18,23,30,38	20,24,28,32,37	27,31,34,36,37	6,11,15,18,21	20,22,23,24,24	19,19,19,42,65	17,17,18,20,22
RDN5-2		0,0,0,0,0	0,0,0,0,0	0,0,0,0.8,2	0,0,0,0,0	0,0,0,0,0	0,0,0,0,0	0,0,0,0,0
RDN5-3		0,0,0,0,0	0,0,0,0,0	0,0,0,0,0	0,0,0,0,0	0,0,0,0,0	0,0,0,0,0	0,0,0,0,0
RDN5-4		0,0,0,0,0	0,0,0,0,0	0,0,0,0,0	0,0,0,0,0	0,0,0,0,0	0,0,0,0,0	0,0,0,0,0
RDN5-5		0,0,0,0,0	0,0,0,0,0	0,0,0,0,0	0,0,0,0,0	0,0,0,0,0	0,0,0,0,0	0,0,0,0,0
RDN5-6		0,0,0,0,0	0,0,0,0,0	0,0,0,0,0	0,0,0,0,0	0,0,0,0,0	0,0,0,0,0	0,0,0,0,0
RDN58-1		0,0,0,0,0	0,0,0,0,0	0,0,0,0,0	0,0,0,0,0	0,0,0,0,0	0,0,0,0,0	0,0,0,0,0
RDN58-2		0,0,0,0,0	0,0,0,0,0	0,0,0,0,0	0,0,0,0,0	0,0,0,0,0	0,0,0,0,0	0,0,0,0,0
RME2		1,1,1,1,1	0.9,1,1,1,1	0.8,0.9,1,1,1	0.8,0.9,0.9,1,2	1,1,1,1,2	1,1,1,2,2	1,1,1,1,2
RME3		0,0,0,0,0	0,0,0,0,0	0,0,0,0,0	0,0,0,0,0	0,0,0,0,0	0,0,0,0,0	0,0,0,0,0
RNA170		9,10,12,13,15	13,14,15,16,17	12,13,14,14,15	6,8,11,12,12	5,6,7,9,10	18,20,21,23,26	11,12,13,17,21
RPR1		5,5,5,6,8	2,3,4,4,5	20,20,20,21,23	1,2,3,3,3	2,2,2,3,4	19,20,21,22,22	3,6,9,9,10
RUF20		28,28,28,29,29	26,27,28,31,34	32,33,34,35,36	25,27,29,30,32	18,24,29,30,30	35,35,35,38,40	29,30,31,33,35
RUF21		3,3,4,4,5	1,2,3,3,3	0.5,1,2,2,3	3,3,3,3,3	0,0.4,0.7,1,1	0.9,1,1,1,1	2,3,4,5,6
RUF22		0,0,0,0.6,1	0,0,0,0,0	0,0,0,0,0	0,0,0,0.1,0.3	0,0,0,0,0	0.5,0.5,0.6,1,1	0,0,0,0.2,0.4
RUF23		0,0.4,0.8,3,4	0,0,0,2,3	3,4,4,7,9	0,0,0,0.4,0.8	0,0,0,0.5,1	2,3,4,6,8	0,0,0,2,4
RUF5-1		0.4,0.5,0.6,0.9,1	0.3,0.4,0.4,0.6,0.7	0.9,0.9,0.9,1,1	0.8,1,1,1,2	0,0.3,0.6,0.8,1	0.5,0.6,0.7,0.7,0.7	0.2,0.3,0.5,0.7,1
RUF5-2		0.9,1,1,2,2	1,1,1,2,2	0.8,1,2,2,2	0.3,0.9,2,2,2	1,1,1,1,2	0.5,0.6,0.7,1,1	0.5,0.5,0.6,0.9,1
SCR1		2,2,2,3,4	2,2,2,2,2	4,4,4,5,7	3,3,3,4,6	2,3,4,4,4	2,4,5,5,5	2,5,8,8,8
snR10		2,4,5,7,9	3,5,7,7,7	4,5,6,7,8	5,7,9,10,11	2,3,3,5,8	2,4,5,6,6	8,8,8,8,9
snR11		62,63,63,74,85	64,67,70,71,71	155,157,159,162,166	56,56,56,61,65	45,45,45,49,52	134,142,149,157,165	68,73,78,82,86
snR128		4,7,9,11,12	0,2,4,6,8	0,4,7,10,13	4,8,12,13,13	9,10,11,14,18	6,6,6,7,8	6,9,12,14,16
snR13		9,11,12,12,13	6,7,9,12,15	5,9,13,14,14	11,11,11,12,13	8,11,15,17,18	4,4,4,7,11	11,15,18,20,21
snR14		8,13,17,19,22	3,8,12,14,15	16,20,25,25,25	6,7,8,9,10	9,13,18,19,20	19,21,22,25,27	10,11,11,13,15
snR161		4,5,5,6,7	1,2,3,4,5	1,2,3,4,6	2,2,2,4,6	0,0.7,1,2,4	2,2,2,6,9	3,4,5,9,12
snR17a		16,18,20,21,21	11,14,18,18,19	15,18,20,21,21	12,13,14,15,15	7,9,10,11,12	19,21,23,28,32	18,21,25,25,25
snR17b		0,2,3,4,4	2,3,3,4,4	1,3,5,6,6	2,2,3,5,6	0.8,1,1,2,3	0.7,0.7,0.7,0.8,0.9	1,2,3,4,5
snR18		22,24,27,27,28	10,18,26,28,30	18,26,33,35,37	23,24,24,28,31	23,28,34,36,39	12,16,19,22,25	25,25,25,27,28
snR189		0,1,2,3,4	0,0.6,1,1,1	2,2,2,4,6	1,3,5,6,7	0,0.5,1,3,5	0,0.6,1,2,4	1,1,1,3,4
snR190		4,6,7,8,8	4,4,4,7,9	2,2,2,4,6	3,4,5,5,5	0,2,5,5,6	1,2,3,3,3	1,3,5,6,6
snR191		0.9,1,1,2,2	0,0.6,1,2,2	0,0.4,0.8,1,2	1,1,2,2,3	2,3,4,5,6	0,0.4,0.8,0.9,0.9	2,2,2,2,2
snR19		3,4,5,5,5	3,3,3,3,4	8,9,9,10,11	3,3,4,4,4	6,6,7,7,8	10,10,10,10,10	3,5,7,10,12
snR24		22,23,23,23,23	6,7,8,12,16	6,7,7,17,27	15,18,20,25,30	8,16,24,31,38	6,7,8,12,16	6,8,10,17,24
snR30		11,13,14,15,16	10,10,10,11,11	6,7,8,8,9	9,9,10,10,11	7,7,8,11,14	8,8,8,8,8	11,12,13,14,15
snR31		34,36,37,39,41	24,26,28,28,29	56,56,57,61,65	24,29,34,35,35	20,20,21,33,44	39,41,42,44,47	31,31,31,39,47
snR32		1,3,4,5,5	0,1,2,4,6	0,0.5,1,3,5	1,1,1,1,1	2,2,2,3,4	0,3,7,8,9	2,3,3,3,4
snR3		23,25,26,26,26	14,18,23,27,32	27,28,29,31,33	18,21,24,26,27	27,28,30,30,31	26,30,33,39,45	25,25,26,26,27
snR33		100,100,100,104,107	78,80,82,86,91	66,72,79,84,90	65,72,78,81,84	68,75,82,87,92	72,72,73,74,76	113,114,115,118,121
snR34		9,11,13,16,19	2,5,8,9,10	14,15,17,18,19	8,8,9,10,10	3,3,3,4,5	11,11,12,12,13	8,11,15,15,16
snR35		5,7,9,9,9	7,7,8,9,10	10,10,11,12,13	3,4,5,7,9	5,5,5,9,13	7,10,12,14,16	6,7,7,9,11
snR36		12,13,13,14,14	7,8,9,14,19	16,19,21,25,30	14,14,14,16,17	7,10,12,13,14	25,27,29,31,34	13,15,17,18,20
snR37		12,12,12,13,15	7,8,9,10,11	9,12,15,15,15	5,5,6,6,7	6,6,6,7,8	12,13,14,15,16	11,12,12,14,16
snR38		4,5,6,6,7	0,0,0,0,0	0,1,2,3,5	0,1,3,4,5	5,6,6,9,11	0,1,3,4,5	0,0,0,3,5
snR39		34,35,36,43,49	14,20,26,32,38	13,14,16,23,30	15,16,18,27,36	33,39,45,51,58	18,19,20,24,28	17,18,19,28,37
snR39B		11,11,11,14,16	2,7,12,18,24	32,34,36,38,39	12,13,13,13,13	9,10,11,12,13	16,16,17,18,20	11,19,27,28,29
snR40		21,22,23,34,45	10,12,14,22,29	27,31,35,39,43	0,8,16,22,27	14,14,15,19,23	17,20,23,25,26	8,13,17,20,22
snR41		68,70,72,76,80	75,76,76,85,93	73,86,99,103,108	54,58,61,62,62	64,67,69,81,92	73,85,96,96,96	56,65,73,76,79
snR42		8,8,8,8,8	6,7,8,8,9	12,13,14,15,16	3,5,6,7,8	3,3,3,4,6	12,14,16,16,16	5,6,7,8,10
snR43		20,22,24,25,26	9,10,11,13,14	40,42,45,48,50	9,11,12,14,16	8,8,8,9,9	33,34,35,37,39	20,22,24,31,38
snR44		14,16,18,19,21	17,17,17,22,27	10,15,20,21,21	16,17,19,22,26	16,20,24,28,31	13,16,18,19,20	9,11,13,14,14
snR45		29,34,40,45,50	15,20,24,26,27	25,34,43,44,45	15,18,21,21,21	10,11,13,13,14	41,42,43,55,68	17,18,19,23,28
snR46		21,25,30,31,33	11,13,15,17,18	21,24,27,30,33	17,19,20,21,21	13,15,17,19,21	22,31,39,42,46	18,21,24,26,27
snR47		16,16,16,17,18	11,12,12,15,18	7,9,11,14,16	9,10,11,13,16	8,10,13,13,13	10,12,15,19,22	14,15,15,22,28
snR48		10,13,16,17,18	12,13,15,16,17	10,13,15,16,16	14,15,16,17,18	7,7,7,16,24	11,17,22,26,29	15,16,18,20,23
snR49		7,10,13,20,26	11,15,19,25,31	53,55,56,57,57	17,18,19,22,25	19,26,32,33,33	22,25,28,35,42	22,24,25,28,32
snR4		92,95,99,102,105	91,98,105,110,116	66,72,78,79,79	93,94,95,100,105	84,87,90,97,104	48,59,69,73,76	93,96,99,100,101
snR50		10,11,12,15,17	11,13,16,18,20	5,15,26,30,35	6,10,14,15,15	13,13,14,20,26	13,15,17,25,34	13,16,19,22,24
snR51		2,6,10,10,10	11,12,13,14,15	8,9,11,13,15	4,5,5,12,20	2,5,8,9,11	7,9,10,15,19	3,5,8,10,11
snR52		3,4,5,5,5	0,1,2,4,6	0,1,2,2,3	2,3,3,4,6	2,3,3,4,6	3,4,6,6,6	4,5,5,10,14
snR53		0,4,7,7,7	5,7,9,10,11	5,9,13,16,20	0,3,6,8,10	2,3,3,5,6	6,9,13,14,15	2,4,6,6,7
snR54		3,4,5,9,12	0,1,3,4,6	6,7,8,8,8	0,1,3,4,6	0,5,10,11,12	3,5,6,10,14	2,4,6,9,12
snR55		9,11,13,17,21	8,9,10,11,12	2,10,18,24,29	11,11,12,14,16	3,7,10,13,16	5,7,8,15,21	13,14,15,15,15
snR5		4,6,8,9,11	7,8,8,9,9	20,21,21,27,33	5,6,6,7,9	4,6,7,10,13	13,15,18,18,19	8,10,11,12,12
snR56		0,1,3,4,5	0,0,0,2,3	0,1,3,6,10	3,3,3,3,3	0,0,0,2,3	0,1,3,3,3	2,3,3,4,5
snR57		18,20,23,28,33	3,4,6,6,6	26,31,35,43,50	16,17,18,19,21	18,19,19,21,23	25,27,29,29,29	20,21,22,27,32
snR58		6,6,7,7,7	9,10,11,12,12	3,7,12,13,14	3,4,5,5,6	0,1,2,4,6	5,9,12,16,20	7,9,11,11,11
snR59		0,6,11,13,14	0,3,6,7,7	0,3,6,8,11	0,4,8,14,20	6,8,10,14,18	0,0,0,6,13	0,3,7,9,11
snR60		0,1,3,7,11	5,6,7,7,8	7,8,9,10,11	0,2,5,7,8	0,2,5,6,8	3,8,13,15,17	2,4,6,11,15
snR6		0,0.9,2,2,2	0,0,0,0,0	0,0,0,1,2	0,0,0,0,0	0,0,0,0,0	0,1,2,2,2	0,0,0,0,0
snR61		32,36,40,41,42	26,27,28,30,33	49,53,56,72,89	23,32,40,42,43	29,32,35,42,49	37,40,43,63,82	33,35,37,45,54
snR62		25,29,33,38,42	23,26,29,40,50	48,50,51,68,85	20,23,26,30,34	21,25,28,30,32	25,35,46,55,64	36,42,47,51,55
snR63		10,11,12,16,20	10,10,10,13,17	6,7,8,9,10	13,15,18,19,21	8,14,19,20,21	6,6,7,8,9	9,11,12,16,21
snR64		3,6,9,10,11	3,5,8,9,10	43,46,48,48,48	5,6,7,7,8	2,2,3,4,6	48,53,58,64,70	0,8,15,17,19
snR65		10,11,11,12,13	0,2,5,12,18	2,8,13,17,20	0,1,3,7,11	8,9,10,13,16	5,8,12,13,14	3,3,4,8,12
snR66		42,43,45,46,46	36,48,60,65,71	23,25,27,38,49	33,41,48,50,52	10,15,20,21,22	22,25,29,41,53	38,38,39,43,47
snR67		11,13,16,16,16	6,9,13,13,14	34,36,38,41,45	0,2,3,6,8	3,5,6,6,7	10,11,12,12,12	6,12,19,22,25
snR68		106,107,109,111,113	86,89,91,95,98	56,64,72,82,92	86,95,105,108,110	96,99,102,108,114	63,63,64,67,71	113,115,116,134,151
snR69		18,30,42,46,50	23,28,33,46,58	110,111,113,124,135	31,34,37,40,43	27,30,34,39,44	88,108,127,133,138	20,25,31,34,38
snR70		30,33,37,39,41	25,30,34,34,34	26,35,45,49,52	33,37,41,49,56	39,39,39,40,42	39,40,42,45,48	24,27,29,30,30
snR71		26,30,34,37,40	27,29,31,33,34	32,35,38,52,67	21,25,29,32,35	12,14,16,19,22	43,44,45,49,53	31,31,32,33,33
snR72		4,6,8,9,9	0,1,3,8,12	5,6,7,9,12	3,4,4,5,5	2,4,6,7,8	2,3,3,5,8	9,9,10,15,21
snR73		0,0,0,0,0	0,0,0,0,0	0,0,0,1,3	0,0,0,0,0	0,0,0,0,0	0,0,0,0,0	0,0,0,1,2
snR74		3,4,6,7,7	0,2,3,4,6	0,1,3,6,10	0,1,3,4,5	0,2,3,6,10	3,4,6,7,8	0,2,5,5,5
snR75		0,1,2,7,12	3,3,3,3,3	3,5,7,9,10	0,0,0,1,3	0,1,3,6,9	0,2,3,4,5	0,1,3,4,5
snR76		2,9,16,19,21	10,11,13,16,18	8,13,18,18,19	4,8,12,13,14	9,11,12,13,13	7,7,7,9,11	4,5,6,13,21
snR77		0,2,5,5,5	0,0,0,6,11	3,6,10,10,10	0,3,5,5,6	3,3,3,3,3	5,6,6,8,9	2,3,3,4,6
snR78		0,2,5,8,12	3,4,6,8,9	8,9,10,13,16	0,2,3,6,9	0,3,6,8,10	5,7,9,12,16	2,3,3,6,9
snR79		8,13,18,20,21	9,9,10,11,12	7,10,14,23,32	11,12,12,19,25	7,11,15,22,28	11,12,12,13,13	0,4,9,10,12
snR7-L		0,0.6,1,2,3	0,0,0,0,0	0,0,0,0,0	0,0.5,1,1,1	0,0,0,0,0	0,0,0,0.7,1	0,0,0,2,3
snR7-S		0,0,0,0,0	0,0,0,0,0	0,0,0,0,0	0,0,0,0,0	0,0,0,0,0	0,0,0,0,0	0,0,0,0,0
snR80		1,1,2,3,5	1,2,2,2,3	0,0,0,0.9,2	1,2,3,4,5	2,2,3,4,4	4,4,5,5,6	2,2,3,3,4
snR81		1,2,2,3,3	0,1,3,3,4	1,2,3,4,4	1,2,3,4,4	0,0,0,0.5,1	1,4,7,8,9	1,1,1,3,5
snR82		10,10,11,11,12	7,10,13,16,20	20,20,21,26,32	11,11,12,15,19	7,10,13,13,14	19,23,27,31,34	6,10,14,16,17
snR83		10,13,17,20,24	13,16,19,20,21	15,15,15,15,16	14,16,18,20,21	13,13,14,14,15	8,9,9,9,10	17,17,18,23,27
snR84		10,11,11,11,11	10,11,11,11,11	8,8,8,10,12	12,13,15,16,17	12,13,15,16,17	8,8,8,11,15	12,12,12,13,13
snR85		4,4,5,5,5	3,4,6,7,8	1,2,2,4,5	3,6,9,10,11	3,6,9,11,13	2,3,4,5,6	5,6,7,8,9
snR86		18,18,19,19,20	18,19,20,21,22	32,34,36,36,37	16,17,17,19,20	16,18,20,20,20	21,22,22,25,29	17,21,24,24,24
snR87		21,27,33,39,45	17,17,18,22,27	34,35,36,44,52	19,20,22,30,37	14,18,22,27,31	21,27,33,36,38	23,27,32,35,39
snR8		8,8,8,13,18	1,2,2,6,10	22,24,25,29,33	4,5,7,8,9	3,4,5,9,14	22,22,23,28,32	5,6,7,8,9
snR9		62,64,67,82,97	80,82,83,83,83	139,155,172,182,193	70,71,72,76,79	71,73,75,79,83	160,170,180,184,187	63,81,100,101,102
SRG1		56,56,56,58,60	46,46,46,47,47	42,43,43,45,46	41,45,50,50,50	41,42,43,45,47	36,38,40,40,40	60,63,65,71,77
tA(AGC)D		0,0,0,0,0	0,0,0,2,3	0,2,3,3,3	0,0,0,0,0	0,0,0,0,0	0,0,0,2,4	0,0,0,0,0
tA(AGC)F		12,12,12,15,18	0,5,10,15,19	22,26,31,32,33	0,2,4,6,9	0,0,0,0,0	19,27,35,39,44	6,7,7,9,12
tA(AGC)G		0,0,0,2,3	0,2,4,11,18	0,0,0,2,4	0,0,0,4,7	0,2,4,6,7	0,2,3,7,10	0,0,0,2,3
tA(AGC)H		0,0,0,0,0	0,0,0,0,0	0,0,0,0,0	0,0,0,0,0	0,0,0,2,4	3,3,4,5,7	0,0,0,0,0
tA(AGC)J		0,0,0,0,0	0,0,0,0,0	0,0,0,2,4	0,0,0,0,0	0,0,0,0,0	0,0,0,2,3	0,0,0,0,0
tA(AGC)K1		6,7,7,8,9	4,5,7,7,7	0,3,6,9,12	3,3,4,4,4	0,2,3,4,4	7,7,7,7,7	0,0,0,3,6
tA(AGC)K2		0,0,0,2,3	3,3,4,6,8	6,7,8,9,9	0,2,4,5,7	0,0,0,3,7	0,5,10,10,10	0,2,3,3,4
tA(AGC)L		0,0,0,0,0	0,0,0,0,0	0,0,0,0,0	0,0,0,0,0	0,0,0,0,0	0,0,0,0,0	0,0,0,0,0
tA(AGC)M1		0,0,0,0,0	0,0,0,0,0	0,0,0,0,0	0,0,0,0,0	0,0,0,0,0	0,0,0,0,0	0,0,0,0,0
tA(AGC)M2		0,0,0,0,0	0,0,0,2,3	0,0,0,0,0	0,0,0,0,0	0,0,0,2,4	0,0,0,0,0	0,0,0,0,0
tA(AGC)P		0,0,0,0,0	0,0,0,0,0	0,2,3,8,12	0,0,0,0,0	0,0,0,0,0	0,0,0,3,7	0,0,0,0,0
tA(UGC)A	TGA1	0,0,0,0,0	0,0,0,0,0	0,0,0,2,3	0,0,0,0,0	0,0,0,0,0	0,2,3,3,4	0,0,0,2,4
tA(UGC)E		0,2,3,3,3	0,0,0,2,3	0,3,6,9,12	0,2,4,5,6	0,0,0,2,3	3,3,3,5,7	0,2,3,5,7
tA(UGC)G		0,0,0,2,3	0,0,0,3,7	6,6,6,9,12	0,0,0,2,4	0,0,0,2,3	3,3,3,5,7	0,0,0,2,3
tA(UGC)L		0,0,0,0,0	0,0,0,3,7	0,0,0,2,3	0,0,0,2,3	0,0,0,2,3	0,0,0,0,0	0,2,4,5,6
tA(UGC)O		9,9,9,12,14	3,5,7,7,8	12,12,12,19,25	3,5,7,11,14	3,4,4,11,18	7,8,10,12,14	0,2,3,9,15
tA(UGC)Q		0,0,0,0,0	0,0,0,0,0	0,0,0,0,0	0,0,0,0,0	0,0,0,0,0	0,0,0,0,0	0,0,0,0,0
tC(GCA)B		0,5,9,12,14	12,13,13,14,14	16,24,32,36,39	4,6,7,8,9	3,6,8,9,11	13,16,19,26,32	12,13,14,17,20
tC(GCA)G		0,2,3,3,3	0,0,0,0,0	0,0,0,0,0	0,0,0,0,0	4,4,4,7,10	0,0,0,0,0	4,5,6,6,7
tC(GCA)P1		0,3,6,7,7	0,2,4,5,7	6,8,9,11,12	3,4,4,4,4	0,0,0,2,4	16,20,25,26,27	4,6,9,15,20
tC(GCA)P2		4,6,9,9,9	0,3,7,7,7	0,2,3,4,4	3,4,4,5,7	4,6,8,14,21	0,2,3,5,7	4,5,6,11,17
tC(GCA)Q		0,0,0,0,0	0,0,0,0,0	0,0,0,0,0	0,0,0,0,0	0,0,0,0,0	0,0,0,0,0	0,0,0,0,0
tD(GUC)B		4,5,6,8,9	4,5,7,10,13	0,2,3,3,3	0,2,4,7,11	0,4,8,12,17	4,4,4,5,7	3,3,4,5,6
tD(GUC)D		0,0,0,0,0	0,0,0,0,0	0,0,0,0,0	0,0,0,0,0	0,0,0,0,0	0,0,0,2,4	0,0,0,0,0
tD(GUC)G1		3,3,4,6,9	0,0,0,2,4	6,7,8,9,9	0,2,4,4,4	0,2,3,4,4	0,4,7,9,11	0,3,6,7,7
tD(GUC)G2		3,9,16,17,18	7,9,10,15,20	12,15,19,19,19	0,7,14,18,22	8,9,11,12,14	19,21,22,24,25	7,12,18,22,25
tD(GUC)I1		0,0,0,0,0	0,0,0,0,0	0,2,3,5,6	0,0,0,2,4	4,6,8,9,10	0,0,0,0,0	0,0,0,2,3
tD(GUC)I2		0,0,0,0,0	0,0,0,0,0	0,0,0,3,6	0,0,0,0,0	0,0,0,0,0	0,2,4,4,4	0,0,0,0,0
tD(GUC)J1		6,8,9,10,11	4,4,4,4,4	20,21,22,23,25	0,2,4,5,7	4,5,7,7,8	19,22,26,29,32	0,2,4,5,6
tD(GUC)J2		0,0,0,0,0	0,0,0,0,0	0,0,0,0,0	0,0,0,0,0	0,0,0,0,0	0,0,0,0,0	0,0,0,0,0
tD(GUC)J3		0,0,0,2,4	0,0,0,0,0	0,2,3,5,6	0,0,0,0,0	0,0,0,0,0	0,0,0,2,4	0,0,0,2,4
tD(GUC)J4		0,0,0,3,6	0,0,0,0,0	3,3,3,4,4	0,0,0,0,0	0,0,0,0,0	4,7,10,10,11	0,0,0,2,3
tD(GUC)K		0,0,0,2,3	0,0,0,0,0	0,0,0,2,4	0,0,0,0,0	0,0,0,0,0	0,0,0,0,0	0,0,0,0,0
tD(GUC)L1		0,0,0,0,0	0,0,0,0,0	0,0,0,0,0	0,0,0,0,0	0,0,0,0,0	0,0,0,0,0	0,0,0,0,0
tD(GUC)L2		0,2,4,5,6	0,0,0,0,0	6,10,13,14,16	0,2,4,5,6	0,0,0,2,4	4,5,7,12,17	0,0,0,3,7
tD(GUC)M		0,0,0,0,0	0,0,0,0,0	3,4,4,5,6	0,0,0,0,0	0,0,0,0,0	0,2,4,5,7	0,0,0,0,0
tD(GUC)N		63,66,69,81,93	132,133,134,135,136	168,168,168,201,233	136,139,142,143,145	126,129,132,133,134	126,160,193,205,218	55,64,74,82,90
tD(GUC)O		3,5,7,10,12	0,2,4,5,7	9,11,12,12,13	0,0,0,2,4	0,0,0,4,8	7,12,16,17,17	0,2,4,5,6
tD(GUC)Q		0,0,0,0,0	0,0,0,0,0	0,0,0,0,0	0,0,0,0,0	0,0,0,0,0	0,0,0,0,0	0,0,0,0,0
tE(CUC)D		0,0,0,0,0	0,0,0,0,0	0,0,0,0,0	0,0,0,0,0	0,0,0,0,0	0,0,0,0,0	0,0,0,0,0
tE(CUC)I		0,0,0,0,0	0,0,0,0,0	0,0,0,0,0	0,0,0,0,0	0,0,0,0,0	0,0,0,0,0	0,0,0,0,0
tE(UUC)B		0,2,3,3,3	4,4,4,5,7	12,18,24,34,45	3,4,4,4,4	0,4,8,8,8	11,11,11,20,29	0,2,3,5,6
tE(UUC)C		0,0,0,2,3	0,0,0,0,0	0,2,4,5,6	0,0,0,0,0	0,0,0,0,0	3,5,7,9,11	0,0,0,0,0
tE(UUC)E1		28,41,54,62,71	31,38,46,47,47	68,72,76,82,87	28,38,48,58,68	36,42,48,48,48	96,103,109,119,128	30,39,48,49,49
tE(UUC)E2		0,0,0,0,0	0,2,4,4,4	0,2,4,7,9	0,0,0,2,4	0,2,4,5,7	0,5,11,12,13	0,2,3,3,3
tE(UUC)E3		0,0,0,0,0	0,0,0,0,0	0,0,0,0,0	0,0,0,0,0	0,0,0,0,0	0,0,0,0,0	0,0,0,0,0
tE(UUC)G1	SOE1	4,5,6,8,9	4,5,7,10,12	0,2,3,8,12	3,4,4,4,4	0,0,0,4,7	0,3,7,7,7	0,2,3,5,7
tE(UUC)G2		0,2,3,6,9	0,0,0,0,0	6,6,6,7,8	0,2,4,4,4	0,0,0,2,4	0,4,7,10,13	0,0,0,0,0
tE(UUC)G3		0,0,0,2,4	0,0,0,2,4	0,0,0,3,6	0,0,0,2,3	0,0,0,2,3	4,6,7,9,10	0,2,3,3,4
tE(UUC)I		0,0,0,0,0	0,0,0,2,4	0,0,0,2,3	0,0,0,4,7	0,0,0,2,4	0,0,0,0,0	0,0,0,2,3
tE(UUC)J		0,0,0,0,0	0,0,0,0,0	0,0,0,2,3	0,0,0,0,0	0,0,0,0,0	0,0,0,0,0	0,0,0,0,0
tE(UUC)K		0,2,4,6,9	4,4,4,5,7	3,6,8,12,16	0,0,0,3,6	0,2,3,4,4	7,10,13,18,23	0,0,0,5,10
tE(UUC)L		0,0,0,0,0	0,0,0,2,4	9,13,16,16,16	0,0,0,5,9	0,0,0,2,4	3,10,17,22,27	0,0,0,0,0
tE(UUC)M		0,0,0,2,3	0,0,0,3,7	0,2,3,4,4	0,0,0,0,0	0,0,0,2,3	3,4,4,4,4	0,0,0,0,0
tE(UUC)P		0,0,0,2,3	0,0,0,0,0	0,0,0,0,0	0,0,0,2,4	0,0,0,2,3	0,0,0,0,0	0,0,0,0,0
tE(UUC)Q		0,0,0,0,0	0,0,0,0,0	0,0,0,0,0	0,0,0,0,0	0,0,0,0,0	0,0,0,0,0	0,0,0,0,0
tF(GAA)B		0,0,0,2,3	0,0,0,0,0	0,0,0,0,0	0,0,0,0,0	0,0,0,0,0	0,0,0,0,0	0,0,0,2,3
tF(GAA)D		0,0,0,12,24	8,9,10,10,11	38,39,39,51,62	13,13,14,16,18	12,13,14,14,14	24,33,42,46,50	6,8,9,10,10
tF(GAA)F		0,0,0,0,0	0,0,0,0,0	0,0,0,2,3	0,0,0,0,0	0,0,0,0,0	0,0,0,0,0	0,0,0,0,0
tF(GAA)G		0,0,0,2,3	0,0,0,0,0	0,0,0,0,0	0,0,0,0,0	0,0,0,0,0	0,0,0,0,0	0,0,0,2,3
tF(GAA)H1		0,0,0,2,3	0,2,3,3,4	3,9,15,29,43	0,0,0,2,4	0,0,0,3,7	34,36,38,40,41	0,2,4,5,6
tF(GAA)H2		0,0,0,0,0	0,0,0,0,0	0,2,3,7,12	0,0,0,0,0	0,0,0,0,0	0,2,3,5,7	0,0,0,2,3
tF(GAA)M		0,0,0,2,3	0,0,0,4,8	6,8,9,14,19	0,0,0,5,9	0,4,7,9,10	7,8,10,10,10	0,2,3,3,4
tF(GAA)N		0,2,3,6,9	0,2,3,7,12	3,3,4,5,6	0,3,6,7,7	0,0,0,2,4	0,9,17,18,19	0,2,3,4,6
tF(GAA)P1		0,2,3,6,9	3,3,4,6,8	0,0,0,2,3	4,5,7,10,13	0,0,0,4,7	0,0,0,3,7	0,2,3,5,6
tF(GAA)P2		0,2,3,6,9	4,4,4,5,7	8,9,9,16,22	0,0,0,2,3	0,0,0,2,4	7,11,15,17,19	0,0,0,0,0
tF(GAA)Q		0,0,0,0,0	0,0,0,0,0	0,0,0,0,0	0,0,0,0,0	0,0,0,0,0	0,0,0,0,0	0,0,0,0,0
tG(CCC)D	SUF3	0,0,0,0,0	0,0,0,0,0	0,0,0,0,0	0,0,0,0,0	0,0,0,0,0	0,0,0,0,0	0,0,0,0,0
tG(CCC)O	SUF5	0,0,0,2,3	0,0,0,0,0	3,3,3,6,8	0,0,0,0,0	0,0,0,0,0	0,2,4,5,7	0,0,0,0,0
tG(GCC)B		0,0,0,0,0	0,0,0,0,0	0,2,3,4,4	0,0,0,0,0	0,0,0,0,0	0,4,7,7,8	0,0,0,2,4
tG(GCC)C	SUF16	0,0,0,0,0	0,0,0,0,0	0,0,0,0,0	0,0,0,0,0	0,0,0,0,0	0,0,0,0,0	0,0,0,0,0
tG(GCC)D1		0,0,0,2,4	0,0,0,2,4	0,0,0,0,0	0,0,0,0,0	0,0,0,2,4	0,0,0,2,4	0,0,0,0,0
tG(GCC)D2		12,13,15,28,41	12,18,24,28,32	213,218,223,230,236	19,20,22,25,29	24,24,24,31,37	142,185,227,240,253	17,21,25,26,27
tG(GCC)E		3,5,8,8,9	7,7,7,10,12	6,9,12,14,16	0,0,0,6,11	7,10,12,13,15	7,9,12,18,25	4,5,6,7,7
tG(GCC)F1	SUF20	0,0,0,0,0	0,0,0,0,0	0,0,0,2,4	0,0,0,0,0	0,0,0,0,0	0,0,0,0,0	0,0,0,0,0
tG(GCC)F2		0,0,0,0,0	0,0,0,0,0	0,0,0,0,0	0,0,0,0,0	0,0,0,0,0	0,0,0,0,0	0,0,0,0,0
tG(GCC)G1		0,0,0,2,4	0,0,0,2,4	0,3,6,8,10	0,0,0,0,0	0,0,0,0,0	0,0,0,0,0	0,0,0,2,4
tG(GCC)G2		0,0,0,0,0	0,0,0,2,4	0,0,0,0,0	0,0,0,0,0	0,0,0,0,0	0,0,0,0,0	0,0,0,0,0
tG(GCC)J1		0,0,0,0,0	0,0,0,0,0	0,0,0,2,4	0,0,0,0,0	0,0,0,0,0	0,0,0,0,0	0,0,0,0,0
tG(GCC)J2	SUF23	0,2,3,4,4	0,0,0,0,0	6,6,7,7,8	0,0,0,0,0	0,2,4,4,4	4,4,4,6,7	0,2,3,5,6
tG(GCC)M		0,0,0,0,0	0,0,0,0,0	0,0,0,0,0	0,0,0,0,0	0,0,0,2,4	0,0,0,0,0	0,0,0,0,0
tG(GCC)O1		0,2,3,3,3	0,2,4,4,4	3,4,4,5,6	0,2,4,5,6	0,0,0,0,0	0,0,0,0,0	0,0,0,2,3
tG(GCC)O2	SUF17	0,0,0,0,0	0,0,0,0,0	0,2,3,3,3	0,0,0,2,4	0,0,0,0,0	4,4,4,6,7	0,0,0,0,0
tG(GCC)P1		3,7,11,15,19	4,6,8,11,15	3,5,7,7,8	0,2,4,7,10	0,2,4,7,10	4,5,7,7,7	0,3,7,8,9
tG(GCC)P2		3,5,6,7,8	7,9,11,15,20	0,0,0,3,6	0,2,4,7,10	0,0,0,2,4	4,6,8,10,13	3,4,4,5,7
tG(UCC)G	SUF4	0,0,0,0,0	0,0,0,2,4	3,3,3,6,8	0,0,0,0,0	0,0,0,0,0	0,2,4,4,4	0,0,0,2,4
tG(UCC)N	SUF6	0,0,0,0,0	0,0,0,0,0	0,0,0,0,0	0,0,0,0,0	0,0,0,0,0	0,0,0,0,0	0,0,0,0,0
tG(UCC)O	SUF1	0,0,0,2,4	0,0,0,2,4	0,0,0,0,0	0,0,0,2,4	0,0,0,0,0	0,0,0,0,0	0,0,0,0,0
tG(UCC)Q		0,0,0,0,0	0,0,0,0,0	0,0,0,0,0	0,0,0,0,0	0,0,0,0,0	0,0,0,0,0	0,0,0,0,0
tH(GUG)E1		0,2,3,5,6	0,2,4,5,7	9,13,16,16,16	3,4,4,5,7	0,4,7,9,11	4,10,16,20,23	4,5,6,8,10
tH(GUG)E2		7,8,9,12,16	0,3,7,13,20	16,17,19,23,28	0,0,0,7,14	4,5,7,7,8	4,5,7,12,16	3,5,7,14,21
tH(GUG)G1		6,7,7,8,9	4,5,7,10,13	35,41,46,47,48	3,4,4,7,11	8,8,8,9,10	35,37,39,45,51	3,7,11,14,17
tH(GUG)G2		0,2,3,5,7	0,0,0,2,4	0,0,0,2,3	0,0,0,2,4	0,0,0,0,0	0,0,0,3,7	0,0,0,0,0
tH(GUG)H		0,0,0,2,4	0,0,0,0,0	0,0,0,0,0	0,0,0,0,0	0,0,0,0,0	0,0,0,0,0	0,0,0,0,0
tH(GUG)K		0,0,0,2,4	0,2,4,4,4	16,19,22,30,38	0,0,0,2,4	0,2,3,4,4	28,32,35,38,42	0,2,3,3,3
tH(GUG)M		0,0,0,0,0	0,0,0,0,0	0,0,0,0,0	0,2,3,4,4	0,0,0,2,3	0,0,0,0,0	0,0,0,2,4
tH(GUG)Q		0,0,0,0,0	0,0,0,0,0	0,0,0,0,0	0,0,0,0,0	0,0,0,0,0	0,0,0,0,0	0,0,0,0,0
tI(AAU)B		0,0,0,0,0	0,0,0,0,0	0,0,0,0,0	0,0,0,0,0	0,0,0,0,0	0,0,0,0,0	0,0,0,2,3
tI(AAU)D		0,0,0,1,3	0,0,0,2,4	3,5,8,8,9	0,0,0,2,3	0,0,0,2,3	3,3,3,10,16	0,1,3,3,3
tI(AAU)E1		0,0,0,1,3	0,0,0,2,3	9,10,11,13,15	0,0,0,0,0	0,0,0,2,3	10,11,13,17,22	0,1,3,3,3
tI(AAU)E2		0,0,0,0,0	0,0,0,2,4	0,0,0,0,0	0,0,0,0,0	0,0,0,0,0	0,0,0,0,0	0,0,0,0,0
tI(AAU)G		0,0,0,3,6	0,0,0,0,0	4,5,6,9,12	0,0,0,3,7	0,2,4,5,7	0,0,0,0,0	0,1,3,3,3
tI(AAU)I1		0,1,3,7,11	0,0,0,5,10	12,17,22,22,23	0,2,3,5,6	4,5,7,9,10	0,0,0,5,10	0,0,0,4,9
tI(AAU)I2		7,10,12,13,15	13,17,21,22,23	109,112,116,130,144	12,15,18,19,21	4,7,10,10,11	37,58,79,93,106	10,10,10,12,14
tI(AAU)L1		3,11,18,21,24	13,13,14,15,15	4,6,9,11,12	25,25,25,26,27	7,13,18,24,30	7,8,10,10,10	13,17,20,22,23
tI(AAU)L2		0,0,0,2,3	0,0,0,0,0	0,0,0,0,0	0,0,0,0,0	0,0,0,0,0	0,0,0,0,0	0,0,0,0,0
tI(AAU)N1		3,3,3,5,7	0,0,0,2,4	8,14,21,26,31	0,2,3,6,9	3,3,4,5,7	7,13,19,25,31	0,1,3,5,6
tI(AAU)N2		0,0,0,0,0	0,0,0,0,0	0,0,0,0,0	0,0,0,0,0	0,0,0,0,0	0,0,0,0,0	0,0,0,0,0
tI(AAU)P1		0,0,0,2,3	0,0,0,2,3	0,0,0,3,6	0,0,0,2,3	0,0,0,0,0	0,2,3,5,6	0,0,0,0,0
tI(AAU)P2		0,0,0,0,0	0,2,3,3,4	0,0,0,0,0	0,0,0,2,3	0,0,0,0,0	0,0,0,0,0	0,0,0,0,0
tI(GAU)Q		0,0,0,0,0	0,0,0,0,0	0,0,0,0,0	0,0,0,0,0	0,0,0,0,0	0,0,0,0,0	0,0,0,0,0
tI(UAU)D		3,3,3,5,7	0,0,0,2,3	3,3,4,5,6	0,0,0,0,0	0,2,3,4,4	0,0,0,8,15	0,0,0,3,6
tI(UAU)L		0,0,0,2,3	0,0,0,0,0	0,9,19,19,19	0,2,3,3,4	3,3,4,4,4	13,15,17,18,19	0,0,0,2,3
tK(CUU)C		0,0,0,0,0	0,0,0,0,0	0,0,0,0,0	0,0,0,0,0	0,0,0,0,0	0,0,0,0,0	0,0,0,0,0
tK(CUU)D1		0,2,3,6,9	0,2,3,3,4	22,23,24,26,27	0,2,4,4,4	0,0,0,2,4	7,17,28,28,29	0,0,0,3,6
tK(CUU)D2		0,0,0,0,0	0,0,0,0,0	0,0,0,0,0	0,0,0,0,0	0,0,0,0,0	0,0,0,0,0	0,0,0,0,0
tK(CUU)E1		0,0,0,0,0	0,0,0,0,0	0,0,0,2,3	0,2,4,4,4	0,0,0,0,0	0,0,0,2,3	0,0,0,3,7
tK(CUU)E2		0,0,0,2,3	0,0,0,0,0	0,0,0,0,0	0,0,0,2,4	0,0,0,2,3	0,0,0,2,3	0,0,0,2,3
tK(CUU)F		0,0,0,2,3	0,0,0,0,0	0,3,6,8,9	0,0,0,2,4	0,0,0,0,0	0,2,3,4,4	0,0,0,0,0
tK(CUU)G1		0,0,0,2,3	0,2,3,3,4	0,0,0,2,3	0,0,0,0,0	0,0,0,0,0	0,0,0,3,7	0,0,0,2,3
tK(CUU)G2		0,0,0,0,0	0,0,0,0,0	0,0,0,3,6	0,0,0,2,4	0,0,0,0,0	0,0,0,4,7	0,2,3,3,4
tK(CUU)G3		0,0,0,0,0	0,0,0,2,4	0,0,0,0,0	0,0,0,0,0	0,0,0,0,0	0,0,0,0,0	0,0,0,0,0
tK(CUU)I		0,0,0,2,3	0,0,0,0,0	0,0,0,0,0	0,0,0,0,0	0,0,0,0,0	0,0,0,0,0	0,0,0,0,0
tK(CUU)J		0,0,0,0,0	0,0,0,0,0	0,0,0,0,0	0,0,0,0,0	0,0,0,0,0	0,0,0,0,0	0,0,0,0,0
tK(CUU)K		0,2,3,6,9	0,0,0,4,8	0,0,0,2,3	0,2,3,5,7	7,7,7,7,7	0,2,4,9,14	6,8,10,12,14
tK(CUU)M		0,0,0,4,7	3,3,4,6,8	0,0,0,2,3	0,2,3,3,4	0,0,0,0,0	3,5,7,9,11	0,2,3,3,3
tK(CUU)P		0,0,0,2,3	0,2,4,7,10	0,0,0,2,3	0,2,4,5,6	0,0,0,0,0	3,5,7,9,10	0,0,0,2,3
tK(UUU)D		3,5,6,8,9	3,5,7,7,8	0,5,9,9,9	7,8,9,12,14	3,3,4,6,7	3,5,7,7,7	3,5,6,8,10
tK(UUU)G1		0,0,0,0,0	0,0,0,0,0	0,0,0,0,0	0,0,0,2,4	0,0,0,0,0	0,0,0,4,7	0,0,0,2,4
tK(UUU)G2		0,0,0,0,0	0,0,0,0,0	0,2,3,3,3	0,0,0,0,0	0,0,0,0,0	0,0,0,2,3	0,0,0,2,3
tK(UUU)K		0,0,0,0,0	0,0,0,2,3	0,2,4,5,6	0,0,0,0,0	0,0,0,2,4	0,2,4,5,7	0,0,0,2,3
tK(UUU)L		0,3,6,7,7	0,2,4,12,20	3,3,4,5,6	0,2,4,6,9	0,0,0,3,7	4,5,7,7,7	0,2,3,3,4
tK(UUU)O		6,7,7,10,12	3,5,8,9,11	41,44,47,48,48	7,8,9,10,11	0,0,0,8,16	52,53,54,57,60	9,9,10,12,14
tK(UUU)P		0,3,6,7,7	0,4,7,7,8	0,2,3,3,4	3,3,4,5,7	0,2,3,4,4	0,0,0,2,3	0,2,3,5,7
tK(UUU)Q		0,0,0,0,0	0,0,0,0,0	0,0,0,0,0	0,0,0,0,0	0,0,0,0,0	0,0,0,0,0	0,0,0,0,0
tL(CAA)A	SUP56	0,1,3,3,3	0,0,0,0,0	0,1,3,3,3	0,0,0,0,0	0,0,0,0,0	0,0,0,0,0	0,0,0,2,3
tL(CAA)C	SUP53	5,9,13,16,19	0,2,3,5,6	28,28,28,32,35	0,2,3,5,6	0,1,3,5,7	17,23,28,34,40	6,12,18,19,21
tL(CAA)D		0,0,0,0,0	0,0,0,0,0	0,0,0,0,0	0,0,0,0,0	0,0,0,1,3	0,0,0,0,0	0,0,0,0,0
tL(CAA)G1		0,1,3,3,3	0,1,3,3,3	0,0,0,4,8	0,1,3,3,3	0,0,0,0,0	6,7,9,9,10	0,1,3,4,6
tL(CAA)G2	SUP54	0,1,3,5,6	3,3,3,5,6	7,9,11,15,19	0,0,0,3,5	0,0,0,1,3	12,13,14,16,18	3,4,5,7,9
tL(CAA)G3		9,14,19,29,39	7,11,16,18,21	34,40,45,45,46	0,6,13,16,19	0,1,3,6,10	51,51,51,57,62	9,17,24,26,29
tL(CAA)K		0,0,0,3,5	0,0,0,0,0	0,0,0,0,0	0,0,0,0,0	0,0,0,0,0	0,0,0,0,0	0,0,0,2,3
tL(CAA)L		6,7,8,9,11	3,6,9,9,9	0,3,5,7,8	3,3,3,3,3	0,0,0,2,3	3,3,3,7,10	0,3,6,7,8
tL(CAA)M		0,0,0,0,0	0,0,0,2,3	0,0,0,3,7	0,0,0,0,0	0,0,0,0,0	0,0,0,0,0	0,0,0,1,3
tL(CAA)N		0,0,0,2,3	0,0,0,0,0	0,0,0,1,3	3,3,3,3,3	0,0,0,0,0	0,0,0,2,3	0,0,0,0,0
tL(GAG)G		0,0,0,0,0	0,2,3,3,3	0,0,0,3,7	0,1,3,5,7	0,3,7,7,7	0,2,3,4,6	0,2,3,4,6
tL(UAA)B1		0,0,0,2,3	0,0,0,3,6	0,0,0,1,3	0,1,3,6,9	0,1,3,5,7	0,0,0,3,6	0,0,0,1,3
tL(UAA)B2		0,0,0,1,2	0,0,0,2,3	2,3,3,4,5	0,0,0,0,0	0,0,0,2,3	0,0,0,2,3	0,0,0,0,0
tL(UAA)D		0,0,0,0,0	0,0,0,0,0	0,0,0,0,0	0,0,0,0,0	0,0,0,0,0	0,0,0,0,0	0,0,0,0,0
tL(UAA)J	SUP51	0,2,3,4,5	3,3,3,3,3	2,3,3,3,3	0,1,3,4,6	0,0,0,2,3	0,0,0,3,6	3,3,3,4,6
tL(UAA)K		0,1,3,4,5	0,0,0,2,3	10,10,11,18,25	0,1,3,3,3	0,1,3,3,3	13,14,14,21,27	0,1,3,3,3
tL(UAA)L		0,0,0,1,2	0,0,0,2,3	3,4,5,5,5	0,0,0,0,0	0,0,0,2,3	3,3,3,7,11	3,3,3,3,3
tL(UAA)N		0,0,0,0,0	0,0,0,0,0	0,0,0,0,0	0,0,0,0,0	0,0,0,0,0	0,0,0,0,0	0,0,0,0,0
tL(UAA)Q		0,0,0,0,0	0,0,0,0,0	0,0,0,0,0	0,0,0,0,0	0,0,0,0,0	0,0,0,0,0	0,0,0,0,0
tL(UAG)J		0,0,0,0,0	0,0,0,0,0	0,3,7,7,8	0,0,0,0,0	0,0,0,2,3	0,3,6,9,12	0,0,0,2,3
tL(UAG)L1		19,20,22,22,22	6,8,10,17,24	72,74,76,89,102	19,19,19,19,19	9,12,14,17,19	56,70,85,90,96	10,13,15,18,21
tL(UAG)L2		0,0,0,0,0	0,0,0,1,3	0,0,0,0,0	0,0,0,0,0	0,0,0,0,0	0,0,0,0,0	0,0,0,0,0
tM(CAU)C		0,0,0,0,0	0,0,0,0,0	0,0,0,0,0	0,0,0,0,0	0,0,0,0,0	0,0,0,0,0	0,0,0,0,0
tM(CAU)D	EMT1	0,0,0,2,3	0,0,0,0,0	6,7,8,9,9	0,0,0,0,0	0,0,0,0,0	0,2,3,4,4	0,0,0,0,0
tM(CAU)E	IMT4	0,0,0,0,0	0,0,0,2,4	0,2,3,4,4	0,2,4,4,4	0,0,0,2,4	4,4,4,5,7	0,0,0,0,0
tM(CAU)J1	EMT5	0,0,0,3,6	0,0,0,2,4	0,0,0,2,3	0,0,0,0,0	0,2,3,4,4	0,0,0,0,0	0,0,0,3,7
tM(CAU)J2	EMT3	0,0,0,0,0	0,0,0,0,0	0,0,0,0,0	0,0,0,0,0	0,0,0,0,0	0,0,0,0,0	0,0,0,0,0
tM(CAU)J3	IMT3	0,0,0,0,0	0,0,0,2,4	0,0,0,0,0	0,0,0,2,4	0,2,3,4,4	0,0,0,0,0	0,2,3,3,3
tM(CAU)M	EMT4	0,0,0,2,3	0,0,0,0,0	0,0,0,0,0	0,0,0,0,0	0,2,3,3,4	0,0,0,2,3	0,0,0,2,3
tM(CAU)O1	IMT1	0,0,0,2,3	0,0,0,0,0	0,2,3,3,3	0,0,0,2,4	0,0,0,2,4	0,0,0,2,4	0,0,0,0,0
tM(CAU)O2	EMT2	0,0,0,2,3	0,2,4,4,4	3,3,4,8,12	0,2,3,5,7	0,0,0,0,0	0,2,3,4,4	0,2,3,3,3
tM(CAU)P	IMT2	21,22,22,32,43	12,13,14,17,20	4,8,13,17,22	7,7,7,10,13	14,15,16,21,26	10,16,21,22,23	17,21,25,26,27
tM(CAU)Q1		0,0,0,0,0	0,0,0,0,0	0,0,0,0,0	0,0,0,0,0	0,0,0,0,0	0,0,0,0,0	0,0,0,0,0
tM(CAU)Q2		0,0,0,0,0	0,0,0,0,0	0,0,0,0,0	0,0,0,0,0	0,0,0,0,0	0,0,0,0,0	0,0,0,0,0
tN(GUU)C		0,1,3,3,3	0,0,0,0,0	0,1,3,5,6	0,0,0,0,0	0,0,0,0,0	3,3,3,3,3	0,0,0,0,0
tN(GUU)F		0,1,3,4,6	0,2,4,5,7	4,5,6,6,6	0,0,0,2,3	3,3,4,4,4	0,2,3,10,17	0,1,3,3,3
tN(GUU)G		0,0,0,2,3	0,0,0,0,0	0,0,0,4,8	0,0,0,3,6	0,0,0,0,0	0,0,0,2,3	0,3,6,7,7
tN(GUU)K		0,2,3,6,9	0,3,7,7,7	3,5,6,7,8	0,0,0,2,3	4,5,7,7,7	3,5,6,7,7	6,7,7,8,9
tN(GUU)L		0,0,0,0,0	0,0,0,0,0	0,0,0,0,0	0,0,0,0,0	0,0,0,0,0	0,0,0,0,0	0,0,0,0,0
tN(GUU)N1		28,32,37,38,39	23,24,25,29,33	21,31,40,47,54	32,37,42,49,55	32,33,33,40,46	44,45,45,46,47	17,22,26,31,35
tN(GUU)N2		0,2,3,5,6	0,2,4,5,7	33,34,34,34,34	0,4,7,9,11	0,0,0,0,0	47,60,72,82,91	0,0,0,4,9
tN(GUU)O1		0,0,0,1,3	0,0,0,2,4	0,0,0,0,0	0,0,0,2,3	0,0,0,2,4	0,0,0,0,0	0,0,0,0,0
tN(GUU)O2		0,0,0,2,3	0,0,0,2,3	0,2,3,5,8	0,0,0,0,0	0,0,0,0,0	0,0,0,2,3	0,0,0,0,0
tN(GUU)P		9,12,15,16,17	14,18,23,25,27	226,233,241,251,261	14,18,21,23,24	18,19,20,25,31	135,160,185,200,214	6,10,14,16,18
tN(GUU)Q		0,0,0,0,0	0,0,0,0,0	0,0,0,0,0	0,0,0,0,0	0,0,0,0,0	0,0,0,0,0	0,0,0,0,0
tP(AGG)C	SUF2	125,126,127,150,173	85,89,94,113,132	166,176,187,240,293	72,84,95,98,100	63,67,71,78,85	163,171,179,209,240	146,157,167,172,176
tP(AGG)N	SUF10	15,17,18,18,19	22,22,23,25,27	28,28,28,36,45	11,15,19,20,22	10,14,18,19,20	16,16,16,19,21	7,18,30,31,32
tP(UGG)A	TRN1	0,0,0,0,0	0,0,0,0,0	0,0,0,2,4	0,0,0,5,9	0,0,0,0,0	0,0,0,4,7	0,0,0,0,0
tP(UGG)F	SUF9	0,0,0,0,0	0,0,0,4,8	0,0,0,2,3	0,0,0,2,4	0,0,0,0,0	0,0,0,4,7	0,0,0,4,7
tP(UGG)H	SUF8	0,0,0,0,0	0,0,0,0,0	0,0,0,0,0	0,0,0,0,0	0,0,0,0,0	0,0,0,0,0	0,0,0,0,0
tP(UGG)L		0,2,3,3,4	0,2,4,4,4	0,2,4,7,9	0,0,0,2,4	0,0,0,0,0	4,5,7,7,7	0,0,0,0,0
tP(UGG)M	SUF7	7,8,9,9,9	7,7,8,9,11	9,13,16,16,16	0,2,4,5,6	0,0,0,4,7	4,5,7,9,10	0,2,4,8,12
tP(UGG)N1		0,0,0,2,3	0,0,0,0,0	0,4,8,9,9	0,0,0,0,0	0,0,0,0,0	0,2,3,9,16	3,3,4,5,6
tP(UGG)N2		0,2,3,3,4	0,0,0,2,4	20,21,22,28,34	3,4,4,4,4	0,4,7,9,11	31,33,35,44,53	0,0,0,0,0
tP(UGG)O1		0,0,0,0,0	0,0,0,0,0	0,0,0,0,0	0,0,0,0,0	0,0,0,0,0	0,0,0,0,0	0,0,0,0,0
tP(UGG)O2	SUF11	0,0,0,0,0	0,0,0,0,0	0,0,0,0,0	0,0,0,0,0	0,0,0,0,0	0,0,0,0,0	0,0,0,0,0
tP(UGG)O3		0,0,0,5,11	0,0,0,4,8	0,2,3,4,4	0,2,4,5,6	0,0,0,2,3	0,0,0,2,4	0,0,0,2,3
tP(UGG)Q		0,0,0,0,0	0,0,0,0,0	0,0,0,0,0	0,0,0,0,0	0,0,0,0,0	0,0,0,0,0	0,0,0,0,0
tQ(CUG)M	CDC65	0,0,0,2,4	0,0,0,2,4	0,0,0,2,3	0,0,0,0,0	0,0,0,2,3	0,2,4,5,7	0,0,0,2,3
tQ(UUG)B		3,3,4,5,6	0,2,4,5,7	13,14,16,16,16	4,4,4,6,9	0,0,0,5,10	16,18,19,22,25	3,3,4,5,6
tQ(UUG)C		0,0,0,2,3	0,0,0,0,0	3,5,6,11,16	0,0,0,0,0	0,0,0,0,0	0,2,4,5,7	0,2,4,7,10
tQ(UUG)D1		0,0,0,0,0	0,0,0,2,4	0,0,0,0,0	0,0,0,0,0	0,0,0,0,0	0,0,0,0,0	0,0,0,3,7
tQ(UUG)D2		0,0,0,0,0	0,0,0,0,0	0,0,0,0,0	0,0,0,0,0	0,0,0,0,0	0,0,0,0,0	0,0,0,0,0
tQ(UUG)D3		0,0,0,3,6	0,0,0,5,11	4,5,6,13,19	0,0,0,4,7	0,0,0,0,0	4,5,7,9,11	0,0,0,3,7
tQ(UUG)E1		0,0,0,0,0	0,0,0,0,0	0,0,0,2,3	0,0,0,0,0	0,0,0,0,0	0,0,0,0,0	0,0,0,2,3
tQ(UUG)E2		6,6,6,8,11	4,5,7,7,8	16,17,19,35,51	0,2,4,6,9	0,4,8,9,10	19,23,27,31,35	7,10,13,17,21
tQ(UUG)H		0,2,3,3,4	0,2,4,4,4	0,0,0,2,4	0,0,0,4,7	3,6,8,10,12	7,9,10,12,14	3,5,6,7,7
tQ(UUG)L		3,5,7,8,9	4,6,8,9,11	6,9,12,16,20	4,5,6,7,7	7,11,15,15,16	4,16,29,30,32	3,7,11,13,15
tQ(UUG)Q		0,0,0,0,0	0,0,0,0,0	0,0,0,0,0	0,0,0,0,0	0,0,0,0,0	0,0,0,0,0	0,0,0,0,0
tR(ACG)D		0,0,0,0,0	0,0,0,0,0	0,0,0,4,8	0,0,0,0,0	0,0,0,0,0	0,0,0,0,0	0,0,0,0,0
tR(ACG)E		3,3,3,7,11	0,0,0,2,4	0,2,3,3,4	0,0,0,2,4	0,0,0,0,0	0,2,3,3,3	0,0,0,0,0
tR(ACG)J		0,0,0,0,0	0,0,0,2,4	0,0,0,0,0	0,0,0,0,0	0,0,0,2,3	0,0,0,2,4	3,3,3,3,4
tR(ACG)K		0,0,0,2,3	0,0,0,2,3	0,0,0,0,0	0,0,0,0,0	0,0,0,0,0	0,2,3,5,7	0,0,0,0,0
tR(ACG)L		9,9,9,15,21	0,0,0,6,12	63,65,67,70,74	0,0,0,7,14	4,5,7,7,7	31,35,38,52,65	0,3,6,9,13
tR(ACG)O		0,0,0,0,0	0,0,0,0,0	4,5,6,6,6	0,0,0,0,0	3,3,4,4,4	0,2,3,5,7	0,0,0,0,0
tR(ACG)Q2		0,0,0,0,0	0,0,0,0,0	0,0,0,0,0	0,0,0,0,0	0,0,0,0,0	0,0,0,0,0	0,0,0,0,0
tR(CCG)L	TRR4	0,0,0,0,0	0,0,0,2,4	0,0,0,0,0	0,0,0,0,0	0,0,0,0,0	0,0,0,0,0	0,0,0,0,0
tR(CCU)J	HSX1	0,0,0,0,0	0,0,0,0,0	0,0,0,0,0	0,0,0,0,0	0,0,0,0,0	0,0,0,0,0	0,0,0,0,0
tR(UCU)B		4,6,9,11,12	10,11,12,13,14	6,10,13,22,31	13,14,14,18,22	4,5,7,13,18	4,7,10,12,14	0,2,4,5,6
tR(UCU)D		0,0,0,0,0	0,0,0,0,0	0,0,0,0,0	0,0,0,0,0	0,0,0,0,0	0,0,0,0,0	0,0,0,0,0
tR(UCU)E		0,2,3,5,7	0,0,0,2,4	0,0,0,0,0	0,0,0,0,0	0,0,0,0,0	0,0,0,2,4	0,0,0,0,0
tR(UCU)G1		6,8,9,10,11	4,4,4,5,7	29,33,37,38,39	4,4,4,5,6	0,0,0,2,3	16,24,32,44,56	0,2,3,7,11
tR(UCU)G2		0,0,0,0,0	0,0,0,0,0	0,0,0,0,0	0,0,0,0,0	0,0,0,0,0	0,0,0,0,0	0,0,0,0,0
tR(UCU)G3		11,12,12,14,15	7,9,11,13,16	135,179,223,235,247	4,8,13,14,14	0,4,8,11,14	64,72,81,97,113	12,13,14,15,17
tR(UCU)J1		0,0,0,0,0	0,0,0,0,0	0,0,0,0,0	0,0,0,0,0	0,0,0,0,0	0,0,0,0,0	0,0,0,0,0
tR(UCU)J2		0,0,0,2,3	0,0,0,0,0	0,0,0,2,3	0,2,3,4,4	0,0,0,0,0	0,2,3,4,4	0,0,0,2,4
tR(UCU)K		0,0,0,2,3	4,6,8,9,10	0,2,3,8,12	3,4,4,7,11	0,0,0,0,0	0,2,3,5,7	0,2,4,5,7
tR(UCU)M1		0,0,0,5,9	0,2,4,6,8	6,6,6,7,8	0,0,0,3,6	0,4,7,7,8	4,5,7,7,7	3,3,4,6,9
tR(UCU)M2		0,0,0,2,4	0,0,0,0,0	3,5,6,13,20	0,0,0,2,3	0,2,3,4,4	0,2,3,9,14	4,6,9,9,10
tR(UCU)Q1		0,0,0,0,0	0,0,0,0,0	0,0,0,0,0	0,0,0,0,0	0,0,0,0,0	0,0,0,0,0	0,0,0,0,0
tS(AGA)A		0,0,0,2,3	0,0,0,3,6	0,1,3,3,3	0,0,0,2,3	0,0,0,2,3	0,0,0,3,6	0,0,0,0,0
tS(AGA)B		13,19,24,25,25	3,8,12,14,16	14,15,17,17,17	6,6,7,7,8	9,12,14,18,23	6,9,12,14,17	9,10,10,16,22
tS(AGA)D1		0,0,0,0,0	0,0,0,0,0	0,0,0,0,0	0,0,0,0,0	0,0,0,0,0	0,0,0,0,0	0,0,0,0,0
tS(AGA)D2		0,0,0,1,3	0,0,0,1,3	17,26,35,39,42	0,0,0,0,0	0,2,3,7,10	37,40,43,45,48	3,4,5,5,6
tS(AGA)D3		0,1,3,3,3	0,0,0,0,0	0,1,3,4,5	0,0,0,3,6	0,0,0,0,0	0,0,0,1,3	0,0,0,3,6
tS(AGA)E		0,0,0,1,3	0,0,0,0,0	0,0,0,1,3	0,0,0,1,3	0,0,0,0,0	0,0,0,3,6	0,0,0,0,0
tS(AGA)G		0,0,0,1,3	0,2,3,3,3	0,1,3,5,7	0,0,0,3,6	0,1,3,3,3	0,0,0,1,3	0,2,3,4,6
tS(AGA)H		0,0,0,0,0	0,0,0,0,0	0,0,0,0,0	0,0,0,0,0	0,0,0,0,0	0,0,0,0,0	0,0,0,0,0
tS(AGA)J		3,3,3,3,3	0,0,0,2,3	3,3,3,4,5	0,0,0,2,3	0,1,3,5,7	3,3,3,3,3	0,3,6,7,8
tS(AGA)L		0,0,0,0,0	0,0,0,1,3	0,0,0,0,0	0,0,0,0,0	0,0,0,0,0	0,0,0,2,3	0,0,0,0,0
tS(AGA)M		3,5,8,9,9	0,3,6,8,10	11,15,20,22,24	0,2,3,6,8	0,0,0,0,0	17,18,20,26,31	3,3,3,8,13
tS(CGA)C	SUP61	0,2,3,4,5	0,0,0,2,3	3,5,8,11,14	0,1,3,3,3	0,0,0,2,3	6,8,9,10,12	0,1,3,4,5
tS(GCU)F		0,0,0,0,0	0,0,0,0,0	0,4,8,10,11	0,2,3,4,5	0,0,0,2,3	0,2,3,5,6	0,0,0,2,3
tS(GCU)O		0,2,3,4,5	0,0,0,0,0	3,4,6,6,7	0,1,3,3,3	0,0,0,2,3	3,6,9,12,14	0,0,0,3,6
tS(GCU)Q1		0,0,0,0,0	0,0,0,0,0	0,0,0,0,0	0,0,0,0,0	0,0,0,0,0	0,0,0,0,0	0,0,0,0,0
tS(UGA)E	SUP19	8,12,16,17,19	3,15,27,29,30	90,102,114,128,143	10,10,11,18,26	10,11,12,19,26	111,112,112,114,117	18,19,21,23,26
tS(UGA)I	SUP17	22,23,25,30,35	12,14,16,18,21	19,22,24,27,31	13,17,22,24,25	6,12,17,18,19	9,23,37,42,47	15,18,21,30,39
tS(UGA)P	SUP16	0,0,0,0,0	0,0,0,0,0	0,0,0,0,0	0,0,0,0,0	0,0,0,2,3	0,0,0,0,0	0,0,0,0,0
tS(UGA)Q2		0,0,0,0,0	0,0,0,0,0	0,0,0,0,0	0,0,0,0,0	0,0,0,0,0	0,0,0,0,0	0,0,0,0,0
tT(AGU)B		0,0,0,0,0	0,2,3,3,4	0,2,4,5,6	0,0,0,0,0	0,0,0,0,0	0,0,0,0,0	0,0,0,3,6
tT(AGU)C		0,0,0,0,0	0,0,0,0,0	0,0,0,2,3	0,0,0,0,0	0,0,0,0,0	0,0,0,2,3	0,2,3,3,3
tT(AGU)D		0,3,6,9,12	0,2,4,4,4	15,17,19,19,19	0,0,0,4,7	0,2,3,5,7	10,10,10,13,15	0,2,3,3,3
tT(AGU)H		0,0,0,2,3	0,0,0,2,4	0,2,3,5,8	0,5,11,13,16	0,2,4,4,4	0,0,0,3,7	0,0,0,2,3
tT(AGU)I1		0,2,3,5,6	0,3,7,9,12	6,9,12,12,12	0,0,0,2,4	0,0,0,3,7	3,7,11,12,14	0,3,6,6,6
tT(AGU)I2		0,0,0,0,0	0,0,0,0,0	0,0,0,0,0	0,0,0,0,0	0,0,0,0,0	0,0,0,0,0	0,0,0,2,4
tT(AGU)J		0,2,3,3,3	0,0,0,0,0	0,0,0,2,3	0,0,0,0,0	0,0,0,0,0	0,0,0,2,3	0,2,3,3,4
tT(AGU)N1		0,2,3,5,6	0,2,4,6,8	12,15,19,22,24	0,0,0,2,4	0,0,0,2,4	11,14,16,17,17	0,2,4,5,6
tT(AGU)N2		0,2,3,5,6	0,4,8,9,10	0,2,3,5,6	0,0,0,2,4	0,0,0,2,4	0,0,0,5,10	0,2,4,5,6
tT(AGU)O1		0,0,0,0,0	0,0,0,0,0	0,0,0,0,0	0,0,0,0,0	0,0,0,0,0	0,0,0,0,0	0,0,0,0,0
tT(AGU)O2		0,0,0,0,0	0,0,0,2,4	0,0,0,2,4	0,0,0,0,0	0,0,0,2,4	0,0,0,2,3	0,0,0,3,6
tT(CGU)K	TRT2	0,0,0,0,0	0,0,0,0,0	0,0,0,2,3	0,0,0,2,4	0,0,0,0,0	0,0,0,2,4	0,0,0,2,3
tT(UAG)Q2		0,0,0,0,0	0,0,0,0,0	0,0,0,0,0	0,0,0,0,0	0,0,0,0,0	0,0,0,0,0	0,0,0,0,0
tT(UGU)G1		0,0,0,2,4	0,0,0,0,0	0,0,0,0,0	0,0,0,0,0	0,0,0,0,0	0,0,0,0,0	0,0,0,0,0
tT(UGU)G2		0,2,3,6,9	4,4,4,4,4	9,14,19,19,20	0,0,0,3,6	0,2,4,4,4	11,17,22,32,42	3,3,4,5,7
tT(UGU)H		0,0,0,0,0	0,0,0,0,0	0,0,0,0,0	0,0,0,0,0	0,0,0,0,0	0,0,0,0,0	0,0,0,0,0
tT(UGU)P		0,0,0,0,0	0,0,0,0,0	0,0,0,0,0	0,0,0,0,0	0,0,0,0,0	0,0,0,0,0	0,0,0,0,0
tT(UGU)Q1		0,0,0,0,0	0,0,0,0,0	0,0,0,0,0	0,0,0,0,0	0,0,0,0,0	0,0,0,0,0	0,0,0,0,0
tV(AAC)E1		0,0,0,2,3	0,0,0,0,0	0,0,0,0,0	0,0,0,0,0	0,0,0,0,0	0,0,0,2,3	0,0,0,0,0
tV(AAC)E2		3,3,3,5,6	4,5,7,8,10	11,13,15,18,21	3,5,6,8,11	0,2,3,5,7	21,22,22,24,25	7,8,9,9,10
tV(AAC)G1		3,8,12,13,15	10,11,11,13,14	18,18,19,28,38	3,5,6,6,7	4,5,7,11,16	19,28,37,39,41	3,7,10,12,14
tV(AAC)G2		30,36,42,54,67	30,34,38,40,43	62,62,63,64,65	14,21,28,31,34	22,24,27,33,40	47,52,57,63,69	35,40,45,66,86
tV(AAC)G3		0,4,7,8,9	7,7,7,11,15	27,29,31,37,44	0,2,3,3,3	4,8,12,12,13	17,23,30,37,44	3,3,3,7,10
tV(AAC)H		0,0,0,0,0	0,0,0,0,0	0,0,0,2,3	0,0,0,0,0	0,0,0,2,4	0,0,0,0,0	0,0,0,2,3
tV(AAC)J		0,4,9,10,11	7,7,7,12,16	4,5,6,6,6	3,5,6,7,7	0,6,12,12,13	3,3,3,5,6	7,8,10,12,14
tV(AAC)K1		0,2,3,7,12	0,2,3,7,10	0,5,9,11,12	0,2,3,3,3	0,2,4,5,7	10,10,11,12,14	0,3,6,9,12
tV(AAC)K2		0,2,3,3,3	0,0,0,0,0	0,0,0,1,3	0,0,0,3,7	0,2,3,3,4	0,0,0,2,3	0,1,3,5,6
tV(AAC)L		0,1,3,3,3	0,0,0,0,0	0,0,0,0,0	0,0,0,0,0	0,0,0,2,4	0,0,0,0,0	0,0,0,0,0
tV(AAC)M1		0,1,3,3,3	0,0,0,0,0	3,3,4,5,6	3,3,3,5,6	0,0,0,3,7	0,0,0,2,3	0,2,3,3,3
tV(AAC)M2		3,5,6,11,15	0,2,4,12,20	0,0,0,1,3	0,2,3,5,7	0,2,3,9,16	0,2,3,5,7	0,0,0,3,6
tV(AAC)M3		0,0,0,1,3	0,0,0,0,0	0,0,0,0,0	0,0,0,2,3	0,0,0,0,0	0,0,0,2,3	0,0,0,1,3
tV(AAC)O		7,11,15,15,15	0,2,3,9,14	6,8,9,12,15	7,8,9,11,14	3,3,4,5,7	0,2,3,5,6	14,14,14,17,20
tV(CAC)D		3,3,3,3,3	0,0,0,3,7	0,2,3,5,8	0,0,0,2,4	0,0,0,0,0	0,3,7,7,7	0,2,3,3,3
tV(CAC)H		0,0,0,0,0	0,0,0,0,0	0,0,0,2,3	0,0,0,0,0	0,0,0,2,3	0,2,4,5,7	0,2,3,3,4
tV(UAC)B		0,0,0,1,3	0,0,0,0,0	8,8,9,11,12	0,0,0,5,11	0,0,0,0,0	0,2,3,10,17	0,0,0,2,3
tV(UAC)D		3,5,6,7,9	0,3,7,10,13	3,9,15,19,23	3,5,7,11,15	0,2,4,7,10	10,14,19,19,19	0,2,3,4,6
tV(UAC)Q		0,0,0,0,0	0,0,0,0,0	0,0,0,0,0	0,0,0,0,0	0,0,0,0,0	0,0,0,0,0	0,0,0,0,0
tW(CCA)G1		0,0,0,2,3	0,0,0,2,4	0,0,0,0,0	0,0,0,2,4	0,2,4,4,4	0,0,0,2,3	0,2,3,6,9
tW(CCA)G2		0,0,0,0,0	0,0,0,0,0	0,0,0,2,3	0,0,0,2,3	0,0,0,2,3	0,0,0,3,7	0,0,0,0,0
tW(CCA)J		0,0,0,0,0	0,0,0,0,0	0,0,0,0,0	0,0,0,0,0	0,0,0,2,3	0,0,0,0,0	0,0,0,2,4
tW(CCA)K		0,0,0,0,0	0,2,4,4,4	0,3,6,11,16	3,4,4,4,4	0,0,0,0,0	4,5,7,7,7	0,2,3,5,7
tW(CCA)M		3,3,4,5,6	0,2,4,4,4	0,0,0,0,0	0,0,0,0,0	0,0,0,2,3	4,5,7,7,7	0,0,0,2,4
tW(CCA)P		19,29,39,41,44	7,13,20,20,20	71,77,83,86,88	11,20,29,35,41	8,9,10,17,24	39,50,61,69,78	15,21,26,34,43
tW(UCA)Q		0,0,0,0,0	0,0,0,0,0	0,0,0,0,0	0,0,0,0,0	0,0,0,0,0	0,0,0,0,0	0,0,0,0,0
tX(XXX)D		0,0,0,1,3	0,0,0,1,3	0,1,3,4,5	0,0,0,0,0	0,0,0,1,2	0,0,0,3,5	0,0,0,1,2
tX(XXX)L		13,13,14,18,22	10,11,12,18,24	64,69,74,90,107	6,7,7,7,8	6,8,10,16,21	80,83,86,113,139	10,14,19,23,27
tY(GUA)D	SUP2	0,1,3,5,7	3,5,7,7,7	12,12,12,15,19	0,0,0,2,3	0,0,0,2,3	6,12,17,18,19	0,3,7,9,11
tY(GUA)F1	SUP11	0,0,0,1,3	0,0,0,0,0	0,0,0,0,0	0,0,0,0,0	0,0,0,0,0	0,0,0,0,0	0,0,0,2,3
tY(GUA)F2	SUP6	0,0,0,0,0	0,0,0,4,7	0,1,3,4,6	0,2,3,3,3	0,0,0,0,0	0,0,0,0,0	0,0,0,2,3
tY(GUA)J1	SUP7	0,0,0,1,3	0,0,0,0,0	0,4,9,9,9	0,0,0,0,0	0,0,0,2,3	0,0,0,0,0	3,3,3,5,6
tY(GUA)J2	SUP4	0,0,0,0,0	0,0,0,0,0	0,1,3,3,3	0,0,0,0,0	0,0,0,0,0	0,0,0,2,3	0,0,0,2,3
tY(GUA)M1	SUP5	0,3,6,8,10	0,0,0,0,0	0,0,0,0,0	0,0,0,2,3	0,0,0,0,0	3,5,6,7,7	0,0,0,0,0
tY(GUA)M2	SUP8	0,0,0,0,0	0,0,0,0,0	0,0,0,0,0	0,0,0,0,0	0,0,0,0,0	0,0,0,0,0	0,0,0,0,0
tY(GUA)O	SUP3	0,0,0,0,0	0,0,0,0,0	0,1,3,4,6	0,0,0,2,3	0,0,0,0,0	0,2,3,5,7	0,0,0,0,0
tY(GUA)Q		0,0,0,0,0	0,0,0,0,0	0,0,0,0,0	0,0,0,0,0	0,0,0,0,0	0,0,0,0,0	0,0,0,0,0
YAL001C	TFC3	24,25,26,26,26	21,21,22,23,23	20,20,20,21,22	20,22,23,23,23	24,25,26,26,26	23,23,24,24,25	27,28,29,29,30
YAL002W	VPS8	16,17,18,18,18	18,18,18,20,21	16,16,17,18,19	19,19,20,20,20	18,18,18,19,19	18,18,18,18,19	17,18,18,19,19
YAL003W	EFB1	1145,1217,1290,1294,1298	1179,1199,1219,1221,1223	615,639,663,679,696	1280,1286,1292,1316,1340	1402,1445,1487,1487,1487	535,547,559,563,567	1036,1076,1116,1127,1138
YAL004W		0,0,0,0,0	0,0,0,0,0	0,0,0,0,0	0,0,0,0,0	0,0,0,0,0	0,0,0,0,0	0,0,0,0,0
YAL005C	SSA1	427,435,444,481,518	436,439,443,454,465	161,178,195,197,200	422,424,426,448,470	317,322,327,331,335	144,146,149,160,170	391,402,412,425,437
YAL007C	ERP2	159,163,168,169,169	131,135,139,144,149	96,98,100,102,104	133,144,154,160,166	153,155,157,160,164	83,86,88,99,109	184,190,196,200,203
YAL008W	FUN14	97,98,99,108,118	128,131,135,136,138	113,116,119,120,121	136,138,140,143,146	129,129,130,134,139	123,125,128,129,129	87,89,90,92,94
YAL009W	SPO7	39,41,43,46,49	42,42,43,44,45	50,50,51,53,56	40,42,45,46,47	40,42,43,43,44	51,54,57,58,60	41,42,42,47,52
YAL010C	MDM10	31,33,35,36,37	35,35,35,36,38	38,38,38,38,38	32,33,35,36,37	31,32,32,33,35	37,38,39,40,40	33,33,33,34,35
YAL011W	SWC3	21,21,21,24,26	22,23,23,24,25	22,23,25,26,27	20,21,23,24,26	21,21,21,21,21	23,24,26,26,26	21,22,22,23,24
YAL012W	CYS3	254,256,258,269,280	325,325,325,351,378	213,213,213,213,214	301,310,319,325,330	371,381,391,392,393	219,223,227,231,234	327,348,368,370,373
YAL013W	DEP1	72,72,72,80,87	70,74,78,83,88	78,82,85,89,92	72,72,72,82,93	74,74,75,81,87	89,91,92,94,96	68,68,68,71,74
YAL014C	SYN8	73,74,74,74,74	63,67,71,75,78	97,101,104,109,114	75,79,83,84,84	74,78,82,82,82	110,117,123,123,124	73,77,81,83,85
YAL015C	NTG1	52,53,54,55,56	55,56,56,57,58	86,87,87,90,93	47,49,52,52,53	38,39,40,41,43	82,82,83,83,84	57,57,58,58,59
YAL016C-A		0,1,3,3,3	0,0,0,0,0	1,1,2,3,5	0.7,0.8,0.8,1,2	0,0,0,0,0	0.8,1,2,2,2	3,3,3,4,4
YAL016C-B		2,3,4,4,4	1,2,3,3,4	1,2,3,3,4	0,3,6,6,7	1,2,2,3,4	1,2,3,4,4	0,0.5,1,1,1
YAL016W	TPD3	91,93,95,97,98	89,91,93,94,95	156,156,156,158,160	83,87,92,94,96	88,89,90,90,90	153,157,161,162,163	93,95,97,98,98
YAL017W	PSK1	27,28,28,29,29	29,29,29,30,31	28,29,30,30,30	27,28,28,28,29	25,25,26,26,26	27,29,30,31,33	28,29,30,30,30
YAL018C	LDS1	4,5,5,6,6	5,5,6,6,6	10,12,14,15,16	3,4,4,5,5	3,3,3,5,6	9,10,11,13,16	5,6,6,7,8
YAL019W-A		0,0.2,0.3,0.3,0.4	0,0.2,0.4,0.5,0.5	0,0,0,0,0	0,0,0,0.1,0.3	0,0.1,0.3,0.5,0.7	0,0,0,0.3,0.5	0,0,0,0.4,0.8
YAL019W	FUN30	21,22,22,24,25	20,21,22,22,23	17,17,17,17,17	20,21,22,24,25	25,26,26,26,26	16,17,17,17,17	22,22,22,22,22
YAL020C	ATS1	20,20,20,20,21	16,18,20,21,22	24,24,24,25,26	17,18,19,21,23	15,16,16,17,18	27,28,28,28,29	15,16,17,18,19
YAL021C	CCR4	49,50,52,53,54	50,52,54,55,56	50,51,52,52,52	52,53,54,56,59	55,55,55,59,62	52,53,54,55,55	54,55,56,58,60
YAL022C	FUN26	45,46,47,48,48	51,58,64,66,69	56,57,57,61,65	62,63,65,67,69	55,57,59,60,60	57,59,61,63,65	31,34,37,38,39
YAL023C	PMT2	98,101,103,104,104	79,79,79,80,81	48,53,58,59,61	84,85,86,86,86	87,90,92,95,97	44,47,49,50,52	106,112,117,118,119
YAL024C	LTE1	8,9,9,10,10	6,6,7,7,7	3,3,4,4,4	5,6,7,7,7	6,6,6,6,7	4,4,4,4,5	9,9,10,10,10
YAL025C	MAK16	70,75,79,80,81	57,60,63,68,73	40,43,47,54,61	69,76,82,85,88	92,93,93,97,101	20,25,29,33,37	63,63,63,64,66
YAL026C-A		0.9,1,1,1,1	0.5,0.9,1,1,1	0,0.2,0.3,0.7,1	1,2,2,2,3	0.4,1,2,2,2	0.7,0.9,1,2,2	0.6,0.8,1,2,2
YAL026C	DRS2	18,18,19,19,20	19,19,19,19,19	20,21,22,22,22	17,18,19,19,19	16,17,17,18,18	20,21,22,23,24	17,17,18,19,20
YAL027W	SAW1	37,37,38,39,40	45,48,51,51,51	38,40,41,42,42	42,43,44,49,54	41,42,43,47,52	38,38,38,41,45	27,33,38,39,39
YAL028W	FRT2	8,8,9,9,9	9,9,9,10,11	13,13,13,14,14	9,10,10,10,10	6,7,9,9,10	14,15,16,16,16	6,7,8,8,8
YAL029C	MYO4	22,22,22,22,23	23,23,23,23,23	17,17,18,18,19	22,22,22,23,23	21,21,21,22,23	13,13,13,14,14	20,20,20,21,21
YAL030W	SNC1	247,255,263,273,283	280,287,294,315,337	282,284,287,291,296	250,260,270,280,290	223,229,235,246,256	294,310,326,333,339	225,229,234,248,263
YAL031C	GIP4	29,29,29,29,29	28,29,30,31,32	37,39,41,41,41	25,27,29,30,31	25,26,26,27,28	36,37,37,37,37	27,27,27,27,27
YAL031W-A		0,0.4,0.7,0.8,0.8	0,0,0,0,0	3,3,4,4,5	0,0.4,0.7,1,2	0,0,0,0.6,1	1,1,2,2,3	0.7,0.9,1,2,2
YAL032C	PRP45	38,38,38,41,44	39,40,41,43,45	70,70,70,72,74	36,36,37,38,39	32,34,36,38,39	62,65,67,68,69	39,40,42,44,46
YAL033W	POP5	52,53,54,56,58	43,48,53,56,59	42,46,50,53,56	46,47,48,49,51	38,42,46,46,47	45,48,52,54,56	53,55,57,60,63
YAL034C-B		0,0,0,0.3,0.6	0,0,0,0,0	0.9,1,1,1,1	0,0,0,0.9,2	0,0,0,0,0	0.7,0.7,0.8,1,1	0.6,0.7,0.8,1,1
YAL034C	FUN19	59,60,61,61,62	55,57,58,58,59	149,150,152,161,170	50,52,53,54,55	38,39,40,43,46	149,152,154,159,164	50,54,59,61,63
YAL034W-A	MTW1	20,21,23,23,23	16,16,16,16,17	19,20,20,21,21	14,14,14,16,19	19,19,20,21,22	17,18,19,20,20	26,26,26,29,31
YAL035W	FUN12	107,115,123,123,123	109,109,110,114,118	132,134,137,140,143	123,123,124,124,124	129,132,136,136,137	119,123,127,128,129	106,106,106,106,106
YAL036C	RBG1	58,62,65,66,67	51,51,52,52,53	67,68,69,71,73	51,56,61,63,65	60,65,69,70,71	58,59,59,59,59	50,54,59,59,60
YAL037C-A		17,19,22,23,24	8,12,15,21,26	21,23,24,28,32	2,3,3,11,20	11,18,25,27,29	27,29,30,31,33	22,24,25,37,49
YAL037C-B		0,0.1,0.2,0.3,0.4	0,0.2,0.4,0.4,0.5	0,0,0,0.3,0.6	0.1,0.3,0.5,0.6,0.6	0,0.2,0.3,0.3,0.4	0,0.3,0.6,0.7,0.8	0,0.1,0.1,0.2,0.2
YAL037W		17,17,17,18,19	14,15,16,19,22	19,20,22,24,27	16,16,16,18,20	13,16,19,21,22	20,23,26,27,28	15,16,18,19,19
YAL038W	CDC19	70,74,79,80,81	94,99,104,109,114	58,63,68,70,72	124,127,129,137,146	157,162,166,175,184	55,55,56,58,60	77,80,83,84,85
YAL039C	CYC3	82,85,88,92,96	104,111,119,119,120	82,87,92,96,100	126,128,129,130,132	132,134,137,140,143	81,82,84,84,85	68,76,84,85,85
YAL040C	CLN3	51,53,55,55,55	105,108,112,118,124	49,49,49,52,56	121,126,131,134,137	164,165,166,177,188	38,39,41,41,41	34,37,39,42,45
YAL041W	CDC24	36,36,37,37,38	38,39,39,40,40	38,38,39,41,43	32,34,36,36,36	31,31,32,32,33	36,37,37,38,39	33,34,34,35,37
YAL042C-A		0,0,0,0.9,2	0,0,0,0,0	1,2,2,3,3	0,0.3,0.7,0.9,1	0,0,0,0,0	0.6,2,3,3,3	0,0,0,0.3,0.5
YAL042W	ERV46	141,146,151,154,157	145,146,147,152,156	186,198,210,210,211	146,146,147,150,152	132,133,134,142,149	203,208,213,216,219	129,133,137,139,141
YAL043C	PTA1	54,54,55,58,60	56,56,56,58,60	80,82,83,85,86	52,53,55,55,55	45,46,47,48,49	86,87,88,90,93	50,50,50,53,56
YAL044C	GCV3	1244,1271,1298,1298,1298	1357,1395,1434,1453,1472	554,588,622,637,652	1430,1447,1464,1478,1492	1225,1266,1307,1344,1380	678,716,754,760,765	1024,1095,1166,1184,1203
YAL044W-A	BOL1	5,5,6,7,8	6,7,8,8,8	7,8,10,10,11	4,4,5,6,7	2,3,3,7,10	5,6,6,10,13	5,8,10,11,11
YAL045C		0,0.4,0.8,0.9,0.9	0,0.4,0.8,1,2	0.7,0.7,0.8,1,1	0,0.4,0.7,0.8,0.8	0,0,0,0,0	0,0,0,0.8,2	0,0.4,0.7,1,2
YAL046C	BOL3	146,160,174,174,174	168,181,195,199,202	146,148,149,149,150	176,183,189,190,192	164,168,172,173,174	115,117,118,120,122	167,169,171,182,192
YAL047C	SPC72	20,21,22,23,24	18,19,20,20,21	19,20,20,20,21	17,17,17,18,20	16,17,17,17,17	18,19,20,20,20	19,20,20,20,21
YAL047W-A		0,0,0,0.4,0.7	0,0,0,0,0	0,0,0,0,0	0,0,0,0,0	0,0,0,0,0	0,0.4,0.8,1,2	0,0.3,0.7,1,1
YAL048C	GEM1	27,28,28,29,29	26,27,27,28,29	31,31,31,32,32	25,25,26,26,26	20,21,22,22,23	31,33,36,36,36	27,28,29,29,30
YAL049C	AIM2	84,92,99,100,100	124,124,124,130,137	179,183,188,199,209	142,146,151,151,151	131,135,139,141,143	192,196,200,204,208	96,96,97,98,100
YAL051W	OAF1	24,24,24,25,26	25,25,26,26,27	29,30,31,32,32	26,27,27,27,28	26,26,26,27,28	35,35,36,36,36	21,22,22,23,24
YAL053W	FLC2	128,137,146,149,152	105,111,117,118,120	163,171,179,180,181	142,144,146,147,147	178,179,180,185,190	130,132,134,136,137	156,159,161,165,170
YAL054C	ACS1	2204,2395,2586,2721,2857	1912,1918,1923,2011,2098	4224,4224,4224,4325,4426	1560,1631,1701,1762,1822	1091,1159,1227,1260,1292	4739,4933,5127,5182,5238	2339,2460,2581,2688,2794
YAL055W	PEX22	25,26,27,27,28	31,31,32,33,34	16,16,16,16,16	25,28,32,33,34	28,29,30,30,30	13,15,16,18,19	26,26,26,26,26
YAL056C-A		0,0,0,0.7,1	0.7,0.8,0.8,2,2	0,0.5,0.9,1,1	0,0.7,1,2,3	0,0,0,0.9,2	1,1,1,2,2	0,0.6,1,1,2
YAL056W	GPB2	31,32,32,33,34	33,35,36,36,36	60,61,61,61,61	32,32,32,33,34	32,32,32,33,34	60,60,60,61,62	27,29,30,31,32
YAL058W	CNE1	20,20,20,22,24	21,22,22,23,24	20,22,23,24,25	21,23,25,26,26	21,21,21,22,23	23,23,23,23,23	15,18,20,20,21
YAL059C-A		0,0,0,0,0	0,0,0,0,0	0,0,0,0,0	0,0,0,0,0	0,0,0,0,0	0,0,0,0,0	0,0,0,0,0
YAL059W	ECM1	15,15,15,16,17	10,12,14,16,18	17,20,24,24,24	12,12,13,15,17	12,13,14,15,17	16,16,16,18,21	12,13,15,15,16
YAL060W	BDH1	115,117,119,120,122	114,119,125,126,128	77,79,81,82,82	105,109,114,119,125	84,93,102,106,111	84,85,86,87,89	104,108,113,114,116
YAL061W	BDH2	39,42,45,49,54	61,65,70,70,70	61,61,62,67,71	62,65,68,70,72	54,54,54,54,54	70,71,71,74,76	33,36,39,41,43
YAL062W	GDH3	255,258,261,324,387	402,415,427,429,431	76,80,84,86,88	357,370,382,387,392	170,177,184,188,192	118,120,122,130,138	200,211,223,268,313
YAL063C-A		0,0,0,0,0	0,0,0,0,0	0,0,0,0.6,1	0,0,0,0,0	0,0,0,0,0	0,0,0,0,0	0,0,0,0,0
YAL063C	FLO9	3,3,3,3,3	3,3,3,4,4	3,3,4,4,4	2,3,3,3,4	3,3,3,3,3	2,2,3,3,3	2,2,2,2,2
YAL064C-A	TDA8	0,0,0,0,0	0,0,0,0,0	0,0,0,0.2,0.5	0,0,0,0,0	0,0,0,0,0	0,0,0,0,0	0,0,0,0,0
YAL064W		0,0,0,0.5,1	0,0,0,0,0	0,0,0,0,0	0,0,0,0,0	0,0,0,0,0	0,0,0,0,0	0,0,0,0,0
YAL064W-B		8,11,13,14,15	12,12,12,19,27	14,14,14,15,16	7,12,16,17,18	10,11,12,14,17	9,9,9,12,15	9,9,9,10,11
YAL065C		0,0,0,0,0	0,0,0,0,0	0,0,0,0,0	0,0,0,0,0	0,0,0,0,0	0,0,0,0,0	0,0,0,0,0
YAL066W		0,0,0,0,0	0,0,0,0,0	0,0,0,0,0	0,0,0,0,0	0,0,0,0,0	0,0,0,0,0	0,0,0,0,0
YAL067C	SEO1	0,0,0,0,0	0,0,0,0,0	0,0,0,0,0	0,0,0,0,0	0,0,0,0,0	0,0,0,0,0	0,0,0,0,0
YAL067W-A		0,0,0,0,0	0,0,0,0,0	0,0,0,0.4,0.9	0,0,0,0,0	0,0,0,0,0	0,0,0,0,0	0,0,0,0,0
YAL068C	PAU8	0,0,0,0,0	0,0,0,0.8,2	0.5,0.9,1,1,2	0,0.3,0.6,0.6,0.7	0,0,0,0.5,0.9	0,0.7,1,2,2	0,0,0,0.3,0.6
YAL068W-A		0,0,0,0,0	0,0,0,0,0	0,0,0,0,0	0,0,0,0,0	0,0,0,0,0	0,0,0,0,0	0,0,0,0,0
YAL069W		0,0,0,0,0	0,0,0,0.4,0.8	0,0,0,0,0	0,0,0,0.4,0.7	0,0,0,0,0	0,0,0,0,0	0,0,0,0,0
YAR002C-A	ERP1	329,340,350,351,352	240,247,253,254,254	247,248,250,255,259	232,239,247,251,256	285,287,289,294,300	249,249,250,256,261	364,399,433,433,433
YAR002W	NUP60	56,57,59,59,60	51,51,52,54,57	57,58,58,60,61	56,57,58,59,60	61,62,63,63,63	51,53,54,55,56	57,58,59,63,67
YAR003W	SWD1	31,34,37,39,40	33,36,38,38,38	51,51,51,53,55	35,38,41,41,41	36,37,38,39,39	51,52,52,52,52	37,37,38,41,44
YAR007C	RFA1	58,61,63,65,67	47,49,51,51,51	104,107,111,111,112	55,56,57,58,58	72,78,83,84,85	123,127,130,132,134	72,74,75,82,89
YAR008W	SEN34	29,32,35,35,36	23,23,23,26,28	54,58,61,64,66	30,31,31,32,32	47,49,50,51,53	57,58,60,60,61	41,42,43,44,45
YAR009C		0.4,0.4,0.5,0.5,0.5	0.6,0.7,0.9,1,1	0.2,0.6,0.9,0.9,0.9	0.3,0.3,0.4,0.5,0.6	0.3,0.3,0.3,0.4,0.5	0.5,0.7,0.8,1,1	0.4,0.4,0.4,0.5,0.6
YAR010C		0.3,0.4,0.5,0.6,0.8	0.2,0.2,0.3,0.4,0.5	0.8,0.8,0.9,1,1	0.6,0.8,1,1,1	0.2,0.5,0.7,1,1	0.4,0.7,1,1,1	0.4,0.7,0.9,1,1
YAR014C	BUD14	72,74,75,77,78	75,76,77,82,86	78,80,82,83,83	75,77,79,83,87	78,78,78,83,88	73,77,80,83,85	70,73,75,79,83
YAR015W	ADE1	688,698,708,718,728	663,669,676,719,763	714,734,754,768,782	710,712,714,746,778	762,765,767,787,807	873,888,903,912,921	685,686,686,709,731
YAR018C	KIN3	35,36,37,38,39	109,116,124,124,124	30,30,31,32,33	115,120,124,131,138	89,90,91,92,92	26,27,27,29,31	25,28,31,31,31
YAR019C	CDC15	17,17,18,18,19	17,17,17,19,21	32,33,33,34,35	15,15,16,16,17	14,14,14,16,17	32,32,33,35,37	17,17,18,18,18
YAR019W-A		0,2,3,4,5	0.8,2,3,3,4	1,3,4,5,5	1,2,2,2,2	0,2,3,3,4	0.9,2,3,3,4	2,2,3,4,5
YAR020C	PAU7	23,26,29,29,30	18,19,20,23,26	49,50,51,54,58	23,25,26,27,28	19,20,20,22,24	35,38,41,48,54	17,21,24,30,36
YAR023C		14,15,15,16,17	10,11,12,14,16	28,29,29,30,31	14,14,15,15,15	9,11,13,13,14	22,25,29,32,36	11,12,13,15,16
YAR027W	UIP3	84,85,86,86,87	94,102,110,111,111	180,180,180,181,181	118,119,120,121,121	111,114,116,120,124	159,161,163,165,166	78,79,79,84,88
YAR028W		24,25,27,28,29	20,22,25,25,25	21,23,25,28,30	21,23,25,27,29	21,23,25,27,29	26,28,31,32,32	29,32,35,39,44
YAR029W		6,6,7,8,9	7,7,7,7,7	7,8,9,10,12	3,3,3,9,14	3,5,6,7,7	11,13,15,17,20	4,7,10,11,12
YAR030C		3,3,3,3,4	2,3,5,5,6	6,6,6,8,11	2,4,6,6,7	3,4,5,5,5	8,8,9,9,9	2,2,2,4,6
YAR031W	PRM9	10,11,12,12,13	15,15,15,16,16	15,17,19,19,19	11,13,15,15,15	11,12,12,13,14	21,22,22,24,26	9,10,10,10,11
YAR033W	MST28	13,14,14,15,17	16,17,18,20,21	27,28,29,31,32	15,16,16,17,18	16,18,19,19,20	23,25,27,28,28	14,14,14,15,16
YAR035C-A		22,25,27,29,31	24,25,26,39,52	60,65,70,73,76	11,14,16,26,36	16,17,18,18,18	47,49,51,69,86	21,24,26,32,38
YAR035W	YAT1	1304,1317,1329,1523,1717	1495,1502,1509,1560,1610	1256,1310,1364,1508,1652	1444,1468,1492,1500,1508	974,993,1012,1066,1119	1690,1698,1707,1831,1956	1216,1293,1370,1400,1430
YAR042W	SWH1	31,31,31,31,31	34,34,34,35,36	33,34,34,36,37	33,34,35,36,37	32,32,32,33,33	33,34,35,35,35	32,33,34,34,34
YAR047C		0,0,0,0,0	0,0,0,0,0	0,0,0,0,0	0,0,0,0,0	0,0,0,0,0	0,0,0,0,0	0,0,0,0,0
YAR050W	FLO1	0.7,1,1,1,1	1,1,1,1,1	2,2,2,2,2	1,1,1,1,1	1,1,1,1,2	2,2,2,2,2	0.5,0.9,1,1,1
YAR053W		0,0,0,0.4,0.8	0,0,0,0,0	0,0,0,0.4,0.8	0,0.4,0.8,0.8,0.9	0,0,0,0.4,0.8	0,0,0,0,0	0,0,0,0.5,1
YAR060C		0,0,0,0,0	0,0,0,0,0	0,0,0,0,0	0,0,0,0,0	0,0,0,0,0	0,0,0,0.4,0.7	0,0,0,0,0
YAR061W		0,0,0,0.2,0.3	0,0,0,0,0	0,0.2,0.3,0.4,0.5	0,0,0,0,0.1	0,0,0,0.2,0.3	0,0,0,0,0.1	0,0,0,0,0
YAR064W		0,0,0,0.4,0.8	0,0.4,0.8,1,2	0,0.7,1,2,3	0,0.4,0.8,0.9,1	0.7,0.9,1,1,1	0.8,1,2,2,2	0,0.7,1,1,1
YAR066W		6,6,7,7,7	8,8,9,11,13	6,8,10,11,11	9,9,9,10,10	8,8,9,10,11	10,10,10,10,10	4,5,6,7,8
YAR068W		21,23,25,29,33	32,32,33,35,37	29,29,29,31,34	27,31,35,36,36	28,30,31,32,33	34,35,36,42,48	28,29,30,32,33
YAR069C		0.7,0.9,1,2,4	0,0.4,0.9,2,2	3,3,4,4,4	0,0,0,1,2	0.8,0.9,1,1,1	3,3,3,4,5	1,2,2,3,3
YAR070C		2,2,2,4,5	1,2,2,3,3	3,4,5,6,6	0,0,0,0.4,0.8	0,0.4,0.7,0.9,1	5,6,7,7,8	0.8,0.9,1,1,1
YAR071W	PHO11	5,5,5,5,6	7,7,7,7,7	7,7,8,8,8	5,6,7,7,8	4,4,5,5,6	6,7,8,9,9	5,6,7,7,8
YAR073W	IMD1	1,2,4,4,4	3,4,4,5,5	4,5,5,6,6	4,4,4,4,4	2,3,3,3,3	5,6,6,7,7	2,3,3,3,3
YAR075W		1,1,1,2,2	0.6,1,2,2,2	2,2,2,3,5	1,1,2,2,2	1,2,3,4,5	3,3,3,3,3	0.4,0.5,0.6,1,2
YBL001C	ECM15	496,504,513,516,520	514,538,563,591,620	648,667,686,693,699	594,628,662,665,668	569,596,623,627,632	626,639,652,665,679	520,520,520,524,529
YBL002W	HTB2	2153,2229,2305,2384,2463	426,497,569,599,629	68,106,144,145,145	313,339,366,433,499	399,432,465,468,471	74,106,139,153,167	3740,3800,3861,3861,3861
YBL003C	HTA2	1014,1023,1031,1080,1128	213,222,232,291,350	71,99,128,134,141	139,147,155,207,260	189,195,201,211,220	101,122,142,151,160	1595,1665,1734,1796,1858
YBL004W	UTP20	8,10,11,11,12	7,7,8,8,8	9,9,9,10,11	7,8,9,9,9	10,10,11,11,11	6,6,7,7,7	9,9,9,9,9
YBL005W-A		0,0,0,0,0	0,0,0,0,0	0,0,0,0,0	0,0,0,0,0	0,0,0,0,0	0,0,0,0,0	0,0,0,0,0
YBL005W-B		0.4,0.4,0.4,0.4,0.4	0.2,0.4,0.6,0.6,0.7	0.2,0.2,0.2,0.6,0.9	0.5,0.5,0.6,0.6,0.7	0.4,0.5,0.6,0.6,0.6	0.4,0.4,0.4,0.5,0.6	0.2,0.3,0.4,0.5,0.6
YBL005W	PDR3	17,17,17,17,18	15,16,16,17,18	22,22,22,23,24	15,16,17,18,18	12,12,13,14,16	22,23,24,26,27	17,18,18,19,19
YBL006C	LDB7	50,52,53,55,58	54,55,55,58,62	49,55,62,64,67	49,51,52,56,59	52,53,54,54,54	54,58,63,65,67	48,51,53,57,60
YBL006W-A		0,0,0,0,0	0,0,0,0,0	0,0,0,0,0	0,0,0,0,0	0,0,0,0,0	0,0,0,0,0	0,0,0,0,0
YBL007C	SLA1	60,60,60,61,62	60,61,63,65,66	66,67,67,70,73	56,57,58,60,62	50,53,55,55,55	63,65,67,67,68	58,60,62,63,64
YBL008W-A		0.8,0.9,0.9,2,3	0,0,0,1,3	0.8,1,1,3,4	0.9,0.9,1,2,2	0,0.4,0.9,2,2	2,3,3,4,5	0.8,1,1,2,3
YBL008W	HIR1	26,27,28,28,29	27,27,27,28,29	19,19,20,21,22	24,24,24,25,26	23,25,26,26,26	18,19,19,20,20	24,26,27,28,29
YBL009W	ALK2	49,50,52,52,53	33,33,34,34,34	31,32,32,33,34	32,33,35,35,35	32,33,33,34,35	28,29,30,30,30	55,56,57,59,61
YBL010C		37,38,38,39,40	34,36,39,39,40	39,40,42,45,48	36,39,41,41,42	38,41,44,47,50	35,39,43,44,46	37,39,41,43,45
YBL011W	SCT1	50,51,52,54,56	47,48,49,50,51	53,53,54,54,55	44,45,45,48,50	44,45,46,49,51	45,47,50,51,52	51,52,52,54,55
YBL012C		4,5,6,7,8	7,7,7,7,8	5,5,5,5,6	6,6,7,8,9	5,6,7,8,10	3,3,4,4,4	3,4,5,5,5
YBL013W	FMT1	10,11,12,13,14	13,13,13,14,15	10,11,11,11,12	12,12,12,13,14	12,12,13,14,15	10,11,11,11,12	10,11,12,12,12
YBL014C	RRN6	17,18,19,20,20	17,18,19,19,20	21,21,21,22,22	18,18,19,20,21	18,18,19,20,20	20,21,22,23,24	18,19,20,21,22
YBL015W	ACH1	2857,2922,2988,3082,3177	3083,3083,3083,3182,3281	2451,2464,2477,2532,2588	3015,3019,3023,3141,3259	2410,2474,2538,2639,2739	2668,2721,2774,2792,2810	2839,2865,2891,2974,3057
YBL016W	FUS3	140,141,142,151,159	157,158,160,163,167	223,237,250,261,272	163,165,166,168,169	131,135,140,141,142	225,225,226,234,242	120,126,132,135,138
YBL017C	PEP1	32,33,33,33,33	31,33,34,34,35	72,72,72,74,75	30,31,31,32,33	28,29,29,30,31	62,63,64,64,64	32,32,32,33,34
YBL018C	POP8	112,118,123,124,125	86,93,100,101,103	170,175,181,184,187	79,81,84,85,86	86,88,90,93,96	143,144,145,148,151	130,143,155,156,156
YBL019W	APN2	20,21,22,22,22	28,28,28,28,28	31,31,32,32,32	24,24,25,26,28	22,23,25,26,28	28,29,31,32,33	20,23,25,26,27
YBL020W	RFT1	65,66,67,67,67	55,55,55,58,60	63,69,74,74,75	56,57,58,59,61	55,57,59,59,59	66,71,75,75,75	64,65,66,67,68
YBL021C	HAP3	110,115,120,122,123	105,109,112,113,114	75,81,86,91,95	112,113,115,119,122	113,114,114,117,121	75,77,78,89,100	100,105,110,112,114
YBL022C	PIM1	114,117,120,122,125	141,141,141,142,142	94,98,101,105,109	139,139,139,145,152	139,141,143,146,150	93,97,101,101,102	106,108,110,111,113
YBL023C	MCM2	12,13,15,15,15	25,28,31,31,31	25,26,26,28,30	27,29,31,33,35	31,31,31,32,33	26,27,27,28,28	13,13,13,13,14
YBL024W	NCL1	43,45,47,50,52	42,44,45,46,47	43,44,45,47,49	48,50,51,52,53	55,55,55,56,57	45,46,46,47,47	45,46,46,46,47
YBL025W	RRN10	57,59,61,62,62	50,53,56,57,59	99,99,99,106,113	54,54,54,56,58	40,42,44,45,46	98,102,105,110,116	62,64,66,67,69
YBL026W	LSM2	287,291,295,318,341	258,258,258,268,278	243,258,272,299,325	217,236,256,268,279	213,229,244,249,254	264,265,266,279,292	340,344,348,360,373
YBL027W	RPL19B	812,841,870,897,923	892,905,918,947,976	522,530,538,543,549	926,937,948,988,1027	1227,1260,1292,1340,1388	450,454,458,460,461	771,795,820,834,849
YBL028C		92,119,145,156,167	92,94,97,100,102	76,101,126,131,136	93,97,100,103,106	124,131,138,151,164	66,79,91,93,95	148,148,148,149,150
YBL029C-A		181,184,188,190,193	200,204,208,214,220	155,168,182,192,203	207,210,213,213,213	186,188,189,207,225	181,186,192,192,192	160,166,171,187,202
YBL029W		51,51,51,53,54	53,55,56,63,69	62,64,67,71,75	53,53,53,57,60	44,45,46,47,48	71,72,73,76,78	39,41,43,46,50
YBL030C	PET9	2264,2479,2695,2695,2695	2758,2844,2929,2976,3022	1505,1505,1505,1512,1518	2847,2991,3134,3232,3329	2844,2912,2981,3032,3082	1098,1116,1134,1187,1240	2170,2319,2469,2469,2469
YBL031W	SHE1	28,29,31,32,33	15,18,21,21,22	8,8,8,9,10	19,19,20,20,21	16,17,17,19,21	5,6,7,8,9	31,32,32,33,33
YBL032W	HEK2	147,147,148,153,157	91,94,98,99,100	71,74,77,78,80	77,82,87,87,87	66,68,70,74,77	81,82,83,86,89	174,176,177,179,181
YBL033C	RIB1	160,164,169,171,172	122,131,139,140,140	168,173,178,183,188	138,139,141,141,142	131,132,134,137,139	187,196,206,206,206	160,161,161,162,162
YBL034C	STU1	17,18,18,18,18	13,14,15,16,16	14,15,15,15,15	13,13,14,14,14	13,13,13,14,14	13,13,14,14,15	20,20,20,21,22
YBL035C	POL12	13,13,13,13,13	10,10,11,12,12	23,23,23,23,23	11,11,11,12,12	21,22,22,24,25	17,18,19,21,23	13,14,14,15,16
YBL036C		138,139,139,145,152	142,145,148,157,165	153,154,155,158,161	137,138,140,150,159	131,135,138,143,148	154,162,170,173,176	125,127,129,134,139
YBL037W	APL3	33,34,35,36,36	27,29,30,30,30	35,36,36,36,36	27,27,27,30,32	23,23,24,24,25	32,34,36,36,37	31,33,35,35,36
YBL038W	MRPL16	186,191,195,207,220	233,235,236,244,251	156,160,164,171,178	243,244,245,253,262	262,270,279,284,289	133,135,137,142,146	189,193,197,207,216
YBL039C-A		0,0,0,0,0	0,0,0,0,0	0,0,0,0,0	0,0,0,0,0	0,0,0,0,0	0,0,0,0,0	0,0,0,0,0
YBL039C	URA7	37,42,47,50,52	29,31,33,37,40	42,43,45,48,51	36,38,40,40,41	52,53,55,55,55	26,26,27,31,35	31,34,36,38,39
YBL039W-B		110,124,137,139,141	113,119,126,143,159	343,362,380,386,392	123,126,129,131,133	89,107,124,127,130	333,343,353,367,380	118,123,129,144,159
YBL040C	ERD2	186,188,190,196,201	155,162,169,170,172	210,221,233,239,244	151,159,167,168,169	164,166,167,169,170	208,212,216,221,227	192,199,205,205,205
YBL041W	PRE7	299,303,307,320,333	280,282,284,285,285	304,310,315,320,325	289,292,295,296,297	259,268,277,282,288	353,354,356,366,377	302,302,303,304,304
YBL042C	FUI1	23,24,24,26,29	19,20,22,23,24	43,45,46,50,53	21,23,25,25,25	24,25,25,25,26	39,40,41,44,46	17,20,24,26,28
YBL043W	ECM13	1427,1427,1427,1471,1516	1610,1613,1615,1683,1751	360,382,404,408,412	1546,1554,1563,1572,1582	1214,1268,1323,1384,1446	439,454,469,489,509	1256,1263,1271,1311,1351
YBL044W		0,0,0,0.3,0.6	0,0.3,0.7,0.7,0.8	0.6,0.7,0.8,1,1	0,0.7,1,1,2	0,0.3,0.7,0.9,1	0,0.4,0.8,1,1	0.6,1,2,3,3
YBL045C	COR1	1399,1420,1441,1444,1447	1516,1522,1528,1593,1659	697,708,720,730,741	1582,1591,1600,1617,1635	1470,1501,1531,1604,1676	623,624,626,635,643	1309,1334,1358,1378,1398
YBL046W	PSY4	41,43,44,45,45	32,36,40,41,43	51,54,58,58,59	37,38,40,40,41	36,37,38,40,41	45,49,54,54,55	42,43,45,46,48
YBL047C	EDE1	59,60,60,61,61	59,61,63,63,64	67,68,70,72,74	55,58,60,61,61	52,54,55,56,57	69,70,71,72,74	56,56,57,57,57
YBL048W	RRT1	53,55,56,57,59	74,74,74,84,95	83,84,85,88,91	65,65,66,76,86	53,58,63,64,64	87,88,89,97,105	50,52,55,61,67
YBL049W	MOH1	101,105,108,110,112	134,134,135,142,149	184,191,198,198,199	136,138,141,142,143	94,107,120,121,122	174,185,197,198,199	103,104,105,107,109
YBL050W	SEC17	124,128,131,132,132	128,138,148,152,156	176,177,177,185,192	145,146,147,147,147	130,131,133,137,142	175,178,181,184,186	125,127,129,132,136
YBL051C	PIN4	44,45,45,48,51	44,45,45,47,50	26,27,28,28,29	44,44,44,47,50	51,52,54,59,65	27,27,28,29,31	41,44,46,47,47
YBL052C	SAS3	20,21,21,23,24	20,21,22,22,22	19,20,20,21,21	17,17,18,19,20	15,15,16,16,16	19,19,19,20,22	22,22,22,23,23
YBL053W		0,0.3,0.6,0.6,0.7	0,0,0,0.3,0.6	0,0.3,0.6,0.8,1	0,0,0,0.3,0.5	0,0.6,1,1,2	0.7,1,1,1,1	0,0,0,0,0
YBL054W	TOD6	34,35,35,37,39	25,26,27,33,39	40,44,49,50,51	28,33,39,39,39	46,46,46,48,50	29,31,33,34,34	24,28,33,34,34
YBL055C		37,37,37,39,41	39,40,41,43,45	47,50,53,53,54	42,42,43,44,46	48,48,48,50,51	44,45,46,46,47	35,36,37,38,40
YBL056W	PTC3	195,196,198,202,206	178,182,185,189,193	182,184,185,189,192	176,179,181,182,183	154,158,163,163,164	179,186,194,194,194	194,200,207,208,210
YBL057C	PTH2	102,104,107,111,115	90,98,106,107,108	121,123,126,126,127	98,101,104,107,109	85,89,93,100,106	138,140,142,142,143	100,102,104,107,110
YBL058W	SHP1	216,224,232,241,249	230,230,231,238,244	249,252,255,262,269	219,224,229,233,237	203,209,214,220,227	262,265,267,270,274	201,203,205,206,206
YBL059C-A	CMC2	170,176,183,184,186	281,290,300,315,331	180,191,202,206,209	288,299,311,312,313	293,297,301,312,323	128,148,168,172,177	173,186,198,200,202
YBL059W		70,72,74,77,79	82,84,87,97,108	77,77,77,78,78	95,98,100,100,101	88,90,92,93,95	63,65,66,70,74	74,75,76,77,78
YBL060W	YEL1	31,31,32,33,34	30,30,30,33,35	41,43,44,45,45	31,31,31,32,34	27,28,28,30,32	39,40,41,41,41	29,29,30,30,31
YBL061C	SKT5	28,28,29,29,30	29,30,31,32,33	25,27,29,29,30	32,32,32,33,35	30,31,33,36,39	20,21,23,23,23	27,27,28,28,28
YBL062W		0,0,0,0,0	0,0,0,0,0	0,0,0,0,0	0,0,0,0.3,0.6	0,0,0,0,0	0,0,0,0,0	0,0,0,0,0
YBL063W	KIP1	21,21,21,21,22	11,11,11,11,11	14,14,15,15,15	9,10,10,10,10	10,10,10,11,12	14,15,16,16,16	23,24,24,25,25
YBL064C	PRX1	578,590,603,644,685	592,623,654,659,663	648,657,665,696,728	600,622,644,649,655	514,527,541,541,541	783,790,797,817,837	512,533,555,564,573
YBL065W		0,0.3,0.6,1,1	0,0,0,0,0	2,5,7,11,15	0,0,0,0,0	0,0,0,0.4,0.8	5,6,7,10,13	0,0,0,0.3,0.6
YBL066C	SEF1	34,36,37,38,39	32,36,39,41,43	35,36,38,38,38	34,35,37,38,38	31,33,34,36,38	34,37,40,40,40	33,33,33,35,37
YBL067C	UBP13	41,41,42,43,45	39,40,40,41,42	139,143,146,147,147	36,37,38,40,42	34,35,37,38,38	118,119,119,123,127	38,38,38,38,38
YBL068W-A		0,0,0,0,0	0,0,0,0,0	0,0,0,0,0	0,0,0,0,0	0,0,0,0,0	0,0,0,0,0	0,0,0,0,0
YBL068W	PRS4	60,60,60,66,72	61,63,64,66,69	94,101,107,110,113	61,65,70,72,73	64,66,67,67,68	93,95,96,98,99	56,59,62,66,69
YBL069W	AST1	23,25,27,28,28	20,20,21,22,24	10,11,11,11,12	16,20,24,24,25	23,24,26,26,26	8,9,10,12,13	24,24,25,26,28
YBL070C		0,0,0,0.5,0.9	0,0,0,0.4,0.8	0,0.5,1,1,1	0,0,0,0,0	0,0,0,0,0	0,0.8,2,2,2	0,0,0,0.7,1
YBL071C		47,49,51,52,52	29,31,33,37,42	52,55,58,60,63	35,36,36,37,37	40,45,49,50,51	54,54,55,59,62	37,44,50,57,63
YBL071C-B		0,4,9,9,9	0,0,0,1,2	0,0,0,1,2	0,1,3,3,3	0,0,0,1,3	0,1,2,2,2	2,3,3,5,7
YBL071W-A	KTI11	96,111,127,136,146	90,93,97,100,104	114,118,122,123,124	82,87,92,96,99	93,97,101,111,121	124,124,124,128,131	110,113,116,123,131
YBL072C	RPS8A	262,316,369,380,391	316,337,359,373,387	298,305,313,320,327	365,372,379,380,380	402,436,471,477,484	230,234,237,252,267	304,310,316,326,336
YBL073W		4,6,8,8,8	3,4,5,5,6	6,6,7,10,13	8,8,8,12,17	9,10,11,12,13	4,5,5,6,7	3,4,5,5,5
YBL074C	AAR2	12,12,12,12,13	14,14,14,14,15	17,18,19,20,20	11,13,15,15,15	15,15,15,17,18	14,15,17,17,17	11,11,11,12,12
YBL075C	SSA3	23,23,24,24,25	22,24,25,26,26	27,29,31,31,31	26,27,29,29,29	29,30,31,32,33	27,27,28,29,30	21,22,22,23,24
YBL076C	ILS1	128,130,132,134,136	102,102,103,107,112	139,139,140,142,144	102,105,108,109,110	105,108,112,115,118	149,152,156,156,156	126,129,131,132,134
YBL077W		0,0,0,0,0	0,0,0,0,0	0,0,0,0,0	0,0,0,0,0	0,0,0,0,0	0,0,0,0,0	0,0,0,0,0
YBL078C	ATG8	170,171,172,196,220	174,183,192,207,222	317,332,346,358,370	167,170,174,188,201	150,158,166,169,173	396,406,417,420,423	183,185,186,195,204
YBL079W	NUP170	26,27,29,30,31	26,27,27,27,28	37,37,38,38,39	25,25,25,25,25	22,24,26,26,26	33,33,33,35,36	29,29,30,31,31
YBL080C	PET112	38,41,44,46,47	47,52,56,57,58	43,48,53,55,57	48,51,55,58,61	44,46,47,48,49	46,48,50,50,51	45,45,46,47,48
YBL081W		26,30,34,35,36	28,29,30,31,32	16,18,20,20,21	34,34,35,38,40	33,36,39,41,43	17,17,18,19,20	30,31,32,34,35
YBL082C	ALG3	34,35,35,40,45	33,34,35,36,37	29,30,30,33,35	36,36,36,37,37	26,28,29,32,34	33,34,35,37,38	33,36,40,41,41
YBL083C		0,0,0,0,0	0,0,0,0,0	0,0,0,0,0	0,0,0,0,0	0,0,0,0,0	0,0,0,0,0	0,0,0,0,0
YBL084C	CDC27	36,36,37,39,42	40,40,40,40,40	36,37,38,39,39	36,38,40,41,42	30,31,31,32,34	40,41,41,41,41	36,37,37,38,39
YBL085W	BOI1	45,45,46,46,46	37,39,40,40,41	22,23,23,23,23	34,35,36,38,40	38,41,43,44,45	21,22,23,23,23	44,45,47,47,48
YBL086C		29,29,29,31,33	39,39,40,44,47	32,33,34,37,39	33,35,36,39,42	36,37,39,39,40	38,40,41,41,42	28,30,33,33,34
YBL087C	RPL23A	275,310,345,359,372	311,315,319,348,377	185,192,199,199,199	319,335,352,366,380	399,444,488,488,488	169,173,177,178,180	309,309,309,317,324
YBL088C	TEL1	4,5,5,6,6	6,6,6,6,6	6,7,7,7,7	5,5,5,6,6	5,5,5,5,5	7,7,7,7,7	5,5,5,5,6
YBL089W	AVT5	36,37,37,38,38	37,37,37,38,39	59,60,60,60,61	30,31,32,34,35	29,29,30,30,31	56,58,60,61,62	37,37,38,38,39
YBL090W	MRP21	142,150,159,164,169	214,220,226,235,244	152,156,161,166,172	220,225,231,241,251	204,229,254,255,255	129,131,134,139,145	147,149,151,153,154
YBL091C-A	SCS22	38,41,44,47,50	42,42,42,43,43	65,68,71,75,79	40,43,46,46,46	34,36,38,41,44	55,59,63,66,69	43,49,55,56,56
YBL091C	MAP2	124,126,128,129,129	128,130,131,138,145	125,135,144,144,145	124,130,135,136,138	114,115,116,122,128	153,154,154,160,166	115,118,120,120,121
YBL092W	RPL32	1031,1180,1329,1349,1369	1116,1186,1255,1325,1394	663,677,690,712,734	1217,1289,1360,1402,1444	1507,1682,1857,1912,1968	552,562,573,588,602	1075,1143,1212,1214,1216
YBL093C	ROX3	62,65,67,70,72	56,56,56,60,64	85,87,90,92,94	56,57,59,59,60	57,58,59,60,61	69,71,74,77,81	57,60,62,66,69
YBL094C		0,0,0,0,0	0,0.4,0.8,0.8,0.9	0,0.3,0.6,0.7,0.7	0,0.3,0.7,0.8,0.9	0,0,0,0,0	0,0.4,0.7,0.8,0.9	0,0,0,0,0
YBL095W	MRX3	15,15,16,16,16	12,12,12,14,15	48,51,53,54,55	10,12,13,15,17	8,10,12,13,13	49,53,57,58,59	13,13,13,14,16
YBL096C		0,0.4,0.8,0.9,0.9	0,0,0,0,0	0,0,0,0,0	0,0.4,0.7,1,2	0,0,0,0.4,0.7	0,0,0,0.4,0.8	0,0,0,0.5,1
YBL097W	BRN1	8,8,9,10,12	7,8,9,9,9	4,4,5,5,5	7,7,8,8,8	6,6,6,7,7	4,4,5,5,5	10,11,11,12,13
YBL098W	BNA4	120,122,125,131,138	110,113,115,117,120	60,65,70,70,71	113,119,126,127,129	105,107,110,116,122	86,87,88,95,103	125,126,127,132,137
YBL099W	ATP1	1290,1303,1317,1343,1369	1375,1375,1375,1387,1398	705,746,787,790,792	1388,1459,1529,1529,1529	1352,1357,1363,1406,1450	682,682,682,690,697	1217,1221,1226,1254,1283
YBL100C		564,580,596,605,614	580,636,693,875,1056	334,344,355,357,360	620,628,636,746,857	704,712,720,837,954	274,274,274,289,303	511,553,596,597,599
YBL100W-A		0,0,0,0,0	0,0,0,0,0	0,0,0,0,0	0,0,0,0,0	0,0,0,0,0	0,0,0,0,0	0,0,0,0,0
YBL100W-B		2,2,3,3,3	2,2,2,3,3	3,3,3,4,4	2,2,2,2,2	2,2,2,2,2	4,4,4,4,4	2,2,2,3,3
YBL100W-C		13,13,13,18,23	9,13,16,20,24	21,23,26,27,28	9,12,15,15,15	19,20,21,23,26	14,16,19,19,19	6,9,13,16,19
YBL101C	ECM21	36,39,41,42,43	37,40,42,42,43	60,61,61,64,66	39,40,42,42,42	37,37,37,40,43	69,70,71,74,76	40,41,42,42,42
YBL102W	SFT2	183,193,203,204,205	190,193,196,199,203	246,254,262,264,265	176,181,186,188,191	168,170,171,172,174	264,272,280,281,282	177,179,181,187,192
YBL103C	RTG3	65,67,68,71,74	59,60,60,69,77	80,83,86,88,90	61,62,63,64,66	62,62,62,64,66	85,90,95,96,97	64,66,67,68,69
YBL104C	SEA4	18,19,20,20,21	20,21,21,21,21	19,20,22,22,22	19,19,19,20,20	18,18,19,19,20	20,21,21,21,21	17,18,18,18,19
YBL105C	PKC1	33,33,33,35,36	37,37,38,38,39	37,37,38,38,38	38,38,38,38,39	35,35,36,36,37	36,36,37,37,37	32,33,33,35,37
YBL106C	SRO77	13,14,14,15,15	12,12,12,13,13	23,23,24,24,25	12,12,12,12,12	9,10,10,11,12	19,20,21,21,21	14,14,14,15,15
YBL107C	MIX23	104,105,107,109,112	147,149,150,153,156	102,103,104,107,109	145,149,153,157,160	150,151,153,161,169	106,109,113,115,117	107,110,113,113,113
YBL107W-A		0,0,0,3,6	0,0,0,2,5	2,2,3,3,4	0,0,0,3,6	0,0,0,1,3	0,1,3,7,12	0,1,2,2,3
YBL108C-A	PAU9	0,0,0,0,0	0,0,0,0,0	0,0,0,2,4	0,0,0,0,0	0,0,0,0,0	0,0,0,0,0	0,0,0,0,0
YBL108W		2,3,4,5,5	3,3,3,5,6	12,12,12,13,14	1,1,2,3,4	3,3,3,3,4	13,13,14,16,18	3,4,6,7,9
YBL109W		0.7,0.7,0.8,2,4	0.8,2,2,3,3	0,0.4,0.7,2,2	0,0.4,0.9,2,4	0,0.8,2,2,2	0,0.7,1,2,3	0.7,0.7,0.7,3,5
YBL111C		0.5,0.6,0.6,0.8,0.9	0.9,1,1,1,2	0.8,1,1,1,1	0.5,0.6,0.7,1,2	1,1,1,1,2	0.4,0.7,0.9,1,1	0.3,0.4,0.6,0.8,1
YBL112C		0,0,0,0,0	0,0,0,0.4,0.8	0,0,0,0,0	0,0,0,0.5,1	0,0.4,0.9,1,1	0,0.4,0.8,0.9,1	0,0.5,1,1,2
YBL113C		7,7,8,8,8	10,10,11,11,11	11,11,11,12,13	10,10,11,11,12	11,11,11,13,15	13,13,13,14,15	7,8,8,9,9
YBL113W-A		0,0,0,0,0	0,0,0,0,0	0,0,0,0,0	0,0,0,0,0	0,0,0,0,0	0,0,0,0,0	0,0,0,0,0
YBR001C	NTH2	32,33,35,35,36	31,35,38,39,40	37,37,37,39,41	31,31,32,34,36	28,29,30,31,31	39,40,42,43,44	33,35,37,39,40
YBR002C	RER2	33,36,40,42,45	38,38,38,39,40	47,47,48,48,49	39,39,40,42,44	41,42,43,43,43	44,46,47,49,50	38,39,40,43,46
YBR003W	COQ1	71,73,74,80,86	94,96,98,100,101	110,111,112,116,121	95,99,103,104,104	94,98,102,102,103	97,97,97,101,104	74,77,80,82,85
YBR004C	GPI18	23,25,26,27,28	21,24,27,28,30	44,44,45,45,46	24,25,25,26,27	30,32,33,35,37	33,34,36,38,40	29,30,31,31,32
YBR005W	RCR1	66,68,70,76,81	72,73,74,75,76	99,103,107,118,129	83,84,84,84,85	72,77,81,82,83	82,84,85,87,90	51,56,62,65,68
YBR006W	UGA2	56,57,57,59,61	70,70,71,71,72	126,130,135,136,138	63,65,66,67,68	54,54,55,56,57	131,131,131,133,135	59,61,63,65,67
YBR007C	DSF2	23,24,24,25,25	18,18,19,19,20	14,15,15,16,17	16,17,18,18,19	17,17,17,17,18	15,16,17,19,20	28,28,28,29,30
YBR008C	FLR1	22,22,23,24,25	20,21,21,21,21	30,33,36,37,38	17,19,22,22,22	16,18,20,20,20	32,33,34,37,40	25,25,26,26,26
YBR009C	HHF1	3838,3858,3877,4063,4248	1179,1286,1394,1455,1516	527,609,691,715,739	1086,1121,1157,1244,1332	1008,1051,1094,1144,1194	623,697,771,827,883	6639,6745,6851,6851,6851
YBR010W	HHT1	1767,1813,1860,1967,2074	672,690,708,755,801	395,433,471,518,565	586,607,627,693,758	574,586,598,629,660	433,472,511,548,585	3066,3066,3066,3163,3259
YBR011C	IPP1	1420,1431,1441,1478,1516	1223,1255,1286,1297,1308	1077,1118,1160,1186,1213	1168,1221,1273,1291,1309	1287,1292,1297,1310,1323	1108,1136,1164,1175,1187	1519,1557,1595,1617,1638
YBR012C		42,44,46,47,49	44,47,50,51,51	52,57,62,62,63	48,48,49,50,52	34,36,38,40,42	61,63,65,66,67	48,50,53,54,55
YBR012W-A		0,0,0,0,0	0,0,0,0,0	0,0,0,0,0	0,0,0,0,0	0,0,0,0,0	0,0,0,0,0	0,0,0,0,0
YBR012W-B		0.5,0.5,0.5,0.6,0.6	0.1,0.3,0.6,0.6,0.7	0.2,0.3,0.5,0.5,0.5	0.3,0.5,0.6,0.6,0.7	0.2,0.4,0.5,0.6,0.6	0.4,0.4,0.5,0.6,0.6	0.2,0.3,0.4,0.5,0.7
YBR013C		26,31,36,37,38	30,32,33,34,34	37,38,39,40,41	30,32,35,36,38	20,23,25,26,28	38,38,38,39,40	35,35,36,40,43
YBR014C	GRX7	190,192,194,198,201	155,161,167,168,169	273,276,279,287,296	167,172,176,182,187	153,154,155,163,171	282,292,301,311,322	210,214,218,219,220
YBR015C	MNN2	108,110,112,113,114	80,80,81,83,85	113,115,118,119,120	84,85,85,85,86	93,96,99,99,99	114,120,126,128,131	112,120,127,128,129
YBR016W		281,286,291,311,331	226,230,235,269,303	403,428,453,479,505	217,228,239,252,266	223,235,247,266,285	412,429,446,454,461	270,291,311,313,316
YBR017C	KAP104	36,37,38,39,40	35,37,39,40,41	25,26,26,29,31	40,40,41,42,43	39,41,42,43,44	26,27,28,28,29	36,38,39,41,43
YBR018C	GAL7	3,3,3,4,5	4,4,4,5,6	9,10,11,12,13	3,3,3,4,5	4,4,4,4,4	7,9,11,13,16	2,3,4,5,5
YBR019C	GAL10	11,11,12,12,12	12,12,12,12,12	22,22,22,22,23	9,9,9,11,12	11,11,11,12,13	23,23,24,24,24	13,13,13,14,15
YBR020W	GAL1	5,5,5,5,5	5,5,5,6,6	8,10,12,13,15	5,5,5,6,7	3,4,5,6,6	11,12,14,15,16	5,5,5,6,7
YBR021W	FUR4	42,46,50,52,54	38,40,42,42,43	23,24,24,26,27	44,44,45,48,51	39,42,45,45,46	20,21,22,23,25	33,37,41,42,43
YBR022W	POA1	76,76,77,77,78	80,80,80,89,98	67,68,70,75,80	69,73,76,83,90	68,71,73,77,81	55,57,59,65,70	77,81,84,91,98
YBR023C	CHS3	41,42,43,44,45	45,46,47,49,52	51,51,52,53,54	58,58,59,60,61	70,71,72,73,73	41,41,42,43,44	39,40,41,42,42
YBR024W	SCO2	56,62,68,70,73	85,89,92,94,95	91,92,93,93,93	88,90,92,94,96	81,83,86,89,92	84,85,85,91,97	54,55,57,57,57
YBR025C	OLA1	307,328,349,358,366	324,333,343,345,347	182,188,194,195,196	326,335,344,349,355	326,341,357,358,360	157,159,162,163,164	268,277,287,296,305
YBR026C	ETR1	379,384,389,407,426	441,446,450,463,476	731,744,756,761,767	453,456,460,473,486	430,430,430,436,442	791,792,792,792,792	368,379,391,399,407
YBR027C		0,0.3,0.7,1,1	0,1,2,3,3	1,2,3,3,3	0,0,0,0.4,0.7	0,0,0,0.5,1	0,0.7,1,2,2	0,0.3,0.7,2,2
YBR028C	YPK3	62,63,64,68,71	64,65,65,67,69	43,44,45,47,49	57,58,58,60,61	52,53,55,55,55	39,39,40,41,43	72,72,72,74,75
YBR029C	CDS1	171,180,188,191,194	145,147,148,151,155	217,225,233,238,244	157,159,161,163,164	169,171,173,187,202	205,208,210,215,219	166,171,176,177,178
YBR030W	RKM3	25,26,26,27,27	23,23,24,26,29	35,38,41,42,44	24,25,26,27,29	24,25,27,29,31	36,36,36,37,37	23,23,24,26,28
YBR031W	RPL4A	248,267,285,289,293	221,233,245,259,272	201,213,225,228,230	225,247,269,274,279	263,295,326,327,329	197,199,201,209,217	233,236,239,246,253
YBR032W		12,12,12,13,13	3,5,7,10,13	4,4,4,5,6	2,4,6,7,9	3,4,5,6,7	3,5,6,7,7	6,7,7,9,11
YBR033W	EDS1	37,37,37,37,38	39,40,41,41,41	12,13,14,14,15	36,37,39,39,39	35,35,36,37,37	14,14,14,14,14	33,34,35,36,37
YBR034C	HMT1	84,89,94,96,98	79,81,83,84,86	101,102,103,110,116	98,101,104,104,104	142,144,147,147,147	58,63,68,70,72	77,82,87,93,99
YBR035C	PDX3	324,327,329,330,331	273,289,305,311,318	264,266,268,278,287	272,282,292,299,306	238,238,239,243,248	304,314,323,325,327	309,320,331,334,337
YBR036C	CSG2	202,202,202,205,208	166,173,179,186,192	240,244,248,259,269	168,171,174,179,184	157,159,162,167,172	247,251,254,255,256	182,189,196,204,212
YBR037C	SCO1	65,66,66,66,67	107,108,108,109,109	46,50,54,54,55	105,107,108,109,109	91,96,101,105,110	35,37,38,41,43	59,61,63,67,70
YBR038W	CHS2	91,93,95,98,101	146,149,152,153,154	21,21,21,22,23	131,133,135,139,142	70,74,78,81,84	21,22,23,23,24	65,69,72,75,78
YBR039W	ATP3	1101,1137,1173,1174,1176	1133,1161,1189,1243,1298	829,838,847,848,849	1133,1161,1189,1208,1227	1094,1108,1121,1178,1235	749,761,773,788,803	1103,1110,1116,1116,1116
YBR040W	FIG1	9,9,9,12,14	3,4,5,5,5	13,15,18,19,20	3,3,3,4,5	1,2,2,3,3	13,13,13,14,15	13,13,13,15,16
YBR041W	FAT1	38,40,42,42,42	36,37,38,39,40	51,51,51,53,54	35,35,36,37,37	37,37,38,38,38	51,53,54,55,55	42,43,43,43,43
YBR042C	CST26	25,26,26,28,30	23,24,25,26,27	32,34,35,36,38	23,23,24,24,24	24,25,25,29,32	31,32,33,34,34	32,32,32,33,33
YBR043C	QDR3	50,51,52,52,53	38,40,42,44,45	112,121,131,135,139	39,40,41,43,45	41,42,42,43,43	112,118,124,127,130	47,49,52,54,56
YBR044C	TCM62	54,56,58,60,62	76,80,83,83,84	51,52,53,55,56	76,79,81,85,88	73,73,73,75,77	45,46,47,47,48	50,51,52,54,56
YBR045C	GIP1	13,14,15,16,18	18,19,19,20,21	19,21,24,25,26	16,17,17,18,18	9,10,11,12,13	29,31,33,35,36	15,16,16,16,17
YBR046C	ZTA1	195,205,214,217,219	202,210,219,230,242	276,277,279,292,305	176,186,196,201,207	136,140,145,157,169	315,331,347,348,349	211,213,215,223,230
YBR047W	FMP23	87,99,112,115,118	97,101,105,107,110	98,99,101,101,101	90,93,97,109,122	64,67,70,70,71	132,137,143,143,143	106,107,107,113,118
YBR048W	RPS11B	482,498,513,526,540	553,561,569,570,572	442,442,442,447,452	590,603,617,621,625	746,751,756,768,780	339,357,375,387,399	450,455,460,479,497
YBR049C	REB1	79,81,83,85,87	60,64,67,67,68	41,42,42,43,44	54,57,59,61,63	57,57,57,57,57	44,45,47,47,48	87,89,90,91,93
YBR050C	REG2	256,277,298,317,336	228,236,245,248,251	599,609,620,626,631	203,215,227,229,231	163,168,174,183,191	652,668,684,685,686	288,309,330,348,366
YBR051W		2,3,4,4,4	3,3,3,3,4	10,11,11,12,12	2,3,4,4,4	2,3,3,4,5	11,12,13,14,16	4,5,6,7,7
YBR052C	RFS1	194,197,200,201,203	185,207,229,230,230	141,147,152,156,159	208,215,223,230,237	202,205,208,212,216	137,139,142,143,144	186,191,195,195,195
YBR053C		80,88,95,101,107	128,133,138,140,141	144,146,147,147,148	129,130,130,134,138	108,109,110,113,115	158,162,165,169,172	85,91,97,100,102
YBR054W	YRO2	29,41,53,60,67	431,456,480,500,519	37,42,48,52,56	805,805,805,812,819	671,676,681,728,775	27,28,29,32,35	35,43,50,66,83
YBR055C	PRP6	17,19,20,20,21	20,21,21,22,24	23,23,23,24,24	20,20,21,22,23	20,21,21,23,26	19,21,23,23,24	17,17,17,18,18
YBR056C-B		0,0,0,0,0	0,0,0,0,0	0,0,0,0,0	0,0,0,0,0	0,0,0,0,0	0,0,0,0,0	0,0,0,0,0
YBR056W		67,67,67,70,73	75,81,87,90,93	162,164,166,167,169	77,79,80,83,86	67,67,67,69,71	164,165,167,175,182	61,63,66,70,74
YBR056W-A		1,3,5,6,8	4,6,8,9,10	15,16,17,21,25	5,5,6,7,9	5,6,6,7,9	19,20,20,24,29	8,9,9,10,10
YBR057C	MUM2	77,78,79,81,83	77,83,89,89,90	147,153,159,161,164	82,83,85,86,87	72,76,81,82,83	153,153,153,158,162	83,83,84,86,88
YBR058C-A	TSC3	378,386,393,399,404	356,366,377,377,378	412,414,416,447,479	349,350,351,358,366	367,371,375,411,446	359,377,396,414,432	393,397,400,426,451
YBR058C	UBP14	59,59,60,60,61	58,58,58,60,62	75,76,76,76,77	56,56,56,57,57	51,51,52,53,53	79,80,80,84,88	56,56,56,59,61
YBR059C	AKL1	35,37,39,39,40	40,41,42,43,45	34,36,39,40,42	42,43,43,44,44	38,38,39,39,40	36,37,38,40,42	33,34,35,36,37
YBR060C	ORC2	30,31,32,34,36	30,31,31,31,31	27,28,28,30,31	26,27,29,29,29	25,27,29,30,31	27,27,28,29,30	32,33,34,36,37
YBR061C	TRM7	49,54,58,59,59	36,40,43,45,47	52,53,53,54,54	42,44,46,47,49	41,45,50,50,50	43,43,44,46,49	50,51,51,52,53
YBR062C		127,131,135,136,137	120,122,123,127,130	133,136,139,147,154	127,127,127,129,131	108,112,115,119,123	152,158,163,166,168	124,127,130,130,130
YBR063C		21,22,22,23,24	18,20,21,21,22	29,29,29,30,31	17,19,20,22,24	19,20,21,21,21	25,26,27,28,29	18,19,20,20,20
YBR064W		0.5,0.5,0.5,0.6,0.6	0,0,0,0.3,0.6	0,0,0,0.2,0.5	0,0,0,0.9,2	0,0,0,0.3,0.5	0.5,0.6,0.7,0.9,1	0,0.2,0.5,0.5,0.5
YBR065C	ECM2	29,29,29,30,30	28,28,29,29,29	32,33,34,34,35	25,27,29,31,33	29,31,33,34,35	29,30,31,34,37	26,27,27,29,31
YBR066C	NRG2	46,48,49,51,53	60,60,60,64,68	38,42,46,48,50	74,76,78,80,81	86,89,93,108,124	39,41,43,44,44	47,48,49,53,57
YBR067C	TIP1	349,369,389,415,441	1083,1106,1130,1142,1154	2362,2475,2588,2624,2660	1388,1415,1441,1466,1492	1227,1244,1260,1379,1497	2121,2304,2488,2701,2914	301,311,321,362,404
YBR068C	BAP2	39,42,44,45,46	52,55,58,59,60	71,73,74,76,77	56,57,58,60,63	54,58,61,62,62	75,75,75,80,85	39,41,44,44,44
YBR069C	TAT1	20,21,21,22,23	18,18,19,21,24	385,398,410,459,508	20,22,23,24,26	25,26,26,27,28	326,328,331,382,434	21,21,22,24,27
YBR070C	ALG14	35,35,35,36,37	23,26,29,30,31	21,21,21,25,28	34,36,38,40,41	60,65,70,71,71	24,24,24,25,26	43,45,46,49,52
YBR071W		84,95,105,107,109	98,98,99,102,105	115,119,122,127,132	268,274,281,318,356	718,754,790,792,795	110,117,124,128,133	116,116,116,137,158
YBR072C-A		1,2,2,5,8	0,0.7,1,2,2	2,2,3,3,4	0,0,0,0.7,1	0,0,0,0,0	0,0.8,2,2,2	1,2,2,2,3
YBR072W	HSP26	47,50,52,57,61	62,72,82,86,89	264,284,304,411,519	68,74,80,83,85	71,72,73,73,73	213,214,215,293,370	54,57,59,67,74
YBR073W	RDH54	55,56,56,57,58	43,44,45,45,45	44,44,45,45,45	46,46,47,47,47	53,54,55,55,55	49,51,52,52,53	60,63,66,67,68
YBR074W		28,28,29,30,30	25,25,26,27,29	27,29,31,32,33	28,29,29,29,29	28,28,29,29,30	31,31,31,32,32	26,28,30,30,31
YBR076C-A		78,89,100,102,104	78,87,96,103,110	101,119,137,138,139	71,82,94,96,98	77,77,77,78,80	111,123,135,144,152	94,103,112,115,117
YBR076W	ECM8	11,12,14,14,15	11,14,16,17,19	39,41,43,44,46	10,12,13,14,16	12,13,14,15,16	41,44,47,50,53	15,16,16,17,17
YBR077C	SLM4	142,145,148,154,161	143,149,154,166,178	139,140,140,148,156	154,154,154,159,164	152,163,174,175,175	158,161,165,168,172	176,176,176,183,190
YBR078W	ECM33	1752,1764,1776,1837,1897	885,909,932,973,1013	194,202,211,237,264	824,834,845,875,905	917,929,941,971,1000	158,164,169,184,199	1693,1775,1858,1886,1913
YBR079C	RPG1	84,90,96,98,100	96,96,96,98,100	100,104,108,108,108	104,107,109,114,119	122,126,129,132,134	81,84,88,89,89	79,79,79,84,89
YBR080C	SEC18	60,60,60,61,62	53,53,53,56,59	78,79,80,83,85	52,55,57,58,59	47,50,53,53,53	76,77,78,79,79	59,60,62,64,66
YBR081C	SPT7	29,30,30,31,32	27,29,30,30,30	21,21,22,23,24	25,27,29,29,30	28,28,28,28,29	20,20,21,22,23	27,28,29,30,30
YBR082C	UBC4	983,1033,1083,1129,1176	882,924,967,1030,1093	326,327,329,329,330	901,925,948,997,1046	804,841,877,922,967	283,308,333,339,344	1002,1048,1094,1112,1131
YBR083W	TEC1	38,39,39,39,39	51,51,51,56,60	74,76,79,86,94	65,66,67,73,78	118,124,129,131,132	55,56,57,59,60	38,38,38,40,41
YBR084C-A	RPL19A	606,660,714,715,716	714,738,762,762,763	442,448,455,455,456	748,758,768,798,827	997,1012,1026,1047,1067	368,376,384,391,399	592,599,605,639,673
YBR084W	MIS1	37,39,41,41,42	31,33,34,36,37	32,32,33,33,34	38,39,39,40,40	48,49,49,51,52	28,28,28,28,29	35,37,39,41,44
YBR085C-A		2096,2153,2211,2302,2393	2391,2446,2501,2780,3059	2998,2998,2998,3057,3115	2198,2261,2324,2544,2764	1739,1923,2108,2148,2188	3030,3030,3030,3076,3123	1962,2017,2072,2132,2192
YBR085W	AAC3	1,1,1,2,2	2,2,2,2,3	1,1,1,2,2	1,2,3,3,4	0.7,1,2,2,2	1,1,1,2,2	2,3,3,3,3
YBR086C	IST2	119,119,119,119,119	98,98,99,100,101	77,78,79,79,79	89,91,93,95,98	72,72,72,79,85	75,75,75,77,79	121,122,123,123,123
YBR087W	RFC5	41,44,46,50,55	41,42,42,42,43	38,41,44,46,48	43,47,50,50,51	51,54,57,57,57	37,37,38,39,41	45,49,53,55,57
YBR088C	POL30	8,9,9,10,10	1,3,5,6,7	5,5,5,6,7	4,4,4,7,10	17,21,26,29,32	7,8,8,9,9	13,15,18,20,23
YBR089C-A	NHP6B	264,268,273,292,311	142,155,169,181,194	214,216,217,232,247	115,140,166,181,196	91,97,104,114,124	232,235,237,259,282	245,248,252,267,283
YBR089W		0,0.2,0.3,0.4,0.5	0,0,0,0,0	0,0,0,0,0	0,0,0,0,0	0,0,0,0,0	0,0,0,0.1,0.3	0,0,0,0,0
YBR090C		9,9,10,11,12	4,5,6,6,7	24,25,27,28,28	4,6,7,7,7	5,5,6,6,6	24,24,25,28,31	11,11,11,13,14
YBR091C	TIM12	70,72,74,80,87	98,101,103,106,108	51,59,67,68,68	90,91,92,98,103	91,94,97,100,103	43,45,47,50,53	76,78,79,84,89
YBR092C	PHO3	12,13,13,13,13	9,10,10,11,12	12,14,15,16,16	11,11,12,12,12	7,9,10,11,11	11,14,17,17,17	10,11,11,12,13
YBR093C	PHO5	3,3,3,4,4	4,4,4,4,4	5,5,6,6,6	4,4,4,4,5	2,3,4,4,4	6,6,6,6,7	2,3,4,4,5
YBR094W	PBY1	37,38,38,39,40	41,42,43,44,45	34,34,35,36,36	39,40,41,42,42	38,38,39,39,39	30,30,30,32,34	38,38,38,39,39
YBR095C	RXT2	48,50,52,54,56	43,45,46,49,52	53,55,57,59,62	42,44,46,47,48	43,44,46,46,47	56,56,56,57,59	50,51,53,53,53
YBR096W		145,146,147,152,157	122,128,134,142,151	169,173,177,180,183	110,116,121,126,131	98,100,101,102,103	183,192,201,201,201	129,140,151,155,159
YBR097W	VPS15	8,8,8,8,9	7,7,7,8,8	8,9,9,10,10	8,8,8,8,9	6,7,7,8,8	8,8,9,9,9	8,8,8,8,9
YBR098W	MMS4	13,14,15,17,19	15,15,15,15,15	10,10,11,11,12	14,14,14,15,17	13,14,14,16,18	8,9,10,10,11	14,14,15,15,15
YBR099C		0,0,0,0,0	0,0,0,0,0	0,0,0,0,0	0,0,0,0,0	0,0,0,0,0	0,0,0,0,0	0,0,0,0,0
YBR101C	FES1	199,207,214,215,216	184,188,191,203,214	142,144,145,147,149	177,181,186,188,189	165,168,171,171,172	120,123,126,133,140	193,200,207,208,210
YBR102C	EXO84	30,32,33,33,34	30,30,30,32,34	32,32,32,34,36	31,32,33,33,34	27,27,28,28,28	33,34,35,36,36	30,31,32,32,33
YBR103C-A		2,2,2,3,3	0,0.9,2,2,2	0,0,0,0,0	0,0.8,2,3,4	0,0.8,2,2,2	0,0.9,2,3,3	0,0,0,2,4
YBR103W	SIF2	57,57,57,57,58	43,45,47,47,47	53,53,53,54,55	42,43,45,46,48	36,36,36,38,39	53,54,56,58,60	55,57,60,60,60
YBR104W	YMC2	53,57,61,65,68	39,43,46,47,49	61,63,64,68,72	40,40,40,42,43	28,29,30,34,37	75,77,78,80,81	53,56,60,61,62
YBR105C	VID24	28,28,28,33,38	26,26,26,28,29	82,87,92,95,99	21,23,25,26,27	19,20,21,22,23	84,88,91,95,99	32,34,36,39,42
YBR106W	PHO88	500,500,501,518,536	319,355,392,398,405	493,493,493,495,497	384,405,427,427,427	368,380,392,408,425	498,507,515,521,528	503,503,504,512,521
YBR107C	IML3	41,42,44,45,45	46,48,50,50,51	113,118,122,126,129	41,45,48,50,52	38,38,38,41,44	128,131,134,138,141	34,37,39,40,40
YBR108W	AIM3	34,34,35,37,40	40,41,41,45,49	60,61,63,63,63	40,40,41,41,41	33,34,35,36,37	65,65,65,67,69	34,35,35,35,35
YBR109C	CMD1	519,548,576,580,584	502,510,519,526,534	526,541,556,559,562	548,549,550,554,558	465,474,482,511,540	566,577,588,593,598	545,550,555,578,600
YBR109W-A		8,9,10,11,12	7,7,8,9,10	7,8,9,11,14	12,12,12,16,19	7,8,9,10,11	11,12,12,14,15	10,14,18,20,21
YBR110W	ALG1	72,75,78,79,80	73,74,74,76,78	100,104,108,115,123	77,78,78,81,85	61,68,75,76,78	102,103,103,109,114	68,71,74,75,77
YBR111C	YSA1	165,168,171,178,185	208,215,222,229,236	203,205,208,215,222	214,219,225,227,228	198,204,211,213,215	213,215,217,221,226	144,145,146,151,157
YBR111W-A	SUS1	88,95,102,105,107	111,121,131,141,152	152,164,176,182,188	128,129,129,133,136	135,137,138,139,140	134,147,160,164,168	106,106,106,109,112
YBR112C	CYC8	55,58,61,61,62	48,49,50,53,55	24,24,24,24,25	49,49,49,50,51	50,50,51,53,55	23,23,24,25,25	64,65,66,66,66
YBR113W		19,21,23,24,24	16,18,21,24,26	7,8,8,9,10	16,19,21,23,24	22,22,22,26,29	8,9,10,11,11	22,27,32,33,34
YBR114W	RAD16	13,14,14,15,15	9,9,10,10,11	17,19,21,21,22	11,12,12,13,13	11,11,12,12,12	18,20,23,23,24	13,14,14,15,15
YBR115C	LYS2	98,102,105,106,107	81,82,83,87,91	55,58,60,63,66	83,84,84,86,87	82,83,83,85,88	65,69,73,73,73	105,106,108,110,112
YBR116C		0,0,0,0,0	0,0,0,0,0	0,0.1,0.2,0.3,0.3	0,0,0,0,0	0,0,0,0.1,0.3	0.6,0.7,0.9,1,2	0,0,0,0,0
YBR117C	TKL2	7,8,10,10,11	10,10,10,10,10	59,65,71,75,78	9,10,11,11,11	6,8,10,10,10	51,54,57,62,68	7,7,8,8,8
YBR118W	TEF2	732,745,757,774,791	654,685,716,732,747	508,521,534,536,538	674,699,724,750,776	710,733,756,785,813	460,464,469,470,471	692,698,703,703,703
YBR119W	MUD1	58,59,60,61,62	67,71,75,77,79	62,64,66,68,70	65,66,67,70,73	62,66,69,73,76	65,65,65,66,66	53,56,60,60,61
YBR120C	CBP6	97,103,109,111,113	149,151,153,154,155	98,113,128,131,134	143,144,145,148,152	159,160,161,162,164	78,84,90,93,97	102,104,105,110,115
YBR121C-A		0,0,0,0,0	0,0,0,0,0	0,0,0,0,0	0,0,0,0,0	0,0,0,0,0	0,0,0,0,0	0,0,0,0,0
YBR121C	GRS1	183,196,209,209,209	200,204,208,208,208	194,194,195,197,200	199,203,207,209,212	218,219,220,221,222	192,195,199,199,199	193,193,193,202,211
YBR122C	MRPL36	239,252,266,273,279	363,369,375,383,392	224,239,255,257,259	350,360,370,373,377	358,373,388,389,389	179,194,208,211,213	241,251,261,264,267
YBR123C	TFC1	30,32,33,33,33	29,29,29,31,32	33,34,35,37,38	30,30,31,31,31	24,24,25,27,28	34,34,35,35,35	32,34,35,35,36
YBR124W		0,0.4,0.7,1,2	0,0,0,0,0	4,5,5,7,8	0,0,0,0.4,0.8	0,0,0,0,0	2,2,3,3,4	0,0.3,0.6,0.7,0.7
YBR125C	PTC4	86,87,88,88,89	87,89,90,93,96	102,103,105,108,112	87,87,87,88,88	72,73,75,75,75	109,112,115,117,119	83,83,84,85,86
YBR126C	TPS1	174,178,181,209,237	248,252,256,264,271	230,235,239,253,267	228,230,233,236,240	194,200,206,206,206	234,240,246,261,277	161,164,167,181,196
YBR126W-A	MEO1	1,2,3,4,5	1,2,2,3,4	1,3,4,8,11	1,1,1,2,2	1,1,2,2,3	2,5,7,8,8	5,5,5,6,7
YBR126W-B		1,2,2,3,5	0,0,0,0,0	3,3,3,6,8	0,3,5,5,6	0,0,0,2,3	2,4,5,5,6	0,0,0,2,4
YBR127C	VMA2	271,281,292,296,300	289,290,292,294,297	241,244,248,251,255	279,283,287,287,288	275,281,287,291,294	257,257,257,260,263	281,281,282,284,286
YBR128C	ATG14	18,18,18,20,22	18,19,20,20,20	24,25,27,28,30	15,15,16,17,19	14,15,15,16,16	29,30,31,33,35	19,19,19,21,23
YBR129C	OPY1	50,52,54,55,56	48,48,49,53,57	53,56,59,61,62	47,50,53,53,53	52,53,54,55,56	51,54,57,57,57	51,51,52,53,54
YBR130C	SHE3	45,47,49,51,54	41,42,42,44,45	43,44,46,48,50	35,37,40,41,43	33,36,38,38,39	42,44,45,46,47	50,51,52,52,53
YBR131C-A		0,0,0,0,0	0,0,0,0,0	0,0,0,0,0	0,0,0,0,0	0,0,0,0,0	0,0,0,0,0	0,0,0,0,0
YBR131W	CCZ1	12,12,12,13,13	11,12,13,13,13	11,11,11,12,13	9,10,11,12,12	9,9,10,11,12	12,13,13,13,13	12,12,12,13,15
YBR132C	AGP2	133,134,134,142,150	132,143,154,158,162	311,314,317,319,320	138,142,145,147,149	102,106,111,112,112	294,295,295,297,299	127,129,132,138,145
YBR133C	HSL7	47,48,49,50,51	42,42,43,43,44	40,41,42,43,44	40,41,42,42,43	32,33,35,35,35	41,42,42,43,44	47,49,51,51,52
YBR134W		0.6,0.8,1,1,2	0,0.7,1,1,1	0,1,2,3,3	0,0.3,0.7,2,2	0,0.3,0.6,0.7,0.8	0.6,1,1,2,2	0,0.8,2,2,2
YBR135W	CKS1	180,187,193,197,201	150,155,161,161,161	199,203,207,214,222	148,154,161,162,163	140,141,143,144,145	209,214,219,223,227	175,182,189,192,196
YBR136W	MEC1	3,3,3,3,4	4,4,4,4,5	6,6,6,7,7	3,3,4,4,4	3,4,4,4,4	6,6,6,6,6	4,4,4,4,5
YBR137W		111,111,111,114,117	108,112,116,121,125	125,128,132,141,149	101,109,117,119,121	91,94,96,102,107	126,126,127,134,141	116,120,123,125,128
YBR138C		48,51,54,54,54	60,61,62,65,68	41,42,43,45,46	48,51,54,55,56	32,33,34,34,34	37,39,41,42,43	42,47,51,52,53
YBR139W		109,109,109,122,134	142,144,145,150,155	119,133,147,147,147	131,135,138,142,146	102,102,103,108,112	137,154,171,173,175	96,97,99,102,106
YBR140C	IRA1	8,8,8,9,9	9,9,10,10,10	9,9,10,10,10	9,9,10,10,10	8,9,9,10,10	8,9,10,10,10	6,7,7,8,8
YBR141C	BMT2	13,13,14,15,16	15,16,17,17,18	17,18,19,19,19	13,14,15,17,18	16,18,21,22,24	15,16,18,18,19	14,14,15,17,18
YBR141W-A		0,0,0,0,0	0,0,0,0,0	0,0,0,0,0	0,0,0,0,0	0,0,0,0,0	0,0,0,0,0	0,0,0,0,0
YBR142W	MAK5	21,22,23,24,25	20,21,22,23,24	21,21,22,24,27	21,23,24,25,26	28,30,31,32,32	14,14,14,15,16	22,22,22,22,23
YBR143C	SUP45	227,232,236,236,237	210,215,219,229,238	248,252,255,256,258	216,220,224,230,235	235,243,251,256,262	247,253,259,263,268	221,230,238,239,241
YBR144C		1,1,1,2,2	1,1,2,2,3	5,6,6,6,7	1,2,2,2,2	0,0.5,0.9,1,1	4,6,8,10,12	2,2,2,2,2
YBR145W	ADH5	67,71,74,85,96	57,64,71,73,76	142,144,146,148,150	51,57,63,63,64	42,44,46,47,47	200,205,210,219,228	72,79,85,97,109
YBR146W	MRPS9	191,204,218,222,225	344,349,354,361,368	251,254,258,274,290	356,363,370,394,419	392,394,396,419,442	188,189,190,190,191	173,175,177,188,198
YBR147W	RTC2	185,190,195,209,223	184,185,187,192,197	274,277,279,289,300	170,174,177,186,196	130,134,138,144,150	342,350,358,370,381	188,192,196,209,223
YBR148W	YSW1	13,13,13,13,13	12,13,13,14,14	19,19,20,21,22	13,13,14,15,16	8,8,9,9,10	33,33,34,34,35	10,11,12,15,18
YBR149W	ARA1	255,259,262,282,301	359,367,376,377,378	627,640,652,682,711	359,360,361,370,379	281,288,294,303,312	697,718,740,762,783	234,235,235,249,263
YBR150C	TBS1	14,15,16,16,17	17,17,17,18,18	15,16,16,16,16	15,16,16,17,17	17,18,18,18,19	14,16,17,17,17	13,14,15,16,16
YBR151W	APD1	134,136,137,147,157	174,184,194,202,209	162,164,165,176,188	183,186,189,190,192	149,155,161,171,180	153,154,156,159,162	128,130,132,135,138
YBR152W	SPP381	19,19,20,23,27	26,27,28,29,31	31,31,32,34,36	28,29,29,30,31	25,25,26,30,33	28,31,33,34,36	20,20,21,23,25
YBR153W	RIB7	53,53,54,54,54	53,55,57,64,70	68,70,72,72,73	59,61,63,67,71	64,66,69,70,71	57,61,66,66,66	45,47,48,50,52
YBR154C	RPB5	108,119,130,137,145	121,127,132,133,134	127,134,141,142,142	122,131,141,144,147	158,160,161,161,162	110,112,114,115,116	106,110,113,113,113
YBR155W	CNS1	42,43,44,46,49	36,36,37,39,41	35,37,38,44,49	41,41,41,42,42	44,45,45,46,46	26,32,39,41,43	35,36,37,38,39
YBR156C	SLI15	28,28,29,30,31	18,19,19,20,20	12,12,12,13,13	16,16,16,17,18	13,14,16,17,19	9,9,10,10,10	35,35,36,36,37
YBR157C	ICS2	30,30,30,32,34	54,56,57,62,67	37,41,45,45,46	79,79,79,82,86	100,101,103,105,107	35,37,39,41,43	20,26,31,32,32
YBR158W	AMN1	35,39,44,45,47	60,64,67,68,70	19,20,22,24,26	186,186,186,207,229	629,653,677,689,701	21,21,21,21,22	36,40,44,45,45
YBR159W	IFA38	144,144,144,146,147	131,138,145,145,145	185,187,190,191,192	141,142,142,148,155	127,129,130,135,139	181,183,184,189,194	135,137,138,142,147
YBR160W	CDC28	105,110,114,115,116	103,105,107,112,116	108,110,113,116,119	98,99,101,109,117	103,103,103,106,109	109,115,122,124,126	115,118,121,125,129
YBR161W	CSH1	36,37,38,39,40	24,30,37,38,38	47,48,48,50,53	31,32,32,35,38	33,36,38,38,38	37,38,40,40,40	35,37,38,38,39
YBR162C	TOS1	676,688,699,723,747	421,424,427,441,456	170,174,178,178,179	396,410,425,431,438	520,532,545,553,561	134,136,138,141,145	728,732,736,754,773
YBR162W-A	YSY6	457,475,494,501,509	354,360,367,384,401	285,293,300,303,305	328,363,399,410,421	438,441,443,451,458	269,272,275,276,277	496,520,544,551,558
YBR163W	EXO5	26,27,28,28,29	27,29,31,31,32	26,29,32,33,34	28,30,32,33,33	27,27,28,31,34	31,31,32,32,32	28,28,28,29,29
YBR164C	ARL1	150,159,167,170,174	157,158,159,166,173	120,123,127,132,136	151,158,164,171,177	133,137,142,151,159	108,119,130,131,131	152,155,159,159,160
YBR165W	UBS1	61,61,62,63,65	57,59,62,64,66	87,88,89,92,94	58,60,62,63,63	42,50,57,58,59	77,83,88,90,91	64,65,65,68,70
YBR166C	TYR1	66,66,66,67,67	61,61,61,62,63	66,66,67,70,74	56,57,58,60,63	54,56,58,60,61	72,73,75,75,76	58,60,61,64,66
YBR167C	POP7	51,54,57,62,67	55,57,59,60,62	169,185,201,203,204	48,49,50,54,59	51,52,52,54,57	173,191,210,213,215	52,52,52,56,60
YBR168W	PEX32	31,31,32,33,34	32,34,36,37,37	110,111,112,116,121	33,34,34,35,35	27,27,27,30,33	88,91,94,99,104	30,30,31,33,34
YBR169C	SSE2	34,35,36,38,39	42,42,42,47,51	45,46,47,47,47	39,39,39,39,40	32,33,34,36,38	39,40,42,43,44	34,35,35,37,39
YBR170C	NPL4	81,83,84,85,86	70,72,73,75,78	129,131,133,134,136	70,73,75,75,76	66,67,67,69,70	129,132,135,137,140	74,75,77,80,83
YBR171W	SEC66	119,122,125,129,132	113,123,132,134,135	168,175,181,187,192	122,124,125,130,134	120,123,125,134,142	172,174,176,177,178	123,124,126,135,144
YBR172C	SMY2	60,66,71,72,73	65,65,66,70,75	30,31,31,35,38	69,75,81,82,83	74,75,77,79,81	30,31,32,34,37	52,56,60,61,62
YBR173C	UMP1	462,478,494,529,565	525,531,537,602,666	465,490,514,515,516	527,530,533,583,633	480,491,501,569,638	549,569,589,599,609	459,461,463,472,481
YBR174C		0,0,0,0,0	0,0,0,0.4,0.8	0,0,0,0,0	0,0,0,0.5,1	0,0.3,0.7,0.9,1	0,0,0,0.4,0.8	0,0.3,0.7,0.9,1
YBR175W	SWD3	27,27,27,27,28	16,18,21,24,27	30,30,30,31,32	24,25,25,25,26	18,18,18,19,19	26,26,27,28,29	18,21,24,26,27
YBR176W	ECM31	60,61,63,63,63	59,66,72,72,73	82,85,88,94,101	63,65,68,69,71	51,58,64,64,65	85,86,86,92,97	60,62,63,64,66
YBR177C	EHT1	194,199,204,211,218	234,235,236,236,236	206,211,215,219,222	233,234,234,237,239	215,219,224,224,225	209,229,248,251,254	181,188,195,201,206
YBR178W		0.6,0.6,0.7,1,2	0,0,0,0.7,1	2,2,2,3,5	0,0.3,0.5,1,2	0,0.3,0.5,0.6,0.6	0.6,0.9,1,2,2	0.5,1,2,3,4
YBR179C	FZO1	53,53,54,55,56	68,70,72,72,73	62,63,65,65,66	65,67,69,72,75	71,71,71,71,72	58,60,62,62,62	54,54,54,54,55
YBR180W	DTR1	5,6,6,7,8	5,5,5,6,7	5,5,5,5,6	5,5,5,6,7	4,4,5,5,5	6,6,6,6,7	5,5,6,6,6
YBR181C	RPS6B	251,271,291,296,300	269,273,276,297,318	182,189,195,198,200	288,301,314,328,341	424,424,424,441,458	150,151,152,155,157	238,238,239,256,273
YBR182C-A		8,8,8,9,9	3,5,6,7,8	1,2,2,3,3	3,4,6,8,11	4,6,8,8,9	3,3,4,7,9	4,4,4,5,7
YBR182C	SMP1	11,11,11,12,12	7,8,8,9,10	8,9,9,10,10	8,9,10,11,12	9,11,13,13,14	8,8,8,9,9	11,12,12,15,17
YBR183W	YPC1	19,24,28,29,29	36,38,40,40,40	61,67,73,73,73	39,40,42,43,43	35,36,36,37,37	55,57,59,64,68	25,25,25,27,28
YBR184W		10,11,11,12,12	5,5,5,6,7	13,13,13,14,14	5,5,5,5,6	5,5,6,6,6	12,12,12,13,14	15,15,15,16,16
YBR185C	MBA1	141,147,154,154,154	195,202,209,216,223	114,121,127,133,138	200,200,200,202,205	194,195,196,197,199	85,86,87,90,94	132,135,138,140,143
YBR186W	PCH2	11,11,11,11,11	9,10,10,10,10	8,9,10,11,13	7,7,7,9,10	4,5,6,8,9	10,10,11,11,11	10,11,11,12,13
YBR187W	GDT1	94,95,96,97,97	73,76,80,82,84	50,57,64,66,68	76,76,76,79,81	63,68,72,77,83	59,60,60,61,61	102,104,107,110,113
YBR188C	NTC20	74,75,77,77,77	68,72,77,77,77	81,81,82,87,91	70,73,77,83,89	68,68,68,72,75	85,89,92,93,94	69,71,72,74,76
YBR189W	RPS9B	487,552,617,635,654	556,588,620,637,653	288,304,321,325,329	639,641,644,664,684	921,981,1042,1050,1057	210,224,238,246,255	491,505,518,568,618
YBR190W		0,0.4,0.7,0.7,0.8	0,0,0,0,0	0,0.3,0.6,0.7,0.8	0,0,0,0,0	0,0,0,0.5,0.9	0,0,0,0.4,0.8	0,1,2,4,5
YBR191W-A		0,0,0,1,3	0,0,0,0,0	0,0,0,1,3	0,0,0,0,0	0,0,0,0,0	0,2,3,3,3	0,0,0,1,3
YBR191W	RPL21A	364,421,477,485,492	449,472,496,504,513	229,231,233,241,249	500,522,544,545,545	767,768,769,791,813	182,186,190,195,200	359,380,400,412,424
YBR192W	RIM2	44,46,47,48,49	62,65,68,70,72	32,33,34,37,40	72,72,73,73,74	77,79,80,80,80	34,35,36,36,36	40,42,43,47,51
YBR193C	MED8	45,49,54,54,55	56,57,57,61,64	71,73,75,77,80	54,54,55,59,63	47,48,48,50,53	75,75,75,76,77	49,50,51,51,52
YBR194W	AIM4	64,67,71,72,73	74,80,86,94,102	106,107,107,111,115	64,74,84,87,90	62,64,65,71,77	109,113,116,122,129	62,64,66,68,71
YBR195C	MSI1	29,31,33,33,33	32,32,33,34,34	36,37,39,39,39	34,35,36,37,38	35,35,35,37,39	35,37,39,39,40	29,30,30,32,34
YBR196C-A		3,4,4,6,7	4,4,5,5,5	6,6,6,7,8	5,6,6,10,14	6,6,6,7,7	5,5,5,10,14	1,3,5,5,5
YBR196C-B		17,18,19,22,25	11,12,12,14,16	11,12,13,14,15	8,12,17,19,22	7,12,18,22,27	24,24,24,29,34	4,7,10,12,15
YBR196C	PGI1	210,213,216,218,220	220,230,240,241,243	128,133,139,145,151	259,262,265,274,282	243,247,251,252,252	110,111,113,117,121	199,204,209,209,209
YBR197C		60,60,61,62,64	57,57,57,60,63	53,54,56,60,64	67,72,76,77,79	58,60,62,65,67	56,56,57,60,63	65,65,65,66,68
YBR198C	TAF5	45,46,46,46,46	42,43,43,44,45	33,34,34,36,39	44,46,48,48,48	45,45,45,46,46	35,36,37,38,40	43,44,46,47,48
YBR199W	KTR4	136,138,141,143,146	138,138,139,140,141	163,164,166,172,178	139,142,146,147,148	143,145,147,150,153	170,171,172,172,173	132,133,133,140,146
YBR200W-A		1,2,3,6,9	1,2,3,5,6	3,5,7,8,9	3,4,5,6,7	3,3,3,4,5	3,3,3,3,3	4,6,7,9,11
YBR200W	BEM1	83,85,88,91,94	93,98,102,105,108	183,184,185,193,201	98,98,98,99,101	94,96,97,102,108	186,187,189,189,189	82,83,85,86,88
YBR201C-A		61,68,75,84,94	53,57,60,73,86	67,75,83,86,88	58,58,58,72,85	53,57,61,68,76	63,68,73,75,76	78,80,82,92,102
YBR201W	DER1	44,45,45,46,48	50,51,53,53,54	58,59,59,59,60	42,45,47,51,54	49,51,54,55,57	58,60,62,64,66	44,47,50,50,51
YBR202W	MCM7	24,25,26,27,27	69,71,73,76,79	39,39,39,40,40	83,84,86,87,88	87,88,90,91,93	34,35,36,37,38	20,21,22,22,23
YBR203W	COS111	27,27,28,28,28	29,29,29,30,30	70,72,73,77,81	27,29,30,31,31	26,27,27,29,31	63,63,63,64,65	27,28,30,32,33
YBR204C	LDH1	51,52,53,54,55	57,58,60,63,66	76,77,77,78,79	58,62,65,66,66	53,53,54,61,69	81,82,83,88,93	48,49,50,51,52
YBR205W	KTR3	72,72,72,72,73	59,63,67,67,68	63,66,68,69,69	59,62,64,66,69	56,59,62,67,72	56,59,62,64,66	74,75,76,78,79
YBR206W		7,7,7,9,10	6,6,7,9,10	5,5,5,6,6	4,4,5,5,6	4,5,5,6,7	5,6,7,8,9	8,9,9,11,13
YBR207W	FTH1	146,147,147,154,160	158,160,163,166,169	247,251,254,254,255	172,174,177,180,183	186,188,190,191,192	214,214,215,217,219	155,157,159,163,166
YBR208C	DUR1,2	19,20,21,23,25	19,20,21,22,24	14,15,16,16,17	16,17,17,18,19	9,9,10,10,10	17,18,20,21,23	16,16,17,20,24
YBR209W		38,39,40,43,47	26,28,29,34,39	53,55,58,63,68	29,31,33,35,36	24,29,35,35,36	59,63,67,68,70	32,33,33,36,39
YBR210W	ERV15	109,111,114,116,118	108,112,116,116,116	123,135,147,147,148	115,116,116,116,116	99,100,102,103,103	151,156,162,162,163	102,105,107,116,125
YBR211C	AME1	32,32,33,33,34	32,33,34,36,38	35,35,35,35,35	31,31,31,31,31	29,31,32,33,35	36,36,36,38,40	30,30,30,32,34
YBR212W	NGR1	169,171,173,181,188	167,171,175,178,182	251,258,264,278,293	166,166,166,169,172	151,152,152,158,163	288,295,303,316,329	159,165,172,172,172
YBR213W	MET8	39,41,43,44,44	62,64,67,72,77	70,72,73,76,79	66,67,67,73,79	86,87,88,90,92	58,65,71,71,71	44,51,59,60,62
YBR214W	SDS24	79,80,82,96,110	98,100,102,109,116	134,137,140,155,170	86,86,87,91,95	64,67,70,74,79	160,163,166,183,199	78,81,84,91,99
YBR215W	HPC2	38,38,38,39,39	39,39,40,41,42	39,39,39,43,46	36,37,38,39,41	35,36,36,37,37	35,39,43,43,43	37,37,38,39,41
YBR216C	YBP1	37,38,39,39,40	37,38,39,41,42	44,46,48,48,49	33,35,37,38,38	26,30,35,35,36	47,47,48,49,49	37,38,38,40,43
YBR217W	ATG12	38,39,41,43,46	45,46,46,47,47	55,55,55,58,61	29,31,32,33,34	25,28,31,35,38	57,57,58,58,58	31,35,40,46,52
YBR218C	PYC2	107,110,113,115,117	112,114,116,119,121	87,89,91,91,91	108,111,113,115,117	95,96,98,98,99	99,99,99,100,100	103,105,107,107,107
YBR219C		0.6,0.6,0.6,0.6,0.7	0,0,0,0.7,1	0.8,0.9,1,1,2	0.6,0.9,1,1,1	0,0.3,0.6,1,2	0,0.4,0.7,2,3	0.5,0.6,0.6,0.6,0.7
YBR220C		29,30,31,32,33	34,35,36,38,39	49,49,49,50,51	34,36,38,39,40	33,33,33,35,36	53,54,55,56,57	32,32,32,32,33
YBR221C	PDB1	579,589,600,629,657	718,722,725,750,774	843,864,885,894,902	738,746,754,773,793	648,653,657,668,678	881,901,921,939,958	572,580,589,593,597
YBR221W-A		0,0,0,1,2	0,0,0,1,3	0,3,6,7,7	0,0,0,1,2	0,0,0,0,0	0,1,2,5,8	0,0,0,0,0
YBR222C	PCS60	249,254,259,265,271	210,222,233,241,249	121,124,127,130,132	202,211,219,223,227	181,184,186,189,191	122,125,128,129,129	215,236,258,261,265
YBR223C	TDP1	10,10,10,11,11	12,12,12,14,16	16,18,21,21,21	12,13,13,13,13	10,11,12,13,13	17,19,21,22,22	7,8,9,10,11
YBR223W-A		0,0,0,0,0	0,0,0,0,0	0,0,0,0,0	0,0,0,0,0	0,0,0,0,0	0,0,0,0,0	0,0,0,0,0
YBR224W		0.4,0.4,0.4,0.8,1	0.5,0.7,0.9,1,2	1,2,2,3,4	0,0.5,1,2,2	0,0.1,0.3,0.3,0.4	0.9,1,2,2,3	1,1,1,1,2
YBR225W		20,20,20,20,20	18,20,23,23,24	39,39,40,42,45	20,20,20,21,22	18,18,19,20,20	40,40,40,40,40	15,16,18,18,19
YBR226C		3,3,3,5,6	3,4,4,5,5	8,8,9,10,10	2,3,5,5,5	2,2,3,3,4	4,7,10,12,13	3,3,3,4,4
YBR227C	MCX1	35,38,41,44,46	41,41,41,44,46	31,35,39,40,42	42,42,43,43,44	39,41,43,45,47	39,41,42,43,44	34,35,35,36,37
YBR228W	SLX1	25,26,27,28,29	28,30,32,32,32	42,45,48,49,50	26,28,29,30,30	23,24,25,26,28	46,48,49,51,53	25,26,26,27,27
YBR229C	ROT2	33,33,34,34,34	36,37,37,38,39	33,36,39,39,39	36,36,37,38,39	32,33,34,35,37	33,35,36,38,40	29,29,29,31,33
YBR230C	OM14	1877,1910,1944,1986,2027	2126,2153,2181,2192,2203	2975,2975,2975,3032,3088	2029,2078,2127,2203,2278	2045,2045,2045,2059,2073	3470,3493,3515,3515,3515	1693,1710,1728,1818,1907
YBR230W-A		49,59,69,76,82	49,57,65,72,79	32,38,44,47,50	57,62,68,71,75	62,65,69,69,69	40,41,42,47,51	68,68,69,82,95
YBR231C	SWC5	42,42,43,43,43	46,46,46,51,56	41,44,47,47,47	45,47,48,50,52	45,46,47,47,48	43,44,45,47,50	36,36,36,37,39
YBR232C		0,1,2,3,4	0.7,1,1,2,3	2,2,2,3,4	1,1,2,3,4	2,2,2,3,3	2,2,2,3,4	0.7,0.9,1,1,1
YBR233W-A	DAD3	150,152,155,166,177	99,111,124,125,126	95,106,118,119,121	104,104,104,107,110	74,86,99,103,107	91,103,114,115,117	167,174,180,185,189
YBR233W	PBP2	28,30,32,33,34	34,35,36,38,40	41,41,41,41,41	27,27,27,29,31	33,34,35,37,38	40,41,42,44,45	28,29,30,32,34
YBR234C	ARC40	145,148,151,158,165	183,184,184,188,192	155,161,166,167,167	179,180,181,181,182	151,152,153,155,156	146,148,150,153,155	138,146,153,160,166
YBR235W	VHC1	18,19,20,21,21	20,20,20,22,23	31,32,32,33,34	19,20,21,21,21	14,16,17,19,21	33,33,33,33,33	18,18,18,19,19
YBR236C	ABD1	62,65,67,68,68	56,58,60,67,73	63,65,67,70,73	57,59,61,63,65	56,57,59,62,66	60,62,64,67,71	61,62,64,64,64
YBR237W	PRP5	27,28,29,29,29	31,32,33,34,35	40,42,44,44,45	28,30,31,32,32	26,27,28,28,29	44,44,45,45,46	25,26,28,29,30
YBR238C		7,7,7,8,8	5,6,7,7,8	7,7,8,8,8	6,6,6,7,8	5,5,6,6,6	6,6,7,8,8	7,7,8,8,9
YBR239C	ERT1	19,20,22,22,22	20,22,23,23,23	23,24,25,26,26	21,22,23,23,24	19,20,20,22,23	22,22,22,23,24	18,19,19,20,21
YBR240C	THI2	9,10,11,11,12	14,14,14,14,14	12,12,13,13,14	12,12,12,12,13	11,12,12,12,12	12,13,14,14,15	11,11,11,11,12
YBR241C		62,69,76,78,81	50,53,56,57,58	212,221,230,238,246	53,54,54,57,59	48,49,50,50,51	229,230,231,233,235	76,79,81,82,82
YBR242W		97,98,99,107,116	96,97,97,99,100	102,106,109,113,117	87,91,94,97,101	84,91,98,101,104	106,106,107,110,113	102,106,110,112,113
YBR243C	ALG7	73,75,76,77,78	52,54,55,56,57	38,41,43,43,43	46,48,50,51,52	38,42,47,47,47	44,45,45,46,46	81,82,83,84,85
YBR244W	GPX2	28,28,28,31,35	29,29,29,30,30	55,56,58,62,66	27,31,35,36,37	26,30,34,36,38	48,52,55,57,58	31,32,33,35,37
YBR245C	ISW1	24,25,25,25,26	23,24,25,26,27	22,22,23,24,25	23,24,25,25,25	23,24,25,25,26	22,22,23,24,25	25,25,26,26,27
YBR246W	RRT2	30,32,34,34,34	31,31,31,33,36	49,50,52,53,53	34,34,35,36,37	33,33,33,37,41	44,44,44,46,48	32,33,35,35,35
YBR247C	ENP1	37,38,38,40,41	33,33,33,35,36	30,32,33,34,34	36,37,37,38,39	37,37,37,43,49	23,23,23,27,30	31,33,35,37,39
YBR248C	HIS7	136,136,136,140,143	116,124,133,138,143	151,156,162,166,171	113,120,127,131,135	114,118,122,126,131	183,190,197,202,208	136,139,141,142,143
YBR249C	ARO4	551,576,600,618,635	403,438,473,484,494	374,402,430,435,439	450,457,464,487,510	445,452,460,472,484	460,463,465,470,475	526,558,590,604,618
YBR250W	SPO23	6,7,7,8,8	5,5,6,6,7	7,7,8,8,8	4,6,7,7,7	4,5,5,5,5	9,9,10,10,11	7,8,9,9,9
YBR251W	MRPS5	57,65,72,73,73	94,98,103,106,109	46,53,59,62,65	103,105,107,107,108	107,109,110,115,119	35,40,46,50,55	57,61,66,66,66
YBR252W	DUT1	83,85,88,95,102	72,72,72,80,88	55,55,55,58,60	69,75,81,86,91	67,71,74,82,90	57,58,58,59,59	100,103,106,109,111
YBR253W	SRB6	82,88,93,97,100	96,97,98,104,110	104,110,116,117,118	87,91,96,98,99	64,72,80,92,104	109,116,124,128,131	80,84,88,95,102
YBR254C	TRS20	54,54,55,55,56	35,36,38,41,45	27,29,31,37,42	34,36,37,38,38	30,35,41,41,41	35,36,37,38,40	54,55,55,58,61
YBR255C-A	RCF3	180,186,191,194,197	189,198,206,209,211	286,287,288,301,315	192,195,197,199,200	169,173,177,181,186	297,298,299,314,329	178,188,198,199,201
YBR255W	MTC4	27,27,27,28,30	25,27,29,29,29	33,33,33,35,37	24,26,27,28,29	25,25,26,26,27	29,32,35,36,37	23,24,25,26,27
YBR256C	RIB5	485,511,538,565,593	435,439,444,454,465	595,620,645,651,658	388,394,400,421,441	331,338,345,352,360	754,775,797,831,866	493,522,551,557,563
YBR257W	POP4	44,45,46,49,51	40,41,43,45,48	89,90,92,95,98	41,43,44,44,44	41,43,44,45,45	81,87,94,94,95	46,46,46,49,51
YBR258C	SHG1	28,31,34,35,36	43,46,49,53,57	60,62,63,68,72	42,44,47,48,48	35,42,49,52,54	45,50,55,56,57	38,39,39,41,43
YBR259W		20,20,21,21,22	21,21,22,22,22	32,32,33,33,34	19,20,21,21,21	19,19,19,21,23	29,29,30,30,31	21,21,21,22,22
YBR260C	RGD1	37,37,37,37,37	38,39,40,41,42	35,36,37,38,38	37,37,37,37,38	30,31,31,34,36	33,33,33,36,39	36,36,37,38,39
YBR261C	TAE1	63,64,65,67,68	61,62,63,65,66	41,41,42,44,47	59,66,73,73,74	59,63,68,70,72	42,44,47,50,54	53,54,54,56,58
YBR262C		297,312,326,329,332	402,408,413,414,415	316,318,320,337,355	424,426,428,442,457	409,413,418,437,455	274,275,276,301,326	279,292,305,309,314
YBR263W	SHM1	181,181,182,185,187	156,158,159,166,172	247,250,253,261,269	165,167,169,173,177	146,151,156,161,165	252,254,256,265,275	175,178,181,183,185
YBR264C	YPT10	52,53,53,54,54	48,49,50,54,58	71,72,73,75,77	35,40,45,46,46	38,40,43,46,50	70,75,79,80,82	49,52,55,55,56
YBR265W	TSC10	99,100,101,103,104	75,76,76,77,78	97,100,102,105,109	69,72,75,76,77	70,70,71,71,71	85,88,91,93,94	101,103,105,106,106
YBR266C	SLM6	0,0,0,0,0	0,0,0,0,0	0,0,0,0,0	0,0,0,0,0	0,0,0,0,0	0,0,0,0,0	0,0,0,0,0
YBR267W	REI1	24,25,26,26,27	21,22,22,23,24	44,44,44,46,48	25,25,25,26,26	24,25,25,26,28	36,37,38,39,40	21,22,23,23,23
YBR268W	MRPL37	137,145,153,167,182	202,208,214,221,229	132,143,154,154,155	216,224,231,241,252	222,227,231,231,231	112,118,124,136,149	136,155,173,173,173
YBR269C	SDH8	255,266,276,291,307	297,309,321,324,327	389,399,409,412,414	294,296,299,303,307	221,222,224,239,254	411,439,468,473,479	254,261,268,272,277
YBR270C	BIT2	11,11,11,12,12	11,12,13,14,14	23,24,24,25,26	11,12,13,14,14	12,12,12,12,13	26,27,28,29,30	12,12,12,13,13
YBR271W	EFM2	19,20,22,22,23	17,19,20,20,21	15,16,16,16,16	15,17,20,21,21	19,20,21,22,24	15,15,16,17,18	20,21,22,24,26
YBR272C	HSM3	35,36,37,37,38	34,37,41,43,45	38,41,43,45,46	40,40,40,43,45	35,36,36,37,38	39,41,42,44,45	36,37,39,39,39
YBR273C	UBX7	54,55,56,58,60	68,68,68,69,69	67,69,72,74,76	63,63,63,66,69	62,65,68,69,70	69,71,72,75,78	48,49,50,51,52
YBR274W	CHK1	35,36,37,37,38	36,37,38,40,42	51,55,58,59,60	37,39,41,42,44	31,34,36,38,40	48,50,53,55,57	38,39,39,40,42
YBR275C	RIF1	12,13,14,14,14	10,11,11,11,12	9,10,11,11,11	10,10,11,11,11	14,15,15,15,16	11,12,12,12,12	15,15,16,16,17
YBR276C	PPS1	45,47,49,49,49	47,48,49,50,51	70,72,75,78,82	48,49,50,50,50	48,49,49,50,51	76,77,78,78,78	47,48,49,52,55
YBR277C		0,0,0,0.3,0.6	0,0,0,0,0	0.6,0.6,0.7,0.9,1	0,0,0,0,0	0,0,0,0,0	0,0,0,0.3,0.6	0,0,0,0.3,0.7
YBR278W	DPB3	26,29,31,32,33	27,28,28,29,30	39,41,43,43,43	26,27,29,29,29	23,24,25,29,33	47,47,47,48,50	26,29,31,31,31
YBR279W	PAF1	103,105,107,111,115	94,101,109,120,130	136,139,141,142,143	98,99,100,107,113	91,94,96,102,108	141,143,144,151,157	101,104,107,108,109
YBR280C	SAF1	32,33,34,37,40	40,41,41,43,46	115,120,125,127,128	36,37,38,39,40	31,31,31,32,34	121,127,133,139,146	31,31,32,35,37
YBR281C	DUG2	28,29,30,31,32	40,41,41,41,41	30,34,37,39,41	34,35,35,35,35	37,37,38,38,39	35,36,38,40,43	30,31,32,34,35
YBR282W	MRPL27	107,116,125,129,134	168,173,179,183,188	94,94,94,104,113	180,180,180,187,194	169,171,172,182,193	77,82,88,89,89	110,112,113,115,117
YBR283C	SSH1	182,182,183,187,192	168,170,172,176,180	201,204,207,209,212	174,178,183,185,187	177,177,177,178,178	201,211,221,226,231	161,166,171,174,176
YBR284W		10,11,12,13,13	14,15,16,16,16	26,27,29,29,30	13,13,13,14,14	10,11,11,12,14	27,28,29,29,30	10,11,11,11,12
YBR285W		85,89,93,93,93	62,66,70,72,75	234,244,254,262,270	51,54,56,59,61	34,35,37,39,41	239,250,262,270,279	86,89,91,103,114
YBR286W	APE3	360,373,387,431,476	414,430,445,456,467	502,521,540,559,578	408,417,426,446,467	363,374,385,407,429	602,607,613,638,664	352,355,358,361,365
YBR287W		73,73,73,77,80	73,74,75,76,76	103,104,106,106,106	75,77,80,81,82	69,73,78,82,85	85,91,97,97,98	71,74,76,78,81
YBR288C	APM3	32,34,36,37,38	28,31,34,34,35	22,24,26,27,28	34,34,34,35,37	30,33,35,35,35	19,21,24,24,24	30,31,33,35,37
YBR289W	SNF5	31,33,34,35,37	24,25,27,28,29	27,27,27,27,27	24,25,26,27,28	19,21,22,22,22	23,23,24,25,27	33,33,34,34,34
YBR290W	BSD2	99,99,100,104,107	102,107,111,112,112	126,133,140,141,143	96,99,101,107,112	95,100,104,108,112	114,116,119,125,130	97,99,100,101,102
YBR291C	CTP1	91,96,102,103,104	81,85,90,92,93	33,34,36,36,36	83,84,85,86,86	88,93,97,100,102	34,35,37,39,40	90,91,93,105,117
YBR292C		10,10,11,11,11	12,14,15,17,19	16,18,20,22,24	7,9,11,11,12	12,12,13,13,13	16,19,21,26,30	7,8,8,12,15
YBR293W	VBA2	36,37,37,38,40	35,35,35,35,36	115,119,122,124,125	35,36,37,39,41	29,30,31,35,38	123,124,124,126,128	37,38,40,40,41
YBR294W	SUL1	270,277,284,307,329	393,395,397,402,408	538,539,540,565,590	343,344,345,359,372	404,411,419,430,442	554,578,602,620,639	426,426,426,433,439
YBR295W	PCA1	33,34,36,38,40	33,34,34,35,36	52,53,53,58,64	31,31,31,32,33	27,27,27,27,28	62,65,68,72,76	32,33,33,37,41
YBR296C-A		40,43,47,61,75	57,59,61,62,63	141,146,151,154,156	70,75,79,82,86	67,71,75,79,82	99,104,109,115,120	53,54,56,65,74
YBR296C	PHO89	164,172,179,186,193	143,155,166,167,167	758,841,925,964,1002	222,234,247,258,270	379,392,404,418,433	599,712,826,828,831	199,219,240,241,241
YBR297W	MAL33	172,174,177,182,187	181,182,182,191,200	181,183,186,193,201	171,178,184,191,197	158,160,162,166,171	198,198,199,201,202	164,164,165,170,174
YBR298C-A		2,3,4,4,4	2,3,5,5,5	9,11,13,14,15	3,5,7,9,11	7,8,9,12,14	8,10,12,13,14	3,5,6,7,8
YBR298C	MAL31	77,78,79,79,79	75,78,81,83,85	168,169,170,186,201	75,78,81,83,85	74,76,78,80,81	142,144,147,153,159	71,73,74,78,83
YBR299W	MAL32	13,13,13,14,14	10,10,11,12,12	36,36,36,37,37	12,12,12,12,13	10,12,14,14,14	29,29,30,31,31	13,13,13,13,14
YBR300C		1,1,1,1,1	0.5,0.7,0.9,2,3	2,2,2,3,3	1,3,4,4,4	2,3,3,3,4	4,4,4,5,5	2,2,2,3,3
YBR301W	PAU24	1,2,3,4,5	3,3,4,5,6	4,4,4,5,5	1,2,2,3,3	1,2,2,3,4	4,4,5,5,6	2,2,2,2,3
YBR302C	COS2	0.4,0.7,1,1,2	0.7,0.8,0.8,0.9,0.9	1,2,2,2,3	0.4,0.7,1,1,2	1,2,2,2,3	2,2,2,3,4	0.9,1,1,2,2
YCL001W-A		5,6,8,8,9	5,5,6,7,9	7,8,10,11,13	4,5,7,8,10	5,6,6,7,7	12,12,12,13,14	4,5,6,7,9
YCL001W-B		12,12,12,13,14	12,13,14,15,17	28,29,30,35,41	18,18,19,19,19	10,13,15,16,17	25,26,27,31,35	19,21,23,27,31
YCL001W	RER1	165,166,167,169,172	121,134,148,149,149	194,206,218,220,222	130,134,138,149,159	129,135,141,149,158	201,204,206,213,219	169,186,203,206,210
YCL002C		38,40,43,43,43	38,38,39,39,40	67,68,69,74,80	33,36,39,41,42	38,40,42,43,44	66,70,73,76,79	38,41,45,47,50
YCL004W	PGS1	20,21,22,22,22	21,21,21,21,22	39,40,41,41,42	20,21,21,21,22	19,20,21,23,25	32,33,33,36,39	20,20,20,21,21
YCL005W-A	VMA9	34,35,36,37,38	15,23,30,32,35	20,21,23,26,29	24,25,26,28,30	25,27,29,34,39	19,20,21,23,25	36,40,44,46,47
YCL005W	LDB16	53,53,54,55,56	56,57,57,59,60	99,103,106,110,113	53,54,54,55,56	53,54,55,58,61	111,113,115,118,121	56,57,58,58,59
YCL007C		0,0,0,0.3,0.6	0,0,0,0,0	0.4,0.5,0.6,1,2	0,0,0,0,0	0,0,0,0,0	0,0.4,0.7,0.9,1	0,0,0,0,0
YCL008C	STP22	35,36,37,40,43	39,40,42,42,43	56,57,58,60,61	39,40,42,42,43	35,35,35,38,41	58,61,64,65,66	34,35,36,37,38
YCL009C	ILV6	497,529,561,596,632	441,458,476,496,516	520,526,533,557,581	449,473,497,505,512	399,420,442,458,475	604,616,628,647,666	524,547,571,573,575
YCL010C	SGF29	57,58,60,60,61	41,49,57,58,59	60,66,72,77,82	47,49,51,54,57	42,44,46,49,52	76,76,76,80,83	52,53,55,58,60
YCL011C	GBP2	115,116,116,122,128	130,133,137,143,149	141,147,153,157,160	130,135,140,144,149	142,144,145,146,147	154,155,156,160,165	117,119,121,123,125
YCL012C		58,60,61,63,64	57,61,66,70,74	86,92,98,107,116	63,69,75,76,76	75,76,76,77,77	84,96,107,113,119	53,56,58,62,67
YCL014W	BUD3	24,25,26,26,26	19,20,20,20,20	12,12,12,13,14	18,18,18,19,20	12,13,14,14,15	12,12,13,13,14	28,28,28,29,29
YCL016C	DCC1	40,41,41,41,42	32,35,37,38,38	44,44,45,45,45	36,37,38,41,45	35,37,38,39,40	42,43,45,47,50	42,42,42,43,45
YCL017C	NFS1	123,125,127,127,127	113,124,135,136,137	138,140,141,145,149	129,132,136,136,137	118,126,134,136,139	133,134,134,136,137	118,121,125,128,132
YCL018W	LEU2	448,452,455,467,478	535,555,574,576,578	209,212,215,221,227	580,592,604,604,605	535,564,593,600,608	202,206,210,213,215	375,384,393,395,396
YCL019W		2,2,2,3,3	3,3,4,4,4	4,4,4,4,5	3,3,4,4,4	2,3,3,4,4	4,4,4,4,4	2,2,2,2,3
YCL020W		0,0,0,0,0	0,0,0,0,0	0,0,0,0,0	0,0,0,0,0	0,0,0,0,0	0,0,0,0,0	0,0,0,0,0
YCL021W-A		15,15,16,16,17	17,20,23,23,24	14,14,15,16,16	23,23,23,24,24	14,15,17,17,17	20,22,25,26,27	13,14,15,17,19
YCL022C		0,0,0,0,0	0,0,0,0,0	0,0,0,0,0	0,0,0,0,0	0,0,0,0,0	0,0,0,0,0	0,0,0,0,0
YCL023C		0,0,0,0.4,0.7	0,0,0,0.8,2	0,0,0,0.6,1	0,0.3,0.6,0.7,0.8	0,0,0,0,0	0,0,0,1,2	0,0,0,0,0
YCL024W	KCC4	4,4,4,5,5	6,6,6,7,7	6,7,7,8,8	8,9,9,10,11	21,22,23,23,23	6,7,8,8,8	5,6,7,7,7
YCL025C	AGP1	19,20,20,23,26	20,20,20,22,24	65,68,71,88,105	15,17,18,19,19	18,18,18,19,20	55,55,55,66,76	19,19,19,20,20
YCL026C-A	FRM2	11,13,14,15,16	5,6,8,8,8	30,35,39,40,40	9,9,9,11,12	4,5,6,8,10	51,51,52,54,57	14,14,15,19,23
YCL026C-B	HBN1	115,125,134,138,141	138,140,143,154,166	133,136,138,142,146	129,131,132,140,149	133,140,146,152,158	132,138,144,162,180	157,168,179,183,186
YCL027W	FUS1	9,9,9,10,10	9,10,10,10,10	40,40,41,48,55	9,9,9,9,9	11,11,11,12,12	34,36,37,38,39	10,10,10,11,12
YCL028W	RNQ1	131,132,134,139,145	140,140,140,154,167	172,180,189,190,191	152,153,155,157,160	134,138,142,151,160	184,185,186,187,188	127,132,138,146,154
YCL029C	BIK1	44,44,44,45,45	43,43,44,44,44	43,44,44,45,46	43,43,43,44,45	41,43,45,46,46	35,37,39,44,49	43,43,44,44,44
YCL030C	HIS4	487,518,549,549,549	407,409,410,430,449	349,349,349,376,403	412,413,414,429,444	381,387,393,402,411	503,503,503,519,535	564,582,600,623,646
YCL031C	RRP7	78,82,85,92,98	89,89,90,94,97	103,103,103,108,113	84,92,101,102,103	96,101,106,107,107	96,96,96,102,107	75,78,82,85,89
YCL032W	STE50	55,56,57,60,63	65,66,66,67,67	92,93,94,96,97	61,62,64,70,75	58,58,59,64,68	81,86,91,91,91	53,54,56,57,58
YCL033C	MXR2	77,85,94,98,102	92,98,105,105,105	144,145,146,151,155	95,104,113,113,113	78,83,88,92,96	127,135,144,145,147	75,81,87,89,91
YCL034W	LSB5	130,132,134,142,149	116,119,121,124,127	146,150,155,161,167	103,108,114,117,120	95,95,96,96,96	167,170,174,176,177	150,150,150,151,152
YCL035C	GRX1	657,667,676,710,744	685,702,718,752,785	610,617,623,649,675	645,672,699,729,758	636,682,728,748,767	599,602,605,617,628	692,695,697,709,721
YCL036W	GFD2	9,9,9,9,10	8,8,9,9,9	2,3,3,3,4	11,11,11,12,13	18,21,23,24,25	2,2,2,2,2	4,5,5,6,8
YCL037C	SRO9	0.9,1,1,1,1	0.9,0.9,1,1,1	0.1,0.6,1,1,1	0.8,1,1,2,2	1,2,2,2,2	0.5,0.8,1,1,1	0.1,0.8,1,2,2
YCL038C	ATG22	51,53,54,56,59	45,49,53,56,59	73,76,79,80,81	52,53,54,54,55	35,37,39,40,41	77,81,84,89,95	52,53,53,55,57
YCL039W	GID7	44,46,47,49,50	49,50,50,52,55	60,64,67,67,67	46,47,48,50,52	38,39,40,41,42	66,66,66,68,69	45,46,46,47,48
YCL040W	GLK1	578,587,596,662,728	643,646,648,663,677	447,456,464,514,563	628,631,635,640,644	528,531,535,542,549	492,498,504,537,570	592,592,592,621,650
YCL041C		3,4,6,6,6	2,2,3,3,3	4,6,7,7,8	0.6,1,1,2,2	0,0.7,1,2,3	7,7,7,8,9	3,4,5,6,6
YCL042W		0,0.6,1,1,1	0,0,0,1,2	0,0.3,0.6,0.9,1	0,0.6,1,1,2	0,0.3,0.6,0.6,0.7	0,0,0,0.4,0.8	0,0.3,0.6,2,3
YCL043C	PDI1	556,573,590,608,627	436,437,437,449,460	429,437,444,446,449	441,444,446,448,450	413,422,431,437,443	429,438,446,457,467	512,541,569,589,609
YCL044C	MGR1	58,59,61,61,62	55,56,57,59,61	77,82,87,89,92	55,59,62,63,65	48,48,48,54,60	86,90,94,95,97	47,51,56,57,59
YCL045C	EMC1	97,99,101,104,107	95,96,97,99,100	102,104,106,107,108	96,100,104,107,110	107,109,112,115,118	104,104,105,106,106	96,98,99,101,102
YCL046W		0.7,0.7,0.7,0.8,0.9	0.8,0.8,0.8,0.9,0.9	0.6,0.7,0.8,1,2	0,0,0,0,0	0,0,0,0.3,0.7	0,0.5,0.9,2,2	0,0.9,2,2,3
YCL047C	POF1	82,82,82,84,85	83,85,88,89,91	97,98,99,104,108	83,86,89,93,98	78,80,83,84,86	84,85,85,93,100	74,78,83,90,97
YCL048W-A		11,15,19,20,21	10,14,18,18,18	30,32,34,35,37	25,25,25,27,30	8,8,8,9,10	35,36,37,40,42	14,15,16,17,17
YCL048W	SPS22	4,4,5,5,5	3,3,4,4,4	12,14,17,18,19	2,2,3,3,3	2,2,3,3,3	14,15,16,17,19	3,4,5,6,6
YCL049C		105,107,110,117,125	124,131,137,140,142	76,79,83,85,87	140,140,140,142,144	109,111,114,121,128	64,71,78,79,80	92,99,105,108,111
YCL050C	APA1	176,182,188,188,188	162,163,164,169,174	85,85,85,90,95	152,155,158,165,171	135,137,139,146,152	89,91,94,97,100	182,184,187,194,200
YCL051W	LRE1	41,42,42,43,45	42,45,49,51,54	35,36,37,39,42	44,45,45,46,47	41,42,43,46,48	35,35,36,36,37	38,39,40,42,44
YCL052C	PBN1	94,95,97,100,102	102,108,115,119,122	112,115,117,118,118	109,109,109,112,114	93,94,94,96,97	114,118,123,124,125	86,87,87,97,106
YCL054W-A	RDT1	124,157,190,201,213	112,114,115,128,141	23,23,24,26,28	112,118,124,133,142	129,130,131,144,157	19,20,20,21,22	143,154,164,194,225
YCL054W	SPB1	29,32,35,36,37	29,30,31,32,32	18,20,22,23,25	31,34,36,37,38	41,42,43,45,47	9,11,12,13,14	34,34,35,35,35
YCL055W	KAR4	99,103,107,115,123	79,84,90,92,94	275,284,293,305,318	89,92,95,96,98	84,88,93,94,96	265,265,265,275,285	107,110,113,117,121
YCL056C	PEX34	58,60,62,66,69	74,74,75,82,90	102,109,116,117,118	55,62,69,71,73	73,73,73,73,74	104,104,105,108,111	59,61,64,69,74
YCL057C-A		803,805,807,830,853	857,863,870,879,889	495,511,526,542,558	904,917,930,933,936	789,797,804,828,852	429,436,444,448,452	721,732,744,770,796
YCL057W	PRD1	165,166,166,171,176	140,150,161,161,161	148,150,152,155,159	154,155,157,158,158	140,141,142,143,145	159,165,172,173,174	164,165,166,167,168
YCL058C	FYV5	0.4,0.7,1,1,2	1,1,2,2,2	0.7,0.8,0.9,0.9,1	0.6,0.6,0.6,0.8,0.9	0.5,0.7,0.9,1,2	0,0,0,0.2,0.5	0,0.3,0.6,1,1
YCL058W-A	ADF1	0,0,0,0,0	0,0,0,0,0	0,0,0,0,0	0,0,0,0,0	0,0,0,0,0	0,0,0,0,0	0,0,0,0,0
YCL059C	KRR1	42,52,63,64,65	37,39,42,42,43	42,42,42,49,56	48,49,51,52,54	58,63,67,68,68	34,34,34,34,34	55,58,61,66,71
YCL061C	MRC1	10,10,11,11,11	9,10,10,11,12	8,8,8,9,9	10,10,10,11,12	19,19,20,20,21	7,8,9,10,10	14,14,14,15,15
YCL063W	VAC17	76,77,78,81,83	64,66,67,71,75	17,18,19,19,20	56,57,58,60,63	41,42,42,44,46	18,18,19,20,21	80,83,86,88,89
YCL064C	CHA1	5,6,6,7,8	3,4,4,5,6	3,3,4,4,5	3,3,4,5,6	4,4,4,5,6	3,4,4,4,5	6,7,7,8,9
YCL065W		0,0,0,0,0	0,0,0,0,0	0,0,0,0,0	0,0,0,0,0	0,0,0,0,0	0,0,0,0,0	0,0,0,0,0
YCL066W	HMLALPHA1	0,0,0,0,0	0,0,0,0,0	0,0,0,0,0	0,0,0,0,0	0,0,0,0,0	0,0,0,0,0	0,0,0,0,0
YCL067C	HMLALPHA2	0,0,0,0.5,0.9	0,0.2,0.4,0.4,0.5	0,0.1,0.2,0.4,0.6	0,0,0,0,0	0,0,0,0,0	0.5,0.6,0.8,0.8,0.8	0.2,0.4,0.5,0.6,0.7
YCL068C		0,0.2,0.4,0.5,0.6	0,0,0,0,0	0,0,0,0.1,0.1	0,0,0,0.1,0.2	0,0.1,0.3,0.4,0.6	0,0,0,0.1,0.1	0,0,0,0.1,0.2
YCL069W	VBA3	0,0,0,0.1,0.1	0,0,0,0,0	0,0,0,0.3,0.5	0,0,0.1,0.2,0.4	0,0.1,0.2,0.3,0.5	0,0,0,0.1,0.2	0,0,0,0,0.1
YCL073C	GEX1	0,0,0,0,0	0,0,0,0,0	0,0,0,0.1,0.2	0,0,0,0,0	0,0,0,0.1,0.2	0,0,0,0,0	0,0,0,0,0
YCL074W		0,0.1,0.1,0.8,2	0,0,0,0.1,0.1	0,0.3,0.7,0.8,1	0,0,0,0.1,0.2	0,0,0,0,0	0.1,0.2,0.3,0.6,1	0,0.1,0.1,0.3,0.4
YCL075W		0,0,0,0.2,0.5	0,0.3,0.5,0.6,0.6	0,0.2,0.5,0.6,0.7	0,0,0,0,0	0,0,0,0.4,0.7	0,0,0,0.3,0.5	0,0.2,0.4,0.7,1
YCL076W		0,0,0,0.1,0.2	0,0,0,0,0	0,0.1,0.1,0.5,0.9	0,0,0,0,0	0,0,0,0.1,0.3	0,0,0,0.2,0.5	0,0,0,0.2,0.4
YCR001W		11,12,13,18,22	13,17,20,20,20	16,16,16,20,25	10,12,13,14,15	11,12,14,14,14	13,18,22,24,26	11,11,11,15,20
YCR002C	CDC10	197,200,203,212,220	179,181,183,184,186	181,188,195,197,198	173,176,179,181,182	153,157,160,166,171	200,207,213,215,216	212,219,226,226,227
YCR003W	MRPL32	102,114,126,130,135	165,168,170,173,175	86,91,95,110,124	150,160,170,177,183	189,190,190,202,214	52,59,66,71,77	120,124,129,132,135
YCR004C	YCP4	417,420,423,423,424	355,359,363,370,377	581,591,601,610,619	356,357,357,359,360	320,321,323,325,328	601,610,619,627,634	416,417,418,421,423
YCR005C	CIT2	4083,4232,4382,4486,4591	4126,4167,4208,4480,4752	5680,5844,6007,6007,6007	3949,4061,4173,4252,4332	3145,3213,3281,3430,3578	6484,6484,6484,6614,6745	4050,4202,4355,4510,4665
YCR006C		24,27,30,30,30	14,16,18,19,19	66,68,69,77,84	13,15,17,18,18	11,14,16,18,21	73,80,86,90,95	20,24,28,29,30
YCR007C		27,29,30,34,37	25,28,30,32,34	150,165,180,197,215	30,32,33,34,35	28,29,30,32,34	117,118,120,124,127	29,29,29,31,33
YCR008W	SAT4	97,100,103,104,105	80,83,87,88,90	84,86,87,91,94	76,79,82,83,84	73,74,75,75,75	75,76,78,80,81	102,102,103,104,105
YCR009C	RVS161	187,188,188,194,200	187,191,196,203,210	216,222,228,236,244	178,180,183,189,194	185,186,188,200,212	217,225,233,238,242	187,188,188,200,213
YCR010C	ADY2	1965,2107,2250,2362,2475	1509,1595,1680,1778,1876	8950,8950,8950,8950,8950	1332,1360,1388,1456,1523	735,819,903,906,909	10462,10462,10462,10462,10462	2170,2227,2285,2285,2285
YCR011C	ADP1	48,49,50,52,55	48,48,49,49,50	63,64,66,68,70	44,45,47,47,48	34,36,38,39,41	68,68,68,69,71	47,48,48,49,50
YCR012W	PGK1	373,377,381,426,471	452,472,493,496,500	285,290,295,308,320	527,529,530,535,539	398,431,464,464,465	202,203,203,207,210	317,333,349,358,366
YCR013C		0,0.1,0.2,0.5,0.7	0,0.7,1,2,2	0.5,0.6,0.8,1,2	0,0,0,0.9,2	0,0.4,0.9,0.9,0.9	0,0,0,0,0	0,0,0,0,0
YCR014C	POL4	24,26,29,29,29	31,31,31,32,33	50,53,57,60,64	29,30,30,32,33	27,28,29,31,32	51,52,53,56,58	27,28,29,30,31
YCR015C	CTO1	24,25,25,27,28	25,26,27,28,28	35,36,38,39,39	25,26,28,28,28	23,24,26,28,30	31,33,36,40,45	32,32,33,34,35
YCR016W		46,50,55,55,56	42,43,43,44,45	23,24,25,28,31	41,42,42,44,47	52,53,54,55,55	16,20,23,26,28	45,45,45,46,46
YCR017C	CWH43	90,93,97,98,100	83,84,85,87,90	144,151,158,158,158	85,89,93,93,94	76,76,76,76,76	153,158,163,163,164	90,91,91,92,93
YCR018C-A		19,22,26,26,26	11,11,12,14,16	32,35,38,43,47	10,12,14,15,16	12,14,15,19,23	18,20,22,22,23	17,18,19,23,27
YCR018C	SRD1	41,42,43,46,49	51,54,57,59,62	131,141,152,158,163	47,51,55,56,57	50,50,51,52,53	126,135,145,150,156	38,40,43,53,63
YCR019W	MAK32	36,36,36,37,38	34,37,39,40,41	35,35,35,39,42	35,36,36,38,40	32,37,41,43,44	34,37,40,41,42	37,37,38,40,41
YCR020C-A	MAK31	216,217,219,222,225	193,204,214,229,243	323,336,350,377,404	187,188,188,188,189	181,193,205,206,208	278,285,292,293,293	248,251,253,266,278
YCR020C	PET18	29,33,37,39,41	32,35,38,38,38	43,46,49,51,52	26,32,37,38,39	22,23,25,27,29	59,59,60,60,60	34,38,43,43,43
YCR020W-B	HTL1	144,144,144,153,161	117,120,123,129,135	191,198,204,230,256	123,127,130,136,142	116,120,124,139,153	217,231,246,254,262	138,145,151,153,156
YCR021C	HSP30	34,42,49,52,55	74,81,87,93,98	31,33,36,36,36	69,73,77,89,101	52,57,63,64,65	28,30,31,31,32	35,36,37,39,40
YCR022C		4,6,8,10,11	4,4,4,5,7	9,12,14,15,15	5,5,6,7,8	2,3,3,5,7	9,10,12,12,12	5,5,6,7,7
YCR023C		61,64,67,67,67	47,50,52,55,58	66,66,67,69,72	46,46,46,48,49	39,41,43,44,45	72,73,74,78,82	64,64,65,68,70
YCR024C-A	PMP1	3838,3858,3877,3877,3877	5093,5384,5675,5675,5675	792,794,796,800,804	5181,5227,5273,5370,5467	3578,3746,3914,3934,3954	771,799,826,826,827	2931,2931,2931,3071,3211
YCR024C-B		1977,1977,1977,2025,2074	2967,2978,2989,3112,3234	373,397,421,427,434	2891,2924,2957,3014,3071	2017,2063,2108,2154,2201	383,406,429,449,470	1661,1669,1677,1693,1710
YCR024C	SLM5	58,60,62,66,71	90,92,94,96,98	45,50,55,56,56	91,91,91,96,102	86,87,88,94,99	42,46,50,52,53	53,54,56,56,57
YCR025C		6,7,7,8,9	4,4,5,5,5	12,13,14,14,15	3,4,5,7,9	3,4,6,8,10	15,15,15,17,18	8,8,8,11,14
YCR026C	NPP1	45,46,47,47,47	43,45,47,48,49	44,45,47,49,51	44,45,45,47,48	41,42,44,44,45	43,44,45,48,50	46,48,49,53,56
YCR027C	RHB1	57,59,61,63,66	66,66,67,70,72	137,138,139,145,150	71,71,72,75,79	67,69,71,74,77	110,115,120,124,128	59,61,63,66,70
YCR028C-A	RIM1	549,554,560,564,567	512,514,517,520,523	495,500,505,506,507	494,500,506,522,539	500,502,505,512,519	451,456,461,474,488	577,585,593,596,598
YCR028C	FEN2	63,64,65,65,66	54,54,54,57,60	211,211,212,222,231	55,56,56,57,58	45,45,46,46,47	202,206,211,217,222	65,66,68,72,75
YCR030C	SYP1	51,53,55,55,55	54,55,56,58,61	64,64,64,68,73	52,53,54,56,58	49,50,51,52,52	67,68,70,71,73	47,49,50,52,53
YCR031C	RPS14A	914,929,944,954,963	1005,1055,1105,1150,1195	668,698,728,739,750	1076,1103,1129,1143,1157	1287,1366,1446,1453,1460	566,584,602,610,617	805,834,864,904,945
YCR032W	BPH1	7,7,7,7,7	7,7,7,7,7	7,8,9,9,9	6,6,7,7,8	6,6,6,6,6	8,8,8,9,9	6,6,7,7,7
YCR033W	SNT1	33,35,36,37,38	30,30,31,32,34	30,30,31,32,32	31,31,31,31,31	26,27,29,29,30	27,27,27,28,28	38,39,39,39,39
YCR034W		153,160,166,167,168	92,98,105,113,121	65,67,68,68,69	95,101,107,109,111	109,112,115,123,131	59,60,61,66,71	175,185,195,197,198
YCR035C	RRP43	55,59,62,62,63	47,50,53,55,56	44,45,46,49,52	53,54,55,56,57	48,50,52,53,55	46,46,46,47,48	57,58,59,61,63
YCR036W	RBK1	108,109,111,122,133	107,112,118,118,118	138,139,141,144,148	103,106,109,111,113	91,95,99,102,105	137,140,144,145,145	100,106,112,113,113
YCR037C	PHO87	45,45,46,46,47	44,47,50,51,51	55,56,57,58,59	48,48,48,50,53	49,50,50,51,52	51,51,51,53,55	39,39,39,41,43
YCR038C	BUD5	12,13,14,15,15	13,13,13,14,15	29,30,30,32,33	11,12,12,13,14	10,10,11,11,12	31,31,32,33,33	14,14,14,14,15
YCR038W-A		0,0,0,0,0	0,0,0,0,0	0,0,0,0,0	0,0,0,0,0	0,0,0,0,0	0,0,0,0,0	0,0,0,0,0
YCR039C	MATALPHA2	0,0,0,0,0	0,0,0,0.2,0.5	0,0,0,0,0	0,0,0,0,0	0,0,0,0,0	0,0,0,0,0	0,0,0,0.2,0.5
YCR040W	MATALPHA1	0,0,0,0,0	0,0,0,0,0	0,0,0,0,0	0,0,0,0,0	0,0,0,0,0	0,0,0,0,0	0,0,0,0,0
YCR041W		0,0,0,0,0	0,0,0,0,0	0,0,0,0,0	0,0,0,0,0	0,0,0,0,0	0,0,0,0.4,0.7	0,0,0,0,0
YCR042C	TAF2	20,21,21,21,22	29,30,30,31,31	29,29,29,30,31	30,30,30,32,33	26,26,26,27,27	26,27,28,28,29	19,19,19,21,22
YCR043C		179,186,192,201,209	151,151,151,160,170	131,133,135,136,137	137,141,145,152,160	127,129,131,132,133	128,129,130,133,136	190,190,191,194,197
YCR044C	PER1	58,59,60,61,63	60,60,60,60,60	81,81,82,83,84	54,55,56,58,60	49,51,53,54,54	77,77,78,78,78	53,56,60,60,60
YCR045C	RRT12	10,12,14,14,14	9,10,10,11,12	16,16,16,17,18	8,9,11,13,14	10,10,10,10,10	16,17,18,18,18	11,12,12,13,14
YCR045W-A		0,0,0,0,0	0,0,0,0,0	0,0,0,0,0	0,0,0,0,0	0,0,0,0,0	0,0,0,0,0	0,0,0,0,0
YCR046C	IMG1	187,192,197,198,198	233,240,246,253,259	170,170,170,175,181	274,276,278,279,281	262,273,284,289,294	125,129,133,139,144	147,156,165,171,178
YCR047C	BUD23	42,45,48,52,57	35,38,40,45,50	35,38,41,42,44	36,37,39,41,43	43,47,50,52,54	35,38,40,45,49	41,42,43,46,50
YCR047W-A		0,0,0,0,0	0,0,0,0,0	0,0,0,0,0	0,0,0,0,0	0,0,0,0,0	0,0,0,0,0	0,0,0,0,0
YCR048W	ARE1	10,11,11,12,12	10,11,12,13,13	7,7,8,9,10	10,10,11,12,14	9,9,9,10,11	8,9,9,9,10	11,11,11,11,11
YCR049C		0,0,0,0,0	0,0,0,0,0	0,0,0,0.7,1	0,0,0,0,0	0,0,0,0.4,0.7	0,0,0,0.2,0.5	0,0,0,0,0
YCR050C		0,0,0,0,0	0,0,0,0,0	0,0,0,0,0	0,0,0,0,0	0,0,0,0,0	0,0,0,0,0	0,0,0,0,0
YCR051W		164,165,167,169,172	136,143,151,156,160	216,240,263,265,268	146,147,148,148,149	141,142,142,150,157	236,257,278,282,287	153,159,165,168,172
YCR052W	RSC6	48,48,48,49,50	48,48,48,48,49	60,61,62,63,64	44,45,46,49,52	50,51,52,54,55	54,54,55,55,55	50,52,53,54,56
YCR053W	THR4	225,227,229,230,230	182,193,203,205,206	230,231,233,237,241	194,195,196,198,199	179,183,187,189,191	252,257,262,269,275	227,227,228,231,233
YCR054C	CTR86	22,22,23,24,24	20,20,21,22,23	35,36,37,39,40	23,23,23,23,23	20,21,22,24,27	35,35,35,36,37	23,24,26,26,26
YCR057C	PWP2	21,23,24,25,26	15,16,17,18,19	16,17,17,20,22	21,21,21,21,22	24,26,27,27,28	15,17,19,20,20	19,20,22,22,23
YCR059C	YIH1	77,81,85,91,98	74,76,78,80,82	78,79,81,82,82	84,85,86,88,90	81,82,83,87,92	93,93,94,97,99	75,81,88,90,93
YCR060W	TAH1	308,309,310,400,491	232,239,246,274,302	449,452,455,460,466	220,221,223,232,240	134,143,152,166,179	588,590,593,611,628	403,428,452,481,509
YCR061W		24,25,26,27,29	18,20,21,23,24	34,34,35,37,40	21,21,22,22,23	17,19,20,21,21	33,36,39,40,41	25,28,31,31,31
YCR063W	BUD31	13,13,13,15,17	8,9,10,14,17	12,14,17,19,21	11,12,14,15,17	11,15,18,18,18	13,15,16,17,18	9,9,10,14,18
YCR064C		0.5,0.6,0.6,0.8,1	0,0,0,0,0	2,3,3,4,4	0,0,0,0,0	0,0.2,0.4,0.6,0.8	2,3,3,3,3	0,0,0,0,0
YCR065W	HCM1	30,30,30,31,31	17,18,19,21,23	43,46,49,50,50	19,20,20,21,21	27,27,27,29,30	45,45,45,46,48	33,33,34,34,35
YCR066W	RAD18	21,22,23,24,24	17,18,20,21,23	22,23,23,23,23	18,19,19,19,19	20,21,23,23,23	21,22,24,25,27	15,16,18,19,20
YCR067C	SED4	49,49,49,50,51	49,49,49,50,50	52,53,54,55,56	53,53,53,53,53	48,49,50,50,51	56,56,56,56,57	47,48,48,49,50
YCR068W	ATG15	64,66,67,70,73	61,66,71,71,72	96,97,98,103,108	60,61,62,64,66	41,45,48,49,51	104,106,109,113,117	58,61,64,66,67
YCR069W	CPR4	180,184,188,202,216	148,150,153,155,158	224,225,225,227,230	132,141,150,154,158	116,117,118,121,123	243,245,246,246,246	188,192,196,203,209
YCR071C	IMG2	160,160,160,163,167	250,253,256,266,275	160,171,182,183,185	252,262,272,280,288	284,287,290,313,335	123,127,132,140,148	147,149,151,168,184
YCR072C	RSA4	18,18,19,20,22	14,15,15,15,15	8,8,8,10,12	16,17,18,18,19	17,20,23,23,24	6,8,10,10,11	15,16,16,18,20
YCR073C	SSK22	11,11,12,12,12	9,9,10,10,10	11,11,11,12,12	9,9,10,10,10	10,10,10,10,11	10,11,11,12,12	10,11,11,11,11
YCR073W-A	SOL2	92,95,98,104,110	101,102,104,109,114	98,109,120,125,129	94,97,99,101,103	89,89,89,91,93	117,121,126,127,128	87,90,94,95,96
YCR075C	ERS1	45,45,46,48,50	34,34,35,41,48	33,39,44,45,46	29,30,31,35,39	24,24,25,26,27	39,39,39,41,42	44,44,44,46,47
YCR075W-A	EGO2	94,96,98,113,127	63,77,91,96,101	61,69,76,87,97	66,67,68,75,82	49,60,72,73,74	83,86,89,94,98	107,111,115,119,124
YCR076C	FUB1	82,84,86,89,91	85,86,87,88,90	67,71,76,77,79	72,75,77,80,83	60,62,64,68,71	79,80,80,85,89	80,83,86,86,86
YCR077C	PAT1	52,52,53,55,57	50,50,50,51,51	74,75,76,78,81	49,50,51,51,51	45,46,47,49,51	74,74,75,78,81	53,53,54,55,57
YCR079W	PTC6	62,64,65,66,66	56,57,59,61,63	91,91,91,94,96	54,57,59,60,61	46,47,47,48,49	89,91,94,94,94	54,56,58,59,60
YCR081C-A		0,0,0,0,0	0,0,0,0,0	0,0,0,0,0	0,0,0,0,0	0,0,0,0,0	0,0,0,0,0	0,0,0,0,0
YCR081W	SRB8	12,12,12,12,12	13,13,13,13,14	17,17,17,18,18	11,11,11,11,11	9,9,9,10,10	17,17,17,17,17	10,10,10,11,12
YCR082W	AHC2	431,431,432,441,450	408,418,428,431,434	529,529,530,531,533	416,422,428,433,437	381,390,399,405,410	535,537,540,540,541	410,421,432,435,438
YCR083W	TRX3	137,138,140,144,148	169,176,183,187,192	257,267,276,278,279	160,162,164,165,167	166,166,167,169,171	260,270,281,286,291	113,115,117,117,118
YCR084C	TUP1	164,171,178,178,179	117,119,121,128,135	63,66,70,70,71	115,117,119,121,124	106,109,113,117,121	68,70,72,77,83	193,194,194,195,195
YCR085W		10,11,11,12,12	5,6,6,6,6	3,4,4,4,4	4,4,4,5,5	2,2,2,4,6	2,2,3,4,6	10,11,12,12,13
YCR086W	CSM1	120,120,121,124,127	87,87,88,90,92	78,79,80,80,81	74,76,78,82,86	53,57,60,61,62	80,83,85,86,88	117,117,117,123,129
YCR087C-A		0,0,0,0,0	0,0,0,0,0	0,0,0,0,0	0,0,0,0,0	0,0,0,0,0	0,0,0,0,0	0,0,0,0,0
YCR087W		0,0.2,0.4,0.5,0.5	0,0,0,0,0	0,0,0,0.4,0.9	0,0,0,0,0	0,0,0,0,0	1,1,1,2,2	0,0,0,0,0
YCR088W	ABP1	102,103,105,110,115	108,111,114,115,116	109,112,116,117,119	108,109,111,113,116	95,95,95,101,108	115,124,132,132,133	101,104,106,108,111
YCR089W	FIG2	12,13,13,13,13	10,11,12,12,12	14,15,17,17,18	11,11,11,11,11	9,10,10,11,11	14,14,14,14,15	11,11,11,12,12
YCR090C		86,87,87,90,93	95,96,96,97,98	73,77,81,86,91	102,107,111,115,118	111,117,123,124,125	78,81,84,87,90	76,81,87,87,88
YCR091W	KIN82	22,23,24,26,29	29,31,33,33,34	37,38,39,42,44	29,29,29,29,29	24,24,24,25,26	37,37,37,40,43	26,27,28,28,28
YCR092C	MSH3	11,11,11,12,12	13,13,13,14,14	11,12,12,13,13	11,11,12,12,12	12,13,13,13,13	11,11,11,12,12	12,12,12,13,13
YCR093W	CDC39	25,25,25,26,26	23,24,25,25,25	26,26,26,27,27	25,25,26,26,27	26,26,27,27,28	25,27,28,28,29	24,24,25,25,25
YCR094W	CDC50	65,65,65,73,81	62,64,66,67,68	99,103,106,108,109	61,63,65,66,68	56,58,59,59,60	100,101,101,102,103	63,65,67,68,68
YCR095C	OCA4	30,31,31,31,31	26,27,28,31,33	42,46,50,50,51	32,32,33,33,34	35,35,35,37,39	43,46,48,48,49	28,30,31,31,31
YCR095W-A		16,18,20,20,21	18,23,28,32,36	27,33,39,42,45	25,25,26,28,30	23,26,28,30,32	28,32,36,40,43	24,24,24,25,25
YCR096C	HMRA2	0,0.6,1,1,1	2,2,2,3,4	0,0,0,0,0	0,1,2,2,2	0.9,1,1,1,1	0.6,1,1,1,2	0.6,1,2,2,2
YCR097W-A		0,0,0,1,3	1,1,2,2,2	0,0,0,1,2	0,0,0,0.4,0.8	0,0.6,1,2,2	0,0,0,0,0	0,0.4,0.8,0.8,0.9
YCR097W	HMRA1	169,170,172,173,173	176,179,183,184,185	183,186,189,232,275	159,167,175,175,176	139,148,157,163,168	148,166,183,185,188	146,156,166,187,209
YCR098C	GIT1	8,8,8,9,9	10,11,11,12,14	22,25,27,28,29	9,11,13,14,14	7,8,8,8,9	23,23,24,25,26	8,9,10,11,12
YCR099C		18,19,20,21,22	18,19,19,22,26	38,39,40,40,40	17,18,18,19,20	17,18,19,21,24	36,40,44,44,44	19,19,19,21,23
YCR100C		15,15,16,16,17	18,18,18,19,20	36,37,38,38,38	17,17,17,18,19	17,18,19,21,23	33,34,34,35,35	15,16,16,16,17
YCR101C		16,17,18,19,20	16,18,20,21,21	37,39,41,44,48	16,18,20,23,26	19,19,19,21,22	36,37,37,38,39	14,15,15,18,20
YCR102C		6,7,8,8,8	7,8,9,9,9	30,31,31,31,32	8,9,10,10,10	6,8,10,11,11	31,32,33,33,34	7,8,8,9,9
YCR102W-A		8,12,16,17,18	11,14,16,18,20	44,47,49,57,66	12,12,13,14,16	11,13,15,17,20	51,54,56,60,64	6,9,12,12,12
YCR104W	PAU3	0,0,0,0,0	0,0,0,0,0	0,0,0,0,0	0,0,0,0,0	0,0,0,0,0	0,0,0,0,0	0,0,0,0,0
YCR105W	ADH7	0,0,0,0,0	0,0,0,0,0	0,0,0,0,0	0,0,0,0,0	0,0,0,0,0	0,0,0,0,0	0,0,0,0,0
YCR106W	RDS1	0,0,0,0,0	0,0,0,0,0	0,0,0,0,0	0,0,0,0,0	0,0,0,0,0	0,0,0,0.1,0.2	0,0,0,0,0
YCR107W	AAD3	0,0,0,0,0	0,0,0,0,0	0,0,0,0.1,0.2	0,0,0,0,0	0,0,0,0,0	0,0,0,0.2,0.4	0,0,0,0.1,0.1
YCR108C		0,0,0,0,0	0,0,0,0,0	0,0,0,0,0	0,0,0,0.5,1	0,0,0,0,0	0,0,0,0,0	0,0,0,0,0
YDL001W	RMD1	45,47,48,48,49	43,43,43,45,48	51,52,52,55,59	42,44,45,45,46	43,44,45,45,45	49,50,52,52,52	46,46,46,48,51
YDL002C	NHP10	70,74,79,80,82	82,84,86,87,88	108,109,110,115,120	88,89,91,94,98	75,79,83,88,93	106,108,110,120,130	77,77,77,80,82
YDL003W	MCD1	28,29,29,31,33	11,12,13,15,17	8,8,9,9,10	15,15,15,16,17	44,47,49,51,53	9,9,9,10,10	44,48,52,55,59
YDL004W	ATP16	1354,1354,1354,1360,1365	1360,1377,1394,1445,1495	1034,1043,1052,1075,1098	1367,1394,1420,1432,1444	1352,1390,1427,1496,1565	955,959,962,965,967	1376,1431,1486,1489,1492
YDL005C	MED2	79,83,87,89,90	86,87,87,93,99	115,117,119,121,123	79,84,88,88,88	88,89,91,91,92	115,117,120,121,122	86,88,90,90,90
YDL006W	PTC1	50,54,57,57,57	52,53,54,59,63	76,80,84,85,87	46,47,47,50,52	46,48,50,50,50	80,82,84,88,92	54,55,55,59,64
YDL007C-A		0,0,0,0,0	0,0.4,0.9,0.9,1	0,0.4,0.9,1,1	1,2,2,2,3	0,0.9,2,2,2	0,0,0,0,0	0,0,0,0.6,1
YDL007W	RPT2	333,335,336,347,358	289,301,312,315,318	301,304,308,318,328	310,315,320,324,329	277,284,291,309,327	329,335,340,349,357	317,323,330,341,352
YDL008W	APC11	91,98,104,105,105	107,110,113,113,114	122,126,130,131,132	102,105,108,116,123	93,94,96,102,109	124,132,140,141,141	95,98,101,110,119
YDL009C		17,18,18,20,22	13,15,17,17,17	47,50,52,57,62	6,9,11,12,12	9,13,17,19,22	37,38,39,45,50	16,17,18,23,29
YDL010W	GRX6	23,29,35,36,37	24,25,25,26,27	62,69,76,79,81	24,25,26,28,30	25,27,29,30,31	65,67,68,69,70	36,36,37,38,38
YDL011C		0,0,0,0.4,0.9	0,0,0,0,0	0.8,0.9,1,1,1	0,0,0,0,0	0,0,0,0.3,0.7	0,0.5,0.9,1,2	0,0.5,1,1,2
YDL012C		122,136,149,154,160	150,152,153,155,156	148,158,169,182,195	145,147,150,159,168	144,146,148,163,177	176,178,180,190,200	125,139,154,155,156
YDL013W	SLX5	39,39,39,44,48	35,37,38,39,39	60,66,73,73,73	32,35,37,37,38	32,32,33,36,39	66,72,77,77,78	40,42,45,45,45
YDL014W	NOP1	178,193,208,214,220	140,155,170,178,186	171,189,208,213,217	182,186,191,192,193	227,245,264,267,270	155,167,178,186,193	167,171,175,190,206
YDL015C	TSC13	262,265,269,276,283	253,254,256,258,261	297,300,303,304,304	244,250,256,264,272	248,252,255,265,274	283,292,301,301,302	243,248,254,259,264
YDL016C		20,22,23,27,31	20,25,30,31,31	30,32,35,38,40	18,19,20,26,31	22,23,24,28,32	31,32,32,32,33	16,25,34,35,36
YDL017W	CDC7	21,22,23,24,26	20,21,22,22,23	46,48,50,50,50	18,20,22,22,23	19,20,21,22,24	45,46,46,48,50	23,26,28,29,31
YDL018C	ERP3	50,52,55,59,63	47,49,51,53,55	126,128,130,133,136	41,45,50,53,57	71,78,85,87,90	134,135,135,138,142	60,63,66,68,70
YDL019C	OSH2	34,34,35,36,37	38,39,39,40,42	35,38,41,41,41	36,38,39,39,39	35,35,36,37,38	38,39,40,41,41	32,33,34,34,35
YDL020C	RPN4	235,236,238,240,242	206,206,207,219,231	421,444,467,468,470	205,206,207,207,208	176,178,180,182,185	389,400,410,418,427	236,239,243,243,244
YDL021W	GPM2	47,49,50,51,52	50,53,56,59,62	48,48,49,52,56	48,49,51,55,59	46,46,47,48,49	49,49,49,50,50	50,52,54,54,54
YDL022C-A		0,0.4,0.8,1,2	0,0.5,1,2,3	7,7,7,7,7	2,2,2,3,3	0,0.4,0.8,1,1	7,7,7,8,9	0,0.6,1,1,2
YDL022W	GPD1	233,233,233,241,250	248,277,307,313,319	251,256,262,265,267	258,291,323,329,335	251,253,256,268,279	183,186,189,198,206	239,240,240,245,250
YDL023C		0,0.4,0.7,0.8,0.9	0,0,0,0.5,1	0.8,1,2,2,2	0,0,0,0.4,0.7	0,0,0,0,0	0,0.8,2,2,2	0,0.3,0.7,1,2
YDL024C	DIA3	8,8,8,10,11	8,9,9,9,10	21,21,22,22,22	8,8,8,9,9	6,7,7,8,9	19,20,20,22,23	6,6,7,8,9
YDL025C	RTK1	95,96,96,98,100	106,109,112,113,115	198,205,213,214,216	106,106,107,112,117	97,97,97,107,116	212,220,229,232,235	95,95,95,95,96
YDL025W-A		0,0,0,0,0	0,0,0,0,0	0,0,0,0,0	0,0,0,0,0	0,0,0,0,0	0,0,0,0,0	0,0,0,0,0
YDL026W		0,0.4,0.7,0.7,0.8	0,0,0,0,0	0,0.4,0.8,1,2	0,0,0,0.4,0.8	0,0,0,0,0	0,0.4,0.8,0.9,1	0,0,0,0,0
YDL027C	MRX9	54,59,64,65,65	71,73,75,81,88	84,84,84,89,93	72,73,75,76,78	62,67,72,76,79	86,87,88,89,90	53,56,59,62,65
YDL028C	MPS1	36,37,37,37,38	31,33,35,36,37	24,25,26,26,26	31,31,31,32,33	23,24,24,25,26	23,23,23,24,24	37,39,41,42,44
YDL029W	ARP2	179,180,181,183,186	167,173,179,181,183	219,222,224,225,226	169,178,187,194,201	161,169,177,178,179	220,228,235,237,238	170,172,174,187,199
YDL030W	PRP9	27,28,29,30,30	27,27,28,29,30	36,36,37,37,38	22,22,23,24,25	22,23,23,23,23	31,33,35,35,35	24,25,26,27,28
YDL031W	DBP10	34,35,37,38,40	33,34,35,36,36	46,48,51,54,57	36,37,38,39,39	42,42,42,42,43	40,41,42,45,48	31,33,35,35,35
YDL032W		0,0,0,0,0	0,0,0,0.4,0.8	0,0.6,1,1,2	0,0,0,0,0	0,0,0,0,0	0,0.5,1,2,2	0,0,0,0,0
YDL033C	SLM3	19,22,24,25,26	20,21,21,22,22	17,18,20,20,20	22,22,23,25,27	22,23,24,25,26	13,14,15,16,17	22,23,23,24,25
YDL034W		2,2,2,3,4	0.7,1,2,3,4	0,0.6,1,1,1	2,2,2,3,5	0.8,2,3,3,3	0,0.7,1,2,2	2,2,2,3,3
YDL035C	GPR1	39,40,41,43,45	40,40,40,41,41	41,43,45,46,47	40,40,40,40,40	37,37,38,40,43	47,48,49,50,52	40,41,42,43,44
YDL036C	PUS9	29,29,30,31,32	29,31,32,35,38	25,26,27,28,29	30,32,34,35,35	34,35,35,35,36	25,25,26,26,26	28,29,31,32,33
YDL037C	BSC1	10,10,11,11,11	9,10,10,12,13	9,9,10,11,11	10,10,11,13,15	9,9,10,11,12	5,6,8,8,8	6,7,9,9,9
YDL039C	PRM7	8,8,9,10,10	10,10,11,12,13	9,9,10,10,11	11,11,11,12,12	8,9,11,11,11	8,9,10,10,11	8,9,9,9,9
YDL040C	NAT1	59,59,59,59,59	64,64,65,65,66	54,55,56,59,62	65,66,66,67,68	71,74,77,77,77	53,53,54,54,55	56,56,56,59,62
YDL041W		0,0,0,0,0	0,0,0,0,0	0,0,0,0.3,0.7	0,0,0,0,0	0,0,0,0,0	0,0.3,0.7,1,1	0,0,0,0.3,0.6
YDL042C	SIR2	22,22,23,27,32	23,24,25,27,28	48,49,49,50,51	24,24,24,25,26	17,20,23,24,25	44,47,49,50,52	21,22,23,26,29
YDL043C	PRP11	30,32,34,36,39	34,34,35,38,42	41,43,45,47,48	41,41,42,45,47	36,40,45,47,49	37,38,39,43,47	26,30,34,37,40
YDL044C	MTF2	34,35,36,36,36	47,48,48,50,51	35,38,40,41,41	47,48,49,50,51	51,52,52,57,62	30,32,33,34,34	29,31,33,33,34
YDL045C	FAD1	72,73,73,76,78	67,70,73,74,74	162,164,166,168,171	72,73,74,74,74	66,67,69,72,75	150,150,151,153,155	76,78,80,84,89
YDL045W-A	MRP10	233,236,239,249,259	297,321,344,358,372	202,221,240,243,247	335,337,338,341,344	324,338,352,370,389	185,186,186,196,205	204,211,219,224,229
YDL046W	NPC2	885,896,906,991,1077	797,848,899,902,905	1044,1105,1166,1171,1175	800,802,805,867,930	630,647,664,727,790	1225,1271,1317,1333,1348	864,877,891,891,891
YDL047W	SIT4	143,144,145,146,148	138,143,148,152,155	170,171,173,175,178	160,161,162,163,164	166,173,180,182,184	155,161,168,169,170	137,139,141,142,143
YDL048C	STP4	31,31,31,36,41	34,34,35,37,39	34,37,41,41,41	31,32,32,34,36	29,30,32,33,34	36,40,45,46,48	27,27,27,27,28
YDL049C	KNH1	48,48,49,51,52	62,66,70,73,77	118,119,120,126,133	67,72,76,77,78	70,70,71,78,85	106,107,108,108,108	37,40,43,47,51
YDL050C		0,0,0,0.3,0.6	0,0,0,0.3,0.6	0,0,0,0.8,2	0,0,0,0.3,0.6	0,0,0,0.3,0.7	0,0,0,0,0	0,0,0,0,0
YDL051W	LHP1	73,77,82,91,101	64,65,65,69,74	67,70,72,77,82	70,72,73,74,75	85,91,97,99,101	79,79,80,82,85	67,71,75,77,78
YDL052C	SLC1	128,133,137,139,140	101,110,119,124,129	71,76,81,84,86	110,115,119,124,129	113,115,116,120,123	64,67,69,71,72	108,118,127,139,150
YDL053C	PBP4	160,163,165,174,182	191,193,196,213,230	180,183,186,187,189	186,187,189,202,215	184,186,189,195,201	164,165,166,172,179	169,169,169,170,171
YDL054C	MCH1	174,178,182,196,210	152,157,161,172,183	316,317,317,323,329	147,148,149,152,156	105,116,126,127,128	373,375,378,386,395	162,168,173,178,182
YDL055C	PSA1	468,478,487,489,491	167,170,173,185,197	82,84,86,93,100	238,240,243,244,246	849,883,917,946,974	64,68,72,73,75	681,684,686,688,690
YDL056W	MBP1	36,37,39,39,40	33,34,35,36,37	30,30,31,32,33	29,29,30,31,32	28,29,30,31,31	30,30,30,30,31	38,39,41,43,45
YDL057W		23,23,23,24,24	31,32,33,34,36	31,33,34,34,34	23,24,26,27,29	27,28,29,30,31	27,29,32,33,34	23,24,24,26,29
YDL058W	USO1	12,12,13,13,13	14,14,14,14,14	14,14,14,14,14	12,12,13,13,13	13,13,13,13,14	12,13,14,14,14	12,12,12,13,14
YDL059C	RAD59	55,59,63,63,63	96,97,98,99,101	111,116,122,122,122	87,90,93,95,96	95,96,97,102,106	115,115,116,126,135	77,79,80,82,84
YDL060W	TSR1	32,36,40,41,41	32,34,35,36,37	28,29,31,32,32	32,35,38,39,40	42,42,42,43,44	22,23,23,24,26	32,33,33,36,39
YDL061C	RPS29B	983,1026,1070,1163,1257	1133,1155,1177,1183,1189	705,739,772,774,775	1070,1104,1138,1163,1187	1450,1502,1554,1641,1729	602,612,623,634,645	1015,1059,1103,1130,1156
YDL062W		0,0.2,0.5,0.8,1	0,0,0,0.6,1	0,0,0,0,0	0,0,0,0,0	0,0,0,0,0	0,0,0,0,0	0,0,0,0,0
YDL063C	SYO1	17,19,22,23,23	16,17,18,18,18	10,10,10,13,16	19,20,21,22,22	22,24,25,27,30	8,8,8,9,10	15,17,18,19,21
YDL064W	UBC9	147,160,173,175,178	113,120,126,130,134	122,125,128,134,139	117,117,117,122,126	103,106,109,111,112	123,127,132,144,155	166,177,189,190,192
YDL065C	PEX19	97,99,101,107,113	102,103,103,108,112	95,97,99,103,107	88,94,99,102,106	98,100,102,104,105	98,100,102,107,112	103,104,105,107,110
YDL066W	IDP1	376,379,381,403,425	336,341,347,352,356	318,323,327,348,370	325,332,339,341,343	237,241,246,256,267	435,436,437,462,488	349,357,366,396,427
YDL067C	COX9	2751,2751,2751,2829,2907	2863,2872,2880,2951,3022	2141,2234,2327,2327,2327	2764,2805,2847,2965,3084	2620,2633,2646,2777,2909	2194,2296,2398,2421,2444	2874,2883,2891,3011,3130
YDL068W		0.8,1,2,2,2	0,0.5,0.9,1,1	3,4,5,6,8	0,0.7,1,2,3	1,1,2,2,2	2,3,4,4,4	0.9,2,3,3,4
YDL069C	CBS1	13,13,14,14,15	13,13,14,15,17	22,23,23,26,28	11,14,17,17,18	11,13,16,16,16	21,21,21,23,24	12,13,15,18,20
YDL070W	BDF2	104,108,111,113,114	91,92,94,98,101	56,58,60,64,68	88,93,98,101,104	93,94,95,97,98	62,65,68,69,70	103,105,107,116,125
YDL071C		13,15,17,18,19	12,15,17,19,20	15,17,20,20,20	14,15,16,16,17	14,14,15,15,15	15,16,16,18,20	10,14,19,20,20
YDL072C	YET3	250,261,272,275,277	246,251,257,262,267	457,463,470,470,470	244,251,258,266,274	213,230,247,253,260	441,459,476,476,476	257,266,274,279,285
YDL073W	AHK1	34,36,37,41,45	26,26,27,28,29	123,124,125,127,130	25,25,26,26,27	24,24,24,24,24	161,171,182,182,183	39,40,41,47,53
YDL074C	BRE1	53,56,59,59,60	47,48,48,50,52	52,52,52,54,56	50,52,54,54,54	52,52,53,54,55	52,55,58,60,63	62,63,63,67,70
YDL075W	RPL31A	791,827,864,879,894	820,889,959,959,959	511,522,534,540,547	964,996,1027,1031,1034	1297,1371,1446,1458,1470	435,437,440,454,468	792,799,805,832,860
YDL076C	RXT3	58,60,62,64,65	55,57,59,61,64	75,75,75,76,76	50,54,57,58,59	45,45,46,46,47	70,71,72,73,75	65,68,71,75,78
YDL077C	VAM6	18,18,19,19,19	19,20,20,20,21	21,21,21,21,21	20,21,21,21,21	23,24,25,25,26	19,21,22,23,23	17,17,17,17,18
YDL078C	MDH3	303,312,320,331,342	272,278,284,288,292	660,695,730,739,749	283,286,289,291,293	271,281,290,292,295	828,829,831,872,913	302,310,318,322,326
YDL079C	MRK1	30,32,33,34,35	32,34,35,36,37	51,54,56,58,61	25,26,28,28,28	25,26,27,29,31	47,49,51,53,55	32,34,37,38,39
YDL080C	THI3	31,33,35,36,36	35,35,36,38,41	41,41,41,42,44	35,35,36,37,38	30,31,32,32,33	42,43,43,44,44	31,31,31,31,31
YDL081C	RPP1A	860,895,930,956,983	917,944,972,989,1005	690,711,731,740,749	936,961,987,1003,1020	1209,1231,1253,1280,1307	592,593,593,619,645	879,921,962,972,982
YDL082W	RPL13A	218,250,283,290,297	243,256,268,276,283	132,137,142,147,151	284,287,289,298,306	377,384,391,404,416	131,131,131,135,138	198,204,211,232,253
YDL083C	RPS16B	452,522,593,607,622	522,551,580,606,632	305,321,336,346,355	574,580,586,614,642	772,830,888,910,931	251,263,276,279,283	492,508,524,543,563
YDL084W	SUB2	359,359,359,366,373	231,246,261,261,261	214,222,230,236,242	218,236,254,254,255	228,238,249,254,258	245,245,245,247,250	414,414,414,422,431
YDL085C-A		352,374,396,396,397	309,310,311,323,335	264,266,269,275,282	266,285,304,315,326	262,267,272,278,285	255,260,265,275,285	377,381,385,437,488
YDL085W	NDE2	156,165,174,205,236	212,222,232,244,256	847,864,881,931,981	206,208,210,220,230	132,139,146,146,147	1025,1066,1108,1147,1187	152,157,162,193,225
YDL086C-A		0,0,0,0,0	0,0,0,0,0	0,0,0,0,0	0,0,0,0,0	0,0,0,0,0	0,0,0,0,0	0,0,0,0,0
YDL086W		83,85,87,89,91	105,107,110,113,117	53,58,63,63,63	112,113,114,115,116	104,105,107,115,123	53,54,55,56,57	67,71,74,76,77
YDL087C	LUC7	32,34,35,37,39	28,30,31,32,32	71,83,94,96,98	31,32,32,33,33	30,30,31,31,31	73,81,89,93,97	28,29,30,31,32
YDL088C	ASM4	77,78,80,81,82	76,76,76,82,89	92,96,99,100,101	73,75,78,78,79	79,79,79,80,80	90,91,92,97,101	74,75,76,81,85
YDL089W	NUR1	37,38,39,39,40	45,47,50,50,51	39,40,41,42,43	40,43,46,47,48	41,43,46,46,46	42,42,43,45,46	33,33,34,35,36
YDL090C	RAM1	33,34,34,37,39	38,40,41,44,48	32,34,35,36,37	40,43,45,46,46	40,40,41,41,42	35,37,38,39,41	33,33,34,36,38
YDL091C	UBX3	55,56,56,59,62	54,56,58,60,62	75,76,76,78,79	55,55,56,57,59	49,50,51,51,52	83,84,84,90,96	55,57,58,59,59
YDL092W	SRP14	122,124,126,128,129	136,141,145,146,146	128,145,162,163,163	132,132,132,141,151	143,144,146,152,159	130,133,136,149,161	129,139,150,150,151
YDL093W	PMT5	21,23,25,25,25	19,20,21,22,22	29,29,29,30,31	20,20,20,21,22	19,20,20,21,22	25,27,30,31,32	25,27,29,29,29
YDL094C		0.5,0.7,0.8,1,2	1,1,1,2,3	3,3,3,3,3	1,2,2,3,3	0.7,0.8,0.8,1,2	2,2,2,4,6	1,1,1,2,2
YDL095W	PMT1	64,64,65,67,69	49,52,55,55,55	53,55,56,57,59	58,59,60,61,63	67,69,71,72,73	53,55,57,58,60	70,74,78,80,83
YDL096C	OPI6	0,0,0,0,0	0,0,0,0,0	0,0,0,0,0	0,0,0,0.7,1	0,0,0,0,0	0.8,0.8,0.9,1,2	0,0,0,0,0
YDL097C	RPN6	352,360,368,383,399	327,341,356,359,361	376,385,393,405,416	333,341,349,351,352	324,326,329,343,357	439,453,468,469,471	338,338,338,353,368
YDL098C	SNU23	34,36,37,39,40	33,37,40,41,41	31,36,41,43,44	31,32,32,36,39	32,36,40,42,44	32,34,37,37,37	29,30,31,33,35
YDL099W	BUG1	86,87,87,91,95	98,99,99,104,109	98,101,105,109,114	82,90,98,108,117	101,102,102,111,120	100,104,107,107,107	76,79,81,82,84
YDL100C	GET3	257,260,263,270,278	240,249,258,262,267	244,249,254,264,274	238,253,268,271,274	246,247,249,250,251	286,298,309,315,321	240,242,244,254,264
YDL101C	DUN1	47,48,49,50,51	38,39,40,41,42	22,22,23,24,25	32,32,32,35,37	30,31,32,32,32	20,20,21,21,22	54,54,54,55,56
YDL102W	POL3	16,17,17,17,18	16,17,18,18,19	20,20,20,21,21	16,16,17,17,17	20,20,21,21,22	17,18,19,19,19	16,17,17,18,18
YDL103C	QRI1	58,60,61,61,62	64,66,68,68,68	66,68,69,70,71	64,66,68,70,72	68,71,74,75,76	70,75,81,84,88	55,61,68,70,72
YDL104C	QRI7	31,32,34,34,34	39,40,41,42,44	34,36,37,39,40	40,41,41,42,43	37,42,46,50,53	30,33,37,38,39	30,30,31,31,31
YDL105W	NSE4	6,8,9,9,9	8,8,8,8,9	9,9,9,11,13	6,7,7,8,8	13,13,13,13,14	8,8,8,9,11	10,10,10,10,10
YDL106C	PHO2	43,44,44,48,51	46,46,46,46,46	57,59,60,62,64	42,43,44,45,46	46,46,46,46,47	49,52,55,58,60	39,42,46,46,47
YDL107W	MSS2	38,39,40,44,47	56,56,57,57,58	41,41,41,43,46	49,52,55,55,55	48,50,52,53,55	33,34,35,36,38	41,42,42,43,43
YDL108W	KIN28	45,47,50,50,51	37,37,37,37,37	55,55,55,57,58	33,34,34,37,39	30,31,32,34,36	55,56,56,56,57	44,44,45,48,51
YDL109C		14,15,16,16,16	14,14,14,14,15	21,22,23,23,23	13,13,14,14,15	11,13,14,14,15	20,21,23,23,23	13,13,14,14,14
YDL110C	TMA17	366,383,401,410,420	337,350,363,386,409	633,661,688,717,746	321,330,338,344,349	279,282,286,289,293	718,733,749,793,838	388,390,392,404,415
YDL111C	RRP42	58,69,81,83,85	63,69,75,78,80	96,100,104,104,104	79,82,85,85,85	77,78,79,82,85	92,94,96,99,101	66,68,71,72,72
YDL112W	TRM3	19,20,20,20,20	15,16,17,17,18	13,13,14,14,15	15,16,17,18,18	19,19,20,20,21	11,12,13,13,13	19,19,19,21,22
YDL113C	ATG20	35,36,37,37,37	33,36,39,39,39	60,60,60,63,67	35,35,35,37,39	31,31,31,33,35	57,59,60,61,63	29,31,32,34,35
YDL114W		1,1,1,1,2	0.8,1,2,2,3	6,6,6,8,9	0.6,1,1,2,2	0.7,0.9,1,1,1	3,4,4,4,4	1,1,1,2,2
YDL114W-A		0,0,0,0,0	0,0,0,0,0	0,0,0,0,0	0,0,0,0,0	0,0,0,0,0	0,0,0,0,0	0,0,0,0,0
YDL115C	IWR1	63,67,71,75,79	68,75,81,82,83	93,93,93,101,109	65,66,67,71,75	58,59,60,63,66	105,110,116,116,116	69,70,70,72,73
YDL116W	NUP84	48,49,51,51,51	36,39,41,43,44	109,112,115,119,122	38,39,40,40,41	36,38,39,39,39	119,119,120,122,124	48,48,48,52,56
YDL117W	CYK3	25,26,26,28,30	42,45,48,50,52	41,42,42,43,44	85,89,94,99,105	149,155,160,168,176	40,41,43,43,44	23,25,26,27,28
YDL118W		0,0.5,1,1,2	2,2,2,3,3	3,3,4,4,5	1,3,5,7,8	5,6,8,9,10	3,3,3,4,4	0.7,0.8,1,2,4
YDL119C	HEM25	15,15,16,17,19	21,21,21,21,22	19,19,20,20,21	25,27,29,31,34	34,37,40,40,40	12,14,17,17,17	14,15,16,16,16
YDL120W	YFH1	262,269,277,287,297	288,296,303,317,331	204,209,214,220,225	303,304,305,308,311	242,252,262,262,262	196,199,201,209,216	239,246,253,264,276
YDL121C		219,230,241,244,248	194,201,208,213,217	172,173,175,180,184	190,193,196,202,207	211,217,222,225,228	150,156,162,171,180	218,219,221,227,233
YDL122W	UBP1	53,56,60,61,62	56,57,58,59,60	47,47,48,49,50	55,57,60,62,65	63,64,65,67,69	40,40,40,42,45	53,53,54,55,56
YDL123W	SNA4	102,102,103,108,112	94,100,107,108,109	224,228,233,236,239	125,125,126,128,131	129,130,131,132,133	232,236,240,248,257	96,99,102,105,108
YDL124W		166,167,168,175,182	219,220,222,225,228	452,466,480,489,497	203,206,209,212,214	194,195,195,202,209	427,433,439,447,455	165,168,171,175,180
YDL125C	HNT1	512,530,547,561,574	536,538,540,543,545	675,676,678,689,701	495,502,509,515,521	426,437,448,476,505	686,716,746,782,817	495,500,505,525,544
YDL126C	CDC48	443,445,446,474,502	407,408,409,410,411	483,496,508,513,519	395,395,395,406,417	368,374,380,393,407	570,574,579,586,593	420,428,436,455,474
YDL127W	PCL2	17,18,19,20,21	19,20,21,22,23	17,18,18,19,19	38,40,41,45,49	86,87,88,90,91	17,17,17,17,18	22,23,24,24,25
YDL128W	VCX1	165,168,171,180,189	190,194,198,200,202	297,315,333,335,336	209,213,217,217,218	231,232,233,236,239	315,342,369,373,376	158,161,164,167,170
YDL129W		22,23,23,24,25	20,20,21,23,25	15,15,15,20,25	20,21,21,21,22	21,21,22,23,23	18,20,22,22,22	19,20,21,22,24
YDL130W-A	STF1	1161,1187,1213,1244,1275	1415,1496,1577,1657,1737	1652,1662,1672,1703,1734	1460,1462,1464,1653,1841	1425,1507,1590,1658,1726	1515,1540,1566,1628,1690	1125,1125,1125,1186,1246
YDL130W	RPP1B	557,622,686,690,693	609,679,749,770,792	307,322,337,348,359	710,725,740,747,754	834,926,1018,1021,1024	236,241,247,270,292	552,588,625,669,714
YDL131W	LYS21	472,478,485,502,520	481,481,482,522,561	374,388,403,406,409	493,500,506,508,510	473,478,484,490,497	423,438,453,465,477	474,486,497,507,516
YDL132W	CDC53	71,72,72,76,79	72,72,73,75,77	91,92,93,98,104	70,73,75,76,77	66,67,68,69,71	104,105,106,109,111	73,76,79,80,81
YDL133C-A	RPL41B	4083,4414,4744,4793,4842	3281,3568,3856,4010,4165	4144,4203,4262,5135,6007	3134,3685,4237,4237,4237	3466,3857,4248,4429,4609	3275,3348,3420,3594,3768	4997,5067,5138,5138,5138
YDL133W	SRF1	46,46,46,47,48	43,44,46,46,47	86,87,89,90,91	40,40,40,41,42	41,42,43,43,43	69,74,79,79,80	43,45,47,50,53
YDL134C	PPH21	120,120,121,122,123	117,121,126,127,128	161,162,163,165,167	124,125,126,129,132	112,116,120,124,128	161,164,166,175,184	113,114,114,115,116
YDL135C	RDI1	187,198,209,219,228	182,187,192,199,205	286,290,294,298,303	179,181,184,188,192	187,189,191,193,194	270,278,286,287,287	225,228,231,238,244
YDL136W	RPL35B	198,220,242,251,259	222,225,228,234,240	98,111,123,124,124	244,254,263,266,268	327,328,330,332,333	97,100,103,112,122	198,201,204,211,218
YDL137W	ARF2	1125,1139,1152,1192,1233	1041,1041,1041,1055,1069	877,884,891,898,905	1020,1033,1046,1049,1053	903,904,905,917,928	943,955,967,984,1001	1151,1163,1175,1189,1203
YDL138W	RGT2	19,19,19,20,22	25,25,25,25,25	27,28,28,28,29	25,26,26,26,26	27,28,29,29,29	25,26,27,29,31	20,20,20,20,21
YDL139C	SCM3	20,21,22,26,29	23,23,23,28,33	20,23,25,26,26	21,23,25,26,26	22,24,26,26,27	20,20,21,22,24	26,26,27,28,30
YDL140C	RPO21	53,55,56,57,59	47,48,50,51,52	59,60,62,63,64	47,48,49,49,50	47,47,47,48,49	60,60,60,62,64	50,50,50,51,52
YDL141W	BPL1	38,39,39,42,46	34,38,42,42,43	41,45,49,49,50	38,38,39,40,41	32,32,33,33,33	50,51,51,52,53	34,35,36,37,38
YDL142C	CRD1	43,45,46,47,49	45,49,53,53,54	76,76,77,83,89	43,43,43,48,52	38,40,42,43,44	89,91,92,96,99	42,42,42,44,45
YDL143W	CCT4	176,178,180,183,186	160,166,172,174,177	175,180,185,191,198	170,174,177,181,184	166,167,167,172,177	189,195,201,204,206	166,166,167,169,172
YDL144C		137,138,139,149,159	140,141,142,144,146	117,118,120,126,132	145,147,148,150,152	116,122,128,134,140	135,137,140,145,151	126,131,137,139,142
YDL145C	COP1	90,90,91,93,96	86,86,86,88,91	84,85,85,86,88	87,89,90,92,93	79,81,83,86,89	81,84,86,87,87	91,93,95,95,95
YDL146W	LDB17	16,16,16,18,19	16,16,16,17,18	13,14,15,16,16	15,15,15,16,16	12,13,15,16,17	13,14,16,18,21	13,14,14,14,14
YDL147W	RPN5	276,281,285,288,291	281,291,301,310,319	321,325,328,340,352	288,292,296,305,315	270,282,293,298,303	347,354,361,370,378	280,280,280,303,326
YDL148C	NOP14	26,29,32,33,34	23,25,27,27,27	21,21,21,23,25	27,29,31,31,31	34,35,36,36,36	11,11,12,15,18	24,25,26,27,29
YDL149W	ATG9	12,12,12,13,13	18,18,18,19,19	29,30,32,33,34	14,15,15,16,17	16,17,17,17,18	32,32,32,32,33	12,12,12,13,14
YDL150W	RPC53	19,19,20,22,24	23,25,27,28,29	19,20,20,22,24	25,26,27,28,29	25,26,28,28,29	18,19,19,20,20	17,18,18,20,21
YDL151C	BUD30	0.3,0.3,0.4,0.4,0.5	0,0,0,0,0	0,0,0,0,0	0,0,0,0.2,0.4	0,0,0,0,0	0,0,0,0.2,0.3	0,0.2,0.3,0.4,0.5
YDL152W		0,0,0,0,0	0,0,0,0,0	0,0,0,0,0	0,0,0,0,0	0,0,0,0,0	0,0,0,0,0	0,0,0,0,0
YDL153C	SAS10	33,35,36,37,37	33,35,37,39,40	29,29,30,33,36	33,34,34,38,41	42,43,44,46,48	23,24,25,25,26	27,28,29,31,34
YDL154W	MSH5	8,8,9,9,10	12,12,12,13,14	16,17,18,18,19	10,11,11,12,13	9,9,9,10,11	18,18,18,19,19	9,9,10,10,10
YDL155W	CLB3	80,81,82,83,84	60,61,62,66,69	54,57,59,60,61	55,59,62,64,66	56,58,59,60,61	49,52,54,56,58	87,89,91,92,92
YDL156W	CMR1	10,10,11,11,11	11,13,15,15,16	13,13,13,14,15	16,16,17,18,19	20,21,22,24,26	14,15,16,16,17	13,13,13,14,14
YDL157C		137,140,142,149,155	102,107,112,113,114	131,134,138,143,147	118,120,121,122,123	145,153,160,168,175	119,125,131,133,136	143,149,154,155,157
YDL158C		11,12,12,16,20	5,6,8,10,13	14,15,17,17,18	9,10,11,14,16	10,14,18,18,18	11,15,18,23,27	14,16,18,20,22
YDL159C-B		0,0,0,0,0	0,0,0,0,0	0,0,0,0,0	0,0,0,0,0	0,0,0,0,0	0,0,0,0,0	0,0,0,0,0
YDL159W-A		5,5,6,6,7	7,9,11,11,12	6,7,7,7,7	0,2,4,7,10	4,5,6,9,12	0,2,4,6,9	7,7,8,8,9
YDL159W	STE7	27,27,28,30,32	25,26,26,27,27	34,36,38,38,39	24,25,27,27,27	23,23,23,24,24	32,34,36,37,39	22,25,28,29,30
YDL160C-A	MHF2	75,78,80,82,84	68,75,81,88,94	96,112,128,128,128	84,86,88,91,95	64,71,77,85,92	100,104,107,117,126	79,85,90,96,103
YDL160C	DHH1	19,19,20,21,21	21,21,21,21,21	25,27,29,30,31	19,20,21,21,22	19,20,21,21,21	25,25,26,26,27	20,22,23,24,24
YDL161W	ENT1	82,83,83,89,94	89,94,99,110,121	107,114,120,120,121	94,95,96,103,109	98,105,111,113,115	110,114,118,119,121	73,75,77,80,84
YDL162C		0.6,0.7,0.7,0.9,1	0,0,0,0.3,0.7	0,1,3,3,3	0,0.4,0.7,0.7,0.8	3,3,3,4,6	0.8,1,1,2,4	0.6,0.7,0.7,1,2
YDL163W		0,0,0,0,0	0,0,0,0,0	0,0,0,0,0	0,0,0,0,0	0,0,0,0,0	0,0,0,0,0	0,0,0,0,0
YDL164C	CDC9	13,13,13,14,15	13,14,15,16,16	19,20,20,20,21	18,18,18,19,19	30,31,32,34,35	17,17,18,19,20	18,18,19,22,24
YDL165W	CDC36	72,73,75,75,75	70,78,87,88,89	76,79,81,84,87	70,71,71,75,78	65,69,73,74,75	73,82,90,93,97	64,67,70,75,79
YDL166C	FAP7	90,95,100,101,102	67,72,77,79,81	67,68,70,72,75	62,68,74,75,75	66,70,74,78,81	69,71,73,74,75	96,100,103,105,107
YDL167C	NRP1	17,19,21,23,25	18,19,20,21,22	12,13,13,15,16	20,21,22,24,25	25,25,26,28,31	11,11,11,11,11	16,17,18,19,20
YDL168W	SFA1	192,196,200,200,201	163,165,167,173,179	282,286,290,298,305	151,159,166,169,172	143,143,143,145,146	282,306,330,330,330	180,187,195,195,195
YDL169C	UGX2	54,61,69,71,74	69,76,84,89,95	142,147,152,156,161	71,72,73,79,84	56,58,60,63,66	174,176,178,184,191	57,61,65,70,74
YDL170W	UGA3	82,83,84,86,88	72,73,74,75,77	75,76,77,80,82	60,61,62,62,62	54,54,55,57,60	91,94,97,104,111	88,92,96,96,97
YDL171C	GLT1	124,127,130,138,145	140,140,140,146,153	58,60,62,63,63	121,121,122,131,139	73,78,83,84,85	73,77,81,84,88	107,107,108,124,141
YDL172C		0,0,0,0,0	0,0,0,0.3,0.5	0,0,0,0,0	0,0,0,0,0	0,0,0,0,0	0,0,0,0,0	0,0,0,0,0
YDL173W	PAR32	109,115,121,121,121	129,131,133,138,143	96,97,98,104,110	129,129,129,140,151	117,118,119,126,134	117,123,128,128,129	92,95,98,106,113
YDL174C	DLD1	301,307,313,317,320	321,344,368,377,386	877,921,966,984,1002	337,342,347,364,381	264,269,274,274,274	879,934,988,997,1005	275,281,287,289,292
YDL175C	AIR2	58,58,59,60,60	51,52,53,56,60	58,60,62,64,67	51,55,58,59,60	50,52,54,55,57	62,64,65,67,70	54,54,54,57,60
YDL176W		19,21,22,24,25	18,19,20,20,20	27,27,27,28,29	18,18,19,20,20	15,15,16,16,17	29,30,31,32,33	19,20,21,21,21
YDL177C		53,57,61,64,67	54,58,62,64,66	66,72,78,82,86	62,64,65,65,65	46,46,47,49,51	67,67,67,70,72	51,53,56,56,57
YDL178W	DLD2	131,140,150,150,150	170,173,177,178,179	158,161,163,167,171	166,168,170,175,180	176,179,182,182,183	168,169,169,174,179	122,129,135,135,136
YDL179W	PCL9	11,14,17,20,22	43,43,44,52,61	21,21,22,23,24	146,164,181,200,219	420,423,425,454,482	17,20,22,22,22	15,16,17,20,24
YDL180W		75,76,77,78,79	74,77,80,80,80	59,61,62,62,62	67,70,72,74,76	54,54,54,60,65	52,57,62,64,66	67,69,71,73,74
YDL181W	INH1	889,914,938,988,1038	1031,1052,1073,1075,1076	824,833,843,862,881	989,1037,1084,1108,1133	1005,1015,1026,1097,1168	792,817,842,863,884	917,943,968,980,992
YDL182W	LYS20	376,381,386,406,426	385,392,399,416,433	185,187,189,201,212	438,440,442,459,475	421,448,475,491,506	221,232,243,255,268	364,376,388,421,455
YDL183C		34,36,38,39,39	46,48,49,49,50	73,75,77,78,79	40,41,41,44,46	42,44,46,47,48	65,66,66,69,71	33,36,40,41,42
YDL184C	RPL41A	3202,3462,3722,3780,3838	2886,3353,3820,3973,4126	5680,5768,5855,6843,7831	3071,3462,3853,3901,3949	3634,4257,4880,4938,4997	3470,3619,3768,4254,4739	3861,3955,4050,4250,4451
YDL185C-A		0,0,0,0,0	0,0,0,0.6,1	0,0,0,0,0	0,0,0,0,0	0,0,0,0,0	0,0,0,0,0	0,0,0,0,0
YDL185W	VMA1	122,123,124,126,128	104,112,119,121,124	98,100,103,106,109	114,117,120,122,123	105,114,123,123,124	93,100,107,109,111	119,119,120,121,121
YDL186W		4,4,4,4,4	3,3,3,4,5	3,3,4,4,4	2,2,2,3,3	0.8,1,2,2,2	3,4,4,4,5	2,2,3,4,5
YDL187C		0,0,0,0.4,0.8	0,0,0,0,0	0,0.3,0.6,0.8,1	0,0,0,0,0	0,0,0,0,0	0,0.4,0.7,0.8,0.9	0,0,0,0,0
YDL188C	PPH22	80,82,84,84,85	87,87,87,89,91	119,120,121,123,124	88,89,89,90,91	84,88,92,92,92	115,118,121,122,122	76,77,77,80,83
YDL189W	RBS1	49,49,49,53,56	52,53,55,55,56	45,46,47,47,47	47,49,51,51,51	54,54,54,55,55	48,49,49,49,49	50,50,50,52,55
YDL190C	UFD2	46,46,46,48,49	44,46,47,49,50	46,46,46,46,47	45,45,46,46,46	40,40,40,41,42	43,43,43,44,45	43,45,47,48,50
YDL191W	RPL35A	216,245,275,291,307	286,290,293,300,307	186,199,212,214,217	271,282,294,301,308	347,371,396,420,443	148,159,171,174,176	231,235,239,250,261
YDL192W	ARF1	671,673,675,704,734	528,539,549,549,549	382,396,410,411,412	526,544,563,569,575	547,568,590,603,616	363,364,365,370,375	767,777,787,798,808
YDL193W	NUS1	70,72,73,73,73	63,66,70,75,80	105,105,106,110,113	68,69,69,71,74	64,66,68,71,74	103,104,106,107,108	66,69,71,72,73
YDL194W	SNF3	27,28,28,29,29	27,28,29,31,32	40,41,42,44,45	29,29,29,30,30	29,29,29,30,30	36,37,39,41,44	26,27,27,27,28
YDL195W	SEC31	106,107,108,108,108	99,101,104,106,109	81,81,82,87,93	99,100,100,100,101	96,96,97,99,101	79,79,80,82,84	105,106,108,108,109
YDL196W		7,7,7,7,7	6,6,7,7,7	5,6,6,7,8	6,7,7,8,9	6,7,7,7,8	6,6,6,9,11	7,8,9,9,9
YDL197C	ASF2	35,36,37,38,39	32,32,32,34,36	38,39,41,42,43	32,34,35,36,37	40,42,43,44,45	43,44,45,45,46	43,44,45,50,54
YDL198C	GGC1	363,390,417,422,427	346,364,382,398,414	217,218,219,222,226	347,361,374,384,393	300,311,321,323,325	276,281,285,289,293	399,421,444,450,455
YDL199C		30,31,32,32,33	32,34,35,36,38	45,46,46,49,51	31,32,34,34,35	29,30,30,31,31	50,54,58,63,68	30,31,31,32,33
YDL200C	MGT1	121,121,121,129,138	135,137,139,148,156	121,122,123,127,131	129,137,145,147,148	124,129,134,135,135	112,116,119,127,134	124,126,127,136,144
YDL201W	TRM8	45,51,57,60,62	49,50,52,52,52	57,58,60,61,61	56,56,57,59,61	64,66,68,70,71	46,46,47,49,52	41,45,49,51,52
YDL202W	MRPL11	128,132,137,143,149	178,187,196,200,203	109,112,116,121,126	197,203,208,208,208	203,203,204,210,216	77,79,82,83,84	124,127,131,134,138
YDL203C	ACK1	34,35,35,38,41	35,36,37,39,41	34,35,36,36,37	33,35,37,38,39	32,36,40,41,42	36,37,39,39,40	35,35,35,37,39
YDL204W	RTN2	37,39,41,42,43	46,46,46,51,55	84,84,84,87,90	37,41,45,46,47	39,39,40,43,46	70,72,74,78,81	34,34,34,37,40
YDL205C	HEM3	95,97,99,102,106	93,101,109,111,114	29,32,35,36,38	108,108,109,119,128	114,118,122,126,130	24,27,30,32,34	82,83,83,87,91
YDL206W		27,28,28,28,29	32,34,36,36,37	47,47,47,51,56	33,33,33,34,34	29,29,29,31,33	52,52,53,53,53	26,26,26,27,27
YDL207W	GLE1	55,57,60,61,62	60,60,60,62,64	74,74,75,76,77	62,62,62,64,66	54,55,56,58,61	78,78,79,80,81	57,57,58,59,60
YDL208W	NHP2	214,246,278,282,287	198,204,209,219,228	189,207,225,228,232	256,259,261,269,276	290,306,321,322,322	147,163,179,189,200	238,240,243,247,251
YDL209C	CWC2	22,22,22,22,22	23,23,24,25,27	18,18,18,19,19	26,26,27,27,27	24,26,27,28,28	19,19,19,22,24	21,22,23,24,24
YDL210W	UGA4	6,7,7,7,8	6,7,7,7,7	12,12,12,13,13	6,7,7,7,7	6,6,6,6,6	12,13,14,14,14	7,7,7,8,9
YDL211C		13,13,13,15,16	9,10,10,11,13	18,21,24,25,25	8,9,10,11,12	8,11,13,14,14	20,22,23,25,26	16,17,17,18,19
YDL212W	SHR3	279,287,295,304,313	235,238,240,249,258	323,326,329,332,335	262,264,265,268,271	258,261,264,279,294	308,313,318,324,331	290,291,291,292,293
YDL213C	NOP6	85,94,103,105,107	105,107,110,111,112	105,109,114,117,121	111,113,116,123,129	117,121,125,129,132	94,99,103,108,113	83,85,87,87,88
YDL214C	PRR2	17,18,18,20,22	20,22,25,26,26	83,84,86,89,91	20,21,21,22,22	18,18,19,19,19	73,75,76,78,79	21,21,22,22,22
YDL215C	GDH2	364,377,389,392,395	262,272,283,291,298	1348,1367,1387,1406,1425	216,233,250,252,254	182,186,189,195,201	1398,1398,1398,1441,1483	397,402,407,456,505
YDL216C	RRI1	17,18,19,19,20	14,16,18,19,19	17,18,20,21,21	17,17,17,18,19	15,15,15,16,16	17,18,20,21,21	18,20,22,22,22
YDL217C	TIM22	97,98,98,101,104	113,116,118,120,122	93,96,99,103,108	107,108,110,112,114	107,108,109,110,111	79,80,81,82,83	89,91,92,94,96
YDL218W		8,8,8,9,10	9,10,12,12,13	8,8,8,10,12	10,10,10,11,12	10,10,10,11,12	9,9,10,12,15	8,9,10,10,11
YDL219W	DTD1	67,70,72,74,76	59,63,66,67,67	27,27,27,33,38	58,59,60,63,65	64,66,67,67,67	17,22,28,30,31	65,69,73,78,83
YDL220C	CDC13	9,9,9,10,10	10,10,11,11,11	6,7,8,8,8	10,10,11,11,11	9,9,10,10,10	8,8,8,8,8	9,9,9,10,10
YDL221W		8,9,11,11,11	8,9,10,12,14	17,19,21,22,23	9,10,11,11,11	10,11,11,12,13	17,18,19,19,19	10,10,10,13,15
YDL222C	FMP45	18,20,22,23,25	18,20,23,24,24	209,227,245,266,286	22,22,23,26,28	14,15,16,17,18	137,154,172,174,175	19,20,20,22,24
YDL223C	HBT1	23,23,23,25,27	27,27,27,29,31	76,77,78,80,81	26,26,27,27,28	22,22,22,26,30	68,70,71,72,72	22,22,23,24,24
YDL224C	WHI4	85,85,86,88,90	83,84,85,86,87	93,95,97,97,97	77,78,80,81,81	78,79,80,83,87	86,91,95,95,95	81,83,84,88,93
YDL225W	SHS1	87,87,88,91,95	84,88,91,93,94	73,73,74,74,74	82,84,87,90,93	82,83,83,85,86	69,72,76,76,76	86,91,96,96,97
YDL226C	GCS1	100,102,105,107,109	96,99,101,107,113	80,81,83,85,87	108,108,108,109,110	103,104,104,106,108	82,85,87,88,88	104,105,106,106,106
YDL227C	HO	5,6,7,8,9	6,7,9,12,14	4,5,6,7,7	9,11,14,15,15	99,100,102,116,129	6,7,8,8,8	5,7,8,8,8
YDL228C		0,0,0,0,0	0,0,0,0,0	0,0,0,0.3,0.6	0,0,0,0.1,0.2	0,0,0,0,0	0,0,0,0,0	0,0,0,0,0
YDL229W	SSB1	97,113,129,136,142	94,98,102,110,119	98,107,117,119,121	108,115,121,122,122	134,154,175,175,176	88,95,103,104,105	106,106,106,116,126
YDL230W	PTP1	58,58,58,65,72	57,61,65,65,65	80,82,85,86,87	59,61,62,64,66	51,51,52,53,54	83,86,90,91,93	63,65,68,71,75
YDL231C	BRE4	28,29,29,31,32	29,29,30,30,31	39,39,40,40,40	24,26,28,28,28	25,26,26,27,28	36,38,40,42,43	27,28,28,29,30
YDL232W	OST4	614,631,649,676,703	497,539,581,603,625	481,527,573,582,592	584,594,603,619,636	551,552,554,600,646	533,539,545,566,587	699,701,703,714,724
YDL233W	MFG1	28,30,33,34,35	28,30,33,33,34	53,53,53,55,57	29,30,30,31,31	27,27,27,28,29	47,47,47,51,55	33,33,33,35,36
YDL234C	GYP7	63,64,64,66,67	62,62,62,62,62	158,159,160,166,171	58,58,58,59,60	63,64,66,68,70	145,146,148,152,157	63,65,68,71,73
YDL235C	YPD1	152,153,154,161,168	162,172,182,183,185	109,112,116,123,130	154,154,154,170,186	150,160,170,174,179	103,112,121,121,122	171,171,172,175,179
YDL236W	PHO13	104,108,112,114,115	96,98,101,111,120	86,86,87,88,90	96,105,114,115,116	88,95,101,110,118	79,80,81,82,82	111,111,112,112,112
YDL237W	AIM6	62,67,72,74,76	78,81,84,85,87	85,88,90,93,95	72,74,76,79,83	63,65,67,69,72	80,87,95,99,104	64,64,64,64,65
YDL238C	GUD1	11,12,12,13,13	11,12,13,14,15	22,23,23,24,26	11,12,12,13,13	8,8,8,9,10	22,22,23,24,24	10,12,13,13,13
YDL239C	ADY3	8,8,9,9,10	10,10,10,10,10	15,16,17,17,17	8,9,9,10,10	5,6,7,8,8	16,17,17,17,18	8,9,9,9,9
YDL240C-A		2,2,3,4,4	0,1,2,2,2	2,4,5,6,7	0,1,2,3,3	0,0.8,2,2,2	2,4,6,7,8	2,3,3,7,11
YDL240W	LRG1	21,22,22,22,23	17,17,17,17,17	16,16,17,17,18	14,14,14,14,15	14,14,14,15,15	15,15,16,16,16	26,26,26,26,26
YDL241W		25,26,27,28,30	22,25,29,33,37	26,27,28,33,38	19,23,28,29,31	21,23,24,26,28	25,33,40,41,42	22,23,24,25,27
YDL242W		17,21,24,25,26	17,18,19,20,21	24,27,30,31,33	17,20,22,23,24	11,12,13,13,13	24,28,31,33,35	10,12,15,15,15
YDL243C	AAD4	103,110,116,126,136	135,139,142,144,146	148,156,164,165,166	101,112,123,125,127	56,57,59,59,60	162,170,177,182,186	92,98,104,119,135
YDL244W	THI13	10,10,11,12,13	10,10,11,11,12	23,24,24,24,25	8,9,9,10,11	7,7,7,9,10	22,23,24,25,25	11,12,13,13,13
YDL245C	HXT15	2,2,3,3,4	4,4,4,4,4	6,6,6,7,7	3,3,3,4,4	2,2,3,3,3	6,6,6,6,7	3,3,4,4,4
YDL246C	SOR2	2,2,2,2,3	2,2,2,2,2	8,9,9,10,10	1,1,2,2,2	0.7,1,1,2,2	7,8,8,10,11	1,2,2,2,2
YDL247W-A		10,16,21,28,35	7,12,17,20,23	8,13,18,27,35	15,16,17,23,28	7,9,10,16,21	40,40,41,41,41	10,11,11,12,13
YDL247W	MPH2	3,4,4,4,4	1,1,2,2,2	2,3,3,3,4	1,1,2,2,2	0.9,1,1,1,2	3,4,4,5,6	2,2,3,3,3
YDL248W	COS7	40,41,41,44,48	37,39,41,43,46	89,94,99,99,99	37,40,43,45,46	35,42,49,53,56	79,84,88,91,94	45,46,47,47,47
YDR001C	NTH1	74,77,79,83,87	97,98,100,102,105	73,74,76,77,78	99,99,99,100,100	87,88,89,92,96	64,66,69,69,69	77,79,82,85,89
YDR002W	YRB1	514,528,543,552,562	370,382,394,411,428	399,414,428,428,429	370,375,381,394,408	332,369,407,415,423	407,410,414,418,421	575,586,596,605,615
YDR003W-A		139,139,140,158,175	115,130,145,151,157	235,242,249,263,277	146,147,149,150,152	99,111,122,126,130	222,246,270,274,278	149,167,185,185,186
YDR003W	RCR2	126,127,127,128,128	102,102,102,107,112	173,180,186,190,193	110,113,115,116,117	92,94,95,99,103	187,189,192,194,197	119,123,126,128,129
YDR004W	RAD57	33,37,40,41,43	41,41,41,43,44	62,62,63,65,66	41,41,42,44,45	38,41,43,47,51	66,67,68,69,69	33,36,40,41,42
YDR005C	MAF1	63,65,68,69,69	62,64,66,67,68	58,62,66,67,68	64,65,67,68,69	72,74,75,76,77	57,62,67,68,69	61,63,65,67,68
YDR006C	SOK1	41,43,46,47,49	38,38,39,41,44	102,102,102,103,104	37,39,41,42,43	38,40,43,43,44	94,94,94,94,94	43,45,46,47,48
YDR007W	TRP1	63,65,66,74,82	61,63,65,72,78	84,88,93,98,104	70,71,72,73,74	65,65,65,67,69	95,96,97,102,108	66,66,67,71,75
YDR008C		0.7,2,3,3,3	2,2,2,3,3	0,0.5,0.9,1,1	0.8,2,3,3,3	3,3,4,5,5	0,0.7,1,2,2	2,2,2,2,3
YDR009W	GAL3	44,45,46,47,48	46,46,47,48,49	57,59,60,64,68	39,41,43,45,48	39,41,42,42,42	54,55,56,59,62	49,49,49,50,50
YDR010C		34,34,35,36,37	28,34,40,41,42	28,33,38,41,43	33,34,35,36,36	27,30,33,38,42	32,34,37,42,47	20,31,42,42,43
YDR011W	SNQ2	35,35,36,36,37	26,26,27,28,30	28,28,29,31,32	26,26,26,27,28	23,24,24,25,26	30,31,32,32,32	38,38,39,39,40
YDR012W	RPL4B	218,232,246,246,247	230,236,243,259,274	196,204,213,216,220	272,273,273,273,273	323,329,335,339,343	175,192,209,211,213	193,211,229,231,233
YDR013W	PSF1	25,30,35,35,36	23,24,25,28,30	31,32,33,34,35	24,28,32,35,38	30,31,33,33,34	28,29,30,34,39	36,37,38,41,44
YDR014W-A	HED1	2,2,3,3,3	2,2,3,3,4	1,1,1,3,4	1,1,2,2,2	1,2,2,3,3	2,2,3,3,3	0.9,1,1,2,3
YDR014W	RAD61	11,12,13,13,13	12,13,13,14,15	18,19,20,20,20	12,13,13,14,14	12,13,14,14,15	16,16,17,18,20	13,13,14,14,14
YDR015C		0,0,0,0,0	0,0,0,0,0	0,0,0,0,0	0,0,0,0,0	0,0,0,0,0	0,0,0,0,0	0,0,0,0,0
YDR016C	DAD1	108,112,115,116,116	64,66,68,79,90	127,130,134,145,157	66,67,69,76,83	44,49,54,62,71	116,119,122,134,146	131,140,148,155,163
YDR017C	KCS1	34,34,34,35,35	30,30,31,32,32	63,64,65,68,70	27,28,29,30,32	28,29,29,30,30	50,52,54,54,55	36,36,36,37,39
YDR018C		35,35,35,37,39	41,42,42,44,45	63,63,63,67,72	36,37,39,39,39	26,28,30,30,30	63,64,65,68,71	35,37,38,39,39
YDR019C	GCV1	975,1005,1034,1043,1053	1066,1098,1130,1150,1169	372,378,384,410,437	1157,1166,1175,1208,1241	1000,1058,1116,1150,1184	506,515,523,561,599	829,864,899,913,927
YDR020C	DAS2	37,39,41,42,43	39,40,41,42,44	46,46,47,49,52	31,35,39,42,45	35,36,37,38,40	47,49,50,53,56	35,35,35,37,40
YDR021W	FAL1	15,16,17,18,18	12,13,13,13,13	10,11,12,13,14	13,14,14,15,16	12,12,13,14,15	9,9,9,10,11	15,15,16,19,22
YDR022C		43,45,46,52,57	37,40,44,48,52	58,59,60,60,61	39,39,39,40,41	38,39,40,41,43	56,59,62,66,70	48,51,55,59,62
YDR023W	SES1	181,197,214,215,216	189,199,210,211,213	188,190,192,194,196	206,207,208,211,214	229,232,235,239,242	182,183,183,185,186	194,198,203,206,209
YDR024W	FYV1	0,0,0,0.2,0.4	0.5,0.5,0.5,0.6,0.6	0,0.1,0.3,0.3,0.4	0,0,0,0.3,0.5	0,0,0,0.4,0.7	0,0.5,0.9,1,1	0,0.2,0.4,0.6,0.8
YDR025W	RPS11A	504,547,590,593,597	521,551,581,590,598	319,329,338,348,358	634,636,638,640,643	875,876,877,902,928	265,275,285,286,286	427,458,488,495,503
YDR026C	NSI1	29,31,32,34,35	31,32,33,34,35	35,36,37,38,40	34,35,36,36,37	34,35,35,35,36	39,39,40,40,40	29,33,36,37,38
YDR027C	VPS54	27,28,29,30,31	24,25,25,26,26	34,34,35,35,36	23,24,24,25,25	22,23,23,23,23	31,31,31,31,32	29,29,30,31,32
YDR028C	REG1	62,63,64,64,65	59,62,65,66,67	51,52,54,54,55	62,64,66,67,67	54,57,60,63,66	51,51,52,52,52	62,63,64,64,64
YDR029W		35,39,43,45,47	39,46,53,55,58	33,34,34,43,52	40,41,43,46,48	40,45,49,50,51	32,32,33,33,34	40,41,41,43,45
YDR030C	RAD28	29,29,29,29,30	26,27,28,29,29	35,35,35,36,37	25,25,26,27,29	23,24,25,26,27	33,34,34,35,35	28,29,31,31,31
YDR031W	MIX14	134,136,138,154,169	152,168,183,190,196	222,239,256,302,348	149,160,171,184,196	176,179,183,194,206	168,168,169,181,194	155,159,163,163,163
YDR032C	PST2	549,577,605,655,705	547,581,615,628,640	761,761,761,772,782	623,643,663,672,681	681,691,701,705,710	791,823,856,872,888	535,555,575,578,582
YDR033W	MRH1	1209,1237,1264,1332,1399	2954,3001,3048,3048,3048	37,40,43,44,45	3228,3236,3244,3251,3259	1906,1981,2056,2136,2217	32,34,35,37,38	596,609,623,709,795
YDR034C-A		5,5,6,7,7	2,2,3,4,6	9,9,9,12,16	5,5,5,6,7	2,2,3,6,9	3,4,5,9,13	2,2,3,3,4
YDR034C-C		0,0,0,0,0	0,0,0,0,0	0,0,0,0,0	0,0,0,0,0	0,0,0,0,0	0,0,0,0,0	0,0,0,0,0
YDR034C-D		0.5,0.5,0.6,0.6,0.6	0.5,0.7,0.8,0.9,1	0.9,1,1,1,1	0.2,0.2,0.3,0.4,0.6	0.4,0.4,0.4,0.5,0.6	0.8,1,1,1,1	0.6,0.6,0.6,0.6,0.7
YDR034C	LYS14	74,75,76,76,76	73,75,76,77,77	42,42,42,44,45	75,76,76,76,77	74,75,75,75,76	48,48,48,49,50	70,72,74,80,85
YDR034W-B		35,36,38,38,39	33,38,43,44,45	445,464,484,526,569	98,99,99,118,138	359,371,383,386,389	405,413,421,451,482	50,52,54,58,62
YDR035W	ARO3	298,309,319,331,342	223,239,256,267,279	272,273,274,281,287	266,274,282,289,296	345,363,381,385,388	342,349,356,378,401	313,323,333,340,348
YDR036C	EHD3	0,0,0,0,0	0,0,0,0,0	0,0,0,0,0	0,0,0,0,0	0,0,0,0,0	0,0,0,0,0	0,0,0,0,0
YDR037W	KRS1	17,17,18,19,19	13,14,15,15,15	15,15,16,17,18	14,15,15,15,16	14,16,17,17,17	16,17,17,18,19	16,18,19,20,20
YDR038C	ENA5	0.2,0.3,0.5,0.5,0.5	0,0.1,0.1,0.3,0.4	0.1,0.2,0.2,0.3,0.4	0,0.1,0.2,0.3,0.4	0.1,0.1,0.2,0.3,0.5	0.4,0.4,0.4,0.5,0.5	0.2,0.3,0.4,0.4,0.4
YDR039C	ENA2	0,0,0,0,0.1	0,0,0,0,0	0,0,0,0,0	0,0,0,0.1,0.1	0,0,0,0,0	0,0,0,0,0	0,0,0,0,0
YDR040C	ENA1	19,20,20,21,23	15,17,19,19,20	21,21,21,22,23	15,15,15,16,17	13,13,14,14,14	25,26,27,28,28	20,21,22,22,23
YDR041W	RSM10	183,195,207,210,214	283,286,289,299,309	168,177,186,192,198	304,307,309,321,334	309,311,314,318,322	148,154,160,161,162	184,186,188,199,210
YDR042C		14,15,15,17,18	6,7,7,11,15	16,16,17,18,19	9,9,9,11,14	6,8,10,11,12	13,15,17,19,22	16,17,18,20,22
YDR043C	NRG1	85,88,92,94,97	115,115,115,130,145	50,51,51,53,56	126,135,144,148,151	168,170,173,186,199	51,52,53,55,57	96,97,99,101,103
YDR044W	HEM13	97,100,103,105,106	88,91,94,98,102	56,56,57,58,59	91,92,93,98,102	79,82,86,89,93	50,51,53,55,57	100,102,105,106,107
YDR045C	RPC11	91,94,96,104,111	66,67,69,78,88	98,98,99,112,126	76,83,91,92,94	75,84,93,102,110	122,122,122,124,127	99,104,109,113,117
YDR046C	BAP3	7,8,8,8,9	8,9,9,10,11	35,37,40,40,40	8,9,9,10,10	8,9,9,10,11	37,38,38,39,40	8,8,9,9,9
YDR047W	HEM12	62,64,65,65,65	54,58,62,62,63	99,101,103,108,114	62,63,64,68,72	62,63,64,67,69	103,103,104,105,106	56,61,66,66,67
YDR048C		0,0,0,0,0	0,0,0,0,0	0.6,1,2,2,2	0,0,0,0,0	0,0,0,0,0	1,1,2,2,2	0,0,0,0,0
YDR049W	VMS1	31,32,33,34,35	29,30,30,32,35	34,34,35,35,36	28,29,30,31,32	25,26,26,28,30	31,33,34,34,34	31,32,32,33,34
YDR050C	TPI1	557,584,611,617,623	732,743,755,764,774	417,434,450,464,477	876,876,876,896,917	809,882,954,954,954	302,305,309,311,313	521,549,577,577,578
YDR051C	DET1	73,76,78,81,84	76,78,79,86,92	75,80,85,85,85	77,80,83,90,96	88,88,88,90,91	76,83,89,91,92	74,80,85,87,89
YDR052C	DBF4	39,43,46,48,49	38,41,43,46,48	52,54,55,56,58	39,41,43,44,45	43,45,47,48,49	49,52,55,57,58	43,46,48,49,49
YDR053W		1,1,2,3,4	3,3,3,4,4	3,3,3,3,3	2,2,2,3,3	1,2,2,4,5	0.7,3,5,5,5	3,3,3,4,5
YDR054C	CDC34	208,209,210,214,217	201,205,209,225,241	340,357,374,388,403	214,217,219,223,226	186,191,197,197,198	385,386,388,388,388	213,217,220,221,222
YDR055W	PST1	80,85,90,102,115	176,180,184,189,194	129,141,152,178,204	493,496,498,564,629	1133,1174,1214,1321,1427	72,73,73,81,88	85,96,106,113,120
YDR056C	EMC10	158,160,162,167,172	167,173,178,179,180	213,216,220,227,235	173,174,175,180,185	161,163,165,168,170	220,224,229,232,235	170,171,171,171,171
YDR057W	YOS9	51,53,54,55,56	50,51,52,53,55	68,69,69,71,72	45,45,46,48,49	44,45,45,46,48	65,65,66,66,67	47,49,51,53,54
YDR058C	TGL2	28,31,33,37,40	31,33,34,38,42	38,38,38,42,46	33,35,36,40,43	35,36,36,39,43	38,39,40,41,41	25,29,33,34,34
YDR059C	UBC5	511,517,522,552,582	464,464,464,527,590	739,759,779,786,792	451,459,467,479,491	371,383,394,423,453	811,855,900,905,910	492,504,516,529,542
YDR060W	MAK21	40,44,49,50,51	36,37,38,39,40	47,48,49,50,50	39,39,40,43,46	48,51,53,56,59	32,34,37,38,40	42,43,44,48,51
YDR061W		74,78,82,85,88	88,89,90,90,91	62,63,64,66,67	81,84,87,88,88	71,73,74,78,81	54,57,60,61,62	79,84,88,90,92
YDR062W	LCB2	134,137,140,142,144	118,118,119,122,126	97,98,99,100,102	107,111,114,116,118	118,119,120,121,122	90,92,95,100,105	141,148,156,157,157
YDR063W	AIM7	126,130,134,134,135	181,188,196,199,201	106,110,114,121,128	172,180,189,196,203	179,181,182,182,182	127,129,131,133,135	120,123,125,131,137
YDR064W	RPS13	826,895,965,999,1034	810,857,905,917,930	490,493,497,498,499	871,934,997,1004,1010	1175,1273,1372,1392,1412	406,414,423,429,436	879,883,886,938,990
YDR065W	RRG1	28,30,33,34,35	28,28,29,30,31	29,30,31,35,38	30,31,31,32,33	29,29,29,30,32	32,32,32,32,32	24,28,31,33,35
YDR066C	RTR2	35,36,36,39,42	42,43,45,47,49	36,38,39,40,40	41,41,41,41,42	30,36,42,45,48	35,38,41,42,43	34,36,38,40,42
YDR067C	OCA6	60,60,60,63,66	66,67,69,72,74	90,96,101,102,102	66,69,71,72,72	54,58,61,64,67	94,99,103,107,111	60,61,63,64,66
YDR068W	DOS2	87,90,93,96,98	83,88,92,100,107	85,88,90,91,93	76,79,83,86,89	80,82,84,87,89	96,97,99,100,102	82,85,88,92,95
YDR069C	DOA4	18,20,21,22,23	24,25,25,26,27	27,28,28,30,31	23,24,25,25,25	19,21,23,24,25	24,24,24,26,27	20,20,21,21,21
YDR070C	FMP16	42,43,44,48,53	45,50,55,56,57	265,292,318,319,319	60,64,69,73,78	42,42,42,45,48	283,303,323,331,338	47,49,51,57,63
YDR071C	PAA1	291,292,293,301,309	302,306,310,319,327	259,265,272,281,291	293,293,293,306,319	293,301,309,312,315	253,259,265,278,290	263,274,285,294,304
YDR072C	IPT1	57,58,60,63,67	54,56,58,58,59	100,105,110,111,112	55,57,59,60,61	57,58,59,63,68	95,97,99,99,100	52,54,57,59,60
YDR073W	SNF11	70,75,79,85,92	75,76,77,77,78	112,113,115,116,116	67,73,80,80,80	67,69,72,78,85	88,95,102,102,102	61,75,88,88,89
YDR074W	TPS2	82,86,90,95,101	109,112,115,116,117	108,111,114,119,124	101,102,102,103,103	82,84,87,90,93	107,108,109,113,117	78,80,82,87,91
YDR075W	PPH3	104,104,104,107,110	81,85,90,94,99	123,124,125,130,134	82,85,89,91,92	80,80,81,83,85	130,132,135,137,140	99,100,100,108,115
YDR076W	RAD55	29,30,31,32,32	26,27,27,32,36	37,40,43,43,44	25,27,29,29,29	27,27,28,28,29	48,49,51,51,52	27,27,28,29,30
YDR077W	SED1	5377,5606,5835,5902,5969	8608,8608,8608,9017,9426	4144,4730,5316,5498,5680	8389,8389,8389,8389,8389	5339,5670,6000,7124,8247	4235,4368,4500,4814,5127	3932,4229,4527,4604,4681
YDR078C	SHU2	33,36,39,41,43	36,40,44,45,47	66,67,68,72,76	38,40,42,45,47	29,31,34,37,39	61,62,62,64,66	37,40,43,44,46
YDR079C-A	TFB5	108,110,113,118,124	133,140,146,147,149	138,138,138,167,195	154,154,154,159,164	130,133,136,141,147	126,127,129,134,139	130,134,138,138,139
YDR079W	PET100	183,187,192,201,209	249,258,267,275,283	168,179,189,204,219	237,239,241,244,247	205,216,227,234,241	139,145,150,163,176	178,178,178,181,183
YDR080W	VPS41	27,27,27,27,27	27,28,28,29,29	28,29,30,30,31	23,23,23,25,27	22,22,22,23,23	31,31,31,32,33	24,24,24,26,28
YDR081C	PDC2	34,34,34,35,36	35,35,36,38,40	41,42,42,43,43	35,35,36,36,37	34,35,36,36,36	44,44,44,45,47	33,33,33,35,36
YDR082W	STN1	29,30,31,32,34	27,27,28,29,30	35,37,40,41,43	27,27,27,28,30	23,25,27,28,29	39,41,42,43,43	27,28,29,32,35
YDR083W	RRP8	23,26,28,29,30	26,27,27,27,27	31,33,35,38,41	25,25,25,29,32	31,33,35,35,35	21,22,24,27,30	23,24,25,27,29
YDR084C	TVP23	105,106,107,112,118	97,109,120,122,124	99,104,108,109,110	82,97,113,117,122	86,90,93,95,97	109,113,118,124,131	91,93,94,101,109
YDR085C	AFR1	35,35,35,35,36	75,77,78,80,81	69,69,69,74,78	74,77,80,82,85	64,65,67,71,74	56,56,57,58,60	33,33,34,34,35
YDR086C	SSS1	665,668,671,698,725	534,553,571,592,613	503,513,524,573,622	625,629,633,639,644	650,679,708,732,756	498,509,520,523,526	751,761,771,772,773
YDR087C	RRP1	87,88,88,88,89	57,65,72,73,74	107,109,111,116,122	63,65,67,69,71	71,77,83,85,86	111,119,127,130,132	84,88,92,92,93
YDR088C	SLU7	39,40,41,44,47	42,42,43,44,45	40,42,44,46,48	40,41,42,43,43	32,35,37,40,44	44,45,46,47,49	30,35,41,43,46
YDR089W	VTC5	28,29,30,31,32	28,29,30,31,32	22,22,22,23,23	24,25,25,27,28	17,18,18,19,20	26,26,27,28,30	26,26,26,29,32
YDR090C		101,102,104,117,129	92,93,95,96,97	92,97,102,102,103	86,87,87,91,94	79,79,79,81,84	91,94,98,100,103	102,102,102,105,107
YDR091C	RLI1	98,103,108,116,125	84,86,88,89,90	95,95,96,102,108	87,88,89,90,92	96,102,107,107,108	90,92,94,96,99	100,101,102,108,114
YDR092W	UBC13	200,206,212,227,243	186,187,188,190,193	189,189,190,192,193	182,186,189,195,201	162,182,201,203,205	184,195,206,212,218	232,233,235,242,248
YDR093W	DNF2	10,11,12,13,13	14,14,15,15,15	9,9,10,10,11	11,12,12,14,16	11,11,12,12,12	9,9,10,10,11	11,11,12,13,14
YDR094W		0,0,0,0,0	0,0,0,0,0	0,0,0,0,0	0,0,0,0,0	0,0,0,0,0	0,0,0,0,0	0,0,0,0,0
YDR095C		1,1,1,2,3	1,1,1,2,2	0,0.8,2,2,3	0.7,1,2,2,2	0.6,0.8,1,1,2	1,1,2,2,2	2,2,2,2,2
YDR096W	GIS1	32,32,32,33,33	32,34,36,37,39	36,37,38,38,38	32,32,32,33,34	34,35,35,36,37	35,36,38,38,39	30,31,32,34,36
YDR097C	MSH6	11,11,11,12,12	8,8,9,10,11	20,20,20,20,21	11,11,12,12,13	25,25,26,26,27	18,19,19,20,20	17,17,17,17,18
YDR098C-A		0,0,0,0,0	0,0,0,0,0	0,0,0,0,0	0,0,0,0,0	0,0,0,0,0	0,0,0,0,0	0,0,0,0,0
YDR098C-B		0.8,0.9,1,1,1	1,1,1,2,2	0.5,0.8,1,1,1	0.9,0.9,0.9,1,1	0.4,0.7,1,1,1	0.7,0.9,1,1,2	1,1,1,1,1
YDR098C	GRX3	192,192,193,196,199	197,203,208,215,222	244,252,259,267,275	184,187,189,197,204	193,195,198,199,201	258,269,279,283,287	189,193,197,200,202
YDR099W	BMH2	1304,1335,1365,1369,1373	1112,1132,1152,1211,1270	1337,1376,1416,1420,1425	1014,1022,1030,1050,1070	858,902,946,960,974	1515,1599,1683,1683,1683	1293,1312,1332,1341,1351
YDR100W	TVP15	203,211,219,241,263	236,246,255,265,275	182,189,196,209,222	224,226,228,229,229	188,199,209,213,217	196,198,201,209,217	240,241,242,253,265
YDR101C	ARX1	43,49,55,56,56	35,37,39,39,39	62,62,62,65,68	47,47,47,48,49	52,56,60,63,65	38,44,49,50,51	39,41,42,47,51
YDR102C		5,6,7,7,7	7,7,7,8,9	16,18,19,20,21	6,9,12,13,13	6,7,7,7,7	9,11,12,16,20	8,8,8,8,8
YDR103W	STE5	20,21,22,23,24	21,22,22,22,22	22,23,23,24,24	20,21,22,22,23	21,22,22,23,24	22,22,23,24,25	21,21,22,22,23
YDR104C	SPO71	14,14,15,15,15	16,16,16,17,17	18,18,19,20,22	15,15,16,16,16	13,13,13,13,13	21,21,21,22,22	14,14,14,15,15
YDR105C	TMS1	64,66,68,70,72	65,66,66,67,67	84,89,95,95,96	61,61,61,62,63	55,55,55,57,59	93,94,95,96,97	60,64,67,68,70
YDR106W	ARP10	7,8,9,10,10	6,6,7,7,7	15,15,15,16,17	5,6,7,8,9	4,5,5,7,8	16,16,16,18,19	7,8,9,10,10
YDR107C	TMN2	11,11,11,13,14	12,12,13,13,14	23,24,25,26,26	11,11,11,12,12	9,10,10,10,11	20,22,24,25,26	13,13,13,13,14
YDR108W	TRS85	22,22,23,24,26	23,23,23,24,25	27,28,30,30,30	20,21,21,21,21	18,18,19,20,22	27,27,27,28,28	22,23,23,24,24
YDR109C		28,29,31,31,31	32,33,33,34,35	41,41,42,47,52	36,36,36,36,37	33,34,35,35,35	41,43,45,47,49	29,30,31,31,32
YDR110W	FOB1	30,31,33,33,33	30,31,33,33,33	31,32,32,34,36	32,32,33,34,34	35,37,39,41,42	35,35,36,37,39	30,31,32,32,33
YDR111C	ALT2	50,53,55,55,55	47,49,51,51,51	115,115,116,120,123	34,41,47,47,48	30,31,32,32,33	118,121,125,126,128	51,52,54,55,57
YDR112W	IRC2	6,7,7,9,11	8,8,9,10,11	4,4,4,5,6	6,6,7,9,11	5,6,8,8,9	5,7,9,10,11	3,6,9,10,10
YDR113C	PDS1	57,61,66,67,69	16,21,25,26,27	29,30,30,30,31	11,15,18,19,20	27,28,28,28,29	30,31,32,34,35	92,94,96,96,97
YDR114C		0,0.4,0.7,0.8,1	0,0,0,0,0	0,0.3,0.7,0.8,0.8	0,0.4,0.8,0.9,1	0,0,0,0.5,1	2,2,2,2,2	0,0,0,0.4,0.8
YDR115W	MRX14	157,172,186,203,219	211,228,245,256,267	195,208,221,224,227	205,226,247,255,264	220,247,274,275,276	161,169,178,190,201	154,167,181,184,188
YDR116C	MRPL1	81,87,93,97,102	139,145,151,152,153	76,77,78,79,80	146,151,155,158,160	160,162,163,163,163	54,60,65,65,66	72,76,80,84,88
YDR117C	TMA64	33,33,34,36,37	31,33,35,36,36	39,39,40,42,45	28,28,28,29,29	28,28,28,29,31	39,40,40,43,47	34,35,36,37,38
YDR118W-A		2,2,2,3,4	0,1,2,2,2	4,4,5,6,8	0,2,4,10,16	0,0.9,2,4,7	5,6,7,7,8	0,0,0,0.9,2
YDR118W	APC4	20,20,20,20,21	20,21,21,21,22	26,27,28,29,30	20,20,20,22,23	19,19,19,20,20	27,29,32,32,33	18,19,20,21,22
YDR119W-A	COX26	253,261,269,282,294	310,364,418,445,473	310,320,330,338,346	371,388,405,409,412	331,360,390,398,407	293,301,308,326,344	220,229,237,263,288
YDR119W	VBA4	35,36,37,38,39	36,37,38,39,39	54,55,56,57,57	38,38,38,39,39	35,39,43,45,46	57,57,58,59,59	34,34,34,34,34
YDR120C	TRM1	63,69,76,76,76	65,68,70,71,73	114,118,122,122,122	65,67,69,71,72	68,69,70,72,73	99,102,105,106,108	69,69,69,72,74
YDR121W	DPB4	56,56,56,63,70	53,56,59,59,59	160,163,166,173,180	55,60,64,67,70	54,57,60,62,63	180,181,183,183,183	62,65,68,69,71
YDR122W	KIN1	31,34,36,37,37	35,36,38,38,38	47,47,47,50,52	33,34,34,35,35	33,33,34,34,35	48,48,49,50,50	31,32,33,33,33
YDR123C	INO2	51,55,59,59,60	51,51,52,54,56	51,54,56,58,61	51,52,52,53,54	59,59,60,61,62	46,47,47,50,52	48,48,48,49,50
YDR124W		20,21,22,23,23	24,26,28,28,29	41,42,43,45,47	22,24,25,28,30	23,23,24,26,28	41,42,42,46,49	20,23,25,25,25
YDR125C	ECM18	21,21,21,21,22	18,20,22,23,23	39,39,39,41,43	23,23,24,24,25	21,22,22,23,23	36,37,37,40,43	16,17,17,18,19
YDR126W	SWF1	45,48,51,53,56	47,49,52,53,54	88,91,95,95,95	46,48,51,52,54	40,41,41,43,45	85,92,99,99,99	52,54,56,57,58
YDR127W	ARO1	115,119,123,124,124	110,110,111,119,126	77,77,77,80,82	108,111,115,118,121	97,98,99,100,101	85,87,89,91,93	114,120,127,128,130
YDR128W	MTC5	24,24,24,24,24	25,25,26,26,27	56,58,60,61,63	24,24,25,25,25	23,24,24,25,26	61,61,61,62,63	22,22,23,25,27
YDR129C	SAC6	155,157,159,162,166	153,157,160,163,166	268,275,282,285,289	156,156,157,158,158	148,149,151,152,154	251,255,259,263,266	149,150,151,156,160
YDR130C	FIN1	61,63,65,66,67	51,51,52,53,54	39,40,41,45,48	50,53,55,55,55	36,39,41,42,42	38,41,45,48,51	64,68,72,74,76
YDR131C		16,17,17,19,20	18,18,18,19,19	21,23,24,25,25	18,18,19,19,19	16,16,17,18,19	22,23,24,25,26	16,16,17,17,18
YDR132C		33,33,34,35,36	37,39,40,42,43	45,47,49,50,50	37,37,37,38,39	33,35,37,37,38	40,42,44,45,45	33,34,34,35,36
YDR133C		13288,13288,13288,13288,13288	10089,10361,10634,11263,11892	2660,2737,2815,3007,3198	9007,9496,9985,9985,9985	7451,7849,8247,8727,9206	2315,2491,2668,2777,2886	12276,12373,12470,12470,12470
YDR135C	YCF1	45,46,46,47,49	42,42,43,45,46	44,47,50,51,52	42,43,44,45,45	42,43,43,45,46	47,47,47,49,51	41,41,41,41,42
YDR136C	VPS61	0.3,0.4,0.5,0.7,0.8	0.4,0.4,0.5,1,1	0.3,1,3,3,3	0,0.7,1,2,2	0,0.2,0.3,0.5,0.7	0.8,1,1,3,4	0.3,0.6,0.8,1,1
YDR137W	RGP1	37,37,37,38,39	35,37,39,40,42	61,61,61,62,62	35,36,37,40,42	32,32,33,35,37	58,58,58,58,59	34,35,36,39,42
YDR138W	HPR1	26,27,29,30,31	27,27,27,28,29	36,36,36,38,41	24,24,25,25,26	21,22,23,24,25	38,38,39,40,42	28,29,30,30,31
YDR139C	RUB1	293,300,307,316,326	249,287,325,340,354	296,314,331,348,364	286,302,318,324,330	329,329,329,348,368	287,304,322,334,346	321,323,324,326,327
YDR140W	MTQ2	62,67,71,73,75	65,65,66,66,67	83,87,90,92,93	54,62,69,69,69	48,51,53,56,58	78,78,79,87,94	63,64,66,69,71
YDR141C	DOP1	17,17,17,17,18	18,18,19,19,19	18,18,19,19,20	17,18,18,19,19	17,17,18,18,18	17,18,19,19,19	15,16,17,18,19
YDR142C	PEX7	60,62,63,64,65	67,68,69,71,72	98,101,104,108,112	60,61,62,64,66	61,63,65,66,67	105,105,106,109,112	58,58,58,58,59
YDR143C	SAN1	40,40,41,42,43	42,44,45,47,49	36,38,40,41,42	40,42,44,44,45	39,41,43,44,44	42,44,47,47,47	38,40,42,42,43
YDR144C	MKC7	31,32,34,34,34	27,27,27,27,27	22,23,23,24,25	25,26,27,29,30	30,30,30,31,31	19,20,20,20,20	33,35,37,40,42
YDR145W	TAF12	87,88,89,89,90	81,82,83,84,86	79,82,85,87,89	76,81,87,88,88	73,76,79,87,95	77,80,83,89,94	79,83,88,89,90
YDR146C	SWI5	133,135,138,141,145	175,175,175,194,213	6,6,6,8,9	164,165,166,166,166	87,94,100,104,109	7,7,8,8,9	107,108,109,116,122
YDR147W	EKI1	42,43,44,44,44	40,41,42,43,44	26,27,28,28,29	36,37,38,40,42	27,28,30,32,35	26,27,28,29,29	43,43,44,44,45
YDR148C	KGD2	637,639,642,652,661	721,729,737,740,744	462,468,474,481,487	771,780,788,792,795	735,741,747,750,752	434,434,435,440,444	585,591,597,613,629
YDR149C		0,0,0,0.1,0.2	0,0,0,0,0	0,0,0,0.1,0.1	0,0,0,0,0	0,0,0,0,0	0,0,0,0,0	0,0,0,0,0
YDR150W	NUM1	17,18,18,18,18	17,18,18,18,18	13,14,14,14,14	17,18,18,18,18	15,15,16,16,17	13,14,14,15,16	17,17,17,17,17
YDR151C	CTH1	63,64,65,65,65	64,65,67,70,73	46,48,50,52,53	58,62,66,66,66	48,51,53,53,54	46,48,50,53,56	55,58,62,63,64
YDR152W	GIR2	113,113,113,124,135	107,108,109,111,112	110,111,112,119,126	112,113,115,119,124	113,117,121,125,128	94,98,102,103,105	103,105,107,109,112
YDR153C	ENT5	118,118,118,123,127	113,115,118,124,130	200,205,210,211,212	114,116,117,118,118	104,107,110,114,117	205,207,209,209,210	121,122,122,124,126
YDR154C		0,0.3,0.6,1,2	0.7,0.8,0.8,1,1	1,1,1,2,3	0,0,0,0.7,1	0,0.3,0.6,0.8,1	0.7,0.7,0.8,1,1	0,0,0,0,0
YDR155C	CPR1	1003,1003,1003,1100,1197	983,1011,1038,1038,1038	1034,1047,1059,1066,1073	1063,1063,1063,1078,1093	1024,1053,1082,1092,1101	913,955,997,1008,1019	864,897,931,953,974
YDR156W	RPA14	86,90,93,95,97	70,78,86,88,90	115,119,124,129,134	83,84,85,86,87	85,89,94,96,98	115,117,119,119,120	68,76,84,86,88
YDR157W		0.6,0.8,1,1,1	0,0,0,0.7,1	1,1,1,2,2	0,0.5,1,1,1	0,1,3,3,4	0,1,3,3,3	0,0,0,0,0
YDR158W	HOM2	582,612,642,648,655	486,509,532,542,553	451,466,481,484,487	490,494,497,525,552	463,474,484,500,515	518,526,535,545,555	571,598,626,654,681
YDR159W	SAC3	15,16,16,16,16	15,16,17,18,18	16,17,18,18,18	16,16,17,17,18	15,16,17,18,20	16,16,17,17,18	16,16,16,16,17
YDR160W	SSY1	18,18,19,19,19	17,18,19,19,19	27,27,27,28,29	17,17,18,19,20	15,16,16,17,19	26,27,28,28,29	17,17,17,17,17
YDR161W	ACL4	50,53,56,56,56	50,52,53,55,58	59,65,71,73,75	51,57,62,62,63	55,56,57,59,61	52,56,60,61,62	50,51,52,53,53
YDR162C	NBP2	77,78,78,83,87	83,88,94,105,116	120,120,121,121,122	80,89,98,102,107	80,80,81,83,85	115,117,119,123,126	73,75,77,79,81
YDR163W	CWC15	68,72,77,77,78	79,82,85,94,103	84,85,85,85,85	71,76,82,86,90	67,76,85,94,104	82,86,89,90,91	66,70,75,76,78
YDR164C	SEC1	44,45,45,47,48	51,52,52,52,52	44,45,46,46,47	47,47,48,48,49	43,45,47,48,50	39,40,42,42,42	41,42,43,44,44
YDR165W	TRM82	26,28,29,31,33	24,26,27,28,29	31,31,32,34,36	30,33,35,36,37	40,44,48,48,49	18,19,21,23,25	25,25,25,27,28
YDR166C	SEC5	28,29,30,30,30	27,28,29,29,29	35,36,37,37,37	25,26,28,28,28	26,26,26,27,27	36,37,38,38,38	30,30,30,31,31
YDR167W	TAF10	136,137,137,139,141	131,137,142,144,147	112,117,122,122,122	127,131,135,140,145	144,145,146,148,150	113,115,117,126,136	133,133,133,141,148
YDR168W	CDC37	129,132,135,143,150	150,157,164,167,169	160,162,164,174,184	142,147,153,154,154	134,135,136,141,147	178,178,179,185,191	122,128,135,143,152
YDR169C-A		13,14,15,18,20	13,16,19,23,28	21,22,24,27,31	15,15,16,19,23	16,18,20,20,21	29,30,31,37,43	10,12,14,17,19
YDR169C	STB3	65,65,65,67,70	66,67,68,69,69	71,71,71,72,73	67,69,70,72,73	60,61,63,65,67	68,70,72,73,75	61,61,61,64,66
YDR170C	SEC7	26,26,27,28,29	24,24,25,25,25	26,26,26,27,27	23,24,24,24,24	22,22,22,24,25	23,24,25,26,27	28,28,29,30,31
YDR170W-A		0,0,0,0,0	0,0,0,0.1,0.2	0,0,0,0.1,0.2	0,0,0,0.1,0.2	0,0.1,0.2,0.3,0.5	0,0,0,0,0	0,0,0,0.2,0.3
YDR171W	HSP42	130,133,136,161,185	174,178,181,193,204	118,120,121,125,129	158,163,169,169,169	110,118,125,129,132	98,99,100,103,106	135,137,139,148,157
YDR172W	SUP35	138,142,147,149,151	129,133,136,140,144	177,181,184,186,187	125,127,128,134,140	132,137,142,145,149	175,177,178,184,189	137,139,141,147,154
YDR173C	ARG82	31,31,31,32,33	35,35,36,36,36	31,31,32,33,34	29,30,31,33,35	26,28,30,32,34	36,36,36,37,39	27,28,29,31,32
YDR174W	HMO1	150,151,151,161,170	158,172,186,187,188	175,185,194,206,218	171,174,177,192,206	156,165,173,190,206	193,194,195,198,202	145,149,153,155,157
YDR175C	RSM24	110,116,123,125,128	169,173,177,180,182	117,130,143,147,151	178,178,179,181,184	192,193,194,194,194	98,103,109,111,112	95,97,100,110,120
YDR176W	NGG1	54,56,57,59,62	53,54,55,55,55	51,52,53,54,55	49,50,51,53,54	50,51,52,54,56	50,51,51,54,57	56,57,58,61,64
YDR177W	UBC1	269,276,283,297,310	237,246,255,256,256	249,254,260,263,266	264,268,272,273,275	247,249,252,256,261	250,254,258,260,261	265,266,267,276,286
YDR178W	SDH4	1645,1657,1668,1706,1744	1737,1749,1761,1921,2081	1337,1398,1459,1463,1467	1741,1805,1869,1896,1923	1550,1572,1593,1670,1747	1267,1303,1339,1352,1365	1544,1560,1575,1585,1595
YDR179C	CSN9	83,84,85,90,95	37,41,45,53,61	35,35,36,40,44	38,39,40,41,41	37,39,41,41,42	27,29,31,37,43	100,104,108,118,128
YDR179W-A	NVJ3	41,42,43,47,50	28,30,33,34,36	115,115,115,121,127	26,26,26,27,27	21,21,22,24,26	124,126,129,132,135	38,42,47,47,47
YDR180W	SCC2	12,13,13,13,13	9,10,10,11,11	24,24,25,25,26	10,10,10,10,10	10,10,11,11,12	22,24,26,26,26	13,13,13,13,14
YDR181C	SAS4	45,46,47,47,47	43,45,47,50,52	53,57,60,61,63	42,43,44,44,44	39,40,42,42,43	55,58,61,63,66	40,42,44,45,45
YDR182W-A		7,8,9,9,9	10,10,11,12,13	21,21,21,23,24	5,5,5,9,12	9,9,9,10,11	19,20,20,21,21	8,10,11,11,12
YDR182W	CDC1	88,89,90,91,93	77,77,78,82,86	101,103,106,107,109	72,76,79,80,80	71,71,71,72,72	88,96,104,104,104	87,87,88,90,91
YDR183C-A		11,12,12,13,13	9,10,12,12,12	3,9,14,15,16	7,8,8,11,14	9,13,17,19,22	8,10,13,13,14	10,11,13,13,13
YDR183W	PLP1	33,35,37,37,37	36,36,36,37,38	32,32,33,38,42	36,38,39,40,40	33,33,33,33,34	33,36,38,39,40	36,39,42,42,43
YDR184C	ATC1	22,23,25,26,26	20,22,25,25,26	22,22,22,23,23	24,25,26,27,29	23,26,29,30,32	19,21,22,22,23	14,17,20,23,26
YDR185C	UPS3	34,35,36,40,43	38,41,43,44,45	81,84,86,87,89	39,40,41,41,41	32,33,33,34,35	75,77,79,80,80	29,30,30,34,38
YDR186C	SND1	107,109,111,114,118	100,102,104,110,117	93,95,98,101,104	98,99,99,100,101	92,92,93,93,94	96,97,98,99,99	98,99,101,106,110
YDR187C		4,6,7,8,10	6,7,9,9,9	4,5,6,7,7	7,7,8,9,10	4,5,6,7,7	7,7,8,8,9	7,7,8,8,8
YDR188W	CCT6	206,207,209,214,220	157,169,182,188,194	198,199,200,206,212	176,181,186,192,197	158,164,170,172,174	219,225,231,231,231	192,196,200,200,200
YDR189W	SLY1	73,74,75,75,76	70,72,74,75,77	89,89,90,92,94	69,71,73,76,78	73,75,77,78,79	94,97,100,103,107	80,81,82,84,85
YDR190C	RVB1	81,87,92,93,95	89,90,91,91,92	67,71,74,75,75	101,103,104,109,114	120,122,124,125,126	58,59,60,61,63	86,89,92,96,100
YDR191W	HST4	6,6,7,7,8	16,18,20,21,22	18,20,22,22,22	23,25,28,28,29	24,26,27,28,29	17,18,19,19,19	5,5,6,6,7
YDR192C	NUP42	27,27,28,28,28	26,27,28,30,31	26,27,28,29,31	25,26,28,28,28	24,24,25,26,27	27,28,28,31,34	22,23,23,24,24
YDR193W		0,0,0,0.6,1	0,0.3,0.6,0.6,0.7	0.6,0.6,0.7,0.9,1	0,0,0,0.2,0.4	0,0,0,0,0	0,0,0,1,2	0,0,0,0.3,0.6
YDR194C	MSS116	119,127,136,142,148	171,174,177,180,183	72,80,88,91,94	179,181,184,186,188	195,201,207,211,214	65,65,66,75,84	114,116,119,119,119
YDR194W-A		0,0.8,2,2,3	2,2,2,3,3	0,0,0,1,3	0,0,0,0.8,2	0,0,0,0,0	0,0,0,0.9,2	0,0,0,0.7,1
YDR195W	REF2	44,45,47,47,48	48,49,50,51,52	64,66,68,68,69	44,44,45,47,50	40,42,45,46,46	62,64,65,65,65	42,44,45,47,49
YDR196C	CAB5	87,88,90,92,94	96,96,96,98,100	184,187,189,195,201	91,92,93,97,102	77,81,85,86,87	180,189,197,203,209	83,89,95,96,97
YDR197W	CBS2	37,38,38,43,48	56,57,58,58,58	42,47,52,54,55	53,54,55,56,57	57,58,58,58,58	45,46,47,48,49	32,35,38,40,43
YDR198C	RKM2	26,26,27,28,29	31,32,33,34,35	33,35,36,39,42	28,32,36,37,38	33,34,34,35,36	37,37,38,38,38	22,22,22,24,25
YDR199W		0,0.6,1,2,3	0,0.4,0.7,1,2	0,0.6,1,2,2	0,0,0,0,0	0,0.3,0.5,0.6,0.7	0,0,0,0.3,0.6	0,0,0,1,2
YDR200C	VPS64	36,37,38,39,40	32,34,36,36,37	43,43,44,46,48	31,31,31,31,31	24,26,28,29,31	39,42,46,47,48	36,36,36,38,40
YDR201W	SPC19	71,74,76,83,91	63,67,72,75,79	81,87,93,93,93	62,62,63,70,78	37,44,50,51,53	73,75,76,82,88	86,89,92,95,99
YDR202C	RAV2	38,42,46,46,46	45,46,46,47,48	65,68,71,73,75	42,44,45,47,48	32,33,35,35,36	75,75,76,77,79	37,40,42,42,43
YDR203W		0,0,0,0.4,0.7	0,0,0,0,0	0,0.4,0.8,1,2	0,0,0,0.4,0.8	0,0,0,0,0	0,0.8,2,2,2	0,0,0,0,0
YDR204W	COQ4	52,53,54,61,67	64,67,71,72,73	96,97,98,100,102	58,65,71,72,72	56,56,56,59,61	112,113,115,115,116	49,51,52,53,54
YDR205W	MSC2	29,31,33,34,34	31,33,35,35,36	51,53,55,57,60	33,34,36,36,37	27,28,29,30,31	54,55,55,57,59	28,29,31,31,31
YDR206W	EBS1	48,49,50,50,50	46,47,49,50,51	48,48,49,50,51	47,47,48,48,48	43,45,47,47,47	47,48,49,50,51	44,46,48,48,48
YDR207C	UME6	27,27,27,30,32	22,23,24,26,28	22,24,26,26,26	21,22,23,23,23	22,22,23,23,24	24,24,24,24,24	25,25,25,25,26
YDR208W	MSS4	71,72,74,74,75	63,64,64,68,72	71,73,74,76,78	61,61,62,63,63	51,52,54,58,62	75,75,76,81,86	73,73,74,76,78
YDR209C		76,77,77,81,85	51,55,59,68,77	41,42,43,46,49	51,60,69,70,72	48,53,58,58,58	37,39,41,41,42	88,90,92,92,93
YDR210C-C		0,0,0,0,0	0,0,0,0,0	0,0,0,0,0	0,0,0,0,0	0,0,0,0,0	0,0,0,0,0	0,0,0,0,0
YDR210C-D		0.9,1,1,2,2	2,2,2,2,3	1,1,1,2,2	1,1,2,2,2	1,1,2,2,2	1,2,3,3,3	1,2,2,2,2
YDR210W		0,0,0,0,0	0,0,0,0,0	0,0,0,0,0	0,0,0,0,0	0,0,0,0,0	0,0,0,0,0	0,0,0,0,0
YDR210W-A		0,0,0,0,0	0,0,0,0,0	0,0,0,0,0	0,0,0,0,0	0,0,0,0,0	0,0,0,0,0	0,0,0,0,0
YDR210W-B		0.7,0.8,0.8,0.9,1	1,1,1,1,1	0.8,0.9,1,1,1	1,1,1,1,1	0.6,0.6,0.6,0.7,0.7	0.5,0.6,0.8,0.9,1	0.7,0.8,0.8,0.8,0.8
YDR211W	GCD6	69,70,71,72,72	62,63,63,63,64	63,64,65,67,68	59,60,60,65,69	63,68,73,73,74	57,59,61,63,65	69,70,71,72,72
YDR212W	TCP1	152,152,153,154,155	114,122,130,134,139	146,147,147,153,158	129,135,140,141,142	121,129,137,142,148	163,165,166,171,176	145,145,146,148,151
YDR213W	UPC2	4,4,4,5,5	4,4,4,5,5	4,4,4,4,4	3,4,5,5,5	4,5,5,5,5	3,3,3,3,3	4,5,5,5,6
YDR214W	AHA1	551,562,572,597,622	527,531,535,574,612	178,180,181,189,196	502,510,517,541,564	373,385,398,430,463	162,165,168,172,177	524,526,528,544,561
YDR215C		3,4,4,5,6	2,4,5,7,8	4,4,4,4,4	1,1,1,2,3	1,2,3,4,6	1,3,4,4,5	3,4,5,5,5
YDR216W	ADR1	94,94,95,101,107	99,101,102,103,105	96,97,99,99,100	91,95,98,100,101	79,79,79,80,80	87,90,92,92,92	99,102,105,107,108
YDR217C	RAD9	13,13,14,16,17	13,14,14,15,16	18,18,18,20,22	12,14,15,16,17	14,15,15,16,16	18,18,19,19,20	15,16,16,17,18
YDR218C	SPR28	13,13,13,14,14	10,10,10,11,12	26,29,33,34,34	10,10,11,11,11	8,8,8,9,11	27,28,29,35,41	14,15,15,16,17
YDR219C	MFB1	59,61,63,67,71	58,58,58,59,60	42,44,45,46,46	52,53,54,56,58	50,51,51,52,54	44,45,45,45,46	77,78,78,83,87
YDR220C		12,15,17,17,18	16,16,16,16,16	7,8,9,12,14	10,12,13,14,14	6,8,9,11,12	9,9,10,12,13	16,16,16,17,18
YDR221W	GTB1	30,30,30,31,32	25,27,29,29,29	34,38,41,41,42	27,28,29,29,29	21,24,26,26,27	40,40,41,42,43	30,32,33,33,34
YDR222W		50,50,51,56,61	32,35,38,43,47	47,47,48,50,52	31,35,38,39,40	24,28,33,33,34	46,48,50,53,57	55,56,57,59,62
YDR223W	CRF1	20,21,21,22,22	19,19,19,21,23	178,181,184,195,206	20,20,20,21,22	17,18,19,20,21	162,167,171,184,198	21,22,23,24,25
YDR224C	HTB1	2973,3064,3155,3231,3306	990,1070,1149,1179,1209	699,793,887,949,1011	852,886,919,1003,1086	826,863,901,914,927	678,762,847,870,892	4355,4483,4611,4611,4611
YDR225W	HTA1	1645,1667,1689,1733,1776	433,449,465,511,556	556,612,668,669,670	390,398,407,458,509	406,431,457,466,475	471,504,537,551,565	2683,2733,2782,2801,2819
YDR226W	ADK1	887,900,914,919,923	877,893,910,941,972	612,628,645,651,658	881,894,907,911,915	862,895,927,929,931	557,565,574,585,595	854,858,861,872,883
YDR227W	SIR4	27,27,28,30,31	26,26,27,27,27	21,21,21,22,22	23,24,24,25,26	21,22,22,23,24	19,20,20,22,24	30,31,31,32,33
YDR228C	PCF11	42,42,42,45,47	41,44,48,52,55	43,44,45,45,46	41,42,42,43,45	40,41,42,44,45	46,46,47,48,48	39,41,43,43,44
YDR229W	IVY1	40,43,47,49,52	52,52,53,56,60	50,52,55,58,62	47,49,50,51,53	47,47,48,51,55	55,56,56,57,58	45,45,46,46,47
YDR230W		5,6,6,7,9	7,8,9,9,10	2,4,5,6,6	6,6,6,7,9	5,6,7,7,7	5,5,5,6,7	4,4,4,5,7
YDR231C	COX20	54,58,62,63,63	62,68,74,75,76	62,64,67,70,74	50,58,67,67,67	63,63,63,66,68	57,61,65,68,71	57,58,59,60,61
YDR232W	HEM1	132,133,133,137,140	111,114,117,121,126	109,112,115,118,121	107,110,113,121,129	108,109,109,111,113	122,123,123,124,124	121,125,129,131,132
YDR233C	RTN1	472,475,478,506,534	555,573,592,632,673	502,506,509,529,548	627,628,629,676,722	678,690,701,761,821	461,462,462,465,467	415,426,437,448,458
YDR234W	LYS4	191,198,204,207,211	151,158,165,166,167	82,89,96,97,97	156,160,164,165,167	162,166,170,170,170	96,99,102,102,102	190,195,201,204,207
YDR235W	PRP42	29,30,30,30,31	23,25,27,29,31	35,38,41,44,47	28,29,30,30,31	30,30,31,32,32	35,36,37,38,39	27,29,31,32,33
YDR236C	FMN1	49,50,51,54,58	34,37,41,43,46	59,59,59,61,62	30,34,38,43,47	34,36,39,40,41	57,59,61,64,67	47,51,54,55,55
YDR237W	MRPL7	112,122,132,134,136	172,176,180,185,190	90,98,105,109,113	180,181,181,186,191	192,193,194,200,207	72,77,82,83,85	114,118,123,125,126
YDR238C	SEC26	83,85,86,89,92	71,72,73,75,78	78,81,84,84,84	75,76,77,78,78	71,73,74,75,76	79,80,80,82,85	88,89,90,90,91
YDR239C		23,23,24,24,25	22,22,23,23,23	26,28,30,30,30	20,20,21,21,22	17,18,18,19,19	28,28,28,30,31	21,22,23,23,24
YDR240C	SNU56	18,19,20,22,23	20,20,20,20,20	25,25,25,27,28	19,19,20,21,22	19,19,19,20,21	22,22,22,24,26	20,20,21,23,25
YDR241W	BUD26	58,59,60,68,76	44,45,46,49,52	93,93,93,110,128	48,48,48,48,48	52,55,58,59,61	77,77,78,83,87	69,69,70,74,78
YDR242W	AMD2	24,25,26,27,28	25,25,25,26,27	33,33,34,35,36	22,25,28,28,28	20,21,22,23,24	35,36,38,38,38	26,27,28,28,29
YDR243C	PRP28	15,16,16,18,19	10,11,12,13,14	22,22,22,23,24	10,11,11,13,14	11,11,12,12,12	21,21,22,22,23	14,15,16,17,18
YDR244W	PEX5	57,58,59,61,63	53,54,55,57,59	93,94,95,100,106	47,49,51,51,52	40,41,42,43,45	93,97,101,101,101	52,55,59,60,62
YDR245W	MNN10	153,157,161,163,164	111,114,117,117,118	95,99,102,108,114	110,111,113,113,113	99,99,99,102,105	86,90,95,96,96	166,171,176,179,182
YDR246W-A		12,14,15,16,17	8,9,11,12,13	17,21,25,29,32	5,7,9,11,13	2,5,8,9,10	23,24,24,29,33	17,18,19,19,20
YDR246W	TRS23	99,101,103,107,111	95,100,105,117,130	176,178,180,180,181	87,91,94,99,104	84,85,86,96,105	167,168,168,175,182	98,99,100,102,104
YDR247W	VHS1	11,12,13,13,14	10,11,11,11,11	13,13,13,13,14	12,12,13,13,14	11,11,12,12,12	13,13,14,14,15	15,16,16,18,20
YDR248C		56,57,58,59,60	64,66,69,70,72	67,70,73,81,90	54,56,58,61,64	72,72,72,76,80	66,71,75,76,76	59,59,59,61,63
YDR249C		17,17,18,19,20	16,18,19,21,24	19,20,22,24,27	11,13,15,19,22	12,15,18,18,19	20,21,21,22,23	16,17,17,19,22
YDR250C		13,13,13,14,14	12,13,14,16,18	11,11,12,12,12	7,10,14,18,22	10,12,14,17,19	12,13,14,15,16	8,9,10,11,12
YDR251W	PAM1	46,50,53,54,54	51,57,62,64,66	48,52,57,57,57	51,55,59,61,63	50,55,59,61,63	47,49,50,52,54	41,47,53,53,53
YDR252W	BTT1	40,41,42,44,45	32,34,37,39,41	32,33,34,34,34	27,30,34,35,37	25,26,28,29,30	39,42,45,47,49	41,43,46,48,50
YDR253C	MET32	88,89,89,95,101	128,131,135,141,148	109,116,123,125,126	116,117,117,119,121	123,128,133,136,139	131,141,151,151,151	110,115,120,121,123
YDR254W	CHL4	39,41,44,45,45	38,41,45,45,45	27,30,33,35,36	37,38,38,40,41	30,32,33,33,34	33,35,38,40,42	46,47,48,51,54
YDR255C	RMD5	38,39,40,41,41	44,47,49,49,49	54,55,55,59,63	39,40,41,43,45	34,35,37,37,38	52,53,54,57,59	33,36,39,40,41
YDR256C	CTA1	347,364,381,385,389	263,273,284,297,310	1864,1912,1959,1997,2034	237,239,241,242,244	177,181,184,186,188	2053,2123,2194,2219,2244	356,365,374,375,375
YDR257C	RKM4	41,41,41,43,45	39,41,42,43,45	60,62,65,66,67	41,41,41,42,42	39,40,40,40,41	69,70,71,73,75	36,37,37,39,41
YDR258C	HSP78	274,279,285,285,286	372,372,372,391,410	100,108,116,119,122	352,366,379,383,387	291,303,316,320,323	103,105,108,109,110	244,248,253,253,254
YDR259C	YAP6	53,54,54,54,55	48,48,48,51,54	25,26,28,29,30	42,43,44,45,47	31,31,31,31,32	26,27,29,30,31	56,57,58,59,60
YDR260C	SWM1	80,84,88,89,89	100,101,102,104,106	82,85,89,95,102	111,112,114,115,117	104,105,106,115,124	87,99,111,117,122	83,85,86,86,87
YDR261C-C		0,0,0,0,0	0,0,0,0,0	0,0,0,0,0	0,0,0,0,0	0,0,0,0,0	0,0,0,0,0	0,0,0,0,0
YDR261C-D		2,2,2,2,2	2,2,2,3,3	3,3,3,3,4	3,3,3,3,3	2,2,2,2,3	3,3,4,4,4	2,2,2,2,2
YDR261C	EXG2	46,47,47,48,49	37,37,37,38,40	35,36,38,38,39	32,34,35,35,36	27,28,29,30,31	31,32,34,36,38	54,54,55,55,55
YDR261W-A		0,0,0,0,0	0,0,0,0,0	0,0,0,0,0	0,0,0,0,0	0,0,0,0,0	0,0,0,0,0	0,0,0,0,0
YDR261W-B		0.5,0.8,1,1,1	0.7,1,1,1,2	3,3,4,4,4	0.8,1,1,1,1	1,1,1,1,1	3,3,3,3,4	0.6,0.7,0.8,0.9,0.9
YDR262W		229,232,236,250,264	229,235,242,250,258	318,328,337,340,342	226,234,241,245,249	182,190,199,214,230	322,339,357,357,358	210,218,225,236,246
YDR263C	DIN7	12,13,14,14,15	9,10,10,10,11	6,7,7,8,9	9,9,9,9,9	10,10,10,11,13	10,10,11,12,12	14,15,17,17,17
YDR264C	AKR1	84,84,84,86,89	73,77,81,82,83	96,97,97,97,98	77,79,82,82,82	73,75,78,78,78	96,98,100,100,100	87,87,87,88,88
YDR265W	PEX10	48,48,48,50,53	49,51,53,57,61	70,76,82,82,83	51,52,53,55,58	49,50,51,52,52	73,73,73,76,79	50,50,51,52,53
YDR266C	HEL2	40,42,44,45,46	42,42,42,42,43	35,35,35,36,37	38,39,39,42,44	40,41,43,44,44	31,31,31,32,33	40,41,41,42,43
YDR267C	CIA1	66,71,75,76,77	54,60,66,67,69	68,71,74,75,76	56,57,57,57,58	48,48,48,48,48	70,74,77,84,91	71,73,74,76,77
YDR268W	MSW1	29,29,30,30,31	37,38,39,42,45	32,33,33,34,35	37,37,37,40,43	33,33,34,36,39	29,30,32,32,32	28,29,30,32,33
YDR269C		0,0,0,0,0	0,0,0,0,0	0,0,0,0,0	0,0,0,0,0	0,0.5,1,1,2	0,0,0,0,0	0,0,0,0,0
YDR270W	CCC2	20,21,23,23,23	26,27,28,28,29	25,26,26,27,28	27,28,28,28,28	25,25,26,26,26	23,24,24,26,28	19,20,20,22,23
YDR271C		0,0,0,0,0	0,0,0,0,0	0,0,0,0,0	0,0,0,0,0	0,0,0,0,0	0,0,0,0,0	0,0,0,0,0
YDR272W	GLO2	184,185,185,186,186	184,197,209,210,211	219,221,224,227,231	194,195,196,202,208	173,184,194,196,198	231,235,240,245,249	179,181,182,186,190
YDR273W	DON1	39,39,39,41,42	34,35,36,40,44	52,54,55,56,57	35,38,40,41,41	29,29,29,31,34	56,57,58,62,66	40,41,43,43,44
YDR274C		17,19,20,20,21	18,18,19,22,24	17,20,24,25,26	18,19,21,25,30	18,19,20,22,25	14,14,15,18,21	14,15,16,18,21
YDR275W	BSC2	219,221,223,248,273	229,244,260,264,267	191,213,234,240,246	259,262,265,269,273	188,191,194,201,209	184,186,187,200,212	193,200,207,213,220
YDR276C	PMP3	4382,4409,4436,4639,4842	4854,4854,4854,4895,4936	2152,2249,2346,2357,2369	4530,4603,4677,4760,4843	3914,3983,4051,4051,4051	2315,2325,2335,2366,2398	3932,3991,4050,4250,4451
YDR277C	MTH1	83,85,87,89,91	104,106,108,108,109	62,62,62,63,65	107,110,113,114,114	81,81,81,83,86	67,68,69,70,71	77,82,86,89,93
YDR278C		0,0,0,2,4	1,1,2,2,2	2,2,2,3,3	0,0.7,1,1,2	0.7,0.9,1,1,2	2,2,2,3,5	0,1,2,3,3
YDR279W	RNH202	36,36,36,38,41	33,36,39,40,41	71,74,77,77,77	37,38,39,40,41	42,43,44,45,46	71,73,74,75,75	40,41,42,43,44
YDR280W	RRP45	57,61,64,69,75	55,55,56,58,60	52,55,57,60,62	54,55,56,56,57	54,59,64,64,64	59,59,59,62,65	61,62,62,66,69
YDR281C	PHM6	18,18,18,20,21	17,18,18,18,18	8,9,11,12,13	12,18,23,24,25	27,27,28,29,30	7,7,8,10,13	16,19,21,25,29
YDR282C	MRX10	36,36,37,37,37	44,44,44,45,45	38,39,39,40,40	42,44,45,47,48	39,41,43,45,47	36,37,38,41,43	37,37,37,38,40
YDR283C	GCN2	13,13,14,14,15	12,12,12,12,12	16,17,17,18,18	12,12,12,13,13	12,12,12,12,12	17,17,18,18,18	13,13,13,14,14
YDR284C	DPP1	100,101,102,106,110	107,113,118,119,120	125,126,128,129,131	116,118,120,121,122	93,99,105,107,110	130,130,131,134,137	99,101,103,106,109
YDR285W	ZIP1	6,7,7,8,10	8,8,9,9,9	10,10,10,11,12	7,7,8,8,8	7,7,7,8,9	12,13,13,14,15	7,7,7,8,9
YDR286C		68,74,79,79,80	90,94,98,106,114	107,115,123,126,129	82,86,89,93,96	80,82,84,99,114	99,103,107,111,115	67,68,70,70,71
YDR287W	INM2	61,61,61,67,73	65,68,71,72,72	99,102,105,111,117	61,62,62,68,75	56,58,60,62,64	104,106,109,111,114	67,68,69,74,78
YDR288W	NSE3	36,39,42,42,42	42,43,43,44,45	65,66,67,68,69	37,40,43,43,43	31,33,36,40,44	61,64,66,68,70	32,34,36,37,37
YDR289C	RTT103	29,30,31,32,33	29,32,35,36,37	24,25,26,27,29	27,29,31,35,39	29,31,32,33,33	19,20,20,23,25	32,33,34,34,34
YDR290W		0,0,0,0.4,0.7	0,0,0,0.4,0.8	0,0,0,0.6,1	0,0,0,0.3,0.7	0,0,0,0,0	0,0,0,0,0	0,0,0,0.7,1
YDR291W	HRQ1	13,15,16,16,16	16,17,17,18,18	13,13,13,13,14	13,14,15,15,15	14,14,15,16,16	13,14,15,16,16	15,15,16,17,19
YDR292C	SRP101	79,80,81,83,86	73,76,79,80,81	96,97,99,100,101	71,72,73,78,84	73,76,78,78,79	95,101,107,109,111	75,79,83,83,83
YDR293C	SSD1	101,104,107,108,109	115,115,116,119,121	114,115,115,119,122	112,113,113,115,116	94,97,101,104,108	115,119,123,124,125	102,103,105,106,108
YDR294C	DPL1	118,118,118,120,123	99,101,103,106,109	254,260,267,279,291	94,97,101,102,104	86,90,94,94,95	268,268,268,271,275	119,120,121,125,129
YDR295C	HDA2	39,39,39,41,43	38,39,40,41,43	28,30,32,33,35	37,38,38,39,40	35,36,37,38,39	26,29,31,32,34	35,37,40,41,42
YDR296W	MHR1	145,149,153,160,167	220,221,223,226,229	117,120,123,130,138	217,223,230,235,241	239,239,239,240,242	105,105,105,112,120	123,129,135,140,145
YDR297W	SUR2	68,74,80,81,83	34,35,35,37,40	47,49,51,53,54	36,38,39,40,41	49,50,51,52,52	46,47,48,49,49	97,101,105,110,115
YDR298C	ATP5	1589,1591,1593,1609,1625	1641,1645,1649,1649,1649	1166,1170,1175,1194,1213	1613,1629,1645,1657,1669	1573,1581,1590,1590,1590	1070,1073,1077,1083,1090	1566,1571,1575,1581,1588
YDR299W	BFR2	31,35,40,42,43	26,27,28,29,30	16,16,16,17,17	33,34,35,36,37	38,42,45,45,45	12,13,14,15,17	32,32,33,34,35
YDR300C	PRO1	68,69,71,73,74	63,64,66,66,66	49,51,52,53,53	64,66,68,69,70	64,68,71,73,75	48,51,54,55,55	64,65,67,70,73
YDR301W	CFT1	11,12,13,13,14	11,11,12,12,13	15,16,17,18,19	11,11,12,12,12	10,11,12,12,12	15,15,15,15,15	10,12,14,14,15
YDR302W	GPI11	83,84,85,86,87	62,64,66,70,73	58,59,60,63,66	59,61,63,63,63	52,59,67,69,72	49,52,56,56,57	92,94,96,102,107
YDR303C	RSC3	28,28,29,29,29	23,24,25,26,28	21,23,25,25,26	16,19,23,23,23	19,19,20,21,21	22,23,24,25,25	30,31,33,34,35
YDR304C	CPR5	332,340,347,352,357	360,369,378,378,378	420,421,421,423,425	358,361,365,384,403	313,316,319,331,344	409,415,421,425,430	306,316,326,334,343
YDR305C	HNT2	84,85,86,89,92	91,92,92,94,97	105,109,113,116,120	85,86,87,90,93	65,68,71,71,71	112,118,123,127,131	79,84,89,90,90
YDR306C		51,51,52,55,58	49,50,51,51,51	81,82,83,88,93	45,47,48,48,48	42,43,45,45,46	75,78,81,83,84	49,51,52,55,57
YDR307W	PMT7	40,41,42,42,42	47,48,49,49,49	38,38,39,39,39	43,44,46,47,48	46,46,47,47,48	38,41,44,44,44	42,42,43,44,46
YDR308C	SRB7	115,115,116,120,124	124,139,154,159,163	120,132,143,144,144	148,149,150,151,152	145,149,154,159,164	111,111,112,116,120	109,113,118,118,119
YDR309C	GIC2	148,153,158,168,179	106,115,124,130,137	43,46,49,52,55	111,115,119,121,123	177,185,194,197,201	36,39,42,47,51	154,156,157,162,166
YDR310C	SUM1	35,37,39,40,40	37,38,40,40,41	39,39,40,42,45	37,38,39,39,39	39,40,41,42,43	37,38,39,39,40	32,33,33,35,36
YDR311W	TFB1	25,26,27,28,28	25,25,26,28,30	31,31,31,31,31	23,23,24,26,28	25,27,28,29,30	35,36,37,37,38	22,23,24,27,30
YDR312W	SSF2	54,54,55,60,65	59,62,64,67,70	40,45,50,54,58	61,62,63,65,67	60,62,64,65,66	41,42,42,44,46	53,53,53,55,57
YDR313C	PIB1	85,86,87,88,88	83,84,84,88,93	79,81,83,85,86	74,76,77,82,87	75,76,78,81,84	71,72,74,75,76	84,84,85,87,90
YDR314C	RAD34	16,16,16,16,16	18,18,18,19,21	12,13,14,14,15	17,17,17,17,18	15,15,15,16,16	14,15,16,16,17	16,16,16,16,16
YDR315C	IPK1	52,56,60,66,71	57,60,62,64,65	73,79,84,86,87	56,57,57,59,61	40,42,43,50,57	81,85,88,93,99	48,51,54,63,72
YDR316W-A		0,0,0,0,0	0,0,0,0,0	0,0,0,0,0	0,0,0,0,0	0,0,0,0,0	0,0,0,0,0	0,0,0,0,0
YDR316W-B		0.7,0.7,0.7,0.9,1	0.8,1,1,1,1	0.8,0.9,1,1,1	0.9,1,1,1,1	1,1,1,1,1	0.9,0.9,0.9,1,1	0.6,0.7,0.7,0.8,0.8
YDR316W	OMS1	77,79,80,85,89	121,126,131,134,137	48,53,58,58,58	118,122,127,130,134	128,128,128,136,144	39,44,49,49,49	74,75,75,77,79
YDR317W	HIM1	20,21,22,23,24	21,22,23,25,28	32,33,35,39,43	17,18,19,19,20	14,16,18,19,20	36,38,40,40,40	24,24,24,25,25
YDR318W	MCM21	33,34,36,36,36	29,32,34,35,35	46,48,51,51,52	26,28,31,31,32	24,25,27,29,30	41,42,44,44,45	37,38,39,39,39
YDR319C		51,53,56,58,60	55,57,58,59,60	68,72,75,78,80	58,59,61,63,65	55,58,62,64,66	66,67,68,70,72	51,54,58,60,61
YDR320C-A	DAD4	220,231,241,244,246	157,171,186,194,202	210,233,256,261,266	144,147,150,154,157	137,142,146,147,148	154,160,167,167,168	275,279,282,288,294
YDR320C	SWA2	33,34,36,37,37	34,35,37,38,40	66,67,68,72,76	29,31,33,34,35	24,26,28,29,29	63,67,70,71,71	33,34,36,36,36
YDR320W-B		0,0,0,1,2	0,0,0,0,0	0,2,5,5,5	0,0,0,0.9,2	0,0,0,1,2	2,2,2,2,2	0,0.8,2,3,4
YDR321W	ASP1	50,51,53,58,63	43,46,49,49,50	44,45,46,46,47	47,48,48,53,58	44,51,57,59,60	41,41,42,43,45	48,49,50,52,54
YDR322C-A	TIM11	1431,1439,1447,1447,1447	1551,1564,1577,1618,1659	1021,1065,1109,1124,1139	1560,1597,1635,1647,1659	1526,1550,1573,1602,1631	811,819,828,870,912	1459,1468,1478,1541,1605
YDR322W	MRPL35	99,105,111,112,114	142,154,166,170,173	65,69,73,79,86	161,163,165,166,167	164,165,167,171,175	47,47,48,51,55	99,100,102,108,114
YDR323C	PEP7	18,20,21,21,21	20,21,22,22,22	21,22,23,24,24	17,19,21,21,21	17,18,19,20,21	22,23,23,23,24	20,22,24,25,25
YDR324C	UTP4	32,37,43,43,43	36,36,37,39,41	15,16,17,18,18	34,37,40,41,42	47,48,48,48,48	10,13,16,16,16	29,30,30,31,32
YDR325W	YCG1	25,26,28,28,28	20,21,22,23,24	13,14,15,16,16	19,19,19,21,22	14,14,15,16,16	17,17,17,17,17	26,28,29,29,29
YDR326C	YSP2	24,25,26,26,27	18,18,19,19,19	19,19,20,20,20	16,17,17,17,18	13,13,14,14,14	17,18,19,19,20	26,26,26,26,27
YDR327W		21,24,26,27,27	16,18,19,21,22	33,34,36,42,49	15,21,26,26,26	16,16,16,18,19	34,38,43,51,60	21,22,23,25,27
YDR328C	SKP1	180,181,182,186,190	179,192,205,205,206	239,241,243,250,258	179,180,180,187,193	166,167,168,177,186	240,255,270,272,273	175,175,175,179,184
YDR329C	PEX3	122,123,124,125,126	114,115,116,116,117	210,212,214,221,228	108,108,109,109,110	98,99,101,106,112	220,224,228,229,229	106,108,110,117,124
YDR330W	UBX5	74,76,78,80,82	88,89,91,92,92	131,132,133,139,145	82,85,87,87,88	76,78,81,82,84	129,135,142,142,142	73,74,74,79,83
YDR331W	GPI8	34,36,38,41,43	35,35,36,36,37	41,42,42,43,43	36,37,38,38,38	31,35,39,40,40	38,38,39,40,42	41,42,44,44,44
YDR332W	IRC3	18,19,20,21,22	19,20,21,21,21	29,29,29,30,31	19,19,20,21,22	16,16,16,17,19	29,30,30,32,34	15,17,19,21,22
YDR333C	RQC1	37,39,41,42,42	36,38,41,41,41	61,62,63,63,64	38,38,39,40,41	36,37,38,40,41	58,60,61,62,62	40,42,45,47,50
YDR334W	SWR1	23,23,23,24,24	20,21,21,22,22	22,23,24,25,26	21,21,22,22,23	20,21,21,21,22	24,24,24,25,26	21,21,21,22,23
YDR335W	MSN5	43,44,45,45,45	40,41,43,44,46	58,59,59,61,63	39,40,40,41,41	36,36,37,37,37	57,57,57,59,62	45,45,46,47,48
YDR336W	MRX8	25,26,27,28,28	19,21,23,25,26	36,36,37,37,37	27,27,27,28,28	21,22,22,23,24	35,35,35,39,43	23,23,24,24,25
YDR337W	MRPS28	77,90,103,106,108	145,146,147,147,148	83,89,95,97,100	147,150,152,158,163	172,174,177,180,182	66,66,66,70,73	88,90,92,92,92
YDR338C		18,19,20,21,21	19,19,20,21,21	22,22,23,23,24	21,22,23,24,25	20,21,22,23,24	22,22,22,23,24	20,21,21,21,21
YDR339C	FCF1	93,104,115,116,116	68,76,84,91,98	90,90,91,92,93	88,97,106,106,106	87,97,108,110,112	79,84,90,91,93	96,97,98,105,111
YDR340W		7,11,14,16,17	11,12,14,16,18	12,12,12,12,12	11,12,14,17,20	7,7,7,10,13	11,13,16,18,19	13,14,16,17,17
YDR341C		164,173,183,185,187	146,150,154,158,162	220,229,237,240,243	147,150,154,154,155	145,150,155,156,157	268,270,272,273,274	175,180,186,188,189
YDR342C	HXT7	10,11,11,11,11	4,4,4,5,5	11,12,14,16,18	6,6,7,8,9	14,14,15,16,18	8,8,9,9,10	16,17,18,19,19
YDR343C	HXT6	2,3,3,3,3	1,1,2,2,2	2,3,3,4,6	3,3,3,3,4	8,8,8,9,9	2,2,3,3,4	3,3,4,4,5
YDR344C		16,17,17,19,21	13,17,22,22,23	9,10,11,12,13	14,14,14,17,19	13,16,19,20,22	9,10,11,12,12	14,16,17,19,21
YDR345C	HXT3	17,18,19,19,20	14,14,15,15,16	19,21,23,23,24	15,15,15,16,18	15,15,15,17,18	17,18,20,22,23	20,22,24,25,26
YDR346C	SVF1	220,220,220,221,223	163,167,172,181,191	256,261,265,266,266	154,158,162,167,172	141,145,148,149,149	242,243,245,246,247	235,236,237,244,250
YDR347W	MRP1	120,121,122,133,144	187,188,189,202,215	111,118,125,125,125	201,205,208,216,225	217,223,229,230,232	78,84,89,89,89	127,131,134,138,143
YDR348C	PAL1	93,93,93,97,101	78,84,90,92,94	105,106,107,108,109	79,80,82,84,87	87,88,89,90,90	91,91,91,93,94	93,94,96,101,105
YDR349C	YPS7	79,79,80,80,80	71,75,80,81,82	103,105,107,108,108	75,81,86,87,88	67,67,68,72,76	104,110,115,115,116	77,80,83,84,86
YDR350C	ATP22	27,30,32,34,36	35,36,36,37,39	44,45,45,49,53	34,35,35,36,37	30,31,32,34,36	41,43,45,46,47	30,31,33,34,35
YDR351W	SBE2	32,32,32,33,33	33,34,34,34,35	35,36,37,38,38	35,35,36,36,37	30,31,32,34,35	35,35,36,37,38	32,32,33,33,34
YDR352W	YPQ2	63,66,68,70,73	54,61,69,71,74	67,68,68,71,75	61,61,62,65,69	58,61,65,67,69	67,68,68,74,80	66,67,67,71,74
YDR353W	TRR1	145,148,150,162,173	148,151,153,156,159	238,250,262,268,274	178,187,197,207,217	252,265,279,284,290	245,245,245,245,246	151,153,155,158,160
YDR354C-A		0,0,0,0,0	0,0,0,0,0	0,0,0,0,0	0,0,0,0,0	0,0,0,0,0	0,0,0,0,0	0,0,0,0,0
YDR354W	TRP4	198,201,204,220,236	157,159,162,165,168	204,213,223,224,224	167,169,170,170,170	146,152,157,162,168	244,255,267,270,273	217,225,233,233,233
YDR355C		0,0,0,0,0	0,0,0,0,0	0,0,0,0,0	0,0,0,0,0	0,0,0,0,0	0,0,0,0,0	0,0,0,0,0
YDR356W	SPC110	18,19,19,19,20	10,10,10,11,11	9,9,9,9,9	9,9,9,9,10	9,10,10,10,11	8,8,9,10,11	21,21,22,23,25
YDR357C	CNL1	215,217,220,222,223	298,306,314,341,368	247,258,270,279,288	314,321,328,343,358	296,301,305,344,382	253,267,281,284,288	185,197,209,232,255
YDR358W	GGA1	35,35,36,39,42	46,48,49,50,50	46,46,46,46,47	44,45,45,46,46	36,38,41,43,46	46,47,47,48,49	34,36,38,38,39
YDR359C	EAF1	21,22,24,24,25	24,26,28,28,29	16,16,17,17,17	27,28,29,29,30	25,26,26,28,30	18,18,19,19,19	21,22,22,22,22
YDR360W	OPI7	4,4,4,6,7	3,4,4,4,5	1,3,5,5,5	5,7,9,10,11	7,7,7,9,10	4,4,4,5,5	3,3,3,4,4
YDR361C	BCP1	74,84,93,97,100	72,73,74,75,77	92,98,105,109,113	69,75,81,85,89	70,75,79,79,79	77,80,84,84,85	87,88,88,92,96
YDR362C	TFC6	31,34,38,38,38	32,33,34,34,35	34,35,35,36,37	31,31,31,32,32	29,29,29,29,29	31,32,33,34,36	38,39,40,41,42
YDR363W-A	SEM1	593,619,645,661,676	549,563,576,699,821	615,617,619,627,635	603,611,618,713,809	589,610,630,747,863	664,669,673,683,693	573,606,638,640,643
YDR363W	ESC2	23,24,25,26,27	27,28,29,30,32	31,31,32,32,32	26,26,26,27,27	30,31,32,33,33	25,26,27,28,28	25,26,27,27,27
YDR364C	CDC40	30,32,33,35,36	27,28,30,31,32	35,36,37,39,40	29,31,33,33,33	26,28,30,31,31	34,34,34,36,37	31,31,31,32,34
YDR365C	ESF1	39,43,47,49,51	48,49,49,52,55	112,115,118,126,134	49,52,54,57,60	57,60,63,66,69	93,95,98,105,111	40,42,45,45,45
YDR365W-A		0,0,0,0,0	0,0,0,0,0	0,0,0,0,0	0,0,0,0,0	0,0,0,0,0	0,0,0,0,0	0,0,0,0,0
YDR365W-B		0.3,0.4,0.4,0.5,0.6	0.7,0.7,0.7,0.8,0.8	1,1,1,1,1	0.6,0.6,0.7,0.7,0.7	0.3,0.4,0.6,0.8,1	1,1,1,1,1	0.7,0.7,0.7,0.7,0.7
YDR366C		2,3,3,3,3	0,0,0,0.9,2	1,2,2,4,5	1,2,2,2,2	0.8,0.9,1,2,2	3,3,4,5,6	0.6,1,2,4,6
YDR367W	KEI1	64,65,67,68,69	64,67,70,79,88	63,63,64,67,70	67,68,70,79,87	59,62,65,68,72	59,68,76,77,77	62,63,65,68,71
YDR368W	YPR1	102,108,113,115,116	132,133,133,138,144	154,156,159,160,162	139,139,139,143,148	108,110,113,123,134	162,169,177,178,180	93,102,110,110,111
YDR369C	XRS2	13,13,13,15,17	15,15,16,17,17	17,18,18,19,19	13,14,15,15,16	10,11,12,13,13	17,18,19,20,22	12,13,14,15,16
YDR370C	DXO1	22,23,23,24,25	21,22,22,23,24	24,25,25,25,25	20,22,23,24,24	20,21,23,23,23	27,28,28,31,33	22,23,24,25,27
YDR371C-A		0,0,0,0,0	0,0,0,0,0	0,0,0,0,0	0,0,0,0,0	0,0,0,0,0	0,0,0,0,0	0,0,0,0,0
YDR371W	CTS2	16,17,18,18,18	15,16,18,18,18	27,30,32,34,36	11,11,12,13,15	13,13,13,14,14	33,33,34,34,35	17,17,18,19,20
YDR372C	VPS74	134,137,139,146,153	138,141,143,144,145	103,108,113,115,117	140,142,144,145,145	121,125,129,129,129	102,105,109,111,113	135,138,142,143,144
YDR373W	FRQ1	191,196,202,203,204	168,175,181,189,197	149,162,176,182,188	166,168,170,176,182	160,163,166,167,167	180,181,182,182,182	185,187,190,205,221
YDR374C	PHO92	7,7,8,8,9	2,3,4,5,5	28,30,32,32,32	4,4,4,5,6	2,2,2,3,4	27,28,29,33,37	9,9,10,10,11
YDR374W-A	WIP1	123,130,136,137,139	83,96,110,116,122	139,143,146,181,215	94,95,96,99,103	92,94,96,101,105	124,131,137,137,137	153,160,168,172,176
YDR375C	BCS1	44,49,53,55,57	71,74,77,78,78	54,55,55,58,61	79,80,81,84,86	73,77,81,82,83	42,46,49,49,49	39,44,49,51,52
YDR376W	ARH1	49,52,55,58,61	64,68,71,72,74	57,58,59,59,60	62,64,66,69,71	56,60,63,64,65	56,56,57,59,61	49,50,51,51,52
YDR377W	ATP17	1965,2014,2063,2063,2063	1989,2106,2222,2222,2222	1560,1631,1701,1718,1734	2089,2133,2177,2177,2177	2017,2079,2140,2178,2217	1515,1548,1582,1629,1676	1907,1934,1962,2038,2113
YDR378C	LSM6	209,211,213,213,213	161,179,198,210,222	208,221,234,259,283	180,190,200,206,212	193,194,195,213,232	231,233,234,240,246	223,226,228,234,240
YDR379C-A	SDH6	86,92,99,102,105	114,129,145,149,153	184,191,198,208,218	146,151,156,163,170	131,146,162,166,171	171,181,192,194,196	92,94,97,114,131
YDR379W	RGA2	18,18,18,19,20	26,28,29,29,29	33,34,34,35,35	25,25,25,27,28	26,27,28,28,28	29,30,31,32,34	17,18,18,19,19
YDR380W	ARO10	28,32,36,39,41	24,28,31,33,35	39,43,47,49,50	22,26,29,31,33	24,29,34,34,35	39,39,40,41,41	31,34,37,38,39
YDR381C-A		148,152,156,172,187	206,208,210,215,219	149,157,164,175,186	208,218,228,241,253	236,239,243,256,270	142,145,148,152,157	148,153,159,166,173
YDR381W	YRA1	473,485,497,502,507	390,400,409,411,412	226,230,234,239,244	349,365,381,385,390	380,382,384,395,406	233,236,240,241,242	471,473,475,476,477
YDR382W	RPP2B	833,899,965,977,990	653,755,857,858,860	552,562,572,575,578	785,831,877,932,987	1026,1171,1315,1319,1323	410,423,437,456,475	798,849,899,937,974
YDR383C	NKP1	22,25,27,27,27	22,24,25,25,25	33,35,37,39,41	21,23,25,26,26	27,29,31,33,35	41,44,47,50,54	27,28,28,30,31
YDR384C	ATO3	356,394,433,451,469	159,178,198,214,230	2238,2292,2346,2374,2401	145,153,161,166,172	119,125,131,137,142	2249,2249,2249,2317,2386	407,441,476,483,491
YDR385W	EFT2	63,67,72,73,74	71,73,75,81,86	58,58,58,60,62	76,82,88,91,93	91,97,102,105,108	60,60,60,60,60	68,70,72,73,74
YDR386W	MUS81	30,31,32,33,33	24,25,26,27,28	26,27,27,30,34	20,21,21,21,21	17,18,18,19,19	29,29,29,29,30	33,33,34,34,34
YDR387C	CIN10	35,36,36,36,36	32,34,36,38,41	36,37,38,39,39	34,35,35,38,40	30,32,33,34,36	38,41,43,43,43	30,31,31,32,32
YDR388W	RVS167	138,141,144,146,147	158,158,158,166,173	145,157,170,174,177	145,149,152,153,153	133,138,143,151,158	179,179,179,182,184	124,133,143,144,145
YDR389W	SAC7	74,76,78,79,80	53,55,56,56,57	46,47,49,50,51	42,45,48,49,51	39,40,41,42,43	46,48,49,49,49	77,78,79,81,82
YDR390C	UBA2	71,72,72,74,75	62,64,65,67,69	55,56,56,58,60	58,60,62,62,62	55,55,55,56,56	62,63,63,66,69	69,70,71,72,73
YDR391C		36,38,40,40,41	37,37,38,39,40	75,81,87,89,92	35,36,37,41,45	28,31,35,36,36	65,68,71,77,84	33,33,34,35,36
YDR392W	SPT3	53,56,59,59,60	58,61,63,64,65	80,80,81,83,86	57,59,60,61,61	50,52,55,58,60	83,83,83,86,88	51,52,53,54,56
YDR393W	SHE9	47,49,51,55,59	57,62,67,67,67	45,45,45,46,48	58,58,59,59,60	56,60,64,66,67	44,44,45,46,48	46,46,47,48,48
YDR394W	RPT3	310,313,315,322,330	290,292,294,302,311	339,342,345,355,364	303,308,314,314,314	282,284,286,296,306	395,401,407,410,414	286,289,292,302,311
YDR395W	SXM1	35,38,41,42,42	32,32,32,32,33	26,27,28,29,30	30,32,33,35,36	37,37,37,38,38	24,25,26,28,31	38,40,42,43,45
YDR396W		0,0.2,0.4,0.4,0.4	0,0.5,0.9,1,1	0.8,1,2,2,3	0,0.1,0.3,0.4,0.5	0.3,0.3,0.4,1,2	1,1,1,2,2	0.4,0.5,0.6,1,2
YDR397C	NCB2	2,2,2,3,4	3,4,5,5,6	2,3,4,4,4	2,2,2,3,3	2,3,4,4,5	5,6,7,7,8	2,2,2,3,5
YDR398W	UTP5	33,38,43,43,43	31,32,32,33,34	22,25,27,28,29	37,37,37,39,41	48,50,52,53,53	16,18,20,22,23	29,32,34,36,37
YDR399W	HPT1	1134,1171,1209,1211,1213	995,1023,1052,1064,1076	950,961,973,973,973	1050,1072,1093,1105,1116	1091,1112,1133,1133,1133	967,985,1003,1008,1013	1040,1092,1144,1144,1144
YDR400W	URH1	34,34,35,37,38	25,28,31,31,31	52,55,58,59,59	25,27,29,31,33	38,38,38,39,39	57,58,59,59,60	38,39,39,44,50
YDR401W		0,0,0,0,0	0,0,0,0,0	0,0,0,0,0	0,0,0,0,0	0,0,0,0,0	0,0,0,0,0	0,0,0,0,0
YDR402C	DIT2	6,6,6,6,7	6,7,8,8,8	20,23,25,26,26	6,6,6,7,7	5,5,6,6,6	29,30,30,31,31	6,7,8,9,9
YDR403W	DIT1	15,15,16,16,16	15,15,16,17,18	58,60,63,64,64	12,12,12,14,16	12,13,14,16,17	58,61,64,65,65	14,14,14,15,16
YDR404C	RPB7	147,149,151,152,152	123,127,131,134,137	185,186,188,194,201	118,118,119,121,124	119,120,121,123,124	162,173,184,186,189	146,149,152,157,161
YDR405W	MRP20	215,217,219,220,222	285,293,301,308,314	240,242,244,251,258	289,298,307,323,339	267,272,277,279,282	210,215,220,223,226	189,201,214,215,216
YDR406W-A		0,0,0,0,0	0,0,0,0,0	0,0,0,0.4,0.8	0,0,0,0,0	0,0,0,0,0	0,0,0,0,0	0,0,0,0.9,2
YDR406W	PDR15	16,16,17,17,17	16,17,17,18,18	24,25,25,27,30	15,15,16,17,18	13,13,13,14,15	28,28,29,29,29	15,16,16,16,16
YDR407C	TRS120	18,19,20,20,20	19,20,21,21,21	23,24,24,24,24	16,17,18,19,19	18,18,19,20,21	24,24,24,25,25	19,20,20,21,21
YDR408C	ADE8	215,221,228,232,237	241,241,241,243,244	191,195,200,209,218	241,245,249,252,255	242,249,257,257,258	218,236,255,260,266	201,204,207,207,208
YDR409W	SIZ1	27,29,31,31,32	31,31,31,32,33	43,43,44,46,48	27,27,28,30,31	27,27,27,28,30	44,44,45,47,48	27,27,28,28,29
YDR410C	STE14	37,39,41,42,42	36,37,38,40,41	49,50,52,55,59	27,31,35,35,35	34,34,34,35,36	42,44,45,47,49	34,35,36,38,40
YDR411C	DFM1	97,98,99,108,116	88,94,101,106,110	141,143,146,147,149	85,86,86,88,91	79,80,82,83,85	127,128,130,139,147	97,99,101,105,109
YDR412W	RRP17	6,6,7,9,12	8,8,8,10,12	5,7,8,10,13	6,8,10,10,10	12,13,13,13,13	5,7,9,10,12	6,7,7,9,10
YDR413C		0,0.2,0.3,0.6,0.8	0,0.4,0.9,1,1	0.7,0.9,1,1,2	0.4,0.6,0.8,1,2	0,0.5,1,1,1	0.4,0.5,0.5,0.7,0.8	0.3,0.6,0.8,1,1
YDR414C	ERD1	38,38,38,40,42	40,41,42,42,43	51,52,52,53,53	38,38,38,41,43	34,37,39,42,46	52,52,52,54,56	39,41,43,45,47
YDR415C		41,46,51,52,53	41,42,43,44,46	53,58,63,63,64	44,45,47,49,51	38,41,44,46,48	46,50,53,58,62	37,41,45,46,47
YDR416W	SYF1	15,16,17,17,18	14,15,16,17,17	18,18,19,19,19	18,18,18,18,19	15,16,16,16,17	19,19,20,20,20	18,18,18,18,18
YDR417C		0,0,0,0.3,0.6	0,0.4,0.7,1,1	0,0.2,0.5,0.5,0.6	0,0.3,0.6,0.7,0.7	0,0.6,1,1,2	0,0,0,0.3,0.7	0,0,0,0.8,2
YDR418W	RPL12B	175,198,221,230,239	183,191,199,215,231	97,111,124,126,127	201,212,223,226,230	278,286,293,306,318	96,101,105,110,114	186,191,195,201,206
YDR419W	RAD30	29,29,30,32,33	31,33,35,36,36	28,29,29,30,32	30,31,32,33,33	27,28,29,30,30	31,32,33,34,35	26,27,27,27,27
YDR420W	HKR1	18,18,18,18,18	18,19,20,21,21	22,22,23,23,23	19,19,19,20,21	17,17,18,19,20	20,20,20,20,21	16,16,17,17,17
YDR421W	ARO80	22,23,23,24,24	25,25,25,26,26	21,22,23,24,24	22,22,22,22,23	17,18,19,20,20	21,23,25,25,25	20,22,24,24,24
YDR422C	SIP1	32,32,32,35,37	34,34,34,36,37	35,37,38,39,39	32,33,34,34,35	29,29,29,30,32	36,38,39,40,41	29,30,30,31,32
YDR423C	CAD1	39,40,40,41,42	48,49,51,51,51	48,49,51,51,52	43,43,44,45,46	43,44,45,46,47	47,49,50,52,53	39,39,40,41,42
YDR424C	DYN2	161,170,180,186,192	170,173,176,179,182	218,225,232,239,246	171,172,172,184,195	160,166,173,175,176	187,198,208,217,225	153,159,166,180,193
YDR425W	SNX41	26,27,28,28,28	27,28,29,30,32	52,53,53,55,56	24,25,26,27,28	21,22,23,25,27	46,50,53,55,56	25,25,25,26,27
YDR426C		0,0,0,0,0	0,0,0,0,0	0,0.2,0.5,2,3	0,0,0,0,0	0,0,0,0,0	0,0.3,0.6,0.7,0.7	0,0,0,0,0
YDR427W	RPN9	280,286,292,296,299	256,257,259,260,261	271,277,282,290,297	237,248,259,260,261	236,237,237,238,238	301,303,305,309,313	259,261,264,281,299
YDR428C	BNA7	34,35,37,40,42	37,43,48,49,49	35,37,38,38,39	40,46,51,51,52	46,46,46,51,55	40,43,47,51,55	37,37,37,39,41
YDR429C	TIF35	181,185,190,196,203	189,194,198,204,210	215,224,234,241,248	214,214,214,223,231	222,228,235,237,239	197,200,204,214,224	172,176,180,183,186
YDR430C	CYM1	40,43,45,46,47	56,58,60,61,62	55,55,55,56,58	56,57,58,60,62	57,57,57,57,57	45,46,46,47,47	37,38,39,40,42
YDR431W		0,0,0,0,0	0,0,0,0,0	0.8,1,2,2,2	0,0,0,0,0	0,0,0,0,0	0,0,0,0.8,2	0,0,0,0.4,0.7
YDR432W	NPL3	138,145,152,153,153	104,104,104,115,125	233,249,265,271,277	106,111,115,116,116	111,121,131,132,132	261,262,264,268,272	136,138,140,155,170
YDR433W		3,4,4,5,5	0.7,2,3,3,3	5,7,8,9,9	2,2,2,2,3	3,3,3,4,4	3,4,5,6,7	0.9,3,4,5,6
YDR434W	GPI17	69,69,69,70,72	62,63,65,65,66	93,96,100,102,104	60,64,68,69,71	56,57,58,61,64	102,102,103,104,105	72,73,73,75,76
YDR435C	PPM1	47,48,49,52,54	52,54,57,59,61	94,95,96,98,100	55,61,68,70,72	52,53,54,58,62	98,99,100,101,102	40,41,42,43,45
YDR436W	PPZ2	35,35,35,40,45	47,48,49,50,51	73,75,77,79,80	41,43,45,46,47	38,39,40,41,43	73,75,76,79,82	33,34,35,35,36
YDR437W	GPI19	19,19,19,23,27	18,19,19,19,20	23,23,23,28,33	20,20,20,20,20	17,17,18,21,24	22,24,26,29,31	17,19,20,21,22
YDR438W	THI74	29,31,33,33,34	28,28,28,29,31	40,42,45,45,45	29,31,32,33,34	27,27,28,28,28	42,44,46,48,49	32,33,33,35,37
YDR439W	LRS4	31,33,35,35,36	35,36,37,37,37	33,34,35,35,36	30,31,33,34,36	29,30,31,31,32	32,33,33,34,34	29,30,32,32,32
YDR440W	DOT1	26,27,27,28,29	22,23,23,24,25	25,28,30,30,30	21,22,23,23,24	24,25,25,26,27	22,24,26,27,29	28,28,29,29,29
YDR441C	APT2	168,169,169,177,185	151,155,158,160,162	112,117,123,124,126	163,167,171,171,171	154,155,156,158,160	116,117,119,121,122	164,167,170,172,174
YDR442W		1,2,3,4,4	1,2,2,3,3	2,3,3,5,6	3,3,3,3,3	2,2,2,2,2	3,3,3,5,7	0.5,1,2,2,2
YDR443C	SSN2	13,13,13,13,13	13,13,14,14,14	20,20,21,21,22	14,14,14,14,15	11,12,12,13,13	21,21,21,22,23	14,14,15,15,15
YDR444W		36,37,38,40,41	29,29,29,31,33	46,46,46,47,47	28,29,29,29,30	24,24,25,25,26	49,49,50,50,50	36,40,45,47,49
YDR445C		0,0,0,0,0	0,0,0,0,0	0,0,0,0.2,0.4	0,0,0,0,0	0,0,0,0,0	0,0,0,0,0	0,0,0,0.5,1
YDR446W	ECM11	1,1,1,2,2	0.6,0.8,1,2,2	0.9,2,2,3,3	0.6,0.7,0.8,0.9,1	0.3,0.5,0.7,1,1	0.5,0.6,0.7,0.8,1	2,2,3,3,3
YDR447C	RPS17B	522,554,586,611,635	453,503,553,563,572	334,336,337,362,388	500,540,580,601,623	733,782,830,852,874	248,250,251,267,282	541,567,593,593,593
YDR448W	ADA2	23,23,24,24,25	16,16,17,19,21	12,13,14,14,15	17,17,18,18,19	16,17,17,18,20	11,11,11,12,13	21,23,25,27,28
YDR449C	UTP6	27,32,36,36,37	24,25,27,28,29	16,18,20,20,21	26,29,33,34,36	32,35,37,37,38	14,15,16,17,18	31,33,35,35,36
YDR450W	RPS18A	714,743,772,798,823	737,764,792,815,839	476,484,491,507,522	740,799,857,881,905	982,1075,1168,1181,1194	398,402,405,415,425	731,733,736,780,824
YDR451C	YHP1	186,195,205,207,208	86,90,93,98,103	18,19,19,22,26	58,61,65,67,69	26,31,36,37,37	24,25,25,26,27	195,196,197,202,207
YDR452W	PPN1	141,144,148,152,156	132,133,133,136,139	126,128,130,136,142	123,126,129,131,134	103,104,105,116,127	140,140,141,142,143	139,142,144,145,145
YDR453C	TSA2	32,34,36,37,37	23,25,27,31,35	223,232,241,256,271	27,29,32,33,34	21,23,24,26,27	181,194,208,222,237	33,33,34,35,36
YDR454C	GUK1	284,286,287,291,295	206,219,231,234,236	194,195,195,196,197	214,220,226,238,250	221,227,233,242,251	177,183,189,198,206	297,306,316,318,320
YDR455C		3,3,4,4,4	0.8,2,3,5,8	4,4,4,4,4	1,2,2,3,3	0,2,4,4,4	4,5,5,7,8	3,4,5,5,5
YDR456W	NHX1	55,57,59,62,64	58,58,58,59,60	85,85,85,90,95	58,59,59,61,63	47,48,49,50,52	88,90,92,95,98	54,54,55,57,58
YDR457W	TOM1	10,10,10,11,11	10,10,11,11,11	9,9,9,10,10	10,10,10,11,11	10,10,10,10,10	9,9,10,10,10	8,8,8,9,9
YDR458C	HEH2	47,49,51,53,55	53,54,54,55,56	62,63,63,65,67	53,54,55,57,60	50,51,52,53,54	60,64,67,68,69	49,50,50,51,52
YDR459C	PFA5	41,41,41,43,45	39,43,46,47,48	57,58,60,60,61	34,39,43,46,49	29,31,32,34,37	59,61,62,63,63	42,42,42,44,45
YDR460W	TFB3	57,58,59,59,60	67,69,70,71,73	76,80,84,85,86	59,62,64,66,68	56,56,57,58,59	81,83,85,89,94	56,58,60,61,61
YDR461C-A		85,109,133,136,139	125,129,132,149,165	118,128,138,155,173	127,130,133,143,152	124,131,139,146,153	151,153,154,173,192	113,117,122,125,128
YDR461W	MFA1	149,172,195,197,200	303,348,394,398,401	7227,7419,7612,7612,7612	410,423,437,456,475	460,489,519,531,544	5841,5915,5990,5990,5990	173,175,178,184,191
YDR462W	MRPL28	173,173,173,177,181	250,254,259,260,261	134,136,138,147,157	256,256,256,264,272	276,281,286,296,305	109,112,114,124,134	167,170,172,175,178
YDR463W	STP1	144,144,144,146,148	130,135,140,146,151	145,146,147,149,151	139,142,144,149,154	133,136,140,149,157	144,146,148,151,153	139,140,142,142,143
YDR464C-A		0,0,0,0,0	0,0,0,0,0	0,0,0,0,0	0,0,0,0,0	0,0,0,0,0	0,0,0,0,0	0,0,0,0,0
YDR464W	SPP41	22,24,25,25,25	19,19,20,21,22	19,20,22,23,24	17,18,18,18,18	16,16,16,17,17	18,19,20,21,22	26,26,27,27,27
YDR465C	RMT2	46,53,60,61,62	64,66,68,70,71	60,64,68,74,80	68,71,74,75,77	97,98,99,100,101	47,54,60,63,66	40,43,46,46,46
YDR466W	PKH3	25,27,28,29,30	31,32,32,33,34	32,32,33,34,35	27,28,29,32,34	27,28,29,29,29	32,32,33,34,36	25,26,26,27,28
YDR467C		6,7,7,8,9	6,7,8,9,11	9,9,9,10,11	3,4,5,7,10	2,2,3,5,8	5,7,10,10,10	4,5,5,6,6
YDR468C	TLG1	147,148,150,152,154	158,158,158,165,172	140,142,145,145,146	131,138,146,152,158	147,148,148,164,180	142,144,146,155,164	153,157,161,165,170
YDR469W	SDC1	97,101,105,107,110	90,96,101,101,101	90,91,92,94,96	82,83,83,85,87	80,81,82,83,85	83,85,86,89,92	120,120,120,127,134
YDR470C	UGO1	55,56,57,58,59	63,67,70,72,74	57,57,57,62,66	67,69,70,71,72	64,64,65,68,71	50,52,53,54,54	57,57,58,59,60
YDR471W	RPL27B	443,480,518,522,526	457,460,463,469,475	174,186,197,217,237	502,525,547,551,555	708,745,782,793,804	171,183,194,196,198	384,420,455,470,485
YDR472W	TRS31	43,43,44,46,49	46,47,47,48,49	40,40,41,43,45	42,46,49,50,52	44,44,44,48,51	39,40,41,43,45	35,40,45,50,56
YDR473C	PRP3	40,41,43,43,43	39,39,39,45,52	59,60,60,60,60	38,40,42,44,46	39,41,43,45,47	56,56,57,58,59	36,36,36,37,37
YDR475C	JIP4	31,31,32,35,38	39,41,43,44,45	39,40,40,42,44	40,40,41,41,42	34,37,39,39,39	39,43,46,46,46	32,34,37,37,37
YDR476C		136,137,138,150,161	136,146,155,159,164	167,177,187,193,200	136,139,143,144,145	116,117,118,120,122	189,191,193,200,207	126,128,129,131,133
YDR477W	SNF1	92,94,96,99,101	96,98,100,101,103	82,82,82,83,83	94,97,101,101,102	94,95,96,98,100	75,77,79,81,82	87,91,95,95,95
YDR478W	SNM1	18,20,22,22,23	18,20,23,24,25	19,22,25,28,30	20,21,22,23,23	22,23,24,24,25	26,28,29,30,31	20,21,22,23,24
YDR479C	PEX29	44,45,45,48,51	45,48,50,52,53	71,71,71,73,75	43,44,46,48,50	45,45,46,47,48	69,69,70,71,72	40,41,41,43,44
YDR480W	DIG2	49,49,49,54,58	35,36,36,36,36	42,47,53,56,60	35,35,36,37,38	35,35,36,37,37	57,58,59,63,68	64,64,64,69,73
YDR481C	PHO8	147,151,154,159,164	127,132,138,138,138	225,232,240,243,246	143,143,143,144,145	118,120,122,123,123	253,255,257,263,269	136,143,150,150,150
YDR482C	CWC21	75,82,89,92,94	87,87,88,90,92	92,92,93,95,98	78,79,80,84,88	93,94,95,98,102	93,95,97,97,98	75,76,77,83,89
YDR483W	KRE2	172,174,176,180,184	177,183,188,188,189	267,272,277,282,287	188,191,194,197,200	174,176,178,180,182	250,255,260,264,268	172,173,173,176,179
YDR484W	VPS52	24,25,26,26,27	28,28,28,29,30	25,26,26,27,27	29,29,29,29,29	27,27,27,27,27	26,26,26,26,27	23,23,24,24,24
YDR485C	VPS72	38,40,41,42,43	44,45,46,47,49	45,45,45,45,46	43,44,45,48,51	43,43,43,44,44	43,44,44,47,49	38,39,40,40,41
YDR486C	VPS60	120,127,133,137,141	147,148,149,153,157	145,146,147,154,160	132,134,136,136,137	127,130,133,143,152	164,165,166,170,173	129,129,129,134,138
YDR487C	RIB3	264,271,278,279,281	308,310,312,318,325	234,248,261,267,273	317,320,323,326,329	305,308,310,341,371	215,219,223,236,250	256,264,272,283,294
YDR488C	PAC11	22,24,25,26,26	15,15,16,16,17	11,12,13,13,13	13,15,17,18,19	17,17,17,18,19	10,11,13,13,13	26,27,28,29,29
YDR489W	SLD5	28,28,28,29,30	22,23,24,25,25	30,31,33,36,40	23,26,29,30,31	24,25,27,28,29	30,31,32,34,36	29,30,31,33,35
YDR490C	PKH1	40,41,42,43,44	45,46,47,47,47	62,62,62,65,69	43,43,43,43,43	40,41,41,42,42	64,66,69,71,74	38,39,39,39,40
YDR491C		15,15,15,16,18	14,17,19,21,22	36,38,40,43,47	16,17,18,22,25	15,17,20,20,21	30,31,33,36,39	12,13,14,15,15
YDR492W	IZH1	83,84,85,89,93	103,109,114,119,124	240,249,258,271,283	120,123,125,139,153	122,125,128,133,137	197,201,206,213,221	66,67,69,73,76
YDR493W	MZM1	86,92,98,105,111	153,167,180,182,183	73,90,106,114,121	157,166,175,176,176	189,193,197,205,213	86,87,87,90,92	81,86,90,91,91
YDR494W	RSM28	105,118,132,137,142	203,211,219,223,227	151,155,159,168,177	213,223,233,242,252	247,249,252,258,265	119,122,126,127,129	115,119,122,125,127
YDR495C	VPS3	12,14,15,15,16	16,17,18,19,20	15,16,16,17,17	17,18,19,19,20	17,17,17,18,19	15,16,16,17,17	12,13,14,15,15
YDR496C	PUF6	39,44,48,50,52	37,37,37,40,42	49,56,62,64,67	46,47,48,48,49	53,53,53,58,63	38,39,39,44,48	37,40,42,43,45
YDR497C	ITR1	433,456,479,516,552	389,398,408,420,433	849,853,856,885,913	464,470,475,492,509	589,595,601,617,632	721,731,740,752,765	444,460,475,476,478
YDR498C	SEC20	54,55,55,56,56	46,48,50,53,56	83,86,89,91,93	51,53,54,54,55	48,52,55,56,56	84,86,87,88,88	50,53,57,57,57
YDR499W	LCD1	25,26,26,26,26	21,21,22,23,25	36,36,37,37,37	20,20,21,21,22	23,23,23,23,23	30,33,36,37,38	26,27,27,28,29
YDR500C	RPL37B	848,871,894,910,926	941,945,950,976,1002	542,544,547,558,569	1001,1006,1010,1010,1010	1359,1374,1388,1407,1425	452,454,456,471,485	796,813,829,878,927
YDR501W	PLM2	18,20,22,23,25	18,18,19,19,20	24,26,29,29,29	16,16,17,18,19	16,18,20,21,22	24,25,26,28,30	28,28,28,29,31
YDR502C	SAM2	468,484,500,557,614	799,817,835,837,839	429,454,480,523,567	827,833,838,838,838	1008,1073,1139,1156,1173	442,482,523,549,576	666,692,719,753,787
YDR503C	LPP1	39,43,47,47,48	34,34,35,36,37	63,69,74,76,77	32,35,37,42,48	36,41,46,47,47	72,76,79,81,84	45,47,49,50,52
YDR504C	SPG3	27,33,38,39,39	31,31,31,33,35	39,39,40,40,41	23,24,24,26,27	20,21,21,22,23	33,36,40,42,44	29,30,31,31,32
YDR505C	PSP1	69,69,69,69,70	60,61,61,63,64	80,81,81,85,89	58,59,60,61,61	52,53,53,54,54	76,77,78,82,86	71,75,79,79,80
YDR506C	GMC1	21,21,21,22,22	22,22,22,23,24	32,32,33,34,36	21,21,21,22,23	19,19,19,21,22	34,35,35,36,37	19,20,20,21,23
YDR507C	GIN4	55,55,56,60,63	35,36,37,40,43	11,13,15,15,16	39,39,39,39,39	57,58,60,62,63	13,13,14,15,16	65,66,66,66,67
YDR508C	GNP1	75,75,75,76,76	50,52,53,55,57	76,79,82,83,84	41,44,46,49,51	27,28,30,31,31	62,64,65,66,66	66,67,67,71,75
YDR509W		0,0,0,0,0	0,0,0,0.4,0.7	0,0,0,0.6,1	0,0,0,0,0	0,0,0,0.4,0.8	0,0,0,0.3,0.7	0,0,0,0,0
YDR510C-A		2,2,2,9,15	6,9,11,12,12	5,5,6,6,6	7,7,7,9,11	5,5,5,6,6	7,7,8,11,14	7,8,9,10,10
YDR510W	SMT3	576,586,596,599,603	467,483,499,531,563	345,353,361,363,364	432,443,453,474,494	381,390,399,427,455	387,401,414,415,416	596,597,598,610,623
YDR511W	SDH7	121,137,152,153,153	229,229,229,239,248	168,173,179,184,189	241,245,248,251,255	257,266,275,281,287	154,156,158,171,183	117,119,121,124,127
YDR512C	EMI1	106,107,107,116,125	140,152,163,168,172	146,152,159,164,169	159,161,162,164,165	125,132,140,144,147	151,156,161,162,163	100,102,103,106,109
YDR513W	GRX2	284,286,287,298,308	298,334,369,389,409	503,510,517,523,530	318,342,367,383,399	290,311,331,339,348	465,467,468,476,484	252,257,262,270,278
YDR514C		27,27,27,30,33	29,30,31,33,35	29,30,31,31,31	26,28,31,32,34	31,31,31,31,32	25,26,27,29,32	25,27,30,31,31
YDR515W	SLF1	66,67,69,72,74	77,80,82,85,88	39,42,44,48,51	78,82,85,89,92	79,80,82,85,89	43,45,46,46,47	58,60,63,66,69
YDR516C	EMI2	65,72,79,80,80	77,79,81,81,81	76,80,83,84,85	71,75,79,81,82	68,69,69,70,70	65,68,71,72,72	67,70,73,75,78
YDR517W	GRH1	103,108,114,116,119	105,105,106,109,112	88,91,95,107,120	110,110,111,112,113	106,109,112,114,115	96,99,101,105,108	102,103,104,107,110
YDR518W	EUG1	15,16,17,18,19	13,13,14,14,15	17,18,19,20,21	13,14,15,16,17	15,15,15,16,16	21,21,21,24,26	15,16,17,17,18
YDR519W	FPR2	172,182,192,196,199	169,172,176,185,195	194,207,219,229,238	201,202,202,205,209	175,179,183,190,197	194,198,202,222,241	180,180,181,181,182
YDR520C	URC2	22,22,22,22,23	20,21,23,23,23	25,27,29,29,29	20,21,22,22,22	20,20,20,21,21	27,27,27,27,27	20,22,23,23,24
YDR521W		0,0,0,0.6,1	0,0,0,0,0	0,0,0,0,0	0,0,0,0,0	0,0,0,0.5,1	0,0,0,0,0	0,0.3,0.7,0.8,0.9
YDR522C	SPS2	5,5,5,5,5	6,6,6,7,7	15,15,16,16,17	6,6,6,7,8	4,5,6,7,7	14,15,16,17,19	4,5,5,6,6
YDR523C	SPS1	8,9,9,10,11	6,6,6,7,7	21,22,24,25,26	4,5,5,5,5	5,5,5,5,5	24,25,25,27,30	13,13,13,14,14
YDR524C-A		0,0,0,0.8,2	0,0,0,0.9,2	0,0,0,0.8,2	0,0,0,0,0	0,0,0,0,0	0,0,0,1,2	0,0,0,0,0
YDR524C	AGE1	41,42,43,43,44	52,52,53,53,53	39,40,40,45,49	48,48,48,49,49	44,46,49,52,55	40,40,41,42,44	44,44,45,45,45
YDR524C-B		6167,6167,6167,6438,6709	4595,4883,5171,5171,5171	2034,2051,2069,2077,2086	4530,4530,4530,4645,4761	3914,3934,3954,4003,4051	1931,1968,2006,2012,2019	6237,6303,6368,6504,6639
YDR524W-C		5835,5902,5969,6339,6709	4854,4895,4936,5218,5500	1844,1907,1969,2027,2086	4094,4133,4173,4277,4381	4248,4429,4609,4745,4880	1727,1805,1883,1926,1968	6368,6610,6851,6986,7120
YDR525W	API2	0,0.3,0.7,2,4	0.9,1,1,2,3	7,9,11,11,11	2,3,3,5,7	0.8,1,1,2,3	7,8,8,9,9	0,1,2,3,4
YDR525W-A	SNA2	78,85,91,99,106	83,87,91,92,93	95,103,112,115,118	77,80,84,97,111	68,74,79,81,84	103,111,119,128,137	84,86,89,94,98
YDR526C		0,0,0,0,0	0,0,0,0.3,0.6	0,0,0,0.3,0.7	0,0,0,0,0	0,0.2,0.3,0.4,0.4	0,0,0,0,0	0,0,0,0,0
YDR527W	RBA50	53,54,54,56,58	48,49,50,55,59	44,46,48,49,50	46,47,48,55,61	56,61,65,65,65	39,43,46,49,52	53,55,57,58,58
YDR528W	HLR1	15,15,16,18,20	18,18,19,19,19	11,13,14,16,17	19,19,19,22,24	19,20,21,22,22	11,12,13,14,15	17,18,20,21,22
YDR529C	QCR7	2815,2818,2822,2839,2857	3059,3086,3114,3274,3434	1823,1843,1864,1895,1926	2982,2982,2982,3156,3329	3004,3086,3167,3212,3256	1707,1752,1796,1823,1849	2619,2707,2794,2807,2819
YDR530C	APA2	34,39,44,46,48	42,44,46,47,48	112,113,115,124,134	46,47,47,52,57	38,39,40,42,44	125,130,136,136,137	43,45,48,48,48
YDR531W	CAB1	162,170,177,178,179	157,161,166,168,169	214,218,222,223,224	157,159,161,164,167	145,146,148,151,154	230,240,251,255,260	153,157,161,161,162
YDR532C	KRE28	33,34,34,36,37	33,34,36,38,41	24,24,24,25,25	30,30,30,30,30	36,36,36,37,37	20,22,23,27,31	35,36,37,39,41
YDR533C	HSP31	77,78,79,79,80	78,80,82,82,82	87,88,89,94,99	79,80,81,84,87	78,79,80,84,87	91,92,94,95,95	80,80,81,87,93
YDR534C	FIT1	13,14,14,15,15	16,16,17,17,17	17,19,21,21,22	15,15,16,16,17	13,14,15,16,17	15,16,17,17,17	14,15,16,17,17
YDR535C		14,15,16,17,18	13,14,14,15,16	27,29,31,34,37	10,12,14,17,19	13,15,17,18,19	26,28,30,32,34	14,16,19,19,19
YDR536W	STL1	259,278,297,309,321	317,365,414,420,426	219,229,238,241,243	393,408,422,447,473	445,465,484,544,605	109,112,116,121,126	243,265,287,305,323
YDR537C		1,2,3,3,3	3,3,3,4,5	2,3,4,4,4	0.8,2,2,3,3	2,2,2,3,4	4,4,4,5,6	2,3,4,4,5
YDR538W	PAD1	5,7,9,9,9	8,8,9,9,9	11,12,14,15,16	5,7,9,9,10	7,8,8,12,16	14,14,14,14,14	5,7,9,10,10
YDR539W	FDC1	21,22,23,24,25	26,29,31,34,37	47,51,55,56,56	28,29,30,30,31	21,26,30,31,31	44,47,50,53,57	23,23,24,24,25
YDR540C	IRC4	26,26,27,28,30	22,23,23,25,26	28,29,30,33,36	24,24,25,25,25	21,23,25,28,31	33,33,34,34,34	26,29,32,32,32
YDR541C		23,23,23,23,24	28,28,28,28,29	25,27,30,31,33	26,29,31,35,39	25,28,30,33,35	32,32,33,34,35	21,21,21,23,25
YDR542W	PAU10	0,0,0,0,0	0,0,0,0.4,0.7	0,0,0,0,0	0,0.3,0.6,0.6,0.7	0,0,0,0.3,0.6	0,0,0,0.3,0.7	0,0,0,0.3,0.6
YDR543C		0,0,0,0,0	0,0,0,0,0	0,0.3,0.7,1,2	0,0,0,0.4,0.9	0,0,0,0,0	0,0,0,0,0	0,0,0,0,0
YDR544C		0,0,0,0,0	0,0,0,0,0	0,0,0,0,0	0,0,0,0,0	0,0,0,0.3,0.5	0,0,0,0,0	0,0,0,0,0
YDR545C-A		0,0,0,0,0	0,0,0,0,0	0,0,0,0,0	0,0,0,0,0	0,0,0,0,0	0,0,0,0,0	0,0,0,0,0
YDR545W	YRF1-1	0.4,0.4,0.5,0.7,0.8	0.4,0.4,0.5,0.6,0.8	0.6,0.7,0.8,0.8,0.9	0.5,0.7,0.8,0.8,0.9	0.6,0.7,0.7,0.8,0.9	0.4,0.4,0.4,0.6,0.8	0.2,0.4,0.5,0.6,0.7
YEL001C	IRC22	323,330,337,348,360	280,281,283,300,317	252,267,281,284,287	276,284,293,299,305	262,265,268,275,282	266,266,266,272,277	330,332,335,343,351
YEL002C	WBP1	174,174,174,175,176	147,152,158,159,160	216,218,220,220,220	157,159,161,165,169	157,159,162,169,176	218,225,231,231,231	172,177,181,189,197
YEL003W	GIM4	182,197,212,212,212	169,172,174,176,179	163,172,181,218,255	157,168,180,183,186	195,202,210,224,238	136,148,159,161,163	228,239,250,265,280
YEL004W	YEA4	31,33,36,39,43	38,40,43,45,47	56,58,61,61,62	41,41,41,43,45	36,37,38,40,43	48,51,54,54,54	33,34,35,37,39
YEL005C	VAB2	32,35,37,42,47	44,45,45,45,45	55,56,57,58,59	42,42,42,43,43	39,41,44,45,46	51,51,51,53,54	36,36,36,39,42
YEL006W	YEA6	59,60,60,65,70	54,55,56,57,58	66,70,73,74,74	49,51,53,58,63	47,51,54,54,55	73,75,77,80,83	61,63,65,66,67
YEL007W	MIT1	74,74,75,76,78	76,78,80,83,86	30,31,32,35,38	73,76,80,82,84	84,85,86,88,89	31,33,34,38,41	65,65,66,67,68
YEL008C-A		0,0,0,0,0	0,0,0,0,0	0,0,0,0,0	0,0,0,0,0	0,0,0,0,0	0,0,0,0,0	0,0,0,0,0
YEL008W		12,12,13,14,14	8,9,10,10,10	8,10,12,12,12	8,9,10,10,10	6,8,10,10,11	5,7,9,9,9	12,12,13,13,14
YEL009C-A		2,2,2,3,4	0.7,1,1,1,2	3,3,3,3,3	2,2,2,4,6	1,1,2,2,2	2,2,2,3,3	3,3,3,3,3
YEL009C	GCN4	2229,2282,2335,2348,2361	2406,2425,2445,2473,2501	1474,1496,1518,1522,1527	2524,2565,2606,2606,2606	2620,2633,2646,2646,2646	1477,1508,1538,1568,1599	2285,2301,2316,2328,2339
YEL010W		3,4,5,6,7	5,5,6,7,8	0.9,2,3,4,4	4,4,4,7,10	5,5,5,6,6	3,3,3,4,5	0.8,1,2,3,3
YEL011W	GLC3	51,53,55,57,59	69,71,73,74,74	121,123,125,127,130	56,58,61,64,67	50,53,56,56,56	109,112,115,120,126	50,52,53,57,61
YEL012W	UBC8	321,332,343,353,363	337,351,365,385,405	467,470,473,478,483	324,326,327,339,352	258,273,288,305,321	488,488,488,490,492	329,336,344,353,362
YEL013W	VAC8	63,67,71,74,78	74,75,75,77,78	77,79,81,84,86	74,75,76,76,76	71,71,72,76,80	78,80,83,86,89	71,72,74,77,81
YEL014C		11,13,15,16,18	10,10,10,12,15	10,13,15,16,17	10,11,13,15,17	8,10,11,12,12	13,15,17,19,20	11,14,17,17,17
YEL015W	EDC3	86,86,87,92,97	76,77,78,78,79	76,77,79,80,81	74,76,78,80,81	79,80,81,81,81	77,78,79,79,80	85,87,89,93,96
YEL016C	NPP2	41,44,46,47,47	35,37,38,39,39	27,29,31,32,34	33,35,36,37,38	31,31,32,34,35	36,36,36,37,39	47,47,47,49,50
YEL017C-A	PMP2	1043,1043,1043,1102,1161	874,892,911,966,1022	223,230,237,247,258	834,843,852,886,919	622,651,681,732,784	221,226,231,232,234	883,883,883,918,953
YEL017W	GTT3	97,104,111,113,115	74,77,80,81,81	46,49,52,55,59	63,63,64,72,81	51,52,53,55,57	52,53,55,55,56	112,117,122,122,123
YEL018C-A		0,0,0,0,0	0,0,0,0,0	0,0,0,0,0	0,0,0,0,0	0,0,0,0,0	0,0,0,0,0	0,0,0,0,0
YEL018W	EAF5	10,11,13,14,16	11,13,15,15,15	11,12,13,15,17	11,11,12,14,16	11,12,13,14,15	10,12,15,15,15	11,12,12,13,14
YEL019C	MMS21	15,15,15,18,20	12,13,14,14,15	13,14,15,16,16	11,12,12,13,13	13,14,14,16,18	12,14,16,16,16	17,17,17,20,22
YEL020C-B		0,0.5,1,1,1	0,0,0,0,0	0,0,0,0.8,2	0,0,0,0,0	0,0,0,0,0	0,0,0,0.6,1	0,0,0,0,0
YEL020C	PXP1	45,47,48,51,54	42,43,44,46,48	55,55,55,56,57	40,41,41,43,45	38,38,38,39,40	55,55,55,56,58	43,44,44,45,45
YEL020W-A	TIM9	68,71,73,75,77	78,82,86,98,109	71,72,72,89,105	71,86,102,104,105	70,95,121,126,131	60,60,61,62,62	56,57,58,70,81
YEL021W	URA3	124,125,125,126,126	115,118,122,126,130	107,109,111,117,124	107,111,115,118,120	98,102,106,107,108	120,122,125,126,128	121,122,123,123,123
YEL022W	GEA2	14,14,15,16,18	13,13,14,14,14	7,7,8,9,9	12,12,12,13,14	14,14,15,15,15	8,8,9,9,10	15,15,16,16,16
YEL023C		16,16,17,18,19	18,19,19,20,21	16,16,16,17,17	16,16,17,18,20	15,16,18,18,18	18,19,19,19,20	16,17,17,18,19
YEL024W	RIP1	1466,1528,1589,1604,1619	1649,1665,1680,1715,1751	1077,1081,1086,1092,1098	1701,1707,1714,1728,1741	1637,1643,1649,1689,1729	1011,1032,1053,1058,1063	1478,1511,1544,1566,1588
YEL025C		31,32,33,33,34	35,37,39,39,39	27,27,28,30,32	37,37,37,38,39	35,36,36,36,37	26,28,31,32,33	30,30,31,31,32
YEL026W	SNU13	129,165,202,202,202	138,139,139,146,152	201,205,210,219,227	115,139,164,165,166	188,196,204,218,232	178,178,178,186,194	141,158,174,175,176
YEL027W	VMA3	840,844,848,906,965	762,765,767,776,785	688,714,741,754,767	737,745,754,782,810	708,717,726,738,750	730,742,754,756,758	786,809,831,872,913
YEL028W		18,21,25,29,34	22,23,25,27,29	33,38,42,42,43	21,24,26,29,32	21,22,23,24,25	32,36,40,46,53	19,20,21,23,26
YEL029C	BUD16	40,41,42,45,48	39,40,41,42,42	34,35,36,39,42	37,37,38,39,41	41,41,41,42,42	35,36,36,39,41	42,43,44,44,44
YEL030C-A		3,3,3,3,4	2,2,2,2,3	1,2,2,3,3	2,2,3,3,3	1,1,1,2,3	0.8,2,2,3,3	1,2,3,3,4
YEL030W	ECM10	12,12,12,13,13	13,14,14,14,15	25,25,26,27,29	11,11,12,14,16	10,10,11,11,12	24,24,24,25,26	14,15,16,17,17
YEL031W	SPF1	95,96,97,99,101	75,80,86,88,91	99,99,99,100,101	81,85,90,90,91	85,86,86,87,87	95,98,101,104,107	94,98,101,103,104
YEL032C-A		0,0,0,0,0	0,0,0,0,0	0,0,0,0,0	0,0,0,0,0	0,0,0,0,0	0,0,0,0,0	0,0,0,0,0
YEL032W	MCM3	17,17,17,18,18	27,28,28,30,33	37,39,41,41,42	36,37,38,38,38	42,42,42,42,42	38,38,39,40,41	15,15,15,16,17
YEL033W	MTC7	12,12,12,16,19	9,10,11,13,15	9,11,13,17,21	13,14,14,15,16	13,14,14,16,17	10,10,11,11,11	9,11,13,16,19
YEL034C-A		26,27,28,31,34	24,25,26,28,30	13,14,14,19,24	24,27,30,30,30	25,28,30,30,30	17,19,21,24,28	26,28,30,31,31
YEL034W	HYP2	0,0,0,0,0	0,0,0,0,0	0,0,0,0,0	0,0,0,0,0	0,0,0,0,0	0,0,0,0,0	0,0,0,0,0
YEL035C	UTR5	4,4,4,5,5	3,3,3,4,4	3,4,5,6,7	2,2,2,3,3	2,3,3,4,4	8,8,8,9,9	3,4,5,5,5
YEL036C	ANP1	122,125,127,131,135	96,97,99,104,109	77,79,80,82,84	91,94,97,99,100	93,93,94,95,95	66,70,74,74,74	123,134,144,146,149
YEL037C	RAD23	231,234,238,239,240	186,193,200,215,230	202,203,205,215,225	198,199,201,202,203	181,183,185,187,188	211,215,220,223,225	207,208,210,212,214
YEL038W	UTR4	33,33,33,37,41	28,31,34,35,36	27,29,30,36,43	34,35,37,40,43	21,26,31,32,34	33,33,34,37,40	30,31,32,32,33
YEL039C	CYC7	14,15,17,19,21	19,20,21,24,26	11,11,11,12,13	18,20,22,26,30	19,21,24,25,25	13,16,19,20,22	15,15,15,17,18
YEL040W	UTR2	110,110,110,110,111	80,83,86,87,88	9,10,12,14,16	108,108,108,114,120	147,156,164,166,167	8,11,13,14,15	84,87,91,92,93
YEL041W	YEF1	27,28,30,32,34	33,34,36,37,37	39,42,44,46,48	27,28,28,30,31	25,26,27,28,28	47,48,48,48,49	26,28,30,33,36
YEL042W	GDA1	135,137,139,147,156	88,93,98,100,102	84,91,98,98,99	94,95,95,96,97	92,92,92,97,103	87,90,93,93,94	146,154,162,165,168
YEL043W		45,46,48,50,51	45,45,46,47,47	52,54,56,59,61	46,47,47,49,51	40,43,46,48,50	51,53,55,57,58	43,45,48,49,51
YEL044W	IES6	196,196,196,199,202	201,207,214,216,219	134,139,145,148,150	195,201,207,212,217	205,208,211,216,221	156,158,161,163,165	197,199,202,206,209
YEL045C		2,5,8,9,10	0.7,1,2,3,4	6,8,9,10,12	2,3,5,5,6	0,1,2,3,4	10,11,11,12,12	3,3,3,4,6
YEL046C	GLY1	209,214,220,239,259	165,167,168,171,174	166,177,189,200,211	161,163,164,168,172	148,151,153,155,158	175,182,189,191,193	226,226,227,231,235
YEL047C		58,59,60,63,66	35,35,36,37,38	39,41,43,45,46	38,39,40,40,40	43,46,49,52,55	44,45,46,46,46	86,88,90,92,93
YEL048C	TCA17	29,32,34,36,39	24,25,25,27,29	51,52,52,52,52	28,32,35,36,37	24,26,29,30,30	35,41,48,52,55	30,33,36,39,41
YEL049W	PAU2	20,22,23,29,35	32,34,35,36,38	56,69,82,89,97	26,28,30,36,41	30,31,31,33,35	65,73,81,81,82	22,22,23,26,29
YEL050C	RML2	97,102,107,115,123	159,163,166,174,182	90,96,102,103,104	177,183,189,191,192	198,201,204,208,211	72,75,78,78,78	95,99,102,104,105
YEL050W-A		3,3,4,6,8	4,4,4,8,11	3,4,5,6,7	6,8,11,12,13	6,7,8,11,13	1,1,1,2,3	0,2,4,4,4
YEL051W	VMA8	211,219,226,232,238	179,190,200,209,218	197,202,207,210,214	187,193,198,214,230	191,194,198,203,207	206,209,211,220,228	226,233,240,246,251
YEL052W	AFG1	96,96,96,101,105	115,121,128,132,136	144,147,149,155,161	126,127,127,130,132	103,111,119,121,122	150,151,152,154,156	87,88,88,89,90
YEL053C	MAK10	34,35,37,39,41	36,37,37,38,39	38,40,42,46,50	30,32,34,36,37	34,35,35,36,37	40,42,44,45,45	33,33,33,34,35
YEL053W-A		0,0,0,0.3,0.6	0,0.8,2,2,2	0,0,0,0.3,0.5	0.6,0.7,0.7,0.8,0.8	0,0,0,0,0	0,0,0,0.4,0.7	0,0.3,0.6,0.6,0.7
YEL054C	RPL12A	100,119,138,139,141	111,117,123,129,135	87,87,88,90,92	129,133,137,144,151	189,205,221,231,241	68,73,78,80,83	100,105,110,111,113
YEL055C	POL5	32,34,36,36,36	28,28,29,30,32	31,31,32,33,35	31,31,31,33,35	32,32,32,36,39	30,30,31,32,32	33,33,34,35,36
YEL056W	HAT2	53,53,53,55,57	51,52,53,53,53	85,88,90,92,95	49,49,50,52,54	47,49,52,52,52	75,76,77,81,84	52,55,58,61,64
YEL057C	SDD1	19,19,20,21,23	27,28,28,29,30	158,159,161,162,163	20,21,22,25,28	15,17,19,20,20	145,146,146,160,173	23,23,24,25,27
YEL058W	PCM1	95,97,99,102,105	95,101,107,111,116	160,168,175,181,186	105,108,112,112,113	97,106,115,118,120	162,164,167,168,168	94,98,102,103,105
YEL059C-A	SOM1	56,68,80,81,82	79,81,82,89,96	106,111,116,124,132	93,94,95,98,100	92,93,94,103,113	98,112,125,128,131	84,85,85,90,95
YEL059W	HHY1	8,11,14,15,15	8,9,9,11,13	30,35,39,41,43	6,6,6,8,10	5,8,11,12,12	28,29,30,30,30	11,12,13,16,19
YEL060C	PRB1	487,496,505,556,607	420,431,441,453,464	1246,1279,1311,1315,1319	373,383,393,394,394	344,356,367,381,395	1477,1483,1490,1510,1531	560,571,582,610,638
YEL061C	CIN8	29,30,30,32,33	15,15,15,15,15	10,11,12,13,14	11,12,13,13,13	12,13,13,13,14	10,11,11,12,13	38,39,40,40,41
YEL062W	NPR2	21,22,23,24,24	27,27,27,28,28	28,30,32,33,35	25,25,26,26,26	20,22,24,25,26	29,30,31,32,33	21,21,21,23,25
YEL063C	CAN1	177,179,182,183,185	153,153,154,158,163	144,149,154,154,155	145,145,146,146,147	119,120,121,123,125	162,172,182,182,182	148,152,156,161,165
YEL064C	AVT2	27,27,28,29,30	22,23,25,25,25	37,38,38,38,39	22,23,24,25,26	25,26,27,27,27	37,39,41,43,45	27,27,27,28,29
YEL065W	SIT1	18,18,19,20,22	21,22,23,23,23	68,72,77,79,80	22,22,23,23,24	25,25,26,27,29	60,62,63,64,65	14,14,14,15,16
YEL066W	HPA3	120,124,128,130,132	116,133,149,149,149	120,124,128,131,134	151,153,154,155,156	111,128,145,145,145	126,126,126,137,149	106,112,117,121,125
YEL067C		13,15,17,18,20	21,21,22,23,25	38,41,44,48,51	21,21,22,23,23	15,17,20,22,25	43,43,44,45,46	15,16,18,20,21
YEL068C		77,79,80,81,81	90,92,95,97,99	117,119,120,125,129	88,89,89,90,91	67,73,78,80,81	121,130,140,144,148	60,68,77,77,77
YEL069C	HXT13	1,2,2,2,2	1,1,1,2,2	2,3,3,3,3	1,1,2,2,2	1,2,2,2,2	3,3,3,4,5	1,1,2,2,2
YEL070W	DSF1	2,2,2,2,3	3,3,3,3,4	2,3,3,3,4	3,3,3,3,4	2,2,2,2,3	3,3,3,4,4	3,3,4,4,4
YEL071W	DLD3	1031,1071,1111,1181,1251	1265,1300,1336,1350,1363	1086,1099,1112,1119,1127	1246,1246,1246,1293,1340	909,933,958,966,974	1117,1117,1117,1171,1225	1058,1068,1077,1161,1246
YEL072W	RMD6	52,56,59,63,68	88,90,93,93,93	83,85,87,89,90	72,73,74,77,81	69,69,69,71,73	79,88,97,97,98	69,73,77,78,79
YEL073C		38,39,40,47,53	40,41,43,45,46	109,109,110,110,110	45,46,47,49,50	41,41,42,44,45	91,94,97,101,104	39,41,42,44,46
YEL074W		0,0,0,0,0	0,0,0,0,0	0,0,0,0,0	0,0,0,0,0	0,0,0,0,0	0,0,0,0,0	0,0,0,0,0
YEL075C		0,0,0,0.3,0.6	0,0,0,0,0	0,0,0,0,0	0,0,0,0,0	0.9,1,1,2,2	0,0.3,0.7,0.7,0.8	0,0,0,0.3,0.6
YEL075W-A		0,0,0,0.1,0.2	0,0,0,0,0	0,0,0,0,0	0,0,0,0,0	0,0,0,0.2,0.3	0,0,0,0.3,0.5	0,0,0,0.1,0.3
YEL076C		0.3,0.6,0.8,0.9,0.9	1,1,1,2,2	0.1,0.3,0.5,1,2	0.3,0.6,1,1,1	0.9,1,1,1,1	0,0.3,0.5,1,1	0,0.3,0.7,0.7,0.7
YEL076C-A		0,0,0,0.2,0.5	0,0,0,0.2,0.5	0,0,0,0,0	0,0.1,0.2,0.5,0.8	0,0,0,0.7,1	0.2,0.4,0.5,0.6,0.8	0,0,0,0.1,0.2
YEL077C		2,2,2,2,2	3,3,4,4,4	3,3,4,4,4	3,4,4,5,5	4,4,4,5,5	4,4,5,5,5	2,2,3,3,3
YEL077W-A		0,0,0,0,0	0,0,0,0,0	0,0,0,0,0	0,0,0,0,0	0,0,0,0,0	0,0,0,0,0	0,0,0,0,0
YER001W	MNN1	36,37,38,39,40	26,27,28,29,30	18,19,19,19,20	27,27,27,28,28	45,46,47,49,51	19,20,21,21,22	48,48,49,51,52
YER002W	NOP16	141,144,146,158,170	119,120,121,143,165	126,132,137,138,139	145,149,154,178,202	196,207,218,223,228	109,109,110,114,118	159,160,160,163,166
YER003C	PMI40	153,155,157,162,166	71,79,87,90,92	75,78,81,87,93	77,83,90,90,91	110,123,135,139,143	79,82,86,89,93	240,245,250,256,262
YER004W	FMP52	700,719,738,801,864	708,712,716,747,778	589,594,599,606,614	692,694,696,725,754	512,535,558,566,574	660,675,690,699,708	610,633,656,657,657
YER005W	YND1	27,28,28,29,30	29,31,33,33,33	41,42,43,44,44	31,31,32,32,33	29,30,32,32,32	40,40,40,41,41	31,31,32,32,32
YER006C-A		0,0,0,0,0	0,0,0,0,0	0,0,0,0.6,1	0,0,0,0,0	0,0,0,0,0	0,0,0,0,0	0,0,0,0,0
YER006W	NUG1	52,55,58,59,60	44,44,44,45,47	71,72,74,79,84	48,51,53,53,53	58,60,62,67,71	52,55,58,58,58	51,55,59,59,60
YER007C-A	TMA20	158,163,168,171,175	153,158,162,165,169	138,144,151,154,158	155,160,164,168,172	147,156,165,176,187	153,154,156,163,171	165,168,171,175,179
YER007W	PAC2	16,16,16,17,19	19,19,20,20,21	23,24,25,25,25	18,18,18,19,20	15,17,18,19,20	21,21,21,22,24	17,17,18,18,18
YER008C	SEC3	20,21,22,23,24	21,22,22,22,22	29,30,31,32,32	20,20,20,21,22	18,19,20,21,23	28,28,28,29,29	23,23,23,24,24
YER009W	NTF2	628,646,665,673,681	545,585,625,627,630	580,592,605,633,662	578,620,662,664,665	563,581,598,601,603	562,600,637,643,648	647,658,669,679,689
YER010C		135,141,146,153,159	151,153,155,163,170	166,176,187,189,192	135,140,144,148,152	122,124,127,131,135	206,211,216,219,223	150,150,151,154,157
YER011W	TIR1	6,9,11,11,11	4,5,5,6,7	8,9,10,11,13	4,4,4,5,5	5,5,5,6,7	8,10,12,12,13	7,7,7,9,10
YER012W	PRE1	584,585,585,603,621	499,507,516,551,586	586,587,589,598,607	514,530,546,552,558	466,476,487,501,515	653,663,672,672,672	590,594,598,612,626
YER013W	PRP22	12,12,13,13,13	12,13,13,14,15	14,15,15,15,16	11,11,11,12,12	12,13,14,14,14	12,13,13,14,14	12,13,13,14,15
YER014C-A	BUD25	0,0,0,0,0	0,0,0,0,0	0,0,0,0,0	0,0,0,0,0	0,0,0,0,0	0,0,0,0,0	0,0,0,0,0
YER014W	HEM14	27,28,29,30,31	24,24,24,26,28	31,32,34,35,36	21,22,23,23,23	20,21,22,22,23	35,35,36,37,39	31,32,33,33,34
YER015W	FAA2	83,84,86,87,88	61,62,63,66,68	556,563,570,598,627	60,60,61,62,63	46,47,48,49,50	605,609,613,636,660	86,87,88,94,100
YER016W	BIM1	46,48,49,50,50	35,38,42,42,42	29,31,34,34,35	35,37,39,40,40	37,39,40,42,44	31,32,33,35,38	47,49,51,52,53
YER017C	AFG3	152,154,155,156,156	172,176,179,182,185	143,146,149,151,154	175,177,179,182,185	176,177,179,180,181	155,155,156,158,160	139,140,141,144,147
YER018C	SPC25	73,75,77,78,80	47,51,55,56,57	56,58,59,61,63	52,54,56,57,58	44,45,46,49,52	65,65,65,66,67	83,83,84,86,89
YER019C-A	SBH2	428,443,459,476,492	425,428,431,490,549	694,735,775,791,807	421,441,462,463,464	360,365,371,391,410	686,743,800,808,817	451,466,480,496,512
YER019W	ISC1	63,64,64,69,74	52,52,53,58,62	66,71,77,81,85	48,49,51,53,55	42,42,42,45,48	66,72,78,80,83	61,63,64,66,68
YER020W	GPA2	147,150,153,161,170	153,153,153,157,162	366,398,429,451,472	135,145,154,155,156	137,142,147,151,155	327,340,353,375,396	143,145,148,148,148
YER021W	RPN3	295,296,297,299,302	264,269,274,279,283	301,303,305,311,318	255,258,261,266,271	245,248,252,253,253	344,350,356,367,377	292,295,297,299,301
YER022W	SRB4	30,30,30,31,32	32,32,33,34,35	32,32,32,33,34	30,30,30,31,31	27,28,28,31,33	31,31,32,33,34	29,31,32,33,34
YER023C-A		0,0,0,0,0	0,0,0,0,0	0,0,0,0,0	0,0,0,0,0	0,0,0,0,0	0,0,0,0,0	0,0,0,0,0
YER023W	PRO3	129,131,132,133,134	107,107,108,109,109	172,178,184,194,204	105,110,114,114,115	102,104,105,110,115	202,213,224,225,226	117,120,123,125,127
YER024W	YAT2	1730,1795,1860,1998,2136	1761,1774,1786,1815,1845	2815,2815,2815,2965,3115	1645,1652,1659,1716,1772	1197,1225,1253,1313,1372	3470,3512,3554,3554,3554	1792,1852,1913,2066,2219
YER025W	GCD11	88,96,104,106,108	98,99,99,101,103	97,97,97,99,102	103,103,103,104,105	109,112,114,115,116	111,112,113,115,116	89,90,91,91,92
YER026C	CHO1	467,474,482,530,578	456,464,472,489,506	1059,1065,1072,1135,1198	510,520,530,533,535	545,554,564,571,577	924,929,934,986,1039	429,458,486,506,526
YER027C	GAL83	61,62,63,66,69	64,65,67,70,73	64,65,66,67,68	60,61,61,64,67	55,55,56,60,64	59,61,63,66,68	57,62,67,70,74
YER028C	MIG3	6,7,8,10,13	6,6,6,8,9	74,75,77,78,80	6,6,6,7,7	6,6,7,7,7	67,72,77,78,79	11,12,12,13,15
YER029C	SMB1	75,75,75,79,82	58,65,72,73,73	128,128,128,133,137	61,66,71,72,74	82,83,85,86,87	93,95,96,103,110	68,72,75,78,82
YER030W	CHZ1	350,351,352,363,375	292,295,299,323,347	395,415,434,436,437	283,289,296,306,316	256,275,295,310,324	430,440,451,461,472	377,391,405,406,407
YER031C	YPT31	170,172,174,178,182	181,188,195,198,201	151,152,153,157,160	175,178,182,186,191	159,161,163,163,163	155,156,156,158,159	165,171,178,178,179
YER032W	FIR1	48,50,51,51,52	37,37,38,38,38	21,22,22,22,23	32,33,35,37,40	22,23,25,26,27	17,17,18,20,22	57,58,59,61,62
YER033C	ZRG8	19,19,19,19,20	19,20,20,21,21	22,23,24,26,29	17,19,20,20,20	16,17,19,19,20	24,24,24,24,25	18,19,19,20,21
YER034W		74,77,80,82,85	66,69,72,78,85	87,88,89,90,91	75,75,76,82,89	65,68,72,76,81	91,94,97,98,98	74,78,82,88,94
YER035W	EDC2	109,114,120,123,126	95,104,113,118,123	58,67,75,81,86	90,95,99,107,115	73,86,100,108,116	62,67,72,75,77	107,114,121,124,127
YER036C	ARB1	106,113,121,123,126	90,93,95,97,100	144,149,155,156,156	96,97,98,99,99	97,97,98,98,98	133,140,147,147,148	101,106,111,112,112
YER037W	PHM8	15,15,15,16,16	19,19,19,21,22	24,25,26,27,27	16,17,17,17,17	13,13,14,15,17	19,19,20,21,21	15,16,17,17,17
YER038C	KRE29	15,15,15,15,16	17,17,17,17,17	16,16,17,17,18	13,14,15,16,16	14,14,15,15,16	17,18,19,20,20	12,13,14,15,16
YER038W-A	FMP49	0,0,0,0,0	0,0,0,0,0	0,0.2,0.5,0.6,0.8	0,0,0,0,0	0,0,0,0,0	0,0,0,0,0	0,0,0,0,0
YER039C-A		46,48,51,53,56	42,44,45,47,49	75,79,82,85,88	43,44,46,49,52	35,41,47,48,49	82,86,89,94,98	51,51,51,54,57
YER039C	HVG1	20,21,21,22,23	17,19,22,23,24	34,34,34,38,43	19,21,23,24,24	14,15,16,19,21	35,40,45,47,48	23,25,27,28,29
YER040W	GLN3	32,35,38,38,38	33,36,39,40,40	44,44,44,45,46	33,34,35,36,37	33,35,38,38,39	46,48,50,50,50	34,35,35,35,36
YER041W	YEN1	15,15,15,16,17	18,19,19,19,19	24,24,24,25,26	16,17,17,18,18	13,13,14,14,15	26,26,26,27,28	14,14,14,15,15
YER042W	MXR1	261,262,264,279,294	237,258,278,279,279	382,388,393,430,467	229,229,230,230,231	254,259,265,267,269	496,500,505,539,572	350,351,351,364,377
YER043C	SAH1	504,505,507,525,543	515,526,537,540,542	877,884,891,908,925	581,585,589,592,594	603,619,636,655,675	903,923,943,959,975	448,455,463,469,475
YER044C-A	MEI4	3,3,3,4,5	3,4,5,5,6	4,5,5,5,6	2,3,4,4,4	3,3,3,4,4	5,5,5,5,6	7,7,7,8,8
YER044C	ERG28	164,175,185,189,193	209,221,232,237,241	167,167,167,186,205	223,224,225,232,240	172,187,203,207,211	183,193,203,218,234	159,159,159,160,161
YER045C	ACA1	25,27,29,30,31	28,30,33,33,33	40,40,40,41,41	31,32,33,34,34	29,29,30,30,31	38,39,40,40,41	22,25,28,28,28
YER046W-A		0,0,0,0,0	0,0,0,0,0	0,0,0,0,0	0,0,0,0,0	0,0,0,0,0	0,0,0,0,0	0,0,0,0,0
YER046W	SPO73	60,66,72,72,72	49,59,69,70,71	114,121,128,137,146	60,60,61,63,65	64,65,66,72,78	116,121,126,128,129	61,62,64,67,70
YER047C	SAP1	38,38,38,39,40	36,36,37,38,39	42,47,51,52,53	36,38,40,40,40	31,33,34,35,35	47,49,51,52,52	34,35,36,37,38
YER048C	CAJ1	107,108,109,112,115	103,108,112,112,113	140,144,149,149,150	111,112,113,113,113	94,99,103,104,104	147,154,161,161,161	98,99,100,109,117
YER048W-A	ISD11	469,474,479,484,489	512,519,527,556,586	895,899,902,942,981	494,497,501,523,546	495,496,496,502,507	791,795,800,833,866	472,479,485,497,509
YER049W	TPA1	58,62,66,69,73	47,50,52,54,55	71,75,78,79,80	52,52,53,54,55	55,57,58,59,60	51,55,59,61,63	63,63,64,65,65
YER050C	RSM18	263,283,303,307,310	357,360,362,389,417	232,237,242,246,251	374,378,382,407,432	335,361,386,412,438	174,179,184,186,187	258,266,274,276,279
YER051W	JHD1	32,34,36,36,36	36,37,38,38,38	36,37,37,39,41	33,35,37,39,41	32,33,34,35,35	41,43,44,45,45	28,30,31,32,33
YER052C	HOM3	377,405,433,438,444	394,414,435,443,450	178,186,194,206,219	377,399,420,423,426	416,428,439,446,453	236,238,239,250,261	494,511,528,529,531
YER053C-A		918,966,1014,1092,1171	2181,2181,2181,2183,2185	105,110,114,118,122	2246,2280,2313,2319,2324	1865,1882,1898,1971,2045	118,133,148,151,153	676,681,685,735,784
YER053C	PIC2	109,121,134,137,140	247,263,278,284,289	67,72,76,79,82	241,259,277,279,281	218,225,232,239,247	69,73,78,79,80	87,96,105,108,111
YER054C	GIP2	16,16,17,18,18	19,19,20,20,21	34,35,35,38,40	18,19,21,21,21	17,18,19,21,22	33,35,37,37,38	15,17,20,20,20
YER055C	HIS1	509,531,552,553,554	417,442,467,473,480	239,241,243,246,249	401,425,448,449,450	368,387,407,411,416	292,293,294,303,313	544,546,548,579,610
YER056C-A	RPL34A	354,417,480,491,503	463,463,463,466,469	178,192,206,209,212	474,480,486,492,498	760,769,777,786,795	163,166,169,184,200	353,365,377,406,436
YER056C	FCY2	496,514,531,540,549	383,401,418,419,420	146,152,159,176,192	430,441,451,455,460	454,460,467,468,469	174,191,208,208,209	451,461,471,488,505
YER057C	HMF1	379,390,401,404,407	372,380,388,394,401	398,416,434,438,443	395,402,409,418,427	374,379,383,395,407	432,450,469,476,483	364,376,388,402,417
YER058W	PET117	137,152,167,168,169	207,220,234,247,260	97,106,116,121,126	229,233,238,252,266	225,226,227,231,236	77,81,85,96,108	143,148,154,156,159
YER059W	PCL6	40,40,40,43,46	43,43,43,43,43	36,37,38,42,45	35,35,36,38,39	38,39,41,41,41	37,37,37,37,38	39,41,43,43,44
YER060W-A	FCY22	19,21,24,25,26	23,25,26,27,27	17,18,18,20,22	25,26,28,28,28	21,21,21,22,23	22,23,23,23,23	19,20,21,22,23
YER060W	FCY21	28,30,32,32,32	32,33,35,35,35	30,32,34,35,36	32,33,33,34,36	29,29,29,29,29	33,35,36,38,40	24,25,26,27,29
YER061C	CEM1	50,53,56,58,61	47,51,54,57,59	73,74,75,76,76	52,52,52,53,54	48,54,60,60,60	75,76,77,80,83	48,51,54,60,66
YER062C		73,76,78,85,92	49,52,55,58,62	100,115,129,129,130	51,52,53,62,71	58,59,60,60,61	130,133,137,146,156	79,84,89,95,101
YER063W	THO1	151,151,151,157,163	138,140,143,145,146	126,127,129,137,145	136,137,137,150,162	163,167,170,173,175	124,127,129,133,138	161,165,170,171,171
YER064C	VHR2	21,21,21,22,24	15,16,16,17,17	26,26,26,27,27	16,16,16,18,21	14,14,14,16,18	26,26,26,27,28	21,22,22,24,25
YER065C	ICL1	11671,11883,12095,12095,12095	8608,9349,10089,10361,10634	10063,10063,10063,10063,10063	9007,9103,9199,9592,9985	7451,7558,7665,8119,8572	12157,12157,12157,12157,12157	11734,12005,12276,12373,12470
YER066C-A		12,13,14,17,21	11,12,12,13,14	23,23,24,24,24	13,14,16,16,16	9,9,10,11,11	22,23,24,24,24	13,14,14,16,18
YER066W	RRT13	58,59,61,68,76	63,66,68,68,69	156,157,157,161,165	63,64,65,68,70	47,48,49,52,55	165,166,168,169,169	55,60,65,67,69
YER067C-A		0,0,0,0.4,0.9	0,0,0,0,0	0,0,0,0.3,0.6	0,0,0,0,0	0,0,0,0.5,1	0,0,0,0.8,2	0,0,0,0,0
YER067W	RGI1	3,3,3,4,5	4,4,5,5,5	4,5,6,7,7	3,4,5,5,6	6,7,8,10,11	3,5,6,10,14	2,2,3,3,3
YER068C-A		0.5,1,2,2,3	0,0.6,1,2,2	0,0.5,0.9,2,2	0,0,0,0.7,1	0.5,0.6,0.7,0.8,0.9	0,0.3,0.6,0.9,1	0.9,1,2,2,2
YER068W	MOT2	63,65,66,68,69	61,62,63,68,74	87,88,88,89,90	65,65,66,66,67	62,64,66,71,77	77,78,78,79,79	58,63,67,69,70
YER069W	ARG5,6	400,413,426,463,500	390,408,427,430,433	214,215,215,220,225	408,423,437,439,440	387,394,402,403,405	285,285,286,300,314	384,417,450,486,521
YER070W	RNR1	44,48,51,54,56	19,21,23,25,27	14,14,14,15,16	26,28,30,33,35	101,106,111,112,113	13,14,14,16,18	75,77,80,87,95
YER071C	TDA2	79,88,96,98,100	107,108,108,111,114	84,88,91,103,114	102,107,112,116,120	90,91,93,94,96	91,95,98,107,116	72,74,77,79,81
YER072W	VTC1	354,357,361,378,395	310,315,320,336,353	322,327,332,344,355	309,312,315,341,368	287,308,330,339,349	356,365,374,386,398	337,343,349,361,373
YER073W	ALD5	183,185,187,190,192	121,126,131,137,144	111,113,115,122,130	125,126,127,132,136	132,136,141,144,147	159,160,162,164,166	193,201,209,219,229
YER074W-A	YOS1	233,244,256,260,265	262,264,267,283,299	236,241,245,259,274	241,248,254,262,270	252,256,260,266,273	229,237,245,255,264	260,267,274,278,282
YER074W	RPS24A	512,574,635,636,637	506,559,613,635,657	346,353,361,381,401	575,612,650,653,657	718,830,941,951,960	285,289,294,296,299	528,544,560,571,582
YER075C	PTP3	25,26,27,28,29	27,28,28,28,29	42,43,44,44,44	28,30,33,33,34	45,47,49,50,52	42,42,42,43,43	26,27,27,28,28
YER076C		31,32,33,34,34	31,32,32,32,32	43,46,48,48,49	26,28,29,32,34	29,31,33,34,36	45,49,54,54,54	30,31,31,33,35
YER076W-A		6,7,7,9,11	5,6,7,10,13	10,11,12,13,14	7,7,8,8,8	5,5,6,6,7	9,11,12,12,13	8,8,9,10,12
YER077C	MRX1	27,29,30,30,30	29,30,31,32,34	14,16,17,17,17	29,30,31,32,33	23,26,29,29,30	15,16,16,17,17	27,28,29,31,33
YER078C	ICP55	38,42,45,46,47	56,57,57,58,60	90,94,97,98,99	57,57,58,59,61	50,51,52,55,58	92,96,99,101,103	38,39,39,39,39
YER078W-A		1,2,3,4,5	3,3,3,5,7	5,8,10,11,12	1,2,3,6,8	4,5,5,5,5	6,7,8,8,8	4,5,5,6,6
YER079C-A		0,0,0,0.3,0.7	0,0,0,0,0	0,0,0,0,0	0,0,0,0,0	0,0,0,0,0	0,0,0,0.4,0.7	0,0,0,0,0
YER079W		202,207,212,226,241	241,247,253,260,266	295,296,296,304,311	203,219,236,237,239	177,180,182,194,206	287,301,315,320,325	184,193,201,222,242
YER080W	AIM9	74,75,75,77,79	84,90,96,98,101	91,94,97,97,98	92,95,98,99,99	86,90,93,95,97	93,94,94,97,100	74,74,74,76,77
YER081W	SER3	89,91,92,93,94	90,91,92,94,97	477,485,493,517,541	103,103,103,103,103	102,115,129,134,139	560,585,610,639,667	99,102,106,113,121
YER082C	UTP7	34,37,40,40,40	30,30,30,35,39	37,42,46,46,47	37,39,41,41,41	45,45,46,47,48	31,31,31,35,39	30,31,33,34,36
YER083C	GET2	85,86,87,88,90	78,80,82,83,84	106,113,121,125,130	64,72,80,81,81	67,68,69,76,83	118,119,120,123,126	73,78,83,84,85
YER084W		10,11,13,14,15	6,10,14,14,14	44,48,52,57,62	9,10,10,15,20	7,8,9,9,10	33,36,38,42,46	11,12,13,14,15
YER084W-A		0,0.2,0.4,0.4,0.4	0,0.3,0.5,0.7,0.9	0.2,0.4,0.6,0.8,0.9	0,0.1,0.3,0.4,0.6	0,0,0,0,0	0,0.3,0.6,1,1	0,0,0,0.2,0.4
YER085C		0,0,0,0,0	0,0,0,0,0	0,0,0,0.3,0.6	0,0,0,0,0	0,0,0,0,0	0,0,0,0,0	0,0,0,0,0
YER086W	ILV1	262,265,268,269,269	188,189,190,199,208	230,233,236,239,243	192,197,202,202,202	190,194,198,198,198	252,259,265,268,271	265,267,270,277,284
YER087C-A		1,1,1,3,4	2,2,3,3,3	1,1,2,2,3	1,2,2,2,2	0.8,1,1,2,2	2,3,3,3,3	2,2,3,3,3
YER087C-B	SBH1	452,455,458,468,477	385,386,388,398,408	224,228,231,239,248	337,349,360,384,408	381,385,389,409,428	253,255,257,265,273	494,511,529,546,563
YER087W	AIM10	25,26,28,30,31	37,38,40,41,43	19,23,26,27,27	36,37,38,39,40	28,30,32,32,32	18,19,20,21,22	24,25,27,29,31
YER088C-A		22,27,32,34,35	23,27,30,31,31	20,24,29,34,39	22,24,25,28,30	16,18,20,20,21	27,31,34,44,55	16,19,21,22,23
YER088C	DOT6	74,74,75,75,76	69,71,74,77,81	184,199,214,215,216	68,68,68,70,71	71,73,75,75,76	189,198,207,207,208	74,75,77,77,78
YER088W-B		0,0,0,0,0	0,0,0,0,0	0,0,0,0,0	0,0,0,0,0	0,0,0,0,0	0,0,0,0,0	0,0,0,0,0
YER089C	PTC2	98,98,98,105,112	92,92,93,95,97	94,97,99,106,113	89,89,90,91,92	88,89,91,94,97	96,102,107,111,116	97,99,102,107,112
YER090C-A		0,0,0,0,0	0,0,0,0,0	0,0,0,0,0	0,0,0,0,0	0,0,0,0,0	0,0,0,0,0	0,0,0,0,0
YER090W	TRP2	222,223,224,227,230	174,174,175,178,180	200,204,209,209,210	174,178,182,185,188	165,168,172,180,189	241,243,245,247,249	212,216,221,224,227
YER091C-A		1,2,2,2,2	0,0.5,1,1,1	0,0.7,1,3,5	0,1,2,2,3	0,0,0,0.6,1	0,0,0,0,0	0,0.5,1,2,4
YER091C	MET6	730,737,744,783,823	983,1003,1022,1031,1041	1493,1530,1567,1619,1672	1014,1015,1017,1029,1040	1315,1339,1363,1382,1402	1906,1931,1956,2068,2180	1040,1041,1043,1052,1061
YER092W	IES5	224,225,227,240,252	229,239,250,259,268	214,214,214,219,223	250,250,251,253,255	269,273,278,279,280	235,236,236,243,251	235,243,252,259,266
YER093C-A	AIM11	93,96,99,107,115	124,126,128,136,144	132,138,145,152,159	152,152,152,155,158	152,153,154,162,169	123,126,130,132,133	96,97,99,100,102
YER093C	TSC11	18,18,19,19,20	19,19,20,20,20	28,28,28,29,29	17,18,18,19,20	17,17,17,18,18	26,26,26,26,27	18,19,20,21,22
YER094C	PUP3	526,543,561,600,638	480,497,514,515,517	414,423,433,443,453	514,519,524,546,568	466,482,497,505,514	426,430,433,444,454	505,516,528,546,564
YER095W	RAD51	98,101,103,104,104	68,69,70,74,78	170,174,177,192,207	69,69,70,76,82	87,89,90,96,101	181,186,191,197,203	110,115,119,125,131
YER096W	SHC1	18,20,22,22,22	17,20,24,24,25	31,32,33,35,37	20,21,23,25,27	25,25,25,26,26	34,37,40,41,41	16,18,19,21,22
YER097W		3,5,7,8,8	4,5,5,6,7	5,5,5,6,7	3,3,4,5,5	2,3,4,6,9	5,5,6,6,6	3,3,3,4,5
YER098W	UBP9	19,20,22,23,23	19,21,22,23,23	29,29,29,29,30	19,19,19,20,20	17,19,21,23,25	24,25,26,27,28	21,22,24,24,24
YER099C	PRS2	97,98,99,101,103	83,84,85,88,90	119,120,121,122,122	76,78,80,81,81	70,77,84,87,91	121,121,122,127,132	90,95,99,104,110
YER100W	UBC6	142,144,146,149,153	143,145,146,147,147	125,125,125,125,126	140,145,150,150,151	125,134,143,145,147	109,111,113,115,117	155,156,157,160,164
YER101C	AST2	42,44,47,47,47	42,42,42,44,47	32,32,33,34,35	44,45,47,47,47	39,39,39,42,44	31,33,34,37,40	49,52,55,56,57
YER102W	RPS8B	166,199,233,241,249	212,222,232,237,242	161,163,165,175,184	232,235,237,248,260	301,322,343,354,365	119,125,131,132,133	188,191,194,205,215
YER103W	SSA4	40,41,42,43,43	44,46,49,49,49	52,53,55,56,58	45,46,48,48,48	33,34,36,39,42	41,42,42,43,44	39,40,40,41,41
YER104W	RTT105	46,47,48,50,51	37,40,43,46,49	60,61,63,63,64	36,36,36,39,43	41,41,41,41,42	54,55,56,58,61	58,60,63,66,70
YER105C	NUP157	29,30,31,32,32	29,29,30,30,31	27,27,27,27,27	27,28,29,30,31	28,28,29,30,30	25,25,26,28,30	30,30,30,32,34
YER106W	MAM1	2,3,5,5,6	5,5,5,6,7	9,9,10,10,10	4,4,4,5,7	4,4,4,4,4	4,6,7,7,8	6,6,6,6,7
YER107C	GLE2	44,46,47,47,47	43,44,46,46,46	49,51,52,54,56	44,47,50,52,53	44,44,44,47,49	45,48,50,50,51	41,44,47,47,48
YER107W-A		20,23,26,27,27	19,19,20,21,22	17,17,18,20,23	15,15,16,18,20	17,17,17,19,20	15,18,21,21,22	15,16,16,20,24
YER110C	KAP123	82,83,85,89,94	64,65,67,69,72	74,77,80,81,81	65,66,68,69,70	69,69,69,70,71	68,71,74,76,77	83,83,83,83,84
YER111C	SWI4	14,14,14,14,15	20,20,20,20,20	15,15,16,17,19	21,22,22,23,24	29,30,30,30,30	14,15,15,16,16	14,14,14,15,15
YER112W	LSM4	145,145,145,152,159	159,160,161,184,207	113,123,132,139,146	152,156,160,176,192	161,168,174,180,186	102,112,121,124,127	161,167,173,174,174
YER113C	TMN3	33,35,36,38,40	37,39,40,41,43	38,39,40,40,40	36,39,42,43,45	35,37,38,38,38	37,37,38,38,39	36,36,36,38,39
YER114C	BOI2	34,36,37,37,37	25,26,27,27,27	29,29,30,31,32	26,26,26,26,26	21,22,24,24,25	29,29,30,32,34	34,36,38,41,44
YER115C	SPR6	27,31,35,36,37	28,32,37,38,40	45,46,47,47,47	31,31,31,34,37	25,26,26,28,30	45,46,46,50,53	32,33,35,37,40
YER116C	SLX8	39,39,40,41,42	37,40,43,43,43	42,44,47,49,52	37,38,38,44,49	35,36,38,39,41	37,39,41,46,51	37,37,37,40,44
YER117W	RPL23B	693,729,765,803,841	716,719,721,741,762	410,433,457,460,462	748,757,765,771,778	1034,1058,1082,1093,1103	363,363,363,364,364	701,710,719,719,720
YER118C	SHO1	81,82,84,85,86	59,59,60,61,62	61,63,66,68,69	62,62,62,63,64	64,65,66,75,84	65,66,67,68,70	80,89,97,99,102
YER119C-A		1,1,1,2,2	0,0,0,0.4,0.7	5,5,6,7,8	0,0.3,0.6,0.7,0.7	0,0,0,0.3,0.5	6,7,7,7,8	1,1,2,2,3
YER119C	AVT6	76,82,88,94,100	75,79,82,83,85	79,79,79,82,84	80,80,80,81,81	63,64,64,67,69	82,91,99,101,103	86,86,87,88,90
YER120W	SCS2	265,270,276,280,284	185,195,205,207,209	183,183,184,184,184	180,182,183,190,196	180,182,183,184,184	187,189,191,197,202	281,285,290,290,290
YER121W		74,75,76,80,85	71,75,80,80,80	369,383,396,417,437	54,60,67,67,68	57,61,65,68,70	363,381,398,406,414	70,81,91,94,98
YER122C	GLO3	183,184,185,185,186	138,141,144,158,171	107,107,107,114,121	142,143,144,147,149	132,136,140,140,140	109,112,114,116,119	201,204,206,209,213
YER123W	YCK3	58,61,64,65,66	61,62,63,63,63	47,50,52,53,53	57,59,61,62,64	55,56,56,57,59	49,53,58,59,61	57,58,58,63,69
YER124C	DSE1	13,13,14,14,15	11,11,12,13,15	15,17,18,18,18	29,33,37,37,37	193,199,206,214,222	15,17,18,19,20	13,14,15,17,19
YER125W	RSP5	87,87,88,89,89	86,88,91,94,97	106,108,109,109,109	88,89,89,89,90	82,85,88,90,91	109,109,110,115,121	85,89,93,94,95
YER126C	NSA2	74,89,105,108,112	75,76,78,86,93	73,78,83,89,96	84,86,87,91,96	110,110,111,117,124	52,56,59,65,71	74,80,86,91,97
YER127W	LCP5	33,33,33,35,37	31,32,32,34,36	19,22,26,28,29	28,32,36,38,41	34,37,40,41,43	17,19,20,23,26	24,27,31,34,37
YER128W	VFA1	63,65,67,69,70	70,73,75,79,83	70,72,73,74,76	67,68,70,76,82	65,68,70,70,70	83,84,85,85,86	59,61,64,69,74
YER129W	SAK1	33,33,33,35,36	35,35,35,35,35	32,34,36,36,37	31,32,32,33,33	30,31,31,32,33	34,35,35,36,37	33,33,34,36,37
YER130C	COM2	37,38,40,41,42	38,39,39,41,43	25,25,26,27,28	34,35,36,37,38	36,36,37,38,40	28,28,28,30,31	36,37,39,40,41
YER131W	RPS26B	290,356,422,439,456	370,408,446,448,449	141,143,144,144,145	371,395,419,437,455	728,736,743,750,757	95,99,103,110,117	334,355,375,398,420
YER132C	PMD1	6,7,7,8,8	6,6,7,7,8	5,5,5,6,6	6,6,7,7,7	6,6,6,6,6	6,6,6,6,7	5,6,6,7,8
YER133W-A		7,7,7,7,8	10,10,11,11,12	7,10,12,15,17	9,11,13,13,13	8,11,13,14,14	13,15,16,18,20	8,9,9,9,10
YER133W	GLC7	348,360,372,381,391	330,335,340,359,378	352,356,359,367,375	327,329,331,332,333	315,319,323,323,324	347,355,363,365,366	370,372,374,395,416
YER134C		28,29,30,33,35	29,31,33,35,38	39,40,41,42,42	34,35,36,38,39	28,31,34,36,38	37,41,44,44,45	31,33,35,35,36
YER135C		13,17,20,22,24	7,9,11,15,19	53,54,56,59,62	11,12,12,12,13	8,9,9,9,9	57,60,64,67,71	20,21,23,23,24
YER136W	GDI1	200,206,213,216,219	188,190,191,194,197	287,291,295,298,301	167,174,180,183,187	166,170,174,175,176	297,297,298,300,302	222,222,223,224,226
YER137C		4,6,8,12,17	6,6,7,8,9	5,7,9,10,12	6,6,7,7,7	5,5,6,8,11	7,7,7,7,8	6,7,8,8,9
YER137C-A		0,0,0,0,0	0,0,0,0,0	0,0,0,0,0	0,0,0,0,0	0,0,0,0,0	0,0,0,0,0	0,0,0,0,0
YER137W-A		0,0,0,0.4,0.8	0,0,0,0.5,1	0,0,0,0.3,0.7	0,0,0,0,0	0,0,0,0,0	0.8,0.8,0.8,1,2	0,0,0,1,2
YER138C		0.9,1,1,1,1	0.9,1,1,1,1	1,1,1,1,1	1,1,1,2,2	0.8,0.9,1,1,1	1,1,1,2,2	0.8,0.9,1,1,1
YER138W-A		0,0,0,0,0	0,0,0,0,0	0,0,0,0,0	0,0,0,0,0	0,0,0,0,0	0,0,0,0,0	0,0,0,1,2
YER139C	RTR1	58,58,58,59,60	68,72,76,84,92	83,89,95,95,95	73,75,78,80,82	66,69,71,76,80	82,83,85,88,91	56,56,56,61,65
YER140W	EMP65	16,16,17,17,18	19,20,21,21,21	23,24,24,25,25	19,19,19,19,20	16,16,16,19,22	22,22,22,23,24	18,19,20,20,20
YER141W	COX15	147,152,157,163,168	179,190,201,206,211	96,97,98,101,104	195,197,198,204,210	194,194,195,200,206	85,85,86,86,87	136,144,152,152,153
YER142C	MAG1	84,87,90,90,91	87,87,88,91,94	159,166,172,176,179	87,88,89,89,89	72,73,74,76,77	187,187,187,191,195	84,87,89,90,91
YER143W	DDI1	128,131,134,141,148	114,121,128,132,136	190,190,191,194,198	117,119,121,122,122	102,105,108,113,119	204,204,205,207,209	132,134,136,137,138
YER144C	UBP5	40,41,41,42,42	45,46,47,48,49	67,70,73,75,76	43,45,46,48,50	47,48,49,49,49	67,69,70,71,72	46,46,46,47,47
YER145C-A		8,10,11,13,15	17,17,17,18,20	9,11,12,12,12	5,7,10,10,10	12,12,13,14,15	8,8,9,10,11	6,8,9,10,11
YER145C	FTR1	208,211,214,217,221	242,258,275,281,288	227,227,227,242,256	294,296,299,318,338	342,347,352,354,356	211,217,223,228,233	189,192,196,199,203
YER146W	LSM5	0,0,0,0,0	0,0,0,0,0	0,0,0,0,0	0,0,0,0,0	0,0,0,0,0	0,0,0,0,0	0,0,0,0.4,0.8
YER147C-A		52,53,54,56,59	43,43,44,44,45	43,44,44,46,48	38,39,41,41,42	36,37,39,44,48	36,40,43,44,46	45,49,53,55,57
YER147C	SCC4	24,26,28,28,28	23,27,30,31,32	41,42,43,45,46	29,29,30,31,32	27,29,30,32,35	40,42,44,45,46	26,26,27,27,28
YER148W-A		0,0,0,0.2,0.3	0,0,0,0.3,0.5	0,0,0,0.3,0.6	0,0.1,0.2,0.3,0.4	0,0,0,0.1,0.2	0,0.2,0.3,0.4,0.5	0,0,0,0,0
YER148W	SPT15	88,93,98,99,100	81,81,81,83,85	79,82,84,86,88	79,83,86,88,89	67,77,87,91,95	66,68,69,69,69	99,100,102,107,113
YER149C	PEA2	21,21,21,22,22	16,18,19,20,20	21,23,26,27,27	16,16,16,17,17	18,19,20,21,21	24,25,26,27,28	22,22,22,23,24
YER150W	SPI1	9,13,16,18,19	18,21,24,24,24	151,160,169,178,188	24,24,24,27,30	16,19,23,25,27	141,150,160,166,173	14,17,19,20,21
YER151C	UBP3	68,69,70,72,73	61,61,62,67,73	58,59,59,61,62	60,60,61,65,69	65,66,67,67,68	54,57,60,61,62	69,70,70,71,72
YER152C		34,36,38,40,42	32,34,36,37,37	53,61,68,69,70	35,37,40,42,43	53,55,56,58,60	67,68,70,71,71	34,35,35,38,41
YER152W-A		0,0,0,0,0	0,0,0,0,0	0,0,0,0,0	0,0.1,0.3,0.3,0.4	0,0,0,0.3,0.7	0,0,0,0.2,0.4	0,0,0,0.2,0.3
YER153C	PET122	14,14,14,14,15	15,16,17,19,22	25,27,30,31,31	14,16,19,19,19	21,24,27,30,33	27,28,29,31,32	14,15,16,16,17
YER154W	OXA1	72,73,74,81,89	103,108,112,115,118	96,97,98,102,106	123,124,125,126,127	153,156,160,164,168	82,84,85,87,88	55,59,62,66,69
YER155C	BEM2	16,16,17,17,18	15,16,17,17,17	16,16,16,17,17	14,15,16,16,16	16,16,16,16,17	15,15,16,16,16	17,17,17,18,18
YER156C		105,108,110,114,117	89,93,98,107,117	85,86,87,88,88	104,106,107,107,108	104,107,110,110,111	88,90,92,93,95	100,105,111,112,114
YER157W	COG3	25,26,27,27,28	22,22,23,23,24	23,25,27,27,28	20,21,22,23,24	19,19,19,20,20	23,23,23,26,28	26,27,27,28,30
YER158C		44,46,48,50,51	55,59,63,64,64	79,83,88,90,93	61,64,66,70,74	67,69,71,74,77	82,87,93,93,93	45,46,46,46,46
YER158W-A		2,3,4,5,6	1,2,4,4,4	0,0.5,1,2,3	2,3,3,4,5	0,1,3,5,7	2,2,3,5,7	5,5,6,7,8
YER159C-A		0,0,0,0,0	0,0,0,0,0	0,0,0,0,0	0,0,0,0,0	0,0,0,0,0	0,0,0,0,0	0,0,0,0,0
YER159C	BUR6	366,374,382,388,394	307,320,333,379,425	190,198,206,208,210	311,332,352,377,402	309,324,340,367,394	186,196,206,211,216	358,362,366,376,385
YER160C		0.2,0.2,0.3,0.4,0.6	0.4,0.5,0.5,0.6,0.7	0.3,0.4,0.5,0.6,0.6	0.5,0.5,0.5,0.6,0.7	0.4,0.4,0.4,0.5,0.7	0.4,0.7,1,1,1	0.3,0.3,0.4,0.5,0.6
YER161C	SPT2	93,94,95,97,99	100,101,103,104,105	134,136,138,143,147	87,89,91,101,111	103,104,105,108,112	125,133,141,141,142	86,89,93,94,96
YER162C	RAD4	26,26,26,27,27	27,28,29,30,30	40,40,40,41,42	25,25,25,30,34	25,25,26,26,26	35,37,40,41,42	25,25,26,27,28
YER163C	GCG1	72,76,80,81,81	72,75,78,79,80	68,71,74,74,74	73,75,77,78,78	51,54,57,61,65	64,67,70,75,80	69,74,78,83,88
YER164W	CHD1	25,25,26,27,28	25,26,26,28,30	17,18,18,18,19	25,26,26,26,27	25,25,25,26,27	17,17,18,18,18	25,25,25,25,26
YER165C-A		4,5,7,8,9	5,6,6,7,8	2,4,6,6,6	6,6,6,7,8	6,7,8,9,9	4,4,5,5,5	6,8,10,10,11
YER165W	PAB1	372,375,378,391,404	347,347,347,363,379	435,444,452,454,456	333,350,366,369,371	364,375,386,397,407	419,437,454,458,462	350,354,358,370,381
YER166W	DNF1	26,26,26,26,26	22,23,24,25,26	21,21,21,22,23	24,24,24,25,26	21,22,23,23,23	20,21,21,21,22	27,28,28,28,28
YER167W	BCK2	27,28,29,29,29	28,30,31,31,32	39,40,42,43,45	33,33,34,35,36	37,37,37,38,38	38,38,39,40,40	28,29,30,30,31
YER168C	CCA1	46,48,49,50,51	37,41,44,44,45	58,61,63,67,70	42,43,45,46,47	43,43,44,44,45	60,60,61,62,64	45,47,49,49,49
YER169W	RPH1	24,26,27,28,28	26,27,27,28,29	31,32,33,33,34	29,29,29,30,31	25,27,29,30,30	29,29,30,31,31	23,24,26,26,26
YER170W	ADK2	249,257,265,266,267	240,244,248,255,261	427,429,431,433,434	233,234,235,238,241	173,176,179,204,229	523,533,544,544,545	245,258,270,279,287
YER171W	RAD3	30,32,33,35,37	36,37,37,37,37	32,32,33,33,33	33,34,34,35,35	34,34,35,37,38	30,31,31,32,34	28,29,31,33,36
YER172C-A		0,0,0,0,0	0,0,0,0,0	0,0,0,0,0	0,0,0,0,0	0,0,0,0,0	0,0,0,0,0	0,0,0,0,0
YER172C	BRR2	9,9,10,10,11	9,10,10,11,11	13,13,13,13,14	9,10,10,10,10	10,10,10,11,11	12,12,12,13,14	9,9,10,10,10
YER173W	RAD24	18,19,21,21,21	19,19,19,20,20	25,26,26,26,26	16,17,18,18,18	15,15,16,17,19	24,24,25,25,26	19,19,20,21,22
YER174C	GRX4	132,134,136,137,139	130,131,132,136,139	103,109,115,119,123	114,119,123,125,127	105,109,112,115,117	129,131,132,138,145	130,132,133,135,137
YER175C	TMT1	176,191,207,218,230	176,186,196,199,203	158,170,182,183,183	152,167,182,184,186	102,119,137,138,140	241,249,256,267,278	178,199,220,235,249
YER175W-A		28,30,31,32,33	16,18,20,22,23	47,49,52,53,55	22,27,32,32,32	10,12,13,19,25	44,45,46,47,49	24,24,25,25,26
YER176W	ECM32	22,23,23,23,24	19,20,21,22,23	26,26,26,28,29	21,21,22,22,22	19,20,21,22,23	27,28,28,30,31	25,25,25,26,26
YER177W	BMH1	826,848,870,920,969	892,895,899,991,1083	491,501,511,513,514	917,928,939,1019,1100	914,939,965,1056,1147	460,471,483,484,485	832,843,854,884,913
YER178W	PDA1	643,645,648,713,779	612,630,647,648,649	769,799,829,834,839	584,617,650,651,653	499,503,506,525,544	827,854,881,889,897	657,665,673,712,751
YER179W	DMC1	12,14,15,16,16	13,13,14,15,16	108,110,111,116,121	11,12,12,13,14	5,6,7,8,10	119,119,120,121,122	15,16,16,17,18
YER180C-A	SLO1	20,23,26,27,28	23,26,29,32,34	45,46,48,51,55	22,26,31,32,33	24,27,30,31,32	47,48,50,50,51	28,31,35,36,38
YER180C	ISC10	29,31,34,35,35	30,34,38,38,38	48,49,50,51,52	32,34,36,37,37	33,34,35,37,39	39,41,42,46,50	28,31,34,35,37
YER181C		0.7,0.8,0.9,1,1	0.8,0.9,0.9,1,2	3,4,5,5,5	0.7,1,1,2,2	0.7,0.8,0.9,2,3	6,6,7,7,8	0,1,2,2,2
YER182W	FMP10	142,148,155,158,161	258,260,262,264,265	253,257,261,264,267	261,269,276,287,298	274,274,275,280,286	217,219,221,221,221	134,136,138,144,149
YER183C	FAU1	52,55,57,61,64	52,54,57,60,64	56,59,62,67,72	45,49,53,54,55	44,46,49,50,50	55,58,62,65,67	48,48,49,54,60
YER184C	TOG1	7,8,8,9,9	6,6,7,7,8	28,28,28,29,30	6,6,6,7,8	7,7,8,8,9	23,23,24,24,24	9,9,9,10,10
YER185W	PUG1	10,11,13,14,16	12,12,13,13,14	87,93,99,102,104	11,11,12,12,12	8,10,11,12,14	66,67,68,71,74	12,13,14,14,15
YER186C		82,83,84,84,84	81,84,86,89,92	101,108,116,117,118	89,89,90,91,92	87,89,91,91,91	99,102,106,110,114	77,79,81,82,82
YER187W		28,30,33,34,36	22,27,32,35,38	53,55,58,64,71	20,24,28,28,28	16,18,19,22,25	64,66,68,75,81	31,34,37,38,39
YER188C-A		10,13,15,17,18	10,12,14,15,16	17,18,19,22,25	16,16,16,17,18	14,15,16,16,17	23,25,28,28,28	12,13,15,16,17
YER188W		12,13,13,14,15	12,14,17,17,18	18,19,19,19,20	12,14,17,17,17	13,13,13,14,15	19,21,23,24,25	10,12,15,15,16
YER189W		0.6,2,3,6,9	0.7,2,2,3,4	5,6,7,7,7	3,3,3,4,5	3,4,6,6,6	0.7,2,3,3,4	0.6,2,3,4,4
YER190C-A		0,0,0,0,0	0,0,0,0,0	0,0,0,0,0	0,0,0,0,0	0,0,0,0,0	0,0,0,0,0	0,0,0,0,0
YER190C-B		0,0,0,0,0	0,0,0,0,0	0,0,0,0,0	0,0,0,0,0	0,0,0,0,0	0,0,0,0,0	0,0,0,0,0
YER190W	YRF1-2	0.2,0.3,0.4,0.4,0.4	0.4,0.5,0.6,0.7,0.9	0.5,0.5,0.6,0.8,1	0.4,0.5,0.5,0.6,0.7	0.3,0.5,0.8,0.8,0.8	0.6,0.6,0.6,0.7,0.8	0.4,0.4,0.4,0.5,0.5
YFL001W	DEG1	32,32,33,35,37	29,30,32,32,33	34,35,35,36,37	32,33,35,35,35	34,35,36,38,40	35,36,36,37,37	34,34,35,35,35
YFL002C	SPB4	46,47,49,49,49	37,38,39,39,40	59,60,62,64,65	39,41,42,44,46	40,42,43,44,45	49,49,49,51,52	50,51,52,52,52
YFL002W-A		0.1,0.1,0.1,0.2,0.3	0.1,0.1,0.2,0.2,0.3	0.3,0.4,0.5,0.5,0.5	0.2,0.2,0.2,0.4,0.6	0.2,0.2,0.2,0.4,0.5	0.2,0.3,0.4,0.5,0.6	0.1,0.1,0.1,0.2,0.3
YFL002W-B		0,0,0,0,0	0,0,0,0,0	0,0,0,0,0	0,0,0,0,0	0,0,0,0,0	0,0,0,0,0	0,0,0,0,0
YFL003C	MSH4	4,4,5,5,6	4,5,5,5,5	7,7,8,8,9	3,4,4,4,5	3,3,4,4,5	8,8,8,8,9	5,5,5,6,6
YFL004W	VTC2	63,65,66,67,68	61,62,63,63,63	57,57,57,59,60	57,57,57,58,58	55,55,55,55,55	56,58,59,63,68	63,65,66,67,68
YFL005W	SEC4	351,359,367,378,389	312,316,320,352,384	430,431,432,435,439	323,328,333,334,335	270,286,302,309,316	408,409,411,429,448	389,391,392,406,420
YFL007W	BLM10	29,29,30,31,31	25,27,28,29,30	61,64,68,69,69	26,27,28,28,28	25,25,26,26,26	66,69,72,72,72	27,27,28,30,32
YFL008W	SMC1	12,13,14,14,15	12,12,12,12,12	20,21,21,21,22	12,14,15,15,16	25,25,25,26,26	20,21,21,21,21	18,18,18,19,19
YFL009W	CDC4	41,41,41,45,48	41,42,43,44,45	75,76,76,77,78	38,39,40,41,41	38,38,38,40,41	70,70,71,74,78	41,43,44,45,46
YFL010C	WWM1	120,123,125,131,136	106,109,112,121,130	109,111,112,121,130	103,104,106,111,115	96,99,102,109,116	120,120,120,122,123	122,125,129,131,133
YFL010W-A	AUA1	17,18,18,18,19	12,13,14,16,17	21,23,26,28,30	12,12,12,13,14	11,12,12,17,22	23,25,27,31,35	19,19,19,23,26
YFL011W	HXT10	3,3,4,4,4	3,4,4,5,5	10,11,12,12,12	2,2,2,2,3	2,2,2,2,2	13,13,14,15,16	5,5,5,6,6
YFL012W		3,3,3,4,4	2,2,3,3,4	3,4,5,5,5	3,3,3,3,4	2,2,2,6,9	3,3,3,5,6	3,4,5,5,5
YFL012W-A		0,0,0,0.3,0.6	0,0,0,0,0	0,0,0,0,0	0,0,0,0,0	0,0,0,0,0	0,0.3,0.6,0.7,0.7	0,0,0,0.6,1
YFL013C	IES1	36,37,38,38,39	37,39,41,42,42	56,58,61,61,61	37,37,37,38,39	36,37,39,41,43	61,61,62,63,64	36,37,39,40,42
YFL013W-A		0,0,0,0,0	0,0,0,0,0	0,0,0,0,0	0,0,0,0,0	0,0,0,0,0	0,0,0,0,0	0,0,0,0,0
YFL014W	HSP12	1607,1774,1940,1942,1944	1737,1952,2168,2177,2185	3480,3763,4045,4236,4426	1841,2113,2385,2424,2464	2201,2481,2760,3357,3954	3685,3867,4049,4049,4049	1444,1510,1575,1799,2023
YFL015C		6,6,7,8,10	6,6,6,7,8	4,5,7,7,7	7,7,8,10,13	6,7,8,9,10	6,6,6,9,12	9,9,9,9,9
YFL015W-A		0,0,0,0,0	0,0,0,0.4,0.8	0,0,0,0,0	0,0,0,0.5,1	0,0,0,0.4,0.9	0,0.4,0.8,2,3	0,0.4,0.7,0.9,1
YFL016C	MDJ1	225,232,239,243,246	264,269,274,279,284	76,84,93,96,98	271,271,271,274,277	219,230,241,250,260	62,63,64,68,72	200,205,210,219,228
YFL017C	GNA1	136,138,140,147,154	113,117,121,122,122	103,103,103,111,120	100,108,116,126,135	88,91,94,99,103	110,112,113,113,114	148,149,150,156,162
YFL017W-A	SMX2	131,132,132,136,140	114,115,116,136,156	126,132,138,139,139	127,131,135,136,136	109,110,110,132,155	132,138,144,160,175	128,129,130,140,150
YFL018C	LPD1	786,802,818,829,840	730,731,732,747,762	542,545,549,555,562	724,734,744,748,752	653,669,684,702,720	550,551,552,562,572	796,803,811,817,824
YFL019C		9,12,15,16,18	5,8,12,13,14	19,20,22,24,26	6,7,8,8,9	9,10,11,13,15	23,24,24,24,24	8,11,13,14,16
YFL020C	PAU5	8,9,9,13,17	6,7,8,11,14	12,13,13,14,14	8,9,9,11,13	7,8,8,9,10	9,10,11,14,16	8,9,10,11,12
YFL021C-A		1,2,2,2,2	0.7,0.9,1,2,2	3,4,5,5,5	0.5,0.7,1,1,1	0,0.4,0.8,1,2	3,4,4,5,5	1,1,2,2,2
YFL021W	GAT1	111,111,112,121,131	122,126,130,143,156	76,77,79,79,80	128,129,131,133,135	136,146,155,158,161	93,98,103,105,106	83,84,86,93,100
YFL022C	FRS2	132,140,148,153,157	128,130,133,134,136	85,89,94,94,94	129,132,134,135,135	123,135,146,148,149	86,87,87,88,89	128,129,131,139,147
YFL023W	BUD27	33,34,34,36,38	22,22,22,23,24	30,31,31,32,32	22,23,24,25,27	24,24,24,26,28	33,34,35,36,37	31,32,33,36,39
YFL024C	EPL1	33,33,33,34,35	31,33,34,36,37	71,71,71,78,84	36,36,37,38,38	35,36,38,40,41	71,75,79,80,81	31,32,33,33,34
YFL025C	BST1	30,30,30,30,30	26,26,26,28,29	29,30,32,32,33	26,26,27,28,29	23,23,24,24,25	28,29,30,31,31	26,27,28,28,28
YFL026W	STE2	76,76,77,83,89	156,159,162,167,172	215,222,230,231,232	190,196,203,209,215	223,229,236,239,243	160,161,163,171,178	58,60,62,63,63
YFL027C	GYP8	19,20,21,22,22	22,23,24,25,25	32,34,36,36,36	25,25,25,27,29	23,26,28,29,30	33,33,34,34,34	16,17,17,19,20
YFL028C	CAF16	133,133,134,137,140	111,115,120,126,132	173,181,188,189,190	110,110,110,120,130	96,98,100,106,112	183,194,204,207,211	121,127,133,135,136
YFL029C	CAK1	58,61,64,69,73	58,60,62,66,70	134,135,136,138,140	54,57,61,61,61	47,49,51,55,59	173,175,178,181,183	54,54,55,61,67
YFL030W	AGX1	658,684,710,770,829	981,989,997,999,1002	1052,1102,1151,1163,1175	1076,1076,1076,1102,1127	882,898,914,952,991	1090,1127,1164,1165,1166	618,621,625,645,665
YFL031C-A		100,108,117,124,131	49,64,78,80,82	84,85,86,97,109	78,96,114,116,118	70,79,89,94,100	65,66,68,76,84	111,118,125,126,128
YFL031W	HAC1	276,278,280,291,301	187,191,195,203,212	175,181,188,190,192	186,193,200,207,215	180,185,190,193,196	133,158,183,183,183	262,287,313,314,316
YFL032W		0,0,0,0.5,0.9	0,0,0,0.4,0.8	0.6,1,2,2,3	0,0.4,0.8,0.9,1	0,0,0,0,0	0.8,2,3,4,4	0,0,0,0.7,1
YFL033C	RIM15	11,11,11,11,12	13,14,14,14,14	10,11,12,12,12	12,12,12,13,14	11,11,11,12,12	11,11,11,11,11	11,11,12,12,12
YFL034C-A	RPL22B	139,156,172,182,192	132,152,172,173,174	60,65,71,74,77	189,195,201,211,220	259,271,284,310,336	55,57,59,66,73	116,130,144,146,149
YFL034C-B	MOB2	63,63,63,64,65	50,52,55,55,56	99,102,104,107,110	51,54,57,59,61	51,52,52,52,52	71,75,80,85,90	64,65,65,67,69
YFL034W	MIL1	20,21,22,23,23	21,21,21,21,22	22,23,24,24,24	20,20,20,20,21	15,17,19,19,19	22,22,22,22,23	19,20,20,22,23
YFL036W	RPO41	34,38,41,41,42	45,50,54,55,55	26,27,29,29,30	54,55,55,55,56	52,52,52,55,58	21,21,21,23,25	33,33,34,35,35
YFL037W	TUB2	396,410,424,435,446	249,254,260,265,270	187,188,189,193,197	221,239,257,257,258	209,219,230,230,230	187,187,187,201,215	499,499,500,506,512
YFL038C	YPT1	826,856,887,912,938	877,879,882,890,899	796,820,844,879,913	834,840,845,877,909	792,801,811,811,811	884,897,910,932,955	831,831,832,840,849
YFL039C	ACT1	1119,1154,1189,1203,1216	1158,1160,1162,1179,1195	1094,1118,1143,1194,1246	1292,1292,1292,1312,1332	1342,1342,1342,1361,1380	1026,1040,1053,1069,1084	1131,1134,1138,1145,1151
YFL040W		8,9,9,9,10	9,9,9,9,10	29,30,30,30,31	9,9,9,9,10	7,9,10,11,13	19,20,21,24,27	10,10,10,12,13
YFL041W-A		16,17,17,18,19	13,16,19,23,28	40,41,42,44,46	16,18,20,20,20	11,11,12,14,17	49,52,54,54,54	16,16,17,19,20
YFL041W	FET5	91,91,92,93,95	96,99,102,106,109	157,161,166,168,171	97,103,109,109,109	83,83,83,87,91	162,167,173,184,195	78,80,83,83,84
YFL042C		33,33,34,34,35	41,42,43,44,45	42,46,49,51,52	42,43,45,45,46	32,33,35,35,36	50,51,51,55,58	31,31,31,32,33
YFL044C	OTU1	124,127,130,132,133	129,132,135,138,142	170,175,180,185,191	124,126,128,131,133	101,109,118,118,118	186,190,194,198,202	113,116,120,120,121
YFL045C	SEC53	285,286,286,289,291	160,173,187,190,193	180,182,184,185,185	166,180,195,199,203	138,161,183,184,185	194,200,207,208,209	376,390,403,406,409
YFL046W	FMP32	118,122,127,131,134	122,126,131,143,154	145,147,149,150,152	128,130,132,136,140	106,113,121,129,137	150,153,156,159,162	121,123,126,129,133
YFL047W	RGD2	36,36,36,38,39	41,42,44,44,45	27,28,30,31,32	41,41,41,41,41	40,41,41,42,44	25,26,27,27,27	35,37,38,38,38
YFL048C	EMP47	104,104,104,106,108	95,95,96,105,113	107,108,109,114,119	97,99,102,103,105	79,84,90,92,95	104,105,105,109,112	97,97,97,101,104
YFL049W	SWP82	42,42,42,43,44	44,44,45,46,48	37,37,38,40,41	44,45,45,47,48	40,41,42,43,45	37,38,39,39,39	42,42,42,44,46
YFL050C	ALR2	9,10,10,11,11	14,14,15,16,16	23,24,24,27,29	14,15,16,16,16	15,15,16,16,16	24,24,25,25,26	6,7,8,10,11
YFL051C		16,18,20,22,24	18,19,20,21,21	37,38,39,42,44	18,19,20,23,25	15,15,15,16,16	33,36,38,43,47	24,26,27,27,27
YFL052W		19,20,22,22,23	16,17,18,18,19	29,30,30,31,31	12,13,13,14,15	14,14,15,15,15	25,26,27,29,30	22,22,23,23,23
YFL053W	DAK2	9,9,10,10,10	9,9,10,10,11	11,11,11,12,12	7,7,7,8,8	5,5,5,5,5	11,12,12,13,14	8,9,9,10,10
YFL054C	AQY3	18,18,18,18,19	15,15,16,16,17	54,61,67,69,71	14,14,14,15,16	10,12,13,13,13	54,56,58,59,60	21,21,21,21,22
YFL055W	AGP3	32,33,34,35,37	62,63,63,65,66	170,176,181,185,190	45,47,50,52,54	62,64,67,75,83	230,232,235,239,244	41,44,47,48,50
YFL056C	AAD6	53,55,56,57,59	47,51,55,56,56	199,199,199,209,219	52,53,53,55,56	67,70,72,72,72	203,209,214,225,235	59,60,62,66,70
YFL058W	THI5	6,8,9,9,10	6,6,7,8,9	20,21,21,23,25	6,6,7,8,9	5,5,6,6,6	14,16,18,18,19	8,10,12,12,13
YFL059W	SNZ3	19,19,20,20,21	21,22,22,22,22	58,63,68,73,78	20,21,23,23,23	19,22,24,26,28	54,55,56,56,57	19,20,20,21,21
YFL060C	SNO3	5,5,6,7,7	6,6,6,7,7	13,14,15,16,18	6,7,7,7,7	7,7,8,9,10	7,9,11,12,14	6,7,7,7,8
YFL061W	DDI2	1,2,3,3,3	3,3,3,4,4	4,6,9,10,11	3,3,3,4,6	0.8,2,2,3,4	7,8,8,9,9	1,2,3,3,4
YFL062W	COS4	5,5,6,7,7	5,6,6,6,7	7,7,8,9,10	4,5,5,6,6	7,7,7,8,8	7,8,8,9,9	6,6,6,7,8
YFL063W		0,0,0,0.2,0.4	0,0,0,0.3,0.6	0,0.1,0.3,1,2	0,0.3,0.6,1,2	0,0,0,0,0	0,0.3,0.6,0.8,1	0,0,0,0.4,0.9
YFL064C		1,1,2,2,2	3,3,3,3,3	2,2,3,4,4	3,4,4,8,12	6,6,7,8,9	3,4,4,5,5	0.4,1,3,3,3
YFL065C		0.9,2,3,4,5	5,5,5,7,8	3,3,3,4,5	5,6,8,9,9	9,10,11,12,12	3,4,4,5,6	1,3,4,5,5
YFL066C		3,4,5,5,6	7,7,8,8,8	5,6,7,9,10	8,9,9,10,10	10,10,10,11,11	8,9,9,9,10	5,5,6,7,9
YFL067W		15,16,16,18,21	23,26,30,30,30	21,23,25,26,28	25,25,26,26,26	32,32,33,36,39	24,26,29,32,35	16,16,17,18,19
YFL068W		0,0.5,0.9,1,1	0.5,0.5,0.5,0.6,0.6	0,0.1,0.3,0.6,0.9	0,0.5,1,2,2	0,0.2,0.4,0.5,0.7	0,0.2,0.5,0.9,1	0,0,0,0,0
YFR001W	LOC1	142,144,145,151,157	127,136,145,148,151	239,242,245,247,248	117,126,134,136,137	139,146,152,154,156	201,204,206,208,210	135,140,145,159,172
YFR002W	NIC96	46,48,50,50,50	45,45,46,47,49	46,47,47,47,47	44,46,48,49,49	49,50,51,52,53	41,44,47,47,47	47,47,48,48,48
YFR003C	YPI1	145,146,146,151,157	131,138,145,161,178	145,162,180,180,181	136,147,157,161,165	135,139,142,144,146	166,168,171,177,184	139,140,140,144,149
YFR004W	RPN11	326,330,334,350,366	293,295,297,304,311	475,479,484,487,491	311,313,315,317,319	291,295,298,299,299	498,512,526,529,531	311,317,322,341,361
YFR005C	SAD1	19,19,20,22,25	19,20,22,22,22	30,30,30,33,36	21,22,22,23,23	20,21,22,24,26	36,37,37,39,41	16,18,19,19,20
YFR006W		113,119,126,129,132	100,108,115,120,124	160,162,164,164,165	106,106,107,111,116	89,91,93,96,99	179,184,189,196,203	130,130,131,133,135
YFR007W	YFH7	37,41,45,45,46	59,61,63,66,68	87,88,90,94,97	51,56,62,65,67	51,54,57,57,57	76,76,76,79,82	37,39,41,45,48
YFR008W	FAR7	28,31,34,36,39	32,34,36,37,39	54,60,65,67,70	32,33,35,35,36	29,29,29,32,34	60,66,72,76,79	27,34,41,43,44
YFR009W-A		0,0,0,0,0	0,0,0,0,0	0,0,0,0,0	0,0,0,0,0	0,0,0,0,0	0,0,0,0,0	0,0,0,0,0
YFR009W	GCN20	45,46,47,49,50	44,44,45,47,49	64,65,66,67,67	44,44,45,48,51	49,49,49,51,53	66,66,67,67,68	49,49,50,50,50
YFR010W-A		1,2,2,3,4	5,5,6,6,6	4,4,5,8,11	4,7,11,11,11	3,3,3,4,5	1,1,1,3,6	4,5,6,7,9
YFR010W	UBP6	178,178,179,183,188	166,170,173,178,182	230,231,232,243,254	160,162,164,166,167	148,149,149,150,150	251,257,264,269,274	174,174,174,188,202
YFR011C		270,287,305,308,311	289,296,304,313,322	222,226,230,234,238	317,319,320,327,334	319,321,324,342,359	168,178,188,191,193	291,301,311,313,315
YFR012W-A		25,27,29,32,34	18,20,22,22,22	19,30,40,41,43	8,14,21,24,27	6,13,21,24,26	32,33,34,35,35	15,25,36,36,37
YFR012W	DCV1	8,8,8,8,9	7,7,7,9,10	21,24,26,27,27	7,7,7,8,9	4,7,9,9,9	16,18,20,21,22	7,10,13,13,14
YFR013W	IOC3	42,42,43,44,45	38,40,42,45,48	46,46,46,46,46	38,40,43,43,43	38,38,38,39,39	47,48,49,50,50	42,43,44,45,46
YFR014C	CMK1	78,78,78,79,79	79,80,80,86,91	127,129,130,135,140	77,78,79,81,83	80,83,85,87,89	117,118,119,125,131	73,74,75,78,82
YFR015C	GSY1	45,46,46,50,54	42,44,45,47,49	51,52,53,58,62	37,40,43,44,45	32,36,39,40,42	45,46,47,48,50	45,45,45,48,52
YFR016C		40,41,42,46,50	47,48,49,52,54	33,34,35,35,35	43,46,49,51,53	47,47,47,48,50	32,33,34,35,37	42,42,43,45,46
YFR017C	IGD1	145,150,155,163,171	140,145,151,156,162	134,139,143,150,157	128,132,136,140,145	99,102,105,110,115	105,111,117,131,146	135,143,151,154,157
YFR018C		86,87,88,98,109	87,88,90,92,95	90,92,94,95,96	91,92,93,103,112	88,90,92,95,98	96,97,97,99,100	84,86,88,91,95
YFR019W	FAB1	14,14,15,15,15	13,13,13,14,14	12,12,12,13,13	12,12,12,12,13	11,11,11,12,12	11,11,12,12,13	17,17,17,18,19
YFR020W	CSS2	136,146,156,165,174	134,141,147,149,151	287,293,299,299,299	128,139,150,156,162	119,126,133,140,148	326,329,333,338,343	134,146,158,168,178
YFR021W	ATG18	34,34,35,35,35	32,35,39,39,39	46,46,46,48,50	33,34,34,35,36	32,32,33,33,33	46,46,47,49,50	34,35,36,37,37
YFR022W	ROG3	15,16,16,17,17	18,19,20,21,22	31,32,32,33,33	17,18,18,18,19	14,14,14,15,16	33,33,33,36,38	15,15,15,16,18
YFR023W	PES4	4,5,5,6,8	4,5,5,6,6	9,10,11,12,12	5,5,6,6,6	5,5,5,6,6	11,11,11,11,11	6,7,7,8,8
YFR024C-A	LSB3	176,182,188,193,197	192,194,195,198,200	181,182,183,191,199	188,189,190,194,198	155,156,157,163,169	196,202,209,217,224	169,173,176,179,183
YFR025C	HIS2	126,129,132,135,137	122,123,125,129,132	106,106,106,109,111	116,119,122,126,130	104,105,106,109,111	115,116,118,123,128	126,132,139,139,140
YFR026C	ULI1	17,18,19,19,19	16,18,19,23,28	32,35,38,40,42	12,13,14,15,16	16,19,21,21,21	40,43,47,49,51	20,20,20,21,22
YFR027W	ECO1	28,29,31,32,34	22,23,23,26,28	45,46,48,50,53	22,23,24,27,31	28,32,37,37,38	42,45,47,48,49	29,33,37,37,37
YFR028C	CDC14	74,76,79,80,82	61,63,65,65,65	48,48,48,49,49	57,58,60,63,66	52,54,56,58,60	42,43,44,44,44	71,75,79,80,81
YFR029W	PTR3	44,44,44,45,45	45,45,45,47,49	50,52,53,54,54	38,38,39,41,43	37,37,37,38,39	50,54,57,58,59	39,39,39,40,41
YFR030W	MET10	185,187,189,197,205	303,304,305,312,319	334,344,354,367,381	250,262,274,274,274	317,319,320,333,346	394,404,414,417,420	297,298,299,302,305
YFR031C-A	RPL2A	375,414,454,463,473	420,438,456,464,472	223,235,246,253,260	440,451,463,466,468	501,535,569,585,601	193,194,195,210,226	348,358,368,383,398
YFR031C	SMC2	21,21,21,22,23	18,19,19,20,20	16,16,16,17,17	17,18,18,18,19	17,18,19,20,20	14,15,15,15,15	22,23,24,25,25
YFR032C-A	RPL29	526,545,564,582,600	426,500,575,587,600	296,324,352,374,396	527,546,565,593,622	742,806,871,876,882	227,238,250,252,255	536,551,566,578,589
YFR032C-B		7,8,8,10,11	4,4,5,5,5	1,3,4,5,5	2,5,8,9,9	7,8,8,10,12	4,5,5,6,6	4,6,7,8,10
YFR032C	RRT5	0.8,1,1,2,2	0.1,0.2,0.2,0.3,0.4	0.3,0.5,0.7,1,1	0,0.1,0.1,0.4,0.6	0,0.4,0.7,0.9,1	0.3,0.5,0.7,0.7,0.8	0,0.2,0.5,0.5,0.5
YFR033C	QCR6	3045,3070,3096,3136,3177	3434,3460,3486,3932,4378	1425,1534,1643,1647,1652	3280,3318,3356,3844,4332	3544,3544,3544,3896,4248	1464,1474,1483,1580,1676	2839,2948,3057,3176,3294
YFR034C	PHO4	98,98,98,104,110	98,102,107,109,112	65,66,66,69,72	103,104,105,108,112	93,99,105,105,105	67,69,70,72,74	84,85,86,88,91
YFR034W-A		2,3,4,4,4	2,2,3,3,4	1,1,2,3,5	3,4,4,4,4	0,0,0,0.8,2	0.8,2,3,3,3	0,0.8,2,3,4
YFR035C		61,66,72,72,72	35,38,42,45,48	25,26,28,29,31	39,45,50,57,64	44,46,48,49,51	26,30,34,38,43	57,62,68,70,73
YFR036W-A		0,0,0,0.1,0.3	0,0,0,0.6,1	0,0,0,0.5,1	0,0,0,0.3,0.5	0.3,0.5,0.6,0.6,0.7	0,0,0,0.5,0.9	0,0.1,0.3,0.4,0.5
YFR036W	CDC26	66,69,72,72,72	77,80,84,86,87	74,77,81,82,82	73,73,74,80,85	65,67,70,76,82	72,79,86,91,96	60,66,72,78,84
YFR037C	RSC8	82,84,85,86,87	69,69,69,70,72	68,68,68,68,68	78,78,78,79,81	73,74,76,78,79	55,58,62,62,63	81,82,82,84,85
YFR038W	IRC5	26,27,28,28,28	28,29,30,30,30	31,32,33,35,37	26,27,27,27,28	24,26,27,28,30	31,32,33,33,33	25,26,27,27,28
YFR039C	OSW7	59,60,61,63,65	53,54,55,56,57	59,61,62,63,64	51,53,54,54,54	46,47,48,51,54	61,61,61,62,63	57,58,58,59,60
YFR040W	SAP155	53,55,56,57,58	55,55,55,58,61	39,40,41,42,43	54,55,55,56,57	58,58,58,61,63	39,40,40,41,41	50,52,54,55,56
YFR041C	ERJ5	57,58,59,65,71	52,54,57,57,58	38,42,47,48,48	51,52,52,56,60	58,61,63,66,68	37,42,46,47,47	59,63,66,67,69
YFR042W	KEG1	93,94,95,104,114	89,96,102,107,112	106,107,107,108,110	85,87,88,94,99	78,84,90,92,94	103,109,115,121,127	92,94,96,98,100
YFR043C	IRC6	58,59,60,61,62	66,67,69,72,74	72,72,72,77,81	63,63,64,64,65	47,49,52,55,59	75,77,78,79,79	51,52,52,53,54
YFR044C	DUG1	156,160,164,164,164	132,136,141,145,148	217,221,225,230,236	132,137,141,149,157	117,125,132,133,134	231,240,248,254,260	149,151,153,155,157
YFR045W		39,41,43,46,49	58,59,59,62,66	52,53,53,54,55	56,56,57,59,62	52,54,57,57,58	47,49,52,52,52	37,38,39,40,40
YFR046C	CNN1	23,24,25,27,29	25,28,31,32,34	33,35,36,37,37	24,24,24,26,27	22,23,24,27,31	38,39,41,41,42	25,26,26,27,27
YFR047C	BNA6	115,116,116,122,128	133,137,141,142,143	166,169,172,184,196	139,141,144,146,148	126,131,136,138,140	174,177,179,187,194	124,125,126,126,126
YFR048W	RMD8	27,27,28,28,29	31,32,32,34,35	30,31,31,32,32	29,30,31,33,34	26,27,27,27,28	30,30,30,30,31	28,28,29,29,29
YFR049W	YMR31	503,504,505,514,524	613,614,615,622,629	487,494,500,516,531	571,597,622,634,645	547,549,551,564,577	462,469,477,495,514	485,487,489,495,502
YFR050C	PRE4	440,444,448,463,477	395,423,450,453,456	485,504,523,527,531	438,444,451,462,473	409,419,429,447,466	589,589,589,592,595	397,398,399,399,399
YFR051C	RET2	117,118,118,119,120	103,109,115,118,121	126,126,127,131,136	111,113,114,119,123	119,119,120,123,126	127,129,131,137,143	117,117,117,125,134
YFR052C-A		7,8,9,10,11	6,6,7,7,8	10,11,11,14,17	8,9,10,10,11	6,6,7,9,10	3,6,8,8,8	4,6,8,8,8
YFR052W	RPN12	284,287,289,290,290	271,275,278,281,283	248,258,268,273,277	250,264,278,291,303	256,258,260,269,279	262,275,288,293,297	257,265,274,275,275
YFR053C	HXK1	61,65,68,69,70	118,120,122,126,129	180,181,181,199,216	135,141,147,147,147	151,160,170,172,173	109,110,110,116,121	56,56,57,66,75
YFR054C		5,5,6,7,9	2,4,6,6,6	5,6,7,7,8	3,4,6,6,6	3,4,4,4,4	7,8,8,9,11	3,3,4,5,6
YFR055W	IRC7	11,13,14,14,15	12,13,14,15,17	19,20,21,21,22	15,15,15,15,16	12,13,14,15,16	18,18,19,19,20	11,11,11,13,14
YFR056C		5,5,5,5,5	2,4,6,7,7	9,10,10,11,13	0.7,3,5,6,8	4,5,7,7,8	9,10,10,10,11	3,4,6,6,6
YFR057W		0.4,0.5,0.6,0.8,1	0.6,1,2,3,3	0.3,0.4,0.5,0.9,1	0.6,0.7,0.9,2,2	0,0.7,1,2,2	0.5,0.5,0.5,1,2	0,0.3,0.6,1,1
YGL001C	ERG26	119,122,126,130,133	133,135,138,142,147	162,170,178,182,186	129,136,143,147,150	122,126,130,138,146	176,182,187,188,188	118,121,124,129,134
YGL002W	ERP6	79,82,84,86,88	70,78,86,90,94	201,212,222,222,222	69,73,78,83,88	67,72,77,80,82	225,231,237,242,247	78,81,83,87,90
YGL003C	CDH1	30,30,30,31,32	31,32,32,34,37	44,46,48,49,49	33,34,34,34,34	29,29,30,31,31	48,48,49,50,52	29,30,30,32,33
YGL004C	RPN14	37,38,38,39,41	42,42,42,43,45	47,51,55,57,59	36,37,38,41,44	38,40,41,43,45	46,48,51,53,55	38,39,40,40,41
YGL005C	COG7	82,86,89,91,94	89,93,96,96,97	119,123,127,128,128	84,89,94,94,94	80,90,99,99,100	104,109,115,118,122	82,87,91,92,93
YGL006W-A		28,36,44,46,48	31,32,33,34,35	34,43,52,57,62	23,26,28,28,29	23,25,26,31,35	37,38,39,45,50	32,34,35,40,45
YGL006W	PMC1	52,53,55,55,56	49,52,55,56,56	73,73,74,74,74	51,53,55,56,57	50,52,54,55,56	68,69,70,70,70	49,51,52,52,52
YGL007C-A		2,6,9,12,16	0,3,6,8,10	5,14,23,26,29	6,7,8,13,18	3,5,6,9,11	16,21,26,30,35	3,3,3,9,15
YGL007W	BRP1	4,5,6,7,8	3,4,6,7,9	10,11,11,12,13	5,6,6,9,12	4,5,5,10,15	7,7,7,8,9	4,5,6,10,13
YGL008C	PMA1	1977,2047,2116,2135,2153	2021,2224,2426,2426,2426	350,351,352,372,392	2003,2133,2264,2336,2409	1526,1538,1550,1562,1573	251,272,293,301,309	1792,1806,1819,1819,1819
YGL009C	LEU1	369,389,410,414,418	396,399,401,416,430	154,154,155,156,158	397,403,409,422,435	399,400,402,403,403	152,157,162,168,174	363,370,377,380,383
YGL010W	MPO1	102,105,109,123,137	103,109,114,119,124	220,228,235,242,249	101,105,109,112,115	91,93,94,96,98	225,232,238,239,241	107,111,115,122,129
YGL011C	SCL1	538,541,544,564,583	480,481,482,496,510	454,458,462,469,476	506,507,509,509,509	471,486,500,508,516	478,485,493,493,494	515,528,541,547,554
YGL012W	ERG4	221,224,226,227,228	166,176,185,187,189	105,107,110,111,111	160,174,188,189,190	163,166,168,173,178	106,109,111,112,112	209,231,253,257,262
YGL013C	PDR1	55,56,57,59,60	50,51,51,52,52	43,43,44,45,46	49,50,51,51,52	42,45,49,49,50	45,46,46,46,47	59,60,61,62,62
YGL014C-A		0,0,0,0,0	0,0,0,0,0	0,0,0,0,0	0,0,0,0,0	0,0,0,0,0	0,0,0,0,0	0,0,0,0,0
YGL014W	PUF4	58,59,61,63,66	57,57,58,59,60	77,77,78,79,79	54,54,55,56,57	49,49,49,53,58	69,72,76,78,80	64,66,67,68,68
YGL015C		1,2,2,3,3	2,2,2,3,3	4,5,6,6,6	2,2,2,3,5	1,2,2,3,4	2,2,3,4,4	3,3,4,4,5
YGL016W	KAP122	17,18,19,20,20	17,17,18,19,20	22,22,22,22,22	18,18,18,19,20	16,17,17,18,18	21,22,22,24,25	17,17,18,19,20
YGL017W	ATE1	20,21,22,23,25	18,19,19,19,20	35,39,42,42,43	18,18,19,20,22	15,16,17,19,21	35,37,39,40,41	18,19,19,22,25
YGL018C	JAC1	66,67,68,71,73	81,84,86,91,95	79,80,81,84,86	91,93,94,96,99	84,85,85,85,85	62,63,64,66,68	58,66,73,77,80
YGL019W	CKB1	129,129,129,132,135	123,125,127,127,128	145,153,161,161,161	120,121,122,126,131	102,106,110,111,112	160,164,168,169,169	120,126,131,133,135
YGL020C	GET1	108,109,110,113,117	86,87,89,94,99	95,98,102,105,108	91,93,94,95,95	81,87,93,94,94	104,105,106,106,107	110,113,115,118,120
YGL021W	ALK1	153,153,153,155,157	157,161,164,169,174	38,39,40,40,41	138,142,146,147,147	68,68,68,77,85	39,39,40,42,43	115,119,124,125,126
YGL022W	STT3	107,112,116,117,118	100,103,106,107,109	102,102,103,104,106	107,110,113,114,114	104,109,114,115,117	104,105,106,106,107	109,117,125,127,128
YGL023C	PIB2	98,98,98,99,101	98,99,100,100,101	84,86,88,89,91	90,96,101,103,106	82,87,91,93,95	96,97,98,100,101	88,91,93,94,95
YGL024W		0,0,0,0,0	0,0,0,0.4,0.9	0,0.5,1,1,1	0,0,0,0,0	0,0,0,0.5,1	0,0.4,0.8,1,1	0,0,0,0,0
YGL025C	PGD1	31,32,34,35,37	31,33,35,36,37	41,41,41,41,42	34,35,37,38,38	32,33,34,35,37	40,41,43,46,50	27,30,33,35,37
YGL026C	TRP5	213,218,222,228,233	172,177,183,195,208	244,247,250,258,265	178,179,180,189,199	157,160,164,168,172	271,288,304,310,316	219,223,227,227,228
YGL027C	CWH41	37,41,45,46,47	39,40,40,43,45	47,48,50,52,54	43,44,44,45,47	45,45,46,49,51	54,54,55,56,57	44,44,45,47,50
YGL028C	SCW11	17,18,20,21,23	24,24,24,25,25	16,16,17,18,20	75,76,76,85,94	315,327,339,344,349	13,14,16,16,16	18,20,21,22,23
YGL029W	CGR1	59,75,92,97,103	72,72,72,80,88	66,71,75,77,78	61,70,78,86,94	106,109,111,121,130	41,44,47,63,78	67,69,71,73,75
YGL030W	RPL30	851,977,1104,1112,1119	905,1003,1101,1122,1143	815,815,815,831,847	1034,1123,1212,1226,1241	1363,1565,1768,1817,1865	653,658,663,668,673	931,969,1007,1034,1061
YGL031C	RPL24A	474,534,593,611,628	566,602,638,644,649	465,466,466,489,511	607,617,628,643,659	874,921,967,986,1005	376,383,389,397,405	493,520,548,578,609
YGL032C	AGA2	82,84,86,86,87	165,168,172,174,177	1073,1136,1198,1227,1256	207,222,238,254,270	411,436,460,476,491	813,837,860,870,879	71,74,77,83,89
YGL033W	HOP2	8,9,10,10,10	7,7,8,8,8	34,35,36,42,49	6,6,6,7,8	8,8,8,9,10	22,24,26,27,28	18,18,19,20,21
YGL034C		2,3,4,4,4	2,2,2,2,2	7,7,7,9,11	2,2,3,3,4	2,2,2,4,5	8,8,8,10,11	2,3,4,4,4
YGL035C	MIG1	45,45,46,46,47	45,46,47,48,49	51,51,51,51,51	55,56,57,59,60	89,90,91,93,96	41,44,48,48,48	46,46,46,50,53
YGL036W		33,35,36,36,37	35,36,37,37,38	39,39,39,40,41	29,30,31,31,31	28,28,28,29,29	37,38,39,41,43	34,36,38,39,39
YGL037C	PNC1	299,303,308,317,326	368,374,380,384,387	349,362,376,378,380	363,366,370,373,377	315,327,339,358,377	314,323,332,352,372	302,307,313,315,317
YGL038C	OCH1	35,36,37,38,39	34,37,40,41,42	49,50,50,54,57	42,42,42,42,43	47,50,53,53,54	49,50,51,53,54	36,37,39,40,41
YGL039W		42,42,43,44,46	45,45,45,48,50	46,49,52,54,57	39,42,45,46,48	37,39,42,44,46	37,41,45,48,51	35,38,42,44,45
YGL040C	HEM2	283,289,296,302,308	389,390,390,392,393	191,196,201,217,234	390,398,406,418,430	394,400,407,409,410	150,153,155,160,165	276,281,287,291,295
YGL041C		0,0,0,0,0	0,0,0,0,0	0,0,0,0,0	0,0,0,0,0	0,0,0,0,0	0,0,0,0,0	0,0,0,0,0
YGL041C-B		1,1,1,2,3	0,1,3,3,3	0,1,2,2,3	0,0,0,0,0	0,0.6,1,1,1	0,0.7,1,3,4	1,1,2,2,2
YGL041W-A		29,33,38,40,43	45,46,47,49,51	36,39,42,42,43	40,40,41,44,48	35,37,40,42,45	32,35,38,38,39	36,38,39,39,39
YGL042C		22,24,26,26,27	20,21,21,22,23	26,27,27,29,31	20,25,29,30,30	15,17,20,22,25	22,24,27,29,32	18,19,20,20,21
YGL043W	DST1	66,69,72,73,74	64,65,66,67,69	57,58,58,63,68	65,66,67,67,68	66,67,68,76,84	59,60,62,62,62	66,71,76,77,78
YGL044C	RNA15	64,64,64,66,68	57,59,61,65,69	57,59,60,60,61	65,66,66,68,70	60,63,66,69,73	54,56,59,61,62	65,65,66,67,68
YGL045W	RIM8	22,22,22,23,23	29,29,29,30,32	25,27,29,31,34	28,28,29,30,31	25,27,28,29,29	27,30,33,34,35	25,25,26,26,26
YGL047W	ALG13	49,54,58,59,60	50,51,53,55,57	61,66,72,75,79	53,54,55,57,59	40,43,45,45,45	85,86,87,88,89	48,50,52,56,60
YGL048C	RPT6	302,308,314,321,327	264,268,272,280,288	374,374,375,380,385	270,273,277,279,282	244,251,257,264,270	416,419,421,426,431	302,305,308,316,323
YGL049C	TIF4632	35,36,37,38,39	36,37,38,39,39	40,42,43,44,44	35,36,36,36,37	33,34,35,36,38	34,35,36,36,36	38,40,41,41,41
YGL050W	TYW3	57,59,60,62,63	63,64,65,71,77	61,63,66,66,67	63,66,68,69,71	58,61,63,64,64	64,67,69,70,71	49,53,57,57,58
YGL051W	MST27	8,9,10,11,12	9,11,13,13,13	27,27,28,28,29	11,11,11,12,13	9,10,10,11,12	21,22,22,28,33	9,10,10,11,12
YGL052W		20,20,20,23,26	17,19,21,25,29	47,48,49,52,55	17,19,21,22,22	17,19,21,21,21	52,54,55,59,64	14,16,18,18,19
YGL053W	PRM8	58,59,59,61,62	74,75,76,76,76	107,109,111,115,118	62,70,79,83,88	71,71,72,73,75	93,99,105,108,111	54,54,54,55,56
YGL054C	ERV14	484,485,487,495,503	365,403,441,449,456	448,466,485,505,526	361,400,439,440,440	353,359,364,387,410	470,474,478,484,490	477,480,483,489,494
YGL055W	OLE1	143,176,208,219,230	511,515,519,601,683	1536,1536,1536,1590,1643	787,840,893,905,917	1047,1060,1073,1090,1107	1267,1307,1348,1419,1490	100,113,126,133,140
YGL056C	SDS23	194,197,199,201,203	191,192,193,194,196	334,351,367,371,374	189,192,194,195,195	186,188,190,190,191	344,348,353,360,368	186,188,190,190,190
YGL057C	GEP7	49,49,50,50,50	43,43,44,49,53	37,40,42,45,48	35,40,44,46,47	34,36,38,38,38	38,38,39,40,41	43,45,47,47,48
YGL058W	RAD6	182,189,195,196,197	171,178,185,185,186	196,198,199,203,207	173,174,176,179,182	170,171,172,172,172	194,200,206,210,214	181,185,190,193,197
YGL059W	PKP2	83,84,85,91,97	81,84,88,88,89	116,117,119,122,126	72,73,74,76,78	63,64,65,69,73	135,136,136,137,138	86,87,87,89,90
YGL060W	YBP2	27,27,27,28,28	26,27,27,28,28	34,34,35,36,37	21,23,26,26,26	28,28,28,29,30	30,33,36,36,37	30,31,31,31,31
YGL061C	DUO1	52,54,55,56,56	43,43,43,43,44	26,28,29,30,31	40,42,45,50,55	46,50,54,55,55	21,21,22,23,24	58,59,60,60,60
YGL062W	PYC1	779,806,833,879,926	710,747,785,806,828	555,556,556,572,589	663,666,668,685,701	465,472,480,488,496	610,631,652,663,675	745,750,755,796,837
YGL063C-A		0,0,0,0,0	0,0,0,0,0	0,0,0,0,0	0,0,0,0,0	0,0,0,0,0	0,0,0,0,0	0,0,0,0,0
YGL063W	PUS2	16,16,17,17,17	15,15,15,16,17	14,14,15,16,17	15,16,17,18,19	17,18,18,18,18	16,16,16,16,16	14,14,15,16,16
YGL064C	MRH4	21,23,25,27,28	31,31,32,32,32	15,16,18,19,20	32,32,32,34,35	32,35,38,39,39	16,16,17,18,19	23,24,26,27,27
YGL065C	ALG2	54,54,55,56,57	40,41,41,44,48	60,61,61,66,72	41,41,42,47,51	38,39,40,43,45	58,61,64,68,72	60,61,61,61,62
YGL066W	SGF73	43,44,45,46,47	49,49,49,51,53	37,39,42,43,44	44,46,47,48,48	49,49,49,51,54	41,44,46,47,47	42,42,43,44,45
YGL067W	NPY1	50,53,56,57,58	57,62,66,66,67	65,70,75,76,77	62,64,65,66,68	54,55,56,56,57	69,71,73,74,76	56,57,58,60,61
YGL068W	MNP1	52,53,54,57,59	70,76,82,83,83	49,51,53,53,53	70,74,78,81,83	62,66,70,77,83	29,32,36,41,45	51,52,53,57,61
YGL069C		0,0,0,0.2,0.4	0,0,0,0.3,0.6	0,0.1,0.3,0.9,2	0,0,0,0.2,0.4	0,0,0,0.2,0.3	0.5,0.5,0.5,0.6,0.6	0,0,0,0,0
YGL070C	RPB9	143,148,154,156,159	119,129,138,140,142	105,109,112,122,132	120,127,133,136,138	131,131,132,132,132	81,98,114,116,119	148,150,151,163,176
YGL071W	AFT1	32,33,34,34,34	36,36,36,39,42	37,38,39,41,43	37,38,38,38,39	40,40,41,41,42	40,40,40,40,40	33,33,33,34,34
YGL072C		0,0,0,0.3,0.6	0,0,0,0,0	0,0,0,0.4,0.9	0,0,0,0,0	0,0,0,0.4,0.7	0,0,0,0,0	0,0,0,0,0
YGL073W	HSF1	55,56,56,58,60	52,54,55,60,65	59,61,62,62,62	49,51,52,53,54	50,51,52,54,55	64,66,67,68,68	51,53,55,55,56
YGL074C		6,6,7,8,9	10,11,13,14,16	9,9,9,10,10	6,9,12,12,12	8,9,9,11,12	7,9,10,13,16	10,10,11,11,12
YGL075C	MPS2	12,12,12,13,15	13,13,14,14,15	27,28,28,28,29	10,11,12,13,13	13,13,13,14,14	29,29,30,30,30	13,14,16,17,17
YGL076C	RPL7A	373,415,457,466,474	383,425,467,480,493	253,255,257,271,285	429,454,478,491,504	549,585,621,655,689	193,198,202,214,225	389,395,401,426,451
YGL077C	HNM1	242,243,244,256,268	206,212,219,220,221	324,335,346,350,354	229,233,238,239,241	209,222,235,241,248	323,326,329,342,355	233,237,241,244,247
YGL078C	DBP3	49,61,73,74,74	49,51,54,56,58	71,77,82,85,88	51,56,60,62,63	80,82,84,89,94	65,65,65,71,77	51,54,58,59,60
YGL079W	KXD1	45,46,47,50,54	50,53,56,57,58	60,61,61,62,63	50,54,59,63,68	53,55,56,56,57	60,60,61,63,66	46,47,48,53,58
YGL080W	MPC1	330,335,339,341,342	288,295,302,322,341	1672,1703,1734,1758,1782	294,294,294,300,305	276,294,313,322,332	1531,1535,1538,1610,1683	329,346,363,373,384
YGL081W		19,19,20,20,20	17,19,22,23,24	45,46,47,47,47	13,15,16,17,17	15,15,15,16,17	35,37,39,40,40	23,23,23,23,24
YGL082W		66,67,69,74,79	70,70,70,78,86	71,72,72,76,79	66,67,67,68,70	51,57,63,64,66	67,67,67,70,72	70,70,70,74,77
YGL083W	SCY1	31,31,31,31,31	23,24,26,27,28	23,23,23,23,24	24,24,24,25,26	19,20,20,21,22	21,22,24,24,25	33,33,34,34,34
YGL084C	GUP1	78,79,80,82,84	83,85,86,87,87	91,92,93,97,101	83,83,83,86,90	79,79,79,80,81	92,95,97,99,101	76,77,78,80,83
YGL085W	LCL3	59,60,62,66,70	55,56,57,59,61	74,77,80,82,84	49,49,49,51,53	47,47,47,48,49	88,88,88,90,92	55,58,61,61,61
YGL086W	MAD1	28,29,31,31,31	26,26,27,27,27	21,22,23,24,26	25,26,26,27,29	25,25,26,27,28	22,22,23,24,26	26,28,30,31,33
YGL087C	MMS2	198,208,219,224,229	236,239,242,250,258	162,169,176,177,177	202,212,221,224,227	157,164,171,179,186	179,179,180,184,187	207,208,210,214,219
YGL088W		0,0,0,0,0	0,0,0,0.3,0.7	0,0,0,0,0	0,0,0,0,0	0,0,0,0.3,0.7	0,0,0,0.7,1	0,0,0,0,0
YGL089C	MF(ALPHA)2	18,18,18,19,21	13,16,19,20,22	27,30,33,35,37	14,17,21,21,21	20,22,24,25,26	25,26,28,29,31	22,22,22,24,27
YGL090W	LIF1	25,27,30,31,31	33,34,35,36,36	40,41,43,46,49	27,29,32,33,34	27,28,29,30,32	44,44,45,45,45	29,30,31,32,32
YGL091C	NBP35	71,72,74,74,74	60,62,65,70,76	106,107,107,112,117	64,65,65,67,69	53,57,62,63,64	109,113,117,120,123	76,78,79,79,80
YGL092W	NUP145	34,36,38,38,39	31,32,33,34,36	35,36,38,39,40	30,32,33,34,35	33,34,34,34,34	29,31,33,34,34	35,37,38,38,39
YGL093W	SPC105	34,35,36,37,37	23,24,24,25,25	21,22,22,23,24	22,22,22,22,23	21,21,21,21,21	22,23,23,24,24	40,40,40,42,44
YGL094C	PAN2	29,29,30,30,31	22,22,22,23,25	23,24,26,26,26	22,22,22,22,23	23,23,24,24,25	26,26,26,27,29	30,31,32,33,35
YGL095C	VPS45	50,54,59,59,60	64,64,64,65,66	75,75,75,77,78	63,63,63,64,65	54,55,55,57,59	83,83,83,85,87	53,53,54,58,62
YGL096W	TOS8	37,40,43,43,44	35,39,43,44,44	46,49,52,54,55	34,36,39,43,48	52,53,53,53,53	57,58,59,62,66	37,39,42,43,44
YGL097W	SRM1	120,121,123,127,131	88,89,90,96,103	73,73,73,74,74	88,89,89,92,95	81,82,83,89,95	65,66,66,71,76	125,128,131,131,131
YGL098W	USE1	74,76,79,80,81	72,73,74,79,84	88,89,90,91,92	67,68,68,77,87	72,72,72,73,75	94,97,99,101,103	60,66,73,75,77
YGL099W	LSG1	29,31,34,36,39	24,28,32,32,32	33,37,40,40,40	28,29,31,31,32	30,31,31,32,33	27,28,29,31,32	26,28,30,31,32
YGL100W	SEH1	119,123,126,130,134	115,115,115,119,123	76,79,81,81,82	114,119,123,124,125	100,101,101,105,109	79,84,88,91,93	118,122,126,127,128
YGL101W		100,107,115,119,122	71,73,75,81,88	71,76,81,83,84	62,65,67,72,77	63,64,65,66,66	75,76,76,81,85	116,122,128,130,133
YGL102C		2,4,5,5,6	4,4,5,5,6	1,2,2,3,3	4,4,4,5,5	8,8,9,9,10	0.5,0.6,0.7,1,2	4,5,5,5,6
YGL103W	RPL28	35,36,37,42,48	22,24,25,26,27	13,14,15,16,16	27,31,35,36,37	30,36,42,46,50	13,13,14,15,16	30,31,31,33,35
YGL104C	VPS73	20,23,25,25,26	28,29,30,32,33	35,37,39,39,39	26,26,26,27,28	22,23,23,23,23	41,44,46,46,46	23,23,24,24,25
YGL105W	ARC1	280,288,297,299,301	299,308,318,323,328	254,255,256,262,269	307,313,318,323,327	340,348,355,357,359	260,266,272,273,274	279,279,280,282,283
YGL106W	MLC1	415,432,448,455,461	383,383,383,389,395	375,389,403,409,416	364,364,364,365,366	339,340,342,363,384	395,395,396,406,415	391,395,399,404,408
YGL107C	RMD9	57,60,64,67,69	87,89,92,96,101	66,66,66,67,67	84,89,94,96,99	95,95,96,98,101	48,49,50,51,52	56,56,56,56,57
YGL108C		50,51,52,52,53	30,41,51,56,61	23,31,39,40,42	46,47,48,52,56	41,48,56,60,64	38,38,38,42,46	47,47,48,49,50
YGL109W		9,9,9,11,13	5,6,6,6,7	3,3,3,6,9	6,7,8,10,11	5,6,7,10,13	7,8,9,9,9	4,6,7,7,8
YGL110C	CUE3	33,34,35,35,36	39,39,40,41,41	34,34,35,35,35	36,37,37,39,40	32,34,36,37,38	35,35,35,36,37	33,34,34,35,35
YGL111W	NSA1	42,46,50,52,54	44,45,47,49,50	58,58,59,60,62	43,45,48,50,52	53,54,55,58,60	48,49,50,53,57	42,46,49,52,55
YGL112C	TAF6	82,84,85,86,87	71,71,72,72,73	80,82,83,83,84	71,73,75,76,77	66,67,69,69,69	89,89,90,92,94	83,86,88,89,90
YGL113W	SLD3	20,21,21,22,23	21,22,23,24,26	26,27,28,29,29	22,22,23,23,23	20,21,22,22,22	26,27,27,28,29	18,20,22,23,23
YGL114W		61,62,64,65,67	63,63,64,67,70	79,81,82,84,85	60,61,63,64,65	50,50,50,51,51	87,88,89,89,89	62,64,67,69,70
YGL115W	SNF4	128,131,134,134,134	127,128,129,134,139	116,117,117,121,124	122,132,141,141,142	117,119,120,121,121	113,118,123,128,133	124,129,134,134,135
YGL116W	CDC20	35,35,35,37,39	76,79,82,83,84	36,39,43,45,47	84,84,85,86,87	59,61,62,63,64	44,45,46,47,48	28,29,31,32,33
YGL117W		420,446,472,489,506	392,425,457,469,480	505,509,513,518,522	369,373,377,397,417	243,266,288,312,335	608,643,678,695,711	467,510,553,557,561
YGL118C		3,4,4,4,4	2,3,3,4,6	3,4,4,5,5	3,3,3,3,3	3,3,3,3,4	2,4,5,6,6	4,4,4,5,7
YGL119W	COQ8	38,38,38,40,43	49,50,50,51,52	35,37,38,39,39	46,46,46,48,50	39,40,42,43,45	36,36,36,38,39	39,40,41,41,42
YGL120C	PRP43	26,28,30,31,33	23,24,24,26,27	15,16,17,18,19	29,30,30,30,30	38,39,39,42,44	8,9,10,10,10	26,26,26,27,28
YGL121C	GPG1	103,106,110,115,120	160,161,162,166,171	316,319,322,327,332	196,199,203,209,215	172,175,178,183,188	286,296,306,317,328	105,109,112,121,130
YGL122C	NAB2	88,90,92,93,93	73,75,76,78,79	159,162,165,168,172	74,75,76,76,77	79,79,80,81,81	160,160,160,162,164	100,101,103,106,108
YGL123C-A		0,0,0,0,0	0,0,0,0,0	0,0,0,0,0	0,0,0,0,0	0,0,0,0,0	0,0,0,0,0	0,0,0,0,0
YGL123W	RPS2	496,558,621,622,623	482,519,556,597,638	289,300,312,327,342	555,593,630,649,668	740,818,896,901,905	255,267,279,282,285	489,512,535,546,557
YGL124C	MON1	28,29,29,30,31	33,33,33,34,36	29,29,30,31,32	30,31,31,32,33	26,27,28,28,29	29,29,29,31,32	28,29,29,30,31
YGL125W	MET13	114,118,121,124,127	123,129,135,137,139	185,186,187,201,216	118,119,120,124,129	135,135,135,138,140	237,241,246,255,265	137,137,138,142,146
YGL126W	SCS3	57,58,58,59,60	58,60,62,66,71	74,77,81,83,86	62,63,63,65,68	61,66,70,70,70	65,68,71,72,72	48,54,60,63,65
YGL127C	SOH1	92,97,103,103,103	98,102,105,105,106	151,152,153,158,162	101,106,112,113,114	97,97,98,104,109	135,136,137,137,137	97,97,98,101,105
YGL128C	CWC23	37,38,39,40,42	38,39,41,41,41	49,52,55,55,55	36,36,37,37,37	25,27,29,30,30	47,51,54,54,54	40,42,43,43,44
YGL129C	RSM23	72,80,87,88,90	120,121,122,127,132	70,75,80,81,83	119,124,129,131,133	123,129,135,141,147	51,53,55,57,59	80,81,83,85,88
YGL130W	CEG1	58,58,59,60,60	44,47,49,52,55	75,77,79,82,84	45,47,50,50,50	41,42,43,43,44	79,80,81,82,82	55,57,58,58,59
YGL131C	SNT2	10,11,12,13,13	11,11,12,12,12	13,13,13,14,14	10,11,12,12,12	9,9,10,10,11	12,13,13,13,14	11,12,12,13,13
YGL132W		1,2,2,2,2	0.8,2,2,3,4	0.7,0.9,1,2,3	0,0.7,1,2,2	0.6,0.7,0.8,2,3	0,1,3,3,3	2,2,2,2,2
YGL133W	ITC1	27,28,28,28,29	27,27,28,28,28	20,21,21,21,21	26,27,27,27,28	24,24,24,24,24	20,20,20,20,21	26,26,27,28,28
YGL134W	PCL10	35,36,37,38,38	35,36,37,38,38	52,53,54,55,55	35,35,36,38,39	31,33,35,36,38	53,54,55,60,65	31,34,36,37,37
YGL135W	RPL1B	342,404,466,478,490	367,383,399,417,435	227,230,232,235,237	436,439,442,454,467	603,608,613,642,671	187,188,189,191,193	358,375,393,402,410
YGL136C	MRM2	39,40,41,41,41	52,53,53,53,53	65,66,67,67,68	51,53,55,55,56	50,52,53,55,56	60,61,62,64,65	36,38,40,41,43
YGL137W	SEC27	90,90,90,90,90	85,86,87,87,87	77,79,80,83,87	80,86,92,94,96	83,86,88,89,90	80,82,84,85,87	93,94,96,96,96
YGL138C		0.5,0.6,0.6,1,1	0,0.1,0.2,0.3,0.4	0.2,0.2,0.2,0.4,0.6	0.1,0.3,0.5,0.8,1	0.4,0.5,0.6,0.8,1	0.5,0.5,0.6,0.7,0.9	0.6,0.7,0.9,1,1
YGL139W	FLC3	82,83,84,87,91	60,62,65,66,68	78,82,86,86,87	56,57,59,60,61	45,46,48,49,50	74,80,86,87,87	81,83,86,89,93
YGL140C		23,23,24,24,24	23,24,25,26,28	32,32,33,33,34	23,24,25,25,25	20,22,23,23,23	27,29,31,32,33	21,21,22,22,23
YGL141W	HUL5	33,35,36,36,36	34,34,34,35,36	41,42,44,45,46	31,32,33,34,35	28,29,29,32,35	47,47,48,48,49	31,31,32,33,33
YGL142C	GPI10	32,33,34,35,36	34,36,37,38,39	63,64,65,67,70	34,35,36,36,36	31,31,32,32,32	62,67,72,74,76	30,31,31,31,32
YGL143C	MRF1	47,47,47,52,56	69,70,72,75,78	34,36,37,40,42	65,71,76,76,77	75,77,80,81,81	30,30,31,36,41	40,46,53,54,54
YGL144C	ROG1	12,13,14,14,14	10,10,11,11,12	31,31,31,33,35	11,11,11,12,12	10,10,10,10,10	31,32,33,34,35	11,11,11,13,14
YGL145W	TIP20	40,42,45,46,48	39,41,43,44,45	41,42,43,44,46	37,39,41,41,42	36,37,37,37,37	42,42,43,44,44	43,44,45,49,52
YGL146C	RRT6	66,67,67,71,75	59,63,66,67,68	104,106,108,108,108	57,60,64,68,71	56,57,58,60,62	92,96,99,101,103	70,70,71,73,76
YGL147C	RPL9A	175,200,224,233,241	155,176,198,213,229	172,173,174,177,181	178,188,198,207,215	246,316,385,387,389	142,143,144,148,151	177,186,195,202,210
YGL148W	ARO2	293,300,308,317,327	239,255,270,271,271	237,242,248,261,274	241,244,248,259,271	262,269,276,282,289	284,285,286,293,301	289,298,308,314,321
YGL149W		7,8,8,10,13	9,10,12,14,16	6,6,6,7,7	7,8,9,10,10	5,6,7,7,7	6,7,8,11,14	5,5,6,8,11
YGL150C	INO80	23,24,25,27,29	28,28,29,30,32	31,31,31,32,33	27,28,29,29,30	28,28,29,30,31	35,36,36,36,36	22,24,25,26,27
YGL151W	NUT1	25,25,25,27,29	27,29,30,31,32	28,29,29,29,30	27,27,27,28,28	25,25,25,26,26	28,29,29,30,30	26,26,26,27,29
YGL152C		0,0,0,0,0	0,0,0,0,0	0,0,0,0,0	0,0,0,0,0	0,0,0,0,0	0,0,0,0,0	0,0,0,0,0
YGL153W	PEX14	20,23,27,27,27	24,24,25,25,26	56,58,59,59,59	24,24,25,26,28	19,20,21,22,23	45,51,56,57,58	20,21,21,22,22
YGL154C	LYS5	44,45,46,46,46	41,45,48,49,49	133,136,139,141,144	42,43,44,45,46	39,40,40,40,41	147,149,151,156,161	40,41,42,46,51
YGL155W	CDC43	62,63,63,63,63	57,58,60,60,61	60,62,64,65,65	54,54,54,56,59	53,54,55,57,58	65,68,71,72,72	63,65,68,69,70
YGL156W	AMS1	34,34,35,36,38	48,49,50,53,57	108,110,112,116,120	51,51,51,52,53	43,45,48,48,48	111,116,121,122,122	30,31,31,33,35
YGL157W	ARI1	4,4,4,4,5	4,4,4,5,6	17,18,20,21,22	4,5,5,5,5	5,5,6,6,6	13,13,13,15,16	6,6,7,7,7
YGL158W	RCK1	0.8,0.8,0.9,1,1	0.6,0.7,0.7,0.8,0.8	1,2,3,3,3	1,1,1,2,2	0.7,0.8,0.9,1,1	2,2,2,2,2	0.7,0.7,0.8,1,2
YGL159W		32,32,33,35,36	33,33,34,34,34	38,39,40,40,41	31,32,32,35,37	32,32,32,33,33	40,42,44,44,44	33,34,35,35,35
YGL160W	AIM14	75,77,80,82,83	83,86,88,88,88	101,103,106,111,116	79,81,83,85,87	76,76,77,79,82	115,117,118,119,119	70,75,81,81,82
YGL161C	YIP5	130,134,138,147,156	153,153,153,157,161	183,190,196,201,207	144,144,144,157,169	123,124,125,140,155	198,200,202,213,224	120,125,131,136,140
YGL162W	SUT1	14,14,14,15,17	12,13,14,15,17	33,34,35,36,36	15,16,16,16,16	8,11,13,15,16	27,28,28,31,34	12,13,15,15,16
YGL163C	RAD54	29,30,31,32,33	21,21,22,22,22	39,39,40,41,42	19,20,20,21,22	20,21,21,21,21	42,43,45,45,45	37,38,39,39,39
YGL164C	YRB30	29,32,35,35,35	39,39,39,41,42	39,39,40,42,44	37,39,41,42,43	37,38,39,40,41	38,38,39,42,44	30,30,31,32,33
YGL165C		0,0,0,0.5,1	0,0.2,0.4,0.6,0.8	1,1,1,1,1	0,0.2,0.4,0.9,1	0,0.2,0.3,0.5,0.6	0,0,0,0.4,0.8	0,0.2,0.3,0.3,0.3
YGL166W	CUP2	18,19,20,20,20	13,15,16,18,20	17,18,19,19,19	17,17,17,18,19	12,12,12,14,16	16,18,20,21,22	15,16,16,18,20
YGL167C	PMR1	35,36,36,39,42	35,36,36,38,39	44,45,46,48,49	33,35,37,37,38	35,36,36,38,39	45,46,46,49,51	38,39,40,41,42
YGL168W	HUR1	4,7,10,12,13	9,9,9,11,12	5,7,9,11,14	6,7,7,8,8	7,8,8,9,10	6,8,9,11,12	6,7,8,10,13
YGL169W	SUA5	49,54,59,62,64	49,52,55,57,60	45,45,45,49,52	59,59,60,60,61	62,64,65,69,72	35,37,39,41,42	42,46,51,52,54
YGL170C	SPO74	2,2,3,3,3	3,3,3,4,4	6,8,9,10,11	1,2,2,3,4	2,2,3,3,3	6,7,7,8,9	3,4,5,5,5
YGL171W	ROK1	23,25,27,28,30	26,27,27,28,28	34,35,35,36,37	28,29,30,30,30	37,37,38,39,40	23,24,24,26,27	22,24,25,25,25
YGL172W	NUP49	60,60,61,65,69	57,59,62,62,62	69,74,78,78,78	60,60,60,64,67	53,54,56,56,56	72,73,74,76,78	64,65,66,68,71
YGL173C	XRN1	68,69,70,72,74	67,68,69,69,69	57,59,62,64,66	66,66,66,67,67	61,62,64,64,64	60,63,66,67,68	67,68,69,69,69
YGL174W	BUD13	28,29,30,30,30	27,28,29,33,37	24,26,27,30,32	26,28,31,31,31	21,25,29,31,33	28,29,30,33,36	31,34,38,39,40
YGL175C	SAE2	11,13,16,17,18	11,13,15,15,15	12,14,17,17,17	10,10,10,12,13	11,11,11,11,11	14,15,16,16,16	15,16,17,17,17
YGL176C		22,22,22,23,23	21,24,28,29,29	37,38,38,40,42	19,21,23,23,24	22,23,23,23,24	35,35,36,38,40	27,29,30,32,34
YGL177W		4,4,4,6,7	2,3,5,5,6	4,5,6,8,10	3,4,5,6,8	2,3,5,6,7	5,5,5,6,7	6,6,6,6,7
YGL178W	MPT5	34,34,34,35,36	33,35,36,38,40	45,45,45,47,48	34,35,36,38,40	34,35,35,36,37	40,41,42,42,42	34,35,37,37,37
YGL179C	TOS3	18,20,22,23,25	16,16,16,17,18	41,44,47,49,52	15,16,16,16,17	12,13,13,13,13	45,45,46,46,47	22,22,22,22,23
YGL180W	ATG1	35,36,37,38,39	32,33,34,36,37	71,71,72,75,77	27,28,30,30,30	23,24,25,27,28	85,88,91,94,97	38,38,39,43,47
YGL181W	GTS1	94,96,97,98,98	90,93,96,102,109	73,77,81,85,89	80,85,90,91,92	77,79,81,81,81	88,89,89,90,90	92,93,95,96,97
YGL182C		3,4,4,4,4	2,3,4,4,4	2,3,4,4,5	3,3,3,3,4	3,4,5,5,6	4,6,8,9,10	2,3,3,4,5
YGL183C	MND1	10,11,11,12,14	4,6,8,9,9	12,13,15,15,15	7,9,11,11,11	6,7,8,10,13	14,16,18,19,20	11,13,16,16,16
YGL184C	STR3	60,65,71,72,73	72,80,88,90,92	137,138,139,148,157	64,66,67,70,73	88,90,91,94,98	156,162,167,179,190	98,102,107,108,109
YGL185C		34,35,36,41,46	45,45,46,51,57	50,50,50,52,53	44,45,45,47,49	45,46,47,49,52	54,55,55,56,56	36,37,38,38,39
YGL186C	TPN1	60,62,65,65,66	62,66,71,72,73	106,107,108,115,122	66,69,72,73,74	60,60,61,61,62	108,113,118,119,120	61,61,62,63,65
YGL187C	COX4	1526,1597,1668,1693,1717	1781,1800,1818,1831,1845	1086,1090,1094,1140,1185	1780,1796,1812,1817,1822	1664,1710,1755,1806,1857	972,974,975,989,1003	1620,1677,1734,1734,1734
YGL188C		389,392,396,399,402	343,389,435,442,449	283,296,310,317,323	366,415,464,466,469	347,401,454,467,479	221,232,244,266,288	410,437,463,472,480
YGL188C-A		9,14,19,23,27	14,15,15,23,31	5,7,10,10,10	17,18,18,21,23	30,31,32,33,35	2,5,9,9,10	17,20,23,23,23
YGL189C	RPS26A	963,1026,1089,1122,1156	1137,1140,1143,1151,1158	662,672,682,686,691	1175,1196,1217,1249,1281	1515,1596,1676,1681,1686	529,536,542,557,573	926,975,1024,1049,1075
YGL190C	CDC55	57,58,59,63,68	54,56,59,60,61	71,72,73,75,78	57,58,60,61,61	55,56,57,58,59	63,67,70,71,72	55,58,61,64,67
YGL191W	COX13	1744,1769,1793,1793,1793	1786,1808,1829,1853,1876	1439,1488,1536,1577,1618	1714,1768,1822,1846,1869	1815,1836,1857,1912,1968	1409,1422,1436,1450,1464	1677,1703,1728,1728,1728
YGL192W	IME4	0,0,0,0,0	0,0,0,0,0	0,0,0,0,0	0,0,0,0,0	0,0,0,0,0	0,0,0,0,0	0,0,0,0,0
YGL193C		0,0,0,0,0	0,0,0,0,0	0,0,0,0,0	0,0,0,0,0	0,0,0,0,0	0,0,0,0,0	0,0,0,0,0
YGL194C-A		63,65,66,68,71	62,65,67,69,72	73,75,78,82,87	54,64,74,82,90	64,67,71,78,86	64,68,72,84,95	60,73,86,87,87
YGL194C	HOS2	11,12,12,12,12	12,12,13,13,14	11,11,12,13,14	10,10,10,10,11	11,12,12,12,13	11,11,12,12,13	10,11,12,12,13
YGL195W	GCN1	11,12,13,14,15	14,14,14,14,14	12,12,12,13,13	14,14,15,15,16	14,14,15,15,16	12,12,12,12,13	10,10,11,11,11
YGL196W	DSD1	97,97,97,99,100	83,84,84,85,86	98,103,108,112,115	69,70,71,71,72	65,66,66,67,68	111,115,118,120,123	101,103,105,106,107
YGL197W	MDS3	29,29,30,30,30	38,39,39,41,43	30,30,30,32,35	36,38,41,41,41	38,39,39,40,41	31,31,31,32,32	26,26,27,27,28
YGL198W	YIP4	21,21,22,24,27	17,20,22,23,23	24,27,30,31,32	17,18,19,19,20	15,17,19,22,24	27,29,30,31,33	20,21,22,23,23
YGL199C		0,0,0,0.2,0.5	0,0,0,0,0	0,0.1,0.3,0.3,0.4	0,0,0,0,0	0,0.2,0.4,0.6,0.7	0,0.2,0.5,0.9,1	0,0,0,0.2,0.5
YGL200C	EMP24	338,344,351,355,360	271,274,276,279,281	231,235,238,245,252	285,289,294,307,320	318,319,320,333,346	233,235,236,242,248	379,407,434,443,451
YGL201C	MCM6	19,21,23,23,23	32,33,34,35,35	18,20,21,22,23	37,37,37,37,38	36,37,38,40,42	22,22,23,23,24	20,21,21,22,22
YGL202W	ARO8	396,414,433,444,454	344,371,398,401,405	293,293,294,305,317	334,351,367,372,376	316,339,362,367,372	337,338,339,346,353	378,398,418,424,430
YGL203C	KEX1	67,67,67,70,72	53,53,53,55,58	53,54,55,56,56	51,51,52,55,59	43,44,46,46,47	55,56,56,57,57	67,68,69,70,72
YGL204C		82,82,82,90,97	78,88,98,103,107	77,84,90,91,91	83,83,83,86,88	77,82,86,92,97	91,95,100,105,110	89,90,92,92,93
YGL205W	POX1	99,100,102,103,105	79,80,80,82,85	620,651,682,689,697	65,68,71,74,77	52,53,54,56,58	537,560,583,589,595	108,109,110,110,111
YGL206C	CHC1	37,37,37,39,40	37,39,41,42,44	42,42,42,43,45	38,38,39,39,39	35,36,36,37,37	45,46,47,47,47	37,37,37,38,39
YGL207W	SPT16	69,70,71,71,72	73,75,78,78,79	85,87,88,90,92	81,82,83,84,85	89,92,94,94,94	90,91,91,93,95	73,73,74,75,77
YGL208W	SIP2	174,177,180,184,188	239,241,243,248,254	199,204,209,211,213	239,249,259,260,261	200,208,215,220,225	192,193,194,198,201	154,156,159,168,178
YGL209W	MIG2	21,22,23,23,24	26,27,27,28,28	61,64,67,70,73	22,22,23,23,23	22,22,22,23,24	62,65,68,70,72	21,21,22,23,24
YGL210W	YPT32	83,86,88,88,88	87,95,104,104,104	87,87,87,89,91	98,99,99,101,103	96,97,98,100,102	83,89,96,104,113	78,83,87,96,105
YGL211W	NCS6	55,55,55,57,59	45,45,46,50,55	58,59,59,62,65	48,48,48,50,52	46,46,46,50,54	48,51,55,58,62	50,51,52,56,59
YGL212W	VAM7	29,32,35,36,38	28,29,30,32,33	28,28,29,31,33	22,24,26,28,31	19,20,22,24,26	25,27,28,30,32	33,34,35,36,37
YGL213C	SKI8	38,41,44,46,47	47,49,50,53,56	47,47,47,52,56	47,48,48,49,49	44,44,44,45,46	51,53,55,56,56	45,46,46,48,50
YGL214W		0,0.2,0.4,0.4,0.4	0,0.2,0.5,0.8,1	0,0,0,0.2,0.4	0.5,0.9,1,1,1	0,0,0,0.2,0.4	0,0,0,0.8,2	0.6,0.8,0.9,1,1
YGL215W	CLG1	152,153,153,163,172	155,160,164,174,184	153,157,162,168,174	155,158,160,166,173	171,173,174,182,190	170,171,172,175,178	153,154,155,156,156
YGL216W	KIP3	24,25,26,26,27	18,19,20,20,21	18,19,20,20,20	12,13,15,16,17	12,12,12,13,13	17,18,18,19,20	27,27,27,27,27
YGL217C		0,0,0,0.3,0.6	0,0,0,0,0	0,0,0,0,0	0,0,0,0,0	0,0,0,0,0	0,0,0,0.4,0.7	0,0,0,0,0
YGL218W		0,0,0,0,0	0,0,0,0,0	0,0,0,0.1,0.1	0,0,0,0.2,0.3	0,0,0,0,0	0,0,0,0.2,0.4	0,0,0,0,0
YGL219C	MDM34	118,120,121,122,123	152,153,153,165,177	110,110,111,118,125	148,152,155,166,177	140,144,147,159,171	100,102,104,107,110	107,111,114,114,114
YGL220W		185,203,221,222,223	189,203,216,217,218	172,176,180,180,181	212,216,220,223,226	188,196,204,208,212	199,201,202,202,203	225,228,231,232,234
YGL221C	NIF3	164,165,166,175,185	153,158,163,163,163	151,164,177,178,180	148,153,159,164,169	129,139,148,150,152	193,196,200,206,213	156,162,169,176,183
YGL222C	EDC1	24,24,24,25,26	23,25,28,28,28	18,22,25,26,26	27,29,32,32,32	29,29,30,31,33	21,22,23,23,24	17,21,26,27,28
YGL223C	COG1	47,53,58,59,61	56,59,62,65,67	81,82,82,83,84	53,55,57,59,60	57,58,59,60,62	80,84,89,90,91	53,53,53,57,62
YGL224C	SDT1	146,155,164,164,164	144,144,145,150,156	132,133,133,138,142	126,128,130,145,161	101,102,103,112,122	168,178,188,188,189	143,144,144,161,179
YGL225W	VRG4	115,121,126,127,128	66,71,75,79,84	47,51,54,55,57	73,73,73,77,80	98,103,109,113,118	43,45,47,48,48	147,159,171,176,182
YGL226C-A	OST5	277,284,290,294,298	250,266,283,290,297	254,256,257,276,295	248,250,251,265,279	220,241,262,270,278	255,261,268,271,273	283,293,303,327,351
YGL226W	MTC3	78,82,86,95,104	111,120,130,138,146	99,101,104,110,115	116,117,118,131,144	119,123,127,135,143	84,89,94,102,109	74,80,87,97,107
YGL227W	VID30	29,30,30,30,30	36,36,36,37,37	42,43,45,45,46	32,32,32,32,33	28,28,28,28,29	45,46,46,46,47	26,26,26,30,33
YGL228W	SHE10	147,147,147,150,153	136,141,146,148,150	155,158,161,166,170	143,145,147,151,155	126,129,132,133,134	161,161,162,163,164	146,147,148,149,149
YGL229C	SAP4	7,8,9,9,9	9,10,12,12,13	7,8,8,9,10	10,11,11,12,12	10,10,11,12,12	10,10,11,12,12	7,7,8,8,9
YGL230C		16,16,16,18,20	11,12,13,14,16	22,25,29,29,29	7,8,9,11,12	7,7,7,9,12	25,25,25,29,33	16,18,19,23,26
YGL231C	EMC4	137,138,139,144,148	131,137,143,153,162	127,135,143,150,157	134,134,135,137,138	115,119,122,124,126	128,130,132,146,159	145,148,152,152,153
YGL232W	TAN1	63,64,64,67,70	69,71,73,73,74	42,43,43,46,49	53,59,65,71,76	54,58,63,63,63	42,44,46,48,49	54,54,54,58,62
YGL233W	SEC15	23,23,23,23,24	23,24,25,26,26	24,24,25,26,26	21,21,22,23,24	20,20,21,21,21	23,23,23,24,25	23,24,24,26,27
YGL234W	ADE5,7	418,438,459,460,462	374,391,408,413,419	445,465,485,488,491	411,414,417,428,439	394,403,413,416,419	574,578,583,586,588	391,412,432,441,450
YGL235W		0,0.4,0.8,0.9,1	0,0,0,0,0	0.2,0.9,2,2,3	0,0,0,0,0	0,0,0,0,0	0.6,1,2,2,2	0,0,0,0.4,0.8
YGL236C	MTO1	39,40,41,42,43	66,66,66,69,71	38,40,43,44,46	71,74,77,77,78	73,74,75,76,77	27,29,31,32,32	33,34,36,38,40
YGL237C	HAP2	70,72,75,75,75	64,68,72,72,73	53,54,54,57,61	58,61,63,65,66	48,51,55,56,58	54,58,63,63,63	75,75,76,76,76
YGL238W	CSE1	57,59,61,61,62	51,53,55,55,56	57,57,58,59,61	48,49,49,49,49	39,41,44,46,47	57,57,58,63,67	61,62,62,63,63
YGL239C		3,3,3,4,5	0.8,2,3,3,4	6,6,7,9,11	2,2,3,3,4	1,2,3,4,4	7,7,7,8,8	0,1,2,2,3
YGL240W	DOC1	15,15,15,16,17	13,14,15,17,18	37,38,39,40,40	13,14,14,17,19	9,10,11,12,13	38,40,43,44,46	12,13,15,15,16
YGL241W	KAP114	21,21,21,21,22	21,21,21,23,25	20,20,20,21,21	20,20,20,21,22	19,19,20,20,21	22,23,24,24,24	19,19,19,20,21
YGL242C		88,94,99,100,101	100,104,109,115,122	82,85,88,90,91	106,112,118,119,120	107,108,108,108,108	86,91,95,97,100	88,92,96,102,107
YGL243W	TAD1	24,25,26,26,26	26,28,29,32,34	33,33,33,37,40	27,28,29,29,29	27,28,28,28,28	38,40,42,44,45	22,23,24,25,25
YGL244W	RTF1	108,108,108,108,108	104,105,106,110,115	98,99,101,101,102	94,94,94,97,100	86,87,89,92,96	94,95,96,99,102	105,107,108,111,113
YGL245W	GUS1	139,142,145,148,152	132,146,161,163,166	162,163,165,166,167	143,144,146,154,161	144,147,150,160,169	161,169,177,180,183	135,136,137,137,137
YGL246C	RAI1	45,48,50,55,60	45,46,48,48,49	63,68,73,77,80	47,47,47,48,49	46,49,53,53,53	59,60,61,64,67	46,47,48,49,49
YGL247W	BRR6	50,51,51,52,53	46,48,49,57,64	76,77,78,80,83	51,52,52,53,54	36,40,44,45,47	76,78,80,84,89	45,46,47,52,56
YGL248W	PDE1	92,93,94,95,96	103,104,106,112,118	139,149,159,159,160	95,99,104,107,110	87,91,96,99,103	143,144,145,147,148	91,94,96,98,101
YGL249W	ZIP2	1,1,1,1,2	2,2,2,2,2	2,2,2,2,2	1,2,2,2,2	1,1,1,2,2	2,2,2,2,2	1,2,2,2,2
YGL250W	RMR1	52,58,63,67,71	58,59,60,63,67	93,94,95,101,107	50,54,59,60,60	52,52,53,54,55	106,108,109,109,109	55,58,61,64,67
YGL251C	HFM1	7,8,8,8,8	8,8,8,8,8	15,16,16,17,18	7,7,8,8,8	6,6,7,7,8	18,18,18,19,21	8,8,8,8,9
YGL252C	RTG2	93,94,95,95,95	94,97,100,100,101	127,129,131,132,133	95,96,97,98,99	78,80,81,85,89	136,137,138,139,140	86,86,86,92,97
YGL253W	HXK2	107,109,111,113,114	82,83,84,88,91	79,79,79,84,89	100,100,100,101,101	115,122,130,132,134	57,60,63,66,69	133,135,137,137,138
YGL254W	FZF1	50,52,54,55,57	48,52,55,59,62	59,61,63,68,72	55,56,57,60,63	55,55,55,55,56	70,72,73,78,82	51,52,53,54,56
YGL255W	ZRT1	108,123,138,156,173	54,59,64,73,81	36,41,47,53,59	53,56,59,60,61	38,41,43,49,55	35,39,42,43,44	131,152,173,177,180
YGL256W	ADH4	40,41,41,42,42	30,37,43,46,49	61,63,64,65,66	37,39,40,42,44	37,38,38,40,41	61,63,66,68,69	44,44,44,46,48
YGL257C	MNT2	40,42,44,45,46	36,38,41,41,41	56,57,59,60,61	34,35,36,36,36	30,31,31,33,35	58,61,64,67,70	42,44,46,46,47
YGL258W-A		17,22,27,28,28	29,31,32,35,37	23,25,27,30,33	27,27,28,30,32	13,15,18,23,27	26,30,35,36,38	19,21,22,23,23
YGL258W	VEL1	5,5,6,6,6	3,5,6,6,6	10,11,13,13,14	4,6,8,9,10	5,5,5,6,8	11,12,13,13,13	5,6,6,6,6
YGL259W	YPS5	26,26,26,29,33	27,28,29,33,36	29,32,36,38,40	29,29,30,30,30	20,22,24,24,24	32,35,37,40,43	24,25,26,27,28
YGL260W		9,10,11,13,14	7,11,15,16,17	3,4,5,6,7	8,9,10,14,18	6,7,7,11,15	1,3,5,6,7	7,7,8,11,14
YGL261C	PAU11	4,4,5,5,5	4,5,7,8,9	2,2,2,4,6	4,4,4,6,7	2,4,5,6,6	0.8,1,1,2,2	2,3,4,4,5
YGL262W		10,12,14,16,17	17,17,18,22,25	33,35,36,40,44	19,20,21,22,24	15,17,18,22,25	33,38,43,48,54	14,15,16,16,17
YGL263W	COS12	5,6,7,8,10	7,7,8,8,9	11,13,15,15,16	9,10,10,10,10	10,10,10,11,12	12,14,16,17,19	7,8,10,10,11
YGR001C	EFM5	87,92,97,101,104	94,98,103,108,112	92,94,96,100,105	93,100,108,111,113	105,108,111,113,115	91,95,98,101,104	93,95,97,97,98
YGR002C	SWC4	44,44,45,45,45	41,43,44,49,54	47,50,53,55,56	42,42,43,46,48	44,44,45,46,48	47,47,47,47,47	41,41,42,42,43
YGR003W	CUL3	31,31,32,33,33	32,32,32,32,32	35,36,36,37,37	31,32,33,34,35	29,30,31,33,35	37,37,38,38,38	33,33,33,34,34
YGR004W	PEX31	20,20,21,21,21	15,17,20,22,24	23,24,25,26,26	20,20,20,21,22	16,17,19,20,22	21,21,21,22,24	21,21,21,21,22
YGR005C	TFG2	80,81,83,84,85	76,78,79,83,87	95,100,105,105,105	83,84,85,85,85	81,83,84,85,86	104,105,106,108,109	76,80,83,85,86
YGR006W	PRP18	22,24,26,27,29	22,24,26,29,32	31,33,36,37,39	26,27,29,30,30	25,26,27,29,30	29,33,36,37,38	22,23,24,26,28
YGR007W	ECT1	87,92,98,98,98	81,84,86,86,86	102,106,111,112,112	74,77,80,83,85	69,73,76,79,82	111,111,112,113,114	98,99,101,103,104
YGR008C	STF2	264,279,293,338,382	378,399,420,431,441	1667,1684,1701,1737,1772	407,408,410,430,451	428,441,455,457,460	1234,1242,1250,1278,1305	297,318,340,343,347
YGR009C	SEC9	59,62,64,65,66	60,61,61,64,67	62,63,64,65,65	61,62,63,63,64	58,59,61,62,63	63,66,68,72,76	63,63,63,64,64
YGR010W	NMA2	58,59,60,61,62	60,62,63,66,68	105,108,111,115,119	55,58,60,61,63	53,55,57,58,60	122,125,127,130,133	57,58,58,60,62
YGR011W		14,15,16,16,16	10,11,12,14,16	23,26,29,31,33	10,12,14,15,15	11,12,13,13,14	32,33,33,34,35	11,12,13,15,17
YGR012W	MCY1	59,64,69,70,71	57,60,63,64,66	58,59,59,62,65	54,55,56,56,57	53,55,57,59,61	65,65,66,67,68	69,70,71,73,75
YGR013W	SNU71	42,44,46,47,48	42,43,44,45,46	51,53,55,55,56	43,43,43,45,46	33,35,36,37,37	48,52,56,58,60	42,43,44,45,45
YGR014W	MSB2	81,82,82,83,84	47,50,53,53,53	25,26,27,28,30	42,44,46,46,46	36,36,37,41,45	19,21,22,22,23	87,91,95,95,95
YGR015C		35,38,40,41,42	36,37,39,39,40	64,65,66,71,75	37,39,41,41,41	40,40,41,44,47	64,64,64,66,68	36,38,40,41,41
YGR016W		22,26,30,30,30	18,20,22,26,30	51,54,56,56,56	23,23,24,26,29	28,29,31,32,34	51,53,55,56,58	21,24,27,28,29
YGR017W		68,72,76,78,81	61,62,63,70,78	55,57,60,60,61	61,64,67,69,71	61,65,69,75,82	52,53,54,54,54	74,76,78,80,83
YGR018C		0,0,0,0.4,0.8	0,0.4,0.8,0.8,0.9	0,0.3,0.6,0.7,0.7	0,0,0,0,0	0,0,0,0,0	0,0,0,0.4,0.8	0,0,0,0,0
YGR019W	UGA1	107,108,108,125,142	87,88,89,94,99	240,246,252,259,265	71,75,79,83,87	58,59,60,60,60	295,305,315,316,317	125,126,126,137,149
YGR020C	VMA7	434,435,437,437,437	392,398,405,409,412	321,328,336,339,342	370,378,386,401,416	439,440,441,442,442	306,309,313,319,324	434,436,437,438,438
YGR021W		56,62,67,73,79	109,111,113,115,117	42,43,45,45,46	119,123,128,129,131	135,138,141,142,143	30,31,32,37,41	57,59,61,61,62
YGR022C		0.8,1,1,2,2	0,0,0,0.8,2	0.6,0.8,1,2,3	0,0.5,0.9,1,2	0,0,0,0.3,0.6	0,0.4,0.8,2,3	0.9,1,1,2,2
YGR023W	MTL1	69,70,70,78,86	65,66,67,75,83	78,85,91,97,102	57,61,65,66,67	40,41,42,48,54	92,96,100,101,102	63,65,67,74,81
YGR024C	THG1	72,73,74,75,76	60,65,70,75,81	92,97,103,104,104	60,66,72,76,81	63,67,71,73,75	110,111,111,122,133	78,79,81,81,81
YGR025W		12,15,18,18,18	13,13,13,14,15	14,16,18,20,21	10,13,17,17,17	13,13,13,19,24	7,9,11,12,13	15,17,19,20,20
YGR026W		193,195,197,201,205	150,162,174,178,182	137,146,156,157,158	162,163,164,170,176	160,161,162,164,167	150,155,160,163,167	212,215,217,220,223
YGR027C	RPS25A	1125,1176,1227,1251,1275	1137,1201,1265,1281,1298	796,829,862,917,973	1212,1255,1299,1307,1315	1542,1564,1586,1594,1602	711,715,718,763,809	1131,1174,1217,1237,1256
YGR027W-A		0,0,0,0,0	0,0,0,0,0	0,0,0,0,0	0,0,0,0,0	0,0,0,0,0	0,0,0,0,0	0,0,0,0,0
YGR027W-B		1,1,2,2,2	2,2,2,3,3	2,2,2,2,3	1,1,2,2,2	1,1,1,2,2	1,2,2,2,2	1,1,1,1,1
YGR028W	MSP1	78,82,85,86,87	83,94,106,107,109	103,105,107,108,110	79,82,85,93,101	90,91,93,94,95	94,96,98,102,106	77,79,81,81,82
YGR029W	ERV1	175,177,179,189,199	248,248,249,250,250	227,228,229,239,249	231,235,238,242,246	205,211,217,222,226	225,238,251,256,261	171,174,178,182,186
YGR030C	POP6	93,96,98,100,102	71,78,85,86,87	165,171,178,190,202	67,71,76,79,82	71,79,87,88,90	140,146,152,159,166	90,90,90,92,93
YGR031C-A	NAG1	0,0,0,0,0	0,0,0,0,0	0,0,0,0,0	0,0,0,0,0	0,0,0,0,0	0,0,0,0,0	0,0,0,0,0
YGR031W	IMO32	55,55,55,56,56	55,56,57,59,60	49,54,60,64,69	55,55,55,58,61	54,54,55,57,58	56,59,63,65,68	43,47,51,52,54
YGR032W	GSC2	50,51,52,56,61	48,50,52,53,54	95,96,98,102,106	48,48,49,50,52	51,51,51,54,57	84,86,88,89,90	56,57,58,60,63
YGR033C	TIM21	199,202,205,207,210	172,176,180,182,185	277,283,288,292,296	170,176,182,183,184	172,176,181,182,183	293,297,302,306,310	189,199,209,210,211
YGR034W	RPL26B	436,542,648,649,651	445,503,561,587,613	254,273,292,301,310	571,586,600,622,643	799,867,934,966,997	212,214,216,233,250	469,512,554,559,564
YGR035C		14,15,16,19,21	14,14,14,14,14	2,3,3,4,4	12,13,13,16,18	4,6,7,8,8	4,5,6,9,11	12,13,13,14,15
YGR035W-A		45,49,52,54,56	33,37,41,44,48	68,70,72,75,79	44,45,45,48,51	40,43,46,46,46	64,65,65,67,69	35,42,49,52,54
YGR036C	CAX4	34,38,42,43,44	36,38,40,42,45	68,74,81,81,82	34,36,38,38,38	35,35,36,39,41	57,59,61,68,74	32,35,37,43,48
YGR037C	ACB1	1233,1254,1275,1292,1309	1219,1253,1286,1309,1332	2086,2098,2109,2174,2238	1205,1223,1241,1253,1265	1147,1161,1175,1246,1318	2244,2289,2335,2390,2444	1313,1323,1332,1370,1409
YGR038C-A		0,0,0,0,0	0,0,0,0,0	0,0,0,0,0	0,0,0,0,0	0,0,0,0,0	0,0,0,0,0	0,0,0,0,0
YGR038C-B		1,1,2,2,2	1,2,2,2,2	2,2,2,2,2	2,2,2,2,2	1,1,1,2,2	1,1,1,2,3	1,1,1,1,1
YGR038W	ORM1	135,136,137,147,157	138,142,146,151,156	115,119,123,134,146	137,138,138,144,149	124,128,133,134,135	131,134,137,140,143	131,132,133,133,134
YGR039W		9,12,15,18,21	9,11,12,15,19	18,21,24,24,24	12,13,13,15,16	12,12,12,14,16	9,13,17,17,18	11,15,19,20,21
YGR040W	KSS1	30,33,37,38,38	38,38,39,42,45	32,32,32,33,33	35,36,37,38,39	39,40,41,42,43	27,27,27,28,29	34,34,35,38,40
YGR041W	BUD9	17,18,18,19,20	20,20,20,21,22	40,41,42,42,43	32,33,34,36,37	64,67,70,75,81	36,39,41,42,43	16,17,18,19,21
YGR042W	MTE1	41,42,43,44,46	45,45,45,51,58	52,54,55,56,56	42,43,45,47,50	46,47,48,52,55	47,54,60,61,61	43,43,43,45,47
YGR043C	NQM1	47,57,67,68,69	48,49,51,59,67	643,652,660,684,708	52,53,55,57,59	32,35,39,42,45	666,679,693,707,721	62,64,67,69,72
YGR044C	RME1	50,59,68,71,74	104,105,107,114,122	139,157,176,177,179	194,201,209,239,268	473,502,532,536,540	136,139,141,154,167	49,55,60,66,72
YGR045C		9,13,17,19,21	9,11,13,13,13	10,11,11,12,14	13,15,16,16,17	13,14,15,17,18	15,16,17,17,18	9,11,12,14,16
YGR046W	TAM41	163,165,167,171,175	171,173,174,190,207	160,170,180,180,180	163,165,166,177,188	147,151,154,160,166	149,152,155,157,159	162,164,165,167,168
YGR047C	TFC4	22,22,22,23,23	15,17,20,20,20	19,19,19,20,21	16,16,17,17,18	17,17,17,17,17	19,19,20,20,20	22,23,25,25,25
YGR048W	UFD1	102,104,106,110,114	96,99,102,103,104	139,140,141,142,144	102,103,104,106,108	98,99,99,100,102	132,133,134,139,144	98,98,99,102,106
YGR049W	SCM4	136,137,137,141,146	124,131,137,140,144	171,174,177,183,189	133,136,139,140,141	141,141,141,154,167	155,160,165,171,176	128,137,146,163,180
YGR050C		42,42,42,44,45	27,28,30,32,34	34,37,39,39,39	21,24,27,29,30	21,22,22,23,24	30,36,43,46,50	37,41,44,45,46
YGR051C		61,63,64,65,66	46,51,55,58,60	53,54,55,61,68	46,47,48,52,57	30,35,40,45,51	59,60,60,64,68	50,51,52,55,57
YGR052W	FMP48	23,24,26,27,28	25,26,27,28,29	53,54,54,55,55	31,33,34,36,37	29,33,37,40,43	51,53,56,61,67	22,22,23,23,23
YGR053C		14,15,17,17,17	21,22,22,25,29	29,30,31,37,44	23,25,27,27,27	24,24,25,28,31	28,29,31,31,32	16,16,17,18,19
YGR054W		98,102,106,110,114	96,101,105,108,110	74,75,76,80,85	102,105,109,110,111	114,115,117,122,126	63,63,63,68,73	103,104,105,107,109
YGR055W	MUP1	39,40,42,45,49	86,93,100,108,116	390,392,393,430,467	63,65,67,71,74	126,137,149,155,160	431,449,467,471,474	88,90,93,93,93
YGR056W	RSC1	22,23,23,24,24	21,22,23,24,25	27,28,29,30,32	20,20,21,22,24	20,22,24,25,26	29,30,30,30,31	22,22,22,24,25
YGR057C	LST7	56,59,61,63,65	61,63,65,66,67	67,75,84,85,86	59,60,60,61,61	55,56,58,61,64	69,70,71,73,75	61,64,67,68,70
YGR058W	PEF1	64,66,67,69,71	64,64,65,67,70	63,64,65,67,69	60,61,61,65,70	59,60,61,66,70	64,68,71,72,74	66,66,67,72,76
YGR059W	SPR3	5,6,6,7,7	6,6,6,6,6	13,14,14,15,16	4,5,5,6,7	4,4,5,6,6	11,13,14,16,17	6,7,8,9,10
YGR060W	ERG25	501,512,522,542,562	523,524,525,529,534	169,173,177,180,184	569,587,605,610,615	605,615,626,648,670	186,187,187,192,198	425,448,472,477,482
YGR061C	ADE6	136,149,162,164,165	138,141,143,149,154	173,176,180,180,180	135,141,146,147,148	128,133,138,142,146	190,195,200,200,201	146,146,147,148,149
YGR062C	COX18	18,21,23,23,23	26,30,33,33,34	27,28,28,29,30	35,37,39,39,39	47,48,49,51,53	20,22,24,26,28	17,18,20,21,21
YGR063C	SPT4	3,4,6,6,6	5,6,6,8,9	2,4,7,9,11	4,4,4,5,5	5,6,7,8,10	5,7,9,11,12	2,3,5,6,8
YGR064W		0.6,0.6,0.7,1,2	0,0.3,0.7,0.7,0.8	0.5,1,2,2,2	0.6,0.6,0.7,1,2	0.7,0.9,1,3,5	1,1,1,2,3	1,1,1,1,2
YGR065C	VHT1	161,167,173,177,180	156,157,158,168,178	318,345,373,376,379	153,154,155,163,171	146,148,150,160,171	324,345,366,369,372	151,158,165,169,174
YGR066C		19,20,21,22,22	7,9,10,11,11	34,36,38,39,40	8,9,9,9,10	7,8,8,9,10	39,40,40,42,44	19,21,23,24,24
YGR067C		696,699,703,744,786	725,744,762,788,814	645,649,653,674,694	714,717,720,728,737	574,582,591,631,671	679,703,728,731,734	650,653,655,694,733
YGR068C	ART5	20,22,23,24,25	23,23,23,23,24	23,24,25,27,28	20,20,20,22,24	17,18,18,20,21	27,27,28,28,29	19,19,19,22,24
YGR068W-A		0,0,0,0,0	0,0,0,0,0	0,0,0,0,0	0,0,0,0,0	0,0,0,0,0	0,0,0,0,0	0,0,0,0,0
YGR069W		4,5,6,7,8	5,5,6,6,6	4,5,5,6,7	5,6,8,8,8	3,4,5,6,7	6,7,8,9,10	4,4,5,5,5
YGR070W	ROM1	23,24,24,24,24	30,30,31,32,32	18,19,21,21,21	25,27,28,28,29	20,21,21,21,21	18,19,20,20,20	19,20,22,22,22
YGR071C	ENV11	17,19,21,21,22	17,17,18,18,19	16,17,19,20,21	16,16,17,17,18	12,13,13,14,15	16,17,17,18,19	19,19,20,20,20
YGR072W	UPF3	48,48,49,50,51	46,46,46,48,50	51,52,53,55,57	46,46,47,47,47	48,49,49,50,50	38,43,47,51,55	47,49,52,55,58
YGR073C		0,0,0,0.3,0.7	0,0,0,0.4,0.7	0,0,0,0.6,1	0,0.3,0.6,0.6,0.7	0,0,0,0.3,0.7	0,0,0,0,0	0,0,0,0.8,2
YGR074W	SMD1	9,10,10,11,11	8,9,9,12,15	17,17,18,19,19	9,10,11,12,12	5,6,8,8,9	16,17,18,20,21	9,10,12,12,13
YGR075C	PRP38	49,53,57,58,58	43,47,51,52,54	68,71,74,78,82	35,36,37,39,41	43,45,46,47,48	70,73,77,77,78	46,46,46,54,62
YGR076C	MRPL25	129,138,147,150,153	199,202,205,220,236	99,111,124,129,135	202,208,215,222,228	233,236,240,241,242	82,92,102,103,105	127,128,130,141,152
YGR077C	PEX8	33,33,34,35,36	38,39,41,41,42	52,53,54,58,61	41,41,41,41,41	34,34,34,35,35	57,58,58,62,65	34,35,36,37,38
YGR078C	PAC10	70,73,77,79,81	59,62,64,69,73	45,45,46,47,48	57,63,69,72,75	56,59,63,69,75	39,40,41,42,44	62,66,71,73,75
YGR079W		31,33,35,36,37	17,18,19,19,19	11,14,17,17,18	17,17,17,18,19	17,18,18,18,19	11,12,13,15,17	27,29,31,35,39
YGR080W	TWF1	118,119,120,127,134	121,124,126,127,128	117,118,119,120,121	126,127,127,131,136	117,117,117,118,120	122,124,126,127,129	109,110,111,111,111
YGR081C	SLX9	38,45,52,53,54	43,43,43,43,43	39,44,50,51,52	42,44,45,49,52	46,46,46,49,51	25,33,40,42,44	36,37,38,43,49
YGR082W	TOM20	173,176,179,180,181	231,236,241,245,249	158,164,170,175,179	233,233,234,249,264	254,256,258,259,259	135,137,140,155,169	151,162,172,177,182
YGR083C	GCD2	53,54,55,57,58	50,52,54,55,56	59,60,62,62,62	47,50,53,55,57	52,56,59,59,59	49,52,55,57,58	55,55,56,56,56
YGR084C	MRP13	104,116,127,130,133	176,181,186,186,187	76,80,84,90,95	182,184,185,187,189	201,207,214,214,214	57,58,59,64,69	109,113,117,119,120
YGR085C	RPL11B	276,317,358,370,382	269,299,330,336,343	162,170,179,180,181	311,330,349,357,365	404,450,497,497,497	146,159,171,172,173	282,297,311,317,322
YGR086C	PIL1	1264,1283,1303,1367,1431	1357,1370,1382,1399,1415	1527,1543,1560,1613,1667	1575,1594,1613,1657,1701	1906,1937,1968,1988,2008	1644,1646,1647,1650,1653	1234,1266,1297,1303,1309
YGR087C	PDC6	33,35,37,38,40	39,42,45,45,46	124,127,129,131,132	42,42,42,43,44	33,35,37,37,37	125,125,125,129,134	34,35,37,37,37
YGR088W	CTT1	7,8,9,10,11	7,8,9,9,9	43,44,45,49,53	8,9,9,10,10	6,7,8,9,9	40,41,43,44,46	9,9,10,10,10
YGR089W	NNF2	42,43,44,46,47	35,37,39,40,41	39,39,40,41,42	34,38,41,41,42	36,37,38,40,41	37,38,39,40,41	44,45,45,47,48
YGR090W	UTP22	19,21,24,25,26	19,21,22,22,23	13,15,16,17,17	23,24,25,26,27	30,31,31,31,31	12,12,13,13,14	17,17,17,19,21
YGR091W	PRP31	25,27,29,29,30	32,32,32,35,38	33,34,35,36,37	32,33,33,36,39	32,33,34,34,35	25,28,31,34,38	26,27,28,29,30
YGR092W	DBF2	57,58,59,61,64	120,129,138,138,139	51,51,51,55,59	131,134,138,138,139	88,90,93,94,95	54,54,55,57,59	42,46,50,53,57
YGR093W	DRN1	42,43,44,44,44	35,37,40,41,43	33,34,35,37,39	36,37,38,39,41	31,33,35,38,41	27,29,31,32,33	40,41,42,44,46
YGR094W	VAS1	159,160,161,165,170	134,138,141,143,145	158,162,165,169,173	137,146,155,157,158	135,143,151,153,155	169,175,181,185,190	152,154,156,161,166
YGR095C	RRP46	67,69,70,71,71	64,64,64,69,75	65,65,65,67,68	55,58,61,63,65	58,59,59,61,62	60,62,64,68,72	53,56,59,60,61
YGR096W	TPC1	17,18,19,20,21	18,19,21,22,24	24,25,25,27,29	17,18,20,22,24	16,17,18,21,23	26,27,28,28,29	18,19,20,21,22
YGR097W	ASK10	17,18,19,20,20	17,17,17,18,19	22,22,23,23,23	17,19,21,22,22	18,18,18,20,22	23,23,23,23,24	18,18,19,20,21
YGR098C	ESP1	14,14,14,15,15	10,10,10,10,10	8,8,8,9,10	9,9,9,9,9	7,7,8,8,8	7,8,9,10,10	15,16,16,16,16
YGR099W	TEL2	34,34,34,35,35	19,20,20,21,21	14,14,15,16,17	17,17,17,18,19	14,15,16,16,16	17,18,19,19,19	36,37,38,39,40
YGR100W	MDR1	31,31,32,33,35	35,36,37,37,37	54,54,55,56,56	33,34,35,37,39	34,34,34,35,36	52,54,56,56,56	30,31,31,33,34
YGR101W	PCP1	67,70,73,73,73	96,98,100,105,109	95,96,97,99,100	108,109,111,114,116	106,108,110,116,122	85,86,87,92,97	58,60,63,66,68
YGR102C	GTF1	119,127,135,138,140	140,143,145,147,149	132,136,140,142,145	135,137,139,141,142	113,122,131,137,143	139,139,139,141,143	124,126,127,133,138
YGR103W	NOP7	60,71,83,86,90	58,61,64,68,72	53,57,62,66,71	74,75,76,78,80	98,100,101,105,108	37,39,41,47,52	56,58,61,65,69
YGR104C	SRB5	52,57,62,62,62	60,61,61,63,66	55,56,57,57,57	48,53,58,59,60	50,53,56,56,56	59,60,61,61,62	60,61,62,64,65
YGR105W	VMA21	225,228,230,232,233	164,187,210,223,236	192,202,211,222,233	189,203,217,223,229	227,243,259,262,265	217,222,227,228,229	218,219,220,230,241
YGR106C	VOA1	338,340,342,351,359	289,307,324,329,334	269,276,283,288,294	306,316,325,330,335	272,279,286,297,308	292,297,302,308,314	324,330,336,344,352
YGR107W		5,6,7,8,9	2,2,3,4,5	2,2,3,4,5	4,5,7,7,7	2,2,3,3,3	3,4,4,4,4	3,4,6,6,6
YGR108W	CLB1	248,252,255,256,256	237,245,253,257,260	7,9,10,11,11	203,209,215,217,219	113,118,122,127,132	10,11,11,12,13	206,208,209,222,235
YGR109C	CLB6	4,5,6,6,6	4,5,6,6,6	1,2,4,4,5	5,6,7,7,7	15,16,17,17,18	4,4,5,5,5	7,7,8,8,8
YGR109W-A		0,0,0,0,0	0,0,0,0,0	0,0,0,0,0	0,0,0,0,0	0,0,0,0,0	0,0,0,0,0	0,0,0,0,0
YGR109W-B		11,11,11,11,11	10,11,11,12,12	16,16,16,16,17	10,10,11,11,11	10,11,11,11,11	14,14,15,15,15	11,12,12,12,13
YGR110W	CLD1	97,99,100,101,101	79,85,92,94,97	163,167,171,176,181	88,90,93,94,96	82,83,83,90,97	178,182,186,186,186	98,98,98,104,110
YGR111W		64,64,65,66,67	65,67,69,71,72	97,100,103,104,105	55,61,67,70,74	53,55,58,61,64	92,94,95,100,105	68,70,73,74,75
YGR112W	SHY1	57,60,62,64,65	83,88,93,95,98	58,58,59,62,65	91,94,97,100,102	94,95,96,97,98	54,54,54,57,60	59,63,66,67,68
YGR113W	DAM1	70,70,71,72,73	48,48,48,49,49	46,52,57,57,58	42,43,45,47,49	40,41,43,43,44	52,54,55,56,56	77,80,82,87,91
YGR114C		0,0,0,0,0	0,0,0,0,0	0,0,0,0,0	0,0,0,0,0	0,0,0,0,0	0,0,0,0,0	0,0,0,0.3,0.7
YGR115C		0,0,0,0,0	0,0,0,0,0	0,0,0,0,0	0,0,0,0,0	0,0,0,0,0	0,0,0,0,0	0,0,0,0,0
YGR116W	SPT6	41,41,41,41,42	38,39,40,41,41	37,38,39,40,40	39,40,41,42,42	37,38,40,40,41	39,39,39,41,43	40,41,42,42,43
YGR117C		49,50,51,52,53	48,49,50,52,55	60,61,63,63,63	51,51,51,53,55	48,49,50,51,51	60,63,66,67,69	44,45,47,48,49
YGR118W	RPS23A	725,783,841,870,900	739,776,814,846,877	440,460,479,484,490	871,882,893,906,919	1005,1104,1204,1223,1243	407,427,447,453,458	735,749,764,794,824
YGR119C	NUP57	107,108,110,113,116	87,89,91,99,106	122,123,124,125,125	105,106,107,107,108	94,95,96,104,112	124,125,125,128,131	112,114,116,116,117
YGR120C	COG2	47,51,56,57,57	46,51,55,56,57	62,63,63,66,70	52,53,53,58,62	44,45,46,49,51	63,67,71,72,73	50,52,54,55,56
YGR121C	MEP1	151,152,153,169,184	133,141,148,155,161	80,80,80,81,83	117,119,120,126,132	79,82,84,86,87	98,105,112,120,127	130,131,133,133,134
YGR121W-A		2,2,2,4,6	1,2,4,5,6	5,6,6,7,8	1,1,1,2,2	1,2,3,5,7	4,6,7,8,9	2,3,4,5,6
YGR122C-A		66,67,67,73,78	64,67,70,72,74	203,226,248,254,260	63,64,66,68,70	56,56,57,68,80	182,189,196,209,222	55,59,63,64,65
YGR122W		47,48,49,55,60	38,43,48,50,51	56,61,67,67,67	37,38,39,40,41	36,39,41,42,43	63,71,79,80,81	51,52,53,56,58
YGR123C	PPT1	24,25,26,27,28	20,22,24,24,24	21,22,23,24,24	23,24,24,25,26	21,26,31,31,31	15,15,16,16,17	22,23,23,24,25
YGR124W	ASN2	333,341,349,355,362	284,297,311,318,325	432,441,449,463,478	299,306,313,314,315	319,331,344,347,350	501,508,514,517,520	329,331,334,338,343
YGR125W		31,31,31,32,33	31,31,31,31,32	32,33,34,34,35	28,28,29,29,29	29,30,31,31,31	28,29,30,31,31	31,31,32,33,34
YGR126W		9,9,10,11,11	12,13,13,14,14	17,19,20,21,21	12,13,13,15,17	10,10,11,12,13	20,20,20,21,22	6,7,8,11,14
YGR127W		86,88,91,95,99	110,111,112,115,118	142,154,167,170,173	102,103,103,105,106	76,77,78,80,81	162,174,186,191,196	86,86,87,88,89
YGR128C	UTP8	24,29,33,34,34	23,23,23,24,25	16,16,16,18,19	27,27,27,30,32	34,35,35,35,35	12,13,15,15,16	22,24,26,27,29
YGR129W	SYF2	46,47,48,51,53	41,43,45,54,63	40,44,48,50,51	42,43,45,48,51	40,47,54,55,55	39,41,43,45,48	43,44,45,49,53
YGR130C		117,120,122,124,126	123,126,129,132,134	155,157,158,165,172	117,118,119,121,123	108,108,109,109,109	156,164,171,172,173	111,112,113,120,126
YGR131W	FHN1	10,14,18,20,23	12,13,13,14,15	26,27,28,30,33	14,15,16,17,17	16,17,19,19,20	32,33,35,41,46	12,13,14,14,14
YGR132C	PHB1	439,447,455,458,460	516,526,535,536,536	575,580,586,589,592	515,532,550,550,550	533,536,538,538,538	523,526,528,535,542	438,446,454,457,459
YGR133W	PEX4	68,77,86,87,89	67,69,72,72,73	128,136,143,147,151	61,62,63,68,73	59,60,61,64,67	144,148,151,157,162	77,78,80,82,84
YGR134W	CAF130	15,16,16,16,16	14,14,14,14,15	26,27,27,29,31	12,12,12,13,13	11,11,12,12,12	25,25,25,25,26	14,15,15,15,15
YGR135W	PRE9	382,391,401,418,434	361,362,362,364,365	338,347,355,358,361	362,368,374,379,383	357,358,359,361,363	373,378,384,387,390	363,376,390,390,390
YGR136W	LSB1	121,122,123,131,139	121,124,127,127,128	105,108,111,117,122	125,128,131,134,137	110,116,122,126,130	110,111,111,114,117	117,119,121,128,134
YGR137W		31,32,34,34,35	38,38,38,42,45	44,46,49,49,49	32,36,40,42,45	29,32,35,37,40	33,39,44,46,48	38,39,41,42,43
YGR138C	TPO2	51,52,53,54,55	28,29,30,32,34	24,25,26,27,27	27,28,28,29,29	27,28,28,29,29	24,25,26,26,27	64,65,66,67,68
YGR139W		2,3,4,5,6	0,0.4,0.8,2,4	2,4,7,7,8	3,3,4,4,4	1,1,2,3,4	3,3,3,4,5	4,4,4,5,6
YGR140W	CBF2	29,30,31,32,32	17,17,18,18,18	19,21,22,23,23	14,14,15,15,15	15,16,16,17,18	22,23,23,24,24	34,34,34,35,35
YGR141W	VPS62	46,49,51,53,55	51,53,55,55,56	87,89,90,90,90	45,48,51,54,56	46,48,50,52,54	96,97,97,97,97	47,49,51,51,52
YGR142W	BTN2	82,84,85,86,87	65,65,66,67,68	53,57,61,66,72	52,54,56,59,62	47,48,49,49,50	54,56,58,59,60	82,83,84,92,101
YGR143W	SKN1	32,32,32,34,35	55,56,57,59,60	36,36,37,38,39	54,55,56,58,61	40,44,47,48,48	32,32,33,34,36	25,27,29,29,29
YGR144W	THI4	20,22,23,25,27	20,22,24,26,27	36,36,36,38,40	21,21,21,24,26	16,16,17,18,18	38,40,41,43,44	25,26,27,29,31
YGR145W	ENP2	33,33,33,34,35	23,26,30,31,32	22,23,23,24,26	30,31,32,33,34	35,35,36,36,37	13,14,16,17,19	32,32,32,33,33
YGR146C-A		16,19,22,23,24	13,14,16,16,16	10,11,11,16,21	7,10,13,14,14	6,10,14,21,28	19,19,19,21,23	11,16,21,26,31
YGR146C	ECL1	135,136,137,142,146	182,185,187,200,212	382,395,408,415,423	161,169,176,182,188	125,129,134,136,139	300,313,325,329,333	128,129,130,142,154
YGR147C	NAT2	102,110,118,122,127	130,131,131,134,137	106,106,107,116,124	133,135,137,140,143	136,137,138,144,150	82,83,85,93,100	99,101,104,107,110
YGR148C	RPL24B	466,533,600,611,623	574,588,602,617,632	252,253,253,258,263	564,583,602,602,603	821,834,848,853,858	203,217,232,244,257	499,502,505,509,513
YGR149W	GPC1	48,50,53,53,54	60,64,68,74,81	114,116,117,118,118	97,98,100,105,109	145,145,145,150,155	106,109,112,117,122	51,51,52,52,52
YGR150C	CCM1	31,35,39,40,42	49,51,54,57,60	38,39,40,43,46	52,54,56,56,56	57,59,60,61,62	32,32,32,33,33	33,33,33,36,38
YGR151C		0,0,0,0.3,0.7	0,0,0,0,0	0,0,0,0,0	0,0,0,0,0	0,0,0,0,0	0,0,0,0,0	0,0,0,0,0
YGR152C	RSR1	40,41,42,44,45	33,35,36,41,46	18,19,20,21,21	33,34,35,36,38	52,54,56,56,57	13,14,15,18,21	53,53,54,54,54
YGR153W		29,31,32,33,35	19,19,20,21,22	27,29,31,31,32	16,18,20,21,22	25,27,28,29,30	24,25,26,27,28	34,36,38,40,42
YGR154C	GTO1	16,17,18,18,19	21,23,24,24,25	58,59,60,61,62	21,21,22,23,23	16,18,20,21,23	71,71,71,71,71	20,21,22,24,26
YGR155W	CYS4	256,262,268,268,269	297,304,312,317,323	371,372,373,383,393	286,289,292,304,317	305,314,323,329,335	389,404,418,431,444	298,308,317,323,329
YGR156W	PTI1	44,46,48,49,50	41,44,47,50,53	43,43,43,46,49	41,43,45,48,51	42,43,43,45,47	48,50,52,54,57	40,44,47,48,48
YGR157W	CHO2	100,103,106,115,124	108,114,120,123,126	147,149,151,161,172	124,127,129,132,135	127,130,134,140,147	143,144,146,163,181	95,99,103,110,118
YGR158C	MTR3	83,90,97,99,102	81,86,91,92,92	60,61,61,63,65	94,95,96,98,100	90,91,92,93,94	52,53,54,56,58	80,86,91,91,91
YGR159C	NSR1	32,36,40,44,48	23,24,26,30,33	52,52,53,63,73	38,39,41,44,47	56,60,65,65,65	24,28,32,34,36	21,25,29,31,33
YGR160W		0,0.1,0.2,0.7,1	0,0,0,0.3,0.5	0,0.1,0.3,0.4,0.6	0.3,0.5,0.7,0.9,1	0,0,0,0.3,0.6	0,0,0,0.2,0.4	0.3,0.4,0.5,0.6,0.8
YGR161C-C		0,0,0,0,0	0,0,0,0,0	0,0,0,0,0	0,0,0,0,0	0,0,0,0,0	0,0,0,0,0	0,0,0,0,0
YGR161C-D		1,1,1,1,2	1,2,2,2,3	1,2,2,2,2	1,2,2,2,2	1,2,2,2,2	2,2,2,2,2	1,1,1,1,2
YGR161C	RTS3	117,117,117,135,152	98,103,107,118,128	88,106,124,129,134	72,78,84,86,89	71,74,78,79,81	103,105,107,116,125	143,148,153,160,166
YGR161W-A		0,0,0,0,0	0,0,0,0,0	0,0,0,0,0	0,0,0,0,0	0,0,0,0,0	0,0,0,0,0	0,0,0,0,0
YGR161W-B		0.2,0.3,0.4,0.4,0.5	0.3,0.4,0.5,0.6,0.7	1,1,2,2,2	0.3,0.3,0.3,0.8,1	0.2,0.4,0.6,0.6,0.6	1,1,1,1,1	0.5,0.5,0.6,0.8,0.9
YGR161W-C		283,290,297,302,306	278,278,278,282,285	444,471,499,502,505	242,253,263,270,276	232,236,240,246,252	401,419,438,439,441	291,311,330,330,331
YGR162W	TIF4631	73,78,82,84,86	68,69,70,70,70	96,97,98,99,101	71,72,73,73,74	86,87,87,90,93	78,81,84,87,90	75,76,77,79,81
YGR163W	GTR2	71,73,76,77,79	66,74,83,87,92	78,80,82,87,92	69,70,70,76,82	67,69,71,75,80	85,85,85,88,91	74,74,75,75,76
YGR164W		0,0.3,0.7,0.7,0.8	0,0.4,0.7,0.8,0.9	0,0,0,0,0	0,0,0,0,0	0,0,0,0.5,1	0,0.4,0.7,0.8,0.8	0,0,0,0.9,2
YGR165W	MRPS35	91,98,106,108,111	136,144,151,161,172	81,92,103,103,104	151,160,168,169,171	182,184,185,190,194	74,75,75,76,77	85,91,97,103,108
YGR166W	TRS65	27,29,30,31,32	23,24,25,25,25	35,35,36,37,37	23,23,24,24,25	23,23,23,25,26	28,31,34,35,36	30,30,31,33,35
YGR167W	CLC1	250,254,258,264,271	257,265,273,287,302	216,224,233,237,241	259,263,267,279,291	242,248,255,262,270	222,224,227,229,230	257,266,274,285,295
YGR168C		35,36,38,39,41	34,37,40,40,40	59,60,61,61,61	33,36,38,39,41	29,30,32,33,33	55,56,57,58,60	39,42,44,44,44
YGR169C-A		203,223,244,256,269	227,228,228,245,262	266,267,268,287,307	231,248,264,287,310	246,250,254,271,287	232,237,242,255,268	216,224,231,241,251
YGR169C	PUS6	31,31,32,35,39	41,41,42,43,45	29,29,29,30,31	38,40,42,44,46	44,45,45,47,49	28,29,30,32,34	28,30,33,34,36
YGR170W	PSD2	30,31,32,33,33	31,32,33,34,35	35,35,36,36,37	31,33,34,34,35	31,31,31,33,35	35,36,36,36,37	31,31,32,32,32
YGR171C	MSM1	33,34,36,36,36	46,47,48,48,49	39,41,43,44,46	45,46,47,49,51	45,46,47,48,48	33,34,34,36,38	28,29,30,31,31
YGR172C	YIP1	92,96,100,106,111	84,88,91,95,100	106,107,109,110,111	86,89,92,94,96	85,88,91,98,104	98,101,105,108,111	103,104,106,109,112
YGR173W	RBG2	39,41,43,45,46	37,38,39,42,45	35,36,37,37,38	39,43,46,46,46	44,47,50,52,54	29,33,37,38,39	38,41,44,45,47
YGR174C	CBP4	219,221,223,226,229	315,317,319,339,359	289,302,316,320,324	321,330,338,350,363	321,327,334,347,360	256,264,273,273,274	202,216,230,232,235
YGR174W-A		139,162,186,190,194	226,243,259,283,307	690,742,793,972,1151	195,196,198,241,285	199,230,260,269,279	537,546,554,584,614	194,199,203,218,233
YGR175C	ERG1	305,310,316,321,327	273,273,273,275,278	265,273,282,282,282	276,284,292,294,295	291,301,310,315,320	275,278,280,285,290	290,306,322,325,328
YGR176W		0,0.4,0.7,1,2	0,0.4,0.7,0.8,0.8	2,2,3,4,5	0.8,1,1,2,3	0,0,0,1,3	0.7,0.7,0.7,1,2	2,2,2,3,3
YGR177C	ATF2	11,12,12,12,13	7,8,8,10,12	10,11,11,11,12	8,9,10,10,10	4,6,7,7,8	12,13,13,13,13	9,10,10,11,12
YGR178C	PBP1	131,132,132,135,138	132,133,135,137,140	144,146,148,151,155	131,133,136,137,137	125,126,128,130,132	146,146,146,150,153	134,135,135,138,141
YGR179C	OKP1	38,39,40,41,42	33,34,34,35,35	33,34,35,38,42	27,28,30,31,32	28,30,31,31,31	37,37,37,39,42	41,43,44,46,48
YGR180C	RNR4	732,752,771,823,875	386,393,401,418,435	462,468,474,496,517	363,365,368,372,377	308,309,310,317,324	480,500,520,543,567	860,869,879,937,995
YGR181W	TIM13	134,135,137,138,138	160,166,172,183,193	170,172,174,192,210	179,181,183,184,185	165,166,167,171,175	174,179,185,188,191	131,134,137,138,138
YGR182C		645,646,647,647,648	681,706,730,759,788	434,461,487,493,499	684,719,754,764,774	675,708,740,743,746	430,432,433,434,435	629,647,665,687,710
YGR183C	QCR9	2918,2981,3045,3070,3096	3398,3398,3398,3442,3486	2191,2321,2451,2464,2477	3134,3232,3329,3412,3495	3210,3233,3256,3281,3306	1873,1914,1956,2004,2053	2874,2903,2931,2963,2996
YGR184C	UBR1	27,27,27,27,28	25,26,27,27,27	29,30,31,32,33	26,26,26,28,30	24,25,25,26,28	30,31,31,33,35	27,27,27,27,27
YGR185C	TYS1	232,239,245,251,256	217,218,219,228,237	195,195,196,196,197	217,217,217,225,233	211,219,226,227,228	200,201,201,203,204	237,240,242,248,255
YGR186W	TFG1	78,78,78,79,79	78,80,82,83,84	95,95,95,96,98	78,79,81,81,81	73,74,76,76,76	102,104,106,107,108	73,75,76,76,76
YGR187C	HGH1	46,52,58,59,60	43,46,49,51,53	54,56,58,60,62	56,57,57,57,57	63,63,64,65,65	42,47,52,54,56	54,55,55,56,58
YGR188C	BUB1	8,9,10,11,11	4,5,5,6,6	8,8,9,9,9	5,5,5,5,5	5,5,5,6,7	8,8,8,9,9	12,12,12,12,13
YGR189C	CRH1	198,207,216,227,237	172,175,177,180,182	130,136,143,152,160	390,403,416,474,533	940,961,982,1074,1166	89,91,92,93,94	258,283,307,330,353
YGR190C		27,28,29,32,34	23,24,25,33,40	29,31,33,35,37	21,23,25,28,31	25,30,35,37,38	28,29,30,30,31	19,22,26,27,28
YGR191W	HIP1	54,54,54,55,56	45,48,51,53,54	71,71,72,75,78	49,54,58,59,59	52,55,57,59,60	59,61,63,64,65	48,52,57,57,58
YGR192C	TDH3	1983,2085,2187,2419,2651	2445,2654,2863,2915,2967	2261,2311,2362,2382,2401	3044,3136,3228,3254,3280	2739,2902,3065,3173,3281	1860,1866,1873,1873,1873	1851,1982,2113,2131,2149
YGR193C	PDX1	136,143,151,153,155	135,139,143,148,153	163,164,164,173,182	127,132,137,145,153	118,118,119,130,140	153,161,168,174,179	136,142,149,149,150
YGR194C	XKS1	84,86,88,90,91	88,90,91,92,93	68,70,72,73,73	83,85,88,92,95	74,80,86,86,86	63,63,63,68,72	99,101,102,103,104
YGR195W	SKI6	68,68,69,69,69	57,64,70,71,71	50,50,51,54,57	51,57,63,67,71	72,73,74,76,78	45,48,51,52,52	59,64,69,71,72
YGR196C	FYV8	32,32,33,34,35	30,30,30,32,35	31,32,34,35,36	28,30,33,33,33	31,31,32,33,34	32,33,34,35,36	35,36,36,37,38
YGR197C	SNG1	46,47,48,51,53	44,46,47,51,54	78,78,78,82,85	45,46,48,48,48	32,35,37,37,38	89,92,95,96,96	40,40,40,41,43
YGR198W	YPP1	26,28,30,32,33	24,25,25,28,30	31,32,33,34,34	25,25,25,25,25	22,23,23,24,24	30,31,33,33,33	33,33,33,33,34
YGR199W	PMT6	47,47,47,48,50	47,48,48,51,54	44,45,45,49,53	48,49,51,51,52	47,49,51,51,51	45,45,46,47,49	46,47,49,51,53
YGR200C	ELP2	37,38,40,41,42	36,36,36,38,40	39,40,41,41,42	36,37,37,39,40	40,43,46,46,46	32,33,33,34,34	32,35,38,40,42
YGR201C		48,51,53,56,59	44,46,49,52,54	59,61,64,69,73	48,50,51,53,54	38,38,38,40,42	56,56,56,58,60	54,58,62,62,63
YGR202C	PCT1	109,112,114,117,119	126,127,128,137,146	125,129,134,140,147	128,128,129,135,141	105,116,127,129,130	127,128,129,135,141	103,108,113,117,120
YGR203W	YCH1	141,145,150,156,161	147,153,160,161,163	79,81,83,86,89	157,163,168,171,173	170,170,170,178,185	81,84,88,90,91	130,140,149,155,161
YGR204C-A		7,7,8,10,12	6,7,7,8,9	16,19,22,27,31	2,3,4,8,11	0,0,0,4,7	10,12,15,17,20	4,6,8,9,9
YGR204W	ADE3	318,320,321,331,342	284,297,310,311,313	378,390,401,403,404	279,287,295,296,296	265,266,266,269,271	419,421,423,440,456	355,360,364,366,367
YGR205W	TDA10	33,33,34,35,35	38,39,39,40,41	32,33,34,37,40	29,32,35,37,39	33,35,37,39,40	32,32,32,35,38	25,26,28,30,33
YGR206W	MVB12	54,57,60,60,61	68,68,69,72,75	64,66,67,79,90	64,65,67,68,70	64,64,64,70,76	75,80,85,86,86	60,61,62,63,65
YGR207C	CIR1	239,247,254,259,263	265,266,267,271,275	231,236,241,243,246	273,274,275,280,285	258,264,271,277,283	230,232,233,241,250	222,228,234,241,248
YGR208W	SER2	55,55,56,57,59	46,48,50,51,53	28,34,39,40,42	48,50,51,52,53	51,54,57,58,58	30,32,35,38,41	56,56,56,59,61
YGR209C	TRX2	502,509,515,563,611	447,469,490,496,502	684,690,696,698,701	457,473,489,503,516	415,428,440,455,469	686,702,717,723,730	500,506,513,552,590
YGR210C		77,79,80,82,84	76,76,77,81,86	56,57,59,63,67	75,79,83,86,90	78,80,81,85,89	51,52,52,55,58	74,75,77,78,79
YGR211W	ZPR1	102,104,106,108,110	89,90,91,97,103	73,74,74,80,85	95,95,96,98,99	90,94,97,98,99	56,56,57,61,64	94,94,94,96,97
YGR212W	SLI1	17,19,21,22,23	22,23,24,26,28	24,25,27,27,28	23,24,25,25,25	20,21,22,23,24	23,23,23,24,24	16,17,17,21,24
YGR213C	RTA1	11,12,12,13,13	13,13,14,15,15	14,15,16,16,17	15,16,17,17,18	11,12,12,13,15	11,13,14,15,16	9,11,12,12,12
YGR214W	RPS0A	463,499,534,538,543	583,584,585,587,589	316,317,318,324,329	591,591,591,592,593	764,764,764,769,774	279,286,292,293,294	402,438,474,488,503
YGR215W	RSM27	208,215,223,232,242	331,343,354,373,393	208,214,220,233,246	335,345,355,369,383	381,381,382,397,412	171,181,192,193,194	210,230,250,257,264
YGR216C	GPI1	28,29,30,33,36	31,32,33,34,34	52,53,54,55,56	26,29,31,32,33	26,27,28,30,33	46,47,49,50,52	29,31,32,32,33
YGR217W	CCH1	6,6,6,7,7	5,6,7,7,7	8,8,8,8,8	6,6,6,6,6	5,5,5,5,6	7,7,7,7,7	6,6,6,6,6
YGR218W	CRM1	68,69,70,73,76	66,68,69,72,75	63,67,70,70,70	65,65,66,68,71	57,60,62,63,63	70,71,72,74,75	67,68,69,72,75
YGR219W		0,0,0,0.3,0.6	0,0,0,0,0	0,0,0,0.9,2	0,0,0,0,0	0,0,0,0.5,1	0,0,0,0,0	0,0,0,0,0
YGR220C	MRPL9	74,80,86,88,90	106,119,132,136,140	87,89,91,93,95	127,129,132,132,133	133,137,140,142,145	64,68,71,73,74	69,74,79,80,81
YGR221C	TOS2	10,11,12,13,14	11,11,11,13,14	18,19,20,21,21	11,12,13,13,13	14,15,17,17,18	22,23,23,23,23	10,12,15,15,16
YGR222W	PET54	64,64,65,66,67	83,86,89,90,91	69,69,70,76,81	82,84,85,85,85	88,92,96,99,102	64,65,66,66,66	57,59,61,62,62
YGR223C	HSV2	44,47,50,51,52	41,42,43,44,45	80,81,83,86,90	36,37,39,40,41	29,30,32,34,37	81,82,82,84,86	42,44,47,47,48
YGR224W	AZR1	10,10,10,10,10	11,11,12,12,12	13,13,14,14,15	9,10,11,11,11	11,12,13,13,13	12,13,14,15,16	11,11,11,12,12
YGR225W	AMA1	4,4,5,5,5	5,5,6,6,6	4,4,5,5,5	3,3,4,4,4	4,4,5,5,5	5,5,5,6,7	4,4,4,5,5
YGR226C		0,0,0,0,0	0,0,0,0,0	0,0,0,0,0	0,0,0,0,0	0,0,0,0,0	0,0,0,0,0	0,0,0,0,0
YGR227W	DIE2	35,37,40,40,41	47,48,49,50,51	53,53,54,57,60	59,61,63,64,65	64,65,65,65,66	38,41,43,44,44	34,34,35,36,36
YGR228W		0,0.3,0.7,1,2	0,0.4,0.7,1,2	0,0,0,0,0	0,0,0,0,0	0.8,0.9,1,1,1	0.7,0.8,0.8,1,1	0,0.6,1,1,1
YGR229C	SMI1	116,117,119,120,121	123,123,123,124,124	63,66,68,71,74	119,125,131,134,137	113,116,118,119,120	59,61,63,64,65	113,113,113,114,116
YGR230W	BNS1	144,147,151,151,151	316,317,318,325,332	115,121,127,129,131	308,318,328,331,334	188,200,211,223,235	114,117,120,121,121	100,102,105,111,116
YGR231C	PHB2	287,290,293,301,309	386,389,392,399,405	364,365,366,371,376	415,416,418,424,429	392,395,398,402,406	351,358,365,366,366	266,269,272,275,279
YGR232W	NAS6	89,90,90,94,99	99,111,122,125,128	150,151,151,154,157	103,106,110,114,118	96,98,99,99,99	150,153,156,158,160	76,78,80,84,89
YGR233C	PHO81	20,20,21,22,23	25,25,25,26,27	18,18,19,20,20	27,27,27,29,30	26,28,29,30,31	17,19,20,20,20	20,20,20,20,20
YGR234W	YHB1	703,706,710,720,730	1247,1247,1247,1258,1270	239,246,252,256,260	1430,1469,1508,1515,1523	1926,1926,1926,1930,1933	121,126,131,132,133	615,626,638,640,642
YGR235C		236,240,244,260,276	255,264,274,285,297	256,267,277,281,285	269,270,271,276,281	241,244,247,260,273	260,263,267,271,276	232,238,245,247,249
YGR236C	SPG1	24,25,26,27,28	30,30,31,36,41	986,1019,1052,1170,1287	17,25,32,32,32	10,13,17,23,29	1063,1070,1077,1110,1143	20,22,25,28,31
YGR237C		29,30,31,32,34	36,40,43,43,44	41,42,43,45,47	36,36,36,36,37	30,33,36,36,36	42,44,47,48,49	27,28,29,30,32
YGR238C	KEL2	17,17,18,19,21	26,26,26,28,29	22,23,25,26,27	26,26,26,27,28	27,28,28,29,29	23,24,24,25,27	17,17,18,20,21
YGR239C	PEX21	460,483,505,512,520	522,524,527,576,625	125,126,126,128,130	526,535,545,581,617	442,445,448,480,512	128,129,129,134,138	412,412,412,421,429
YGR240C-A		18,26,35,35,36	34,34,35,37,38	17,18,18,21,24	38,39,39,42,45	33,34,35,39,43	14,14,15,19,22	23,23,24,28,33
YGR240C	PFK1	217,223,229,232,234	222,223,224,227,229	111,112,112,114,116	211,221,232,233,235	173,176,180,185,190	102,103,105,106,106	204,211,219,220,221
YGR241C	YAP1802	81,81,82,84,86	88,88,88,89,90	90,94,98,100,101	80,80,81,83,86	69,70,72,75,78	90,92,94,98,102	71,72,74,74,75
YGR242W		13,16,18,21,24	18,19,20,21,23	27,29,31,32,32	15,17,19,19,20	9,11,14,15,17	28,28,28,31,34	17,17,17,22,26
YGR243W	MPC3	963,989,1014,1024,1034	990,1032,1073,1125,1177	1578,1649,1720,1736,1752	957,962,967,1027,1086	843,853,862,971,1080	1570,1589,1608,1628,1647	922,943,965,986,1007
YGR244C	LSC2	699,702,704,724,744	733,747,762,794,826	1112,1127,1143,1149,1155	731,745,758,771,783	622,636,650,698,747	1098,1124,1149,1151,1152	676,682,687,716,744
YGR245C	SDA1	35,36,37,37,38	25,28,30,31,32	21,23,24,26,28	32,32,33,34,35	34,36,38,39,41	16,16,17,19,20	34,34,34,34,34
YGR246C	BRF1	45,45,45,48,51	48,49,51,51,51	46,47,48,48,48	45,46,47,48,48	44,46,48,49,49	46,47,48,50,51	44,44,44,47,50
YGR247W	CPD1	43,45,47,49,50	39,40,40,45,51	55,59,64,64,65	41,44,46,49,52	39,39,39,41,42	51,55,59,61,63	34,38,43,47,51
YGR248W	SOL4	14,17,20,20,20	28,30,32,33,34	36,41,45,46,48	32,34,37,39,42	27,30,33,35,36	41,44,46,49,51	12,14,15,16,16
YGR249W	MGA1	10,10,10,11,12	9,10,10,11,11	14,14,14,15,16	9,9,9,10,10	8,8,9,10,11	16,16,16,17,17	9,11,12,12,12
YGR250C	RIE1	172,177,181,191,201	164,165,167,167,168	240,243,245,247,250	158,160,161,166,172	148,150,151,151,151	212,217,222,227,231	190,198,206,208,210
YGR251W	NOP19	44,45,46,48,51	39,41,44,50,56	64,65,66,66,66	37,40,43,45,47	37,45,53,54,55	60,61,63,64,65	47,47,48,50,53
YGR252W	GCN5	59,60,61,63,65	50,51,53,53,54	48,48,48,50,51	48,49,51,51,51	50,51,52,54,56	54,54,54,54,55	65,66,68,71,75
YGR253C	PUP2	422,435,448,466,485	374,384,395,401,406	384,385,386,393,400	389,398,408,410,413	359,374,389,392,395	436,437,439,441,443	389,407,424,425,426
YGR254W	ENO1	69,72,74,92,110	104,106,109,113,118	586,647,708,733,758	125,125,126,130,134	114,117,119,128,136	516,550,585,616,647	69,71,74,79,84
YGR255C	COQ6	81,81,82,82,83	89,91,94,95,97	88,89,89,90,91	88,93,99,100,101	84,86,88,89,89	81,82,83,86,89	73,75,76,79,82
YGR256W	GND2	19,21,24,25,27	23,24,25,25,25	75,75,76,78,81	19,20,21,21,21	15,16,16,18,20	78,83,88,91,93	19,20,21,23,25
YGR257C	MTM1	80,84,88,90,93	85,89,93,95,97	127,128,129,129,129	93,93,93,98,102	100,101,101,102,103	118,119,119,121,122	81,84,86,87,88
YGR258C	RAD2	16,16,16,16,17	17,17,18,19,20	32,32,33,33,33	15,17,19,19,19	16,16,16,16,16	30,31,31,32,32	13,14,15,15,15
YGR259C		0.6,1,2,2,2	3,3,4,4,4	2,2,2,2,2	1,2,3,4,4	0.4,1,2,3,3	2,2,2,3,4	0.4,0.5,0.6,1,1
YGR260W	TNA1	203,209,216,218,219	188,195,202,217,232	188,209,230,232,235	192,201,210,223,236	161,169,176,178,179	210,215,220,223,226	202,205,209,213,218
YGR261C	APL6	32,33,34,34,35	36,37,37,38,38	31,32,33,34,35	35,35,35,36,37	29,32,34,35,37	32,33,35,36,38	28,29,30,30,30
YGR262C	BUD32	64,73,82,83,84	69,75,80,81,81	60,66,72,72,73	68,70,72,80,88	79,80,81,83,85	69,71,72,73,74	70,72,73,80,87
YGR263C	SAY1	24,25,26,28,29	31,32,32,35,37	30,30,31,31,31	30,31,33,36,39	26,27,28,29,30	35,35,35,38,40	26,27,28,28,29
YGR264C	MES1	72,75,78,79,79	64,67,70,73,76	60,62,63,65,67	68,70,72,74,76	71,74,77,79,80	57,62,66,66,67	66,66,67,69,72
YGR265W		3,4,4,5,5	2,2,2,3,3	4,4,4,5,6	0.7,2,3,4,5	0.4,1,2,2,3	2,3,4,5,6	0.6,1,2,3,4
YGR266W		57,57,57,58,60	68,69,69,70,70	93,95,97,98,100	67,67,67,68,70	56,57,58,61,64	105,106,106,109,111	56,57,57,58,59
YGR267C	FOL2	238,243,249,249,250	222,227,232,234,235	272,274,276,282,288	215,227,239,244,249	207,209,211,215,219	292,302,313,314,314	225,226,228,230,233
YGR268C	HUA1	75,76,77,83,88	81,81,81,82,82	164,176,188,190,192	66,70,73,75,76	71,72,74,77,80	157,164,171,191,211	66,67,68,71,74
YGR269W		6,8,9,10,11	7,7,8,8,9	9,13,16,16,17	8,9,10,10,11	6,6,7,13,19	14,16,18,18,18	9,10,10,11,11
YGR270C-A		0,0,0,0,0	0,0,0,0,0	0,0,0,0,0	0,0,0,0,0	0,0,0,0,0	0,0,0,0,0	0,0,0,0,0
YGR270W	YTA7	24,25,27,27,27	30,30,31,31,32	26,26,27,27,27	29,30,31,31,32	31,31,31,32,33	28,29,30,31,31	22,23,23,24,25
YGR271C-A	EFG1	43,45,47,51,56	36,36,37,37,38	43,43,43,45,47	40,42,44,45,45	49,50,51,51,51	24,27,30,37,44	41,42,42,48,53
YGR271W	SLH1	10,10,10,10,10	13,13,13,13,13	14,14,14,14,14	11,11,11,13,14	10,10,10,10,11	12,13,14,15,16	9,9,10,10,10
YGR273C		0.4,1,2,2,3	1,1,2,3,4	5,6,7,7,8	1,1,2,2,2	0.4,0.8,1,1,1	4,5,5,5,5	0.9,1,1,1,2
YGR274C	TAF1	28,29,29,30,31	25,25,25,26,28	30,31,31,32,33	25,25,26,27,27	24,24,25,25,26	29,29,29,29,29	24,25,25,26,28
YGR275W	RTT102	78,80,82,87,92	80,86,92,95,99	82,86,89,90,90	92,93,94,95,95	89,91,94,102,111	66,73,80,83,87	80,84,87,90,93
YGR276C	RNH70	52,54,55,57,59	50,51,52,57,62	67,69,71,75,78	51,52,53,54,55	47,50,52,53,53	75,76,78,80,83	51,52,53,54,55
YGR277C	CAB4	68,71,73,74,75	75,77,78,79,80	73,73,73,76,80	75,79,83,84,85	74,75,76,76,77	73,75,77,79,80	67,69,72,73,74
YGR278W	CWC22	21,22,23,23,24	22,23,24,25,26	27,29,31,31,31	22,24,27,27,28	20,22,23,25,26	26,28,29,31,32	22,22,22,23,24
YGR279C	SCW4	685,686,686,691,696	677,677,677,699,721	186,192,199,203,206	580,582,584,620,657	319,338,357,373,390	165,169,173,178,184	567,573,578,590,602
YGR280C	PXR1	56,62,68,71,73	50,51,53,58,62	44,49,54,55,56	58,65,71,75,79	84,84,85,90,95	33,35,36,37,37	41,48,55,55,55
YGR281W	YOR1	13,14,15,15,15	12,13,13,13,13	23,23,24,25,26	11,12,12,12,12	10,11,11,11,11	23,24,25,25,25	13,13,13,14,14
YGR282C	BGL2	1752,1788,1824,1824,1824	1013,1086,1158,1214,1270	1109,1142,1175,1180,1185	1050,1081,1112,1147,1183	940,943,946,947,948	1001,1012,1023,1054,1084	1819,1839,1858,1891,1924
YGR283C		22,24,27,30,33	18,18,19,20,21	32,35,39,40,42	25,26,27,27,28	30,31,33,35,36	24,24,24,25,26	25,26,27,30,32
YGR284C	ERV29	253,254,256,272,289	253,255,257,258,258	257,257,257,264,271	265,265,265,276,286	211,215,219,219,220	281,284,286,288,291	250,253,256,260,264
YGR285C	ZUO1	234,237,240,246,252	226,228,229,236,244	201,208,214,217,219	235,241,247,258,269	272,272,273,275,277	194,198,202,209,216	227,230,234,237,240
YGR286C	BIO2	352,379,407,452,497	368,383,398,406,415	942,951,960,968,976	364,396,427,441,455	355,362,368,374,379	1134,1150,1166,1195,1225	334,347,359,394,429
YGR287C	IMA1	19,20,21,22,22	10,13,16,17,18	33,34,34,35,36	14,14,15,15,15	11,12,13,13,14	27,29,31,33,35	19,19,20,21,21
YGR288W	MAL13	28,28,28,31,33	36,36,36,37,38	45,45,46,47,49	31,31,31,34,37	27,28,29,30,31	47,49,51,52,52	26,28,30,32,33
YGR289C	MAL11	18,19,19,20,21	17,18,19,19,19	123,134,146,151,155	17,17,18,18,18	17,17,18,18,18	85,93,101,107,112	18,18,18,19,21
YGR290W		2,3,4,4,4	4,4,4,5,6	2,3,3,4,5	4,5,6,6,6	3,4,4,5,5	4,4,4,4,5	2,3,3,4,6
YGR291C		0,0.4,0.9,1,1	0,0,0,1,2	2,2,3,3,3	0,0,0,0.6,1	0.9,1,1,2,3	0,0,0,0.5,1	0,0,0,0,0
YGR292W	MAL12	8,8,8,8,8	7,7,7,8,8	30,30,30,31,32	5,6,8,8,8	5,6,6,6,7	19,20,20,22,23	9,10,11,11,11
YGR293C		0.6,0.7,0.8,1,2	2,2,3,3,4	8,9,10,12,15	0.5,1,2,2,2	1,2,2,3,3	8,8,8,11,14	0.8,1,1,2,2
YGR294W	PAU12	0,0.3,0.6,1,2	0.7,0.7,0.8,2,3	3,5,7,7,8	0.6,1,2,3,3	0.7,2,2,2,2	6,6,6,11,16	0.7,0.9,1,1,1
YGR295C	COS6	164,168,172,183,195	137,148,159,161,163	194,197,199,208,216	147,149,150,152,153	128,139,149,152,155	197,204,210,215,219	182,186,190,193,197
YGR296C-A		0,0,0,0,0	0,0,0,0,0	0,0,0,0,0	0,0,0,0,0	0,0,0,0,0	0,0,0,0,0	0,0,0,0,0
YGR296C-B		0,0,0,0,0	0,0,0,0,0	0,0,0,0,0	0,0,0,0,0	0,0,0,0,0	0,0,0,0,0	0,0,0,0,0
YGR296W	YRF1-3	0.1,0.1,0.1,0.2,0.4	0.4,0.4,0.4,0.4,0.4	0.1,0.3,0.6,0.6,0.6	0.4,0.4,0.4,0.5,0.5	0.3,0.3,0.4,0.5,0.5	0.4,0.4,0.4,0.4,0.4	0,0.1,0.2,0.4,0.5
YHL001W	RPL14B	294,322,349,351,354	275,287,300,314,329	188,188,189,196,203	281,321,362,364,367	381,408,436,442,448	187,188,189,197,204	281,291,301,317,333
YHL002C-A		0.4,0.7,0.9,1,1	0,0,0,0.2,0.5	0,0,0,0,0	0,0,0,0,0	0,0,0,0.3,0.7	0,0.2,0.5,1,2	0,0,0,0.2,0.4
YHL002W	HSE1	42,43,44,44,44	43,44,45,47,49	67,68,70,74,78	45,46,47,49,51	40,41,41,42,42	70,70,71,71,72	36,40,43,44,44
YHL003C	LAG1	109,110,110,111,111	80,85,90,90,91	80,81,82,86,89	81,91,101,103,104	85,90,95,96,96	83,84,84,86,89	105,111,116,117,119
YHL004W	MRP4	113,120,126,127,128	188,190,191,194,198	120,121,122,131,139	201,204,208,209,211	217,219,221,226,232	95,98,101,102,102	109,111,114,122,129
YHL005C		0,0,0,0.7,1	0,0,0,0.4,0.7	0,0.2,0.4,0.7,1	0.6,1,2,2,2	0.8,1,1,2,2	0.7,0.9,1,1,1	1,1,1,2,3
YHL006C	SHU1	23,26,28,30,31	18,19,20,26,32	22,23,25,34,44	21,23,24,29,33	18,19,19,22,25	28,29,30,33,36	21,23,24,26,28
YHL006W-A		8,11,13,16,18	7,9,10,12,13	17,17,18,20,23	8,10,12,12,13	10,10,10,11,11	12,14,17,18,19	7,8,8,10,12
YHL007C	STE20	51,52,53,54,56	55,56,57,58,60	55,57,60,61,62	52,55,57,58,59	52,55,57,58,59	53,55,57,58,59	49,50,52,54,55
YHL008C		5,5,5,6,7	5,5,6,6,6	9,10,10,11,13	4,4,5,6,6	3,4,4,4,5	8,9,9,10,11	5,5,6,6,7
YHL009C	YAP3	28,30,32,33,34	32,34,35,37,39	36,36,36,38,39	30,32,34,35,36	33,34,35,36,37	35,37,39,41,43	26,28,30,31,31
YHL009W-A		0,0,0,0,0	0,0,0,0,0	0,0,0,0,0	0,0,0,0,0	0,0,0,0,0	0,0,0,0,0	0,0,0,0,0
YHL009W-B		0,0,0,0,0.1	0,0,0,0,0	0,0,0,0,0	0,0,0,0,0	0,0,0,0,0	0,0,0,0,0	0,0,0,0,0
YHL010C	ETP1	15,15,16,16,16	15,15,15,17,19	26,27,28,28,28	17,17,17,18,19	14,15,15,17,19	20,22,24,26,28	11,14,16,16,16
YHL011C	PRS3	105,112,119,122,124	104,104,104,111,118	125,127,129,139,150	106,114,122,123,123	126,129,132,134,137	118,122,125,128,130	99,100,101,105,109
YHL012W		13,13,13,15,17	12,13,15,15,16	16,16,16,18,19	11,12,14,15,17	11,11,11,12,13	17,18,19,19,20	12,13,13,14,14
YHL013C	OTU2	43,44,44,46,48	36,36,36,37,37	44,45,45,48,51	36,38,40,42,44	40,40,40,44,47	38,40,42,44,45	41,43,45,46,47
YHL014C	YLF2	33,33,34,39,43	46,47,48,49,51	33,34,35,37,39	43,44,44,46,48	48,48,49,51,52	28,29,30,31,32	36,37,37,38,40
YHL015W-A		13,17,21,32,43	22,27,32,41,50	39,50,60,61,61	28,33,38,39,40	28,31,34,37,41	19,25,30,38,46	21,22,23,33,44
YHL015W	RPS20	1139,1313,1486,1486,1486	1513,1545,1577,1596,1615	756,759,761,788,815	1367,1456,1546,1573,1600	2266,2266,2266,2311,2356	630,639,647,650,653	1216,1249,1283,1371,1459
YHL016C	DUR3	27,28,30,30,31	27,28,29,29,30	22,23,24,24,25	22,22,23,24,25	15,15,15,16,17	29,30,30,31,31	24,25,27,30,33
YHL017W		31,32,34,34,35	33,34,35,36,37	32,33,34,34,35	33,34,35,35,35	30,30,30,33,36	29,31,33,33,34	31,32,33,34,34
YHL018W		13,14,15,15,16	16,19,22,22,22	14,15,16,17,19	18,19,19,23,27	12,14,16,17,18	17,18,20,25,30	19,20,22,22,23
YHL019C	APM2	18,18,19,19,20	18,19,19,19,20	19,21,22,24,25	14,16,17,17,18	13,14,14,15,17	21,23,26,26,26	17,17,17,18,18
YHL019W-A		0,0,0,0,0	0,0,0,0,0	0,0,0,0,0	0,0,0,0.1,0.2	0,0,0,0,0	0,0,0,0,0	0,0,0,0.2,0.3
YHL020C	OPI1	131,132,132,138,144	121,125,130,131,132	274,285,295,300,305	128,129,129,132,135	130,131,131,133,134	261,262,263,275,287	115,117,119,122,126
YHL021C	AIM17	143,148,153,181,209	200,210,219,229,238	497,513,530,540,550	182,185,187,193,199	121,125,129,130,131	462,482,503,526,549	138,151,165,180,196
YHL022C	SPO11	6,7,7,8,9	7,7,7,7,8	6,8,9,9,10	7,7,8,8,9	9,9,9,9,9	10,11,12,12,13	5,5,6,7,9
YHL023C	NPR3	36,37,38,38,39	39,40,40,40,40	40,40,40,41,43	36,37,37,38,39	35,36,36,37,39	37,38,38,39,40	36,37,37,37,37
YHL024W	RIM4	207,212,217,218,219	200,205,211,215,219	123,125,127,128,129	166,174,183,187,191	139,143,148,158,168	132,133,134,140,146	214,220,226,230,233
YHL025W	SNF6	62,63,64,64,65	66,67,68,73,77	49,49,49,54,58	69,71,73,73,73	63,64,64,65,65	51,52,54,55,56	60,62,65,68,70
YHL026C		12,14,15,17,19	22,24,25,26,26	19,22,24,25,26	25,27,29,30,31	19,20,21,23,24	23,23,23,25,27	14,15,17,17,17
YHL027W	RIM101	148,151,154,156,159	126,130,134,142,150	198,199,200,204,208	131,133,136,139,142	120,126,133,134,135	216,221,226,229,233	154,155,156,158,160
YHL028W	WSC4	20,20,20,23,26	34,37,41,41,41	15,16,16,17,19	30,32,33,37,41	22,22,23,26,29	15,17,18,19,19	16,17,18,19,20
YHL029C	OCA5	72,73,73,74,74	67,70,73,80,87	118,118,118,120,123	74,76,77,82,86	73,75,76,79,82	114,115,117,119,122	71,72,74,74,74
YHL030W-A		0.4,0.7,1,1,1	0.5,0.8,1,1,1	4,4,4,4,5	0,0.9,2,2,3	0,0.7,1,2,2	3,3,3,3,4	0.5,0.7,0.8,1,1
YHL030W	ECM29	26,26,27,28,29	25,25,25,26,27	21,22,24,25,26	24,24,24,24,24	20,21,21,21,21	28,30,32,32,32	22,23,24,26,28
YHL031C	GOS1	30,31,31,32,32	26,26,26,27,27	25,26,27,27,27	27,28,28,28,29	21,22,23,27,31	27,29,31,33,34	34,36,38,38,38
YHL032C	GUT1	161,161,161,166,170	193,193,193,195,196	382,392,401,419,437	214,215,216,217,219	226,230,235,235,236	373,377,381,390,398	141,142,144,146,148
YHL033C	RPL8A	184,200,216,225,234	197,228,259,261,264	162,173,183,188,193	336,339,342,355,368	445,475,505,511,518	145,146,147,148,149	181,181,181,207,233
YHL034C	SBP1	297,299,301,315,329	296,307,319,359,399	377,380,382,384,385	313,314,315,340,364	312,334,356,367,379	404,405,407,415,423	299,300,301,303,306
YHL034W-A		13,15,16,16,16	18,19,21,24,27	22,22,23,23,23	15,16,18,20,23	18,18,19,23,28	26,27,28,30,31	17,19,22,25,28
YHL035C	VMR1	8,8,8,8,9	8,8,8,8,8	15,16,16,17,17	9,9,9,10,11	9,9,9,9,9	13,13,14,15,15	8,8,8,8,9
YHL036W	MUP3	34,36,38,41,43	59,61,62,66,70	89,93,98,106,114	56,56,56,56,56	56,56,56,58,59	94,99,104,108,113	52,54,56,56,57
YHL037C		0,1,2,3,4	2,2,2,3,5	8,9,10,10,11	0.6,0.8,1,3,4	1,1,2,2,3	5,8,11,12,13	0.5,1,1,3,5
YHL038C	CBP2	33,34,34,35,35	44,45,46,47,49	51,52,53,55,57	42,45,47,48,49	46,46,46,48,50	45,46,47,50,53	30,30,31,33,34
YHL039W	EFM1	38,38,39,39,39	33,36,39,39,39	36,37,37,40,44	37,39,42,43,44	37,41,45,46,47	27,30,33,33,34	31,32,32,32,33
YHL040C	ARN1	25,25,25,26,26	24,25,25,28,30	42,46,50,51,51	28,28,28,30,33	26,27,28,32,35	48,49,50,50,50	23,23,24,24,24
YHL041W		0.5,0.8,1,1,2	0,0.8,2,2,2	0.7,0.8,0.9,0.9,1	0.9,1,2,2,3	0.5,0.7,0.9,1,1	2,2,2,2,2	0.6,0.7,0.9,0.9,1
YHL042W		29,30,31,32,33	33,36,38,39,40	41,44,47,51,56	28,31,33,35,37	30,31,32,33,34	42,45,49,49,49	29,31,33,33,33
YHL043W	ECM34	20,21,21,21,22	28,29,30,31,31	41,46,51,52,52	24,26,28,29,30	22,22,22,25,28	39,45,51,52,53	17,19,21,23,25
YHL044W		11,11,12,13,14	12,13,14,14,14	11,11,12,14,16	9,10,12,14,16	7,9,11,11,12	12,16,21,24,27	9,11,12,12,12
YHL045W		0,0.4,0.7,1,1	0,0.4,0.7,0.7,0.7	0,0.3,0.7,0.8,1	0,0,0,0,0	0,0,0,0,0	0.7,0.7,0.7,0.8,0.8	0,0,0,0,0
YHL046C	PAU13	0,0,0,0,0	0,0,0,0,0	0,0,0,0,0	0,0,0,0,0	0,0,0,0,0	0,0,0,0,0	0,0,0,0,0
YHL046W-A		0,0,0,0,0	0,0,0,0,0	0,0,0,0,0	0,0,0,0,0	0,0,0,0,0	0,0,0,0,0	0,0,0,0,0
YHL047C	ARN2	0,0,0,0,0	0,0,0,0,0	0,0,0,0,0	0,0,0,0,0	0,0,0,0,0	0,0,0,0,0	0,0,0,0,0
YHL048C-A		0,0,0,0,0	0,0,0,0,0	0,0,0,0,0	0,0,0,0,0	0,0,0,0,0	0,0,0,0,0	0,0,0,0,0
YHL048W	COS8	0,0.2,0.3,0.4,0.6	0.1,0.3,0.5,0.7,0.9	0.9,1,1,1,1	0.1,0.1,0.2,0.3,0.4	0.3,0.6,0.9,1,1	0.3,0.3,0.3,0.6,0.9	0.3,0.4,0.5,0.8,1
YHL049C		0,0,0,0.3,0.5	0.2,0.2,0.3,0.7,1	0,0.1,0.2,0.4,0.5	0.7,0.7,0.8,0.9,0.9	0.4,0.5,0.6,0.6,0.6	0.3,0.4,0.4,0.5,0.5	0,0,0,0.1,0.2
YHL050C		0.2,0.2,0.2,0.4,0.6	0,0.1,0.3,0.4,0.6	0,0.1,0.1,0.1,0.2	0.1,0.1,0.1,0.2,0.3	0.3,0.3,0.4,0.5,0.6	0.2,0.2,0.2,0.3,0.5	0.2,0.3,0.4,0.4,0.5
YHL050W-A		0,0,0,0,0	0,0,0,0,0	0,0,0,0,0	0,0,0,0,0	0,0,0,0,0	0,0,0,0,0	0,0,0,0,0
YHR001W-A	QCR10	2116,2173,2229,2246,2264	2058,2164,2270,2298,2326	1823,1823,1823,1918,2014	2177,2229,2280,2280,2280	2266,2338,2410,2424,2439	1538,1554,1570,1584,1599	2192,2206,2219,2268,2316
YHR001W	OSH7	103,107,111,111,112	106,106,106,114,123	137,140,144,148,152	108,110,113,113,113	96,98,99,102,104	134,137,140,140,140	102,104,106,112,118
YHR002W	LEU5	38,39,41,42,43	43,43,44,49,54	90,92,95,98,102	41,45,49,49,50	43,45,47,47,48	72,79,85,86,87	38,40,42,42,42
YHR003C	TCD1	38,43,47,48,48	46,48,50,52,54	53,55,57,57,57	50,50,50,51,52	42,42,43,46,49	55,57,58,60,63	39,42,44,44,44
YHR004C	NEM1	49,54,59,60,60	51,52,53,57,62	93,99,105,110,115	52,52,53,54,54	47,47,48,49,50	92,93,94,94,95	58,58,58,60,62
YHR005C-A	TIM10	605,635,665,670,675	895,946,997,1062,1126	668,682,696,711,727	957,991,1025,1077,1129	1173,1185,1197,1328,1460	518,529,539,548,557	590,593,596,632,669
YHR005C	GPA1	52,52,53,53,53	80,81,83,85,87	71,73,75,76,77	92,92,92,97,102	103,103,103,105,106	69,69,70,70,71	45,46,48,49,50
YHR006W	STP2	97,101,104,107,109	88,89,90,90,90	115,117,120,125,131	88,91,93,94,95	88,91,94,99,103	122,125,127,135,143	111,113,115,116,116
YHR007C-A		30,32,34,39,44	22,28,33,35,37	54,56,59,60,61	24,26,28,31,34	29,30,32,33,34	62,65,68,72,76	25,27,29,31,34
YHR007C	ERG11	423,424,425,426,428	354,396,437,439,441	235,237,239,239,239	461,471,480,482,484	526,529,533,546,559	231,239,246,248,249	355,369,384,404,423
YHR008C	SOD2	851,857,863,905,948	1110,1113,1116,1134,1152	1002,1037,1072,1100,1127	1183,1198,1212,1250,1289	1184,1236,1287,1326,1366	924,929,934,934,934	811,815,820,828,837
YHR009C	TDA3	186,193,200,204,209	219,224,228,228,228	162,165,167,172,176	215,218,220,221,221	225,227,230,232,233	152,156,160,161,161	178,185,192,195,198
YHR010W	RPL27A	579,650,722,730,738	607,608,609,646,683	346,349,353,362,372	634,639,644,682,720	1049,1049,1049,1075,1101	275,279,282,295,307	582,616,650,683,717
YHR011W	DIA4	24,29,33,33,33	43,45,46,46,47	20,20,21,23,25	48,53,57,61,65	66,70,73,74,75	21,22,23,23,23	26,26,26,29,31
YHR012W	VPS29	100,101,102,108,113	104,108,111,112,113	98,101,105,107,108	102,102,102,104,105	105,105,106,113,121	114,115,115,118,121	99,101,102,109,115
YHR013C	ARD1	68,72,76,77,78	61,67,73,76,79	63,63,64,64,64	66,67,67,74,80	79,80,82,85,89	57,58,59,61,62	72,72,73,75,78
YHR014W	SPO13	11,11,11,12,12	13,14,14,14,14	22,23,24,24,24	10,10,10,12,13	11,11,11,14,17	19,19,20,23,25	9,11,13,14,15
YHR015W	MIP6	7,8,10,11,12	9,10,11,11,11	13,14,16,18,20	9,9,10,10,10	7,8,9,10,10	15,15,15,17,19	12,12,12,12,12
YHR016C	YSC84	54,56,59,60,61	83,85,88,91,94	64,64,64,66,69	78,79,81,81,82	65,66,67,69,70	64,67,70,75,80	50,51,53,54,55
YHR017W	YSC83	81,82,83,85,88	87,88,88,89,90	97,98,98,101,103	76,78,79,80,81	64,65,65,67,70	111,112,113,117,121	74,75,75,76,76
YHR018C	ARG4	918,1026,1134,1170,1206	820,852,885,938,990	824,855,885,886,887	822,868,915,929,942	698,745,792,846,901	1070,1086,1101,1127,1152	992,1113,1234,1266,1297
YHR019C	DED81	264,266,268,271,274	244,253,261,262,262	235,247,260,262,265	248,252,256,257,257	256,257,257,258,260	253,255,257,260,263	253,253,253,256,260
YHR020W		100,108,116,117,118	81,82,83,87,91	104,105,106,108,110	94,96,97,101,105	98,105,112,113,115	107,110,113,114,115	100,100,101,104,107
YHR021C	RPS27B	779,784,790,821,853	797,798,799,866,932	456,460,464,465,466	832,843,853,871,889	1128,1145,1161,1191,1221	407,407,408,414,420	753,754,755,771,786
YHR021W-A	ECM12	2,3,3,4,4	2,3,4,5,5	5,6,6,8,9	2,4,5,6,7	2,3,4,4,5	4,4,4,5,5	1,2,2,2,2
YHR022C		2,2,3,3,4	4,5,6,7,8	6,7,8,9,9	5,5,5,5,5	6,6,6,6,7	10,10,11,12,13	3,4,4,4,4
YHR022C-A		5,7,10,16,23	5,6,6,9,12	31,37,44,44,44	9,11,13,15,17	8,9,9,13,18	28,36,43,47,51	3,4,5,13,21
YHR023W	MYO1	12,12,12,13,13	18,18,18,19,19	6,6,7,7,7	17,17,17,18,19	11,12,13,14,15	6,7,7,7,7	11,12,12,12,12
YHR024C	MAS2	112,118,124,128,133	140,144,147,151,154	191,198,205,205,206	148,153,157,160,162	156,156,156,165,173	158,159,160,160,161	107,107,107,111,115
YHR025W	THR1	204,208,211,212,212	165,174,183,190,198	171,178,186,188,190	170,177,183,185,186	163,167,170,182,194	206,207,208,215,222	179,184,190,197,205
YHR026W	VMA16	238,244,250,251,251	226,233,241,241,242	217,218,220,231,242	232,239,245,254,263	213,219,225,231,237	221,225,230,237,245	217,232,248,258,267
YHR027C	RPN1	205,206,206,208,210	179,182,185,197,209	188,196,204,204,204	187,189,192,194,197	174,177,180,181,182	213,219,225,230,234	193,197,201,206,210
YHR028C	DAP2	66,68,70,75,80	67,72,76,80,84	102,103,104,108,112	68,71,75,76,78	61,61,61,62,63	112,116,120,121,122	69,70,71,72,73
YHR028W-A		0,0.3,0.7,0.8,0.9	0,0,0,0,0	0,0,0,1,2	0,0,0,0,0	0,0,0,0,0	0,0.4,0.8,1,2	0,0,0,0.7,1
YHR029C	YHI9	93,93,93,97,100	80,80,81,85,88	66,69,72,75,78	68,73,78,83,88	63,64,66,68,70	81,84,86,92,97	90,94,97,100,103
YHR030C	SLT2	58,60,62,63,65	63,63,63,65,67	36,37,38,38,39	66,67,68,70,72	69,73,77,79,80	32,33,34,34,35	60,61,62,66,69
YHR031C	RRM3	28,29,29,30,31	16,17,19,20,22	32,34,35,36,38	17,19,20,21,22	15,15,16,17,19	34,35,35,36,37	33,34,35,35,35
YHR032C-A		0,0,0,1,2	0,1,2,3,4	0,0,0,2,5	0,0,0,1,2	0,0,0,2,4	2,2,2,3,5	0,1,2,3,4
YHR032W-A		12,12,12,13,14	7,10,13,16,19	12,14,16,16,17	10,15,19,20,21	5,6,8,10,13	7,10,13,13,13	7,10,13,14,16
YHR032W	ERC1	46,46,46,48,50	40,41,41,42,42	52,55,58,60,62	40,41,43,45,47	38,38,39,42,44	48,49,49,51,54	43,47,50,51,51
YHR033W		73,78,84,84,84	67,71,75,83,90	73,73,74,77,81	81,86,92,97,102	92,92,92,92,92	68,68,68,70,72	78,78,78,83,87
YHR034C	PIH1	25,27,28,29,31	27,28,28,31,33	44,45,46,48,51	33,34,34,36,37	25,27,30,30,30	41,44,47,47,48	27,27,27,28,30
YHR035W	NEL1	10,11,12,13,14	11,11,11,12,12	13,13,14,14,15	9,10,11,12,12	8,8,8,9,9	13,14,14,14,15	10,10,11,11,11
YHR036W	BRL1	40,41,41,41,42	34,35,36,38,41	29,29,30,31,32	33,34,35,37,39	33,34,35,37,38	29,30,32,32,33	36,38,41,43,45
YHR037W	PUT2	188,192,195,199,203	184,185,185,192,199	231,233,235,237,239	177,179,181,185,190	161,163,165,166,166	239,241,243,251,258	177,180,182,188,195
YHR038W	RRF1	54,61,68,72,76	90,96,102,102,102	62,68,74,75,76	97,101,104,108,111	106,111,116,121,126	52,53,54,55,57	54,55,57,58,59
YHR039C-A	VMA10	377,382,387,393,400	340,350,360,378,395	328,334,340,345,350	360,375,391,391,392	357,384,412,415,419	314,322,330,330,330	381,387,393,413,433
YHR039C	MSC7	98,99,99,100,101	100,103,105,106,107	171,174,176,179,182	129,130,132,138,144	200,205,210,210,210	183,184,185,186,187	88,91,94,94,94
YHR040W	BCD1	29,31,32,33,34	32,32,32,33,34	26,27,28,33,38	31,32,32,33,34	40,41,42,43,44	23,24,26,27,28	26,27,28,29,31
YHR041C	SRB2	53,55,58,60,62	61,61,61,64,67	49,50,50,52,53	60,60,60,63,66	56,59,62,62,62	53,53,54,54,54	51,54,57,59,61
YHR042W	NCP1	83,84,85,87,89	77,79,81,83,86	73,78,83,84,85	84,84,85,85,85	90,92,93,96,100	72,77,83,84,86	69,72,75,79,82
YHR043C	DOG2	97,100,103,103,104	92,95,98,101,105	87,89,91,95,99	81,83,85,89,92	91,92,93,96,99	76,78,80,80,81	111,111,112,117,122
YHR044C	DOG1	15,15,15,17,19	16,16,16,17,17	26,26,26,29,31	12,15,18,19,20	11,12,13,13,13	31,32,32,33,35	15,16,17,17,18
YHR045W		46,47,49,51,53	46,46,46,50,54	56,58,59,59,60	47,48,48,52,57	45,48,51,54,57	56,58,60,63,65	45,47,49,50,52
YHR046C	INM1	44,47,50,54,58	51,52,53,55,57	34,35,35,38,41	51,54,57,60,63	45,46,47,51,55	38,39,39,41,43	41,41,41,44,46
YHR047C	AAP1	52,53,53,54,54	48,49,49,52,55	38,39,40,40,41	52,52,53,53,54	45,45,46,47,49	43,47,50,51,51	49,51,53,53,54
YHR048W	YHK8	17,18,19,20,22	18,18,18,18,19	41,43,46,47,48	17,18,19,19,19	14,16,19,19,20	49,49,50,50,51	16,17,17,18,20
YHR049C-A		13,14,15,16,17	14,15,15,15,16	12,13,13,15,17	12,13,14,16,18	11,12,14,17,21	13,16,20,22,24	12,15,18,20,23
YHR049W	FSH1	134,137,140,145,150	132,134,136,136,137	80,87,94,94,95	129,133,138,142,146	118,127,137,142,147	74,76,77,79,80	121,126,131,132,133
YHR050W-A		103,117,132,142,152	99,107,115,115,115	106,108,111,116,120	103,108,114,117,120	101,114,126,149,172	134,138,142,146,149	105,110,115,116,118
YHR050W	SMF2	93,95,97,98,99	88,88,88,91,93	102,104,106,107,108	86,86,87,88,90	76,79,83,85,87	98,98,98,98,99	86,91,96,98,99
YHR051W	COX6	1152,1184,1216,1295,1373	1265,1293,1322,1322,1322	905,933,960,973,986	1299,1337,1375,1397,1420	1221,1228,1235,1275,1315	806,823,839,853,866	1181,1199,1217,1242,1266
YHR052W-A		0,0,0,0,0	0,0,0,0,0	0,0,0,0,0	0,0,0,0,0	0,0,0,0,0	0,0,0,0,0	0,0,0,0,0
YHR052W	CIC1	55,64,73,74,76	51,52,53,53,53	63,66,69,74,80	53,57,61,66,70	63,71,79,80,81	36,40,44,46,48	52,55,57,60,63
YHR053C	CUP1-1	0,0,0,0,0	0,0,0,0,0	0,0,0,0,0	0,0,0,0,0	0,0,0,0,0	0,0,0,0,0	0,0,0,0,0
YHR054C		2,2,2,2,3	2,2,2,2,2	2,2,3,3,3	0.8,1,2,2,3	1,2,3,3,3	1,2,3,3,3	1,1,2,2,2
YHR054W-A		0,0,0,0,0	0,0,0,0,0	0,0,0,0,0	0,0,0,0,0	0,0,0,0,0	0,0,0,0,0	0,0,0,0,0
YHR055C	CUP1-2	0,0,0,0,0	0,0,0,0,0	0,0,0,0,0	0,0,0,0,0	0,0,0,0,0	0,0,0,0,0	0,0,0,0,0
YHR056C	RSC30	18,18,19,20,20	17,17,18,18,18	19,20,22,22,22	15,16,17,17,17	13,14,15,15,15	20,20,21,21,21	18,20,21,21,22
YHR056W-A		0,0,0,0,0	0,0,0,0,0	0,0,0,0.2,0.3	0,0,0,0.2,0.4	0,0,0,0,0	0,0,0,0,0	0,0,0,0,0
YHR057C	CPR2	235,240,244,248,252	236,243,249,250,251	292,309,327,328,330	239,241,244,248,253	198,200,201,208,214	330,338,345,355,364	196,202,208,216,224
YHR058C	MED6	36,40,43,44,44	31,32,33,33,33	45,47,48,50,51	30,33,36,38,40	29,31,32,32,33	42,45,48,49,50	36,38,39,41,42
YHR059W	FYV4	150,162,175,185,196	252,261,270,280,289	125,135,144,145,145	260,263,267,278,290	269,282,295,300,304	74,83,91,101,110	154,164,173,177,182
YHR060W	VMA22	75,77,79,81,83	83,86,90,96,102	49,50,51,53,55	84,86,88,88,88	83,85,87,88,89	60,61,61,61,61	75,80,85,86,87
YHR061C	GIC1	57,57,57,60,62	26,27,28,28,29	53,54,55,58,62	22,22,22,22,22	14,15,16,18,19	49,51,53,57,61	62,64,65,67,68
YHR062C	RPP1	59,60,62,65,67	39,40,42,42,42	31,31,32,34,36	39,40,41,44,48	42,44,45,45,46	27,27,28,28,29	52,53,54,55,56
YHR063C	PAN5	106,107,107,108,108	94,95,97,99,101	82,83,83,84,85	91,92,93,96,99	87,90,93,95,96	81,81,82,85,87	98,101,104,108,112
YHR063W-A		0,0,0,0.4,0.8	0,0.4,0.7,0.8,0.9	0.7,1,2,2,2	0,0,0,0.7,1	0,0,0,0.3,0.6	0.7,1,1,3,4	0,0.4,0.9,1,1
YHR064C	SSZ1	156,167,178,180,183	148,151,153,158,164	124,126,128,128,128	149,154,159,163,167	159,165,170,179,187	116,119,122,124,126	156,159,162,169,177
YHR065C	RRP3	51,57,62,63,63	53,55,57,58,59	31,32,34,37,41	52,52,53,55,57	64,66,67,68,68	25,27,28,30,32	52,55,59,60,60
YHR066W	SSF1	31,36,40,42,44	30,31,33,34,35	14,16,18,20,23	41,41,41,43,45	50,51,52,55,59	10,12,14,15,16	25,28,31,32,33
YHR067W	HTD2	60,61,62,62,62	72,73,74,77,80	73,79,84,85,86	74,77,80,80,80	74,79,84,85,86	84,84,85,85,86	42,46,50,53,55
YHR068W	DYS1	77,78,80,81,83	63,66,69,74,79	54,54,54,57,59	60,64,67,71,75	61,72,83,84,84	51,53,56,58,60	72,73,74,78,82
YHR069C-A		0,0,0,0,0	0,0,0,0,0	0,0,0,0,0	0,0,0,0,0	0,0,0,0,0	0,0.3,0.7,1,1	0,0,0,0,0
YHR069C	RRP4	69,69,70,70,71	56,56,56,58,59	39,39,39,44,49	57,58,58,62,66	61,62,63,65,67	40,41,42,44,47	58,60,63,64,65
YHR070C-A		7,8,8,9,10	7,8,9,10,12	7,8,10,13,16	4,4,5,7,10	3,6,8,8,9	8,8,9,11,13	7,7,8,8,8
YHR070W	TRM5	13,14,14,15,16	13,13,14,14,14	18,19,19,20,21	14,14,15,15,15	13,14,15,17,18	19,20,20,20,21	15,15,16,16,17
YHR071C-A		0,0,0,0,0	0,0,0,0.4,0.8	0,0.5,1,2,2	0,0,0,0.4,0.8	0,0,0,0.4,0.9	0,0.5,1,1,2	0,0,0,0.5,1
YHR071W	PCL5	216,223,230,235,240	133,141,150,157,164	170,178,186,200,214	118,120,122,143,165	113,113,114,116,117	274,275,276,298,320	238,251,264,265,266
YHR072W-A	NOP10	614,662,710,737,765	609,620,632,640,649	675,695,714,748,782	635,636,638,670,701	699,700,701,712,724	602,620,637,677,717	640,663,685,707,728
YHR072W	ERG7	84,86,88,90,91	88,88,88,91,93	98,100,102,107,112	85,86,87,89,90	85,86,86,86,86	104,106,108,111,114	80,82,84,88,92
YHR073C-B		0,0,0,0,0	0,0,0,0,0	0,0,0,0,0	0,0,0,0,0	0,0,0,0,0	0,0,0,0,0	0,0,0,0,0
YHR073W-A		0,0,0,0,0	0,0,0,0,0	0,0,0,0,0	0,0,0,0,0	0,0,0,0,0	0,0,0,0,0	0,0,0,0,0
YHR073W	OSH3	38,41,44,46,48	45,46,46,46,47	59,60,61,61,62	43,44,46,46,46	43,44,45,45,46	55,56,56,57,57	43,44,44,45,46
YHR074W	QNS1	87,90,92,95,97	75,80,85,88,91	126,127,128,131,134	76,78,80,82,83	64,65,66,68,70	135,143,151,152,152	87,88,89,90,90
YHR075C	PPE1	22,23,24,24,25	30,31,31,31,32	44,46,49,49,50	27,28,30,32,33	25,26,28,31,34	42,43,45,47,48	21,21,22,24,26
YHR076W	PTC7	105,107,108,108,109	98,103,108,110,112	80,81,81,84,87	89,95,102,105,108	87,88,89,92,95	82,83,84,84,84	107,115,122,123,123
YHR077C	NMD2	36,36,36,37,37	36,36,37,39,40	26,29,32,34,35	35,36,37,39,41	39,39,40,41,42	26,27,28,29,29	35,36,37,38,38
YHR078W		42,44,46,50,53	45,45,45,46,47	48,50,52,52,52	43,44,46,46,46	48,49,51,51,51	52,52,53,54,55	38,41,44,45,45
YHR079C-A	SAE3	4,4,5,7,10	4,4,4,6,7	7,7,7,9,11	2,4,6,6,7	3,3,4,5,6	14,15,16,19,21	8,8,9,10,12
YHR079C	IRE1	24,25,25,26,28	22,23,24,26,29	54,54,54,55,56	24,24,24,24,25	23,24,25,25,25	47,48,50,52,54	23,24,24,24,24
YHR080C	LAM4	16,17,18,18,18	20,21,22,23,24	16,17,18,18,18	21,21,22,22,22	19,19,20,21,22	18,18,19,19,20	15,16,16,17,17
YHR081W	LRP1	101,102,103,110,118	84,87,91,104,116	83,91,99,101,104	85,91,96,104,111	121,122,123,126,130	79,80,82,88,95	101,103,105,106,106
YHR082C	KSP1	49,51,54,55,55	51,53,54,56,57	47,49,50,51,51	49,49,50,50,50	44,45,46,48,50	47,47,47,50,53	54,55,55,55,56
YHR083W	SAM35	83,84,85,86,86	87,90,92,92,93	76,81,87,87,87	86,86,87,87,87	85,86,86,87,88	83,83,84,84,84	78,81,83,84,84
YHR084W	STE12	28,28,29,29,29	26,27,28,31,34	19,20,21,22,23	26,26,27,28,28	29,30,31,32,33	20,20,21,21,21	23,25,27,28,29
YHR085W	IPI1	20,21,22,24,26	17,18,19,19,20	17,20,22,25,28	17,18,20,21,22	22,22,23,25,27	18,20,22,22,22	20,20,20,21,23
YHR086W-A		5,6,7,7,8	2,3,5,6,8	7,9,10,13,17	3,6,8,10,13	3,3,4,4,5	11,12,13,13,14	3,5,8,9,9
YHR086W	NAM8	69,70,71,71,71	48,51,53,54,54	50,53,56,57,59	45,46,47,49,51	42,43,45,45,45	48,49,51,53,55	79,80,80,81,83
YHR087W	RTC3	35,36,37,41,44	45,49,52,56,60	270,270,271,276,282	34,38,41,44,48	28,31,33,33,33	169,175,180,189,197	37,38,40,48,55
YHR088W	RPF1	67,73,79,80,80	64,66,68,72,75	79,79,80,82,84	62,64,66,73,79	75,79,82,84,86	62,70,78,79,80	62,64,67,71,76
YHR089C	GAR1	116,132,147,148,148	123,136,149,151,153	115,129,144,145,146	132,138,145,145,145	153,159,165,174,184	120,121,121,125,128	101,119,138,139,140
YHR090C	YNG2	81,84,86,88,91	85,86,87,91,94	89,93,96,101,106	80,84,87,88,88	79,79,79,81,83	87,91,96,97,97	79,79,79,82,84
YHR091C	MSR1	48,48,49,50,50	64,65,66,69,71	49,52,55,57,59	70,70,70,75,79	66,68,70,72,73	49,49,49,53,56	43,46,50,50,50
YHR092C	HXT4	8,8,8,8,8	6,7,8,8,8	23,24,25,25,26	7,7,7,7,8	6,7,7,8,9	18,18,18,21,23	10,10,10,11,12
YHR093W	AHT1	2,2,3,5,7	3,4,5,5,5	7,9,11,11,11	4,5,5,6,7	4,4,5,6,8	5,5,6,6,6	4,5,5,5,6
YHR094C	HXT1	9,10,10,10,11	9,10,11,11,12	21,23,25,26,27	9,10,10,11,11	10,10,10,11,11	12,13,15,15,15	11,11,11,12,12
YHR095W		0,0.2,0.4,1,2	1,1,1,1,1	2,3,3,3,4	0,0.3,0.6,1,1	0,1,2,3,3	1,1,2,2,3	1,2,2,2,3
YHR096C	HXT5	415,429,442,487,532	634,658,681,727,772	388,394,401,417,433	768,811,853,862,871	675,709,743,752,762	429,431,433,446,459	455,461,467,471,475
YHR097C		92,92,93,95,97	109,118,127,133,138	175,178,181,187,193	115,116,117,124,131	114,118,122,130,138	136,142,147,150,152	93,93,93,95,97
YHR098C	SFB3	51,52,53,53,53	42,43,45,46,47	35,36,36,37,37	42,42,42,43,44	39,40,40,41,41	37,37,37,37,38	56,56,57,57,58
YHR099W	TRA1	8,9,9,9,9	7,7,7,7,8	5,5,6,6,6	7,8,8,8,8	6,7,8,8,8	5,5,5,5,5	8,9,9,9,9
YHR100C	GEP4	116,116,117,122,128	117,120,123,125,127	143,148,154,155,157	113,115,116,126,136	116,117,117,121,126	137,140,143,150,156	112,118,124,126,129
YHR101C	BIG1	39,40,41,42,43	46,47,48,50,53	49,52,54,57,60	38,41,43,47,51	32,33,34,35,37	50,52,53,54,54	42,44,45,46,46
YHR102W	KIC1	28,29,29,31,32	27,27,27,27,27	28,30,31,32,33	25,26,28,29,30	26,28,30,30,31	27,28,30,31,32	28,30,32,33,33
YHR103W	SBE22	37,37,38,39,40	34,34,35,35,36	34,35,35,35,36	41,41,42,44,46	63,64,66,67,69	29,30,31,31,32	41,41,42,42,43
YHR104W	GRE3	212,215,219,225,231	250,268,285,287,289	239,244,249,260,271	252,256,260,268,276	236,238,241,253,265	209,220,232,241,250	180,192,203,204,206
YHR105W	YPT35	29,32,35,35,35	34,35,35,38,41	79,82,85,87,88	35,35,36,37,38	30,30,30,31,32	82,83,84,84,84	30,32,33,33,33
YHR106W	TRR2	66,68,71,72,74	65,67,69,70,70	195,197,199,201,203	57,58,59,61,64	55,55,56,57,59	194,198,203,209,214	64,66,67,67,68
YHR107C	CDC12	143,147,150,153,157	112,112,113,114,114	90,91,92,95,97	100,104,109,112,114	96,100,104,105,105	81,82,82,89,96	167,167,168,168,169
YHR108W	GGA2	142,149,156,159,162	123,125,128,130,133	115,117,120,120,121	119,119,120,120,121	112,116,120,120,121	106,107,109,110,110	167,168,169,175,180
YHR109W	CTM1	18,19,20,21,22	28,29,29,30,31	19,21,22,24,27	26,28,29,30,30	31,31,32,33,34	19,19,19,19,20	14,16,17,17,17
YHR110W	ERP5	107,107,108,109,111	96,98,99,103,106	220,226,231,242,254	102,107,111,114,116	136,137,138,145,151	228,234,241,249,256	122,126,130,132,134
YHR111W	UBA4	51,52,53,53,53	53,54,54,55,56	70,72,73,76,79	53,54,55,56,58	50,50,51,51,51	70,72,73,77,81	50,51,52,53,54
YHR112C		109,110,111,113,115	123,123,123,127,130	144,146,149,152,156	120,123,125,127,129	119,123,127,130,133	152,156,160,162,164	125,125,126,126,127
YHR113W	APE4	69,74,79,80,81	74,77,81,85,89	174,175,176,179,183	78,82,85,86,88	78,80,81,81,82	175,177,178,183,187	64,66,68,71,73
YHR114W	BZZ1	40,44,47,48,49	47,48,49,50,51	43,46,48,51,53	45,47,48,49,50	40,41,42,43,44	48,49,50,51,52	43,43,43,43,44
YHR115C	DMA1	83,85,86,86,87	79,83,88,89,90	161,165,169,172,175	77,77,78,79,80	64,65,66,71,75	160,161,162,168,175	72,74,76,77,78
YHR116W	COX23	94,102,109,109,110	144,167,191,191,191	112,115,117,120,123	159,164,169,177,184	149,157,164,175,186	95,97,99,104,108	82,87,93,95,97
YHR117W	TOM71	56,58,61,62,64	61,63,65,65,66	66,69,71,71,71	64,66,68,68,68	66,66,66,69,72	73,73,73,74,74	55,55,56,58,60
YHR118C	ORC6	26,27,29,32,34	25,27,29,30,30	28,28,28,31,33	26,26,26,28,30	20,21,23,25,27	26,26,26,30,34	30,31,31,32,32
YHR119W	SET1	24,25,26,27,28	23,23,23,24,26	19,19,19,20,20	23,23,23,24,25	20,21,22,23,24	19,19,19,20,21	27,27,28,28,29
YHR120W	MSH1	13,13,14,14,14	12,12,13,13,13	12,12,13,14,15	11,11,11,12,13	14,14,14,14,15	13,13,13,13,13	11,12,12,13,13
YHR121W	LSM12	204,205,206,208,209	216,216,216,227,238	164,167,169,178,186	198,208,219,224,229	215,220,225,233,241	146,146,147,162,176	192,196,201,209,217
YHR122W	CIA2	168,174,181,186,191	143,152,160,166,172	176,178,180,185,191	123,138,152,163,175	123,136,148,153,158	181,183,185,187,190	177,178,179,179,180
YHR123W	EPT1	37,40,43,44,45	41,44,46,46,47	38,40,41,42,42	47,49,51,53,54	54,55,55,58,61	37,38,39,42,44	43,43,44,45,45
YHR124W	NDT80	13,14,15,16,16	13,14,15,16,17	34,35,36,38,40	14,14,15,16,16	12,14,16,16,17	33,35,37,38,38	13,13,14,14,14
YHR125W		2,4,7,9,11	2,4,6,8,9	25,26,27,29,32	4,5,5,6,6	3,5,7,8,8	17,19,21,22,23	10,12,13,13,14
YHR126C	ANS1	6,6,6,7,8	8,8,9,9,10	27,28,29,31,32	6,7,8,10,11	7,8,10,11,12	23,23,23,24,25	5,8,11,12,13
YHR127W		36,39,42,44,46	38,40,41,42,42	31,34,36,38,40	37,37,37,38,39	38,43,48,49,50	27,28,30,32,35	38,38,39,46,53
YHR128W	FUR1	46,46,46,52,57	52,53,54,56,57	57,58,58,64,70	58,58,58,62,66	76,82,88,88,89	53,56,58,63,68	45,48,51,52,53
YHR129C	ARP1	27,28,29,30,30	21,23,24,25,26	26,28,30,30,31	25,26,27,27,27	21,22,23,24,25	27,30,33,34,35	31,31,32,33,35
YHR130C		8,9,10,10,11	11,11,11,12,12	14,18,21,22,22	3,6,9,11,13	6,7,9,12,15	17,19,20,22,24	5,9,13,13,13
YHR131C		23,24,24,25,26	22,22,22,24,26	32,34,36,37,38	20,22,24,24,25	21,21,21,21,21	34,35,35,38,41	21,22,22,23,23
YHR131W-A		3,3,4,4,4	0.9,2,3,3,3	7,9,10,12,15	0.8,2,3,3,3	1,2,2,4,5	11,11,11,12,13	2,2,3,3,4
YHR132C	ECM14	123,131,139,141,144	121,125,130,130,130	375,384,393,397,400	114,117,121,121,122	97,99,101,106,110	383,387,390,391,392	131,131,131,134,137
YHR132W-A	IGO2	237,244,252,253,254	223,227,231,252,273	440,454,467,469,471	221,225,229,232,235	197,206,214,215,216	370,387,404,405,406	241,247,252,259,266
YHR133C	NSG1	56,59,61,62,63	42,48,54,55,56	60,61,61,62,62	46,47,48,51,55	44,45,47,47,48	57,59,62,63,65	59,60,61,65,70
YHR134W	WSS1	25,28,31,31,32	24,25,26,28,30	36,40,44,44,44	21,23,25,25,26	23,23,23,25,27	41,42,43,45,47	29,31,34,34,34
YHR135C	YCK1	146,149,151,153,154	125,131,137,142,147	111,114,116,118,120	123,123,123,123,123	102,104,106,115,123	109,109,110,110,110	149,159,168,173,178
YHR136C	SPL2	7,10,13,14,16	7,12,17,17,17	25,29,34,34,35	12,12,13,13,13	6,6,6,7,8	40,44,47,48,48	9,10,11,12,12
YHR137C-A		0,0,0,0,0	0,0,0,0,0	0,0,0,0,0	0,0,0,0,0	0,0,0,0,0	0,0,0,0,0	0,0,0,0,0
YHR137W	ARO9	73,74,74,79,83	58,58,59,61,63	208,220,232,236,239	42,43,45,50,55	27,30,33,35,37	236,251,266,267,268	83,84,84,90,95
YHR138C		228,229,231,251,270	248,250,252,253,254	856,887,918,925,932	228,230,232,272,313	206,223,241,246,251	888,896,903,921,938	227,231,235,241,247
YHR139C-A		5,6,7,8,9	7,7,7,9,10	14,14,14,17,21	5,6,8,8,9	2,3,5,5,5	9,13,18,21,24	7,8,9,10,11
YHR139C	SPS100	6,7,7,8,9	8,9,9,10,11	16,18,20,22,23	7,8,8,9,10	5,6,6,7,8	18,20,21,22,24	9,9,10,10,11
YHR140W		21,21,22,22,22	17,18,19,21,23	29,29,29,30,30	17,19,21,21,21	10,11,13,13,13	35,36,36,41,47	15,17,20,20,21
YHR141C	RPL42B	841,894,948,953,958	774,831,889,903,917	523,537,550,551,552	816,892,967,1004,1040	1214,1290,1366,1366,1366	408,423,438,449,459	891,902,913,919,926
YHR142W	CHS7	83,89,96,98,99	85,87,90,97,104	77,78,79,81,82	105,106,107,109,111	112,114,116,117,119	62,63,63,66,69	93,96,99,100,101
YHR143W-A	RPC10	314,315,317,329,342	276,281,286,305,323	241,246,250,256,263	290,301,313,322,330	286,301,316,332,347	205,208,212,214,216	299,300,301,309,317
YHR143W	DSE2	27,37,47,47,48	29,37,44,46,48	40,40,41,42,42	70,78,86,91,96	563,579,594,603,611	36,37,38,39,40	35,38,41,42,43
YHR144C	DCD1	28,31,35,36,37	26,28,30,32,33	24,25,26,29,32	27,29,30,30,31	28,30,31,32,34	21,22,23,23,24	30,30,31,31,31
YHR145C		0,1,3,3,3	0.7,0.7,0.8,1,2	1,2,3,3,4	2,2,2,2,2	0,0.4,0.7,1,1	0.7,1,2,3,4	1,1,1,1,2
YHR146W	CRP1	248,250,251,252,252	166,167,167,174,180	172,173,174,177,181	161,166,171,174,176	140,141,142,147,153	170,172,174,180,186	233,243,253,258,262
YHR147C	MRPL6	109,118,128,131,134	174,185,196,199,203	129,132,136,141,146	184,185,186,192,199	204,205,206,211,216	95,99,103,112,121	110,117,124,126,128
YHR148W	IMP3	48,50,51,54,56	32,36,39,42,45	50,51,52,57,63	47,47,47,49,52	54,56,58,58,58	35,37,39,43,48	48,48,49,50,51
YHR149C	SKG6	26,26,27,27,28	28,28,28,29,29	13,13,13,13,13	32,33,34,36,38	50,50,50,53,56	10,11,12,12,12	29,31,33,34,34
YHR150W	PEX28	36,36,36,37,37	27,28,30,31,32	100,102,103,108,113	27,27,28,28,29	25,27,29,29,29	94,97,100,102,105	36,36,37,39,40
YHR151C	MTC6	27,28,30,32,34	27,29,31,32,33	44,46,49,49,49	25,26,27,29,31	22,24,26,26,26	44,45,47,48,49	24,25,25,26,27
YHR152W	SPO12	136,139,142,143,145	319,330,341,373,405	109,109,109,115,121	324,333,341,354,367	237,245,254,257,261	85,87,89,89,89	93,101,109,120,132
YHR153C	SPO16	5,7,8,9,10	0.5,2,3,4,4	3,3,3,4,4	2,3,4,4,5	6,7,8,12,16	3,3,4,4,4	12,12,13,13,13
YHR154W	RTT107	17,18,18,19,20	11,12,13,14,16	13,13,14,15,15	13,13,13,13,14	19,19,20,20,20	12,12,13,14,14	24,24,25,25,25
YHR155W	LAM1	19,19,20,20,21	21,21,21,22,22	22,22,23,24,25	21,21,21,21,21	18,18,18,19,19	21,22,23,23,23	17,17,18,19,20
YHR156C	LIN1	27,28,28,28,28	28,28,28,30,31	40,43,47,48,50	23,24,25,27,29	19,21,23,23,23	35,40,44,46,47	28,28,28,29,29
YHR157W	REC104	11,12,12,13,13	9,10,12,12,12	14,17,19,20,20	8,11,14,15,17	7,8,8,9,10	11,16,21,22,22	11,12,12,12,12
YHR158C	KEL1	28,29,29,30,30	26,27,28,28,29	22,23,24,25,25	27,27,27,27,28	28,30,32,32,32	21,22,22,23,23	30,31,31,33,36
YHR159W	TDA11	15,16,16,16,16	18,19,20,21,22	24,24,25,26,26	19,19,20,20,20	18,19,20,21,22	23,25,26,27,27	15,17,19,19,19
YHR160C	PEX18	17,18,18,20,23	16,19,22,22,23	68,68,68,70,71	16,17,17,18,19	12,14,16,17,18	64,67,70,71,73	14,17,19,20,22
YHR161C	YAP1801	132,132,132,145,158	157,159,162,171,180	180,182,184,197,209	147,147,148,156,163	115,115,115,126,137	197,203,208,212,216	134,137,141,144,147
YHR162W	MPC2	2264,2285,2305,2433,2561	2126,2147,2168,2247,2326	1959,2050,2141,2201,2261	2021,2066,2111,2130,2150	1534,1583,1631,1648,1664	2386,2415,2444,2589,2734	2113,2153,2192,2365,2538
YHR163W	SOL3	115,115,116,129,143	109,121,134,134,134	154,156,158,160,161	116,121,126,130,134	97,99,101,115,129	158,166,174,178,182	112,116,119,130,140
YHR164C	DNA2	12,13,13,13,13	12,12,12,13,14	14,15,15,16,16	10,11,11,12,12	9,10,10,10,10	14,14,15,16,17	12,13,14,14,14
YHR165C	PRP8	7,8,8,9,9	8,8,9,9,9	9,10,10,10,10	8,9,9,9,9	8,8,8,9,9	9,10,10,10,10	7,7,8,8,8
YHR165W-A		0,0,0,0,0	0,0,0,0,0	0,0.3,0.6,0.9,1	0,0,0,0,0	0,0,0,0,0	0,0,0,0.4,0.8	0,0,0,0,0
YHR166C	CDC23	22,22,23,23,24	19,21,22,23,23	25,25,26,27,29	17,18,20,20,20	16,17,18,19,20	27,28,29,29,29	26,26,27,27,27
YHR167W	THP2	17,21,24,24,25	21,21,21,22,22	12,15,18,18,18	17,18,19,20,22	17,18,18,18,19	16,16,17,17,18	20,21,23,23,23
YHR168W	MTG2	26,27,27,28,29	34,35,35,35,35	27,28,28,29,30	32,37,41,41,41	46,46,47,50,53	24,25,26,28,30	25,26,26,28,31
YHR169W	DBP8	39,40,42,45,49	30,31,31,32,32	27,30,33,36,38	32,33,35,36,37	30,30,31,34,37	26,30,34,34,34	37,37,37,38,39
YHR170W	NMD3	85,90,96,96,96	66,67,68,71,74	134,139,145,148,150	73,75,76,76,76	80,81,82,82,82	127,129,132,135,138	86,92,98,99,101
YHR171W	ATG7	30,31,32,34,37	31,32,33,33,34	53,54,56,56,56	28,28,29,29,29	20,23,25,26,26	56,57,59,60,61	28,29,30,32,35
YHR172W	SPC97	24,24,25,25,25	15,15,15,15,16	3,4,5,5,6	12,12,13,13,13	12,12,13,13,13	6,6,6,7,8	30,30,30,31,31
YHR173C		19,20,20,25,30	10,10,11,15,19	8,9,9,11,12	10,12,15,15,15	8,11,14,15,17	9,10,10,11,11	26,27,27,28,29
YHR174W	ENO2	240,254,267,307,347	433,446,460,481,502	212,222,232,250,269	544,554,563,579,594	500,535,569,587,606	143,149,155,161,166	200,211,222,237,252
YHR175W-A		45,47,48,50,51	36,42,49,50,52	66,67,68,68,68	35,35,36,45,53	35,41,46,47,49	63,65,67,72,78	38,48,59,62,64
YHR175W	CTR2	121,133,145,155,164	128,129,130,133,136	157,167,177,180,183	124,129,135,136,138	107,119,131,135,139	171,171,172,173,173	143,144,145,147,150
YHR176W	FMO1	33,34,36,36,37	59,61,63,65,67	60,69,77,79,81	59,60,61,61,61	54,55,56,57,58	56,61,66,69,72	39,40,41,42,42
YHR177W		19,20,20,22,23	17,18,19,21,23	16,17,17,19,20	17,17,18,21,23	13,14,14,14,14	17,19,21,21,21	19,20,21,21,22
YHR178W	STB5	17,17,17,18,18	15,16,17,17,17	15,16,17,17,17	13,13,14,14,14	10,12,13,13,13	14,15,15,15,15	19,20,20,21,21
YHR179W	OYE2	418,427,437,452,467	275,279,283,284,284	183,199,215,244,274	241,252,262,268,273	226,231,237,237,237	149,152,156,165,173	415,423,431,445,459
YHR180C-B		0,0,0,0,0	0,0,0,0,0	0,0,0,0,0	0,0,0,0,0	0,0,0,0,0	0,0,0,0,0	0,0,0,0,0
YHR180W		48,50,51,53,55	38,41,44,48,53	114,115,115,120,125	41,41,42,48,54	30,35,41,42,43	109,111,113,114,115	39,43,46,47,47
YHR180W-A		0,0.7,1,2,2	0,0.6,1,1,2	0,0,0,0.8,2	0,0,0,0.6,1	0,0.7,1,2,2	0,0,0,0.7,1	0,0,0,0.6,1
YHR181W	SVP26	70,78,86,90,94	66,68,71,76,82	85,87,90,91,93	63,66,70,76,81	63,67,70,73,77	87,89,91,92,92	71,73,74,74,75
YHR182C-A		0,0,0,0,0	0,0,0,0,0	0,0,0,0.2,0.4	0,0,0,0,0	0,0,0,0,0	0,0,0,0,0	0,0,0,0,0
YHR182W		17,17,18,19,20	18,19,19,20,20	18,18,18,19,19	15,16,17,17,18	13,13,14,15,16	17,18,19,19,19	19,20,20,20,21
YHR183W	GND1	90,91,91,93,95	69,71,73,75,77	44,44,45,47,48	69,70,71,72,72	60,63,66,69,71	48,48,49,51,53	82,83,85,89,93
YHR184W	SSP1	12,13,15,15,15	15,15,15,17,18	15,16,17,18,19	18,18,18,20,21	16,17,17,21,24	18,18,18,18,18	16,17,18,19,19
YHR185C	PFS1	3,3,3,4,5	3,3,4,4,4	2,2,3,3,4	2,3,3,4,5	3,3,3,3,4	1,2,2,3,4	0.9,2,2,2,2
YHR186C	KOG1	17,17,17,18,18	15,16,16,17,17	16,17,19,19,19	16,16,16,17,17	16,17,17,17,18	17,18,18,19,20	16,16,16,17,19
YHR187W	IKI1	57,59,61,62,64	51,55,60,63,66	66,66,67,69,71	55,56,56,59,61	60,60,61,63,64	55,55,56,62,68	51,52,53,59,65
YHR188C	GPI16	60,60,61,66,72	70,70,71,75,79	94,96,98,104,110	72,74,75,76,76	64,68,72,74,75	102,104,105,106,107	58,60,62,63,64
YHR189W	PTH1	21,22,23,25,26	21,23,26,31,36	38,38,38,41,44	24,25,27,28,30	21,22,23,25,26	41,43,44,46,47	22,23,24,26,27
YHR190W	ERG9	219,220,221,230,239	220,224,228,230,232	286,300,313,318,322	221,224,227,233,239	209,209,210,211,212	342,358,374,379,384	200,204,209,216,224
YHR191C	CTF8	44,45,47,54,61	52,54,56,59,62	75,76,77,78,78	47,50,52,56,59	41,46,51,53,54	68,74,80,83,86	49,50,52,57,62
YHR192W	LNP1	54,57,59,64,68	63,65,66,67,68	77,82,86,88,89	60,63,65,66,66	59,60,60,61,62	73,79,85,85,85	66,68,71,71,72
YHR193C-A		0,0,0,0,0	0,0,0,0,0	0,0,0,0,0	0,0,0,0,0	0,0,0,0,0	0,0,0,0,0	0,0,0,0,0
YHR193C	EGD2	603,611,619,630,642	640,648,657,677,696	552,553,555,564,573	659,667,676,680,684	726,729,732,741,750	570,575,581,585,588	557,571,585,593,600
YHR194W	MDM31	27,28,28,29,29	36,37,38,38,38	31,32,32,32,33	33,34,35,37,39	32,33,34,37,39	32,32,33,34,35	24,26,27,28,29
YHR195W	NVJ1	63,67,71,74,77	74,74,75,75,75	119,119,119,120,121	70,73,76,79,83	70,71,72,76,81	107,115,123,127,131	57,59,60,61,62
YHR196W	UTP9	32,36,40,41,43	24,25,26,26,27	18,19,20,22,24	32,33,35,35,35	39,41,42,44,46	16,18,20,20,20	31,32,33,34,36
YHR197W	RIX1	18,19,19,20,20	18,18,18,19,19	14,15,16,17,17	18,19,19,19,20	24,26,27,27,27	9,10,10,11,11	16,16,17,17,18
YHR198C	AIM18	102,104,107,113,120	126,131,136,139,142	122,130,138,139,140	129,133,137,142,147	117,122,126,130,134	122,123,124,125,125	109,110,110,111,111
YHR199C	AIM46	106,108,109,110,110	83,84,84,92,100	193,197,201,208,216	82,85,88,90,91	72,74,76,77,77	212,214,216,229,241	100,105,109,110,111
YHR199C-A	NBL1	95,96,96,99,102	83,90,97,98,98	111,121,132,150,168	80,82,85,87,90	84,85,85,86,88	161,171,181,191,200	84,90,97,98,100
YHR200W	RPN10	304,306,308,329,350	296,298,300,311,322	306,324,342,349,357	302,311,321,326,331	263,265,266,269,272	355,359,363,380,396	296,304,313,320,327
YHR201C	PPX1	63,63,63,63,64	58,59,60,62,63	43,45,47,50,53	57,59,60,62,64	57,58,58,63,68	38,42,47,48,49	55,57,59,59,59
YHR202W		49,51,52,56,60	56,58,61,61,62	69,74,80,81,82	48,49,50,52,55	45,46,46,47,48	82,85,87,89,91	55,57,58,59,60
YHR203C	RPS4B	495,539,583,603,622	522,523,525,543,561	340,341,342,344,346	517,532,548,580,613	677,708,740,770,799	285,291,297,297,298	474,489,504,533,563
YHR204W	MNL1	15,15,16,16,16	14,15,16,16,16	25,27,28,29,29	15,15,16,17,19	17,17,18,20,22	29,29,29,29,30	17,17,17,18,19
YHR205W	SCH9	89,91,93,93,94	70,77,84,84,84	106,110,114,118,121	72,75,77,80,82	62,63,65,67,69	109,112,115,120,124	94,96,97,98,99
YHR206W	SKN7	63,65,67,67,67	58,61,63,64,65	59,61,62,65,67	57,59,62,62,63	63,64,64,67,69	55,59,62,65,67	64,65,66,68,70
YHR207C	SET5	38,40,41,43,45	35,36,37,37,37	40,40,40,41,41	32,33,34,35,36	28,28,29,30,31	38,40,42,42,42	39,39,39,42,45
YHR208W	BAT1	410,418,426,433,439	333,341,349,359,369	168,169,170,172,174	342,353,365,371,376	377,392,407,411,415	165,168,172,173,174	371,394,418,418,418
YHR209W	CRG1	50,50,50,50,51	43,44,45,46,46	83,84,86,87,89	43,44,45,46,46	31,32,34,36,37	76,77,78,78,79	54,55,57,60,62
YHR210C		3,3,4,5,6	3,4,4,5,5	5,6,7,8,9	4,4,4,5,5	4,4,4,4,4	6,6,6,7,9	4,5,5,6,6
YHR211W	FLO5	12,13,14,16,17	16,16,17,17,17	17,18,19,20,20	14,15,16,17,18	13,13,13,14,14	17,18,18,18,18	14,14,15,15,15
YHR212C		0,0,0,0.3,0.7	0,0,0,0,0	0,0,0,0.4,0.7	0,0.4,0.9,1,2	0,0,0,0.5,1	0,0,0,0.4,0.7	0,0,0,0,0
YHR212W-A		0,0,0,0,0	0,0,0,0.7,1	0,0,0,0.8,2	0,0,0,0,0	0,0,0,0.5,1	0,0,0,0.6,1	0,0,0,0,0
YHR213W		0.3,0.8,1,2,2	0.4,0.7,1,1,1	2,3,4,5,5	0.8,1,1,1,1	2,2,3,3,3	1,2,4,5,6	0.3,0.8,1,2,2
YHR213W-A		0,0.4,0.8,0.9,0.9	0,0,0,0.6,1	0,0.8,2,2,2	0,0,0,0.5,1	0,0.4,0.9,2,2	0,0,0,1,2	0,0,0,0.4,0.8
YHR213W-B		3,3,4,5,5	2,2,2,3,4	8,11,13,14,14	2,2,3,4,5	5,7,8,8,8	11,12,14,17,19	3,3,3,3,4
YHR214C-B		0.6,0.8,0.9,1,1	0.7,0.8,0.9,0.9,0.9	0.8,0.9,1,1,1	0.6,0.8,0.9,1,1	0.4,0.5,0.7,0.7,0.7	0.7,0.9,1,1,1	0.4,0.4,0.4,0.5,0.6
YHR214C-C		0,0,0,0,0	0,0,0,0,0	0,0,0,0,0	0,0,0,0,0	0,0,0,0,0	0,0,0,0,0	0,0,0,0,0
YHR214C-D		0,0,0,0,0	0,0,0,0,0	0,0,0,0,0	0,0,0,0,0	0,0,0,0,0	0,0,0,0,0	0,0,0,0,0
YHR214C-E		2,2,3,3,4	0,2,3,3,3	5,5,6,9,11	0.9,1,1,3,4	0,0,0,1,2	9,12,14,14,14	1,1,1,3,5
YHR214W		11,13,15,17,19	12,13,13,13,13	14,14,15,16,17	13,14,14,16,18	14,16,18,20,21	14,14,15,18,21	12,12,13,13,13
YHR214W-A		13,15,16,18,21	18,20,21,23,24	17,19,21,22,22	20,21,22,23,24	20,21,21,23,26	23,24,26,27,29	13,15,17,19,22
YHR215W	PHO12	5,5,5,7,8	7,8,9,9,9	8,8,9,9,10	7,7,7,8,8	5,6,6,7,7	8,9,11,12,13	7,7,7,7,8
YHR216W	IMD2	37,40,44,44,45	46,46,46,48,50	67,68,69,73,78	43,46,50,50,51	41,47,52,54,56	67,74,80,81,81	39,42,44,45,47
YHR217C		0,0,0,0,0	0,0,0,0.3,0.6	0,0.1,0.3,0.8,1	0,0,0,0,0	0,0,0,0.4,0.9	0,0,0,0,0	0,0,0,0.6,1
YHR218W		0.2,0.4,0.6,0.6,0.6	0.1,0.4,0.7,0.7,0.8	0.3,0.4,0.5,0.6,0.7	0.2,0.5,0.8,0.8,0.8	0.3,0.5,0.6,0.7,0.7	0.3,0.4,0.5,0.8,1	0,0.1,0.1,0.4,0.7
YHR218W-A		0,0,0,0.5,0.9	0,0,0,0,0	0,0,0,0,0	0,0,0,0,0	0,0,0,0.3,0.7	0,0,0,0.4,0.8	0,0,0,0,0
YHR219C-A		0,0,0,0,0	0,0,0,0,0	0,0,0,0,0	0,0,0,0,0	0,0,0,0,0	0,0,0,0,0	0,0,0,0,0
YHR219W		0.6,0.8,1,1,2	2,2,2,2,3	0.6,1,1,1,1	1,2,2,2,3	1,1,1,2,2	1,2,2,2,3	0.5,0.8,1,1,1
YIL001W		23,25,27,28,28	25,27,28,29,29	26,27,29,29,29	27,27,27,29,31	27,27,27,28,29	27,28,30,31,31	24,25,26,28,31
YIL002C	INP51	30,31,32,33,34	32,33,34,35,36	46,46,47,50,52	30,30,31,31,32	29,30,31,32,34	52,53,53,54,55	35,35,35,35,35
YIL002W-A		232,242,253,253,253	214,217,220,224,228	258,264,271,276,282	202,209,216,223,231	180,194,209,213,217	302,306,310,320,329	242,248,254,266,277
YIL003W	CFD1	35,37,40,40,40	34,35,36,37,37	64,64,65,68,71	34,36,39,40,42	34,35,35,36,36	63,66,69,75,80	44,44,45,45,46
YIL004C	BET1	131,135,139,139,139	90,99,108,115,122	125,126,126,133,139	106,107,108,110,112	109,110,110,111,112	126,132,138,144,150	141,147,153,153,153
YIL005W	EPS1	54,54,54,57,60	55,57,58,59,59	73,73,73,75,77	56,58,60,60,60	52,53,55,57,60	67,68,69,72,74	54,54,55,56,57
YIL006W	YIA6	25,26,26,28,31	34,36,38,38,38	29,29,30,32,34	32,36,40,40,40	38,39,40,40,40	29,30,31,31,31	26,27,28,29,29
YIL007C	NAS2	72,76,81,82,83	96,97,98,104,110	130,133,135,135,136	91,93,96,98,99	82,86,90,91,91	131,136,140,146,152	75,75,75,81,87
YIL008W	URM1	211,214,218,218,219	162,171,180,203,225	188,190,193,196,198	167,167,167,173,179	188,190,192,195,199	189,191,192,192,192	212,221,230,230,231
YIL009C-A	EST3	41,45,48,50,53	40,45,50,52,53	89,89,89,90,91	51,52,54,57,59	40,43,46,51,55	92,97,101,106,111	48,48,48,52,55
YIL009W	FAA3	37,37,38,39,40	37,38,39,39,40	54,55,56,57,58	52,54,57,57,58	71,74,77,78,79	43,44,44,46,47	38,38,38,39,39
YIL010W	DOT5	107,109,111,112,114	126,127,127,131,134	125,131,137,139,140	120,122,125,129,133	101,108,114,116,118	123,129,134,137,141	106,107,108,110,112
YIL011W	TIR3	33,36,40,40,41	29,34,40,42,44	24,27,30,32,34	34,38,41,42,42	28,28,29,33,37	30,32,33,34,34	30,32,33,35,37
YIL012W		3,4,5,6,8	3,4,4,6,7	9,9,10,12,15	2,3,4,5,5	0,2,4,6,7	12,12,12,15,17	3,3,4,4,4
YIL013C	PDR11	14,15,16,16,16	15,15,16,16,17	20,21,21,21,22	13,14,15,16,16	11,11,11,11,11	21,21,21,24,27	15,15,16,16,16
YIL014C-A		223,233,242,249,255	226,252,279,292,304	188,192,196,214,232	221,232,242,258,275	248,248,249,278,308	210,211,213,224,236	225,237,248,253,257
YIL014W	MNT3	55,55,55,55,55	53,53,54,55,56	80,81,81,86,91	52,53,54,57,59	43,43,44,48,53	84,85,87,88,89	45,49,52,53,53
YIL015W	BAR1	0,0,0,0.2,0.5	0,0,0,0,0	0,0,0,0.1,0.2	0,0.1,0.1,0.2,0.4	0,0,0,0.1,0.2	0,0,0,0,0	0,0.1,0.1,0.2,0.3
YIL016W	SNL1	58,65,72,74,77	74,75,77,79,81	53,56,59,68,76	69,72,75,76,77	76,80,84,86,89	71,72,73,73,74	67,68,70,74,78
YIL017C	VID28	22,23,24,24,25	23,23,24,25,26	42,42,43,44,46	24,25,25,26,26	25,26,27,28,29	42,42,42,43,44	23,23,23,26,28
YIL018W	RPL2B	420,467,515,523,530	467,481,496,520,545	338,344,350,352,355	521,544,568,580,593	689,758,827,840,852	273,277,282,288,294	408,437,465,478,491
YIL019W	FAF1	35,37,39,41,43	33,35,37,37,37	28,29,30,33,36	35,36,36,38,40	35,38,41,44,48	21,23,25,27,29	39,39,39,42,44
YIL020C-A		2,3,3,3,3	0,2,3,4,4	2,2,2,3,4	1,2,2,3,4	2,3,3,3,3	0,0.4,0.7,0.8,0.8	2,2,3,3,4
YIL020C	HIS6	53,55,57,60,62	61,61,61,62,63	34,34,35,38,42	55,56,57,63,70	54,55,57,58,59	33,36,39,39,39	45,49,53,54,56
YIL021C-A		0,0,0,0,0	0,0,0,0,0	0,0,0,0,0	0,0,0,0,0	0,0,0,0,0	0,0,0,0,0	0,0,0,0,0
YIL021W	RPB3	54,54,55,57,60	42,44,46,48,50	46,48,49,51,52	42,47,51,53,55	54,54,54,56,57	39,44,49,49,49	51,53,56,56,57
YIL022W	TIM44	199,201,202,205,209	255,256,258,259,260	211,216,221,222,223	246,248,249,251,252	248,250,251,261,270	188,190,193,198,204	178,186,193,197,202
YIL023C	YKE4	72,75,79,80,82	70,71,71,72,72	80,82,83,88,92	78,79,81,81,82	55,62,69,70,71	87,89,91,99,107	68,74,79,79,79
YIL024C		100,102,105,110,115	105,107,109,111,114	82,93,104,105,105	99,100,100,108,115	87,89,90,94,97	82,91,101,101,102	110,114,117,119,120
YIL025C		0.6,0.6,0.7,0.9,1	0,0,0,0,0	0,0,0,0,0	0,0,0,0,0	0.6,0.8,0.9,1,1	0,0,0,0,0	1,2,2,2,2
YIL026C	IRR1	19,19,20,22,24	15,17,18,19,19	27,27,27,28,29	18,18,18,18,19	31,31,31,32,32	30,31,32,33,33	29,29,29,30,31
YIL027C		114,121,129,135,142	111,116,120,123,126	161,164,167,169,170	100,104,108,115,121	116,117,118,119,119	155,159,163,174,185	116,126,136,138,139
YIL028W		9,9,9,10,11	9,9,10,11,13	11,13,14,16,18	7,7,7,9,11	5,6,6,8,11	14,14,14,16,18	6,7,9,11,12
YIL029C		18,18,18,20,21	22,23,24,24,25	32,34,36,39,42	23,23,24,25,26	15,19,23,23,23	27,28,30,33,36	21,21,21,21,21
YIL029W-A		0,0,0,0,0	0,0,0,0,0	0,0,0,0,0	0,0,0,0,0	0,0,0,0,0	0,0,0,0.4,0.7	0,0,0,0,0
YIL030C	SSM4	66,67,68,68,68	53,54,55,55,56	78,78,78,79,79	55,55,56,58,61	48,48,49,51,53	86,88,89,90,90	56,57,58,59,59
YIL030W-A		0,0.3,0.7,1,2	0,0.4,0.8,1,2	0,0.7,1,2,3	0,0,0,0.4,0.9	0,0.3,0.6,2,2	1,1,1,2,3	0,0.3,0.7,0.7,0.8
YIL031W	ULP2	17,18,19,19,20	16,17,18,18,18	30,31,31,33,34	16,16,17,17,17	13,14,14,16,17	30,31,31,31,31	19,20,20,22,23
YIL032C		0.6,0.6,0.6,0.7,0.7	0,0.3,0.7,1,1	6,6,6,8,9	0.6,0.7,0.8,1,2	0,0,0,0.9,2	2,4,5,5,5	0,0,0,0.3,0.6
YIL033C	BCY1	181,181,182,192,202	208,213,219,224,228	316,324,331,342,352	208,214,219,221,223	194,200,206,208,210	322,326,330,331,332	172,173,175,177,178
YIL034C	CAP2	141,146,152,153,154	151,158,164,177,191	215,227,239,240,241	144,149,153,161,169	138,144,151,163,176	232,239,247,252,257	129,134,140,143,147
YIL035C	CKA1	93,98,103,104,104	100,103,107,111,115	87,89,91,94,98	103,104,105,106,106	105,105,106,113,120	86,88,90,91,92	94,96,98,99,101
YIL036W	CST6	54,56,57,59,61	65,65,65,71,77	79,81,82,83,84	61,61,62,63,64	55,56,56,61,65	83,84,86,88,89	53,54,55,58,62
YIL037C	PRM2	18,19,19,19,20	20,22,24,24,25	21,21,21,22,22	18,19,21,22,23	18,19,20,21,21	22,23,24,24,25	16,17,17,17,18
YIL038C	NOT3	41,42,43,45,46	45,46,46,46,47	39,39,39,40,42	44,45,46,47,49	47,47,47,48,50	36,37,38,38,39	39,40,40,40,41
YIL039W	TED1	138,138,138,141,143	138,143,148,150,152	158,171,184,186,187	136,137,138,146,153	124,127,130,132,134	180,183,185,187,188	132,133,133,137,142
YIL040W	APQ12	114,118,123,129,135	123,129,134,139,144	122,134,146,147,149	127,132,137,139,140	139,143,147,148,149	142,144,146,152,158	124,125,125,128,132
YIL041W	GVP36	262,265,267,274,281	251,261,271,273,276	308,311,313,318,324	257,269,281,283,285	242,249,256,257,259	289,316,343,355,366	239,247,256,262,268
YIL042C	PKP1	98,99,100,102,104	91,96,101,103,105	133,136,140,142,145	97,100,102,103,104	91,91,91,92,92	143,143,143,155,167	95,96,97,98,98
YIL043C	CBR1	255,270,284,292,301	288,291,293,294,295	290,295,301,313,325	298,299,300,302,303	255,263,271,271,272	321,321,322,326,331	236,255,274,277,279
YIL044C	AGE2	83,85,87,87,88	85,86,87,89,91	77,81,86,87,87	68,74,80,81,81	69,72,75,76,77	77,77,77,78,79	74,74,75,77,79
YIL045W	PIG2	25,26,28,29,29	27,28,28,31,34	30,31,32,34,36	28,29,31,31,31	23,25,27,28,29	33,33,34,34,34	21,23,25,26,27
YIL046W-A		3,3,4,4,4	0,0.8,2,3,5	3,4,4,8,12	0,2,3,3,3	2,2,2,3,4	6,7,8,11,13	1,2,3,6,9
YIL046W	MET30	78,80,81,85,89	89,92,96,96,97	153,154,154,156,158	88,93,97,99,102	89,91,93,93,93	166,171,176,181,186	73,79,85,85,86
YIL047C-A		0,0,0,0,0	0,0,0,0,0	0,0,0,0.3,0.6	0,0,0,0,0	0,0,0,0,0	0,0,0,0,0	0,0,0,0,0
YIL047C	SYG1	43,43,43,46,48	41,41,42,46,50	48,48,48,49,49	40,40,41,43,45	36,36,37,39,40	43,45,47,47,47	46,46,46,48,50
YIL048W	NEO1	38,38,38,38,38	32,34,36,36,36	51,52,53,54,56	31,33,34,35,35	31,31,31,32,33	48,50,53,53,54	38,39,41,42,44
YIL049W	DFG10	25,27,28,29,31	27,31,35,35,36	40,40,41,45,50	29,30,32,35,39	21,24,26,27,28	34,38,41,44,47	23,24,25,27,28
YIL050W	PCL7	172,173,175,180,185	154,155,156,168,179	100,100,100,105,111	141,144,146,148,150	127,127,127,129,131	97,97,98,98,99	169,176,182,183,185
YIL051C	MMF1	681,700,720,729,738	638,656,673,682,690	449,462,474,475,475	596,597,599,603,607	469,481,494,507,520	431,442,453,466,479	626,652,678,684,690
YIL052C	RPL34B	493,555,616,627,638	490,532,574,593,612	315,346,378,379,379	556,577,599,604,609	704,734,764,774,784	288,297,307,311,314	529,533,536,560,585
YIL053W		586,611,635,667,699	585,587,589,597,606	270,284,299,332,366	478,527,575,594,613	375,379,383,398,413	226,230,234,251,268	553,566,578,592,606
YIL054W		2,2,2,3,4	0.8,2,3,3,4	6,8,11,11,11	0,0,0,0.8,2	2,2,2,2,2	11,11,11,13,14	2,2,2,4,5
YIL055C		39,40,40,40,40	36,37,37,41,46	100,101,101,106,111	36,36,37,37,38	30,32,35,36,37	92,98,104,104,105	39,41,43,44,44
YIL056W	VHR1	62,62,62,65,68	64,64,65,67,70	47,49,51,52,53	54,54,54,60,65	41,42,44,46,47	51,53,54,54,54	56,58,60,62,64
YIL057C	RGI2	191,207,223,225,227	160,163,166,178,190	547,566,586,597,607	114,130,146,158,171	113,115,116,132,148	474,529,585,586,587	228,237,247,256,266
YIL058W		9,9,9,10,11	8,8,8,11,15	35,35,36,37,39	6,9,12,13,14	4,6,7,7,8	33,34,35,38,42	9,10,10,12,14
YIL059C		0.6,0.9,1,2,2	0.7,1,1,3,5	0.8,1,1,1,1	1,1,2,2,3	2,2,2,2,3	0.8,2,4,4,4	0,0.4,0.7,0.9,1
YIL060W		0,0,0,0.5,0.9	0,0.3,0.5,0.6,0.7	0,0.5,1,1,1	0,0,0,0.3,0.6	0,0,0,0,0	0,0.3,0.5,0.6,0.7	0,0,0,0.2,0.5
YIL061C	SNP1	49,52,54,59,63	48,51,53,55,56	67,69,72,72,72	47,49,51,52,54	41,43,44,45,47	69,71,72,74,76	51,51,51,54,57
YIL062C	ARC15	207,212,216,232,248	217,219,222,225,228	256,263,270,274,279	219,225,231,237,244	183,188,193,202,212	230,255,281,285,290	221,222,223,225,228
YIL063C	YRB2	88,89,90,90,90	83,84,86,89,93	91,92,93,95,97	77,78,80,86,91	82,82,82,84,85	72,74,75,80,85	97,97,98,103,107
YIL064W	EFM4	73,74,74,76,77	62,69,77,80,82	58,63,68,70,72	75,77,78,80,81	83,87,91,98,105	56,59,62,63,65	62,70,77,77,77
YIL065C	FIS1	219,220,220,226,232	248,248,249,250,250	216,222,228,242,256	231,232,234,238,242	221,229,236,247,258	215,220,226,241,256	197,201,206,213,220
YIL066C	RNR3	7,7,7,7,8	4,4,4,5,5	5,6,7,8,8	3,3,4,4,5	3,3,3,3,3	8,8,9,9,9	6,6,6,7,7
YIL066W-A		0,0,0,0.2,0.5	0,0,0,0.3,0.6	0,0,0,0,0	0,0,0,0,0	0,0,0,0,0	0,0,0,0,0	0,0,0,0,0
YIL067C		14,15,16,17,17	14,14,14,14,15	19,19,19,19,20	14,14,14,15,16	15,16,17,17,17	18,18,19,20,21	14,15,16,17,18
YIL068C	SEC6	28,29,30,30,31	27,28,28,29,30	36,36,37,37,37	26,26,26,28,30	24,24,24,27,30	34,34,35,36,36	30,30,30,30,30
YIL068W-A		0,0,0,0,0	0,0,0,0,0	0,0,0,0.3,0.6	0,0,0,0.3,0.6	0,0,0,0,0	0,0,0,0.3,0.6	0,0,0,0.7,1
YIL069C	RPS24B	415,467,518,532,547	477,479,481,485,489	242,253,264,270,277	524,534,544,550,556	616,652,689,715,742	200,204,209,214,219	376,407,438,462,486
YIL070C	MAM33	214,230,245,261,276	359,361,363,364,364	101,120,139,139,140	382,386,390,402,413	410,425,441,449,458	59,64,69,76,84	216,229,243,249,255
YIL071C	PCI8	12,14,15,17,18	14,15,16,17,17	17,17,17,18,18	14,14,14,15,15	12,13,14,14,15	16,18,19,20,21	12,15,18,19,20
YIL071W-A		2,4,6,6,6	3,3,4,4,4	2,3,3,4,4	1,2,3,4,4	3,4,4,5,5	5,5,5,6,7	3,4,4,4,5
YIL072W	HOP1	9,9,10,10,10	9,9,9,10,10	18,18,19,20,21	8,8,8,8,8	5,6,7,7,7	19,21,23,23,23	8,8,9,11,12
YIL073C	SPO22	14,15,15,15,15	17,18,18,18,18	34,34,34,35,36	14,14,15,15,15	12,13,14,14,14	32,32,33,33,33	15,15,16,16,16
YIL074C	SER33	158,162,165,172,178	210,223,235,236,237	297,316,336,339,342	204,214,223,226,229	232,246,261,277,293	307,331,356,369,381	208,221,233,239,245
YIL075C	RPN2	215,215,215,222,228	205,206,207,216,224	231,238,244,245,245	210,212,215,221,228	203,204,204,213,223	255,259,264,266,268	201,205,210,219,228
YIL076W	SEC28	111,112,112,117,121	95,100,104,109,113	105,108,111,118,126	103,103,104,107,111	111,112,112,117,122	127,129,132,135,138	134,137,139,140,140
YIL077C		57,59,62,63,65	88,89,91,91,92	82,84,87,89,92	79,80,81,86,91	76,77,79,81,82	81,86,90,91,93	62,62,62,65,68
YIL078W	THS1	152,163,174,177,180	137,139,141,147,153	142,144,147,148,149	139,142,144,146,148	152,153,155,160,164	145,148,151,153,156	167,169,171,172,173
YIL079C	AIR1	43,44,45,46,46	35,37,39,41,44	112,121,130,137,144	37,37,38,40,43	39,40,41,42,42	91,102,114,120,126	47,47,47,48,50
YIL082W		0,0,0,0,0	0,0,0,0,0	0,0,0,0,0	0,0,0,0,0	0,0,0,0,0	0,0,0,0,0	0,0,0,0,0
YIL082W-A		0.9,0.9,0.9,1,1	1,1,1,1,1	1,1,1,2,2	0.7,0.9,1,1,1	0.8,0.9,0.9,0.9,1	1,1,1,1,2	0.5,0.7,0.9,1,1
YIL083C	CAB2	314,322,329,375,421	317,332,347,351,354	307,309,312,313,313	285,289,294,310,326	188,198,207,209,211	295,296,298,307,316	303,303,304,350,396
YIL084C	SDS3	20,22,24,25,27	21,21,21,23,25	20,21,22,24,25	20,20,21,21,22	20,20,21,25,29	16,18,20,21,21	20,21,22,22,22
YIL085C	KTR7	48,49,49,51,53	48,48,49,52,55	56,57,58,60,63	44,45,45,46,47	45,45,46,46,46	57,57,58,58,58	53,55,56,58,59
YIL086C		5,7,9,9,10	3,4,4,5,6	13,13,13,17,21	5,5,6,7,8	5,5,5,6,7	8,10,11,14,17	6,6,6,7,8
YIL087C	AIM19	116,120,124,128,132	155,156,157,165,172	174,179,185,193,202	156,160,164,165,165	133,134,135,135,135	190,192,195,196,198	127,130,133,135,137
YIL088C	AVT7	86,89,93,101,110	108,111,113,114,114	132,133,134,135,135	109,110,112,117,121	90,92,95,95,96	133,138,142,143,145	93,94,96,96,97
YIL089W		29,31,33,36,38	34,36,37,39,42	57,58,59,59,59	42,42,42,42,42	24,28,33,33,33	51,56,61,62,63	30,32,34,35,35
YIL090W	ICE2	63,63,64,65,67	67,70,73,75,78	101,101,102,102,103	65,66,68,68,69	60,62,64,66,68	93,99,104,105,105	61,61,61,62,62
YIL091C	UTP25	24,27,30,31,31	24,25,26,26,26	15,18,21,22,23	26,26,26,27,28	34,34,34,34,35	14,16,17,18,18	20,22,24,26,27
YIL092W		13,14,16,16,17	15,16,16,16,16	14,14,15,15,16	13,14,15,16,16	12,13,14,14,15	14,14,15,15,15	14,14,14,15,15
YIL093C	RSM25	101,106,110,111,113	158,159,161,167,173	93,95,96,101,107	166,167,168,172,177	174,178,182,183,185	73,74,76,85,94	89,90,92,94,96
YIL094C	LYS12	349,374,399,411,423	301,313,324,339,354	106,113,120,125,130	315,326,338,347,357	342,350,357,366,375	113,115,117,121,126	356,379,402,413,425
YIL095W	PRK1	25,25,25,25,25	23,24,25,25,25	26,27,28,28,29	24,25,26,26,27	20,20,20,21,21	24,25,26,26,26	23,23,23,24,24
YIL096C	BMT5	31,31,31,32,33	25,26,27,28,28	36,36,37,40,43	20,24,28,28,29	28,31,34,34,35	26,28,30,30,31	28,28,29,31,32
YIL097W	FYV10	34,35,36,37,38	41,43,45,49,54	47,47,47,50,52	40,40,40,42,44	34,35,36,37,38	41,46,50,52,55	31,31,31,34,37
YIL098C	FMC1	82,84,85,89,93	135,136,137,143,150	47,48,50,51,53	145,149,154,156,159	159,160,161,162,164	33,34,35,41,48	79,82,85,87,88
YIL099W	SGA1	6,7,7,8,8	6,7,8,9,10	21,22,22,26,29	5,6,8,8,8	6,6,6,7,8	19,20,21,22,22	7,8,8,8,9
YIL100C-A		0,0.3,0.7,0.7,0.8	0,0.4,0.8,1,1	2,3,3,3,3	0,0,0,0.4,0.7	0,0.5,1,1,1	1,2,2,2,2	0,0.6,1,1,2
YIL100W		0,0,0,0.3,0.6	0.7,0.7,0.7,0.8,0.8	2,2,3,4,4	0,0.3,0.6,0.7,0.7	0,0,0,0,0	0.8,2,3,3,3	0.7,0.7,0.8,1,2
YIL101C	XBP1	50,52,54,58,62	47,49,51,54,58	155,157,158,159,159	48,49,50,52,54	43,43,44,46,48	144,145,145,149,153	61,62,62,63,65
YIL102C		8,8,8,10,12	3,4,5,6,6	18,19,19,20,22	4,6,7,8,9	4,4,5,5,5	13,15,18,19,19	7,8,8,9,9
YIL102C-A		62,73,83,84,85	54,55,56,66,76	119,126,133,138,143	64,67,71,74,77	51,55,59,66,74	123,130,137,139,140	79,81,84,87,91
YIL103W	DPH1	48,51,55,56,57	41,41,42,43,44	49,50,50,50,50	40,41,42,43,43	41,42,43,43,43	48,49,51,51,52	49,51,53,54,54
YIL104C	SHQ1	18,18,18,18,18	14,15,15,16,17	12,12,12,13,14	17,18,19,19,19	17,17,18,19,20	11,11,12,13,15	15,15,15,16,17
YIL105C	SLM1	56,59,62,63,64	53,55,56,57,58	99,99,99,101,103	49,51,53,54,54	43,45,48,50,52	83,84,86,88,90	58,59,60,61,62
YIL105W-A		0,0,0,0,0	0,0,0,0,0	0,0,0,0,0	0,0,0,0,0	0,0,0,0,0	0,0,0,0,0	0,0,0,0,0
YIL106W	MOB1	115,120,125,127,129	147,158,169,177,184	76,77,77,83,89	158,158,158,159,160	101,106,111,116,120	62,71,80,84,89	97,100,103,107,111
YIL107C	PFK26	53,54,55,56,57	51,53,55,56,58	51,57,64,64,65	50,51,52,53,54	44,44,44,46,47	63,64,64,65,65	54,54,54,56,58
YIL108W		45,46,48,48,49	50,51,51,52,53	83,84,85,86,87	49,49,49,50,50	42,43,44,44,44	83,86,89,90,92	46,47,47,48,48
YIL109C	SEC24	119,119,119,123,128	109,110,110,112,114	108,114,119,123,126	112,112,113,115,117	103,104,106,109,113	109,114,119,123,127	122,123,124,126,128
YIL110W	HPM1	38,39,40,42,44	33,34,36,37,39	35,36,36,40,43	36,37,37,40,43	35,38,40,44,47	27,28,28,30,33	35,36,37,41,45
YIL111W	COX5B	18,18,19,20,21	16,17,17,17,17	22,23,24,27,30	14,15,17,17,18	9,10,11,12,14	19,20,21,23,25	14,15,16,19,22
YIL112W	HOS4	34,36,37,39,41	37,38,38,39,39	26,26,26,27,28	33,34,34,35,35	33,33,33,35,36	25,27,30,30,30	37,37,37,38,38
YIL113W	SDP1	10,11,11,11,12	11,14,16,16,16	14,15,15,16,17	13,15,18,18,18	6,7,8,9,10	14,14,15,18,21	8,9,9,9,10
YIL114C	POR2	13,15,18,19,19	19,22,24,24,25	19,20,22,23,24	18,20,22,22,22	19,19,19,20,21	14,17,20,21,21	14,14,14,17,19
YIL115C	NUP159	31,33,35,35,36	32,33,34,34,35	37,37,37,37,37	31,33,34,34,35	29,29,29,30,31	33,34,35,37,38	29,30,31,31,32
YIL115W-A		0.6,0.9,1,2,2	0,0.4,0.7,0.7,0.7	0.6,0.8,1,2,4	0,0.3,0.6,1,2	0,0,0,0.3,0.5	0,0.3,0.6,1,2	0,0.3,0.6,0.6,0.6
YIL116W	HIS5	457,474,490,502,513	354,369,385,419,453	264,270,277,284,290	340,363,385,394,404	303,308,313,327,340	347,358,369,373,378	453,474,495,507,518
YIL117C	PRM5	52,53,54,55,56	44,50,55,57,58	85,87,89,89,89	56,57,57,63,68	62,63,65,66,68	54,56,59,61,63	62,64,67,69,70
YIL118W	RHO3	167,173,180,186,193	136,137,138,141,145	64,66,69,73,78	127,128,128,130,131	111,113,116,118,120	63,64,64,72,79	182,184,186,186,186
YIL119C	RPI1	48,50,51,51,52	55,57,59,60,60	8,10,11,11,11	54,55,57,59,60	55,56,56,60,63	9,10,10,10,10	43,44,46,46,47
YIL120W	QDR1	14,14,15,16,17	14,15,16,16,16	25,25,25,26,27	16,17,17,17,17	14,14,15,15,15	24,24,25,26,26	13,13,14,14,14
YIL121W	QDR2	8,9,10,11,12	8,10,12,14,15	14,14,15,16,18	9,10,10,10,10	7,7,8,9,9	14,15,16,16,16	9,10,10,10,11
YIL122W	POG1	34,35,36,36,36	36,37,37,43,48	17,17,17,18,18	37,39,40,41,41	28,29,30,31,31	15,15,16,18,19	25,26,27,28,28
YIL123W	SIM1	277,286,296,298,301	124,135,147,148,150	35,43,51,51,52	104,105,107,120,132	105,107,109,113,118	21,26,32,34,35	330,346,362,365,368
YIL124W	AYR1	136,142,148,153,159	163,177,190,195,201	275,276,276,292,308	171,187,203,210,217	171,175,179,186,193	305,310,315,315,315	138,139,140,142,144
YIL125W	KGD1	474,482,490,492,494	448,452,456,459,462	341,342,343,350,358	449,450,451,458,464	396,405,414,426,439	303,305,308,310,313	481,497,513,523,533
YIL126W	STH1	35,36,36,38,40	29,30,31,31,31	24,24,24,25,25	29,29,29,31,32	31,32,33,34,34	26,26,26,26,27	38,39,40,40,41
YIL127C	RRT14	73,81,88,89,90	61,68,75,77,79	59,59,60,62,64	78,79,81,84,88	110,110,111,118,125	37,40,43,50,58	76,76,77,81,86
YIL128W	MET18	26,26,27,27,28	26,26,27,27,28	27,27,27,29,32	25,25,25,26,28	24,25,25,25,26	26,27,27,30,32	26,27,27,27,27
YIL129C	TAO3	10,11,11,12,14	11,11,11,12,12	10,11,12,12,13	10,11,11,12,12	10,11,11,11,11	10,11,12,12,13	10,10,10,11,11
YIL130W	ASG1	35,35,35,35,35	31,33,35,36,36	21,23,25,25,25	31,32,33,33,34	34,34,35,35,35	27,28,28,28,29	33,33,33,34,35
YIL131C	FKH1	94,97,99,100,101	60,61,63,64,64	29,29,30,32,34	50,51,53,53,53	32,33,34,35,36	26,28,30,30,31	115,118,120,122,125
YIL132C	CSM2	11,12,13,15,16	10,11,12,12,13	12,15,18,20,22	8,10,11,12,12	11,13,15,17,18	11,14,17,17,18	16,18,20,21,22
YIL133C	RPL16A	291,345,398,404,411	304,315,327,333,339	158,162,166,176,186	341,350,359,376,393	430,454,478,496,514	169,169,169,169,169	284,295,306,314,321
YIL134C-A		0,2,4,6,7	0,0.7,1,2,3	13,13,14,15,16	0,0.7,1,2,3	0,0,0,0,0	19,19,19,20,20	1,1,1,2,3
YIL134W	FLX1	24,25,25,28,32	32,34,37,37,38	28,29,29,29,30	33,33,33,38,43	36,37,38,41,43	22,25,28,30,31	21,23,25,27,28
YIL135C	VHS2	76,78,81,82,83	82,82,82,87,91	74,76,78,81,83	75,77,80,81,83	72,75,77,79,81	69,71,72,75,79	76,79,81,82,82
YIL136W	OM45	1303,1310,1317,1523,1730	1472,1511,1551,1628,1704	2401,2439,2477,2532,2588	1546,1554,1563,1687,1812	1047,1083,1119,1266,1412	2606,2690,2774,2792,2810	1241,1262,1283,1326,1370
YIL137C	TMA108	37,39,40,40,40	43,43,43,43,43	48,50,52,52,52	37,38,38,40,41	34,36,39,40,40	50,51,52,54,55	35,36,37,38,40
YIL138C	TPM2	561,564,567,575,583	506,517,528,578,628	392,399,406,439,472	459,464,468,532,596	426,451,477,484,491	388,393,398,407,417	552,583,614,666,719
YIL139C	REV7	25,28,32,32,32	39,40,41,43,44	44,45,46,46,47	32,32,33,37,42	35,36,36,40,44	44,45,46,47,48	31,32,33,34,36
YIL140W	AXL2	23,24,25,26,28	11,11,11,12,13	30,31,32,36,40	13,15,17,17,18	42,43,43,44,45	29,32,35,35,35	33,35,36,39,43
YIL141W		2,2,2,3,3	1,2,2,3,3	3,4,5,5,6	0.5,2,3,4,4	0.4,1,2,3,4	3,4,5,6,8	3,3,3,3,3
YIL142C-A		0,0,0,0,0	0,0,0,0,0	0,0,0,0,0	0,0,0,0,0	0,0,0,0,0	0,0,0,0,0	0,0,0,0,0
YIL142W	CCT2	153,155,157,162,167	130,133,136,137,137	167,170,174,176,178	136,137,138,140,142	126,127,129,133,137	177,180,183,188,192	148,150,153,153,154
YIL143C	SSL2	57,60,62,64,66	62,63,64,66,69	73,75,77,79,81	59,60,60,62,63	51,52,52,53,55	80,80,81,82,82	50,52,53,54,55
YIL144W		36,37,38,39,40	33,34,34,35,36	20,23,25,25,25	26,27,27,28,29	26,27,27,28,28	24,24,24,27,30	43,43,44,47,50
YIL145C	PAN6	59,60,61,62,63	61,61,62,63,64	78,83,88,88,88	58,60,63,65,67	54,57,59,59,59	72,74,75,75,75	59,61,63,67,72
YIL146C	ATG32	55,59,62,63,65	54,58,61,62,63	101,102,102,102,102	54,54,54,55,55	46,47,49,50,52	110,110,111,119,127	59,59,59,66,73
YIL147C	SLN1	14,14,14,16,17	15,15,15,16,17	16,16,16,16,16	12,13,15,15,16	14,15,16,16,17	16,16,16,17,17	15,16,16,17,17
YIL148W	RPL40A	894,959,1024,1050,1077	986,1009,1031,1084,1137	718,738,758,758,759	1063,1106,1149,1159,1168	1307,1379,1450,1492,1534	664,666,667,669,672	937,950,962,972,982
YIL149C	MLP2	20,21,22,22,23	21,21,21,22,22	10,11,12,12,13	20,21,21,21,21	20,21,21,22,23	11,11,11,12,12	18,19,19,21,22
YIL150C	MCM10	7,7,8,10,13	7,8,9,9,10	10,11,11,11,11	9,9,9,9,10	8,9,9,9,10	8,9,9,10,10	7,9,10,10,10
YIL151C	ESL1	17,18,18,19,21	20,22,23,24,24	21,22,23,23,23	22,22,22,23,24	19,20,21,23,24	19,20,21,21,22	16,16,17,18,19
YIL152W		52,52,52,56,60	42,50,59,62,66	74,75,76,81,85	45,48,50,55,60	40,41,43,45,48	91,91,92,92,93	59,59,60,60,61
YIL153W	RRD1	60,63,67,69,71	71,73,75,75,76	134,143,153,153,153	69,70,71,71,71	64,67,69,71,72	137,138,138,140,141	61,62,63,65,68
YIL154C		72,78,83,94,104	77,89,102,106,110	103,106,108,117,127	88,91,94,100,106	75,75,75,77,78	116,120,125,136,147	71,73,75,77,80
YIL155C	GUT2	614,614,614,632,649	654,659,664,666,669	673,693,713,749,784	639,651,662,668,674	530,538,546,586,626	716,721,726,754,782	587,590,593,596,599
YIL156W-A		0,0,0,0.3,0.6	0,0,0,0.3,0.6	3,3,3,3,3	0,0,0,0,0	0,0,0,0,0	2,2,2,2,3	0,0,0,0.7,1
YIL156W-B		199,207,214,224,234	195,212,229,234,240	279,279,280,283,286	169,188,207,214,221	175,175,176,188,200	277,280,283,284,285	206,207,208,224,240
YIL156W	UBP7	13,13,14,14,15	14,16,18,18,18	20,20,20,20,21	16,16,17,17,17	16,16,17,18,19	20,20,20,20,20	13,14,14,15,16
YIL157C	COA1	101,101,102,104,106	141,161,182,183,185	147,148,149,159,170	170,176,182,183,184	151,153,154,164,174	126,130,134,141,148	91,94,98,103,109
YIL158W	AIM20	148,149,151,154,156	145,146,147,148,148	25,25,25,27,28	125,128,130,130,130	68,71,74,77,79	16,18,20,20,21	132,132,132,136,139
YIL159W	BNR1	6,6,6,6,7	6,6,6,6,6	9,10,11,12,13	6,6,7,7,7	8,8,8,9,9	9,10,10,10,10	6,6,7,7,8
YIL160C	POT1	59,65,72,76,81	49,50,51,56,62	976,1037,1098,1160,1221	47,48,49,52,56	36,38,39,40,41	1101,1159,1216,1274,1332	64,67,71,74,76
YIL161W		48,50,52,56,60	52,56,60,63,66	57,58,58,59,61	51,59,67,68,69	65,65,65,67,69	44,50,55,57,59	45,49,53,53,54
YIL162W	SUC2	100,104,107,109,112	102,108,115,116,116	109,111,113,114,115	112,114,116,132,148	111,117,123,128,132	95,101,106,108,109	105,110,115,116,116
YIL163C		10,12,15,15,16	12,13,13,14,15	35,35,35,37,39	9,11,13,16,18	8,11,13,17,22	33,38,44,44,44	14,17,19,19,20
YIL164C	NIT1	51,56,61,64,66	63,67,70,74,77	144,145,146,150,153	55,56,57,60,63	49,50,51,57,62	189,196,204,215,227	66,70,74,77,80
YIL165C		58,62,66,71,76	61,69,77,79,80	175,175,176,179,182	69,70,71,78,85	53,55,57,62,67	234,240,246,256,265	74,82,91,92,94
YIL166C		18,19,19,22,25	27,27,27,27,28	21,23,25,26,27	25,27,28,28,28	18,19,20,21,22	22,23,24,26,29	23,23,24,24,24
YIL169C		16,16,17,17,18	15,15,16,16,16	8,9,9,9,10	15,16,16,17,18	18,18,19,19,19	7,8,8,9,11	14,15,16,16,16
YIL170W	HXT12	6,6,7,7,8	5,5,6,6,7	20,21,21,24,27	7,7,8,8,9	5,5,5,6,7	23,23,23,29,35	8,9,9,9,9
YIL171W		4,4,5,8,10	5,8,11,12,12	17,19,21,24,27	5,5,5,7,8	6,6,7,8,9	24,26,28,32,35	8,9,9,9,9
YIL171W-A		0,0,0,0,0	0,0,0,0,0	0,0,0,0,0	0,0,0,0,0	0,0,0,0,0	0,0,0,0,0	0,0,0,0,0
YIL172C	IMA3	0,0.1,0.2,0.2,0.3	0,0,0,0,0	0,0,0,0.2,0.4	0,0,0,0,0	0,0,0,0,0	0,0,0,0.1,0.2	0,0,0,0.2,0.3
YIL173W	VTH1	0,0.1,0.1,0.3,0.4	0.2,0.2,0.3,0.4,0.6	0.1,0.2,0.3,0.3,0.4	0,0.1,0.1,0.2,0.3	0.1,0.1,0.1,0.3,0.5	0.3,0.4,0.5,0.6,0.7	0.2,0.2,0.2,0.3,0.4
YIL174W		0,0,0,0,0	0,0,0,0,0	0,0,0,0,0	0,0,0,0,0	0,0,0,0,0	0,0,0,0,0	0,0,0,0,0
YIL175W		0,0,0,0,0	0,0,0,0,0	0,0,0,0,0	0,0,0,0,0	0,0,0,0,0	0,0,0,0,0	0,0,0,0,0
YIL176C	PAU14	0,0,0,0,0	0,0,0,0,0	0,0,0,0,0	0,0,0,0,0	0,0,0,0,0	0,0,0,0,0	0,0,0,0,0
YIL177C		0.9,1,1,1,1	1,1,1,1,1	0.9,1,1,1,1	0.9,0.9,1,1,1	0.9,1,1,1,1	1,1,1,1,2	0.5,0.7,0.8,1,1
YIL177W-A		0,0,0,0,0	0,0,0,0,0	0,0,0,0,0	0,0,0,0,0	0,0,0,0,0	0,0,0,0,0	0,0,0,0,0
YIR001C	SGN1	124,127,129,138,147	176,177,178,181,185	174,177,179,181,183	165,166,167,181,194	192,192,193,204,215	162,170,178,178,179	122,124,125,127,128
YIR002C	MPH1	28,28,29,30,30	24,25,26,27,27	35,36,37,37,38	22,23,23,25,26	19,21,23,23,24	35,35,36,37,38	32,32,33,33,33
YIR003W	AIM21	55,57,58,61,64	66,66,67,68,69	63,64,64,67,70	61,63,65,68,72	59,61,63,64,64	60,61,61,62,62	60,62,64,65,65
YIR004W	DJP1	74,76,78,83,89	84,86,89,89,89	84,85,86,89,91	86,87,89,91,93	96,96,97,100,103	76,78,80,81,82	76,76,76,79,81
YIR005W	IST3	50,54,58,60,63	63,64,66,69,73	95,107,119,136,153	56,59,61,69,76	64,65,66,71,77	81,85,90,95,101	69,69,69,74,78
YIR006C	PAN1	51,51,52,53,53	51,52,53,54,54	55,56,57,59,60	53,53,54,55,56	47,48,49,50,51	55,57,59,61,63	48,48,48,49,50
YIR007W	EGH1	19,20,20,22,24	21,23,25,25,26	24,24,24,25,25	20,20,20,21,22	16,16,16,17,18	24,26,28,29,29	19,20,20,20,20
YIR008C	PRI1	34,35,36,36,37	27,31,36,36,36	29,33,36,38,40	34,35,36,36,36	37,37,38,38,38	34,34,35,37,39	38,38,38,40,42
YIR009W	MSL1	45,48,52,56,61	53,56,59,69,78	54,54,55,55,55	45,50,55,56,57	48,52,57,62,68	45,52,60,63,66	49,52,54,59,64
YIR010W	DSN1	47,50,53,53,54	35,35,35,38,40	28,29,31,32,32	30,30,31,33,34	26,26,27,28,28	27,29,31,31,32	54,56,58,59,61
YIR011C	STS1	83,83,84,88,92	74,81,87,89,90	151,153,156,162,167	79,83,88,89,91	85,90,96,98,99	152,153,153,154,155	83,86,89,90,91
YIR012W	SQT1	76,78,80,81,81	66,69,72,73,74	81,84,87,93,99	71,74,77,79,81	72,77,81,84,87	67,72,76,79,82	76,78,80,82,83
YIR013C	GAT4	2,2,2,2,2	0.8,1,1,1,2	0,2,4,4,4	1,2,2,3,3	0,0.7,1,2,2	4,4,5,6,7	1,1,2,2,2
YIR014W		22,23,23,25,27	28,28,29,30,32	35,36,37,38,38	27,27,27,27,27	16,17,18,21,25	25,26,27,28,30	21,24,27,28,29
YIR015W	RPR2	35,45,55,57,58	55,61,67,68,69	69,72,75,75,75	57,59,60,62,64	51,51,51,56,61	55,57,59,64,69	52,54,57,63,69
YIR016W		50,53,56,59,61	56,57,58,62,66	99,101,103,107,112	49,52,56,57,57	48,50,51,53,54	87,92,97,98,99	46,50,54,56,58
YIR017C	MET28	0,0,0,0,0	0,0,0,0,0	0,0.2,0.3,0.4,0.6	0,0,0,0,0	0,0,0,0.1,0.3	0,0,0,0,0	0,0,0,0,0
YIR017W-A		0,0.1,0.3,0.8,1	0,0.2,0.4,0.5,0.5	0.6,0.6,0.7,1,2	0,0,0,0.1,0.2	0,0.1,0.2,0.4,0.6	0.8,1,2,2,3	0,0,0,0.3,0.5
YIR018C-A		27,28,28,32,36	28,32,36,39,43	47,50,53,56,59	27,28,30,32,34	27,29,31,33,35	50,53,56,58,61	31,31,31,36,40
YIR018W	YAP5	28,31,34,34,34	40,41,42,43,44	46,47,48,52,55	30,31,33,35,38	34,34,35,39,43	40,45,50,51,52	32,33,34,38,41
YIR019C		3,3,3,3,3	3,4,5,5,5	2,2,2,2,3	4,4,4,4,4	3,4,4,4,4	2,2,2,3,4	3,3,3,3,4
YIR020C		0,0,0,0,0	0,0,0,0,0	0,0,0,0,0	0,0,0,0,0	0,0,0,0,0	0,0,0,0,0	0,0,0,0,0
YIR020C-B		0,0,0,0,0	0,0,0,0.1,0.2	0,0,0,0,0	0,0,0,0,0	0,0,0,0,0	0,0,0,0,0	0,0,0,0.2,0.4
YIR020W-A		0,0,0,0,0	0,0,0,0,0	0,0,0,0,0	0,0,0,0,0	0,0,0,0,0	0,0,0,0,0	0,0,0,0,0
YIR021W-A		0,0.5,1,1,2	0,0,0,1,3	6,7,8,8,8	0,0.5,1,1,1	0,0,0,0.7,1	4,8,12,12,12	3,4,4,4,5
YIR021W	MRS1	9,10,11,11,12	13,14,14,15,15	3,4,5,6,7	16,16,16,16,16	19,20,20,21,23	3,4,4,5,5	6,7,8,9,9
YIR022W	SEC11	186,196,205,208,212	173,181,188,190,192	236,238,240,243,246	180,187,194,197,200	164,166,169,174,178	249,256,263,265,267	199,202,205,210,215
YIR023C-A		0,0,0,1,2	0,0,0,0.4,0.8	0,0.3,0.6,0.7,0.8	0,0,0,0.4,0.8	0,0,0,0.4,0.9	0,0.4,0.8,0.9,0.9	0,0,0,0.5,1
YIR023W	DAL81	23,24,24,24,24	19,19,19,21,22	14,15,15,16,17	19,20,20,21,22	18,18,19,19,20	13,14,15,16,17	23,23,23,24,25
YIR024C		54,56,57,60,63	67,73,80,86,92	56,56,57,58,59	71,74,78,78,79	71,71,71,76,81	45,46,48,53,57	55,56,58,60,63
YIR025W	MND2	30,30,31,35,39	31,33,35,36,38	47,49,51,52,53	31,31,31,34,37	33,33,34,34,35	48,48,48,49,50	29,33,37,37,37
YIR026C	YVH1	36,37,39,39,39	28,31,33,36,38	38,41,45,47,49	32,36,39,40,40	39,41,42,45,47	32,35,38,38,38	32,34,36,37,38
YIR027C	DAL1	11,12,13,14,15	13,13,13,13,14	29,29,29,31,32	12,12,12,13,13	11,12,13,13,13	25,25,26,28,31	12,12,12,14,15
YIR028W	DAL4	9,9,10,12,14	11,11,11,12,12	20,20,20,21,22	9,10,10,12,13	8,10,11,11,11	22,23,24,25,26	9,10,11,12,12
YIR029W	DAL2	144,149,155,170,185	159,171,183,197,211	81,84,86,89,91	135,139,142,145,147	77,78,78,79,80	105,106,106,118,130	122,125,128,150,172
YIR030C	DCG1	45,45,45,45,45	34,36,38,41,44	25,26,27,28,29	35,35,35,37,38	26,27,27,28,29	24,26,29,30,31	43,45,48,52,56
YIR030W-A		0.7,0.9,1,1,2	0,0.9,2,2,2	0.6,1,2,2,2	0,0.6,1,2,2	1,1,2,2,2	0,0.6,1,2,3	0,0.3,0.6,2,3
YIR031C	DAL7	24,24,24,26,29	19,21,23,23,24	14,16,17,17,18	19,20,22,22,22	15,17,19,21,22	19,21,22,22,22	23,24,24,25,27
YIR032C	DAL3	177,177,177,203,229	155,158,160,162,164	65,66,66,73,81	111,113,116,118,119	46,48,50,53,57	87,96,104,110,116	158,167,177,191,205
YIR033W	MGA2	22,22,23,24,24	24,26,28,28,29	66,68,69,71,74	26,27,28,30,32	26,26,26,27,27	61,63,64,64,65	19,21,22,23,24
YIR034C	LYS1	342,354,367,367,367	271,286,301,306,312	253,260,267,297,327	284,290,296,302,307	263,264,265,280,295	365,380,396,430,464	373,388,403,404,404
YIR035C		58,63,68,72,75	56,58,60,62,64	75,81,86,90,94	54,57,61,64,68	53,56,58,60,62	94,97,101,105,110	66,67,68,71,74
YIR036C	IRC24	45,45,46,48,51	48,49,51,53,56	76,79,82,82,83	50,52,53,54,55	46,48,49,53,58	78,79,80,87,94	38,42,45,48,50
YIR036W-A		0,0,0,0.3,0.6	0,0,0,0,0	0,0.5,1,1,2	0,0,0,0.3,0.6	0,0,0,0,0	0,0.3,0.6,2,3	0,0.3,0.5,0.6,0.7
YIR037W	HYR1	299,310,321,325,329	312,339,365,375,385	500,521,541,549,558	363,374,385,394,404	372,378,384,390,396	518,555,592,607,622	284,290,295,304,314
YIR038C	GTT1	69,73,77,81,85	101,104,106,109,111	135,138,142,154,166	100,104,108,109,109	93,96,99,104,108	147,151,156,162,168	70,71,71,72,73
YIR039C	YPS6	48,49,50,54,58	52,53,53,54,54	51,51,51,51,52	52,53,54,55,55	40,41,42,43,44	48,49,49,51,53	50,50,51,53,55
YIR040C		4,5,5,7,8	5,6,8,8,8	3,4,6,9,12	6,8,10,12,13	4,6,7,8,8	5,5,5,5,6	5,5,5,7,8
YIR041W	PAU15	3,3,3,3,4	3,3,4,4,4	1,2,4,4,5	5,6,6,7,8	0.9,2,4,4,5	3,4,5,6,6	3,4,4,4,5
YIR042C		42,43,44,45,45	31,31,32,34,35	53,53,53,57,62	29,29,30,30,31	24,26,28,28,28	48,52,56,59,62	46,50,54,54,55
YJL001W	PRE3	392,414,437,461,485	388,388,389,397,405	388,405,421,430,438	390,396,402,407,413	382,383,384,386,388	464,473,482,490,498	390,400,410,422,434
YJL002C	OST1	151,153,156,157,159	121,128,135,135,136	169,172,175,177,178	132,133,133,136,139	143,146,148,152,157	180,184,187,189,192	154,155,155,156,157
YJL003W	COX16	102,106,110,114,118	101,112,123,128,133	170,174,178,183,188	107,116,125,134,144	109,121,132,138,143	147,147,147,147,147	121,123,125,135,146
YJL004C	SYS1	101,106,112,116,120	96,104,111,112,112	193,196,199,200,202	99,100,101,104,107	88,89,91,94,97	196,199,201,209,217	106,114,122,122,122
YJL005W	CYR1	15,15,15,16,17	17,18,18,19,19	14,14,14,15,15	18,18,18,19,19	16,16,17,17,17	14,15,15,15,16	14,14,14,15,16
YJL006C	CTK2	37,37,38,39,40	32,33,35,35,36	45,48,50,52,53	32,33,34,35,36	30,31,31,33,34	44,46,48,50,51	43,44,44,46,47
YJL007C		0,0.4,0.7,2,3	0.8,0.8,0.8,2,3	2,3,4,5,5	1,1,2,2,2	0,0.3,0.7,0.8,0.9	3,3,3,5,6	0,0.3,0.7,0.7,0.7
YJL008C	CCT8	160,166,171,173,175	131,137,143,144,145	190,190,190,194,198	133,136,139,145,151	134,138,142,143,143	224,224,224,227,229	160,161,162,165,168
YJL009W		3,5,6,7,7	6,6,7,8,9	6,8,9,10,11	4,5,7,7,7	2,2,3,3,4	5,7,8,11,14	4,5,6,7,8
YJL010C	NOP9	21,22,23,24,25	22,23,23,24,25	19,20,21,22,23	22,23,24,24,24	25,26,26,28,30	16,16,17,18,19	22,22,23,24,25
YJL011C	RPC17	43,43,44,45,47	31,32,33,35,36	22,25,29,31,34	32,35,38,41,43	41,44,47,49,51	20,21,21,22,23	49,52,54,55,55
YJL012C	VTC4	71,71,71,72,72	70,70,70,72,74	103,106,109,109,110	72,73,73,73,74	67,68,69,71,73	109,111,112,117,123	74,75,77,79,81
YJL013C	MAD3	40,41,43,45,48	40,41,42,45,47	32,33,35,35,36	35,35,35,36,36	33,34,36,37,38	35,36,37,37,37	48,50,51,51,52
YJL014W	CCT3	189,189,190,194,199	163,163,164,167,170	167,168,170,173,177	166,166,167,170,173	159,159,160,162,165	159,166,173,179,185	182,183,184,189,194
YJL015C		0,0,0,0,0	0,0,0,0,0	0,0,0,0.4,0.9	0,0,0,0,0	0,0,0,0,0	0,0,0,1,2	0,0,0,0,0
YJL016W		43,44,45,48,50	37,37,37,41,45	134,139,144,144,145	33,34,34,36,38	24,26,28,29,29	154,160,165,167,170	47,47,47,52,58
YJL019W	MPS3	57,59,62,62,62	46,47,48,49,51	238,242,245,245,245	40,42,45,45,46	41,42,42,43,43	208,215,223,228,232	66,69,72,75,78
YJL020C	BBC1	43,43,44,46,48	51,51,52,54,57	54,54,55,58,61	47,49,52,53,53	44,45,47,51,54	53,55,58,58,59	45,46,48,48,48
YJL020W-A		0,0,0,0,0	0,0,0,0,0	0,0,0,0,0	0,0,0,0,0	0,0,0,0,0	0,0,0,0,0	0,0,0,0,0
YJL022W		0,0.5,0.9,1,1	0,0,0,1,2	1,1,1,2,3	0.7,0.8,0.8,2,3	0,0,0,0,0	1,1,2,2,3	0,0.5,1,1,1
YJL023C	PET130	27,29,32,33,33	27,27,28,29,30	50,50,51,53,55	22,26,30,31,31	25,25,25,27,29	51,54,56,59,61	25,26,27,28,29
YJL024C	APS3	141,141,142,147,153	126,126,127,140,152	132,138,144,146,148	118,121,123,126,129	104,110,116,122,129	149,153,158,160,162	130,137,144,144,145
YJL025W	RRN7	19,19,19,20,20	15,17,20,20,21	19,19,19,21,23	18,19,19,20,21	17,18,19,20,21	16,18,20,20,20	19,20,20,23,25
YJL026C-A		0,0,0,0,0	0,0,0,0,0	0,0,0,0,0	0,0,0,0,0	0,0,0,0,0	0,0,0,0,0	0,0,0,0,0
YJL026W	RNR2	241,249,257,261,264	120,125,129,130,130	95,99,103,105,106	101,108,115,120,124	102,108,114,117,119	97,106,114,117,119	289,290,291,293,295
YJL027C		1,2,2,3,3	1,1,1,2,2	4,4,5,5,6	0,0.6,1,2,3	1,1,2,2,3	3,4,5,5,5	2,3,3,3,4
YJL028W		3,3,4,5,7	4,4,4,4,5	1,1,1,2,3	3,5,7,7,8	3,4,4,4,5	1,2,2,2,2	4,4,5,6,6
YJL029C	VPS53	36,37,38,40,41	32,33,33,34,34	30,30,30,30,31	29,30,31,32,34	27,28,29,29,29	26,27,28,28,29	41,42,42,42,43
YJL030W	MAD2	82,83,83,86,90	86,89,92,92,92	89,92,95,105,114	79,81,83,89,96	64,65,66,72,79	106,109,112,118,123	74,80,85,86,87
YJL031C	BET4	56,58,60,61,62	54,55,55,57,58	65,72,79,82,85	48,48,49,51,53	42,43,44,46,47	66,68,70,72,74	64,64,65,67,69
YJL032W		0,0,0,0,0	0,0,0,0.4,0.8	0,0,0,0,0	0,0,0,0,0	0,0,0,0,0	0,0,0,0,0	0,0,0,0,0
YJL033W	HCA4	27,29,31,32,33	23,26,29,29,30	21,23,25,26,28	29,30,31,31,32	38,39,40,40,41	13,15,17,17,18	25,27,28,29,30
YJL034W	KAR2	301,301,302,308,315	195,214,234,246,258	150,156,162,169,176	207,220,234,237,240	198,198,199,205,212	117,119,121,123,126	301,313,324,329,333
YJL035C	TAD2	20,20,21,21,22	18,20,22,22,22	24,26,28,28,29	15,16,16,17,19	14,17,20,20,20	23,26,29,29,29	16,19,23,25,26
YJL036W	SNX4	116,117,119,121,124	116,118,120,125,130	153,160,166,175,184	114,115,117,121,125	98,104,110,110,110	177,178,179,187,194	110,112,114,122,130
YJL037W	IRC18	24,26,28,30,31	23,25,27,29,31	65,65,66,71,76	25,26,26,27,28	27,28,29,32,34	68,68,69,70,72	27,28,29,29,30
YJL038C	LOH1	18,22,26,26,27	19,22,24,24,24	30,31,32,35,39	21,21,22,26,30	16,19,22,23,24	31,32,32,35,37	29,30,31,32,32
YJL039C	NUP192	21,23,24,24,24	18,19,21,21,22	19,19,20,20,20	19,20,21,21,21	19,20,20,20,20	18,18,18,19,20	22,23,24,24,24
YJL041W	NSP1	60,60,61,63,64	56,56,57,61,65	70,71,72,73,74	58,59,59,59,59	54,55,56,56,56	67,69,71,71,71	62,63,64,66,67
YJL042W	MHP1	38,38,38,39,41	40,41,43,43,43	40,41,41,42,42	40,41,41,42,42	43,43,43,45,47	40,40,41,42,44	39,39,40,41,42
YJL043W		5,6,7,9,12	6,6,6,7,7	7,8,9,9,9	5,6,6,6,6	5,5,6,6,7	7,8,8,8,9	7,7,7,8,9
YJL044C	GYP6	43,43,44,44,45	60,60,60,63,65	66,67,68,69,69	68,68,68,69,70	71,72,74,76,79	70,72,74,77,80	35,37,40,40,40
YJL045W		31,33,34,40,46	36,36,36,37,38	50,50,51,53,56	34,34,34,35,35	31,31,32,33,34	70,71,73,73,73	27,29,30,31,31
YJL046W	AIM22	47,54,61,61,61	77,82,88,89,90	59,61,64,67,70	84,84,85,87,90	93,95,96,97,97	54,56,57,59,60	49,52,54,56,59
YJL047C-A		3,3,3,4,4	0,0,0,0.8,2	0,2,4,5,5	2,3,4,5,6	2,3,4,5,6	0,0.9,2,2,2	6,6,7,8,10
YJL047C	RTT101	17,18,20,21,23	21,22,23,23,23	29,30,31,31,31	20,20,20,20,20	18,18,19,19,20	28,28,29,29,30	19,20,20,21,21
YJL048C	UBX6	112,120,129,134,140	150,151,152,161,170	298,311,325,329,333	167,168,169,171,172	168,170,173,174,176	314,317,320,325,330	108,110,111,118,124
YJL049W	CHM7	39,40,41,43,45	43,43,44,45,46	41,43,45,48,50	36,38,39,41,42	38,40,42,42,42	39,39,40,41,42	34,38,42,44,46
YJL050W	MTR4	25,29,32,33,34	19,21,23,23,23	22,23,24,26,27	23,24,25,25,25	30,31,31,32,33	15,17,19,19,19	26,27,28,30,31
YJL051W	IRC8	55,55,56,57,59	71,71,72,75,78	28,30,31,31,31	64,65,67,68,68	34,34,34,38,41	29,30,31,31,32	39,42,45,45,46
YJL052C-A		2,7,11,14,17	2,5,9,10,12	6,9,13,14,14	4,5,7,8,9	0,2,4,6,8	15,17,19,22,25	5,6,6,7,8
YJL052W	TDH1	41,41,41,49,56	60,64,68,69,71	749,846,942,962,981	78,81,83,83,83	80,83,87,91,95	617,666,716,737,758	42,42,42,46,49
YJL053W	PEP8	49,54,58,61,64	62,62,63,68,73	82,83,83,84,85	62,64,65,66,66	49,51,52,54,56	81,86,91,92,93	55,56,58,59,59
YJL054W	TIM54	84,85,86,86,87	101,104,106,108,110	123,128,132,133,134	98,103,109,109,109	92,98,104,105,105	119,123,127,128,128	76,78,80,83,86
YJL055W		202,203,203,213,223	249,250,250,259,267	182,183,184,194,205	247,247,248,261,273	239,241,242,244,247	195,198,201,202,203	176,190,203,208,212
YJL056C	ZAP1	25,26,27,28,28	24,24,25,27,30	40,42,43,45,48	21,22,22,23,24	18,18,18,19,20	43,45,46,47,47	23,24,25,28,30
YJL057C	IKS1	45,46,48,49,51	62,62,62,64,66	77,79,81,83,85	56,57,58,60,63	46,46,46,46,46	76,77,77,81,85	43,46,48,50,52
YJL058C	BIT61	17,17,17,17,18	17,19,21,21,21	30,30,30,32,35	16,18,20,21,21	15,15,15,17,18	28,30,32,33,33	15,16,18,18,19
YJL059W	YHC3	25,25,25,26,26	21,25,28,28,28	28,29,30,30,30	24,25,26,29,31	19,20,21,21,21	31,31,32,33,33	28,28,28,29,29
YJL060W	BNA3	152,156,160,165,170	205,209,212,215,218	232,239,245,253,260	172,175,178,178,179	178,181,183,183,183	252,259,266,274,282	208,210,213,213,214
YJL061W	NUP82	30,31,32,33,34	32,34,35,36,37	32,33,33,33,34	34,34,35,35,36	33,37,41,42,42	29,30,31,33,34	27,29,32,32,32
YJL062W-A	COA3	287,296,304,305,305	325,347,368,387,406	203,213,222,243,265	376,394,411,420,428	370,378,385,421,458	157,159,161,189,217	247,272,298,302,306
YJL062W	LAS21	32,32,32,34,35	31,32,32,33,34	49,52,56,58,60	28,28,29,30,31	22,23,23,25,26	46,46,47,50,53	30,30,31,32,34
YJL063C	MRPL8	147,149,152,155,158	250,253,256,263,269	129,136,144,146,149	265,271,277,282,287	274,281,288,295,302	98,102,106,116,126	119,129,139,143,147
YJL064W		0,0,0,0.3,0.6	0,0.3,0.6,1,1	0,0,0,0,0	0,0,0,0.2,0.4	0,0,0,0,0	0,0,0,0,0	0,0,0,0,0
YJL065C	DLS1	17,20,23,23,23	20,22,24,24,25	19,19,20,22,23	21,21,22,23,23	22,23,24,25,27	21,22,22,27,31	22,24,25,26,28
YJL066C	MPM1	101,105,110,111,112	160,170,179,180,180	191,194,197,202,206	186,187,189,190,191	176,186,195,198,201	166,166,167,175,184	85,87,89,95,101
YJL067W		19,19,20,20,20	27,28,29,33,37	29,29,30,33,36	27,31,35,36,37	28,31,33,33,33	18,20,22,28,33	16,16,17,19,22
YJL068C		174,178,183,191,199	171,177,184,185,186	199,200,201,213,225	162,164,167,176,186	136,139,142,144,145	217,220,222,236,250	170,172,173,175,177
YJL069C	UTP18	28,34,39,40,40	24,25,27,29,31	17,18,19,19,19	32,32,33,33,33	35,37,40,41,41	19,20,20,22,25	30,32,33,34,35
YJL070C		17,18,19,20,21	20,23,26,26,26	38,38,38,38,38	22,22,23,23,23	17,18,19,20,21	36,37,37,37,38	16,17,17,18,19
YJL071W	ARG2	69,70,71,73,74	67,68,70,73,77	93,94,95,96,97	61,65,69,71,72	59,60,61,62,62	103,103,103,104,105	65,66,67,69,71
YJL072C	PSF2	70,72,74,75,75	56,60,64,65,66	90,93,96,97,98	60,61,62,66,69	64,64,64,66,68	96,99,102,103,104	75,78,80,81,81
YJL073W	JEM1	27,27,28,29,30	25,25,26,28,30	32,33,35,35,36	28,28,28,28,28	29,30,30,32,35	30,31,32,33,34	30,30,30,31,32
YJL074C	SMC3	13,14,14,15,15	9,10,11,11,11	11,12,13,13,14	12,13,14,14,15	23,24,24,25,27	10,10,10,11,12	19,19,19,21,22
YJL075C	APQ13	2,2,3,3,4	1,2,4,5,6	0.7,1,2,2,2	2,3,3,3,4	0,2,3,4,4	0,1,2,2,3	3,3,3,3,3
YJL076W	NET1	48,49,51,52,53	47,50,52,53,53	36,37,37,37,38	48,48,48,49,49	45,46,47,47,48	38,39,39,40,41	51,52,53,53,53
YJL077C	ICS3	45,47,49,53,58	49,50,52,53,54	41,43,45,47,48	45,47,49,50,51	25,26,27,31,36	44,45,47,50,53	37,39,41,44,47
YJL077W-A		0,0,0,0,0	0,0,0,0,0	0,0,0,0,0	0,0,0,0,0	0,0,0,0,0	0,0,0,0,0	0,0,0,0,0
YJL077W-B		51,61,71,77,83	76,90,105,105,106	104,105,107,116,125	81,82,83,93,104	37,44,50,64,78	93,98,102,106,110	36,41,46,59,73
YJL078C	PRY3	32,37,41,43,45	57,57,57,59,61	54,55,56,63,70	78,79,80,88,96	174,174,174,191,209	68,68,69,70,71	30,32,33,33,34
YJL079C	PRY1	147,153,160,167,175	725,727,729,812,895	345,346,347,356,364	897,947,997,1022,1047	701,718,735,835,934	302,309,316,323,330	112,115,117,126,135
YJL080C	SCP160	40,43,46,47,48	46,46,46,47,47	34,36,38,39,39	45,45,46,48,49	51,51,51,54,57	31,32,32,33,35	46,46,46,47,48
YJL081C	ARP4	81,81,81,86,90	73,79,86,90,94	93,93,93,94,95	80,82,85,85,86	70,74,77,80,84	95,96,98,99,100	75,80,85,86,87
YJL082W	IML2	27,28,29,32,34	30,30,31,31,31	38,38,39,40,42	29,30,30,32,33	23,24,24,26,27	32,34,35,35,35	29,30,31,31,32
YJL083W	TAX4	11,12,12,12,12	12,13,14,15,16	27,27,28,28,28	12,13,15,15,15	11,13,14,14,15	24,25,27,27,27	11,11,12,12,13
YJL084C	ALY2	16,16,16,16,16	20,21,21,21,22	26,28,29,30,30	21,22,22,23,23	23,23,23,24,24	24,25,26,26,26	14,14,15,15,15
YJL085W	EXO70	28,28,29,31,33	33,34,35,36,37	29,30,31,32,33	27,28,30,30,30	30,31,32,32,32	28,29,30,31,32	24,24,25,26,28
YJL086C		0,0,0,0.7,1	0,0,0,0,0	0,0,0,0,0	0,0,0,0,0	0,0,0,0,0	0,0,0,0.3,0.6	0,0,0,0,0
YJL087C	TRL1	16,18,19,20,20	18,19,20,21,21	17,18,19,20,20	17,18,19,19,20	19,19,20,21,21	17,17,18,18,19	16,17,18,19,19
YJL088W	ARG3	355,380,404,407,411	494,509,523,543,564	162,162,163,166,170	532,543,555,557,560	561,561,562,567,571	226,231,237,238,240	312,336,360,380,401
YJL089W	SIP4	175,178,180,189,198	180,182,183,183,183	214,220,225,227,229	153,158,163,163,164	112,113,114,118,122	244,247,249,251,253	160,166,172,182,193
YJL090C	DPB11	24,25,26,26,27	24,25,27,27,27	36,36,36,37,38	24,25,25,26,27	27,28,28,29,29	36,37,38,40,42	24,24,25,26,27
YJL091C	GWT1	36,36,36,37,37	30,31,31,33,35	56,57,58,59,60	25,27,29,31,33	31,33,36,38,40	57,59,61,62,62	37,39,40,42,45
YJL092W	SRS2	32,33,34,34,35	20,20,20,21,21	7,8,9,9,9	17,18,19,19,19	14,14,15,16,16	8,8,8,9,10	35,36,38,39,39
YJL093C	TOK1	33,34,34,36,38	32,32,32,34,35	56,60,63,65,67	31,32,32,33,34	26,28,29,31,33	58,61,63,65,67	31,33,36,36,36
YJL094C	KHA1	50,51,53,54,54	46,47,49,51,52	93,97,101,102,103	49,49,49,50,52	42,44,46,49,51	90,91,92,94,96	54,54,55,56,56
YJL095W	BCK1	11,11,11,11,11	10,11,12,12,12	13,14,14,15,15	10,11,12,12,12	12,12,12,13,13	12,12,12,13,14	11,11,12,12,12
YJL096W	MRPL49	171,182,194,199,205	294,300,306,307,307	110,129,148,152,156	295,308,321,324,326	328,334,339,353,367	98,106,113,120,126	178,183,188,197,205
YJL097W	PHS1	112,117,122,126,130	121,122,124,125,127	121,125,128,129,130	112,115,118,121,124	121,125,128,130,131	137,139,140,147,155	123,124,126,129,133
YJL098W	SAP185	26,26,27,29,31	21,22,24,24,24	27,27,27,28,29	21,22,23,24,24	23,23,24,24,24	23,24,26,27,29	28,28,28,31,33
YJL099W	CHS6	22,23,23,24,24	24,25,25,26,26	27,27,28,28,29	21,22,24,24,24	18,19,19,20,20	27,29,31,33,35	22,22,23,24,26
YJL100W	LSB6	45,46,46,47,48	52,54,56,57,58	67,68,68,69,70	48,49,50,50,50	44,46,47,49,51	73,75,76,77,79	42,42,43,43,44
YJL101C	GSH1	54,57,60,60,60	83,84,86,87,88	77,80,83,83,83	76,78,80,83,85	97,97,98,98,99	75,76,78,85,93	61,62,63,64,65
YJL102W	MEF2	61,62,62,64,65	59,59,59,60,61	29,29,30,31,32	57,58,60,62,63	50,52,53,55,56	29,31,33,34,35	64,66,68,69,69
YJL103C	GSM1	71,72,72,74,75	84,84,85,86,88	84,84,85,85,86	78,79,80,81,82	74,76,78,83,89	74,79,84,85,86	72,73,74,74,75
YJL104W	PAM16	191,196,202,210,218	266,275,285,314,342	133,141,148,153,158	269,279,289,316,343	291,303,315,343,371	127,128,129,129,129	181,185,189,194,199
YJL105W	SET4	13,14,14,16,18	13,13,14,14,15	10,11,12,14,16	10,10,10,13,16	10,10,10,10,10	13,13,14,15,15	16,16,16,18,20
YJL106W	IME2	14,15,16,17,18	20,21,21,22,22	31,34,37,37,37	50,52,54,59,65	115,120,125,127,128	34,36,38,38,38	17,18,18,18,18
YJL107C		38,40,41,44,47	32,34,35,35,35	143,144,146,146,146	42,42,42,42,43	56,57,58,64,70	67,69,71,78,86	50,51,52,52,53
YJL108C	PRM10	33,36,40,41,43	22,25,29,34,38	120,128,135,136,137	34,36,38,41,44	49,52,54,55,55	77,79,80,81,81	39,42,45,47,49
YJL109C	UTP10	19,19,20,21,21	15,15,15,16,16	18,18,19,20,22	17,17,18,19,19	17,19,21,21,21	14,15,16,16,16	17,18,18,19,19
YJL110C	GZF3	43,46,48,49,51	46,46,47,48,49	55,55,55,56,58	49,50,50,52,55	47,48,49,50,52	52,52,53,53,53	46,46,47,49,51
YJL111W	CCT7	173,173,174,183,191	149,152,155,158,160	189,191,194,195,197	160,162,163,164,164	162,165,168,168,168	189,197,204,208,212	175,176,177,183,189
YJL112W	MDV1	69,69,70,75,80	74,75,77,78,79	67,68,69,69,69	72,73,74,75,75	70,71,72,76,80	61,62,63,65,66	76,76,77,78,78
YJL113W		0,0,0,0,0	0,0,0,0,0	0,0,0,0,0	0,0,0,0.1,0.1	0,0,0,0,0	0,0,0,0,0	0,0,0,0,0.1
YJL114W		0,0,0,0,0	0,0,0,0,0	0,0,0,0,0	0,0,0,0,0	0,0,0,0,0	0,0,0,0,0	0,0,0,0,0
YJL115W	ASF1	41,43,44,45,46	37,37,38,43,49	45,47,50,52,55	42,43,45,54,63	89,91,93,96,98	44,45,46,51,57	61,62,62,63,65
YJL116C	NCA3	31,33,35,36,37	33,34,34,37,40	110,121,131,134,137	34,35,36,36,37	35,35,35,36,37	99,107,114,117,120	25,27,29,31,33
YJL117W	PHO86	142,144,146,151,157	151,154,158,160,162	203,216,228,229,230	168,168,168,172,176	146,153,160,160,161	228,228,228,229,230	128,134,140,141,141
YJL118W		18,18,19,19,19	12,14,15,15,16	8,8,9,9,9	12,14,15,16,17	10,11,11,13,14	8,9,9,11,12	19,21,23,25,26
YJL119C		0,0,0,0.3,0.7	0,0.7,1,2,2	0,1,3,3,3	0,0,0,0.7,1	0,0.5,1,2,3	0.8,2,2,3,4	0.7,0.7,0.7,0.8,1
YJL120W		3,4,5,5,5	2,3,4,4,5	7,7,7,7,7	4,4,5,5,6	3,4,4,6,7	7,8,9,10,12	3,5,6,7,7
YJL121C	RPE1	163,172,181,188,196	188,190,191,192,193	141,144,147,154,161	178,187,196,200,204	163,172,181,188,194	146,146,147,147,148	185,188,190,193,195
YJL122W	ALB1	75,94,112,112,112	71,79,86,87,89	76,76,77,92,106	81,90,100,107,113	111,116,121,130,138	55,61,68,69,71	68,81,95,96,97
YJL123C	MTC1	94,97,100,102,103	107,109,111,120,130	113,114,115,115,116	113,114,114,114,115	124,125,126,128,131	106,107,108,109,110	91,97,103,103,103
YJL124C	LSM1	178,178,178,188,198	189,189,189,196,203	162,169,176,186,196	167,169,171,178,185	183,185,186,194,203	161,165,169,170,171	187,187,187,191,195
YJL125C	GCD14	58,60,62,64,66	47,48,49,51,53	48,48,48,50,52	48,49,49,50,51	42,44,47,48,49	34,39,44,48,52	56,58,60,63,66
YJL126W	NIT2	32,32,32,33,33	31,32,33,34,36	47,51,55,57,59	36,36,37,38,40	30,30,31,32,34	54,55,56,57,59	28,30,32,34,36
YJL127C-B		404,419,434,454,473	425,425,426,435,444	508,567,626,630,633	425,427,428,459,489	384,389,394,441,488	541,573,605,636,667	402,406,410,415,420
YJL127C	SPT10	20,20,20,21,21	20,20,20,21,22	20,22,25,25,26	20,20,20,22,23	20,20,20,21,21	19,22,26,27,27	19,19,20,20,21
YJL127W-A		51,57,64,67,70	49,49,50,51,52	68,77,86,88,89	41,42,44,45,45	44,46,47,50,53	57,58,60,72,85	55,61,67,71,74
YJL128C	PBS2	47,48,48,50,51	48,48,49,50,51	53,57,62,62,63	46,47,48,52,56	46,48,50,50,51	55,56,57,57,57	47,49,51,52,53
YJL129C	TRK1	31,32,32,33,33	28,29,29,29,30	51,53,54,55,55	26,27,28,29,29	26,27,28,29,30	46,47,47,49,50	29,29,30,31,32
YJL130C	URA2	52,56,61,62,63	55,55,56,59,62	42,43,43,44,45	56,57,58,60,62	53,55,57,58,59	42,42,42,43,43	51,53,54,56,59
YJL131C	AIM23	46,47,49,49,50	68,70,73,73,73	31,33,35,38,42	70,71,72,77,82	72,72,73,78,82	34,35,37,37,38	42,43,43,46,48
YJL132W		20,20,21,23,25	20,23,26,28,30	25,26,27,28,28	24,25,26,26,26	17,17,18,19,20	26,27,28,28,29	19,19,20,20,20
YJL133C-A		2751,2772,2794,2872,2951	2812,2917,3022,3065,3109	575,590,605,608,612	2495,2646,2796,2864,2931	1755,1887,2020,2046,2073	730,763,797,884,972	2566,2638,2710,2792,2874
YJL133W	MRS3	55,56,56,58,60	56,60,64,64,65	50,54,58,61,65	60,61,62,63,63	55,55,55,57,58	54,58,62,62,62	51,53,54,55,56
YJL134W	LCB3	66,69,72,73,74	42,44,45,50,55	48,50,51,52,53	45,49,53,53,53	43,44,45,47,48	48,49,50,52,53	73,75,76,81,86
YJL135W		0,0.7,1,2,3	0,0,0,0,0	0,0.6,1,2,3	0,0.5,1,1,1	0,0,0,0.7,1	0,0,0,0.4,0.8	3,3,4,4,4
YJL136C	RPS21B	734,804,875,880,885	846,860,874,912,950	383,393,403,404,406	857,860,862,894,926	1197,1209,1221,1232,1243	310,313,315,317,318	659,697,735,741,747
YJL136W-A		0,0,0,1,2	0,0,0,2,3	0,2,3,4,5	0,0,0,0,0	0,0,0,0,0	0,0,0,0,0	0,0,0,1,3
YJL137C	GLG2	134,135,137,141,146	123,123,123,139,154	69,73,76,76,77	112,114,117,121,126	75,78,82,83,84	82,84,86,88,90	144,147,150,154,159
YJL138C	TIF2	100,102,104,107,110	100,100,101,105,109	112,112,112,113,114	99,99,99,102,105	101,102,103,108,113	105,107,109,113,116	90,103,116,118,120
YJL139C	YUR1	35,39,42,43,44	43,43,44,45,46	50,51,51,52,53	41,41,42,45,48	39,42,45,48,51	47,48,49,51,53	32,35,38,38,38
YJL140W	RPB4	219,234,250,251,253	252,256,260,271,283	219,221,224,231,239	230,235,240,248,256	221,224,227,234,241	230,241,252,257,262	237,240,244,247,251
YJL141C	YAK1	52,53,53,55,57	58,59,59,60,61	84,84,84,90,96	54,54,55,56,57	56,58,59,60,62	83,85,86,89,92	52,53,53,55,56
YJL142C	IRC9	6,6,6,6,7	5,6,6,9,12	4,5,6,9,11	5,7,9,10,11	8,9,9,10,11	8,9,10,10,10	5,5,6,7,7
YJL143W	TIM17	244,249,254,270,286	312,322,333,345,358	215,222,229,254,279	324,326,329,341,352	301,305,310,341,373	230,235,241,248,255	235,241,247,265,284
YJL144W		65,68,71,73,75	78,81,84,93,103	31,38,45,45,45	52,55,59,65,71	26,29,32,38,44	46,46,47,50,52	63,66,69,78,87
YJL145W	SFH5	62,65,68,69,70	75,77,80,80,81	67,69,71,77,83	71,72,74,75,77	68,72,77,78,79	74,74,74,75,76	57,60,62,63,63
YJL146W	IDS2	43,43,44,44,45	44,46,47,47,48	69,73,78,81,85	45,46,48,49,51	38,38,38,40,41	71,73,75,77,79	39,40,41,42,44
YJL147C	MRX5	38,39,40,41,42	40,40,40,41,42	55,56,57,58,59	37,37,37,37,38	31,32,32,35,37	55,58,61,62,64	39,41,44,45,45
YJL148W	RPA34	67,80,92,95,99	68,71,73,82,91	45,47,48,50,51	84,86,88,88,88	109,120,130,131,132	27,30,33,35,37	75,75,75,82,89
YJL149W	DAS1	40,41,43,44,44	39,42,45,46,46	54,55,55,56,57	42,42,42,42,43	36,38,41,41,41	51,53,55,57,58	43,44,45,49,52
YJL150W		0,0,0,0.4,0.8	0,0.5,1,1,2	2,3,4,4,5	0,0,0,0,0	0,0.4,0.7,2,3	1,2,2,2,2	0,0.7,1,2,2
YJL151C	SNA3	239,246,253,260,268	238,249,259,269,279	276,279,282,296,311	269,275,281,281,282	247,261,275,287,299	275,279,283,286,288	215,219,222,227,232
YJL152W		1,2,2,3,3	2,3,4,4,4	1,3,4,5,6	2,2,2,2,2	1,1,2,2,2	5,5,6,8,10	1,2,3,3,4
YJL153C	INO1	407,413,420,611,803	376,425,475,478,480	1175,1269,1364,1401,1439	486,532,578,629,681	785,793,800,851,901	1424,1534,1644,1720,1796	306,318,330,455,580
YJL154C	VPS35	39,39,39,40,40	37,37,38,38,39	46,48,49,50,51	36,37,37,38,40	36,36,36,37,38	45,45,46,47,48	36,37,39,39,40
YJL155C	FBP26	58,60,61,62,63	70,71,71,71,71	87,92,97,101,105	66,67,67,70,73	55,56,57,57,58	92,93,93,95,97	53,54,56,59,63
YJL156C	SSY5	42,44,45,46,46	47,49,51,52,53	67,69,70,71,72	46,47,49,50,51	48,48,48,50,52	63,65,67,70,72	41,42,42,43,44
YJL156W-A		36,37,38,38,39	44,49,54,55,55	126,127,128,139,150	36,38,40,44,48	29,39,49,53,58	112,114,115,119,122	35,37,39,43,47
YJL157C	FAR1	17,19,21,22,22	37,39,41,41,41	23,27,31,32,33	55,56,57,61,65	70,76,82,82,83	20,22,23,24,24	18,18,19,20,21
YJL158C	CIS3	969,985,1002,1006,1011	382,397,411,433,455	44,56,69,69,70	239,257,275,295,315	183,187,192,197,203	29,40,51,53,56	945,970,995,1009,1024
YJL159W	HSP150	143,162,182,196,210	821,843,866,905,944	889,1002,1116,1141,1166	1551,1551,1551,1610,1669	2282,2285,2289,2391,2492	773,799,826,859,892	181,183,185,213,240
YJL160C	PIR5	7,7,7,7,7	6,7,7,8,8	46,48,49,49,49	6,8,11,11,11	6,7,8,9,9	40,42,43,43,43	3,4,4,5,5
YJL161W	FMP33	20,24,27,31,34	36,38,41,41,41	46,48,50,51,53	37,38,39,40,42	25,26,27,27,28	39,43,47,50,53	25,27,29,30,30
YJL162C	JJJ2	15,15,15,16,17	16,17,18,18,18	14,14,14,17,19	15,15,15,16,18	12,13,14,15,15	13,14,16,16,16	16,16,17,17,17
YJL163C		18,21,25,28,30	29,30,31,32,32	49,56,62,63,63	27,28,29,31,33	20,22,23,23,24	53,54,55,60,65	26,26,26,26,26
YJL164C	TPK1	13,13,13,14,14	14,15,16,17,19	22,22,22,22,23	11,12,13,14,14	12,13,14,16,19	18,18,19,22,24	12,13,13,14,14
YJL165C	HAL5	21,22,22,22,23	25,25,25,27,28	26,28,31,32,32	23,23,23,23,23	24,24,24,24,25	26,26,26,27,28	22,23,23,23,24
YJL166W	QCR8	6,6,7,9,11	7,7,8,9,11	5,5,5,6,7	8,8,9,10,10	5,7,10,11,12	4,4,4,5,6	8,9,11,11,12
YJL167W	ERG20	441,444,447,450,454	487,499,510,512,515	424,430,435,458,481	506,516,526,537,547	512,512,512,519,526	472,473,474,477,481	439,441,443,448,452
YJL168C	SET2	29,29,29,30,31	26,27,27,27,28	23,23,23,23,24	26,26,26,27,28	25,25,26,26,27	20,20,21,21,21	30,31,31,33,34
YJL169W		2,2,2,3,3	1,1,1,2,3	0,2,4,4,4	0,0.6,1,2,2	2,3,3,4,5	0.8,1,2,3,3	2,2,2,2,2
YJL170C	ASG7	11,13,15,15,15	31,32,32,34,36	26,27,28,33,37	31,31,31,33,35	25,31,36,37,38	18,20,22,24,26	11,11,11,11,11
YJL171C	TOH1	65,66,66,69,71	52,57,61,61,61	45,46,46,47,49	58,60,62,63,64	61,63,64,65,65	28,29,30,31,32	66,68,70,70,71
YJL172W	CPS1	62,62,62,72,82	82,85,88,88,88	119,121,123,128,133	76,79,83,83,83	73,74,74,74,75	124,131,137,138,138	51,56,61,65,69
YJL173C	RFA3	152,167,181,183,185	123,130,138,143,149	99,110,121,126,132	134,137,141,141,142	149,159,168,186,205	100,102,104,112,121	234,237,239,253,266
YJL174W	KRE9	347,349,352,355,357	320,331,342,351,359	317,321,325,326,327	329,336,343,355,367	315,318,321,323,325	298,305,312,321,331	307,328,349,355,361
YJL175W		0,0,0,0,0	0,0,0,0,0	0,0,0,0,0	0,0,0,0,0	0,0,0,0,0	0,0,0,0,0	0,0,0,0,0
YJL176C	SWI3	37,39,41,42,42	35,36,37,37,38	29,29,29,30,30	31,32,33,33,33	32,33,34,35,37	27,29,32,32,32	43,43,43,45,46
YJL177W	RPL17B	254,299,343,359,375	347,352,357,369,380	198,199,200,203,207	359,375,391,401,411	507,513,518,554,590	134,138,142,148,153	258,271,285,309,334
YJL178C	ATG27	119,120,121,124,128	113,123,133,136,139	133,137,141,142,142	126,129,133,135,138	113,117,121,125,128	146,147,147,155,163	98,105,112,116,121
YJL179W	PFD1	115,122,129,131,132	127,129,131,132,132	112,116,120,125,130	115,126,136,149,161	135,136,136,139,141	100,108,117,117,118	110,117,125,129,133
YJL180C	ATP12	63,71,79,80,80	107,110,113,115,118	68,69,70,74,79	101,108,115,116,117	115,118,120,122,124	51,56,61,63,65	66,71,76,76,76
YJL181W	RBH1	7,8,8,9,10	7,8,9,10,10	3,4,6,6,6	9,9,10,10,10	15,15,15,15,15	4,4,5,5,5	9,9,10,10,11
YJL182C		0,0,0,0,0	0,0,0,0,0	0,0,0,0,0	0,0,0,0,0	0,0,0,0,0	0,0,0,0.4,0.8	0,0,0,0,0
YJL183W	MNN11	128,136,143,143,143	96,99,102,107,111	96,98,100,107,114	95,98,100,104,109	85,89,93,96,99	87,89,90,94,98	146,146,147,149,151
YJL184W	GON7	139,143,147,148,149	121,127,134,142,149	110,112,113,114,114	123,126,128,139,150	118,123,129,138,147	123,125,128,129,130	133,140,148,155,162
YJL185C	ATG36	62,63,64,73,82	58,60,62,64,65	110,113,115,118,121	60,61,62,63,64	47,50,53,54,54	112,123,135,135,135	61,63,65,70,75
YJL186W	MNN5	94,96,97,103,109	64,64,65,67,70	183,186,189,190,191	59,61,63,63,63	56,58,60,61,63	145,145,146,151,156	95,98,100,102,104
YJL187C	SWE1	21,21,21,21,21	9,10,11,11,12	11,11,11,12,13	11,12,12,13,13	20,21,22,24,25	11,11,11,12,12	29,29,30,32,33
YJL188C	BUD19	14,16,19,19,19	14,15,16,16,16	4,6,9,9,10	20,20,20,20,21	21,22,23,27,31	5,9,13,13,13	13,16,20,21,22
YJL189W	RPL39	12,15,19,19,20	9,9,10,13,17	1,3,6,7,7	12,12,12,12,12	10,12,14,25,37	2,2,3,4,4	7,8,9,13,17
YJL190C	RPS22A	311,370,428,456,484	286,323,359,393,427	154,165,177,177,177	329,356,384,426,469	473,545,618,624,630	109,115,122,125,128	338,359,379,403,427
YJL191W	RPS14B	203,220,237,238,238	199,200,201,215,229	65,69,74,76,79	232,234,236,242,248	222,248,275,283,291	54,63,72,74,76	171,188,204,206,209
YJL192C	SOP4	143,149,156,156,157	146,146,146,147,147	142,145,149,151,153	141,150,159,159,159	145,149,153,155,157	151,154,156,159,162	135,135,135,142,149
YJL193W		18,19,20,21,21	16,17,18,19,19	19,20,21,21,21	18,18,18,19,20	18,19,20,21,21	19,20,21,22,22	16,18,20,21,22
YJL194W	CDC6	8,9,9,10,11	10,11,11,12,14	2,3,4,4,5	17,19,20,20,20	23,25,27,27,27	3,4,5,5,5	10,10,10,10,10
YJL195C		0,0,0,0.2,0.4	0,0,0,0,0	0,0.1,0.1,0.2,0.3	0,0,0,0,0	0,0,0,0.3,0.6	0,0,0,0.2,0.5	0,0.1,0.2,0.2,0.2
YJL196C	ELO1	145,146,147,150,153	115,126,136,140,145	103,105,108,118,128	132,142,152,153,154	143,152,161,168,175	125,126,128,131,134	127,128,129,134,140
YJL197C-A		0,0,0,0,0	0,0,0,0,0	0,0,0,0,0	0,0,0,0,0	0,0,0,0,0	0,0,0,0,0	0,0,0,0,0
YJL197W	UBP12	12,13,13,14,14	11,12,13,14,14	11,11,11,11,12	13,14,14,15,15	12,12,13,14,14	9,10,11,11,11	12,12,12,12,12
YJL198W	PHO90	18,18,18,18,19	11,11,11,13,15	20,23,25,25,25	13,14,14,14,14	12,13,14,14,15	16,18,19,19,19	17,18,18,19,19
YJL199C	MBB1	53,55,57,63,70	49,52,54,56,58	65,77,88,91,94	52,53,53,61,70	41,42,43,45,46	75,77,78,91,103	55,65,75,75,76
YJL200C	ACO2	247,259,272,273,275	183,195,207,214,222	79,80,81,83,84	210,212,214,221,227	213,226,238,238,239	91,92,92,92,93	256,262,268,270,272
YJL201W	ECM25	51,51,51,53,54	45,45,45,45,45	43,45,46,47,47	36,38,39,43,46	35,35,36,38,39	43,45,46,47,49	50,51,52,52,52
YJL202C		2,3,5,5,5	0.8,2,3,4,6	1,2,4,5,7	4,4,5,5,5	1,3,5,5,5	1,3,4,4,4	2,2,2,4,6
YJL203W	PRP21	26,27,27,28,29	23,25,26,28,30	29,30,31,32,34	22,22,23,25,26	22,23,24,25,27	27,29,31,32,33	25,25,25,25,26
YJL204C	RCY1	15,16,17,17,17	11,12,12,14,16	10,11,12,12,12	11,12,12,13,14	11,11,11,11,12	12,12,12,13,14	16,16,16,16,17
YJL205C	NCE101	162,174,186,193,200	217,228,239,257,276	156,161,165,169,172	206,213,220,243,265	215,216,218,251,284	162,163,164,169,174	143,160,177,194,211
YJL206C		23,25,26,28,29	23,23,24,25,26	110,110,111,112,113	19,19,19,20,22	16,16,17,17,17	96,97,98,100,103	23,24,24,28,31
YJL207C	LAA1	9,10,11,11,11	9,10,10,11,11	9,9,9,10,10	8,9,9,10,10	8,8,9,10,11	8,9,9,9,9	9,10,10,10,10
YJL208C	NUC1	96,101,106,107,108	108,109,110,114,117	52,56,61,63,65	113,114,116,118,120	114,121,128,130,132	35,37,40,40,41	93,93,94,98,101
YJL209W	CBP1	22,22,23,24,25	28,29,29,31,34	21,21,21,22,22	28,30,32,33,34	29,30,31,32,34	19,21,22,23,24	22,22,23,25,26
YJL210W	PEX2	31,34,37,37,37	47,51,55,55,55	53,56,60,60,61	47,49,51,54,56	46,46,46,51,55	64,64,64,66,69	35,36,37,40,44
YJL211C		7,7,7,8,9	3,5,6,8,9	12,13,13,14,14	3,4,5,7,8	5,6,6,9,13	9,13,18,18,19	5,6,7,7,7
YJL212C	OPT1	7,9,10,11,11	12,12,12,13,13	21,21,21,22,23	9,10,10,11,12	9,10,11,11,12	21,21,22,22,22	10,11,11,11,11
YJL213W		159,171,183,207,232	154,166,178,188,198	387,393,398,401,404	149,153,156,158,159	114,118,123,127,131	400,416,432,439,445	154,172,189,213,237
YJL214W	HXT8	5,5,6,6,7	5,5,6,6,6	8,8,8,9,10	5,5,5,6,6	5,5,5,6,6	5,6,6,7,7	4,5,6,7,7
YJL215C		4,5,5,6,7	2,4,6,6,7	6,6,6,7,7	2,2,2,3,3	2,3,4,5,5	6,7,8,9,10	4,5,5,6,7
YJL216C	IMA5	5,5,5,5,6	3,4,4,4,5	12,13,13,13,13	5,5,5,5,5	4,4,4,4,5	10,11,12,13,14	4,4,5,5,5
YJL217W	REE1	447,459,471,556,642	607,687,766,777,788	708,734,759,772,784	800,890,980,980,980	1047,1096,1145,1160,1175	803,806,809,820,831	493,502,512,544,577
YJL218W		21,23,25,26,26	18,20,22,25,27	13,14,16,17,18	16,17,18,20,21	22,23,23,24,24	17,20,23,23,23	23,26,29,30,31
YJL219W	HXT9	6,6,6,7,7	5,5,6,6,7	20,21,22,22,23	4,5,5,5,6	4,4,4,5,5	23,24,26,28,29	5,6,6,8,9
YJL220W		0,0,0,0,0	0,0,0,0.3,0.6	0,0,0,0.1,0.3	0,0,0,0,0	0,0,0,0,0	0,0,0,0.2,0.5	0,0,0,0,0
YJL221C	IMA4	0,0.1,0.1,0.2,0.3	0,0,0,0.1,0.1	0,0,0,0.5,0.9	0.1,0.3,0.4,0.4,0.5	0,0,0,0.1,0.2	0.1,0.2,0.4,0.5,0.7	0,0.1,0.1,0.3,0.4
YJL222W-A		0,0,0,0,0	0,0,0,0,0	0,0,0,0,0	0,0,0,0,0	0,0,0,0,0	0,0,0,0,0	0,0,0,0,0
YJL222W-B		0,0,0,0,0	0,0,0,0,0	0,0,0,0,0	0,0,0,0,0	0,0,0,0,0	0,0,0,1,2	0,0,0,0,0
YJL222W	VTH2	0.2,0.3,0.5,0.5,0.5	0.4,0.4,0.4,0.4,0.4	0.7,0.7,0.7,0.7,0.8	0.4,0.4,0.4,0.4,0.5	0.2,0.4,0.6,0.7,0.8	0.5,0.5,0.6,0.7,0.8	0.1,0.2,0.2,0.4,0.6
YJL223C	PAU1	0,0,0,0,0	0,0,0,0.3,0.7	0,0,0,0.6,1	0,0,0,0.4,0.8	0,0,0,0.6,1	0,0,0,0.7,1	0,0.3,0.6,0.7,0.7
YJL225C		0.1,0.2,0.3,0.3,0.4	0.2,0.4,0.5,0.6,0.7	0.3,0.5,0.6,0.6,0.6	0.2,0.3,0.4,0.5,0.6	0.6,0.6,0.6,0.8,0.9	0.4,0.5,0.6,0.6,0.7	0.1,0.3,0.4,0.5,0.5
YJL225W-A		0,0,0,0,0	0,0,0,0,0	0,0,0,0,0	0,0,0,0,0	0,0,0,0,0	0,0,0,0,0	0,0,0,0,0
YJR001W	AVT1	113,117,121,123,125	83,88,94,95,96	96,96,96,100,104	80,82,84,85,86	66,67,68,69,69	109,115,120,123,126	129,129,129,130,131
YJR002W	MPP10	47,50,52,54,56	39,39,40,41,42	62,63,65,65,66	46,47,47,47,48	52,55,57,58,59	51,52,54,54,55	51,53,55,57,58
YJR003C	MRX12	42,43,43,44,46	46,46,47,47,47	24,25,25,26,27	44,45,46,46,46	39,39,40,43,46	21,23,25,26,28	41,42,42,43,45
YJR004C	SAG1	31,31,31,32,33	31,31,31,33,35	44,44,45,49,52	29,30,32,33,34	26,27,28,28,29	50,54,58,59,60	31,32,32,32,33
YJR005C-A	LSO1	5,6,6,6,6	4,4,4,8,11	22,25,29,33,38	2,3,5,6,7	3,3,4,4,4	33,33,34,39,44	4,7,9,9,9
YJR005W	APL1	39,41,44,45,46	41,41,41,42,42	56,56,56,57,58	38,39,40,43,46	37,37,38,42,46	54,55,55,56,57	43,43,44,45,47
YJR006W	POL31	49,49,49,50,50	47,47,47,51,55	47,47,47,48,48	52,53,55,55,56	52,53,54,55,57	40,42,45,47,50	54,56,57,59,61
YJR007W	SUI2	175,180,184,190,196	178,179,181,184,187	236,237,237,242,247	195,195,195,196,198	212,212,212,214,216	210,220,229,235,241	162,167,173,179,186
YJR008W	MHO1	97,99,102,115,127	166,174,183,185,188	485,489,492,499,506	203,206,208,216,224	230,233,236,239,243	450,464,478,481,484	86,87,88,101,114
YJR009C	TDH2	143,144,144,159,175	152,155,158,166,174	176,209,242,246,249	189,191,192,203,213	200,211,222,231,241	169,175,181,185,190	155,156,157,160,162
YJR010C-A	SPC1	93,94,95,96,98	96,97,98,103,108	120,122,124,128,132	84,90,97,101,106	87,89,91,94,97	115,120,125,126,127	100,103,107,107,107
YJR010W	MET3	284,287,291,295,300	483,519,555,556,558	250,261,272,291,309	440,454,468,472,475	613,629,646,653,660	316,346,376,384,391	467,503,539,571,602
YJR011C		35,36,37,39,40	35,35,36,39,42	45,47,49,51,52	33,35,37,39,40	30,30,31,32,33	39,39,40,46,53	35,40,44,46,48
YJR012C		46,46,46,50,54	46,48,49,49,50	68,73,79,79,79	36,43,50,50,50	41,41,41,43,44	59,62,65,71,77	42,44,45,46,47
YJR013W	GPI14	46,47,48,48,49	43,44,45,45,45	62,62,63,64,66	45,45,45,46,47	36,36,36,40,44	64,66,68,69,71	46,46,47,48,48
YJR014W	TMA22	172,183,194,197,199	146,155,163,165,166	148,149,150,154,158	170,175,181,182,183	198,199,201,202,202	153,154,156,160,165	170,174,177,181,185
YJR015W		60,60,61,65,70	59,59,59,60,62	72,75,79,80,81	59,61,62,65,68	51,54,57,62,68	77,77,78,80,83	60,64,67,69,72
YJR016C	ILV3	310,316,323,332,342	264,276,288,300,312	325,340,354,360,366	290,290,290,305,319	298,303,307,307,307	383,385,386,389,391	296,297,298,307,317
YJR017C	ESS1	76,78,80,81,83	73,77,81,90,99	64,64,65,67,68	81,84,87,92,98	73,73,74,81,87	69,69,69,72,75	69,69,70,73,75
YJR018W		0,0,0,0.3,0.6	0,0,0,0,0	0,0,0,0,0	0,0,0,0,0	0,0,0,0,0	0,0,0,0,0	0,0,0,0,0
YJR019C	TES1	81,85,89,94,100	85,85,85,88,92	400,429,459,484,509	77,78,78,84,89	63,64,65,67,69	400,436,471,472,473	82,83,83,84,85
YJR020W		0.7,1,2,3,4	0,0.4,0.8,2,2	14,14,14,17,21	0,0.3,0.7,0.8,0.9	0.8,0.9,1,1,1	20,21,23,24,24	0,0.4,0.9,1,1
YJR021C	REC107	44,45,47,48,49	40,44,48,50,51	57,60,64,66,69	37,39,42,42,42	38,38,38,38,38	64,65,66,66,67	47,47,48,51,54
YJR022W	LSM8	0,0,0,0,0	0,0,0,0,0	0,0,0,0,0	0,0,0,0,0	0,0,0,0,0	0,0,0,0,0	0,0,0,0,0
YJR023C		0,0,0,0,0	0,0,0,0,0	0,0,0,0,0	0,0,0,0,0	0,0,0,0,0	0,0,0,0,0	0,0,0,0,0
YJR024C	MDE1	98,102,105,110,114	101,101,101,106,112	119,121,122,126,130	100,105,110,113,116	86,87,88,88,88	118,119,120,126,132	102,103,104,107,110
YJR025C	BNA1	160,171,181,187,193	228,231,234,253,272	410,419,429,431,434	245,245,246,284,321	275,289,304,319,334	456,471,485,489,494	171,174,177,180,183
YJR026W		0,0,0,0,0	0,0,0,0,0	0,0,0,0,0	0,0,0,0,0	0,0,0,0,0	0,0,0,0,0	0,0,0,0,0
YJR027W		2,2,3,3,4	3,3,3,4,4	4,4,4,4,4	3,3,3,3,4	2,3,4,4,4	3,4,4,4,4	3,3,3,3,4
YJR028W		0,0,0,0,0	0,0,0,0,0	0,0,0,0,0	0,0,0,0,0	0,0,0,0,0	0,0,0,0,0	0,0,0,0,0
YJR029W		0.6,0.7,0.8,0.8,0.9	1,1,1,1,1	1,1,1,1,1	1,1,1,1,1	0.8,0.9,0.9,1,1	1,1,1,2,2	0.8,0.9,1,1,1
YJR030C	RBH2	15,15,15,15,15	12,12,12,12,13	8,8,8,9,9	13,14,14,16,17	26,29,31,31,31	5,6,7,7,8	16,17,18,18,19
YJR031C	GEA1	16,17,18,19,19	14,15,15,15,15	14,14,14,14,14	11,13,14,15,15	11,11,12,12,12	12,12,13,13,14	19,19,19,20,20
YJR032W	CPR7	48,52,55,56,56	44,46,47,48,50	41,44,48,55,62	44,45,45,48,51	42,44,46,46,47	45,45,45,46,48	46,50,55,55,56
YJR033C	RAV1	16,17,17,18,18	17,18,19,19,19	18,18,19,20,21	18,18,19,19,20	16,16,17,17,17	19,19,20,21,23	17,17,17,17,17
YJR034W	PET191	95,96,97,103,108	142,144,147,149,151	107,112,116,121,125	140,147,153,161,170	133,141,149,149,149	75,86,98,102,106	84,87,91,97,103
YJR035W	RAD26	15,15,15,16,16	18,18,18,19,21	21,21,22,23,24	17,18,18,19,20	14,15,15,16,16	22,22,23,24,24	13,13,13,14,15
YJR036C	HUL4	5,6,6,6,6	6,6,7,7,7	15,15,16,17,18	5,5,5,6,6	5,6,6,6,7	14,15,16,18,19	5,5,5,5,5
YJR037W		0,0.3,0.6,1,2	0.7,1,1,1,1	0.8,0.9,1,1,2	0.5,0.6,0.6,0.7,0.7	0,0.5,1,2,2	1,1,1,2,2	0,0,0,0,0
YJR038C		5,5,5,5,5	2,4,5,6,7	6,7,7,7,7	2,4,6,6,6	4,4,5,6,8	7,8,8,9,10	4,4,4,4,5
YJR039W		10,10,11,11,11	10,12,13,13,14	22,23,24,25,27	11,11,12,12,12	8,9,9,10,11	23,24,25,25,26	9,9,10,11,11
YJR040W	GEF1	20,22,23,24,25	22,22,23,24,24	34,34,34,35,37	21,21,21,22,23	22,23,23,24,25	30,32,33,33,33	21,22,23,24,25
YJR041C	URB2	10,12,14,14,15	9,9,10,11,11	11,12,12,12,13	10,11,11,11,12	11,12,13,14,14	8,9,9,10,11	10,10,11,11,12
YJR042W	NUP85	54,54,54,57,59	51,52,53,55,58	47,47,48,48,49	56,56,56,58,59	52,54,56,56,56	43,43,43,48,53	51,52,53,55,57
YJR043C	POL32	22,23,25,25,25	18,19,20,22,23	24,26,28,31,33	21,23,26,26,27	28,28,28,29,30	23,23,23,24,24	28,28,29,32,34
YJR044C	VPS55	273,276,279,304,329	268,271,273,274,275	423,445,467,474,480	238,258,277,278,279	207,231,255,257,259	455,461,467,468,470	267,268,268,273,277
YJR045C	SSC1	790,794,798,816,834	974,990,1005,1044,1083	530,556,581,586,590	992,1019,1046,1069,1093	936,959,982,998,1015	383,385,386,402,418	753,762,771,791,811
YJR046W	TAH11	41,44,47,47,47	34,36,37,39,40	37,37,37,39,41	35,36,36,38,40	31,31,31,31,31	34,34,34,34,34	40,42,44,47,50
YJR047C	ANB1	0.6,0.7,0.8,0.9,0.9	0,0,0,0,0	0.4,0.6,0.8,4,6	0,0.3,0.5,1,1	0,0.2,0.3,0.5,0.7	3,3,3,4,6	3,3,3,4,4
YJR048W	CYC1	2586,2746,2907,2912,2918	3178,3306,3434,3460,3486	1459,1463,1467,1517,1567	3495,3587,3679,3679,3679	3445,3539,3634,3678,3722	1477,1483,1490,1544,1599	2408,2582,2755,2782,2809
YJR049C	UTR1	48,48,48,53,57	49,49,49,53,56	47,47,48,49,50	43,46,49,52,54	43,43,44,45,45	50,50,50,51,52	47,48,49,53,57
YJR050W	ISY1	42,42,42,46,49	46,47,48,48,48	52,56,59,61,62	43,47,52,52,53	46,48,51,51,52	56,57,57,58,60	47,47,48,49,50
YJR051W	OSM1	57,60,62,64,66	57,62,67,69,71	72,73,74,75,76	62,63,64,65,66	56,56,56,58,59	69,70,72,73,75	57,57,57,59,61
YJR052W	RAD7	29,29,29,30,31	28,29,30,31,31	27,28,28,31,33	30,30,31,33,34	25,26,27,28,28	26,28,30,31,31	29,29,29,32,36
YJR053W	BFA1	13,14,16,16,16	8,9,9,9,9	6,6,6,7,9	8,8,8,8,9	7,8,8,8,8	7,7,8,9,9	15,16,16,17,17
YJR054W	KCH1	22,23,23,23,24	16,17,18,20,22	20,20,21,23,25	18,18,18,19,20	20,20,20,21,22	16,17,18,18,18	24,25,26,26,27
YJR055W	HIT1	32,32,32,35,38	31,34,36,37,38	47,51,55,55,55	28,31,34,35,36	38,39,41,43,45	50,51,52,53,55	27,29,31,32,33
YJR056C		49,54,60,61,62	54,59,64,66,67	82,87,91,93,95	54,54,54,58,61	63,64,64,68,72	80,81,82,89,96	55,56,56,57,58
YJR057W	CDC8	58,60,61,61,62	55,57,59,62,65	62,63,65,68,72	43,49,55,60,66	65,66,67,68,68	67,70,73,75,77	65,67,69,71,73
YJR058C	APS2	76,79,82,87,91	74,76,79,80,81	87,89,91,92,94	80,81,82,86,90	63,65,67,71,76	93,96,99,99,99	73,81,89,89,89
YJR059W	PTK2	76,80,83,84,86	83,85,87,91,95	97,102,106,108,110	77,80,83,84,84	72,73,75,77,80	105,106,107,108,108	77,79,81,82,84
YJR060W	CBF1	47,49,50,52,54	54,54,54,56,57	30,31,31,32,33	57,57,58,58,59	49,54,59,60,61	27,30,33,35,36	46,47,49,49,49
YJR061W		34,35,36,36,37	27,29,32,35,38	38,41,45,45,46	30,30,30,31,31	25,26,26,26,26	41,41,41,44,47	33,35,38,38,39
YJR062C	NTA1	34,35,36,39,42	33,33,33,35,36	45,47,50,51,51	34,34,34,36,37	32,32,32,33,33	43,47,52,53,54	35,36,37,39,40
YJR063W	RPA12	98,103,107,111,114	86,90,93,95,96	54,58,61,68,75	100,107,113,118,124	98,105,113,120,128	46,54,61,66,70	73,86,99,107,115
YJR064W	CCT5	155,157,159,163,166	124,126,129,133,138	136,140,143,148,153	138,138,138,139,140	132,136,140,142,144	138,141,144,149,154	145,149,153,154,154
YJR065C	ARP3	190,191,192,195,197	197,199,202,206,210	203,209,215,217,219	194,196,198,204,209	181,184,187,194,202	215,221,228,231,235	187,193,198,198,198
YJR066W	TOR1	7,7,7,8,8	5,6,7,7,7	9,9,9,9,10	6,6,6,6,7	5,5,6,6,6	9,9,9,9,9	7,7,7,7,8
YJR067C	YAE1	52,57,61,61,61	56,63,70,71,73	52,55,57,62,67	56,59,62,65,69	55,56,58,60,63	44,47,51,53,56	58,58,59,60,60
YJR068W	RFC2	63,64,65,68,72	65,66,67,68,69	93,93,93,96,99	64,64,64,66,68	58,60,62,62,62	94,96,99,100,101	67,67,68,69,69
YJR069C	HAM1	101,102,103,106,109	94,96,98,99,100	72,72,73,75,78	95,96,98,100,102	103,111,120,121,123	70,73,77,78,79	100,100,101,105,110
YJR070C	LIA1	73,80,87,89,91	63,68,74,74,75	58,63,68,68,68	77,77,77,79,80	92,93,93,96,98	60,61,61,63,66	71,74,77,80,84
YJR071W		1,1,1,2,3	0.7,1,1,2,2	0.8,1,2,2,3	0.7,0.7,0.7,1,1	0.7,0.9,1,1,2	1,1,1,2,2	0.7,1,2,2,3
YJR072C	NPA3	117,119,120,122,123	101,101,101,104,107	120,120,120,123,125	101,103,105,106,106	97,99,101,107,112	134,136,139,150,161	102,103,104,106,109
YJR073C	OPI3	402,442,482,599,716	575,594,613,641,669	956,956,956,969,983	689,698,707,780,853	760,785,809,818,827	1011,1018,1025,1039,1053	334,385,436,437,438
YJR074W	MOG1	145,160,175,178,181	154,159,164,165,166	198,202,206,211,215	154,162,169,171,172	155,157,160,170,180	202,204,207,222,238	154,159,164,164,165
YJR075W	HOC1	114,114,115,118,122	108,109,111,117,123	107,111,114,116,118	106,110,114,114,115	108,108,108,110,112	104,105,106,110,114	116,119,122,123,123
YJR076C	CDC11	195,197,200,203,205	149,151,154,164,174	102,105,108,108,108	133,136,139,142,144	117,120,123,127,130	111,113,115,117,118	210,211,213,214,216
YJR077C	MIR1	1486,1556,1625,1635,1645	1622,1720,1818,1824,1829	1364,1381,1398,1445,1493	1763,1827,1891,1891,1891	1649,1688,1726,1747,1768	1146,1149,1152,1217,1281	1384,1435,1486,1489,1492
YJR078W	BNA2	51,53,55,57,60	52,52,53,55,57	134,138,143,143,143	52,53,54,54,54	50,50,50,51,52	139,143,148,149,150	52,55,59,60,62
YJR079W		0.7,2,2,4,5	1,2,3,4,5	10,10,10,11,13	0.8,1,2,3,3	0.8,1,1,3,5	7,7,8,12,16	1,2,2,3,4
YJR080C	AIM24	138,140,142,144,146	178,181,184,188,192	92,96,99,100,100	182,188,194,198,202	175,179,182,184,186	69,71,74,75,76	129,130,132,135,137
YJR082C	EAF6	148,154,160,161,162	179,181,183,184,185	166,169,173,177,181	172,176,181,187,194	160,167,175,178,180	189,194,199,211,223	152,152,153,153,153
YJR083C	ACF4	43,45,48,49,50	42,42,42,44,46	49,53,57,57,58	37,38,39,40,40	34,35,36,37,38	48,49,50,51,52	46,49,52,55,59
YJR084W		30,32,33,34,34	29,32,35,37,38	31,32,34,36,39	33,33,34,34,35	30,31,32,33,34	31,32,32,33,33	32,33,34,34,34
YJR085C		394,420,446,462,478	449,473,497,504,512	524,526,527,547,567	472,493,515,529,543	431,436,440,447,453	529,543,556,561,565	437,439,440,440,441
YJR086W	STE18	125,126,128,138,149	99,103,106,117,128	104,109,113,119,126	111,112,113,117,121	102,109,116,122,128	90,93,97,102,107	136,140,143,150,157
YJR087W		0.6,0.7,0.7,1,1	0.7,0.7,0.7,0.8,0.8	0.9,1,1,1,2	0,0,0,0.4,0.8	0,0.3,0.6,0.7,0.7	0,0,0,0.8,2	0,0,0,0.3,0.6
YJR088C	EMC2	74,76,78,82,86	75,77,79,85,91	61,63,65,67,70	75,75,75,77,80	68,70,73,76,78	67,68,69,70,70	71,77,83,85,86
YJR089W	BIR1	35,36,36,36,36	35,35,35,37,38	36,37,38,39,40	34,34,34,35,35	30,30,31,31,32	40,41,42,43,45	32,34,35,36,37
YJR090C	GRR1	28,29,29,29,29	26,28,29,29,30	34,36,38,38,39	24,24,25,26,28	26,26,27,27,27	35,37,38,39,40	26,26,26,29,31
YJR091C	JSN1	51,52,53,55,57	54,57,60,62,64	60,61,62,62,62	50,51,52,55,58	44,46,47,51,55	65,67,69,69,70	51,52,53,54,55
YJR092W	BUD4	54,55,57,57,57	62,64,66,66,66	11,11,11,12,14	55,56,57,58,59	31,32,33,34,35	11,11,12,12,12	47,48,48,51,54
YJR093C	FIP1	51,55,59,60,61	60,61,62,63,65	67,72,76,78,80	53,56,59,60,61	47,50,53,53,54	63,64,65,68,71	51,52,54,57,61
YJR094C	IME1	9,11,12,13,15	34,36,37,41,45	96,99,102,104,107	59,59,59,67,74	78,78,78,81,85	89,93,96,96,96	14,14,15,16,16
YJR094W-A	RPL43B	414,473,532,539,546	394,403,413,434,454	243,254,265,266,267	438,469,499,516,532	656,677,698,715,732	179,190,201,204,207	436,463,491,515,539
YJR095W	SFC1	2794,2919,3045,3111,3177	2144,2147,2151,2250,2349	3817,3817,3817,3896,3975	1891,1907,1923,1976,2029	1481,1546,1611,1616,1622	4500,4500,4500,4620,4739	3066,3246,3427,3461,3496
YJR096W		92,92,93,98,102	93,100,108,110,112	182,193,204,204,205	103,104,105,109,112	72,77,82,84,86	225,228,230,239,248	93,96,99,100,101
YJR097W	JJJ3	101,102,103,104,105	91,93,95,105,115	60,60,60,63,67	93,93,94,96,98	90,93,95,98,101	58,58,59,62,65	89,94,98,104,109
YJR098C		22,23,24,24,25	27,27,28,28,28	17,18,19,19,20	27,27,27,28,29	19,20,21,23,26	20,20,20,20,21	20,22,25,25,25
YJR099W	YUH1	78,83,89,91,93	89,90,92,97,102	113,116,119,128,138	80,83,85,87,88	69,73,77,80,83	132,134,136,137,137	78,85,91,93,94
YJR100C	AIM25	68,68,69,72,76	88,88,89,90,91	72,73,74,77,80	80,81,81,81,82	74,77,79,81,83	69,69,69,69,70	64,69,74,74,75
YJR101W	RSM26	112,121,130,134,138	162,181,201,204,207	89,91,93,93,94	183,189,196,199,203	181,188,195,203,211	65,67,69,72,74	109,116,123,129,135
YJR102C	VPS25	69,73,77,77,77	80,81,82,87,92	90,93,96,99,102	73,74,75,75,75	63,64,64,66,68	86,87,88,91,95	66,67,68,69,70
YJR103W	URA8	72,73,75,82,89	73,77,80,80,81	114,119,124,132,141	69,70,71,71,72	56,56,56,57,59	139,143,146,151,155	73,76,79,80,81
YJR104C	SOD1	930,953,975,993,1011	1223,1265,1308,1320,1332	1720,1767,1813,1813,1813	1441,1441,1441,1450,1460	1554,1601,1649,1680,1711	1717,1717,1717,1717,1717	822,846,870,884,898
YJR105W	ADO1	392,393,395,396,396	333,355,376,392,408	398,401,404,414,425	370,386,403,411,420	392,423,453,456,458	397,403,408,414,421	347,347,347,362,378
YJR106W	ECM27	20,20,21,21,21	20,20,20,21,23	34,35,35,36,37	20,20,20,20,20	19,19,19,20,20	33,34,36,37,37	18,19,20,22,23
YJR107W	LIH1	39,40,41,41,42	37,39,41,41,42	57,57,58,58,59	40,41,41,42,43	38,39,39,40,40	53,57,60,61,62	34,38,42,43,43
YJR108W	ABM1	8,9,11,12,13	11,12,14,16,17	27,31,35,36,37	16,16,16,17,18	11,12,13,14,15	21,26,30,30,31	10,12,15,15,16
YJR109C	CPA2	563,581,600,612,624	317,344,372,378,385	425,426,427,427,427	284,288,291,310,328	191,209,226,254,281	523,537,550,553,555	655,699,744,761,778
YJR110W	YMR1	25,27,28,29,29	22,23,23,24,24	46,49,52,53,55	21,21,22,22,22	16,17,19,21,23	49,51,53,53,54	31,31,32,33,35
YJR111C	PXP2	86,89,91,92,92	66,71,76,78,80	92,100,109,111,113	72,74,76,79,82	63,66,68,73,79	108,110,112,123,134	89,91,93,95,97
YJR112W-A		86,91,96,100,105	99,100,101,106,110	104,111,119,120,120	99,100,100,104,108	93,102,111,113,115	110,114,118,126,133	78,84,90,91,91
YJR112W	NNF1	60,64,67,67,67	34,41,48,48,48	21,21,21,23,24	41,41,42,44,46	33,35,37,42,47	17,19,22,24,26	68,70,71,76,81
YJR113C	RSM7	96,103,109,110,110	132,144,156,160,163	116,117,119,127,136	144,152,160,169,178	154,161,168,178,188	107,109,112,117,123	101,101,101,104,106
YJR114W		0.5,1,2,2,3	0.7,1,1,2,2	3,4,4,5,5	1,2,2,2,3	0.6,1,2,4,5	2,2,3,4,5	2,3,3,4,4
YJR115W		6,8,10,10,10	8,8,8,9,10	17,17,17,21,25	5,5,6,7,8	6,6,6,8,9	13,14,16,17,17	10,10,10,12,13
YJR116W	TDA4	35,36,36,39,41	32,34,37,37,38	51,57,64,67,69	39,40,40,42,43	27,28,30,33,35	72,73,73,74,74	38,38,38,39,39
YJR117W	STE24	225,231,238,251,265	199,207,214,216,218	216,220,224,237,249	200,200,201,203,205	164,174,185,187,189	225,238,250,250,251	229,230,230,238,245
YJR118C	ILM1	87,91,95,100,105	92,93,93,101,109	66,66,67,67,67	85,87,88,95,103	100,100,100,101,103	73,73,74,80,85	98,105,112,116,121
YJR119C	JHD2	18,18,19,21,22	17,17,18,19,20	15,16,17,17,18	16,17,18,18,19	14,16,18,18,18	15,16,16,17,18	16,17,18,18,19
YJR120W		132,138,144,145,146	111,131,151,159,167	124,125,126,127,127	138,140,141,152,164	124,128,131,153,175	114,117,121,131,140	127,147,166,170,174
YJR121W	ATP2	2907,2929,2951,2951,2951	2886,2920,2954,3001,3048	2141,2147,2152,2172,2191	2982,3013,3044,3065,3087	2981,2993,3004,3004,3004	1906,1937,1968,1993,2019	2683,2733,2782,2810,2839
YJR122W	IBA57	57,60,63,66,68	89,90,91,96,101	84,90,96,96,97	92,93,93,94,96	88,93,97,97,98	76,78,80,81,83	60,60,61,62,63
YJR123W	RPS5	1119,1242,1365,1388,1411	1179,1289,1398,1447,1495	918,918,918,930,942	1340,1402,1464,1494,1523	1711,1921,2131,2162,2193	746,764,782,799,817	1166,1206,1246,1265,1284
YJR124C		30,31,32,32,33	24,26,29,29,30	13,15,16,17,18	22,24,25,27,29	27,27,28,29,29	15,15,15,16,17	20,22,23,27,31
YJR125C	ENT3	140,141,143,150,156	152,154,157,161,165	131,133,134,135,136	141,143,145,148,152	121,121,121,129,136	128,132,135,137,138	133,136,140,142,144
YJR126C	VPS70	52,53,53,54,54	59,60,61,61,61	72,73,74,79,84	58,59,59,60,62	52,54,56,56,56	72,76,79,83,87	47,49,50,51,51
YJR127C	RSF2	24,25,25,26,27	22,23,23,24,25	27,28,29,30,31	20,20,21,22,22	20,20,20,21,23	27,29,32,32,32	24,25,26,27,28
YJR128W		2,4,5,5,5	2,2,3,3,3	15,15,16,18,21	1,2,3,5,6	3,3,3,4,4	10,11,12,13,14	2,2,2,5,7
YJR129C	EFM3	15,17,19,19,20	14,14,15,15,15	15,15,15,18,20	11,12,13,13,13	15,17,18,19,20	16,16,16,18,20	14,16,18,18,18
YJR130C	STR2	95,98,101,103,105	88,90,92,96,99	129,133,138,139,140	82,84,86,89,91	73,75,76,77,78	156,164,172,174,176	101,103,106,111,116
YJR131W	MNS1	19,20,21,21,22	19,19,20,20,20	36,36,36,37,38	16,17,19,19,19	19,19,20,22,23	34,35,36,37,38	22,22,22,23,25
YJR132W	NMD5	20,20,20,20,20	18,18,19,20,20	24,25,26,26,26	17,19,20,20,20	20,21,22,22,22	24,24,24,26,28	19,19,20,20,20
YJR133W	XPT1	141,146,151,152,153	178,182,186,192,199	204,211,218,219,221	197,200,203,207,211	189,196,203,208,213	172,173,175,183,192	139,146,153,158,163
YJR134C	SGM1	38,38,38,39,40	41,43,44,45,46	35,35,36,40,43	35,36,36,39,42	36,37,39,39,39	32,33,33,34,35	38,38,38,40,41
YJR135C	MCM22	25,27,28,31,34	23,26,29,29,29	27,28,30,33,37	23,23,23,25,27	23,23,24,25,25	30,30,31,32,33	27,29,31,32,32
YJR135W-A	TIM8	260,263,266,276,286	251,277,302,320,337	370,372,373,439,505	296,315,334,349,364	240,285,330,330,330	311,315,318,340,361	293,298,302,315,327
YJR136C	TTI2	23,24,25,26,28	25,26,26,27,29	34,34,35,35,35	25,25,25,29,32	21,23,26,26,27	34,37,40,40,40	26,26,26,26,27
YJR137C	MET5	146,149,152,153,154	204,205,205,211,216	186,190,193,201,210	191,192,193,193,194	247,257,268,275,281	183,197,211,213,214	241,245,249,256,262
YJR138W	IML1	10,10,11,11,11	9,10,10,11,11	12,13,14,14,14	9,10,10,10,11	9,9,10,10,10	11,11,11,12,12	12,12,12,13,13
YJR139C	HOM6	493,500,506,519,532	437,450,463,491,518	507,524,540,568,595	446,467,488,497,506	375,396,418,437,457	579,609,639,659,679	489,503,516,543,569
YJR140C	HIR3	9,9,10,10,10	7,8,9,9,9	10,10,10,10,10	7,8,9,9,9	7,7,7,7,8	9,9,9,10,10	8,9,10,10,11
YJR140W-A		0,0,0,0,0	0,0,0,0,0	0,0,0,0,0	0,0,0,0,0	0,0,0,0,0	0,0,0,0,0	0,0,0,0,0
YJR141W	IPA1	32,33,35,36,38	28,29,29,31,34	38,40,42,44,47	23,27,31,31,32	23,23,23,26,29	44,45,46,47,48	35,36,36,38,40
YJR142W		44,45,46,46,46	53,55,56,56,56	59,60,62,63,65	45,45,45,49,52	45,46,47,47,47	68,68,68,69,70	46,47,47,50,52
YJR143C	PMT4	59,59,60,61,62	40,44,47,48,49	35,36,36,38,39	48,51,53,53,54	59,60,62,63,64	33,33,33,34,35	65,70,75,77,79
YJR144W	MGM101	139,140,141,145,149	133,134,136,137,138	96,98,100,100,100	137,142,146,147,149	145,146,147,154,161	99,102,105,105,105	143,148,153,154,154
YJR145C	RPS4A	401,456,511,535,560	448,462,475,493,510	278,286,295,305,315	484,507,530,538,546	636,723,811,813,816	230,235,240,250,260	392,410,427,460,493
YJR146W		52,52,52,58,65	52,54,56,58,59	130,148,165,173,181	39,46,53,53,53	40,41,42,44,45	167,167,168,168,169	52,54,56,61,66
YJR147W	HMS2	38,45,52,52,53	41,42,43,48,52	82,82,82,88,94	42,42,42,43,44	43,44,45,46,47	89,91,93,94,95	45,46,46,49,51
YJR148W	BAT2	619,665,712,828,944	571,602,634,660,685	2421,2421,2421,2436,2451	490,519,547,554,561	355,355,355,358,360	2734,2772,2810,2848,2886	646,683,720,829,937
YJR149W		35,35,35,40,45	32,34,36,37,38	129,131,134,136,138	31,31,32,33,35	25,25,25,25,25	181,186,191,194,198	31,35,39,41,44
YJR150C	DAN1	3,3,3,3,3	2,2,3,3,4	4,4,5,5,5	2,2,3,3,3	0.9,2,2,2,2	4,4,4,5,6	1,1,2,2,2
YJR151C	DAN4	9,9,9,10,11	12,12,12,13,13	17,18,19,21,22	11,11,12,12,12	9,10,10,10,10	16,17,19,20,21	8,8,9,9,9
YJR151W-A		4,7,10,12,13	0,5,10,15,19	33,35,36,40,43	0,2,4,7,10	10,10,11,13,15	5,14,23,44,66	17,18,19,19,20
YJR152W	DAL5	183,199,216,294,372	185,207,229,244,259	62,65,68,78,87	119,125,130,133,135	35,40,45,51,57	107,115,124,153,183	145,147,148,230,312
YJR153W	PGU1	15,15,15,16,17	18,19,21,21,21	31,32,32,34,37	17,18,18,18,19	15,16,17,17,18	31,31,31,32,32	14,14,15,16,17
YJR154W		18,20,21,24,26	18,19,20,21,21	120,125,131,143,155	20,20,21,22,23	22,26,29,31,32	140,148,156,159,161	22,22,22,25,27
YJR155W	AAD10	27,28,29,30,31	30,32,34,34,35	167,170,173,195,218	28,30,33,33,33	35,36,37,39,40	175,184,193,209,225	28,28,28,31,34
YJR156C	THI11	11,12,12,13,14	11,12,14,14,14	21,22,23,26,29	12,12,13,13,14	6,7,7,7,8	24,25,26,27,28	10,11,12,13,14
YJR157W		1,1,1,2,3	0,0.4,0.8,1,2	0.8,1,2,2,3	0.8,1,1,1,1	0.6,1,1,2,2	5,5,5,6,7	0.6,0.7,0.7,2,2
YJR158W	HXT16	0,0,0.1,0.1,0.1	0,0,0,0,0	0,0.3,0.6,0.7,0.7	0,0.1,0.2,0.2,0.2	0,0,0,0.1,0.2	0.1,0.2,0.3,0.3,0.4	0,0.1,0.2,0.2,0.3
YJR159W	SOR1	0.9,1,2,2,2	1,1,2,2,2	8,9,11,11,12	1,1,2,2,2	1,1,1,2,2	6,7,8,9,9	2,2,2,3,4
YJR160C	MPH3	6,7,9,9,10	3,4,5,5,6	8,9,9,10,11	4,4,4,4,4	3,3,3,4,4	10,10,11,13,14	8,8,9,9,10
YJR161C	COS5	6,9,11,11,12	8,8,8,11,13	23,23,24,25,25	8,10,12,12,12	8,8,8,10,12	16,18,20,21,21	9,10,10,11,11
YJR162C		0.6,0.6,0.6,1,2	0,0.7,1,1,2	0,0.9,2,2,2	0,0.3,0.6,1,2	0,0.4,0.7,0.8,1	0,0.7,1,1,1	0,0.3,0.6,0.7,0.8
YKL001C	MET14	366,379,392,398,404	666,671,676,679,681	592,628,665,673,682	561,577,593,597,602	821,869,917,933,948	516,542,569,628,686	635,650,666,682,699
YKL002W	DID4	160,161,161,162,164	168,173,179,185,191	211,212,214,216,218	172,177,182,188,195	160,162,165,171,177	213,215,218,220,222	141,142,143,154,165
YKL003C	MRP17	164,164,164,166,167	210,215,220,230,241	199,206,212,214,216	221,225,229,230,232	234,246,257,266,274	151,158,165,175,184	161,163,166,169,172
YKL004W	AUR1	109,109,109,112,114	73,76,78,81,84	87,91,95,99,102	74,75,75,79,82	78,80,81,82,83	90,92,93,94,96	102,109,116,117,118
YKL005C	BYE1	36,37,38,41,44	41,41,42,42,43	60,60,61,61,61	38,39,40,41,41	37,39,40,41,41	59,60,62,63,65	34,35,36,37,39
YKL006C-A	SFT1	109,109,110,110,110	107,110,113,120,127	87,92,96,109,122	101,106,112,116,121	118,119,119,122,124	92,94,97,97,98	121,121,121,125,129
YKL006W	RPL14A	321,362,404,412,421	334,362,390,414,438	191,191,191,191,191	412,427,441,445,448	559,590,621,630,639	155,158,161,162,163	331,341,351,376,400
YKL007W	CAP1	156,157,159,163,167	168,172,177,182,187	148,154,159,163,166	170,175,180,188,196	158,165,173,175,177	161,162,162,165,168	161,162,164,164,164
YKL008C	LAC1	57,60,64,66,68	34,38,42,45,48	46,49,52,53,54	38,40,42,43,43	35,35,35,36,37	60,61,61,62,63	69,71,72,75,77
YKL009W	MRT4	103,116,129,130,130	83,85,87,94,100	46,53,61,67,74	102,104,107,113,119	133,134,134,144,154	38,42,47,50,53	97,105,113,121,128
YKL010C	UFD4	37,37,38,38,38	39,39,39,40,40	43,44,45,46,47	36,37,37,38,39	33,33,33,34,34	43,44,45,46,47	38,38,38,38,39
YKL011C	CCE1	30,30,30,31,32	29,30,31,31,31	35,37,38,39,39	27,27,28,28,29	23,24,25,27,29	35,36,36,38,39	30,34,37,37,37
YKL012W	PRP40	40,40,41,41,42	38,40,42,43,44	49,50,52,54,56	35,38,41,43,46	36,37,38,39,41	46,48,50,51,52	41,42,42,43,44
YKL013C	ARC19	280,286,293,299,304	278,286,295,298,301	340,349,358,367,375	270,271,272,289,307	258,262,266,271,275	347,367,387,391,394	280,283,286,291,296
YKL014C	URB1	9,10,11,11,11	7,8,8,9,9	8,9,10,10,10	9,9,9,9,10	11,11,11,12,12	7,7,8,8,9	9,9,9,10,10
YKL015W	PUT3	58,58,58,58,58	53,54,54,55,56	90,97,104,104,104	46,47,48,50,52	45,46,46,49,51	99,103,106,109,111	60,61,62,62,62
YKL016C	ATP7	1607,1613,1619,1619,1619	1680,1696,1712,1771,1829	1044,1044,1044,1102,1160	1763,1775,1788,1788,1788	1711,1733,1755,1831,1906	912,937,962,988,1013	1620,1629,1638,1649,1661
YKL017C	HCS1	24,26,27,28,29	23,24,25,26,27	21,21,21,22,23	22,22,22,25,27	24,24,24,25,25	21,21,22,22,23	26,26,27,29,30
YKL018C-A		115,127,139,147,155	157,161,166,169,173	102,112,121,126,130	135,142,148,148,149	136,140,144,144,145	126,127,128,129,129	94,100,106,112,118
YKL018W	SWD2	36,36,37,39,42	34,35,36,37,37	48,51,53,53,53	37,38,39,41,43	36,37,39,41,42	46,48,49,53,56	36,37,38,39,41
YKL019W	RAM2	86,91,95,96,96	95,97,99,100,101	160,166,173,178,183	100,104,107,113,119	78,85,91,96,101	176,180,184,185,186	82,84,87,87,87
YKL020C	SPT23	52,54,56,56,57	60,61,63,63,64	67,69,71,71,72	58,58,58,61,64	56,57,58,60,62	67,68,69,70,72	50,52,53,55,56
YKL021C	MAK11	58,59,60,61,62	50,52,54,55,56	77,77,78,80,82	53,54,54,56,59	51,54,57,57,57	77,78,79,84,88	53,55,57,59,60
YKL022C	CDC16	41,42,43,43,44	39,40,41,43,44	44,45,45,46,47	38,38,38,39,40	35,36,37,38,39	50,51,52,52,52	45,45,45,46,46
YKL023C-A		111,112,112,117,121	100,106,113,117,121	77,79,80,90,100	96,99,102,103,105	97,107,117,118,119	75,80,85,88,91	116,116,117,122,128
YKL023W		73,74,75,82,88	70,70,71,78,85	111,114,117,118,119	61,62,62,64,66	60,60,61,66,71	113,115,118,124,131	72,73,73,79,85
YKL024C	URA6	78,80,81,91,100	64,69,75,81,86	74,81,88,91,94	72,73,74,80,87	66,66,67,73,79	80,84,87,92,98	75,83,92,94,97
YKL025C	PAN3	56,59,62,63,63	52,54,55,59,63	58,58,58,61,64	49,50,51,52,53	47,49,51,52,53	61,62,64,67,71	58,58,59,63,67
YKL026C	GPX1	65,66,67,68,68	77,81,84,86,88	276,287,298,304,311	77,78,79,80,80	52,53,54,56,58	225,231,237,239,241	49,56,63,67,71
YKL027W	TCD2	55,55,55,57,59	46,46,46,48,50	54,59,65,65,65	50,51,51,53,56	48,48,49,52,56	48,53,58,58,59	48,48,48,48,49
YKL028W	TFA1	87,88,89,94,100	97,99,101,103,106	115,115,115,117,118	92,95,97,98,98	88,91,94,95,95	111,113,115,122,129	85,87,89,89,90
YKL029C	MAE1	199,203,207,213,219	198,213,229,231,234	65,68,70,77,85	217,221,225,228,230	193,194,195,199,204	78,78,79,86,92	170,171,171,181,192
YKL030W		0,0,0,0,0	0,0,0,0,0	0,0,0,0,0	0,0,0,0,0	0,0,0,0,0	0,0,0,0,0	0,0,0,0,0
YKL031W		81,84,87,116,144	133,139,145,157,168	15,20,26,28,30	129,130,131,131,132	52,55,58,58,59	12,14,17,21,25	72,79,86,92,98
YKL032C	IXR1	201,212,222,243,265	226,239,252,278,303	96,108,119,122,125	216,219,223,224,225	139,141,143,156,169	107,108,110,116,122	196,201,205,211,217
YKL033W-A		166,168,171,178,184	140,143,147,157,167	233,236,240,256,272	134,144,153,155,156	114,118,122,132,143	278,283,289,291,294	172,177,182,183,185
YKL033W	TTI1	18,18,18,19,19	19,20,21,21,21	20,20,20,20,21	19,19,20,21,22	19,19,19,20,20	21,21,21,22,22	17,18,19,19,19
YKL034W	TUL1	38,38,38,38,38	40,41,43,44,46	71,73,76,78,81	39,39,39,39,40	31,32,32,34,35	74,77,81,84,88	33,34,36,38,39
YKL035W	UGP1	246,248,251,255,260	171,176,182,182,182	141,142,143,147,152	137,144,150,154,159	103,107,111,116,121	142,148,154,158,162	269,273,278,296,315
YKL036C		0,0.3,0.6,0.9,1	0,0.4,0.7,2,3	0.6,1,2,2,2	0,0,0,0.2,0.5	0,0.2,0.4,0.5,0.6	0.7,0.9,1,1,1	0,0,0,0.7,1
YKL037W	AIM26	11,12,13,16,19	8,10,12,12,13	10,11,13,18,22	8,9,11,11,11	6,6,7,10,13	15,15,16,16,16	6,9,11,12,13
YKL038W	RGT1	20,22,23,24,24	25,25,25,26,27	31,32,33,34,35	22,22,23,24,26	21,21,21,22,23	32,33,34,35,35	19,21,23,23,24
YKL039W	PTM1	128,131,134,135,136	153,154,155,158,161	123,123,124,125,126	157,158,159,160,160	151,157,163,164,165	108,110,111,114,117	112,114,116,118,119
YKL040C	NFU1	158,160,161,164,168	142,143,143,144,144	194,197,200,203,206	140,142,143,148,153	130,132,135,138,141	189,195,200,203,206	155,155,155,158,162
YKL041W	VPS24	109,111,112,114,116	108,109,111,112,112	95,95,96,97,97	99,102,106,106,106	104,107,109,110,110	104,106,108,112,116	100,101,102,104,107
YKL042W	SPC42	42,42,43,44,44	23,25,28,29,30	20,21,21,21,21	21,23,25,26,26	34,37,39,40,40	21,21,21,22,23	42,47,51,52,53
YKL043W	PHD1	188,196,205,230,255	180,186,192,222,252	70,72,73,74,76	165,177,189,192,195	155,174,194,200,205	78,79,80,86,91	202,214,227,236,245
YKL044W	MMO1	102,114,127,129,132	105,108,111,120,129	40,42,44,44,44	93,95,96,100,104	84,98,113,120,127	47,50,53,54,55	128,128,128,134,140
YKL045W	PRI2	27,27,27,28,30	20,20,20,21,21	40,41,41,43,45	21,22,24,24,24	40,45,50,51,52	42,42,42,44,46	34,35,35,38,41
YKL046C	DCW1	127,128,128,134,139	116,119,122,125,129	137,140,142,144,145	122,123,124,125,127	118,119,119,120,120	131,134,136,138,141	125,126,126,130,134
YKL047W	ANR2	46,46,46,49,52	44,44,45,47,49	42,42,42,43,45	43,43,43,44,44	35,37,39,40,41	50,51,51,52,53	43,43,44,45,47
YKL048C	ELM1	28,30,31,31,31	23,23,23,24,25	19,20,21,22,22	21,22,23,24,25	18,20,21,22,22	17,17,18,19,20	34,35,36,37,39
YKL049C	CSE4	82,85,88,90,93	53,56,60,62,65	52,57,61,63,66	52,53,54,55,56	49,51,53,56,60	60,60,60,60,61	99,101,103,109,115
YKL050C		5,5,6,6,6	6,6,6,6,6	11,12,14,14,14	5,6,6,6,6	5,5,6,6,6	12,12,12,12,13	6,6,6,7,7
YKL051W	SFK1	30,32,34,37,40	30,30,30,30,30	39,41,43,43,43	29,29,30,33,36	32,33,34,34,35	39,40,41,41,41	29,30,31,31,32
YKL052C	ASK1	32,34,36,38,41	30,30,31,33,35	41,43,45,46,48	24,25,26,27,28	19,21,23,24,25	36,37,38,38,39	39,42,44,44,44
YKL053C-A	MDM35	177,190,204,212,220	272,297,322,328,335	207,223,238,238,239	288,323,359,365,371	276,303,330,339,347	177,178,179,187,195	175,177,180,185,191
YKL053W		0,0,0,0.3,0.7	0,0.3,0.6,0.7,0.7	1,1,2,2,3	1,1,1,2,2	0.6,0.9,1,2,2	3,3,4,5,5	0,0,0,0.9,2
YKL054C	DEF1	166,167,168,171,173	177,178,179,197,214	119,119,120,120,120	176,179,183,196,210	186,189,192,201,211	118,121,124,126,128	155,156,157,158,160
YKL055C	OAR1	6,6,6,7,7	4,4,4,5,6	6,6,7,7,8	4,5,5,5,5	3,4,4,4,4	4,5,6,7,8	4,5,5,6,7
YKL056C	TMA19	1171,1272,1373,1386,1399	959,1008,1056,1104,1152	1021,1046,1072,1074,1077	1025,1070,1116,1127,1138	1225,1299,1372,1400,1427	809,825,842,849,856	1256,1275,1294,1322,1351
YKL057C	NUP120	47,48,48,49,49	40,42,43,44,44	72,73,74,74,75	41,41,42,44,46	38,39,40,41,42	66,67,67,68,69	46,47,47,48,49
YKL058W	TOA2	236,240,243,249,256	223,224,226,229,232	247,249,250,260,271	215,216,217,219,220	195,199,203,213,223	244,245,247,260,273	235,242,249,257,264
YKL059C	MPE1	44,44,45,46,47	45,49,52,52,53	48,51,54,54,55	47,49,52,52,52	44,45,46,47,48	55,57,60,61,62	43,43,43,45,47
YKL060C	FBA1	2002,2078,2153,2202,2250	2168,2280,2391,2399,2406	1844,1899,1954,1961,1969	2495,2539,2583,2622,2662	2193,2275,2356,2356,2356	1727,1749,1770,1783,1796	2072,2078,2083,2126,2170
YKL061W	BLI1	138,139,141,148,155	138,145,152,153,154	141,153,165,179,192	138,139,140,144,148	144,145,146,153,161	173,175,178,178,179	136,144,152,154,156
YKL062W	MSN4	45,46,47,47,47	42,42,42,45,47	42,44,45,46,46	52,53,53,54,55	66,70,74,76,77	42,43,44,46,47	45,46,46,48,49
YKL063C		126,129,132,140,147	118,119,120,124,128	119,121,124,124,124	121,123,125,126,128	118,125,131,133,135	109,113,116,117,119	138,140,141,143,145
YKL064W	MNR2	44,45,46,46,47	48,51,53,53,53	48,48,49,49,49	48,48,48,49,50	42,43,44,45,45	47,48,49,50,51	45,46,47,48,48
YKL065C	YET1	301,304,306,308,310	283,293,303,305,307	570,575,580,588,596	293,294,294,297,301	265,267,268,273,278	540,546,552,566,581	292,295,299,310,321
YKL065W-A		22,23,23,25,26	18,19,20,22,24	71,73,74,101,128	16,17,18,23,29	19,20,21,24,27	77,79,80,91,103	31,33,35,35,36
YKL066W		35,36,37,40,42	37,40,43,44,45	48,49,51,57,63	36,37,39,47,55	44,46,48,51,54	47,51,55,57,59	46,47,49,50,52
YKL067W	YNK1	536,545,554,573,593	612,626,640,652,664	482,499,516,536,556	617,620,623,656,689	772,786,800,813,826	412,420,429,436,443	602,604,606,613,620
YKL068W-A		327,330,332,346,360	430,450,469,478,487	556,573,589,643,697	351,372,394,400,405	496,502,509,519,530	611,638,666,697,728	440,451,461,480,499
YKL068W	NUP100	73,73,73,74,75	62,65,67,67,68	81,81,82,82,82	59,60,61,62,63	54,55,56,59,62	84,85,85,87,88	67,69,71,73,74
YKL069W		134,136,137,142,146	65,73,81,90,99	87,88,88,95,101	64,65,66,67,68	57,59,60,62,64	89,90,91,98,106	174,178,183,183,183
YKL070W		49,50,52,56,60	47,50,53,54,56	85,85,86,94,102	44,46,47,51,54	49,49,49,51,54	81,97,112,114,115	46,50,55,56,58
YKL071W		22,23,25,27,28	22,23,24,26,27	33,34,35,36,38	22,22,22,23,24	17,18,19,22,24	38,39,40,42,44	24,25,25,25,25
YKL072W	STB6	9,10,10,11,12	11,11,11,12,12	16,17,19,20,20	10,10,11,11,12	7,8,8,8,8	18,19,19,20,22	7,9,10,12,13
YKL073W	LHS1	23,25,26,26,27	21,22,23,24,26	38,38,39,39,39	23,24,25,25,26	21,22,24,24,24	36,37,37,37,38	26,27,28,28,28
YKL074C	MUD2	27,27,27,29,30	29,29,29,29,30	28,30,32,34,36	29,29,30,30,30	27,27,28,29,30	25,28,32,32,32	26,26,26,26,26
YKL075C		38,40,43,43,44	37,41,44,44,44	36,39,41,42,42	42,42,42,42,43	37,38,39,43,47	41,42,42,43,44	40,42,44,46,48
YKL076C	PSY1	9,9,9,10,10	5,7,8,8,9	11,11,11,11,11	7,8,9,9,10	3,4,5,6,8	8,10,11,12,12	7,8,8,9,9
YKL077W		143,147,150,150,151	117,126,135,138,142	158,159,160,161,162	125,129,134,134,135	110,114,117,120,122	163,166,170,176,183	145,145,145,146,148
YKL078W	DHR2	9,10,10,12,14	8,8,8,8,8	6,7,8,9,11	9,9,9,9,10	6,8,9,10,10	6,7,7,8,9	10,10,10,11,11
YKL079W	SMY1	28,29,30,31,32	26,27,28,31,33	24,25,27,28,28	28,29,29,31,33	29,29,29,30,30	25,26,27,27,28	27,28,29,31,33
YKL080W	VMA5	158,166,174,177,180	168,172,176,182,189	129,132,135,136,138	166,171,175,183,190	157,160,163,170,176	145,146,148,153,157	155,156,157,163,169
YKL081W	TEF4	343,379,414,432,450	353,376,399,400,401	259,265,271,281,291	382,396,411,420,428	436,449,462,489,515	249,258,266,270,273	349,357,365,373,381
YKL082C	RRP14	25,29,34,35,36	28,28,28,31,33	15,15,15,16,17	33,34,36,37,38	34,36,37,39,41	13,13,13,18,23	27,28,28,28,29
YKL083W		0,0,0,0,0	0,0.2,0.4,0.4,0.5	0,0.1,0.3,0.4,0.6	0,0,0,0,0	0,0,0,0.2,0.3	0,0,0,0,0	0,0,0,0,0
YKL084W	HOT13	93,96,99,106,114	73,78,84,85,86	96,98,100,103,106	62,63,64,67,69	46,47,47,53,59	115,118,120,121,122	92,93,94,101,108
YKL085W	MDH1	923,933,943,967,990	1149,1152,1154,1218,1282	323,336,349,360,371	1265,1269,1273,1324,1375	1318,1353,1388,1407,1425	299,299,299,325,350	837,840,843,885,927
YKL086W	SRX1	17,18,19,23,27	25,25,26,29,32	15,17,18,22,26	16,19,22,23,23	24,25,26,27,27	20,21,22,24,26	18,18,18,18,18
YKL087C	CYT2	182,190,197,201,205	283,300,317,331,344	137,142,148,148,148	300,304,308,319,329	307,315,323,352,381	108,111,114,123,131	169,174,179,181,184
YKL088W	CAB3	46,46,46,47,48	40,43,46,48,50	44,45,46,46,47	40,43,46,47,48	46,47,47,49,51	39,41,43,44,46	42,42,43,45,46
YKL089W	MIF2	24,25,25,26,27	14,15,16,16,17	21,21,21,22,23	13,14,15,16,17	17,17,17,18,19	18,18,18,18,18	29,29,30,30,31
YKL090W	CUE2	21,21,22,24,26	26,26,26,28,31	30,30,30,32,34	24,25,25,26,26	23,24,24,25,25	25,26,28,30,32	22,23,23,25,28
YKL091C		70,74,78,79,80	90,93,96,98,100	76,80,84,87,90	81,82,83,84,85	51,57,63,64,65	78,79,80,85,89	67,68,69,75,80
YKL092C	BUD2	12,12,13,13,13	9,9,10,10,10	11,11,12,12,12	8,8,9,10,10	11,11,11,11,11	9,10,11,11,12	14,14,15,15,16
YKL093W	MBR1	122,124,126,136,146	131,135,140,142,145	179,180,181,188,196	130,130,131,138,145	92,98,104,111,119	168,181,194,195,196	121,122,122,127,131
YKL094W	YJU3	263,263,263,269,275	259,260,261,261,261	256,258,260,261,262	240,243,246,248,250	229,229,229,238,246	247,250,254,254,255	271,276,281,291,302
YKL095W	YJU2	36,40,44,46,48	41,42,43,47,51	61,62,64,64,64	36,37,39,46,54	39,42,46,46,46	52,53,54,58,61	40,40,41,41,42
YKL096C-B		3,3,3,5,6	7,7,7,8,8	11,13,15,19,22	10,11,12,13,14	5,6,7,9,10	14,18,22,26,30	3,6,8,9,9
YKL096W-A	CWP2	6448,6448,6448,6448,6448	4165,4186,4208,4402,4595	1209,1388,1567,1592,1618	3356,3401,3445,3697,3949	2289,2304,2319,2650,2981	1013,1106,1198,1282,1365	5383,6252,7120,7120,7120
YKL096W	CWP1	661,710,758,788,818	521,574,628,650,672	678,702,727,765,804	496,517,538,606,674	506,531,557,606,655	574,592,609,633,656	922,943,965,973,982
YKL097C		1,2,3,3,3	1,2,3,3,4	3,3,3,5,6	2,3,3,3,3	0,2,3,5,7	4,4,4,5,6	2,3,3,3,3
YKL098W	MTC2	34,35,37,38,40	40,42,43,45,46	59,59,59,60,60	34,35,35,40,44	33,34,34,37,39	59,59,60,62,65	35,37,38,40,41
YKL099C	UTP11	47,48,50,51,52	32,33,34,37,41	30,33,36,37,38	38,39,40,42,43	48,52,55,57,59	28,33,37,37,37	49,52,55,58,61
YKL100C	YPF1	100,102,105,106,107	98,99,100,102,103	183,184,185,193,201	90,91,92,93,93	82,83,83,87,90	186,193,199,205,212	98,101,104,105,107
YKL100W-A		0,0,0,0,0	0,0,0,0,0	0,0,0,0,0	0,0,0,0,0	0,0,0,0,0	0,0,0,0,0	0,0,0,0,0
YKL101W	HSL1	19,20,21,21,21	13,13,13,13,13	11,11,12,13,13	11,11,12,12,12	19,19,20,20,20	10,12,13,13,13	25,26,26,27,27
YKL102C		0.8,1,1,2,3	2,3,3,4,4	2,4,6,8,10	0.7,1,2,2,2	0.9,2,2,3,3	0,1,3,4,5	3,3,3,4,5
YKL103C		100,102,103,110,118	124,125,127,130,134	94,100,106,107,108	121,126,132,132,133	110,111,111,116,121	95,95,95,96,98	91,92,92,98,103
YKL104C	GFA1	146,148,150,153,157	214,222,230,239,248	146,147,148,153,157	237,240,243,250,257	200,211,222,228,233	130,135,140,141,143	147,150,153,158,164
YKL105C	SEG2	85,86,87,103,119	84,87,90,99,109	113,121,130,134,139	81,81,81,83,85	53,53,54,56,59	142,147,153,157,162	95,97,100,112,125
YKL106C-A		0,1,2,3,4	5,6,7,9,12	0,2,4,5,7	4,6,7,7,7	2,2,2,4,5	2,3,4,4,4	4,4,4,4,5
YKL106W	AAT1	121,122,123,123,124	117,120,123,123,123	230,236,242,243,244	109,111,113,115,117	94,95,95,97,99	227,228,229,235,241	112,115,118,121,125
YKL107W		13,14,16,19,22	15,15,15,20,24	34,34,34,35,36	13,14,15,16,18	9,9,10,10,10	36,36,36,38,40	18,19,19,20,21
YKL108W	SLD2	16,18,19,19,20	18,18,19,19,19	26,27,28,29,30	17,17,17,19,21	21,23,25,26,27	22,25,28,30,31	18,21,23,23,23
YKL109W	HAP4	362,386,411,425,440	426,440,454,492,531	74,76,78,87,95	440,455,470,475,480	436,451,467,473,479	78,80,83,88,93	356,363,370,371,371
YKL110C	KTI12	76,76,77,81,85	76,78,80,81,83	40,40,40,41,42	83,83,83,87,90	72,72,72,77,82	32,33,34,35,37	63,71,80,85,89
YKL111C		0,0.3,0.7,0.7,0.7	0,0,0,2,3	0,0,0,0.7,1	0,0.7,1,1,1	0,0.4,0.8,0.9,1	0.7,0.8,0.8,1,1	0,0.3,0.7,0.8,0.9
YKL112W	ABF1	67,68,70,71,73	52,56,60,62,63	31,33,34,34,35	49,50,51,54,57	46,47,49,51,53	33,34,35,37,40	68,70,72,73,73
YKL113C	RAD27	41,46,52,52,52	28,29,31,31,32	48,48,48,49,49	34,35,36,39,41	67,75,84,84,85	50,52,54,55,57	64,66,67,71,75
YKL114C	APN1	70,72,75,82,89	68,69,69,69,69	80,84,88,91,94	73,76,78,80,81	76,78,79,80,82	82,84,86,91,96	76,79,83,85,87
YKL115C		5,6,6,8,9	6,7,8,9,10	9,9,9,11,14	10,10,10,11,11	7,9,11,11,12	7,8,8,9,9	5,6,7,8,8
YKL116C	PRR1	29,32,36,36,37	37,38,39,40,41	41,43,45,45,45	65,66,66,69,72	106,108,109,112,115	37,38,39,40,40	29,31,33,33,34
YKL117W	SBA1	796,815,834,898,962	777,794,810,860,910	779,790,801,812,824	740,764,788,833,877	695,714,733,793,852	881,882,883,885,888	778,784,791,845,899
YKL118W		1,2,3,3,3	0.8,0.8,0.8,0.9,1	0,0,0,1,2	0,0,0,0.4,0.8	0,0,0,0.5,0.9	0,1,2,2,3	0.7,2,3,3,4
YKL119C	VPH2	44,48,52,55,59	40,48,55,55,55	46,49,52,55,59	50,52,53,54,54	43,43,44,53,62	41,45,49,53,58	41,44,48,54,60
YKL120W	OAC1	130,140,149,150,151	110,116,122,126,129	60,61,62,65,68	126,128,129,132,135	125,130,134,139,144	64,66,67,69,70	128,131,134,138,142
YKL121W	DGR2	21,22,22,22,23	23,25,26,27,28	28,29,30,30,31	22,23,24,26,27	22,22,22,23,24	28,28,28,30,32	19,20,20,23,26
YKL122C	SRP21	147,148,148,158,167	121,135,149,156,163	116,118,119,121,123	136,139,143,148,153	161,164,166,168,169	107,111,115,117,119	147,149,150,162,173
YKL123W		0,0,0,0.7,1	0,0.3,0.6,1,1	1,1,2,2,2	0,0,0,0,0	0,0,0,0.5,1	0,1,2,3,3	0.5,0.6,0.6,0.6,0.7
YKL124W	SSH4	57,58,59,60,61	50,53,57,62,67	121,122,123,126,128	55,56,57,57,58	46,47,47,49,51	128,133,138,140,142	54,55,56,58,59
YKL125W	RRN3	38,38,38,39,41	31,32,33,33,33	48,48,48,53,59	33,34,36,37,38	33,34,35,36,36	47,49,50,51,51	33,34,34,37,40
YKL126W	YPK1	96,97,99,102,106	77,83,89,91,93	108,109,110,110,111	71,74,76,78,80	63,65,68,68,68	106,107,109,111,112	107,108,109,115,120
YKL127W	PGM1	65,67,68,70,72	49,51,54,57,59	56,61,66,68,70	52,54,55,57,60	46,47,48,50,52	65,67,70,70,71	75,77,79,79,80
YKL128C	PMU1	36,39,43,47,51	45,46,47,50,54	34,36,37,39,40	54,56,57,58,58	58,59,59,61,63	38,40,42,43,44	33,39,45,46,48
YKL129C	MYO3	24,25,26,26,26	31,32,32,36,39	25,25,25,26,26	31,32,33,33,34	25,26,27,29,31	23,25,27,28,29	19,19,19,22,24
YKL130C	SHE2	75,82,88,89,89	71,75,80,81,83	47,50,54,56,58	66,73,81,81,81	61,62,63,64,64	49,54,58,60,62	80,81,82,85,88
YKL131W		1,1,2,2,2	0,0.2,0.5,1,2	2,2,2,2,2	0.8,0.9,0.9,1,1	0.3,0.5,0.7,2,3	2,2,2,2,3	0.6,1,2,2,2
YKL132C	RMA1	7,7,7,8,8	7,8,8,9,10	8,10,11,11,11	7,7,8,8,9	7,7,8,8,9	10,11,12,12,12	8,8,8,8,9
YKL133C		33,34,35,35,35	36,39,41,44,46	60,61,61,62,64	36,36,37,40,42	30,32,34,36,38	50,50,50,52,54	32,34,37,39,41
YKL134C	OCT1	65,68,71,71,71	54,57,59,60,61	70,73,76,80,83	52,55,58,58,58	47,48,48,50,52	64,64,64,65,66	72,73,75,75,75
YKL135C	APL2	42,43,45,47,49	46,47,47,49,51	56,57,58,59,61	46,46,47,47,47	39,41,42,42,42	49,52,55,57,58	43,43,44,46,48
YKL136W		1,1,1,1,2	3,4,5,5,6	4,5,6,7,7	0,1,3,4,5	3,3,4,5,6	1,3,4,4,4	2,3,4,6,8
YKL137W	CMC1	204,204,205,211,217	276,288,299,302,305	248,260,271,310,349	267,286,305,306,306	287,317,347,351,355	179,182,184,198,211	212,215,218,219,220
YKL138C-A	HSK3	292,305,319,319,319	308,310,312,316,320	229,233,238,244,250	294,295,295,297,299	256,258,259,272,284	252,271,290,292,294	314,334,355,369,383
YKL138C	MRPL31	141,153,165,176,186	228,234,240,250,261	128,151,175,182,189	257,259,261,270,279	275,277,279,283,287	107,111,116,117,119	140,150,160,161,162
YKL139W	CTK1	37,40,44,45,46	35,36,38,38,38	33,34,36,37,39	38,38,39,39,40	38,39,41,41,41	38,38,39,39,40	38,39,40,41,41
YKL140W	TGL1	52,52,52,54,57	47,49,51,54,56	51,54,56,57,58	42,44,46,47,48	38,40,42,43,45	57,58,58,59,61	55,56,56,57,57
YKL141W	SDH3	2498,2498,2498,2507,2517	2575,2582,2589,2648,2708	2191,2201,2210,2210,2210	2464,2524,2583,2583,2583	2201,2209,2217,2253,2289	2139,2139,2139,2174,2208	2231,2306,2382,2395,2408
YKL142W	MRP8	311,324,337,341,345	331,331,332,350,368	445,447,449,451,453	328,337,345,346,346	315,317,319,323,327	462,465,467,469,470	297,297,298,313,329
YKL143W	LTV1	37,40,43,44,45	32,34,35,37,38	34,37,41,41,41	35,36,36,36,37	46,46,46,46,47	21,22,24,26,28	31,31,32,32,33
YKL144C	RPC25	61,65,69,70,71	52,54,57,59,61	33,36,39,42,46	54,55,57,61,65	55,59,63,64,65	33,35,37,39,41	47,55,63,66,69
YKL145W-A		0,0,0,0,0	0,0,0,0,0	0,0,0,0,0	0,0,0,0,0	0,0,0,0,0	0,0,0,0,0	0,0,0,0,0
YKL145W	RPT1	342,352,361,372,382	328,332,336,356,377	302,310,319,323,326	328,337,345,352,359	310,311,312,338,364	369,369,369,370,370	318,332,346,346,346
YKL146W	AVT3	100,101,103,108,113	94,96,97,102,106	151,162,173,179,185	96,98,100,102,104	86,87,87,89,91	165,172,178,179,179	94,97,100,101,103
YKL147C		4,5,6,7,7	4,4,5,5,6	6,7,8,8,8	5,5,5,6,7	3,4,4,5,5	9,10,10,12,13	6,7,7,8,8
YKL148C	SDH1	2002,2049,2096,2116,2136	2027,2054,2081,2113,2144	2198,2218,2238,2249,2261	2111,2119,2127,2169,2210	2008,2008,2008,2032,2056	2224,2234,2244,2279,2315	1924,1924,1924,2004,2083
YKL149C	DBR1	43,43,43,45,48	41,42,42,44,45	96,97,99,102,104	36,40,43,45,48	37,38,39,41,44	94,97,100,100,101	45,45,45,48,50
YKL150W	MCR1	1251,1280,1309,1325,1341	1336,1355,1375,1379,1382	1021,1042,1064,1079,1094	1367,1371,1375,1397,1420	1194,1234,1275,1317,1359	958,981,1003,1013,1023	1226,1267,1309,1320,1332
YKL151C	NNR2	102,107,111,126,140	130,134,137,143,150	155,160,166,167,168	115,121,127,129,130	82,85,88,93,98	142,154,167,172,178	97,101,104,118,131
YKL152C	GPM1	181,195,210,212,215	227,235,244,250,256	198,200,202,212,223	257,261,264,269,274	232,258,284,310,336	136,137,137,148,159	166,168,169,171,173
YKL153W		8,8,8,9,10	6,9,11,11,12	4,5,6,9,11	10,10,11,12,13	10,10,11,13,15	6,6,6,6,7	6,6,6,6,6
YKL154W	SRP102	74,76,78,79,81	58,59,60,63,67	62,62,63,66,69	54,55,56,60,63	53,55,57,61,64	61,62,63,63,63	75,78,81,82,83
YKL155C	RSM22	55,55,56,60,63	62,64,66,67,68	39,41,43,44,45	63,64,65,66,67	65,68,71,76,81	39,39,39,40,41	48,50,52,55,58
YKL156C-A		0,0,0,0,0	0,0,0,0,0	0,0,0,0,0	0,0,0,0,0	0,0,0,0,0	0,0,0,0,0	0,0,0,0,0
YKL156W	RPS27A	269,296,323,347,372	246,265,284,295,306	149,150,150,153,155	294,304,314,325,335	315,366,417,417,418	121,132,143,145,146	272,274,275,292,309
YKL157W	APE2	87,87,87,88,88	82,83,85,86,86	106,106,107,109,110	77,81,85,86,88	78,78,79,79,79	105,113,121,121,121	80,81,82,86,89
YKL159C	RCN1	33,33,34,35,36	39,40,40,43,46	54,54,55,61,68	39,39,39,42,46	34,36,38,39,40	48,51,53,53,54	34,35,35,36,37
YKL160W	ELF1	287,290,293,298,303	288,301,313,319,325	285,290,295,309,323	285,287,288,294,299	251,261,272,276,280	295,315,334,337,340	298,306,315,319,323
YKL161C	KDX1	28,28,29,30,32	30,30,31,34,37	34,35,36,36,37	47,54,60,60,61	79,81,83,84,85	29,30,32,32,33	30,33,36,38,40
YKL162C		34,36,38,41,44	47,47,47,48,49	66,75,85,85,86	30,36,41,42,43	32,35,37,37,37	72,75,78,81,84	39,42,45,47,48
YKL162C-A		34,39,44,48,52	40,43,46,50,55	76,86,95,97,98	37,42,46,49,52	35,41,48,51,53	66,73,80,85,91	26,32,38,44,50
YKL163W	PIR3	11,12,14,15,16	27,29,31,31,31	98,99,101,110,119	36,39,42,44,46	43,47,52,58,63	86,86,87,92,96	12,13,14,19,24
YKL164C	PIR1	86,116,146,160,173	383,393,403,432,460	324,351,377,390,403	1217,1249,1281,1428,1575	3466,3482,3499,3538,3578	335,341,346,376,406	98,115,131,158,185
YKL165C-A		9,10,11,15,19	7,7,7,8,9	7,8,9,10,11	5,6,7,11,15	8,9,9,11,13	6,6,7,8,9	7,9,10,11,12
YKL165C	MCD4	22,23,23,24,25	21,22,23,24,25	17,18,18,18,18	22,22,22,22,23	27,28,28,28,28	15,16,17,17,18	26,27,29,29,29
YKL166C	TPK3	34,37,40,42,43	35,35,35,37,38	34,35,35,35,35	30,33,35,39,42	36,37,38,38,38	30,32,35,37,38	35,38,41,42,44
YKL167C	MRP49	135,148,160,164,167	198,198,199,216,233	114,127,141,145,150	202,205,208,209,210	221,226,230,243,255	104,110,116,119,121	136,139,141,155,168
YKL168C	KKQ8	16,17,18,18,19	18,19,20,21,21	23,23,24,26,27	17,19,20,21,21	19,20,20,21,21	25,25,25,26,26	16,17,17,17,17
YKL169C		0,0.5,1,1,2	0,0,0,0.4,0.7	0,0.2,0.5,0.8,1	2,2,2,2,2	0,0.4,0.9,2,2	0.7,1,1,1,1	0,0,0,0.3,0.6
YKL170W	MRPL38	8,8,8,9,9	15,16,17,20,24	8,9,10,10,10	13,14,14,16,17	17,17,18,20,22	5,9,12,13,15	6,7,9,9,9
YKL171W	NNK1	39,39,39,41,42	40,41,43,43,44	61,64,67,69,70	40,40,41,44,46	42,43,43,43,43	59,62,64,65,66	40,40,40,41,41
YKL172W	EBP2	84,91,97,101,105	76,79,81,89,96	71,77,83,85,86	82,84,86,95,104	96,103,110,113,117	52,52,52,62,72	74,75,75,77,79
YKL173W	SNU114	19,21,22,22,23	18,20,21,22,23	27,29,30,30,30	18,20,21,21,22	20,21,22,23,24	29,29,29,31,33	20,21,21,22,23
YKL174C	TPO5	30,33,35,35,36	28,32,35,35,36	45,45,46,48,49	29,31,33,33,33	28,29,30,30,30	39,41,42,44,46	27,29,30,31,31
YKL175W	ZRT3	114,117,120,124,128	96,100,104,104,105	136,136,137,139,142	98,102,105,109,112	85,90,96,96,96	132,138,144,146,148	111,112,113,114,116
YKL176C	LST4	43,46,48,49,49	45,47,49,50,50	48,50,52,52,53	45,46,47,50,54	45,45,46,47,48	50,51,52,52,52	42,44,45,45,46
YKL177W		0,0.3,0.7,0.7,0.7	2,2,2,2,2	2,3,4,4,4	0.9,1,1,2,2	1,1,1,1,2	1,2,2,3,3	1,2,2,2,2
YKL178C	STE3	12,13,14,15,16	12,12,13,13,14	23,24,25,25,26	9,11,12,13,14	9,10,11,12,12	22,22,23,23,23	12,14,15,15,15
YKL179C	COY1	42,42,42,43,45	39,40,42,44,46	49,50,50,51,51	40,41,42,44,46	36,37,38,40,42	46,49,52,52,53	40,42,43,44,45
YKL180W	RPL17A	460,490,519,522,524	534,534,534,549,564	313,313,313,320,326	574,582,591,595,599	777,792,807,811,816	259,265,271,274,277	437,453,469,498,528
YKL181W	PRS1	183,189,195,201,206	162,165,168,170,172	251,259,266,267,267	164,167,169,171,172	182,187,191,197,204	242,242,242,245,247	176,182,187,196,205
YKL182W	FAS1	78,82,85,85,86	116,120,124,132,139	247,249,252,256,261	163,164,165,173,181	204,210,216,220,224	255,257,260,268,276	73,75,77,79,80
YKL183C-A		9,9,9,10,11	9,9,10,11,11	3,5,7,9,11	0,6,11,13,15	3,3,4,4,4	2,3,4,4,4	6,8,10,11,12
YKL183W	LOT5	52,52,53,55,57	47,50,53,54,54	18,19,20,21,21	50,50,50,51,52	42,42,42,43,44	18,20,22,24,27	46,50,53,55,57
YKL184W	SPE1	59,59,59,59,59	53,55,57,59,61	65,66,67,68,68	48,51,54,55,57	45,45,45,47,49	56,58,61,63,66	49,51,54,55,57
YKL185W	ASH1	26,31,35,37,39	90,91,91,94,98	41,43,45,45,46	210,214,219,236,253	399,401,403,413,423	38,40,42,42,42	26,31,36,38,39
YKL186C	MTR2	126,128,129,134,139	141,145,148,152,155	132,133,135,150,164	166,170,174,176,178	165,170,175,185,195	153,156,158,168,179	122,124,126,129,133
YKL187C	FAT3	169,170,171,179,186	245,254,263,264,265	323,345,367,368,370	221,226,231,232,234	121,128,136,139,142	289,314,340,357,374	129,131,133,136,140
YKL188C	PXA2	26,26,27,27,28	24,25,25,27,28	148,148,149,150,151	20,22,24,25,27	15,16,16,17,18	130,132,135,137,139	26,27,27,28,28
YKL189W	HYM1	45,46,47,48,50	50,51,52,53,54	69,72,75,77,79	44,46,47,51,54	39,42,45,46,48	66,66,66,68,69	47,48,50,51,52
YKL190W	CNB1	219,221,223,239,255	219,228,237,245,253	207,213,220,220,221	236,238,241,246,250	219,220,221,234,248	225,225,226,238,250	213,214,215,216,217
YKL191W	DPH2	63,64,65,66,66	50,51,52,54,55	69,74,78,82,85	63,64,65,66,67	59,63,68,68,69	72,73,74,74,75	55,59,63,64,65
YKL192C	ACP1	607,627,648,661,675	820,829,839,843,846	570,572,574,588,601	816,819,822,836,851	803,806,809,842,875	490,507,525,526,528	587,599,612,613,614
YKL193C	SDS22	69,73,76,77,78	57,61,66,70,73	88,90,92,93,93	50,57,64,68,73	56,56,56,58,60	89,89,89,95,101	74,79,84,88,92
YKL194C	MST1	42,46,49,51,53	76,77,78,81,83	45,46,47,47,48	79,80,81,81,81	73,74,75,79,82	36,38,39,39,39	41,43,44,44,45
YKL195W	MIA40	276,302,329,334,339	435,445,455,464,473	217,222,228,239,250	430,456,482,498,514	494,495,495,510,525	184,184,184,195,206	290,291,292,293,294
YKL196C	YKT6	401,403,405,426,446	338,346,353,365,377	375,383,391,400,410	313,323,333,352,371	287,297,306,321,336	410,426,442,445,448	416,418,420,438,456
YKL197C	PEX1	16,17,18,19,19	13,15,17,18,19	43,44,45,46,48	16,17,17,18,18	13,14,15,16,17	39,41,43,44,45	17,18,19,19,20
YKL198C	PTK1	26,28,30,31,32	26,27,27,27,27	41,44,46,46,46	28,28,29,29,29	26,27,28,29,29	38,43,48,48,49	24,26,27,29,31
YKL201C	MNN4	44,44,44,46,48	45,45,46,46,46	50,51,51,52,52	43,44,45,46,46	40,41,41,42,44	48,50,53,53,53	39,41,43,45,46
YKL202W		5,6,6,7,7	6,7,8,8,9	8,9,11,11,11	6,7,8,8,8	6,6,6,7,7	8,8,9,9,10	5,5,6,7,7
YKL203C	TOR2	8,8,8,9,9	10,10,10,10,10	11,12,12,12,12	10,10,10,10,10	8,8,8,9,9	11,11,11,12,13	8,8,8,9,9
YKL204W	EAP1	55,57,60,60,60	54,60,66,67,69	68,68,69,69,70	59,60,61,62,64	62,66,70,72,73	59,63,66,68,70	53,55,56,58,59
YKL205W	LOS1	16,18,20,20,21	17,18,19,20,22	16,16,16,17,18	19,20,20,20,20	20,21,21,22,22	14,15,15,15,16	17,17,17,17,18
YKL206C	ADD66	79,84,90,90,90	71,75,80,80,80	104,105,106,110,114	78,78,79,86,92	66,68,70,73,76	113,115,117,118,120	85,87,90,91,92
YKL207W		170,175,181,187,193	150,155,159,173,186	195,195,195,199,203	153,159,165,168,171	142,156,171,173,176	196,209,221,222,222	159,170,181,183,185
YKL208W	CBT1	46,48,50,50,50	54,57,61,61,61	52,53,54,57,60	53,54,54,58,62	51,52,52,53,53	55,57,59,61,63	52,52,52,52,53
YKL209C	STE6	21,22,22,23,23	41,43,44,47,49	51,51,51,53,55	57,58,58,63,67	73,75,76,79,81	39,40,40,41,43	17,17,17,18,19
YKL210W	UBA1	191,200,208,210,212	195,195,196,201,207	220,223,227,236,245	185,189,193,197,201	170,172,174,175,176	265,279,292,297,301	183,183,184,191,198
YKL211C	TRP3	203,213,223,224,225	176,178,180,185,190	188,194,200,206,213	161,163,165,170,174	130,134,137,141,144	252,260,268,269,271	199,212,225,229,232
YKL212W	SAC1	79,80,81,81,82	73,75,77,78,79	68,69,70,70,71	79,84,88,89,91	86,87,88,91,95	57,58,59,60,61	78,78,79,79,80
YKL213C	DOA1	75,76,78,80,81	77,79,80,82,83	83,84,85,86,87	76,76,76,77,77	70,70,70,72,73	89,89,89,90,90	72,72,73,73,74
YKL214C	YRA2	88,88,88,92,96	90,93,97,102,107	81,85,90,93,96	96,96,97,100,104	84,87,90,96,101	94,101,108,109,110	76,79,82,89,96
YKL215C	OXP1	25,27,28,29,29	26,27,29,29,29	30,32,34,34,35	23,24,25,25,25	21,22,22,23,23	35,36,36,36,36	26,27,27,27,27
YKL216W	URA1	109,112,115,117,119	77,79,82,85,88	137,152,166,176,186	87,88,90,96,103	96,104,113,117,122	134,137,139,143,147	108,110,111,114,116
YKL217W	JEN1	471,484,498,508,518	332,338,345,355,365	1209,1211,1213,1226,1238	311,322,333,338,343	278,279,280,290,300	1149,1180,1212,1214,1216	515,518,521,533,545
YKL218C	SRY1	122,124,126,132,138	149,151,153,155,158	247,250,254,278,302	159,164,169,177,185	163,165,167,178,188	258,272,287,295,303	133,134,134,144,153
YKL219W	COS9	35,37,38,39,41	34,35,36,37,38	95,95,96,103,111	28,31,33,34,35	23,24,26,26,26	94,94,95,97,100	39,39,39,41,43
YKL220C	FRE2	5,5,6,6,6	4,5,6,6,7	16,16,16,18,20	3,4,5,5,5	3,4,4,5,6	15,16,16,16,17	5,5,5,6,6
YKL221W	MCH2	8,9,9,10,11	11,12,13,13,14	21,22,23,25,27	11,12,12,13,13	9,9,9,10,10	18,20,22,22,23	7,8,8,9,9
YKL222C		18,18,19,19,19	21,22,23,23,23	26,27,28,29,30	20,21,21,21,22	19,20,20,20,20	29,30,31,31,32	17,18,19,20,22
YKL223W		0,0,0,0.4,0.8	0,0,0,0.4,0.9	0,0.3,0.6,1,2	0,0,0,0,0	0,0,0,0.5,1	0,0.4,0.7,1,1	0,0.4,0.9,1,1
YKL224C	PAU16	0,0,0,0,0	0,0,0,0,0	0,0,0,0,0	0,0,0,0,0	0,0,0,0,0	0,0,0,0,0	0,0,0,0.3,0.6
YKL225W		0,0,0,0,0	0,0,0,0.4,0.7	0.5,0.6,0.7,0.8,1	0,0,0,0.3,0.6	0,0,0,0,0	0,0,0,0.4,0.7	0,0,0,0,0
YKR001C	VPS1	125,128,131,132,134	112,113,114,116,119	134,137,140,143,146	120,121,122,123,125	113,114,115,115,115	141,143,145,147,149	130,133,136,140,143
YKR002W	PAP1	74,75,76,76,76	69,72,76,77,78	125,125,126,129,133	76,78,80,81,81	73,75,78,78,78	117,121,125,125,125	77,78,78,78,79
YKR003W	OSH6	42,44,46,46,46	45,47,49,50,51	44,44,45,49,52	47,48,49,50,50	48,49,50,50,51	45,48,50,51,52	45,46,47,48,50
YKR004C	ECM9	41,43,45,46,47	39,41,44,44,45	38,39,40,40,41	37,39,41,42,44	30,33,37,37,37	35,36,37,38,40	46,48,49,51,53
YKR005C		15,15,15,15,16	16,17,18,18,18	23,24,25,25,26	17,17,17,19,22	15,15,15,16,16	22,24,27,27,27	15,16,17,17,17
YKR006C	MRPL13	126,128,129,137,145	209,215,220,221,221	157,163,168,173,177	219,221,223,236,248	243,243,244,244,245	99,102,105,114,124	130,132,133,136,138
YKR007W	MEH1	62,63,64,67,71	68,73,77,82,87	45,49,53,56,59	75,79,84,87,91	85,88,91,93,95	48,53,58,62,65	66,66,66,73,79
YKR008W	RSC4	41,42,42,43,45	35,36,37,39,40	39,40,40,41,43	31,32,33,33,34	30,30,31,31,32	38,38,39,41,43	45,45,45,46,47
YKR009C	FOX2	97,101,106,107,107	78,79,81,84,87	862,876,889,927,966	68,70,72,72,72	48,50,52,52,53	782,812,842,861,879	112,118,124,124,124
YKR010C	TOF2	33,34,34,34,34	20,22,23,24,25	18,18,18,18,19	17,19,20,20,21	17,18,19,19,20	18,18,19,19,19	42,42,43,43,43
YKR011C		118,118,119,125,130	106,106,106,111,116	98,99,101,106,110	101,103,105,106,107	88,92,96,99,102	91,92,94,99,104	117,118,119,130,140
YKR012C		0.7,1,2,3,4	2,3,5,5,6	4,6,8,8,9	3,4,5,5,6	3,4,5,6,6	6,6,6,6,6	1,2,2,4,6
YKR013W	PRY2	79,85,91,94,97	45,46,47,48,50	79,79,80,85,90	38,44,51,52,53	158,160,163,169,176	63,65,67,70,72	127,132,136,140,144
YKR014C	YPT52	270,274,277,277,278	276,279,282,289,297	393,395,398,399,401	260,263,266,279,292	261,264,267,270,272	396,402,408,412,417	266,267,268,273,279
YKR015C		19,19,20,22,24	22,22,23,24,26	33,33,34,35,37	20,21,23,23,23	17,18,19,20,20	27,29,31,31,31	22,22,22,24,25
YKR016W		213,221,230,240,250	266,274,281,285,288	118,121,125,126,128	275,276,277,285,292	282,284,286,293,301	88,93,97,100,103	227,228,229,231,232
YKR017C	HEL1	26,27,28,28,29	30,31,31,31,31	49,50,51,55,59	25,27,28,29,29	24,24,25,28,31	52,53,54,55,56	25,26,27,28,28
YKR018C		109,111,113,119,124	119,120,122,126,131	154,158,161,163,166	117,117,117,118,119	100,100,101,102,103	168,174,181,181,182	101,103,104,105,105
YKR019C	IRS4	16,17,18,19,20	19,19,20,20,21	20,20,20,21,23	15,15,16,18,20	12,12,13,14,15	20,21,22,22,22	16,16,17,17,17
YKR020W	VPS51	76,79,83,87,91	92,94,95,96,97	93,96,100,103,106	87,89,91,93,96	77,79,80,84,89	110,115,121,123,124	68,71,74,78,81
YKR021W	ALY1	41,41,41,42,42	48,48,49,50,50	59,59,60,61,63	44,45,45,46,46	37,39,41,41,41	60,61,62,63,64	37,38,38,39,40
YKR022C	NTR2	41,42,43,48,53	40,42,43,45,47	46,48,50,51,51	41,41,41,45,49	38,42,45,45,46	47,50,53,54,56	42,42,43,45,47
YKR023W		22,24,25,26,26	23,27,32,33,34	25,26,27,27,28	22,25,29,29,29	24,26,27,27,28	24,26,27,28,28	24,26,27,28,28
YKR024C	DBP7	21,22,23,24,25	16,18,19,19,19	18,19,20,21,22	19,19,20,21,23	23,23,24,24,24	13,14,15,16,16	20,21,22,22,23
YKR025W	RPC37	50,51,53,54,56	45,46,47,51,54	50,53,56,57,59	47,47,47,47,47	40,41,43,46,50	48,50,52,55,59	46,47,49,51,54
YKR026C	GCN3	45,46,47,48,49	47,47,47,50,53	44,45,46,48,51	45,46,47,50,54	54,55,55,57,58	42,42,43,44,44	48,48,48,49,50
YKR027W	BCH2	24,25,25,25,26	24,25,26,26,26	27,28,29,29,29	23,23,24,26,28	22,22,22,23,23	27,27,27,30,33	22,23,24,25,25
YKR028W	SAP190	42,43,43,45,48	44,44,44,45,46	43,44,45,45,45	44,45,46,47,48	52,53,54,54,55	41,42,42,44,45	40,41,41,43,45
YKR029C	SET3	28,28,29,31,33	26,27,28,31,34	24,25,26,26,26	28,29,29,29,29	24,24,24,25,25	26,26,27,27,27	29,30,32,33,33
YKR030W	GMH1	63,64,66,68,69	57,57,58,66,73	71,72,73,78,82	62,64,66,67,69	57,58,59,64,69	72,76,79,80,80	55,56,56,58,59
YKR031C	SPO14	18,19,20,21,22	20,20,20,21,21	28,28,29,30,31	18,19,19,20,20	17,17,17,17,17	29,30,30,30,30	19,20,20,21,21
YKR032W		0,0.4,0.7,1,2	0,0,0,0.8,2	1,1,2,2,2	0,0.4,0.7,0.8,1	0,0,0,0.3,0.7	0.8,1,2,2,2	0,0,0,0.3,0.7
YKR033C		0,0,0,0,0	0,0,0,0,0	0,0,0,0,0	0,0,0,0,0	0,0,0,0,0	0,0,0,0,0	0,0,0,0,0
YKR034W	DAL80	8,8,8,9,9	5,5,6,6,7	12,13,14,15,17	3,4,4,4,5	3,3,4,4,4	16,16,17,18,18	7,8,10,10,10
YKR035C	OPI8	0,0,0,0,0	0,0,0,0,0	0,0,0,0.3,0.6	0,0.1,0.2,0.4,0.5	0,0,0,0.1,0.2	0,0,0,0,0	0,0,0,0.1,0.3
YKR035W-A	DID2	0,0,0,0,0	0,0,0,0,0	0,0,0,0,0	0,0,0,0,0	0,0,0,0,0	0,0,0,0,0	0,0,0,0,0
YKR036C	CAF4	33,34,34,35,36	33,33,33,35,37	44,45,45,48,52	34,35,36,36,37	28,29,30,32,33	46,47,47,49,51	32,33,34,34,34
YKR037C	SPC34	56,57,57,57,58	45,47,49,49,49	32,33,33,36,40	40,44,48,50,51	37,38,40,40,41	34,34,35,35,36	72,72,73,76,79
YKR038C	KAE1	98,99,100,101,101	94,94,94,95,96	95,101,108,109,111	86,89,93,94,95	90,91,92,98,104	111,115,118,118,119	98,100,103,108,113
YKR039W	GAP1	249,251,253,278,303	243,254,265,277,290	362,386,409,424,439	186,192,197,201,204	71,79,87,87,88	473,495,516,568,619	186,196,206,238,269
YKR040C		0,0,0,0,0	0,0,0,0,0	0,0,0,0,0	0,0,0,0,0	0,0,0,0,0	0,0,0,0,0	0,0,0,0,0
YKR041W		8,8,8,9,9	5,5,5,6,7	2,2,2,2,2	7,7,7,8,8	5,5,5,6,6	4,4,4,4,4	7,8,8,9,9
YKR042W	UTH1	1104,1107,1111,1136,1161	1989,2023,2058,2104,2151	1701,1711,1720,1823,1926	2210,2210,2210,2262,2313	1554,1588,1622,1654,1686	1483,1546,1608,1616,1624	805,813,820,841,861
YKR043C	SHB17	176,177,178,179,179	136,138,141,147,153	89,94,98,105,112	142,145,148,152,155	155,160,166,167,168	92,95,98,104,110	169,174,178,183,188
YKR044W	UIP5	40,42,44,44,45	30,31,31,34,36	35,37,39,41,42	32,33,34,36,37	25,28,31,31,32	36,38,40,41,41	42,44,45,46,46
YKR045C		21,23,24,25,27	21,22,23,27,32	14,17,21,23,25	16,17,18,19,21	19,19,19,23,27	15,16,17,20,23	19,22,25,26,27
YKR046C	PET10	848,849,851,869,887	1052,1052,1052,1081,1110	1064,1088,1112,1155,1198	1100,1112,1124,1166,1208	905,920,934,1040,1145	1143,1154,1166,1182,1198	691,712,733,777,822
YKR047W		4,5,5,5,6	2,3,5,7,8	4,5,6,8,10	4,4,4,4,4	0,1,3,5,7	3,5,6,9,11	4,5,5,6,6
YKR048C	NAP1	180,186,192,196,199	166,178,189,194,199	170,176,183,193,203	168,177,187,187,188	144,151,158,159,160	179,184,190,193,196	154,163,173,174,174
YKR049C	FMP46	172,175,179,194,209	177,177,177,178,178	475,494,513,532,551	170,173,175,190,204	127,131,134,139,145	523,551,579,588,598	144,157,171,171,171
YKR050W	TRK2	25,26,27,29,30	23,23,24,25,27	61,64,68,69,70	22,22,23,24,25	19,19,19,19,19	59,64,68,69,70	25,26,26,27,27
YKR051W		33,34,36,37,38	32,33,34,36,37	45,48,50,52,53	32,32,33,33,34	27,27,27,30,32	49,52,55,57,59	37,39,41,42,42
YKR052C	MRS4	29,29,30,31,32	30,31,32,33,33	62,62,63,63,64	28,31,34,35,37	25,26,28,29,31	57,58,58,62,65	30,30,31,32,33
YKR053C	YSR3	17,19,20,21,21	14,14,15,16,17	36,37,39,41,43	15,18,20,20,21	19,20,20,22,23	31,32,33,33,34	23,23,23,23,24
YKR054C	DYN1	5,6,6,6,6	5,5,5,5,5	3,4,4,4,4	5,5,5,5,5	4,4,4,4,5	3,4,4,4,4	5,6,6,6,7
YKR055W	RHO4	81,83,84,87,89	78,79,80,85,91	76,76,77,78,79	72,75,78,80,82	61,61,61,63,64	76,78,81,82,83	67,69,72,80,88
YKR056W	TRM2	44,45,45,48,50	36,37,39,39,39	55,55,56,56,57	36,38,40,41,42	44,47,49,50,51	35,40,45,46,47	42,43,44,44,44
YKR057W	RPS21A	509,558,606,632,657	399,455,511,530,549	317,323,329,339,350	453,512,571,603,636	506,603,699,710,720	281,302,324,326,329	535,560,585,602,620
YKR058W	GLG1	39,42,45,46,47	50,50,51,56,61	93,97,100,101,102	47,49,51,54,57	50,51,51,54,56	100,102,104,105,107	40,40,40,42,44
YKR059W	TIF1	147,150,152,154,156	155,157,159,162,165	147,154,161,164,167	145,149,153,153,153	169,171,173,183,192	151,155,158,165,172	150,150,151,156,162
YKR060W	UTP30	43,44,44,45,46	30,31,32,35,39	27,29,31,34,37	30,32,33,36,38	36,36,37,41,46	21,22,23,23,24	42,44,46,49,52
YKR061W	KTR2	20,20,20,21,21	17,19,21,23,24	26,28,30,34,38	21,21,21,21,22	18,21,25,25,26	27,27,27,28,29	22,22,23,24,25
YKR062W	TFA2	61,65,69,73,77	64,65,67,69,72	114,115,116,118,120	67,68,69,69,70	60,61,62,63,64	111,115,119,119,120	62,63,64,68,73
YKR063C	LAS1	27,29,31,33,36	28,30,31,33,35	27,27,28,29,30	25,28,32,34,36	30,31,32,34,36	24,26,27,27,27	26,28,30,30,30
YKR064W	OAF3	23,25,27,28,29	26,27,28,29,29	28,28,29,29,29	26,26,27,28,29	21,22,23,23,24	27,27,27,28,29	26,26,27,28,30
YKR065C	PAM17	159,161,163,165,168	213,222,230,232,234	171,175,178,179,180	220,227,233,235,237	192,194,197,212,227	135,148,161,163,166	149,153,157,162,168
YKR066C	CCP1	146,152,157,163,169	182,184,186,186,187	155,157,159,160,160	173,177,182,183,185	147,151,154,158,162	165,165,166,171,177	134,136,138,140,143
YKR067W	GPT2	131,135,140,140,140	149,156,163,168,174	302,303,304,308,313	148,152,156,158,160	132,133,134,139,144	265,272,278,285,292	128,128,129,130,130
YKR068C	BET3	199,208,218,218,219	193,195,196,200,204	183,185,187,191,195	185,187,189,195,202	169,172,174,183,192	180,192,204,207,211	230,236,241,245,249
YKR069W	MET1	62,64,66,69,72	115,118,121,124,127	141,151,161,163,166	86,90,95,99,103	127,135,143,146,149	149,153,156,169,182	103,106,109,113,117
YKR070W		57,57,58,59,60	57,63,69,71,72	69,70,70,73,77	66,68,69,70,70	58,63,67,68,68	78,78,78,82,85	54,56,59,60,62
YKR071C	DRE2	253,262,270,272,273	245,251,257,259,260	202,203,204,212,221	227,233,240,242,245	212,218,225,226,227	208,209,210,218,226	249,250,250,251,253
YKR072C	SIS2	45,45,45,49,53	49,50,50,51,52	77,78,78,86,94	50,51,53,53,53	52,53,54,54,55	73,74,74,76,78	43,44,44,45,45
YKR073C		4,5,5,6,7	4,4,4,5,7	3,4,5,6,7	6,7,7,8,8	5,6,6,8,9	7,8,9,9,10	3,4,5,6,7
YKR074W	AIM29	134,136,139,140,141	151,159,166,172,177	167,177,187,204,222	159,160,162,167,173	164,169,174,179,183	147,151,154,167,179	147,148,148,152,155
YKR075C		29,32,35,35,36	19,20,20,21,21	67,68,70,70,71	20,21,22,22,23	16,17,18,20,22	38,39,40,42,45	34,36,38,39,40
YKR075W-A		0,0,0,0,0	0,0,0,0,0	0,0,0,0,0	0,0,0,0,0	0,0,0,0,0	0,0,0,0,0	0,0,0,0,0
YKR076W	ECM4	59,63,67,69,71	58,65,72,72,72	125,128,131,140,149	67,67,67,67,67	54,54,55,63,71	148,150,153,154,155	66,69,73,74,76
YKR077W	MSA2	19,20,21,22,23	16,16,17,17,17	24,25,27,27,28	29,30,31,34,38	94,102,110,112,115	25,26,27,27,28	27,28,28,31,34
YKR078W		24,24,25,25,25	24,24,24,28,32	20,21,23,23,23	22,23,25,25,26	23,24,25,26,26	20,21,23,24,25	21,22,23,23,24
YKR079C	TRZ1	15,17,18,19,20	19,20,20,20,20	11,11,12,12,12	20,21,22,22,22	25,25,26,27,27	7,7,8,8,8	15,15,15,19,22
YKR080W	MTD1	448,490,532,544,556	517,518,518,536,553	485,500,514,544,574	535,538,540,543,545	484,505,526,535,545	656,674,693,721,750	430,455,480,491,502
YKR081C	RPF2	62,66,70,71,72	54,55,55,55,56	57,59,60,62,64	59,60,60,61,63	61,67,73,76,78	35,38,41,48,55	50,55,59,64,69
YKR082W	NUP133	35,37,39,39,39	33,34,34,34,34	24,24,25,25,26	27,29,31,31,31	29,30,30,31,32	20,21,22,23,23	38,38,38,39,40
YKR083C	DAD2	59,62,65,72,79	58,58,59,63,66	53,54,55,62,69	56,56,56,62,68	69,70,71,75,79	41,44,48,53,59	70,75,81,92,103
YKR084C	HBS1	50,50,51,52,53	45,48,51,52,53	48,48,48,48,48	48,49,49,50,52	39,41,43,43,44	48,50,53,54,54	51,51,51,51,52
YKR085C	MRPL20	124,129,134,139,144	201,201,201,206,210	110,110,111,124,136	214,214,215,216,218	212,225,238,242,245	79,80,80,92,105	110,118,125,131,136
YKR086W	PRP16	16,17,18,19,19	18,18,18,18,19	19,19,20,20,20	17,18,18,18,18	16,17,19,19,19	17,18,18,19,19	17,17,17,17,17
YKR087C	OMA1	44,47,50,50,50	45,45,46,50,55	60,60,60,64,68	51,52,53,53,54	47,47,48,49,51	58,59,60,62,64	45,46,47,49,51
YKR088C	TVP38	58,60,62,64,65	47,56,66,67,69	85,88,91,91,92	47,54,61,61,61	43,46,48,50,52	78,89,101,101,102	64,66,68,68,69
YKR089C	TGL4	39,40,42,42,42	41,44,46,46,46	56,58,60,60,61	38,39,40,40,40	37,37,37,37,38	56,58,59,60,62	37,37,38,38,39
YKR090W	PXL1	33,34,35,36,36	25,26,27,29,31	22,23,23,24,25	25,26,28,29,30	30,31,33,34,36	20,20,21,21,21	38,41,44,44,44
YKR091W	SRL3	35,35,36,36,37	35,37,39,45,51	30,31,31,31,32	45,49,53,54,54	51,56,62,65,68	24,27,30,31,31	46,46,47,50,53
YKR092C	SRP40	66,73,81,83,86	51,56,62,62,63	32,34,36,38,41	59,61,62,62,62	80,80,80,84,87	29,32,34,36,39	60,65,71,72,74
YKR093W	PTR2	18,18,19,20,20	9,10,10,10,11	52,57,62,62,63	8,8,8,8,9	7,8,8,8,8	64,70,76,79,83	20,21,22,22,22
YKR094C	RPL40B	686,758,829,846,863	816,822,828,837,846	379,379,379,383,387	877,879,881,889,897	1067,1070,1073,1081,1089	372,382,392,399,406	739,753,767,781,795
YKR095W-A	PCC1	105,118,131,132,133	108,114,120,122,124	134,148,162,174,185	109,112,114,116,119	111,112,112,128,143	148,155,162,165,168	101,106,112,121,130
YKR095W	MLP1	22,23,24,24,25	20,21,23,23,24	15,16,17,17,18	20,21,22,22,22	21,22,22,23,24	15,16,18,18,18	22,22,22,23,23
YKR096W	ESL2	38,38,38,39,40	35,36,36,37,37	74,76,79,82,84	33,33,33,33,33	27,28,28,29,29	70,71,72,74,77	38,39,40,41,42
YKR097W	PCK1	5802,5985,6167,6438,6709	4595,4844,5093,5297,5500	7612,7721,7831,7831,7831	4761,4802,4843,5155,5467	4880,5110,5339,5339,5339	8737,8737,8737,8834,8932	5383,5810,6237,6237,6237
YKR098C	UBP11	10,10,10,11,11	10,12,13,14,14	16,17,17,17,18	12,12,12,12,13	11,11,12,12,12	18,18,19,20,20	8,10,11,11,12
YKR099W	BAS1	19,19,20,20,21	18,18,18,18,19	20,21,22,22,22	17,18,18,19,19	16,17,18,18,19	20,21,21,22,22	19,19,20,20,21
YKR100C	SKG1	83,86,90,94,99	90,91,93,95,98	107,107,108,108,108	87,87,87,89,91	83,86,89,89,90	110,113,116,117,117	89,92,94,95,95
YKR101W	SIR1	27,27,27,28,28	24,24,25,26,28	33,34,34,35,36	23,25,26,26,26	22,23,24,24,24	34,35,36,38,39	27,28,28,29,30
YKR102W	FLO10	6,6,6,7,7	7,8,8,9,9	7,7,7,8,8	8,8,8,8,8	6,6,7,7,7	8,9,9,10,11	5,6,6,6,6
YKR103W	NFT1	3,3,3,4,4	3,4,4,5,5	4,4,4,4,5	4,4,4,4,4	3,3,4,4,4	4,5,5,6,6	3,3,3,3,4
YKR104W		3,4,4,5,6	6,6,7,7,7	5,5,6,6,6	6,7,8,8,8	5,6,6,8,9	5,5,5,6,7	3,3,4,4,5
YKR105C	VBA5	6,6,6,7,7	5,5,5,6,7	12,12,13,13,14	4,5,6,6,7	6,6,7,7,7	12,12,13,13,13	5,5,6,7,7
YKR106W	GEX2	9,10,10,10,10	11,12,12,13,14	18,18,18,19,19	9,10,11,11,11	10,12,13,14,14	19,19,19,20,22	8,9,9,9,10
YLL001W	DNM1	117,117,117,124,131	130,132,134,136,139	151,151,152,156,160	135,135,136,137,139	125,125,125,129,132	148,152,156,157,158	135,136,138,139,141
YLL002W	RTT109	20,21,21,22,23	17,18,18,19,21	16,17,19,20,21	17,17,18,19,20	19,20,21,21,21	21,21,21,23,25	24,25,26,27,28
YLL003W	SFI1	21,22,22,24,26	21,21,22,22,23	30,31,32,32,32	20,21,21,22,22	21,21,22,24,26	32,33,35,36,36	26,27,27,27,28
YLL004W	ORC3	19,19,20,21,21	13,14,14,16,17	10,11,11,12,13	14,15,16,16,17	14,15,16,16,16	11,11,12,12,12	22,23,23,23,24
YLL005C	SPO75	15,16,18,18,19	17,17,18,18,18	24,24,24,26,27	16,16,17,17,17	13,14,14,15,15	24,24,24,24,25	17,17,18,18,19
YLL006W-A		0,0,0,0,0	0,0,0,0,0	0,0,0,0,0	0,0,0,0,0	0,0,0,0,0	0,0,0,0,0	0,0,0,0,0
YLL006W	MMM1	36,37,38,39,39	27,31,35,37,38	47,49,52,53,53	31,32,32,35,37	25,26,27,27,28	41,43,45,47,50	34,36,39,42,45
YLL007C	LMO1	15,16,17,17,17	14,15,16,16,16	13,14,16,17,18	11,13,15,15,15	12,12,12,13,13	14,15,15,16,16	16,16,17,18,18
YLL008W	DRS1	29,32,35,36,37	25,26,27,29,30	34,36,39,40,40	32,33,35,35,35	43,44,46,47,48	23,24,25,26,28	27,27,27,30,34
YLL009C	COX17	468,494,520,534,549	840,850,860,888,917	315,347,379,383,386	962,964,967,975,982	960,1010,1060,1099,1139	199,199,200,219,238	471,472,473,508,543
YLL010C	PSR1	29,31,32,33,35	26,29,32,34,35	23,24,24,25,25	24,25,25,26,26	26,27,27,28,30	23,24,24,26,27	27,27,27,29,31
YLL011W	SOF1	40,43,47,47,47	39,39,39,40,41	45,46,47,51,54	37,40,42,45,47	50,53,55,56,57	36,39,41,44,48	40,40,40,42,43
YLL012W	YEH1	48,48,49,49,50	37,38,40,41,42	10,10,10,11,11	40,42,45,46,47	38,39,40,41,42	9,10,11,12,12	45,47,49,51,53
YLL013C	PUF3	11,12,13,14,14	14,14,14,15,15	12,12,12,12,13	15,16,16,17,17	15,15,16,16,17	9,10,11,11,12	12,12,12,13,13
YLL014W	EMC6	182,185,187,197,207	146,156,167,177,188	189,193,198,205,213	145,164,183,184,185	156,159,161,171,182	168,179,190,191,192	211,214,217,220,224
YLL015W	BPT1	20,20,21,21,22	20,21,22,23,24	36,36,37,38,39	20,20,21,21,22	20,20,20,20,21	33,36,40,40,40	20,20,20,21,22
YLL016W	SDC25	21,22,23,23,23	21,21,21,22,23	44,45,46,47,47	18,19,20,21,21	19,20,21,21,21	45,47,49,50,50	22,22,22,23,23
YLL017W		7,7,8,9,11	6,7,8,8,8	14,15,16,18,20	8,10,11,11,12	8,9,10,11,11	13,15,16,18,19	1,3,5,6,7
YLL018C-A	COX19	65,69,72,72,73	61,64,66,69,72	112,114,116,118,119	70,71,71,74,77	73,74,76,80,84	101,103,105,113,120	69,75,80,85,90
YLL018C	DPS1	272,277,283,295,307	243,256,269,269,270	331,338,344,344,344	258,259,260,266,271	264,265,266,272,278	329,344,359,366,373	269,271,273,278,284
YLL019C	KNS1	94,95,97,99,102	94,94,95,100,106	149,151,154,158,162	95,95,96,97,98	99,103,106,108,110	145,150,154,157,159	100,101,102,104,105
YLL019W-A		0,0,0,0,0	0,0,0,0,0	0,0,0,0,0	0,0,0,0,0	0,0,0,0,0	0,0,0,0,0	0,0,0,0,0
YLL020C		1,3,4,4,4	0.8,2,2,3,3	2,2,2,2,2	0.7,0.9,1,2,3	0.9,1,1,2,3	1,1,2,2,3	0,2,3,4,4
YLL021W	SPA2	37,37,37,38,39	22,24,26,26,27	25,25,25,26,28	25,25,26,27,28	29,30,31,31,31	24,24,24,25,25	43,43,44,46,47
YLL022C	HIF1	47,47,47,47,47	35,39,42,43,44	53,56,60,64,68	39,41,43,44,45	49,52,55,56,57	66,67,67,67,68	50,50,50,51,52
YLL023C	POM33	80,82,84,85,87	81,86,91,97,104	199,207,215,219,223	83,92,102,103,105	97,99,101,102,104	179,197,216,219,221	69,71,73,76,79
YLL024C	SSA2	461,464,466,486,507	380,384,389,391,394	166,171,176,195,215	345,361,376,383,389	312,313,315,319,323	117,124,132,139,145	455,461,468,472,475
YLL025W	PAU17	17,18,18,20,21	18,18,19,24,29	18,20,23,23,24	15,16,17,17,18	10,12,15,17,19	24,26,27,30,33	15,18,21,21,22
YLL026W	HSP104	233,236,238,262,285	296,302,309,310,311	97,97,98,102,107	294,296,298,299,301	231,235,239,244,249	81,84,87,89,91	212,218,223,230,237
YLL027W	ISA1	611,621,632,672,712	622,635,648,681,714	302,304,306,315,324	589,613,638,638,639	520,521,522,540,558	351,359,366,366,366	606,608,610,611,612
YLL028W	TPO1	73,73,73,76,78	77,79,82,82,83	45,45,45,47,49	73,76,80,81,83	59,59,60,63,66	43,46,48,51,53	68,68,68,69,70
YLL029W	FRA1	115,117,119,122,125	111,116,120,121,121	143,145,147,148,149	111,113,115,117,118	106,106,107,109,110	143,152,161,164,167	112,114,116,118,120
YLL030C	RRT7	0,0,0,0.3,0.7	0,0,0,0.4,0.8	0.6,0.8,1,1,1	0,0,0,0,0	0,0,0,0,0	0.7,0.8,0.8,1,1	0.6,0.7,0.8,1,1
YLL031C	GPI13	63,65,67,69,71	50,50,50,52,53	58,60,62,62,63	48,49,50,53,55	37,39,40,44,48	58,61,64,65,67	75,76,77,77,77
YLL032C		28,28,29,30,31	24,24,25,26,27	14,14,15,15,16	22,23,24,24,24	17,17,17,18,18	14,15,15,17,18	31,32,34,34,35
YLL033W	IRC19	25,28,31,38,45	31,32,34,36,39	24,25,25,26,26	30,32,34,35,35	25,29,32,34,36	25,25,25,27,29	34,34,34,34,35
YLL034C	RIX7	19,21,22,23,24	13,14,14,14,14	5,6,6,7,7	13,15,17,18,19	16,19,21,22,22	4,6,7,7,7	20,20,21,22,22
YLL035W	GRC3	19,19,19,20,22	14,15,16,16,17	11,11,12,12,13	14,14,15,15,15	16,16,17,18,18	9,10,11,11,11	18,18,18,18,19
YLL036C	PRP19	44,44,44,45,47	36,38,39,39,39	33,34,35,36,37	34,36,38,39,40	30,31,33,36,39	30,30,31,32,33	41,42,44,45,46
YLL037W		0,0,0,0.3,0.6	0,0,0,0.3,0.6	0,0,0,0.5,1	0,0,0,0,0	0,0,0,0,0	0.6,1,1,2,2	0,0,0,0.6,1
YLL038C	ENT4	26,27,28,28,29	25,27,29,29,29	21,21,21,21,21	21,24,27,28,30	26,27,28,29,31	21,23,24,26,27	20,21,22,24,25
YLL039C	UBI4	1038,1038,1038,1097,1156	853,885,918,931,944	1127,1143,1160,1167,1175	889,889,889,907,926	784,793,803,805,807	1240,1245,1250,1278,1305	1040,1049,1058,1090,1121
YLL040C	VPS13	14,14,14,14,15	14,14,15,15,16	12,13,13,14,14	15,15,15,16,16	11,11,11,11,12	14,14,14,15,15	12,13,13,14,14
YLL041C	SDH2	2918,2953,2988,2988,2988	2929,2994,3059,3086,3114	1969,1984,1998,2006,2014	3071,3079,3087,3087,3087	2844,2876,2909,2996,3082	1849,1855,1860,1860,1860	2755,2782,2809,2809,2809
YLL042C	ATG10	17,19,21,21,21	24,27,30,33,37	12,14,15,17,19	21,25,29,30,31	21,21,21,25,28	9,13,16,17,18	20,20,21,24,27
YLL043W	FPS1	62,65,69,70,72	53,54,55,57,60	72,74,76,77,78	55,55,56,59,62	52,56,60,61,61	70,70,70,71,71	68,69,71,72,74
YLL044W		0,0,0,0,0	0,0,0,0,0	0,0,0,0,0	0,0,0,0,0	0,0,0,0,0	0,0,0,0,0	0,0,0,0.2,0.5
YLL045C	RPL8B	198,216,233,239,245	174,190,206,226,246	108,116,124,125,127	224,232,239,241,242	289,310,332,341,349	100,102,103,109,115	205,216,227,230,234
YLL046C	RNP1	0.6,0.8,1,1,2	0,0.3,0.6,0.7,0.7	1,1,1,2,2	0,0.4,0.7,0.9,1	0,0.1,0.2,0.4,0.6	0.9,0.9,1,2,3	1,1,2,2,3
YLL047W		0,0.3,0.6,0.6,0.6	0,0,0,0.3,0.6	0,0.5,1,1,1	0.5,0.6,0.6,0.7,0.7	0,0,0,0,0	0,0.3,0.6,1,2	2,3,3,3,3
YLL048C	YBT1	38,38,39,40,42	34,36,38,38,39	32,33,33,34,35	35,36,37,39,40	35,35,35,36,36	36,36,37,38,39	36,37,38,38,38
YLL049W	LDB18	73,80,88,95,102	77,84,91,96,102	68,70,72,75,78	87,90,92,95,98	64,69,74,75,76	63,72,80,86,92	76,76,76,85,94
YLL050C	COF1	798,803,807,846,885	675,738,801,802,803	718,726,734,760,787	737,773,810,821,832	678,710,742,764,785	675,700,726,749,771	791,799,808,832,856
YLL051C	FRE6	25,26,26,27,28	27,29,30,31,31	37,37,38,38,38	23,24,26,26,26	25,25,26,26,26	36,37,38,38,39	25,26,27,29,31
YLL052C	AQY2	15,17,20,22,23	21,22,23,24,24	12,14,17,17,18	27,27,28,31,34	31,31,32,33,33	9,13,16,17,18	18,18,18,20,23
YLL053C		17,17,18,19,20	20,21,22,23,23	9,11,13,14,15	27,28,30,31,32	18,22,25,29,33	9,9,10,10,11	18,19,19,20,20
YLL054C		15,15,16,18,19	22,22,22,22,23	16,16,17,18,19	18,19,20,21,22	18,19,19,20,20	13,14,14,16,18	15,15,15,16,16
YLL055W	YCT1	63,71,79,82,86	135,137,139,143,147	70,74,77,78,80	106,106,106,110,115	98,102,106,110,115	66,70,75,77,79	85,93,100,100,101
YLL056C		13,14,15,16,17	18,20,21,22,24	12,15,17,18,18	18,18,18,19,19	18,19,20,21,23	17,17,17,18,19	14,14,15,17,18
YLL057C	JLP1	9,9,9,10,10	10,11,11,11,12	70,76,83,84,84	10,10,11,11,11	8,9,10,10,10	72,72,73,78,83	13,13,13,14,15
YLL058W		23,23,24,24,25	23,24,26,27,28	23,24,24,26,28	20,20,20,22,24	19,20,21,23,26	27,28,30,30,30	24,25,26,26,26
YLL059C		10,11,11,14,16	9,10,11,12,13	21,22,23,25,28	9,10,10,12,13	7,7,7,9,10	21,22,23,25,26	9,11,13,14,15
YLL060C	GTT2	21,21,21,23,25	23,23,23,25,27	37,38,38,39,40	21,21,21,24,27	22,23,23,26,29	31,34,38,40,41	23,25,26,26,26
YLL061W	MMP1	115,123,131,135,139	201,214,226,228,230	373,374,375,378,381	176,183,189,191,194	230,231,232,242,252	357,363,369,382,394	171,172,172,178,184
YLL062C	MHT1	77,85,92,94,96	183,183,184,196,208	131,135,139,146,154	149,153,157,164,171	219,219,220,234,249	123,130,136,137,138	149,150,150,162,174
YLL063C	AYT1	0,0,0,0,0	0,0,0,0,0	0,0,0,0,0	0,0,0,0,0	0,0,0,0,0	0,0,0,0,0	0,0,0,0,0
YLL064C	PAU18	0,0.3,0.6,0.7,0.7	0,0,0,0.7,1	0.8,1,1,2,4	0,0,0,0.4,0.8	0,0,0,0,0	2,2,2,3,3	0,0.3,0.6,1,2
YLL065W		0,0,0,0,0	0,0,0,0,0	0,0,0,0,0	0,0,0,0,0	0,0,0,0,0	0,0,0,0,0	0,0,0,0,0
YLL066C		0.8,1,1,1,1	1,1,2,2,2	0.8,1,1,1,2	1,1,2,2,2	1,1,1,1,2	0.8,1,1,1,1	1,1,1,1,1
YLL066W-A		0,0,0,0,0	0,0,0,0,0	0,0,0,0,0	0,0,0,0,0	0,0,0,0,0	0,0,0,0,0	0,0,0,0,0
YLL066W-B		0,0,0,0,0	0,0,0,0,0	0,0,0,0,0	0,0,0,0,0	0,0,0,0,0	0,0,0,0,0	0,0,0,0,0
YLL067C		0.8,0.9,1,1,1	1,1,1,2,2	0.5,0.6,0.6,0.7,0.7	0.7,0.9,1,1,1	1,1,1,2,2	1,1,1,1,1	0.4,0.6,0.7,0.8,0.9
YLL067W-A		0,0,0,0,0	0,0,0,0,0	0,0,0,0,0	0,0,0,0,0	0,0,0,0,0	0,0,0,0,0	0,0,0,0,0
YLR001C		31,32,33,33,33	35,35,35,37,40	66,67,68,69,70	32,35,37,39,40	30,31,31,31,31	60,64,67,69,71	29,29,30,31,32
YLR002C	NOC3	16,19,22,23,24	18,19,20,21,22	18,19,20,21,21	18,20,22,22,22	22,25,27,28,30	12,13,14,15,17	18,20,22,23,24
YLR003C	CMS1	59,67,75,78,81	63,65,66,67,67	80,81,82,83,84	70,70,70,72,73	55,57,59,62,65	72,73,75,80,85	62,65,68,70,72
YLR004C	THI73	20,20,21,23,25	15,16,16,16,16	132,141,150,150,151	15,16,17,18,19	10,12,13,14,15	157,165,173,179,184	21,23,24,28,31
YLR005W	SSL1	77,80,84,85,87	73,75,77,78,78	99,103,106,114,121	67,70,72,75,77	62,64,67,69,72	111,115,119,121,122	84,85,86,88,90
YLR006C	SSK1	31,32,32,35,38	30,31,32,35,37	33,33,34,34,34	32,33,33,33,33	31,32,33,35,37	31,31,31,32,32	32,32,32,33,34
YLR007W	NSE1	73,76,79,80,81	63,67,71,71,72	102,103,104,107,109	69,71,73,75,77	64,64,65,67,69	97,99,100,106,111	76,79,82,84,86
YLR008C	PAM18	154,169,183,190,196	236,246,256,256,257	120,133,147,157,166	244,253,262,265,269	287,292,297,301,304	99,100,100,110,120	154,160,166,173,180
YLR009W	RLP24	146,162,178,189,201	134,139,143,148,152	240,246,253,265,278	164,165,167,174,180	194,198,203,213,224	172,190,208,208,208	145,148,152,157,163
YLR010C	TEN1	19,24,28,28,28	21,21,22,23,25	77,81,86,92,99	17,17,17,24,31	15,17,18,20,21	64,64,65,66,67	23,29,36,37,37
YLR011W	LOT6	45,48,50,55,61	52,52,53,55,58	72,74,77,79,80	54,55,56,61,67	37,40,42,44,46	79,80,81,84,87	60,61,61,64,67
YLR012C		23,27,31,32,33	22,22,23,26,29	118,122,127,139,152	19,20,20,21,22	11,14,16,18,20	135,147,159,173,186	30,33,37,45,53
YLR013W	GAT3	1,2,3,3,3	3,3,3,4,5	4,5,5,7,8	4,4,5,5,5	2,3,3,4,4	6,7,7,8,8	2,2,3,3,3
YLR014C	PPR1	14,14,14,15,15	11,11,11,11,12	84,94,104,118,131	10,12,13,13,14	10,11,11,11,11	106,116,127,134,141	13,14,15,15,16
YLR015W	BRE2	42,46,49,50,50	44,46,47,49,50	71,78,85,89,93	40,43,45,47,49	38,38,38,39,39	92,92,92,93,94	47,48,49,50,51
YLR016C	PML1	41,45,49,50,50	46,46,46,46,46	65,66,67,67,67	37,37,38,40,42	35,38,42,43,44	70,74,77,79,82	44,45,47,48,50
YLR017W	MEU1	89,92,95,95,95	85,91,96,102,108	88,90,93,94,94	91,95,98,98,98	101,105,109,110,110	81,83,86,90,94	93,98,104,107,109
YLR018C	POM34	89,94,98,99,100	75,75,76,81,85	94,98,103,103,104	87,90,93,93,94	86,88,89,91,93	95,99,102,104,105	86,87,88,91,93
YLR019W	PSR2	77,80,83,84,85	83,84,85,87,88	75,76,77,81,85	76,79,82,83,83	76,78,79,82,85	74,75,76,78,80	79,83,87,88,89
YLR020C	YEH2	43,44,46,46,46	37,38,39,41,42	34,35,36,37,38	37,38,38,40,42	37,38,39,40,40	34,36,37,38,38	41,42,42,43,44
YLR021W	IRC25	58,67,76,76,76	63,65,68,69,70	48,50,51,54,56	67,69,71,71,71	63,65,67,68,69	44,45,47,50,54	77,80,83,85,88
YLR022C	SDO1	33,34,34,38,42	35,36,38,39,40	34,36,38,40,41	34,36,38,38,39	36,37,38,39,40	35,36,38,42,45	28,30,32,32,33
YLR023C	IZH3	188,201,213,215,217	186,187,189,191,193	99,101,103,106,109	167,172,178,180,182	138,140,143,148,154	94,99,104,105,106	178,184,189,193,197
YLR024C	UBR2	11,11,12,12,12	9,9,9,10,10	11,12,12,12,13	9,9,9,10,10	8,8,9,9,9	12,12,12,12,13	12,12,12,12,12
YLR025W	SNF7	209,211,213,215,218	188,194,200,222,245	208,211,213,214,216	186,191,197,197,197	173,178,183,210,237	208,209,210,211,211	198,203,209,211,213
YLR026C	SED5	58,62,65,68,71	52,55,59,59,60	56,57,58,60,62	50,53,57,58,59	53,53,53,59,64	50,51,53,55,57	59,61,62,63,63
YLR027C	AAT2	914,979,1043,1048,1053	1022,1057,1093,1099,1105	283,291,299,311,324	1047,1050,1053,1076,1100	775,805,834,881,928	314,337,360,365,370	843,852,861,938,1015
YLR028C	ADE16	200,202,205,207,210	210,211,213,213,214	204,206,208,208,208	197,198,199,202,205	181,182,183,186,189	209,213,217,219,221	198,198,198,202,205
YLR029C	RPL15A	732,820,908,949,990	832,846,860,885,911	443,460,478,481,484	962,971,980,1000,1020	1275,1308,1342,1372,1402	392,414,436,437,437	739,769,798,827,856
YLR030W		15,18,21,22,23	21,22,22,23,24	62,65,69,69,70	21,22,23,24,25	20,22,23,23,24	67,67,67,71,74	14,18,22,22,23
YLR031W		22,23,23,26,28	30,32,35,36,38	175,176,178,179,179	27,30,34,35,36	26,28,29,31,32	216,216,216,217,217	20,22,24,28,31
YLR032W	RAD5	10,11,11,11,11	11,12,13,13,14	16,17,18,18,19	11,12,14,14,14	16,17,17,18,19	16,17,18,18,18	12,12,13,13,13
YLR033W	RSC58	57,58,58,58,58	47,47,47,50,53	39,40,41,42,44	45,45,46,49,51	46,48,50,52,54	40,40,40,43,45	54,55,57,59,61
YLR034C	SMF3	128,134,139,144,149	135,138,141,145,149	107,113,119,122,125	145,149,153,154,155	129,131,133,133,133	123,127,132,137,143	129,131,132,133,133
YLR035C-A		0.5,0.7,0.8,0.9,0.9	1,1,1,1,1	0.9,0.9,1,1,1	0.7,1,1,1,1	0.6,0.8,1,1,1	1,1,1,1,2	0.2,0.6,1,1,1
YLR035C	MLH2	20,21,21,22,23	18,19,20,22,24	22,22,22,23,25	20,21,22,22,23	15,15,15,17,19	19,20,21,23,24	18,19,19,22,25
YLR036C		23,25,26,26,26	25,26,26,31,37	34,35,37,39,41	21,22,23,23,23	22,24,26,27,29	33,38,42,45,47	19,23,27,27,27
YLR037C	PAU23	30,36,43,44,45	41,41,42,44,46	66,69,71,74,76	36,41,46,47,48	28,30,32,33,35	65,70,75,75,76	34,39,45,45,45
YLR038C	COX12	1752,1846,1940,1984,2027	1761,1894,2027,2027,2027	1109,1159,1209,1232,1256	1861,1932,2003,2046,2089	1815,1887,1958,1970,1982	1047,1068,1090,1118,1146	1889,1898,1907,1922,1937
YLR039C	RIC1	29,29,30,30,30	29,30,30,30,31	41,42,43,45,46	27,28,28,28,28	27,27,28,28,29	39,40,41,42,43	29,30,31,32,34
YLR040C	AFB1	29,30,30,32,34	28,32,37,38,39	68,74,80,80,80	33,37,41,42,42	28,29,31,36,41	57,58,59,62,66	30,31,32,32,32
YLR041W		5,7,8,10,11	4,4,4,5,6	7,8,8,9,10	6,8,10,10,10	1,3,5,5,5	7,9,11,11,12	5,6,7,7,7
YLR042C		42,45,47,52,56	24,25,26,38,49	79,86,93,93,94	22,24,27,27,28	36,36,37,44,52	60,61,62,73,85	61,62,64,68,73
YLR043C	TRX1	744,763,781,840,900	756,772,788,839,889	655,671,688,703,718	722,753,785,815,845	701,743,785,788,790	634,654,675,693,711	760,776,792,823,854
YLR044C	PDC1	348,352,356,361,366	406,412,417,435,453	681,725,770,811,853	509,510,512,514,516	506,509,512,517,522	611,637,663,690,717	290,303,317,320,323
YLR045C	STU2	56,57,58,58,58	29,29,29,30,31	12,13,15,15,16	24,24,25,25,26	20,21,22,23,24	12,12,12,13,13	66,67,68,69,69
YLR046C		14,17,20,20,21	17,18,18,20,21	20,21,22,22,22	19,19,19,20,21	13,14,15,17,19	20,21,23,25,26	18,19,19,21,22
YLR047C	FRE8	16,16,16,18,21	16,16,17,17,18	25,27,28,28,28	16,17,17,18,19	16,16,16,17,17	22,23,24,25,26	16,17,18,19,21
YLR048W	RPS0B	448,508,567,580,593	532,545,558,567,576	279,290,300,301,301	574,587,599,602,604	819,824,830,834,839	231,244,256,259,263	436,452,467,517,566
YLR049C		19,21,24,27,29	28,28,29,34,39	25,25,25,26,27	81,91,102,102,102	213,219,225,229,233	22,23,25,25,25	30,32,34,36,37
YLR050C		95,100,105,106,107	86,96,105,109,113	94,95,96,100,103	107,118,129,133,138	151,162,173,174,175	108,108,108,110,111	108,119,130,132,133
YLR051C	FCF2	56,61,66,69,72	43,51,58,59,60	58,62,66,68,71	56,60,64,64,65	74,76,78,79,80	38,42,45,54,63	59,66,72,72,72
YLR052W	IES3	81,83,85,85,85	85,89,94,96,98	83,84,85,87,89	81,82,84,90,97	83,86,89,94,99	65,67,69,70,71	76,78,80,85,89
YLR053C		386,396,405,483,560	633,682,732,801,870	743,766,789,842,895	556,573,590,600,611	338,340,342,355,367	750,772,794,816,837	329,348,367,469,572
YLR054C	OSW2	8,9,9,9,9	11,12,13,14,14	22,22,23,23,24	9,9,10,10,10	7,7,8,9,9	17,17,17,18,19	8,8,9,9,10
YLR055C	SPT8	35,35,35,35,36	35,37,38,38,38	32,34,36,37,38	37,37,37,38,39	33,34,34,34,34	31,33,36,36,37	32,33,33,34,34
YLR056W	ERG3	708,733,758,760,761	712,729,746,756,766	99,101,104,107,111	738,769,799,806,814	616,637,657,695,732	97,98,99,100,101	560,602,643,662,681
YLR057W	MNL2	35,35,35,35,36	42,43,44,45,46	27,27,27,28,28	45,45,46,47,48	37,37,38,40,42	22,23,23,24,26	28,28,29,30,31
YLR058C	SHM2	1983,2039,2096,2153,2211	2185,2234,2284,2337,2391	2034,2051,2069,2182,2296	2127,2139,2150,2207,2264	1865,1942,2020,2055,2090	2606,2670,2734,2754,2774	2013,2018,2023,2121,2219
YLR059C	REX2	53,55,58,64,71	37,40,43,49,54	41,41,42,44,45	52,54,56,56,57	49,52,56,60,63	37,41,45,48,51	45,52,59,60,61
YLR060W	FRS1	156,162,168,170,172	149,152,155,156,156	127,131,136,138,141	162,164,165,168,170	165,165,166,166,167	126,128,129,130,131	138,144,151,153,156
YLR061W	RPL22A	3,4,5,6,7	5,6,7,7,8	0,0.8,2,2,3	0,2,4,4,4	3,5,6,7,8	0,0.4,0.8,1,1	4,4,4,6,7
YLR062C	BUD28	0.6,1,1,2,2	0,0,0,0.4,0.7	0,0.2,0.5,0.5,0.6	0,0,0,0.3,0.7	0,0.2,0.5,1,2	0,0.3,0.6,1,1	0,0.3,0.5,1,1
YLR063W	BMT6	18,18,19,21,24	15,15,16,17,18	13,13,14,15,16	12,14,16,19,22	17,18,18,19,19	11,11,12,13,14	18,18,19,20,21
YLR064W	PER33	73,77,82,83,83	73,74,74,79,83	48,52,55,57,59	68,71,73,78,83	62,62,63,68,73	51,53,56,56,57	63,69,75,77,78
YLR065C	ENV10	65,69,72,78,84	55,62,68,71,74	81,83,85,86,87	73,73,73,75,78	72,76,81,85,88	92,92,92,92,92	63,65,68,71,75
YLR066W	SPC3	107,111,115,118,121	99,106,113,115,117	200,201,201,210,219	102,108,114,114,114	96,102,107,117,127	197,207,217,223,230	106,106,106,112,118
YLR067C	PET309	17,19,21,21,21	26,27,28,28,28	14,14,14,16,17	26,27,28,29,29	24,26,28,28,29	12,12,12,13,13	15,16,16,17,17
YLR068W	FYV7	48,52,56,64,72	48,49,49,54,59	28,32,35,45,55	43,47,50,59,69	59,63,68,68,69	21,27,33,33,33	55,55,55,56,58
YLR069C	MEF1	79,86,93,99,105	156,160,164,172,179	69,71,72,75,77	179,180,182,185,189	196,197,198,198,199	46,47,49,49,50	74,76,78,83,87
YLR070C	XYL2	44,44,44,46,47	51,53,55,55,56	94,96,98,102,105	50,50,51,53,54	36,37,38,38,39	84,87,90,94,97	38,38,39,39,40
YLR071C	RGR1	24,25,26,27,27	26,26,26,27,28	26,27,28,29,30	25,25,26,26,27	28,29,29,30,31	25,25,25,27,29	23,23,23,23,24
YLR072W	LAM6	38,39,39,40,41	40,41,42,45,48	52,54,56,57,57	42,42,43,45,47	40,41,43,43,43	55,56,58,58,58	35,36,36,36,36
YLR073C	RFU1	31,32,33,35,37	32,32,32,34,36	36,37,38,38,38	28,34,39,40,40	39,41,43,44,45	29,30,32,34,35	27,29,31,33,35
YLR074C	BUD20	84,95,105,107,109	78,85,92,97,102	115,122,128,132,135	103,104,105,109,113	115,122,130,137,144	95,98,101,106,111	83,87,91,91,91
YLR075W	RPL10	655,699,744,756,769	574,624,673,715,756	519,524,529,564,599	622,671,720,726,731	721,792,863,900,936	471,472,473,477,482	672,682,692,708,724
YLR076C		1,1,2,2,2	1,1,1,2,3	1,2,4,4,5	1,1,1,3,4	0,1,2,2,3	2,2,2,2,3	2,2,2,2,2
YLR077W	FMP25	51,53,55,55,56	69,69,69,73,78	47,50,52,52,52	72,74,76,76,76	73,76,78,81,84	45,46,48,48,49	45,48,51,53,55
YLR078C	BOS1	60,65,70,74,78	59,65,70,73,76	72,74,76,81,85	73,78,84,85,87	82,89,96,99,101	73,73,74,74,74	64,69,74,75,77
YLR079W	SIC1	73,77,81,86,92	124,132,140,141,142	123,125,127,128,130	253,264,275,303,331	546,552,558,604,650	115,116,117,125,133	76,81,86,88,91
YLR080W	EMP46	17,17,18,21,23	23,25,27,28,30	40,41,42,43,44	27,27,27,28,28	21,23,24,25,25	40,42,45,50,54	19,19,20,21,22
YLR081W	GAL2	6,6,7,7,8	7,7,7,7,8	14,14,15,15,16	8,8,8,9,10	6,7,8,8,9	13,13,13,14,15	7,7,7,8,8
YLR082C	SRL2	28,29,29,29,30	28,28,28,29,30	29,29,30,32,35	24,26,28,29,30	26,26,26,29,31	28,30,31,33,34	29,30,31,31,31
YLR083C	EMP70	71,73,74,75,75	50,53,56,58,61	67,68,68,69,69	50,52,54,55,56	51,53,55,56,58	57,58,58,59,59	66,73,81,81,82
YLR084C	RAX2	67,68,70,70,71	63,63,63,65,68	24,24,25,26,27	49,51,53,54,55	30,30,31,31,32	22,24,25,26,28	54,56,58,60,62
YLR085C	ARP6	35,35,36,37,39	38,40,41,43,44	51,52,53,54,55	37,39,41,44,46	35,36,38,40,42	55,56,56,59,63	28,29,31,33,35
YLR086W	SMC4	27,27,28,28,28	24,24,24,24,24	17,18,18,19,20	21,22,22,22,23	18,19,19,19,19	17,18,18,19,19	27,28,28,28,28
YLR087C	CSF1	4,5,5,5,5	5,5,5,6,6	8,8,8,9,9	5,5,5,5,5	4,5,5,5,6	8,8,8,9,10	4,4,4,4,5
YLR088W	GAA1	39,39,39,40,42	35,35,35,35,35	37,39,41,42,43	35,36,37,39,41	30,31,32,34,35	40,42,44,44,44	38,39,39,41,43
YLR089C	ALT1	337,349,361,425,489	339,348,358,392,427	584,602,619,620,620	311,323,336,345,355	262,264,266,269,272	718,733,749,749,750	333,346,360,413,466
YLR090W	XDJ1	77,77,77,81,84	102,103,103,110,118	103,106,108,110,112	99,106,112,113,114	99,100,100,102,105	94,94,94,100,105	69,69,69,75,81
YLR091W	GEP5	34,37,39,41,43	31,32,32,35,38	46,47,49,53,56	33,33,33,34,34	31,31,32,33,35	47,50,53,54,55	38,40,41,44,47
YLR092W	SUL2	53,56,59,61,63	111,114,117,121,126	86,90,94,104,115	93,95,96,101,107	122,123,125,126,127	88,90,92,100,109	87,87,88,90,92
YLR093C	NYV1	228,240,252,260,267	251,257,263,265,267	257,262,266,266,266	249,252,254,260,265	232,233,233,237,241	232,235,239,245,252	223,225,228,234,240
YLR094C	GIS3	47,50,52,52,53	51,52,54,57,61	126,127,128,130,131	51,51,51,52,54	36,40,43,44,45	116,119,122,127,132	44,44,45,49,54
YLR095C	IOC2	36,38,40,41,42	36,37,38,39,40	33,35,38,39,40	34,35,36,36,37	33,33,33,34,35	35,37,39,40,41	36,38,40,40,41
YLR096W	KIN2	21,21,22,23,23	21,22,22,23,25	28,28,29,29,30	22,23,23,24,24	22,24,26,26,27	29,29,29,29,30	18,18,18,19,19
YLR097C	HRT3	40,43,46,47,48	48,50,53,54,56	59,61,63,65,67	46,48,50,51,52	42,45,48,50,51	68,68,68,73,77	41,42,43,45,47
YLR098C	CHA4	20,20,20,24,27	19,20,21,21,22	31,31,32,32,32	18,19,20,21,22	17,18,19,20,21	29,29,29,31,33	21,22,23,23,23
YLR099C	ICT1	41,42,44,47,49	40,41,43,44,45	44,47,49,50,50	38,40,42,42,42	32,33,33,34,35	46,48,50,54,58	45,45,45,46,47
YLR099W-A	MIM2	114,124,133,136,139	102,103,104,104,104	97,97,97,110,124	97,100,103,110,116	100,101,102,104,106	98,105,113,114,114	118,132,146,155,164
YLR100W	ERG27	67,69,72,76,80	70,77,83,84,84	85,87,89,97,105	69,69,70,73,76	64,67,69,70,71	91,95,99,99,99	63,64,65,66,67
YLR101C		0,0,0,0.3,0.6	0,0.4,0.7,1,2	0,0,0,0.5,1	0,0,0,0.6,1	0,0.3,0.6,1,2	0.6,0.6,0.7,0.9,1	0,0,0,0.3,0.5
YLR102C	APC9	41,42,44,46,48	41,43,46,47,48	36,36,36,40,44	44,45,45,46,46	37,38,40,40,40	37,40,44,46,48	39,39,39,42,44
YLR103C	CDC45	16,17,17,18,19	9,9,10,11,12	9,10,11,11,12	10,11,12,12,12	22,24,25,25,25	8,9,10,12,14	20,20,21,22,23
YLR104W	LCL2	112,113,113,115,117	93,101,108,109,109	129,132,134,141,149	100,104,107,111,114	96,97,98,103,108	139,141,143,148,153	107,111,116,118,120
YLR105C	SEN2	31,33,35,35,36	38,39,39,40,41	35,36,37,39,40	30,33,35,35,35	31,34,37,38,39	35,36,38,38,38	30,32,33,33,34
YLR106C	MDN1	5,6,7,7,7	6,6,6,6,6	7,7,8,8,8	6,6,6,7,7	7,7,8,8,8	5,5,5,6,6	6,6,6,6,6
YLR107W	REX3	42,44,46,48,50	42,44,47,47,48	72,72,73,75,78	46,47,47,48,49	39,43,48,50,52	68,69,70,71,71	49,49,49,50,50
YLR108C		10,10,10,11,11	10,10,10,11,11	31,31,32,33,35	11,11,12,13,14	9,9,9,10,11	22,23,24,25,26	13,13,13,14,15
YLR109W	AHP1	119,123,128,143,158	173,173,173,187,201	214,217,220,229,238	230,244,259,274,289	249,250,252,258,264	199,203,207,219,231	127,148,169,169,170
YLR110C	CCW12	11671,11671,11671,11883,12095	9426,9426,9426,9758,10089	2907,2941,2975,3032,3088	9199,9453,9707,9707,9707	8572,8889,9206,9206,9206	2208,2228,2249,2335,2421	11734,11734,11734,12005,12276
YLR111W		1,2,2,3,4	3,4,6,8,10	9,10,11,11,12	4,4,5,5,6	3,3,3,4,4	6,7,9,12,14	2,2,2,3,4
YLR112W		47,48,49,50,51	34,38,41,44,46	14,14,15,16,17	47,48,49,50,51	37,38,39,40,41	12,13,14,16,19	40,41,41,46,51
YLR113W	HOG1	199,200,201,205,208	212,213,214,215,215	143,145,146,146,146	204,208,212,216,220	207,213,218,224,230	150,154,157,159,161	198,202,207,214,222
YLR114C	AVL9	59,59,60,61,62	58,59,60,63,65	47,48,49,50,51	55,57,60,61,62	54,56,58,58,58	47,48,48,49,50	61,61,62,62,62
YLR115W	CFT2	37,37,38,38,39	33,34,35,37,39	41,42,42,43,44	36,36,36,37,38	34,35,36,36,36	40,41,41,41,42	36,36,36,37,38
YLR116W	MSL5	33,33,33,33,34	35,35,35,38,42	57,58,60,62,64	31,32,34,36,37	34,34,35,35,36	47,51,55,57,59	30,33,37,37,38
YLR117C	CLF1	42,43,44,45,46	38,40,41,43,44	78,81,84,84,85	37,38,39,40,41	36,36,36,36,37	75,78,80,82,83	44,45,46,46,47
YLR118C		59,63,67,67,67	57,61,64,66,68	85,86,87,88,89	62,65,68,69,69	53,56,59,60,61	82,87,91,94,96	56,58,59,60,62
YLR119W	SRN2	30,30,31,32,34	33,36,39,40,40	38,38,39,40,40	32,32,32,34,36	26,28,31,32,34	30,31,32,32,32	27,29,31,33,35
YLR120C	YPS1	56,56,57,57,57	51,54,58,58,59	163,164,165,170,174	58,59,59,59,59	63,65,67,69,72	122,125,127,131,134	63,64,65,67,68
YLR120W-A		5,7,9,10,11	2,3,3,5,8	9,10,11,13,14	2,5,8,9,11	8,9,10,13,17	5,8,12,13,15	5,6,6,8,10
YLR121C	YPS3	29,31,33,35,37	27,28,29,29,30	51,51,51,54,57	35,36,37,40,42	53,55,57,58,60	52,52,52,61,69	33,34,36,37,39
YLR122C		4,4,4,6,7	6,6,7,7,7	9,11,14,14,15	3,5,6,6,7	3,5,6,6,7	11,13,14,15,15	4,5,6,8,10
YLR123C		4,4,5,5,6	7,7,7,10,13	9,10,11,13,16	5,6,6,7,7	5,6,6,7,7	10,10,11,13,15	3,3,4,7,9
YLR124W		11,11,11,12,14	11,12,13,13,13	23,24,25,29,34	8,9,10,12,14	9,10,11,11,12	22,25,28,28,28	10,11,11,11,11
YLR125W		12,14,16,17,18	12,13,15,17,20	29,29,30,33,36	13,15,17,17,18	17,17,17,20,22	22,28,33,35,37	16,16,16,17,18
YLR126C		49,49,50,50,51	42,44,46,47,47	71,73,76,78,81	37,38,40,42,44	40,42,44,48,51	69,71,73,74,74	45,46,47,47,48
YLR127C	APC2	20,20,20,20,21	19,19,19,20,22	47,47,48,49,50	17,17,18,19,20	16,17,19,19,19	46,46,47,47,47	20,21,22,22,23
YLR128W	DCN1	34,35,36,39,43	37,39,41,44,47	50,55,61,66,71	36,37,38,38,38	25,27,29,32,34	55,57,58,58,58	28,31,34,34,35
YLR129W	DIP2	18,21,24,25,26	18,18,18,19,20	21,22,23,23,24	23,23,23,24,25	29,29,29,30,30	16,16,17,18,19	15,18,21,23,25
YLR130C	ZRT2	54,55,56,57,57	51,52,54,54,54	105,106,107,108,109	54,55,56,59,62	67,70,72,72,73	103,103,104,107,110	51,51,51,56,61
YLR131C	ACE2	56,60,65,66,67	78,79,79,84,90	27,27,28,29,29	69,70,71,73,74	43,43,43,45,48	32,32,32,33,33	48,51,54,55,56
YLR132C	USB1	51,51,51,53,55	51,54,57,59,62	83,83,83,85,88	56,57,57,62,67	47,50,53,55,57	84,86,89,90,91	39,45,50,51,52
YLR133W	CKI1	57,59,61,63,66	67,70,73,73,73	82,83,84,88,92	64,65,65,69,72	62,65,67,69,70	80,81,81,86,91	56,56,57,60,63
YLR134W	PDC5	9,9,10,10,11	9,9,9,11,13	17,17,17,17,17	11,11,11,12,13	9,10,10,11,13	16,18,19,20,20	9,10,10,10,10
YLR135W	SLX4	20,21,21,22,24	17,17,17,17,18	27,29,30,31,32	19,20,20,20,21	20,21,21,22,22	25,27,29,30,31	23,24,25,26,28
YLR136C	TIS11	6,6,7,8,10	6,6,6,8,9	30,33,35,38,41	6,6,7,8,9	9,10,10,11,12	25,25,25,25,25	6,6,7,8,9
YLR137W	RKM5	23,26,28,28,29	25,26,27,28,28	31,34,36,36,36	23,25,27,28,29	22,23,24,24,25	38,41,43,43,43	26,26,27,27,28
YLR138W	NHA1	35,35,36,37,37	34,34,34,36,37	47,48,50,50,50	31,32,33,34,35	30,31,32,32,33	43,44,46,46,47	33,34,35,39,42
YLR139C	SLS1	20,22,24,24,24	27,28,30,31,32	21,21,22,22,23	26,28,29,30,30	26,26,27,30,33	16,17,18,20,22	20,21,22,23,24
YLR140W		2,3,3,4,4	0.8,1,1,2,2	3,3,3,3,4	2,2,2,2,3	3,3,3,4,5	2,2,2,3,4	0,0.3,0.7,2,3
YLR141W	RRN5	31,33,35,38,41	33,35,37,39,40	23,24,26,30,33	35,35,35,37,39	36,36,36,37,38	30,32,33,34,34	33,34,34,35,37
YLR142W	PUT1	100,115,129,144,158	78,78,79,85,91	156,157,158,172,186	60,61,63,65,66	39,40,40,42,43	178,187,195,209,223	105,116,126,148,170
YLR143W	DPH6	20,21,22,22,23	17,18,19,20,20	19,20,21,21,21	17,18,20,20,20	18,19,19,21,22	20,20,20,21,22	18,19,20,20,20
YLR144C	ACF2	25,25,25,26,26	19,21,23,24,24	24,25,25,27,29	19,20,21,22,24	16,18,19,19,19	26,27,27,28,28	26,27,27,28,29
YLR145W	RMP1	39,42,44,47,49	46,47,49,49,50	35,37,39,41,43	34,39,43,47,50	44,45,45,48,51	30,32,33,36,40	42,43,44,44,44
YLR146C	SPE4	33,34,36,37,39	30,33,36,39,42	42,44,46,49,51	33,35,37,37,37	30,34,38,40,42	40,41,42,42,43	33,34,35,35,35
YLR146W-A		71,73,74,84,94	69,73,78,82,85	57,62,67,77,87	73,75,77,78,78	53,55,56,66,75	63,64,66,70,73	71,72,73,80,86
YLR147C	SMD3	97,101,104,113,122	90,93,96,105,113	100,108,117,119,121	108,111,114,115,115	83,85,87,94,101	100,115,130,134,138	91,92,93,97,101
YLR148W	PEP3	25,26,27,27,28	26,29,32,32,32	28,28,29,29,30	26,28,29,29,29	22,24,26,26,26	27,28,28,29,29	24,26,27,27,27
YLR149C		81,82,84,87,90	101,102,103,105,106	188,192,196,203,210	90,91,92,96,100	72,73,73,75,76	192,195,197,206,216	75,80,84,87,90
YLR149C-A		43,48,54,60,66	34,36,39,51,63	16,21,26,27,28	37,38,39,43,48	28,29,29,34,40	19,20,22,36,50	27,34,41,41,41
YLR150W	STM1	576,614,651,670,689	672,683,693,695,696	548,553,558,576,595	707,722,738,756,774	896,927,958,966,974	490,500,510,521,533	563,566,569,609,650
YLR151C	PCD1	67,68,69,69,70	67,68,68,71,74	158,159,160,162,165	57,59,60,63,66	59,60,61,62,63	145,148,151,154,157	90,92,93,96,99
YLR152C		77,78,79,90,102	55,57,59,62,66	257,259,261,267,273	46,47,48,49,51	30,30,31,33,35	318,319,320,340,361	81,81,81,87,93
YLR153C	ACS2	1152,1163,1173,1208,1244	1189,1222,1255,1277,1298	983,985,986,999,1011	1205,1235,1265,1272,1280	1018,1033,1049,1056,1064	1019,1023,1026,1026,1026	1121,1123,1125,1164,1203
YLR154C-G		0,0,0,0,0	0,0,0,0,0	0,0,0,0,0	0,0,0,0,0	0,0,0,0,0	0,0,0,0,0	0,0,0,0,0
YLR154C-H		0,0,0,0,0	0,0,0,0,0	0,0,0,0,0	0,0,0,0,0	0,0,0,0,0	0,0,0,0,0	0,0,0,0,0
YLR154C	RNH203	115,116,117,126,135	78,81,84,87,90	130,136,143,148,153	80,85,90,91,92	87,98,108,110,111	135,144,152,156,160	128,139,150,151,152
YLR154W-A		0,0,0,0,0	0,0,0,0,0	0,0,0,0,0	0,0,0,0,0	0,0,0,0,0	0,0,0,0,0	0,0,0,0,0
YLR154W-B		0,0,0,0,0	0,0,0,0,0	0,0,0,0,0	0,0,0,0,0	0,0,0,0,0	0,0,0,0,0	0,0,0,0,0
YLR154W-C	TAR1	0,0,0,0,0	0,0,0,0,0	0,0,0,0,0	0,0,0,0,0	0,0,0,0,0	0,0,0,0,0	0,0,0,0,0
YLR154W-E		0,0,0,0,0	0,0,0,0,0	0,0,0,0.5,1	0,0,0,0,0	0,0,0,0,0	0,0,0,0,0	0,0,0,0,0
YLR154W-F		0,0,0,0,0	0,0,0,0,0	0,0,0,0,0	0,0,0,0,0	0,0,0,0,0	0,0,0,0,0	0,0,0,0,0
YLR155C	ASP3-1	0,0,0,0,0	0,0,0,0,0	0,0,0,0,0	0,0,0,0,0	0,0,0,0,0	0,0,0,0,0	0,0,0,0,0
YLR156C-A		0,0,0,0,0	0,0,0,0,0	0,0,0,0,0	0,0,0,0,0	0,0,0,0,0	0,0,0,0,0	0,0,0,0,0
YLR156W		0,0,0,0.3,0.7	0,0,0,0,0	0,0,0,0,0	0,0,0,0,0	0,0,0,0,0	0,0,0,0,0	0,0,0,0,0
YLR157C-A		0,0,0,0,0	0,0,0,0,0	0,0,0,0,0	0,0,0,0,0	0,0,0,0,0	0,0,0,0,0	0,0,0,0,0
YLR157C	ASP3-2	0,0,0,0,0	0,0,0,0,0	0,0,0,0,0	0,0,0,0,0	0,0,0,0,0	0,0,0,0,0	0,0,0,0,0
YLR157C-B		2,2,2,2,2	3,3,3,3,3	3,3,3,3,3	3,3,3,3,3	2,2,3,3,4	2,2,3,3,3	2,2,2,2,2
YLR157C-C		0,0,0,0,0	0,0,0,0,0	0,0,0,0,0	0,0,0,0,0	0,0,0,0,0	0,0,0,0,0	0,0,0,0,0
YLR157W-D		0.9,1,1,1,1	1,1,1,3,4	0,0,0,2,3	0,0,0,0,0	0,0,0,0,0	0,0,0,1,2	0,0,0,0.7,1
YLR157W-E		0,0,0,0,0	0,0,0,0,0	0,1,3,3,3	0,0,0,0,0	0,0.8,2,2,2	0,0,0,0,0	0,0,0,0,0
YLR158C	ASP3-3	0.2,0.3,0.4,0.5,0.7	0,0,0.1,0.3,0.5	0,0.1,0.2,0.2,0.3	0.1,0.4,0.7,0.7,0.8	0,0.2,0.3,0.4,0.5	0.2,0.3,0.4,0.4,0.4	0,0,0,0.1,0.1
YLR159C-A		0,0,0,0,0	0,0,0,1,2	0,0,0,0,0	0,0,0,0,0	0,0,0,1,2	0,0,0,0,0	0,0,0,0,0
YLR159W		0,0,0,0,0	0,0,0,0,0	0,0,0,0,0	0,0,0,0,0	0,0,0,0,0	0,0,0,0,0	0,0,0,0,0
YLR160C	ASP3-4	1,1,2,2,2	2,2,2,2,2	3,3,3,4,5	0.4,0.7,1,2,3	1,2,2,2,3	3,3,3,4,4	2,2,2,2,3
YLR161W		0,2,3,4,4	0.7,0.8,0.8,2,3	2,2,3,4,4	0.7,0.7,0.7,1,2	0.8,1,2,2,2	0.7,1,2,2,2	0.8,1,1,2,2
YLR162W		0,0,0,0.3,0.6	0,0.3,0.7,0.7,0.8	0.5,2,3,3,3	0,0.3,0.6,0.7,0.8	0,0.5,0.9,2,3	0,1,2,3,3	0.6,1,2,2,2
YLR162W-A	RRT15	1,2,4,4,4	0,0,0,0.7,1	5,6,7,10,13	1,1,1,3,5	3,3,4,4,4	4,5,6,6,6	1,2,3,4,4
YLR163C	MAS1	100,103,106,108,109	126,129,132,134,135	94,97,100,101,102	137,139,140,141,142	132,133,135,136,137	87,90,93,95,98	102,103,104,104,105
YLR163W-A		0,0,0,0,0	0,0,0,0,0	0,0,0,0,0	0,0,0,0,0	0,0,0,0,0	0,0,0,0,0	0,0,0,0,0
YLR164W	SHH4	18,20,23,24,26	21,24,28,28,29	90,91,91,93,95	22,22,22,25,28	15,17,18,20,22	75,79,84,85,87	27,27,27,30,33
YLR165C	PUS5	27,28,29,30,31	33,34,36,36,36	47,48,49,50,51	27,28,30,32,34	19,22,26,31,36	58,58,58,61,64	28,28,28,33,38
YLR166C	SEC10	26,28,30,31,31	25,25,26,28,30	29,29,29,29,29	26,26,26,27,27	23,24,25,26,27	28,29,29,30,32	29,29,29,33,37
YLR167W	RPS31	1303,1510,1717,1797,1877	1415,1513,1610,1698,1786	1059,1061,1064,1101,1139	1582,1658,1735,1754,1772	2240,2490,2739,2755,2771	839,839,839,877,915	1444,1482,1519,1655,1792
YLR168C	UPS2	617,639,661,689,716	744,746,747,769,792	115,127,139,142,145	771,774,778,793,808	780,797,813,826,839	83,93,103,106,109	572,578,585,610,635
YLR169W		29,32,35,39,44	32,38,43,45,48	27,28,28,31,34	30,30,31,34,37	30,35,40,42,44	26,28,29,31,32	35,36,37,39,40
YLR170C	APS1	4,4,5,6,8	4,5,6,7,7	2,3,5,5,5	2,3,4,5,5	2,3,4,4,4	2,2,2,3,3	3,3,3,4,4
YLR171W		0,0,0,0.3,0.6	0,0,0,0.4,0.7	0,0.3,0.6,0.7,0.8	0,0,0,0,0	0,0,0,0,0	0,0,0,0.3,0.6	0,0,0,0.3,0.6
YLR172C	DPH5	121,126,131,135,139	116,118,119,129,139	115,121,127,130,134	127,129,130,135,140	135,144,154,156,159	113,117,122,124,126	111,114,117,121,125
YLR173W		28,28,29,32,35	33,34,34,34,34	50,51,53,55,56	32,34,35,37,39	36,36,36,39,41	46,47,48,50,52	29,29,29,30,31
YLR174W	IDP2	1272,1281,1290,1297,1304	1195,1214,1234,1234,1234	839,863,887,906,925	1187,1188,1189,1208,1227	940,965,991,1034,1077	936,942,948,953,958	1293,1293,1293,1303,1313
YLR175W	CBF5	99,116,133,135,137	90,95,100,103,106	87,88,88,92,96	113,114,115,115,115	124,135,147,148,148	54,59,64,71,78	111,114,118,120,123
YLR176C	RFX1	13,15,16,17,17	11,11,12,13,13	22,22,23,24,24	10,10,10,11,11	10,10,10,11,12	23,23,23,24,25	17,18,18,19,19
YLR177W		41,42,43,49,55	38,39,41,42,43	52,53,55,57,60	33,33,33,36,38	31,31,31,32,33	56,58,59,63,66	55,57,58,61,64
YLR178C	TFS1	89,96,103,109,115	137,145,152,154,155	180,188,197,210,224	137,138,138,155,171	93,95,98,104,110	208,211,214,228,242	96,97,99,105,112
YLR179C		270,280,291,302,313	256,258,260,265,269	126,127,128,138,147	253,253,253,259,264	256,263,271,276,281	128,133,138,144,150	302,328,353,355,356
YLR180W	SAM1	410,415,421,431,442	612,640,669,690,710	396,405,414,415,416	638,651,663,664,665	788,790,792,796,799	452,483,515,519,523	541,544,548,553,558
YLR181C	VTA1	74,75,76,83,90	77,81,85,86,86	112,116,119,123,126	70,70,71,75,79	69,70,70,72,74	108,109,109,115,122	83,85,87,91,94
YLR182W	SWI6	42,43,43,43,43	36,36,36,38,40	62,64,66,66,67	32,33,33,35,36	30,32,34,35,36	54,54,54,57,59	51,53,55,57,59
YLR183C	TOS4	30,31,33,33,33	11,12,13,14,14	2,4,6,6,6	12,14,15,16,16	41,43,45,50,55	4,4,5,5,6	47,49,51,52,53
YLR184W		0,0,0,0,0	0,0,0,0.4,0.8	0,0,0,0.5,1	0,0,0,0,0	0,0,0,0.5,1	0,0,0,0,0	0,0,0,0.3,0.6
YLR185W	RPL37A	433,502,571,598,624	500,532,564,599,634	280,282,283,289,295	625,627,629,641,653	752,819,885,890,896	223,231,239,246,252	479,486,493,550,607
YLR186W	EMG1	67,72,77,80,82	53,54,54,56,57	43,49,54,55,56	62,68,73,75,76	78,80,81,82,83	37,37,37,38,39	62,68,74,74,75
YLR187W	SKG3	11,11,11,11,12	10,10,10,11,11	8,8,9,9,9	8,9,9,11,12	7,7,8,9,11	7,8,10,10,10	10,10,11,11,12
YLR188W	MDL1	59,59,60,61,63	56,56,57,57,58	54,57,59,60,60	55,59,64,64,64	50,52,54,54,54	57,60,64,64,65	63,65,66,67,68
YLR189C	ATG26	36,36,37,37,38	32,34,36,36,37	36,37,37,37,38	33,34,36,36,36	27,27,28,29,30	35,36,37,38,39	39,40,41,41,41
YLR190W	MMR1	395,398,401,404,407	578,618,657,695,733	102,104,105,108,110	594,603,611,621,630	374,379,384,412,440	91,91,91,97,102	275,284,292,306,320
YLR191W	PEX13	49,49,49,51,53	50,54,58,59,60	85,89,93,94,96	55,57,58,58,58	51,51,51,58,64	89,89,90,90,91	50,51,52,53,54
YLR192C	HCR1	236,246,256,268,281	274,280,286,288,291	270,275,280,280,280	296,297,297,306,314	313,313,313,313,314	284,287,289,298,307	250,252,255,264,273
YLR193C	UPS1	230,232,234,236,239	206,230,254,256,259	265,275,285,288,291	230,235,241,246,250	205,218,231,234,237	254,267,280,282,284	213,215,217,227,238
YLR194C	NCW2	34,43,51,53,56	72,77,81,83,85	122,123,124,135,145	227,227,227,266,305	477,482,487,529,571	70,72,73,77,81	41,42,44,52,60
YLR195C	NMT1	77,77,77,81,84	75,76,78,80,83	62,63,64,64,65	80,83,87,88,88	78,81,84,86,88	52,55,57,59,60	75,76,78,79,80
YLR196W	PWP1	55,60,64,67,69	45,47,49,52,54	54,54,55,58,61	58,59,59,60,60	69,69,70,71,72	40,41,42,45,48	51,53,54,57,60
YLR197W	NOP56	76,92,108,116,123	70,74,79,79,79	75,78,82,87,93	82,86,89,90,90	102,116,130,131,132	70,72,74,75,76	88,90,92,93,93
YLR198C		0.7,1,2,2,3	0,0,0,0.4,0.8	2,2,2,2,3	0.7,1,1,1,2	1,1,1,2,2	0,0.4,0.8,2,4	0,0.9,2,2,2
YLR199C	PBA1	168,170,171,173,175	167,168,169,172,176	178,182,186,186,186	161,163,165,166,167	135,139,143,147,150	191,191,192,199,207	155,155,156,157,159
YLR200W	YKE2	128,131,133,143,153	123,126,128,134,140	121,123,126,128,130	114,116,118,122,127	120,121,121,124,126	136,139,143,146,150	125,127,129,132,134
YLR201C	COQ9	107,108,109,115,122	124,126,128,134,141	140,144,147,149,151	113,119,124,127,130	99,102,105,109,112	148,153,159,162,164	97,101,106,107,109
YLR202C		2,3,3,4,5	2,2,3,4,5	14,16,18,21,23	1,2,3,3,4	2,3,3,4,5	10,11,12,13,13	1,2,2,2,3
YLR203C	MSS51	123,126,129,133,137	182,183,184,189,195	135,141,147,152,156	179,179,180,184,187	174,178,182,186,190	113,115,116,118,119	120,123,127,127,127
YLR204W	QRI5	222,239,256,265,273	334,343,352,377,402	208,228,248,252,257	339,363,387,399,411	357,366,375,386,396	178,190,202,206,210	208,215,222,236,249
YLR205C	HMX1	114,119,124,125,126	153,154,155,163,172	956,966,976,979,983	141,153,164,165,165	138,138,138,139,140	1070,1089,1108,1121,1134	101,101,102,105,108
YLR206W	ENT2	98,98,99,107,114	98,101,104,111,119	91,96,101,102,102	95,98,100,102,104	85,85,85,92,99	104,108,112,116,120	91,92,93,97,100
YLR207W	HRD3	28,28,28,29,30	28,29,30,30,30	42,42,42,43,44	29,29,29,29,29	27,27,28,28,28	43,44,45,48,50	26,27,28,28,29
YLR208W	SEC13	226,226,226,229,232	223,226,229,229,229	292,305,318,319,319	234,236,238,244,249	205,206,208,211,213	307,325,343,353,363	215,217,220,225,231
YLR209C	PNP1	123,129,134,135,135	105,106,108,111,114	87,91,95,95,95	89,96,104,108,111	75,77,78,86,94	95,97,99,99,100	130,137,144,145,146
YLR210W	CLB4	34,36,38,38,39	23,23,24,26,27	25,26,26,27,28	21,22,24,25,26	17,18,18,18,19	21,22,23,24,26	38,40,42,43,45
YLR211C	ATG38	77,79,81,83,85	86,92,97,103,108	115,121,127,130,134	87,91,95,96,98	81,85,89,93,97	129,130,131,133,135	70,71,73,76,80
YLR212C	TUB4	36,37,38,39,40	36,36,36,36,36	28,30,33,33,33	37,38,40,40,40	45,46,47,49,50	32,33,33,34,35	40,40,40,43,46
YLR213C	CRR1	10,11,13,13,13	13,14,14,15,15	44,44,44,46,49	13,14,15,16,17	18,19,21,22,24	43,44,45,45,45	10,10,11,11,11
YLR214W	FRE1	32,35,37,41,46	63,68,73,77,80	66,66,67,70,73	84,85,86,95,104	108,113,117,127,137	57,58,59,59,59	32,33,34,37,41
YLR215C	CDC123	37,39,42,42,43	40,41,41,42,43	53,56,59,61,62	35,36,37,39,42	37,38,39,41,42	56,58,60,64,67	36,36,36,38,39
YLR216C	CPR6	248,251,255,255,256	208,210,213,217,221	151,153,155,155,155	186,195,203,203,203	147,148,150,154,158	139,139,140,141,142	227,229,231,232,232
YLR217W		0.7,0.7,0.7,1,2	0,0,0,0.7,1	0,0.4,0.8,1,2	0,0,0,0,0	0,0,0,0.7,1	0,0.8,2,2,2	0,0.3,0.7,0.7,0.7
YLR218C	COA4	24,29,35,39,43	47,49,52,54,57	26,26,26,29,32	47,49,51,52,52	45,45,45,50,54	24,24,25,25,25	32,37,42,42,42
YLR219W	MSC3	58,59,60,64,67	49,51,53,53,54	69,70,72,72,73	44,47,50,51,51	38,39,40,42,44	68,69,70,71,72	57,59,61,64,66
YLR220W	CCC1	216,219,222,228,235	194,194,194,205,216	158,161,165,165,166	193,195,197,199,201	168,178,188,190,191	158,162,166,166,166	230,231,232,238,244
YLR221C	RSA3	86,96,105,107,108	86,87,88,94,101	52,63,73,77,81	92,96,100,106,111	106,108,110,110,111	48,56,64,71,77	89,90,91,95,99
YLR222C-A		0,0.4,0.8,0.9,1	1,1,1,1,1	1,1,1,2,3	0.9,2,2,3,5	0,0.4,0.9,1,1	0,0,0,0.5,1	0,0.4,0.8,3,5
YLR222C	UTP13	21,24,28,30,32	19,19,19,21,22	25,25,26,27,29	22,22,22,23,24	26,28,30,31,31	14,15,15,17,19	20,22,24,24,25
YLR223C	IFH1	19,19,20,20,21	15,16,17,18,18	13,13,14,14,14	17,19,20,21,21	17,17,18,18,19	12,13,13,14,15	19,20,20,22,23
YLR224W	UCC1	25,26,26,27,28	20,21,22,24,26	76,76,76,77,79	22,22,22,23,23	19,20,22,23,24	58,59,60,60,60	26,26,26,28,30
YLR225C		59,59,59,63,67	56,57,57,57,57	69,71,74,74,74	51,54,56,57,57	45,45,46,51,57	67,67,67,67,67	69,72,75,76,78
YLR226W	BUR2	34,35,36,42,49	36,39,41,42,42	46,46,47,48,49	35,37,39,40,40	33,33,34,36,39	40,41,43,47,52	36,39,41,43,45
YLR227C	ADY4	24,25,26,26,27	22,22,23,27,31	31,33,35,36,37	26,26,26,27,27	20,22,23,24,25	36,38,40,41,41	23,24,25,25,26
YLR227W-A		0,0,0,0,0	0,0,0,0,0	0,0,0,0,0	0,0,0,0,0	0,0,0,0,0	0,0,0,0,0	0,0,0,0,0
YLR227W-B		3,3,4,4,4	3,4,4,4,4	5,5,5,5,5	5,5,5,5,5	4,4,4,4,5	4,5,5,6,6	3,3,4,4,4
YLR228C	ECM22	34,35,36,37,38	35,36,36,37,38	39,40,42,45,47	34,34,35,35,35	25,28,30,31,31	38,39,39,41,43	37,38,40,43,46
YLR229C	CDC42	155,164,173,177,181	121,121,121,134,147	222,223,224,228,232	131,134,138,142,147	100,111,122,127,132	225,231,237,239,241	175,175,175,185,195
YLR230W		79,88,97,100,103	82,83,85,88,91	95,99,103,105,107	76,77,79,82,85	70,73,76,76,76	101,104,106,118,131	98,105,111,117,123
YLR231C	BNA5	43,44,45,48,51	45,45,46,48,49	50,53,56,58,61	45,48,51,54,56	47,50,52,53,53	54,54,55,57,60	36,41,45,52,58
YLR232W		1,1,1,3,6	2,2,2,3,3	3,3,4,4,4	1,2,2,3,4	0.6,1,2,3,4	1,3,5,5,5	2,2,2,4,5
YLR233C	EST1	19,19,19,20,20	17,19,20,20,20	19,19,20,21,22	18,20,21,22,24	18,18,18,20,22	19,19,20,21,22	16,18,20,21,22
YLR234W	TOP3	12,14,15,15,15	9,10,10,11,11	19,20,20,21,23	10,11,12,12,12	11,11,11,11,12	22,22,22,23,24	14,15,16,19,21
YLR235C		0.5,0.8,1,1,1	0,0,0,0.3,0.7	0,0.2,0.4,0.5,0.6	0,0,0,0.2,0.4	0,0.2,0.4,0.5,0.6	0,0,0,0.3,0.6	0,0.3,0.6,1,1
YLR236C		5,6,7,7,7	7,8,8,9,10	7,8,9,10,11	5,5,6,7,9	6,7,8,9,10	15,15,16,16,17	6,6,6,11,15
YLR237W	THI7	80,84,89,91,94	78,78,78,81,84	144,146,149,150,152	78,78,79,80,81	58,60,62,67,72	132,136,140,147,153	79,80,82,82,82
YLR238W	FAR10	30,31,32,33,34	30,31,32,33,33	35,37,38,38,38	31,31,31,35,40	30,31,31,32,33	31,32,33,33,33	27,27,28,30,33
YLR239C	LIP2	56,58,60,61,62	95,95,95,97,98	97,98,98,103,108	86,89,92,93,94	87,89,91,92,93	84,85,86,89,91	54,55,55,55,55
YLR240W	VPS34	26,27,28,28,28	25,26,27,28,29	31,31,32,33,34	24,24,24,25,26	21,21,21,23,25	31,31,32,33,35	27,27,28,28,28
YLR241W	CSC1	52,53,54,54,55	57,58,58,59,60	73,75,78,80,82	56,56,56,58,59	48,49,51,51,51	84,85,86,88,90	48,50,51,52,53
YLR242C	ARV1	21,24,27,28,28	21,23,26,26,26	30,32,33,33,34	22,23,24,26,28	17,20,23,23,23	36,37,38,38,39	24,25,25,28,30
YLR243W	GPN3	39,42,44,47,50	42,43,45,45,45	56,57,57,61,64	39,39,40,45,50	40,42,44,47,50	54,56,59,60,62	39,41,43,46,48
YLR244C	MAP1	116,121,126,127,128	108,110,113,115,117	93,95,97,100,103	113,114,116,118,120	125,130,135,136,137	87,90,93,94,96	114,118,121,123,126
YLR245C	CDD1	37,38,38,42,46	18,20,23,28,33	27,28,30,32,35	23,25,26,28,29	22,23,24,27,31	33,34,34,37,39	49,50,50,54,58
YLR246W	ERF2	29,30,31,31,31	30,31,32,32,33	38,39,40,41,41	29,31,32,33,34	26,27,29,30,31	35,36,37,39,41	31,33,34,35,35
YLR247C	IRC20	32,32,32,33,33	31,31,32,32,33	32,33,34,34,34	29,29,30,30,30	27,27,27,27,27	37,37,37,39,40	30,31,32,32,33
YLR248W	RCK2	102,103,104,104,105	113,118,123,124,125	126,129,131,136,141	111,114,116,120,123	100,101,101,104,107	114,117,120,123,126	94,97,100,104,107
YLR249W	YEF3	480,523,565,582,598	365,368,372,390,409	399,406,414,425,437	454,457,460,478,497	561,599,638,647,656	313,328,343,347,350	482,501,520,531,543
YLR250W	SSP120	179,181,183,188,194	183,184,185,206,227	284,300,316,318,319	195,195,195,199,202	161,169,177,180,182	305,319,333,336,338	177,184,191,194,197
YLR251W	SYM1	38,40,42,46,50	55,56,57,60,64	101,102,103,105,107	56,59,61,61,61	48,49,50,53,57	85,94,103,103,104	41,42,43,45,47
YLR252W		17,19,22,23,25	25,26,27,32,38	53,54,55,57,59	23,26,29,29,29	21,24,27,29,32	57,62,67,67,67	22,23,23,25,26
YLR253W	MCP2	91,92,93,93,94	123,125,128,131,133	97,98,98,102,105	136,140,143,144,145	138,140,141,145,148	83,86,88,90,91	84,87,91,92,94
YLR254C	NDL1	19,21,23,24,26	84,89,94,106,118	46,49,52,55,57	87,97,107,115,123	76,77,79,82,86	42,46,51,53,55	17,18,20,21,21
YLR255C		2,2,3,3,3	2,2,3,3,4	7,7,7,8,10	4,4,4,5,5	1,1,2,2,2	4,6,7,8,9	0.7,2,3,4,5
YLR256W-A		0.8,0.8,0.9,1,1	1,1,2,2,2	0.5,0.6,0.6,0.7,0.9	0.4,0.8,1,2,2	0.5,0.7,0.9,1,2	1,1,2,2,3	0.8,1,1,1,1
YLR256W	HAP1	24,24,25,25,25	18,19,19,21,22	32,33,35,37,39	21,21,21,21,22	19,20,20,20,20	30,32,35,35,35	24,24,24,27,30
YLR257W		137,137,137,142,147	156,159,163,166,170	186,190,193,194,195	149,153,157,160,163	155,156,156,160,163	155,155,155,155,156	136,143,149,153,158
YLR258W	GSY2	34,39,44,45,46	53,57,61,62,62	109,114,119,123,127	75,76,77,77,78	131,137,143,146,149	93,94,94,99,104	31,36,41,42,42
YLR259C	HSP60	771,774,777,795,812	930,952,974,988,1002	621,628,634,656,678	964,973,982,983,984	892,909,927,934,941	400,417,433,447,461	747,767,786,787,787
YLR260W	LCB5	45,46,46,47,48	41,42,42,42,42	36,37,39,39,40	37,38,38,39,40	36,36,36,36,36	36,36,36,37,38	45,49,52,52,53
YLR261C	VPS63	3,4,5,6,6	3,4,5,5,5	3,4,5,6,6	0.9,1,1,3,4	0,0.8,2,2,2	0,2,5,5,5	4,4,4,5,7
YLR262C-A	TMA7	572,585,598,616,635	497,515,532,552,572	569,629,688,717,746	493,516,539,558,578	564,579,594,610,626	459,476,494,498,501	640,670,701,714,728
YLR262C	YPT6	53,57,61,64,68	45,48,52,53,53	63,66,70,75,80	39,44,49,51,53	40,43,46,49,52	59,62,65,72,78	54,57,59,62,66
YLR263W	RED1	12,13,14,15,15	13,14,14,16,17	11,11,12,12,12	14,15,15,15,16	13,14,15,15,16	11,11,12,13,14	11,11,11,12,13
YLR264C-A		658,728,798,831,864	797,807,816,819,821	263,275,287,316,344	776,785,793,796,799	990,1029,1068,1068,1068	318,328,337,338,338	760,760,760,772,784
YLR264W	RPS28B	294,327,359,368,377	298,318,337,350,362	141,143,146,153,161	338,350,363,388,414	343,368,393,442,491	127,134,142,150,158	311,324,338,346,355
YLR265C	NEJ1	20,21,22,23,24	21,26,31,32,32	30,32,35,37,39	25,26,26,28,29	20,24,28,28,29	35,39,43,44,45	23,23,23,24,25
YLR266C	PDR8	37,39,40,42,43	36,36,37,38,40	114,119,124,124,125	36,37,37,38,38	31,33,34,36,38	128,129,130,132,134	37,37,38,41,45
YLR267W	BOP2	115,117,119,150,180	109,123,138,153,169	1467,1470,1474,1500,1527	95,99,103,104,104	48,49,50,54,58	1770,1770,1770,1850,1931	139,141,143,190,238
YLR268W	SEC22	170,173,177,185,193	153,157,160,161,162	116,117,117,126,134	148,152,156,159,162	134,136,138,143,147	133,134,135,138,141	182,186,191,199,207
YLR269C		1,1,2,3,4	2,2,3,3,4	0,0.6,1,1,2	0.6,0.7,0.7,0.8,0.8	0,0.3,0.6,2,3	0,0.3,0.7,0.7,0.7	0.8,1,1,2,3
YLR270W	DCS1	134,134,134,144,154	165,171,176,178,180	201,206,211,212,212	149,154,160,164,169	122,128,134,138,142	197,210,224,226,228	127,130,133,135,138
YLR271W	CMG1	21,23,24,28,32	34,36,37,37,37	47,50,53,55,57	31,31,31,32,33	25,27,28,31,33	40,43,46,47,48	27,29,31,33,34
YLR272C	YCS4	22,22,22,23,23	16,16,16,17,17	9,10,10,11,11	15,15,15,15,16	12,13,15,15,15	10,10,10,11,11	24,24,24,25,25
YLR273C	PIG1	12,14,16,16,16	37,37,37,40,44	54,55,56,57,58	50,52,54,55,56	72,72,72,79,86	60,61,62,65,69	13,14,15,16,16
YLR274W	MCM5	16,17,18,18,19	42,43,44,44,44	45,47,49,49,50	62,65,67,69,70	85,85,85,87,89	49,49,49,51,52	14,15,16,16,16
YLR275W	SMD2	117,129,141,144,147	122,123,125,140,155	447,471,495,532,570	106,109,112,113,115	77,78,78,85,92	472,478,485,485,485	125,126,127,143,160
YLR276C	DBP9	45,47,50,53,55	46,47,48,49,50	47,51,55,59,62	50,51,51,55,58	64,67,71,72,73	40,41,43,45,48	48,48,48,49,49
YLR277C	YSH1	26,26,26,28,30	26,26,26,27,27	22,22,23,25,27	22,24,26,26,27	23,25,26,26,27	21,21,22,22,22	25,25,25,26,26
YLR278C		24,25,26,27,27	24,25,26,27,27	31,32,33,34,36	24,24,25,26,27	23,24,26,26,26	31,31,31,32,33	24,25,26,27,28
YLR279W		16,18,20,22,24	27,28,29,30,31	20,25,31,31,32	28,28,28,28,28	31,32,32,34,37	28,30,31,34,36	25,26,27,28,30
YLR280C		0,0,0,0,0	0,0,0,0,0	0,0,0,0,0	0,0,0,0,0	0,0,0,0,0	0,0,0,0,0	0,0,0,0,0
YLR281C		11,13,15,15,16	9,10,11,12,13	8,8,8,11,14	7,8,9,11,13	7,8,10,10,10	11,12,13,14,15	9,10,12,12,12
YLR282C		0.6,0.7,0.8,1,1	0,0.4,0.7,0.8,0.8	0,0.9,2,2,2	0,0.3,0.7,0.7,0.7	0,0.3,0.6,0.7,0.8	0.8,1,1,1,1	0.6,0.7,0.7,0.8,0.8
YLR283W		32,32,33,33,33	41,41,42,42,42	33,33,33,34,34	36,38,40,40,40	35,38,42,42,43	31,33,34,34,34	33,34,34,36,38
YLR284C	ECI1	56,57,59,60,61	50,53,56,59,62	705,718,731,739,746	44,46,47,48,49	35,38,40,41,43	684,703,721,743,765	66,66,66,76,86
YLR285C-A		9,12,14,14,14	6,7,9,9,10	12,14,16,17,18	7,9,12,14,15	57,59,60,69,78	3,9,15,18,22	12,12,12,13,14
YLR285W	NNT1	73,77,80,82,84	64,66,67,69,72	86,90,95,97,98	65,68,71,73,75	64,70,76,77,77	91,91,91,92,93	73,79,85,86,87
YLR286C	CTS1	22,29,35,38,40	29,35,40,44,47	55,56,58,60,61	87,94,100,109,118	670,710,750,762,774	43,45,46,52,57	24,27,30,34,38
YLR286W-A		0,0,0,0,0	0,0,0,0,0	0,0,0,0,0	0,0,0,0,0	0,0,0,0,0	0,0,0,0,0	0,0,0,0,0
YLR287C		52,55,58,60,63	51,52,54,54,54	50,51,52,56,60	54,54,55,57,59	60,60,60,63,66	47,48,49,54,58	55,57,59,60,61
YLR287C-A	RPS30A	2361,2461,2561,2573,2586	2575,2642,2708,2733,2758	1772,1777,1782,1832,1882	2662,2713,2764,2814,2863	3167,3317,3466,3482,3499	1570,1597,1624,1634,1644	2455,2511,2566,2638,2710
YLR288C	MEC3	38,42,47,48,50	35,36,37,38,38	42,42,42,43,44	34,34,34,34,35	26,27,27,30,33	42,46,49,50,51	48,50,52,52,52
YLR289W	GUF1	28,29,30,30,31	39,40,41,42,43	21,21,21,22,22	38,39,39,40,40	34,34,35,36,37	15,16,17,17,18	23,25,26,27,29
YLR290C	COQ11	57,57,57,60,63	42,43,43,45,48	51,54,56,61,65	37,40,42,43,45	32,38,44,46,48	59,62,65,68,72	58,61,65,66,67
YLR291C	GCD7	62,64,66,67,69	62,64,65,67,68	73,74,74,79,84	70,70,70,70,71	68,69,71,74,78	70,71,73,75,77	61,62,63,63,63
YLR292C	SEC72	123,126,130,132,135	115,119,124,127,131	119,123,127,129,131	103,108,114,119,124	126,128,131,136,140	104,107,110,111,112	120,129,137,138,139
YLR293C	GSP1	457,466,475,482,489	405,408,410,417,424	340,341,341,346,350	402,404,406,411,416	399,406,414,415,417	301,306,310,318,326	451,456,460,461,463
YLR294C		463,465,466,475,484	513,528,542,582,622	265,286,308,315,322	509,526,543,548,552	480,498,516,566,617	261,266,270,290,310	466,472,479,492,505
YLR295C	ATP14	1233,1271,1309,1313,1317	1286,1325,1363,1399,1434	713,753,793,821,849	1246,1278,1309,1370,1430	1335,1374,1412,1447,1481	643,674,705,715,726	1271,1277,1284,1289,1294
YLR296W		19,19,19,20,21	12,12,13,17,22	2,3,3,4,4	14,14,14,15,16	7,9,10,11,11	4,4,4,6,8	19,20,22,23,23
YLR297W		108,110,112,113,115	203,208,212,219,225	43,44,45,47,49	186,198,211,213,215	143,147,152,172,192	46,47,47,51,55	79,81,83,85,88
YLR298C	YHC1	67,71,74,76,77	65,69,73,73,73	86,88,89,93,96	60,64,68,74,80	59,62,65,69,72	81,81,82,84,86	67,73,79,80,82
YLR299C-A		0,0,0,0,0	0,0,0,0,0	0,0,0,0,0	0,0,0,0,0	0,0,0,0,0	0,0,0,0,0	0,0,0,0,0
YLR299W	ECM38	61,63,65,70,75	57,57,58,60,62	95,102,109,113,118	51,53,55,57,59	35,37,40,41,41	113,118,123,130,136	64,66,67,68,68
YLR300W	EXG1	938,959,979,1001,1024	542,555,569,576,583	126,140,154,160,165	834,843,851,883,915	1380,1420,1460,1497,1534	82,95,107,109,111	1058,1120,1181,1232,1284
YLR301W	HRI1	175,176,177,179,181	122,131,141,146,151	90,91,91,94,96	125,131,137,139,141	93,103,113,117,121	91,92,94,98,102	185,185,186,191,196
YLR302C		0,0,0,0.3,0.6	0,0,0,0.4,0.7	0.8,1,1,1,1	0.6,0.7,0.8,1,1	0,0,0,0.4,0.7	0,0.4,0.8,2,4	0.6,0.7,0.7,0.9,1
YLR303W	MET17	1420,1446,1473,1489,1505	1781,1828,1876,1899,1923	1348,1367,1387,1493,1599	1529,1599,1669,1696,1723	1872,1964,2056,2125,2193	1653,1680,1707,1758,1810	2208,2332,2455,2455,2455
YLR304C	ACO1	2063,2134,2204,2216,2229	2589,2737,2886,2920,2954	565,593,621,621,622	3015,3049,3084,3156,3228	2771,2823,2876,2876,2876	397,398,399,423,446	1962,1987,2013,2081,2149
YLR305C	STT4	23,23,23,24,25	20,20,20,21,21	19,20,21,22,23	20,21,21,21,22	17,17,17,17,17	20,22,24,24,24	23,24,25,25,26
YLR306W	UBC12	31,32,34,34,35	37,38,38,41,43	29,31,32,33,33	36,39,42,43,45	32,33,34,37,40	31,33,35,37,39	31,34,36,37,38
YLR307C-A		16103,16103,16103,16409,16714	10634,11263,11892,11892,11892	19331,19331,19331,19752,20173	9007,9103,9199,9453,9707	7320,7320,7320,7784,8247	22546,22546,22546,22546,22546	18910,18910,18910,18910,18910
YLR307W	CDA1	30,31,32,34,36	27,30,33,35,37	54,59,63,65,67	29,30,31,32,33	22,23,23,23,23	55,55,56,59,63	30,32,34,36,38
YLR308W	CDA2	155,179,203,211,220	79,92,106,113,120	268,279,291,295,298	73,81,90,91,92	56,59,61,62,63	334,341,347,356,366	176,192,207,213,219
YLR309C	IMH1	43,45,46,50,54	50,50,51,51,51	43,43,43,46,49	44,47,50,51,52	50,50,50,52,53	38,39,40,44,47	47,47,47,49,52
YLR310C	CDC25	42,44,46,47,47	41,42,43,43,44	42,43,45,45,45	42,42,42,42,42	37,39,41,42,44	43,43,44,45,45	43,44,45,47,49
YLR311C		47,52,58,61,64	46,48,50,56,63	122,122,122,125,128	50,53,56,58,60	35,35,35,37,40	128,131,135,135,136	54,55,55,60,65
YLR312C		216,220,224,228,231	227,229,231,232,234	427,440,453,477,502	203,203,203,205,206	141,145,149,162,175	455,468,481,482,483	212,218,224,226,228
YLR312W-A	MRPL15	101,112,122,131,141	165,170,175,177,179	81,85,89,92,96	171,171,171,178,186	185,186,187,191,195	57,62,67,68,68	110,112,114,116,118
YLR313C	SPH1	14,14,14,15,16	10,10,10,11,11	10,10,11,12,13	10,10,10,10,11	15,17,19,19,20	7,10,12,12,12	17,18,20,21,23
YLR314C	CDC3	231,232,232,232,233	191,191,192,194,195	130,131,131,135,139	162,167,173,177,181	144,144,145,145,146	128,129,129,134,139	258,259,261,264,267
YLR315W	NKP2	23,24,26,26,27	19,19,19,21,23	27,27,28,29,29	13,15,18,18,19	16,18,20,20,20	20,22,24,25,26	24,25,26,28,30
YLR316C	TAD3	18,18,18,20,21	19,20,20,21,21	15,15,16,17,18	16,17,17,17,17	16,17,17,17,18	16,16,17,18,20	16,17,18,18,19
YLR317W		0,0,0,0,0	0,0,0,0,0	0,0,0,0,0	0,0,0,0,0	0,0,0,0,0	0,0,0,0,0	0,0,0,0,0
YLR318W	EST2	10,11,12,12,12	10,10,10,10,11	10,10,10,11,11	10,10,10,11,11	9,10,12,12,12	10,10,11,12,14	9,10,10,11,11
YLR319C	BUD6	26,26,26,26,26	26,26,26,27,28	23,24,25,27,29	22,22,22,23,24	22,23,24,25,25	21,22,24,24,24	26,27,28,28,29
YLR320W	MMS22	9,9,9,10,11	9,9,9,9,9	9,10,11,11,11	8,8,8,9,9	8,8,8,8,8	11,11,11,11,12	8,8,9,9,9
YLR321C	SFH1	38,41,43,44,45	32,35,38,40,42	48,49,50,53,56	36,37,38,40,43	33,34,35,36,38	47,47,47,51,54	39,40,40,44,49
YLR322W	VPS65	0.7,1,2,2,3	0,0,0,0.5,1	3,3,3,6,9	0,0,0,0,0	0,0,0,0.3,0.7	4,6,7,10,12	2,2,2,2,3
YLR323C	CWC24	43,43,43,46,48	41,42,43,43,43	153,153,154,156,157	35,37,38,40,42	32,34,36,37,37	123,141,159,159,159	40,43,46,46,46
YLR324W	PEX30	91,93,96,97,97	88,89,89,91,93	272,278,283,288,294	81,82,83,86,89	60,60,61,65,68	313,314,316,325,333	94,95,96,98,100
YLR325C	RPL38	1128,1317,1505,1516,1526	1472,1492,1513,1555,1598	686,716,746,746,746	1460,1537,1613,1636,1659	1898,2069,2240,2240,2240	533,572,611,625,639	1266,1266,1266,1312,1358
YLR326W		97,103,109,114,119	103,105,107,109,111	51,51,51,55,59	88,91,94,99,104	84,85,87,94,100	46,49,53,55,57	93,101,108,108,108
YLR327C	TMA10	3306,3362,3417,3427,3438	3178,3206,3234,3275,3317	4045,4135,4224,4325,4426	2718,2757,2796,2864,2931	3034,3034,3034,3089,3145	3554,3894,4235,4235,4235	3665,3665,3665,3665,3665
YLR328W	NMA1	73,75,77,78,80	71,73,75,75,76	112,116,119,122,124	57,63,69,72,74	56,59,61,65,68	121,121,122,125,128	75,76,78,78,78
YLR329W	REC102	7,8,9,9,10	6,7,7,7,8	15,16,17,17,18	6,7,7,8,8	5,6,7,7,7	16,16,16,18,19	8,8,9,9,9
YLR330W	CHS5	118,122,126,132,137	128,130,132,133,134	134,135,135,136,138	120,124,128,134,140	116,120,124,128,133	124,125,126,134,141	125,127,129,130,131
YLR331C	JIP3	1,2,2,3,4	0,0,0,0.7,1	2,2,2,2,2	2,2,3,3,3	0,0.4,0.9,1,1	1,1,1,2,2	0,0.5,1,1,1
YLR332W	MID2	119,120,121,124,126	90,92,93,93,94	102,106,111,114,117	85,87,89,93,96	82,86,90,90,90	72,74,77,77,77	110,113,116,117,119
YLR333C	RPS25B	401,434,466,473,480	367,399,431,466,500	215,226,237,242,248	482,485,488,496,504	546,600,655,683,710	193,195,198,203,207	378,411,445,450,456
YLR334C		0.6,0.8,1,4,6	0.7,3,5,5,5	7,7,8,9,10	3,3,3,4,5	3,3,4,5,6	6,7,7,8,9	5,5,6,7,8
YLR335W	NUP2	103,104,105,106,107	80,81,82,83,83	81,81,82,84,85	80,80,81,82,83	69,73,76,77,77	83,85,86,86,86	106,108,110,112,114
YLR336C	SGD1	20,20,20,21,22	18,18,18,19,21	16,16,16,16,16	18,18,19,20,21	20,21,23,23,24	12,13,14,15,17	19,20,21,21,22
YLR337C	VRP1	22,24,26,26,26	26,26,26,28,31	46,47,49,52,55	24,25,26,28,31	25,25,25,25,25	49,52,55,56,57	20,21,22,22,23
YLR338W	OPI9	0,0.1,0.1,0.4,0.6	0,0.2,0.4,0.6,0.9	0,0.1,0.2,0.7,1	0,0.1,0.1,0.3,0.5	0,0.3,0.6,0.8,1	0.1,0.5,0.9,1,2	0,0,0,0,0
YLR339C		0,0,0,0,0	0,0,0,0,0	0,0,0,0.4,0.8	0,0,0,0,0	0,0,0,0,0	0,0,0,0.2,0.4	0,0,0,0,0
YLR340W	RPP0	283,316,349,373,398	346,355,364,366,368	229,234,239,251,263	373,387,401,402,404	532,533,535,543,551	185,192,199,206,213	284,297,311,321,331
YLR341W	SPO77	3,3,4,4,5	2,2,3,3,3	2,2,2,2,2	3,3,3,3,4	3,3,4,4,4	2,2,2,3,4	4,4,4,5,5
YLR342W-A		8,13,18,25,32	5,6,7,12,17	10,12,13,14,15	9,12,15,16,17	15,15,15,16,17	12,12,13,14,15	19,20,21,23,25
YLR342W	FKS1	65,70,75,76,77	48,50,53,55,57	32,33,34,34,34	57,58,58,59,60	77,78,79,80,82	27,29,32,32,32	73,76,79,80,80
YLR343W	GAS2	2,2,3,3,4	3,3,3,4,4	8,9,10,10,11	2,3,3,4,4	1,2,2,3,4	9,10,10,11,11	4,4,4,4,5
YLR344W	RPL26A	616,636,655,670,685	647,649,651,655,658	339,345,350,363,375	676,691,707,729,752	885,921,958,962,967	296,305,315,316,317	566,573,580,622,665
YLR345W		95,97,98,101,104	114,118,121,122,123	186,187,187,187,187	112,114,115,115,115	102,103,103,108,112	191,193,194,200,206	93,93,94,95,95
YLR346C	CIS1	37,40,43,45,48	48,52,55,58,61	28,29,31,32,34	30,36,41,42,43	21,25,29,31,33	24,30,35,38,41	37,40,43,52,60
YLR347C	KAP95	54,56,58,59,60	48,49,49,53,57	73,75,77,78,80	54,55,55,56,57	55,55,55,58,62	74,75,75,78,81	52,52,53,55,57
YLR347W-A		0,0,0,0,0	0,0,0,0,0	0,0,0,0,0	0,0,0,0,0	0,0,0,0,0	0,0,0,0,0	0,0,0,0,0
YLR348C	DIC1	96,97,98,104,109	96,101,106,107,108	173,174,175,181,188	84,87,89,98,107	65,69,73,76,79	186,195,205,206,207	106,108,110,110,110
YLR349W		0.4,0.5,0.6,1,2	0.5,0.9,1,1,2	10,11,11,12,13	2,3,3,3,3	1,1,1,2,2	12,12,12,13,13	0.4,1,2,3,3
YLR350W	ORM2	146,149,153,164,176	143,143,144,145,145	246,250,254,272,290	139,141,143,144,146	133,135,137,139,141	235,238,241,250,260	141,148,154,166,179
YLR351C	NIT3	157,160,162,163,164	146,155,165,173,181	141,144,147,147,147	161,172,184,185,185	136,145,154,155,156	147,155,162,163,163	152,152,152,157,161
YLR352W		31,31,31,33,34	32,32,32,32,33	111,115,120,121,122	28,29,30,31,32	25,25,25,25,26	118,122,126,130,134	27,28,30,30,31
YLR353W	BUD8	39,40,40,42,43	41,41,41,42,43	32,33,35,35,36	36,36,37,38,38	22,24,25,27,30	33,34,35,35,36	37,39,41,41,41
YLR354C	TAL1	350,350,350,351,352	403,415,427,431,436	342,361,380,382,385	444,456,469,472,475	519,525,532,538,544	366,374,383,389,394	327,337,346,353,360
YLR355C	ILV5	1609,1688,1767,1772,1776	1598,1620,1641,1673,1704	734,783,833,869,905	1856,1856,1856,1859,1861	2020,2055,2090,2139,2188	912,913,915,960,1005	1620,1634,1648,1648,1648
YLR356W	ATG33	183,184,184,186,189	202,204,206,209,212	209,211,213,225,237	196,199,201,203,205	155,163,171,172,173	228,239,251,256,261	166,170,174,176,178
YLR357W	RSC2	25,25,25,25,25	21,21,22,23,24	27,27,28,28,28	19,20,20,20,20	23,23,23,23,24	29,29,29,30,30	22,23,24,25,25
YLR358C		1,2,2,2,3	2,2,2,2,3	1,2,2,3,5	1,2,2,3,3	0,1,2,2,2	4,4,4,4,5	0.8,1,1,1,2
YLR359W	ADE13	556,591,627,634,642	615,629,643,653,664	720,744,769,801,833	635,652,670,670,670	618,633,648,659,670	910,911,913,938,962	539,540,541,565,589
YLR360W	VPS38	34,36,38,38,38	38,39,40,42,43	31,32,34,36,39	34,37,39,39,39	34,35,35,36,36	31,34,37,38,38	32,32,32,33,33
YLR361C-A		63,68,73,77,80	88,92,97,106,115	112,113,113,127,141	91,95,99,106,113	89,92,94,95,97	100,106,111,111,111	57,61,66,70,74
YLR361C	DCR2	27,27,27,28,28	31,32,34,35,37	35,36,37,38,39	31,32,33,36,39	28,28,28,29,30	38,39,40,41,43	24,26,27,29,30
YLR362W	STE11	37,37,38,38,38	42,42,43,44,45	56,61,65,66,68	34,36,38,41,44	33,33,34,36,38	68,68,68,71,75	32,33,33,35,38
YLR363C	NMD4	35,38,41,42,43	38,43,47,48,49	69,70,71,77,84	42,45,48,49,50	35,37,39,40,41	69,71,74,75,75	38,40,42,43,44
YLR363W-A		107,117,127,131,135	78,82,85,102,118	111,113,115,117,118	88,92,95,104,113	93,95,98,102,106	88,99,110,111,112	126,127,129,133,137
YLR364C-A		0,0,0,0,0	0,0,0,0,0	0,0,0,0,0	0,0,0,0,0	0,0,0,0,0	0,0,0,0,0	0,0,0,0,0
YLR364W	GRX8	181,184,188,193,198	290,291,291,297,302	190,221,252,275,298	233,245,258,261,264	310,311,312,327,342	267,288,310,312,315	269,270,270,279,288
YLR365W		1,1,1,2,3	1,1,2,2,2	4,4,4,5,5	0,0.9,2,3,4	0,0.5,1,1,1	2,2,2,4,6	1,2,2,3,4
YLR366W		0.7,0.8,0.8,0.9,1	0.8,0.9,1,1,2	1,2,2,3,4	0,0.5,1,1,2	0.7,1,2,2,3	3,3,4,4,5	0,0,0,0.7,1
YLR367W	RPS22B	270,282,293,306,319	386,387,389,394,399	217,246,276,285,294	378,392,406,421,436	497,523,549,551,554	254,261,268,269,270	222,228,235,244,253
YLR368W	MDM30	24,25,25,27,28	30,31,31,33,34	35,36,38,38,38	30,30,30,30,31	27,29,30,30,31	34,35,36,38,39	27,27,27,27,28
YLR369W	SSQ1	48,48,49,50,52	51,52,53,55,57	53,54,56,56,56	49,50,51,52,54	45,46,48,50,52	54,57,60,61,61	47,48,49,50,51
YLR370C	ARC18	219,219,219,226,234	241,251,261,263,265	260,261,263,265,267	240,241,242,245,249	206,216,226,227,229	267,273,279,286,293	204,205,207,218,230
YLR371W	ROM2	15,15,16,16,16	16,16,16,17,17	19,19,20,20,20	14,15,15,16,17	13,13,14,14,15	19,19,20,20,21	14,15,15,15,16
YLR372W		186,201,216,225,233	123,124,124,132,140	76,83,89,93,97	136,141,147,155,164	208,219,230,230,231	67,68,70,77,84	231,248,265,266,267
YLR373C	VID22	44,46,48,49,49	31,32,32,33,34	26,27,27,28,30	26,26,26,27,28	24,24,24,25,25	26,27,29,30,30	48,50,52,53,54
YLR374C		0.6,1,2,2,3	0.7,0.7,0.7,1,2	2,2,3,3,4	0,0.4,0.7,1,2	0,0.5,1,2,3	1,2,3,4,5	0,0.3,0.6,0.6,0.7
YLR375W	STP3	71,73,74,76,77	74,77,80,84,88	106,107,108,118,128	74,76,79,80,82	71,73,74,76,78	106,109,112,114,116	72,75,78,80,81
YLR376C	PSY3	24,24,24,28,32	25,26,28,28,28	23,23,24,25,27	19,21,23,23,24	22,22,22,22,23	18,22,26,26,26	29,30,30,30,31
YLR377C	FBP1	823,890,958,980,1003	772,809,845,912,978	1813,1961,2109,2141,2173	841,861,881,915,948	1018,1055,1091,1097,1103	2121,2259,2398,2409,2421	764,812,860,865,870
YLR378C	SEC61	195,198,200,201,201	157,157,157,164,171	173,179,184,189,194	159,162,166,166,167	146,150,155,160,165	176,185,194,196,197	192,202,212,214,216
YLR379W		88,91,94,102,111	55,63,70,74,78	71,71,72,75,79	74,74,75,75,76	77,77,77,78,78	62,68,73,75,77	97,104,111,115,119
YLR380W	CSR1	73,74,75,79,83	61,63,64,68,72	66,66,67,72,77	56,59,63,63,64	54,54,54,57,60	67,70,73,74,75	75,75,75,80,85
YLR381W	CTF3	22,23,23,23,23	16,18,19,19,20	23,23,23,24,24	17,18,20,20,20	16,16,16,16,17	22,23,24,26,27	27,27,27,29,31
YLR382C	NAM2	28,31,34,35,37	42,44,46,48,50	35,36,37,37,37	46,47,48,51,54	52,54,57,58,59	27,28,28,30,31	29,31,33,34,34
YLR383W	SMC6	10,11,11,12,13	8,8,9,9,9	9,9,9,10,10	8,8,8,8,9	10,11,12,13,13	9,10,10,10,11	15,15,15,16,16
YLR384C	IKI3	25,25,25,26,26	25,27,28,28,28	31,31,32,33,34	26,26,26,27,28	28,28,29,29,29	28,29,30,30,31	23,24,24,25,27
YLR385C	SWC7	9,9,9,11,12	4,6,7,8,9	8,8,9,9,10	5,5,5,6,7	6,8,9,9,9	4,5,6,10,14	8,10,11,11,12
YLR386W	VAC14	23,23,24,24,24	20,21,23,25,27	23,23,23,24,25	21,21,21,23,26	22,23,25,25,25	22,24,25,26,28	27,27,27,28,28
YLR387C	REH1	110,114,117,119,120	104,107,109,109,110	171,172,172,178,184	96,100,104,107,110	96,96,96,98,100	206,206,206,210,214	111,115,120,122,124
YLR388W	RPS29A	433,488,544,554,563	434,487,540,569,598	156,172,188,219,249	540,549,558,576,594	736,755,774,784,795	152,154,156,166,175	463,488,512,527,542
YLR389C	STE23	41,42,43,43,43	45,46,47,47,47	38,40,41,42,43	46,47,48,49,50	40,41,42,42,42	44,45,46,49,53	36,37,38,38,38
YLR390W-A	CCW14	1227,1246,1264,1268,1272	777,817,857,919,981	497,541,584,605,626	748,794,841,854,868	726,747,769,872,974	480,501,523,525,528	1196,1277,1358,1378,1398
YLR390W	ECM19	104,109,115,117,120	139,149,159,168,177	96,98,101,103,105	156,163,170,180,190	176,178,180,189,198	65,76,88,88,89	100,105,109,118,126
YLR392C	ART10	42,44,45,47,48	47,50,52,53,54	76,77,78,84,89	53,53,53,57,60	58,59,61,62,64	79,80,81,84,87	42,42,43,46,49
YLR393W	ATP10	49,50,50,51,52	45,48,50,54,59	37,41,45,46,47	53,53,53,55,57	35,39,43,49,54	36,37,37,37,38	40,40,41,41,42
YLR394W	CST9	43,43,43,44,44	49,50,51,52,52	38,40,41,43,45	47,49,50,51,51	39,43,47,47,48	37,37,38,40,42	36,38,39,42,45
YLR395C	COX8	1944,1986,2027,2051,2074	2098,2212,2326,2366,2406	1772,1818,1864,1873,1882	2313,2419,2524,2524,2524	2131,2271,2410,2547,2683	1566,1617,1668,1668,1668	1851,1894,1937,2005,2072
YLR396C	VPS33	30,31,31,33,34	32,33,34,35,37	30,30,30,32,33	32,33,33,34,34	28,28,29,29,29	32,32,32,33,34	28,29,30,32,33
YLR397C	AFG2	20,22,23,25,27	19,19,20,23,25	22,23,23,23,24	23,24,25,25,26	20,21,23,23,23	22,22,23,23,23	19,20,21,21,22
YLR398C	SKI2	24,24,24,25,25	26,26,27,28,29	24,26,28,29,30	25,25,26,27,27	23,23,24,25,25	25,25,26,26,26	23,24,24,24,25
YLR399C	BDF1	106,106,106,109,111	98,100,101,106,111	60,60,60,63,66	105,105,105,109,112	120,121,123,125,127	65,66,66,72,78	92,95,98,105,111
YLR399W-A		0,0,0,0,0	0,0,0,0,0	0,0,0,0,0	0,0,0,0,0	0,0,0,0,0	0,0,0,0,0	0,0,0,0,0
YLR400W		2,3,4,5,5	2,2,3,3,4	2,2,2,3,4	0.6,1,1,2,2	4,4,4,4,4	0.6,2,3,3,3	1,2,2,3,3
YLR401C	DUS3	20,25,29,29,29	19,21,23,24,25	15,17,19,19,19	23,25,26,27,27	32,32,33,34,34	11,11,11,13,15	19,20,21,23,24
YLR402W		40,44,48,50,52	49,50,50,51,52	43,46,48,50,53	41,45,48,57,66	42,44,45,49,54	40,42,44,45,46	55,59,64,65,66
YLR403W	SFP1	54,56,58,58,59	48,48,49,51,52	34,36,38,38,38	47,48,48,49,49	39,43,47,47,48	34,34,34,36,39	52,53,54,54,54
YLR404W		32,34,36,37,39	39,40,41,43,44	51,52,53,53,54	41,43,44,45,46	42,43,44,47,51	54,56,58,59,59	38,39,39,40,40
YLR405W	DUS4	30,31,33,34,35	29,30,30,30,31	26,26,26,27,28	31,33,35,35,36	32,32,33,34,35	26,26,26,26,27	32,33,35,36,38
YLR406C-A		2,4,5,6,6	3,4,5,5,5	3,7,11,11,11	3,4,5,6,6	2,3,4,5,6	5,8,11,12,13	0,4,9,14,19
YLR406C	RPL31B	361,410,459,472,485	417,434,452,472,493	150,166,182,183,183	461,473,484,486,488	684,704,724,730,736	139,141,143,150,158	364,381,399,415,432
YLR407W		104,110,115,118,122	80,81,83,86,89	111,116,121,123,124	64,73,82,84,86	70,70,71,76,80	108,109,110,114,118	105,108,110,113,116
YLR408C	BLS1	44,45,46,48,49	33,38,43,43,44	41,44,47,49,51	37,37,37,40,42	28,29,29,30,30	44,46,48,49,51	49,50,51,52,52
YLR409C	UTP21	23,25,26,26,26	19,19,19,21,22	12,13,14,14,15	23,24,25,26,26	31,31,32,32,33	9,9,9,9,10	20,22,24,24,24
YLR410W-A		0,0,0,0,0	0,0,0,0,0	0,0,0,0,0	0,0,0,0,0	0,0,0,0,0	0,0,0,0,0	0,0,0,0,0
YLR410W-B		0.2,0.3,0.3,0.4,0.4	0.5,0.5,0.5,0.6,0.6	0.5,0.6,0.7,0.9,1	0.3,0.3,0.4,0.5,0.5	0.1,0.1,0.1,0.3,0.5	0.4,0.4,0.5,0.8,1	0.3,0.3,0.3,0.4,0.4
YLR410W	VIP1	43,46,48,50,52	43,44,45,46,46	52,53,55,56,57	41,42,44,44,44	39,39,40,41,42	52,57,63,63,64	43,44,44,47,50
YLR411W	CTR3	450,490,530,612,693	1308,1315,1322,1513,1704	73,73,73,78,83	1723,1743,1763,1909,2055	1933,1957,1982,2132,2282	54,54,54,57,59	320,372,424,503,582
YLR412C-A		0,0.5,1,1,1	0,0.6,1,1,1	1,1,1,3,4	0,1,2,2,2	0,0,0,0,0	0,1,2,3,3	0,0,0,3,6
YLR412W	BER1	62,63,63,65,67	62,62,62,64,65	66,67,68,68,68	63,63,64,65,66	62,65,67,70,74	61,61,61,65,69	56,60,64,64,65
YLR413W	INA1	9,10,11,11,11	9,11,13,14,14	25,26,27,27,27	12,12,13,14,15	12,13,13,15,16	23,23,24,24,25	9,10,10,11,12
YLR414C	PUN1	137,145,153,171,189	136,137,137,140,143	575,605,634,654,673	225,231,237,240,242	376,389,402,402,403	310,319,328,358,388	181,191,200,202,203
YLR415C		3,3,4,6,9	7,7,7,9,10	9,16,23,24,24	6,6,7,7,8	6,7,8,9,9	13,14,15,17,19	4,7,9,10,10
YLR416C		4,4,5,5,5	3,3,4,4,4	8,9,11,11,11	0.7,1,2,2,3	0,0.5,1,1,1	6,7,8,10,12	2,3,3,4,4
YLR417W	VPS36	32,34,37,37,38	32,32,32,35,37	118,120,122,125,127	34,35,36,36,36	25,27,29,33,36	116,117,117,118,119	31,32,33,36,38
YLR418C	CDC73	61,62,63,65,68	54,56,58,59,60	62,62,63,65,67	51,54,57,57,57	49,50,50,53,55	62,63,63,63,64	60,60,61,61,62
YLR419W		20,21,22,23,24	19,20,20,21,22	37,42,47,49,51	17,18,19,20,21	20,20,20,20,20	40,45,51,52,53	19,20,20,22,24
YLR420W	URA4	78,78,79,84,89	81,82,82,82,82	122,122,122,127,132	83,85,87,88,89	76,79,82,82,83	108,108,109,112,114	83,84,85,86,88
YLR421C	RPN13	286,287,289,290,291	282,290,299,314,328	438,439,440,452,464	253,264,275,285,295	260,260,260,261,262	488,491,493,511,528	258,264,270,283,297
YLR422W	DCK1	12,12,13,13,13	12,13,14,15,15	13,14,15,16,17	12,13,13,13,13	12,13,14,14,14	15,15,15,15,16	11,12,12,12,12
YLR423C	ATG17	21,23,24,25,25	22,23,25,28,30	21,25,28,29,29	21,22,22,24,26	18,19,20,21,21	22,24,26,26,27	23,24,24,25,25
YLR424W	SPP382	19,20,20,20,21	16,17,19,19,19	18,19,19,19,19	15,16,17,17,17	15,15,15,15,16	17,18,20,20,21	21,21,22,22,22
YLR425W	TUS1	13,13,13,13,14	12,13,14,15,15	15,16,18,18,19	12,13,14,14,14	11,12,12,12,12	18,18,18,19,19	13,13,13,13,13
YLR426W	TDA5	30,31,32,33,34	31,33,35,37,39	39,39,40,41,41	32,33,33,36,39	30,30,31,31,32	38,41,45,45,46	22,25,28,31,33
YLR427W	MAG2	51,51,52,55,58	48,51,53,55,57	81,83,84,86,88	49,50,51,52,53	45,45,46,48,50	85,85,85,90,94	54,55,55,55,56
YLR428C		0,0,0,0,0	0,0,0,0,0	0,0.3,0.5,0.8,1	0,0.4,0.7,0.8,0.8	0,0,0,0,0	0,0,0,0.3,0.7	0,0.6,1,1,2
YLR429W	CRN1	85,89,92,93,94	96,100,105,105,106	87,88,88,92,97	94,94,95,99,103	89,90,90,91,92	89,90,92,92,93	89,89,90,90,91
YLR430W	SEN1	18,18,19,19,20	18,18,18,18,18	14,14,14,14,15	16,16,17,17,18	16,16,16,16,17	14,15,16,16,16	17,17,18,18,18
YLR431C	ATG23	47,47,48,49,50	57,58,58,61,64	57,57,57,58,58	54,59,63,65,66	47,48,48,48,48	55,57,59,60,60	48,50,51,52,53
YLR432W	IMD3	73,83,94,99,105	89,91,92,100,109	161,171,181,187,193	100,101,102,105,109	121,126,131,133,134	173,181,189,190,191	67,68,68,77,86
YLR433C	CNA1	34,35,35,37,39	37,38,38,40,43	36,37,37,40,42	36,36,37,38,39	35,35,35,36,36	34,34,34,34,34	36,37,38,38,38
YLR434C		1,1,2,2,2	0,0,0,0.4,0.7	2,4,5,5,6	0,0,0,0.3,0.5	0,0,0,0.2,0.5	5,5,5,6,7	0.6,1,2,3,3
YLR435W	TSR2	49,49,50,52,54	50,51,51,53,54	46,46,46,46,47	51,53,54,54,54	51,51,52,57,61	30,32,34,36,38	48,51,54,55,56
YLR436C	ECM30	27,28,28,29,31	24,25,26,27,29	24,26,28,28,28	22,22,23,25,26	23,23,23,23,24	25,26,27,27,28	28,29,30,30,30
YLR437C-A		0,0.9,2,2,2	1,2,3,3,3	2,3,4,4,5	0.9,2,2,4,6	1,2,3,3,4	2,3,5,7,9	1,1,1,2,2
YLR437C	DIF1	86,89,91,92,92	50,55,60,61,63	57,62,67,73,79	40,40,40,46,52	37,38,40,45,51	69,70,70,73,76	102,104,106,108,110
YLR438C-A	LSM3	362,378,395,418,440	331,342,353,391,429	257,275,293,298,303	370,372,375,382,388	358,366,374,388,402	275,276,278,303,328	379,395,410,415,420
YLR438W	CAR2	56,57,57,61,64	29,29,29,31,32	44,50,57,61,65	24,25,26,28,30	14,14,15,15,15	61,62,64,64,64	65,69,74,78,82
YLR439W	MRPL4	114,120,126,132,138	188,189,190,190,191	89,93,97,99,101	191,193,194,208,222	207,212,217,224,232	70,70,70,76,82	98,105,111,113,114
YLR440C	SEC39	22,22,23,24,25	22,23,24,24,25	28,29,30,31,32	25,26,27,28,29	22,23,24,25,26	28,29,31,32,32	21,22,22,22,22
YLR441C	RPS1A	689,746,803,816,829	712,729,746,754,762	590,593,596,614,631	774,795,816,830,845	1064,1115,1166,1175,1184	510,525,540,540,541	715,744,773,779,784
YLR442C	SIR3	21,21,22,22,23	22,22,22,23,24	17,18,18,19,20	20,21,21,22,23	19,19,19,21,22	17,18,18,19,19	21,21,21,23,24
YLR443W	ECM7	38,39,41,41,42	29,32,35,37,38	33,35,36,38,39	34,37,39,39,39	33,33,34,35,35	31,32,32,35,37	36,36,37,38,39
YLR444C		0,0,0,0,0	0,0,0,0,0	0,0,0,0,0	0,0,0,0,0	0,0,0,0,0	0,0,0,0,0	0,0,0,0,0
YLR445W	GMC2	3,4,4,4,4	0,0.6,1,2,3	3,4,4,4,4	2,2,2,3,4	0,0.5,1,1,1	3,4,4,4,4	2,3,4,4,4
YLR446W		15,16,17,17,17	17,19,20,21,21	22,22,23,23,24	19,19,20,20,21	15,16,17,17,17	27,28,30,31,33	16,16,16,17,17
YLR447C	VMA6	241,241,242,244,245	193,201,209,211,213	190,191,191,194,196	174,186,198,208,217	174,188,202,204,206	210,212,215,219,224	249,249,249,257,265
YLR448W	RPL6B	297,337,377,386,395	320,324,329,348,367	170,171,173,180,187	362,365,369,375,382	483,505,528,537,547	146,148,150,157,164	287,302,317,320,323
YLR449W	FPR4	56,65,73,73,73	56,57,58,66,73	65,66,67,68,70	69,70,70,71,71	79,79,79,84,90	44,47,51,51,52	52,53,54,56,58
YLR450W	HMG2	24,24,24,25,26	27,27,27,27,28	32,34,36,39,42	26,27,27,28,28	21,21,21,23,25	39,42,44,45,47	22,23,24,25,26
YLR451W	LEU3	29,30,30,31,32	25,26,27,27,27	29,29,30,30,30	25,26,28,28,29	26,27,28,29,30	32,32,33,33,34	27,28,28,29,29
YLR452C	SST2	17,18,19,19,20	18,18,19,20,21	31,35,38,40,41	16,17,19,19,19	18,18,19,21,23	24,25,26,28,29	17,18,19,19,19
YLR453C	RIF2	15,16,18,18,18	15,16,17,18,20	22,24,25,26,26	14,15,16,17,18	14,15,15,16,16	20,20,20,22,24	15,16,16,18,20
YLR454W	FMP27	7,7,7,7,8	9,9,9,10,10	7,8,8,8,8	9,9,9,9,10	7,8,8,8,8	9,9,9,9,9	6,6,6,6,6
YLR455W	PDP3	59,61,64,67,70	43,44,45,49,53	32,34,37,39,41	38,39,40,44,47	37,39,40,40,41	25,29,32,32,32	70,73,77,81,86
YLR456W		30,31,32,35,38	31,34,37,38,39	34,35,36,37,38	31,32,33,33,33	26,27,28,29,30	29,29,29,30,31	28,29,31,33,35
YLR457C	NBP1	13,13,13,14,15	15,15,15,15,15	17,19,21,21,22	13,14,15,15,15	15,18,21,21,21	14,16,19,20,22	13,15,16,17,18
YLR458W		0,0.6,1,1,2	0,0.3,0.7,1,1	0.5,0.5,0.6,0.7,0.8	0,0.3,0.6,1,1	0.5,0.7,0.9,1,1	0.6,0.7,0.7,1,2	0,0.3,0.7,1,2
YLR459W	GAB1	75,76,76,76,77	58,64,70,72,75	102,104,106,106,107	59,62,65,67,70	52,53,55,55,56	100,103,106,106,107	83,84,84,86,87
YLR460C		11,11,11,11,11	11,11,11,11,12	15,16,18,18,18	9,10,12,12,13	5,6,7,8,9	13,13,13,14,15	14,14,14,16,17
YLR461W	PAU4	4,5,6,6,7	5,6,6,6,6	2,4,6,6,7	4,5,5,7,9	0.9,3,5,6,7	4,5,6,7,8	2,3,5,6,8
YLR462W		0,0.2,0.3,0.5,0.7	0,0.2,0.3,0.4,0.4	0.7,0.7,0.8,1,1	0.3,0.4,0.5,0.6,0.7	0,0.2,0.3,0.5,0.7	0.8,0.9,1,1,1	0,0,0,0.1,0.3
YLR463C		0,0,0,0,0	0,0,0,0,0	0,0,0,0,0	0,0,0,0,0	0,0,0,0,0	0,0,0,0,0	0,0,0,0,0
YLR464W		0,0.1,0.2,0.3,0.5	0.3,0.3,0.4,0.4,0.5	0.3,0.4,0.5,0.6,0.6	0,0.2,0.3,0.4,0.5	0,0.1,0.2,0.2,0.3	0,0,0,0.2,0.4	0,0.2,0.5,0.6,0.7
YLR465C	BSC3	0,0,0,0,0	0,0,0,0,0	0,0,0,0,0	0,0,0,0,0	0,0,0,0,0	0,0,0,0,0	0,0,0,0,0
YLR466C-A		0,0,0,0,0	0,0,0,0,0	0,0,0,0,0	0,0,0,0,0	0,0,0,0,0	0,0,0,0,0	0,0,0,0,0
YLR466C-B		5,6,7,7,7	7,10,13,15,17	17,18,19,21,23	4,9,14,16,18	4,7,10,10,11	9,15,20,23,26	4,4,4,4,5
YLR466W	YRF1-4	0.7,0.8,0.9,0.9,0.9	1,1,1,1,1	1,1,1,1,1	0.7,1,1,1,1	1,1,1,2,2	1,1,1,1,1	0.6,0.8,1,1,1
YLR467C-A		0,0,0,0,0	0,0,0,0,0	0,0,0,0,0	0,0,0,0,0	0,0,0,0,0	0,0,0,0,0	0,0,0,0,0
YLR467W	YRF1-5	0,0.1,0.2,0.2,0.3	0.1,0.2,0.3,0.3,0.4	0.1,0.1,0.2,0.3,0.4	0.1,0.1,0.2,0.3,0.4	0.1,0.2,0.2,0.4,0.7	0.1,0.1,0.2,0.2,0.3	0,0,0,0.1,0.1
YML001W	YPT7	203,206,208,209,209	176,177,179,179,179	189,197,205,222,239	168,174,181,190,199	156,173,191,196,201	203,207,210,214,219	180,193,205,207,209
YML002W		27,29,30,30,30	29,29,29,30,31	44,44,44,45,46	24,25,25,26,26	23,24,25,26,26	45,45,46,46,47	29,30,31,32,33
YML003W		11,12,13,13,13	12,12,13,15,17	18,19,19,19,20	12,13,15,15,15	10,11,11,12,13	18,19,19,22,24	13,13,14,16,18
YML004C	GLO1	223,224,225,229,232	189,193,196,206,216	379,379,380,387,394	180,184,187,193,199	174,174,174,177,180	369,386,404,411,419	231,236,241,244,248
YML005W	TRM12	85,88,92,100,108	75,75,76,77,77	168,170,172,175,177	64,65,66,70,73	48,52,56,58,60	177,182,186,190,195	89,90,92,104,116
YML006C	GIS4	21,22,22,23,24	20,21,21,21,21	22,23,25,27,29	19,20,21,21,21	17,18,19,19,19	24,24,24,25,25	23,24,25,26,26
YML007C-A		22,23,24,25,25	19,22,25,26,27	25,26,26,31,35	8,9,9,15,21	7,7,7,10,13	12,18,23,24,25	20,26,32,39,45
YML007W	YAP1	198,198,198,204,210	162,167,171,175,179	181,184,188,189,190	166,171,177,179,181	147,152,157,167,176	214,215,216,218,220	199,200,201,210,219
YML008C	ERG6	402,408,414,418,423	405,426,447,448,449	663,687,711,715,720	459,460,462,468,474	469,469,469,478,487	758,765,773,783,794	393,399,405,415,425
YML009C-A		1,2,2,3,3	2,2,3,3,3	6,6,7,7,8	0.9,2,4,5,6	3,3,3,3,3	2,4,7,8,8	2,2,2,3,4
YML009C	MRPL39	342,343,343,347,350	428,447,465,465,466	335,337,340,374,408	415,432,450,459,468	499,507,516,573,630	268,283,298,311,324	329,331,333,348,362
YML009W-B		0,0,0,0,0	0,0,0,0,0	0,0,0,0,0	0,0,0,0,0	0,0,0,0,0	0,0,0,0,0	0,0,0,0,0
YML010W	SPT5	57,57,58,59,60	56,56,57,57,58	55,55,55,58,60	57,57,58,60,62	61,61,61,62,63	54,55,55,57,59	54,54,55,56,58
YML011C	RAD33	48,48,49,54,60	52,52,53,55,58	77,78,79,86,94	43,46,48,49,50	47,48,49,50,51	75,78,80,84,89	54,55,57,63,70
YML012C-A		0,0.3,0.6,0.9,1	0,0,0,0.3,0.6	1,1,2,2,2	0.5,0.9,1,1,1	0.6,0.8,0.9,1,1	1,2,2,2,2	0,0.6,1,1,1
YML012W	ERV25	355,362,368,373,377	258,267,276,283,291	281,285,289,298,308	278,287,296,312,328	281,296,310,318,325	274,282,289,291,293	394,414,435,440,445
YML013W	UBX2	44,45,47,48,48	40,40,40,44,48	54,56,58,59,60	41,43,44,45,45	40,40,40,40,41	60,61,62,63,64	45,45,45,46,48
YML014W	TRM9	50,51,52,52,52	43,45,48,51,55	45,45,45,49,54	46,47,49,50,51	42,46,50,51,52	47,48,49,49,50	40,41,42,45,49
YML015C	TAF11	52,52,53,53,54	52,54,56,59,62	52,54,56,56,57	51,54,58,59,61	47,47,48,50,53	47,49,50,52,54	48,51,53,58,62
YML016C	PPZ1	72,73,73,75,77	79,82,85,85,86	64,64,65,67,70	81,83,85,88,91	78,78,78,83,87	58,59,61,62,62	73,75,76,78,80
YML017W	PSP2	27,28,29,29,29	26,27,27,27,27	19,20,20,21,22	23,24,24,26,28	25,26,27,28,29	22,23,24,25,26	31,31,32,32,32
YML018C		71,73,76,76,76	76,78,80,83,87	83,86,89,93,97	83,86,89,90,90	105,110,114,116,118	75,81,87,93,99	74,79,84,87,91
YML019W	OST6	61,61,61,62,62	54,54,55,61,66	67,67,67,69,71	49,52,54,55,56	49,52,55,60,65	66,67,68,72,76	63,64,64,66,67
YML020W		27,29,31,31,32	26,26,26,27,29	33,34,35,37,38	29,29,29,29,29	26,27,29,29,29	37,38,38,40,41	29,30,31,32,32
YML021C	UNG1	25,26,27,28,30	21,22,23,27,31	16,16,17,20,23	18,20,21,22,23	26,27,28,29,30	17,18,20,20,21	30,30,31,34,37
YML022W	APT1	152,163,175,185,195	148,150,151,155,159	157,162,167,173,178	140,150,160,162,163	152,167,181,183,185	147,165,182,186,189	155,160,165,167,169
YML023C	NSE5	22,23,24,24,25	20,21,22,24,25	34,34,34,35,36	20,22,24,24,24	22,23,24,25,25	35,35,36,36,37	21,22,24,24,24
YML024W	RPS17A	637,707,777,795,812	620,718,816,824,832	487,508,530,540,551	724,767,810,817,824	990,1002,1015,1065,1116	429,437,445,450,455	724,729,735,744,753
YML025C	YML6	133,141,149,152,156	193,193,193,196,199	119,125,131,133,136	203,210,217,221,225	220,221,222,223,225	110,112,114,116,117	121,130,138,144,149
YML026C	RPS18B	654,713,772,775,777	676,680,683,710,737	378,393,409,409,409	714,748,782,795,808	1057,1101,1145,1185,1225	322,323,324,347,370	678,698,717,734,751
YML027W	YOX1	137,138,140,142,144	48,54,60,64,69	16,18,19,20,22	39,40,41,43,46	59,65,71,72,73	18,20,22,23,24	141,148,156,163,169
YML028W	TSA1	1609,1609,1609,1649,1689	1516,1569,1622,1622,1622	1311,1315,1319,1363,1406	1551,1618,1684,1684,1684	1487,1492,1497,1520,1542	1301,1320,1339,1374,1409	1459,1502,1544,1555,1566
YML029W	USA1	35,37,38,38,38	36,37,38,39,41	45,48,52,52,52	41,41,42,42,42	32,33,33,33,33	51,52,54,54,54	32,33,34,35,36
YML030W	RCF1	316,327,338,341,343	511,532,553,559,566	340,345,350,356,362	515,528,540,580,620	509,521,533,545,557	279,293,307,307,308	271,282,294,294,295
YML031C-A		0,0,0,0,0	0,0,0,0,0	0,0,0,0.3,0.6	0,0,0,0,0	0,0,0,0,0	0,0.4,0.7,0.8,0.8	0,0,0,0,0
YML031W	NDC1	69,71,73,76,78	58,60,62,63,64	73,73,73,78,84	59,60,62,64,65	61,61,62,62,62	76,77,77,77,77	63,65,67,70,74
YML032C	RAD52	110,111,112,117,123	88,90,92,101,109	150,152,154,156,159	84,87,90,93,96	81,82,83,86,89	177,178,180,182,184	110,111,112,113,115
YML034C-A		2,2,3,3,3	0,0,0,1,2	9,9,10,11,12	0,0,0,0,0	0,0,0,0.4,0.8	10,11,12,13,14	2,2,3,4,5
YML034W	SRC1	66,66,66,68,70	70,73,75,76,77	41,41,41,41,41	65,66,67,67,68	41,42,44,47,50	37,38,39,39,39	60,63,65,65,66
YML035C	AMD1	51,52,54,54,54	59,60,60,62,65	57,58,59,59,60	55,58,62,63,65	56,57,58,60,62	51,52,53,54,55	47,47,48,49,49
YML036W	CGI121	77,83,88,91,95	65,66,67,70,72	44,46,49,53,58	55,61,68,68,68	57,61,65,66,68	52,56,60,62,64	89,92,94,95,96
YML037C		11,11,11,13,16	8,10,12,12,12	12,12,12,14,15	10,11,12,12,13	7,9,11,11,11	9,10,11,12,14	8,10,12,12,13
YML038C	YMD8	46,48,50,53,57	46,46,47,48,50	62,65,69,70,71	47,47,47,49,50	51,53,55,56,58	58,59,59,61,64	53,54,55,56,58
YML039W		0.6,0.7,0.7,0.7,0.8	0.7,0.7,0.7,0.8,0.9	1,1,1,1,2	0.6,0.7,0.8,1,1	0.3,0.4,0.6,0.9,1	1,1,1,1,1	0.6,0.6,0.7,0.8,0.9
YML040W		0,0,0,0,0	0,0,0,0,0	0,0,0,0,0	0,0,0,0,0	0,0,0,0,0	0,0,0,0,0	0,0,0,0,0
YML041C	VPS71	46,47,47,49,51	41,43,44,45,47	41,42,44,44,44	43,45,47,47,47	36,37,39,40,40	42,46,50,52,55	43,44,45,48,52
YML042W	CAT2	1070,1163,1257,1305,1354	1066,1083,1101,1155,1209	3020,3020,3020,3109,3198	987,988,989,1030,1070	673,710,747,768,789	3420,3437,3455,3485,3515	1226,1248,1271,1375,1478
YML043C	RRN11	26,27,27,28,29	17,17,18,18,18	53,54,55,55,55	15,17,19,20,21	20,21,23,23,23	55,56,58,64,70	30,30,30,32,33
YML045W		1,1,1,1,1	1,2,2,2,2	2,2,2,2,2	1,1,1,2,2	0.8,1,1,1,1	1,2,2,2,2	1,1,1,1,1
YML045W-A		0,0,0,0,0	0,0,0,0,0	0,0,0,0,0	0,0,0,0,0	0,0,0,0,0	0,0,0,0,0	0,0,0,0,0
YML046W	PRP39	26,28,30,30,30	28,28,29,29,30	30,30,31,31,32	26,27,29,29,29	26,27,29,29,30	27,27,27,27,28	23,25,27,29,30
YML047C	PRM6	0,0.2,0.3,0.5,0.6	0,0,0,0.2,0.5	1,1,1,1,1	0,0,0.1,0.3,0.5	0,0,0,0.1,0.1	0.7,0.8,0.9,1,1	0.6,0.6,0.6,0.7,0.9
YML047W-A		0,0,0,0.3,0.6	0,0,0,0,0	0,0.6,1,1,2	0,0.3,0.7,1,2	0,0,0,0,0	0.7,0.7,0.8,1,1	0,0,0,0.9,2
YML048W	GSF2	348,350,352,357,361	253,258,263,264,265	450,453,457,459,462	242,248,253,258,263	219,219,220,237,255	476,490,503,507,511	356,360,364,365,367
YML049C	RSE1	28,30,32,33,33	28,28,28,29,30	34,34,35,36,36	26,27,28,28,28	24,25,26,26,26	35,36,37,38,38	30,30,30,32,34
YML050W	AIM32	47,50,53,53,53	62,63,63,66,69	44,49,55,55,55	65,67,68,69,70	57,60,64,64,65	42,45,47,49,51	46,49,52,53,55
YML051W	GAL80	43,44,45,47,48	47,48,49,50,50	56,57,58,61,65	49,51,52,53,53	47,49,50,53,55	64,66,68,69,70	46,47,47,47,48
YML052W	SUR7	606,611,616,699,781	612,620,628,678,729	126,127,127,128,129	543,554,564,586,609	307,317,328,358,388	107,107,108,114,121	504,521,539,548,557
YML053C		93,94,94,95,95	76,84,91,92,94	50,54,58,60,62	85,88,91,92,94	92,92,93,93,94	49,52,55,56,57	90,93,95,100,104
YML054C-A		16,21,26,27,27	11,14,18,21,23	31,32,33,35,36	8,13,17,18,18	6,8,11,15,18	28,32,36,43,49	15,16,18,23,27
YML054C	CYB2	193,210,227,234,241	256,282,309,321,333	1287,1312,1337,1356,1376	283,298,313,315,316	288,291,293,300,307	1301,1316,1332,1378,1424	189,200,210,220,231
YML055W	SPC2	111,114,118,118,118	103,108,113,114,116	87,90,94,96,98	98,100,102,111,120	114,114,115,115,116	85,85,86,92,99	110,112,113,116,119
YML056C	IMD4	29,29,30,33,36	21,21,22,26,30	31,33,34,37,39	24,25,27,28,30	31,34,38,39,39	23,23,23,25,26	27,29,30,31,31
YML057C-A		0,0.3,0.6,0.9,1	0,0,0,0.3,0.7	2,2,2,3,3	0,0,0,0,0	0,0,0,0.3,0.6	1,1,1,2,2	1,1,1,2,2
YML057W	CMP2	64,65,67,69,71	62,63,65,67,70	78,80,83,86,90	63,63,64,65,67	55,58,60,60,60	73,78,82,84,87	65,68,71,71,71
YML058W-A	HUG1	71,71,71,74,76	18,19,20,23,26	2,2,3,5,7	14,15,15,19,23	4,6,8,9,10	1,1,1,2,2	80,84,88,93,97
YML058W	SML1	1793,1845,1897,1931,1965	1177,1212,1247,1289,1332	746,789,833,854,875	984,992,1001,1024,1047	528,545,562,600,639	813,849,884,904,924	1889,1889,1889,1901,1913
YML059C	NTE1	28,28,28,28,28	23,23,23,23,23	18,18,19,19,19	21,22,22,22,22	20,20,20,20,20	20,20,21,21,22	25,25,25,25,26
YML060W	OGG1	15,16,17,19,20	10,10,11,11,11	8,10,11,11,11	11,12,13,14,14	22,24,26,27,28	7,7,8,9,10	20,22,25,25,25
YML061C	PIF1	25,25,25,26,26	16,17,17,18,20	16,17,18,19,19	18,18,18,20,21	22,22,23,23,24	16,16,16,17,17	28,29,29,30,32
YML062C	MFT1	37,37,38,38,39	40,40,40,42,44	26,30,33,34,34	35,37,39,41,43	40,41,42,42,43	27,28,29,32,35	33,33,34,36,38
YML063W	RPS1B	586,646,705,726,747	663,674,685,704,724	336,345,354,355,356	754,760,765,776,787	1067,1072,1077,1112,1147	288,293,299,306,313	593,620,647,660,672
YML064C	TEM1	69,74,79,79,80	88,89,90,99,108	40,44,47,50,52	91,94,97,103,108	60,62,64,69,74	45,47,48,48,48	61,63,65,70,75
YML065W	ORC1	31,31,31,31,31	22,25,27,27,27	21,21,21,22,22	23,23,23,24,24	19,20,21,21,22	20,20,21,21,21	32,33,34,34,34
YML066C	SMA2	12,14,16,16,17	10,11,12,13,13	21,21,21,22,22	11,12,14,14,14	11,13,16,16,16	21,21,21,23,24	14,15,16,17,17
YML067C	ERV41	65,66,67,70,73	63,63,64,67,70	81,83,84,85,87	64,67,70,70,70	63,66,69,70,71	88,89,89,93,97	63,65,67,70,72
YML068W	ITT1	26,27,28,29,30	24,24,24,25,25	32,34,35,35,36	21,22,22,25,27	21,24,26,27,27	33,35,37,37,37	26,27,28,30,32
YML069W	POB3	87,88,89,89,89	85,87,90,92,94	81,83,85,87,88	91,93,95,96,96	106,107,108,109,109	83,85,87,89,90	94,97,99,100,102
YML070W	DAK1	106,107,109,113,118	125,125,126,128,130	165,171,177,182,187	116,118,120,124,127	107,108,109,110,110	174,184,194,197,200	107,108,109,115,121
YML071C	COG8	36,37,38,39,40	40,41,41,42,42	33,33,34,36,38	34,35,35,37,39	30,31,32,34,35	29,31,34,34,34	36,38,39,39,39
YML072C	TCB3	50,50,50,50,51	43,44,45,46,48	48,49,50,52,54	42,42,42,43,43	38,39,39,41,44	51,52,52,54,56	52,52,53,53,53
YML073C	RPL6A	345,370,394,423,452	375,404,433,434,435	290,291,292,293,295	386,411,435,435,435	518,573,629,644,660	239,248,256,257,259	329,353,377,380,384
YML074C	FPR3	196,200,204,215,226	207,212,216,242,268	289,289,289,293,297	228,229,229,237,245	239,240,241,244,247	304,308,311,312,313	180,187,194,194,195
YML075C	HMG1	57,58,60,61,63	73,75,78,82,86	129,132,135,136,137	78,81,85,86,88	72,74,75,76,77	128,128,129,134,139	50,53,55,57,58
YML076C	WAR1	27,27,27,28,28	30,30,30,30,30	37,38,39,40,41	27,27,27,29,31	25,25,26,27,28	40,40,40,41,42	26,26,27,27,27
YML077W	BET5	82,85,89,92,95	84,85,86,86,86	69,73,76,78,79	78,79,81,81,82	64,64,65,72,79	57,63,69,71,72	85,89,93,96,100
YML078W	CPR3	443,448,454,455,455	389,406,424,439,453	449,452,454,468,482	427,431,436,455,474	300,366,431,446,460	420,429,439,443,447	459,460,460,479,497
YML079W		143,146,149,151,152	161,166,170,171,172	163,168,172,174,177	156,161,165,170,175	133,133,134,135,135	174,177,180,190,199	125,126,126,136,146
YML080W	DUS1	45,46,46,49,51	36,37,37,41,45	28,29,29,31,34	36,38,40,41,41	33,35,37,42,47	21,23,25,26,26	48,49,49,50,50
YML081C-A	ATP18	2695,2755,2815,2818,2822	2863,2926,2989,2989,2989	1287,1403,1518,1559,1599	2718,2805,2891,2924,2957	2957,3011,3065,3138,3210	1234,1316,1398,1404,1409	2755,2775,2794,2843,2891
YML081W	TDA9	23,23,24,24,25	19,21,22,22,22	14,15,15,16,17	19,19,19,20,21	21,22,22,22,22	16,17,17,18,18	25,26,26,27,28
YML082W		23,24,25,25,25	19,21,24,24,24	33,33,33,33,33	24,24,25,25,26	24,25,25,26,26	28,29,30,31,31	20,20,21,21,22
YML083C		9,9,10,10,11	7,7,7,7,7	14,15,16,16,16	7,8,9,9,9	5,5,6,6,7	15,15,16,16,16	12,12,13,13,13
YML084W		0,0,0,0,0	0,0,0,0,0	0,0,0,0.8,2	0,0,0,0,0	0,0,0,0,0	0,0,0,0,0	0,0,0,0,0
YML085C	TUB1	502,504,506,522,538	219,224,229,238,248	208,211,215,219,224	177,188,200,204,208	156,169,181,183,186	190,191,192,202,211	612,613,615,622,629
YML086C	ALO1	90,91,92,93,93	100,101,102,107,113	131,132,133,135,137	98,102,105,107,108	102,103,104,110,115	143,145,148,150,152	81,82,82,86,89
YML087C	AIM33	105,118,132,132,132	196,201,206,219,231	28,29,30,35,39	205,213,220,230,239	226,226,226,233,239	21,22,23,25,27	87,100,114,116,118
YML088W	UFO1	37,40,42,43,43	36,36,36,38,40	37,39,42,44,46	36,39,41,42,43	41,41,42,43,44	42,44,45,46,47	39,40,40,40,41
YML089C		28,31,34,37,41	37,39,41,43,46	63,70,76,84,91	38,42,46,46,46	37,38,39,42,44	45,53,60,69,78	31,37,42,44,46
YML090W		19,21,23,24,26	19,20,20,23,26	19,22,24,26,28	16,18,20,20,21	16,18,20,23,27	16,17,18,20,23	15,16,17,19,20
YML091C	RPM2	191,200,209,211,214	200,202,204,206,208	142,143,145,149,154	203,205,206,206,206	193,193,194,196,199	128,129,130,134,139	193,198,202,205,208
YML092C	PRE8	311,329,347,353,359	323,325,327,332,338	383,388,394,395,396	325,327,329,337,345	320,324,328,334,340	404,419,434,440,447	321,322,323,330,337
YML093W	UTP14	29,31,34,35,35	25,26,27,28,29	27,28,28,29,30	29,29,30,32,33	39,40,40,41,43	18,19,20,22,23	28,28,28,29,29
YML094C-A		0,0,0,0.3,0.5	0,0,0,0,0	0,0,0,0.3,0.6	0,0,0,0.3,0.6	0,0,0,0,0	0,0.3,0.6,0.6,0.7	0,0,0,0.3,0.5
YML094W	GIM5	34,37,40,43,46	46,48,50,52,53	36,40,43,44,44	40,43,46,47,49	40,43,46,50,53	39,43,46,46,47	39,40,41,42,44
YML095C	RAD10	24,26,27,28,29	32,33,35,36,37	27,30,34,34,34	22,24,25,26,26	26,27,29,30,31	27,29,32,32,32	20,23,25,26,27
YML096W		31,31,32,34,37	30,30,30,31,32	26,28,31,31,31	30,31,32,32,32	31,33,35,36,37	23,24,24,25,25	34,34,35,35,35
YML097C	VPS9	43,49,54,55,56	43,45,47,51,55	36,37,38,38,39	46,48,50,54,57	46,50,54,55,56	39,40,40,41,42	50,51,52,52,53
YML098W	TAF13	99,103,107,114,121	97,99,100,115,129	97,101,105,106,107	100,104,107,111,115	85,94,102,105,108	106,114,121,123,125	101,108,115,115,116
YML099C	ARG81	24,25,25,27,29	24,24,24,25,25	29,29,29,30,31	22,23,25,26,28	21,22,22,23,24	32,33,33,33,33	23,24,25,25,25
YML099W-A		0.7,0.7,0.8,2,3	2,2,2,2,2	4,4,5,5,5	0,0.7,1,1,1	2,2,2,3,4	0.8,2,3,4,4	0.9,1,1,2,2
YML100W-A		6,8,10,10,10	4,6,8,8,9	7,8,9,12,15	5,6,8,8,8	3,5,6,7,7	6,7,8,11,15	8,9,10,16,21
YML100W	TSL1	59,61,63,69,75	92,93,95,95,96	61,61,61,69,78	83,86,89,92,95	81,85,88,90,92	73,75,76,86,95	55,57,58,61,63
YML101C-A		0,0,0,0,0	0,0,0,0,0	0,0,0,0,0	0,0,0,0,0	0,0,0,0,0	0,0,0,0,0	0,0,0,0,0
YML101C	CUE4	90,102,113,120,126	94,98,102,108,114	78,79,79,80,81	102,103,104,104,105	117,117,117,123,129	65,74,83,91,99	81,86,90,104,117
YML102W	CAC2	25,27,29,29,30	22,23,25,26,27	14,16,19,22,25	23,24,25,27,29	35,35,35,35,36	19,19,19,20,21	21,25,28,30,32
YML103C	NUP188	22,22,22,23,24	22,22,23,23,24	23,23,23,24,24	22,22,22,23,23	22,23,24,24,24	22,23,25,25,26	22,23,23,23,23
YML104C	MDM1	21,21,21,22,23	18,19,19,21,24	17,18,19,20,20	16,17,17,18,19	14,14,15,16,17	16,17,17,18,18	23,23,23,23,24
YML105C	SEC65	106,108,109,110,111	104,107,109,111,113	103,108,112,113,114	101,102,103,107,111	111,113,115,115,115	100,103,105,106,107	100,100,101,101,101
YML106W	URA5	258,261,263,271,278	216,220,224,228,232	164,177,189,193,196	221,227,232,237,242	214,222,231,234,238	160,166,172,173,174	271,276,281,292,302
YML107C	PML39	37,37,37,38,38	35,35,35,37,39	38,41,43,45,46	38,39,39,40,41	33,34,35,39,42	43,43,43,44,44	26,27,28,30,32
YML108W		115,116,117,124,132	100,104,108,109,109	169,173,178,181,185	107,108,109,109,109	93,96,99,104,108	154,157,161,166,172	121,121,122,123,125
YML109W	ZDS2	28,29,29,30,31	23,24,25,25,26	28,28,28,29,30	21,22,23,23,24	23,24,24,25,26	27,27,27,28,28	35,35,35,35,36
YML110C	COQ5	211,216,221,222,222	355,371,386,392,398	275,284,292,293,293	403,408,413,415,418	366,373,380,383,386	236,237,239,254,269	185,186,186,187,187
YML111W	BUL2	23,24,25,26,26	26,27,27,28,29	20,20,21,22,24	29,29,29,30,31	25,27,29,30,30	18,20,21,21,21	24,24,25,25,26
YML112W	CTK3	51,52,53,58,64	53,55,56,58,60	53,54,55,56,58	52,53,54,58,62	48,52,55,56,58	50,51,52,55,59	49,50,51,52,53
YML113W	DAT1	45,48,51,51,51	40,41,41,45,49	52,55,58,60,61	40,43,46,47,49	37,44,50,51,52	49,51,54,57,60	38,42,46,46,46
YML114C	TAF8	47,50,53,54,55	44,44,44,48,51	73,77,81,83,85	47,48,49,50,51	45,45,45,46,46	80,81,81,83,85	45,46,46,46,46
YML115C	VAN1	72,73,75,78,80	70,70,70,71,71	90,95,101,101,101	70,71,72,72,73	69,70,71,72,73	84,85,87,88,90	65,70,74,77,80
YML116W-A		2,3,5,6,7	3,4,6,6,6	6,6,7,9,11	4,4,5,7,8	4,4,4,5,5	5,7,8,9,10	6,6,6,7,8
YML116W	ATR1	66,67,68,73,78	58,61,64,70,76	109,112,114,118,121	60,60,60,66,72	53,54,55,58,61	141,146,151,155,158	68,68,68,73,77
YML117W	NAB6	36,37,38,38,38	34,36,38,38,38	43,44,45,46,48	32,32,32,35,38	34,36,37,38,39	42,42,43,43,44	41,42,42,43,45
YML118W	NGL3	8,9,9,10,11	7,8,9,9,9	25,26,27,27,27	7,7,8,8,8	8,8,8,9,9	17,18,19,21,23	7,8,8,8,9
YML119W		48,51,53,58,62	99,104,109,119,128	42,45,48,48,49	108,109,110,114,118	77,78,79,82,85	47,47,48,49,50	42,46,49,52,55
YML120C	NDI1	696,715,734,751,769	870,913,956,967,978	457,482,507,511,516	897,914,930,973,1017	921,921,921,967,1012	438,439,440,450,461	672,694,715,715,715
YML121W	GTR1	66,67,67,71,75	68,70,72,73,74	72,73,73,78,84	65,69,72,73,75	71,71,72,73,74	70,72,74,75,76	62,63,63,68,73
YML122C		9,11,12,13,13	10,11,11,12,14	13,13,14,15,15	9,10,11,13,14	7,9,10,12,14	11,13,15,15,15	9,10,11,12,12
YML123C	PHO84	18,19,19,19,20	20,21,22,22,22	33,35,37,39,42	20,20,21,21,21	19,19,20,21,23	33,36,39,39,40	17,17,18,18,18
YML124C	TUB3	155,156,157,162,168	134,135,136,136,136	100,102,103,104,104	130,131,132,140,147	105,107,108,109,111	93,93,94,94,94	173,173,173,176,179
YML125C	PGA3	127,130,132,134,135	75,80,85,88,91	104,106,109,112,115	75,81,87,88,90	64,66,69,73,76	116,119,122,123,123	114,115,116,124,132
YML126C	ERG13	326,330,334,339,343	309,316,324,337,350	699,719,739,747,754	346,359,371,379,386	384,388,392,401,410	806,817,828,844,860	351,351,351,361,370
YML127W	RSC9	50,51,52,53,53	37,39,40,43,45	47,48,49,50,50	39,40,41,42,43	34,35,36,37,39	39,41,43,45,47	55,56,57,58,60
YML128C	MSC1	60,63,66,70,75	57,63,69,70,71	424,441,459,472,485	61,62,63,68,72	51,52,53,57,60	440,454,468,469,470	69,70,71,72,73
YML129C	COX14	384,392,400,412,425	602,608,615,622,630	467,469,471,474,478	638,640,642,659,676	617,635,653,663,673	342,357,372,394,416	349,368,388,395,402
YML130C	ERO1	50,51,52,54,57	46,48,49,50,50	37,41,45,45,45	40,43,45,46,47	40,41,43,43,44	42,42,43,43,44	50,51,52,55,58
YML131W		414,420,427,460,493	376,381,387,392,397	743,794,844,860,875	369,370,372,372,372	283,286,289,292,294	838,890,943,945,948	427,446,465,466,467
YML132W	COS3	1,1,1,2,2	1,1,1,1,1	3,3,3,3,4	1,1,1,2,2	0.5,0.8,1,1,1	3,3,3,4,4	0.9,1,1,1,2
YML133C		0.1,0.2,0.2,0.3,0.4	0.3,0.3,0.3,0.3,0.4	0.2,0.3,0.5,0.5,0.5	0.3,0.3,0.4,0.4,0.5	0.1,0.2,0.3,0.5,0.6	0.2,0.2,0.2,0.5,0.7	0.2,0.3,0.3,0.3,0.4
YML133W-A		0,0,0,0,0	0,0,0,0,0	0,0,0,0,0	0,0,0,0,0	0,0,0,0,0	0,0,0,0,0	0,0,0,0,0
YML133W-B		0,0,0,0,0	0,0,0,0,0	0,0,0,0,0	0,0,0,0,0	0,0,0,0,0	0,0,0,0,0	0,0,0,0,0
YMR001C-A		41,43,44,44,44	48,53,57,66,75	3,4,5,7,9	37,38,38,49,61	22,27,31,33,35	3,4,4,5,6	32,39,45,49,52
YMR001C	CDC5	80,84,89,90,91	104,106,108,111,114	25,27,29,29,30	94,94,95,96,97	50,50,50,56,62	26,26,27,29,31	72,73,74,75,77
YMR002W	MIX17	1607,1715,1824,1842,1860	1923,1940,1957,1989,2021	885,887,889,896,902	2021,2025,2029,2089,2150	1898,1928,1958,2024,2090	838,860,883,887,892	1409,1543,1677,1685,1693
YMR003W	AIM34	130,134,139,140,140	76,76,76,83,90	78,78,78,78,79	63,68,74,74,74	47,52,57,58,58	79,79,80,81,82	160,165,169,174,180
YMR004W	MVP1	67,70,73,75,76	65,67,69,70,71	93,94,95,100,106	55,60,65,67,70	54,54,54,57,59	100,101,101,102,103	68,69,70,75,81
YMR005W	TAF4	86,89,93,95,97	93,94,95,97,99	90,91,92,92,93	99,99,99,100,101	102,110,117,118,119	70,78,87,89,91	87,89,91,91,92
YMR006C	PLB2	23,24,24,24,25	19,20,22,23,25	28,28,28,28,29	20,22,24,24,24	16,17,18,18,18	23,24,25,27,28	24,26,29,30,31
YMR007W		5,6,8,8,8	6,8,10,11,12	21,21,22,23,24	12,12,13,14,14	8,8,8,11,13	19,21,24,24,25	9,10,11,12,12
YMR008C	PLB1	86,86,86,87,87	82,86,90,91,92	133,141,150,160,171	90,93,97,98,98	89,92,94,96,98	118,121,124,131,138	75,77,79,81,83
YMR009W	ADI1	168,173,177,186,195	202,208,214,217,220	167,172,178,190,203	184,192,200,210,219	225,227,229,231,233	205,214,223,228,232	217,227,237,243,249
YMR010W	ANY1	74,75,76,81,86	65,69,74,77,80	77,78,78,78,78	66,69,72,74,75	70,71,72,74,76	72,78,85,90,94	84,84,85,85,86
YMR011W	HXT2	69,69,70,73,77	28,28,28,31,35	344,360,375,378,381	82,86,91,99,106	211,214,218,227,237	142,144,146,156,166	135,148,161,162,163
YMR012W	CLU1	102,106,110,119,127	135,137,139,139,140	77,78,80,80,81	137,139,140,143,145	160,161,162,166,170	66,66,66,66,67	107,108,108,110,111
YMR013C-A		0,0,0,0,0	0,0,0,0,0	0,0,0,0,0	0,0,0,0,0	0,0,0,0,0	0,0,0,0,0	0,0,0,0,0
YMR013C	SEC59	29,29,30,31,32	29,31,33,34,35	28,30,32,32,33	29,30,31,33,34	29,32,35,35,35	27,28,30,30,30	28,31,33,34,35
YMR013W-A		0,0,0,0,0	0,0,0,0,0	0,0,0,0,0	0,0,0,0,0	0,0,0,0,0	0,0,0,0,0	0,0,0,0,0
YMR014W	BUD22	61,62,63,65,66	58,61,64,69,73	76,77,77,79,80	64,65,67,72,77	75,75,76,76,76	66,68,71,76,81	58,59,59,61,63
YMR015C	ERG5	172,173,174,178,181	181,193,204,215,226	53,53,54,55,56	196,203,211,216,222	189,190,190,194,198	51,56,61,63,64	148,156,164,166,167
YMR016C	SOK2	27,28,29,29,29	26,28,30,32,34	25,27,29,29,29	24,26,29,29,29	21,22,23,23,24	30,30,31,32,32	26,26,26,27,29
YMR017W	SPO20	12,13,13,13,14	11,11,11,12,12	31,33,35,36,38	10,10,11,11,11	8,9,10,11,12	34,35,36,38,40	16,16,17,17,18
YMR018W	PEX9	16,17,18,18,18	12,13,13,14,16	51,54,56,57,58	11,12,13,13,14	12,12,12,13,14	48,53,58,61,64	18,18,18,20,22
YMR019W	STB4	39,40,42,44,45	37,37,37,39,41	58,58,59,59,59	36,36,36,37,37	30,31,32,33,34	67,71,75,77,79	48,48,48,51,55
YMR020W	FMS1	30,31,33,34,34	29,29,30,30,30	43,43,44,45,46	22,24,26,26,27	18,20,22,23,24	39,42,44,46,48	32,34,35,36,37
YMR021C	MAC1	37,38,39,42,45	37,38,39,44,49	49,50,51,53,54	35,38,41,44,46	37,41,44,44,45	48,48,48,51,55	37,37,37,37,38
YMR022W	UBC7	116,124,132,133,135	115,125,135,139,144	187,189,192,194,195	119,124,129,135,141	119,125,131,139,146	166,182,198,203,207	139,140,141,150,160
YMR023C	MSS1	17,17,18,19,20	19,21,23,25,26	23,24,25,26,27	19,20,21,22,22	17,18,19,20,20	24,24,24,25,26	17,17,17,19,21
YMR024W	MRPL3	103,112,121,121,121	157,158,159,164,169	77,78,80,83,86	159,165,171,173,175	179,188,198,201,203	67,67,68,70,72	90,98,106,109,112
YMR025W	CSI1	16,16,16,18,19	17,18,18,19,20	23,26,29,30,30	16,17,18,19,20	17,18,18,20,22	23,26,29,30,30	17,17,18,19,21
YMR026C	PEX12	63,64,66,66,67	64,68,72,72,73	162,169,175,176,177	65,66,67,67,67	54,56,58,60,62	172,178,183,186,188	61,62,63,64,65
YMR027W		168,169,170,174,179	159,170,182,184,186	248,253,257,259,262	160,162,163,167,170	146,147,149,150,151	290,290,291,291,291	156,161,166,170,173
YMR028W	TAP42	35,38,41,42,42	40,41,41,41,42	37,40,43,44,45	35,36,38,40,43	32,35,38,42,46	37,39,41,44,46	35,35,36,38,40
YMR029C	FAR8	53,55,58,60,62	60,61,62,63,63	79,80,81,83,85	58,59,60,60,60	59,59,60,61,62	78,81,83,86,88	51,51,51,55,59
YMR030W-A		2,3,4,5,5	3,4,5,5,6	2,3,3,4,5	0.9,2,3,3,3	0,1,2,3,5	0.8,1,2,2,3	3,4,4,4,5
YMR030W	RSF1	52,55,57,58,59	56,57,58,65,73	133,137,141,151,162	49,50,51,55,59	46,46,46,48,51	145,147,149,149,149	50,50,51,54,58
YMR031C	EIS1	149,151,153,154,156	193,197,201,210,220	212,218,224,228,231	192,195,198,200,201	150,152,155,164,174	213,214,215,217,219	120,120,120,127,134
YMR031W-A		0.7,0.7,0.7,0.8,0.8	0,0,0,0.4,0.8	0,0.3,0.6,0.8,1	0,0,0,0.5,0.9	0,0,0,0.7,1	0,0,0,1,2	0.7,0.8,1,1,2
YMR032W	HOF1	46,47,48,49,51	89,90,91,94,97	2,2,3,4,4	79,80,81,82,82	43,46,49,51,53	1,2,3,3,4	26,27,27,29,32
YMR033W	ARP9	65,66,67,68,70	62,63,65,68,71	51,51,51,54,56	55,56,58,59,60	58,59,59,62,65	48,49,50,50,51	69,69,70,71,72
YMR034C	RCH1	35,36,36,37,38	26,30,34,36,37	110,115,120,122,124	25,26,27,31,36	22,22,23,24,25	87,92,96,99,101	34,35,35,36,36
YMR035W	IMP2	46,49,51,56,60	43,46,48,52,56	83,85,88,89,90	53,53,54,55,57	42,42,43,47,52	67,68,68,71,74	50,50,50,58,67
YMR036C	MIH1	48,48,49,49,49	40,40,41,44,47	145,158,171,173,174	34,36,37,38,38	30,32,34,35,36	140,144,148,152,156	49,50,51,53,55
YMR037C	MSN2	60,61,62,64,66	54,55,56,58,59	66,67,68,68,68	50,53,57,57,57	46,48,50,53,57	65,67,69,71,72	66,66,67,67,67
YMR038C	CCS1	91,93,95,98,101	79,82,85,89,93	83,83,84,85,86	86,88,90,90,91	87,88,90,95,101	85,85,85,88,91	84,88,92,92,93
YMR039C	SUB1	131,134,137,140,144	149,150,151,165,180	168,179,190,192,194	153,156,160,172,185	170,181,192,197,202	142,147,152,152,152	130,136,142,143,144
YMR040W	YET2	18,18,18,19,20	15,16,17,20,23	50,52,54,54,55	30,32,33,38,42	61,67,72,73,74	30,33,36,39,43	21,22,24,25,26
YMR041C	ARA2	57,58,59,60,61	49,50,51,54,57	96,98,101,105,110	49,49,50,50,51	45,46,46,49,51	126,129,132,136,140	54,57,60,62,64
YMR042W	ARG80	135,139,144,153,161	159,160,161,168,174	171,200,229,243,256	161,161,162,162,162	125,129,132,139,146	223,225,228,241,253	112,113,115,120,126
YMR043W	MCM1	110,113,116,116,116	128,130,133,145,158	102,106,109,114,118	133,134,135,147,159	130,132,134,147,161	111,115,119,119,119	102,103,104,109,113
YMR044W	IOC4	48,51,53,54,55	53,54,55,56,57	38,39,40,42,45	46,47,48,50,53	49,50,52,53,53	34,36,38,40,42	50,52,53,56,59
YMR045C		0.7,0.8,1,1,1	1,1,1,2,2	1,1,1,1,1	1,1,1,1,1	0.9,1,1,1,1	1,1,1,2,2	0.9,1,1,1,1
YMR046C		0,0,0,0,0	0,0,0,0,0	0,0,0,0,0	0,0,0,0,0	0,0,0,0,0	0,0,0,0,0	0,0,0,0,0
YMR046W-A		0,0,0,0,0	0,0,0,0.9,2	2,2,2,3,4	0,0,0,0.9,2	0,0,0,0,0	0,0.9,2,2,2	0,0,0,0.8,2
YMR047C	NUP116	49,49,49,49,49	45,46,48,49,50	47,47,48,48,48	45,46,46,48,50	45,45,45,46,47	47,47,47,50,53	46,48,49,49,49
YMR048W	CSM3	33,33,33,36,38	27,29,30,32,33	22,23,25,26,26	31,32,33,33,33	36,40,43,44,46	19,20,21,22,23	42,43,43,43,44
YMR049C	ERB1	29,33,37,39,40	21,24,28,29,30	28,29,29,31,33	31,31,32,32,33	41,41,42,42,43	21,21,22,24,25	24,27,31,32,33
YMR050C		1,2,2,2,2	2,2,2,2,2	2,2,3,3,3	2,2,2,2,2	2,2,2,2,2	3,3,3,3,4	2,2,2,2,2
YMR051C		0,0,0,0,0	0,0,0,0,0	0,0,0,0,0	0,0,0,0,0	0,0,0,0,0	0,0,0,0,0	0,0,0,0,0
YMR052C-A		0.6,0.6,0.6,0.7,0.7	0.7,0.7,0.7,0.7,0.8	0,0,0,0.4,0.8	0,0,0,0,0	0,0.3,0.7,1,2	0,0,0,0.7,1	1,2,2,2,2
YMR052W	FAR3	23,25,28,28,29	26,26,26,28,30	38,42,45,48,51	22,24,26,27,27	23,26,28,30,32	33,35,38,38,38	28,29,30,32,34
YMR053C	STB2	9,9,9,10,10	11,11,12,12,12	17,18,18,19,21	10,10,10,11,12	8,8,8,9,9	18,19,20,20,21	10,10,11,11,12
YMR054W	STV1	74,74,75,76,76	72,72,73,73,73	73,75,76,79,81	67,68,69,69,69	59,60,61,62,62	68,69,70,70,71	75,78,80,82,83
YMR055C	BUB2	19,22,24,24,25	15,16,18,21,24	12,13,14,14,15	19,20,22,22,23	19,20,21,24,28	9,9,9,11,13	28,28,28,29,29
YMR056C	AAC1	82,86,90,91,92	112,119,127,129,131	152,157,161,161,162	139,140,141,146,152	141,152,164,164,164	155,156,157,157,157	70,73,75,76,78
YMR057C		5,6,6,7,7	2,3,4,4,4	6,6,7,7,8	0.7,1,1,2,3	0.9,2,2,3,4	11,12,12,14,16	3,3,4,4,4
YMR058W	FET3	65,66,66,70,74	94,95,96,98,100	68,69,71,75,79	107,111,116,119,122	137,139,140,144,148	63,64,65,67,69	57,57,58,58,58
YMR059W	SEN15	37,38,40,40,40	47,48,49,51,52	66,66,67,69,71	39,39,39,42,45	38,40,42,42,42	59,62,64,68,73	33,36,39,44,49
YMR060C	SAM37	56,56,57,62,68	59,62,65,71,76	54,57,61,62,63	57,61,64,67,70	60,61,61,63,64	51,53,54,58,62	53,54,55,57,60
YMR061W	RNA14	45,46,47,48,49	46,47,47,49,50	45,45,46,47,48	44,44,45,46,47	47,48,48,49,51	50,51,51,53,56	41,41,42,43,45
YMR062C	ARG7	414,442,469,486,502	320,346,372,374,376	362,376,390,394,398	316,330,344,355,365	255,268,281,281,282	498,527,556,569,581	404,440,477,477,478
YMR063W	RIM9	21,23,25,27,29	22,25,27,30,33	29,30,30,36,42	25,25,26,26,27	24,24,25,26,28	33,34,36,36,37	23,23,24,28,32
YMR064W	AEP1	52,54,55,57,58	62,63,63,67,71	55,58,60,61,63	62,63,63,63,63	61,64,67,68,68	58,58,58,59,60	52,52,53,54,55
YMR065W	KAR5	11,12,13,13,14	11,12,14,14,15	20,20,20,21,21	12,12,12,13,15	11,11,11,12,12	17,17,17,17,18	12,12,12,13,14
YMR066W	SOV1	15,16,17,18,18	23,23,24,25,27	16,16,17,17,18	20,20,20,21,22	21,22,22,22,23	14,15,15,16,18	16,16,16,17,18
YMR067C	UBX4	87,91,95,96,98	80,81,83,89,95	99,101,102,103,103	81,84,87,88,90	73,75,77,78,79	107,108,108,114,121	76,78,80,85,90
YMR068W	AVO2	35,38,42,42,43	34,37,40,42,44	48,49,50,56,62	32,35,38,39,40	30,31,32,32,33	56,58,59,61,62	34,36,38,40,41
YMR069W	NAT4	8,9,9,11,12	8,9,10,11,12	6,8,10,10,10	7,8,9,10,11	8,9,10,10,10	4,6,7,9,10	7,8,10,11,11
YMR070W	MOT3	49,49,50,53,57	51,54,57,61,66	29,29,30,32,34	48,50,53,54,55	50,51,52,53,54	29,30,32,32,33	49,50,51,54,57
YMR071C	TVP18	139,144,148,153,157	141,144,146,151,156	179,191,204,214,224	143,144,144,147,149	121,127,132,138,144	178,187,197,200,204	133,136,140,140,140
YMR072W	ABF2	475,486,498,514,531	396,399,402,423,444	425,431,438,440,443	351,352,353,375,397	347,349,350,351,352	404,415,425,426,426	491,515,539,545,551
YMR073C	IRC21	135,144,153,157,161	151,153,154,160,165	156,164,172,184,196	136,137,137,151,164	119,121,123,128,133	166,175,184,188,192	150,151,153,153,153
YMR074C	SDD2	173,176,179,181,183	164,173,181,183,184	169,185,201,208,215	149,158,166,171,175	128,141,155,159,164	180,190,200,203,206	178,181,183,189,194
YMR075C-A		0,0,0,0.3,0.6	0,0,0,0,0	0,0,0,0.4,0.8	0,0,0,0.3,0.6	0,0.3,0.5,0.6,0.7	0,0.3,0.6,1,1	0,0,0,0,0
YMR075W	RCO1	15,17,18,20,22	20,21,21,23,25	17,17,18,19,19	19,19,20,21,22	19,19,20,20,20	17,17,18,19,19	16,16,16,16,16
YMR076C	PDS5	16,16,17,17,17	10,10,10,10,11	10,11,12,12,13	10,11,11,12,13	19,20,22,24,26	11,11,11,12,12	23,23,23,24,26
YMR077C	VPS20	57,58,60,63,66	54,57,59,61,63	103,104,104,112,120	48,51,54,55,57	45,48,52,53,53	101,103,105,109,114	61,61,61,62,63
YMR078C	CTF18	26,27,27,28,28	18,19,21,21,21	27,28,29,32,34	19,19,20,21,22	26,26,26,27,28	30,31,31,35,39	31,31,32,32,32
YMR079W	SEC14	116,117,118,128,138	80,84,88,90,92	77,79,81,83,86	71,77,82,84,87	85,91,97,98,99	74,76,77,79,81	140,144,147,148,149
YMR080C	NAM7	56,56,56,57,59	51,51,52,55,57	61,61,62,65,67	51,54,57,57,57	55,55,56,56,57	56,57,58,59,60	56,57,57,60,62
YMR081C	ISF1	33,33,33,34,34	28,30,33,37,42	27,27,27,31,34	39,43,47,48,49	41,43,45,45,45	23,26,29,30,31	28,28,28,29,29
YMR082C		0,0.3,0.6,0.6,0.6	0,0.8,2,2,2	1,1,2,2,2	0,0.7,1,1,2	0,0.4,0.7,0.8,0.9	1,1,2,2,2	0.6,0.7,0.7,0.9,1
YMR083W	ADH3	918,947,975,1032,1089	1073,1093,1112,1112,1112	713,721,730,791,853	1030,1057,1084,1098,1112	991,1012,1034,1068,1103	686,710,734,767,800	917,927,937,990,1043
YMR084W		9,10,11,12,13	14,14,15,15,15	20,23,26,26,26	10,11,12,14,15	12,12,12,12,13	23,23,24,25,26	9,11,13,13,13
YMR085W		12,13,14,15,15	15,17,18,18,19	27,29,32,33,35	15,16,18,20,21	13,14,14,15,16	27,29,30,32,35	10,11,11,11,12
YMR086C-A		13,13,14,16,18	7,8,8,9,10	8,8,9,12,15	9,10,12,12,12	8,8,9,9,10	10,10,11,13,16	12,14,15,15,15
YMR086W	SEG1	46,46,47,50,53	40,41,42,43,45	38,40,42,42,43	40,41,42,43,44	39,40,41,43,44	38,40,42,42,42	44,46,49,50,51
YMR087W		24,24,24,27,30	29,30,31,31,32	33,35,37,38,39	25,26,27,29,30	15,19,22,22,23	37,38,39,40,41	26,28,29,32,35
YMR088C	VBA1	107,110,113,139,165	108,109,110,113,115	98,104,109,112,116	86,88,89,93,98	57,57,57,60,63	118,120,122,138,155	104,105,106,121,135
YMR089C	YTA12	88,91,94,99,103	120,122,125,127,130	93,96,98,101,104	124,124,125,127,128	116,118,120,121,121	84,85,86,88,89	84,84,85,85,85
YMR090W		73,76,79,85,90	80,82,85,85,85	166,173,181,185,190	66,72,77,80,83	58,59,59,68,77	155,161,168,170,172	71,72,72,78,85
YMR091C	NPL6	58,58,59,62,65	55,55,56,59,62	43,47,50,53,56	52,53,54,55,55	53,53,53,53,53	46,46,47,47,47	57,57,57,61,64
YMR092C	AIP1	97,100,104,104,104	91,100,108,109,109	138,139,141,141,142	101,104,108,111,115	102,104,106,106,106	141,145,149,149,149	92,93,93,97,101
YMR093W	UTP15	28,30,32,34,36	25,25,25,28,31	10,11,12,13,15	29,30,31,31,32	33,36,38,41,44	12,12,12,13,13	25,27,30,30,30
YMR094W	CTF13	28,28,28,29,30	24,26,28,28,28	48,50,53,54,55	23,23,23,24,26	19,22,24,28,31	58,60,62,63,64	24,24,24,26,28
YMR095C	SNO1	112,118,124,127,129	116,119,123,136,149	292,296,300,320,340	123,129,134,136,137	108,113,118,127,136	359,361,363,376,390	99,109,119,121,123
YMR096W	SNZ1	479,519,558,640,722	515,569,622,685,747	1926,2050,2173,2185,2198	516,566,615,654,692	470,540,611,628,646	2421,2544,2668,2683,2698	467,515,563,594,625
YMR097C	MTG1	58,59,60,61,61	67,69,70,74,77	217,226,235,238,240	65,66,67,68,70	56,57,57,60,62	248,253,258,259,261	62,63,65,69,73
YMR098C	ATP25	45,48,50,52,53	59,60,60,62,63	41,41,41,46,51	58,60,63,63,64	50,53,57,60,62	38,39,39,40,40	44,45,45,45,45
YMR099C		168,172,175,178,181	174,176,177,187,197	239,246,254,260,266	177,178,178,180,182	172,174,176,179,183	267,268,269,276,283	146,150,154,162,171
YMR100W	MUB1	47,47,47,48,48	45,46,46,49,51	42,45,47,49,51	43,44,44,45,47	41,41,41,44,47	51,52,52,52,53	47,47,48,48,48
YMR101C	SRT1	5,5,5,5,5	4,5,5,6,7	5,6,7,7,8	5,5,6,6,7	2,3,4,4,4	7,7,8,8,9	6,6,7,7,8
YMR102C		19,20,21,21,21	22,23,23,24,24	17,18,18,20,21	22,22,23,24,25	17,19,20,20,20	19,19,19,20,20	16,18,20,20,20
YMR103C		80,81,83,84,85	85,87,90,95,101	176,176,176,182,188	89,90,90,94,97	66,71,76,78,80	151,158,164,167,170	82,83,83,87,90
YMR104C	YPK2	74,77,79,81,83	85,86,86,90,94	151,160,169,173,176	83,83,83,87,91	86,87,87,90,92	138,142,146,149,151	75,76,77,77,77
YMR105C	PGM2	44,45,47,51,56	61,62,64,64,64	93,99,105,105,105	54,54,54,57,60	44,46,48,49,50	90,92,95,95,96	41,43,45,50,55
YMR105W-A		18,19,20,24,28	12,14,16,22,27	39,40,41,51,62	13,16,19,21,24	7,10,14,18,22	43,46,49,50,51	19,19,19,22,25
YMR106C	YKU80	22,23,23,24,25	23,23,23,24,25	51,53,54,55,56	20,21,21,22,23	18,19,20,21,21	53,53,53,54,55	21,22,23,24,25
YMR107W	SPG4	744,763,781,1019,1257	826,891,956,985,1013	5162,5162,5162,5162,5162	701,739,776,780,783	362,369,376,382,387	5595,5718,5841,5841,5841	778,793,808,982,1156
YMR108W	ILV2	689,697,705,735,765	531,532,534,556,578	459,484,509,529,549	517,519,521,551,581	446,455,463,466,470	564,564,564,568,572	691,702,714,729,745
YMR109W	MYO5	28,29,31,31,32	27,29,30,30,30	25,28,31,32,32	31,31,32,32,32	28,28,29,30,30	29,29,29,29,29	28,30,31,31,31
YMR110C	HFD1	199,210,221,224,228	202,214,225,228,230	473,486,499,501,502	196,201,206,207,208	170,172,173,174,175	525,541,557,566,576	221,223,225,226,227
YMR111C		21,23,25,26,27	22,24,26,26,26	36,37,38,40,41	22,23,25,27,30	20,20,20,21,21	35,36,37,39,42	21,21,22,23,24
YMR112C	MED11	69,76,83,87,91	71,71,71,73,74	112,124,135,136,138	65,68,71,72,73	53,54,54,62,70	133,135,136,137,137	71,72,73,75,78
YMR113W	FOL3	31,33,35,36,37	27,28,28,30,32	31,33,35,37,38	21,22,23,26,29	20,22,24,25,26	32,33,34,35,35	33,34,35,35,35
YMR114C		51,52,52,53,54	54,58,62,65,68	91,91,91,95,98	44,46,49,51,53	41,42,43,46,50	87,92,97,98,98	50,53,56,59,63
YMR115W	MGR3	70,74,77,80,83	77,78,79,81,83	106,110,114,116,117	74,75,76,77,78	64,66,68,69,70	100,104,109,110,112	74,74,75,76,78
YMR116C	ASC1	337,395,454,474,493	402,440,478,508,538	297,298,300,302,304	490,526,561,580,599	632,702,772,786,800	236,237,238,238,239	317,319,321,346,371
YMR117C	SPC24	48,48,48,56,64	34,36,38,46,54	23,25,26,29,32	33,34,36,38,41	27,33,39,41,42	22,24,26,28,30	60,61,62,64,66
YMR118C	SHH3	30,37,44,45,45	27,28,30,33,35	46,47,47,48,48	26,27,28,32,35	23,25,28,28,28	41,41,41,45,49	33,35,37,39,41
YMR119W-A		14,16,18,22,27	20,20,21,25,29	16,18,19,20,20	17,18,20,22,24	12,12,13,18,22	16,18,20,25,30	18,19,20,21,22
YMR119W	ASI1	39,39,39,41,43	39,41,44,46,48	77,79,81,83,85	34,36,38,38,39	28,29,29,32,34	70,71,72,72,72	36,37,39,41,44
YMR120C	ADE17	930,946,962,971,979	941,964,986,1031,1076	660,687,714,734,754	1034,1043,1053,1068,1084	990,995,1000,1041,1082	856,885,915,931,948	843,849,856,891,926
YMR121C	RPL15B	81,82,82,90,98	91,92,93,94,94	67,68,69,70,71	87,93,98,99,99	112,113,113,116,118	61,65,70,73,75	78,80,83,84,85
YMR122C		20,22,24,26,29	18,18,19,19,19	23,30,37,41,44	16,18,21,24,27	10,11,12,13,15	42,42,42,43,43	19,21,24,25,26
YMR122W-A		3235,3326,3417,3462,3507	2636,2875,3114,3198,3281	3261,3261,3261,3278,3296	4237,4284,4332,4357,4381	6000,6660,7320,7386,7451	1931,1975,2019,2036,2053	3496,3714,3932,4191,4451
YMR123W	PKR1	207,213,219,225,230	179,183,186,189,191	136,140,143,144,146	167,178,188,196,204	192,194,196,198,200	121,128,135,141,147	180,196,211,211,211
YMR124W	EPO1	33,34,34,35,37	35,36,38,40,42	32,34,35,36,37	39,40,40,40,40	39,40,41,42,42	28,29,29,30,30	30,31,32,32,33
YMR125W	STO1	88,88,89,92,94	89,89,89,90,91	110,114,118,123,129	85,89,93,94,95	89,91,93,94,96	110,111,112,119,126	87,87,87,89,91
YMR126C	DLT1	27,27,28,28,29	19,21,22,24,26	37,37,37,38,38	18,19,21,22,22	19,19,19,20,22	30,32,34,36,37	26,28,29,32,34
YMR127C	SAS2	37,37,37,38,40	25,26,28,33,38	32,34,37,37,38	31,31,31,34,36	28,32,37,38,39	32,33,34,36,38	41,41,42,44,46
YMR128W	ECM16	15,16,17,17,17	15,15,15,15,15	13,15,16,16,16	14,16,18,18,18	16,17,17,17,18	14,14,14,14,14	14,15,15,16,16
YMR129W	POM152	24,25,26,27,28	23,23,24,24,24	25,26,27,27,27	23,23,24,24,25	21,22,22,23,23	23,24,25,26,26	25,25,26,27,27
YMR130W		76,77,79,79,79	80,84,89,90,92	77,78,79,80,82	79,80,81,84,88	76,78,79,81,82	77,84,91,91,91	73,76,79,80,82
YMR131C	RRB1	67,75,82,84,85	54,56,58,60,62	72,73,75,78,82	66,66,66,67,67	78,81,84,88,91	45,49,52,54,57	65,67,69,69,69
YMR132C	JLP2	58,60,61,64,66	48,52,55,55,55	26,29,31,32,34	46,48,50,52,53	37,39,41,47,52	31,32,34,35,36	61,63,64,68,72
YMR133W	REC114	21,25,28,29,30	30,30,31,33,35	29,30,31,35,38	27,29,31,32,32	22,23,24,25,27	40,42,44,44,44	24,25,26,27,28
YMR134W	ERG29	108,116,124,126,128	120,120,121,122,123	68,69,69,71,73	123,125,126,128,130	112,114,117,120,122	62,67,71,77,83	101,107,113,115,117
YMR135C	GID8	95,97,99,104,110	103,103,103,103,103	160,161,161,167,173	87,95,103,103,103	90,92,93,93,94	175,178,182,186,190	101,101,101,104,108
YMR135W-A		0,0.2,0.4,0.4,0.4	1,1,1,1,2	1,1,2,2,3	0.5,0.5,0.6,0.7,0.8	0,0,0,0,0	0,0.9,2,2,2	0.4,0.5,0.6,1,2
YMR136W	GAT2	126,126,127,134,141	113,115,117,125,132	46,46,47,48,48	111,112,113,115,116	91,95,98,106,114	37,37,37,37,38	134,134,134,135,136
YMR137C	PSO2	28,29,29,29,29	25,26,27,29,31	29,29,29,31,33	25,26,26,27,28	22,24,27,28,29	29,31,33,34,35	28,29,29,29,29
YMR138W	CIN4	34,36,39,41,44	31,32,32,36,40	31,33,36,37,38	38,39,40,40,40	35,36,38,38,39	31,32,33,36,40	36,38,41,43,45
YMR139W	RIM11	129,134,140,140,141	126,128,131,138,145	129,134,139,141,144	125,127,130,133,137	109,110,110,116,122	147,152,157,158,159	126,128,129,137,144
YMR140W	SIP5	47,48,49,50,50	51,51,51,54,56	87,89,90,94,97	49,49,49,52,54	44,44,45,48,51	84,92,99,100,100	42,43,44,46,49
YMR141C		32,36,39,40,40	32,36,40,42,43	70,73,76,85,94	34,39,45,47,48	29,33,37,40,42	66,75,84,85,87	31,34,37,39,41
YMR141W-A		15,17,19,20,22	8,11,14,16,18	4,5,7,9,12	17,18,19,19,19	14,15,16,21,26	6,8,11,12,13	11,13,14,15,16
YMR142C	RPL13B	704,772,840,850,860	690,745,799,813,828	502,525,548,549,550	788,830,872,882,893	960,1049,1139,1150,1161	418,433,447,461,475	697,716,736,745,755
YMR143W	RPS16A	651,682,714,730,747	710,720,730,748,767	389,408,428,429,430	699,711,722,737,752	965,965,965,981,997	310,326,343,344,345	663,664,666,672,678
YMR144W	FDO1	75,79,82,82,83	49,50,50,52,53	12,13,14,14,15	37,41,45,46,46	40,42,43,43,44	13,14,16,16,16	91,93,94,98,101
YMR145C	NDE1	834,855,875,891,906	835,840,845,870,895	452,473,495,502,508	904,906,907,908,909	843,853,862,897,931	421,424,427,443,458	791,831,872,879,886
YMR146C	TIF34	238,248,257,264,272	242,245,249,260,271	291,294,298,306,315	258,259,260,263,267	290,292,294,298,302	285,288,292,297,303	214,215,217,222,226
YMR147W		97,98,100,101,102	92,93,95,98,101	121,132,142,145,147	87,91,96,99,103	67,73,80,83,86	136,138,139,142,144	77,78,78,83,88
YMR148W	OSW5	153,163,174,177,179	172,179,185,188,191	247,253,258,278,297	161,173,184,186,188	140,145,151,161,171	265,266,268,276,284	144,149,153,156,159
YMR149W	SWP1	143,145,147,148,150	131,132,132,134,136	126,135,143,143,143	126,128,130,133,136	117,122,127,131,135	145,147,149,152,156	139,145,150,153,155
YMR150C	IMP1	103,107,111,112,112	84,94,104,108,112	130,131,131,134,138	95,96,97,99,100	80,86,92,94,96	139,140,142,144,145	98,99,101,103,106
YMR151W	YIM2	5,6,7,7,8	5,6,6,7,8	12,12,13,14,16	6,6,6,7,7	4,4,4,5,6	10,13,15,15,15	6,7,8,10,12
YMR152W	YIM1	106,108,111,112,112	118,118,119,123,127	171,173,174,183,192	110,111,111,114,117	96,99,103,104,105	183,185,186,192,198	100,100,101,106,112
YMR153C-A		0,0.3,0.7,1,2	0,0,0,2,4	1,1,1,2,2	0.9,1,1,2,2	0,0.4,0.8,1,2	0,0.4,0.7,3,5	0.7,1,2,2,3
YMR153W	NUP53	42,42,43,43,43	32,34,36,37,38	23,25,28,29,31	35,36,37,38,39	35,36,37,39,42	26,28,29,29,29	40,41,43,47,51
YMR154C	RIM13	12,12,12,13,14	11,12,12,13,15	14,15,16,16,16	11,11,12,13,15	10,10,10,11,11	15,15,15,17,19	11,13,14,14,15
YMR155W		39,40,41,44,48	32,32,33,36,39	52,55,59,61,63	29,31,32,33,35	21,22,24,25,26	57,58,59,60,62	40,42,44,45,46
YMR156C	TPP1	36,37,37,39,40	39,40,41,43,44	92,95,99,103,107	31,33,36,36,36	24,27,31,33,34	100,100,100,101,101	33,33,34,36,37
YMR157C	AIM36	66,68,71,73,75	109,114,119,122,126	56,60,63,71,78	132,134,135,144,153	137,140,143,152,162	40,44,48,49,50	53,60,67,72,78
YMR158C-A		32,36,41,42,44	26,30,34,41,48	50,53,56,67,78	38,41,44,48,52	35,36,36,40,44	70,73,76,78,79	28,30,31,36,40
YMR158W-B		1,1,1,2,2	0,0,0,0,0	1,1,2,2,3	0,0,0,0.4,0.8	0,0,0,0.3,0.7	0,0,0,0,0	0,0,0,0.9,2
YMR158W	MRPS8	102,106,109,113,116	165,170,175,177,180	66,68,70,71,72	159,160,162,170,178	171,177,183,185,188	47,53,59,64,69	111,113,115,120,126
YMR159C	ATG16	0,0,0,0.2,0.5	0,0,0,0.2,0.5	0,0,0,0,0	0,0,0,0.3,0.6	0,0,0,0,0	0,0,0,0,0	0,0.2,0.4,0.5,0.5
YMR160W		25,26,27,27,27	25,27,29,32,35	32,35,38,39,40	25,25,25,26,27	21,21,21,23,25	30,32,33,35,36	27,27,27,27,27
YMR161W	HLJ1	86,89,92,93,94	78,83,88,91,94	103,107,111,117,123	81,84,87,88,90	78,78,79,82,85	105,107,109,110,110	77,78,79,81,83
YMR162C	DNF3	17,17,18,18,18	18,19,20,20,21	22,22,22,23,23	19,20,20,20,21	17,18,18,19,21	22,22,23,23,23	14,15,17,17,17
YMR163C	INP2	27,28,28,28,28	18,20,22,22,23	21,22,23,23,23	16,18,19,21,22	12,13,13,14,15	23,24,24,24,25	28,29,30,30,31
YMR164C	MSS11	23,25,26,27,27	25,25,25,26,27	57,57,58,61,64	20,21,21,23,24	19,20,20,21,22	47,50,53,54,55	24,25,26,26,26
YMR165C	PAH1	34,35,36,36,37	39,39,39,41,43	69,72,74,76,78	33,33,34,35,36	32,32,32,33,35	69,72,74,75,76	32,32,32,33,34
YMR166C	MME1	46,46,46,47,48	65,66,67,67,67	43,48,52,52,53	66,68,70,70,71	66,66,67,68,69	33,34,34,36,37	41,43,44,48,52
YMR167W	MLH1	20,20,20,21,21	21,21,22,23,24	25,26,27,28,28	20,20,20,20,20	21,22,22,22,22	25,25,26,26,27	16,16,17,18,19
YMR168C	CEP3	22,22,22,23,25	23,24,24,24,24	27,27,28,29,30	23,24,24,24,24	23,24,24,24,25	24,25,26,27,28	21,22,22,26,29
YMR169C	ALD3	9,10,12,13,14	14,15,15,16,17	54,54,54,59,64	11,11,12,13,13	9,9,10,10,11	46,47,47,51,55	11,12,12,12,12
YMR170C	ALD2	17,17,18,19,19	15,16,16,16,17	21,23,25,26,26	14,15,16,17,19	11,12,13,15,17	25,26,26,28,31	15,17,18,20,22
YMR171C	EAR1	57,57,58,59,60	51,51,52,54,56	79,82,85,85,85	47,48,50,50,51	42,46,49,49,49	74,75,77,77,78	59,59,59,60,60
YMR172C-A		0.6,0.6,0.7,0.9,1	0,0.3,0.6,0.6,0.7	0,0.2,0.5,0.6,0.8	0,0,0,0.4,0.7	0,0,0,0.3,0.6	0,0,0,0.6,1	0,0,0,0.5,1
YMR172W	HOT1	26,26,26,28,30	32,32,32,34,36	30,31,31,33,36	32,33,33,33,34	26,26,27,31,35	29,29,30,32,34	24,24,25,26,26
YMR173W-A		0.8,1,1,1,1	1,1,1,2,2	2,2,2,2,2	1,1,1,1,1	1,1,1,1,2	1,3,4,4,4	0.8,1,1,2,2
YMR173W	DDR48	7,7,8,8,9	7,8,9,11,12	12,12,12,12,13	9,10,11,12,13	8,9,10,10,11	9,10,10,11,13	6,7,7,9,10
YMR174C	PAI3	92,98,104,108,111	140,144,148,149,151	192,208,224,243,261	129,132,135,145,154	119,119,119,120,120	210,223,235,247,259	85,92,99,99,99
YMR175W-A		1,1,1,3,4	1,1,1,1,1	9,10,12,13,15	0,0.6,1,3,4	0,0,0,0.7,1	10,10,10,11,12	2,2,2,4,5
YMR175W	SIP18	17,17,17,25,33	10,13,15,19,23	42,42,43,43,44	6,8,10,13,15	9,10,11,13,14	39,42,44,45,46	15,16,18,23,28
YMR176W	ECM5	16,16,16,17,18	16,17,17,18,18	19,19,19,19,20	15,16,17,17,17	13,14,14,14,15	16,17,19,19,19	16,17,17,18,18
YMR177W	MMT1	35,36,37,38,39	30,30,31,31,32	16,18,19,20,20	23,25,26,29,33	28,28,29,30,30	10,13,15,15,15	37,40,43,43,43
YMR178W		68,70,72,75,78	70,75,79,84,90	77,79,81,83,86	72,77,81,83,86	71,76,82,86,91	81,82,83,87,90	75,77,79,81,83
YMR179W	SPT21	9,9,9,9,9	9,10,11,12,12	16,16,16,19,21	11,11,12,12,12	19,20,21,21,22	18,18,19,19,19	12,12,13,13,13
YMR180C	CTL1	36,37,39,40,40	37,38,38,42,47	65,65,65,70,74	35,36,37,40,42	29,30,31,32,32	63,63,64,69,73	42,44,46,46,47
YMR181C		155,157,159,167,174	139,141,142,153,164	199,200,201,207,214	132,137,142,143,145	121,125,128,140,151	184,196,207,212,217	150,152,154,162,170
YMR182C	RGM1	49,50,51,53,56	49,52,54,55,56	36,38,40,41,42	44,45,45,48,51	39,39,40,45,51	34,36,37,39,41	48,49,49,50,51
YMR182W-A		15,16,18,23,28	11,16,21,22,22	23,27,31,31,32	12,15,18,23,27	14,15,15,17,20	12,14,16,21,26	5,7,8,14,20
YMR183C	SSO2	222,222,223,228,233	218,218,219,231,242	103,105,107,109,112	203,205,207,209,212	168,169,170,174,178	98,100,102,103,103	200,204,208,210,212
YMR184W	ADD37	75,76,76,78,81	67,74,82,82,83	51,52,53,54,55	63,71,80,84,88	69,71,72,76,79	55,56,57,59,60	89,94,99,100,101
YMR185W	RTP1	25,25,25,26,26	21,22,22,22,22	20,20,21,21,21	20,21,23,23,23	19,20,21,21,21	19,19,20,20,20	26,26,27,27,28
YMR186W	HSC82	1176,1202,1227,1239,1251	956,997,1038,1054,1069	688,694,701,721,741	984,987,989,991,992	819,834,849,854,858	648,666,684,734,783	1156,1176,1196,1215,1234
YMR187C		31,33,35,36,37	34,36,37,39,41	49,50,51,54,57	34,34,35,38,40	33,33,34,36,38	48,53,57,58,60	36,37,37,39,41
YMR188C	MRPS17	168,184,200,201,202	243,257,272,278,285	108,118,128,132,135	270,277,283,295,306	300,304,307,321,335	84,88,92,98,103	186,190,194,196,197
YMR189W	GCV2	333,345,356,359,361	338,341,345,355,365	346,361,376,383,390	342,343,345,347,350	293,297,300,300,301	480,489,498,499,501	335,340,345,355,366
YMR190C	SGS1	19,19,20,21,21	14,15,15,16,17	24,24,25,25,25	14,15,16,16,16	12,12,12,13,13	25,26,27,27,27	23,23,24,24,24
YMR191W	SPG5	495,495,495,520,546	352,355,358,377,397	684,726,769,779,789	323,335,346,349,352	269,269,270,272,273	794,847,900,910,921	542,544,545,552,558
YMR192W	GYL1	17,18,18,18,19	20,20,20,21,21	17,17,17,18,19	16,17,18,18,19	17,18,19,19,20	16,17,19,19,19	18,18,18,18,19
YMR193C-A		17,18,18,19,20	14,14,14,18,21	8,10,11,12,13	21,21,22,22,23	26,27,27,27,28	10,11,12,14,16	10,10,11,14,17
YMR193W	MRPL24	87,92,97,99,102	152,152,153,159,165	61,69,77,77,78	159,162,166,168,170	170,175,180,183,185	49,49,49,50,50	83,84,85,89,94
YMR194C-A		11,13,15,18,21	7,7,8,8,9	11,12,12,16,19	3,7,12,12,13	4,5,6,8,10	19,25,31,31,32	6,7,8,11,14
YMR194C-B	CMC4	158,164,170,190,210	144,153,162,162,162	352,358,364,373,383	133,141,149,151,154	110,115,121,126,130	318,324,331,340,348	157,172,188,192,196
YMR194W	RPL36A	226,260,294,301,307	223,239,254,267,279	132,138,143,148,153	262,262,263,284,305	275,315,355,356,357	130,134,139,141,144	259,265,271,283,295
YMR195W	ICY1	184,190,197,219,241	195,206,218,219,219	506,528,551,561,572	161,162,163,175,187	132,143,154,156,159	471,490,509,534,559	200,211,223,256,289
YMR196W		89,91,92,101,109	110,110,111,113,114	131,138,146,150,154	96,97,98,98,98	62,65,67,67,67	134,142,151,154,158	87,87,88,96,104
YMR197C	VTI1	178,182,187,190,194	200,205,209,211,212	254,259,263,267,271	188,194,200,202,203	174,178,183,185,188	229,233,238,249,259	176,177,179,188,196
YMR198W	CIK1	37,38,39,39,39	32,33,33,34,34	19,20,22,22,22	29,30,30,31,31	19,19,20,20,21	18,19,20,21,22	42,43,43,44,45
YMR199W	CLN1	73,73,74,78,83	42,44,45,45,46	23,23,24,26,29	40,41,42,43,43	94,95,96,96,97	24,24,24,25,26	81,84,87,88,88
YMR200W	ROT1	304,304,304,315,326	240,249,258,271,283	251,257,263,264,265	249,262,274,274,274	248,253,258,268,277	232,234,237,245,253	319,323,327,336,345
YMR201C	RAD14	38,40,43,45,47	41,43,45,46,47	42,45,48,50,52	36,39,42,45,48	40,41,42,43,44	40,45,49,50,50	40,40,40,43,46
YMR202W	ERG2	383,390,397,407,417	364,371,377,378,379	238,240,242,244,246	366,376,385,386,387	290,301,313,323,332	233,244,255,260,264	343,365,388,397,405
YMR203W	TOM40	244,247,250,255,260	288,293,298,309,319	260,262,263,265,267	308,312,317,325,333	281,292,303,309,316	219,224,229,234,240	233,240,247,247,248
YMR204C	INP1	25,25,26,27,28	23,23,23,24,25	17,19,22,23,24	24,24,25,27,28	16,17,18,20,22	20,20,20,21,21	23,24,25,28,30
YMR205C	PFK2	116,117,118,120,123	116,119,122,124,126	70,71,71,76,80	125,127,129,135,141	113,119,124,127,130	68,72,75,75,75	108,110,112,112,112
YMR206W		66,70,75,75,75	106,109,112,119,125	89,94,98,102,106	106,116,126,127,128	96,97,97,105,113	87,89,91,91,91	62,63,64,64,65
YMR207C	HFA1	10,10,10,11,12	10,11,11,12,12	10,11,12,12,13	10,10,11,11,11	9,10,10,11,11	11,11,12,13,13	9,9,9,10,10
YMR208W	ERG12	79,81,84,85,87	92,94,96,98,99	98,98,99,99,99	94,94,95,98,101	87,87,87,88,89	96,99,102,105,107	71,72,74,79,83
YMR209C		29,30,31,32,34	32,32,33,33,34	34,35,36,37,37	31,32,32,33,34	30,30,30,31,32	36,37,38,39,39	22,24,25,27,28
YMR210W	MGL2	42,43,44,44,45	47,47,48,50,53	55,58,61,61,62	48,49,51,51,52	46,46,47,47,47	50,50,51,55,60	41,42,42,44,45
YMR211W	DML1	34,35,36,36,36	29,29,30,30,30	42,44,46,49,51	30,31,33,36,39	28,28,28,29,30	41,41,41,46,51	33,34,35,36,37
YMR212C	EFR3	35,36,37,38,39	30,35,40,40,40	40,41,42,44,45	34,35,37,38,39	34,37,40,41,42	36,36,36,38,40	35,35,35,36,36
YMR213W	CEF1	23,24,24,25,26	25,26,28,28,28	37,39,41,43,45	26,27,28,28,28	24,25,25,26,27	35,37,38,40,42	24,24,24,24,25
YMR214W	SCJ1	62,63,65,67,69	52,53,54,54,54	69,69,70,74,77	55,56,57,59,61	50,50,51,59,67	77,78,79,80,82	62,63,63,64,66
YMR215W	GAS3	183,184,185,188,190	41,42,44,47,51	24,26,27,29,31	23,28,33,34,35	19,21,23,26,30	24,25,27,29,30	227,235,243,249,256
YMR216C	SKY1	34,35,35,38,40	36,36,37,38,40	29,31,32,34,35	32,34,35,36,36	35,35,35,36,37	28,29,30,31,31	37,38,40,40,40
YMR217W	GUA1	133,153,174,178,183	119,127,135,140,145	146,149,152,154,157	147,148,149,149,149	183,184,185,195,205	132,134,136,139,142	137,139,142,150,159
YMR218C	TRS130	13,13,13,13,13	12,13,15,15,16	14,14,15,15,15	12,12,12,13,13	13,13,13,14,14	13,13,13,14,14	11,12,12,12,12
YMR219W	ESC1	14,15,15,15,15	16,17,18,19,19	12,13,13,14,14	16,16,16,17,17	15,15,15,16,16	12,12,12,13,13	14,14,15,15,16
YMR220W	ERG8	82,84,85,91,97	88,89,91,94,97	81,82,83,84,85	88,88,89,92,94	75,77,80,81,82	90,90,91,91,91	81,83,86,87,88
YMR221C	FMP42	73,74,75,76,77	74,77,80,82,84	86,90,94,96,98	76,76,76,78,79	59,62,66,66,67	105,106,107,108,110	74,75,75,76,78
YMR222C	FSH2	35,37,39,39,40	40,41,42,44,47	55,56,58,58,58	40,41,41,44,47	45,48,51,53,55	52,57,61,62,62	28,31,35,36,37
YMR223W	UBP8	21,23,24,24,24	21,22,24,24,24	24,25,25,27,29	25,25,25,26,26	21,22,23,25,27	24,25,25,25,25	19,21,23,24,26
YMR224C	MRE11	24,24,25,26,27	28,29,29,29,29	36,38,40,42,44	26,27,27,29,31	23,25,26,28,29	37,38,39,40,42	23,23,24,25,25
YMR225C	MRPL44	200,208,216,227,239	276,293,311,331,352	164,178,193,218,244	306,307,308,321,334	310,310,310,315,320	141,142,143,153,164	176,177,179,187,195
YMR226C		327,335,343,364,384	346,362,379,390,401	589,606,623,643,662	375,378,382,383,385	310,311,312,316,321	647,649,651,678,705	320,326,331,347,363
YMR227C	TAF7	27,27,27,29,30	26,29,31,33,35	19,20,21,23,25	24,27,30,31,31	27,27,28,29,30	18,18,18,19,21	25,26,27,27,27
YMR228W	MTF1	30,32,34,35,37	38,40,41,42,42	22,24,26,27,27	34,39,43,44,44	35,36,36,41,45	24,24,24,24,24	32,32,32,33,34
YMR229C	RRP5	16,19,23,24,24	18,18,18,19,19	17,18,19,21,22	20,21,22,22,23	27,28,29,29,30	12,12,13,14,15	16,16,17,17,17
YMR230W-A		0,0,0,0,0	0,0,0,0,0	0,0,0,0.8,2	0,0,0,0.6,1	0,0,0,0.8,2	0,0.6,1,2,3	0,0,0,0.7,1
YMR230W	RPS10B	590,616,643,646,649	589,593,598,624,651	342,344,346,356,366	569,598,627,635,642	769,804,839,863,888	276,276,277,279,282	646,667,689,694,699
YMR231W	PEP5	16,16,16,16,16	15,16,17,18,19	18,18,18,18,19	16,16,16,16,16	14,14,15,15,16	17,17,17,17,18	14,15,16,16,17
YMR232W	FUS2	4,4,4,4,4	5,5,6,6,7	10,10,11,11,11	5,5,5,6,6	4,4,4,5,6	9,9,10,10,10	4,4,4,4,5
YMR233W	TRI1	20,21,23,24,25	30,32,34,34,34	22,22,22,24,27	31,35,38,41,43	36,38,41,41,42	23,24,25,25,25	24,24,24,25,25
YMR234W	RNH1	31,31,31,32,33	32,32,33,33,34	43,43,44,45,46	31,33,36,37,37	31,31,32,32,32	41,44,48,48,48	34,34,35,36,37
YMR235C	RNA1	123,124,125,129,134	125,129,133,134,135	123,123,124,128,132	123,129,136,137,139	126,127,129,131,133	132,133,133,136,139	125,127,129,130,131
YMR236W	TAF9	181,186,191,193,195	153,165,177,180,184	182,193,203,205,207	171,173,174,180,186	142,147,151,156,161	210,213,216,217,217	159,173,187,188,188
YMR237W	BCH1	63,64,65,67,68	66,68,69,70,71	64,66,67,69,70	67,68,70,71,73	60,62,63,64,64	62,65,68,68,68	60,62,65,67,69
YMR238W	DFG5	101,104,107,109,112	68,70,72,72,73	225,232,239,245,251	74,74,74,75,75	71,73,75,77,79	158,165,171,180,189	111,118,125,127,128
YMR239C	RNT1	20,20,21,21,22	20,20,21,22,22	18,19,20,20,21	22,22,22,24,26	25,27,29,29,29	12,12,13,14,15	17,17,18,18,19
YMR240C	CUS1	35,36,37,39,41	38,38,38,39,40	31,32,34,34,34	35,37,38,39,40	31,32,33,33,34	30,32,33,34,34	38,40,42,42,42
YMR241W	YHM2	1024,1050,1077,1094,1111	930,935,941,1017,1093	473,478,482,509,535	901,920,939,951,964	695,724,752,771,789	510,515,519,541,562	968,971,974,1025,1077
YMR242C	RPL20A	391,411,431,474,518	449,458,466,481,496	202,218,234,241,249	489,493,496,503,509	684,692,699,701,704	201,204,207,207,208	393,395,398,418,439
YMR242W-A		12,15,17,19,20	0,4,8,10,13	0,0,0,2,5	0,0,0,1,2	0,0,0,1,3	0,0,0,4,8	11,11,12,17,23
YMR243C	ZRC1	191,191,191,198,205	164,168,173,179,185	145,147,149,150,151	172,172,173,179,184	169,171,174,177,179	167,168,168,171,175	177,181,184,184,184
YMR244C-A	COA6	3,3,4,4,5	2,4,5,6,7	5,5,5,6,6	3,3,3,3,4	3,4,5,5,5	2,3,3,4,4	3,3,3,4,4
YMR244W		7,7,8,8,8	5,5,5,6,6	10,11,11,11,12	5,5,5,6,7	4,4,5,5,6	11,12,13,15,16	3,5,7,7,8
YMR245W		4,4,4,6,8	3,4,5,6,8	18,20,23,23,24	4,5,6,6,7	3,5,7,8,9	14,16,19,19,20	2,3,4,4,5
YMR246W	FAA4	172,174,177,178,179	234,234,235,247,260	407,413,420,422,424	262,264,266,279,292	246,247,248,250,252	388,392,396,401,406	147,149,150,157,164
YMR247C	RKR1	16,16,16,17,18	15,18,20,20,21	23,23,23,24,24	15,16,16,17,18	15,16,17,17,17	21,22,23,23,24	16,16,17,17,18
YMR247W-A		0,0.7,1,2,2	0,0.8,2,2,2	2,3,3,5,6	0,0,0,0.8,2	0,1,2,3,4	0,1,2,3,4	0,0,0,2,5
YMR250W	GAD1	13,15,16,17,17	19,20,22,23,24	45,47,50,50,51	21,22,23,25,26	15,16,17,18,18	42,42,42,44,46	13,15,17,17,17
YMR251W-A	HOR7	5802,5859,5916,5942,5969	8042,8042,8042,8042,8042	4045,4154,4262,4262,4262	7934,7934,7934,7934,7934	7665,7665,7665,8119,8572	3275,3275,3275,3314,3352	5138,5203,5269,5269,5269
YMR251W	GTO3	12,12,12,14,15	16,17,18,19,19	32,36,40,40,41	15,16,18,18,18	12,14,15,16,16	24,25,26,28,31	10,11,11,14,16
YMR252C		51,51,52,55,58	55,59,63,66,68	41,47,53,53,53	53,54,54,55,55	37,40,42,46,50	62,64,66,67,69	44,44,45,48,51
YMR253C		35,36,36,36,36	41,43,45,46,46	35,39,43,44,45	42,44,46,46,47	31,35,38,41,43	40,42,45,47,49	29,31,32,33,33
YMR254C		9,11,13,14,14	16,17,18,21,24	10,11,12,16,20	18,19,20,20,21	15,17,19,21,24	14,16,18,18,19	8,9,10,11,12
YMR255W	GFD1	167,168,169,176,183	178,179,180,185,189	224,230,236,245,253	161,171,181,183,184	164,167,170,174,178	213,219,226,229,232	158,168,178,178,179
YMR256C	COX7	2335,2364,2393,2477,2561	2426,2567,2708,2751,2793	1959,2014,2069,2219,2369	2464,2563,2662,2690,2718	2538,2610,2683,2722,2760	1810,1810,1810,1847,1883	2339,2439,2538,2552,2566
YMR257C	PET111	30,31,32,32,32	36,37,38,39,40	36,37,39,40,41	37,38,39,40,42	34,35,36,36,37	33,34,36,36,36	29,29,29,29,30
YMR258C	ROY1	48,49,51,51,51	53,57,62,62,63	76,80,84,85,86	52,53,55,58,60	48,50,52,52,53	82,82,82,82,83	43,44,44,45,45
YMR259C	TRM732	15,16,16,18,19	15,15,16,16,16	12,12,12,13,13	15,15,15,16,16	15,15,16,16,17	8,9,10,11,11	14,15,15,16,16
YMR260C	TIF11	309,331,354,359,364	314,318,322,338,353	211,213,215,221,227	324,334,344,347,350	365,368,372,394,415	198,200,202,216,231	304,310,316,328,341
YMR261C	TPS3	42,42,42,43,43	51,52,52,53,53	61,61,61,63,65	50,51,51,52,53	45,48,50,51,53	57,59,61,64,68	39,40,41,42,44
YMR262W		44,45,46,48,50	58,58,59,59,60	60,64,68,71,74	51,53,55,58,60	46,47,47,47,47	76,77,79,84,88	38,40,42,47,52
YMR263W	SAP30	54,54,54,56,57	43,45,47,48,49	41,43,45,46,47	37,39,41,43,44	37,40,43,44,45	42,43,43,48,52	51,52,53,54,56
YMR264W	CUE1	189,200,211,216,222	185,185,186,200,214	202,208,214,220,225	172,184,195,204,212	168,169,171,172,173	227,228,230,232,235	184,197,210,221,232
YMR265C		36,37,38,39,40	33,34,34,36,38	31,33,35,37,39	29,30,32,32,33	26,27,28,29,29	38,39,39,41,42	35,35,35,36,36
YMR266W	RSN1	48,48,49,49,50	43,44,44,45,46	39,39,39,42,44	51,52,53,53,53	64,65,66,67,67	32,33,33,34,35	46,47,47,49,51
YMR267W	PPA2	91,104,116,117,119	134,137,140,143,146	148,153,159,166,173	143,143,144,146,148	142,142,143,155,166	140,142,145,147,150	110,112,113,115,117
YMR268C	PRP24	18,20,22,23,23	18,18,19,19,20	24,25,25,27,28	15,16,17,18,19	18,18,18,18,19	24,24,24,26,28	17,18,18,20,22
YMR269W	TMA23	31,35,38,41,44	36,38,39,43,48	24,26,28,31,35	34,35,37,46,55	44,46,48,51,53	19,21,24,30,36	29,30,31,32,32
YMR270C	RRN9	46,46,46,50,54	34,37,40,40,41	42,44,46,48,50	31,32,32,34,36	31,32,32,32,33	36,39,42,47,53	52,56,59,60,62
YMR271C	URA10	43,44,45,46,48	48,51,54,55,57	94,102,110,112,115	51,51,52,57,62	37,42,47,49,50	101,105,110,113,117	42,44,47,50,53
YMR272C	SCS7	144,144,145,147,149	109,112,116,118,121	104,105,106,107,109	115,118,122,123,125	110,112,113,116,119	112,114,115,117,118	139,142,145,146,147
YMR272W-A		0,0,0,0,0	0,0,0,0,0	0,0,0,0,0	0,0,0,0,0	0,0,0,0,0	0,0,0,0,0	0,0,0,0,0
YMR272W-B		2,2,2,4,5	0,1,2,3,3	2,2,3,5,6	0,0,0,0,0	0,0,0,1,2	2,4,5,7,9	0,1,2,5,8
YMR273C	ZDS1	13,14,15,15,15	11,11,12,14,17	12,12,13,13,14	13,14,14,15,15	15,16,17,17,18	11,12,13,13,14	16,16,16,17,18
YMR274C	RCE1	23,26,28,29,29	18,21,24,24,24	17,17,18,18,18	22,23,25,27,29	15,18,21,22,23	17,17,18,18,18	27,28,29,31,32
YMR275C	BUL1	29,30,32,33,34	28,29,31,31,32	56,56,57,58,59	26,27,28,29,29	26,26,26,26,27	59,63,67,67,67	30,30,30,32,34
YMR276W	DSK2	401,419,437,476,515	372,391,409,432,455	358,377,396,406,416	383,385,387,398,408	335,337,339,354,370	442,444,447,453,458	394,398,402,411,420
YMR277W	FCP1	58,59,59,59,60	48,48,49,53,58	70,71,72,75,79	48,50,52,52,52	50,52,55,55,55	71,71,72,74,77	64,65,67,68,69
YMR278W	PRM15	30,31,31,33,34	26,29,31,32,32	41,43,44,44,45	25,27,30,32,34	24,25,26,27,28	38,42,45,46,47	31,32,32,34,36
YMR279C		10,10,11,12,13	10,11,12,13,14	7,8,8,9,10	8,9,10,11,12	7,8,9,10,11	11,11,12,13,13	11,11,11,13,14
YMR280C	CAT8	30,31,32,33,35	29,31,33,33,33	32,32,32,33,33	28,28,28,28,28	25,26,27,27,28	28,30,31,32,33	31,32,33,34,35
YMR281W	GPI12	31,31,31,33,34	27,27,27,28,30	39,40,40,43,45	26,29,32,33,34	27,27,28,30,33	32,34,36,37,39	32,32,32,34,36
YMR282C	AEP2	45,45,45,46,46	50,56,63,63,63	32,34,35,37,38	56,57,57,58,59	61,63,65,66,67	30,31,32,33,33	42,43,43,43,44
YMR283C	RIT1	21,22,23,24,25	21,21,22,23,24	24,24,25,26,27	17,20,22,22,23	18,19,20,22,24	24,25,25,26,27	20,21,22,23,24
YMR284W	YKU70	16,17,19,19,19	20,20,20,21,21	31,31,32,33,34	17,18,19,19,19	16,16,16,17,17	32,33,33,35,36	19,19,20,22,25
YMR285C	NGL2	38,39,40,40,41	41,41,41,43,45	39,41,43,43,44	39,40,41,44,47	31,33,35,36,38	35,36,37,38,39	39,39,40,42,44
YMR286W	MRPL33	198,209,220,227,235	292,294,295,296,297	168,183,197,205,213	303,313,324,327,329	296,301,306,330,355	134,138,143,143,143	187,190,193,200,207
YMR287C	DSS1	21,21,22,22,22	28,28,28,29,29	19,21,22,22,23	23,26,28,29,30	26,27,27,28,28	19,19,20,20,21	22,22,22,23,24
YMR288W	HSH155	15,15,15,17,18	15,15,16,16,16	19,19,20,21,21	13,14,15,15,16	13,14,14,15,15	18,19,20,20,20	14,14,15,16,17
YMR289W	ABZ2	71,71,71,72,73	83,88,93,93,94	83,84,85,85,86	84,90,96,96,96	86,87,89,91,93	76,78,80,83,86	67,67,67,68,68
YMR290C	HAS1	65,73,81,84,87	50,52,54,55,56	42,42,42,46,50	53,56,58,61,63	71,72,74,75,76	28,29,29,30,32	71,72,72,80,88
YMR290W-A		0,0,0,0.3,0.7	0,0,0,0.4,0.7	0,0,0,0.3,0.7	0,0,0,0,0	0,0,0,0,0	0,0,0,0,0	0,0,0,0,0
YMR291W	TDA1	11,13,14,15,16	13,13,14,16,18	17,18,18,18,18	14,15,16,16,16	18,18,18,19,20	15,16,16,17,17	15,15,16,17,18
YMR292W	GOT1	102,104,105,113,120	66,75,84,90,96	110,111,113,121,130	74,76,77,85,94	89,92,94,98,102	97,99,101,107,112	126,126,126,140,153
YMR293C	HER2	35,37,39,39,40	53,56,58,61,63	29,31,33,34,35	52,53,55,57,59	49,51,53,55,56	30,30,30,31,32	36,36,36,40,44
YMR294W-A		3,4,5,5,5	2,2,2,3,4	2,4,5,5,6	1,1,1,2,3	0.6,2,2,3,4	2,2,2,5,7	5,5,5,7,8
YMR294W	JNM1	42,45,48,51,53	56,57,58,60,61	37,39,42,46,49	50,51,52,53,55	40,43,45,47,49	37,39,42,43,44	38,40,43,43,44
YMR295C		334,341,347,351,355	200,210,220,221,223	273,282,292,296,300	191,195,199,203,207	157,158,159,159,159	221,225,230,248,266	396,401,407,416,425
YMR296C	LCB1	95,97,98,98,99	90,92,93,95,97	77,85,92,93,93	90,91,92,95,97	95,96,98,100,101	81,84,86,86,87	91,94,97,100,103
YMR297W	PRC1	336,338,341,371,401	401,406,412,427,443	534,548,562,599,635	441,452,463,467,470	453,454,455,459,462	588,599,611,630,648	291,296,302,310,319
YMR298W	LIP1	139,141,144,147,151	102,113,123,124,125	153,158,163,166,170	104,109,114,124,133	103,105,107,109,111	149,155,161,164,167	145,146,147,155,163
YMR299C	DYN3	64,67,70,76,82	68,69,71,73,76	38,41,45,45,45	61,62,62,63,64	47,52,57,58,59	34,34,34,38,42	70,71,71,72,72
YMR300C	ADE4	424,437,450,452,454	402,411,419,451,483	376,385,395,406,417	425,433,441,445,449	354,361,367,370,373	459,476,493,512,531	423,425,427,436,445
YMR301C	ATM1	59,60,61,65,70	62,64,65,65,66	63,64,65,66,67	61,62,62,65,68	66,70,74,74,74	62,65,69,70,70	65,67,69,72,74
YMR302C	YME2	109,111,114,115,117	134,138,142,143,144	126,128,130,131,132	134,138,142,143,144	135,137,138,139,139	130,131,133,133,133	101,106,111,113,115
YMR303C	ADH2	4436,4513,4591,4716,4842	3234,3545,3856,4117,4378	6595,6911,7227,7227,7227	3280,3442,3604,3780,3957	2760,2897,3034,3205,3376	8737,8834,8932,8932,8932	4527,4527,4527,4596,4665
YMR304C-A		8,8,9,10,11	2,3,3,4,5	19,20,21,23,25	3,3,4,4,4	0.7,4,7,8,9	13,15,18,23,29	9,10,10,13,16
YMR304W	UBP15	60,63,65,67,70	65,67,69,69,69	138,143,148,148,149	58,60,61,63,65	49,50,50,53,56	149,151,152,153,153	65,66,67,71,74
YMR305C	SCW10	223,224,225,226,227	54,58,62,68,74	348,354,361,368,376	64,72,80,83,86	228,228,228,236,243	268,269,269,281,293	329,368,408,413,418
YMR306C-A		2,2,3,3,3	0.7,1,1,2,2	2,3,4,6,7	0.5,2,3,3,3	0.6,0.7,0.8,2,2	3,3,3,3,4	0.7,2,2,3,3
YMR306W	FKS3	4,4,4,5,5	5,5,5,5,5	7,7,7,7,8	4,5,5,5,5	5,6,6,6,6	7,8,8,8,8	5,5,6,6,6
YMR307C-A		0,0,0,0,0	0,0,0,0,0	0,0,0,0,0	0,0,0,0,0	0,0,0,0,0	0,0,0,0,0	0,0,0,0,0
YMR307W	GAS1	638,641,643,651,658	374,391,408,420,431	162,169,176,182,189	457,460,463,466,468	598,600,601,604,606	124,132,140,143,146	609,649,689,704,720
YMR308C	PSE1	45,48,51,52,53	47,48,49,51,53	39,40,40,42,44	50,52,54,54,54	57,58,59,61,63	35,37,39,39,39	45,46,47,47,47
YMR309C	NIP1	68,77,86,87,88	77,78,79,80,82	81,85,88,88,89	88,90,93,94,95	101,104,107,108,108	72,73,75,77,79	74,74,74,75,76
YMR310C		51,54,58,58,58	56,58,59,62,66	67,69,71,71,71	61,62,63,65,66	65,68,71,72,73	48,51,55,58,62	48,54,60,60,61
YMR311C	GLC8	244,257,270,271,271	263,272,281,315,349	325,329,333,333,334	256,260,263,272,281	259,271,282,300,318	344,345,346,359,371	240,246,253,254,254
YMR312W	ELP6	80,81,82,85,88	77,78,79,80,81	78,81,83,86,88	80,81,81,82,83	82,86,90,93,95	66,71,76,80,85	79,81,84,87,90
YMR313C	TGL3	40,41,41,41,41	37,38,39,40,40	59,59,59,61,62	37,37,38,39,40	36,36,37,37,38	57,58,58,58,59	39,41,42,43,43
YMR314W	PRE5	431,444,458,478,498	413,417,420,429,438	391,391,391,398,404	426,432,438,439,440	384,389,394,403,411	406,419,433,444,455	444,449,454,465,475
YMR315W		95,95,96,102,109	109,110,111,114,118	178,181,184,198,212	113,116,119,122,125	112,117,121,121,122	174,175,176,180,184	106,106,106,107,108
YMR315W-A		8,12,17,18,19	7,13,18,20,22	33,33,34,35,36	10,12,15,16,17	11,14,17,20,23	12,17,21,24,26	9,13,16,21,26
YMR316C-A		0,0.4,0.7,1,1	0,0,0,1,3	3,3,4,6,9	0,0.8,2,2,2	0,0.4,0.7,1,2	2,2,3,4,5	0,0,0,0.5,1
YMR316C-B		0,1,2,4,5	2,2,3,4,4	1,2,4,5,6	0,0.9,2,2,2	2,2,2,2,2	3,3,3,4,4	0.7,2,3,3,4
YMR316W	DIA1	11,12,12,13,13	11,11,11,12,14	23,23,23,25,28	10,11,12,13,14	17,17,18,18,18	24,25,25,26,26	12,13,14,14,14
YMR317W		9,10,11,11,11	10,10,10,10,11	13,13,13,13,14	9,9,10,10,11	8,8,9,9,9	12,12,13,13,13	10,10,11,11,12
YMR318C	ADH6	200,204,209,209,209	217,222,228,228,228	289,297,305,307,310	230,231,232,233,233	187,192,198,207,216	303,304,305,310,314	194,199,203,206,208
YMR319C	FET4	25,25,25,25,25	24,24,24,25,25	32,35,37,37,37	24,25,27,27,28	20,21,22,22,22	34,34,35,37,38	21,21,22,23,24
YMR320W		11,12,14,18,21	8,10,13,14,15	24,25,26,27,27	8,9,10,15,20	9,11,12,12,13	24,26,28,30,32	13,14,14,14,14
YMR321C		40,43,47,48,49	48,49,49,56,63	61,69,77,81,84	59,61,64,69,73	50,51,52,58,64	77,80,83,89,95	57,58,58,61,64
YMR322C	SNO4	14,15,17,17,17	15,16,17,19,20	50,51,52,53,54	17,18,20,21,22	14,17,20,20,21	45,49,52,56,60	15,16,17,17,17
YMR323W	ERR3	5,6,7,7,7	8,9,9,9,10	25,26,26,27,28	7,7,7,8,9	5,5,6,6,6	21,22,22,23,25	6,7,9,9,10
YMR324C		2,2,3,4,5	2,3,3,4,4	9,10,10,11,12	1,3,5,5,5	2,3,4,4,4	12,12,12,17,21	1,2,4,4,5
YMR325W	PAU19	1,2,2,4,5	2,3,3,3,3	4,4,5,6,8	0,0.3,0.5,2,3	1,1,1,2,2	5,6,7,10,13	0.6,1,1,2,3
YMR326C		0,0,0,0,0	0,0.4,0.8,0.8,0.8	0,0,0,0.6,1	0,0,0,0.4,0.8	0,0,0,0,0	0,0,0,0.5,1	0,0,0,0.7,1
YNL001W	DOM34	59,61,63,63,63	44,48,52,56,59	87,89,92,92,92	47,50,54,54,54	50,57,64,66,67	79,84,88,89,90	56,58,60,62,65
YNL002C	RLP7	127,137,147,148,149	108,111,114,116,118	172,179,186,187,188	118,119,121,122,124	144,150,156,165,174	136,145,154,161,168	132,135,138,143,148
YNL003C	PET8	73,75,77,78,78	69,69,70,72,74	94,98,102,105,107	61,62,63,68,73	59,60,60,60,61	95,98,102,106,110	77,78,78,79,79
YNL004W	HRB1	141,144,146,150,154	138,140,142,148,153	117,118,119,122,126	133,137,141,146,152	143,147,151,158,165	117,123,128,131,133	152,152,153,155,156
YNL005C	MRP7	151,162,174,185,197	228,238,248,250,251	218,225,232,236,240	245,245,245,249,254	261,263,266,271,275	176,180,183,188,192	153,157,161,165,169
YNL006W	LST8	136,137,138,139,140	142,143,145,148,151	125,128,132,132,133	135,140,145,146,148	116,117,119,123,127	124,125,125,127,129	130,135,139,141,143
YNL007C	SIS1	423,432,441,458,475	392,422,452,472,493	193,195,196,208,220	396,400,405,427,450	377,379,382,387,392	174,180,186,189,192	401,409,417,439,461
YNL008C	ASI3	51,51,51,54,57	49,50,51,52,54	77,78,79,83,87	48,48,48,49,49	44,45,46,46,47	84,85,86,88,90	49,51,53,53,53
YNL009W	IDP3	34,35,35,36,37	25,25,25,27,29	259,260,260,262,263	21,22,23,25,26	19,19,20,20,20	253,263,273,277,280	33,36,39,41,42
YNL010W		179,182,185,187,189	111,123,135,140,145	102,102,102,107,111	117,119,122,126,131	106,110,113,129,145	90,99,108,109,109	197,202,206,210,213
YNL011C		25,26,27,28,29	27,29,30,31,31	38,39,40,42,44	26,27,29,31,34	25,25,26,27,29	39,40,40,42,44	24,24,24,26,27
YNL012W	SPO1	21,22,22,23,23	26,26,27,28,29	123,132,142,144,147	22,24,25,26,26	17,18,20,20,21	134,143,151,152,153	22,23,25,26,26
YNL013C		0,0,0,0,0	0,0,0,0,0	0,0,0,0.6,1	0,0,0,0.3,0.5	0,0,0,0.4,0.9	0,0,0,0.3,0.6	0,0,0,0,0
YNL014W	HEF3	13,13,13,14,14	13,14,14,15,15	43,44,45,46,46	11,11,11,13,15	9,10,10,11,12	47,48,48,49,51	12,14,15,15,16
YNL015W	PBI2	2187,2274,2361,2439,2517	2589,2612,2636,2758,2880	3020,3109,3198,3229,3261	2863,2877,2891,3068,3244	4478,4478,4478,4478,4478	2886,2900,2914,2914,2914	2262,2262,2262,2365,2469
YNL016W	PUB1	187,190,193,194,195	171,175,180,181,182	149,152,154,158,163	175,179,183,187,191	195,197,200,203,206	154,155,157,157,158	185,191,198,203,208
YNL017C		0,0.7,1,2,2	2,2,2,2,3	4,4,4,4,4	2,2,3,3,4	0,1,2,3,3	4,5,5,5,6	0.7,1,2,2,2
YNL018C		1,1,2,2,2	1,2,2,2,2	3,3,4,4,5	1,1,1,2,3	1,1,1,1,2	4,4,4,4,4	1,1,2,2,2
YNL019C		0.6,1,1,2,2	0.9,1,2,2,2	2,2,3,3,3	0.4,0.5,0.7,0.9,1	0,0.6,1,2,3	2,2,3,3,4	0.8,1,1,1,1
YNL020C	ARK1	29,30,31,33,36	29,31,32,33,33	32,33,35,35,35	27,27,28,29,29	23,23,23,24,24	34,35,36,37,37	33,34,34,35,36
YNL021W	HDA1	31,34,38,38,39	31,32,32,32,33	42,43,43,43,44	28,28,29,30,30	30,32,33,33,34	41,41,41,43,44	34,36,38,40,42
YNL022C	RCM1	40,41,41,44,47	34,36,38,39,41	65,66,67,70,73	39,41,42,44,47	45,46,47,47,47	57,59,61,62,64	39,39,40,42,44
YNL023C	FAP1	25,25,26,26,27	19,20,20,21,23	32,33,34,34,35	18,20,21,22,22	21,21,21,21,22	33,33,34,35,37	25,25,25,28,30
YNL024C-A	KSH1	268,275,281,285,289	244,251,259,267,275	322,323,324,331,338	244,255,267,275,284	237,238,239,252,264	283,311,339,341,343	286,293,300,305,311
YNL024C	EFM6	7,7,7,7,8	4,5,6,6,7	13,14,14,16,17	4,4,4,5,5	2,2,2,4,5	9,11,12,13,14	7,7,7,8,8
YNL025C	SSN8	26,26,26,28,31	28,28,29,29,29	42,43,45,45,46	27,28,29,31,32	25,26,27,29,31	41,41,42,44,47	25,27,30,30,30
YNL026W	SAM50	67,67,68,70,71	76,77,78,80,82	76,79,81,82,82	72,74,76,80,83	67,69,70,74,77	83,84,85,85,86	69,71,73,74,75
YNL027W	CRZ1	49,49,50,51,52	50,51,51,53,55	75,76,77,80,83	45,47,49,49,50	44,45,46,48,51	75,77,78,81,83	52,52,53,53,53
YNL028W		2,2,2,2,2	0.8,1,2,2,3	6,8,9,10,11	0.7,0.8,1,1,2	0,1,2,2,2	9,10,10,10,10	1,2,2,3,4
YNL029C	KTR5	20,22,24,24,25	24,24,24,24,24	34,36,38,38,39	20,21,21,22,22	18,20,21,22,24	38,39,40,41,42	22,23,24,24,24
YNL030W	HHF2	2754,2788,2822,3012,3202	840,886,932,964,995	162,236,310,315,319	653,667,681,778,876	721,774,827,835,843	183,248,314,322,329	4355,4510,4665,4673,4681
YNL031C	HHT2	3306,3372,3438,3511,3585	1598,1690,1781,1822,1864	829,951,1073,1094,1116	1289,1399,1508,1577,1645	1235,1285,1335,1431,1526	938,993,1047,1074,1101	4997,4997,4997,5190,5383
YNL032W	SIW14	54,55,57,59,61	61,65,68,69,69	63,65,68,69,70	68,73,78,79,80	96,102,107,108,109	53,56,58,60,63	51,52,52,54,56
YNL033W		1,1,1,2,2	0,0.5,1,2,2	1,1,1,2,2	0.6,0.8,1,2,3	0.8,1,2,2,3	0.7,1,1,2,2	0.5,0.9,1,1,1
YNL034W		2,2,2,3,3	2,3,3,3,4	7,7,8,9,10	3,3,3,4,4	3,4,4,4,5	8,8,9,10,11	2,2,2,3,3
YNL035C		53,54,55,56,57	54,56,59,60,61	77,80,82,84,86	56,56,56,57,58	54,55,56,59,62	85,89,93,93,94	51,56,62,62,62
YNL036W	NCE103	5377,5606,5835,5875,5916	4165,4271,4378,4565,4752	4565,4622,4679,4679,4679	3604,3780,3957,4025,4094	2492,2632,2771,3108,3445	5127,5290,5453,5524,5595	5982,6175,6368,6504,6639
YNL037C	IDH1	1744,1755,1767,1832,1897	2151,2177,2203,2237,2270	194,199,203,208,213	2198,2231,2264,2271,2278	1872,1872,1872,1915,1958	129,130,130,134,137	1638,1649,1661,1685,1710
YNL038W	GPI15	39,41,43,45,47	37,41,45,47,49	61,63,64,69,74	39,42,45,45,46	39,39,40,41,43	62,63,64,66,69	48,48,49,50,52
YNL039W	BDP1	49,49,50,53,56	50,50,50,54,57	58,61,65,65,66	47,48,48,52,56	49,53,57,58,59	57,60,63,64,64	52,54,55,61,67
YNL040W		54,56,57,61,64	58,62,66,68,69	53,55,58,63,68	57,59,60,60,60	54,56,59,61,63	59,60,62,65,69	50,50,51,56,62
YNL041C	COG6	34,36,37,38,40	33,35,36,37,37	37,38,38,39,39	31,32,32,33,34	29,30,31,32,32	38,39,41,42,43	38,38,38,39,40
YNL042W-B		0,1,2,2,2	3,4,4,4,5	9,9,9,10,12	2,3,4,4,4	0.8,0.9,1,3,5	8,9,10,11,13	0,0.8,2,4,6
YNL042W	BOP3	10,11,12,12,12	14,15,15,15,16	20,22,24,24,25	11,12,13,14,15	11,12,13,15,16	22,23,25,27,29	8,9,9,9,9
YNL043C		38,41,43,45,48	26,26,26,30,34	32,39,45,48,52	23,24,25,25,25	30,33,36,36,37	40,41,41,46,52	39,42,45,46,48
YNL044W	YIP3	172,177,182,183,184	115,116,117,122,127	178,180,183,193,204	107,112,117,118,118	108,110,111,114,116	168,170,172,177,182	190,196,202,204,207
YNL045W	LAP2	78,79,80,87,93	81,82,82,85,87	145,145,146,150,154	67,71,75,76,76	54,59,64,66,67	154,156,159,164,170	80,82,84,85,86
YNL046W		47,52,57,60,63	73,77,80,81,82	81,86,91,91,91	149,152,155,163,171	269,280,291,294,296	85,93,101,110,120	52,53,54,54,54
YNL047C	SLM2	29,30,30,31,31	29,29,30,31,32	36,36,37,38,39	34,35,37,39,40	46,47,48,48,49	34,35,36,37,38	31,31,31,32,33
YNL048W	ALG11	68,70,73,77,80	59,60,62,66,70	83,85,88,88,88	62,62,62,63,63	53,54,55,57,59	90,91,92,94,96	73,75,77,77,77
YNL049C	SFB2	29,29,30,31,32	23,24,26,27,27	34,34,34,34,35	23,24,24,25,26	21,22,23,23,24	31,31,32,33,34	31,32,32,34,36
YNL050C		52,54,56,60,64	58,59,60,64,67	45,47,49,54,60	58,59,60,62,65	58,60,63,63,64	45,46,47,48,50	46,48,50,52,54
YNL051W	COG5	35,35,36,37,38	39,40,42,44,46	45,48,51,52,54	35,36,36,39,42	36,37,37,39,40	40,44,47,47,48	38,39,39,40,40
YNL052W	COX5A	1940,1961,1983,1992,2002	2081,2090,2098,2191,2284	1151,1153,1155,1188,1221	2055,2072,2089,2168,2246	1926,1954,1982,2150,2319	1063,1106,1149,1173,1198	1851,1894,1937,1980,2023
YNL053W	MSG5	39,41,42,43,43	40,41,42,43,43	40,41,41,41,41	34,36,39,42,44	33,35,36,37,37	39,40,40,43,46	40,41,43,44,45
YNL054W-A		0,0,0,0,0	0,0,0,0,0	0,0,0,0,0	0,0,0,0,0	0,0,0,0,0	0,0,0,0,0	0,0,0,0,0
YNL054W-B		12,12,13,14,15	16,17,17,17,17	15,16,16,16,17	16,17,17,18,19	15,16,16,16,16	15,16,17,17,17	11,11,12,12,13
YNL054W	VAC7	25,26,27,28,28	23,25,26,26,27	28,29,30,30,30	23,23,23,24,25	20,20,21,21,22	29,30,30,31,31	25,26,26,26,26
YNL055C	POR1	2651,2651,2651,2722,2794	2793,2793,2793,2802,2812	2109,2131,2152,2239,2327	2863,2939,3015,3029,3044	2876,2916,2957,2957,2957	2180,2180,2180,2187,2194	2581,2600,2619,2619,2619
YNL056W	OCA2	95,96,96,99,102	131,137,142,148,155	81,81,81,82,83	133,141,148,151,155	107,109,111,114,118	84,84,84,85,86	80,82,83,84,85
YNL057W		0,0,0,0,0	0,0,0,0,0	0,0,0,0,0	0,0,0,0,0	0,0,0,0,0	0,0,0,0,0	0,0,0,0,0
YNL058C		58,58,59,59,59	187,188,190,192,194	18,18,19,21,23	175,179,184,194,205	99,101,104,117,131	16,17,17,18,18	41,42,42,42,42
YNL059C	ARP5	60,61,62,64,67	60,60,61,65,69	54,55,56,56,56	58,59,60,61,61	57,59,62,63,64	51,52,52,54,56	57,58,58,61,63
YNL061W	NOP2	62,71,80,83,86	65,67,68,73,78	80,80,81,82,83	76,78,80,83,86	100,103,105,105,105	70,71,71,73,75	61,61,62,67,72
YNL062C	GCD10	30,33,35,36,36	22,23,25,27,29	27,27,27,27,28	28,28,28,29,30	31,33,34,36,38	17,18,19,20,22	31,32,32,32,33
YNL063W	MTQ1	39,39,39,39,40	39,39,39,41,42	40,42,43,45,47	33,35,36,38,39	29,31,34,36,38	36,36,37,39,42	34,36,38,38,38
YNL064C	YDJ1	564,569,574,587,600	424,429,435,449,463	218,227,236,246,256	422,424,426,430,433	353,358,364,365,366	182,184,185,202,218	521,532,543,547,551
YNL065W	AQR1	6,6,6,7,8	6,6,6,7,7	9,9,10,10,10	5,6,6,6,6	6,6,6,6,6	9,9,9,11,13	6,7,7,7,8
YNL066W	SUN4	66,70,73,78,83	57,61,65,71,77	14,14,15,15,15	87,90,93,97,102	224,227,231,233,235	10,11,12,14,17	72,73,74,77,81
YNL067W-A		3,4,4,4,4	5,5,5,5,6	4,5,6,6,6	0,2,3,3,3	2,2,2,2,2	0,0,0,3,5	3,4,4,8,12
YNL067W-B		0,0,0,0,0	0,0,0,1,2	0,0,0,0,0	0,0,0,0.9,2	0,0,0,0,0	0,0,0,0.9,2	0,0,0,0,0
YNL067W	RPL9B	571,629,688,704,720	581,660,739,747,755	291,295,300,315,330	696,762,827,847,868	871,986,1101,1131,1161	237,241,246,255,263	647,653,659,680,701
YNL068C	FKH2	45,45,45,46,48	40,41,42,44,46	37,37,37,39,40	39,39,39,39,39	27,29,31,31,31	34,36,37,38,40	48,48,49,49,50
YNL069C	RPL16B	457,507,558,560,563	549,557,566,574,583	361,368,376,386,396	538,550,563,597,630	816,845,874,876,877	282,283,285,303,321	439,461,483,501,518
YNL070W	TOM7	514,522,530,552,574	690,734,778,807,835	350,386,421,424,427	710,771,832,866,901	733,758,782,837,892	305,311,317,324,331	553,560,567,581,596
YNL071W	LAT1	491,508,524,544,563	537,539,540,547,555	482,491,500,503,505	565,566,568,574,581	495,501,506,507,509	479,491,503,506,509	472,477,482,498,515
YNL072W	RNH201	39,40,41,44,47	34,36,38,39,40	41,42,42,45,48	36,37,39,40,41	32,35,38,42,45	49,51,53,53,53	43,46,50,52,53
YNL073W	MSK1	54,55,56,58,61	79,84,89,94,98	60,62,64,65,66	98,98,98,98,98	91,92,93,95,97	45,45,46,48,51	42,47,51,51,52
YNL074C	MLF3	135,137,138,140,142	127,129,131,145,160	114,121,129,133,138	121,127,133,140,146	107,109,110,117,125	121,123,125,132,139	128,132,136,137,137
YNL075W	IMP4	58,60,63,67,71	52,52,52,56,60	57,63,69,71,74	51,53,54,59,63	64,65,66,70,74	47,49,50,54,58	62,63,65,66,67
YNL076W	MKS1	44,46,48,48,48	47,49,51,53,55	48,49,50,50,51	51,51,51,52,52	47,48,48,49,49	40,46,51,51,51	43,44,45,46,46
YNL077W	APJ1	50,52,54,58,63	45,49,54,54,54	48,51,54,54,54	46,47,47,48,49	40,42,44,45,46	48,49,50,50,51	55,56,57,58,58
YNL078W	NIS1	17,19,21,21,21	29,31,33,33,34	48,52,56,57,59	78,85,92,99,105	184,192,199,208,217	37,41,45,48,51	15,16,18,19,20
YNL079C	TPM1	708,718,728,743,758	705,727,749,811,874	554,560,567,570,574	689,716,744,783,822	677,686,695,741,788	560,584,608,608,608	659,678,697,705,714
YNL080C	EOS1	89,92,94,98,103	95,96,98,99,100	125,126,127,135,143	98,100,102,102,103	86,89,93,97,102	134,142,149,150,151	81,83,84,85,86
YNL081C	SWS2	186,200,214,216,217	292,302,312,317,322	151,153,155,166,176	311,322,333,338,344	354,356,359,361,363	122,124,125,134,143	167,171,175,182,189
YNL082W	PMS1	10,10,10,11,11	10,10,11,11,12	8,8,8,8,8	11,11,11,12,12	18,19,19,19,20	7,7,8,8,8	12,12,13,13,14
YNL083W	SAL1	58,58,59,60,62	64,69,73,74,74	59,61,63,64,65	69,71,72,73,73	61,64,66,69,72	56,59,63,63,64	51,54,57,57,57
YNL084C	END3	104,108,112,113,113	111,116,120,124,127	103,106,109,110,111	106,106,107,114,122	114,114,114,116,119	101,105,109,110,110	95,100,106,111,116
YNL085W	MKT1	59,60,61,61,62	54,58,61,62,63	61,62,63,64,64	59,60,60,62,63	55,58,60,61,61	65,65,65,66,67	58,59,61,62,63
YNL086W	SNN1	63,67,71,81,91	75,78,81,84,88	79,88,97,100,104	72,75,78,82,85	72,76,79,80,81	113,114,116,116,116	52,54,55,64,72
YNL087W	TCB2	44,45,46,46,46	32,34,36,36,36	30,30,31,32,34	33,33,33,34,35	37,37,38,39,39	32,33,34,34,34	47,48,49,49,50
YNL088W	TOP2	27,28,29,29,29	23,23,24,25,26	41,41,42,44,47	22,22,22,23,24	22,23,24,25,25	39,41,42,42,42	30,30,30,31,32
YNL089C		4,4,4,5,5	6,6,6,6,6	2,3,3,3,4	4,4,4,5,6	6,6,6,6,7	2,3,4,5,6	4,4,4,4,4
YNL090W	RHO2	29,32,35,35,36	21,23,25,29,32	27,31,35,35,36	27,29,30,31,32	25,27,30,32,33	30,32,33,35,37	36,36,37,38,40
YNL091W	NST1	61,62,63,65,67	64,64,65,68,72	79,80,81,82,84	55,58,61,62,64	58,58,59,61,63	76,78,80,82,84	63,63,64,64,65
YNL092W		14,16,19,19,20	18,19,20,21,22	30,31,32,34,35	17,21,24,24,24	17,18,18,19,19	29,31,33,33,33	15,17,19,19,19
YNL093W	YPT53	23,24,26,26,27	25,28,30,31,31	84,84,85,89,94	23,25,27,28,29	23,23,23,25,27	62,67,72,72,72	24,27,29,30,31
YNL094W	APP1	63,67,71,73,75	64,64,65,69,73	94,98,102,103,104	64,67,70,70,70	54,56,59,63,68	97,100,102,104,106	64,65,65,66,68
YNL095C		26,27,27,29,30	19,20,22,22,23	28,30,32,33,33	19,19,20,20,21	18,19,20,21,21	27,28,28,29,29	26,28,29,30,30
YNL096C	RPS7B	287,324,360,361,361	305,318,331,335,339	136,143,150,153,156	331,336,340,342,343	458,459,460,471,482	122,127,132,138,144	274,292,311,315,319
YNL097C-B		51,68,85,93,102	38,45,52,52,52	7,13,18,23,28	42,49,56,57,58	67,73,80,84,88	14,16,19,21,23	66,73,80,86,91
YNL097C	PHO23	34,36,38,40,43	43,44,45,46,46	34,35,37,38,39	42,43,43,45,47	45,46,47,48,48	32,36,39,40,40	30,33,35,38,41
YNL097W-A		0,0,0,0,0	0,0,0,0,0	0,0,0,0,0	0,0,0,0,0	0,0,0,0,0	0,0,0,0,0	0,0,0,0,0
YNL098C	RAS2	165,166,167,176,185	203,215,227,228,230	260,269,278,288,299	220,220,221,225,229	207,208,210,212,215	228,239,250,262,275	148,152,157,164,170
YNL099C	OCA1	113,116,120,120,121	93,95,97,99,100	93,94,95,97,100	85,87,89,90,91	80,81,81,91,102	104,109,114,115,117	114,115,115,118,120
YNL100W		275,288,301,301,301	390,404,418,434,449	409,420,432,433,434	416,416,417,429,441	378,391,404,414,425	394,395,396,404,412	260,265,271,271,272
YNL101W	AVT4	104,107,111,116,122	124,125,126,129,131	101,104,107,109,111	107,111,115,116,118	89,90,91,93,95	116,118,119,126,133	94,98,102,107,112
YNL102W	POL1	7,8,8,8,9	7,7,7,8,8	4,4,5,5,5	8,8,9,9,9	17,17,18,18,19	3,4,4,4,5	10,10,10,10,10
YNL103W-A		432,441,450,462,475	422,430,438,442,446	302,321,341,354,367	347,362,376,410,444	350,363,376,400,423	353,362,371,413,455	399,399,399,418,437
YNL103W	MET4	86,87,87,88,89	78,82,86,89,92	108,109,109,109,110	77,79,82,85,88	84,84,85,91,96	111,114,116,120,125	82,83,83,86,88
YNL104C	LEU4	1466,1469,1473,1494,1516	1203,1269,1336,1348,1360	2173,2191,2210,2253,2296	1281,1290,1299,1307,1315	1060,1062,1064,1093,1121	2606,2652,2698,2698,2698	1370,1407,1444,1468,1492
YNL105W	RRT16	0,0.3,0.6,1,1	0,0,0,0,0	0,0.5,0.9,1,1	0,0,0,0,0	0,0,0,0.2,0.4	0,0.3,0.6,1,2	0.5,0.9,1,1,2
YNL106C	INP52	11,11,11,12,12	9,9,10,10,11	15,15,15,15,16	9,9,9,10,11	8,9,9,9,10	13,14,14,15,15	10,10,10,11,12
YNL107W	YAF9	63,64,65,68,72	55,59,62,66,69	87,87,87,88,90	50,51,51,53,54	49,51,53,55,57	80,81,81,84,87	65,69,73,77,80
YNL108C		15,17,19,20,21	16,16,16,18,20	19,24,28,29,30	14,15,15,15,15	13,13,13,14,14	21,23,25,25,25	15,16,17,18,19
YNL109W		0.5,0.8,1,1,1	0,0.3,0.6,0.7,0.9	2,3,4,4,5	0,0.2,0.5,1,2	0.3,0.7,1,1,1	2,2,2,3,3	0.8,1,2,2,2
YNL110C	NOP15	99,105,111,119,127	69,76,83,86,90	71,75,79,88,97	93,96,99,101,102	124,127,130,136,142	45,55,65,65,66	94,97,100,101,102
YNL111C	CYB5	193,219,244,248,251	226,243,260,276,292	179,187,195,208,220	279,281,283,289,294	289,291,293,299,305	196,197,198,205,211	194,217,239,240,241
YNL112W	DBP2	63,73,82,84,85	34,37,41,42,43	135,149,163,168,172	38,42,46,46,46	56,59,63,67,72	97,107,117,122,127	57,61,66,68,70
YNL113W	RPC19	36,40,44,47,50	31,32,32,42,51	54,59,64,73,81	39,41,42,45,48	38,41,45,45,45	49,52,56,57,58	43,46,50,50,51
YNL114C		0,0,0,0,0	0,0,0,0,0	0,0,0,0.5,1	0,0,0,0.3,0.6	0,0,0,0,0	0,0,0,0,0	0,0,0,0.3,0.7
YNL115C		55,56,58,60,62	69,72,74,75,76	107,108,108,112,115	67,68,69,72,75	63,64,65,66,66	113,116,119,120,121	55,56,56,59,62
YNL116W	DMA2	52,53,54,56,58	52,53,55,56,58	42,44,45,46,47	48,52,56,58,60	43,43,43,47,50	44,47,50,50,51	53,55,56,58,59
YNL117W	MLS1	4591,4668,4744,4744,4744	4752,4923,5093,5207,5320	4565,4565,4565,4622,4679	4677,4677,4677,4719,4761	3722,3765,3808,3808,3808	5453,5524,5595,5792,5990	4286,4286,4286,4483,4681
YNL118C	DCP2	91,96,101,101,101	79,81,83,83,83	97,99,102,103,104	77,79,81,82,82	71,72,73,75,76	99,100,101,102,102	97,101,104,110,115
YNL119W	NCS2	27,29,31,31,31	23,24,25,25,26	30,31,33,34,36	29,30,30,31,31	29,30,30,32,33	22,25,28,30,32	26,29,31,31,31
YNL120C		0,0,0,0,0	0,0,0,0,0	0,0,0,0,0	0,0,0,0,0	0,0,0,0,0	0,0,0,0,0	0,0,0,0,0
YNL121C	TOM70	182,193,204,209,215	250,255,259,265,270	198,205,213,217,221	256,262,268,269,269	286,288,290,301,312	165,174,182,183,183	183,187,191,192,193
YNL122C		120,134,148,158,168	212,219,227,233,238	184,193,201,202,203	234,235,236,239,242	228,230,232,242,252	152,157,162,167,171	124,131,139,144,148
YNL123W	NMA111	51,52,53,53,53	43,45,46,47,47	45,46,47,48,49	43,43,44,45,46	39,40,40,42,43	42,45,47,50,52	46,49,51,53,55
YNL124W	NAF1	37,37,37,37,38	32,33,34,35,37	35,35,36,37,38	34,34,35,37,40	35,36,37,43,49	26,29,32,33,34	27,27,27,28,29
YNL125C	ESBP6	66,66,67,67,68	60,61,61,63,66	99,102,104,109,113	56,58,60,61,62	49,50,50,50,50	98,98,98,101,105	55,59,64,66,68
YNL126W	SPC98	26,26,26,26,27	12,12,13,13,13	13,13,13,13,14	10,10,11,11,12	8,9,10,10,11	12,12,12,13,13	30,32,34,36,39
YNL127W	FAR11	15,16,17,17,17	18,19,20,21,23	30,30,31,32,34	19,20,20,20,20	16,17,18,18,18	28,31,33,34,34	15,16,16,16,16
YNL128W	TEP1	9,10,10,11,11	9,9,10,10,11	15,15,15,15,16	8,8,9,10,10	7,7,7,8,9	13,13,14,14,14	7,9,10,10,11
YNL129W	NRK1	58,58,58,62,66	49,49,49,56,62	65,72,78,79,80	45,49,52,56,59	41,41,42,43,45	61,62,63,65,67	52,57,62,62,62
YNL130C-A	DGR1	45,49,52,53,55	50,51,53,65,78	63,71,79,86,93	49,51,52,58,64	50,52,54,56,58	60,70,79,81,83	38,40,41,47,54
YNL130C	CPT1	178,184,190,208,225	189,198,207,208,209	181,201,220,221,222	208,209,209,212,215	186,189,192,197,203	219,233,247,252,257	183,188,193,194,194
YNL131W	TOM22	432,461,490,499,508	586,605,625,627,629	560,569,578,581,584	600,601,602,629,657	593,611,629,630,632	526,535,545,547,549	459,478,496,498,500
YNL132W	KRE33	17,18,20,23,25	18,19,19,19,19	14,15,16,16,17	18,20,22,22,23	23,23,24,24,24	11,12,12,13,14	20,20,20,20,21
YNL133C	FYV6	58,59,59,64,68	71,72,73,74,76	110,112,114,114,115	67,70,72,73,74	59,61,62,74,86	105,110,116,119,123	53,59,64,65,65
YNL134C		126,130,135,137,140	168,169,170,187,204	91,92,94,94,94	174,175,177,179,182	129,131,133,133,133	91,91,91,94,97	107,109,110,114,118
YNL135C	FPR1	1101,1129,1156,1185,1213	1126,1128,1130,1150,1169	1268,1280,1291,1320,1348	1129,1149,1168,1172,1175	1034,1045,1057,1115,1173	1234,1287,1339,1360,1380	1181,1188,1196,1219,1241
YNL136W	EAF7	53,55,57,59,61	63,65,66,71,75	59,61,63,64,65	57,59,61,69,77	55,60,64,67,71	55,56,56,59,61	54,55,56,58,59
YNL137C	NAM9	103,108,113,116,119	169,175,181,182,183	123,128,132,136,140	171,173,174,180,185	188,189,190,192,194	100,103,106,109,112	99,103,107,108,109
YNL138W-A	YSF3	68,77,86,94,102	66,68,71,81,91	90,91,93,93,93	63,65,66,79,91	61,67,74,77,79	100,104,107,117,127	87,89,91,93,95
YNL138W	SRV2	122,123,123,124,125	124,126,128,129,130	124,127,130,131,132	123,125,126,127,128	113,116,120,123,125	120,127,133,135,136	117,121,124,128,132
YNL139C	THO2	12,12,13,14,15	12,12,12,13,13	14,15,15,15,15	11,12,12,12,12	11,11,12,13,14	14,14,15,15,15	12,12,13,13,14
YNL140C		0,0,0,0.2,0.4	0,0.2,0.5,0.5,0.5	0,0.3,0.6,0.7,0.9	0.3,0.3,0.4,0.5,0.5	0,0,0,0.1,0.3	0,0,0,0.2,0.3	0.8,0.9,1,1,1
YNL141W	AAH1	69,73,78,78,78	44,47,49,50,51	79,82,85,89,93	55,55,56,59,61	54,61,68,69,71	68,72,76,77,78	63,67,71,71,71
YNL142W	MEP2	1431,1436,1441,1659,1877	1633,1633,1633,1673,1712	177,177,177,202,226	1227,1262,1296,1328,1360	566,580,594,600,605	401,435,470,558,645	1138,1157,1175,1287,1398
YNL143C		7,9,11,14,16	5,6,8,9,11	23,24,25,26,28	6,9,12,13,15	10,12,15,15,16	27,28,28,29,29	11,12,14,15,16
YNL144C		17,17,18,19,20	16,16,17,18,19	31,32,33,34,35	14,15,16,16,16	16,16,16,16,16	29,31,34,34,35	17,18,19,19,19
YNL144W-A		0,0,0,0,0	0,0,0,0,0	0,0,0,0,0	0,0,0,0,0	0,0,0,0,0	0,0,0,0,0	0,0,0,0,0
YNL145W	MFA2	642,677,712,801,889	2349,2614,2880,3215,3550	2940,3014,3088,3115,3142	3445,3445,3445,3913,4381	3445,3626,3808,4208,4609	2006,2006,2006,2247,2488	590,617,643,653,663
YNL146C-A		11,12,12,13,13	30,34,37,38,38	42,49,57,57,58	37,38,39,40,42	26,30,34,37,39	39,40,41,45,49	6,8,10,11,11
YNL146W		39,42,45,47,48	69,71,73,86,99	93,93,94,101,108	75,81,88,95,102	63,67,72,75,79	101,102,103,108,113	45,46,46,48,49
YNL147W	LSM7	156,160,164,164,165	131,149,167,167,167	162,163,164,175,186	138,144,150,157,165	144,151,157,158,160	186,188,190,204,218	184,187,190,195,201
YNL148C	ALF1	31,32,34,34,35	35,35,35,38,41	42,44,46,47,48	34,36,38,42,47	39,41,44,45,45	46,49,52,54,57	29,30,30,30,30
YNL149C	PGA2	20,20,20,21,21	16,16,17,18,19	11,12,14,18,22	15,15,16,17,18	13,16,18,19,19	14,16,19,20,22	19,19,19,20,21
YNL150W		3,3,4,5,5	3,3,4,4,4	3,4,4,5,5	2,2,2,3,3	3,3,3,3,3	5,6,7,7,8	4,4,4,5,5
YNL151C	RPC31	82,88,94,95,95	69,72,75,76,78	69,73,77,85,92	70,74,79,82,85	81,83,84,86,87	74,75,76,77,78	79,83,86,91,95
YNL152W	INN1	43,44,45,47,50	41,41,42,43,44	43,43,43,45,47	38,39,40,40,41	36,36,36,38,39	41,41,41,42,44	43,44,45,48,51
YNL153C	GIM3	141,143,144,173,202	148,158,168,180,192	120,127,135,144,152	145,147,149,158,167	138,141,145,158,171	128,133,138,138,139	158,158,158,170,181
YNL154C	YCK2	116,118,119,121,124	107,109,110,116,122	84,91,98,99,100	102,106,110,113,115	107,114,121,121,122	78,82,86,93,100	115,118,122,122,122
YNL155W	CUZ1	226,229,233,238,243	229,231,233,233,234	191,193,195,204,212	218,223,227,228,228	211,215,220,222,224	221,227,233,237,240	191,199,207,224,240
YNL156C	NSG2	180,184,187,187,187	185,192,199,208,218	284,298,312,314,315	202,206,210,220,230	190,191,191,195,198	325,333,340,340,340	169,173,177,180,182
YNL157W	IGO1	176,179,182,182,183	170,179,188,194,200	184,192,201,203,206	151,158,166,169,173	171,171,172,183,194	159,168,178,181,185	158,169,179,182,185
YNL158W	PGA1	61,65,68,71,73	56,62,69,71,73	80,84,87,90,94	68,70,72,72,72	59,60,60,63,67	78,86,95,95,96	66,66,66,71,75
YNL159C	ASI2	49,51,53,55,56	52,52,53,54,55	79,80,81,86,90	53,54,55,57,58	44,47,50,50,50	77,77,77,85,92	48,48,49,54,59
YNL160W	YGP1	35,38,40,45,50	178,201,223,227,230	106,107,108,123,137	241,262,284,287,290	162,180,198,214,231	87,88,88,105,121	31,33,34,39,44
YNL161W	CBK1	64,65,66,70,74	63,63,63,67,71	59,61,62,63,64	56,58,60,63,65	51,54,56,58,60	59,61,62,64,66	60,63,67,68,69
YNL162W-A		27,33,40,45,49	29,31,33,33,34	23,24,25,25,26	29,30,31,40,48	36,41,47,48,49	15,19,22,24,26	19,24,29,36,42
YNL162W	RPL42A	646,704,761,776,790	558,636,714,724,733	348,362,376,381,386	599,697,795,802,809	782,930,1077,1083,1089	286,297,308,323,339	620,665,710,722,733
YNL163C	RIA1	23,23,23,24,25	21,22,23,23,24	22,22,23,24,25	23,24,25,25,25	24,24,25,25,26	17,19,20,21,22	21,22,23,24,24
YNL164C	IBD2	49,49,50,50,50	38,40,41,43,44	43,47,50,51,51	39,41,43,44,44	39,39,39,42,44	43,47,51,53,56	46,47,48,48,48
YNL165W		38,39,39,41,43	36,36,37,39,41	81,83,85,90,95	33,35,37,37,38	32,34,35,36,37	87,88,89,91,93	38,40,42,44,46
YNL166C	BNI5	66,69,71,72,73	36,38,40,42,43	35,36,37,37,38	35,37,38,41,43	43,44,45,47,50	27,31,34,34,34	83,85,87,92,97
YNL167C	SKO1	53,53,54,54,54	58,59,60,62,64	50,50,50,50,50	48,49,51,57,63	51,51,52,53,54	46,46,46,47,47	51,51,52,52,52
YNL168C	FMP41	99,100,101,107,113	99,103,106,112,118	106,108,110,115,119	99,105,110,112,114	95,95,96,97,97	108,109,109,118,127	99,104,108,109,110
YNL169C	PSD1	63,64,66,70,74	64,67,70,71,72	99,102,105,109,113	69,72,75,76,76	91,91,91,92,94	94,95,95,99,103	66,67,68,68,68
YNL170W		1,2,2,3,4	0,0.3,0.7,2,4	2,2,2,3,3	1,2,2,2,2	0.8,1,1,2,2	2,3,3,4,4	2,2,3,3,4
YNL171C		0,1,2,3,3	0.8,1,2,2,2	3,3,3,4,5	1,1,2,2,2	0,0.3,0.7,0.9,1	1,2,2,3,4	1,1,2,2,2
YNL172W	APC1	15,15,15,16,16	15,15,16,16,16	12,12,12,12,13	14,14,15,16,16	9,10,11,12,12	11,12,13,13,13	14,14,14,14,14
YNL173C	MDG1	215,220,225,236,248	225,235,245,247,248	253,257,260,274,287	240,244,247,256,264	276,282,287,299,310	247,252,258,261,264	194,197,199,206,213
YNL174W		0,0,0,0,0	0,0,0,0,0	0,0,0,0,0	0,0,0,0,0	0,0,0,0,0	0,0,0,0,0	0,0,0,0.3,0.5
YNL175C	NOP13	21,23,25,28,30	17,18,20,20,20	24,24,24,25,26	19,20,20,23,25	23,27,32,33,35	17,19,21,22,24	22,23,24,25,26
YNL176C	TDA7	111,112,112,113,113	90,91,91,100,108	103,104,105,111,118	87,88,88,91,93	69,71,73,78,84	98,99,101,102,103	113,116,118,122,126
YNL177C	MRPL22	143,150,157,160,163	215,223,230,235,240	99,105,111,111,111	218,224,230,239,248	247,247,248,252,257	85,86,88,89,91	132,142,152,155,157
YNL178W	RPS3	635,713,791,794,796	606,665,724,748,772	524,530,535,545,554	731,772,814,827,841	948,1058,1168,1186,1204	441,447,452,454,456	607,641,676,698,721
YNL179C		39,41,43,47,51	42,44,46,48,50	31,33,35,39,43	43,47,50,55,61	36,38,40,43,46	30,34,39,39,40	39,40,40,45,51
YNL180C	RHO5	290,302,314,316,318	308,311,315,358,401	261,262,262,270,279	328,339,350,375,400	290,309,329,356,382	226,228,230,238,247	279,293,307,313,318
YNL181W	PBR1	60,62,64,66,69	57,62,66,67,68	64,66,67,68,70	62,63,65,65,66	61,62,63,64,66	70,70,70,74,77	64,65,65,67,70
YNL182C	IPI3	25,28,31,31,31	23,24,24,26,27	23,26,29,30,31	23,24,25,26,26	32,32,33,33,33	16,18,20,21,23	21,22,23,25,26
YNL183C	NPR1	74,75,76,78,79	76,79,82,82,82	82,83,84,85,86	69,70,70,72,74	63,63,63,64,64	83,84,85,88,91	67,70,72,74,77
YNL184C		0,0,0,0.3,0.7	0,0,0,0.7,1	0,0,0,0.5,1	0,0,0,0.7,1	0,0,0,0,0	0,0,0,0.4,0.8	0,0,0,0.3,0.7
YNL185C	MRPL19	60,70,80,86,92	134,137,140,142,145	56,61,66,71,76	131,132,133,136,140	150,153,155,161,167	46,52,58,62,66	70,70,70,78,86
YNL186W	UBP10	86,88,90,90,90	84,85,87,88,89	119,120,121,124,127	87,88,89,90,91	90,91,93,94,95	109,110,111,111,111	78,80,83,86,89
YNL187W	SWT21	24,24,25,26,26	22,24,25,26,26	33,35,36,39,42	23,24,25,28,30	21,22,22,24,26	41,42,42,44,45	23,24,25,27,29
YNL188W	KAR1	25,26,27,27,28	26,28,30,30,31	20,21,21,22,22	30,35,41,41,41	55,56,56,56,57	17,18,19,20,21	27,29,30,31,31
YNL189W	SRP1	177,178,178,180,182	167,170,173,176,178	262,263,264,276,288	170,171,172,172,173	163,163,164,166,168	261,261,262,272,281	181,183,184,190,197
YNL190W		426,445,465,484,502	462,477,493,515,538	176,180,184,192,201	454,465,475,490,504	365,368,370,413,457	209,212,215,217,218	415,418,422,423,425
YNL191W	DUG3	59,59,59,62,64	67,72,77,79,81	158,161,164,167,169	61,63,64,67,70	69,71,74,75,76	144,152,161,162,164	69,73,77,78,78
YNL192W	CHS1	49,49,50,51,52	68,68,68,70,71	93,99,104,108,112	128,136,144,156,167	284,285,287,291,294	58,59,61,63,65	60,62,64,65,67
YNL193W		38,40,42,44,46	40,41,42,42,43	122,124,126,126,126	34,38,41,42,43	32,33,35,36,36	118,121,124,129,135	44,45,46,48,49
YNL194C		133,136,140,155,169	144,150,156,173,190	527,531,535,553,570	135,136,137,138,138	78,81,84,87,90	436,448,459,494,529	133,139,146,151,156
YNL195C		56,57,58,69,80	63,68,74,83,93	212,219,226,233,240	66,67,67,68,69	40,43,46,47,47	240,245,250,268,285	53,53,54,61,67
YNL196C	SLZ1	13,14,15,15,15	10,10,11,11,11	39,40,41,41,41	9,9,9,10,10	6,7,9,9,10	33,35,37,43,49	11,12,13,13,13
YNL197C	WHI3	77,77,78,79,79	61,62,62,64,65	62,64,67,68,68	60,60,61,64,66	54,56,57,58,60	55,56,56,58,60	88,89,90,92,94
YNL198C		1,1,1,1,2	2,3,4,4,5	0,0.6,1,1,2	0.8,1,1,3,5	0.7,0.8,1,2,3	0.8,1,2,2,2	3,4,5,5,5
YNL199C	GCR2	42,42,43,45,46	41,43,44,46,47	34,35,36,37,38	39,42,44,45,45	46,46,47,48,49	31,32,33,37,41	39,41,42,42,43
YNL200C	NNR1	110,112,114,117,120	142,143,145,146,146	151,154,158,162,166	126,134,142,148,155	112,114,116,127,139	164,165,167,167,167	100,105,109,111,112
YNL201C	PSY2	22,23,23,24,25	17,18,19,20,21	31,33,34,34,35	17,18,19,19,20	20,21,22,24,25	27,28,29,30,30	21,22,22,23,24
YNL202W	SPS19	23,27,32,33,35	23,25,26,28,30	144,154,165,176,188	25,25,25,27,29	18,18,18,19,20	173,175,178,185,192	30,30,31,32,34
YNL203C		2,2,2,2,2	1,1,1,2,2	4,4,4,5,6	0.7,1,1,2,2	2,2,2,2,2	2,3,4,5,7	1,1,1,2,3
YNL204C	SPS18	7,7,8,8,9	6,6,7,8,9	11,13,15,15,15	5,6,7,7,7	4,5,5,6,8	10,11,11,12,13	8,8,8,8,8
YNL205C		0,0.3,0.5,0.5,0.5	0,0,0,0.3,0.7	0,0.2,0.3,1,2	0,0,0,0.2,0.4	0,0,0,0,0	0,0.3,0.5,2,3	0.5,0.6,0.6,0.8,0.9
YNL206C	RTT106	48,49,50,50,51	49,49,49,52,55	64,66,69,71,72	49,49,50,55,60	57,60,62,64,65	63,64,65,65,65	51,52,52,55,58
YNL207W	RIO2	55,56,56,60,63	48,50,52,53,54	52,53,54,55,57	49,49,49,51,52	58,58,59,61,63	41,44,47,49,50	52,57,62,62,62
YNL208W		442,453,465,514,563	421,424,426,446,465	1268,1342,1416,1508,1599	496,499,501,538,576	656,664,673,697,721	1365,1415,1464,1523,1582	469,471,473,480,488
YNL209W	SSB2	296,327,359,363,367	278,282,286,297,308	317,328,338,348,358	296,302,307,323,338	330,368,406,406,406	291,298,304,304,305	324,324,324,345,365
YNL210W	MER1	11,11,11,11,12	8,9,11,11,12	28,29,31,32,33	7,7,8,9,9	7,7,7,8,10	27,28,29,30,31	10,11,11,12,13
YNL211C	MRX7	63,68,72,74,76	75,79,84,85,86	56,62,67,70,72	56,63,70,70,71	54,60,66,74,82	71,72,73,74,74	62,67,72,77,81
YNL212W	VID27	49,54,58,58,58	48,48,48,50,52	45,46,47,48,49	46,46,47,49,51	41,42,42,44,45	46,46,47,48,50	58,59,60,61,61
YNL213C	RRG9	95,106,116,119,122	114,123,131,133,135	80,83,85,86,87	114,117,119,127,135	118,121,123,124,125	73,74,74,81,89	107,108,110,113,117
YNL214W	PEX17	37,43,49,50,51	44,46,48,49,50	89,91,93,99,105	40,42,43,47,51	36,37,38,39,39	94,94,95,98,100	39,42,45,48,50
YNL215W	IES2	74,75,76,78,80	78,86,93,94,95	103,107,112,114,117	74,74,74,81,88	69,73,77,80,83	105,109,113,114,114	66,70,74,77,80
YNL216W	RAP1	52,55,58,58,58	45,46,47,48,49	20,20,20,22,24	44,45,45,46,47	39,40,41,41,41	23,23,24,24,25	52,54,55,57,58
YNL217W		58,59,59,61,63	66,66,67,69,71	56,57,57,59,61	71,73,75,79,82	103,104,106,109,111	45,50,54,54,54	58,58,59,59,60
YNL218W	MGS1	21,22,23,24,24	20,21,21,22,22	31,32,33,34,35	20,21,23,23,24	20,21,22,22,23	33,33,34,34,35	22,22,23,23,23
YNL219C	ALG9	82,85,88,89,91	76,81,87,88,89	114,117,119,125,130	86,87,88,88,88	76,77,77,78,79	120,124,128,131,134	81,84,87,88,88
YNL220W	ADE12	359,363,367,370,372	350,360,369,372,375	255,259,263,265,266	338,351,363,369,375	281,299,316,317,317	275,282,288,290,291	356,357,358,360,362
YNL221C	POP1	48,49,51,51,52	49,54,58,59,59	45,45,46,47,48	52,52,53,54,56	52,53,54,55,55	48,49,49,50,51	52,52,52,54,56
YNL222W	SSU72	57,60,63,63,64	67,70,74,75,75	82,89,95,98,100	67,69,71,73,76	69,69,69,71,73	82,88,93,94,94	63,64,65,66,68
YNL223W	ATG4	21,23,25,26,27	23,24,24,26,27	36,36,37,37,38	22,24,25,26,26	21,21,22,22,23	35,35,35,36,37	21,21,22,22,23
YNL224C	SQS1	19,20,21,22,23	21,22,22,22,23	18,19,19,20,21	18,19,19,19,19	17,19,20,21,22	19,20,20,20,21	18,19,20,20,20
YNL225C	CNM67	33,34,34,37,39	38,39,40,41,41	37,37,37,38,39	33,34,36,36,37	38,39,40,41,42	33,33,33,35,36	38,39,40,42,45
YNL226W		0,0,0,0,0	0,0,0,0.3,0.6	0,0,0,0.3,0.5	0,0,0,0,0	0,0,0,0,0	0,0,0,0.3,0.7	0,0,0,0,0
YNL227C	JJJ1	15,17,19,21,22	14,16,18,18,19	19,19,19,19,20	17,17,18,18,18	18,19,19,21,22	15,16,16,18,19	15,15,16,17,19
YNL228W		0,0,0,0,0	0,0,0,0,0	0,0,0,0,0	0,0,0,0,0	0,0,0,0,0	0,0,0,0,0	0,0,0,0,0
YNL229C	URE2	127,129,131,139,147	133,140,146,152,157	106,106,107,116,125	128,133,137,138,139	135,137,139,141,143	107,107,108,110,111	127,128,129,133,138
YNL230C	ELA1	18,18,18,19,20	20,21,22,23,24	15,19,23,25,26	21,22,23,23,23	18,18,19,21,23	21,21,22,24,27	17,18,18,19,20
YNL231C	PDR16	60,62,64,65,65	66,68,70,73,75	58,58,59,64,69	69,71,74,76,79	82,84,86,89,92	53,53,54,54,55	59,60,61,62,63
YNL232W	CSL4	67,70,72,73,75	58,63,67,74,81	97,101,105,106,107	74,74,74,78,81	79,80,81,82,83	99,100,101,107,114	63,64,65,66,68
YNL233W	BNI4	18,18,18,20,22	19,20,21,21,22	24,25,25,25,25	19,20,20,21,21	27,27,27,28,29	23,24,25,25,26	20,21,22,22,22
YNL234W		4,4,4,4,5	2,3,3,3,3	6,6,7,7,8	5,5,5,6,6	2,3,4,5,6	4,5,6,7,8	4,4,4,4,5
YNL235C		0,0,0,0.3,0.6	0,0,0,0,0	0,0,0,0.2,0.3	0,0,0,0,0	0,0.2,0.4,0.4,0.5	0,0,0,0,0	0,0,0,0,0
YNL236W	SIN4	17,17,17,18,19	17,18,19,20,21	24,24,24,26,28	17,18,18,19,20	16,17,18,20,21	25,25,26,29,33	18,18,19,19,19
YNL237W	YTP1	28,30,31,32,33	34,38,42,43,44	61,67,72,74,75	38,40,42,42,43	39,40,42,42,42	65,66,68,69,70	28,28,28,29,31
YNL238W	KEX2	46,46,46,48,50	34,35,36,37,38	38,40,41,41,42	27,30,32,33,33	32,32,32,33,33	34,35,36,37,38	48,49,49,50,51
YNL239W	LAP3	331,337,342,370,398	292,296,301,303,304	565,585,605,629,653	269,279,288,290,291	215,218,220,223,226	746,775,803,805,806	316,322,328,363,398
YNL240C	NAR1	70,70,70,74,78	69,74,79,79,79	103,106,110,113,117	70,73,77,78,80	73,73,74,78,82	104,106,108,114,120	60,61,63,68,74
YNL241C	ZWF1	303,309,314,316,318	279,281,283,288,292	229,235,242,257,272	253,258,263,267,272	241,244,247,252,257	240,245,250,259,269	296,296,296,301,306
YNL242W	ATG2	9,10,10,12,14	12,12,12,14,15	19,20,20,22,23	12,13,13,14,14	10,10,10,11,12	17,18,19,20,20	12,12,12,13,13
YNL243W	SLA2	90,94,98,98,99	79,79,79,80,80	90,92,94,100,106	81,82,83,84,85	70,71,73,76,79	98,101,104,104,105	88,88,88,90,92
YNL244C	SUI1	757,757,758,764,771	576,617,658,658,658	586,609,633,634,635	609,621,633,649,665	608,623,638,651,664	562,573,583,593,604	739,743,747,785,822
YNL245C	CWC25	55,55,55,57,59	50,52,55,58,61	65,70,75,77,78	46,47,48,49,49	47,49,51,54,57	69,70,71,74,76	46,48,51,52,53
YNL246W	VPS75	93,96,99,100,101	101,102,102,105,108	75,83,91,91,91	92,92,92,94,96	93,94,95,96,98	81,84,88,92,95	85,87,89,91,94
YNL247W		87,88,89,96,102	85,86,87,89,90	62,66,70,70,70	90,90,90,91,91	98,98,99,99,100	66,66,66,68,70	80,84,88,88,88
YNL248C	RPA49	49,60,70,71,73	49,52,54,57,60	38,39,40,43,45	60,62,63,63,64	84,84,84,86,88	22,24,26,30,33	44,50,55,56,56
YNL249C	MPA43	17,18,18,18,19	15,17,20,21,22	16,17,18,19,19	16,18,19,19,19	14,15,15,15,15	16,18,20,20,20	15,15,16,18,20
YNL250W	RAD50	11,11,11,12,13	13,13,13,14,14	13,13,13,13,13	12,13,13,14,15	10,11,12,13,13	10,11,12,13,15	12,12,12,14,15
YNL251C	NRD1	55,56,57,60,62	73,74,76,76,77	82,89,96,111,126	67,69,70,72,74	57,59,60,62,63	130,137,145,149,153	50,53,56,56,57
YNL252C	MRPL17	94,102,110,115,120	155,161,167,168,170	94,98,102,103,105	161,162,164,166,169	184,185,187,190,192	59,64,68,74,80	91,97,104,107,110
YNL253W	TEX1	42,43,44,48,51	43,44,45,47,48	65,67,68,71,74	42,42,43,45,46	41,42,43,45,46	68,69,69,69,69	43,44,46,49,53
YNL254C	RTC4	27,27,28,28,29	23,24,25,27,30	38,39,40,41,42	24,25,25,26,26	24,24,24,24,25	39,39,39,41,42	27,27,28,28,28
YNL255C	GIS2	470,480,490,495,501	486,488,490,528,567	586,600,614,628,643	495,504,512,522,533	582,599,617,619,622	609,612,614,629,643	439,443,448,454,461
YNL256W	FOL1	34,34,34,34,34	27,28,29,30,32	37,40,43,43,44	30,31,33,34,35	40,41,41,43,44	32,34,36,38,39	33,33,34,34,35
YNL257C	SIP3	19,19,20,20,20	21,21,22,22,22	23,24,24,24,25	19,19,19,21,22	22,22,22,23,23	21,22,23,25,27	18,18,18,21,23
YNL258C	DSL1	34,34,34,34,34	34,34,34,35,36	34,34,35,35,35	34,34,34,35,35	36,36,37,37,38	34,35,35,36,36	34,35,35,35,35
YNL259C	ATX1	284,284,284,291,298	300,304,309,309,309	398,422,447,587,727	256,280,304,306,308	240,264,289,293,297	289,292,295,322,348	279,302,326,338,350
YNL260C	LTO1	42,44,46,47,48	51,52,52,61,70	60,66,73,75,78	49,54,58,62,65	41,42,44,45,47	68,70,71,72,72	41,44,47,50,53
YNL261W	ORC5	32,32,33,34,35	34,35,36,37,37	45,45,46,51,55	33,34,36,36,36	30,31,33,33,34	45,47,50,51,51	35,38,40,41,42
YNL262W	POL2	6,6,7,7,8	7,7,7,8,8	4,4,4,4,5	7,7,7,7,7	11,12,12,13,13	4,4,4,4,4	7,8,8,9,9
YNL263C	YIF1	134,136,138,138,139	118,121,125,128,130	106,107,108,114,121	119,122,125,127,129	129,131,132,133,134	121,125,129,129,129	145,145,146,148,150
YNL264C	PDR17	30,32,34,34,34	34,34,34,35,35	29,30,30,31,31	29,30,30,31,31	25,27,28,29,29	26,27,28,30,31	32,32,33,33,33
YNL265C	IST1	32,35,37,43,48	35,37,39,40,42	43,47,51,52,54	37,38,38,40,42	30,32,33,37,40	53,54,55,56,57	29,30,30,30,31
YNL266W		0,0,0,0.3,0.5	0,0.3,0.6,0.6,0.7	0,0.2,0.3,0.5,0.7	0,0,0,0.2,0.4	0,0.2,0.4,0.8,1	0,0,0,0.9,2	0,0,0,0.3,0.6
YNL267W	PIK1	41,41,42,42,43	44,46,47,48,50	54,55,55,57,59	43,43,43,44,44	43,44,45,45,45	55,56,57,57,57	41,41,42,43,45
YNL268W	LYP1	209,210,211,222,234	162,169,175,177,179	273,273,273,274,275	166,169,172,175,179	150,151,152,154,157	258,265,271,275,280	200,204,209,210,210
YNL269W	BSC4	3,4,5,7,9	4,4,5,5,5	18,18,19,19,19	6,8,10,12,14	4,6,7,8,9	15,16,18,18,18	5,5,5,7,8
YNL270C	ALP1	12,12,12,13,14	6,7,8,8,8	209,215,221,224,227	9,9,9,10,10	11,11,11,11,11	177,178,180,183,186	15,15,15,15,16
YNL271C	BNI1	11,11,12,12,12	11,11,11,11,12	10,11,12,12,12	11,11,11,12,12	11,11,11,11,12	10,10,10,11,11	10,10,11,11,11
YNL272C	SEC2	34,35,35,35,36	34,36,38,38,39	30,31,31,32,32	33,34,36,37,38	36,36,37,38,38	28,28,29,29,29	35,35,36,36,36
YNL273W	TOF1	6,6,7,7,7	4,5,6,6,6	3,4,4,4,4	6,6,7,7,8	9,10,11,12,12	4,4,4,4,4	7,7,7,7,7
YNL274C	GOR1	63,70,78,86,93	115,117,119,123,127	99,102,106,106,106	109,113,117,118,120	97,102,107,108,108	83,86,89,93,97	80,81,82,86,89
YNL275W	BOR1	30,31,33,34,35	27,29,31,33,35	74,75,77,79,81	29,29,30,31,32	23,25,26,27,28	68,69,71,75,80	30,30,31,32,32
YNL276C		0,0,0,0.3,0.5	0,0,0,0,0	0,0,0,0.4,0.7	0,0,0,0,0	0,0,0,0,0	0.6,0.6,0.6,0.6,0.7	0,0,0,0,0
YNL277W-A		3,4,6,8,10	15,17,19,21,24	8,9,10,14,19	13,14,14,16,19	40,42,45,53,62	15,15,16,18,20	16,18,20,20,21
YNL277W	MET2	102,103,104,105,107	141,145,149,157,165	119,128,138,145,152	141,142,143,143,144	154,160,167,172,177	116,119,122,135,148	114,119,124,128,131
YNL278W	CAF120	19,19,20,21,23	16,18,20,20,20	11,12,14,15,15	17,18,19,19,19	14,15,16,17,17	11,12,12,12,12	22,22,23,23,24
YNL279W	PRM1	13,13,13,13,13	10,11,11,13,14	16,17,17,20,24	11,11,12,13,14	9,10,11,11,12	18,19,20,21,22	10,11,11,12,13
YNL280C	ERG24	84,87,90,91,91	70,79,88,91,93	92,92,92,97,101	81,87,94,94,94	72,76,80,84,88	91,95,99,103,107	75,76,77,81,85
YNL281W	HCH1	518,523,529,531,534	419,441,463,470,478	137,150,163,168,172	427,427,428,453,478	333,341,348,367,386	132,136,140,141,142	466,471,476,477,479
YNL282W	POP3	15,18,21,21,22	12,13,14,14,15	15,15,15,17,19	15,15,16,16,17	16,17,18,19,20	13,13,13,15,16	14,15,17,18,20
YNL283C	WSC2	95,104,113,116,119	60,61,61,63,65	65,66,67,68,68	48,49,50,55,60	48,50,53,53,53	54,56,59,59,60	117,117,117,121,125
YNL284C-A		0,0,0,0,0	0,0,0,0,0	0,0,0,0,0	0,0,0,0,0	0,0,0,0,0	0,0,0,0,0	0,0,0,0,0
YNL284C-B		4,4,4,5,6	5,5,6,6,6	6,6,6,6,6	6,6,6,7,7	4,5,5,5,6	5,6,6,7,7	4,5,5,5,5
YNL284C	MRPL10	152,160,168,178,187	237,242,247,257,268	152,164,177,180,182	247,255,263,265,267	252,262,272,282,291	133,140,147,155,164	135,141,148,149,150
YNL285W		3,5,6,6,6	2,5,7,7,7	10,12,13,14,16	2,4,5,6,8	4,4,5,6,7	8,8,8,11,13	4,4,5,7,9
YNL286W	CUS2	40,43,45,49,54	53,56,60,60,60	52,53,54,57,59	50,52,54,54,54	52,52,52,55,57	47,51,55,56,56	46,47,48,51,54
YNL287W	SEC21	95,95,96,98,100	82,83,85,87,89	67,68,68,71,74	73,79,86,86,87	77,79,81,82,82	69,69,69,70,70	101,102,104,106,109
YNL288W	CAF40	73,83,93,94,94	73,75,77,81,84	118,123,128,130,131	75,77,78,79,80	64,67,71,71,71	117,121,125,128,132	83,84,86,88,90
YNL289W	PCL1	56,62,69,72,74	23,23,23,25,26	8,11,14,16,18	35,38,41,43,45	152,157,162,174,187	9,11,13,15,18	82,94,107,114,121
YNL290W	RFC3	97,98,99,101,103	82,84,85,90,94	75,79,82,84,85	82,88,93,97,100	81,83,85,88,92	78,79,80,84,88	96,96,96,99,102
YNL291C	MID1	38,38,39,40,42	35,36,36,38,40	39,41,43,43,43	32,33,35,35,35	35,35,35,35,36	37,39,40,40,40	36,36,36,37,37
YNL292W	PUS4	33,33,33,35,36	33,34,35,36,37	38,38,38,40,42	36,36,37,38,39	41,42,44,46,47	34,34,34,34,34	33,34,35,35,36
YNL293W	MSB3	39,39,40,42,44	42,43,44,44,44	67,69,71,72,73	39,41,43,43,43	37,38,39,40,41	62,64,67,67,67	40,40,40,43,45
YNL294C	RIM21	53,53,54,54,55	54,55,55,56,56	69,71,73,73,74	53,55,57,58,59	50,51,52,54,56	65,67,70,72,75	46,46,46,49,53
YNL295W	MRX6	39,42,44,46,48	54,56,58,58,58	62,64,66,66,66	49,54,58,58,59	53,54,56,57,58	56,57,58,58,59	39,39,39,40,40
YNL296W		0,0,0,0,0	0,0,0,0,0	0,0,0,0,0	0,0,0,0,0	0,0,0,0,0	0,0,0,0,0	0,0,0,0,0
YNL297C	MON2	18,18,19,19,20	19,19,19,20,20	21,21,21,22,24	17,17,18,19,21	17,18,18,20,21	19,19,20,20,21	18,18,19,19,20
YNL298W	CLA4	54,55,56,56,57	58,59,61,62,63	45,48,51,54,56	57,59,62,63,65	58,59,60,61,63	43,45,46,47,48	49,49,49,51,52
YNL299W	TRF5	25,26,27,27,28	18,19,20,20,20	14,15,16,16,16	19,19,19,21,23	21,22,23,24,24	17,17,17,18,18	26,27,28,29,30
YNL300W	TOS6	187,209,231,232,233	63,67,72,86,99	39,42,45,47,49	45,66,87,99,112	268,291,314,324,335	27,32,38,54,70	363,392,422,429,437
YNL301C	RPL18B	147,158,169,181,193	159,190,220,222,223	58,62,66,66,66	211,218,224,226,228	199,219,240,250,260	56,57,58,63,69	160,162,165,166,166
YNL302C	RPS19B	466,522,579,593,607	476,521,567,596,625	394,397,399,402,406	538,579,620,629,638	724,793,863,869,875	298,301,304,304,304	494,511,528,548,567
YNL303W		1,1,2,2,2	0.7,0.8,0.8,2,3	0,0,0,0.8,2	0,0.6,1,3,4	2,2,3,3,4	0.7,0.7,0.7,1,2	0.6,0.9,1,1,2
YNL304W	YPT11	15,15,16,17,18	15,15,16,17,19	16,17,18,19,20	18,18,19,20,22	18,19,20,21,21	18,19,19,19,19	19,19,20,20,20
YNL305C	BXI1	169,170,171,186,200	171,174,177,182,186	193,200,206,216,226	171,176,181,183,184	152,153,154,164,173	197,203,210,210,211	147,148,148,160,171
YNL306W	MRPS18	228,244,260,273,287	341,343,344,350,355	177,186,196,196,196	367,376,385,401,416	364,373,382,401,420	146,155,164,166,167	231,236,241,243,245
YNL307C	MCK1	191,194,198,199,200	170,174,178,180,182	192,195,197,198,198	174,178,182,183,183	156,157,159,159,160	199,202,206,215,224	206,208,210,215,219
YNL308C	KRI1	78,83,88,90,92	72,76,79,84,89	67,70,73,74,75	79,80,80,90,99	91,96,101,101,101	59,61,62,68,73	78,80,81,82,82
YNL309W	STB1	17,19,20,21,22	18,18,18,21,24	21,22,23,23,23	19,20,20,24,28	29,31,33,34,35	20,20,21,22,23	20,21,23,24,25
YNL310C	ZIM17	65,66,67,68,68	75,78,81,85,90	69,69,70,71,73	77,79,82,83,84	90,93,96,97,98	64,65,65,69,73	67,68,69,75,80
YNL311C	SKP2	40,40,41,43,45	37,37,37,40,42	40,41,43,44,44	35,36,36,39,42	38,38,39,40,42	47,47,48,48,48	38,39,39,41,42
YNL312W	RFA2	66,66,67,71,76	46,48,51,54,57	75,78,80,82,83	50,53,57,58,58	77,82,87,88,88	83,85,86,88,90	82,87,92,93,94
YNL313C	EMW1	29,29,30,30,30	23,25,26,27,27	25,25,26,28,30	28,28,28,29,31	32,34,36,36,37	20,20,21,23,25	27,28,29,29,29
YNL314W	DAL82	44,45,46,47,48	52,53,53,55,56	62,63,64,67,69	49,50,52,55,59	45,46,47,47,48	64,66,68,70,71	40,40,40,43,46
YNL315C	ATP11	96,98,101,104,106	151,155,159,166,173	118,127,137,140,143	176,176,176,181,186	164,165,167,175,183	101,102,103,104,105	91,94,96,98,100
YNL316C	PHA2	45,46,47,50,54	47,47,48,49,49	61,63,65,67,69	45,46,47,49,50	41,41,41,41,42	67,70,74,76,77	43,45,47,48,50
YNL317W	PFS2	24,25,25,25,25	26,28,31,32,32	38,40,42,43,43	27,29,31,31,31	25,28,30,31,32	32,35,38,39,40	24,26,27,28,29
YNL318C	HXT14	0.8,0.9,0.9,1,2	0.5,0.5,0.5,0.6,0.6	3,3,3,4,5	0.5,0.6,0.7,0.8,0.9	0,0.1,0.3,0.3,0.4	3,3,4,5,6	0.7,1,1,2,2
YNL319W		0,0.2,0.5,0.7,1	0.5,0.6,0.7,0.9,1	0,0,0,0.5,0.9	0.6,0.6,0.6,0.8,0.9	0,0.2,0.5,0.7,0.9	0,0.5,1,1,2	0,0.3,0.6,1,1
YNL320W		66,67,67,68,69	47,55,63,66,70	80,82,83,84,84	51,61,70,74,79	47,48,49,53,57	81,86,92,100,108	61,65,69,70,71
YNL321W	VNX1	49,52,55,55,56	55,56,56,57,58	60,62,63,65,68	48,48,49,51,52	42,43,43,43,44	58,62,65,65,65	44,49,54,54,55
YNL322C	KRE1	223,226,229,233,237	212,217,222,226,229	250,250,250,271,292	205,205,205,214,223	199,200,200,210,219	234,246,257,271,284	205,213,220,222,223
YNL323W	LEM3	50,56,62,62,62	52,57,63,63,63	64,66,69,70,72	53,54,55,56,58	44,45,46,47,47	65,65,65,67,68	56,58,61,62,64
YNL324W		0,0,0,0,0	0,0,0,0.3,0.7	0,0,0,0.5,1	0,0,0,0,0	0,0,0,0.3,0.6	0.6,0.6,0.6,0.6,0.7	0,0.3,0.5,0.6,0.7
YNL325C	FIG4	11,11,12,12,12	11,12,13,14,14	13,13,13,14,15	11,12,13,13,14	12,12,12,13,15	13,13,13,15,17	10,11,12,12,12
YNL326C	PFA3	50,51,52,52,53	50,54,57,60,62	82,84,86,90,95	49,50,51,53,55	45,47,49,50,52	88,90,92,92,92	49,49,49,51,52
YNL327W	EGT2	6,12,19,21,24	36,38,40,42,43	6,7,7,8,9	143,157,171,192,213	478,488,499,544,590	6,7,8,9,9	8,11,13,16,19
YNL328C	MDJ2	12,13,14,15,15	12,14,17,18,19	14,15,17,19,21	12,17,22,23,24	25,26,27,29,30	13,14,14,15,15	13,13,14,16,17
YNL329C	PEX6	26,26,27,28,30	29,30,31,32,32	45,45,46,47,49	32,34,36,38,40	38,38,38,39,41	44,46,47,48,48	24,24,24,25,26
YNL330C	RPD3	84,86,88,88,88	80,89,98,98,99	81,85,89,92,95	90,90,91,93,96	83,83,84,90,96	80,82,85,86,88	86,87,88,90,92
YNL331C	AAD14	47,49,50,50,50	52,53,53,58,63	100,103,106,109,113	54,56,58,58,58	47,47,47,50,52	117,121,124,124,124	44,47,49,49,50
YNL332W	THI12	6,6,7,8,10	7,7,7,7,7	18,18,19,21,22	6,6,6,9,11	5,5,5,7,9	16,17,17,19,20	7,8,8,9,9
YNL333W	SNZ2	17,17,17,18,20	23,24,24,25,25	67,69,72,78,84	23,23,23,25,27	21,21,21,25,28	55,57,60,62,65	18,19,20,21,23
YNL334C	SNO2	5,5,6,7,7	4,5,6,6,7	13,14,15,17,19	4,5,7,8,10	5,6,7,9,10	11,11,11,14,16	6,7,7,7,8
YNL335W	DDI3	3,4,5,5,5	3,4,5,5,6	20,21,22,24,25	3,4,5,5,5	3,3,3,4,5	25,27,29,31,33	5,5,5,5,6
YNL336W	COS1	25,25,25,28,30	28,31,35,36,37	42,42,43,43,43	29,31,32,33,33	31,32,33,37,41	39,40,41,41,41	23,25,27,28,29
YNL337W		1,1,2,2,2	0,0,0,0.5,1	0,0,0,0,0	0,0,0,3,5	1,1,1,2,2	1,2,2,3,4	0.8,0.8,0.9,1,1
YNL338W		0,0,0,0,0	0,0,0,0,0	0,0,0,0,0	0,0,0,0,0	0,0,0,0.9,2	0,0,0,0,0	0,0,0,0,0
YNL339C	YRF1-6	0.2,0.3,0.3,0.4,0.5	0.4,0.4,0.4,0.5,0.6	0.1,0.3,0.5,0.5,0.6	0.3,0.4,0.6,0.6,0.6	0.3,0.4,0.6,0.6,0.6	0.3,0.4,0.5,0.5,0.6	0.1,0.3,0.5,0.5,0.5
YNL339W-A		0,0,0,0,0	0,0,0,0,0	0,0,0,0,0	0,0,0,0,0	0,0,0,0,0	0,0,0,0,0	0,0,0,0,0
YNL339W-B		0,0,0,0,0	0,0,0,0,0	0,0,0,0,0	0,0,0,0,0	0,0,0,0,0	0,0,0,0,0	0,0,0,0,0
YNR001C	CIT1	3096,3149,3202,3218,3235	3631,3631,3631,3743,3856	1560,1589,1618,1630,1643	3679,3766,3853,3853,3853	3376,3376,3376,3505,3634	1647,1658,1668,1679,1690	2996,3043,3090,3110,3130
YNR001W-A		0.9,1,1,2,3	0,0.6,1,2,2	0.9,2,2,2,3	0,0.5,1,2,2	0,0.5,0.9,2,3	1,2,2,3,3	0,0.5,1,1,1
YNR002C	ATO2	1083,1149,1216,1314,1411	967,1085,1203,1206,1209	2346,2354,2362,2392,2421	936,939,942,957,973	557,593,630,644,657	2224,2224,2224,2280,2335	1036,1094,1151,1182,1212
YNR003C	RPC34	35,39,42,45,48	29,31,32,34,35	31,32,33,34,34	31,34,37,37,37	29,30,31,33,36	28,29,30,31,32	38,41,44,45,46
YNR003W-A		0,0,0,0,0	0,0,0,0,0	0,0,0,0,0	0,0,0,0,0	0,0,0,0,0	0,0,0,0,0	0,0,0,0,0
YNR004W	SWM2	40,41,42,45,47	36,39,42,43,43	45,50,55,57,59	25,28,31,32,33	21,24,26,28,30	47,48,49,52,54	33,35,37,42,46
YNR005C		0,0,0,0.3,0.5	0,0,0,0,0	0,0,0,0.5,1	0,0,0,0,0	0,0,0,0.3,0.6	0,0,0,0,0	0,0,0,0,0
YNR006W	VPS27	45,46,47,50,53	50,51,51,54,56	66,66,66,68,69	45,46,46,48,49	38,39,40,43,46	66,67,68,71,73	44,45,45,48,51
YNR007C	ATG3	70,70,70,74,78	78,78,78,84,91	105,105,105,108,111	63,71,79,82,85	71,71,72,72,72	91,95,99,104,109	67,73,78,79,80
YNR008W	LRO1	39,39,39,41,43	35,35,36,36,37	24,24,25,25,25	33,34,35,37,38	36,36,36,36,36	23,23,23,24,24	37,39,41,42,43
YNR009W	NRM1	87,97,106,108,110	26,29,32,34,37	16,18,21,21,22	21,22,22,25,29	19,20,20,20,20	18,20,21,22,22	133,134,134,135,136
YNR010W	CSE2	33,36,39,40,40	35,37,39,41,43	63,64,65,70,75	30,32,35,36,38	24,29,34,40,45	52,58,64,67,69	39,40,41,42,44
YNR011C	PRP2	23,23,24,24,24	19,21,23,23,23	27,28,29,30,30	17,18,19,20,21	19,19,19,20,21	26,26,27,27,27	21,23,25,26,27
YNR012W	URK1	29,29,30,31,32	26,26,26,29,32	15,16,16,18,20	28,30,33,34,35	30,32,34,35,36	10,10,10,12,14	25,26,28,30,33
YNR013C	PHO91	37,37,38,38,39	39,39,39,41,42	40,41,42,43,44	39,40,40,42,43	36,37,38,40,43	36,38,39,41,44	32,33,33,34,34
YNR014W		13,15,17,17,18	15,17,19,19,20	35,36,37,41,45	14,15,17,17,18	13,13,13,14,16	22,26,29,30,31	19,19,19,21,23
YNR015W	SMM1	77,82,88,91,94	77,77,77,80,82	172,196,221,229,238	75,76,76,78,79	70,74,78,78,78	176,188,199,206,212	82,84,86,88,90
YNR016C	ACC1	145,147,149,149,150	175,177,180,191,202	286,287,288,289,290	214,216,218,226,234	214,226,239,256,273	308,310,313,321,329	131,138,145,149,153
YNR017W	TIM23	246,262,278,282,286	345,346,347,348,349	248,255,262,278,293	353,368,384,397,410	450,458,467,468,470	196,206,216,223,230	206,237,268,270,272
YNR018W	RCF2	186,189,192,192,192	150,151,152,157,162	151,160,170,176,182	147,153,160,164,168	140,143,146,149,151	142,149,156,157,158	196,199,203,203,204
YNR019W	ARE2	38,38,39,40,42	34,36,38,39,40	85,87,89,90,92	38,38,38,38,39	39,39,39,40,41	82,85,89,93,97	34,35,35,36,38
YNR020C	ATP23	50,52,55,59,64	72,73,74,75,75	41,44,46,47,48	76,79,82,84,86	80,81,82,85,87	30,32,35,36,38	50,52,54,54,54
YNR021W		118,122,125,126,128	103,117,131,135,140	106,108,110,114,117	123,127,132,135,138	124,131,139,144,149	107,111,114,118,121	103,108,113,119,125
YNR022C	MRPL50	170,184,198,206,214	259,267,274,279,284	166,168,171,182,194	273,286,299,304,309	284,288,293,300,307	126,133,140,144,147	181,185,188,191,194
YNR023W	SNF12	37,37,37,39,40	30,31,32,33,34	21,23,25,25,26	24,26,28,29,31	24,25,27,29,30	24,24,25,26,27	40,40,40,40,41
YNR024W	MPP6	19,20,21,23,25	20,20,21,22,23	18,19,21,22,24	21,23,24,27,29	23,29,34,39,44	21,21,21,21,21	20,21,22,23,24
YNR025C		2,4,5,6,8	2,3,5,8,11	6,7,9,9,9	2,3,4,5,6	4,4,4,6,8	5,5,5,6,7	3,3,4,5,5
YNR026C	SEC12	35,36,36,38,39	31,32,33,33,34	33,35,37,38,39	32,33,35,37,40	34,36,37,38,39	32,32,32,33,34	33,35,36,37,37
YNR027W	BUD17	37,37,37,38,38	32,33,33,34,34	41,42,42,44,46	30,33,36,36,36	26,28,29,33,36	40,41,42,42,43	33,35,37,37,37
YNR028W	CPR8	201,201,202,204,207	122,125,129,131,133	84,84,85,87,88	102,105,109,112,116	79,83,87,88,90	74,77,80,82,85	210,213,217,224,231
YNR029C		37,38,39,39,39	33,35,37,40,43	35,36,37,38,38	36,36,37,37,38	34,34,35,37,40	32,33,34,34,35	37,38,39,40,40
YNR030W	ALG12	46,47,47,49,51	53,54,56,58,59	46,51,55,56,57	53,55,57,58,58	51,53,55,59,62	51,53,56,56,56	43,46,49,49,50
YNR031C	SSK2	12,12,12,13,13	10,11,11,11,11	13,14,15,15,16	10,10,10,10,10	10,10,10,11,11	12,13,13,14,14	13,13,13,14,14
YNR032C-A	HUB1	111,120,129,137,144	103,109,116,117,118	128,132,136,137,137	98,104,110,112,113	78,82,85,92,98	131,135,138,144,150	94,107,119,123,127
YNR032W	PPG1	55,57,59,62,64	51,53,55,57,59	99,100,101,101,101	52,52,52,54,56	51,51,52,52,52	93,98,103,105,108	60,60,61,63,64
YNR033W	ABZ1	50,52,54,56,58	58,58,58,59,59	128,129,130,133,136	55,56,58,60,61	52,54,56,56,56	98,98,98,99,100	51,51,52,52,53
YNR034W-A	EGO4	78,80,82,92,103	126,127,127,131,134	1416,1454,1493,1622,1752	136,148,159,165,170	139,143,147,169,191	1023,1035,1047,1214,1380	81,86,91,105,120
YNR034W	SOL1	52,56,61,62,63	62,64,66,67,68	81,82,83,85,87	58,58,58,59,60	50,51,52,54,56	88,90,91,91,92	51,54,56,58,59
YNR035C	ARC35	226,244,262,264,266	235,237,238,247,256	222,235,247,248,249	230,238,245,254,264	216,217,218,228,239	255,259,262,263,265	249,249,249,249,250
YNR036C	MRPS12	324,332,339,341,343	481,484,487,491,494	313,314,315,329,343	491,491,491,499,506	477,478,479,487,494	229,239,249,251,254	291,306,321,333,344
YNR037C	RSM19	147,161,176,188,200	183,215,246,248,249	114,134,153,167,180	233,241,250,260,270	257,265,272,280,288	103,104,105,113,121	146,148,150,162,174
YNR038W	DBP6	38,40,43,44,45	35,35,35,38,40	32,34,36,40,44	36,36,36,38,39	37,38,39,40,41	27,30,32,34,36	36,37,37,38,39
YNR039C	ZRG17	39,39,39,40,40	38,38,39,39,39	47,47,47,50,54	36,36,37,38,39	32,33,35,38,41	49,49,49,50,51	33,33,34,35,37
YNR040W		43,47,51,52,54	60,65,71,72,72	32,32,32,38,44	64,71,77,80,82	69,71,73,75,78	28,30,31,32,32	38,45,52,52,53
YNR041C	COQ2	23,23,23,23,24	23,26,29,31,33	33,34,34,38,42	31,32,33,33,33	28,29,29,30,32	29,31,33,35,36	20,22,24,24,24
YNR042W		0,0,0,0,0	0,0,0,0,0	0,0,0,0.2,0.3	0,0,0,0,0	0,0,0,0,0	0,0,0,0.3,0.6	0,0,0,0,0
YNR043W	MVD1	195,196,196,197,197	194,198,201,202,202	315,318,321,341,360	207,209,210,218,225	205,207,209,213,217	344,347,350,352,353	187,189,190,192,193
YNR044W	AGA1	18,20,21,22,22	23,23,23,25,26	51,57,62,65,67	22,22,23,25,27	27,27,27,29,31	45,45,45,47,49	18,18,18,19,20
YNR045W	PET494	51,51,51,53,54	59,62,65,68,72	55,56,57,62,66	57,60,63,65,66	58,59,59,61,63	47,49,50,52,53	46,47,47,49,51
YNR046W	TRM112	192,194,196,197,199	182,190,198,216,234	224,226,227,227,227	191,198,204,205,205	199,203,207,209,211	205,215,224,233,242	153,160,167,168,168
YNR047W	FPK1	13,13,13,14,15	12,13,13,14,15	16,16,16,17,19	12,13,13,14,14	11,12,12,13,14	16,16,16,16,17	12,13,13,13,14
YNR048W		48,49,50,52,54	43,44,44,46,47	51,53,55,57,60	49,50,51,51,51	42,42,42,44,46	50,50,51,53,56	40,43,46,49,51
YNR049C	MSO1	65,69,74,75,77	82,82,82,89,95	67,68,69,70,71	65,65,66,73,80	52,60,68,78,89	58,60,62,67,71	65,68,71,73,75
YNR050C	LYS9	277,303,330,338,347	289,299,309,312,316	136,140,144,146,148	283,295,308,310,313	258,271,284,295,305	116,120,123,126,128	309,315,321,327,333
YNR051C	BRE5	100,101,102,106,110	91,93,95,100,105	66,70,74,77,80	95,97,99,100,102	97,100,102,104,105	75,78,82,85,88	88,91,95,96,97
YNR052C	POP2	92,93,94,97,99	88,89,90,92,94	107,112,118,118,118	85,86,87,89,91	84,86,88,90,92	102,109,115,115,115	85,88,91,93,95
YNR053C	NOG2	40,44,49,50,52	30,31,31,32,32	26,29,32,32,32	37,39,40,42,43	51,53,54,56,58	15,18,20,21,22	35,36,37,39,41
YNR054C	ESF2	27,28,30,33,37	25,27,29,30,31	17,19,20,21,21	26,26,27,31,35	33,40,46,50,53	14,14,14,17,20	22,25,27,28,28
YNR055C	HOL1	40,40,40,42,44	37,40,42,42,42	40,41,43,43,43	38,40,42,42,42	36,38,39,39,39	36,40,43,44,44	34,36,39,40,40
YNR056C	BIO5	12,14,16,17,18	16,16,16,16,16	131,131,131,139,146	13,13,14,15,16	12,12,12,13,14	139,142,145,151,158	12,14,16,16,17
YNR057C	BIO4	47,49,51,51,51	31,36,41,45,49	35,41,47,49,51	38,41,44,45,47	32,33,33,36,38	40,43,46,48,51	42,44,46,47,48
YNR058W	BIO3	23,24,25,28,30	24,24,25,26,27	46,50,54,56,57	22,22,22,22,23	17,17,17,19,20	54,57,59,61,63	27,28,28,31,34
YNR059W	MNT4	16,18,20,20,20	16,17,17,18,19	41,45,48,49,49	12,14,15,17,18	13,13,13,14,16	42,45,47,48,50	20,21,22,23,24
YNR060W	FRE4	10,10,10,11,12	11,11,12,12,12	22,22,23,23,24	10,11,11,11,11	9,9,9,10,10	21,22,23,23,24	10,10,10,11,12
YNR061C		91,95,99,105,111	82,92,103,108,114	129,135,142,143,143	96,106,116,118,120	93,95,97,98,99	140,141,143,152,161	94,96,98,99,99
YNR062C		9,10,11,12,12	12,12,13,13,13	13,13,13,14,14	8,8,9,12,15	9,11,12,13,14	12,12,12,13,14	10,11,11,11,11
YNR063W		8,9,10,10,10	8,8,8,9,10	13,13,14,16,18	9,9,9,10,10	9,9,9,9,9	12,13,13,15,17	8,8,9,9,10
YNR064C		30,33,36,37,38	24,26,28,31,33	172,188,203,214,225	21,23,24,25,26	25,25,25,27,30	179,182,186,191,196	32,34,35,36,37
YNR065C		7,7,7,7,7	8,9,9,9,9	9,9,10,10,10	8,9,10,10,10	10,10,11,11,11	9,9,9,9,10	6,7,7,7,7
YNR066C		7,8,9,9,10	8,8,9,9,9	11,12,14,14,14	11,11,11,11,11	9,10,11,12,13	9,10,12,12,12	8,8,9,9,10
YNR067C	DSE4	5,8,11,12,13	17,18,19,20,21	4,5,5,6,6	66,73,79,85,91	228,233,239,245,252	6,6,6,6,7	6,7,9,10,10
YNR068C		54,56,58,58,58	49,55,62,64,66	18,20,23,25,27	45,46,46,48,50	37,38,39,39,39	28,28,29,31,34	44,45,47,54,60
YNR069C	BSC5	38,40,41,45,48	38,42,47,49,51	18,18,19,19,19	33,36,39,39,39	28,29,30,31,32	20,20,20,21,23	31,33,34,38,43
YNR070W	PDR18	0,0.1,0.1,0.2,0.2	0,0,0,0,0	0,0.1,0.2,0.3,0.4	0.1,0.1,0.1,0.2,0.3	0,0.1,0.1,0.3,0.5	0,0,0.1,0.2,0.3	0,0,0.1,0.1,0.1
YNR071C		0,0,0,0,0	0,0,0,0,0	0,0,0,0,0	0,0,0,0,0	0,0,0,0,0	0,0,0,0,0	0,0,0,0,0
YNR072W	HXT17	0.4,0.7,1,1,1	0.7,1,2,2,2	0.7,0.8,0.9,1,2	0.6,1,1,1,1	0,0.5,1,1,1	1,2,2,2,2	0.8,1,1,1,2
YNR073C	MAN2	3,3,3,3,3	1,2,2,3,5	2,2,2,3,3	2,3,3,3,3	2,2,3,3,4	3,3,3,3,3	2,3,3,3,4
YNR074C	AIF1	0,0,0,0,0	0,0,0,0,0	0,0,0,0,0	0,0,0,0,0	0,0,0,0,0	0,0,0,0,0	0,0,0,0,0
YNR075C-A		14,17,19,23,27	18,19,19,27,34	45,48,52,55,58	12,21,31,32,34	12,18,23,25,26	20,25,30,38,46	13,17,22,24,25
YNR075W	COS10	10,11,11,13,15	7,8,9,11,13	23,25,27,29,31	9,11,12,13,14	10,11,12,14,16	19,20,21,23,25	14,14,14,14,14
YNR076W	PAU6	0,0,0,0,0	0,0,0,0.3,0.7	0,0,0,0.6,1	0,0,0,0,0	0,0,0,0.6,1	0,0,0,0.7,1	0,0,0,0.3,0.6
YNR077C		0,0,0,0.4,0.8	0,0,0,0,0	0,0,0,0,0	0,0,0,0,0	0,0,0,0,0	0,0,0,0.5,1	0,0,0,0,0
YOL001W	PHO80	37,39,42,44,46	44,45,45,47,48	70,72,75,75,75	36,39,42,43,44	39,41,43,45,47	68,71,74,81,88	38,39,40,40,41
YOL002C	IZH2	53,56,59,60,62	54,57,61,64,67	280,284,289,290,291	57,60,63,63,63	60,61,62,67,71	230,231,232,241,249	46,50,55,58,62
YOL003C	PFA4	36,36,36,37,37	40,41,41,42,44	46,49,51,53,54	38,41,44,44,44	41,42,43,44,46	47,48,50,51,52	38,39,40,40,41
YOL004W	SIN3	33,33,34,34,35	32,32,32,33,33	32,32,32,34,35	30,31,31,33,35	30,30,31,32,33	28,30,32,32,32	34,35,35,36,38
YOL005C	RPB11	218,223,227,235,244	195,201,207,212,216	144,145,146,150,154	192,198,204,212,221	197,200,203,212,220	172,175,177,180,182	168,193,218,226,234
YOL006C	TOP1	37,38,39,40,42	38,40,41,42,43	39,39,39,40,40	48,49,49,54,59	68,72,76,79,81	37,38,40,41,42	39,40,41,42,42
YOL007C	CSI2	27,28,28,29,31	10,11,13,15,17	24,27,30,31,32	15,16,16,18,20	41,45,50,52,54	28,31,34,36,38	38,39,41,42,43
YOL008W	COQ10	40,40,40,42,43	44,47,51,51,52	59,63,68,69,69	43,43,44,46,48	39,39,39,42,45	53,54,54,59,64	37,41,44,46,47
YOL009C	MDM12	37,39,40,44,48	50,50,50,52,54	53,54,55,56,58	44,45,45,47,48	43,43,44,44,44	50,50,50,53,56	40,43,45,47,49
YOL010W	RCL1	43,45,48,54,59	40,42,45,45,46	47,48,49,52,55	53,53,54,57,61	63,65,68,70,72	29,30,31,33,35	38,45,51,51,51
YOL011W	PLB3	62,63,63,63,64	59,63,67,67,68	112,114,116,116,116	74,77,80,80,80	82,85,89,90,92	114,115,115,116,116	60,61,62,62,63
YOL012C	HTZ1	351,354,357,359,360	159,161,163,182,200	160,161,163,174,185	135,156,176,180,185	144,145,146,149,152	149,153,157,163,169	428,438,448,452,456
YOL013C	HRD1	59,61,62,62,63	63,64,65,66,68	123,132,140,140,140	61,64,66,67,68	54,55,55,58,60	126,127,127,128,128	58,59,59,60,60
YOL013W-A		0,0,0,0,0	0,0,0,0,0	0,0.8,2,2,2	0,0,0,0,0	0,0,0,0,0	0,0,0,0,0	0,0,0,0,0
YOL013W-B		4,4,5,5,5	2,3,3,4,4	9,9,9,10,10	0.8,2,3,4,5	0.8,1,2,2,3	9,9,9,10,11	4,5,6,7,7
YOL014W		10,12,14,18,22	13,15,17,17,17	28,29,29,37,44	13,13,14,14,15	13,13,14,14,15	17,18,18,18,19	11,11,12,13,13
YOL015W	IRC10	2,2,2,3,3	2,2,2,3,3	4,4,4,4,5	1,2,3,3,4	2,2,2,2,2	3,3,4,4,4	2,2,3,3,3
YOL016C	CMK2	36,39,41,42,42	53,54,55,56,58	96,98,100,110,120	50,51,52,53,53	66,68,70,70,70	61,64,67,69,70	35,35,36,37,38
YOL017W	ESC8	8,9,10,10,10	8,9,9,9,10	11,11,11,12,13	10,10,10,12,14	20,20,20,22,24	12,12,12,12,13	14,14,15,15,16
YOL018C	TLG2	53,54,56,60,64	54,57,60,60,60	72,73,74,77,80	48,51,55,56,56	53,53,53,55,57	70,72,74,75,75	55,58,61,61,61
YOL019W		32,33,33,35,37	22,23,24,26,28	34,34,34,37,41	67,69,70,78,87	155,158,162,174,186	25,26,27,28,29	40,44,49,49,50
YOL019W-A		0,0,0,0.7,1	0,0,0,0.9,2	2,3,4,4,4	0,0,0,0.8,2	0,0,0,0,0	2,2,2,3,3	1,1,1,2,2
YOL020W	TAT2	28,29,30,33,36	26,29,32,33,34	58,65,71,72,73	29,30,31,32,33	31,32,33,34,36	60,62,65,68,71	29,31,33,34,35
YOL021C	DIS3	51,52,54,54,54	48,48,49,49,50	54,57,60,61,61	50,52,53,55,56	45,47,49,50,52	53,54,55,55,56	52,52,52,53,54
YOL022C	TSR4	47,47,47,51,55	46,46,46,47,48	48,49,49,52,55	45,46,46,48,50	49,49,50,51,51	43,45,47,49,50	51,51,51,52,54
YOL023W	IFM1	36,36,37,38,40	51,53,55,57,58	18,20,21,23,25	50,52,54,55,56	52,54,55,59,62	14,15,15,16,17	37,37,37,39,41
YOL024W		4,4,4,5,6	2,2,3,3,3	9,10,11,12,13	1,2,2,3,4	0.8,1,2,2,3	7,9,10,11,12	3,4,5,6,6
YOL025W	LAG2	29,30,31,31,31	31,31,31,33,35	53,55,56,56,56	31,31,32,34,36	27,29,31,32,33	53,57,61,65,69	30,31,31,34,36
YOL026C	MIM1	108,110,111,116,121	85,88,92,99,107	84,90,96,104,112	104,107,110,119,127	70,84,98,99,100	90,95,100,101,102	105,109,113,116,119
YOL027C	MDM38	214,221,227,237,246	255,256,257,261,264	297,299,301,305,309	255,257,260,264,268	268,269,270,270,271	268,269,270,270,270	212,214,215,221,227
YOL028C	YAP7	41,41,41,43,44	43,44,44,47,50	57,59,61,62,62	43,44,45,47,48	45,46,47,50,53	55,59,63,64,64	41,41,42,44,46
YOL029C		47,51,55,57,59	51,52,52,55,58	71,76,82,82,83	48,48,49,51,54	50,51,51,52,53	76,79,81,81,81	42,42,43,44,44
YOL030W	GAS5	508,520,532,536,540	412,420,428,432,435	357,367,377,398,420	397,407,417,417,417	297,315,333,346,358	360,366,373,380,387	506,519,531,542,552
YOL031C	SIL1	53,55,57,58,58	47,50,52,53,54	82,85,88,90,92	50,52,53,54,54	44,46,47,48,50	78,84,90,90,91	55,57,58,58,58
YOL032W	OPI10	83,87,90,95,101	95,99,102,102,103	99,101,103,104,105	80,84,88,90,91	66,70,75,80,85	97,103,109,112,115	74,79,84,85,86
YOL033W	MSE1	22,22,22,24,26	32,36,40,42,44	19,20,21,21,21	37,37,37,40,43	41,46,51,51,51	17,17,17,18,19	23,23,24,25,26
YOL034W	SMC5	18,19,20,20,20	15,15,16,17,18	19,19,20,20,20	16,16,16,17,17	18,18,19,19,19	16,17,18,18,18	18,19,20,20,20
YOL035C		2,2,3,4,4	2,3,4,4,5	4,6,9,11,13	1,2,3,4,5	1,2,2,2,2	7,7,7,8,8	3,3,4,4,4
YOL036W		69,69,70,72,75	67,67,67,67,68	116,116,116,118,119	60,60,61,63,65	50,51,52,57,61	119,120,121,125,130	68,69,71,72,73
YOL037C		4,4,5,5,5	2,3,5,6,7	7,8,9,10,10	2,3,3,4,5	3,3,4,5,6	5,6,8,9,10	1,4,6,10,13
YOL038C-A		81,92,104,106,108	96,106,115,119,123	170,181,192,230,267	69,72,75,90,105	64,85,106,119,133	140,150,160,160,160	93,94,95,103,111
YOL038W	PRE6	470,471,472,490,508	415,422,428,441,454	410,412,414,424,435	454,463,472,472,472	390,398,407,427,446	458,458,459,462,465	430,437,443,448,453
YOL039W	RPP2A	423,481,540,562,585	469,504,538,542,547	425,434,442,447,452	548,569,590,600,611	803,834,866,868,871	326,343,360,361,361	440,458,476,493,511
YOL040C	RPS15	906,997,1089,1091,1093	1101,1117,1133,1246,1360	750,750,750,760,770	1208,1208,1208,1284,1360	1602,1633,1664,1799,1933	614,616,617,634,651	849,908,968,1005,1043
YOL041C	NOP12	65,66,68,68,68	56,57,58,60,63	54,56,59,65,71	65,65,66,68,70	84,86,87,88,88	45,49,53,53,53	56,57,58,60,62
YOL042W	NGL1	36,38,40,42,44	38,40,41,46,51	66,69,72,74,76	41,43,45,47,48	37,38,39,42,44	66,66,67,72,76	42,44,46,46,46
YOL043C	NTG2	28,30,33,33,33	34,36,37,38,38	45,45,46,46,47	32,33,34,36,37	28,29,29,30,31	44,45,45,45,46	26,28,31,33,34
YOL044W	PEX15	30,32,33,33,34	26,28,30,31,32	67,68,69,69,70	27,28,28,29,29	24,25,27,27,27	55,59,63,65,66	31,31,32,35,38
YOL045W	PSK2	36,37,37,38,38	32,33,35,35,35	69,69,69,72,76	32,32,32,33,33	31,31,31,32,33	70,70,71,75,79	37,37,37,40,42
YOL046C		0.2,0.2,0.3,0.4,0.5	0.3,0.4,0.5,0.6,0.8	1,2,2,2,3	0,0.1,0.2,0.5,0.7	0,0,0,0.1,0.3	1,2,2,3,3	0,0,0,0.1,0.2
YOL047C	LDS2	7,7,7,7,7	9,10,10,10,10	13,14,16,16,17	7,7,8,9,10	5,5,5,6,6	12,15,18,18,19	7,7,7,8,8
YOL048C	RRT8	71,77,83,84,85	89,91,93,96,98	95,105,116,116,116	91,92,92,94,97	67,68,69,77,85	114,124,135,136,137	71,72,73,76,79
YOL049W	GSH2	148,150,152,154,155	159,165,170,171,173	123,127,132,135,138	151,156,160,163,166	141,146,150,152,153	143,145,147,150,153	141,145,150,150,151
YOL050C		14,15,16,17,18	14,16,17,20,23	16,18,19,20,20	14,15,16,22,28	9,9,9,17,25	25,27,29,31,33	12,12,13,16,19
YOL051W	GAL11	76,76,77,80,84	77,78,78,82,86	89,90,91,96,101	71,73,76,78,80	67,67,68,76,84	100,101,101,101,101	77,78,79,80,81
YOL052C-A	DDR2	397,441,485,507,529	882,913,944,1007,1069	966,1054,1143,1149,1155	862,917,973,1006,1040	497,541,584,608,632	837,887,936,954,972	298,319,341,374,407
YOL052C	SPE2	72,75,78,81,84	69,71,72,76,79	62,63,64,67,71	71,72,73,73,74	63,68,72,74,75	55,56,56,58,61	72,73,75,75,76
YOL053W	AIM39	93,94,96,99,101	98,99,100,113,126	81,82,83,88,92	100,101,102,104,105	94,95,95,97,99	69,72,75,76,78	98,100,102,102,103
YOL054W	PSH1	44,44,44,45,46	36,37,38,41,44	40,46,52,56,59	36,37,38,39,41	41,41,41,46,52	44,48,52,53,55	41,45,48,49,50
YOL055C	THI20	32,32,33,34,35	28,29,30,30,30	44,45,46,47,49	28,29,30,31,32	23,23,23,25,27	41,43,44,45,45	34,35,37,38,40
YOL056W	GPM3	14,15,16,16,17	13,13,13,15,17	13,13,14,17,20	13,13,13,13,14	12,13,14,15,15	14,15,15,15,16	19,19,19,21,22
YOL057W		52,53,53,54,55	56,57,59,60,61	69,71,72,72,72	61,62,62,63,64	57,57,58,58,59	68,70,71,72,72	52,53,53,54,56
YOL058W	ARG1	1206,1322,1438,1515,1593	1126,1204,1282,1332,1382	779,812,844,853,862	1149,1211,1273,1276,1280	885,949,1012,1064,1116	1146,1166,1187,1246,1305	1297,1391,1486,1598,1710
YOL059W	GPD2	79,81,83,84,85	70,75,80,80,81	61,66,71,71,72	75,76,77,78,80	65,66,66,67,69	69,70,71,74,76	77,79,81,81,81
YOL060C	MAM3	106,111,116,117,118	112,112,113,114,116	123,125,127,131,134	103,106,108,110,112	90,91,93,94,95	124,125,125,126,126	104,108,112,115,118
YOL061W	PRS5	94,95,96,98,100	98,98,98,98,99	111,112,112,115,118	99,104,109,111,114	103,107,110,111,111	101,102,104,105,106	88,89,89,94,99
YOL062C	APM4	73,75,77,78,79	70,78,86,87,89	109,113,117,119,120	68,73,78,82,85	64,68,72,72,72	105,105,106,108,109	72,74,76,78,79
YOL063C	CRT10	20,20,20,21,23	19,20,20,22,23	28,29,29,30,30	20,20,21,22,22	20,20,20,21,22	31,31,32,33,35	22,22,22,22,22
YOL064C	MET22	204,206,207,212,216	207,210,212,217,221	255,257,258,258,258	195,197,198,206,214	195,207,219,221,224	296,305,314,314,314	239,248,257,264,270
YOL065C	INP54	28,30,31,34,37	33,33,34,36,38	41,44,48,51,53	30,31,31,32,32	28,28,29,32,35	43,48,52,53,54	32,33,34,35,36
YOL066C	RIB2	34,34,35,37,39	35,37,38,39,40	41,42,42,44,46	38,38,39,40,41	35,35,35,38,42	42,43,45,46,48	37,38,39,39,39
YOL067C	RTG1	91,93,95,100,104	91,96,102,103,105	95,102,110,111,111	105,107,110,110,110	82,85,89,90,92	118,119,121,128,134	89,90,92,95,98
YOL068C	HST1	106,108,110,113,115	105,106,107,110,112	123,126,128,129,130	107,109,112,112,112	98,98,99,100,101	135,136,137,138,139	106,107,109,113,116
YOL069W	NUF2	32,33,35,36,37	29,31,33,35,37	13,13,14,15,16	26,29,32,32,32	24,25,26,27,27	14,14,14,15,15	30,31,32,33,34
YOL070C	NBA1	84,85,85,91,97	115,116,116,127,138	48,49,51,51,51	147,148,148,158,168	160,167,173,181,188	47,48,50,50,51	66,70,75,77,80
YOL071W		145,146,147,152,157	244,255,267,274,282	246,254,262,268,274	255,260,265,280,295	265,275,286,297,307	212,218,223,237,251	135,140,146,149,153
YOL072W	THP1	30,30,31,31,32	32,33,34,36,37	32,33,35,35,36	28,30,33,33,33	32,32,32,33,33	32,32,32,34,35	32,32,33,33,34
YOL073C	DSC2	53,55,58,60,62	55,58,61,61,61	84,91,98,101,103	54,55,55,56,56	46,47,48,48,48	96,96,96,98,100	56,56,56,58,59
YOL075C		9,10,10,10,10	9,9,10,10,11	12,13,15,16,17	7,8,9,10,10	8,8,9,9,9	11,13,14,14,14	10,10,10,10,11
YOL076W	MDM20	27,27,27,29,31	21,22,24,24,25	15,15,15,15,16	21,22,22,22,22	23,24,24,25,25	15,16,17,18,18	30,30,31,31,32
YOL077C	BRX1	93,102,111,119,126	81,87,93,94,96	82,84,87,92,98	92,96,99,101,103	135,135,136,136,137	61,65,69,70,72	89,89,89,90,91
YOL077W-A	ATP19	1438,1455,1473,1499,1526	1864,1864,1864,2034,2203	1034,1110,1185,1212,1238	1812,1837,1861,2070,2280	2017,2079,2140,2140,2140	847,922,997,997,997	1376,1376,1376,1393,1409
YOL078W	AVO1	10,11,11,12,12	12,12,12,13,13	12,12,12,12,13	12,12,12,13,14	12,12,12,12,12	9,10,11,11,12	12,12,12,12,12
YOL079W		0,0,0,0,0	0,0,0,0,0	0,0,0,0.3,0.6	0,0,0,0,0	0,0,0,0,0	0,0,0,0,0	0,0,0,0,0
YOL080C	REX4	13,14,15,16,17	12,12,12,12,12	7,9,10,11,13	10,12,13,13,14	15,15,15,16,17	6,7,7,8,9	14,15,16,16,16
YOL081W	IRA2	9,9,9,9,9	9,9,9,9,9	11,11,11,12,12	8,8,8,9,9	7,7,7,7,8	11,11,11,11,11	8,9,10,10,10
YOL082W	ATG19	145,149,152,160,168	147,150,154,163,172	196,199,201,204,208	151,154,156,159,162	134,136,138,140,141	199,206,214,217,219	153,156,159,167,176
YOL083C-A		0,0,0,0,0	0,0,0,0,0	0,0,0,0,0	0,0,0,0,0	0,0,0,0,0	0,0,0,0,0	0,0,0,0,0
YOL083W	ATG34	32,33,33,36,39	38,40,41,42,43	81,87,92,93,94	38,39,39,40,40	38,39,39,40,41	88,89,90,97,104	30,33,35,35,35
YOL084W	PHM7	73,78,82,90,98	97,100,104,106,108	227,237,247,252,257	84,86,89,93,97	53,53,53,55,58	208,211,214,218,221	72,73,74,76,77
YOL085C		1,1,2,3,4	2,2,2,2,3	0,0.7,1,2,3	0.7,1,2,2,2	0,0.4,0.8,0.9,1	0.7,1,1,1,2	1,2,2,2,2
YOL085W-A		34,35,36,42,48	21,23,25,36,46	172,189,206,221,235	22,26,30,32,34	21,25,29,29,30	172,174,176,193,211	24,26,27,32,36
YOL086C	ADH1	244,254,264,270,276	261,268,275,281,286	589,621,653,659,665	295,296,297,303,308	342,382,421,443,465	535,552,569,585,601	255,263,271,280,290
YOL086W-A	MHF1	130,138,146,146,147	133,138,142,144,145	144,146,148,151,153	113,120,127,132,137	107,111,114,118,122	154,157,161,170,180	139,143,146,147,147
YOL087C	DUF1	31,32,33,34,35	34,34,35,37,39	43,44,44,45,45	33,33,33,34,35	30,31,31,32,33	44,44,44,45,47	32,33,33,34,35
YOL088C	MPD2	175,176,178,182,187	141,146,150,156,162	222,228,234,238,242	138,138,139,142,145	111,115,119,127,134	246,246,247,259,270	176,181,186,188,191
YOL089C	HAL9	20,20,20,21,21	16,17,19,20,21	47,48,50,51,53	16,17,19,19,19	15,15,16,17,18	42,44,45,46,47	21,21,21,23,25
YOL090W	MSH2	13,13,14,15,16	12,12,12,13,13	21,23,24,25,26	13,13,13,13,13	23,23,24,24,25	24,24,24,25,26	17,18,19,19,19
YOL091W	SPO21	11,12,12,12,13	8,8,8,9,10	12,14,15,15,16	7,8,9,9,9	7,7,8,8,8	14,15,15,15,15	12,13,13,13,13
YOL092W	YPQ1	106,108,111,115,120	83,91,100,104,108	127,131,136,137,139	92,99,106,112,119	97,101,106,113,119	144,151,157,161,164	97,100,104,109,114
YOL093W	TRM10	38,39,40,44,48	44,44,44,47,50	39,39,39,40,40	49,49,49,55,60	61,66,71,73,76	32,32,33,34,34	39,39,40,43,45
YOL094C	RFC4	31,33,34,35,37	29,31,34,34,35	50,50,50,51,51	36,37,37,38,39	32,32,33,38,43	44,45,47,50,53	33,33,33,34,35
YOL095C	HMI1	12,13,13,14,14	12,12,12,13,13	12,12,13,14,14	11,11,11,11,12	7,8,8,9,9	12,12,13,14,15	13,14,15,15,16
YOL096C	COQ3	39,39,39,43,48	49,52,56,59,62	43,44,45,45,45	53,53,53,53,53	45,49,54,56,59	37,37,38,38,38	35,36,36,37,38
YOL097C	WRS1	106,110,114,117,119	88,93,99,100,101	81,85,90,93,96	101,102,102,105,108	94,101,108,109,110	85,85,85,85,86	95,99,103,110,116
YOL097W-A		8,8,8,11,14	7,8,9,9,10	15,16,18,20,23	6,6,7,10,12	5,6,7,10,14	12,13,14,14,15	8,8,8,9,10
YOL098C	SDD3	59,60,61,64,67	55,56,57,58,60	70,74,77,80,84	59,59,59,61,63	57,58,58,59,61	73,75,77,81,86	53,53,54,54,54
YOL099C		0,0,0,0.3,0.6	0.4,0.5,0.6,0.8,1	0.2,0.3,0.4,0.8,1	0,0,0,0.3,0.6	0,0,0,0,0	0,0.2,0.5,0.6,0.6	0,0,0,0,0
YOL100W	PKH2	26,27,28,29,31	31,32,33,34,34	33,34,36,36,36	27,28,29,29,29	26,26,26,27,27	34,34,35,35,35	25,26,26,27,27
YOL101C	IZH4	11,11,12,13,13	15,15,15,19,22	179,184,188,190,192	18,19,20,25,29	21,23,24,27,29	165,176,186,194,202	9,10,11,11,12
YOL102C	TPT1	56,59,61,62,63	49,50,51,58,65	62,64,67,68,68	45,48,52,54,55	52,52,53,56,60	67,68,69,71,74	66,67,68,71,73
YOL103W-A		0,0,0,0,0	0,0,0,0,0	0,0,0,0,0	0,0,0,0,0	0,0,0,0,0	0,0,0,0,0	0,0,0,0,0
YOL103W-B		0.9,0.9,1,1,1	1,1,1,1,1	1,1,1,1,1	0.9,1,1,2,2	0.9,1,1,1,1	0.8,1,1,2,2	0.6,0.7,0.7,0.9,1
YOL103W	ITR2	53,54,55,56,57	45,48,51,51,52	49,52,55,56,57	45,45,46,46,47	43,46,48,49,49	47,47,48,52,56	55,56,57,60,63
YOL104C	NDJ1	0.4,0.5,0.7,1,2	0.4,0.6,0.9,1,1	3,3,3,4,4	0.7,0.7,0.8,0.8,0.8	0.4,0.8,1,1,1	3,3,4,4,4	0.8,1,1,2,2
YOL105C	WSC3	33,34,35,36,37	33,33,33,34,34	46,47,49,50,52	31,32,33,33,33	19,19,20,21,21	43,45,47,48,48	30,30,31,33,36
YOL106W		12,12,12,13,13	10,10,11,11,11	30,30,31,35,39	9,9,10,13,16	6,7,8,12,15	20,23,27,35,43	11,11,11,11,12
YOL107W		45,47,49,49,50	42,42,43,43,43	80,83,86,90,94	41,41,42,43,44	32,34,36,38,40	88,89,90,92,95	52,52,52,54,56
YOL108C	INO4	63,73,82,82,83	78,88,97,100,102	103,110,117,125,133	68,75,82,92,102	81,86,91,98,106	88,98,107,110,112	80,82,84,88,91
YOL109W	ZEO1	5377,5590,5802,5859,5916	4936,5128,5320,5410,5500	1011,1063,1116,1287,1459	5181,5181,5181,5227,5273	4997,4997,4997,5498,6000	827,850,873,914,955	5269,5625,5982,5982,5982
YOL110W	SHR5	85,86,87,88,89	78,80,82,89,96	120,127,133,135,136	75,76,77,82,87	76,76,76,77,79	122,125,127,127,128	73,76,80,83,87
YOL111C	MDY2	118,119,120,123,126	103,108,113,124,135	136,141,147,159,171	98,99,101,105,108	99,100,102,111,120	147,153,159,163,167	133,134,135,135,136
YOL112W	MSB4	69,74,79,81,84	55,62,68,71,73	38,39,40,41,43	54,56,58,58,58	54,55,55,58,60	33,34,35,36,37	79,80,81,84,86
YOL113W	SKM1	77,78,79,79,79	71,76,81,83,85	39,41,43,47,51	69,70,72,72,72	60,60,60,62,64	42,42,43,43,43	77,78,78,81,83
YOL114C	PTH4	23,27,30,32,33	30,30,31,34,36	15,16,17,19,20	29,32,35,36,36	17,22,26,28,30	23,24,25,26,27	32,32,32,32,33
YOL115W	PAP2	42,42,42,43,44	36,37,38,38,38	28,30,32,33,33	36,37,37,39,40	29,30,31,31,31	32,33,33,33,33	38,40,43,43,43
YOL116W	MSN1	50,52,53,57,61	49,51,54,56,59	38,41,43,45,47	41,43,45,45,46	40,41,41,44,47	40,44,49,50,52	53,54,55,56,56
YOL117W	RRI2	17,18,18,18,19	18,18,19,21,24	20,20,21,21,22	18,18,18,19,19	15,16,16,16,16	22,24,25,25,25	18,19,19,21,22
YOL118C		115,122,129,129,130	97,99,100,111,122	269,275,280,290,300	93,95,96,101,105	77,77,77,85,93	267,276,284,320,355	130,130,130,136,142
YOL119C	MCH4	271,277,283,321,359	304,305,307,345,383	361,382,403,403,403	281,291,300,327,353	204,205,205,221,237	457,480,504,509,514	251,267,282,302,321
YOL120C	RPL18A	681,733,786,819,853	756,804,853,859,866	412,413,414,428,442	799,854,909,924,939	1060,1167,1275,1286,1297	303,319,334,335,335	717,731,745,755,764
YOL121C	RPS19A	340,391,443,452,461	347,366,384,400,417	161,165,168,172,176	412,415,418,441,464	530,560,591,602,613	153,156,159,161,162	341,351,362,368,374
YOL122C	SMF1	84,87,90,92,94	103,109,116,118,120	81,82,84,87,91	118,123,127,129,131	120,123,127,130,133	68,68,69,71,73	76,83,90,93,95
YOL123W	HRP1	117,117,117,122,127	144,154,163,167,171	54,58,62,63,65	160,162,163,164,165	125,130,134,140,146	85,92,99,101,102	91,94,96,103,109
YOL124C	TRM11	38,42,46,47,47	29,30,30,33,36	24,26,27,27,28	30,33,35,35,35	39,39,39,40,40	10,14,18,20,21	37,40,43,43,43
YOL125W	TRM13	135,136,136,143,151	104,107,109,112,116	247,273,299,300,302	91,96,101,103,105	73,77,81,82,83	249,276,303,308,313	135,136,136,143,150
YOL126C	MDH2	3507,3878,4248,4248,4248	2051,2088,2126,2198,2270	5855,6225,6595,6595,6595	1563,1671,1780,1818,1856	1080,1145,1209,1235,1260	7585,7585,7585,7585,7585	3768,4027,4286,4448,4611
YOL127W	RPL25	979,1076,1173,1185,1197	1031,1087,1143,1173,1203	623,659,694,711,728	1124,1155,1187,1196,1205	1470,1546,1622,1649,1676	564,569,573,587,601	992,1034,1077,1085,1094
YOL128C	YGK3	28,28,28,30,31	24,25,27,27,27	42,43,43,44,46	25,25,25,26,27	24,26,27,27,27	36,39,43,44,45	30,31,31,34,36
YOL129W	VPS68	285,302,320,329,338	310,315,321,328,336	416,420,423,427,431	309,317,326,327,328	274,281,287,291,294	443,447,452,457,462	293,297,300,302,305
YOL130W	ALR1	35,35,36,37,38	30,32,35,37,40	50,51,52,53,53	38,38,38,38,38	40,42,44,44,44	44,46,48,49,50	30,32,33,34,34
YOL131W		6,7,7,8,9	5,7,8,10,13	19,20,22,24,27	9,9,10,10,10	4,6,7,8,9	25,26,27,30,32	9,11,13,13,13
YOL132W	GAS4	9,10,10,11,11	10,10,10,11,11	21,25,30,30,30	9,9,10,10,10	7,8,8,8,9	29,30,30,31,32	11,11,12,13,14
YOL133W	HRT1	44,45,47,50,54	34,36,37,43,49	62,67,72,73,73	46,47,47,50,53	34,37,39,40,41	68,70,72,77,83	43,47,52,55,57
YOL134C		0,0,0,0.3,0.6	0,0,0,0.3,0.6	0.8,1,2,2,2	0,0,0,0.4,0.7	0,0,0,0.2,0.4	0,0.3,0.6,0.6,0.7	0,0.3,0.7,0.9,1
YOL135C	MED7	46,46,47,49,52	43,48,54,57,60	47,49,51,52,52	49,50,50,56,62	40,42,45,45,45	46,46,46,49,51	43,47,52,53,54
YOL136C	PFK27	13,14,15,16,16	14,15,16,16,16	20,22,24,25,26	12,14,16,16,16	15,15,15,15,16	20,21,21,21,21	13,15,17,18,19
YOL137W	BSC6	31,33,35,36,37	39,39,39,40,41	37,37,37,38,39	38,40,43,45,46	31,34,37,38,39	33,36,39,39,40	31,31,32,32,33
YOL138C	RTC1	14,14,14,14,14	16,17,18,18,18	17,17,17,18,18	17,17,18,18,18	13,13,13,14,14	16,17,17,17,17	12,13,14,14,15
YOL139C	CDC33	450,453,456,457,458	467,472,477,500,523	465,468,471,492,513	446,473,500,516,532	507,516,525,539,554	458,467,477,481,484	409,412,415,429,443
YOL140W	ARG8	118,122,127,129,132	124,127,129,129,129	66,69,72,73,74	127,128,129,132,134	118,120,122,123,124	75,77,79,82,85	113,116,119,128,136
YOL141W	PPM2	5,5,6,6,6	3,3,4,5,5	3,4,4,4,5	4,4,5,5,5	4,4,4,5,5	4,4,4,4,5	4,5,5,6,6
YOL142W	RRP40	90,92,93,95,96	72,73,75,75,75	103,104,104,106,107	71,71,71,72,72	72,72,73,75,77	92,95,99,102,105	87,88,89,98,107
YOL143C	RIB4	159,180,200,202,203	182,185,189,200,211	330,338,346,356,366	184,184,184,186,188	149,150,152,164,176	368,388,409,415,421	172,185,198,199,199
YOL144W	NOP8	19,21,23,23,23	16,18,20,21,23	11,13,15,16,16	22,22,23,24,25	26,26,27,28,29	10,10,10,12,13	13,13,14,15,16
YOL145C	CTR9	40,40,40,44,49	40,41,42,44,45	30,31,31,33,34	39,41,42,43,43	40,42,43,44,45	28,29,30,32,34	39,41,42,42,42
YOL146W	PSF3	40,41,42,44,47	32,36,39,40,41	84,86,89,90,92	31,34,36,38,39	42,42,42,44,46	81,82,82,87,92	47,50,53,54,55
YOL147C	PEX11	259,259,259,261,262	201,212,223,224,225	621,624,627,650,673	214,220,226,227,229	178,184,190,196,203	626,628,630,679,728	255,261,266,286,305
YOL148C	SPT20	30,31,31,32,32	30,30,31,31,32	30,30,30,30,31	30,30,30,33,35	26,28,30,30,30	27,28,29,31,32	30,30,30,30,31
YOL149W	DCP1	67,68,69,72,74	45,48,52,52,52	57,61,65,65,66	48,50,52,55,59	54,57,59,65,70	50,53,56,57,59	75,77,79,82,84
YOL150C		0,0,0,0,0	0,0,0,0,0	0,0,0,0,0	0,0,0,0,0	0,0,0,0,0	0,0,0,0.4,0.8	0,0,0,0,0
YOL151W	GRE2	42,43,44,44,44	39,39,40,40,40	45,46,48,50,52	31,34,37,40,43	26,29,33,34,35	38,40,42,48,53	42,42,43,47,51
YOL152W	FRE7	15,17,18,26,35	62,62,62,86,110	14,15,15,18,20	113,117,121,138,156	141,163,185,199,214	10,11,13,14,14	11,14,16,22,29
YOL154W	ZPS1	33,34,34,35,36	34,36,38,38,39	46,50,55,55,56	33,35,38,41,43	26,28,29,31,32	49,54,59,59,59	26,28,29,30,30
YOL155C	HPF1	67,70,73,76,79	47,47,48,50,51	17,18,18,19,19	52,53,54,54,55	91,91,91,95,98	16,17,17,18,18	66,68,70,71,73
YOL155W-A		21,21,21,27,32	8,16,24,29,34	22,24,26,27,27	15,17,18,22,25	17,18,20,20,20	10,11,12,14,17	18,19,20,22,23
YOL156W	HXT11	8,9,10,10,10	8,8,8,9,11	20,20,21,22,24	7,8,9,10,10	4,5,6,7,7	25,26,28,28,28	8,8,9,10,12
YOL157C	IMA2	16,18,19,20,20	15,15,16,16,17	27,27,28,28,28	13,13,13,13,14	10,11,11,12,12	23,26,28,29,29	22,22,23,24,25
YOL158C	ENB1	57,60,62,62,63	56,58,61,62,64	103,107,111,112,114	61,61,61,62,63	49,53,56,58,60	113,115,117,123,129	56,57,58,59,60
YOL159C-A		49,50,50,53,56	39,39,40,41,43	58,65,73,85,98	48,51,53,56,59	48,49,50,53,56	75,78,80,82,84	47,47,47,49,51
YOL159C	CSS3	43,47,50,53,55	44,49,55,56,57	77,78,80,85,90	45,49,54,56,59	42,43,43,44,45	75,76,77,85,93	52,55,57,59,60
YOL160W		22,22,23,25,28	18,19,21,21,22	47,48,48,49,50	19,20,22,26,30	8,10,12,16,19	42,42,43,46,48	27,28,30,32,35
YOL161C	PAU20	0,0.3,0.6,0.7,0.7	0,0,0,0.9,2	0,0.6,1,1,2	0,0.4,0.8,1,2	0,0,0,0.3,0.6	0,0,0,0.3,0.7	0,0,0,0.3,0.6
YOL162W		14,15,17,19,21	32,32,32,37,42	22,24,25,26,26	22,25,28,28,29	21,22,24,25,27	26,28,29,31,33	14,15,16,17,19
YOL163W		26,28,31,34,38	59,67,75,75,76	47,48,48,52,56	56,60,65,70,74	57,63,68,69,69	55,57,60,63,65	35,35,35,35,36
YOL164W-A		18,21,24,27,31	16,21,27,36,44	44,46,48,53,58	16,18,21,27,32	19,19,19,23,26	32,36,40,46,52	19,21,24,25,26
YOL164W	BDS1	48,53,57,63,70	82,86,90,90,90	269,272,274,279,284	50,53,55,58,60	54,57,60,64,69	308,322,335,351,366	111,114,118,121,124
YOL165C	AAD15	5,6,6,8,9	4,5,5,5,6	10,11,12,13,14	6,6,7,9,12	4,5,6,6,7	11,12,13,16,19	4,5,6,7,8
YOL166C		0,0,0,0.8,2	0,0,0,0.4,0.7	0.6,0.6,0.7,0.9,1	0,0,0,0,0	0,0,0,0,0	0.7,0.7,0.7,0.8,0.8	0,0.3,0.7,1,1
YOL166W-A		0,0.7,1,1,1	0,0,0,0,0	0,0,0,0,0	0,0,0,0,0	0,0,0,0,0	0,0.8,2,2,2	0,0,0,1,2
YOR001W	RRP6	40,42,44,44,45	35,37,38,38,39	59,60,60,61,61	38,39,40,41,42	47,49,50,50,51	54,55,56,57,57	38,38,38,39,40
YOR002W	ALG6	68,69,71,74,77	76,77,78,81,85	118,120,121,124,126	73,79,84,84,84	71,78,84,87,90	119,126,133,135,137	65,66,68,69,69
YOR003W	YSP3	68,70,72,74,76	57,61,66,71,77	288,294,300,303,307	51,51,52,56,60	37,40,43,43,44	303,307,311,327,342	66,67,67,69,71
YOR004W	UTP23	31,33,34,37,40	33,33,34,36,39	23,25,27,30,33	32,34,35,36,36	43,44,46,48,50	17,19,20,22,23	32,35,38,41,44
YOR005C	DNL4	18,18,18,19,19	21,21,21,22,22	46,49,52,53,55	18,19,20,20,21	16,17,18,19,20	46,47,48,50,52	18,18,18,19,19
YOR006C	TSR3	40,41,42,42,43	37,38,39,43,48	54,55,56,57,58	41,42,43,44,45	40,41,41,43,45	46,49,53,53,53	36,38,41,45,50
YOR007C	SGT2	646,646,646,683,720	590,611,633,638,643	631,637,643,648,652	607,620,634,642,650	571,577,582,607,632	690,699,708,708,708	614,628,642,657,673
YOR008C-A		10,11,12,13,14	10,10,10,11,13	26,30,35,36,37	9,11,13,14,16	2,7,12,12,13	33,34,35,37,40	10,11,13,15,16
YOR008C	SLG1	147,149,150,155,159	135,138,141,142,142	186,188,189,200,212	136,144,151,163,176	138,141,144,146,148	186,187,188,190,192	137,147,156,160,165
YOR008W-B		28,30,33,36,39	20,27,33,39,45	64,83,103,110,118	20,21,21,28,35	29,35,42,43,43	109,110,112,118,124	25,27,30,34,37
YOR009W	TIR4	11,11,12,12,12	11,11,11,12,13	28,29,31,35,39	12,12,13,13,13	10,11,12,14,15	34,35,36,36,37	8,9,10,11,12
YOR010C	TIR2	21,21,22,23,24	17,20,24,24,24	31,33,35,37,40	18,21,23,24,24	16,17,18,18,19	40,40,40,42,44	20,21,22,23,23
YOR011W-A		14,14,14,17,20	11,11,11,12,14	32,38,44,45,47	9,14,19,20,21	6,7,8,9,9	37,37,38,43,49	16,17,18,21,24
YOR011W	AUS1	13,13,13,14,15	16,16,17,17,17	25,26,26,27,27	18,18,18,18,18	14,15,15,16,17	27,28,29,29,30	12,12,13,13,13
YOR012W		12,12,12,13,14	9,10,11,12,13	12,14,17,18,20	8,10,11,11,12	4,6,7,10,14	14,14,14,17,20	6,10,14,16,18
YOR013W	IRC11	6,8,11,12,13	5,6,6,7,7	8,8,8,11,14	7,7,7,8,9	4,5,6,8,9	11,12,12,14,16	9,9,10,10,10
YOR014W	RTS1	69,69,70,74,77	66,69,72,72,72	89,90,91,93,95	72,72,73,73,73	64,65,67,67,67	87,88,89,90,91	72,72,73,73,73
YOR015W		42,44,45,51,57	38,43,48,52,56	53,62,70,72,74	43,44,45,51,56	43,44,46,47,48	58,60,62,63,64	44,45,45,46,47
YOR016C	ERP4	144,146,148,153,158	118,119,120,122,125	141,144,148,152,155	108,114,120,129,138	116,118,120,124,128	142,147,151,155,160	138,149,160,170,179
YOR017W	PET127	25,26,27,29,32	26,27,28,29,29	18,18,18,19,19	27,27,28,28,28	30,31,31,32,33	16,16,17,17,18	27,28,29,29,30
YOR018W	ROD1	17,18,19,19,20	20,21,23,24,26	23,24,24,26,28	26,28,30,31,31	33,35,38,38,38	24,25,26,26,26	15,16,17,17,17
YOR019W		12,12,12,12,12	13,13,14,15,16	43,44,44,45,47	12,13,13,13,14	10,10,10,10,11	43,44,45,49,54	10,11,11,12,14
YOR020C	HSP10	2211,2337,2463,2469,2475	2501,2734,2967,3038,3109	1954,2076,2198,2247,2296	2796,2864,2931,3008,3084	2683,2763,2844,2876,2909	1380,1456,1531,1556,1582	2013,2110,2208,2208,2208
YOR020W-A		333,337,342,361,379	353,365,376,381,386	451,456,462,473,484	340,364,388,393,399	366,376,386,386,386	496,499,501,503,506	336,338,340,351,363
YOR021C	SFM1	161,173,185,186,188	153,153,153,161,168	155,155,156,158,161	156,162,169,172,176	148,164,180,181,182	134,136,138,154,169	173,180,187,195,203
YOR022C	DDL1	21,22,22,23,23	18,20,21,23,24	26,26,27,29,31	15,17,18,19,19	17,18,18,18,19	29,29,29,33,37	18,18,19,20,22
YOR023C	AHC1	104,107,110,113,115	117,119,121,129,137	127,128,130,133,136	110,112,114,121,128	94,101,107,113,118	130,132,134,135,135	97,98,99,99,99
YOR024W		0,0.4,0.9,1,2	0,0,0,0.4,0.8	2,2,3,3,3	0,0,0,0.4,0.8	0,0.4,0.9,1,1	0.7,2,3,3,4	0.7,0.7,0.7,2,2
YOR025W	HST3	136,137,137,139,141	166,167,169,172,175	44,45,46,46,47	144,147,150,157,165	91,92,93,100,108	41,42,43,45,48	98,100,102,105,107
YOR026W	BUB3	54,56,57,60,63	53,59,66,68,70	30,31,33,35,36	59,60,61,62,62	44,48,51,53,54	31,32,32,33,34	57,60,62,65,68
YOR027W	STI1	420,429,439,457,475	330,347,363,364,365	238,241,243,247,250	315,318,321,326,331	254,255,256,256,256	211,213,214,223,232	409,414,418,421,424
YOR028C	CIN5	18,20,22,25,28	19,21,24,24,24	40,44,48,48,49	21,21,21,23,25	19,21,22,23,23	39,40,42,43,44	22,22,22,23,24
YOR029W		0,0,0,0.3,0.7	0,0,0,0.4,0.7	1,2,2,2,3	0,0,0,1,2	0.6,0.8,1,1,2	0,0.4,0.7,2,3	0,0,0,0.3,0.7
YOR030W	DFG16	27,28,28,30,32	30,32,34,34,34	43,44,44,45,46	29,29,29,32,35	27,28,30,31,31	45,46,48,48,48	28,29,30,30,30
YOR032C	HMS1	9,9,10,10,11	8,8,9,10,11	28,29,30,31,32	9,10,12,13,13	7,9,10,10,10	28,29,29,31,33	9,10,11,11,12
YOR032W-A		4,5,7,9,11	4,6,7,8,8	9,9,10,16,23	9,10,10,12,14	5,6,6,7,7	22,23,25,27,29	6,9,11,11,12
YOR033C	EXO1	16,17,17,18,19	14,14,15,15,15	23,24,24,24,24	14,14,15,16,16	20,20,21,21,22	21,22,23,23,24	19,19,19,20,20
YOR034C-A		9,9,10,10,11	6,7,8,10,13	7,11,15,16,17	7,8,8,9,10	9,10,11,11,12	12,14,16,17,18	6,8,10,12,14
YOR034C	AKR2	18,18,18,20,21	15,16,17,18,18	29,31,33,34,36	13,14,15,16,16	12,13,13,13,13	30,30,31,32,33	18,20,21,23,24
YOR035C	SHE4	25,26,27,27,28	24,26,29,29,30	33,33,33,34,36	25,26,26,28,29	28,28,28,28,28	28,29,30,31,32	27,28,29,30,32
YOR036W	PEP12	68,69,70,74,79	76,81,87,91,95	132,133,133,134,135	77,79,81,82,82	86,88,90,91,92	112,114,116,120,124	80,80,80,80,81
YOR037W	CYC2	39,42,44,46,48	54,54,55,56,57	38,42,46,47,48	50,52,54,59,65	56,58,59,62,65	38,38,39,42,44	39,40,41,42,43
YOR038C	HIR2	23,24,25,25,26	24,24,25,25,25	22,23,24,26,27	22,23,23,25,27	20,22,23,23,24	24,25,25,25,26	23,24,24,27,29
YOR039W	CKB2	174,184,194,194,195	177,180,183,186,189	198,205,212,213,215	178,181,183,184,185	176,180,185,186,187	208,208,208,216,224	186,187,188,194,200
YOR040W	GLO4	59,62,64,65,66	68,69,69,69,70	136,149,161,161,161	66,69,71,73,75	62,64,65,67,69	164,174,185,188,190	65,68,70,73,76
YOR041C		0,0,0,0.2,0.5	0,0.3,0.6,0.6,0.7	0.5,1,2,3,3	0,0.3,0.7,0.9,1	0,0.3,0.5,1,1	0.6,0.8,1,1,1	0,0,0,0.6,1
YOR042W	CUE5	138,139,140,148,156	172,173,173,177,180	165,168,170,175,179	168,171,174,176,179	148,151,153,158,163	171,174,177,178,179	121,122,123,125,126
YOR043W	WHI2	91,91,91,92,93	84,87,89,90,90	71,74,77,77,77	85,88,90,90,91	84,85,85,90,94	77,77,78,78,79	84,85,85,90,94
YOR044W	IRC23	59,65,72,73,73	53,59,64,64,65	132,136,141,142,144	52,53,54,54,54	41,42,44,45,45	164,167,170,178,186	59,66,72,73,74
YOR045W	TOM6	404,423,443,455,468	489,518,547,569,592	318,329,340,344,347	501,530,560,577,594	538,551,563,591,618	230,231,232,248,265	399,401,402,420,437
YOR046C	DBP5	78,86,93,95,97	91,91,92,94,97	86,89,92,92,92	95,97,98,103,109	93,96,99,101,103	78,79,81,81,82	84,86,89,92,95
YOR047C	STD1	4,4,4,4,4	3,4,4,5,5	3,3,3,4,4	3,4,4,5,6	4,4,5,7,8	4,4,4,4,4	5,5,5,6,7
YOR048C	RAT1	48,49,50,51,51	40,41,41,42,42	54,54,55,55,55	42,43,43,43,43	43,44,44,46,48	48,50,52,53,54	46,47,49,50,51
YOR049C	RSB1	20,20,21,21,22	23,23,24,24,25	29,29,30,31,33	21,22,22,23,23	17,18,19,21,24	22,24,26,27,28	21,22,23,23,23
YOR050C		26,26,26,29,32	17,20,23,25,27	24,32,41,41,42	22,24,27,29,31	21,21,21,22,23	30,31,32,41,50	19,20,22,25,27
YOR051C	ETT1	28,30,32,35,37	36,39,42,43,43	18,20,21,23,25	36,38,41,44,46	45,47,48,50,52	16,16,16,16,16	33,34,35,36,37
YOR052C		546,552,557,588,619	553,558,563,598,633	607,628,648,653,658	565,577,589,603,618	512,527,541,586,630	619,627,634,635,637	541,553,566,579,593
YOR053W		0,0,0,0,0	0,0.4,0.7,0.8,0.8	0.7,0.9,1,1,2	0,0.3,0.7,0.8,0.9	0,0,0,0,0	0.7,0.7,0.7,0.8,0.8	0,0.3,0.6,1,2
YOR054C	VHS3	24,26,27,28,29	27,30,33,33,33	50,51,52,55,57	32,34,35,36,36	30,31,31,33,35	47,48,50,51,53	26,26,26,28,31
YOR055W		5,5,5,6,6	5,5,6,6,7	2,2,2,3,5	2,3,4,5,6	1,4,6,6,7	4,4,4,4,4	2,3,3,6,9
YOR056C	NOB1	73,76,80,81,82	60,61,63,66,70	93,96,98,98,99	58,60,61,63,64	61,63,64,65,67	83,84,84,89,95	78,79,79,80,81
YOR057W	SGT1	59,60,62,62,63	61,61,62,62,62	76,77,77,82,86	50,56,62,63,65	59,60,62,64,66	83,85,87,91,94	60,62,64,65,66
YOR058C	ASE1	29,30,31,31,32	37,38,38,39,40	31,33,34,37,39	34,34,35,36,37	19,20,20,22,24	31,31,32,33,34	29,29,29,31,33
YOR059C		87,90,93,94,94	72,73,73,75,77	93,96,99,99,99	68,68,69,69,70	56,58,59,62,65	111,111,111,111,111	90,95,100,105,109
YOR060C	SLD7	14,17,20,20,20	18,20,22,26,30	27,30,34,36,39	20,20,21,22,22	17,19,20,21,22	34,34,35,36,37	17,18,19,20,20
YOR061W	CKA2	160,160,161,168,175	154,164,175,182,190	183,187,192,193,194	160,163,166,175,184	163,167,171,174,177	173,177,182,184,186	168,171,175,179,183
YOR062C		20,23,26,27,27	23,26,29,32,36	56,61,66,68,70	23,24,25,25,25	23,24,25,27,29	57,59,61,61,62	22,23,25,28,31
YOR063W	RPL3	730,837,944,953,962	801,855,910,944,978	454,509,563,588,614	982,998,1014,1070,1127	1128,1223,1318,1338,1359	436,469,501,502,503	731,749,767,779,792
YOR064C	YNG1	94,98,101,108,114	87,99,112,112,113	105,109,113,119,126	98,99,100,104,108	95,95,95,98,101	84,99,114,115,116	97,101,105,106,107
YOR065W	CYT1	1329,1370,1411,1458,1505	1513,1520,1528,1528,1528	655,670,684,707,730	1560,1597,1635,1674,1714	1515,1533,1550,1594,1637	656,659,663,672,682	1294,1339,1384,1384,1384
YOR066W	MSA1	6,7,8,8,9	16,18,21,22,22	19,19,20,20,20	27,27,28,30,31	35,39,43,45,46	18,19,19,20,21	6,7,7,8,8
YOR067C	ALG8	36,38,41,41,41	33,34,35,36,37	31,32,33,34,36	35,35,36,38,40	35,36,37,40,42	32,32,33,33,34	34,35,36,38,40
YOR068C	VAM10	0,0,0,0,0	0,0,0,0,0	0,0,0,0,0	0,0,0,0,0	0,0,0,0,0	0,0,0,0,0	0,0,0,0,0
YOR069W	VPS5	33,35,36,37,38	33,34,35,35,35	37,37,38,41,44	34,35,37,37,37	32,33,34,35,36	35,39,42,42,42	34,34,34,37,39
YOR070C	GYP1	42,44,45,45,45	40,40,41,42,44	71,72,73,76,78	40,41,41,42,43	35,35,35,36,36	68,71,74,76,78	45,46,47,48,49
YOR071C	NRT1	27,27,27,28,28	25,26,27,27,28	65,67,69,72,75	20,23,26,27,27	23,24,26,28,30	60,64,68,70,71	27,28,29,30,31
YOR072W		4,6,8,8,9	6,6,7,9,11	8,12,16,16,16	5,6,8,9,11	6,7,7,9,10	15,17,18,18,18	2,4,6,7,8
YOR072W-A		2,2,2,2,3	0,2,3,4,4	4,5,5,9,13	2,2,2,4,6	0,1,2,3,4	6,7,8,8,8	1,2,3,3,3
YOR072W-B		0,0,0,0,0	0,0,0,0,0	0,0,0,0,0	0,0,0,0,0	0,0,0,0,0	0,0,0,0,0	0,0,0,0,0
YOR073W-A		0,0,0,0,0	0,0,0,0,0	0,0,0,0.4,0.8	0,0,0,0,0	0,0,0,0,0	0,0,0,0,0	0,0,0,0,0
YOR073W	SGO1	38,39,40,41,41	25,26,27,27,28	18,19,21,24,27	20,21,22,22,23	18,19,21,22,22	18,19,21,21,21	46,48,49,50,51
YOR074C	CDC21	20,21,22,26,31	10,11,12,13,14	11,14,16,16,16	13,13,13,14,16	42,42,43,43,43	15,15,15,16,16	39,41,43,44,45
YOR075W	UFE1	49,50,52,53,53	50,50,50,51,52	72,72,73,73,73	42,44,46,48,49	46,49,51,52,52	76,78,79,80,80	49,51,52,54,56
YOR076C	SKI7	23,24,24,25,26	23,23,23,24,25	39,40,40,41,42	20,21,23,23,23	19,20,22,23,24	35,37,39,39,40	23,24,25,27,29
YOR077W	RTS2	23,26,29,30,31	26,28,31,34,37	41,42,43,46,48	31,32,32,33,33	28,29,31,31,31	41,47,53,53,53	26,26,27,27,27
YOR078W	BUD21	77,81,86,90,94	78,80,81,84,87	91,94,97,97,97	74,82,90,95,99	87,88,89,89,90	76,77,78,86,93	81,82,83,85,87
YOR079C	ATX2	29,29,29,30,30	24,27,30,30,31	34,35,35,35,36	23,23,23,24,25	20,20,21,21,22	29,31,33,34,35	30,32,34,35,36
YOR080W	DIA2	15,16,16,17,18	11,12,14,14,15	19,19,19,20,20	14,14,15,15,15	13,13,14,14,15	17,18,19,19,19	15,16,18,18,18
YOR081C	TGL5	35,36,36,39,41	26,28,29,30,31	21,23,25,26,26	27,28,28,30,31	25,26,28,28,28	22,22,23,23,24	43,44,45,46,47
YOR082C		0,0,0,0,0	0,0,0,0,0	0,0,0,0.3,0.7	0,0,0,0,0	0,0,0,0,0	0,0,0,0.4,0.7	0,0.3,0.6,0.7,0.8
YOR083W	WHI5	23,24,25,27,30	8,11,14,14,15	5,5,6,7,8	9,10,11,11,12	9,10,11,11,11	6,7,7,8,8	21,26,30,31,32
YOR084W	LPX1	165,168,171,174,177	149,153,157,157,157	121,135,149,163,177	150,151,151,162,173	144,147,150,151,151	138,152,165,176,187	151,158,164,177,189
YOR085W	OST3	146,149,153,155,158	126,134,141,142,144	141,145,149,151,152	133,135,136,139,142	127,128,129,130,130	140,142,145,145,145	157,164,172,177,182
YOR086C	TCB1	37,38,39,40,41	34,38,42,45,47	46,47,48,50,52	41,42,43,43,44	44,45,45,47,48	50,50,50,50,51	34,36,37,38,38
YOR087W	YVC1	74,76,78,80,82	65,69,73,73,74	93,96,99,103,107	64,68,71,72,72	61,62,63,66,69	102,104,106,106,106	66,66,67,68,69
YOR089C	VPS21	199,203,207,216,224	189,193,197,220,243	290,298,307,312,317	181,183,186,200,214	183,186,190,201,213	278,283,288,289,290	218,219,219,226,234
YOR090C	PTC5	56,57,59,61,62	57,61,64,67,71	71,74,77,79,81	60,63,65,65,65	56,56,57,57,57	70,71,72,75,78	64,64,64,64,64
YOR091W	TMA46	63,71,78,79,80	68,69,71,75,78	97,101,105,111,116	83,83,83,89,95	88,88,88,99,110	74,77,79,87,95	57,67,78,79,81
YOR092W	ECM3	22,23,23,24,24	20,22,24,26,27	24,24,25,26,28	22,22,22,24,26	17,17,18,19,20	24,25,27,27,28	21,22,22,24,26
YOR093C	CMR2	16,16,17,18,20	20,20,20,20,21	16,16,16,16,16	18,18,18,18,19	16,16,16,17,17	14,15,16,16,16	17,17,17,18,18
YOR094W	ARF3	93,101,109,112,115	93,99,106,108,110	114,123,131,132,132	91,91,91,93,96	97,98,99,99,99	123,132,141,144,148	103,106,109,112,116
YOR095C	RKI1	378,386,393,429,465	295,300,305,309,313	491,495,499,499,499	319,321,323,342,361	365,385,404,414,424	504,513,523,539,555	373,382,391,414,436
YOR096W	RPS7A	386,444,502,528,554	415,452,489,513,536	335,343,350,365,379	444,484,524,550,576	591,676,762,775,788	286,289,292,297,301	458,458,459,466,473
YOR097C		74,79,84,86,87	63,74,85,88,90	89,93,97,99,101	58,64,71,75,78	54,54,54,61,67	84,89,95,97,99	73,78,83,85,87
YOR098C	NUP1	42,43,43,45,47	37,38,39,42,45	69,71,73,75,78	39,40,41,41,42	41,41,41,45,48	63,65,67,68,69	42,42,42,43,43
YOR099W	KTR1	151,157,163,163,163	128,138,148,150,152	151,151,152,158,164	143,143,143,148,152	146,146,147,147,147	157,159,161,164,166	161,163,165,171,177
YOR100C	CRC1	2973,3104,3235,3437,3639	2758,2785,2812,2871,2929	3975,3975,3975,4059,4144	2385,2397,2409,2452,2495	1292,1400,1507,1547,1586	5238,5238,5238,5345,5453	2996,3104,3211,3235,3259
YOR101W	RAS1	86,89,92,94,96	72,73,75,79,83	69,70,71,75,79	58,62,65,66,68	42,43,45,48,50	74,74,75,77,79	79,85,92,94,96
YOR102W		0,0.3,0.6,0.7,0.7	0.7,0.7,0.7,0.8,0.8	0.5,0.6,0.7,0.8,0.9	0.6,0.7,0.8,1,1	0,0,0,0,0	1,1,2,2,3	0,0.3,0.7,0.9,1
YOR103C	OST2	5,6,6,7,8	6,8,10,11,13	7,7,7,7,7	7,7,7,10,13	4,5,6,7,8	6,7,7,8,8	5,6,7,8,9
YOR104W	PIN2	47,48,48,50,53	50,52,53,53,54	27,31,35,37,39	46,47,48,48,49	40,42,44,45,45	27,27,27,29,31	47,49,51,52,53
YOR105W		4,5,6,7,8	3,4,5,5,6	5,5,6,7,9	5,5,6,6,7	2,2,2,5,8	3,4,5,6,7	4,4,4,5,6
YOR106W	VAM3	42,43,43,47,50	41,45,49,52,55	57,58,59,60,60	43,45,47,48,49	38,39,40,44,48	50,55,61,62,64	43,43,43,43,44
YOR107W	RGS2	26,27,28,30,33	24,24,24,26,27	60,60,60,64,69	23,23,24,24,24	18,21,24,24,25	43,49,55,55,56	29,30,31,33,36
YOR108C-A		0,0,0,0,0	0,0,0,0,0	0,0,0,0,0	0,0,0,0,0	0,0,0,0,0	0,0,0,0,0	0,0,0,0,0
YOR108W	LEU9	68,76,84,87,90	56,60,64,67,70	27,29,31,31,32	63,64,64,67,69	66,67,67,70,73	34,35,36,37,37	79,79,80,82,85
YOR109W	INP53	21,22,23,23,24	23,23,23,23,23	28,30,32,32,32	23,24,26,26,27	21,22,23,24,25	25,27,28,29,30	20,21,21,22,23
YOR110W	TFC7	29,30,32,32,33	28,30,32,35,38	24,26,27,28,30	24,27,30,31,32	28,31,33,35,36	22,24,26,26,27	29,29,30,32,33
YOR111W		27,31,34,35,36	32,35,38,40,43	49,51,53,54,55	34,34,34,36,39	32,32,33,37,41	51,52,53,54,55	33,35,37,42,46
YOR112W	CEX1	35,36,36,37,38	30,31,32,34,36	28,29,30,31,31	31,32,32,34,36	27,27,27,28,28	27,28,29,30,30	32,33,34,36,39
YOR113W	AZF1	24,24,25,25,25	27,28,28,29,30	24,26,27,27,27	25,25,25,26,27	24,25,26,27,27	26,28,29,29,29	22,22,23,24,26
YOR114W		37,41,44,47,51	28,28,28,29,30	37,41,45,48,52	27,27,28,28,29	26,28,29,33,37	48,49,50,51,51	51,52,53,55,57
YOR115C	TRS33	57,59,60,67,73	55,57,60,64,68	59,60,60,66,73	56,58,60,64,68	60,62,64,67,71	53,54,55,59,63	68,68,68,70,71
YOR116C	RPO31	25,25,26,26,26	21,22,23,23,23	28,28,29,30,32	24,24,24,24,24	23,24,24,25,26	25,25,25,27,28	21,23,24,25,25
YOR117W	RPT5	333,343,354,365,376	311,314,318,323,329	359,365,370,374,379	293,299,305,308,310	291,293,295,295,295	391,400,408,415,421	321,328,335,340,345
YOR118W	RTC5	57,58,58,58,58	58,61,63,64,64	69,70,70,71,71	66,66,67,68,69	53,56,58,58,58	72,73,74,78,81	54,56,58,60,61
YOR119C	RIO1	32,32,33,34,35	22,26,30,30,31	58,58,58,60,61	28,29,30,32,34	31,32,34,35,35	46,48,50,51,51	34,35,36,38,39
YOR120W	GCY1	33,37,41,44,47	64,68,71,75,78	138,157,176,179,182	65,68,71,72,74	39,40,40,43,47	124,136,148,155,162	25,29,33,38,42
YOR121C		9,11,12,13,14	13,14,14,15,15	20,22,23,25,27	11,15,18,20,22	6,8,10,14,18	22,22,23,24,25	11,11,11,12,13
YOR122C	PFY1	1134,1161,1189,1198,1206	1110,1136,1162,1162,1162	1268,1280,1291,1344,1398	1116,1129,1142,1146,1149	1073,1077,1080,1087,1094	1240,1265,1291,1304,1317	1159,1159,1159,1167,1175
YOR123C	LEO1	109,113,118,122,126	111,114,116,123,130	92,95,98,99,99	105,106,107,120,133	108,110,112,117,121	90,95,99,100,100	115,118,120,122,123
YOR124C	UBP2	35,35,35,36,37	39,40,41,41,41	37,38,39,40,41	35,36,37,37,37	31,32,33,34,35	40,43,46,46,46	34,34,35,36,36
YOR125C	CAT5	68,74,79,80,81	80,81,82,84,86	90,92,95,95,95	81,83,85,86,87	71,71,72,75,78	70,74,78,78,79	73,74,75,78,81
YOR126C	IAH1	35,38,41,42,42	57,63,69,70,71	79,81,83,83,83	64,71,77,78,79	69,78,86,88,89	82,84,85,86,86	36,36,36,37,38
YOR127W	RGA1	18,18,19,19,20	26,27,28,28,29	26,26,26,27,27	31,32,34,35,37	42,43,44,46,49	20,21,22,24,25	16,18,20,20,20
YOR128C	ADE2	414,435,456,462,468	373,375,377,388,399	533,548,563,587,612	380,387,394,397,400	348,354,361,383,405	604,647,690,693,697	428,440,452,460,468
YOR129C	AFI1	35,36,37,38,39	37,38,38,39,39	36,39,42,42,43	37,37,38,38,39	26,26,26,26,26	45,46,47,47,48	34,34,34,37,40
YOR130C	ORT1	63,64,65,68,70	57,58,59,60,62	94,94,95,98,101	43,46,48,53,57	45,46,47,48,48	110,115,121,123,126	66,66,66,66,67
YOR131C		78,84,89,90,90	76,80,85,93,101	86,91,97,99,101	87,87,87,90,94	78,83,89,90,92	92,94,97,97,97	66,73,79,82,84
YOR132W	VPS17	42,43,44,45,45	49,49,50,51,51	57,59,62,64,65	46,49,52,52,53	41,41,42,43,45	61,64,67,69,71	41,42,42,44,45
YOR133W	EFT1	59,62,64,66,68	58,62,66,67,69	83,83,84,85,85	59,64,68,70,73	65,70,74,79,84	78,79,80,80,81	58,61,63,64,65
YOR134W	BAG7	27,29,32,34,36	64,65,67,69,71	21,21,22,23,24	59,61,63,63,63	34,37,39,42,45	14,14,15,19,24	23,24,25,25,25
YOR135C	IRC14	6,7,8,9,9	12,14,16,18,19	0,0.3,0.6,0.6,0.7	16,17,17,17,18	6,6,7,7,8	2,2,2,5,8	2,5,8,10,11
YOR136W	IDH2	1093,1116,1139,1168,1197	1633,1637,1641,1650,1659	162,163,164,167,171	1723,1729,1735,1738,1741	1515,1523,1531,1531,1531	89,95,101,104,107	898,908,917,960,1002
YOR137C	SIA1	17,18,19,20,21	22,23,23,24,24	29,29,29,32,34	21,21,21,21,21	18,18,18,19,20	25,27,29,29,29	18,19,19,20,20
YOR138C	RUP1	56,57,58,60,63	62,62,62,64,65	111,115,119,124,130	55,57,60,61,62	53,54,55,56,58	119,123,127,127,127	54,54,54,55,56
YOR139C		0.5,2,3,3,3	1,1,1,2,2	1,2,3,4,4	0.5,0.8,1,3,4	0,0.5,1,3,4	1,1,1,2,2	0,0.7,1,2,2
YOR140W	SFL1	26,28,29,29,29	23,23,24,26,28	41,41,41,41,41	24,25,25,26,26	21,21,22,24,26	33,34,35,36,37	27,28,29,30,30
YOR141C	ARP8	55,55,56,56,57	50,51,51,53,55	92,92,93,95,98	48,48,49,51,53	50,50,51,52,53	80,81,81,83,85	56,56,57,57,57
YOR142W-A		0,0,0,0,0	0,0,0,0,0	0,0,0,0,0	0,0,0,0,0	0,0,0,0,0	0,0,0,0,0	0,0,0,0,0
YOR142W-B		1,1,2,2,2	2,2,2,2,3	2,2,2,2,3	2,2,2,2,2	2,2,2,2,2	3,3,3,3,3	2,2,2,2,2
YOR142W	LSC1	860,880,900,922,943	814,840,866,879,892	1505,1541,1578,1578,1578	800,819,838,841,845	757,766,775,802,830	1566,1587,1608,1631,1653	931,938,945,955,965
YOR143C	THI80	39,40,41,41,42	32,34,37,38,39	34,36,38,40,43	37,37,38,38,38	34,35,36,36,37	37,39,41,41,42	41,42,43,44,45
YOR144C	ELG1	9,10,11,12,12	8,9,11,12,13	14,15,15,16,17	11,12,13,13,14	15,15,15,16,17	13,14,15,15,16	14,14,14,15,16
YOR145C	PNO1	84,90,96,103,109	70,75,80,80,80	86,87,89,92,94	78,78,79,82,84	71,79,86,92,97	68,70,71,74,77	93,99,105,108,110
YOR146W		0,0,0,0,0	0,0,0,0,0	0,0,0,0,0	0,0,0,0,0	0,0,0,0,0	0,0,0,0,0	0,0,0,0,0
YOR147W	MDM32	109,109,109,112,114	116,116,116,119,122	115,118,121,124,127	112,115,117,117,118	105,107,110,110,111	102,105,108,110,113	111,112,112,115,117
YOR148C	SPP2	56,60,65,66,67	65,66,67,68,70	78,79,79,82,85	60,68,75,76,76	67,69,71,72,73	88,93,98,99,100	55,58,61,63,64
YOR149C	SMP3	33,34,35,37,38	32,32,33,35,36	38,38,38,40,42	31,33,34,36,37	32,32,32,33,34	42,44,46,46,46	34,35,35,36,36
YOR150W	MRPL23	284,289,294,300,306	346,384,422,426,429	324,333,342,355,369	419,420,421,435,450	387,400,414,421,428	282,290,297,304,312	271,288,305,312,320
YOR151C	RPB2	80,82,84,84,84	73,73,74,75,76	69,71,73,73,73	72,74,76,76,77	73,75,76,77,78	72,73,75,76,78	82,82,83,83,84
YOR152C	ATG40	58,59,59,61,62	55,58,62,68,75	75,75,76,79,82	56,58,61,64,67	42,45,47,51,56	84,93,102,106,111	51,52,53,58,63
YOR153W	PDR5	23,24,24,26,27	20,21,22,23,23	18,19,20,20,20	19,20,21,21,22	16,16,16,16,16	17,19,21,22,24	22,23,23,24,25
YOR154W	SLP1	33,35,37,38,39	33,34,35,35,35	56,57,58,61,63	33,35,36,36,36	34,35,36,37,37	53,54,55,56,58	30,31,32,33,34
YOR155C	ISN1	40,40,40,44,49	49,50,50,52,54	62,63,64,66,67	44,45,47,49,51	47,47,47,48,49	61,61,62,66,69	39,42,44,44,45
YOR156C	NFI1	14,14,15,16,16	14,15,16,16,16	16,16,16,17,17	13,15,17,18,18	12,13,14,16,18	13,13,14,15,16	12,14,16,16,17
YOR157C	PUP1	382,390,399,403,407	333,336,339,350,361	344,345,346,351,356	326,342,358,366,373	312,320,328,345,362	357,367,377,395,414	361,361,362,365,368
YOR158W	PET123	126,136,146,149,153	223,225,227,230,234	128,141,153,158,163	216,218,221,227,233	230,238,245,252,258	111,112,113,119,125	126,128,130,134,138
YOR159C	SME1	174,176,177,178,180	156,157,159,161,163	133,134,135,143,151	138,146,153,157,161	139,139,139,157,175	111,116,121,133,145	171,174,178,179,180
YOR160W	MTR10	15,17,19,19,19	18,19,19,21,22	21,21,21,21,21	20,20,20,21,21	17,18,19,20,21	19,20,20,20,20	16,17,18,18,18
YOR161C-C		12,14,17,20,23	5,10,14,17,19	17,23,30,35,41	9,12,14,18,23	17,20,22,22,22	24,28,31,34,36	13,14,15,17,19
YOR161C	PNS1	28,31,34,34,35	32,34,37,40,43	36,36,36,38,41	34,36,38,44,50	33,35,36,37,38	33,33,34,35,37	26,27,28,29,30
YOR161W-A		0,0,0,0,0	0,0,0,0,0	0,0,0,0,0	0,0,0,0,0	0,0,0,0,0	0,0,0,0,0	0,0,0,0,0
YOR161W-B		0,0,0,0,0	0,0,0,0,0	0,0,0,0,0	0,0,0,0,0	0,0,0,0,0	0,0,0,0,0	0,0,0,0,0
YOR162C	YRR1	35,36,38,38,39	32,34,36,36,36	64,64,65,67,69	29,30,32,33,34	25,26,27,28,28	64,66,67,69,71	32,33,34,36,37
YOR163W	DDP1	91,92,94,100,105	110,113,115,120,126	159,159,159,160,160	108,108,108,118,128	104,106,109,109,109	172,173,174,178,182	90,95,99,100,101
YOR164C	GET4	93,93,94,95,96	83,85,86,86,87	70,73,76,76,76	87,87,88,88,89	71,74,76,78,79	73,77,81,84,87	102,103,105,110,114
YOR165W	SEY1	76,76,76,79,81	67,71,75,76,77	66,66,67,69,72	65,65,66,69,72	57,58,60,61,63	64,66,69,72,76	76,78,80,80,81
YOR166C	SWT1	32,33,34,35,37	41,41,41,41,41	46,46,47,48,49	36,37,39,39,40	35,37,39,40,41	41,41,41,43,45	32,32,33,35,36
YOR167C	RPS28A	1083,1177,1272,1306,1341	997,1140,1282,1319,1357	688,727,767,778,789	1142,1219,1296,1303,1309	1335,1450,1565,1601,1637	622,636,651,662,673	1094,1130,1166,1189,1212
YOR168W	GLN4	45,50,54,55,57	47,49,51,54,56	48,48,49,50,51	53,55,57,58,59	54,57,61,61,62	39,42,45,47,49	43,43,44,47,51
YOR169C		0,0,0,0,0	0,0,0,0,0	0,0,0,0,0	0,0,0,0,0	0,0,0,0,0	0,0,0,0,0	0,0,0,0,0
YOR170W		7,8,9,11,12	3,6,9,9,10	4,4,5,7,8	4,4,4,8,12	10,11,12,12,12	10,11,12,14,15	5,6,8,10,12
YOR171C	LCB4	72,73,73,74,75	74,75,76,79,81	84,84,85,85,85	72,75,79,79,80	65,66,67,69,70	81,84,86,88,89	73,74,74,76,77
YOR172W	YRM1	20,21,22,22,23	22,22,22,23,23	33,34,35,35,35	22,23,23,23,23	23,24,25,25,25	29,30,30,30,30	21,21,21,23,25
YOR173W	DCS2	45,48,51,57,62	79,80,81,84,86	161,162,162,164,165	65,72,78,81,84	57,61,64,64,64	160,171,182,184,186	50,51,51,55,60
YOR174W	MED4	50,53,56,57,57	55,56,57,58,58	91,91,92,95,99	56,57,58,59,60	53,54,55,57,59	90,91,91,93,95	52,53,54,55,57
YOR175C	ALE1	79,80,80,81,82	63,67,70,71,72	80,81,82,82,82	64,66,68,70,72	57,57,57,58,59	88,90,91,93,95	81,82,84,85,86
YOR176W	HEM15	84,86,87,92,97	87,91,95,95,95	156,156,157,164,171	89,92,95,97,98	87,89,90,96,102	169,169,169,171,172	85,86,88,92,96
YOR177C	MPC54	14,14,15,15,16	17,18,18,18,18	125,127,129,133,138	33,34,36,39,43	82,82,82,83,83	120,121,122,127,132	17,17,18,18,19
YOR178C	GAC1	29,29,30,30,30	31,31,32,34,37	18,19,19,20,20	31,31,31,32,33	27,28,29,32,34	19,19,19,19,19	29,29,29,30,31
YOR179C	SYC1	55,60,66,67,69	62,62,63,63,64	60,63,65,69,73	51,54,57,60,63	51,53,56,56,57	67,72,78,80,82	64,67,70,71,72
YOR180C	DCI1	67,70,72,75,77	49,52,56,57,58	384,401,417,431,444	44,45,46,47,49	41,42,44,44,44	409,417,425,441,457	79,81,82,84,86
YOR181W	LAS17	27,27,27,30,33	29,30,31,34,36	34,35,36,36,37	28,29,31,32,34	28,29,30,31,32	38,38,38,38,38	26,28,29,30,30
YOR182C	RPS30B	807,848,889,899,908	724,817,911,946,982	407,455,503,513,523	868,870,872,889,907	936,1002,1068,1095,1121	415,419,423,435,448	795,797,798,848,898
YOR183W	FYV12	2,2,3,3,3	1,1,1,1,1	0.8,1,2,2,2	1,1,1,1,1	0.6,0.8,1,2,2	0.7,1,2,3,3	0,0.8,2,2,2
YOR184W	SER1	531,532,532,584,636	613,614,615,632,648	772,772,772,778,784	604,608,613,614,615	566,575,584,588,593	975,988,1001,1006,1011	566,566,566,608,650
YOR185C	GSP2	100,107,114,123,132	128,133,139,149,158	186,187,188,191,194	123,133,144,144,144	110,116,122,125,128	195,211,228,230,232	100,104,108,114,119
YOR186C-A		0,0,0,0,0	0,0,0,0,0	0,0,0,0,0	0,0,0,0,0	0,0,0,0,0	0,0,0,0,0	0,0,0,0,0
YOR186W		3,3,4,4,5	5,5,5,7,8	8,8,9,10,11	3,3,4,5,5	3,4,4,5,5	11,12,14,15,15	4,4,4,5,5
YOR187W	TUF1	547,565,582,599,617	739,747,755,793,832	303,321,338,346,353	809,814,819,836,853	834,841,848,868,888	215,218,221,228,234	502,514,526,553,580
YOR188W	MSB1	26,26,27,29,30	18,19,19,20,21	19,20,20,21,22	18,18,18,19,20	16,16,17,18,18	17,17,18,19,20	25,27,28,29,29
YOR189W	IES4	115,116,118,133,147	138,138,138,146,154	156,158,160,162,163	122,127,133,135,137	130,132,134,134,134	151,159,167,171,176	125,130,136,138,140
YOR190W	SPR1	12,14,15,15,16	15,16,17,18,19	77,80,84,88,93	13,14,15,16,17	12,12,12,13,13	78,80,83,86,89	13,14,16,16,17
YOR191W	ULS1	23,24,24,25,27	21,22,22,23,24	26,26,26,27,27	19,20,21,22,24	19,19,19,20,21	23,24,24,25,25	25,25,25,26,27
YOR192C-A		0,0,0,0,0	0,0,0,0,0	0,0,0,0,0	0,0,0,0,0	0,0,0,0,0	0,0,0,0,0	0,0,0,0,0
YOR192C-B		0.7,0.7,0.7,0.9,1	0.7,0.9,1,1,1	1,2,2,2,2	0.7,0.8,0.9,1,1	0.4,0.6,0.8,1,1	2,2,2,2,2	0.4,0.5,0.7,0.9,1
YOR192C-C		7,9,10,12,15	16,17,18,20,21	19,27,35,37,38	10,11,11,12,12	14,14,15,18,21	35,37,39,40,41	11,11,12,13,14
YOR192C	THI72	8,8,8,9,10	11,11,11,11,12	21,22,23,23,23	9,10,10,11,11	8,8,8,9,11	22,25,28,28,28	8,8,8,9,10
YOR193W	PEX27	36,40,44,45,45	47,47,47,49,50	66,70,74,74,74	41,44,48,50,52	34,38,42,43,44	73,76,79,80,80	37,38,38,38,38
YOR194C	TOA1	119,120,121,122,123	141,142,144,159,173	125,125,126,127,129	126,128,129,143,158	141,142,142,162,181	121,123,124,127,130	114,114,114,116,118
YOR195W	SLK19	36,36,36,38,41	20,21,22,22,22	18,18,18,21,23	20,21,22,23,24	30,32,34,35,35	14,16,19,19,19	41,42,42,42,42
YOR196C	LIP5	148,151,153,154,156	146,149,151,154,157	184,186,188,191,193	134,139,144,148,153	129,130,131,138,146	176,177,178,185,192	137,145,153,154,155
YOR197W	MCA1	124,125,126,129,132	123,126,129,130,130	181,186,190,195,200	122,122,123,123,124	121,122,123,126,129	182,183,183,192,200	123,125,126,131,135
YOR198C	BFR1	187,190,194,200,207	220,221,223,223,223	218,222,225,231,237	221,224,227,229,231	250,252,253,260,267	204,206,208,221,233	195,198,201,203,205
YOR199W		11,12,13,13,13	10,10,11,17,23	8,9,10,12,14	12,13,13,18,23	10,12,14,19,25	7,9,11,13,15	7,10,13,15,16
YOR200W		0,0,0,0,0	0,0,0,0,0	0,0,0,0,0	0,0,0,0,0	0,0,0,0,0	0,0,0,0,0	0,0,0,0,0
YOR201C	MRM1	74,74,75,76,78	79,81,82,85,89	80,81,81,81,81	71,77,83,84,84	80,81,82,83,84	80,82,83,85,86	71,73,74,76,78
YOR202W	HIS3	245,259,273,281,289	218,229,240,251,262	290,306,321,330,339	235,237,240,255,270	205,208,212,214,216	363,371,380,392,404	242,252,262,268,274
YOR203W		1,2,3,4,4	2,2,2,3,3	3,3,4,4,5	0.6,1,2,2,2	0.7,1,2,2,3	1,3,5,5,5	0,0.3,0.7,0.7,0.8
YOR204W	DED1	114,115,116,121,126	79,82,84,85,86	73,73,73,77,80	77,79,81,82,82	70,71,72,77,83	67,71,76,79,81	115,116,117,118,119
YOR205C	GEP3	37,39,41,42,43	40,43,45,47,49	36,39,42,42,43	45,47,49,49,49	45,45,46,46,46	31,31,31,33,35	35,36,37,39,41
YOR206W	NOC2	50,53,57,60,63	40,42,43,43,43	51,52,53,54,55	46,47,48,50,51	53,54,54,56,57	36,38,41,42,43	44,45,45,47,50
YOR207C	RET1	26,29,32,32,32	25,27,30,30,30	31,31,32,32,32	28,28,28,30,32	29,30,30,30,30	24,24,25,25,26	29,29,29,30,30
YOR208W	PTP2	25,26,27,29,31	28,28,28,28,29	28,29,30,30,31	25,27,28,28,29	25,25,26,26,26	24,25,26,27,28	27,28,28,29,29
YOR209C	NPT1	132,137,142,149,155	152,154,155,161,166	183,185,188,196,205	167,172,176,176,176	190,198,206,213,219	140,141,142,147,152	142,144,146,152,157
YOR210W	RPB10	202,229,256,265,275	196,205,214,218,222	176,180,185,190,195	209,227,244,249,254	224,238,253,258,262	149,158,166,166,167	237,253,270,273,275
YOR211C	MGM1	44,46,48,50,52	50,51,52,52,52	41,41,42,42,43	51,52,53,53,54	49,50,50,52,53	36,38,40,41,42	45,45,46,47,49
YOR212W	STE4	57,58,58,60,62	62,63,64,67,70	58,59,60,66,71	67,69,72,75,78	71,71,71,79,88	46,46,47,52,58	50,53,55,56,56
YOR213C	SAS5	72,73,73,74,76	68,69,71,74,76	106,111,116,117,117	67,68,68,69,69	62,64,67,69,71	96,98,101,104,107	72,72,73,74,76
YOR214C	SPR2	1,1,1,2,2	2,2,2,3,3	14,17,19,20,20	0.3,0.4,0.6,2,2	0.6,0.6,0.7,1,1	14,14,15,15,16	3,3,3,4,4
YOR215C	AIM41	307,313,319,320,321	394,408,422,461,499	670,675,681,720,759	442,448,455,495,535	450,456,462,492,522	716,725,734,737,740	276,285,294,295,296
YOR216C	RUD3	46,47,49,49,50	43,44,45,48,50	38,40,42,44,45	45,45,45,48,50	38,40,42,44,47	35,38,42,44,46	50,51,51,53,55
YOR217W	RFC1	37,37,37,37,38	34,35,36,38,40	33,34,34,35,36	35,36,37,37,37	32,33,33,33,33	32,33,34,34,34	36,37,38,38,38
YOR218C		0,0.3,0.5,0.7,1	0,0,0,0.3,0.5	0,0.3,0.5,0.7,0.9	0,0,0,0.7,1	0,0.3,0.5,0.7,0.8	0,0,0,0.3,0.6	0,0.2,0.5,0.5,0.5
YOR219C	STE13	28,28,28,29,29	22,22,23,25,26	33,34,35,37,38	21,22,22,23,24	20,20,21,21,22	35,36,37,37,38	26,26,26,27,27
YOR220W	RCN2	135,135,135,137,139	127,134,140,141,142	354,388,421,426,431	130,133,137,139,142	126,126,126,129,131	340,355,370,371,373	131,133,136,138,139
YOR221C	MCT1	102,107,111,117,124	93,98,103,108,113	140,141,142,143,144	98,98,99,101,103	78,79,80,82,84	140,142,145,147,149	108,110,113,117,122
YOR222W	ODC2	166,172,178,192,206	159,160,160,176,191	119,126,132,134,136	170,172,175,176,178	157,160,163,173,183	151,155,160,164,169	170,184,198,208,218
YOR223W	DSC3	50,51,51,53,54	54,56,59,63,67	64,67,70,73,76	49,51,52,54,55	44,49,54,55,56	61,66,71,75,78	45,47,48,50,52
YOR224C	RPB8	232,237,241,255,269	230,239,247,248,249	133,146,160,161,162	249,257,265,269,272	265,266,267,273,279	135,139,144,147,151	196,219,242,255,268
YOR225W		0,1,2,3,3	0.8,1,1,2,2	0,0,0,0.5,1	0.9,1,1,2,2	2,2,3,4,4	0.7,1,1,2,2	0.7,1,1,2,3
YOR226C	ISU2	58,58,58,59,60	63,63,64,66,69	22,23,24,25,25	55,57,58,64,69	60,65,70,71,72	23,25,26,28,30	50,54,57,60,62
YOR227W	HER1	45,46,47,49,51	47,49,51,51,51	43,46,49,50,50	42,45,48,48,49	39,40,40,42,43	48,50,51,52,52	43,43,44,45,45
YOR228C	MCP1	50,50,50,52,55	68,68,69,74,79	110,110,110,111,112	68,70,73,74,75	58,60,63,64,64	97,101,105,108,112	46,48,50,51,52
YOR229W	WTM2	29,29,30,31,32	35,36,37,39,41	26,30,33,34,36	37,39,40,44,48	37,38,38,39,39	26,28,31,32,33	27,28,28,28,28
YOR230W	WTM1	704,736,769,863,958	810,847,885,901,918	495,525,555,576,596	942,950,957,965,973	1008,1012,1015,1029,1042	565,566,567,579,592	687,689,691,781,870
YOR231C-A		0,0,0,0,0	0,0,0,0,0	0,0,0,0,0	0,0,0,0,0	0,0,0,0,0	0,0,0,0,0	0,0,0,0,0
YOR231W	MKK1	38,39,41,42,43	41,43,45,47,48	38,41,44,46,48	43,44,44,46,47	33,35,37,38,38	44,45,45,47,49	36,38,40,41,42
YOR232W	MGE1	267,279,290,296,303	346,360,373,390,407	262,277,293,306,318	363,375,387,399,412	405,411,417,419,421	226,240,255,266,276	270,280,290,290,290
YOR233W	KIN4	37,38,38,38,39	24,24,24,25,26	21,21,21,23,24	23,24,25,26,26	23,25,27,27,27	21,23,24,26,28	37,38,38,41,43
YOR234C	RPL33B	396,416,436,456,476	350,393,436,445,453	217,223,228,234,239	414,424,433,448,462	589,597,606,627,648	196,199,203,214,225	355,374,394,426,458
YOR235W	IRC13	3,4,4,5,5	3,4,4,5,6	3,4,5,5,6	2,3,3,5,7	1,2,4,5,7	4,4,4,7,10	4,4,4,5,6
YOR236W	DFR1	60,63,65,66,67	49,51,53,59,66	61,65,68,69,69	52,54,56,56,56	55,59,62,63,64	68,69,69,72,75	66,66,66,68,70
YOR237W	HES1	10,10,10,10,11	6,7,7,8,8	25,26,27,28,29	7,7,7,7,7	3,4,5,6,6	26,27,27,29,30	8,9,10,11,13
YOR238W		33,35,36,38,39	38,40,42,45,47	46,48,50,50,50	32,35,39,40,40	37,38,38,42,45	49,50,50,51,51	37,38,39,40,40
YOR239W	ABP140	78,83,88,88,88	67,69,71,74,76	117,118,120,120,120	62,63,65,67,69	65,66,67,69,71	119,119,119,124,130	85,86,87,91,95
YOR241W	MET7	55,56,57,61,65	49,52,54,55,55	57,58,59,60,62	53,54,56,59,62	53,53,54,54,54	51,52,53,56,60	56,58,60,61,61
YOR242C	SSP2	5,6,6,6,6	6,6,6,6,6	3,3,4,4,5	5,5,5,6,6	3,4,4,5,6	4,4,4,4,4	7,7,8,8,8
YOR243C	PUS7	37,37,37,37,38	34,35,36,37,38	31,33,35,36,37	37,39,41,42,43	41,43,46,48,50	23,25,27,27,27	30,30,30,33,35
YOR244W	ESA1	59,60,60,61,61	60,60,61,63,64	65,66,67,69,71	55,61,67,68,69	65,66,67,70,74	69,71,73,74,74	56,57,58,62,65
YOR245C	DGA1	64,67,70,72,75	71,74,77,78,79	93,96,99,100,100	64,67,70,71,73	54,55,56,62,68	97,99,101,101,101	65,67,69,70,71
YOR246C	ENV9	110,111,111,118,125	71,76,81,86,92	84,96,109,110,111	70,73,75,77,80	57,62,66,73,79	93,101,108,110,112	105,107,109,116,123
YOR247W	SRL1	1244,1292,1341,1389,1438	590,595,600,701,803	147,150,153,165,177	393,401,409,424,439	225,232,240,266,293	142,146,151,165,179	1313,1371,1430,1430,1430
YOR248W		18,22,26,29,32	8,9,10,11,13	2,2,3,4,5	7,7,7,8,9	2,3,5,6,8	3,5,6,7,8	28,29,31,32,33
YOR249C	APC5	18,18,19,19,20	23,23,24,24,25	30,30,30,31,31	22,22,23,23,23	19,21,22,23,23	26,28,30,31,31	18,19,19,19,20
YOR250C	CLP1	29,30,30,30,30	29,31,33,34,36	49,50,52,52,52	32,32,32,33,34	33,34,35,36,37	51,51,52,54,56	27,27,28,30,31
YOR251C	TUM1	129,130,131,134,136	125,130,136,137,139	127,128,129,129,130	123,126,129,130,132	116,116,117,120,122	137,138,139,140,142	128,130,133,136,140
YOR252W	TMA16	81,82,83,83,84	74,77,80,84,88	81,94,106,106,106	79,80,81,83,85	82,85,89,92,94	81,94,107,109,111	72,74,77,87,98
YOR253W	NAT5	88,91,94,96,97	71,80,89,95,100	70,70,71,78,85	86,89,92,99,107	96,97,98,98,98	66,67,67,71,74	87,89,92,94,95
YOR254C	SEC63	53,55,57,60,64	64,64,64,64,64	67,67,68,69,70	65,67,69,70,71	71,72,73,74,75	55,58,61,61,62	53,55,57,57,57
YOR255W	OSW1	0,0.2,0.4,0.4,0.5	0,0,0,0.1,0.1	1,2,2,2,2	0,0.1,0.2,0.3,0.5	0,0,0,0.3,0.5	1,2,2,2,3	0,0.3,0.6,0.7,0.9
YOR256C	TRE2	48,49,50,50,51	59,60,60,61,61	71,72,74,76,77	51,51,52,54,56	42,44,47,48,50	70,71,73,75,78	42,43,45,45,46
YOR257W	CDC31	98,100,103,103,103	97,107,117,131,144	103,105,108,110,112	88,95,102,114,127	87,90,94,98,102	100,102,104,107,110	78,86,93,95,96
YOR258W	HNT3	21,21,21,22,22	21,21,22,23,25	36,37,37,40,43	25,26,27,27,28	18,18,19,22,26	37,37,38,39,40	22,23,23,23,24
YOR259C	RPT4	369,373,377,379,381	344,347,350,350,350	336,341,346,350,354	331,333,336,340,344	322,327,332,338,343	363,373,383,394,406	326,332,338,348,358
YOR260W	GCD1	92,92,93,97,101	85,86,88,93,97	81,84,86,87,87	88,91,94,96,99	95,98,101,102,104	84,87,90,91,93	80,81,82,83,85
YOR261C	RPN8	381,382,383,393,404	354,357,360,366,372	385,387,388,413,437	350,360,370,374,378	339,349,360,362,364	421,436,451,452,452	326,355,383,398,414
YOR262W	GPN2	72,79,86,87,88	79,81,83,86,89	147,148,148,151,154	76,79,83,83,83	71,72,74,76,78	165,165,166,168,170	80,83,85,87,89
YOR263C		0.5,0.5,0.5,1,2	0.5,0.9,1,2,3	3,3,3,4,4	0.6,0.6,0.7,1,2	1,1,2,2,2	3,4,4,6,8	1,1,2,2,3
YOR264W	DSE3	6,8,10,10,11	21,21,21,22,23	16,17,17,19,21	67,72,76,84,91	224,228,232,233,234	15,16,17,17,17	8,8,9,10,12
YOR265W	RBL2	158,160,161,168,174	144,153,162,169,175	123,126,129,134,140	123,130,137,146,155	109,117,126,130,135	150,151,152,159,166	163,164,165,166,167
YOR266W	PNT1	43,43,44,45,46	66,69,72,74,76	38,40,42,43,44	70,72,74,76,79	74,75,76,76,76	36,36,37,38,39	41,43,44,45,46
YOR267C	HRK1	49,49,50,51,53	52,53,54,57,60	37,39,40,43,45	48,50,52,53,54	44,44,45,46,47	38,39,40,43,46	49,49,50,50,51
YOR268C		0,0.8,2,2,2	0,0.3,0.6,1,1	0.7,2,3,3,3	0,0.3,0.7,1,2	0,0,0,0.4,0.8	1,2,3,3,3	0.5,0.5,0.6,0.6,0.7
YOR269W	PAC1	10,10,11,11,11	11,12,14,14,15	10,10,10,10,11	15,15,15,16,17	13,15,16,16,16	10,11,11,12,12	9,10,11,12,13
YOR270C	VPH1	162,163,163,163,163	136,149,162,164,166	164,165,165,168,172	142,150,158,160,162	140,141,141,141,141	176,182,188,189,190	151,154,156,158,160
YOR271C	FSF1	198,204,210,210,210	182,191,199,199,199	147,150,153,155,157	198,199,201,203,206	192,198,205,208,211	128,136,144,146,148	165,182,199,202,205
YOR272W	YTM1	56,60,63,65,66	45,46,48,48,48	75,76,78,79,80	48,50,52,52,52	58,61,65,66,67	61,63,66,69,72	53,54,54,56,59
YOR273C	TPO4	87,87,88,92,97	90,91,91,91,92	224,228,233,240,248	82,83,83,84,85	59,59,59,60,61	253,255,258,262,265	85,85,86,88,89
YOR274W	MOD5	45,45,45,47,48	53,53,53,56,58	57,59,60,63,65	49,50,51,52,54	47,48,48,48,48	56,57,58,59,60	42,43,43,45,46
YOR275C	RIM20	38,38,39,42,45	40,41,42,43,43	46,46,47,48,49	42,42,42,42,42	36,38,39,39,40	43,43,43,45,46	36,37,37,39,41
YOR276W	CAF20	36,45,54,55,55	40,43,45,48,50	66,69,71,71,72	51,52,53,54,54	49,54,60,62,64	59,59,60,61,62	39,44,50,53,56
YOR277C		0,0,0,0,0	0,0,0,0,0	0,0,0,0,0	0,0,0,0,0	0,0,0,0,0	0,0,0,0.4,0.8	0,0,0,0,0
YOR278W	HEM4	38,38,38,39,40	40,42,43,45,48	60,61,61,61,61	33,37,42,44,46	34,37,40,42,44	56,59,62,66,69	33,34,35,36,36
YOR279C	RFM1	31,31,31,32,32	32,33,34,37,40	34,36,39,41,43	28,29,30,35,39	25,28,31,33,35	33,35,36,37,38	28,30,32,32,33
YOR280C	FSH3	58,58,58,59,60	61,62,64,65,66	59,59,59,60,61	56,57,59,59,59	52,55,58,60,62	68,70,71,73,76	56,56,56,57,58
YOR281C	PLP2	59,59,60,62,64	61,61,61,69,76	65,67,68,68,68	61,64,67,69,71	58,59,59,63,67	65,70,74,75,76	59,59,60,64,69
YOR282W		0,0,0,0,0	0,0,0,0,0	0,0.8,2,2,2	0,0,0,0,0	0,0,0,0,0	1,1,2,2,3	0,0,0,0.9,2
YOR283W		96,100,103,111,120	78,81,84,84,85	74,83,91,96,101	73,79,85,86,86	76,78,81,81,81	70,72,75,77,78	116,116,117,121,125
YOR284W	HUA2	30,31,32,34,35	27,28,29,32,34	38,39,40,43,46	29,32,34,35,35	38,39,39,40,41	38,41,43,45,46	35,37,38,39,39
YOR285W	RDL1	2136,2170,2204,2270,2335	1845,1878,1912,1912,1912	2998,3147,3296,3296,3296	1780,1811,1841,1855,1869	1542,1554,1565,1579,1593	3455,3455,3455,3612,3768	2149,2190,2231,2247,2262
YOR286W	RDL2	201,214,227,231,235	297,303,308,310,311	182,188,194,205,216	315,319,324,326,329	283,308,334,337,340	166,168,170,176,183	210,213,215,224,233
YOR287C	RRP36	25,26,27,28,30	20,21,22,24,27	15,18,20,21,22	20,21,21,23,25	23,26,29,30,32	10,13,15,17,18	20,20,21,24,27
YOR288C	MPD1	31,36,41,42,42	34,37,40,42,43	34,37,41,41,41	34,36,38,39,40	41,41,42,42,43	37,38,39,40,40	43,45,46,49,51
YOR289W		81,82,83,88,92	96,103,109,115,121	200,204,209,210,211	105,106,107,113,118	99,100,102,111,119	187,192,197,203,209	81,85,89,94,100
YOR290C	SNF2	32,32,33,33,33	31,32,32,32,33	24,24,24,25,26	28,28,29,30,31	28,28,29,30,31	24,24,25,25,25	31,31,32,33,33
YOR291W	YPK9	10,11,11,11,12	12,12,13,13,14	9,9,10,10,10	13,14,15,15,15	13,13,14,14,15	8,8,8,9,9	10,10,10,11,11
YOR292C		48,48,48,52,55	49,49,49,53,56	53,53,54,56,58	49,53,56,57,57	40,41,43,44,46	49,49,50,52,55	47,48,50,52,54
YOR293C-A		0,0.7,1,2,2	0,0,0,2,3	2,2,3,4,6	0,1,2,3,3	0,0.8,2,2,2	0,0,0,0.9,2	0,1,3,5,7
YOR293W	RPS10A	870,961,1053,1099,1145	995,1055,1116,1143,1169	455,473,492,506,520	1112,1122,1133,1135,1138	1611,1648,1686,1706,1726	385,386,386,390,394	949,956,962,1024,1085
YOR294W	RRS1	105,110,114,119,123	89,95,102,106,109	163,169,174,182,191	111,112,113,115,117	121,121,121,128,134	140,145,150,152,154	105,109,113,115,117
YOR295W	UAF30	44,46,47,51,55	43,44,45,46,47	32,35,39,40,42	43,44,45,45,46	37,40,44,45,47	41,42,42,43,43	40,45,49,49,50
YOR296W		7,7,7,8,9	8,8,9,10,11	10,10,10,10,11	7,8,8,8,8	8,9,9,10,10	8,9,9,9,9	7,7,7,7,7
YOR297C	TIM18	62,63,63,67,71	50,55,60,64,68	68,72,75,78,81	48,54,60,62,64	57,57,57,59,60	60,63,65,66,68	67,69,70,71,71
YOR298C-A	MBF1	969,990,1011,1057,1104	982,984,986,1026,1066	801,804,807,807,807	872,888,904,951,997	746,762,777,830,882	811,812,813,843,873	995,1016,1036,1061,1085
YOR298W	MUM3	6,7,7,8,8	6,7,7,8,9	11,12,14,15,16	5,5,5,6,6	4,4,4,5,5	11,12,14,14,15	8,8,8,9,10
YOR299W	BUD7	34,36,39,40,42	38,38,39,39,40	38,38,39,43,47	41,41,41,41,41	38,39,40,41,42	37,37,37,38,38	36,36,37,38,39
YOR300W		0,0,0,0.4,0.7	0,0,0,0,0	2,2,2,2,3	0,0,0,0.4,0.8	0,0,0,0.4,0.7	3,3,3,3,3	0,0,0,0.7,1
YOR301W	RAX1	23,24,25,26,27	22,25,27,28,29	23,24,25,25,26	28,28,29,30,30	38,39,39,39,40	23,24,25,25,25	22,24,27,28,29
YOR302W		2463,2469,2475,2486,2498	2051,2248,2445,2921,3398	770,822,875,903,932	1957,1989,2021,2313,2606	1747,1910,2073,2256,2439	1077,1097,1117,1130,1143	2538,2610,2683,2751,2819
YOR303W	CPA1	926,935,943,1022,1101	803,828,853,910,967	448,463,479,484,490	814,829,845,875,905	639,691,743,750,757	506,537,569,572,576	1002,1038,1075,1089,1103
YOR304C-A	BIL1	114,116,117,125,133	107,116,125,133,141	108,115,121,124,127	123,128,134,138,141	125,127,130,153,177	94,98,102,111,119	97,112,126,132,138
YOR304W	ISW2	26,28,30,30,30	30,30,31,33,36	21,21,22,22,22	29,31,33,33,34	33,34,36,37,39	21,21,22,23,24	28,29,30,30,30
YOR305W	RRG7	66,71,76,78,79	58,61,64,66,67	53,53,53,55,56	58,60,62,64,65	69,72,75,77,79	46,48,49,50,50	78,81,85,86,88
YOR306C	MCH5	20,22,24,24,25	21,22,23,24,24	15,15,15,16,18	24,24,25,25,25	19,19,20,20,20	16,17,18,18,19	23,23,24,25,27
YOR307C	SLY41	47,48,48,51,54	40,41,42,44,46	32,33,33,35,36	38,38,39,39,40	38,39,40,42,45	30,31,32,34,37	44,47,50,51,51
YOR308C	SNU66	18,20,21,22,22	22,23,24,25,26	11,12,13,13,14	20,21,22,23,24	21,22,23,23,24	10,10,11,12,12	17,19,21,21,22
YOR309C		7,8,8,9,10	8,8,8,10,11	5,5,6,9,12	8,9,10,10,11	8,8,8,10,12	6,7,8,8,8	8,8,9,9,9
YOR310C	NOP58	65,74,83,91,98	62,64,66,69,72	67,72,77,79,81	71,72,73,75,78	90,98,107,108,108	47,51,54,55,55	69,73,76,81,86
YOR311C	DGK1	97,103,110,114,118	87,91,95,96,96	99,101,104,108,113	87,88,90,101,111	86,87,88,91,95	105,106,108,110,113	99,102,105,108,111
YOR312C	RPL20B	635,680,725,743,761	729,739,749,757,766	442,446,450,464,477	768,776,785,789,793	1089,1098,1107,1107,1107	380,383,385,386,388	605,628,650,670,690
YOR313C	SPS4	38,38,38,38,38	66,73,79,83,87	1,1,2,2,2	62,64,66,67,69	40,46,52,53,53	0,0.2,0.5,1,2	19,21,23,23,23
YOR314W		21,22,24,26,29	37,41,45,47,48	0,0,0,0,0	43,44,46,48,50	32,33,34,35,35	0,0.7,1,2,2	16,16,16,16,16
YOR314W-A		4,4,4,4,5	0,1,2,3,5	0,0,0,0,0	0,0,0,1,2	0,2,5,6,7	0,0,0,1,2	2,2,2,4,7
YOR315W	SFG1	340,349,358,363,368	377,388,399,459,518	28,28,28,30,31	337,351,365,378,391	201,204,207,222,236	28,29,30,32,34	230,231,232,240,249
YOR316C-A		7,9,10,15,20	11,12,12,16,21	14,16,19,19,19	11,12,12,14,16	9,13,18,18,19	6,8,9,12,15	9,9,10,10,11
YOR316C	COT1	327,328,329,355,381	317,326,335,337,339	452,452,453,453,453	308,320,333,335,338	375,376,377,386,396	501,510,519,525,531	304,304,305,316,328
YOR317W	FAA1	267,268,269,271,274	221,222,223,227,232	427,437,448,452,457	210,215,221,223,226	177,180,182,184,187	435,437,438,438,439	274,278,282,293,305
YOR318C		7,9,10,11,12	3,4,5,5,6	7,8,8,8,8	2,4,6,7,9	3,4,6,8,10	2,4,6,6,6	8,8,9,11,13
YOR319W	HSH49	55,60,65,66,68	59,60,60,61,62	85,91,97,99,101	61,63,65,65,65	59,59,60,65,70	72,75,78,81,85	55,57,58,60,63
YOR320C	GNT1	68,69,70,71,72	58,61,64,67,70	66,69,73,74,76	63,63,64,64,64	57,60,62,64,65	72,72,73,74,76	71,73,74,76,78
YOR321W	PMT3	18,18,19,21,23	16,17,18,19,20	19,21,23,23,23	18,18,18,19,20	18,19,19,20,21	25,25,25,25,26	19,19,19,21,23
YOR322C	LDB19	44,45,45,46,46	43,46,49,49,50	65,66,67,69,70	41,42,43,45,46	41,42,42,43,44	66,67,68,68,69	41,44,47,47,47
YOR323C	PRO2	152,155,158,158,159	153,154,154,156,159	155,156,157,160,163	146,150,155,158,161	146,147,148,149,149	171,172,174,174,175	140,146,152,154,156
YOR324C	FRT1	32,34,36,37,38	27,29,30,32,33	83,84,85,86,87	25,27,29,29,30	23,24,26,26,26	80,80,80,81,82	31,33,34,35,35
YOR325W		0,0.2,0.4,0.5,0.6	0,0.2,0.5,0.5,0.5	0.3,0.6,0.9,2,3	0,0.2,0.4,0.4,0.5	0,0,0,0.6,1	0.5,0.6,0.6,1,2	0,0,0,0,0
YOR326W	MYO2	79,83,88,89,89	68,68,68,70,72	39,40,41,41,42	65,66,67,68,68	60,61,62,62,62	39,39,40,41,43	89,91,92,94,95
YOR327C	SNC2	444,456,468,469,470	377,392,408,414,421	529,535,541,542,542	352,361,370,379,389	388,415,441,447,453	505,520,535,543,550	464,464,464,466,468
YOR328W	PDR10	12,13,13,14,14	14,15,16,16,16	36,36,37,37,37	14,14,14,15,15	12,12,12,12,13	37,39,41,42,42	13,13,13,13,14
YOR329C	SCD5	40,41,41,42,43	46,46,47,49,50	63,65,66,70,73	44,46,47,48,48	36,38,40,42,45	64,65,66,67,68	38,39,39,40,40
YOR329W-A		0,0,0,0,0	0,0,0,0.7,1	0.9,1,1,1,1	0,0,0,0,0	0,0,0,0,0	0,0,0,1,2	0,0.5,1,1,1
YOR330C	MIP1	26,26,26,28,29	18,20,21,21,21	39,40,41,41,41	18,18,18,18,19	16,16,16,17,17	38,39,39,40,41	25,26,26,27,27
YOR331C		0,0,0,0.2,0.4	0,0,0,0.2,0.4	0.3,0.5,0.6,0.7,0.7	0,0,0,0,0	0,0,0,0,0	0,0.2,0.4,0.5,0.6	0,0,0,0,0
YOR332W	VMA4	47,49,51,52,54	39,40,42,44,47	49,54,58,60,61	50,50,51,53,55	43,44,45,49,52	65,65,66,69,72	43,49,56,62,68
YOR333C		0,0,0,0,0	0,0,0,0,0	0,0,0,0,0	0,0,0,0,0	0,0,0,0,0	0,0,0,0,0	0,0,0,0,0
YOR334W	MRS2	14,16,19,20,21	24,25,25,25,26	14,15,15,16,16	26,26,27,27,27	24,25,26,26,27	12,13,13,13,13	9,12,14,14,14
YOR335C	ALA1	143,148,152,155,157	125,125,125,131,137	148,151,154,155,155	122,129,136,136,137	113,119,125,126,127	155,160,166,169,173	140,140,141,143,146
YOR335W-A		0,0,0,0,0	0,0,0,0,0	0,0,0,0,0	0,0,0,0,0	0,0,0,0,0	0,0,0,0,0	0,0,0,0,0
YOR336W	KRE5	13,14,15,15,15	13,14,14,16,18	19,19,19,20,20	13,14,15,15,15	12,13,13,14,14	19,20,21,21,22	14,14,14,15,16
YOR337W	TEA1	37,37,38,39,40	37,39,40,43,46	22,22,23,24,25	39,40,40,40,40	33,34,35,36,36	27,28,29,30,31	30,33,37,38,39
YOR338W		16,17,17,18,18	12,13,13,14,16	20,21,22,23,24	9,12,15,15,15	15,15,15,15,15	19,19,20,20,21	12,14,16,16,17
YOR339C	UBC11	28,29,30,30,30	19,20,21,24,27	41,44,47,48,49	14,18,22,23,24	10,11,13,14,15	52,53,54,54,55	26,27,28,29,29
YOR340C	RPA43	57,62,67,69,71	48,50,51,52,53	55,57,59,60,60	48,50,51,53,54	58,62,66,68,69	41,43,44,47,50	53,54,56,60,64
YOR341W	RPA190	26,30,35,35,36	24,24,25,26,27	23,23,24,25,25	28,28,29,30,31	35,37,38,39,40	16,16,16,19,21	23,25,28,28,28
YOR342C		30,32,33,33,33	41,44,46,49,52	45,48,51,51,51	77,78,80,87,94	208,211,214,217,220	43,45,47,48,50	27,28,29,29,29
YOR343C		13,13,14,16,19	13,16,19,23,27	29,31,33,34,36	22,24,26,29,32	23,27,30,34,37	26,28,29,31,32	11,11,11,11,12
YOR343W-A		0,0,0,0,0	0,0,0,0,0	0,0,0,0,0	0,0,0,0,0	0,0,0,0,0	0,0,0,0,0	0,0,0,0,0
YOR343W-B		3,3,3,3,3	3,3,3,3,3	2,3,3,3,3	2,2,3,3,3	2,3,3,3,3	3,3,3,4,4	2,2,3,3,3
YOR344C	TYE7	34,35,36,36,36	32,33,34,36,39	35,37,40,43,47	32,32,32,33,33	29,31,33,34,35	35,36,37,38,39	34,36,37,38,38
YOR345C		2,3,3,4,4	2,2,3,3,3	1,1,1,2,3	0.7,0.8,0.8,2,3	0,0,0,2,4	1,2,3,3,4	1,2,2,5,7
YOR346W	REV1	34,35,37,39,42	29,30,31,32,34	27,27,27,28,29	31,32,32,32,33	22,24,26,26,27	28,30,31,31,31	34,35,36,36,36
YOR347C	PYK2	35,36,38,39,40	36,39,43,43,43	39,40,41,43,46	43,43,43,45,46	39,39,40,42,45	31,32,33,38,42	30,34,39,39,40
YOR348C	PUT4	457,473,490,501,511	428,480,531,568,606	1221,1298,1376,1387,1398	424,460,495,508,521	298,313,327,347,367	1250,1271,1291,1304,1317	435,438,441,453,465
YOR349W	CIN1	21,22,22,22,22	19,21,22,23,23	64,67,71,74,77	21,22,22,22,23	15,15,16,17,18	57,57,57,62,66	19,20,21,21,22
YOR350C	MNE1	40,41,41,43,44	44,44,44,45,45	63,66,69,69,69	43,44,44,44,44	34,35,35,36,37	58,59,59,62,65	40,42,43,44,44
YOR351C	MEK1	2,3,4,4,5	4,4,4,4,5	11,12,12,14,15	1,2,3,3,3	2,2,3,3,3	14,15,15,17,19	3,3,3,3,3
YOR352W	TFB6	44,46,47,47,48	44,44,44,47,51	54,54,54,54,55	42,44,45,46,47	34,37,40,42,43	59,61,63,65,66	43,46,50,51,52
YOR353C	SOG2	34,34,35,36,37	32,34,35,36,36	36,40,43,43,43	31,31,32,34,35	31,32,33,34,34	38,38,39,40,41	30,32,34,35,36
YOR354C	MSC6	80,85,90,93,95	118,119,120,126,132	78,82,85,88,91	125,126,127,129,131	126,129,132,134,135	70,71,72,73,75	79,81,83,87,91
YOR355W	GDS1	88,93,99,100,102	102,106,111,112,113	42,44,46,48,50	118,125,131,132,133	147,149,151,158,164	44,46,47,48,50	77,79,80,83,86
YOR356W	CIR2	126,129,133,135,138	123,126,129,131,132	149,149,150,158,166	123,130,137,139,141	122,125,127,130,132	167,174,181,184,186	116,126,137,141,146
YOR357C	SNX3	97,101,104,107,110	100,104,107,112,116	84,84,85,96,107	102,103,104,112,120	86,97,109,112,115	88,90,92,93,95	92,93,93,97,100
YOR358W	HAP5	37,40,42,47,51	56,60,63,67,70	46,46,47,50,53	56,57,58,64,70	56,57,57,59,61	42,42,43,46,48	37,37,38,40,41
YOR359W	VTS1	21,25,29,29,29	21,21,21,21,22	18,20,23,25,27	24,25,25,27,29	24,25,26,28,29	19,20,20,21,22	21,21,22,24,26
YOR360C	PDE2	32,33,35,35,35	35,35,36,39,41	41,42,42,44,45	35,35,35,36,36	33,34,35,38,40	41,42,43,44,44	36,36,36,37,37
YOR361C	PRT1	99,102,105,107,109	85,88,91,92,92	99,101,103,104,104	92,95,97,98,98	107,111,116,117,118	90,95,100,104,107	100,102,105,107,110
YOR362C	PRE10	463,475,487,516,544	430,440,449,463,478	356,369,382,395,408	432,439,446,457,468	395,408,420,423,426	398,404,411,413,415	435,445,455,459,464
YOR363C	PIP2	27,28,30,30,30	27,27,28,28,28	66,69,72,73,75	22,22,22,24,25	19,19,20,21,21	63,66,70,71,73	27,29,30,31,32
YOR364W		2,2,2,3,3	2,3,4,4,4	0.8,2,3,4,5	0.7,1,2,3,5	1,2,2,2,2	1,1,1,3,5	1,2,2,3,4
YOR365C		7,7,7,8,8	6,7,7,8,8	16,16,16,19,22	5,6,7,7,7	3,5,6,7,7	18,19,20,22,25	7,7,7,7,8
YOR366W		0,0.3,0.6,0.6,0.6	0,0.4,0.7,0.7,0.8	0,0.5,0.9,1,1	0,0.3,0.6,0.7,0.8	0,0,0,0,0	0,0.3,0.7,0.7,0.8	0,0.3,0.6,0.7,0.8
YOR367W	SCP1	51,58,64,65,66	57,66,75,78,81	93,96,98,104,110	54,57,60,60,61	50,50,50,51,52	95,96,98,104,110	59,62,65,69,74
YOR368W	RAD17	31,32,32,33,34	31,31,31,33,35	37,37,37,38,39	27,29,30,31,31	32,33,33,33,34	31,32,33,38,42	35,36,36,37,37
YOR369C	RPS12	908,1000,1093,1119,1145	696,761,826,888,950	508,520,531,551,572	795,893,992,1021,1050	1204,1355,1507,1550,1593	426,432,438,452,467	922,936,949,969,990
YOR370C	MRS6	77,82,86,89,92	73,74,75,80,86	62,65,68,69,70	79,81,83,84,85	85,87,89,91,93	55,56,58,60,62	81,82,84,87,89
YOR371C	GPB1	22,22,23,24,25	20,22,24,24,24	23,24,25,25,25	24,24,25,26,26	24,24,25,25,26	24,24,24,25,27	21,22,22,24,25
YOR372C	NDD1	85,85,86,87,88	61,61,61,66,71	28,28,29,30,31	49,50,51,52,52	40,42,44,44,45	31,31,32,32,32	95,96,96,98,99
YOR373W	NUD1	28,30,31,33,35	21,22,22,23,24	23,24,25,26,26	20,20,21,22,23	19,19,19,19,20	24,25,26,27,28	34,35,36,37,37
YOR374W	ALD4	3585,3612,3639,3681,3722	2349,2462,2575,2606,2636	5316,5316,5316,5585,5855	2278,2332,2385,2397,2409	2492,2515,2538,2579,2620	6484,6614,6745,6745,6745	3740,3754,3768,3768,3768
YOR375C	GDH1	3585,3612,3639,3681,3722	3109,3329,3550,3550,3550	670,681,691,724,756	2957,3108,3259,3377,3495	2108,2213,2319,2379,2439	897,961,1025,1095,1164	3427,3461,3496,3618,3740
YOR376W		11,11,12,14,16	10,11,11,11,12	7,7,7,12,17	7,9,11,13,15	6,8,10,12,14	9,10,11,12,14	10,11,12,14,16
YOR376W-A		44,50,57,62,68	40,45,50,51,52	62,69,77,79,82	54,60,65,70,75	49,54,59,63,67	72,75,78,88,97	50,56,62,66,70
YOR377W	ATF1	29,29,30,31,31	32,37,41,43,44	49,53,57,57,58	35,36,36,36,37	29,29,29,29,30	49,52,55,56,57	32,33,34,34,34
YOR378W	AMF1	9,9,9,10,10	9,9,9,9,10	8,10,11,12,13	8,8,9,9,10	8,8,9,9,10	10,10,10,12,13	10,10,11,11,12
YOR379C		0,0,0,0,0	0,0,0,0,0	0,0,0,0,0	0,0,0,0,0	0,0,0,0,0	0,0,0,0,0	0,0,0,0,0
YOR380W	RDR1	19,20,20,21,22	22,23,23,24,24	23,24,26,28,30	19,19,20,21,22	15,16,17,18,19	23,23,23,24,24	21,22,22,23,24
YOR381W-A		16,17,19,19,20	19,21,23,24,25	7,10,13,13,14	11,12,14,15,16	7,9,10,16,22	18,19,21,27,33	14,15,15,17,19
YOR381W	FRE3	5,6,7,7,8	6,7,8,8,9	5,5,6,6,7	8,8,8,8,8	6,6,6,7,8	6,7,7,8,8	7,7,7,8,9
YOR382W	FIT2	70,70,71,73,74	68,71,75,86,98	51,55,58,63,67	84,85,86,90,94	93,101,110,111,112	72,73,74,74,75	71,73,74,82,89
YOR383C	FIT3	71,75,79,79,80	70,71,72,73,74	112,117,121,129,137	69,72,76,83,91	103,104,105,110,115	135,135,135,141,148	62,70,78,84,90
YOR384W	FRE5	17,18,19,21,23	18,18,18,18,18	27,28,29,30,31	17,18,19,19,20	16,17,18,18,19	30,30,30,32,33	18,18,19,19,19
YOR385W		33,35,38,38,38	35,38,41,45,49	46,50,53,53,54	42,42,43,45,47	61,61,62,66,69	37,38,40,40,41	31,31,32,33,34
YOR386W	PHR1	20,20,21,21,22	28,29,29,31,33	27,27,27,28,28	26,27,27,27,28	24,25,25,26,27	22,24,26,29,31	19,20,21,22,24
YOR387C		6,6,6,6,7	9,11,12,15,17	5,5,6,7,8	10,10,11,11,11	8,8,8,9,9	9,9,10,10,10	6,7,8,9,10
YOR388C	FDH1	3,3,3,3,3	2,3,3,4,4	8,9,10,12,13	5,5,5,5,5	5,5,6,6,7	9,10,11,13,14	3,3,3,4,4
YOR389W		21,22,22,22,22	21,21,22,22,23	35,38,40,41,42	19,20,22,23,24	17,17,17,18,19	35,36,37,39,41	21,23,25,26,26
YOR390W	FEX1	12,12,12,13,13	8,8,8,9,10	12,13,13,14,15	8,8,9,10,12	7,8,9,9,9	11,12,14,14,15	11,13,14,15,15
YOR391C	HSP33	7,8,8,11,13	8,9,10,11,12	27,30,34,36,37	9,9,10,10,10	5,6,6,7,8	32,36,40,43,46	7,8,9,9,10
YOR392W		4,4,4,5,6	3,4,4,5,6	19,20,21,21,21	3,4,4,5,6	1,2,3,5,7	20,20,20,23,26	2,3,4,6,8
YOR393W	ERR1	0,0,0,0,0	0,0,0,0.2,0.3	0,0,0.1,0.2,0.4	0,0,0.1,0.1,0.2	0,0,0.1,0.2,0.3	0.2,0.2,0.2,0.4,0.5	0,0,0,0,0
YOR394C-A		0,0,0,0.6,1	0,0.7,1,2,2	0,0.9,2,2,2	0,0.9,2,2,3	0,0,0,0.6,1	2,2,3,4,4	0,0,0,0.7,1
YOR394W	PAU21	0,0,0,0,0	0,0,0,0,0	0,0.3,0.6,0.9,1	0,0,0,0.3,0.6	0,0,0,0,0	0,0,0,0.5,0.9	0,0,0,0,0
YOR396C-A		0,0,0,0,0	0,0,0,0,0	0,0,0,0,0	0,0,0,0,0	0,0,0,0,0	0,0,0,0,0	0,0,0,0,0
YOR396W	YRF1-8	0.4,0.6,0.7,0.9,1	0.4,0.6,0.8,0.9,1	0.5,0.5,0.6,0.6,0.6	0.5,0.5,0.5,0.6,0.7	0.5,0.6,0.7,0.7,0.7	0.6,0.7,0.8,0.9,0.9	0.4,0.5,0.6,0.6,0.7
YPL001W	HAT1	49,50,52,53,55	48,50,51,52,54	67,68,68,71,74	41,44,46,49,53	39,42,45,45,46	57,61,64,65,66	46,48,50,53,55
YPL002C	SNF8	59,67,75,78,82	62,62,63,67,72	96,98,101,109,116	68,69,70,72,73	60,62,64,68,73	113,114,115,118,121	71,75,79,81,84
YPL003W	ULA1	27,27,28,29,30	27,27,27,31,36	65,68,71,72,74	29,33,36,36,37	27,27,28,29,30	72,76,79,81,83	24,25,25,27,29
YPL004C	LSP1	571,572,572,609,645	705,736,767,804,840	793,825,856,873,891	699,722,744,763,782	582,602,623,660,698	860,899,938,963,988	474,490,506,531,555
YPL005W	AEP3	21,22,22,23,24	25,25,26,28,29	39,39,39,41,42	25,25,26,28,30	24,25,26,27,27	39,41,42,43,45	19,21,22,22,23
YPL006W	NCR1	24,24,25,26,27	23,25,26,28,29	37,40,42,44,46	21,22,23,24,25	19,19,19,20,21	39,42,46,47,47	23,23,24,24,25
YPL007C	TFC8	29,29,30,30,30	24,28,31,32,32	30,30,30,30,31	25,26,28,28,29	25,26,26,27,28	25,27,29,30,31	28,31,34,35,36
YPL008W	CHL1	17,18,19,19,20	18,18,19,19,19	17,18,19,20,20	19,19,19,19,20	23,23,23,24,25	16,16,17,17,17	18,19,21,21,21
YPL009C	RQC2	58,58,58,63,68	53,57,60,60,61	51,52,52,53,54	58,58,58,59,60	60,60,60,63,65	52,54,56,60,64	51,55,58,58,59
YPL010W	RET3	262,267,272,281,290	218,223,228,238,248	267,269,271,277,282	225,227,228,234,239	200,202,203,216,229	278,286,293,297,300	294,307,320,326,331
YPL011C	TAF3	66,67,67,69,70	59,61,62,64,66	99,100,101,101,102	63,63,63,63,64	61,61,61,61,62	100,100,101,101,102	56,61,66,67,68
YPL012W	RRP12	39,43,47,49,50	35,37,39,39,40	35,36,37,39,41	44,45,45,45,46	52,53,55,56,57	20,24,28,28,28	41,41,42,42,42
YPL013C	MRPS16	245,251,257,260,263	307,342,378,386,395	264,278,293,300,307	359,368,377,389,401	429,433,438,444,450	189,205,221,239,257	225,230,235,238,241
YPL014W	CIP1	23,24,26,29,33	23,27,31,32,32	26,27,27,28,29	26,27,27,28,29	26,27,28,30,33	26,29,31,32,33	26,28,30,31,31
YPL015C	HST2	68,72,76,79,83	80,80,81,86,91	90,92,93,99,104	69,70,70,74,77	65,69,74,76,78	88,90,92,97,103	64,65,66,69,72
YPL016W	SWI1	25,25,25,26,26	21,21,22,23,24	18,19,19,21,23	19,21,22,22,22	19,19,20,22,24	21,22,23,23,24	28,28,29,29,29
YPL017C	IRC15	36,37,37,41,45	39,41,42,44,45	56,59,62,64,67	36,36,36,39,41	28,30,32,32,32	62,66,69,74,78	37,39,40,41,41
YPL018W	CTF19	34,35,37,41,45	35,36,36,37,38	54,60,66,70,73	32,32,33,35,38	31,32,32,33,34	63,67,72,73,75	36,37,39,40,41
YPL019C	VTC3	47,48,49,49,50	45,46,48,49,50	62,65,67,71,74	44,44,44,46,48	39,41,43,44,46	66,67,67,71,75	45,46,46,49,52
YPL020C	ULP1	34,35,37,37,38	37,37,38,38,38	40,42,45,45,45	35,36,37,38,39	36,37,39,39,40	40,40,40,44,48	36,36,36,37,38
YPL021W	ECM23	0.8,1,1,1,1	0,0.2,0.4,0.6,0.9	2,3,4,5,6	1,1,1,1,2	0,0.1,0.3,0.5,0.7	3,3,3,4,6	0.3,0.4,0.5,1,2
YPL022W	RAD1	26,26,26,26,27	25,25,26,26,26	44,47,49,50,51	27,28,29,29,29	28,29,29,29,30	49,49,50,50,51	24,25,26,26,26
YPL023C	MET12	61,62,62,64,67	57,59,61,61,61	107,108,109,110,110	57,57,58,59,61	58,59,59,60,60	100,100,100,104,107	59,60,61,61,62
YPL024W	RMI1	141,145,148,153,159	137,144,151,159,167	135,135,135,142,149	153,156,159,161,163	152,161,169,171,172	138,143,147,148,149	147,151,155,162,170
YPL025C		0.5,1,2,2,2	0.4,0.7,0.9,1,1	0.3,0.5,0.7,1,1	0.9,1,2,2,2	1,2,3,3,4	0.6,1,2,2,2	0.8,1,1,2,2
YPL026C	SKS1	75,77,78,79,79	71,71,72,72,73	18,22,25,26,27	70,71,72,76,80	79,79,79,81,84	20,22,24,24,24	76,78,80,81,83
YPL027W	SMA1	14,15,17,17,18	13,14,14,16,19	41,44,47,49,52	12,14,15,16,17	12,13,13,14,15	42,44,47,52,56	15,17,18,18,19
YPL028W	ERG10	294,294,294,296,299	254,270,286,287,289	467,472,476,484,491	249,268,286,286,286	233,246,260,266,272	515,525,535,545,556	261,270,279,279,280
YPL029W	SUV3	27,28,30,32,34	41,42,42,43,43	16,16,17,17,18	42,43,43,44,45	44,44,45,45,45	14,15,15,17,18	27,27,27,28,28
YPL030W	TRM44	22,22,23,23,24	19,19,19,20,21	17,17,17,18,19	16,19,21,21,21	18,18,19,20,22	17,18,18,19,19	20,21,21,24,26
YPL031C	PHO85	122,125,127,130,132	139,139,139,142,144	133,133,133,141,149	128,133,137,142,146	124,127,130,130,130	148,148,148,151,153	124,128,131,134,137
YPL032C	SVL3	45,46,47,48,49	34,34,35,38,40	31,31,32,34,36	31,31,32,34,35	29,30,30,30,30	32,32,32,32,32	53,53,54,55,55
YPL033C	SRL4	37,39,42,43,44	28,29,30,33,36	61,63,65,70,75	23,25,28,29,31	17,18,18,20,22	78,78,78,79,81	37,40,43,50,58
YPL034W		62,63,65,68,71	42,44,46,46,46	94,95,95,101,107	35,37,38,40,41	25,28,31,31,32	102,108,114,114,114	67,74,82,82,83
YPL035C		14,14,15,17,18	20,21,22,23,24	6,8,9,10,10	13,13,13,14,15	9,11,12,14,17	6,7,8,9,11	14,16,17,21,24
YPL036W	PMA2	11,12,13,13,13	12,12,12,13,14	27,27,27,30,32	13,13,14,15,15	10,13,15,15,15	30,32,33,33,33	10,11,12,12,12
YPL037C	EGD1	536,544,552,557,562	528,548,567,576,585	471,479,487,490,492	560,568,576,581,586	621,637,653,654,655	535,535,535,539,544	486,509,533,537,541
YPL038W-A		1,2,2,3,4	2,3,4,6,7	4,5,6,6,6	0,1,2,3,4	0,0.5,1,2,3	7,8,8,11,14	1,2,3,4,4
YPL038W	MET31	31,31,31,33,35	32,32,33,37,41	47,47,47,49,52	32,33,34,36,39	31,31,32,34,37	42,47,51,53,55	32,35,37,39,41
YPL039W		49,51,52,53,53	45,46,47,52,57	59,60,62,64,66	39,41,44,44,45	41,43,45,47,49	55,55,56,61,66	49,49,50,52,54
YPL040C	ISM1	22,23,24,24,24	30,31,32,33,35	17,17,17,17,17	34,34,34,37,41	35,36,37,38,39	13,14,14,14,14	20,21,22,22,22
YPL041C	MRX11	17,18,19,20,21	15,17,19,20,20	18,19,19,22,24	16,18,20,20,21	14,14,14,14,14	16,17,19,20,21	13,13,14,14,14
YPL042C	SSN3	33,33,34,38,41	32,33,34,37,40	73,74,74,74,75	32,32,33,33,34	26,27,29,29,30	63,65,68,69,71	33,34,34,35,36
YPL043W	NOP4	27,28,29,31,34	17,18,19,21,22	30,32,34,37,41	19,19,20,20,21	23,26,29,29,29	26,28,30,33,37	26,26,27,28,29
YPL044C		0,0,0,0,0	0,0,0,0,0	0,0,0,0,0	0,0,0,0,0	0,0,0,0,0	0,0,0,0.2,0.4	0,0,0,0.2,0.3
YPL045W	VPS16	27,28,28,31,33	31,31,32,32,33	25,27,28,30,31	26,26,26,27,27	25,26,26,27,28	23,24,26,26,26	25,28,30,30,30
YPL046C	ELC1	64,66,68,68,68	75,77,78,80,82	76,80,83,89,94	75,76,77,82,87	63,70,76,76,76	85,87,88,94,99	68,73,78,79,80
YPL047W	SGF11	108,111,115,115,116	90,101,113,114,116	139,143,147,153,159	99,104,108,116,123	72,76,81,85,90	182,183,184,184,184	114,116,118,118,118
YPL048W	CAM1	241,246,250,252,254	236,237,238,246,253	281,282,283,285,288	252,252,253,253,253	205,215,226,231,237	262,278,294,295,297	252,256,261,265,269
YPL049C	DIG1	74,77,80,83,86	81,84,86,92,98	89,91,93,102,110	95,95,96,97,97	83,84,84,95,106	87,91,95,95,96	66,72,78,81,83
YPL050C	MNN9	162,164,167,169,170	135,137,139,143,147	169,170,171,179,186	137,141,145,146,147	137,145,153,154,154	151,152,152,160,168	164,167,171,172,172
YPL051W	ARL3	74,76,78,81,84	75,79,82,86,90	82,84,86,86,87	71,73,76,77,79	57,60,63,64,65	63,69,75,77,79	74,77,79,80,81
YPL052W	OAZ1	57,58,59,60,61	47,50,52,54,56	100,105,110,111,112	44,45,46,48,50	43,47,52,53,54	89,92,96,102,108	56,59,62,68,74
YPL053C	KTR6	125,128,130,135,139	114,115,116,116,116	150,151,151,153,154	113,116,119,120,121	116,116,117,119,122	153,154,155,155,155	139,140,142,144,145
YPL054W	LEE1	160,171,181,190,198	217,235,253,268,283	406,409,412,418,425	191,196,202,203,203	170,178,185,188,192	447,464,481,486,492	193,196,199,222,245
YPL055C	LGE1	87,92,97,98,98	88,90,91,98,105	93,94,94,100,105	85,90,96,96,96	78,84,89,96,103	94,95,95,97,99	82,85,87,89,90
YPL056C	LCL1	43,49,55,58,62	46,50,53,56,58	76,83,91,93,95	55,55,56,56,57	57,61,66,69,72	80,82,83,87,92	44,45,46,49,51
YPL057C	SUR1	224,225,227,230,234	169,178,187,193,199	205,208,211,225,240	228,229,230,238,245	345,346,346,350,354	180,181,181,186,191	256,259,262,265,268
YPL058C	PDR12	10,11,11,12,12	10,11,12,12,13	5,6,6,6,6	11,11,11,11,12	7,8,9,9,9	6,6,7,7,8	10,10,11,12,13
YPL059W	GRX5	340,343,347,349,352	390,399,408,433,457	321,332,344,347,350	415,419,424,425,426	380,381,381,395,409	326,329,332,337,342	334,336,338,352,366
YPL060C-A		0,0.1,0.2,0.2,0.3	0.1,0.1,0.1,0.2,0.3	0.1,0.1,0.2,0.3,0.4	0,0.1,0.1,0.2,0.4	0,0.1,0.1,0.3,0.5	0,0.1,0.1,0.2,0.2	0.2,0.2,0.2,0.2,0.3
YPL060W	MFM1	29,30,31,31,32	29,30,31,31,32	18,19,19,21,22	27,29,31,31,31	21,21,21,22,23	21,21,22,23,23	28,29,29,32,35
YPL061W	ALD6	2305,2349,2393,2455,2517	2144,2183,2222,2253,2284	3480,3480,3480,3649,3817	2198,2222,2246,2285,2324	2131,2159,2188,2235,2282	3352,3352,3352,3386,3420	2382,2382,2382,2395,2408
YPL062W		8,8,8,10,12	5,5,5,6,7	12,13,14,16,17	5,5,5,6,7	6,6,7,8,9	14,14,14,16,17	9,9,10,11,12
YPL063W	TIM50	122,128,134,140,145	172,176,180,181,182	120,125,130,136,142	170,173,176,177,179	180,183,186,187,187	123,126,129,130,131	117,121,125,127,129
YPL064C	CWC27	42,44,47,47,48	44,46,47,48,49	61,62,64,66,67	46,46,46,48,49	42,45,48,49,50	57,61,64,67,69	39,41,43,43,44
YPL065W	VPS28	47,48,50,52,53	42,46,51,53,54	37,39,42,49,56	39,40,40,43,46	40,40,41,41,41	43,45,47,47,48	51,51,51,55,60
YPL066W	RGL1	57,57,58,60,63	55,57,60,62,63	52,54,57,59,61	64,66,69,71,73	99,101,104,108,112	47,50,53,53,53	58,61,65,65,65
YPL067C		32,35,38,43,48	23,24,25,27,29	12,16,19,19,20	20,24,27,28,28	24,27,30,31,31	14,14,14,14,14	32,33,35,39,43
YPL068C		13,15,17,18,18	12,12,13,16,19	13,16,18,19,19	13,14,14,16,17	14,14,14,14,15	14,16,18,18,19	13,16,18,18,18
YPL069C	BTS1	28,30,32,32,33	29,30,31,34,38	52,53,53,53,53	31,31,31,32,33	32,33,33,33,33	48,50,51,52,52	30,30,31,33,35
YPL070W	MUK1	36,37,38,40,43	40,41,42,42,43	35,37,38,40,41	36,37,37,38,39	32,34,35,35,35	33,33,34,37,40	39,40,41,41,41
YPL071C		56,57,58,59,60	51,57,64,70,76	67,69,71,72,73	52,57,62,64,65	49,51,53,58,62	65,66,66,68,70	55,56,57,57,58
YPL072W	UBP16	30,30,31,31,31	34,35,36,39,42	14,17,19,19,20	35,35,35,36,37	28,28,28,28,28	16,16,16,17,17	30,30,31,31,32
YPL073C		2,3,4,4,5	3,4,5,5,5	0,0.5,0.9,2,2	2,3,4,4,4	2,2,2,3,4	0,0.3,0.6,1,2	0.6,1,1,2,4
YPL074W	YTA6	39,39,40,40,40	38,38,39,40,41	40,41,42,45,47	37,38,38,39,39	34,34,35,36,36	40,40,40,41,41	34,36,38,38,39
YPL075W	GCR1	27,28,28,28,28	26,27,28,29,31	18,18,19,21,23	28,29,30,30,31	25,26,26,27,27	18,18,18,19,19	28,28,29,30,31
YPL076W	GPI2	20,20,21,21,21	17,20,22,24,26	21,23,25,28,31	18,19,19,20,22	25,26,26,27,28	22,23,24,24,25	19,20,21,22,23
YPL077C		22,24,26,28,30	25,28,31,32,33	18,19,21,24,28	23,25,28,29,30	24,26,27,28,29	21,22,23,25,26	18,19,20,21,23
YPL078C	ATP4	1625,1657,1689,1709,1730	1712,1732,1751,1785,1818	1319,1363,1406,1406,1406	1735,1754,1772,1780,1788	1739,1743,1747,1781,1815	1267,1274,1281,1306,1332	1605,1605,1605,1627,1648
YPL079W	RPL21B	597,622,647,651,654	600,604,607,641,675	306,311,316,333,349	655,674,692,694,696	780,803,826,837,848	292,297,302,316,330	587,588,590,612,635
YPL080C		6,6,7,7,8	10,12,14,15,16	3,4,5,6,7	10,11,11,13,15	16,17,17,19,20	5,5,5,5,6	5,6,7,8,8
YPL081W	RPS9A	257,286,316,329,342	271,299,327,342,357	162,179,196,197,199	396,401,407,440,473	433,451,469,476,483	173,183,193,194,195	245,247,250,269,288
YPL082C	MOT1	8,10,11,12,12	7,8,9,9,9	3,4,4,4,4	9,9,9,10,10	9,9,9,10,11	4,4,4,5,5	9,9,10,11,12
YPL083C	SEN54	26,27,28,29,31	29,30,31,34,36	29,30,30,32,33	30,31,32,33,33	28,30,32,34,37	25,29,34,34,35	29,29,30,30,30
YPL084W	BRO1	45,45,45,46,47	50,50,51,51,51	46,48,50,53,55	49,49,49,50,50	46,48,49,49,50	46,48,50,50,51	43,43,43,45,46
YPL085W	SEC16	13,14,14,15,16	14,14,14,15,15	14,14,14,14,15	13,14,14,14,15	13,14,14,14,14	14,14,15,15,16	14,14,15,15,15
YPL086C	ELP3	45,47,49,51,53	39,39,40,41,42	35,37,40,42,44	44,45,46,48,50	46,49,52,55,59	32,33,33,34,35	47,48,49,50,51
YPL087W	YDC1	93,100,107,109,111	113,126,138,143,147	137,139,141,155,169	137,139,141,144,148	120,120,120,122,124	116,121,127,130,132	91,92,93,99,104
YPL088W		24,25,25,26,26	19,21,22,25,27	35,40,44,45,45	30,32,34,34,34	39,41,42,43,45	33,34,36,39,41	24,25,27,27,28
YPL089C	RLM1	30,33,35,35,36	31,32,33,38,43	32,33,34,34,34	33,35,37,37,37	40,41,41,45,49	35,36,36,36,36	35,36,38,40,42
YPL090C	RPS6A	245,280,314,316,317	213,254,295,300,304	177,178,178,181,184	265,285,305,305,305	338,371,404,434,464	152,152,153,158,163	257,262,266,283,300
YPL091W	GLR1	161,161,161,161,162	149,149,149,152,155	202,206,209,215,220	147,149,150,151,153	127,128,128,129,130	234,243,251,254,257	156,159,162,163,164
YPL092W	SSU1	237,258,280,292,304	186,203,220,224,227	787,796,804,821,839	160,174,188,191,195	119,125,131,132,134	988,1004,1019,1029,1039	249,279,309,310,312
YPL093W	NOG1	73,86,99,99,99	59,62,64,67,70	85,89,94,98,103	72,75,78,81,83	93,96,100,100,101	64,67,69,69,69	69,73,77,77,77
YPL094C	SEC62	164,165,167,172,177	182,184,186,189,192	213,220,227,229,230	188,193,198,202,205	170,174,178,187,196	220,220,221,224,227	152,154,157,164,172
YPL095C	EEB1	20,22,24,25,27	25,25,26,28,29	41,43,46,47,49	25,26,27,28,28	22,22,23,23,24	44,44,45,45,45	22,23,23,24,25
YPL096C-A	ERI1	86,87,88,91,95	78,82,86,92,98	137,147,157,157,157	64,70,77,77,77	56,65,74,77,79	125,133,141,155,169	66,76,85,89,93
YPL096W	PNG1	37,38,38,41,43	42,43,44,45,47	64,67,71,72,72	38,39,41,42,43	34,36,38,38,38	60,61,62,62,62	37,38,39,39,40
YPL097W	MSY1	53,55,56,60,65	95,97,99,99,99	50,52,53,56,58	100,102,104,105,106	95,99,102,107,112	43,43,44,45,45	41,45,50,51,53
YPL098C	MGR2	262,280,298,307,315	363,374,384,390,395	358,364,369,377,385	349,362,376,380,385	340,352,365,373,380	348,350,353,355,357	264,282,299,310,321
YPL099C		113,115,117,120,123	121,125,128,129,129	251,252,254,264,274	112,117,122,123,124	109,110,112,119,126	239,247,255,258,261	118,123,127,129,131
YPL100W	ATG21	35,36,37,40,44	41,41,41,43,46	45,47,50,50,51	38,39,41,42,44	40,41,41,42,43	51,52,52,53,55	35,36,36,37,39
YPL101W	ELP4	49,52,55,56,56	48,48,49,51,53	62,63,63,64,64	41,43,45,47,49	46,47,47,48,48	63,65,67,67,68	54,55,56,56,57
YPL102C		0,0,0,0.9,2	0.8,0.8,0.9,0.9,1	0,0,0,0.3,0.7	0,0.4,0.8,1,2	0,0,0,0,0	0,0,0,0.4,0.8	0,0,0,0.4,0.7
YPL103C	FMP30	42,42,43,44,46	54,55,56,57,57	54,55,57,57,57	52,53,54,56,58	57,58,59,62,65	51,52,52,54,56	40,42,44,45,45
YPL104W	MSD1	31,33,36,39,41	48,52,57,57,58	39,41,42,42,43	59,60,60,61,62	58,59,60,61,63	32,33,34,34,34	31,34,37,37,37
YPL105C	SYH1	77,78,78,80,82	65,68,70,71,73	94,97,100,101,102	65,67,69,70,70	67,68,69,70,71	92,93,94,98,102	75,76,76,79,82
YPL106C	SSE1	512,538,563,574,585	431,447,462,464,466	373,375,376,383,389	432,438,444,446,448	353,357,361,363,365	339,344,349,353,356	491,499,506,508,511
YPL107W		122,124,127,134,142	144,151,158,165,172	269,269,269,273,276	135,140,145,147,148	120,122,123,128,132	324,338,353,357,361	112,115,118,131,143
YPL108W		36,38,39,39,39	31,33,34,37,39	80,82,83,95,108	33,34,34,35,36	30,32,35,35,35	125,126,127,132,137	28,32,36,37,38
YPL109C		52,58,64,64,65	62,63,64,65,65	80,82,83,87,91	59,59,60,61,62	53,54,54,54,55	81,81,81,83,85	53,56,59,60,60
YPL110C	GDE1	20,20,21,22,22	22,23,23,24,24	31,32,32,33,33	20,21,22,23,23	19,19,20,21,21	33,33,33,33,33	21,21,21,22,22
YPL111W	CAR1	113,115,118,120,122	58,59,59,66,73	82,85,87,89,92	49,52,55,62,69	50,50,50,51,52	98,104,110,116,122	119,120,121,126,130
YPL112C	PEX25	97,101,104,105,106	88,88,89,92,94	115,117,119,120,121	89,89,90,92,94	80,85,89,91,92	112,114,116,123,130	98,102,106,107,108
YPL113C		45,49,53,53,53	46,47,47,49,50	136,138,141,144,147	40,42,44,44,44	32,33,34,34,34	134,137,141,141,141	42,47,52,54,56
YPL114W		0,0,0,0,0	0,0,0,0,0	0,0.2,0.3,0.5,0.7	0,0,0,0,0	0,0,0,0,0	0,0,0,0.3,0.5	0,0,0,0,0
YPL115C	BEM3	15,15,15,15,15	15,15,16,16,16	14,14,14,15,16	16,16,16,17,17	16,16,16,16,17	15,15,15,16,16	15,16,16,16,17
YPL116W	HOS3	95,95,96,97,98	70,71,73,74,75	77,81,85,86,87	61,61,61,64,66	43,43,43,46,49	77,77,78,78,78	104,105,107,108,109
YPL117C	IDI1	221,228,236,238,240	220,226,232,243,255	249,251,254,256,258	256,258,260,281,301	332,346,360,360,360	237,241,245,250,255	208,227,246,248,250
YPL118W	MRP51	181,191,201,204,208	256,260,263,266,269	169,171,174,185,197	275,275,275,283,290	277,279,282,285,288	138,147,155,157,159	184,188,191,195,198
YPL119C-A		32,32,33,33,34	27,32,38,40,42	61,69,77,82,87	32,33,35,35,35	25,28,30,33,37	65,68,72,72,73	32,36,39,39,39
YPL119C	DBP1	16,18,19,20,21	18,18,18,20,21	37,37,38,39,40	17,18,19,19,19	15,16,17,18,19	40,40,41,42,44	18,19,20,22,23
YPL120W	VPS30	23,24,25,26,27	25,26,27,29,31	27,28,29,30,32	28,28,29,30,31	26,26,26,27,27	29,30,30,31,33	24,25,26,26,27
YPL121C	MEI5	0.7,0.7,0.8,1,2	0.4,0.4,0.5,1,2	0,0.3,0.5,0.9,1	0,0,0,0,0	0,0.1,0.2,0.7,1	0.2,0.8,1,2,2	0.2,1,2,2,2
YPL122C	TFB2	25,26,26,27,28	23,24,26,30,33	33,33,33,36,39	29,30,31,32,33	29,29,30,30,31	40,41,41,42,42	28,28,28,28,28
YPL123C	RNY1	44,46,48,48,49	51,53,56,60,63	69,74,79,87,95	56,57,58,60,63	46,47,48,49,49	83,85,88,92,96	40,42,43,44,44
YPL124W	SPC29	21,24,27,27,27	14,15,16,17,17	6,8,9,9,9	12,14,15,16,18	20,20,21,22,23	9,9,10,11,11	30,31,33,33,33
YPL125W	KAP120	39,39,39,41,42	41,42,43,44,44	63,64,65,65,66	38,38,39,40,42	38,38,39,42,44	63,65,66,66,66	37,39,41,41,41
YPL126W	NAN1	33,37,42,42,42	29,29,30,31,32	18,19,20,21,22	32,34,36,36,36	38,40,42,43,43	12,14,15,15,15	31,33,35,36,37
YPL127C	HHO1	319,333,347,353,359	151,152,154,158,163	127,135,142,146,149	117,118,119,128,136	85,91,96,99,102	150,153,157,158,159	431,434,438,440,441
YPL128C	TBF1	39,41,43,44,44	29,29,29,32,34	30,30,31,31,31	26,27,28,28,29	23,23,24,26,28	28,28,28,29,30	43,45,46,46,47
YPL129W	TAF14	132,134,136,137,139	121,129,137,142,147	136,137,138,142,147	139,141,142,143,145	139,145,152,158,163	122,125,128,135,143	126,135,143,145,147
YPL130W	SPO19	0.5,1,2,2,3	1,1,1,2,3	3,4,5,6,6	0.3,0.8,1,1,2	0.3,0.8,1,1,1	4,5,5,6,6	3,3,4,4,4
YPL131W	RPL5	558,629,700,711,722	666,689,712,715,718	346,388,429,443,457	771,777,783,804,824	1128,1147,1166,1210,1253	349,353,357,361,364	539,573,607,647,686
YPL132W	COX11	57,60,64,67,70	78,81,83,86,88	29,30,30,32,33	80,83,86,91,95	74,75,75,77,79	24,25,26,28,31	61,61,62,65,67
YPL133C	RDS2	41,41,42,42,43	34,36,37,37,37	33,34,36,38,40	34,35,36,37,37	28,29,31,31,32	34,35,36,38,41	42,42,42,45,47
YPL134C	ODC1	597,614,632,666,700	705,707,708,726,744	853,867,881,888,895	782,784,787,803,819	849,858,866,866,866	847,872,897,898,900	571,588,605,637,669
YPL135C-A		0,0,0,0,0	0,0,0,0,0	0,0,0,0,0	0,0,0,0,0	0,0,0,0,0	0,0,0,0,0	0,0,0,0,0
YPL135W	ISU1	2116,2151,2187,2218,2250	1957,1989,2021,2040,2058	1667,1725,1782,1832,1882	1923,1940,1957,1957,1957	1481,1542,1602,1606,1611	1906,2013,2121,2130,2139	2083,2157,2231,2274,2316
YPL136W		0,0,0,0.3,0.6	0,0,0,0.4,0.7	0,0.3,0.6,0.7,0.8	0,0,0,0,0	0,0,0,0,0	0,0,0,0,0	0,0,0,0,0
YPL137C	GIP3	26,26,26,26,27	22,22,22,23,24	15,15,15,15,15	20,20,21,22,23	17,18,19,19,19	16,16,16,17,17	25,26,27,27,27
YPL138C	SPP1	37,38,39,42,46	38,39,41,43,46	43,49,54,55,55	36,38,40,41,42	35,35,35,38,41	49,51,53,56,60	44,44,45,46,47
YPL139C	UME1	62,63,64,64,65	52,53,53,55,57	68,71,73,75,77	50,52,53,54,54	48,48,48,49,50	69,71,73,74,75	62,65,67,68,69
YPL140C	MKK2	51,53,54,55,55	52,54,56,58,60	46,48,50,53,55	49,51,53,53,53	44,45,46,48,49	53,54,55,56,56	52,55,57,58,58
YPL141C	FRK1	131,131,132,138,144	164,164,165,180,195	54,57,59,61,63	148,149,150,152,154	81,83,85,91,97	47,50,52,53,55	119,120,121,128,135
YPL142C		3,3,3,3,3	2,2,2,3,4	0.6,1,2,2,2	2,2,2,3,4	3,4,4,4,5	0,0,0,0.8,2	1,1,1,2,2
YPL143W	RPL33A	4,4,5,8,12	3,3,4,7,10	2,2,2,4,5	1,4,6,6,6	6,8,10,10,11	0.7,2,2,3,4	7,9,10,11,13
YPL144W	POC4	57,58,59,60,60	44,45,46,49,53	25,26,27,28,29	39,43,46,48,50	34,38,42,45,47	24,25,26,29,31	58,64,70,72,75
YPL145C	KES1	241,244,248,249,251	223,224,226,231,237	162,170,179,181,184	216,216,217,223,229	212,215,217,220,223	188,189,189,199,209	248,249,250,256,261
YPL146C	NOP53	44,50,56,59,63	48,50,51,53,55	51,58,64,65,66	45,45,46,48,51	50,53,56,57,58	41,45,49,49,50	46,49,51,53,54
YPL147W	PXA1	47,47,47,50,53	37,39,41,42,44	201,203,205,206,208	34,36,37,38,38	29,29,29,31,33	202,204,205,213,221	51,52,54,54,54
YPL148C	PPT2	56,56,57,64,71	64,68,73,80,86	123,130,136,145,154	68,69,70,72,73	58,59,60,63,66	133,134,134,134,135	58,60,61,63,65
YPL149W	ATG5	51,53,55,55,55	40,43,45,48,50	105,106,107,108,109	43,45,47,48,50	41,43,46,49,51	91,92,94,96,98	58,58,59,59,60
YPL150W		37,37,37,38,39	32,33,34,35,36	49,50,51,54,58	33,33,34,34,34	28,29,29,32,34	50,52,53,55,57	38,38,39,39,39
YPL151C	PRP46	39,41,43,45,46	39,41,43,45,46	54,54,54,55,56	36,37,39,40,41	31,32,34,36,37	47,49,51,54,57	36,37,38,38,39
YPL152W-A		0,1,2,3,4	0,0,0,0,0	0,0,0,0,0	0,0,0,1,3	3,5,8,12,16	0,0,0,0,0	5,7,10,11,13
YPL152W	RRD2	44,47,50,51,52	47,49,52,55,58	48,49,49,50,51	44,46,48,49,50	39,41,44,47,51	48,49,51,54,58	42,42,42,45,48
YPL153C	RAD53	5,6,6,7,7	4,4,4,5,5	5,5,6,6,6	5,5,5,5,6	9,9,10,10,10	5,5,6,6,6	7,8,8,9,9
YPL154C	PEP4	627,627,628,700,772	602,616,630,638,647	913,923,932,941,950	644,649,655,657,659	559,561,564,586,608	936,987,1039,1061,1084	599,611,623,639,656
YPL155C	KIP2	51,51,51,55,58	57,57,58,62,65	90,91,93,95,98	50,51,53,53,53	30,31,32,33,35	98,102,105,106,107	50,52,54,58,62
YPL156C	PRM4	361,364,367,386,405	342,344,346,356,365	347,374,401,406,412	323,336,350,351,352	279,290,301,315,329	304,328,351,363,375	359,379,399,408,417
YPL157W	TGS1	28,32,36,36,37	29,29,30,30,30	32,32,33,37,42	49,50,51,52,52	69,69,70,73,76	30,31,33,34,36	27,30,32,33,34
YPL158C	AIM44	26,27,27,29,31	45,49,53,56,58	81,87,93,99,105	112,117,121,132,144	226,229,231,233,235	82,84,86,89,92	21,25,29,31,33
YPL159C	PET20	114,119,124,125,126	114,114,114,115,115	126,129,133,134,135	103,105,106,108,109	98,101,103,108,114	125,127,129,130,131	126,128,130,133,136
YPL160W	CDC60	74,75,77,78,80	73,73,73,77,80	50,51,51,52,52	77,77,78,79,80	82,83,83,83,83	49,49,50,53,57	68,69,70,72,75
YPL161C	BEM4	33,34,35,37,38	39,39,40,40,41	39,39,40,41,41	39,39,39,40,41	40,42,43,44,44	37,38,39,39,39	36,37,37,37,38
YPL162C		66,69,72,74,75	64,64,65,67,70	86,90,93,99,104	65,70,75,75,76	59,67,75,76,78	89,92,95,95,96	63,63,63,64,64
YPL163C	SVS1	82,84,86,96,106	31,38,45,45,46	43,49,55,58,61	37,40,44,44,45	110,113,117,130,142	37,47,57,58,59	126,146,166,177,188
YPL164C	MLH3	29,30,30,32,34	28,28,28,30,31	16,18,19,20,20	26,26,27,27,27	21,22,23,23,23	19,21,23,23,23	33,35,36,38,39
YPL165C	SET6	21,22,22,24,26	24,25,26,27,27	43,47,50,53,55	25,26,26,28,30	17,19,22,22,23	49,53,58,63,67	17,18,19,21,23
YPL166W	ATG29	23,25,26,28,29	30,31,31,32,32	56,59,62,65,68	28,29,29,29,30	24,25,26,26,27	51,57,62,64,66	24,25,25,25,25
YPL167C	REV3	6,7,7,7,8	6,6,7,7,7	6,6,7,7,8	6,7,7,8,8	6,6,7,7,7	6,6,6,7,7	5,6,6,6,7
YPL168W	MRX4	30,31,33,33,33	38,39,41,42,42	26,27,29,30,31	30,31,33,34,34	27,28,29,30,31	25,26,27,27,27	29,29,30,30,31
YPL169C	MEX67	60,61,61,62,64	54,56,57,59,61	51,51,52,52,52	58,60,62,63,64	55,58,60,61,63	47,48,48,49,50	55,57,60,62,64
YPL170W	DAP1	133,140,147,151,155	170,172,173,186,199	158,161,164,172,179	154,162,170,173,175	150,157,164,166,168	170,181,192,193,195	130,134,137,146,154
YPL171C	OYE3	13,13,14,15,15	16,17,18,19,20	26,27,27,29,31	15,15,16,16,16	12,14,15,16,17	20,22,25,26,26	13,13,13,13,14
YPL172C	COX10	56,62,68,68,69	103,107,111,111,111	40,45,50,52,53	109,110,111,113,116	113,116,119,119,120	35,35,35,38,41	59,61,62,64,65
YPL173W	MRPL40	93,96,100,103,106	158,160,163,170,178	92,95,98,104,110	158,163,168,170,173	176,181,186,187,188	69,71,73,79,86	92,94,97,103,109
YPL174C	NIP100	13,14,15,16,16	14,14,15,16,16	18,18,19,19,20	14,15,15,16,16	12,12,13,15,16	16,16,17,17,17	12,13,14,14,14
YPL175W	SPT14	30,31,33,33,34	29,30,31,32,32	22,22,22,22,23	27,27,28,29,30	27,28,29,29,29	21,21,21,22,23	33,34,35,35,35
YPL176C	TRE1	34,34,35,35,36	39,40,41,43,44	35,36,37,37,38	39,40,42,45,47	37,38,38,38,39	33,33,33,35,37	28,31,34,36,37
YPL177C	CUP9	241,251,260,266,271	298,303,308,311,315	140,142,144,149,153	282,284,286,293,301	226,226,227,247,267	155,168,180,189,197	237,239,240,246,253
YPL178W	CBC2	149,156,163,164,165	137,142,148,149,151	212,215,218,226,233	139,143,147,149,151	132,137,142,149,155	212,215,219,228,237	160,167,175,177,180
YPL179W	PPQ1	111,115,119,119,119	127,129,131,133,134	173,174,176,178,180	126,128,129,130,131	119,120,121,130,140	171,173,174,183,192	126,130,134,134,134
YPL180W	TCO89	30,31,31,33,35	34,34,35,36,37	33,33,33,34,35	33,34,34,35,35	32,33,34,35,35	31,32,32,33,34	32,32,32,34,36
YPL181W	CTI6	121,124,127,128,130	147,148,148,167,186	137,142,146,152,157	147,155,164,170,176	151,152,153,153,153	122,124,125,135,145	116,119,122,126,131
YPL182C		5,7,9,9,9	3,4,4,6,8	2,2,2,4,5	5,6,6,7,8	2,3,4,5,5	2,3,4,5,5	6,6,7,7,7
YPL183C	RTT10	21,22,22,22,22	21,21,21,22,22	12,13,14,14,15	18,18,18,21,24	24,24,25,26,27	13,14,14,15,16	17,18,19,20,20
YPL183W-A	RTC6	187,191,195,202,209	260,279,299,300,300	217,218,220,232,244	301,301,302,310,317	289,294,299,305,312	176,177,178,190,201	189,207,225,226,227
YPL184C	MRN1	57,60,63,64,65	48,52,55,56,56	50,50,51,53,56	52,52,52,52,53	41,42,43,43,43	53,53,53,55,57	59,60,60,62,64
YPL185W		10,10,11,13,15	9,9,9,10,10	16,19,23,24,25	8,8,9,11,14	5,6,8,8,8	21,23,24,25,25	10,11,11,13,14
YPL186C	UIP4	37,40,43,45,47	60,62,64,66,69	106,106,106,108,110	56,56,57,63,70	42,43,44,44,44	101,104,106,108,109	34,35,36,39,42
YPL187W	MF(ALPHA)1	4,5,6,7,8	8,9,9,11,12	8,10,11,14,17	10,12,14,16,18	19,21,23,24,25	12,13,14,14,14	9,9,9,10,11
YPL188W	POS5	127,128,129,132,135	115,116,117,122,128	204,212,220,220,221	114,116,118,121,124	107,112,117,120,124	239,241,244,245,247	126,127,128,130,131
YPL189C-A	COA2	343,364,384,396,407	453,469,486,500,514	283,300,318,324,330	459,479,498,510,521	464,473,483,504,525	283,285,287,288,288	385,391,397,406,415
YPL189W	GUP2	6,6,6,6,7	6,6,7,7,7	8,8,9,9,9	5,5,6,7,7	5,6,6,7,7	7,8,8,9,9	6,6,6,7,7
YPL190C	NAB3	109,110,112,115,118	95,96,98,104,111	75,75,76,79,82	90,92,95,96,96	84,84,84,84,85	81,82,83,84,85	108,111,114,114,115
YPL191C		29,29,30,31,31	37,39,41,42,43	40,41,42,42,43	36,38,40,43,45	37,37,37,39,40	42,44,45,47,48	30,30,30,32,34
YPL192C	PRM3	33,33,33,34,34	29,29,29,33,37	51,56,60,67,74	26,28,30,34,38	25,26,28,29,30	55,60,66,73,79	27,28,29,29,30
YPL193W	RSA1	67,70,72,75,77	68,68,68,69,71	130,133,137,139,142	64,64,65,66,67	69,70,71,71,72	122,124,125,127,130	66,67,67,69,71
YPL194W	DDC1	23,24,24,24,25	24,25,26,27,28	25,26,26,27,27	21,23,25,26,27	22,23,24,26,27	24,26,28,29,31	20,21,22,23,23
YPL195W	APL5	39,39,40,40,41	34,35,36,37,37	43,43,43,45,47	33,36,38,38,39	36,37,38,40,43	41,42,43,43,43	36,38,40,40,41
YPL196W	OXR1	72,74,75,76,77	72,74,76,84,92	117,118,120,120,120	80,81,82,84,86	66,67,67,70,72	118,122,126,126,127	67,67,68,73,78
YPL197C		0,0,0,0,0	0,0.3,0.5,0.6,0.7	0,0.4,0.7,1,2	0,0,0,0,0	0,0,0,0,0	0.7,2,3,3,3	0,0,0,0.2,0.5
YPL198W	RPL7B	48,55,62,64,67	56,60,65,66,67	14,14,15,16,17	73,81,89,89,89	91,104,117,121,125	9,10,10,15,21	52,52,52,58,64
YPL199C		93,93,94,97,100	81,81,82,92,102	93,101,108,114,121	93,96,99,101,103	94,99,104,105,106	104,107,109,117,124	88,92,96,97,97
YPL200W	CSM4	52,52,52,55,57	32,36,40,41,42	110,117,123,124,124	39,40,41,41,41	30,30,31,35,38	90,94,98,109,119	51,52,53,54,54
YPL201C	YIG1	197,211,225,228,231	223,236,250,253,256	313,315,317,337,357	214,215,215,220,225	194,198,202,208,213	229,232,235,250,265	211,214,217,231,246
YPL202C	AFT2	61,67,73,75,77	70,71,72,77,81	39,39,40,42,45	68,72,75,75,75	63,64,65,65,66	44,45,45,48,51	60,61,61,66,70
YPL203W	TPK2	98,103,108,111,115	103,109,115,120,125	107,124,141,141,141	100,102,104,105,106	85,86,87,92,98	125,133,141,146,152	108,109,110,115,120
YPL204W	HRR25	100,101,101,103,105	98,102,105,108,110	104,109,113,113,114	102,106,110,110,110	109,111,114,116,118	89,94,98,100,101	101,103,105,106,107
YPL205C		27,32,37,40,42	36,37,37,37,37	37,38,39,40,41	26,28,31,32,33	31,33,35,43,51	31,32,33,35,36	34,35,36,37,37
YPL206C	PGC1	150,152,154,155,156	153,157,162,163,163	176,177,177,184,191	155,155,155,157,159	125,128,132,132,133	169,177,184,189,194	151,152,153,159,165
YPL207W	TYW1	167,174,181,185,189	133,135,137,139,142	116,118,120,121,122	127,130,132,134,136	130,131,132,138,144	104,106,108,115,122	159,167,176,176,177
YPL208W	RKM1	21,22,22,23,23	18,19,21,21,22	17,17,17,19,20	20,20,20,22,24	17,18,20,22,25	15,15,16,17,17	23,23,24,24,25
YPL209C	IPL1	16,16,17,20,23	13,13,13,14,14	16,16,17,17,18	10,11,11,13,14	10,11,12,13,13	15,15,16,17,18	21,21,21,21,22
YPL210C	SRP72	77,78,79,83,87	75,75,75,75,76	57,60,63,63,63	75,75,76,78,79	74,76,78,81,85	54,57,60,62,64	77,77,77,79,81
YPL211W	NIP7	98,119,140,141,142	81,85,88,96,104	104,104,104,117,131	87,89,92,103,114	105,121,137,137,138	97,100,102,106,110	117,118,118,119,121
YPL212C	PUS1	55,57,59,60,60	43,45,46,48,49	26,29,31,32,33	52,52,52,54,56	55,57,58,59,61	32,32,33,34,34	47,50,53,56,59
YPL213W	LEA1	66,70,74,75,75	79,79,80,87,93	61,63,66,69,72	70,74,78,81,84	62,65,69,72,75	66,69,72,73,73	64,68,73,80,87
YPL214C	THI6	32,34,36,37,37	40,40,40,42,44	48,50,51,52,52	38,38,38,42,46	33,35,36,36,36	49,49,50,52,53	37,37,37,38,39
YPL215W	CBP3	108,109,109,117,125	149,150,151,154,157	92,95,99,99,100	154,154,155,161,167	164,168,171,183,195	78,81,83,87,90	113,115,117,119,121
YPL216W		17,17,17,19,20	17,17,17,17,18	31,32,33,34,35	18,18,18,19,19	15,16,17,17,17	29,31,32,32,33	17,17,18,18,18
YPL217C	BMS1	22,22,23,24,26	22,23,23,24,25	22,22,22,23,24	23,24,25,27,29	27,28,29,29,29	16,18,19,19,19	21,21,21,21,21
YPL218W	SAR1	420,421,422,424,426	337,357,378,388,399	322,325,327,331,334	363,363,363,371,378	287,322,357,359,360	361,362,363,380,397	439,447,454,458,463
YPL219W	PCL8	18,19,20,20,20	19,19,20,24,28	29,29,29,32,34	19,20,20,20,20	19,19,19,19,19	28,28,29,30,31	20,21,22,22,23
YPL220W	RPL1A	235,258,281,282,284	214,243,271,279,286	241,246,252,257,263	238,255,271,272,273	282,296,310,326,343	200,210,220,224,229	238,242,246,249,251
YPL221W	FLC1	80,80,80,81,82	57,62,67,68,69	91,93,95,98,100	67,68,70,71,72	72,72,73,76,80	79,80,81,82,82	79,82,84,87,90
YPL222C-A		0,0,0,0,0	0,0,0,0,0	0,0,0,0,0	0,0,0,0,0	0,0,0,0,0	0,0,0,0,0	0,0,0,0,0
YPL222W	FMP40	43,44,45,45,45	51,53,56,57,59	86,89,91,92,93	51,52,52,52,53	39,42,44,44,44	88,91,94,96,98	37,38,38,40,41
YPL223C	GRE1	28,29,29,30,30	20,21,22,25,28	43,50,58,59,60	18,19,19,22,25	13,13,14,14,15	61,67,73,73,74	19,20,21,25,28
YPL224C	MMT2	51,51,51,52,52	52,53,55,56,58	72,73,75,76,77	49,52,55,57,59	48,48,48,49,51	67,68,68,69,71	45,47,50,51,52
YPL225W		462,464,467,469,472	465,494,523,551,580	506,518,530,566,601	461,471,480,525,569	501,531,562,592,623	468,505,542,543,544	483,490,496,509,521
YPL226W	NEW1	41,44,47,48,48	37,39,41,42,43	29,30,31,32,33	41,42,43,45,48	44,46,49,49,50	23,25,26,27,27	38,41,43,43,44
YPL227C	ALG5	61,63,65,66,67	46,47,48,48,48	41,41,42,44,46	42,44,45,46,47	37,41,46,47,48	30,36,41,44,47	72,75,78,79,80
YPL228W	CET1	46,47,48,51,53	48,48,48,52,55	51,53,54,55,55	47,49,52,52,52	47,47,47,48,48	46,47,48,52,56	48,49,49,50,50
YPL229W		92,98,103,108,112	95,105,115,121,128	90,95,100,111,122	102,103,103,104,104	93,101,108,110,111	99,101,103,107,110	95,100,106,109,112
YPL230W	USV1	46,47,48,52,56	59,59,59,68,77	50,54,57,60,63	54,55,56,59,61	59,61,63,63,64	55,58,62,63,64	46,48,49,50,52
YPL231W	FAS2	71,72,73,73,73	84,96,107,110,112	222,226,229,233,236	127,129,132,139,146	160,169,177,180,183	223,223,224,231,239	65,65,65,66,67
YPL232W	SSO1	121,122,122,125,128	119,127,136,138,140	209,212,215,221,227	160,164,169,177,186	258,259,260,260,260	191,191,192,196,199	132,133,134,135,135
YPL233W	NSL1	63,66,68,69,70	49,49,50,51,52	54,57,61,62,63	43,45,46,52,58	48,49,49,52,55	49,55,61,62,63	68,68,69,72,75
YPL234C	VMA11	231,246,261,261,262	213,225,238,245,252	226,226,226,239,253	225,234,242,253,263	202,206,211,226,242	247,250,253,257,261	224,231,238,246,254
YPL235W	RVB2	85,88,90,92,93	80,86,92,93,93	89,91,93,97,102	83,86,89,90,91	94,95,96,96,97	97,98,100,100,100	85,87,89,91,93
YPL236C	ENV7	30,32,34,34,34	31,31,31,31,32	43,44,45,47,49	30,31,31,32,34	28,29,30,30,30	41,42,43,45,48	29,29,30,32,34
YPL237W	SUI3	124,133,142,142,142	107,120,133,133,133	129,131,133,137,141	122,127,132,139,145	108,124,139,147,156	113,123,134,136,138	135,138,141,141,142
YPL238C		0,0.3,0.6,0.6,0.6	0,0,0,0.3,0.7	0,0,0,0,0	0,0,0,0,0	0,0,0,0.3,0.6	0.6,0.6,0.6,0.7,0.7	0,0,0,0,0
YPL239W	YAR1	151,171,191,199,207	139,143,146,158,170	94,94,95,103,111	152,153,154,155,156	137,153,168,169,170	91,96,101,104,108	169,169,170,180,189
YPL240C	HSP82	504,516,529,540,551	436,454,472,482,493	135,147,160,165,170	429,431,432,432,432	319,321,323,330,338	106,107,108,117,125	481,487,492,514,536
YPL241C	CIN2	23,24,25,25,26	25,25,25,26,26	20,21,21,23,25	23,23,24,25,27	30,30,31,31,32	26,28,29,30,31	29,29,29,30,31
YPL242C	IQG1	33,34,34,35,36	57,58,59,62,66	28,28,28,29,29	54,55,57,58,59	35,36,36,37,38	27,27,28,30,31	27,29,32,32,32
YPL243W	SRP68	113,114,114,117,121	96,97,98,98,98	147,150,154,158,162	96,96,97,99,101	99,100,102,102,102	146,146,147,153,160	109,113,117,121,125
YPL244C	HUT1	88,88,88,89,89	74,78,82,83,83	106,106,106,107,107	70,73,75,78,82	65,70,76,77,78	96,100,104,108,113	84,88,91,92,92
YPL245W		14,15,16,17,18	13,14,16,16,17	18,19,20,21,23	14,15,16,18,20	18,18,18,18,19	15,15,15,16,17	14,14,14,17,19
YPL246C	RBD2	93,94,95,96,96	112,113,114,117,120	153,158,164,165,167	129,132,135,135,136	129,131,132,134,137	135,136,138,143,148	82,84,85,85,86
YPL247C		27,27,27,28,28	30,30,31,32,34	33,33,34,36,38	29,31,33,33,34	30,30,30,33,35	31,32,34,37,41	20,21,22,23,23
YPL248C	GAL4	20,22,24,24,24	21,22,24,24,25	33,34,35,35,35	19,20,22,22,23	20,20,20,20,20	33,34,34,35,36	23,24,24,24,24
YPL249C-A	RPL36B	5,7,9,10,10	6,6,7,8,9	4,4,4,5,5	7,8,9,11,12	3,7,10,10,10	3,3,3,3,3	3,3,3,3,3
YPL249C	GYP5	20,22,24,24,24	22,23,24,24,24	30,31,31,31,31	22,22,23,24,25	19,20,21,21,22	29,29,29,30,32	22,23,24,24,25
YPL250C	ATG41	311,326,342,389,437	340,379,417,419,420	843,896,950,955,960	302,309,317,340,364	281,281,282,312,343	1005,1108,1212,1214,1216	437,456,474,485,495
YPL250W-A		0,0,0,0,0	0,0,0,0,0	0,0,0,0,0	0,0,0,0.6,1	0,0,0,0,0	0,0,0,0,0	0,0.4,0.7,0.9,1
YPL251W		0,0,0,0,0	0,0,0,0,0	0,0.3,0.7,0.9,1	0,0,0,0,0	0,0,0,0,0	0.8,0.9,1,2,3	0,0.4,0.8,1,1
YPL252C	YAH1	66,67,67,68,69	70,70,70,75,80	42,44,46,47,48	64,66,68,81,94	66,72,78,81,83	33,35,38,40,42	51,56,61,64,68
YPL253C	VIK1	30,32,34,34,34	23,23,24,25,27	20,20,20,20,21	19,20,20,21,22	14,15,16,17,17	16,17,19,20,21	31,34,37,38,39
YPL254W	HFI1	36,38,39,40,41	38,40,41,42,43	26,28,30,32,35	40,40,41,42,43	41,41,41,41,41	25,28,31,31,32	35,35,35,36,36
YPL255W	BBP1	21,21,21,22,22	20,21,22,22,22	9,9,10,10,10	17,18,20,20,20	24,25,26,26,26	7,8,9,10,11	23,25,28,28,29
YPL256C	CLN2	35,40,44,48,51	25,28,32,34,35	24,24,25,26,26	36,40,43,45,47	166,172,178,192,206	23,24,25,26,27	54,55,55,63,71
YPL257W		24,25,27,28,29	25,25,25,29,33	73,74,76,76,76	24,25,25,30,34	18,20,22,24,26	87,89,91,92,94	25,25,25,26,26
YPL257W-A		0,0,0,0,0	0,0,0,0,0	0,0,0,0,0	0,0,0,0,0	0,0,0,0,0	0,0,0,0,0	0,0,0,0,0
YPL257W-B		1,1,2,2,2	1,1,2,2,2	2,2,2,2,3	1,1,2,2,2	1,1,1,1,1	2,2,2,2,2	1,1,1,1,1
YPL258C	THI21	10,11,12,12,12	10,10,11,12,12	28,28,29,30,31	10,10,10,11,11	9,9,10,10,10	29,29,29,32,35	10,11,12,12,12
YPL259C	APM1	41,42,42,44,46	46,46,47,48,49	49,49,49,50,50	42,42,43,44,46	45,46,47,47,47	43,45,47,47,48	42,43,44,46,48
YPL260W	CUB1	135,139,143,146,150	152,154,156,158,161	164,170,175,178,180	149,151,153,153,153	158,159,161,163,164	160,161,161,167,173	139,140,142,143,144
YPL261C		2,2,2,3,4	1,1,2,2,3	1,1,1,2,4	0,0,0,0.5,1	0,0.6,1,2,2	2,2,2,3,4	3,3,3,5,6
YPL262W	FUM1	1589,1591,1593,1631,1668	1957,1973,1989,2020,2051	1291,1365,1439,1456,1474	2003,2029,2055,2083,2111	1729,1734,1739,1753,1768	1212,1246,1281,1291,1301	1519,1543,1566,1577,1588
YPL263C	KEL3	59,63,66,67,68	71,72,74,75,77	40,41,42,42,43	72,77,82,83,84	77,77,78,80,82	31,31,32,32,32	52,53,53,56,59
YPL264C		42,46,51,51,51	31,33,35,38,40	51,52,53,55,58	31,31,31,34,37	24,25,26,28,30	57,59,60,61,61	44,47,50,51,51
YPL265W	DIP5	260,280,301,331,361	292,299,307,323,339	1954,1976,1998,2006,2014	224,227,230,242,255	91,92,92,99,106	1849,1866,1883,1926,1968	221,229,237,275,313
YPL266W	DIM1	81,82,82,86,90	63,65,66,66,66	55,57,60,67,73	70,73,76,76,77	78,83,88,88,88	55,60,66,67,69	80,85,91,92,94
YPL267W	ACM1	20,24,28,28,28	13,15,17,18,19	13,14,15,15,15	17,19,20,21,22	60,60,60,64,68	16,16,16,17,17	26,33,39,41,44
YPL268W	PLC1	19,20,21,23,24	25,25,25,26,27	34,35,37,38,39	19,21,23,24,25	21,21,22,23,24	33,34,35,35,35	22,22,22,23,23
YPL269W	KAR9	17,18,18,19,19	12,13,13,14,14	14,15,15,16,16	11,11,12,13,14	10,10,10,11,12	13,14,15,15,15	21,22,22,23,24
YPL270W	MDL2	66,66,66,67,67	73,76,78,79,81	88,91,95,98,101	71,72,73,75,77	61,63,65,66,67	94,100,106,107,107	61,62,62,63,64
YPL271W	ATP15	2754,2754,2754,2784,2815	3317,3317,3317,3569,3820	1752,1798,1844,1921,1998	3023,3133,3244,3424,3604	3210,3233,3256,3377,3499	1624,1650,1676,1701,1727	2581,2645,2710,2746,2782
YPL272C	PBI1	15,15,16,16,17	15,17,18,19,20	12,12,13,13,14	15,16,17,18,20	16,16,16,16,17	14,14,14,16,17	13,13,14,15,15
YPL273W	SAM4	112,113,115,124,134	101,109,116,118,120	125,130,135,137,139	106,109,111,114,116	113,115,118,120,122	141,150,159,161,163	98,102,106,110,114
YPL274W	SAM3	233,233,234,271,307	289,294,300,312,324	451,462,472,495,517	269,274,279,287,295	230,243,256,264,272	496,511,525,545,566	236,254,271,288,305
YPL275W	FDH2	0,0,0,0,0	0,0,0,0.2,0.4	0,0,0,0,0	0,0,0,0.1,0.3	0,0,0,0.3,0.6	0,0,0,0.2,0.3	0,0,0,0,0
YPL276W		0.5,0.5,0.6,1,2	0,0.6,1,2,2	0.5,0.7,0.9,4,6	0,0,0,0.3,0.6	0,0.8,2,2,2	1,2,2,3,3	1,1,1,2,2
YPL277C		1,1,1,2,2	2,2,2,2,2	3,3,3,3,3	2,2,2,2,2	1,2,2,2,3	2,2,2,2,3	1,1,1,2,3
YPL278C		3,5,6,6,7	4,4,5,5,6	9,10,11,11,11	5,6,7,8,10	1,3,5,6,6	11,11,12,12,12	4,4,5,6,7
YPL279C	FEX2	2,3,3,3,3	3,3,3,3,4	2,2,3,3,4	2,2,2,3,4	1,2,2,2,2	2,2,2,3,3	3,3,3,4,4
YPL280W	HSP32	5,5,5,5,5	4,4,5,5,6	15,16,16,17,17	5,6,6,7,8	3,4,4,4,4	15,15,15,16,18	2,4,5,6,6
YPL281C	ERR2	0,0.2,0.5,0.5,0.5	0.2,0.2,0.3,0.3,0.3	0.1,0.7,1,1,1	0.2,0.2,0.2,0.3,0.4	0.1,0.2,0.3,0.4,0.5	0.2,0.4,0.5,0.5,0.5	0.2,0.3,0.4,0.5,0.6
YPL282C	PAU22	0,0,0,0.3,0.6	0,0.3,0.5,0.6,0.6	0,0.2,0.4,0.6,0.8	0,0,0,0.3,0.6	0,0,0,0,0	0,0.2,0.4,0.5,0.6	0,0,0,0,0
YPL283C	YRF1-7	0.1,0.2,0.2,0.2,0.3	0,0.2,0.3,0.3,0.4	0.2,0.2,0.3,0.4,0.6	0.1,0.2,0.2,0.3,0.4	0.1,0.2,0.3,0.4,0.5	0.1,0.1,0.2,0.3,0.4	0.1,0.2,0.2,0.2,0.3
YPL283W-A		0,0,0,0,0	0,0,0,0,0	0,0,0,0,0	0,0,0,0,0	0,0,0,0,0	0,0,0,0,0	0,0,0,0,0
YPL283W-B		0,0,0,0,0	0,0,0,0,0	0,0,0,0,0	0,0,0,0,0	0,0,0,0,0	0,0,0,0,0	0,0,0,0,0
YPR001W	CIT3	1128,1134,1139,1280,1420	1363,1381,1398,1416,1434	2940,3041,3142,3142,3142	1289,1292,1296,1305,1315	718,739,760,831,903	3685,3685,3685,3867,4049	1007,1046,1085,1196,1307
YPR002C-A		94,95,97,98,98	51,61,72,77,83	108,122,137,143,149	61,66,71,77,83	51,52,54,62,70	111,112,113,115,117	77,85,92,102,111
YPR002W	PDH1	3417,3427,3438,3473,3507	3820,3973,4126,4167,4208	2907,2907,2907,2924,2940	3957,4025,4094,4133,4173	3082,3182,3281,3294,3306	3030,3076,3123,3123,3123	3090,3192,3294,3294,3294
YPR003C		37,37,37,38,39	32,33,34,34,34	44,46,47,48,48	31,31,31,33,36	25,26,27,27,27	42,46,50,51,51	34,35,36,37,37
YPR004C	AIM45	341,347,354,359,363	296,296,297,309,322	271,273,276,279,282	272,280,288,289,290	243,244,245,247,250	287,291,295,298,301	344,359,373,378,384
YPR005C	HAL1	94,96,99,99,100	95,96,97,98,100	113,113,114,114,114	75,75,76,83,90	82,84,87,91,95	97,97,97,99,100	104,104,105,111,118
YPR006C	ICL2	584,595,605,646,688	653,664,675,710,746	610,618,626,640,655	618,623,628,649,670	412,422,433,455,478	588,601,613,617,622	533,543,554,568,582
YPR007C	REC8	6,7,7,8,8	8,8,8,8,9	8,9,10,10,10	7,7,8,8,8	5,5,5,6,6	9,10,11,11,11	8,8,9,9,9
YPR008W	HAA1	86,87,89,92,94	96,99,101,104,107	92,92,92,94,96	97,99,101,102,104	94,95,95,98,100	91,92,94,95,95	81,83,84,85,85
YPR009W	SUT2	129,134,140,146,152	93,93,94,99,103	130,145,160,160,160	85,88,91,93,95	50,55,61,68,75	130,143,157,159,161	131,139,147,156,165
YPR010C-A		2973,3064,3155,3155,3155	3083,3130,3178,3404,3631	2369,2514,2660,2887,3115	2847,2935,3023,3190,3356	3167,3237,3306,3425,3544	2208,2297,2386,2437,2488	3057,3094,3130,3170,3211
YPR010C	RPA135	41,48,54,54,54	33,36,39,40,41	31,33,35,36,38	41,41,42,43,45	53,54,55,56,57	21,24,26,27,27	39,43,47,47,48
YPR011C		73,74,74,78,81	81,88,95,101,107	70,72,74,75,76	85,90,94,99,103	82,90,97,98,99	61,65,70,71,72	72,74,75,77,79
YPR012W		11,13,15,17,19	8,9,10,11,11	14,16,18,19,21	8,10,11,12,13	8,9,9,11,12	18,20,21,22,24	17,18,19,20,22
YPR013C	CMR3	38,42,45,46,46	33,33,34,34,34	18,18,19,20,21	23,26,28,29,29	20,21,23,23,24	21,21,21,22,22	43,44,44,45,45
YPR014C		21,21,22,25,29	20,21,22,24,26	16,16,17,19,21	25,28,31,33,36	19,20,21,23,24	20,21,22,25,28	15,17,20,24,29
YPR015C		44,46,48,49,49	40,44,48,53,58	55,58,61,65,69	39,42,46,47,49	42,43,44,44,44	58,59,59,63,66	50,53,56,56,57
YPR016C	TIF6	256,260,264,265,265	196,204,213,229,245	304,305,305,312,318	221,235,250,250,250	218,236,254,255,256	280,281,282,293,304	238,245,253,267,281
YPR016W-A		8,10,12,12,13	9,9,10,12,14	15,17,18,18,18	14,16,17,18,18	13,15,17,17,18	14,16,19,23,27	14,15,16,16,16
YPR017C	DSS4	52,53,55,58,62	46,48,50,51,53	77,79,80,84,87	54,55,55,62,68	41,45,50,53,56	77,86,96,97,98	49,52,54,56,57
YPR018W	RLF2	20,20,20,22,25	19,21,23,24,26	24,24,24,25,27	21,23,24,26,28	39,40,41,41,42	21,22,23,23,24	23,23,24,24,24
YPR019W	MCM4	31,31,31,32,33	46,47,48,51,54	42,42,42,44,45	49,52,55,55,56	51,52,54,54,55	42,42,42,42,42	25,27,28,28,29
YPR020W	ATP20	1070,1120,1171,1180,1189	1154,1187,1219,1227,1234	520,547,573,591,610	1127,1134,1142,1162,1183	1119,1164,1209,1226,1243	436,461,485,497,510	1061,1091,1121,1140,1159
YPR021C	AGC1	31,33,34,36,37	35,37,39,40,40	22,22,23,23,23	37,37,37,39,41	36,37,39,39,40	18,18,18,19,19	30,32,34,34,34
YPR022C	SDD4	36,36,36,37,39	37,37,38,38,38	26,27,28,30,32	36,36,36,37,37	33,33,33,36,39	26,27,27,28,30	34,34,34,35,35
YPR023C	EAF3	240,246,253,255,257	234,239,244,255,267	269,280,292,299,305	226,229,233,237,242	215,216,218,224,230	288,295,302,309,316	237,242,246,254,262
YPR024W	YME1	153,159,165,169,172	178,181,184,190,195	137,141,146,148,150	189,189,190,190,190	172,178,183,189,195	133,134,135,136,136	148,150,151,154,156
YPR025C	CCL1	44,48,51,52,52	47,50,53,54,54	78,79,81,84,86	42,44,45,47,50	44,46,48,50,51	82,84,86,88,89	49,49,50,54,58
YPR026W	ATH1	36,36,36,37,37	40,43,46,46,47	89,90,92,94,97	42,42,42,43,43	34,35,36,39,42	85,87,90,91,92	37,37,38,38,38
YPR027C		29,31,33,34,35	35,36,37,39,42	25,28,30,30,30	30,33,36,38,40	33,34,34,39,43	24,25,26,26,27	30,31,32,34,36
YPR028W	YOP1	475,475,476,495,513	415,424,434,441,448	560,565,570,575,580	411,422,433,440,446	368,378,388,389,391	464,476,488,497,505	478,493,509,520,531
YPR029C	APL4	64,65,66,67,69	65,66,68,68,69	59,65,71,73,74	61,62,62,62,63	56,58,59,61,62	66,68,71,72,73	74,74,74,74,74
YPR030W	CSR2	31,32,32,34,35	34,35,35,36,36	27,28,29,29,29	34,35,36,37,39	35,36,37,38,38	27,27,28,29,29	29,30,30,31,32
YPR031W	NTO1	26,26,26,27,27	22,23,23,24,24	22,23,24,26,28	22,22,23,24,24	22,23,24,24,25	25,25,26,26,26	30,31,32,32,32
YPR032W	SRO7	23,23,23,23,23	21,22,24,24,25	18,20,21,22,23	24,24,25,25,25	17,18,19,19,19	19,19,20,21,21	22,22,22,22,23
YPR033C	HTS1	150,159,169,170,171	136,141,147,153,159	172,175,178,182,185	152,155,158,159,159	148,160,172,173,173	169,170,171,176,181	153,153,153,158,164
YPR034W	ARP7	110,114,119,122,124	89,90,90,92,93	92,94,95,98,100	86,89,93,93,93	79,82,85,85,85	88,89,90,95,99	115,119,123,127,131
YPR035W	GLN1	1002,1063,1125,1167,1209	1105,1127,1149,1202,1255	1139,1225,1311,1349,1387	1017,1071,1124,1157,1189	909,927,946,994,1042	1098,1223,1348,1386,1424	949,982,1015,1080,1144
YPR036W-A	SPO24	16103,16409,16714,16714,16714	18008,18008,18008,18008,18008	19331,19752,20173,20173,20173	16484,16484,16484,16484,16484	14699,14699,14699,14699,14699	20376,20376,20376,20376,20376	16518,16518,16518,16518,16518
YPR036W	VMA13	163,169,176,179,183	135,149,163,168,173	113,115,116,118,120	156,164,173,176,178	158,159,160,167,174	114,115,116,117,118	156,161,165,166,167
YPR037C	ERV2	14,15,16,16,17	9,10,11,12,13	19,22,25,26,27	12,13,13,13,14	15,16,17,18,20	17,19,21,22,23	11,13,15,18,21
YPR038W	IRC16	0,0,0,0,0	0,0,0,0,0	0,0,0,0,0	0,0,0,0,0	0,0,0,0,0	0,0,0,0,0	0,0,0,0,0
YPR039W		0,0,0,0,0	0,0,0,0,0	0,0,0,0,0	0,0,0,0,0	0,0,0,0,0	0,0,0,0,0	0,0,0,0.3,0.7
YPR040W	TIP41	63,64,64,65,67	56,57,58,58,59	112,113,114,118,122	55,57,58,59,60	45,47,48,53,57	108,113,118,118,119	62,63,64,68,73
YPR041W	TIF5	213,222,231,234,237	205,208,211,220,229	252,257,262,264,265	221,229,237,240,242	234,245,255,257,260	249,257,264,268,271	206,211,217,217,217
YPR042C	PUF2	16,17,17,18,20	15,16,17,18,18	16,16,16,17,18	16,16,16,16,17	17,17,18,19,19	11,12,13,14,14	15,16,16,16,17
YPR043W	RPL43A	2,5,8,11,14	1,3,4,5,5	1,2,3,3,4	3,4,5,5,6	3,4,6,7,9	1,2,3,3,3	2,3,3,4,5
YPR044C	OPI11	0.6,1,2,2,3	2,2,3,3,3	0,0.3,0.7,2,3	2,2,2,3,3	2,3,4,4,4	0.7,0.7,0.7,2,2	2,2,2,4,5
YPR045C	THP3	31,34,37,38,38	35,37,38,39,39	39,40,42,44,47	33,33,34,35,37	30,30,31,31,32	50,52,54,55,55	31,31,32,33,34
YPR046W	MCM16	38,45,52,52,53	49,50,51,55,58	48,52,56,56,56	44,47,50,52,53	34,36,39,42,45	48,54,60,62,64	60,61,62,64,66
YPR047W	MSF1	36,37,37,39,41	59,60,61,64,67	39,41,43,44,44	64,64,65,67,69	64,66,68,68,68	31,32,33,34,36	30,31,31,33,35
YPR048W	TAH18	31,31,31,32,32	29,29,30,30,31	35,36,36,37,37	29,30,32,33,34	28,28,29,29,30	34,34,34,36,39	28,28,29,30,32
YPR049C	ATG11	20,20,20,22,24	19,19,19,19,20	26,27,27,29,30	18,19,19,19,19	17,17,18,19,20	27,27,27,29,31	22,22,22,22,23
YPR050C		0,0,0,0,0	0,0,0,0,0	0,0,0,0,0	0,0,0,0,0	0,0,0,0,0	0,0,0,0,0	0,0,0,0,0
YPR051W	MAK3	14,15,16,17,17	12,12,12,14,15	12,13,13,16,18	9,10,10,12,14	10,12,14,14,15	12,13,14,17,19	11,12,12,14,15
YPR052C	NHP6A	132,136,140,147,155	89,92,95,111,127	80,94,109,110,111	73,85,98,100,102	69,71,72,90,107	111,114,118,118,119	137,148,159,160,161
YPR053C		6,9,12,14,16	10,12,14,17,20	14,16,18,18,19	9,14,18,20,21	8,9,10,14,17	21,22,23,25,27	10,11,11,11,11
YPR054W	SMK1	23,24,24,26,28	24,25,27,27,28	36,40,44,45,46	24,25,26,26,26	22,25,28,29,30	46,47,48,48,48	21,21,22,23,24
YPR055W	SEC8	18,18,18,18,18	14,15,16,16,17	16,17,17,17,17	13,14,14,15,15	13,13,14,14,14	15,15,15,16,16	19,20,20,21,21
YPR056W	TFB4	57,57,58,60,62	56,59,61,61,62	63,64,64,68,73	54,56,58,58,59	55,56,58,58,58	60,61,62,63,64	58,59,61,62,63
YPR057W	BRR1	44,48,52,52,53	51,51,52,54,57	46,48,49,50,51	48,48,48,52,56	43,44,45,49,54	48,49,51,54,57	52,54,56,56,56
YPR058W	YMC1	107,109,110,112,114	87,87,88,93,99	104,108,112,114,115	87,87,88,90,93	71,73,74,74,74	126,126,127,136,145	102,104,105,106,106
YPR059C		0.6,0.6,0.7,1,2	0,0.4,0.7,2,3	0.8,1,2,2,2	0.7,0.9,1,2,3	0,0,0,0.4,0.9	0,1,2,2,3	0.6,0.6,0.7,0.8,1
YPR060C	ARO7	43,43,43,45,47	38,39,39,40,42	41,42,42,44,47	41,43,46,47,49	44,45,46,47,49	37,39,41,44,47	45,45,46,47,49
YPR061C	JID1	49,51,53,54,54	59,61,63,66,69	75,79,83,83,83	53,55,58,58,58	52,54,55,55,55	84,88,92,94,95	49,51,53,56,58
YPR062W	FCY1	248,253,259,265,272	233,237,242,264,286	147,153,159,162,165	234,236,237,241,246	211,217,223,246,269	144,146,149,152,156	259,261,264,275,286
YPR063C		383,388,393,399,404	370,378,385,390,396	277,290,303,303,303	387,390,392,393,393	372,376,380,382,384	288,292,296,302,308	355,371,388,390,391
YPR064W		2,3,4,5,6	3,3,4,4,5	10,10,10,14,17	3,4,5,5,5	2,2,3,4,6	12,12,13,13,13	4,5,5,5,6
YPR065W	ROX1	141,143,144,145,146	124,126,128,140,152	38,39,40,41,43	123,126,128,130,131	111,114,117,126,135	37,40,44,44,44	128,132,136,144,151
YPR066W	UBA3	18,19,20,23,26	21,23,24,25,26	27,29,32,33,35	22,22,22,24,25	12,14,16,17,19	25,26,28,29,30	22,22,23,24,25
YPR067W	ISA2	119,120,121,125,128	131,139,147,149,152	103,107,111,112,113	138,140,142,152,162	136,140,144,146,148	101,102,103,109,115	119,122,125,134,143
YPR068C	HOS1	21,22,23,24,25	22,23,24,25,26	19,20,21,21,22	19,21,24,24,24	19,20,22,23,23	20,20,20,21,21	19,20,21,23,25
YPR069C	SPE3	198,201,204,207,209	211,212,213,225,237	211,217,223,227,230	189,195,202,206,209	180,191,202,203,204	235,240,246,247,249	188,191,195,202,209
YPR070W	MED1	28,29,30,32,34	28,28,28,28,28	33,33,33,34,34	28,29,30,31,32	28,30,32,32,33	28,29,30,30,30	28,28,29,29,29
YPR071W		28,29,29,29,29	26,27,28,34,39	40,46,52,53,55	33,36,38,39,40	34,34,34,36,38	47,47,47,49,50	24,24,25,26,26
YPR072W	NOT5	69,71,72,72,73	67,68,69,71,73	70,70,71,73,74	67,67,68,69,70	64,66,68,69,69	69,69,70,71,71	76,76,77,77,77
YPR073C	LTP1	219,220,221,228,236	206,216,225,233,240	203,207,210,213,215	200,201,203,211,220	188,198,208,210,212	199,201,204,211,218	228,233,239,249,259
YPR074C	TKL1	316,320,324,330,337	289,297,306,308,309	258,262,265,278,291	303,306,309,309,309	273,283,293,294,294	256,257,258,263,268	288,288,288,298,308
YPR074W-A		1,2,2,3,3	0,0,0,0,0	4,4,5,6,7	0,0,0,0.8,2	0,0,0,0,0	0,1,3,5,6	0,0.6,1,2,3
YPR075C	OPY2	114,115,117,124,130	96,97,98,103,108	150,155,160,168,176	95,100,105,107,109	97,101,105,106,107	157,164,172,174,177	128,130,132,132,133
YPR076W		0,0,0,0.3,0.6	0,0,0,0,0	0,0,0,0,0	0,0,0,0,0	0,0,0,0.5,0.9	0,0,0,1,2	0,0,0,0.3,0.6
YPR077C		0,0,0,0,0	0,0,0,0,0	0,0,0,0,0	0,0,0,0,0	0,0,0,0,0	0,0,0,0,0	0,0,0,0.3,0.6
YPR078C		6,6,7,7,7	5,6,7,8,8	11,11,12,12,13	9,9,9,11,12	7,8,8,8,8	11,11,11,12,12	6,7,8,8,8
YPR079W	MRL1	34,38,41,42,42	44,45,45,46,46	39,39,39,41,43	42,43,43,44,44	39,40,40,40,41	30,32,34,36,38	34,34,35,38,42
YPR080W	TEF1	598,609,621,628,636	443,482,521,522,523	471,483,495,496,497	451,480,509,531,552	465,502,540,575,611	445,449,453,453,454	573,585,597,619,642
YPR081C	GRS2	32,32,32,34,36	33,34,35,36,38	45,46,46,46,47	31,32,32,33,33	27,28,28,29,29	44,45,45,47,49	30,31,33,33,33
YPR082C	DIB1	174,178,181,182,183	170,178,186,188,191	135,141,148,158,168	166,175,183,185,186	148,152,156,156,157	143,150,156,161,165	179,183,187,191,194
YPR083W	MDM36	88,89,90,90,91	90,91,92,95,97	95,96,98,101,104	95,95,96,97,97	82,84,86,87,87	81,83,86,88,91	85,87,89,89,89
YPR084W		38,39,40,41,41	33,36,38,39,40	29,32,35,36,37	34,38,41,42,42	34,37,40,41,43	32,32,32,33,35	34,35,37,40,43
YPR085C	ASA1	26,27,29,30,31	25,27,28,30,31	40,44,48,48,49	23,24,25,26,28	23,23,23,26,28	40,43,45,47,49	27,27,28,28,28
YPR086W	SUA7	100,101,102,103,105	102,102,103,108,114	110,113,117,121,126	96,99,103,105,106	99,100,102,103,105	108,114,120,120,120	103,104,105,108,112
YPR087W	VPS69	0.7,2,3,3,3	0.8,1,2,2,3	2,2,2,2,2	1,2,2,2,2	0,0.4,0.9,1,2	2,2,2,2,2	0,0.5,1,1,1
YPR088C	SRP54	76,77,77,85,92	67,69,71,73,76	72,73,75,75,76	75,76,77,77,78	70,70,71,73,74	73,75,77,77,77	75,77,79,79,79
YPR089W		44,45,47,47,47	47,48,48,49,49	46,46,47,47,48	42,43,45,49,53	47,47,47,48,48	47,49,51,51,51	44,45,46,47,48
YPR091C	NVJ2	42,43,43,43,44	44,44,45,47,49	54,56,59,62,66	43,43,44,46,47	37,40,43,44,45	58,59,61,63,65	35,36,36,37,39
YPR092W		0,0,0,0.9,2	0,0.4,0.8,0.8,0.8	0,0.7,1,1,2	0,0,0,0.8,2	0.9,1,1,1,1	0,0.4,0.8,2,3	0,1,2,2,2
YPR093C	ASR1	26,26,27,27,27	29,29,30,30,31	46,47,48,52,56	34,36,38,38,38	28,30,31,33,34	47,47,47,48,49	21,24,26,27,27
YPR094W	RDS3	56,58,59,66,73	54,58,62,65,68	107,110,113,119,126	44,51,58,58,58	44,49,55,59,63	96,96,96,100,104	59,60,62,64,66
YPR095C	SYT1	11,12,12,12,12	11,11,12,12,12	14,14,14,14,14	10,10,11,11,11	10,10,11,11,12	12,13,13,13,13	9,10,10,10,10
YPR096C		2,3,4,4,5	5,5,5,7,9	4,4,4,6,8	0.8,2,3,6,9	2,3,3,6,9	2,4,5,6,8	3,3,3,4,4
YPR097W		26,26,26,27,27	30,31,31,31,32	30,33,35,36,36	27,28,29,30,31	27,27,27,27,28	33,34,34,37,40	26,27,27,27,27
YPR098C		205,214,223,226,229	213,233,252,256,260	332,341,350,351,353	216,232,248,248,249	175,179,183,195,207	337,341,345,352,359	193,198,204,204,204
YPR099C		0,0.3,0.6,0.9,1	0,0.3,0.7,2,2	0.9,1,2,2,2	0,0,0,0.6,1	0,0,0,0,0	1,1,2,2,3	0,0,0,0.3,0.6
YPR100W	MRPL51	22,25,29,29,29	47,48,48,49,49	20,21,22,26,29	37,37,37,39,40	53,53,53,57,61	18,18,18,21,24	26,27,28,30,31
YPR101W	SNT309	79,82,86,89,92	73,80,88,94,99	64,75,85,88,91	70,75,80,81,82	73,76,80,82,85	67,69,70,73,76	77,79,81,82,84
YPR102C	RPL11A	192,226,259,279,298	201,226,250,259,268	179,182,186,187,188	209,232,255,260,265	251,314,377,378,378	143,147,152,158,165	229,238,246,247,248
YPR103W	PRE2	436,439,443,457,472	415,422,429,433,436	467,474,482,482,482	420,429,438,441,444	399,401,402,404,406	528,541,554,557,559	376,402,428,441,453
YPR104C	FHL1	23,23,23,23,24	18,18,18,19,19	12,13,13,13,14	16,17,18,19,21	16,16,16,18,19	10,11,12,13,14	24,24,25,25,26
YPR105C	COG4	43,44,46,46,46	42,43,43,46,49	47,48,49,49,49	39,40,41,43,45	37,38,40,41,43	43,45,47,48,49	47,47,48,49,51
YPR106W	ISR1	32,33,35,35,35	22,23,24,24,24	42,43,45,46,48	20,22,25,25,26	31,33,35,36,36	39,42,46,47,49	33,35,37,39,42
YPR107C	YTH1	70,74,77,78,78	63,69,75,76,76	84,86,89,92,96	62,64,65,67,68	57,57,57,58,59	89,90,92,97,102	72,72,73,76,78
YPR108W-A		0,0.5,1,2,3	0,0,0,0,0	0.9,1,1,3,4	0,0.5,1,2,3	0,0,0,1,3	0,0,0,0.5,1	0,0.7,1,2,2
YPR108W	RPN7	245,265,284,287,289	267,268,270,287,305	274,281,289,292,294	274,278,282,283,284	231,241,251,260,268	301,303,304,307,310	237,243,249,259,269
YPR109W		44,45,47,47,47	48,50,52,56,59	50,50,50,51,52	45,45,45,49,52	43,44,45,47,49	49,50,51,51,51	36,36,37,42,46
YPR110C	RPC40	109,117,125,131,137	100,101,101,105,109	116,117,118,121,123	109,110,111,111,112	129,130,131,136,141	97,102,106,115,123	102,107,112,114,116
YPR111W	DBF20	64,66,69,71,72	61,62,63,64,64	99,99,100,100,101	55,57,58,59,60	41,42,42,45,47	116,116,117,118,119	59,60,62,66,70
YPR112C	MRD1	18,19,20,22,24	17,18,18,20,21	18,20,21,23,25	22,22,23,23,23	24,25,26,26,27	13,13,13,14,15	18,18,19,19,19
YPR113W	PIS1	72,75,79,81,84	54,56,59,64,68	38,39,40,43,46	65,67,68,71,74	60,63,65,69,73	35,36,38,41,44	77,84,91,92,93
YPR114W		97,101,106,106,107	93,97,102,109,116	85,85,85,89,94	99,101,102,104,107	102,103,104,105,106	75,76,76,82,87	86,91,97,99,101
YPR115W	RGC1	32,33,33,33,33	37,37,38,38,38	62,63,64,64,65	34,36,38,38,39	32,33,34,36,37	58,58,59,62,65	31,31,31,32,33
YPR116W	RRG8	7,8,8,9,10	5,5,6,6,7	13,13,14,14,14	3,4,6,6,6	5,6,6,6,7	9,9,10,12,13	4,5,6,8,10
YPR117W		9,10,10,10,10	8,9,9,9,9	23,24,25,27,30	9,9,9,9,9	8,8,9,10,11	19,20,20,22,24	9,9,9,10,10
YPR118W	MRI1	98,98,99,102,104	86,87,87,89,91	127,127,128,129,130	81,87,94,94,95	75,77,79,82,84	116,120,124,125,125	96,97,97,98,99
YPR119W	CLB2	95,99,104,105,106	100,101,102,111,119	12,13,14,14,14	87,89,91,91,92	45,45,46,47,49	9,9,10,10,11	79,80,81,81,82
YPR120C	CLB5	19,19,19,22,24	16,16,17,17,18	34,35,36,39,42	19,19,19,20,21	34,37,39,39,39	38,39,40,41,42	28,28,29,30,31
YPR121W	THI22	13,14,14,14,15	11,13,14,16,19	19,21,23,24,25	14,15,16,16,16	14,14,14,15,15	21,21,22,22,23	12,13,14,15,16
YPR122W	AXL1	22,23,23,24,24	25,25,25,26,26	27,28,28,28,29	23,24,25,26,27	24,24,24,25,25	25,25,26,27,29	22,22,23,23,23
YPR123C		16,18,19,21,23	42,44,47,57,67	4,4,4,5,6	58,68,77,78,78	65,74,82,94,107	1,1,2,3,4	12,15,18,19,20
YPR124W	CTR1	125,136,148,180,211	373,378,382,433,483	30,32,34,36,37	502,512,521,563,605	664,696,728,732,736	22,25,28,28,28	88,103,119,141,164
YPR125W	YLH47	64,67,70,71,73	68,69,70,71,73	65,65,65,68,71	69,72,75,75,75	75,76,77,80,83	57,63,68,69,69	64,67,70,71,71
YPR126C		5,5,6,6,7	2,3,4,7,10	3,4,4,5,6	5,5,6,6,6	3,5,6,8,10	5,5,5,6,8	4,6,7,8,8
YPR127W		83,84,84,85,85	74,86,98,99,100	115,120,125,127,129	88,91,95,96,98	72,74,76,77,78	122,123,123,127,130	80,85,89,91,92
YPR128C	ANT1	83,86,90,91,92	68,74,81,86,90	106,109,112,114,115	70,71,73,77,81	61,62,63,65,67	119,124,129,132,134	86,91,96,97,97
YPR129W	SCD6	95,103,110,114,118	104,105,107,107,108	124,131,139,143,147	101,101,102,103,105	92,94,95,96,98	135,136,136,138,139	110,111,111,116,121
YPR130C		0.6,0.8,1,1,2	0,0,0,1,2	0,0.3,0.5,0.8,1	0.7,0.8,1,1,2	0,0.6,1,2,3	0.6,1,2,2,2	0.6,0.8,1,2,2
YPR131C	NAT3	66,68,69,71,72	76,77,79,81,83	65,73,80,83,86	60,70,79,80,80	67,68,70,71,71	93,94,95,97,99	63,63,63,68,72
YPR132W	RPS23B	796,872,948,975,1002	777,877,976,1016,1056	681,683,686,698,711	862,912,962,981,1001	1024,1142,1260,1306,1352	539,563,587,592,598	872,872,872,879,886
YPR133C	SPN1	103,105,107,109,110	102,103,103,109,114	123,127,130,133,136	100,105,111,113,114	108,110,112,114,117	118,119,119,125,131	95,99,104,104,105
YPR133W-A	TOM5	624,629,635,635,636	693,736,778,812,845	374,401,428,465,502	765,786,808,831,853	819,855,892,903,914	300,304,308,336,363	585,624,663,686,710
YPR134W	MSS18	55,60,64,65,65	72,73,74,79,83	149,154,160,161,162	75,75,75,78,81	64,67,71,73,75	161,162,164,165,166	58,59,60,61,63
YPR135W	CTF4	19,19,20,21,22	22,22,22,23,23	23,25,26,27,27	18,20,21,22,23	26,27,28,28,28	23,25,27,27,27	22,23,24,24,24
YPR136C		0,0,0,0,0	0,0,0,0,0	0,0,0,0.3,0.6	0,0,0,0.1,0.3	0,0,0,0.2,0.4	0,0,0,0,0	0,0,0,0,0
YPR137C-A		0,0,0,0,0	0,0,0,0,0	0,0,0,0,0	0,0,0,0,0	0,0,0,0,0	0,0,0,0,0	0,0,0,0,0
YPR137C-B		0.3,0.3,0.4,0.5,0.7	0.7,0.7,0.8,0.9,1	0.6,0.6,0.7,0.8,0.9	0.8,0.8,0.8,1,1	0.5,0.6,0.6,0.7,0.7	0.4,0.7,0.9,1,1	0.3,0.3,0.3,0.4,0.4
YPR137W	RRP9	26,27,28,28,29	23,24,24,24,24	10,10,11,11,12	23,24,26,27,29	30,30,30,30,30	10,11,12,13,13	22,23,25,25,26
YPR138C	MEP3	79,79,79,81,83	73,74,74,75,76	85,90,95,95,95	62,62,62,65,67	39,41,43,46,49	93,95,97,101,105	66,68,70,71,72
YPR139C		72,75,79,82,85	85,90,95,99,104	129,129,130,136,143	88,90,93,94,94	90,93,95,98,102	136,139,142,142,143	72,73,74,82,89
YPR140W	TAZ1	74,75,75,76,78	101,102,104,110,116	154,160,166,171,175	99,101,102,104,106	97,101,104,108,111	140,149,158,162,167	62,64,65,66,66
YPR141C	KAR3	36,37,39,39,39	18,20,22,22,22	13,13,14,14,14	18,18,18,19,19	16,17,18,19,19	12,13,14,14,15	45,46,47,48,49
YPR142C		0,0,0,0.2,0.5	0,0,0,0,0	0,0,0,0,0	0,0,0,0.1,0.3	0,0,0,0,0	0,0,0,0,0	0,0,0,0,0
YPR143W	RRP15	36,40,43,48,53	37,38,40,45,50	44,45,47,49,52	40,41,43,46,50	45,48,50,52,55	38,38,38,40,41	48,48,48,49,50
YPR144C	NOC4	42,43,43,44,45	34,35,36,38,40	65,65,65,67,68	33,34,34,41,48	37,38,38,40,41	63,65,68,72,76	40,41,41,43,44
YPR145C-A		25,26,27,32,38	38,42,45,48,50	89,100,110,140,170	45,47,49,49,49	49,57,66,68,71	60,61,62,72,81	36,39,42,42,42
YPR145W	ASN1	565,600,635,653,671	477,495,513,542,571	308,309,309,313,316	446,464,482,491,499	326,343,361,370,378	435,436,438,444,450	561,600,640,664,687
YPR146C		11,11,12,13,15	11,14,17,17,17	26,27,28,30,31	12,13,13,18,24	10,12,13,14,16	35,36,36,39,42	9,11,12,14,16
YPR147C		62,63,65,66,67	72,75,78,80,82	81,83,84,86,87	76,76,77,79,82	67,70,72,74,76	93,94,94,99,104	54,57,61,65,69
YPR148C		212,214,215,222,228	238,241,245,248,252	155,157,160,163,166	247,248,249,251,253	223,233,243,248,252	141,145,149,150,151	202,205,208,212,217
YPR149W	NCE102	4083,4232,4382,4409,4436	5171,5246,5320,5498,5675	1238,1242,1246,1311,1376	4843,5058,5273,5370,5467	3065,3105,3145,3434,3722	1291,1363,1436,1436,1436	3090,3175,3259,3343,3427
YPR150W		1,2,2,3,3	0.9,0.9,1,2,2	2,2,3,3,3	0.9,1,2,2,3	2,2,2,2,2	0.6,0.8,0.9,1,1	2,2,3,3,3
YPR151C	SUE1	32,34,37,39,41	52,53,54,58,63	100,100,100,102,105	53,54,55,56,58	42,44,47,51,54	120,126,132,134,136	30,32,33,35,37
YPR152C	URN1	15,16,16,20,23	16,17,17,18,19	27,28,29,29,29	13,15,17,18,19	14,15,16,16,17	27,28,28,32,36	17,17,17,20,22
YPR153W	MAY24	19,20,22,22,23	16,16,17,18,19	19,21,23,23,24	18,19,19,19,19	14,16,17,18,19	23,23,24,26,28	19,19,19,24,29
YPR154W	PIN3	98,98,98,100,101	83,85,87,88,88	124,127,130,132,134	79,80,81,81,81	71,74,77,78,79	120,127,135,138,142	95,96,97,98,98
YPR155C	NCA2	80,81,81,85,88	78,79,80,83,86	83,83,84,85,86	72,73,75,76,76	61,62,63,66,70	81,81,81,82,82	82,83,83,86,88
YPR156C	TPO3	101,102,102,109,115	138,140,143,151,160	85,86,88,94,100	137,140,143,144,146	78,83,88,90,92	104,105,106,109,112	78,78,79,81,82
YPR157W	TDA6	11,11,11,12,13	14,14,15,16,17	5,5,6,7,8	15,15,16,16,17	10,10,10,11,12	4,5,6,6,7	10,10,10,10,10
YPR158C-C		0,0,0,0,0	0,0,0,0,0	0,0,0,0,0	0,0,0,0,0	0,0,0,0,0	0,0,0,0,0	0,0,0,0,0
YPR158C-D		0.1,0.3,0.4,0.6,0.8	0.4,0.4,0.4,0.5,0.5	0.1,0.3,0.5,0.5,0.5	0.2,0.2,0.3,0.4,0.6	0.1,0.4,0.6,0.6,0.6	0.6,0.6,0.6,0.8,1	0.2,0.3,0.4,0.5,0.5
YPR158W-A		0,0,0,0,0	0,0,0,0,0	0,0,0,0,0	0,0,0,0,0	0,0,0,0,0	0,0,0,0,0	0,0,0,0,0
YPR158W-B		2,3,3,3,3	3,3,4,5,5	3,4,4,4,4	3,4,4,4,5	3,3,3,3,4	3,4,4,4,5	2,2,2,3,3
YPR158W	CUR1	107,108,110,116,122	109,115,120,125,131	67,67,67,68,68	108,109,110,111,112	93,96,98,103,108	57,58,60,60,61	100,104,107,111,114
YPR159C-A		6,7,8,8,9	5,8,12,16,19	11,13,15,20,25	7,7,8,8,8	6,6,7,9,10	12,14,16,18,20	9,11,13,17,21
YPR159W	KRE6	151,155,158,158,158	102,109,116,116,116	71,76,80,82,84	105,111,116,119,121	116,117,119,119,120	63,65,68,70,72	157,163,169,174,179
YPR160C-A		0,0,0,0,0	0,0,0,0,0	0,0,0,0,0	0,0,0,0,0	0,0,0,0,0	0,0,0,0,0	0,0,0,0,0
YPR160W-A		0,0,0,0,0	0,0,0,0,0	0,0,0,0,0	0,0,0,0,0	0,0,0,0,0	0,0,0,0,0	0,0,0,0,0
YPR160W	GPH1	13,13,14,15,16	20,20,20,20,21	49,51,53,53,53	19,20,20,22,25	25,26,27,29,32	33,35,36,36,36	10,11,12,12,13
YPR161C	SGV1	43,43,43,44,44	40,40,41,41,41	53,54,54,56,57	43,43,43,44,45	42,43,45,45,46	44,45,47,47,47	40,40,41,43,46
YPR162C	ORC4	24,25,26,28,29	26,26,27,27,27	27,27,27,30,32	25,25,25,27,28	23,24,26,26,26	27,28,28,29,30	25,25,25,25,26
YPR163C	TIF3	208,216,223,226,229	189,192,196,196,196	172,176,181,181,181	198,201,203,208,213	203,216,228,229,229	164,166,169,170,172	197,200,203,212,221
YPR164W	MMS1	13,14,15,15,16	15,15,15,15,15	15,15,15,16,16	14,15,15,15,15	13,14,14,15,16	15,15,16,16,16	15,15,15,16,16
YPR165W	RHO1	818,825,833,848,863	615,620,625,638,651	743,759,775,788,801	596,619,643,644,645	566,572,577,581,584	630,645,660,683,705	953,953,953,971,990
YPR166C	MRP2	151,157,163,173,182	183,194,205,216,228	136,150,163,166,169	210,216,221,224,226	223,237,250,256,261	104,107,111,114,116	149,149,149,165,181
YPR167C	MET16	174,182,189,200,211	223,227,230,256,281	197,202,207,214,222	193,214,236,236,237	239,242,245,251,257	193,208,223,225,227	230,241,253,261,270
YPR168W	NUT2	47,48,48,52,57	47,51,56,65,74	79,84,88,89,90	42,43,45,53,61	64,65,65,67,70	77,80,83,84,85	52,52,52,54,55
YPR169W-A		0,0,0,0,0	0,0,0,0,0	0,0,0,0,0	0,0,0,0,0	0,0,0,0,0	0,0,0,0,0	0,0,0,0,0
YPR169W	JIP5	70,72,73,77,80	74,75,76,78,81	117,119,120,128,136	74,76,77,77,78	74,76,79,81,83	115,120,125,126,127	64,66,69,69,69
YPR170C		0.7,2,3,4,4	2,2,2,2,2	3,4,5,6,7	0,2,3,3,4	2,3,3,3,3	4,4,5,5,5	0.9,1,1,3,5
YPR170W-A		0,0,0,0,0	0,0,0,0,0	0,0,0,0,0	0,0,0,0,0	0,0,0,0,0	0,0,0,0,0	0,0,0,0,0
YPR170W-B		26,27,28,31,34	18,20,23,28,33	24,25,26,27,27	15,18,21,25,29	10,14,17,22,27	14,15,16,17,18	31,32,33,34,34
YPR171W	BSP1	31,31,32,32,32	31,32,33,34,34	38,38,38,39,41	27,28,29,29,30	24,26,28,28,28	37,38,38,39,39	30,31,32,33,34
YPR172W		120,124,128,132,136	129,129,129,138,146	150,157,164,169,173	129,132,134,136,138	115,117,118,123,128	152,156,160,165,171	115,117,119,120,120
YPR173C	VPS4	119,119,120,122,124	126,127,127,129,131	119,120,120,126,132	119,122,125,129,133	134,136,139,140,140	113,116,120,123,127	118,118,119,119,120
YPR174C		43,44,45,46,47	38,39,40,41,42	42,44,45,46,48	36,37,38,39,40	59,60,60,61,62	43,43,43,46,49	43,45,48,52,55
YPR175W	DPB2	12,13,14,14,14	6,7,9,10,11	18,19,19,21,22	9,9,10,10,10	19,20,21,22,23	16,16,16,17,17	17,17,18,18,18
YPR176C	BET2	74,78,82,85,87	81,85,88,90,92	83,89,96,97,97	75,77,79,82,85	67,70,72,73,75	84,84,84,88,91	80,80,80,84,87
YPR177C		0,0,0,0,0	0,0,0,0,0	0,0,0,0,0	0,0,0,0,0	0,0,0,0,0	0,0,0,0,0	0,0,0,0,0
YPR178W	PRP4	33,33,34,35,36	28,29,30,33,36	31,35,39,39,40	27,28,29,30,31	22,25,27,29,30	38,40,42,45,49	27,28,29,30,31
YPR179C	HDA3	25,26,26,28,29	26,29,31,31,32	28,28,29,29,29	26,26,26,26,26	25,25,26,27,29	23,25,26,27,29	26,27,28,29,30
YPR180W	AOS1	59,63,68,68,69	64,66,67,68,70	53,55,57,58,59	59,63,66,66,66	52,53,54,56,59	56,59,61,62,62	57,60,62,65,68
YPR181C	SEC23	145,147,149,151,153	141,142,143,143,144	142,142,143,150,156	135,136,136,140,143	119,119,120,126,132	134,139,144,145,145	141,143,144,145,146
YPR182W	SMX3	182,188,193,210,226	183,187,191,195,199	243,249,255,276,297	153,163,173,177,181	157,159,161,170,179	274,290,306,309,312	188,193,199,210,222
YPR183W	DPM1	156,157,158,161,164	119,121,122,132,141	136,138,140,140,140	134,137,141,143,145	160,164,168,171,174	122,127,133,140,147	159,164,169,169,170
YPR184W	GDB1	19,20,21,23,26	32,32,33,34,34	38,39,41,41,41	30,30,31,31,31	22,23,24,25,27	40,42,45,46,48	17,18,18,21,23
YPR185W	ATG13	35,37,39,40,40	39,39,39,42,45	36,37,38,39,41	36,37,38,39,39	33,34,35,36,37	43,44,46,47,49	32,35,38,39,40
YPR186C	PZF1	21,22,23,25,27	23,24,25,25,25	22,22,23,23,23	21,21,22,22,22	24,24,24,25,25	21,21,22,22,22	24,24,25,26,28
YPR187W	RPO26	262,266,270,285,299	297,304,312,312,312	249,250,251,254,257	287,288,290,300,311	307,317,327,328,328	240,255,270,274,277	259,259,259,265,271
YPR188C	MLC2	131,133,135,145,155	139,140,142,142,143	146,153,160,161,163	123,127,131,131,132	94,99,105,115,125	159,165,171,183,196	133,139,146,148,150
YPR189W	SKI3	14,15,15,16,17	15,15,15,15,16	15,15,15,16,17	15,15,15,15,15	12,13,13,14,15	14,14,15,15,15	14,14,14,14,14
YPR190C	RPC82	47,50,54,56,57	38,40,41,42,43	25,27,29,29,30	40,40,40,41,42	43,43,44,44,45	25,27,29,30,31	49,51,53,53,54
YPR191W	QCR2	1369,1398,1427,1446,1466	1509,1530,1551,1583,1615	560,587,615,625,634	1575,1587,1600,1642,1684	1497,1542,1586,1609,1631	519,529,539,549,560	1241,1274,1307,1307,1307
YPR192W	AQY1	26,28,31,33,35	36,37,38,39,39	45,46,47,48,48	39,41,43,46,49	26,28,31,34,37	47,50,53,54,56	24,25,25,26,26
YPR193C	HPA2	45,45,45,49,53	60,62,63,64,66	72,73,74,82,90	59,64,70,71,71	44,52,59,60,60	82,84,85,88,91	40,41,43,47,50
YPR194C	OPT2	7,7,7,8,9	7,7,7,8,8	10,10,10,11,11	8,8,8,8,9	7,7,7,8,8	10,11,11,11,11	8,8,8,8,8
YPR195C		11,12,13,17,22	15,16,16,17,18	8,9,10,12,14	13,15,17,17,17	5,7,9,12,15	8,11,14,14,15	11,14,17,18,18
YPR196W		20,20,21,22,22	19,20,21,23,25	26,26,26,26,27	18,18,18,20,22	15,16,17,17,18	27,28,28,28,28	18,19,19,21,22
YPR197C		1,1,1,1,1	0.4,0.4,0.5,0.5,0.5	0.7,0.9,1,1,2	0,0.1,0.3,0.4,0.5	0,0,0,0.6,1	0,0.4,0.8,1,1	0.3,0.3,0.3,0.7,1
YPR198W	SGE1	44,46,48,52,56	47,48,48,49,50	60,61,61,62,63	50,50,51,51,51	47,48,48,49,49	53,58,64,65,67	48,51,54,55,56
YPR199C	ARR1	46,49,52,53,53	45,50,54,60,66	82,86,90,90,90	49,50,51,55,58	45,48,52,52,53	91,92,93,93,93	51,51,52,53,54
YPR200C	ARR2	16,16,16,16,17	14,15,15,18,21	43,44,45,50,56	10,11,12,16,19	12,13,14,14,14	40,41,43,48,53	11,13,14,14,15
YPR201W	ARR3	14,15,16,17,18	14,15,17,17,17	37,41,45,45,45	13,14,14,15,16	11,12,12,12,13	37,39,40,43,46	13,14,15,16,16
YPR202W		1,2,2,4,6	2,2,3,3,4	2,3,4,6,7	2,2,3,3,4	3,3,3,4,4	2,2,3,4,6	3,3,3,3,3
YPR203W		0,0.4,0.7,0.8,0.9	0,0.8,2,2,2	0,0,0,0.6,1	0.7,0.8,0.8,0.9,1	0,0,0,1,2	0,0,0,0.8,2	0,0.4,0.7,1,1
YPR204C-A		0,0,0,0,0	0,0,0,0,0	0,0,0,0,0	0,0,0,0,0	0,0,0,0,0	0,0,0,0,0	0,0,0,0,0
YPR204W		3,3,3,3,3	4,4,4,4,5	2,3,3,3,4	4,4,4,4,4	4,4,4,4,5	3,3,3,3,3	2,2,2,3,3
ZOD1		0,0,0,0,0	0,0,0,0,0	0,0,0,0,0	0,0,0,0,0	0,0,0,0,0	0,0,0,0,0	0,0,0,0,0
