idx,temperature_c,ethanol_pct,osmotic_m,nitrogen_frac,ethanol,feasible,relative_yield,collapsed,sbml_sha256
0,33.334142,12.169257,0.309302,0.910825,2.1496241311502247,True,0.047287790236118614,True,30842b15eefb0ef7e36cbdea86a9efddfacf69a871c8b054165faa9af9f6c8eb
1,28.995985,8.259023,0.565025,0.852348,11.937136659253012,True,0.26259512357660164,False,30842b15eefb0ef7e36cbdea86a9efddfacf69a871c8b054165faa9af9f6c8eb
2,41.085938,7.960528,0.226809,0.293831,12.880120129056916,True,0.28333903125331444,False,30842b15eefb0ef7e36cbdea86a9efddfacf69a871c8b054165faa9af9f6c8eb
3,38.044059,10.101248,1.418089,0.826098,6.680513888122177,True,0.14695905895044206,True,30842b15eefb0ef7e36cbdea86a9efddfacf69a871c8b054165faa9af9f6c8eb
4,38.832392,11.75683,1.060035,0.485961,2.9155113570828184,True,0.0641359051970556,True,30842b15eefb0ef7e36cbdea86a9efddfacf69a871c8b054165faa9af9f6c8eb
5,39.36716,11.627051,1.16102,0.876263,3.1721525307140452,True,0.06978154054733007,True,30842b15eefb0ef7e36cbdea86a9efddfacf69a871c8b054165faa9af9f6c8eb
6,39.637815,6.035469,0.006589,0.131858,19.50571012422565,True,0.42908986524419407,False,30842b15eefb0ef7e36cbdea86a9efddfacf69a871c8b054165faa9af9f6c8eb
7,38.173825,2.813446,1.430142,0.813206,32.15121869559677,True,0.7072678723137696,False,30842b15eefb0ef7e36cbdea86a9efddfacf69a871c8b054165faa9af9f6c8eb
8,28.308923,5.397605,1.40771,0.748682,21.895281135798236,True,0.481656046983646,False,30842b15eefb0ef7e36cbdea86a9efddfacf69a871c8b054165faa9af9f6c8eb
9,40.874482,11.908257,1.002491,0.158363,0.0,False,0.0,True,30842b15eefb0ef7e36cbdea86a9efddfacf69a871c8b054165faa9af9f6c8eb
10,34.929676,9.976037,1.298493,0.695704,7.004907801914006,True,0.15409513038124306,True,30842b15eefb0ef7e36cbdea86a9efddfacf69a871c8b054165faa9af9f6c8eb
11,32.115327,9.808761,0.960956,0.944608,7.446206830645073,True,0.16380290003252226,True,30842b15eefb0ef7e36cbdea86a9efddfacf69a871c8b054165faa9af9f6c8eb
12,28.672824,8.261835,1.199684,0.168342,11.928367302345237,True,0.26240221380044526,False,30842b15eefb0ef7e36cbdea86a9efddfacf69a871c8b054165faa9af9f6c8eb
13,28.446605,11.914209,1.295704,0.314025,2.614132756843053,True,0.05750612847317441,True,30842b15eefb0ef7e36cbdea86a9efddfacf69a871c8b054165faa9af9f6c8eb
14,31.291528,11.998131,1.13082,0.088054,2.457960712129611,True,0.054070629781036376,True,30842b15eefb0ef7e36cbdea86a9efddfacf69a871c8b054165faa9af9f6c8eb
15,41.618264,2.362509,0.779497,0.125966,0.0,False,0.0,True,30842b15eefb0ef7e36cbdea86a9efddfacf69a871c8b054165faa9af9f6c8eb
16,37.871287,8.532402,1.126681,0.853322,11.094719310427886,True,0.2440634862055631,False,30842b15eefb0ef7e36cbdea86a9efddfacf69a871c8b054165faa9af9f6c8eb
17,37.977624,0.065454,0.854297,0.405428,33.64462125720024,True,0.7401199909924895,False,30842b15eefb0ef7e36cbdea86a9efddfacf69a871c8b054165faa9af9f6c8eb
18,30.685963,7.526355,0.796024,0.87953,14.293703705318526,True,0.3144352785771262,False,30842b15eefb0ef7e36cbdea86a9efddfacf69a871c8b054165faa9af9f6c8eb
19,33.589575,6.332428,0.086018,0.613153,18.42503194631723,True,0.40531692640844513,False,30842b15eefb0ef7e36cbdea86a9efddfacf69a871c8b054165faa9af9f6c8eb
20,38.914784,10.843017,0.532546,0.764789,4.8677674270732565,True,0.10708195989895343,True,30842b15eefb0ef7e36cbdea86a9efddfacf69a871c8b054165faa9af9f6c8eb
21,41.41447,12.484753,1.239424,0.960616,0.0,False,0.0,True,30842b15eefb0ef7e36cbdea86a9efddfacf69a871c8b054165faa9af9f6c8eb
22,41.288177,4.907775,0.265995,0.291192,12.108050638862156,True,0.2663549178118165,False,30842b15eefb0ef7e36cbdea86a9efddfacf69a871c8b054165faa9af9f6c8eb
23,37.341979,11.219397,0.312784,0.409785,4.023740236045249,True,0.08851490895058296,True,30842b15eefb0ef7e36cbdea86a9efddfacf69a871c8b054165faa9af9f6c8eb
24,28.710818,5.858597,0.301695,0.106182,20.159062656105352,True,0.44346242323238183,False,30842b15eefb0ef7e36cbdea86a9efddfacf69a871c8b054165faa9af9f6c8eb
25,38.652203,2.965648,1.355149,0.972249,29.804348637332225,True,0.6556410332685367,False,30842b15eefb0ef7e36cbdea86a9efddfacf69a871c8b054165faa9af9f6c8eb
26,40.372481,4.999833,0.05846,0.173086,19.990848930526692,True,0.43976202963578437,False,30842b15eefb0ef7e36cbdea86a9efddfacf69a871c8b054165faa9af9f6c8eb
27,32.539929,2.472363,0.895538,0.485488,33.96502149634368,True,0.7471682089021526,False,30842b15eefb0ef7e36cbdea86a9efddfacf69a871c8b054165faa9af9f6c8eb
28,33.189927,11.651774,0.149947,0.650943,3.1227074103317674,True,0.06869383854075384,True,30842b15eefb0ef7e36cbdea86a9efddfacf69a871c8b054165faa9af9f6c8eb
29,34.698583,9.194194,1.12348,0.415064,9.142622925915092,True,0.20112094429144112,False,30842b15eefb0ef7e36cbdea86a9efddfacf69a871c8b054165faa9af9f6c8eb
30,40.936232,7.711255,0.909153,0.985126,13.685713146645552,True,0.3010606008427987,False,30842b15eefb0ef7e36cbdea86a9efddfacf69a871c8b054165faa9af9f6c8eb
31,38.64244,12.700539,0.25102,0.332573,0.0,False,0.0,True,30842b15eefb0ef7e36cbdea86a9efddfacf69a871c8b054165faa9af9f6c8eb
32,32.82576,10.489134,1.467094,0.964648,5.708773814585555,True,0.1255825587076566,True,30842b15eefb0ef7e36cbdea86a9efddfacf69a871c8b054165faa9af9f6c8eb
33,28.552704,13.723121,0.220674,0.348795,0.0,False,0.0,True,30842b15eefb0ef7e36cbdea86a9efddfacf69a871c8b054165faa9af9f6c8eb
34,30.436979,7.576686,0.576405,0.307637,14.127333075828744,True,0.31077542971575617,False,30842b15eefb0ef7e36cbdea86a9efddfacf69a871c8b054165faa9af9f6c8eb
35,38.24414,8.865929,0.37284,0.96691,10.095184506856684,True,0.22207555285477587,False,30842b15eefb0ef7e36cbdea86a9efddfacf69a871c8b054165faa9af9f6c8eb
36,39.275544,6.807913,0.833427,0.172263,16.738011185290674,True,0.36820556227953827,False,30842b15eefb0ef7e36cbdea86a9efddfacf69a871c8b054165faa9af9f6c8eb
37,33.396693,8.296335,1.416163,0.211143,11.820952435961452,True,0.2600392836508478,False,30842b15eefb0ef7e36cbdea86a9efddfacf69a871c8b054165faa9af9f6c8eb
38,30.16924,5.624038,0.951825,0.241368,21.036500883945376,True,0.4627644557421532,False,30842b15eefb0ef7e36cbdea86a9efddfacf69a871c8b054165faa9af9f6c8eb
39,28.91866,7.558922,0.388247,0.774769,14.185978357865059,True,0.3120655184131636,False,30842b15eefb0ef7e36cbdea86a9efddfacf69a871c8b054165faa9af9f6c8eb
40,39.134071,13.562536,1.052762,0.478144,0.0,False,0.0,True,30842b15eefb0ef7e36cbdea86a9efddfacf69a871c8b054165faa9af9f6c8eb
41,28.948229,2.561051,0.236235,0.581674,33.57381097269724,True,0.7385622945414609,False,30842b15eefb0ef7e36cbdea86a9efddfacf69a871c8b054165faa9af9f6c8eb
42,41.003307,8.07855,0.610596,0.610462,12.504420078298574,True,0.2750743188626635,False,30842b15eefb0ef7e36cbdea86a9efddfacf69a871c8b054165faa9af9f6c8eb
43,32.045313,6.541452,0.342395,0.755259,17.676769092350565,True,0.38885651532210236,False,30842b15eefb0ef7e36cbdea86a9efddfacf69a871c8b054165faa9af9f6c8eb
44,41.802781,2.110052,0.295155,0.200973,0.0,False,0.0,True,30842b15eefb0ef7e36cbdea86a9efddfacf69a871c8b054165faa9af9f6c8eb
45,40.343311,8.311283,0.793549,0.211758,11.7745128815439,True,0.2590176985857504,False,30842b15eefb0ef7e36cbdea86a9efddfacf69a871c8b054165faa9af9f6c8eb
46,41.350183,1.621782,1.30922,0.613228,10.494018201109679,True,0.23084916299416347,False,30842b15eefb0ef7e36cbdea86a9efddfacf69a871c8b054165faa9af9f6c8eb
47,37.988606,8.020206,1.24636,0.970387,12.689683491856979,True,0.27914977433965865,False,30842b15eefb0ef7e36cbdea86a9efddfacf69a871c8b054165faa9af9f6c8eb
48,41.654559,0.498372,1.28513,0.38757,0.0,False,0.0,True,30842b15eefb0ef7e36cbdea86a9efddfacf69a871c8b054165faa9af9f6c8eb
49,34.039002,11.973317,0.976864,0.210701,2.5038032122543696,True,0.05507908074620063,True,30842b15eefb0ef7e36cbdea86a9efddfacf69a871c8b054165faa9af9f6c8eb
50,36.539147,3.79869,0.75767,0.414871,28.275179665132192,True,0.6220021191229815,False,30842b15eefb0ef7e36cbdea86a9efddfacf69a871c8b054165faa9af9f6c8eb
51,36.945865,9.085389,0.308093,0.584775,9.454861640728044,True,0.2079896236273814,False,30842b15eefb0ef7e36cbdea86a9efddfacf69a871c8b054165faa9af9f6c8eb
52,34.604498,4.563624,0.032137,0.997942,25.15528901590017,True,0.5533702441627903,False,30842b15eefb0ef7e36cbdea86a9efddfacf69a871c8b054165faa9af9f6c8eb
53,34.954541,1.836374,0.666593,0.52042,36.814257248586,True,0.8098461722878683,False,30842b15eefb0ef7e36cbdea86a9efddfacf69a871c8b054165faa9af9f6c8eb
54,36.107193,12.330095,0.70396,0.201104,1.8726607283056027,True,0.04119510309746515,True,30842b15eefb0ef7e36cbdea86a9efddfacf69a871c8b054165faa9af9f6c8eb
55,37.321681,12.23681,0.896788,0.716123,2.031749335804973,True,0.04469476082430739,True,30842b15eefb0ef7e36cbdea86a9efddfacf69a871c8b054165faa9af9f6c8eb
56,41.716615,13.949183,0.221113,0.843401,0.0,False,0.0,True,30842b15eefb0ef7e36cbdea86a9efddfacf69a871c8b054165faa9af9f6c8eb
57,39.966073,5.544865,0.41997,0.627657,21.335472961274693,True,0.4693412933735956,False,30842b15eefb0ef7e36cbdea86a9efddfacf69a871c8b054165faa9af9f6c8eb
58,37.881228,0.963654,1.124031,0.806439,33.810078612519014,True,0.7437597494962939,False,30842b15eefb0ef7e36cbdea86a9efddfacf69a871c8b054165faa9af9f6c8eb
59,41.436392,4.1597,0.864042,0.29356,10.035380533927338,True,0.22075997508181133,False,30842b15eefb0ef7e36cbdea86a9efddfacf69a871c8b054165faa9af9f6c8eb
60,32.053317,1.709391,0.977928,0.722996,37.392246620260195,True,0.8225608789058156,False,30842b15eefb0ef7e36cbdea86a9efddfacf69a871c8b054165faa9af9f6c8eb
61,32.846346,5.884734,0.994624,0.059367,20.06206322452924,True,0.44132861355518044,False,30842b15eefb0ef7e36cbdea86a9efddfacf69a871c8b054165faa9af9f6c8eb
62,34.523433,13.270972,1.207861,0.637443,0.0,False,0.0,True,30842b15eefb0ef7e36cbdea86a9efddfacf69a871c8b054165faa9af9f6c8eb
63,40.456785,2.220853,0.485567,0.984805,18.91288415664223,True,0.416048780714403,False,30842b15eefb0ef7e36cbdea86a9efddfacf69a871c8b054165faa9af9f6c8eb
64,36.141376,13.731835,1.217059,0.56736,0.0,False,0.0,True,30842b15eefb0ef7e36cbdea86a9efddfacf69a871c8b054165faa9af9f6c8eb
65,30.037687,7.001491,1.451105,0.729106,16.066813166819127,True,0.3534404363003292,False,30842b15eefb0ef7e36cbdea86a9efddfacf69a871c8b054165faa9af9f6c8eb
66,41.166176,1.454192,0.450145,0.352249,13.033717696899132,True,0.2867178961737665,False,30842b15eefb0ef7e36cbdea86a9efddfacf69a871c8b054165faa9af9f6c8eb
67,32.944185,10.179763,0.835826,0.593578,6.479730078411045,True,0.14254218320977555,True,30842b15eefb0ef7e36cbdea86a9efddfacf69a871c8b054165faa9af9f6c8eb
68,28.005521,1.224065,0.828458,0.952491,39.62876113456021,True,0.8717600982854676,False,30842b15eefb0ef7e36cbdea86a9efddfacf69a871c8b054165faa9af9f6c8eb
69,31.46964,9.14261,0.957734,0.077044,9.290218254071034,True,0.2043677709419843,False,30842b15eefb0ef7e36cbdea86a9efddfacf69a871c8b054165faa9af9f6c8eb
70,28.676242,3.582716,0.918788,0.674801,29.17784492079876,True,0.6418590999992396,False,30842b15eefb0ef7e36cbdea86a9efddfacf69a871c8b054165faa9af9f6c8eb
71,41.661789,12.390876,0.063194,0.701426,0.0,False,0.0,True,30842b15eefb0ef7e36cbdea86a9efddfacf69a871c8b054165faa9af9f6c8eb
72,39.39865,0.725525,1.392017,0.933389,25.432408586887338,True,0.5594663667142954,False,30842b15eefb0ef7e36cbdea86a9efddfacf69a871c8b054165faa9af9f6c8eb
73,28.601499,5.371127,1.010979,0.777214,21.996448741133236,True,0.48388154884252776,False,30842b15eefb0ef7e36cbdea86a9efddfacf69a871c8b054165faa9af9f6c8eb
74,33.542571,3.656073,0.422232,0.233573,28.870188917453824,True,0.6350912319146581,False,30842b15eefb0ef7e36cbdea86a9efddfacf69a871c8b054165faa9af9f6c8eb
75,37.512939,8.605896,1.488061,0.659575,10.871774321738753,True,0.23915910515282324,False,30842b15eefb0ef7e36cbdea86a9efddfacf69a871c8b054165faa9af9f6c8eb
76,29.485013,12.943123,0.903,0.875308,0.0,False,0.0,True,30842b15eefb0ef7e36cbdea86a9efddfacf69a871c8b054165faa9af9f6c8eb
77,30.309962,8.75659,0.184088,0.934451,10.419387319852225,True,0.22920742041838083,False,30842b15eefb0ef7e36cbdea86a9efddfacf69a871c8b054165faa9af9f6c8eb
78,31.966179,8.343608,0.640089,0.689525,11.67429610269031,True,0.256813113166423,False,30842b15eefb0ef7e36cbdea86a9efddfacf69a871c8b054165faa9af9f6c8eb
79,32.178122,12.208411,0.764173,0.702133,2.081033331652196,True,0.045778918386482785,True,30842b15eefb0ef7e36cbdea86a9efddfacf69a871c8b054165faa9af9f6c8eb
80,37.084568,7.277226,0.986611,0.663298,15.126701016999315,True,0.3327596923996184,False,30842b15eefb0ef7e36cbdea86a9efddfacf69a871c8b054165faa9af9f6c8eb
81,29.581386,4.764109,0.652506,0.272427,24.357889367740803,True,0.5358289136808244,False,30842b15eefb0ef7e36cbdea86a9efddfacf69a871c8b054165faa9af9f6c8eb
82,38.327792,4.04418,0.764062,0.343283,27.260700372417627,True,0.5996854344069874,False,30842b15eefb0ef7e36cbdea86a9efddfacf69a871c8b054165faa9af9f6c8eb
83,30.867373,11.00679,0.892201,0.49815,4.4939396571568,True,0.09885843425459508,True,30842b15eefb0ef7e36cbdea86a9efddfacf69a871c8b054165faa9af9f6c8eb
84,31.285205,8.447906,1.346971,0.452859,11.352896299051933,True,0.2497429066702534,False,30842b15eefb0ef7e36cbdea86a9efddfacf69a871c8b054165faa9af9f6c8eb
85,41.631434,5.577813,0.43913,0.87307,0.0,False,0.0,True,30842b15eefb0ef7e36cbdea86a9efddfacf69a871c8b054165faa9af9f6c8eb
86,29.538087,2.541003,0.575915,0.807016,33.66211225690655,True,0.7405047609218676,False,30842b15eefb0ef7e36cbdea86a9efddfacf69a871c8b054165faa9af9f6c8eb
87,32.954718,12.071419,1.297204,0.618224,2.324225604144557,True,0.05112870256596643,True,30842b15eefb0ef7e36cbdea86a9efddfacf69a871c8b054165faa9af9f6c8eb
88,34.291743,4.670813,1.331621,0.506553,24.727895287791156,True,0.5439683656342694,False,30842b15eefb0ef7e36cbdea86a9efddfacf69a871c8b054165faa9af9f6c8eb
89,40.259017,3.353735,0.757843,0.575553,20.150667716649714,True,0.44327774995379765,False,30842b15eefb0ef7e36cbdea86a9efddfacf69a871c8b054165faa9af9f6c8eb
90,29.858015,0.482627,0.456542,0.096657,43.12805793884489,True,0.9487382131368264,False,30842b15eefb0ef7e36cbdea86a9efddfacf69a871c8b054165faa9af9f6c8eb
91,41.805912,12.7198,1.480761,0.280743,0.0,False,0.0,True,30842b15eefb0ef7e36cbdea86a9efddfacf69a871c8b054165faa9af9f6c8eb
92,31.176444,12.384429,0.650282,0.112136,1.7820116077206694,True,0.039200988620803005,True,30842b15eefb0ef7e36cbdea86a9efddfacf69a871c8b054165faa9af9f6c8eb
93,35.426634,2.915316,0.285302,0.448078,32.02627515793248,True,0.7045193435292206,False,30842b15eefb0ef7e36cbdea86a9efddfacf69a871c8b054165faa9af9f6c8eb
94,40.025145,7.281129,0.353326,0.361308,15.113529903961643,True,0.3324699520578181,False,30842b15eefb0ef7e36cbdea86a9efddfacf69a871c8b054165faa9af9f6c8eb
95,33.759814,11.799575,1.48202,0.281207,2.832574304332797,True,0.06231144207514862,True,30842b15eefb0ef7e36cbdea86a9efddfacf69a871c8b054165faa9af9f6c8eb
96,40.573969,9.632724,0.427207,0.541042,7.9202230772191085,True,0.1742303884997788,True,30842b15eefb0ef7e36cbdea86a9efddfacf69a871c8b054165faa9af9f6c8eb
97,37.235553,12.658513,0.797174,0.616653,0.0,False,0.0,True,30842b15eefb0ef7e36cbdea86a9efddfacf69a871c8b054165faa9af9f6c8eb
98,38.199593,0.818134,0.014129,0.553954,33.44351445340467,True,0.7356960099740717,False,30842b15eefb0ef7e36cbdea86a9efddfacf69a871c8b054165faa9af9f6c8eb
99,35.061226,12.686045,0.913428,0.113556,1.3070499751082743,True,0.028752703393765892,True,30842b15eefb0ef7e36cbdea86a9efddfacf69a871c8b054165faa9af9f6c8eb
100,37.939434,2.424093,0.958465,0.717412,33.714085045449266,True,0.7416480669943012,False,30842b15eefb0ef7e36cbdea86a9efddfacf69a871c8b054165faa9af9f6c8eb
101,37.109745,11.676484,1.017331,0.657177,3.073547692548045,True,0.06761241486815134,True,30842b15eefb0ef7e36cbdea86a9efddfacf69a871c8b054165faa9af9f6c8eb
102,40.977941,0.238324,1.124244,0.602856,14.007318036741589,True,0.3081353188650763,False,30842b15eefb0ef7e36cbdea86a9efddfacf69a871c8b054165faa9af9f6c8eb
103,30.794909,4.995658,1.384494,0.899907,23.447655687788224,True,0.5158054413445623,False,30842b15eefb0ef7e36cbdea86a9efddfacf69a871c8b054165faa9af9f6c8eb
104,39.112696,9.891532,1.229405,0.407086,7.226721499938214,True,0.15897462511321464,True,30842b15eefb0ef7e36cbdea86a9efddfacf69a871c8b054165faa9af9f6c8eb
105,36.156158,11.812133,0.815889,0.831004,2.8083603451398003,True,0.061778779361462165,True,30842b15eefb0ef7e36cbdea86a9efddfacf69a871c8b054165faa9af9f6c8eb
106,39.239583,8.941541,1.198834,0.440306,9.872992492821378,True,0.21718773586408172,False,30842b15eefb0ef7e36cbdea86a9efddfacf69a871c8b054165faa9af9f6c8eb
107,35.492099,13.903953,1.216581,0.216573,0.0,False,0.0,True,30842b15eefb0ef7e36cbdea86a9efddfacf69a871c8b054165faa9af9f6c8eb
108,38.12612,1.744227,1.085452,0.473825,32.72297017596198,True,0.7198453567581007,False,30842b15eefb0ef7e36cbdea86a9efddfacf69a871c8b054165faa9af9f6c8eb
109,28.791187,0.671632,0.850157,0.439773,42.226678160407886,True,0.9289095104031068,False,30842b15eefb0ef7e36cbdea86a9efddfacf69a871c8b054165faa9af9f6c8eb
110,31.022259,11.208698,1.431684,0.904492,4.046985939272847,True,0.08902627180801866,True,30842b15eefb0ef7e36cbdea86a9efddfacf69a871c8b054165faa9af9f6c8eb
111,28.419462,12.782148,0.728631,0.514136,1.1663079229297115,True,0.025656636251432708,True,30842b15eefb0ef7e36cbdea86a9efddfacf69a871c8b054165faa9af9f6c8eb
112,29.361454,3.658682,1.164056,0.991616,28.859266918516106,True,0.6348509679600245,False,30842b15eefb0ef7e36cbdea86a9efddfacf69a871c8b054165faa9af9f6c8eb
113,38.205825,13.416387,1.131367,0.086161,0.0,False,0.0,True,30842b15eefb0ef7e36cbdea86a9efddfacf69a871c8b054165faa9af9f6c8eb
114,40.458765,13.143008,0.808221,0.092703,0.0,False,0.0,True,30842b15eefb0ef7e36cbdea86a9efddfacf69a871c8b054165faa9af9f6c8eb
115,40.549682,12.913364,1.181126,0.230399,0.0,False,0.0,True,30842b15eefb0ef7e36cbdea86a9efddfacf69a871c8b054165faa9af9f6c8eb
116,33.285689,9.663332,0.101835,0.848799,7.837105956639647,True,0.17240196421572096,True,30842b15eefb0ef7e36cbdea86a9efddfacf69a871c8b054165faa9af9f6c8eb
117,36.156813,6.427552,0.883409,0.875638,18.083225787080792,True,0.39779781749765275,False,30842b15eefb0ef7e36cbdea86a9efddfacf69a871c8b054165faa9af9f6c8eb
118,40.750293,13.973269,0.76238,0.889418,0.0,False,0.0,True,30842b15eefb0ef7e36cbdea86a9efddfacf69a871c8b054165faa9af9f6c8eb
119,35.658359,6.412009,0.077354,0.388106,18.138930050157157,True,0.3990232091693601,False,30842b15eefb0ef7e36cbdea86a9efddfacf69a871c8b054165faa9af9f6c8eb
120,29.352071,4.972376,1.434864,0.517018,23.53865529363329,True,0.5178072658544447,False,30842b15eefb0ef7e36cbdea86a9efddfacf69a871c8b054165faa9af9f6c8eb
121,40.00884,2.075495,0.77499,0.733503,21.9612249452308,True,0.4831066899042524,False,30842b15eefb0ef7e36cbdea86a9efddfacf69a871c8b054165faa9af9f6c8eb
122,40.098284,10.697571,1.250754,0.770149,5.20800856005334,True,0.11456664110108175,True,30842b15eefb0ef7e36cbdea86a9efddfacf69a871c8b054165faa9af9f6c8eb
123,34.753148,0.774184,1.238632,0.969525,41.7402619259765,True,0.9182092449344054,False,30842b15eefb0ef7e36cbdea86a9efddfacf69a871c8b054165faa9af9f6c8eb
124,31.455334,12.645688,0.484282,0.408962,1.3677273934121659,True,0.030087495363787343,True,30842b15eefb0ef7e36cbdea86a9efddfacf69a871c8b054165faa9af9f6c8eb
125,35.232317,13.162184,0.943304,0.341226,0.0,False,0.0,True,30842b15eefb0ef7e36cbdea86a9efddfacf69a871c8b054165faa9af9f6c8eb
126,28.678084,2.921937,0.721402,0.149264,31.997584989542737,True,0.7038882124189055,False,30842b15eefb0ef7e36cbdea86a9efddfacf69a871c8b054165faa9af9f6c8eb
127,36.574001,0.25375,0.700035,0.496999,39.18630805302919,True,0.8620269415881766,False,30842b15eefb0ef7e36cbdea86a9efddfacf69a871c8b054165faa9af9f6c8eb
128,37.425286,5.921827,0.963086,0.276085,19.924671958337196,True,0.43830625756195496,False,30842b15eefb0ef7e36cbdea86a9efddfacf69a871c8b054165faa9af9f6c8eb
129,37.076625,2.777468,0.654992,0.863317,32.62554190725326,True,0.7177021134501177,False,30842b15eefb0ef7e36cbdea86a9efddfacf69a871c8b054165faa9af9f6c8eb
130,41.182866,3.982076,1.300606,0.797912,12.031863363765591,True,0.26467893742472437,False,30842b15eefb0ef7e36cbdea86a9efddfacf69a871c8b054165faa9af9f6c8eb
131,37.898363,9.005246,0.980794,0.777722,9.687073845015911,True,0.21309786643481388,False,30842b15eefb0ef7e36cbdea86a9efddfacf69a871c8b054165faa9af9f6c8eb
132,40.60903,13.886604,0.394232,0.236662,0.0,False,0.0,True,30842b15eefb0ef7e36cbdea86a9efddfacf69a871c8b054165faa9af9f6c8eb
133,36.2101,10.117513,0.102549,0.422585,6.638752388777953,True,0.14604038252123824,True,30842b15eefb0ef7e36cbdea86a9efddfacf69a871c8b054165faa9af9f6c8eb
134,32.580521,1.083418,0.684612,0.282079,40.28495319851182,True,0.8861951207738625,False,30842b15eefb0ef7e36cbdea86a9efddfacf69a871c8b054165faa9af9f6c8eb
135,31.85987,6.01894,1.157928,0.574383,19.56646268478133,True,0.4304263102060056,False,30842b15eefb0ef7e36cbdea86a9efddfacf69a871c8b054165faa9af9f6c8eb
136,38.723929,13.533248,1.121978,0.148522,0.0,False,0.0,True,30842b15eefb0ef7e36cbdea86a9efddfacf69a871c8b054165faa9af9f6c8eb
137,38.066191,0.605494,1.480425,0.073637,32.6096187624514,True,0.7173518334544764,False,30842b15eefb0ef7e36cbdea86a9efddfacf69a871c8b054165faa9af9f6c8eb
138,28.387376,3.663442,0.153551,0.064013,28.839343785630916,True,0.6344126955592504,False,30842b15eefb0ef7e36cbdea86a9efddfacf69a871c8b054165faa9af9f6c8eb
139,32.311142,4.346292,0.773803,0.622812,26.02931222964544,True,0.5725971526228146,False,30842b15eefb0ef7e36cbdea86a9efddfacf69a871c8b054165faa9af9f6c8eb
140,32.109786,4.574496,1.4442,0.662545,25.11182802308339,True,0.5524141819926687,False,30842b15eefb0ef7e36cbdea86a9efddfacf69a871c8b054165faa9af9f6c8eb
141,39.60922,10.643825,1.475904,0.196541,5.335662516323938,True,0.11737479412628282,True,30842b15eefb0ef7e36cbdea86a9efddfacf69a871c8b054165faa9af9f6c8eb
142,34.72485,6.885268,0.491709,0.946188,16.468698308262283,True,0.36228117268404664,False,30842b15eefb0ef7e36cbdea86a9efddfacf69a871c8b054165faa9af9f6c8eb
143,30.452284,0.362167,1.282164,0.309662,43.70584361381516,True,0.9614484388007004,False,30842b15eefb0ef7e36cbdea86a9efddfacf69a871c8b054165faa9af9f6c8eb
144,40.605438,1.168585,1.449423,0.929067,16.775087927028764,True,0.3690211826294138,False,30842b15eefb0ef7e36cbdea86a9efddfacf69a871c8b054165faa9af9f6c8eb
145,32.385201,9.50077,1.022986,0.582584,8.281876453978143,True,0.1821860998125348,True,30842b15eefb0ef7e36cbdea86a9efddfacf69a871c8b054165faa9af9f6c8eb
146,28.267264,9.134008,0.164589,0.381714,9.314907385676179,True,0.20491088657766118,False,30842b15eefb0ef7e36cbdea86a9efddfacf69a871c8b054165faa9af9f6c8eb
147,39.643555,2.318041,1.166979,0.057088,24.077954461334222,True,0.5296708589111104,False,30842b15eefb0ef7e36cbdea86a9efddfacf69a871c8b054165faa9af9f6c8eb
148,36.148685,0.081838,0.14964,0.064963,40.99539896866237,True,0.9018236253417939,False,30842b15eefb0ef7e36cbdea86a9efddfacf69a871c8b054165faa9af9f6c8eb
149,38.952346,1.496664,0.660885,0.794895,28.839692275147165,True,0.6344203616897637,False,30842b15eefb0ef7e36cbdea86a9efddfacf69a871c8b054165faa9af9f6c8eb
150,39.748727,3.070652,0.692849,0.178375,23.84881991726453,True,0.524630318986571,False,30842b15eefb0ef7e36cbdea86a9efddfacf69a871c8b054165faa9af9f6c8eb
151,35.372893,2.963136,1.334274,0.640254,31.8192538915208,True,0.6999652551755264,False,30842b15eefb0ef7e36cbdea86a9efddfacf69a871c8b054165faa9af9f6c8eb
152,39.213266,6.935122,1.250456,0.16353,16.295903915536996,True,0.3584800128074134,False,30842b15eefb0ef7e36cbdea86a9efddfacf69a871c8b054165faa9af9f6c8eb
153,30.600178,2.150722,0.092105,0.173729,35.39641582896866,True,0.7786562602156261,False,30842b15eefb0ef7e36cbdea86a9efddfacf69a871c8b054165faa9af9f6c8eb
154,33.736637,13.301263,0.498172,0.243802,0.0,False,0.0,True,30842b15eefb0ef7e36cbdea86a9efddfacf69a871c8b054165faa9af9f6c8eb
155,30.779149,8.254956,0.140089,0.670378,11.949823593519419,True,0.2628742128730212,False,30842b15eefb0ef7e36cbdea86a9efddfacf69a871c8b054165faa9af9f6c8eb
156,38.666141,2.744617,1.193671,0.36684,29.891219762172888,True,0.6575520387645734,False,30842b15eefb0ef7e36cbdea86a9efddfacf69a871c8b054165faa9af9f6c8eb
157,37.117966,8.433707,0.463908,0.27548,11.396475206653756,True,0.2507015627494869,False,30842b15eefb0ef7e36cbdea86a9efddfacf69a871c8b054165faa9af9f6c8eb
158,30.466684,13.120406,1.481424,0.665186,0.0,False,0.0,True,30842b15eefb0ef7e36cbdea86a9efddfacf69a871c8b054165faa9af9f6c8eb
159,41.728315,7.00745,0.603699,0.322721,0.0,False,0.0,True,30842b15eefb0ef7e36cbdea86a9efddfacf69a871c8b054165faa9af9f6c8eb
160,30.000217,10.75818,1.069718,0.745933,5.0652956734211,True,0.1114272192136631,True,30842b15eefb0ef7e36cbdea86a9efddfacf69a871c8b054165faa9af9f6c8eb
161,32.411883,10.28551,1.473756,0.797502,6.212554985963058,True,0.13666482095610763,True,30842b15eefb0ef7e36cbdea86a9efddfacf69a871c8b054165faa9af9f6c8eb
162,34.021174,0.709303,0.984297,0.129673,42.047781914264064,True,0.9249741209370649,False,30842b15eefb0ef7e36cbdea86a9efddfacf69a871c8b054165faa9af9f6c8eb
163,35.798896,1.902843,0.854815,0.607999,36.51290868031799,True,0.8032170562123117,False,30842b15eefb0ef7e36cbdea86a9efddfacf69a871c8b054165faa9af9f6c8eb
164,40.33295,1.446633,0.787702,0.525659,19.563128129919768,True,0.43035295611189234,False,30842b15eefb0ef7e36cbdea86a9efddfacf69a871c8b054165faa9af9f6c8eb
165,34.593828,4.720513,0.013019,0.620882,24.530556848073658,True,0.5396272817174775,False,30842b15eefb0ef7e36cbdea86a9efddfacf69a871c8b054165faa9af9f6c8eb
166,33.680489,13.085312,1.366875,0.822893,0.0,False,0.0,True,30842b15eefb0ef7e36cbdea86a9efddfacf69a871c8b054165faa9af9f6c8eb
167,35.918836,7.457024,0.888954,0.3197,14.523940005375044,True,0.31950005511365825,False,30842b15eefb0ef7e36cbdea86a9efddfacf69a871c8b054165faa9af9f6c8eb
168,38.281724,9.092912,0.389001,0.534575,9.433160524249386,True,0.20751223884691597,False,30842b15eefb0ef7e36cbdea86a9efddfacf69a871c8b054165faa9af9f6c8eb
169,30.360262,9.920239,1.319723,0.427624,7.1511113161881426,True,0.1573113396778327,True,30842b15eefb0ef7e36cbdea86a9efddfacf69a871c8b054165faa9af9f6c8eb
170,35.473115,2.391975,0.074541,0.454159,34.320922888962784,True,0.7549973871082557,False,30842b15eefb0ef7e36cbdea86a9efddfacf69a871c8b054165faa9af9f6c8eb
171,41.33793,7.754134,0.441869,0.761066,0.0,False,0.0,True,30842b15eefb0ef7e36cbdea86a9efddfacf69a871c8b054165faa9af9f6c8eb
172,31.972259,12.088383,0.128066,0.166992,2.293626942181778,True,0.050455588095657825,True,30842b15eefb0ef7e36cbdea86a9efddfacf69a871c8b054165faa9af9f6c8eb
173,36.577204,11.871057,0.297554,0.052151,2.695674845996698,True,0.05929990495318127,True,30842b15eefb0ef7e36cbdea86a9efddfacf69a871c8b054165faa9af9f6c8eb
174,37.112377,9.103532,1.147967,0.702467,9.402553998857966,True,0.20683895139559236,False,30842b15eefb0ef7e36cbdea86a9efddfacf69a871c8b054165faa9af9f6c8eb
175,30.175894,0.235398,0.160239,0.951853,44.316651972946794,True,0.9748851029795814,False,30842b15eefb0ef7e36cbdea86a9efddfacf69a871c8b054165faa9af9f6c8eb
176,40.947698,0.502076,1.168325,0.250203,14.222583117363715,True,0.3128707560190002,False,30842b15eefb0ef7e36cbdea86a9efddfacf69a871c8b054165faa9af9f6c8eb
177,36.383226,8.720804,0.981458,0.87784,10.52623677687532,True,0.23155791259854056,False,30842b15eefb0ef7e36cbdea86a9efddfacf69a871c8b054165faa9af9f6c8eb
178,41.196671,6.905161,0.055655,0.11528,13.132204628029394,True,0.28888442811430387,False,30842b15eefb0ef7e36cbdea86a9efddfacf69a871c8b054165faa9af9f6c8eb
179,32.241247,0.546196,0.985763,0.531302,42.824184356853934,True,0.9420535513881712,False,30842b15eefb0ef7e36cbdea86a9efddfacf69a871c8b054165faa9af9f6c8eb
180,35.691696,1.557605,0.536979,0.966382,38.087058419703496,True,0.837845464778079,False,30842b15eefb0ef7e36cbdea86a9efddfacf69a871c8b054165faa9af9f6c8eb
181,37.307895,11.469236,0.871628,0.938462,3.4938071348037805,True,0.07685735218633433,True,30842b15eefb0ef7e36cbdea86a9efddfacf69a871c8b054165faa9af9f6c8eb
182,33.586525,11.248636,0.535457,0.938059,3.96044084723258,True,0.08712243843591379,True,30842b15eefb0ef7e36cbdea86a9efddfacf69a871c8b054165faa9af9f6c8eb
183,35.032078,5.467194,0.924184,0.630899,21.630136640313026,True,0.4758233541407083,False,30842b15eefb0ef7e36cbdea86a9efddfacf69a871c8b054165faa9af9f6c8eb
184,35.454054,2.149428,0.578207,0.552485,35.40221418383943,True,0.7787838133933517,False,30842b15eefb0ef7e36cbdea86a9efddfacf69a871c8b054165faa9af9f6c8eb
185,41.141006,5.956936,0.059233,0.543668,13.648325057288464,True,0.3002381314160616,False,30842b15eefb0ef7e36cbdea86a9efddfacf69a871c8b054165faa9af9f6c8eb
186,38.523582,9.964205,0.243436,0.100134,7.03582618967623,True,0.15477527823302437,True,30842b15eefb0ef7e36cbdea86a9efddfacf69a871c8b054165faa9af9f6c8eb
187,35.296356,8.596089,0.915246,0.747415,10.901436691213357,True,0.2398116229047852,False,30842b15eefb0ef7e36cbdea86a9efddfacf69a871c8b054165faa9af9f6c8eb
188,41.121524,2.16057,1.056875,0.782496,12.82310793404306,True,0.2820848674766577,False,30842b15eefb0ef7e36cbdea86a9efddfacf69a871c8b054165faa9af9f6c8eb
189,33.632917,6.195937,1.178206,0.087304,18.91919290336719,True,0.41618756157728015,False,30842b15eefb0ef7e36cbdea86a9efddfacf69a871c8b054165faa9af9f6c8eb
190,39.339318,5.022757,0.700738,0.16717,23.34188509810984,True,0.5134786822682277,False,30842b15eefb0ef7e36cbdea86a9efddfacf69a871c8b054165faa9af9f6c8eb
191,40.801886,8.336259,0.640945,0.605718,11.697055026452928,True,0.2573137677679838,False,30842b15eefb0ef7e36cbdea86a9efddfacf69a871c8b054165faa9af9f6c8eb
192,37.157577,5.078443,1.067479,0.926171,23.125037047606046,True,0.5087084226787766,False,30842b15eefb0ef7e36cbdea86a9efddfacf69a871c8b054165faa9af9f6c8eb
193,41.837491,2.650991,1.344704,0.192227,0.0,False,0.0,True,30842b15eefb0ef7e36cbdea86a9efddfacf69a871c8b054165faa9af9f6c8eb
194,35.125551,12.581839,1.443137,0.48875,1.4655807845239,True,0.03224009058531036,True,30842b15eefb0ef7e36cbdea86a9efddfacf69a871c8b054165faa9af9f6c8eb
195,28.847366,11.429822,0.00939,0.512345,3.575742678741697,True,0.0786597839503215,True,30842b15eefb0ef7e36cbdea86a9efddfacf69a871c8b054165faa9af9f6c8eb
196,37.833821,2.368572,1.20565,0.444495,33.93876428597671,True,0.7465905984082871,False,30842b15eefb0ef7e36cbdea86a9efddfacf69a871c8b054165faa9af9f6c8eb
197,41.054884,7.009739,0.83257,0.609398,13.62033470350834,True,0.2996223949442715,False,30842b15eefb0ef7e36cbdea86a9efddfacf69a871c8b054165faa9af9f6c8eb
198,40.591272,2.235949,0.803284,0.140839,17.534558046919788,True,0.38572813302115033,False,30842b15eefb0ef7e36cbdea86a9efddfacf69a871c8b054165faa9af9f6c8eb
199,33.021473,13.513934,0.260595,0.279037,0.0,False,0.0,True,30842b15eefb0ef7e36cbdea86a9efddfacf69a871c8b054165faa9af9f6c8eb
200,33.132126,4.026802,0.75436,0.09754,27.3321073161595,True,0.6012562562674869,False,30842b15eefb0ef7e36cbdea86a9efddfacf69a871c8b054165faa9af9f6c8eb
201,32.801224,11.263421,0.122592,0.690259,3.9285604510290697,True,0.08642112816195939,True,30842b15eefb0ef7e36cbdea86a9efddfacf69a871c8b054165faa9af9f6c8eb
202,31.615308,1.119021,1.062662,0.789249,40.118507107416534,True,0.882533611895506,False,30842b15eefb0ef7e36cbdea86a9efddfacf69a871c8b054165faa9af9f6c8eb
203,39.811936,13.995687,0.617851,0.45176,0.0,False,0.0,True,30842b15eefb0ef7e36cbdea86a9efddfacf69a871c8b054165faa9af9f6c8eb
204,37.856557,7.662399,0.884167,0.748851,13.845504838749724,True,0.3045757251420655,False,30842b15eefb0ef7e36cbdea86a9efddfacf69a871c8b054165faa9af9f6c8eb
205,38.927791,6.15718,0.427698,0.476332,19.06030416542315,True,0.4192917506600878,False,30842b15eefb0ef7e36cbdea86a9efddfacf69a871c8b054165faa9af9f6c8eb
206,29.309653,6.689208,0.902681,0.628352,17.15410631109685,True,0.377358892269775,False,30842b15eefb0ef7e36cbdea86a9efddfacf69a871c8b054165faa9af9f6c8eb
207,33.105589,9.289078,0.280571,0.102969,8.873201127359167,True,0.19519415862201656,True,30842b15eefb0ef7e36cbdea86a9efddfacf69a871c8b054165faa9af9f6c8eb
208,35.756657,5.681404,0.40713,0.80931,20.82075648273567,True,0.45801847441398374,False,30842b15eefb0ef7e36cbdea86a9efddfacf69a871c8b054165faa9af9f6c8eb
209,28.689491,9.295962,0.825645,0.252048,8.853758819835912,True,0.1947664634977653,True,30842b15eefb0ef7e36cbdea86a9efddfacf69a871c8b054165faa9af9f6c8eb
210,32.429887,13.326369,0.718708,0.930731,0.0,False,0.0,True,30842b15eefb0ef7e36cbdea86a9efddfacf69a871c8b054165faa9af9f6c8eb
211,40.312944,7.95392,0.346758,0.348276,12.901264802929806,True,0.28380417531651275,False,30842b15eefb0ef7e36cbdea86a9efddfacf69a871c8b054165faa9af9f6c8eb
212,32.238174,11.666214,1.203049,0.120717,3.0939479323438426,True,0.0680611827463357,True,30842b15eefb0ef7e36cbdea86a9efddfacf69a871c8b054165faa9af9f6c8eb
213,33.843497,6.453341,1.046701,0.75005,17.990927160987837,True,0.3957674169236556,False,30842b15eefb0ef7e36cbdea86a9efddfacf69a871c8b054165faa9af9f6c8eb
214,36.302308,2.173535,0.148015,0.138632,35.29424382565481,True,0.7764086634424525,False,30842b15eefb0ef7e36cbdea86a9efddfacf69a871c8b054165faa9af9f6c8eb
215,32.64853,8.476891,0.078441,0.182537,11.26410983815798,True,0.24778976729220126,False,30842b15eefb0ef7e36cbdea86a9efddfacf69a871c8b054165faa9af9f6c8eb
216,39.160571,11.439396,0.750945,0.782727,3.555781652851109,True,0.07822067797289334,True,30842b15eefb0ef7e36cbdea86a9efddfacf69a871c8b054165faa9af9f6c8eb
217,33.254664,0.260127,1.247949,0.838363,44.19727902023911,True,0.9722591168521896,False,30842b15eefb0ef7e36cbdea86a9efddfacf69a871c8b054165faa9af9f6c8eb
218,37.408397,1.489636,1.388607,0.719017,35.535921725181296,True,0.781725134192806,False,30842b15eefb0ef7e36cbdea86a9efddfacf69a871c8b054165faa9af9f6c8eb
219,30.407936,8.413413,0.47014,0.736115,11.458857139582106,True,0.25207385091656337,False,30842b15eefb0ef7e36cbdea86a9efddfacf69a871c8b054165faa9af9f6c8eb
220,38.235905,3.69753,0.404657,0.287268,28.69680147039285,True,0.6312770259298154,False,30842b15eefb0ef7e36cbdea86a9efddfacf69a871c8b054165faa9af9f6c8eb
221,33.383638,9.760294,0.536168,0.202681,7.575740117384921,True,0.16665239488289474,True,30842b15eefb0ef7e36cbdea86a9efddfacf69a871c8b054165faa9af9f6c8eb
222,40.715807,13.953014,1.355473,0.297322,0.0,False,0.0,True,30842b15eefb0ef7e36cbdea86a9efddfacf69a871c8b054165faa9af9f6c8eb
223,41.014702,8.227391,0.42643,0.338543,12.035930424256268,True,0.26476840529986295,False,30842b15eefb0ef7e36cbdea86a9efddfacf69a871c8b054165faa9af9f6c8eb
224,35.82629,0.679906,1.291905,0.228252,40.70181640675818,True,0.8953653471697492,False,30842b15eefb0ef7e36cbdea86a9efddfacf69a871c8b054165faa9af9f6c8eb
225,30.330417,2.793451,0.378364,0.164041,32.5558693507377,True,0.7161694449291522,False,30842b15eefb0ef7e36cbdea86a9efddfacf69a871c8b054165faa9af9f6c8eb
226,32.013046,11.937775,0.156257,0.862895,2.569955045081024,True,0.05653429980013253,True,30842b15eefb0ef7e36cbdea86a9efddfacf69a871c8b054165faa9af9f6c8eb
227,37.691449,4.554892,0.844718,0.704732,25.19021346000984,True,0.5541385179103907,False,30842b15eefb0ef7e36cbdea86a9efddfacf69a871c8b054165faa9af9f6c8eb
228,35.580066,13.180165,0.772422,0.838125,0.0,False,0.0,True,30842b15eefb0ef7e36cbdea86a9efddfacf69a871c8b054165faa9af9f6c8eb
229,39.471985,7.040443,1.305933,0.659087,15.93286401715517,True,0.35049380056070045,False,30842b15eefb0ef7e36cbdea86a9efddfacf69a871c8b054165faa9af9f6c8eb
230,35.066315,13.572084,0.754674,0.062555,0.0,False,0.0,True,30842b15eefb0ef7e36cbdea86a9efddfacf69a871c8b054165faa9af9f6c8eb
231,39.870927,5.508395,0.446945,0.422391,21.47366291752358,True,0.47238121908392855,False,30842b15eefb0ef7e36cbdea86a9efddfacf69a871c8b054165faa9af9f6c8eb
232,28.216135,12.176204,0.241416,0.721063,2.137400189997128,True,0.04701888593944188,True,30842b15eefb0ef7e36cbdea86a9efddfacf69a871c8b054165faa9af9f6c8eb
233,37.071725,0.910097,0.037195,0.680611,38.16407561999745,True,0.8395397019981109,False,30842b15eefb0ef7e36cbdea86a9efddfacf69a871c8b054165faa9af9f6c8eb
234,29.866504,5.346273,0.373776,0.494934,22.091552681784346,True,0.48597366119415625,False,30842b15eefb0ef7e36cbdea86a9efddfacf69a871c8b054165faa9af9f6c8eb
235,31.339192,10.531484,1.282213,0.497384,5.605792377148055,True,0.12331715586760161,True,30842b15eefb0ef7e36cbdea86a9efddfacf69a871c8b054165faa9af9f6c8eb
236,28.452281,9.341979,0.22654,0.150862,8.724159933845916,True,0.19191552558414487,True,30842b15eefb0ef7e36cbdea86a9efddfacf69a871c8b054165faa9af9f6c8eb
237,39.79241,2.283657,0.573788,0.899154,23.671297377224473,True,0.5207251485365605,False,30842b15eefb0ef7e36cbdea86a9efddfacf69a871c8b054165faa9af9f6c8eb
238,33.630082,10.142714,0.298764,0.736635,6.5742197519654715,True,0.14462078281133947,True,30842b15eefb0ef7e36cbdea86a9efddfacf69a871c8b054165faa9af9f6c8eb
239,35.499806,9.141313,1.438529,0.220142,9.293939455390795,True,0.2044496305493851,False,30842b15eefb0ef7e36cbdea86a9efddfacf69a871c8b054165faa9af9f6c8eb
240,39.835999,9.190003,0.543757,0.097349,9.154585045855592,True,0.2013840890014063,False,30842b15eefb0ef7e36cbdea86a9efddfacf69a871c8b054165faa9af9f6c8eb
241,31.652475,10.4366,0.620101,0.42316,5.837384745355787,True,0.12841176341754254,True,30842b15eefb0ef7e36cbdea86a9efddfacf69a871c8b054165faa9af9f6c8eb
242,31.113744,2.461483,1.331396,0.25797,34.01311807694357,True,0.7482262455056332,False,30842b15eefb0ef7e36cbdea86a9efddfacf69a871c8b054165faa9af9f6c8eb
243,36.835226,5.63482,1.045826,0.08941,20.99589494319028,True,0.46187119948356264,False,30842b15eefb0ef7e36cbdea86a9efddfacf69a871c8b054165faa9af9f6c8eb
244,36.167795,6.627097,1.465298,0.936198,17.373176655933424,True,0.38217803826068036,False,30842b15eefb0ef7e36cbdea86a9efddfacf69a871c8b054165faa9af9f6c8eb
245,28.341335,7.269334,0.830363,0.819618,15.153345141850076,True,0.3333458143028432,False,30842b15eefb0ef7e36cbdea86a9efddfacf69a871c8b054165faa9af9f6c8eb
246,34.16681,13.201555,0.781139,0.392937,0.0,False,0.0,True,30842b15eefb0ef7e36cbdea86a9efddfacf69a871c8b054165faa9af9f6c8eb
247,33.440075,2.333123,0.889554,0.583229,34.58226100603525,True,0.7607463466038921,False,30842b15eefb0ef7e36cbdea86a9efddfacf69a871c8b054165faa9af9f6c8eb
248,34.606614,1.546204,0.932153,0.549977,38.13941932082178,True,0.8389973086156948,False,30842b15eefb0ef7e36cbdea86a9efddfacf69a871c8b054165faa9af9f6c8eb
249,28.30778,7.199583,0.646918,0.696174,15.389509281642463,True,0.3385409924467637,False,30842b15eefb0ef7e36cbdea86a9efddfacf69a871c8b054165faa9af9f6c8eb
250,37.374818,4.334762,1.485683,0.743245,26.075958694047724,True,0.5736232893282728,False,30842b15eefb0ef7e36cbdea86a9efddfacf69a871c8b054165faa9af9f6c8eb
251,33.085418,12.676656,0.425608,0.660654,1.321084461099067,True,0.02906143635781633,True,30842b15eefb0ef7e36cbdea86a9efddfacf69a871c8b054165faa9af9f6c8eb
252,31.531924,9.019731,1.466279,0.15621,9.644965019264456,True,0.21217154946136296,False,30842b15eefb0ef7e36cbdea86a9efddfacf69a871c8b054165faa9af9f6c8eb
253,29.278669,8.843717,0.921533,0.723857,10.16076889250263,True,0.22351828911096533,False,30842b15eefb0ef7e36cbdea86a9efddfacf69a871c8b054165faa9af9f6c8eb
254,36.622016,10.203785,0.468204,0.186507,6.418708553838485,True,0.14119982153265231,True,30842b15eefb0ef7e36cbdea86a9efddfacf69a871c8b054165faa9af9f6c8eb
255,28.234916,9.938299,1.240549,0.525545,7.103679847384372,True,0.15626793431459668,True,30842b15eefb0ef7e36cbdea86a9efddfacf69a871c8b054165faa9af9f6c8eb
256,33.115068,4.768318,0.723593,0.152166,24.341240620743687,True,0.5354626717670473,False,30842b15eefb0ef7e36cbdea86a9efddfacf69a871c8b054165faa9af9f6c8eb
257,37.995037,2.836556,0.385431,0.177246,32.368215179315385,True,0.7120413971618418,False,30842b15eefb0ef7e36cbdea86a9efddfacf69a871c8b054165faa9af9f6c8eb
258,39.525764,1.990067,0.835632,0.976739,25.179040934569862,True,0.5538927428319678,False,30842b15eefb0ef7e36cbdea86a9efddfacf69a871c8b054165faa9af9f6c8eb
259,37.592995,0.561782,0.490858,0.099014,35.68463730856759,True,0.7849966044047867,False,30842b15eefb0ef7e36cbdea86a9efddfacf69a871c8b054165faa9af9f6c8eb
260,29.682579,2.066439,1.067749,0.165816,35.77474455929087,True,0.7869787987378379,False,30842b15eefb0ef7e36cbdea86a9efddfacf69a871c8b054165faa9af9f6c8eb
261,35.54912,1.316901,0.040928,0.893697,39.197604715410826,True,0.8622754474517508,False,30842b15eefb0ef7e36cbdea86a9efddfacf69a871c8b054165faa9af9f6c8eb
262,37.164284,4.466769,0.987104,0.480307,25.543572087974564,True,0.5619117599554443,False,30842b15eefb0ef7e36cbdea86a9efddfacf69a871c8b054165faa9af9f6c8eb
263,41.441434,7.387325,0.298413,0.582909,0.0,False,0.0,True,30842b15eefb0ef7e36cbdea86a9efddfacf69a871c8b054165faa9af9f6c8eb
264,36.734034,1.614923,1.148298,0.58093,37.82418002220312,True,0.8320626219366408,False,30842b15eefb0ef7e36cbdea86a9efddfacf69a871c8b054165faa9af9f6c8eb
265,31.631196,7.036166,0.286121,0.26197,15.947553600402818,True,0.35081694446349015,False,30842b15eefb0ef7e36cbdea86a9efddfacf69a871c8b054165faa9af9f6c8eb
266,28.951544,11.053911,0.779396,0.840662,4.38823876068091,True,0.09653320830095496,True,30842b15eefb0ef7e36cbdea86a9efddfacf69a871c8b054165faa9af9f6c8eb
267,28.605288,2.120246,1.262571,0.300106,35.533061432336865,True,0.7816622129936618,False,30842b15eefb0ef7e36cbdea86a9efddfacf69a871c8b054165faa9af9f6c8eb
268,36.641489,2.86146,0.82655,0.812304,32.259962525561185,True,0.7096600372259108,False,30842b15eefb0ef7e36cbdea86a9efddfacf69a871c8b054165faa9af9f6c8eb
269,37.159566,8.024979,0.70141,0.510328,12.674493393779215,True,0.2788156200281405,False,30842b15eefb0ef7e36cbdea86a9efddfacf69a871c8b054165faa9af9f6c8eb
270,41.55999,13.998794,1.254813,0.506739,0.0,False,0.0,True,30842b15eefb0ef7e36cbdea86a9efddfacf69a871c8b054165faa9af9f6c8eb
271,38.929736,10.363094,0.470094,0.455376,6.0189338442544384,True,0.1324055107810326,True,30842b15eefb0ef7e36cbdea86a9efddfacf69a871c8b054165faa9af9f6c8eb
272,38.017829,5.803645,0.237359,0.777667,20.363508009616524,True,0.4479598462243783,False,30842b15eefb0ef7e36cbdea86a9efddfacf69a871c8b054165faa9af9f6c8eb
273,38.918886,13.467244,0.060809,0.829628,0.0,False,0.0,True,30842b15eefb0ef7e36cbdea86a9efddfacf69a871c8b054165faa9af9f6c8eb
274,28.859765,11.497298,1.498972,0.883871,3.435857681373243,True,0.07558257044267448,True,30842b15eefb0ef7e36cbdea86a9efddfacf69a871c8b054165faa9af9f6c8eb
275,29.133242,2.3857,1.011316,0.290025,34.34875616295288,True,0.7556096681126209,False,30842b15eefb0ef7e36cbdea86a9efddfacf69a871c8b054165faa9af9f6c8eb
276,31.730851,7.762952,1.262217,0.176807,13.51730412029075,True,0.29735591098714764,False,30842b15eefb0ef7e36cbdea86a9efddfacf69a871c8b054165faa9af9f6c8eb
277,37.679267,11.061154,0.989002,0.105916,4.372065893886679,True,0.09617743487926704,True,30842b15eefb0ef7e36cbdea86a9efddfacf69a871c8b054165faa9af9f6c8eb
278,40.652081,10.907454,1.485579,0.926958,0.0,False,0.0,True,30842b15eefb0ef7e36cbdea86a9efddfacf69a871c8b054165faa9af9f6c8eb
279,39.551942,10.547212,0.872829,0.810825,5.567706401439644,True,0.12247933422048715,True,30842b15eefb0ef7e36cbdea86a9efddfacf69a871c8b054165faa9af9f6c8eb
280,30.488863,12.937452,1.153186,0.381416,0.0,False,0.0,True,30842b15eefb0ef7e36cbdea86a9efddfacf69a871c8b054165faa9af9f6c8eb
281,39.683869,6.264782,0.325956,0.533238,18.669397049430245,True,0.41069251071157287,False,30842b15eefb0ef7e36cbdea86a9efddfacf69a871c8b054165faa9af9f6c8eb
282,29.744502,4.394314,0.062088,0.887836,25.835331246365456,True,0.5683299265928241,False,30842b15eefb0ef7e36cbdea86a9efddfacf69a871c8b054165faa9af9f6c8eb
283,37.627738,3.827679,0.738494,0.146138,28.15474122217666,True,0.6193526941633731,False,30842b15eefb0ef7e36cbdea86a9efddfacf69a871c8b054165faa9af9f6c8eb
284,37.082121,5.116236,0.577207,0.445284,22.978251294165016,True,0.5054794051878648,False,30842b15eefb0ef7e36cbdea86a9efddfacf69a871c8b054165faa9af9f6c8eb
285,41.415119,8.885224,1.337179,0.7497,0.0,False,0.0,True,30842b15eefb0ef7e36cbdea86a9efddfacf69a871c8b054165faa9af9f6c8eb
286,37.90158,0.923353,0.670101,0.821913,34.172973998499124,True,0.7517427827350863,False,30842b15eefb0ef7e36cbdea86a9efddfacf69a871c8b054165faa9af9f6c8eb
287,35.533744,10.417168,0.74052,0.106648,5.885198587151788,True,0.1294635802856489,True,30842b15eefb0ef7e36cbdea86a9efddfacf69a871c8b054165faa9af9f6c8eb
288,41.11795,1.648147,1.025862,0.455886,12.88568454491826,True,0.28346143820168496,False,30842b15eefb0ef7e36cbdea86a9efddfacf69a871c8b054165faa9af9f6c8eb
289,35.096398,6.840261,0.296256,0.338107,16.625213902143695,True,0.36572422882809236,False,30842b15eefb0ef7e36cbdea86a9efddfacf69a871c8b054165faa9af9f6c8eb
290,34.07482,13.712177,0.706925,0.869504,0.0,False,0.0,True,30842b15eefb0ef7e36cbdea86a9efddfacf69a871c8b054165faa9af9f6c8eb
291,31.074552,4.288482,0.551906,0.085119,26.263471744466088,True,0.5777482326921964,False,30842b15eefb0ef7e36cbdea86a9efddfacf69a871c8b054165faa9af9f6c8eb
292,38.600949,10.615695,1.196884,0.842287,5.402884689105265,True,0.11885355869709109,True,30842b15eefb0ef7e36cbdea86a9efddfacf69a871c8b054165faa9af9f6c8eb
293,29.695125,10.032324,0.634143,0.747582,6.858446513650601,True,0.15087325052943582,True,30842b15eefb0ef7e36cbdea86a9efddfacf69a871c8b054165faa9af9f6c8eb
294,28.034693,9.610813,0.494272,0.932346,7.97990243769617,True,0.1755432250272302,True,30842b15eefb0ef7e36cbdea86a9efddfacf69a871c8b054165faa9af9f6c8eb
295,29.509496,5.425568,0.978363,0.407739,21.78860853050391,True,0.47930944521731805,False,30842b15eefb0ef7e36cbdea86a9efddfacf69a871c8b054165faa9af9f6c8eb
296,41.340045,11.347232,1.149373,0.132241,0.0,False,0.0,True,30842b15eefb0ef7e36cbdea86a9efddfacf69a871c8b054165faa9af9f6c8eb
297,38.336786,11.279441,0.587971,0.957902,3.894114154127561,True,0.08566337277640833,True,30842b15eefb0ef7e36cbdea86a9efddfacf69a871c8b054165faa9af9f6c8eb
298,32.58945,0.716813,0.047567,0.909994,42.012147865531965,True,0.9241902371886044,False,30842b15eefb0ef7e36cbdea86a9efddfacf69a871c8b054165faa9af9f6c8eb
299,32.985478,7.942749,0.578538,0.269354,12.93703671941972,True,0.28459109190290865,False,30842b15eefb0ef7e36cbdea86a9efddfacf69a871c8b054165faa9af9f6c8eb
300,29.532742,5.200309,1.033481,0.414409,22.65283641013413,True,0.4983208742834274,False,30842b15eefb0ef7e36cbdea86a9efddfacf69a871c8b054165faa9af9f6c8eb
301,31.219033,6.767946,1.176543,0.527731,16.877726530356227,True,0.3712790437475248,False,30842b15eefb0ef7e36cbdea86a9efddfacf69a871c8b054165faa9af9f6c8eb
302,36.541186,9.307176,0.979749,0.819197,8.82211785871738,True,0.19407042035675268,True,30842b15eefb0ef7e36cbdea86a9efddfacf69a871c8b054165faa9af9f6c8eb
303,35.173091,11.130306,0.045648,0.271756,4.21866305769273,True,0.09280285369809857,True,30842b15eefb0ef7e36cbdea86a9efddfacf69a871c8b054165faa9af9f6c8eb
304,31.670648,13.347615,0.321652,0.464061,0.0,False,0.0,True,30842b15eefb0ef7e36cbdea86a9efddfacf69a871c8b054165faa9af9f6c8eb
305,33.902139,7.929496,1.239133,0.571854,12.979518440228139,True,0.2855256118840288,False,30842b15eefb0ef7e36cbdea86a9efddfacf69a871c8b054165faa9af9f6c8eb
306,32.588269,13.965977,1.274495,0.619394,0.0,False,0.0,True,30842b15eefb0ef7e36cbdea86a9efddfacf69a871c8b054165faa9af9f6c8eb
307,33.849592,7.954951,1.264289,0.298886,12.897964986283393,True,0.2837315853994514,False,30842b15eefb0ef7e36cbdea86a9efddfacf69a871c8b054165faa9af9f6c8eb
308,35.823559,3.089774,0.03493,0.727861,31.273182242414833,True,0.6879526799431313,False,30842b15eefb0ef7e36cbdea86a9efddfacf69a871c8b054165faa9af9f6c8eb
309,41.462569,11.600211,0.117023,0.774213,0.0,False,0.0,True,30842b15eefb0ef7e36cbdea86a9efddfacf69a871c8b054165faa9af9f6c8eb
310,39.204641,4.877396,0.193565,0.608608,23.911107394883576,True,0.5260005293099963,False,30842b15eefb0ef7e36cbdea86a9efddfacf69a871c8b054165faa9af9f6c8eb
311,40.130172,13.044802,0.862621,0.402845,0.0,False,0.0,True,30842b15eefb0ef7e36cbdea86a9efddfacf69a871c8b054165faa9af9f6c8eb
312,29.428068,7.892947,0.726548,0.766177,13.096914396563546,True,0.28810810771542184,False,30842b15eefb0ef7e36cbdea86a9efddfacf69a871c8b054165faa9af9f6c8eb
313,37.643635,1.960421,0.539361,0.290492,35.42443977151984,True,0.7792727355788052,False,30842b15eefb0ef7e36cbdea86a9efddfacf69a871c8b054165faa9af9f6c8eb
314,32.051253,8.67472,0.46237,0.460081,10.664368092920364,True,0.2345965483318871,False,30842b15eefb0ef7e36cbdea86a9efddfacf69a871c8b054165faa9af9f6c8eb
315,33.684612,7.548633,0.197338,0.897358,14.219983024058745,True,0.3128135587327314,False,30842b15eefb0ef7e36cbdea86a9efddfacf69a871c8b054165faa9af9f6c8eb
316,31.14523,9.170808,0.842229,0.979746,9.209438756233645,True,0.2025907700729675,False,30842b15eefb0ef7e36cbdea86a9efddfacf69a871c8b054165faa9af9f6c8eb
317,34.382862,6.71237,1.473348,0.900847,17.07264963485086,True,0.3755669947171592,False,30842b15eefb0ef7e36cbdea86a9efddfacf69a871c8b054165faa9af9f6c8eb
318,30.608597,6.295202,1.12015,0.055033,18.55937474702102,True,0.40827222174931677,False,30842b15eefb0ef7e36cbdea86a9efddfacf69a871c8b054165faa9af9f6c8eb
319,35.810796,1.638836,1.115928,0.945612,37.71468701528646,True,0.8296539765049269,False,30842b15eefb0ef7e36cbdea86a9efddfacf69a871c8b054165faa9af9f6c8eb
320,32.874532,6.051673,1.133554,0.60032,19.446213266973864,True,0.42778104345313733,False,30842b15eefb0ef7e36cbdea86a9efddfacf69a871c8b054165faa9af9f6c8eb
321,30.992037,13.357524,1.121623,0.998923,0.0,False,0.0,True,30842b15eefb0ef7e36cbdea86a9efddfacf69a871c8b054165faa9af9f6c8eb
322,40.354788,11.140274,1.469012,0.746479,0.0,False,0.0,True,30842b15eefb0ef7e36cbdea86a9efddfacf69a871c8b054165faa9af9f6c8eb
323,38.221245,0.600818,0.682264,0.307292,32.670841684201555,True,0.7186986255003094,False,30842b15eefb0ef7e36cbdea86a9efddfacf69a871c8b054165faa9af9f6c8eb
324,35.749951,4.15205,0.929112,0.054175,26.81885348970333,True,0.5899656129723924,False,30842b15eefb0ef7e36cbdea86a9efddfacf69a871c8b054165faa9af9f6c8eb
325,31.432138,7.708832,1.370278,0.196055,13.69362339190012,True,0.3012346117374913,False,30842b15eefb0ef7e36cbdea86a9efddfacf69a871c8b054165faa9af9f6c8eb
326,29.85234,1.175789,0.942932,0.310557,39.85358900761059,True,0.876705899342488,False,30842b15eefb0ef7e36cbdea86a9efddfacf69a871c8b054165faa9af9f6c8eb
327,32.212849,13.7538,0.205482,0.266319,0.0,False,0.0,True,30842b15eefb0ef7e36cbdea86a9efddfacf69a871c8b054165faa9af9f6c8eb
328,39.31614,8.065592,0.340698,0.198527,12.545487947021629,True,0.2759777366897518,False,30842b15eefb0ef7e36cbdea86a9efddfacf69a871c8b054165faa9af9f6c8eb
329,29.273335,11.734186,0.487718,0.713159,2.9597691501165246,True,0.06510949551127096,True,30842b15eefb0ef7e36cbdea86a9efddfacf69a871c8b054165faa9af9f6c8eb
330,37.123338,9.737611,0.98945,0.694684,7.636618212836355,True,0.16799160138228467,True,30842b15eefb0ef7e36cbdea86a9efddfacf69a871c8b054165faa9af9f6c8eb
331,37.65477,10.951671,0.091255,0.064267,4.618641057884905,True,0.10160163647042873,True,30842b15eefb0ef7e36cbdea86a9efddfacf69a871c8b054165faa9af9f6c8eb
332,37.412212,10.154221,1.029366,0.533597,6.544823526441764,True,0.14397411973840732,True,30842b15eefb0ef7e36cbdea86a9efddfacf69a871c8b054165faa9af9f6c8eb
333,37.080308,2.252734,0.45127,0.121846,34.94030241935654,True,0.7686226013423989,False,30842b15eefb0ef7e36cbdea86a9efddfacf69a871c8b054165faa9af9f6c8eb
334,41.19138,8.594381,1.477812,0.190521,0.0,False,0.0,True,30842b15eefb0ef7e36cbdea86a9efddfacf69a871c8b054165faa9af9f6c8eb
335,31.801399,6.804778,1.444768,0.104957,16.74895641918011,True,0.3684463373605158,False,30842b15eefb0ef7e36cbdea86a9efddfacf69a871c8b054165faa9af9f6c8eb
336,36.667514,10.211319,1.230391,0.902658,6.399610103497753,True,0.14077969063606424,True,30842b15eefb0ef7e36cbdea86a9efddfacf69a871c8b054165faa9af9f6c8eb
337,36.196278,1.873051,0.371631,0.487855,36.64787370163341,True,0.8061860392659963,False,30842b15eefb0ef7e36cbdea86a9efddfacf69a871c8b054165faa9af9f6c8eb
338,39.864526,13.695532,1.425971,0.079601,0.0,False,0.0,True,30842b15eefb0ef7e36cbdea86a9efddfacf69a871c8b054165faa9af9f6c8eb
339,39.168613,12.785096,0.568253,0.360002,0.0,False,0.0,True,30842b15eefb0ef7e36cbdea86a9efddfacf69a871c8b054165faa9af9f6c8eb
340,38.571812,4.867433,0.732161,0.752847,23.950288871065137,True,0.5268624499592699,False,30842b15eefb0ef7e36cbdea86a9efddfacf69a871c8b054165faa9af9f6c8eb
341,38.630764,5.807863,0.78313,0.754265,20.34779085999479,True,0.44761409774507344,False,30842b15eefb0ef7e36cbdea86a9efddfacf69a871c8b054165faa9af9f6c8eb
342,28.404771,13.005653,0.282641,0.117791,0.0,False,0.0,True,30842b15eefb0ef7e36cbdea86a9efddfacf69a871c8b054165faa9af9f6c8eb
343,41.507929,10.935354,0.375169,0.10773,0.0,False,0.0,True,30842b15eefb0ef7e36cbdea86a9efddfacf69a871c8b054165faa9af9f6c8eb
344,32.359104,7.991825,0.793957,0.785311,12.780131314070802,True,0.2811394606211726,False,30842b15eefb0ef7e36cbdea86a9efddfacf69a871c8b054165faa9af9f6c8eb
345,35.039693,10.28884,0.015733,0.693617,6.204202626361329,True,0.13648108435625292,True,30842b15eefb0ef7e36cbdea86a9efddfacf69a871c8b054165faa9af9f6c8eb
346,31.665218,6.835385,1.340518,0.424718,16.642200207777627,True,0.36609789641307344,False,30842b15eefb0ef7e36cbdea86a9efddfacf69a871c8b054165faa9af9f6c8eb
347,30.542059,6.812094,0.392851,0.375733,16.723417760645567,True,0.36788453368972845,False,30842b15eefb0ef7e36cbdea86a9efddfacf69a871c8b054165faa9af9f6c8eb
348,28.805947,0.442749,1.307749,0.574672,42.889787524436606,True,0.9434967008125379,False,30842b15eefb0ef7e36cbdea86a9efddfacf69a871c8b054165faa9af9f6c8eb
349,37.380977,2.330771,0.438496,0.25559,34.59271902026007,True,0.7609764037454096,False,30842b15eefb0ef7e36cbdea86a9efddfacf69a871c8b054165faa9af9f6c8eb
350,29.749736,2.264155,0.01768,0.224961,34.88935998912874,True,0.7675019612640606,False,30842b15eefb0ef7e36cbdea86a9efddfacf69a871c8b054165faa9af9f6c8eb
351,41.517994,3.059778,1.157405,0.390204,0.0,False,0.0,True,30842b15eefb0ef7e36cbdea86a9efddfacf69a871c8b054165faa9af9f6c8eb
352,36.073214,8.579436,1.209085,0.798582,10.951867226353773,True,0.24092100222959728,False,30842b15eefb0ef7e36cbdea86a9efddfacf69a871c8b054165faa9af9f6c8eb
353,39.437886,10.349652,1.021232,0.995665,6.05233361606713,True,0.13314024453309914,True,30842b15eefb0ef7e36cbdea86a9efddfacf69a871c8b054165faa9af9f6c8eb
354,39.781615,3.865418,1.354152,0.992243,22.964471746404385,True,0.5051762803975302,False,30842b15eefb0ef7e36cbdea86a9efddfacf69a871c8b054165faa9af9f6c8eb
355,30.8895,1.01151,0.749255,0.096016,40.62182696224506,True,0.8936057260255561,False,30842b15eefb0ef7e36cbdea86a9efddfacf69a871c8b054165faa9af9f6c8eb
356,30.442204,12.402621,0.329108,0.41259,1.751997214542763,True,0.038540726992691406,True,30842b15eefb0ef7e36cbdea86a9efddfacf69a871c8b054165faa9af9f6c8eb
357,33.304268,11.502263,1.202739,0.235814,3.4256383844357647,True,0.07535776464386652,True,30842b15eefb0ef7e36cbdea86a9efddfacf69a871c8b054165faa9af9f6c8eb
358,29.456762,4.375091,0.932818,0.137425,25.91292293887796,True,0.5700368015885162,False,30842b15eefb0ef7e36cbdea86a9efddfacf69a871c8b054165faa9af9f6c8eb
359,40.741608,7.759502,0.721043,0.691379,13.528521241172303,True,0.2976026670835338,False,30842b15eefb0ef7e36cbdea86a9efddfacf69a871c8b054165faa9af9f6c8eb
360,36.848855,5.848103,1.271261,0.584883,20.19805176379274,True,0.4443201121274298,False,30842b15eefb0ef7e36cbdea86a9efddfacf69a871c8b054165faa9af9f6c8eb
361,35.162033,3.179842,1.159597,0.627323,30.886724844572615,True,0.6794513256367947,False,30842b15eefb0ef7e36cbdea86a9efddfacf69a871c8b054165faa9af9f6c8eb
362,32.901247,6.116985,0.271522,0.824955,19.20701983117574,True,0.4225192263503372,False,30842b15eefb0ef7e36cbdea86a9efddfacf69a871c8b054165faa9af9f6c8eb
363,31.236321,10.833172,0.517654,0.46854,4.890555249891624,True,0.10758325022676352,True,30842b15eefb0ef7e36cbdea86a9efddfacf69a871c8b054165faa9af9f6c8eb
364,30.025969,10.033918,1.295648,0.943843,6.854313893323434,True,0.15078234045807742,True,30842b15eefb0ef7e36cbdea86a9efddfacf69a871c8b054165faa9af9f6c8eb
365,29.921719,6.238366,1.111297,0.211993,18.765113472940342,True,0.41279809656330735,False,30842b15eefb0ef7e36cbdea86a9efddfacf69a871c8b054165faa9af9f6c8eb
366,33.427591,8.102969,1.413075,0.851315,12.427150890925038,True,0.2733745383888185,False,30842b15eefb0ef7e36cbdea86a9efddfacf69a871c8b054165faa9af9f6c8eb
367,35.795701,1.105486,0.047242,0.711789,40.181756951900816,True,0.8839249925257744,False,30842b15eefb0ef7e36cbdea86a9efddfacf69a871c8b054165faa9af9f6c8eb
368,28.565199,0.698151,1.095607,0.98654,42.100715392683234,True,0.9261385604256626,False,30842b15eefb0ef7e36cbdea86a9efddfacf69a871c8b054165faa9af9f6c8eb
369,35.545187,4.230092,0.019229,0.347889,26.50068906761731,True,0.582966578939336,False,30842b15eefb0ef7e36cbdea86a9efddfacf69a871c8b054165faa9af9f6c8eb
370,38.308105,1.737328,0.985863,0.161083,31.942499164763824,True,0.702676425256033,False,30842b15eefb0ef7e36cbdea86a9efddfacf69a871c8b054165faa9af9f6c8eb
371,33.516991,7.142107,1.198317,0.254843,15.585025331830828,True,0.3428419871346837,False,30842b15eefb0ef7e36cbdea86a9efddfacf69a871c8b054165faa9af9f6c8eb
372,31.108668,2.447816,1.156486,0.731567,34.07356712464593,True,0.7495560137410656,False,30842b15eefb0ef7e36cbdea86a9efddfacf69a871c8b054165faa9af9f6c8eb
373,36.176177,9.807158,1.061202,0.894281,7.450479103394209,True,0.1638968822011559,True,30842b15eefb0ef7e36cbdea86a9efddfacf69a871c8b054165faa9af9f6c8eb
374,40.151094,6.548671,0.204325,0.992126,17.651111743181204,True,0.38829210067493036,False,30842b15eefb0ef7e36cbdea86a9efddfacf69a871c8b054165faa9af9f6c8eb
375,38.747066,7.33461,0.110035,0.215107,14.933438018316176,True,0.32850826071456307,False,30842b15eefb0ef7e36cbdea86a9efddfacf69a871c8b054165faa9af9f6c8eb
376,35.277896,11.243498,0.504789,0.577302,3.971539837835169,True,0.08736659588271685,True,30842b15eefb0ef7e36cbdea86a9efddfacf69a871c8b054165faa9af9f6c8eb
377,36.778131,10.007103,0.467608,0.283176,6.923945111305731,True,0.1523140996070922,True,30842b15eefb0ef7e36cbdea86a9efddfacf69a871c8b054165faa9af9f6c8eb
378,32.986946,10.709061,0.283106,0.657566,5.180852213121004,True,0.11396925125105786,True,30842b15eefb0ef7e36cbdea86a9efddfacf69a871c8b054165faa9af9f6c8eb
379,35.573341,3.902464,0.454084,0.633667,27.844829994336102,True,0.6125352152741216,False,30842b15eefb0ef7e36cbdea86a9efddfacf69a871c8b054165faa9af9f6c8eb
380,29.08038,12.722777,1.073296,0.795728,1.2526263734096381,True,0.027555483924684987,True,30842b15eefb0ef7e36cbdea86a9efddfacf69a871c8b054165faa9af9f6c8eb
381,39.594874,13.564464,1.218298,0.70874,0.0,False,0.0,True,30842b15eefb0ef7e36cbdea86a9efddfacf69a871c8b054165faa9af9f6c8eb
382,39.540024,1.96763,0.170094,0.78465,25.752390468735843,True,0.5665053815303945,False,30842b15eefb0ef7e36cbdea86a9efddfacf69a871c8b054165faa9af9f6c8eb
383,32.098155,2.093599,0.12483,0.223163,35.6526826277368,True,0.7842936600052094,False,30842b15eefb0ef7e36cbdea86a9efddfacf69a871c8b054165faa9af9f6c8eb
384,35.832477,9.29892,0.990666,0.914746,8.845408982619317,True,0.19458278238575955,True,30842b15eefb0ef7e36cbdea86a9efddfacf69a871c8b054165faa9af9f6c8eb
385,28.012585,4.898983,1.097383,0.343481,23.826285626970442,True,0.5241346059095241,False,30842b15eefb0ef7e36cbdea86a9efddfacf69a871c8b054165faa9af9f6c8eb
386,30.417366,5.428789,0.479083,0.629135,21.776332291666613,True,0.47903939046745997,False,30842b15eefb0ef7e36cbdea86a9efddfacf69a871c8b054165faa9af9f6c8eb
387,32.832938,10.600527,0.342781,0.316975,5.439247861062268,True,0.11965348181988493,True,30842b15eefb0ef7e36cbdea86a9efddfacf69a871c8b054165faa9af9f6c8eb
388,37.392152,0.723143,1.076097,0.508971,35.91266413448596,True,0.7900127765606445,False,30842b15eefb0ef7e36cbdea86a9efddfacf69a871c8b054165faa9af9f6c8eb
389,38.270857,11.479289,1.356771,0.3109,3.473010051497506,True,0.07639985447840529,True,30842b15eefb0ef7e36cbdea86a9efddfacf69a871c8b054165faa9af9f6c8eb
390,28.34886,11.169469,0.537321,0.405153,4.13259959525183,True,0.09090961529426576,True,30842b15eefb0ef7e36cbdea86a9efddfacf69a871c8b054165faa9af9f6c8eb
391,30.044363,10.089585,1.390253,0.258255,6.710513131892131,True,0.1476189873193503,True,30842b15eefb0ef7e36cbdea86a9efddfacf69a871c8b054165faa9af9f6c8eb
392,40.129112,0.595051,0.304002,0.773984,21.56489366316072,True,0.4743881282455155,False,30842b15eefb0ef7e36cbdea86a9efddfacf69a871c8b054165faa9af9f6c8eb
393,37.039085,7.863414,0.954286,0.428183,13.192031898239781,True,0.2902005183847432,False,30842b15eefb0ef7e36cbdea86a9efddfacf69a871c8b054165faa9af9f6c8eb
394,28.290889,7.431857,1.099697,0.853228,14.607818181531503,True,0.3213452212252577,False,30842b15eefb0ef7e36cbdea86a9efddfacf69a871c8b054165faa9af9f6c8eb
395,35.857791,11.396513,0.86888,0.766318,3.6454787879653265,True,0.08019385051436101,True,30842b15eefb0ef7e36cbdea86a9efddfacf69a871c8b054165faa9af9f6c8eb
396,40.791761,5.488419,0.125959,0.971771,16.57889449064947,True,0.36470528668706453,False,30842b15eefb0ef7e36cbdea86a9efddfacf69a871c8b054165faa9af9f6c8eb
397,40.136351,6.350477,0.188247,0.603301,18.36001313290823,True,0.4038866317046724,False,30842b15eefb0ef7e36cbdea86a9efddfacf69a871c8b054165faa9af9f6c8eb
398,40.368263,12.425044,1.224956,0.314926,0.0,False,0.0,True,30842b15eefb0ef7e36cbdea86a9efddfacf69a871c8b054165faa9af9f6c8eb
399,31.86653,4.871636,0.134732,0.314399,23.933757131179718,True,0.5264987819874549,False,30842b15eefb0ef7e36cbdea86a9efddfacf69a871c8b054165faa9af9f6c8eb
400,30.398518,1.432106,0.739483,0.605912,38.66475112193956,True,0.8505536452122362,False,30842b15eefb0ef7e36cbdea86a9efddfacf69a871c8b054165faa9af9f6c8eb
401,33.233025,8.097624,0.395871,0.724342,12.444050455432423,True,0.27374629782802773,False,30842b15eefb0ef7e36cbdea86a9efddfacf69a871c8b054165faa9af9f6c8eb
402,41.833182,13.83062,1.04902,0.630118,0.0,False,0.0,True,30842b15eefb0ef7e36cbdea86a9efddfacf69a871c8b054165faa9af9f6c8eb
403,39.509377,7.291254,1.39813,0.25342,15.07937978579268,True,0.33171871206143394,False,30842b15eefb0ef7e36cbdea86a9efddfacf69a871c8b054165faa9af9f6c8eb
404,31.001902,7.234123,0.055201,0.87424,15.272410993869514,True,0.33596504477806455,False,30842b15eefb0ef7e36cbdea86a9efddfacf69a871c8b054165faa9af9f6c8eb
405,41.195611,3.018014,1.207401,0.319868,12.013528844697557,True,0.26427561161571167,False,30842b15eefb0ef7e36cbdea86a9efddfacf69a871c8b054165faa9af9f6c8eb
406,30.138246,5.299825,0.534902,0.491148,22.2696523767899,True,0.48989152799537833,False,30842b15eefb0ef7e36cbdea86a9efddfacf69a871c8b054165faa9af9f6c8eb
407,38.196587,3.051132,0.100772,0.482774,31.439474999955483,True,0.6916108157643738,False,30842b15eefb0ef7e36cbdea86a9efddfacf69a871c8b054165faa9af9f6c8eb
408,38.714089,12.11202,0.378707,0.191759,0.0,False,0.0,True,30842b15eefb0ef7e36cbdea86a9efddfacf69a871c8b054165faa9af9f6c8eb
409,31.808882,3.307211,1.202262,0.521196,30.342960439723942,True,0.6674895055484645,False,30842b15eefb0ef7e36cbdea86a9efddfacf69a871c8b054165faa9af9f6c8eb
410,34.647335,5.749854,1.257374,0.98258,20.564298850733234,True,0.4523768766430777,False,30842b15eefb0ef7e36cbdea86a9efddfacf69a871c8b054165faa9af9f6c8eb
411,28.714763,10.676971,0.923508,0.293096,5.2568145037576794,True,0.11564028239246961,True,30842b15eefb0ef7e36cbdea86a9efddfacf69a871c8b054165faa9af9f6c8eb
412,32.377585,6.320856,1.062364,0.728613,18.46675862902253,True,0.4062348369354178,False,30842b15eefb0ef7e36cbdea86a9efddfacf69a871c8b054165faa9af9f6c8eb
413,31.645645,13.511236,0.004647,0.076643,0.0,False,0.0,True,30842b15eefb0ef7e36cbdea86a9efddfacf69a871c8b054165faa9af9f6c8eb
414,36.434604,0.754159,0.564345,0.394658,39.7524298619669,True,0.874480583581307,False,30842b15eefb0ef7e36cbdea86a9efddfacf69a871c8b054165faa9af9f6c8eb
415,36.914781,0.470779,1.183462,0.457166,37.57466718995143,True,0.8265737970291792,False,30842b15eefb0ef7e36cbdea86a9efddfacf69a871c8b054165faa9af9f6c8eb
416,38.582566,0.883745,0.531703,0.997798,30.997055845250987,True,0.6818784053950723,False,30842b15eefb0ef7e36cbdea86a9efddfacf69a871c8b054165faa9af9f6c8eb
417,33.468049,12.042863,0.727693,0.438496,2.376037532001518,True,0.05226846999820023,True,30842b15eefb0ef7e36cbdea86a9efddfacf69a871c8b054165faa9af9f6c8eb
418,36.894979,4.125031,0.128371,0.671671,26.929300140172227,True,0.5923952368140546,False,30842b15eefb0ef7e36cbdea86a9efddfacf69a871c8b054165faa9af9f6c8eb
419,38.809572,5.759359,0.293074,0.298491,20.528770870143514,True,0.4515953261993075,False,30842b15eefb0ef7e36cbdea86a9efddfacf69a871c8b054165faa9af9f6c8eb
420,29.033419,3.158127,0.225945,0.451594,30.979751438199294,True,0.6814977401620378,False,30842b15eefb0ef7e36cbdea86a9efddfacf69a871c8b054165faa9af9f6c8eb
421,33.026806,12.655155,1.406371,0.733777,1.3534113190893764,True,0.029772567972635236,True,30842b15eefb0ef7e36cbdea86a9efddfacf69a871c8b054165faa9af9f6c8eb
422,37.635359,2.033283,1.104205,0.194481,34.89437732293601,True,0.7676123334101416,False,30842b15eefb0ef7e36cbdea86a9efddfacf69a871c8b054165faa9af9f6c8eb
423,41.101263,6.214843,0.408483,0.80913,13.650155574809908,True,0.3002783994458642,False,30842b15eefb0ef7e36cbdea86a9efddfacf69a871c8b054165faa9af9f6c8eb
424,32.510573,13.165877,1.339107,0.38336,0.0,False,0.0,True,30842b15eefb0ef7e36cbdea86a9efddfacf69a871c8b054165faa9af9f6c8eb
425,39.979047,0.714301,0.663487,0.209832,22.28436671959809,True,0.4902152165631112,False,30842b15eefb0ef7e36cbdea86a9efddfacf69a871c8b054165faa9af9f6c8eb
426,40.709573,3.834009,0.1886,0.45004,17.19326729141153,True,0.3782203620475498,False,30842b15eefb0ef7e36cbdea86a9efddfacf69a871c8b054165faa9af9f6c8eb
427,36.953217,10.687475,0.617299,0.372598,5.231909249590678,True,0.11509241245662356,True,30842b15eefb0ef7e36cbdea86a9efddfacf69a871c8b054165faa9af9f6c8eb
428,28.811712,5.602237,1.459042,0.72343,21.118685183909108,True,0.4645723596826936,False,30842b15eefb0ef7e36cbdea86a9efddfacf69a871c8b054165faa9af9f6c8eb
429,33.041438,11.178717,0.138252,0.129898,4.112362908013078,True,0.09046444527251503,True,30842b15eefb0ef7e36cbdea86a9efddfacf69a871c8b054165faa9af9f6c8eb
430,41.581982,9.383759,0.759339,0.296673,0.0,False,0.0,True,30842b15eefb0ef7e36cbdea86a9efddfacf69a871c8b054165faa9af9f6c8eb
431,41.097621,0.122665,1.040835,0.418838,13.04984605215504,True,0.28707269042320904,False,30842b15eefb0ef7e36cbdea86a9efddfacf69a871c8b054165faa9af9f6c8eb
432,35.098089,0.960193,0.542045,0.466902,40.86280739646863,True,0.8989068538178253,False,30842b15eefb0ef7e36cbdea86a9efddfacf69a871c8b054165faa9af9f6c8eb
433,38.559116,1.49814,0.598497,0.776509,31.05330632909751,True,0.6831158129224019,False,30842b15eefb0ef7e36cbdea86a9efddfacf69a871c8b054165faa9af9f6c8eb
434,34.855127,2.347709,1.084467,0.53792,34.51742885301973,True,0.7593201580865937,False,30842b15eefb0ef7e36cbdea86a9efddfacf69a871c8b054165faa9af9f6c8eb
435,30.963161,4.673963,0.94793,0.322857,24.71537228423449,True,0.5436928825129496,False,30842b15eefb0ef7e36cbdea86a9efddfacf69a871c8b054165faa9af9f6c8eb
436,28.619159,3.546964,1.351299,0.657043,29.328180771395605,True,0.6451662131196102,False,30842b15eefb0ef7e36cbdea86a9efddfacf69a871c8b054165faa9af9f6c8eb
437,32.755122,0.003624,0.393101,0.7835,45.06523233333332,True,0.9913524986251145,False,30842b15eefb0ef7e36cbdea86a9efddfacf69a871c8b054165faa9af9f6c8eb
438,32.174939,10.306749,0.302466,0.357116,6.159347280897424,True,0.1354943489839947,True,30842b15eefb0ef7e36cbdea86a9efddfacf69a871c8b054165faa9af9f6c8eb
439,40.396642,4.364599,0.135139,0.127269,19.72873128885047,True,0.4339959220278748,False,30842b15eefb0ef7e36cbdea86a9efddfacf69a871c8b054165faa9af9f6c8eb
440,39.967832,4.845128,0.096104,0.912501,22.93108932696341,True,0.5044419283658313,False,30842b15eefb0ef7e36cbdea86a9efddfacf69a871c8b054165faa9af9f6c8eb
441,34.453006,11.634753,1.242852,0.458889,3.1567210466765405,True,0.06944207618720165,True,30842b15eefb0ef7e36cbdea86a9efddfacf69a871c8b054165faa9af9f6c8eb
442,41.247043,11.404799,1.107874,0.789088,0.0,False,0.0,True,30842b15eefb0ef7e36cbdea86a9efddfacf69a871c8b054165faa9af9f6c8eb
443,40.692171,10.635704,1.071264,0.500135,0.0,False,0.0,True,30842b15eefb0ef7e36cbdea86a9efddfacf69a871c8b054165faa9af9f6c8eb
444,33.808242,9.165437,0.925751,0.252859,9.224807055851116,True,0.20292884449168364,False,30842b15eefb0ef7e36cbdea86a9efddfacf69a871c8b054165faa9af9f6c8eb
445,32.329635,5.922373,0.730119,0.668345,19.92265194334196,True,0.438261820935112,False,30842b15eefb0ef7e36cbdea86a9efddfacf69a871c8b054165faa9af9f6c8eb
446,35.083992,6.208767,0.530799,0.281579,18.872556916452893,True,0.41516165535735067,False,30842b15eefb0ef7e36cbdea86a9efddfacf69a871c8b054165faa9af9f6c8eb
447,30.098416,9.425571,0.94233,0.075294,8.490373432640464,True,0.18677265113049604,True,30842b15eefb0ef7e36cbdea86a9efddfacf69a871c8b054165faa9af9f6c8eb
448,37.969798,3.569578,0.401397,0.588715,29.233059797140466,True,0.6430737260599187,False,30842b15eefb0ef7e36cbdea86a9efddfacf69a871c8b054165faa9af9f6c8eb
449,32.155924,4.139085,1.017816,0.736831,26.871832157976044,True,0.5911310465549269,False,30842b15eefb0ef7e36cbdea86a9efddfacf69a871c8b054165faa9af9f6c8eb
450,32.703253,6.64449,0.243079,0.184501,17.311736803324624,True,0.3808264741336307,False,30842b15eefb0ef7e36cbdea86a9efddfacf69a871c8b054165faa9af9f6c8eb
451,31.590531,12.332065,0.182834,0.32845,1.8693479170438019,True,0.041122227322686764,True,30842b15eefb0ef7e36cbdea86a9efddfacf69a871c8b054165faa9af9f6c8eb
452,37.680773,12.706003,0.667183,0.624016,0.0,False,0.0,True,30842b15eefb0ef7e36cbdea86a9efddfacf69a871c8b054165faa9af9f6c8eb
453,37.984077,3.997704,1.23409,0.462961,27.45181156945568,True,0.6038895304004918,False,30842b15eefb0ef7e36cbdea86a9efddfacf69a871c8b054165faa9af9f6c8eb
454,38.792549,11.036182,0.6913,0.621638,4.42790966651353,True,0.09740589550533892,True,30842b15eefb0ef7e36cbdea86a9efddfacf69a871c8b054165faa9af9f6c8eb
455,34.961716,5.121258,0.263406,0.616515,22.958769608026216,True,0.5050508438062598,False,30842b15eefb0ef7e36cbdea86a9efddfacf69a871c8b054165faa9af9f6c8eb
456,33.695983,7.146855,0.992581,0.669846,15.568842907238869,True,0.34248600345896696,False,30842b15eefb0ef7e36cbdea86a9efddfacf69a871c8b054165faa9af9f6c8eb
457,38.796047,1.521924,0.183239,0.240151,30.194988925421082,True,0.6642344034923063,False,30842b15eefb0ef7e36cbdea86a9efddfacf69a871c8b054165faa9af9f6c8eb
458,28.097149,4.958091,0.142422,0.647805,23.59454752063794,True,0.5190367923880025,False,30842b15eefb0ef7e36cbdea86a9efddfacf69a871c8b054165faa9af9f6c8eb
459,41.321089,12.113528,1.400783,0.231747,0.0,False,0.0,True,30842b15eefb0ef7e36cbdea86a9efddfacf69a871c8b054165faa9af9f6c8eb
460,37.565525,0.952083,1.304039,0.444305,34.98516434891026,True,0.7696094815525633,False,30842b15eefb0ef7e36cbdea86a9efddfacf69a871c8b054165faa9af9f6c8eb
461,34.092386,4.97646,0.28948,0.60411,23.522684148544034,True,0.5174559299404738,False,30842b15eefb0ef7e36cbdea86a9efddfacf69a871c8b054165faa9af9f6c8eb
462,38.500654,3.751925,0.259315,0.235018,28.469831582669396,True,0.6262841044766871,False,30842b15eefb0ef7e36cbdea86a9efddfacf69a871c8b054165faa9af9f6c8eb
463,36.921183,9.329236,0.273375,0.307865,8.75998457987191,True,0.19270360212367177,True,30842b15eefb0ef7e36cbdea86a9efddfacf69a871c8b054165faa9af9f6c8eb
464,35.484685,8.172044,1.146723,0.82141,12.209443001743614,True,0.26858536392469917,False,30842b15eefb0ef7e36cbdea86a9efddfacf69a871c8b054165faa9af9f6c8eb
465,28.915641,4.039765,0.814549,0.749224,27.27883589531799,True,0.6000843826651072,False,30842b15eefb0ef7e36cbdea86a9efddfacf69a871c8b054165faa9af9f6c8eb
466,30.718078,7.261605,0.564264,0.196801,15.179454108158568,True,0.3339201636991803,False,30842b15eefb0ef7e36cbdea86a9efddfacf69a871c8b054165faa9af9f6c8eb
467,36.321049,13.900686,0.334149,0.94507,0.0,False,0.0,True,30842b15eefb0ef7e36cbdea86a9efddfacf69a871c8b054165faa9af9f6c8eb
468,29.405242,3.874558,1.186112,0.995046,27.960339526989813,True,0.6150762132426725,False,30842b15eefb0ef7e36cbdea86a9efddfacf69a871c8b054165faa9af9f6c8eb
469,35.547646,4.643148,0.072344,0.980268,24.837969852557066,True,0.5463898042725662,False,30842b15eefb0ef7e36cbdea86a9efddfacf69a871c8b054165faa9af9f6c8eb
470,39.92768,13.094232,1.32772,0.246144,0.0,False,0.0,True,30842b15eefb0ef7e36cbdea86a9efddfacf69a871c8b054165faa9af9f6c8eb
471,30.723193,3.185199,0.939378,0.156408,30.863789915568155,True,0.6789467992425627,False,30842b15eefb0ef7e36cbdea86a9efddfacf69a871c8b054165faa9af9f6c8eb
472,33.951043,9.201169,0.734413,0.584075,9.12272616429223,True,0.20068325201009493,False,30842b15eefb0ef7e36cbdea86a9efddfacf69a871c8b054165faa9af9f6c8eb
473,41.638722,9.63638,0.795733,0.876327,0.0,False,0.0,True,30842b15eefb0ef7e36cbdea86a9efddfacf69a871c8b054165faa9af9f6c8eb
474,29.530845,3.676706,0.376778,0.837543,28.783851089539183,True,0.6331919579733645,False,30842b15eefb0ef7e36cbdea86a9efddfacf69a871c8b054165faa9af9f6c8eb
475,35.596949,12.191925,0.674791,0.491339,2.1098234609216666,True,0.046412248452905605,True,30842b15eefb0ef7e36cbdea86a9efddfacf69a871c8b054165faa9af9f6c8eb
476,35.763608,11.777713,0.127575,0.454117,2.8748929240631225,True,0.06324237413154442,True,30842b15eefb0ef7e36cbdea86a9efddfacf69a871c8b054165faa9af9f6c8eb
477,39.719213,7.668235,1.081066,0.563048,13.82638472651699,True,0.3041551177235636,False,30842b15eefb0ef7e36cbdea86a9efddfacf69a871c8b054165faa9af9f6c8eb
478,37.316788,8.383892,0.643379,0.077509,11.549804460804147,True,0.25407452526058627,False,30842b15eefb0ef7e36cbdea86a9efddfacf69a871c8b054165faa9af9f6c8eb
479,37.357178,13.157564,0.481109,0.695832,0.0,False,0.0,True,30842b15eefb0ef7e36cbdea86a9efddfacf69a871c8b054165faa9af9f6c8eb
480,39.929285,1.770585,1.005254,0.57198,22.29327469449115,True,0.49041117568083203,False,30842b15eefb0ef7e36cbdea86a9efddfacf69a871c8b054165faa9af9f6c8eb
481,31.570033,10.462546,0.770833,0.587679,5.7737457697274674,True,0.12701182261545302,True,30842b15eefb0ef7e36cbdea86a9efddfacf69a871c8b054165faa9af9f6c8eb
482,32.622067,10.515063,1.243826,0.844511,5.645648722974895,True,0.12419392241191339,True,30842b15eefb0ef7e36cbdea86a9efddfacf69a871c8b054165faa9af9f6c8eb
483,31.227799,5.51935,0.387353,0.566607,21.432121638399323,True,0.47146738709586056,False,30842b15eefb0ef7e36cbdea86a9efddfacf69a871c8b054165faa9af9f6c8eb
484,31.133593,12.768506,0.873998,0.602238,1.1859596294556107,True,0.026088937769875954,True,30842b15eefb0ef7e36cbdea86a9efddfacf69a871c8b054165faa9af9f6c8eb
485,40.466434,10.495704,0.299007,0.112806,0.0,False,0.0,True,30842b15eefb0ef7e36cbdea86a9efddfacf69a871c8b054165faa9af9f6c8eb
486,35.743052,2.505219,0.444717,0.969749,33.819914672242106,True,0.7439761247789283,False,30842b15eefb0ef7e36cbdea86a9efddfacf69a871c8b054165faa9af9f6c8eb
487,29.767688,3.470619,0.261344,0.912973,29.650069547339317,True,0.6522471761101226,False,30842b15eefb0ef7e36cbdea86a9efddfacf69a871c8b054165faa9af9f6c8eb
488,32.712397,13.407591,0.733918,0.870522,0.0,False,0.0,True,30842b15eefb0ef7e36cbdea86a9efddfacf69a871c8b054165faa9af9f6c8eb
489,38.946925,3.995526,1.013289,0.681648,27.460778505692247,True,0.604086786559683,False,30842b15eefb0ef7e36cbdea86a9efddfacf69a871c8b054165faa9af9f6c8eb
490,28.752752,13.559096,1.164693,0.589903,0.0,False,0.0,True,30842b15eefb0ef7e36cbdea86a9efddfacf69a871c8b054165faa9af9f6c8eb
491,28.934919,11.028154,1.214625,0.101012,4.445912451796168,True,0.0978019237792008,True,30842b15eefb0ef7e36cbdea86a9efddfacf69a871c8b054165faa9af9f6c8eb
492,28.341762,9.494163,0.940236,0.50504,8.30012572360833,True,0.18258755029019247,True,30842b15eefb0ef7e36cbdea86a9efddfacf69a871c8b054165faa9af9f6c8eb
493,41.499847,3.188552,0.800298,0.463719,8.793166787456693,True,0.19343354986155883,True,30842b15eefb0ef7e36cbdea86a9efddfacf69a871c8b054165faa9af9f6c8eb
494,32.516821,12.956567,0.992171,0.365309,0.0,False,0.0,True,30842b15eefb0ef7e36cbdea86a9efddfacf69a871c8b054165faa9af9f6c8eb
495,41.295738,6.692814,0.625225,0.068023,8.71632151217168,True,0.19174309467655395,True,30842b15eefb0ef7e36cbdea86a9efddfacf69a871c8b054165faa9af9f6c8eb
496,33.444149,7.612403,0.428332,0.28129,14.009663941958552,True,0.3081869244793816,False,30842b15eefb0ef7e36cbdea86a9efddfacf69a871c8b054165faa9af9f6c8eb
497,33.709004,11.296024,0.813768,0.391834,3.858563965775651,True,0.0848813338025808,True,30842b15eefb0ef7e36cbdea86a9efddfacf69a871c8b054165faa9af9f6c8eb
498,34.959723,7.649506,0.890139,0.17497,13.88777655603904,True,0.3055056254307397,False,30842b15eefb0ef7e36cbdea86a9efddfacf69a871c8b054165faa9af9f6c8eb
499,29.76104,5.592591,1.266452,0.137941,21.15508225602011,True,0.4653730285467303,False,30842b15eefb0ef7e36cbdea86a9efddfacf69a871c8b054165faa9af9f6c8eb
500,38.65019,0.162052,1.118842,0.363866,30.0514114511019,True,0.6610759622607202,False,30842b15eefb0ef7e36cbdea86a9efddfacf69a871c8b054165faa9af9f6c8eb
501,32.287973,10.671857,0.387923,0.464253,5.268954191586032,True,0.11590733327045354,True,30842b15eefb0ef7e36cbdea86a9efddfacf69a871c8b054165faa9af9f6c8eb
502,37.499568,12.264615,1.138433,0.692743,1.983879155063706,True,0.043641704602684656,True,30842b15eefb0ef7e36cbdea86a9efddfacf69a871c8b054165faa9af9f6c8eb
503,28.460712,13.516905,1.130288,0.988966,0.0,False,0.0,True,30842b15eefb0ef7e36cbdea86a9efddfacf69a871c8b054165faa9af9f6c8eb
504,37.372883,6.283603,0.122373,0.197066,18.601300152272294,True,0.4091945038080066,False,30842b15eefb0ef7e36cbdea86a9efddfacf69a871c8b054165faa9af9f6c8eb
505,32.940009,0.130742,0.70367,0.098024,44.75466333333332,True,0.9845205499541704,False,30842b15eefb0ef7e36cbdea86a9efddfacf69a871c8b054165faa9af9f6c8eb
506,31.885729,6.877487,1.414243,0.125279,16.495722088830917,True,0.3628756463170872,False,30842b15eefb0ef7e36cbdea86a9efddfacf69a871c8b054165faa9af9f6c8eb
507,31.96449,1.991087,0.780506,0.915697,36.11411720446258,True,0.794444374800277,False,30842b15eefb0ef7e36cbdea86a9efddfacf69a871c8b054165faa9af9f6c8eb
508,33.394836,2.761481,1.456169,0.63181,32.695281550169696,True,0.7192362577489211,False,30842b15eefb0ef7e36cbdea86a9efddfacf69a871c8b054165faa9af9f6c8eb
509,30.368784,5.630373,0.437747,0.648602,21.01263955943563,True,0.4622395503450552,False,30842b15eefb0ef7e36cbdea86a9efddfacf69a871c8b054165faa9af9f6c8eb
510,38.695112,0.495196,1.308462,0.197964,29.62060480892793,True,0.651599005879258,False,30842b15eefb0ef7e36cbdea86a9efddfacf69a871c8b054165faa9af9f6c8eb
511,41.756232,3.594878,0.272105,0.801243,0.0,False,0.0,True,30842b15eefb0ef7e36cbdea86a9efddfacf69a871c8b054165faa9af9f6c8eb
512,30.081127,1.824544,0.667435,0.613473,36.867977069213026,True,0.8110279098635315,False,30842b15eefb0ef7e36cbdea86a9efddfacf69a871c8b054165faa9af9f6c8eb
513,31.557435,11.556375,1.395723,0.898255,3.3149218539286847,True,0.07292220393610307,True,30842b15eefb0ef7e36cbdea86a9efddfacf69a871c8b054165faa9af9f6c8eb
514,31.088003,9.789309,0.307754,0.475908,7.498104924839671,True,0.16494456296622562,True,30842b15eefb0ef7e36cbdea86a9efddfacf69a871c8b054165faa9af9f6c8eb
515,29.238753,5.633393,1.255537,0.634753,21.001267646431753,True,0.4619893891057399,False,30842b15eefb0ef7e36cbdea86a9efddfacf69a871c8b054165faa9af9f6c8eb
516,33.491195,8.644617,0.456289,0.211637,10.754921846591184,True,0.2365885649112635,False,30842b15eefb0ef7e36cbdea86a9efddfacf69a871c8b054165faa9af9f6c8eb
517,37.465394,4.858713,0.568123,0.972773,23.984599546909458,True,0.5276172219301807,False,30842b15eefb0ef7e36cbdea86a9efddfacf69a871c8b054165faa9af9f6c8eb
518,38.000384,13.800946,0.693157,0.765222,0.0,False,0.0,True,30842b15eefb0ef7e36cbdea86a9efddfacf69a871c8b054165faa9af9f6c8eb
519,31.681696,12.740271,1.317304,0.799947,1.2269790467386816,True,0.02699128975410483,True,30842b15eefb0ef7e36cbdea86a9efddfacf69a871c8b054165faa9af9f6c8eb
520,36.873989,5.5396,0.028107,0.744515,21.355404414253492,True,0.46977974880117684,False,30842b15eefb0ef7e36cbdea86a9efddfacf69a871c8b054165faa9af9f6c8eb
521,34.783607,5.64722,1.466979,0.136539,20.949227819656606,True,0.4608446083150859,False,30842b15eefb0ef7e36cbdea86a9efddfacf69a871c8b054165faa9af9f6c8eb
522,35.621764,10.375502,0.508124,0.452757,5.988158016078268,True,0.13172849897880703,True,30842b15eefb0ef7e36cbdea86a9efddfacf69a871c8b054165faa9af9f6c8eb
523,34.08847,3.254437,1.250165,0.633008,30.567872797511335,True,0.6724371651148233,False,30842b15eefb0ef7e36cbdea86a9efddfacf69a871c8b054165faa9af9f6c8eb
524,33.801056,3.20616,0.851169,0.67215,30.774104169617594,True,0.6769738772418171,False,30842b15eefb0ef7e36cbdea86a9efddfacf69a871c8b054165faa9af9f6c8eb
525,41.18545,12.920213,0.750768,0.468674,0.0,False,0.0,True,30842b15eefb0ef7e36cbdea86a9efddfacf69a871c8b054165faa9af9f6c8eb
526,28.779651,0.294469,1.226398,0.631245,42.93827087464844,True,0.9445632456384627,False,30842b15eefb0ef7e36cbdea86a9efddfacf69a871c8b054165faa9af9f6c8eb
527,30.983217,3.396142,1.348062,0.758427,29.965208943618535,True,0.6591796651208479,False,30842b15eefb0ef7e36cbdea86a9efddfacf69a871c8b054165faa9af9f6c8eb
528,38.392635,4.723475,0.50127,0.430911,24.51881260334268,True,0.5393689298627172,False,30842b15eefb0ef7e36cbdea86a9efddfacf69a871c8b054165faa9af9f6c8eb
529,38.720362,0.63681,0.112354,0.403508,30.680075485883695,True,0.6749054185712272,False,30842b15eefb0ef7e36cbdea86a9efddfacf69a871c8b054165faa9af9f6c8eb
530,36.046702,13.840226,0.372035,0.725551,0.0,False,0.0,True,30842b15eefb0ef7e36cbdea86a9efddfacf69a871c8b054165faa9af9f6c8eb
531,31.072754,8.986786,0.528356,0.884612,9.740826795276016,True,0.21428033280167227,False,30842b15eefb0ef7e36cbdea86a9efddfacf69a871c8b054165faa9af9f6c8eb
532,32.269917,6.92881,0.267841,0.136884,16.317747757005755,True,0.35896053727602034,False,30842b15eefb0ef7e36cbdea86a9efddfacf69a871c8b054165faa9af9f6c8eb
533,34.442884,7.600224,1.419349,0.411512,14.049750613479034,True,0.30906875776672493,False,30842b15eefb0ef7e36cbdea86a9efddfacf69a871c8b054165faa9af9f6c8eb
534,31.511664,9.280234,1.444027,0.544459,8.898199867558086,True,0.195744085079188,True,30842b15eefb0ef7e36cbdea86a9efddfacf69a871c8b054165faa9af9f6c8eb
535,29.459258,6.73669,0.733663,0.884131,16.987259684390295,True,0.37368857234222475,False,30842b15eefb0ef7e36cbdea86a9efddfacf69a871c8b054165faa9af9f6c8eb
536,39.045675,2.642769,0.231186,0.719379,28.730819408118837,True,0.6320253581987647,False,30842b15eefb0ef7e36cbdea86a9efddfacf69a871c8b054165faa9af9f6c8eb
537,35.839341,10.94884,1.333278,0.861633,4.625076587723333,True,0.10174320632938591,True,30842b15eefb0ef7e36cbdea86a9efddfacf69a871c8b054165faa9af9f6c8eb
538,28.692081,6.602973,1.057003,0.960233,17.45851342708406,True,0.38405529078828377,False,30842b15eefb0ef7e36cbdea86a9efddfacf69a871c8b054165faa9af9f6c8eb
539,28.337953,5.464827,1.169253,0.417781,21.639137562849154,True,0.47602135793618683,False,30842b15eefb0ef7e36cbdea86a9efddfacf69a871c8b054165faa9af9f6c8eb
540,34.001132,13.603242,0.29123,0.950622,0.0,False,0.0,True,30842b15eefb0ef7e36cbdea86a9efddfacf69a871c8b054165faa9af9f6c8eb
541,31.308496,1.272281,0.605367,0.703921,39.40463627301799,True,0.86682976219288,False,30842b15eefb0ef7e36cbdea86a9efddfacf69a871c8b054165faa9af9f6c8eb
542,34.035378,11.720941,0.208548,0.472533,2.9857593967967992,True,0.06568123329342182,True,30842b15eefb0ef7e36cbdea86a9efddfacf69a871c8b054165faa9af9f6c8eb
543,34.406642,8.33356,0.198981,0.502991,11.705417197062271,True,0.2574977201920207,False,30842b15eefb0ef7e36cbdea86a9efddfacf69a871c8b054165faa9af9f6c8eb
544,39.766059,6.423597,0.470855,0.076871,18.09739461905779,True,0.39810950582711924,False,30842b15eefb0ef7e36cbdea86a9efddfacf69a871c8b054165faa9af9f6c8eb
545,31.494385,4.597291,1.098188,0.625897,25.020786012960706,True,0.5504114246664135,False,30842b15eefb0ef7e36cbdea86a9efddfacf69a871c8b054165faa9af9f6c8eb
546,33.321909,8.124689,0.550586,0.280984,12.358556451528305,True,0.2718655864680838,False,30842b15eefb0ef7e36cbdea86a9efddfacf69a871c8b054165faa9af9f6c8eb
547,33.412516,1.016533,1.324747,0.606595,40.59826490365139,True,0.8930874039300033,False,30842b15eefb0ef7e36cbdea86a9efddfacf69a871c8b054165faa9af9f6c8eb
548,32.326388,3.781199,1.141327,0.499894,28.347931071365295,True,0.6236025166936455,False,30842b15eefb0ef7e36cbdea86a9efddfacf69a871c8b054165faa9af9f6c8eb
549,32.314059,0.956091,1.105358,0.400816,40.88209055197813,True,0.8993310478895283,False,30842b15eefb0ef7e36cbdea86a9efddfacf69a871c8b054165faa9af9f6c8eb
550,30.759015,8.928762,1.433032,0.634887,9.910428781313268,True,0.21801126558342668,False,30842b15eefb0ef7e36cbdea86a9efddfacf69a871c8b054165faa9af9f6c8eb
551,39.280113,1.014026,0.042166,0.463879,27.51811552197684,True,0.6053480958088399,False,30842b15eefb0ef7e36cbdea86a9efddfacf69a871c8b054165faa9af9f6c8eb
552,35.327685,1.385682,0.500487,0.050151,38.87918191437094,True,0.8552707295553647,False,30842b15eefb0ef7e36cbdea86a9efddfacf69a871c8b054165faa9af9f6c8eb
553,30.211748,13.764917,0.748222,0.667287,0.0,False,0.0,True,30842b15eefb0ef7e36cbdea86a9efddfacf69a871c8b054165faa9af9f6c8eb
554,31.890858,13.865642,0.124592,0.96435,0.0,False,0.0,True,30842b15eefb0ef7e36cbdea86a9efddfacf69a871c8b054165faa9af9f6c8eb
555,37.225842,3.466393,0.733452,0.710401,29.667921560516454,True,0.652639887674056,False,30842b15eefb0ef7e36cbdea86a9efddfacf69a871c8b054165faa9af9f6c8eb
556,31.917637,9.250095,0.308932,0.608967,8.983567614042276,True,0.19762201900734616,True,30842b15eefb0ef7e36cbdea86a9efddfacf69a871c8b054165faa9af9f6c8eb
557,35.508867,4.38944,0.039829,0.243027,25.854997313399064,True,0.5687625440161116,False,30842b15eefb0ef7e36cbdea86a9efddfacf69a871c8b054165faa9af9f6c8eb
558,37.971817,10.190537,0.685074,0.424412,6.4523377857773125,True,0.14193960298685201,True,30842b15eefb0ef7e36cbdea86a9efddfacf69a871c8b054165faa9af9f6c8eb
559,39.41902,13.388011,0.571959,0.873558,0.0,False,0.0,True,30842b15eefb0ef7e36cbdea86a9efddfacf69a871c8b054165faa9af9f6c8eb
560,30.601853,4.583115,1.270015,0.365662,25.077391239898883,True,0.5516566358914513,False,30842b15eefb0ef7e36cbdea86a9efddfacf69a871c8b054165faa9af9f6c8eb
561,29.028365,8.220766,0.890749,0.453049,12.056656125430239,True,0.2652243327317377,False,30842b15eefb0ef7e36cbdea86a9efddfacf69a871c8b054165faa9af9f6c8eb
562,31.552459,3.503002,0.330922,0.678618,29.51339205639202,True,0.6492405218638027,False,30842b15eefb0ef7e36cbdea86a9efddfacf69a871c8b054165faa9af9f6c8eb
563,31.040932,0.891669,0.959051,0.669002,41.1853303905923,True,0.9060017684456604,False,30842b15eefb0ef7e36cbdea86a9efddfacf69a871c8b054165faa9af9f6c8eb
564,41.372664,8.761701,0.15223,0.705608,0.0,False,0.0,True,30842b15eefb0ef7e36cbdea86a9efddfacf69a871c8b054165faa9af9f6c8eb
565,30.846705,13.052443,0.194249,0.569737,0.0,False,0.0,True,30842b15eefb0ef7e36cbdea86a9efddfacf69a871c8b054165faa9af9f6c8eb
566,28.61205,2.472747,0.712987,0.618001,33.963324384484864,True,0.7471308755523711,False,30842b15eefb0ef7e36cbdea86a9efddfacf69a871c8b054165faa9af9f6c8eb
567,39.854677,7.641155,0.229561,0.504305,13.915179528509936,True,0.3061084405905028,False,30842b15eefb0ef7e36cbdea86a9efddfacf69a871c8b054165faa9af9f6c8eb
568,29.146393,4.734544,1.252981,0.909252,24.47494093364026,True,0.5384038335539564,False,30842b15eefb0ef7e36cbdea86a9efddfacf69a871c8b054165faa9af9f6c8eb
569,41.972045,13.117143,1.013632,0.517924,0.0,False,0.0,True,30842b15eefb0ef7e36cbdea86a9efddfacf69a871c8b054165faa9af9f6c8eb
570,40.842742,5.460786,0.671034,0.552554,15.608512435874294,True,0.34335866036753726,False,30842b15eefb0ef7e36cbdea86a9efddfacf69a871c8b054165faa9af9f6c8eb
571,30.320847,3.739481,1.367817,0.920665,28.52170270634793,True,0.627425174108479,False,30842b15eefb0ef7e36cbdea86a9efddfacf69a871c8b054165faa9af9f6c8eb
572,34.300809,13.917332,0.347101,0.832258,0.0,False,0.0,True,30842b15eefb0ef7e36cbdea86a9efddfacf69a871c8b054165faa9af9f6c8eb
573,39.963949,12.025138,0.469729,0.797446,0.0,False,0.0,True,30842b15eefb0ef7e36cbdea86a9efddfacf69a871c8b054165faa9af9f6c8eb
574,37.527194,7.693731,1.245307,0.966066,13.742957183591507,True,0.3023198647169535,False,30842b15eefb0ef7e36cbdea86a9efddfacf69a871c8b054165faa9af9f6c8eb
575,32.948661,11.034554,0.246134,0.654502,4.431558487100964,True,0.09748616286931545,True,30842b15eefb0ef7e36cbdea86a9efddfacf69a871c8b054165faa9af9f6c8eb
576,28.391837,12.098976,0.031358,0.428453,2.274588583436613,True,0.050036779104013496,True,30842b15eefb0ef7e36cbdea86a9efddfacf69a871c8b054165faa9af9f6c8eb
577,38.771605,13.828242,0.68071,0.635822,0.0,False,0.0,True,30842b15eefb0ef7e36cbdea86a9efddfacf69a871c8b054165faa9af9f6c8eb
578,29.88181,11.230242,0.866297,0.409642,4.000222916551414,True,0.08799757103321171,True,30842b15eefb0ef7e36cbdea86a9efddfacf69a871c8b054165faa9af9f6c8eb
579,29.672549,11.830196,0.649195,0.137722,2.7736535504458466,True,0.06101529350201681,True,30842b15eefb0ef7e36cbdea86a9efddfacf69a871c8b054165faa9af9f6c8eb
580,28.145881,13.316236,0.319003,0.878866,0.0,False,0.0,True,30842b15eefb0ef7e36cbdea86a9efddfacf69a871c8b054165faa9af9f6c8eb
581,28.85125,8.560236,1.255872,0.844388,11.010107091360672,True,0.2422021724955602,False,30842b15eefb0ef7e36cbdea86a9efddfacf69a871c8b054165faa9af9f6c8eb
582,37.034055,2.057011,0.449906,0.354855,35.817148193045696,True,0.7879116009469266,False,30842b15eefb0ef7e36cbdea86a9efddfacf69a871c8b054165faa9af9f6c8eb
583,29.411841,7.016351,0.356158,0.865474,16.015668116730616,True,0.3523153389564939,False,30842b15eefb0ef7e36cbdea86a9efddfacf69a871c8b054165faa9af9f6c8eb
584,38.973115,1.091649,0.22187,0.550298,29.159801707428468,True,0.6414621823815613,False,30842b15eefb0ef7e36cbdea86a9efddfacf69a871c8b054165faa9af9f6c8eb
585,33.566822,12.759094,1.264815,0.484293,1.1995815624696669,True,0.026388595324722285,True,30842b15eefb0ef7e36cbdea86a9efddfacf69a871c8b054165faa9af9f6c8eb
586,32.77918,6.949705,0.073992,0.5695,16.24547406561109,True,0.35737064855606443,False,30842b15eefb0ef7e36cbdea86a9efddfacf69a871c8b054165faa9af9f6c8eb
587,28.767327,12.189608,0.420521,0.666131,2.1138802838406154,True,0.04650149112023353,True,30842b15eefb0ef7e36cbdea86a9efddfacf69a871c8b054165faa9af9f6c8eb
588,33.247705,8.634866,0.622294,0.093343,10.784308810728287,True,0.23723502425066817,False,30842b15eefb0ef7e36cbdea86a9efddfacf69a871c8b054165faa9af9f6c8eb
589,38.886387,13.520687,0.83972,0.886464,0.0,False,0.0,True,30842b15eefb0ef7e36cbdea86a9efddfacf69a871c8b054165faa9af9f6c8eb
590,29.733148,9.210498,0.049839,0.340148,9.096137020859,True,0.20009833959726495,False,30842b15eefb0ef7e36cbdea86a9efddfacf69a871c8b054165faa9af9f6c8eb
591,35.200094,2.143898,0.085446,0.383085,35.42699742829634,True,0.7793289993392414,False,30842b15eefb0ef7e36cbdea86a9efddfacf69a871c8b054165faa9af9f6c8eb
592,33.559348,11.511098,0.30856,0.558088,3.407478704983034,True,0.07495828498587795,True,30842b15eefb0ef7e36cbdea86a9efddfacf69a871c8b054165faa9af9f6c8eb
593,41.847071,6.467123,1.440621,0.254598,0.0,False,0.0,True,30842b15eefb0ef7e36cbdea86a9efddfacf69a871c8b054165faa9af9f6c8eb
594,33.974266,7.190186,0.624592,0.769124,15.42141875841227,True,0.33924294243986675,False,30842b15eefb0ef7e36cbdea86a9efddfacf69a871c8b054165faa9af9f6c8eb
595,34.150653,13.803281,0.11796,0.188434,0.0,False,0.0,True,30842b15eefb0ef7e36cbdea86a9efddfacf69a871c8b054165faa9af9f6c8eb
596,29.483502,3.61135,0.381456,0.566967,29.05762586541889,True,0.6392145011641187,False,30842b15eefb0ef7e36cbdea86a9efddfacf69a871c8b054165faa9af9f6c8eb
597,30.737029,5.415714,0.500339,0.351554,21.826179524657086,True,0.4801359382142715,False,30842b15eefb0ef7e36cbdea86a9efddfacf69a871c8b054165faa9af9f6c8eb
598,32.745251,1.387834,1.100606,0.891801,38.869233168317955,True,0.8550518753800469,False,30842b15eefb0ef7e36cbdea86a9efddfacf69a871c8b054165faa9af9f6c8eb
599,31.466584,13.64512,1.33512,0.91114,0.0,False,0.0,True,30842b15eefb0ef7e36cbdea86a9efddfacf69a871c8b054165faa9af9f6c8eb
600,29.178644,9.543626,0.553391,0.532446,8.16382906750937,True,0.17958927371239683,True,30842b15eefb0ef7e36cbdea86a9efddfacf69a871c8b054165faa9af9f6c8eb
601,38.850338,11.775782,0.984476,0.242615,2.8786408360134117,True,0.06332482132385142,True,30842b15eefb0ef7e36cbdea86a9efddfacf69a871c8b054165faa9af9f6c8eb
602,33.316439,1.938841,0.833891,0.524457,36.35005057501713,True,0.7996344764440066,False,30842b15eefb0ef7e36cbdea86a9efddfacf69a871c8b054165faa9af9f6c8eb
603,41.057466,6.974252,0.448183,0.857718,13.990954167684446,True,0.30777534374374593,False,30842b15eefb0ef7e36cbdea86a9efddfacf69a871c8b054165faa9af9f6c8eb
604,31.398088,0.929306,0.08223,0.466458,41.00807909750231,True,0.9021025649313068,False,30842b15eefb0ef7e36cbdea86a9efddfacf69a871c8b054165faa9af9f6c8eb
605,28.669246,11.561714,1.092622,0.221189,3.304063786241044,True,0.07268334635177368,True,30842b15eefb0ef7e36cbdea86a9efddfacf69a871c8b054165faa9af9f6c8eb
606,39.895869,12.830224,1.498623,0.554901,0.0,False,0.0,True,30842b15eefb0ef7e36cbdea86a9efddfacf69a871c8b054165faa9af9f6c8eb
607,40.569442,7.569922,0.131719,0.83476,14.149653897969044,True,0.3112664468847453,False,30842b15eefb0ef7e36cbdea86a9efddfacf69a871c8b054165faa9af9f6c8eb
608,35.624794,9.534097,0.31409,0.571664,8.190027956456445,True,0.18016560124193834,True,30842b15eefb0ef7e36cbdea86a9efddfacf69a871c8b054165faa9af9f6c8eb
609,40.997324,8.996762,1.380179,0.532902,0.0,False,0.0,True,30842b15eefb0ef7e36cbdea86a9efddfacf69a871c8b054165faa9af9f6c8eb
610,29.324509,13.96878,1.226993,0.456792,0.0,False,0.0,True,30842b15eefb0ef7e36cbdea86a9efddfacf69a871c8b054165faa9af9f6c8eb
611,32.481689,2.858145,1.239762,0.808534,32.27436518501049,True,0.70997686933112,False,30842b15eefb0ef7e36cbdea86a9efddfacf69a871c8b054165faa9af9f6c8eb
612,33.566131,10.898614,0.278645,0.435948,4.739747307269136,True,0.10426575194725875,True,30842b15eefb0ef7e36cbdea86a9efddfacf69a871c8b054165faa9af9f6c8eb
613,40.106009,5.800186,0.132848,0.734048,20.37639998509633,True,0.4482434460516151,False,30842b15eefb0ef7e36cbdea86a9efddfacf69a871c8b054165faa9af9f6c8eb
614,35.39853,10.872499,0.667686,0.107782,4.7997392125391185,True,0.10558546388720337,True,30842b15eefb0ef7e36cbdea86a9efddfacf69a871c8b054165faa9af9f6c8eb
615,40.899223,0.332563,0.060922,0.703321,15.742605427024037,True,0.34630846035616586,False,30842b15eefb0ef7e36cbdea86a9efddfacf69a871c8b054165faa9af9f6c8eb
616,32.457957,11.154325,0.931584,0.3727,4.165809471934095,True,0.09164017170157497,True,30842b15eefb0ef7e36cbdea86a9efddfacf69a871c8b054165faa9af9f6c8eb
617,31.913624,11.858468,1.42714,0.945223,2.719620510022859,True,0.05982666566503083,True,30842b15eefb0ef7e36cbdea86a9efddfacf69a871c8b054165faa9af9f6c8eb
618,29.373585,11.041238,0.210657,0.982764,4.416584092135909,True,0.09715675363085412,True,30842b15eefb0ef7e36cbdea86a9efddfacf69a871c8b054165faa9af9f6c8eb
619,34.276252,5.849341,0.711743,0.509629,20.193450827587892,True,0.44421889996527,False,30842b15eefb0ef7e36cbdea86a9efddfacf69a871c8b054165faa9af9f6c8eb
620,29.209767,7.857507,0.732523,0.839226,13.211084205638421,True,0.2906196342211936,False,30842b15eefb0ef7e36cbdea86a9efddfacf69a871c8b054165faa9af9f6c8eb
621,32.041018,7.065174,0.570247,0.765527,15.848012625475658,True,0.3486272254916736,False,30842b15eefb0ef7e36cbdea86a9efddfacf69a871c8b054165faa9af9f6c8eb
622,32.234671,12.902776,0.225223,0.753097,0.9973886072501824,True,0.021940720966090177,True,30842b15eefb0ef7e36cbdea86a9efddfacf69a871c8b054165faa9af9f6c8eb
623,40.239785,0.708217,0.447331,0.397378,20.60492233137712,True,0.45327051874706786,False,30842b15eefb0ef7e36cbdea86a9efddfacf69a871c8b054165faa9af9f6c8eb
624,39.713416,6.434764,1.180329,0.665285,18.057398240822224,True,0.39722965882652017,False,30842b15eefb0ef7e36cbdea86a9efddfacf69a871c8b054165faa9af9f6c8eb
625,34.104601,3.484425,1.312342,0.111885,29.591773435608932,True,0.6509647685193534,False,30842b15eefb0ef7e36cbdea86a9efddfacf69a871c8b054165faa9af9f6c8eb
626,32.831785,12.85128,0.698056,0.568467,1.0684217713446817,True,0.02350332035955304,True,30842b15eefb0ef7e36cbdea86a9efddfacf69a871c8b054165faa9af9f6c8eb
627,34.615746,6.005304,0.605079,0.628647,19.61662936995114,True,0.43152988531514896,False,30842b15eefb0ef7e36cbdea86a9efddfacf69a871c8b054165faa9af9f6c8eb
628,31.999614,9.034897,0.510261,0.563641,9.600942059046734,True,0.2112031250386083,False,30842b15eefb0ef7e36cbdea86a9efddfacf69a871c8b054165faa9af9f6c8eb
629,32.66886,13.394543,0.999611,0.206595,0.0,False,0.0,True,30842b15eefb0ef7e36cbdea86a9efddfacf69a871c8b054165faa9af9f6c8eb
630,39.751581,8.379141,0.839613,0.12269,11.56446356043344,True,0.2543969985796541,False,30842b15eefb0ef7e36cbdea86a9efddfacf69a871c8b054165faa9af9f6c8eb
631,39.370645,3.07935,1.37474,0.793988,25.625201269585244,True,0.5637074523098496,False,30842b15eefb0ef7e36cbdea86a9efddfacf69a871c8b054165faa9af9f6c8eb
632,40.871011,13.806217,0.249702,0.968738,0.0,False,0.0,True,30842b15eefb0ef7e36cbdea86a9efddfacf69a871c8b054165faa9af9f6c8eb
633,32.16036,12.426442,0.479342,0.71493,1.7129535573245083,True,0.03768183810796353,True,30842b15eefb0ef7e36cbdea86a9efddfacf69a871c8b054165faa9af9f6c8eb
634,36.465846,2.712394,0.45825,0.239415,32.90972232417328,True,0.72395356166834,False,30842b15eefb0ef7e36cbdea86a9efddfacf69a871c8b054165faa9af9f6c8eb
635,34.468292,1.98541,0.509085,0.588529,36.13972869044787,True,0.7950077805414748,False,30842b15eefb0ef7e36cbdea86a9efddfacf69a871c8b054165faa9af9f6c8eb
636,39.80796,9.266011,1.12612,0.35703,8.938452200589843,True,0.19662956261609194,True,30842b15eefb0ef7e36cbdea86a9efddfacf69a871c8b054165faa9af9f6c8eb
637,39.744044,12.49523,0.969554,0.712943,0.0,False,0.0,True,30842b15eefb0ef7e36cbdea86a9efddfacf69a871c8b054165faa9af9f6c8eb
638,36.483312,5.974489,1.412592,0.825097,19.730154990209293,True,0.43402724084786726,False,30842b15eefb0ef7e36cbdea86a9efddfacf69a871c8b054165faa9af9f6c8eb
639,34.26116,3.96515,0.264045,0.261293,27.585939727114333,True,0.6068401039878498,False,30842b15eefb0ef7e36cbdea86a9efddfacf69a871c8b054165faa9af9f6c8eb
640,34.306564,2.620101,0.250106,0.175354,33.31417530425921,True,0.7328507857948865,False,30842b15eefb0ef7e36cbdea86a9efddfacf69a871c8b054165faa9af9f6c8eb
641,33.273512,11.574385,1.1294,0.527297,3.2783420163874286,True,0.07211751456764282,True,30842b15eefb0ef7e36cbdea86a9efddfacf69a871c8b054165faa9af9f6c8eb
642,36.981199,1.626575,0.773573,0.626268,37.751815148076965,True,0.8304707273637465,False,30842b15eefb0ef7e36cbdea86a9efddfacf69a871c8b054165faa9af9f6c8eb
643,38.924482,11.841486,1.190898,0.407257,2.7520337781400936,True,0.06053969814423672,True,30842b15eefb0ef7e36cbdea86a9efddfacf69a871c8b054165faa9af9f6c8eb
644,38.538418,5.495642,0.40145,0.91899,21.522055963058772,True,0.4734457773725121,False,30842b15eefb0ef7e36cbdea86a9efddfacf69a871c8b054165faa9af9f6c8eb
645,35.610504,12.032582,0.278191,0.735992,2.394784375828382,True,0.05268086619604142,True,30842b15eefb0ef7e36cbdea86a9efddfacf69a871c8b054165faa9af9f6c8eb
646,31.792289,4.282966,0.479837,0.122554,26.285850822449653,True,0.578240531382944,False,30842b15eefb0ef7e36cbdea86a9efddfacf69a871c8b054165faa9af9f6c8eb
647,36.609134,1.6994,0.060215,0.156605,37.437849956200814,True,0.82356406869736,False,30842b15eefb0ef7e36cbdea86a9efddfacf69a871c8b054165faa9af9f6c8eb
648,40.810865,6.51428,0.99838,0.228213,15.547581717138542,True,0.3420182962523603,False,30842b15eefb0ef7e36cbdea86a9efddfacf69a871c8b054165faa9af9f6c8eb
649,29.453185,0.030529,0.02192,0.696248,44.917476097042574,True,0.9881021322905793,False,30842b15eefb0ef7e36cbdea86a9efddfacf69a871c8b054165faa9af9f6c8eb
650,28.624828,2.411156,1.486385,0.619032,34.23589064609029,True,0.7531268336445162,False,30842b15eefb0ef7e36cbdea86a9efddfacf69a871c8b054165faa9af9f6c8eb
651,41.838982,11.489559,0.525285,0.996561,0.0,False,0.0,True,30842b15eefb0ef7e36cbdea86a9efddfacf69a871c8b054165faa9af9f6c8eb
652,40.116301,8.84622,0.554989,0.976103,10.153371320096403,True,0.22335555607911434,False,30842b15eefb0ef7e36cbdea86a9efddfacf69a871c8b054165faa9af9f6c8eb
653,35.473432,4.36931,0.560517,0.689057,25.936272525748038,True,0.570550449695649,False,30842b15eefb0ef7e36cbdea86a9efddfacf69a871c8b054165faa9af9f6c8eb
654,34.128939,1.064708,0.140383,0.968899,40.37251556891941,True,0.8881213324051935,False,30842b15eefb0ef7e36cbdea86a9efddfacf69a871c8b054165faa9af9f6c8eb
655,34.288694,5.965574,0.432247,0.172046,19.763039470086937,True,0.4347506391219859,False,30842b15eefb0ef7e36cbdea86a9efddfacf69a871c8b054165faa9af9f6c8eb
656,39.001014,3.130687,0.50398,0.618604,28.717115399895523,True,0.6317238951397733,False,30842b15eefb0ef7e36cbdea86a9efddfacf69a871c8b054165faa9af9f6c8eb
657,28.440083,3.752982,0.350363,0.386355,28.465427072160608,True,0.6261872133197569,False,30842b15eefb0ef7e36cbdea86a9efddfacf69a871c8b054165faa9af9f6c8eb
658,36.458831,10.647765,0.741608,0.150492,5.326269529113567,True,0.11716816562669628,True,30842b15eefb0ef7e36cbdea86a9efddfacf69a871c8b054165faa9af9f6c8eb
659,29.022986,6.559859,1.152541,0.189536,17.61137255877724,True,0.3874179114671438,False,30842b15eefb0ef7e36cbdea86a9efddfacf69a871c8b054165faa9af9f6c8eb
660,40.186202,10.513646,0.064339,0.050216,5.649092413945944,True,0.1242696773003691,True,30842b15eefb0ef7e36cbdea86a9efddfacf69a871c8b054165faa9af9f6c8eb
661,33.348084,1.187973,0.367401,0.494778,39.79680647614639,True,0.875456787742909,False,30842b15eefb0ef7e36cbdea86a9efddfacf69a871c8b054165faa9af9f6c8eb
662,40.931963,1.072911,0.52404,0.878753,15.001218613882989,True,0.32999930956296225,False,30842b15eefb0ef7e36cbdea86a9efddfacf69a871c8b054165faa9af9f6c8eb
663,39.146114,7.775614,1.302264,0.861823,13.476162251205487,True,0.29645086528774683,False,30842b15eefb0ef7e36cbdea86a9efddfacf69a871c8b054165faa9af9f6c8eb
664,28.206057,3.403761,0.641848,0.937509,29.93291919887647,True,0.658469349929455,False,30842b15eefb0ef7e36cbdea86a9efddfacf69a871c8b054165faa9af9f6c8eb
665,41.902523,1.541367,0.459862,0.654606,0.0,False,0.0,True,30842b15eefb0ef7e36cbdea86a9efddfacf69a871c8b054165faa9af9f6c8eb
666,34.353243,7.88364,0.604758,0.895265,13.126864868006262,True,0.2887669631825393,False,30842b15eefb0ef7e36cbdea86a9efddfacf69a871c8b054165faa9af9f6c8eb
667,36.89592,12.502044,0.599027,0.493701,1.5909994908117717,True,0.03499907220850828,True,30842b15eefb0ef7e36cbdea86a9efddfacf69a871c8b054165faa9af9f6c8eb
668,38.25366,3.497478,0.79255,0.203028,29.53669206434063,True,0.6497530793255503,False,30842b15eefb0ef7e36cbdea86a9efddfacf69a871c8b054165faa9af9f6c8eb
669,38.345682,1.601754,1.038433,0.661104,31.703494825225402,True,0.6974187679242987,False,30842b15eefb0ef7e36cbdea86a9efddfacf69a871c8b054165faa9af9f6c8eb
670,30.550315,5.731774,1.372323,0.362667,20.631935135229217,True,0.45386475091246686,False,30842b15eefb0ef7e36cbdea86a9efddfacf69a871c8b054165faa9af9f6c8eb
671,35.979571,4.654016,0.914971,0.43557,24.79470840241784,True,0.545438131675553,False,30842b15eefb0ef7e36cbdea86a9efddfacf69a871c8b054165faa9af9f6c8eb
672,41.343639,12.760628,0.716892,0.77286,0.0,False,0.0,True,30842b15eefb0ef7e36cbdea86a9efddfacf69a871c8b054165faa9af9f6c8eb
673,32.927206,6.964627,0.232593,0.805541,16.19392587142817,True,0.3562366827811881,False,30842b15eefb0ef7e36cbdea86a9efddfacf69a871c8b054165faa9af9f6c8eb
674,36.41111,5.717426,0.329831,0.761953,20.685662874426797,True,0.45504666268216615,False,30842b15eefb0ef7e36cbdea86a9efddfacf69a871c8b054165faa9af9f6c8eb
675,32.484628,2.249404,0.668227,0.574987,34.95516027464716,True,0.768949446921661,False,30842b15eefb0ef7e36cbdea86a9efddfacf69a871c8b054165faa9af9f6c8eb
676,40.095072,1.93543,0.903723,0.375579,21.21276241598388,True,0.46664188632778486,False,30842b15eefb0ef7e36cbdea86a9efddfacf69a871c8b054165faa9af9f6c8eb
677,41.228506,13.612333,0.062699,0.724617,0.0,False,0.0,True,30842b15eefb0ef7e36cbdea86a9efddfacf69a871c8b054165faa9af9f6c8eb
678,39.492839,5.045561,0.033141,0.704786,23.253001989781435,True,0.5115234168237898,False,30842b15eefb0ef7e36cbdea86a9efddfacf69a871c8b054165faa9af9f6c8eb
679,35.255726,1.129445,1.251738,0.499559,40.069817791955806,True,0.881462536211677,False,30842b15eefb0ef7e36cbdea86a9efddfacf69a871c8b054165faa9af9f6c8eb
680,37.05291,7.130958,0.891389,0.388222,15.62304605812097,True,0.34367837341421026,False,30842b15eefb0ef7e36cbdea86a9efddfacf69a871c8b054165faa9af9f6c8eb
681,36.292555,5.370165,0.502739,0.845962,22.000127293382665,True,0.4839624702485647,False,30842b15eefb0ef7e36cbdea86a9efddfacf69a871c8b054165faa9af9f6c8eb
682,35.416563,13.703859,0.143968,0.643445,0.0,False,0.0,True,30842b15eefb0ef7e36cbdea86a9efddfacf69a871c8b054165faa9af9f6c8eb
683,33.902779,11.394705,0.148412,0.593882,3.649276869042375,True,0.08027740133548765,True,30842b15eefb0ef7e36cbdea86a9efddfacf69a871c8b054165faa9af9f6c8eb
684,28.203803,7.247924,0.328967,0.074606,15.225705956955972,True,0.3349376195847327,False,30842b15eefb0ef7e36cbdea86a9efddfacf69a871c8b054165faa9af9f6c8eb
685,35.056339,10.884819,0.348008,0.1699,4.771406121291585,True,0.10496218781942994,True,30842b15eefb0ef7e36cbdea86a9efddfacf69a871c8b054165faa9af9f6c8eb
686,37.007073,0.360559,0.190017,0.140295,38.243547736260034,True,0.8412879428691485,False,30842b15eefb0ef7e36cbdea86a9efddfacf69a871c8b054165faa9af9f6c8eb
687,29.234038,12.8422,0.560003,0.32482,1.081114701697559,True,0.023782541558883066,True,30842b15eefb0ef7e36cbdea86a9efddfacf69a871c8b054165faa9af9f6c8eb
688,41.647741,1.714253,0.540006,0.089149,0.0,False,0.0,True,30842b15eefb0ef7e36cbdea86a9efddfacf69a871c8b054165faa9af9f6c8eb
689,34.297173,8.061972,0.524211,0.204852,12.55696885415394,True,0.2762302956000867,False,30842b15eefb0ef7e36cbdea86a9efddfacf69a871c8b054165faa9af9f6c8eb
690,37.610887,5.840721,0.701907,0.536207,20.22549367726781,True,0.4449237839178988,False,30842b15eefb0ef7e36cbdea86a9efddfacf69a871c8b054165faa9af9f6c8eb
691,28.242284,7.625419,0.404363,0.139803,13.96686454631674,True,0.3072454162342822,False,30842b15eefb0ef7e36cbdea86a9efddfacf69a871c8b054165faa9af9f6c8eb
692,28.649992,9.997116,1.445702,0.486737,6.949938516901827,True,0.15288590687960027,True,30842b15eefb0ef7e36cbdea86a9efddfacf69a871c8b054165faa9af9f6c8eb
693,33.520862,6.623122,0.93753,0.337998,17.387228315979968,True,0.38248714902247416,False,30842b15eefb0ef7e36cbdea86a9efddfacf69a871c8b054165faa9af9f6c8eb
694,40.373368,0.047085,0.685874,0.847894,19.356642571230743,True,0.42581065234604765,False,30842b15eefb0ef7e36cbdea86a9efddfacf69a871c8b054165faa9af9f6c8eb
695,35.00122,8.925387,0.806154,0.285509,9.92032377979214,True,0.21822893741064292,False,30842b15eefb0ef7e36cbdea86a9efddfacf69a871c8b054165faa9af9f6c8eb
696,34.532523,8.823248,0.299436,0.681508,10.221332009907382,True,0.2248505666707399,False,30842b15eefb0ef7e36cbdea86a9efddfacf69a871c8b054165faa9af9f6c8eb
697,41.704009,3.915433,0.612618,0.429112,0.0,False,0.0,True,30842b15eefb0ef7e36cbdea86a9efddfacf69a871c8b054165faa9af9f6c8eb
698,28.258071,13.430257,1.476253,0.346631,0.0,False,0.0,True,30842b15eefb0ef7e36cbdea86a9efddfacf69a871c8b054165faa9af9f6c8eb
699,41.373909,3.695815,0.354196,0.533944,11.226858901357415,True,0.24697031497028235,False,30842b15eefb0ef7e36cbdea86a9efddfacf69a871c8b054165faa9af9f6c8eb
700,32.319232,3.634677,0.136989,0.780318,28.95981047182823,True,0.637062741818403,False,30842b15eefb0ef7e36cbdea86a9efddfacf69a871c8b054165faa9af9f6c8eb
701,34.718657,8.88378,0.525355,0.900174,10.042579351301423,True,0.2209183358673091,False,30842b15eefb0ef7e36cbdea86a9efddfacf69a871c8b054165faa9af9f6c8eb
702,36.631049,3.858277,0.815571,0.240955,28.027804023384178,True,0.6165603084887447,False,30842b15eefb0ef7e36cbdea86a9efddfacf69a871c8b054165faa9af9f6c8eb
703,30.534542,5.367166,0.974708,0.619851,22.011596362063422,True,0.4842147687346675,False,30842b15eefb0ef7e36cbdea86a9efddfacf69a871c8b054165faa9af9f6c8eb
704,34.577499,2.116762,0.959621,0.166588,35.54869385984557,True,0.782006097741791,False,30842b15eefb0ef7e36cbdea86a9efddfacf69a871c8b054165faa9af9f6c8eb
705,41.788638,9.953376,0.884973,0.389502,0.0,False,0.0,True,30842b15eefb0ef7e36cbdea86a9efddfacf69a871c8b054165faa9af9f6c8eb
706,36.31486,6.260099,0.776869,0.314625,18.686353653175775,True,0.411065524909458,False,30842b15eefb0ef7e36cbdea86a9efddfacf69a871c8b054165faa9af9f6c8eb
707,40.214354,3.3406,1.462937,0.700586,19.778555175078086,True,0.4350919561887023,False,30842b15eefb0ef7e36cbdea86a9efddfacf69a871c8b054165faa9af9f6c8eb
708,39.941214,11.449763,0.655529,0.442279,0.0,False,0.0,True,30842b15eefb0ef7e36cbdea86a9efddfacf69a871c8b054165faa9af9f6c8eb
709,36.522941,5.238031,0.008755,0.716783,22.507332345236502,True,0.49512005159090394,False,30842b15eefb0ef7e36cbdea86a9efddfacf69a871c8b054165faa9af9f6c8eb
710,39.971505,10.013873,0.906118,0.410959,6.906343142056833,True,0.15192688855120443,True,30842b15eefb0ef7e36cbdea86a9efddfacf69a871c8b054165faa9af9f6c8eb
711,41.807688,5.48207,0.611984,0.593997,0.0,False,0.0,True,30842b15eefb0ef7e36cbdea86a9efddfacf69a871c8b054165faa9af9f6c8eb
712,30.09432,9.472962,1.249146,0.99726,8.35877558135842,True,0.18387773964491488,True,30842b15eefb0ef7e36cbdea86a9efddfacf69a871c8b054165faa9af9f6c8eb
713,37.257779,10.597213,0.768117,0.906646,5.447203532342782,True,0.11982849200387426,True,30842b15eefb0ef7e36cbdea86a9efddfacf69a871c8b054165faa9af9f6c8eb
714,40.211103,10.567567,1.490318,0.067473,5.518544620478241,True,0.12139786516175785,True,30842b15eefb0ef7e36cbdea86a9efddfacf69a871c8b054165faa9af9f6c8eb
715,32.383989,9.497826,0.066483,0.706048,8.290006455883205,True,0.18236494495068467,True,30842b15eefb0ef7e36cbdea86a9efddfacf69a871c8b054165faa9af9f6c8eb
716,34.473814,0.572642,0.661387,0.366026,42.69797786009584,True,0.9392772398187905,False,30842b15eefb0ef7e36cbdea86a9efddfacf69a871c8b054165faa9af9f6c8eb
717,34.465185,2.245636,1.477428,0.739125,34.971974945424385,True,0.7693193388544322,False,30842b15eefb0ef7e36cbdea86a9efddfacf69a871c8b054165faa9af9f6c8eb
718,30.945566,12.181794,0.117571,0.331167,2.1275809116349618,True,0.04680287981598451,True,30842b15eefb0ef7e36cbdea86a9efddfacf69a871c8b054165faa9af9f6c8eb
719,35.240567,5.74332,0.936782,0.425834,20.588733641838875,True,0.45291439725401755,False,30842b15eefb0ef7e36cbdea86a9efddfacf69a871c8b054165faa9af9f6c8eb
720,41.738283,4.297361,1.154751,0.371061,0.0,False,0.0,True,30842b15eefb0ef7e36cbdea86a9efddfacf69a871c8b054165faa9af9f6c8eb
721,28.937283,5.935911,0.316075,0.507386,19.872587768258438,True,0.4371605008599474,False,30842b15eefb0ef7e36cbdea86a9efddfacf69a871c8b054165faa9af9f6c8eb
722,29.868953,8.643511,1.417557,0.685068,10.758253697276924,True,0.23666185951846586,False,30842b15eefb0ef7e36cbdea86a9efddfacf69a871c8b054165faa9af9f6c8eb
723,39.903439,8.290567,1.010294,0.64491,11.838888400511305,True,0.2604338419910828,False,30842b15eefb0ef7e36cbdea86a9efddfacf69a871c8b054165faa9af9f6c8eb
724,41.292534,13.070193,0.48122,0.434343,0.0,False,0.0,True,30842b15eefb0ef7e36cbdea86a9efddfacf69a871c8b054165faa9af9f6c8eb
725,36.757927,0.685424,0.828873,0.436858,38.46212763360383,True,0.8460962999142916,False,30842b15eefb0ef7e36cbdea86a9efddfacf69a871c8b054165faa9af9f6c8eb
726,33.448277,5.881173,0.357209,0.585656,20.07526960193476,True,0.4416191296484275,False,30842b15eefb0ef7e36cbdea86a9efddfacf69a871c8b054165faa9af9f6c8eb
727,33.683124,3.042544,1.078157,0.258487,31.476472680904763,True,0.6924246969218282,False,30842b15eefb0ef7e36cbdea86a9efddfacf69a871c8b054165faa9af9f6c8eb
728,32.232213,6.267252,0.386282,0.686345,18.660455531046953,True,0.4104958136985582,False,30842b15eefb0ef7e36cbdea86a9efddfacf69a871c8b054165faa9af9f6c8eb
729,28.867112,12.411426,1.191591,0.581236,1.7375312758230648,True,0.03822250285953581,True,30842b15eefb0ef7e36cbdea86a9efddfacf69a871c8b054165faa9af9f6c8eb
730,31.785562,13.980208,0.241759,0.401425,0.0,False,0.0,True,30842b15eefb0ef7e36cbdea86a9efddfacf69a871c8b054165faa9af9f6c8eb
731,28.326542,3.721737,0.578909,0.791212,28.595720574850475,True,0.6290534315274167,False,30842b15eefb0ef7e36cbdea86a9efddfacf69a871c8b054165faa9af9f6c8eb
732,37.808606,11.986905,0.47136,0.749567,2.4786651498548804,True,0.05452608945601938,True,30842b15eefb0ef7e36cbdea86a9efddfacf69a871c8b054165faa9af9f6c8eb
733,31.886958,7.493105,0.433338,0.972524,14.403968183715946,True,0.3168608949671703,False,30842b15eefb0ef7e36cbdea86a9efddfacf69a871c8b054165faa9af9f6c8eb
734,40.76809,4.772352,0.899857,0.965358,16.00107303543562,True,0.3519942739234235,False,30842b15eefb0ef7e36cbdea86a9efddfacf69a871c8b054165faa9af9f6c8eb
735,33.138749,13.849467,0.678169,0.952513,0.0,False,0.0,True,30842b15eefb0ef7e36cbdea86a9efddfacf69a871c8b054165faa9af9f6c8eb
736,29.446966,1.021634,1.103442,0.057292,40.57434162408725,True,0.8925611356352835,False,30842b15eefb0ef7e36cbdea86a9efddfacf69a871c8b054165faa9af9f6c8eb
737,29.156677,12.164305,0.519989,0.701618,2.1583518448678634,True,0.04747978393843147,True,30842b15eefb0ef7e36cbdea86a9efddfacf69a871c8b054165faa9af9f6c8eb
738,40.487126,8.819064,1.081653,0.94644,10.233726275603704,True,0.22512321779513195,False,30842b15eefb0ef7e36cbdea86a9efddfacf69a871c8b054165faa9af9f6c8eb
739,36.880388,0.659274,1.342208,0.2433,37.534771210327854,True,0.8256961586139951,False,30842b15eefb0ef7e36cbdea86a9efddfacf69a871c8b054165faa9af9f6c8eb
740,36.469406,0.535566,0.583904,0.860676,39.62706597276374,True,0.871722807833483,False,30842b15eefb0ef7e36cbdea86a9efddfacf69a871c8b054165faa9af9f6c8eb
741,38.020664,13.12408,1.279547,0.568872,0.0,False,0.0,True,30842b15eefb0ef7e36cbdea86a9efddfacf69a871c8b054165faa9af9f6c8eb
742,29.800841,11.796224,0.316922,0.391298,2.839047305711765,True,0.062453836239305574,True,30842b15eefb0ef7e36cbdea86a9efddfacf69a871c8b054165faa9af9f6c8eb
743,38.435033,10.761452,0.223989,0.896143,5.057628931550307,True,0.11125856494702788,True,30842b15eefb0ef7e36cbdea86a9efddfacf69a871c8b054165faa9af9f6c8eb
744,38.207231,5.598519,0.821567,0.953773,21.132711769629317,True,0.46488091885527383,False,30842b15eefb0ef7e36cbdea86a9efddfacf69a871c8b054165faa9af9f6c8eb
745,28.132009,11.630447,1.122614,0.121729,3.165345320689118,True,0.0696317944056268,True,30842b15eefb0ef7e36cbdea86a9efddfacf69a871c8b054165faa9af9f6c8eb
746,30.203257,7.055107,0.682142,0.21879,15.882534002625425,True,0.3493866325050507,False,30842b15eefb0ef7e36cbdea86a9efddfacf69a871c8b054165faa9af9f6c8eb
747,37.94053,1.467168,0.194431,0.353763,34.47315839483738,True,0.7583462891623256,False,30842b15eefb0ef7e36cbdea86a9efddfacf69a871c8b054165faa9af9f6c8eb
748,28.118565,1.428024,0.719884,0.062371,38.68358987833496,True,0.8509680633180929,False,30842b15eefb0ef7e36cbdea86a9efddfacf69a871c8b054165faa9af9f6c8eb
749,28.227131,7.238551,0.561159,0.095288,15.257420660022902,True,0.3356352849134278,False,30842b15eefb0ef7e36cbdea86a9efddfacf69a871c8b054165faa9af9f6c8eb
750,38.022413,12.284837,0.518173,0.768625,1.949303912331372,True,0.042881112645236426,True,30842b15eefb0ef7e36cbdea86a9efddfacf69a871c8b054165faa9af9f6c8eb
751,35.878451,5.671751,0.891723,0.083507,20.85700798300692,True,0.4588159409644053,False,30842b15eefb0ef7e36cbdea86a9efddfacf69a871c8b054165faa9af9f6c8eb
752,29.370693,12.380279,1.015675,0.094904,1.7888823320743323,True,0.039352131961305215,True,30842b15eefb0ef7e36cbdea86a9efddfacf69a871c8b054165faa9af9f6c8eb
753,37.176719,13.678877,1.483014,0.242209,0.0,False,0.0,True,30842b15eefb0ef7e36cbdea86a9efddfacf69a871c8b054165faa9af9f6c8eb
754,37.476665,2.372429,1.274364,0.541851,34.407645532247216,True,0.7569051262822487,False,30842b15eefb0ef7e36cbdea86a9efddfacf69a871c8b054165faa9af9f6c8eb
755,35.921983,7.783725,0.242454,0.061464,13.449829645374628,True,0.29587159623188924,False,30842b15eefb0ef7e36cbdea86a9efddfacf69a871c8b054165faa9af9f6c8eb
756,35.583763,6.087886,0.239526,0.480836,19.313467782686732,True,0.4248608861452628,False,30842b15eefb0ef7e36cbdea86a9efddfacf69a871c8b054165faa9af9f6c8eb
757,33.345796,10.028965,0.810733,0.812252,6.867157808496634,True,0.1510648830466721,True,30842b15eefb0ef7e36cbdea86a9efddfacf69a871c8b054165faa9af9f6c8eb
758,40.262695,9.05443,0.348339,0.105839,9.544341832455565,True,0.20995802381203815,False,30842b15eefb0ef7e36cbdea86a9efddfacf69a871c8b054165faa9af9f6c8eb
759,33.880764,9.945713,0.424913,0.947736,7.084238740798591,True,0.15584026560876832,True,30842b15eefb0ef7e36cbdea86a9efddfacf69a871c8b054165faa9af9f6c8eb
760,35.302168,5.357191,1.180751,0.218279,22.049758063136178,True,0.4850542562009793,False,30842b15eefb0ef7e36cbdea86a9efddfacf69a871c8b054165faa9af9f6c8eb
761,38.210486,10.216666,1.09207,0.157033,6.386067142602154,True,0.14048177032305384,True,30842b15eefb0ef7e36cbdea86a9efddfacf69a871c8b054165faa9af9f6c8eb
762,29.850135,0.075749,1.119711,0.224059,44.20680318463674,True,0.9724686310094244,False,30842b15eefb0ef7e36cbdea86a9efddfacf69a871c8b054165faa9af9f6c8eb
763,39.615624,7.183027,0.446345,0.168563,15.445743420046291,True,0.33977804040431814,False,30842b15eefb0ef7e36cbdea86a9efddfacf69a871c8b054165faa9af9f6c8eb
764,34.050483,4.823616,1.099305,0.725766,24.122861527265147,True,0.5306587320388302,False,30842b15eefb0ef7e36cbdea86a9efddfacf69a871c8b054165faa9af9f6c8eb
765,41.311229,7.354687,0.303164,0.317522,0.0,False,0.0,True,30842b15eefb0ef7e36cbdea86a9efddfacf69a871c8b054165faa9af9f6c8eb
766,32.361001,7.522577,1.47707,0.578237,14.306218175287384,True,0.31471057397515795,False,30842b15eefb0ef7e36cbdea86a9efddfacf69a871c8b054165faa9af9f6c8eb
767,32.837425,9.082152,0.532821,0.444007,9.464204320990289,True,0.2081951454663309,False,30842b15eefb0ef7e36cbdea86a9efddfacf69a871c8b054165faa9af9f6c8eb
768,29.652217,10.939927,0.402771,0.36054,4.64535743084662,True,0.1021893476996507,True,30842b15eefb0ef7e36cbdea86a9efddfacf69a871c8b054165faa9af9f6c8eb
769,28.870267,12.695446,0.494063,0.589646,1.2930477011176773,True,0.02844467903466935,True,30842b15eefb0ef7e36cbdea86a9efddfacf69a871c8b054165faa9af9f6c8eb
770,36.817393,10.827731,0.65657,0.15681,4.903164525220313,True,0.10786063116891617,True,30842b15eefb0ef7e36cbdea86a9efddfacf69a871c8b054165faa9af9f6c8eb
771,40.274976,4.004265,1.011941,0.606953,19.77687554517356,True,0.43505500740986763,False,30842b15eefb0ef7e36cbdea86a9efddfacf69a871c8b054165faa9af9f6c8eb
772,31.464105,11.487651,1.13056,0.262808,3.455742773394635,True,0.07602000601418081,True,30842b15eefb0ef7e36cbdea86a9efddfacf69a871c8b054165faa9af9f6c8eb
773,41.606231,4.712644,0.563455,0.620299,0.0,False,0.0,True,30842b15eefb0ef7e36cbdea86a9efddfacf69a871c8b054165faa9af9f6c8eb
774,32.581098,4.797706,0.03871,0.078958,24.225101853839647,True,0.5329078317984891,False,30842b15eefb0ef7e36cbdea86a9efddfacf69a871c8b054165faa9af9f6c8eb
775,34.770945,11.596177,1.235036,0.335193,3.234261899662373,True,0.07114783280650502,True,30842b15eefb0ef7e36cbdea86a9efddfacf69a871c8b054165faa9af9f6c8eb
776,29.837718,10.813074,0.62796,0.509184,4.937185267072849,True,0.10860902512350908,True,30842b15eefb0ef7e36cbdea86a9efddfacf69a871c8b054165faa9af9f6c8eb
777,38.034903,0.190589,0.360374,0.284246,33.87510672830392,True,0.7451902488352835,False,30842b15eefb0ef7e36cbdea86a9efddfacf69a871c8b054165faa9af9f6c8eb
778,41.151551,13.479054,0.437063,0.727525,0.0,False,0.0,True,30842b15eefb0ef7e36cbdea86a9efddfacf69a871c8b054165faa9af9f6c8eb
779,32.853534,13.718034,0.283783,0.998513,0.0,False,0.0,True,30842b15eefb0ef7e36cbdea86a9efddfacf69a871c8b054165faa9af9f6c8eb
780,32.033461,0.508842,0.951534,0.514443,43.00265779250393,True,0.9459796397984369,False,30842b15eefb0ef7e36cbdea86a9efddfacf69a871c8b054165faa9af9f6c8eb
781,28.182856,2.311648,1.463316,0.839262,34.67778730210272,True,0.7628477500004267,False,30842b15eefb0ef7e36cbdea86a9efddfacf69a871c8b054165faa9af9f6c8eb
782,37.779845,8.740382,1.291752,0.864183,10.467735971077389,True,0.23027100211352647,False,30842b15eefb0ef7e36cbdea86a9efddfacf69a871c8b054165faa9af9f6c8eb
783,37.064509,5.895306,1.224318,0.3497,20.022872819419483,True,0.4404664964858549,False,30842b15eefb0ef7e36cbdea86a9efddfacf69a871c8b054165faa9af9f6c8eb
784,39.099515,11.80281,0.287955,0.888507,2.8263300498477926,True,0.06217407992332451,True,30842b15eefb0ef7e36cbdea86a9efddfacf69a871c8b054165faa9af9f6c8eb
785,32.888807,5.564818,0.706631,0.185605,21.259994194774926,True,0.46768089887680875,False,30842b15eefb0ef7e36cbdea86a9efddfacf69a871c8b054165faa9af9f6c8eb
786,35.335353,4.147089,1.27614,0.618783,26.83912142671332,True,0.5904114704318238,False,30842b15eefb0ef7e36cbdea86a9efddfacf69a871c8b054165faa9af9f6c8eb
787,34.289815,8.551229,0.424175,0.376119,11.037463721112577,True,0.24280396820046005,False,30842b15eefb0ef7e36cbdea86a9efddfacf69a871c8b054165faa9af9f6c8eb
788,33.501068,2.630843,1.027108,0.88528,33.26701630826467,True,0.7318133743339619,False,30842b15eefb0ef7e36cbdea86a9efddfacf69a871c8b054165faa9af9f6c8eb
789,31.220298,3.988706,1.113328,0.991169,27.488863104118632,True,0.6047045962409233,False,30842b15eefb0ef7e36cbdea86a9efddfacf69a871c8b054165faa9af9f6c8eb
790,36.39162,1.947549,1.499762,0.888763,36.31069128544539,True,0.7987686442261132,False,30842b15eefb0ef7e36cbdea86a9efddfacf69a871c8b054165faa9af9f6c8eb
791,41.771171,3.296062,0.708924,0.548274,0.0,False,0.0,True,30842b15eefb0ef7e36cbdea86a9efddfacf69a871c8b054165faa9af9f6c8eb
792,30.033593,10.302146,0.014681,0.221223,6.1708657131019535,True,0.13574773337712825,True,30842b15eefb0ef7e36cbdea86a9efddfacf69a871c8b054165faa9af9f6c8eb
793,34.083328,0.007206,0.352266,0.37694,44.81595203241996,True,0.9858687889808243,False,30842b15eefb0ef7e36cbdea86a9efddfacf69a871c8b054165faa9af9f6c8eb
794,38.140007,9.719397,0.368997,0.23137,7.685619553954834,True,0.16906954105858485,True,30842b15eefb0ef7e36cbdea86a9efddfacf69a871c8b054165faa9af9f6c8eb
795,39.774353,11.586224,0.299883,0.579158,0.0,False,0.0,True,30842b15eefb0ef7e36cbdea86a9efddfacf69a871c8b054165faa9af9f6c8eb
796,36.015876,6.063437,0.896601,0.119366,19.403056904871768,True,0.42683168260029564,False,30842b15eefb0ef7e36cbdea86a9efddfacf69a871c8b054165faa9af9f6c8eb
797,39.004159,8.627034,0.303776,0.746166,10.807931759480145,True,0.2377546858180784,False,30842b15eefb0ef7e36cbdea86a9efddfacf69a871c8b054165faa9af9f6c8eb
798,29.095895,11.827631,0.79767,0.564274,2.7785732506768994,True,0.061123517888401105,True,30842b15eefb0ef7e36cbdea86a9efddfacf69a871c8b054165faa9af9f6c8eb
799,32.891638,11.454341,0.315639,0.643872,3.5246970680586722,True,0.07753687409111655,True,30842b15eefb0ef7e36cbdea86a9efddfacf69a871c8b054165faa9af9f6c8eb
800,30.892394,13.09791,0.38382,0.427351,0.0,False,0.0,True,30842b15eefb0ef7e36cbdea86a9efddfacf69a871c8b054165faa9af9f6c8eb
801,38.370744,4.025798,0.319685,0.737762,27.336234697321224,True,0.6013470510868099,False,30842b15eefb0ef7e36cbdea86a9efddfacf69a871c8b054165faa9af9f6c8eb
802,29.738842,2.743968,0.951265,0.535664,32.771734970206495,True,0.7209180928368066,False,30842b15eefb0ef7e36cbdea86a9efddfacf69a871c8b054165faa9af9f6c8eb
803,33.092992,4.194694,0.875676,0.668085,26.64484404476882,True,0.5861377241745663,False,30842b15eefb0ef7e36cbdea86a9efddfacf69a871c8b054165faa9af9f6c8eb
804,33.011308,2.496619,0.631869,0.700518,33.85787611673975,True,0.7448112069676941,False,30842b15eefb0ef7e36cbdea86a9efddfacf69a871c8b054165faa9af9f6c8eb
805,35.994656,11.100744,0.302895,0.484572,4.284018151374878,True,0.09424054595141805,True,30842b15eefb0ef7e36cbdea86a9efddfacf69a871c8b054165faa9af9f6c8eb
806,37.53437,10.932378,0.790657,0.192686,4.662557717501128,True,0.10256772247481862,True,30842b15eefb0ef7e36cbdea86a9efddfacf69a871c8b054165faa9af9f6c8eb
807,38.932442,5.170063,1.265189,0.529317,22.76972905501685,True,0.5008922981855221,False,30842b15eefb0ef7e36cbdea86a9efddfacf69a871c8b054165faa9af9f6c8eb
808,28.498502,13.882583,1.432443,0.319001,0.0,False,0.0,True,30842b15eefb0ef7e36cbdea86a9efddfacf69a871c8b054165faa9af9f6c8eb
809,35.620445,2.21034,0.788887,0.403722,35.129613887843306,True,0.7727871066070023,False,30842b15eefb0ef7e36cbdea86a9efddfacf69a871c8b054165faa9af9f6c8eb
810,40.821257,5.253381,1.219001,0.932131,15.240285684772395,True,0.33525834686942035,False,30842b15eefb0ef7e36cbdea86a9efddfacf69a871c8b054165faa9af9f6c8eb
811,39.478317,5.897917,0.126186,0.88268,20.013197776146427,True,0.440253663269949,False,30842b15eefb0ef7e36cbdea86a9efddfacf69a871c8b054165faa9af9f6c8eb
812,28.812308,6.588337,0.356828,0.262783,17.510355029929727,True,0.3851957110158694,False,30842b15eefb0ef7e36cbdea86a9efddfacf69a871c8b054165faa9af9f6c8eb
813,31.277306,2.6604,1.312956,0.891512,33.13737162260496,True,0.7289614289115667,False,30842b15eefb0ef7e36cbdea86a9efddfacf69a871c8b054165faa9af9f6c8eb
814,29.901902,11.706385,0.01694,0.570203,3.0144094016768994,True,0.06631148088015179,True,30842b15eefb0ef7e36cbdea86a9efddfacf69a871c8b054165faa9af9f6c8eb
815,29.677694,6.633416,0.8223,0.416822,17.3508467315288,True,0.38168682085856215,False,30842b15eefb0ef7e36cbdea86a9efddfacf69a871c8b054165faa9af9f6c8eb
816,30.233538,12.608578,0.518045,0.723695,1.424327154249055,True,0.031332586344617164,True,30842b15eefb0ef7e36cbdea86a9efddfacf69a871c8b054165faa9af9f6c8eb
817,31.246675,13.322414,0.854077,0.854793,0.0,False,0.0,True,30842b15eefb0ef7e36cbdea86a9efddfacf69a871c8b054165faa9af9f6c8eb
818,40.121834,3.000693,0.409103,0.474303,21.512870279633074,True,0.47324370917616304,False,30842b15eefb0ef7e36cbdea86a9efddfacf69a871c8b054165faa9af9f6c8eb
819,39.995115,0.815294,0.593782,0.912637,22.240087750748735,True,0.48924116041977067,False,30842b15eefb0ef7e36cbdea86a9efddfacf69a871c8b054165faa9af9f6c8eb
820,29.952833,2.342242,1.20482,0.741581,34.54172393577416,True,0.7598546053699176,False,30842b15eefb0ef7e36cbdea86a9efddfacf69a871c8b054165faa9af9f6c8eb
821,36.907205,0.538911,1.497918,0.311148,37.286488674102216,True,0.820234397963752,False,30842b15eefb0ef7e36cbdea86a9efddfacf69a871c8b054165faa9af9f6c8eb
822,28.712606,4.60617,1.212163,0.4113,24.985353601252854,True,0.5496319765628493,False,30842b15eefb0ef7e36cbdea86a9efddfacf69a871c8b054165faa9af9f6c8eb
823,40.158433,12.254321,0.920367,0.121562,0.0,False,0.0,True,30842b15eefb0ef7e36cbdea86a9efddfacf69a871c8b054165faa9af9f6c8eb
824,34.435436,8.685349,1.359628,0.802338,10.632455689654718,True,0.2338945339612404,False,30842b15eefb0ef7e36cbdea86a9efddfacf69a871c8b054165faa9af9f6c8eb
825,34.872338,3.152954,1.454302,0.824424,31.001926209394973,True,0.6819855444779831,False,30842b15eefb0ef7e36cbdea86a9efddfacf69a871c8b054165faa9af9f6c8eb
826,30.953341,6.345816,1.018144,0.721962,18.376796347168195,True,0.4042558316517294,False,30842b15eefb0ef7e36cbdea86a9efddfacf69a871c8b054165faa9af9f6c8eb
827,28.064939,8.19703,0.744158,0.496241,12.131009516244713,True,0.2668599710264649,False,30842b15eefb0ef7e36cbdea86a9efddfacf69a871c8b054165faa9af9f6c8eb
828,39.949407,4.551851,1.343742,0.295766,21.813409318727377,True,0.47985501709391126,False,30842b15eefb0ef7e36cbdea86a9efddfacf69a871c8b054165faa9af9f6c8eb
829,37.383197,11.097653,1.409474,0.477364,4.290870993394137,True,0.09439129591334491,True,30842b15eefb0ef7e36cbdea86a9efddfacf69a871c8b054165faa9af9f6c8eb
830,35.37017,7.358482,1.384948,0.19351,14.85328404765071,True,0.32674502029662433,False,30842b15eefb0ef7e36cbdea86a9efddfacf69a871c8b054165faa9af9f6c8eb
831,38.567868,6.311595,0.904609,0.648491,18.500174893341537,True,0.4069699334923896,False,30842b15eefb0ef7e36cbdea86a9efddfacf69a871c8b054165faa9af9f6c8eb
832,35.909072,12.625975,0.808641,0.622913,1.3976982047699427,True,0.030746798271749434,True,30842b15eefb0ef7e36cbdea86a9efddfacf69a871c8b054165faa9af9f6c8eb
833,29.106192,5.274749,0.808867,0.424502,22.366001472370794,True,0.4920110314728682,False,30842b15eefb0ef7e36cbdea86a9efddfacf69a871c8b054165faa9af9f6c8eb
834,38.942639,4.116527,0.506909,0.11476,26.96409357566566,True,0.5931606286122604,False,30842b15eefb0ef7e36cbdea86a9efddfacf69a871c8b054165faa9af9f6c8eb
835,41.655798,1.619333,0.955722,0.084349,0.0,False,0.0,True,30842b15eefb0ef7e36cbdea86a9efddfacf69a871c8b054165faa9af9f6c8eb
836,36.264545,5.250172,1.04379,0.543608,22.460567712920714,True,0.49409131540797185,False,30842b15eefb0ef7e36cbdea86a9efddfacf69a871c8b054165faa9af9f6c8eb
837,33.477219,8.693672,0.80187,0.973236,10.607489062528392,True,0.23334531393279695,False,30842b15eefb0ef7e36cbdea86a9efddfacf69a871c8b054165faa9af9f6c8eb
838,39.689233,8.042328,0.139562,0.838712,12.619331221658474,True,0.2776021533637062,False,30842b15eefb0ef7e36cbdea86a9efddfacf69a871c8b054165faa9af9f6c8eb
839,28.971211,3.716962,0.587212,0.886027,28.61565007411051,True,0.6294918439767666,False,30842b15eefb0ef7e36cbdea86a9efddfacf69a871c8b054165faa9af9f6c8eb
840,31.367842,7.449531,0.291804,0.195826,14.548896317427465,True,0.3200490482293852,False,30842b15eefb0ef7e36cbdea86a9efddfacf69a871c8b054165faa9af9f6c8eb
841,38.707882,12.583566,0.461498,0.430984,0.0,False,0.0,True,30842b15eefb0ef7e36cbdea86a9efddfacf69a871c8b054165faa9af9f6c8eb
842,28.433485,12.496948,1.369389,0.987938,1.5991251884941489,True,0.03517782266164948,True,30842b15eefb0ef7e36cbdea86a9efddfacf69a871c8b054165faa9af9f6c8eb
843,33.955894,5.218202,0.421233,0.654784,22.583779254499657,True,0.49680174345370476,False,30842b15eefb0ef7e36cbdea86a9efddfacf69a871c8b054165faa9af9f6c8eb
844,41.426789,9.367903,1.09446,0.690806,0.0,False,0.0,True,30842b15eefb0ef7e36cbdea86a9efddfacf69a871c8b054165faa9af9f6c8eb
845,32.602352,7.965509,0.657203,0.645845,12.864189270726424,True,0.28298858157418355,False,30842b15eefb0ef7e36cbdea86a9efddfacf69a871c8b054165faa9af9f6c8eb
846,33.932289,5.765297,1.323918,0.697167,20.506586088772632,True,0.45110730167785823,False,30842b15eefb0ef7e36cbdea86a9efddfacf69a871c8b054165faa9af9f6c8eb
847,32.020713,7.714924,0.114804,0.222468,13.673738048995185,True,0.3007971706470069,False,30842b15eefb0ef7e36cbdea86a9efddfacf69a871c8b054165faa9af9f6c8eb
848,38.491797,0.170825,0.36154,0.948769,31.639870651062992,True,0.6960191527273254,False,30842b15eefb0ef7e36cbdea86a9efddfacf69a871c8b054165faa9af9f6c8eb
849,30.041643,4.111752,0.831981,0.540693,26.98363666999185,True,0.5935905408614157,False,30842b15eefb0ef7e36cbdea86a9efddfacf69a871c8b054165faa9af9f6c8eb
850,38.429865,13.53223,0.954633,0.911009,0.0,False,0.0,True,30842b15eefb0ef7e36cbdea86a9efddfacf69a871c8b054165faa9af9f6c8eb
851,40.472203,7.173297,0.213171,0.430745,15.47882423853925,True,0.3405057577680496,False,30842b15eefb0ef7e36cbdea86a9efddfacf69a871c8b054165faa9af9f6c8eb
852,34.708004,0.270739,0.332845,0.13088,43.954884731095774,True,0.966926886843537,False,30842b15eefb0ef7e36cbdea86a9efddfacf69a871c8b054165faa9af9f6c8eb
853,33.082082,11.745058,1.499637,0.60485,2.9384920425415983,True,0.06464143814940274,True,30842b15eefb0ef7e36cbdea86a9efddfacf69a871c8b054165faa9af9f6c8eb
854,40.10218,0.739076,0.092625,0.06282,21.972299003519947,True,0.4833502988858651,False,30842b15eefb0ef7e36cbdea86a9efddfacf69a871c8b054165faa9af9f6c8eb
855,31.738098,2.612512,0.852139,0.838032,33.34750557659907,True,0.7335839906859559,False,30842b15eefb0ef7e36cbdea86a9efddfacf69a871c8b054165faa9af9f6c8eb
856,34.488456,11.251176,0.455144,0.080598,3.954957822606457,True,0.08700182194551329,True,30842b15eefb0ef7e36cbdea86a9efddfacf69a871c8b054165faa9af9f6c8eb
857,40.600527,1.160325,0.540966,0.141591,17.722869044671118,True,0.38987062976361775,False,30842b15eefb0ef7e36cbdea86a9efddfacf69a871c8b054165faa9af9f6c8eb
858,32.794997,10.085611,1.147447,0.372917,6.7207451737624915,True,0.1478440734833179,True,30842b15eefb0ef7e36cbdea86a9efddfacf69a871c8b054165faa9af9f6c8eb
859,41.745676,8.240443,1.365632,0.687437,0.0,False,0.0,True,30842b15eefb0ef7e36cbdea86a9efddfacf69a871c8b054165faa9af9f6c8eb
860,34.584525,7.476994,0.153719,0.738476,14.457497382694763,True,0.3180384392160169,False,30842b15eefb0ef7e36cbdea86a9efddfacf69a871c8b054165faa9af9f6c8eb
861,35.04298,7.275984,1.168582,0.685907,15.130893087940937,True,0.3328519102755111,False,30842b15eefb0ef7e36cbdea86a9efddfacf69a871c8b054165faa9af9f6c8eb
862,31.385297,4.663322,0.347067,0.907591,24.757684675099924,True,0.5446236775457364,False,30842b15eefb0ef7e36cbdea86a9efddfacf69a871c8b054165faa9af9f6c8eb
863,37.584164,11.232547,0.294557,0.166398,3.9952304613139304,True,0.08788774617005898,True,30842b15eefb0ef7e36cbdea86a9efddfacf69a871c8b054165faa9af9f6c8eb
864,40.234217,10.235067,0.768828,0.289217,6.339533970235533,True,0.13945812583469555,True,30842b15eefb0ef7e36cbdea86a9efddfacf69a871c8b054165faa9af9f6c8eb
865,28.989412,3.378786,0.672621,0.50826,30.03880794674568,True,0.6607987082693827,False,30842b15eefb0ef7e36cbdea86a9efddfacf69a871c8b054165faa9af9f6c8eb
866,35.049249,8.771012,0.876054,0.16854,10.376429103292688,True,0.22826241840423883,False,30842b15eefb0ef7e36cbdea86a9efddfacf69a871c8b054165faa9af9f6c8eb
867,35.818047,5.551669,0.70087,0.691946,21.30972458181558,True,0.468774876226924,False,30842b15eefb0ef7e36cbdea86a9efddfacf69a871c8b054165faa9af9f6c8eb
868,38.123331,10.897464,1.20042,0.352463,4.742383813006685,True,0.10432375024029375,True,30842b15eefb0ef7e36cbdea86a9efddfacf69a871c8b054165faa9af9f6c8eb
869,36.947597,0.202032,0.450701,0.666639,38.19296729558507,True,0.8401752658973803,False,30842b15eefb0ef7e36cbdea86a9efddfacf69a871c8b054165faa9af9f6c8eb
870,37.854808,13.590388,0.732789,0.884322,0.0,False,0.0,True,30842b15eefb0ef7e36cbdea86a9efddfacf69a871c8b054165faa9af9f6c8eb
871,32.187334,11.963508,0.966246,0.668721,2.52200253008396,True,0.05547943237581581,True,30842b15eefb0ef7e36cbdea86a9efddfacf69a871c8b054165faa9af9f6c8eb
872,29.985339,12.993669,0.286767,0.569391,0.0,False,0.0,True,30842b15eefb0ef7e36cbdea86a9efddfacf69a871c8b054165faa9af9f6c8eb
873,35.34586,3.46859,1.386294,0.828129,29.658640263302015,True,0.652435716149632,False,30842b15eefb0ef7e36cbdea86a9efddfacf69a871c8b054165faa9af9f6c8eb
874,41.750215,8.392134,1.102479,0.171475,0.0,False,0.0,True,30842b15eefb0ef7e36cbdea86a9efddfacf69a871c8b054165faa9af9f6c8eb
875,31.586878,6.057928,0.928085,0.460359,19.42326275231367,True,0.4272761742030506,False,30842b15eefb0ef7e36cbdea86a9efddfacf69a871c8b054165faa9af9f6c8eb
876,30.556585,1.343971,0.91793,0.061883,39.07218038696647,True,0.8595163421514167,False,30842b15eefb0ef7e36cbdea86a9efddfacf69a871c8b054165faa9af9f6c8eb
877,30.24178,0.767138,0.95538,0.933571,41.77362180174341,True,0.9189431010466014,False,30842b15eefb0ef7e36cbdea86a9efddfacf69a871c8b054165faa9af9f6c8eb
878,32.559846,3.268265,0.893386,0.55307,30.508887075263253,True,0.6711395873568453,False,30842b15eefb0ef7e36cbdea86a9efddfacf69a871c8b054165faa9af9f6c8eb
879,40.328613,7.061654,0.337266,0.518503,15.860080429928864,True,0.3488926950671795,False,30842b15eefb0ef7e36cbdea86a9efddfacf69a871c8b054165faa9af9f6c8eb
880,40.846474,4.270607,0.000752,0.063015,16.24749829950168,True,0.35741517799087114,False,30842b15eefb0ef7e36cbdea86a9efddfacf69a871c8b054165faa9af9f6c8eb
881,32.022225,4.888195,0.751244,0.305479,23.868662340209944,True,0.5250668159166259,False,30842b15eefb0ef7e36cbdea86a9efddfacf69a871c8b054165faa9af9f6c8eb
882,35.01979,5.383057,0.869235,0.226765,21.95084714691992,True,0.4828783973657912,False,30842b15eefb0ef7e36cbdea86a9efddfacf69a871c8b054165faa9af9f6c8eb
883,41.984354,7.909589,0.635778,0.890744,0.0,False,0.0,True,30842b15eefb0ef7e36cbdea86a9efddfacf69a871c8b054165faa9af9f6c8eb
884,34.272434,12.836781,0.893509,0.226431,1.0887136959629888,True,0.023949705502393896,True,30842b15eefb0ef7e36cbdea86a9efddfacf69a871c8b054165faa9af9f6c8eb
885,36.205367,2.717794,1.472071,0.581936,32.88610909151741,True,0.7234341138372301,False,30842b15eefb0ef7e36cbdea86a9efddfacf69a871c8b054165faa9af9f6c8eb
886,37.888141,4.800692,0.739899,0.655413,24.21331181227532,True,0.5326484724973491,False,30842b15eefb0ef7e36cbdea86a9efddfacf69a871c8b054165faa9af9f6c8eb
887,41.165463,2.516695,0.835371,0.723992,12.654842840239354,True,0.2783833438732764,False,30842b15eefb0ef7e36cbdea86a9efddfacf69a871c8b054165faa9af9f6c8eb
888,38.610977,9.438625,1.079994,0.667529,8.454056038875748,True,0.18597373504401285,True,30842b15eefb0ef7e36cbdea86a9efddfacf69a871c8b054165faa9af9f6c8eb
889,29.623697,4.184559,1.446232,0.548571,26.686165844989407,True,0.5870467280290981,False,30842b15eefb0ef7e36cbdea86a9efddfacf69a871c8b054165faa9af9f6c8eb
890,28.374405,8.803361,0.76094,0.833685,10.280287913194883,True,0.22614748846624863,False,30842b15eefb0ef7e36cbdea86a9efddfacf69a871c8b054165faa9af9f6c8eb
891,29.315296,9.967638,1.40921,0.836279,7.026850688936277,True,0.15457783367045894,True,30842b15eefb0ef7e36cbdea86a9efddfacf69a871c8b054165faa9af9f6c8eb
892,40.75826,9.174833,0.558249,0.442441,9.197927431110202,True,0.20233754202258927,False,30842b15eefb0ef7e36cbdea86a9efddfacf69a871c8b054165faa9af9f6c8eb
893,29.468629,7.508819,0.449513,0.112982,14.35182182655025,True,0.31571377070321366,False,30842b15eefb0ef7e36cbdea86a9efddfacf69a871c8b054165faa9af9f6c8eb
894,32.366087,4.685052,0.170569,0.87764,24.67130416435864,True,0.5427234646605019,False,30842b15eefb0ef7e36cbdea86a9efddfacf69a871c8b054165faa9af9f6c8eb
895,31.796901,0.337293,1.022533,0.053856,43.825470541810965,True,0.9640800119188483,False,30842b15eefb0ef7e36cbdea86a9efddfacf69a871c8b054165faa9af9f6c8eb
896,32.427444,8.989543,0.168445,0.378634,9.73279249825551,True,0.2141035929955383,False,30842b15eefb0ef7e36cbdea86a9efddfacf69a871c8b054165faa9af9f6c8eb
897,38.112988,2.869572,0.419328,0.10161,32.224727409872344,True,0.7088849292730857,False,30842b15eefb0ef7e36cbdea86a9efddfacf69a871c8b054165faa9af9f6c8eb
898,29.332214,7.236987,0.72399,0.082655,15.262714788348518,True,0.3357517460314982,False,30842b15eefb0ef7e36cbdea86a9efddfacf69a871c8b054165faa9af9f6c8eb
899,32.98172,3.199471,0.451073,0.778353,30.802714914834734,True,0.677603261187932,False,30842b15eefb0ef7e36cbdea86a9efddfacf69a871c8b054165faa9af9f6c8eb
900,28.465168,11.391282,1.473051,0.425425,3.656471204143856,True,0.08043566351920492,True,30842b15eefb0ef7e36cbdea86a9efddfacf69a871c8b054165faa9af9f6c8eb
901,38.613235,4.579858,0.994449,0.286535,25.090402568788484,True,0.5519428612749072,False,30842b15eefb0ef7e36cbdea86a9efddfacf69a871c8b054165faa9af9f6c8eb
902,37.296576,12.316648,0.897118,0.503786,1.8953257558085008,True,0.04169369215344091,True,30842b15eefb0ef7e36cbdea86a9efddfacf69a871c8b054165faa9af9f6c8eb
903,39.382894,6.20338,0.044893,0.14525,18.89213354230806,True,0.4155923052386742,False,30842b15eefb0ef7e36cbdea86a9efddfacf69a871c8b054165faa9af9f6c8eb
904,37.579544,13.958816,1.278387,0.995117,0.0,False,0.0,True,30842b15eefb0ef7e36cbdea86a9efddfacf69a871c8b054165faa9af9f6c8eb
905,41.810935,3.861404,0.993753,0.478595,0.0,False,0.0,True,30842b15eefb0ef7e36cbdea86a9efddfacf69a871c8b054165faa9af9f6c8eb
906,40.676694,1.080407,0.535554,0.551734,17.11418590210772,True,0.3764807164533322,False,30842b15eefb0ef7e36cbdea86a9efddfacf69a871c8b054165faa9af9f6c8eb
907,39.335913,5.60975,1.120417,0.32209,21.090350997275486,True,0.4639490595184343,False,30842b15eefb0ef7e36cbdea86a9efddfacf69a871c8b054165faa9af9f6c8eb
908,31.394231,5.172877,0.615803,0.726536,22.758845243664283,True,0.5006528742877571,False,30842b15eefb0ef7e36cbdea86a9efddfacf69a871c8b054165faa9af9f6c8eb
909,28.219415,6.992019,0.295707,0.463177,16.099442188722964,True,0.3541582149673247,False,30842b15eefb0ef7e36cbdea86a9efddfacf69a871c8b054165faa9af9f6c8eb
910,36.054855,5.542096,0.846177,0.257844,21.345954655760668,True,0.4695718714374484,False,30842b15eefb0ef7e36cbdea86a9efddfacf69a871c8b054165faa9af9f6c8eb
911,31.495114,6.235366,0.442669,0.852577,18.775994064547465,True,0.41303744963257494,False,30842b15eefb0ef7e36cbdea86a9efddfacf69a871c8b054165faa9af9f6c8eb
912,31.064279,2.981034,1.266933,0.742746,31.7418854388534,True,0.6982632910471878,False,30842b15eefb0ef7e36cbdea86a9efddfacf69a871c8b054165faa9af9f6c8eb
913,33.719367,11.553581,1.391336,0.603021,3.3206088181490294,True,0.07304730672371836,True,30842b15eefb0ef7e36cbdea86a9efddfacf69a871c8b054165faa9af9f6c8eb
914,30.957727,3.374562,0.32743,0.840879,30.05672913812675,True,0.6611929416269865,False,30842b15eefb0ef7e36cbdea86a9efddfacf69a871c8b054165faa9af9f6c8eb
915,40.774435,5.714797,0.147369,0.876102,16.701089523409983,True,0.3673933534022362,False,30842b15eefb0ef7e36cbdea86a9efddfacf69a871c8b054165faa9af9f6c8eb
916,37.10145,3.623601,0.492344,0.629843,29.006240940028203,True,0.6380841270033704,False,30842b15eefb0ef7e36cbdea86a9efddfacf69a871c8b054165faa9af9f6c8eb
917,39.0654,13.987026,1.223164,0.285227,0.0,False,0.0,True,30842b15eefb0ef7e36cbdea86a9efddfacf69a871c8b054165faa9af9f6c8eb
918,35.478601,0.776491,1.328925,0.881742,41.48292501346315,True,0.9125483046041393,False,30842b15eefb0ef7e36cbdea86a9efddfacf69a871c8b054165faa9af9f6c8eb
919,29.60669,6.24835,0.242114,0.479603,18.728918008552437,True,0.41200186269959543,False,30842b15eefb0ef7e36cbdea86a9efddfacf69a871c8b054165faa9af9f6c8eb
920,29.81449,7.924256,1.425178,0.345947,12.996327757416513,True,0.2858953860476594,False,30842b15eefb0ef7e36cbdea86a9efddfacf69a871c8b054165faa9af9f6c8eb
921,29.058657,4.615305,1.058579,0.354504,24.948917071949616,True,0.5488304397129156,False,30842b15eefb0ef7e36cbdea86a9efddfacf69a871c8b054165faa9af9f6c8eb
922,35.496835,13.494614,1.440181,0.223542,0.0,False,0.0,True,30842b15eefb0ef7e36cbdea86a9efddfacf69a871c8b054165faa9af9f6c8eb
923,41.157564,1.556263,0.87004,0.423895,12.69047886827886,True,0.2791672711628714,False,30842b15eefb0ef7e36cbdea86a9efddfacf69a871c8b054165faa9af9f6c8eb
924,40.142854,6.270139,0.816317,0.797126,18.65000626259228,True,0.4102659489479513,False,30842b15eefb0ef7e36cbdea86a9efddfacf69a871c8b054165faa9af9f6c8eb
925,38.180862,0.264322,0.519452,0.722975,33.02819729238909,True,0.7265597937830782,False,30842b15eefb0ef7e36cbdea86a9efddfacf69a871c8b054165faa9af9f6c8eb
926,39.628286,3.96067,0.437594,0.776064,24.908180978703527,True,0.5479343203381162,False,30842b15eefb0ef7e36cbdea86a9efddfacf69a871c8b054165faa9af9f6c8eb
927,35.063348,8.4155,0.190398,0.674,11.45243665389639,True,0.2519326120013872,False,30842b15eefb0ef7e36cbdea86a9efddfacf69a871c8b054165faa9af9f6c8eb
928,38.251043,7.126324,0.230375,0.550493,15.638858176658303,True,0.34402621103556313,False,30842b15eefb0ef7e36cbdea86a9efddfacf69a871c8b054165faa9af9f6c8eb
929,32.421152,12.0772,0.342082,0.721252,2.313782998274154,True,0.05089898437999973,True,30842b15eefb0ef7e36cbdea86a9efddfacf69a871c8b054165faa9af9f6c8eb
930,32.134308,6.656546,0.553516,0.826789,17.26919221684136,True,0.37989057122290815,False,30842b15eefb0ef7e36cbdea86a9efddfacf69a871c8b054165faa9af9f6c8eb
931,31.881048,7.877923,0.62594,0.149473,13.145273812283069,True,0.2891719262097101,False,30842b15eefb0ef7e36cbdea86a9efddfacf69a871c8b054165faa9af9f6c8eb
932,36.335505,7.086488,1.346459,0.435259,15.775006136541707,True,0.34702121656920354,False,30842b15eefb0ef7e36cbdea86a9efddfacf69a871c8b054165faa9af9f6c8eb
933,35.444919,11.158037,0.9467,0.637235,4.157661084882178,True,0.09146092212389761,True,30842b15eefb0ef7e36cbdea86a9efddfacf69a871c8b054165faa9af9f6c8eb
934,32.501628,1.80065,1.292474,0.051822,36.97655889562086,True,0.8134165109944096,False,30842b15eefb0ef7e36cbdea86a9efddfacf69a871c8b054165faa9af9f6c8eb
935,41.861713,7.943648,0.488214,0.755089,0.0,False,0.0,True,30842b15eefb0ef7e36cbdea86a9efddfacf69a871c8b054165faa9af9f6c8eb
936,29.872789,7.734766,0.044355,0.751553,13.609037145796464,True,0.29937386938507354,False,30842b15eefb0ef7e36cbdea86a9efddfacf69a871c8b054165faa9af9f6c8eb
937,30.954526,0.783728,0.328091,0.513277,41.69508922924014,True,0.9172155284159154,False,30842b15eefb0ef7e36cbdea86a9efddfacf69a871c8b054165faa9af9f6c8eb
938,29.884644,9.754063,0.262071,0.934397,7.592447092909397,True,0.1670199177175303,True,30842b15eefb0ef7e36cbdea86a9efddfacf69a871c8b054165faa9af9f6c8eb
939,36.492577,6.636713,0.00368,0.758744,17.339199676308247,True,0.3814306069948653,False,30842b15eefb0ef7e36cbdea86a9efddfacf69a871c8b054165faa9af9f6c8eb
940,35.602647,6.485413,0.320657,0.454424,17.876361588720734,True,0.39324718435316014,False,30842b15eefb0ef7e36cbdea86a9efddfacf69a871c8b054165faa9af9f6c8eb
941,41.388687,3.683235,0.786099,0.520531,10.637745682321137,True,0.23401090410238987,False,30842b15eefb0ef7e36cbdea86a9efddfacf69a871c8b054165faa9af9f6c8eb
942,39.195491,12.224094,0.802727,0.97598,0.0,False,0.0,True,30842b15eefb0ef7e36cbdea86a9efddfacf69a871c8b054165faa9af9f6c8eb
943,37.416572,1.898502,0.081181,0.824443,36.53256413595656,True,0.8036494402043609,False,30842b15eefb0ef7e36cbdea86a9efddfacf69a871c8b054165faa9af9f6c8eb
944,39.409721,8.263213,1.488527,0.301398,11.924070727587303,True,0.26230769703216805,False,30842b15eefb0ef7e36cbdea86a9efddfacf69a871c8b054165faa9af9f6c8eb
945,32.937817,0.434346,0.894765,0.294892,43.359329651801644,True,0.9538257668590648,False,30842b15eefb0ef7e36cbdea86a9efddfacf69a871c8b054165faa9af9f6c8eb
946,28.033233,3.298517,0.066204,0.474781,30.37997444699515,True,0.6683037458550722,False,30842b15eefb0ef7e36cbdea86a9efddfacf69a871c8b054165faa9af9f6c8eb
947,32.921937,8.521259,0.792104,0.229901,11.128653249461676,True,0.24480997065726884,False,30842b15eefb0ef7e36cbdea86a9efddfacf69a871c8b054165faa9af9f6c8eb
948,37.945504,5.155456,1.344407,0.690051,22.82625294838451,True,0.5021357202211076,False,30842b15eefb0ef7e36cbdea86a9efddfacf69a871c8b054165faa9af9f6c8eb
949,41.421369,8.649088,0.549792,0.725237,0.0,False,0.0,True,30842b15eefb0ef7e36cbdea86a9efddfacf69a871c8b054165faa9af9f6c8eb
950,33.725808,6.319565,1.098964,0.576727,18.47141570812563,True,0.4063372841384191,False,30842b15eefb0ef7e36cbdea86a9efddfacf69a871c8b054165faa9af9f6c8eb
951,35.817591,5.436749,1.301756,0.540017,21.746004134867558,True,0.4783722266148685,False,30842b15eefb0ef7e36cbdea86a9efddfacf69a871c8b054165faa9af9f6c8eb
952,35.862387,0.038527,1.220041,0.168761,40.68303877593169,True,0.8949522737143546,False,30842b15eefb0ef7e36cbdea86a9efddfacf69a871c8b054165faa9af9f6c8eb
953,36.890694,7.950271,0.651884,0.154077,12.912946045393246,True,0.28406114123688175,False,30842b15eefb0ef7e36cbdea86a9efddfacf69a871c8b054165faa9af9f6c8eb
954,39.26814,13.114296,1.032268,0.954454,0.0,False,0.0,True,30842b15eefb0ef7e36cbdea86a9efddfacf69a871c8b054165faa9af9f6c8eb
955,30.866118,2.017394,1.065864,0.733831,35.995513598713636,True,0.7918353128956256,False,30842b15eefb0ef7e36cbdea86a9efddfacf69a871c8b054165faa9af9f6c8eb
956,29.502905,0.371111,0.574755,0.515807,43.662855739512736,True,0.9605027843705829,False,30842b15eefb0ef7e36cbdea86a9efddfacf69a871c8b054165faa9af9f6c8eb
957,41.098434,7.287383,0.338699,0.442734,13.728176038774356,True,0.3019947066274836,False,30842b15eefb0ef7e36cbdea86a9efddfacf69a871c8b054165faa9af9f6c8eb
958,32.61507,1.650996,1.296617,0.722213,37.65904931941884,True,0.8284300491897822,False,30842b15eefb0ef7e36cbdea86a9efddfacf69a871c8b054165faa9af9f6c8eb
959,28.015813,7.205657,0.843273,0.478744,15.368895471439396,True,0.33808752641113254,False,30842b15eefb0ef7e36cbdea86a9efddfacf69a871c8b054165faa9af9f6c8eb
960,33.928202,10.267306,0.816969,0.903042,6.25828069804322,True,0.13767070279838434,True,30842b15eefb0ef7e36cbdea86a9efddfacf69a871c8b054165faa9af9f6c8eb
961,30.111863,9.685558,0.495602,0.693447,7.776933904350097,True,0.17107828937158787,True,30842b15eefb0ef7e36cbdea86a9efddfacf69a871c8b054165faa9af9f6c8eb
962,33.007783,4.068626,1.378896,0.572583,27.160356177743825,True,0.5974780460731915,False,30842b15eefb0ef7e36cbdea86a9efddfacf69a871c8b054165faa9af9f6c8eb
963,39.265066,9.489263,1.455241,0.489807,8.313668713893698,True,0.18288547124972393,True,30842b15eefb0ef7e36cbdea86a9efddfacf69a871c8b054165faa9af9f6c8eb
964,40.287547,5.144824,1.25993,0.469508,19.434337543767988,True,0.4275197993129531,False,30842b15eefb0ef7e36cbdea86a9efddfacf69a871c8b054165faa9af9f6c8eb
965,35.035234,4.222711,0.284802,0.216288,26.530725971462086,True,0.5836273357608527,False,30842b15eefb0ef7e36cbdea86a9efddfacf69a871c8b054165faa9af9f6c8eb
966,30.394686,9.071719,0.857516,0.561872,9.494337133153243,True,0.20885801209503013,False,30842b15eefb0ef7e36cbdea86a9efddfacf69a871c8b054165faa9af9f6c8eb
967,40.81494,11.968198,0.436415,0.174618,0.0,False,0.0,True,30842b15eefb0ef7e36cbdea86a9efddfacf69a871c8b054165faa9af9f6c8eb
968,32.060085,12.750803,1.276266,0.829969,1.2116239635303536,True,0.026653506072161774,True,30842b15eefb0ef7e36cbdea86a9efddfacf69a871c8b054165faa9af9f6c8eb
969,32.966658,5.418621,0.752071,0.576311,21.81509357086159,True,0.47989206755332564,False,30842b15eefb0ef7e36cbdea86a9efddfacf69a871c8b054165faa9af9f6c8eb
970,34.618289,3.584796,1.093055,0.480575,29.169106526817178,True,0.6416668713506989,False,30842b15eefb0ef7e36cbdea86a9efddfacf69a871c8b054165faa9af9f6c8eb
971,37.115526,7.093935,0.340864,0.101447,15.749524551436549,True,0.3464606684092367,False,30842b15eefb0ef7e36cbdea86a9efddfacf69a871c8b054165faa9af9f6c8eb
972,36.391089,13.727364,1.012357,0.251106,0.0,False,0.0,True,30842b15eefb0ef7e36cbdea86a9efddfacf69a871c8b054165faa9af9f6c8eb
973,32.04665,5.009863,1.065536,0.832919,23.39219202052111,True,0.514585342339603,False,30842b15eefb0ef7e36cbdea86a9efddfacf69a871c8b054165faa9af9f6c8eb
974,36.717123,7.990503,1.379349,0.898532,12.78434963234918,True,0.28123225589035783,False,30842b15eefb0ef7e36cbdea86a9efddfacf69a871c8b054165faa9af9f6c8eb
975,29.410711,7.263601,0.539404,0.869844,15.1727100808472,True,0.33377180746135005,False,30842b15eefb0ef7e36cbdea86a9efddfacf69a871c8b054165faa9af9f6c8eb
976,29.59322,8.980201,0.654584,0.248376,9.760025378271092,True,0.21470266643309466,False,30842b15eefb0ef7e36cbdea86a9efddfacf69a871c8b054165faa9af9f6c8eb
977,36.277462,8.011431,0.721782,0.741778,12.717625795544668,True,0.27976445379749965,False,30842b15eefb0ef7e36cbdea86a9efddfacf69a871c8b054165faa9af9f6c8eb
978,39.759509,5.094072,1.180047,0.051123,23.06429716702861,True,0.5073722566532418,False,30842b15eefb0ef7e36cbdea86a9efddfacf69a871c8b054165faa9af9f6c8eb
979,28.782956,6.198315,0.617489,0.939704,18.91054617409899,True,0.41599734938439586,False,30842b15eefb0ef7e36cbdea86a9efddfacf69a871c8b054165faa9af9f6c8eb
980,40.432099,3.765095,0.49047,0.260721,19.099674935878884,True,0.4201578354363825,False,30842b15eefb0ef7e36cbdea86a9efddfacf69a871c8b054165faa9af9f6c8eb
981,28.981014,3.674867,0.511668,0.643623,28.791542800075764,True,0.6333611615048749,False,30842b15eefb0ef7e36cbdea86a9efddfacf69a871c8b054165faa9af9f6c8eb
982,31.414263,1.038253,1.462274,0.819729,40.496432462851395,True,0.8908472769096552,False,30842b15eefb0ef7e36cbdea86a9efddfacf69a871c8b054165faa9af9f6c8eb
983,28.520592,2.491605,0.235568,0.699,33.88001507157529,True,0.7452982233893742,False,30842b15eefb0ef7e36cbdea86a9efddfacf69a871c8b054165faa9af9f6c8eb
984,33.698178,13.010038,0.945174,0.917948,0.0,False,0.0,True,30842b15eefb0ef7e36cbdea86a9efddfacf69a871c8b054165faa9af9f6c8eb
985,38.783172,5.083923,0.250784,0.907452,23.10373374689996,True,0.5082397891160395,False,30842b15eefb0ef7e36cbdea86a9efddfacf69a871c8b054165faa9af9f6c8eb
986,38.984124,11.389223,0.522075,0.771611,3.6608010088020357,True,0.0805309112843711,True,30842b15eefb0ef7e36cbdea86a9efddfacf69a871c8b054165faa9af9f6c8eb
987,41.798533,13.94357,0.5669,0.069952,0.0,False,0.0,True,30842b15eefb0ef7e36cbdea86a9efddfacf69a871c8b054165faa9af9f6c8eb
988,41.363162,4.377364,0.290372,0.68448,11.384598122714836,True,0.25044028867567014,False,30842b15eefb0ef7e36cbdea86a9efddfacf69a871c8b054165faa9af9f6c8eb
989,34.308519,7.919426,0.083503,0.867581,13.011828263241982,True,0.28623636876059366,False,30842b15eefb0ef7e36cbdea86a9efddfacf69a871c8b054165faa9af9f6c8eb
990,37.789346,8.148094,0.320333,0.386238,12.284782376907742,True,0.2702426920676314,False,30842b15eefb0ef7e36cbdea86a9efddfacf69a871c8b054165faa9af9f6c8eb
991,36.857109,5.331954,1.35096,0.343003,22.14640646233781,True,0.48718034380944786,False,30842b15eefb0ef7e36cbdea86a9efddfacf69a871c8b054165faa9af9f6c8eb
992,28.887999,7.987639,0.665529,0.397929,12.79348984976122,True,0.2814333239177538,False,30842b15eefb0ef7e36cbdea86a9efddfacf69a871c8b054165faa9af9f6c8eb
993,40.894181,12.020757,0.730789,0.348892,0.0,False,0.0,True,30842b15eefb0ef7e36cbdea86a9efddfacf69a871c8b054165faa9af9f6c8eb
994,34.429025,8.653139,0.625646,0.954968,10.729260664461279,True,0.23602406594598604,False,30842b15eefb0ef7e36cbdea86a9efddfacf69a871c8b054165faa9af9f6c8eb
995,29.263393,0.193488,1.116168,0.523837,43.61943580565914,True,0.9595476254223827,False,30842b15eefb0ef7e36cbdea86a9efddfacf69a871c8b054165faa9af9f6c8eb
996,30.754189,5.130321,0.800065,0.865015,22.92362574053522,True,0.5042777431465127,False,30842b15eefb0ef7e36cbdea86a9efddfacf69a871c8b054165faa9af9f6c8eb
997,31.956913,9.404172,0.533378,0.697365,8.550019504903512,True,0.18808475537826244,True,30842b15eefb0ef7e36cbdea86a9efddfacf69a871c8b054165faa9af9f6c8eb
998,39.521148,13.344987,1.110032,0.839543,0.0,False,0.0,True,30842b15eefb0ef7e36cbdea86a9efddfacf69a871c8b054165faa9af9f6c8eb
999,33.351026,0.879174,1.49301,0.39983,41.2442318613648,True,0.9072974928256238,False,30842b15eefb0ef7e36cbdea86a9efddfacf69a871c8b054165faa9af9f6c8eb
1000,39.861912,3.535309,0.91839,0.631516,22.849339795000205,True,0.5026435885242942,False,30842b15eefb0ef7e36cbdea86a9efddfacf69a871c8b054165faa9af9f6c8eb
1001,32.190937,9.257724,0.094249,0.226137,8.961933041179,True,0.19714609806443267,True,30842b15eefb0ef7e36cbdea86a9efddfacf69a871c8b054165faa9af9f6c8eb
1002,40.021264,0.513043,0.718887,0.921668,21.928697699224305,True,0.48239115012042477,False,30842b15eefb0ef7e36cbdea86a9efddfacf69a871c8b054165faa9af9f6c8eb
1003,31.166429,9.826857,1.051811,0.669298,7.398034556542339,True,0.16274319831073894,True,30842b15eefb0ef7e36cbdea86a9efddfacf69a871c8b054165faa9af9f6c8eb
1004,40.889108,1.850831,1.142377,0.825959,14.746773780572687,True,0.32440198967345973,False,30842b15eefb0ef7e36cbdea86a9efddfacf69a871c8b054165faa9af9f6c8eb
1005,37.9109,6.32348,0.002408,0.4863,18.457294168869957,True,0.40602663616212564,False,30842b15eefb0ef7e36cbdea86a9efddfacf69a871c8b054165faa9af9f6c8eb
1006,41.285361,7.720745,1.322348,0.465934,0.0,False,0.0,True,30842b15eefb0ef7e36cbdea86a9efddfacf69a871c8b054165faa9af9f6c8eb
1007,36.663444,11.166608,0.909925,0.889505,4.138866805149189,True,0.09104748242308026,True,30842b15eefb0ef7e36cbdea86a9efddfacf69a871c8b054165faa9af9f6c8eb
1008,40.8735,0.277074,1.108204,0.237808,14.912747172553058,True,0.3280531000378309,False,30842b15eefb0ef7e36cbdea86a9efddfacf69a871c8b054165faa9af9f6c8eb
1009,28.046579,11.172143,0.013725,0.581328,4.126744884047185,True,0.09078082238050639,True,30842b15eefb0ef7e36cbdea86a9efddfacf69a871c8b054165faa9af9f6c8eb
1010,31.190567,2.926222,1.428827,0.644711,31.979021763421102,True,0.703479855473975,False,30842b15eefb0ef7e36cbdea86a9efddfacf69a871c8b054165faa9af9f6c8eb
1011,40.091591,3.956332,1.088561,0.955473,21.053148938298698,True,0.46313068241903654,False,30842b15eefb0ef7e36cbdea86a9efddfacf69a871c8b054165faa9af9f6c8eb
1012,30.752269,8.498543,0.202617,0.185142,11.19793750980491,True,0.24633409737426024,False,30842b15eefb0ef7e36cbdea86a9efddfacf69a871c8b054165faa9af9f6c8eb
1013,37.433421,11.983994,0.238697,0.07519,2.48404343705384,True,0.05464440191502491,True,30842b15eefb0ef7e36cbdea86a9efddfacf69a871c8b054165faa9af9f6c8eb
1014,33.221413,5.747739,1.064654,0.721309,20.572207125224075,True,0.4525508441845811,False,30842b15eefb0ef7e36cbdea86a9efddfacf69a871c8b054165faa9af9f6c8eb
1015,30.435994,1.968444,0.191314,0.810227,36.21630596582586,True,0.7966923402198175,False,30842b15eefb0ef7e36cbdea86a9efddfacf69a871c8b054165faa9af9f6c8eb
1016,29.150157,13.946517,0.279952,0.086594,0.0,False,0.0,True,30842b15eefb0ef7e36cbdea86a9efddfacf69a871c8b054165faa9af9f6c8eb
1017,33.7507,6.139627,0.938848,0.388421,19.1243281989061,True,0.42070016202909855,False,30842b15eefb0ef7e36cbdea86a9efddfacf69a871c8b054165faa9af9f6c8eb
1018,40.044733,11.370483,0.724204,0.096496,0.0,False,0.0,True,30842b15eefb0ef7e36cbdea86a9efddfacf69a871c8b054165faa9af9f6c8eb
1019,33.783798,9.652553,1.261916,0.242817,7.866343369714422,True,0.17304513370590852,True,30842b15eefb0ef7e36cbdea86a9efddfacf69a871c8b054165faa9af9f6c8eb
1020,35.069677,6.754383,1.342637,0.779693,16.925227537081998,True,0.37232397881756923,False,30842b15eefb0ef7e36cbdea86a9efddfacf69a871c8b054165faa9af9f6c8eb
1021,31.116723,0.970585,0.103446,0.085857,40.81396905725536,True,0.8978324998846279,False,30842b15eefb0ef7e36cbdea86a9efddfacf69a871c8b054165faa9af9f6c8eb
1022,37.058494,13.435438,1.290905,0.988113,0.0,False,0.0,True,30842b15eefb0ef7e36cbdea86a9efddfacf69a871c8b054165faa9af9f6c8eb
1023,29.662234,8.786232,1.11174,0.353442,10.331158123299192,True,0.22726653983426276,False,30842b15eefb0ef7e36cbdea86a9efddfacf69a871c8b054165faa9af9f6c8eb
1024,37.479008,4.304008,0.451764,0.607503,26.200515009589065,True,0.5763632999359649,False,30842b15eefb0ef7e36cbdea86a9efddfacf69a871c8b054165faa9af9f6c8eb
1025,38.105543,6.501315,1.129057,0.367302,17.819648000988224,True,0.3919995893892919,False,30842b15eefb0ef7e36cbdea86a9efddfacf69a871c8b054165faa9af9f6c8eb
1026,28.841708,4.925514,1.386895,0.226625,23.722175130630426,True,0.5218443658433826,False,30842b15eefb0ef7e36cbdea86a9efddfacf69a871c8b054165faa9af9f6c8eb
1027,33.838549,1.028873,0.297618,0.193997,40.540399366083136,True,0.8918144681814808,False,30842b15eefb0ef7e36cbdea86a9efddfacf69a871c8b054165faa9af9f6c8eb
1028,29.341053,11.437174,1.447599,0.587856,3.5604110258178854,True,0.07832251569168586,True,30842b15eefb0ef7e36cbdea86a9efddfacf69a871c8b054165faa9af9f6c8eb
1029,41.94272,6.938292,0.350822,0.380584,0.0,False,0.0,True,30842b15eefb0ef7e36cbdea86a9efddfacf69a871c8b054165faa9af9f6c8eb
1030,32.110816,1.561926,1.2093,0.671038,38.067219808617274,True,0.8374090517019385,False,30842b15eefb0ef7e36cbdea86a9efddfacf69a871c8b054165faa9af9f6c8eb
1031,40.325021,13.932876,1.005876,0.19414,0.0,False,0.0,True,30842b15eefb0ef7e36cbdea86a9efddfacf69a871c8b054165faa9af9f6c8eb
1032,37.488863,6.129909,0.720169,0.269661,19.15980507498477,True,0.42148058826730944,False,30842b15eefb0ef7e36cbdea86a9efddfacf69a871c8b054165faa9af9f6c8eb
1033,39.037843,11.212447,0.705172,0.530032,4.038835412360944,True,0.08884697515734435,True,30842b15eefb0ef7e36cbdea86a9efddfacf69a871c8b054165faa9af9f6c8eb
1034,32.708558,4.537474,0.722291,0.787372,25.25992658979641,True,0.5556720789689404,False,30842b15eefb0ef7e36cbdea86a9efddfacf69a871c8b054165faa9af9f6c8eb
1035,29.344079,8.46618,0.8851,0.350071,11.296892557777971,True,0.2485109270271965,False,30842b15eefb0ef7e36cbdea86a9efddfacf69a871c8b054165faa9af9f6c8eb
1036,32.307501,9.482456,1.49488,0.890315,8.332494624441688,True,0.18329960677048632,True,30842b15eefb0ef7e36cbdea86a9efddfacf69a871c8b054165faa9af9f6c8eb
1037,38.92277,10.726541,0.57283,0.167509,5.139629509792556,True,0.11306242734649072,True,30842b15eefb0ef7e36cbdea86a9efddfacf69a871c8b054165faa9af9f6c8eb
1038,40.821112,13.873679,1.227686,0.390351,0.0,False,0.0,True,30842b15eefb0ef7e36cbdea86a9efddfacf69a871c8b054165faa9af9f6c8eb
1039,30.063368,9.369638,0.046475,0.936957,8.646570231125262,True,0.19020869436022578,True,30842b15eefb0ef7e36cbdea86a9efddfacf69a871c8b054165faa9af9f6c8eb
1040,41.226745,3.88583,1.177871,0.710885,11.756804507007525,True,0.25862814680859825,False,30842b15eefb0ef7e36cbdea86a9efddfacf69a871c8b054165faa9af9f6c8eb
1041,37.501494,12.764201,1.420151,0.748108,0.0,False,0.0,True,30842b15eefb0ef7e36cbdea86a9efddfacf69a871c8b054165faa9af9f6c8eb
1042,31.50667,0.107729,1.32989,0.646612,44.12844333333333,True,0.9707448579285062,False,30842b15eefb0ef7e36cbdea86a9efddfacf69a871c8b054165faa9af9f6c8eb
1043,33.887245,2.360267,0.178154,0.703163,34.46164329206466,True,0.7580929780105884,False,30842b15eefb0ef7e36cbdea86a9efddfacf69a871c8b054165faa9af9f6c8eb
1044,30.671088,8.464376,1.141928,0.131073,11.302417110888918,True,0.24863245706813392,False,30842b15eefb0ef7e36cbdea86a9efddfacf69a871c8b054165faa9af9f6c8eb
1045,40.033425,5.527293,0.026969,0.246932,21.40201861412156,True,0.4708051757460289,False,30842b15eefb0ef7e36cbdea86a9efddfacf69a871c8b054165faa9af9f6c8eb
1046,30.315965,7.980894,0.44641,0.108956,12.815024556258251,True,0.28190704798368293,False,30842b15eefb0ef7e36cbdea86a9efddfacf69a871c8b054165faa9af9f6c8eb
1047,40.351481,3.529747,1.481981,0.446896,18.72779527325017,True,0.4119771645811221,False,30842b15eefb0ef7e36cbdea86a9efddfacf69a871c8b054165faa9af9f6c8eb
1048,41.711809,0.008726,0.436677,0.758232,0.0,False,0.0,True,30842b15eefb0ef7e36cbdea86a9efddfacf69a871c8b054165faa9af9f6c8eb
1049,39.577779,11.090946,0.711529,0.3252,4.305753168860167,True,0.0947186764918827,True,30842b15eefb0ef7e36cbdea86a9efddfacf69a871c8b054165faa9af9f6c8eb
1050,29.559196,9.215567,0.60059,0.65152,9.081700410336344,True,0.1997807606306804,True,30842b15eefb0ef7e36cbdea86a9efddfacf69a871c8b054165faa9af9f6c8eb
1051,36.884005,3.245132,1.273902,0.116508,30.607586252700067,True,0.673310788327041,False,30842b15eefb0ef7e36cbdea86a9efddfacf69a871c8b054165faa9af9f6c8eb
1052,41.50679,4.083029,0.677175,0.419267,0.0,False,0.0,True,30842b15eefb0ef7e36cbdea86a9efddfacf69a871c8b054165faa9af9f6c8eb
1053,30.623983,10.988529,1.171646,0.916225,4.535127313064801,True,0.09976448718016064,True,30842b15eefb0ef7e36cbdea86a9efddfacf69a871c8b054165faa9af9f6c8eb
1054,29.516397,10.226505,0.938383,0.562101,6.361171780702798,True,0.1399341179989617,True,30842b15eefb0ef7e36cbdea86a9efddfacf69a871c8b054165faa9af9f6c8eb
1055,39.944664,0.43112,0.177722,0.548777,23.012805370849854,True,0.5062395315310694,False,30842b15eefb0ef7e36cbdea86a9efddfacf69a871c8b054165faa9af9f6c8eb
1056,36.680609,10.220351,0.799579,0.868773,6.376739288028502,True,0.14027657462207524,True,30842b15eefb0ef7e36cbdea86a9efddfacf69a871c8b054165faa9af9f6c8eb
1057,30.310866,10.243782,1.145586,0.533892,6.317534752520951,True,0.13897418337351317,True,30842b15eefb0ef7e36cbdea86a9efddfacf69a871c8b054165faa9af9f6c8eb
1058,34.87004,8.060655,0.840304,0.648206,12.561146616093154,True,0.2763221987041575,False,30842b15eefb0ef7e36cbdea86a9efddfacf69a871c8b054165faa9af9f6c8eb
1059,28.212281,12.798492,1.090834,0.836886,0.0,False,0.0,True,30842b15eefb0ef7e36cbdea86a9efddfacf69a871c8b054165faa9af9f6c8eb
1060,30.282918,6.912121,0.156767,0.509464,16.37555008834899,True,0.36023208260346096,False,30842b15eefb0ef7e36cbdea86a9efddfacf69a871c8b054165faa9af9f6c8eb
1061,32.645359,12.513808,1.272327,0.221386,1.5722942790000909,True,0.03458759183868212,True,30842b15eefb0ef7e36cbdea86a9efddfacf69a871c8b054165faa9af9f6c8eb
1062,32.064194,10.657089,0.521873,0.777432,5.304063036362903,True,0.11667966349469268,True,30842b15eefb0ef7e36cbdea86a9efddfacf69a871c8b054165faa9af9f6c8eb
1063,30.226905,3.135517,0.605704,0.884939,31.076711240216234,True,0.6836306780615855,False,30842b15eefb0ef7e36cbdea86a9efddfacf69a871c8b054165faa9af9f6c8eb
1064,33.206711,9.154992,0.028615,0.986887,9.25471828050532,True,0.20358683660140034,False,30842b15eefb0ef7e36cbdea86a9efddfacf69a871c8b054165faa9af9f6c8eb
1065,38.532219,0.855541,1.114045,0.780809,30.678085449454464,True,0.6748616414178802,False,30842b15eefb0ef7e36cbdea86a9efddfacf69a871c8b054165faa9af9f6c8eb
1066,29.431504,5.099707,0.730873,0.709772,23.04241060664083,True,0.5068907924467277,False,30842b15eefb0ef7e36cbdea86a9efddfacf69a871c8b054165faa9af9f6c8eb
1067,39.8074,11.381704,0.942723,0.922772,0.0,False,0.0,True,30842b15eefb0ef7e36cbdea86a9efddfacf69a871c8b054165faa9af9f6c8eb
1068,38.414627,0.618773,1.42279,0.719318,30.97282459793514,True,0.6813453623743754,False,30842b15eefb0ef7e36cbdea86a9efddfacf69a871c8b054165faa9af9f6c8eb
1069,37.553633,9.152786,1.193329,0.899553,9.261039704204538,True,0.20372589633447202,False,30842b15eefb0ef7e36cbdea86a9efddfacf69a871c8b054165faa9af9f6c8eb
1070,41.884968,0.380796,0.030214,0.35824,0.0,False,0.0,True,30842b15eefb0ef7e36cbdea86a9efddfacf69a871c8b054165faa9af9f6c8eb
1071,28.707081,5.263803,0.764933,0.860165,22.40810255663848,True,0.4929371781478677,False,30842b15eefb0ef7e36cbdea86a9efddfacf69a871c8b054165faa9af9f6c8eb
1072,41.112079,13.122953,0.611202,0.782897,0.0,False,0.0,True,30842b15eefb0ef7e36cbdea86a9efddfacf69a871c8b054165faa9af9f6c8eb
1073,32.577102,0.705128,0.851093,0.811348,42.06759614316666,True,0.9254099976498626,False,30842b15eefb0ef7e36cbdea86a9efddfacf69a871c8b054165faa9af9f6c8eb
1074,28.0228,11.805699,0.171739,0.398641,2.820757534810136,True,0.06205149480792235,True,30842b15eefb0ef7e36cbdea86a9efddfacf69a871c8b054165faa9af9f6c8eb
1075,28.688344,8.940013,1.027998,0.820559,9.877466307391316,True,0.2172861515833104,False,30842b15eefb0ef7e36cbdea86a9efddfacf69a871c8b054165faa9af9f6c8eb
1076,34.26413,12.339445,0.8605,0.456787,1.8569548837136212,True,0.04084960330809067,True,30842b15eefb0ef7e36cbdea86a9efddfacf69a871c8b054165faa9af9f6c8eb
1077,30.459921,11.268766,1.061419,0.595013,3.9170563619621874,True,0.08616805929156052,True,30842b15eefb0ef7e36cbdea86a9efddfacf69a871c8b054165faa9af9f6c8eb
1078,35.638986,4.688974,0.879463,0.817613,24.655724259498008,True,0.5423807353143468,False,30842b15eefb0ef7e36cbdea86a9efddfacf69a871c8b054165faa9af9f6c8eb
1079,28.428479,3.907725,1.15735,0.215274,27.82307133444041,True,0.6120565646439688,False,30842b15eefb0ef7e36cbdea86a9efddfacf69a871c8b054165faa9af9f6c8eb
1080,38.306262,12.555399,0.112138,0.259729,0.0,False,0.0,True,30842b15eefb0ef7e36cbdea86a9efddfacf69a871c8b054165faa9af9f6c8eb
1081,28.401519,10.961482,1.034067,0.738228,4.596361470783117,True,0.10111152639669554,True,30842b15eefb0ef7e36cbdea86a9efddfacf69a871c8b054165faa9af9f6c8eb
1082,28.998632,6.612912,1.05519,0.738019,17.423338106433672,True,0.3832814982166895,False,30842b15eefb0ef7e36cbdea86a9efddfacf69a871c8b054165faa9af9f6c8eb
1083,31.785756,3.712328,0.740787,0.771658,28.634995504044586,True,0.6299174079716501,False,30842b15eefb0ef7e36cbdea86a9efddfacf69a871c8b054165faa9af9f6c8eb
1084,30.273394,1.30215,1.082792,0.23697,39.26600739290619,True,0.8637801809621896,False,30842b15eefb0ef7e36cbdea86a9efddfacf69a871c8b054165faa9af9f6c8eb
1085,28.855654,6.27921,0.606885,0.922547,18.61718719270812,True,0.4095439895737809,False,30842b15eefb0ef7e36cbdea86a9efddfacf69a871c8b054165faa9af9f6c8eb
1086,38.65827,13.910012,1.027485,0.217571,0.0,False,0.0,True,30842b15eefb0ef7e36cbdea86a9efddfacf69a871c8b054165faa9af9f6c8eb
1087,30.911499,12.353916,0.855604,0.960967,1.8327340378800208,True,0.04031678910093539,True,30842b15eefb0ef7e36cbdea86a9efddfacf69a871c8b054165faa9af9f6c8eb
1088,39.007919,8.93316,1.013031,0.443273,9.897539439161434,True,0.2177277236845779,False,30842b15eefb0ef7e36cbdea86a9efddfacf69a871c8b054165faa9af9f6c8eb
1089,33.657006,12.85932,0.144512,0.576279,1.0572244438256455,True,0.023256999680857468,True,30842b15eefb0ef7e36cbdea86a9efddfacf69a871c8b054165faa9af9f6c8eb
1090,31.480014,12.970828,1.425791,0.084586,0.0,False,0.0,True,30842b15eefb0ef7e36cbdea86a9efddfacf69a871c8b054165faa9af9f6c8eb
1091,38.175607,2.585569,0.405835,0.390724,33.16699415470089,True,0.7296130703142268,False,30842b15eefb0ef7e36cbdea86a9efddfacf69a871c8b054165faa9af9f6c8eb
1092,36.970119,12.048701,1.347826,0.387071,2.3654141384806087,True,0.052034774815338795,True,30842b15eefb0ef7e36cbdea86a9efddfacf69a871c8b054165faa9af9f6c8eb
1093,32.47544,10.024271,0.390044,0.850763,6.879337490607504,True,0.15133281372555468,True,30842b15eefb0ef7e36cbdea86a9efddfacf69a871c8b054165faa9af9f6c8eb
1094,40.733728,13.447621,0.170299,0.146437,0.0,False,0.0,True,30842b15eefb0ef7e36cbdea86a9efddfacf69a871c8b054165faa9af9f6c8eb
1095,34.630923,13.205326,0.747176,0.407425,0.0,False,0.0,True,30842b15eefb0ef7e36cbdea86a9efddfacf69a871c8b054165faa9af9f6c8eb
1096,29.420984,4.821278,0.065843,0.642198,24.132081309672564,True,0.5308615503502674,False,30842b15eefb0ef7e36cbdea86a9efddfacf69a871c8b054165faa9af9f6c8eb
1097,32.445196,11.902094,0.300534,0.773782,2.6369414863652993,True,0.05800787871014409,True,30842b15eefb0ef7e36cbdea86a9efddfacf69a871c8b054165faa9af9f6c8eb
1098,36.695435,6.78732,0.407824,0.507748,16.809951182731282,True,0.3697881103442263,False,30842b15eefb0ef7e36cbdea86a9efddfacf69a871c8b054165faa9af9f6c8eb
1099,40.911814,1.08895,0.652309,0.264536,15.04440670839642,True,0.33094936847068207,False,30842b15eefb0ef7e36cbdea86a9efddfacf69a871c8b054165faa9af9f6c8eb
1100,38.711868,1.766805,0.017954,0.553776,30.82052590198319,True,0.6779950702544425,False,30842b15eefb0ef7e36cbdea86a9efddfacf69a871c8b054165faa9af9f6c8eb
1101,37.651816,13.618774,1.109241,0.403367,0.0,False,0.0,True,30842b15eefb0ef7e36cbdea86a9efddfacf69a871c8b054165faa9af9f6c8eb
1102,36.760417,9.270065,0.192686,0.367512,8.926972856349018,True,0.19637703808650456,True,30842b15eefb0ef7e36cbdea86a9efddfacf69a871c8b054165faa9af9f6c8eb
1103,40.203066,12.839173,1.201774,0.252323,0.0,False,0.0,True,30842b15eefb0ef7e36cbdea86a9efddfacf69a871c8b054165faa9af9f6c8eb
1104,40.683788,11.558456,0.199711,0.060425,0.0,False,0.0,True,30842b15eefb0ef7e36cbdea86a9efddfacf69a871c8b054165faa9af9f6c8eb
1105,41.741898,3.876069,1.418774,0.562863,0.0,False,0.0,True,30842b15eefb0ef7e36cbdea86a9efddfacf69a871c8b054165faa9af9f6c8eb
1106,37.361063,9.059035,0.911508,0.537466,9.531014310664823,True,0.2096648427643958,False,30842b15eefb0ef7e36cbdea86a9efddfacf69a871c8b054165faa9af9f6c8eb
1107,36.472994,12.519311,0.934056,0.851502,1.5635696447282095,True,0.03439566587853074,True,30842b15eefb0ef7e36cbdea86a9efddfacf69a871c8b054165faa9af9f6c8eb
1108,32.680621,10.24159,0.029692,0.174153,6.3230656041478275,True,0.13909585197025473,True,30842b15eefb0ef7e36cbdea86a9efddfacf69a871c8b054165faa9af9f6c8eb
1109,30.142473,1.727792,0.590553,0.781927,37.308304831793286,True,0.8207143134399992,False,30842b15eefb0ef7e36cbdea86a9efddfacf69a871c8b054165faa9af9f6c8eb
1110,30.377481,5.656827,0.813074,0.549597,20.913095893994598,True,0.4600497721868657,False,30842b15eefb0ef7e36cbdea86a9efddfacf69a871c8b054165faa9af9f6c8eb
1111,35.100892,6.6542,1.284583,0.715181,17.277468314260393,True,0.38007263019454585,False,30842b15eefb0ef7e36cbdea86a9efddfacf69a871c8b054165faa9af9f6c8eb
1112,36.730974,6.38763,0.675665,0.818147,18.226416442613072,True,0.4009477494250356,False,30842b15eefb0ef7e36cbdea86a9efddfacf69a871c8b054165faa9af9f6c8eb
1113,34.329709,10.356915,0.392172,0.261799,6.034279354021547,True,0.13274308386481867,True,30842b15eefb0ef7e36cbdea86a9efddfacf69a871c8b054165faa9af9f6c8eb
1114,29.586989,12.010878,0.60427,0.483583,2.4345213444285996,True,0.05355500666020752,True,30842b15eefb0ef7e36cbdea86a9efddfacf69a871c8b054165faa9af9f6c8eb
1115,34.716277,10.837072,1.259139,0.055252,4.881523834841311,True,0.10738457565187122,True,30842b15eefb0ef7e36cbdea86a9efddfacf69a871c8b054165faa9af9f6c8eb
1116,28.471936,6.523959,0.778036,0.490767,17.738993192608426,True,0.39022533145976385,False,30842b15eefb0ef7e36cbdea86a9efddfacf69a871c8b054165faa9af9f6c8eb
1117,38.564148,7.567955,0.312127,0.366203,14.156147092366897,True,0.3114092852583003,False,30842b15eefb0ef7e36cbdea86a9efddfacf69a871c8b054165faa9af9f6c8eb
1118,40.797836,9.823182,0.616204,0.334641,0.0,False,0.0,True,30842b15eefb0ef7e36cbdea86a9efddfacf69a871c8b054165faa9af9f6c8eb
1119,38.479083,12.576176,0.488538,0.990691,0.0,False,0.0,True,30842b15eefb0ef7e36cbdea86a9efddfacf69a871c8b054165faa9af9f6c8eb
1120,33.387121,0.995446,1.06812,0.481852,40.69721110076056,True,0.8952640388801593,False,30842b15eefb0ef7e36cbdea86a9efddfacf69a871c8b054165faa9af9f6c8eb
1121,35.886204,7.417271,0.562365,0.103483,14.6565049756979,True,0.32241624144523345,False,30842b15eefb0ef7e36cbdea86a9efddfacf69a871c8b054165faa9af9f6c8eb
1122,39.898926,6.144399,0.106945,0.877486,19.106915391331707,True,0.4203171121832824,False,30842b15eefb0ef7e36cbdea86a9efddfacf69a871c8b054165faa9af9f6c8eb
1123,40.01596,8.08455,0.715297,0.382197,12.485419450458448,True,0.27465633988176247,False,30842b15eefb0ef7e36cbdea86a9efddfacf69a871c8b054165faa9af9f6c8eb
1124,41.009328,3.822784,1.351556,0.374608,13.509284208994352,True,0.29717948764057245,False,30842b15eefb0ef7e36cbdea86a9efddfacf69a871c8b054165faa9af9f6c8eb
1125,32.406212,3.742371,1.028136,0.07595,28.509653328091886,True,0.6271601098755321,False,30842b15eefb0ef7e36cbdea86a9efddfacf69a871c8b054165faa9af9f6c8eb
1126,31.421969,3.414487,0.424489,0.502385,29.887481487972252,True,0.657469803585091,False,30842b15eefb0ef7e36cbdea86a9efddfacf69a871c8b054165faa9af9f6c8eb
1127,33.098723,10.738576,1.00839,0.580436,5.111311504536677,True,0.11243948314287835,True,30842b15eefb0ef7e36cbdea86a9efddfacf69a871c8b054165faa9af9f6c8eb
1128,38.099696,10.040155,1.069202,0.420356,6.8381517675003565,True,0.1504268033180647,True,30842b15eefb0ef7e36cbdea86a9efddfacf69a871c8b054165faa9af9f6c8eb
1129,38.061132,3.44474,1.114631,0.059226,29.759447121052858,True,0.6546532822229778,False,30842b15eefb0ef7e36cbdea86a9efddfacf69a871c8b054165faa9af9f6c8eb
1130,28.226247,13.256325,0.196025,0.686614,0.0,False,0.0,True,30842b15eefb0ef7e36cbdea86a9efddfacf69a871c8b054165faa9af9f6c8eb
1131,38.286716,4.924635,0.509642,0.994703,23.725621986499252,True,0.5219201903537876,False,30842b15eefb0ef7e36cbdea86a9efddfacf69a871c8b054165faa9af9f6c8eb
1132,36.497107,13.458897,0.554332,0.197682,0.0,False,0.0,True,30842b15eefb0ef7e36cbdea86a9efddfacf69a871c8b054165faa9af9f6c8eb
1133,40.100201,1.718567,1.113647,0.253758,20.965640003263044,True,0.4612056462679314,False,30842b15eefb0ef7e36cbdea86a9efddfacf69a871c8b054165faa9af9f6c8eb
1134,34.998559,12.885163,0.863423,0.380206,0.0,False,0.0,True,30842b15eefb0ef7e36cbdea86a9efddfacf69a871c8b054165faa9af9f6c8eb
1135,29.628146,6.700495,0.045483,0.792459,17.114395774734124,True,0.3764853332663786,False,30842b15eefb0ef7e36cbdea86a9efddfacf69a871c8b054165faa9af9f6c8eb
1136,29.223503,6.740594,0.485337,0.255196,16.97356564897956,True,0.37338732866682817,False,30842b15eefb0ef7e36cbdea86a9efddfacf69a871c8b054165faa9af9f6c8eb
1137,35.275494,6.830319,0.542671,0.182292,16.659854531421626,True,0.3664862591696784,False,30842b15eefb0ef7e36cbdea86a9efddfacf69a871c8b054165faa9af9f6c8eb
1138,36.273895,9.881725,0.653078,0.485293,7.252612440716945,True,0.1595441783475772,True,30842b15eefb0ef7e36cbdea86a9efddfacf69a871c8b054165faa9af9f6c8eb
1139,37.090347,8.685854,1.330215,0.197488,10.63094027615788,True,0.23386119764233654,False,30842b15eefb0ef7e36cbdea86a9efddfacf69a871c8b054165faa9af9f6c8eb
1140,34.575146,6.431195,1.489147,0.762648,18.07017797194449,True,0.3975107894836552,False,30842b15eefb0ef7e36cbdea86a9efddfacf69a871c8b054165faa9af9f6c8eb
1141,32.855525,9.993867,1.241996,0.154326,6.9584017642282205,True,0.1530720828061204,True,30842b15eefb0ef7e36cbdea86a9efddfacf69a871c8b054165faa9af9f6c8eb
1142,37.864217,6.772839,0.442335,0.77917,16.86060095039011,True,0.37090231238255067,False,30842b15eefb0ef7e36cbdea86a9efddfacf69a871c8b054165faa9af9f6c8eb
1143,37.803189,0.207148,0.684341,0.484937,34.594666796238236,True,0.7610192512463042,False,30842b15eefb0ef7e36cbdea86a9efddfacf69a871c8b054165faa9af9f6c8eb
1144,37.926711,1.214759,0.618815,0.225456,34.111224732166484,True,0.7503844120733234,False,30842b15eefb0ef7e36cbdea86a9efddfacf69a871c8b054165faa9af9f6c8eb
1145,31.607928,1.653319,0.427065,0.892681,37.64842362150865,True,0.8281963033145809,False,30842b15eefb0ef7e36cbdea86a9efddfacf69a871c8b054165faa9af9f6c8eb
1146,32.026357,5.569733,0.728829,0.669498,21.241415286480667,True,0.46727219695282873,False,30842b15eefb0ef7e36cbdea86a9efddfacf69a871c8b054165faa9af9f6c8eb
1147,37.275065,11.75948,1.273732,0.988475,2.9103464635539544,True,0.06402228700760304,True,30842b15eefb0ef7e36cbdea86a9efddfacf69a871c8b054165faa9af9f6c8eb
1148,31.838816,5.385333,0.373122,0.218969,21.94215087917873,True,0.4826870954173141,False,30842b15eefb0ef7e36cbdea86a9efddfacf69a871c8b054165faa9af9f6c8eb
1149,33.016418,12.670205,0.86656,0.7453,1.330756201993956,True,0.02927419692745642,True,30842b15eefb0ef7e36cbdea86a9efddfacf69a871c8b054165faa9af9f6c8eb
1150,30.512399,9.200181,1.491322,0.649278,9.125543637137506,True,0.20074523124775454,False,30842b15eefb0ef7e36cbdea86a9efddfacf69a871c8b054165faa9af9f6c8eb
1151,36.399607,13.298524,0.983024,0.107463,0.0,False,0.0,True,30842b15eefb0ef7e36cbdea86a9efddfacf69a871c8b054165faa9af9f6c8eb
1152,28.753568,12.116299,1.302624,0.783593,2.243568882435484,True,0.04935440254670177,True,30842b15eefb0ef7e36cbdea86a9efddfacf69a871c8b054165faa9af9f6c8eb
1153,33.166252,9.012675,1.009289,0.573173,9.66546962625525,True,0.21262261322651335,False,30842b15eefb0ef7e36cbdea86a9efddfacf69a871c8b054165faa9af9f6c8eb
1154,32.911795,7.18018,1.134443,0.488077,15.455420432657425,True,0.3399909169420516,False,30842b15eefb0ef7e36cbdea86a9efddfacf69a871c8b054165faa9af9f6c8eb
1155,37.387095,13.744675,1.104823,0.1349,0.0,False,0.0,True,30842b15eefb0ef7e36cbdea86a9efddfacf69a871c8b054165faa9af9f6c8eb
1156,33.758815,7.736443,0.868048,0.577676,13.603573464466068,True,0.2992536784117193,False,30842b15eefb0ef7e36cbdea86a9efddfacf69a871c8b054165faa9af9f6c8eb
1157,40.830126,7.724312,0.944984,0.958647,13.64311285733272,True,0.30012347257193894,False,30842b15eefb0ef7e36cbdea86a9efddfacf69a871c8b054165faa9af9f6c8eb
1158,35.689208,9.326128,0.518633,0.807509,8.768729581994625,True,0.19289597613920353,True,30842b15eefb0ef7e36cbdea86a9efddfacf69a871c8b054165faa9af9f6c8eb
1159,31.664653,6.823106,1.06348,0.865665,16.685001622846805,True,0.36703944908187297,False,30842b15eefb0ef7e36cbdea86a9efddfacf69a871c8b054165faa9af9f6c8eb
1160,32.120192,2.475306,0.125547,0.263674,33.95201544686653,True,0.7468820996560925,False,30842b15eefb0ef7e36cbdea86a9efddfacf69a871c8b054165faa9af9f6c8eb
1161,31.87076,2.547915,0.761665,0.88482,33.631659666285096,True,0.7398348597532929,False,30842b15eefb0ef7e36cbdea86a9efddfacf69a871c8b054165faa9af9f6c8eb
1162,39.046639,13.659727,0.374601,0.437931,0.0,False,0.0,True,30842b15eefb0ef7e36cbdea86a9efddfacf69a871c8b054165faa9af9f6c8eb
1163,28.575376,9.990159,1.079037,0.200772,6.968064844519132,True,0.1532846528583494,True,30842b15eefb0ef7e36cbdea86a9efddfacf69a871c8b054165faa9af9f6c8eb
1164,34.202581,11.136086,1.222542,0.207226,4.205923934562135,True,0.09252261634233845,True,30842b15eefb0ef7e36cbdea86a9efddfacf69a871c8b054165faa9af9f6c8eb
1165,38.385736,1.575495,0.218364,0.871416,32.32304299219666,True,0.7110476918540056,False,30842b15eefb0ef7e36cbdea86a9efddfacf69a871c8b054165faa9af9f6c8eb
1166,33.734159,7.917481,0.231879,0.706478,13.018071924536743,True,0.28637371786331983,False,30842b15eefb0ef7e36cbdea86a9efddfacf69a871c8b054165faa9af9f6c8eb
1167,38.620543,9.025548,0.933214,0.230665,9.628071842729078,True,0.21179993054582763,False,30842b15eefb0ef7e36cbdea86a9efddfacf69a871c8b054165faa9af9f6c8eb
1168,32.44697,13.304739,0.54635,0.370457,0.0,False,0.0,True,30842b15eefb0ef7e36cbdea86a9efddfacf69a871c8b054165faa9af9f6c8eb
1169,29.522227,6.000549,0.055135,0.94713,19.6341330262875,True,0.4319149336671862,False,30842b15eefb0ef7e36cbdea86a9efddfacf69a871c8b054165faa9af9f6c8eb
1170,40.112643,4.298125,0.881999,0.357599,21.106893430063334,True,0.46431296271450057,False,30842b15eefb0ef7e36cbdea86a9efddfacf69a871c8b054165faa9af9f6c8eb
1171,40.816617,2.854245,0.608875,0.396744,15.88913300769983,True,0.3495317985195197,False,30842b15eefb0ef7e36cbdea86a9efddfacf69a871c8b054165faa9af9f6c8eb
1172,31.837963,0.367195,0.443861,0.070547,43.68167561815945,True,0.9609167872005748,False,30842b15eefb0ef7e36cbdea86a9efddfacf69a871c8b054165faa9af9f6c8eb
1173,31.30182,8.667167,0.334877,0.268593,10.687064512547899,True,0.2350958279570574,False,30842b15eefb0ef7e36cbdea86a9efddfacf69a871c8b054165faa9af9f6c8eb
1174,32.757654,2.952548,0.256371,0.19531,31.86505264116207,True,0.7009727437102565,False,30842b15eefb0ef7e36cbdea86a9efddfacf69a871c8b054165faa9af9f6c8eb
1175,33.319785,1.657416,0.884424,0.118412,37.62968585768715,True,0.8277841068602125,False,30842b15eefb0ef7e36cbdea86a9efddfacf69a871c8b054165faa9af9f6c8eb
1176,41.526022,12.075564,0.752518,0.790082,0.0,False,0.0,True,30842b15eefb0ef7e36cbdea86a9efddfacf69a871c8b054165faa9af9f6c8eb
1177,30.841441,3.217132,1.417283,0.553516,30.727193017089498,True,0.6759419178828122,False,30842b15eefb0ef7e36cbdea86a9efddfacf69a871c8b054165faa9af9f6c8eb
1178,37.16806,2.112657,0.62914,0.677107,35.567115605251786,True,0.7824113423703419,False,30842b15eefb0ef7e36cbdea86a9efddfacf69a871c8b054165faa9af9f6c8eb
1179,38.41765,7.654087,0.547347,0.705252,13.872752111533448,True,0.3051751151941364,False,30842b15eefb0ef7e36cbdea86a9efddfacf69a871c8b054165faa9af9f6c8eb
1180,35.236007,8.146599,0.572486,0.907251,12.289490310337133,True,0.27034625797258593,False,30842b15eefb0ef7e36cbdea86a9efddfacf69a871c8b054165faa9af9f6c8eb
1181,31.212181,8.445838,0.130831,0.357674,11.359239845004868,True,0.2498824530523528,False,30842b15eefb0ef7e36cbdea86a9efddfacf69a871c8b054165faa9af9f6c8eb
1182,41.907926,9.446798,0.11386,0.467137,0.0,False,0.0,True,30842b15eefb0ef7e36cbdea86a9efddfacf69a871c8b054165faa9af9f6c8eb
1183,33.263285,1.405501,0.744485,0.160563,38.78759030801467,True,0.8532558821194797,False,30842b15eefb0ef7e36cbdea86a9efddfacf69a871c8b054165faa9af9f6c8eb
1184,32.962709,6.012104,0.550291,0.187472,19.59160689676554,True,0.4309794367757774,False,30842b15eefb0ef7e36cbdea86a9efddfacf69a871c8b054165faa9af9f6c8eb
1185,40.786233,3.774448,0.330484,0.182828,16.42023931599447,True,0.3612151636882377,False,30842b15eefb0ef7e36cbdea86a9efddfacf69a871c8b054165faa9af9f6c8eb
1186,36.783961,10.591619,0.021327,0.722624,5.460641418658253,True,0.12012410086874253,True,30842b15eefb0ef7e36cbdea86a9efddfacf69a871c8b054165faa9af9f6c8eb
1187,35.184585,1.726551,1.391926,0.609786,37.313964055067885,True,0.8208388059776622,False,30842b15eefb0ef7e36cbdea86a9efddfacf69a871c8b054165faa9af9f6c8eb
1188,39.169365,8.009379,0.507892,0.61531,12.72416295079505,True,0.2799082592292221,False,30842b15eefb0ef7e36cbdea86a9efddfacf69a871c8b054165faa9af9f6c8eb
1189,40.998001,10.315848,0.538147,0.302749,0.0,False,0.0,True,30842b15eefb0ef7e36cbdea86a9efddfacf69a871c8b054165faa9af9f6c8eb
1190,36.125313,9.414419,0.305535,0.312178,8.52144036875944,True,0.18745606677380994,True,30842b15eefb0ef7e36cbdea86a9efddfacf69a871c8b054165faa9af9f6c8eb
1191,28.581474,10.529096,0.987904,0.667759,5.611582577929465,True,0.12344452967030906,True,30842b15eefb0ef7e36cbdea86a9efddfacf69a871c8b054165faa9af9f6c8eb
1192,41.62196,10.312374,0.84396,0.635157,0.0,False,0.0,True,30842b15eefb0ef7e36cbdea86a9efddfacf69a871c8b054165faa9af9f6c8eb
1193,39.671221,12.350761,0.402518,0.276596,0.0,False,0.0,True,30842b15eefb0ef7e36cbdea86a9efddfacf69a871c8b054165faa9af9f6c8eb
1194,35.463601,7.435021,0.717669,0.806027,14.597264155046611,True,0.3211130519900264,False,30842b15eefb0ef7e36cbdea86a9efddfacf69a871c8b054165faa9af9f6c8eb
1195,30.884257,10.872311,0.280863,0.472725,4.80017200114526,True,0.10559498444315882,True,30842b15eefb0ef7e36cbdea86a9efddfacf69a871c8b054165faa9af9f6c8eb
1196,40.935867,6.302143,1.313783,0.659798,14.178179193874726,True,0.31189395110265217,False,30842b15eefb0ef7e36cbdea86a9efddfacf69a871c8b054165faa9af9f6c8eb
1197,40.07859,5.485373,1.296223,0.779324,20.939541927646285,True,0.46063153644684784,False,30842b15eefb0ef7e36cbdea86a9efddfacf69a871c8b054165faa9af9f6c8eb
1198,36.911611,10.168832,0.075708,0.482154,6.507561037259463,True,0.1431544132852678,True,30842b15eefb0ef7e36cbdea86a9efddfacf69a871c8b054165faa9af9f6c8eb
1199,32.52851,1.746193,0.529556,0.978872,37.2244259510944,True,0.818869131829758,False,30842b15eefb0ef7e36cbdea86a9efddfacf69a871c8b054165faa9af9f6c8eb
1200,39.598327,0.491962,0.689692,0.638667,24.853020188799587,True,0.5467208840799177,False,30842b15eefb0ef7e36cbdea86a9efddfacf69a871c8b054165faa9af9f6c8eb
1201,39.675959,0.185726,1.048335,0.266014,23.981537203253666,True,0.5275498559835822,False,30842b15eefb0ef7e36cbdea86a9efddfacf69a871c8b054165faa9af9f6c8eb
1202,30.515476,8.144631,0.910791,0.151476,12.29568869390485,True,0.2704826110483194,False,30842b15eefb0ef7e36cbdea86a9efddfacf69a871c8b054165faa9af9f6c8eb
1203,28.196311,3.91365,0.084081,0.456512,27.7985732653885,True,0.611517652034211,False,30842b15eefb0ef7e36cbdea86a9efddfacf69a871c8b054165faa9af9f6c8eb
1204,37.250213,9.398123,0.247533,0.214159,8.566905281198474,True,0.18845621150207464,True,30842b15eefb0ef7e36cbdea86a9efddfacf69a871c8b054165faa9af9f6c8eb
1205,36.985669,5.451003,0.434212,0.560285,21.691730614627573,True,0.4771783086627515,False,30842b15eefb0ef7e36cbdea86a9efddfacf69a871c8b054165faa9af9f6c8eb
1206,31.635681,0.137385,1.459288,0.583742,43.9990453333333,True,0.9678983391384046,False,30842b15eefb0ef7e36cbdea86a9efddfacf69a871c8b054165faa9af9f6c8eb
1207,29.255433,4.627525,0.265506,0.924635,24.90020320876264,True,0.5477588240241096,False,30842b15eefb0ef7e36cbdea86a9efddfacf69a871c8b054165faa9af9f6c8eb
1208,31.960837,2.573685,0.234534,0.152771,33.51820432760384,True,0.7373390502864274,False,30842b15eefb0ef7e36cbdea86a9efddfacf69a871c8b054165faa9af9f6c8eb
1209,28.774267,3.894557,0.282087,0.508347,27.877542752181345,True,0.6132548359783249,False,30842b15eefb0ef7e36cbdea86a9efddfacf69a871c8b054165faa9af9f6c8eb
1210,40.035064,8.478728,0.826404,0.636872,11.258490598402709,True,0.24766615431866643,False,30842b15eefb0ef7e36cbdea86a9efddfacf69a871c8b054165faa9af9f6c8eb
1211,36.611506,2.863839,0.864356,0.904938,32.249627820190526,True,0.7094326926531374,False,30842b15eefb0ef7e36cbdea86a9efddfacf69a871c8b054165faa9af9f6c8eb
1212,33.530412,4.862497,0.305378,0.204234,23.969708591428656,True,0.5272896482074133,False,30842b15eefb0ef7e36cbdea86a9efddfacf69a871c8b054165faa9af9f6c8eb
1213,41.210932,12.930385,0.247871,0.472299,0.0,False,0.0,True,30842b15eefb0ef7e36cbdea86a9efddfacf69a871c8b054165faa9af9f6c8eb
1214,40.453097,7.158955,0.874705,0.142643,15.527628292232826,True,0.3415793574826654,False,30842b15eefb0ef7e36cbdea86a9efddfacf69a871c8b054165faa9af9f6c8eb
1215,37.782036,1.683254,0.496692,0.408717,34.8746688933047,True,0.7671787840873631,False,30842b15eefb0ef7e36cbdea86a9efddfacf69a871c8b054165faa9af9f6c8eb
1216,33.93552,5.887147,0.031173,0.143628,20.05311598364406,True,0.4411317906576146,False,30842b15eefb0ef7e36cbdea86a9efddfacf69a871c8b054165faa9af9f6c8eb
1217,41.969884,4.742294,1.034577,0.757139,0.0,False,0.0,True,30842b15eefb0ef7e36cbdea86a9efddfacf69a871c8b054165faa9af9f6c8eb
1218,38.975064,12.247699,0.015567,0.264767,0.0,False,0.0,True,30842b15eefb0ef7e36cbdea86a9efddfacf69a871c8b054165faa9af9f6c8eb
1219,30.277048,12.432719,1.377595,0.356399,1.7027142020859136,True,0.0374565910633015,True,30842b15eefb0ef7e36cbdea86a9efddfacf69a871c8b054165faa9af9f6c8eb
1220,31.921146,1.859685,0.316413,0.359451,36.708478857886924,True,0.807519241603379,False,30842b15eefb0ef7e36cbdea86a9efddfacf69a871c8b054165faa9af9f6c8eb
1221,37.421889,4.649338,0.197581,0.972386,24.813326692199816,True,0.5458476999200694,False,30842b15eefb0ef7e36cbdea86a9efddfacf69a871c8b054165faa9af9f6c8eb
1222,30.383721,12.743877,0.403669,0.966209,1.221714439865368,True,0.02687547805386695,True,30842b15eefb0ef7e36cbdea86a9efddfacf69a871c8b054165faa9af9f6c8eb
1223,38.44864,12.753516,1.04043,0.395431,0.0,False,0.0,True,30842b15eefb0ef7e36cbdea86a9efddfacf69a871c8b054165faa9af9f6c8eb
1224,32.636757,0.463775,0.710534,0.670073,43.21831218748162,True,0.9507236411544997,False,30842b15eefb0ef7e36cbdea86a9efddfacf69a871c8b054165faa9af9f6c8eb
1225,31.84252,9.828931,1.285734,0.686146,7.3925201455358,True,0.16262189137750618,True,30842b15eefb0ef7e36cbdea86a9efddfacf69a871c8b054165faa9af9f6c8eb
1226,32.802595,6.370813,1.484444,0.539309,18.28684759638562,True,0.4022771240268148,False,30842b15eefb0ef7e36cbdea86a9efddfacf69a871c8b054165faa9af9f6c8eb
1227,29.940144,5.06649,1.131083,0.599927,23.171526600567574,True,0.5097311076201851,False,30842b15eefb0ef7e36cbdea86a9efddfacf69a871c8b054165faa9af9f6c8eb
1228,40.39536,13.228385,1.149109,0.800379,0.0,False,0.0,True,30842b15eefb0ef7e36cbdea86a9efddfacf69a871c8b054165faa9af9f6c8eb
1229,32.199869,13.202964,0.486842,0.517347,0.0,False,0.0,True,30842b15eefb0ef7e36cbdea86a9efddfacf69a871c8b054165faa9af9f6c8eb
1230,34.096101,4.190715,0.521274,0.974758,26.66106443444215,True,0.5864945430124764,False,30842b15eefb0ef7e36cbdea86a9efddfacf69a871c8b054165faa9af9f6c8eb
1231,33.195843,1.524014,1.310364,0.14381,38.24139914171473,True,0.8412406777279137,False,30842b15eefb0ef7e36cbdea86a9efddfacf69a871c8b054165faa9af9f6c8eb
1232,30.704239,9.40008,1.00826,0.891026,8.561441102857787,True,0.18833600959540506,True,30842b15eefb0ef7e36cbdea86a9efddfacf69a871c8b054165faa9af9f6c8eb
1233,37.207284,0.020915,0.472957,0.234711,37.22789309152006,True,0.8189454025632279,False,30842b15eefb0ef7e36cbdea86a9efddfacf69a871c8b054165faa9af9f6c8eb
1234,32.40931,9.228534,1.414705,0.85736,9.044804946921538,True,0.19896912807160125,True,30842b15eefb0ef7e36cbdea86a9efddfacf69a871c8b054165faa9af9f6c8eb
1235,39.801807,2.207959,1.326633,0.427294,22.85430563983282,True,0.5027528280073216,False,30842b15eefb0ef7e36cbdea86a9efddfacf69a871c8b054165faa9af9f6c8eb
1236,31.377674,3.037412,0.417788,0.928859,31.498588604152925,True,0.692911206690807,False,30842b15eefb0ef7e36cbdea86a9efddfacf69a871c8b054165faa9af9f6c8eb
1237,34.82652,3.350014,1.465874,0.85033,30.160949582140667,True,0.6634856003403998,False,30842b15eefb0ef7e36cbdea86a9efddfacf69a871c8b054165faa9af9f6c8eb
1238,36.5013,5.310935,1.373459,0.977334,22.22700895275667,True,0.48895345083974356,False,30842b15eefb0ef7e36cbdea86a9efddfacf69a871c8b054165faa9af9f6c8eb
1239,33.593849,1.415231,0.686209,0.557727,38.742650407742694,True,0.8522672866964481,False,30842b15eefb0ef7e36cbdea86a9efddfacf69a871c8b054165faa9af9f6c8eb
1240,31.038905,8.319011,0.279714,0.560966,11.75052789721687,True,0.25849007289936293,False,30842b15eefb0ef7e36cbdea86a9efddfacf69a871c8b054165faa9af9f6c8eb
1241,35.413173,0.047771,0.847562,0.849142,42.10733170796803,True,0.9262841072330275,False,30842b15eefb0ef7e36cbdea86a9efddfacf69a871c8b054165faa9af9f6c8eb
1242,39.424763,4.221373,0.813589,0.655059,25.846244405201332,True,0.5685699960814227,False,30842b15eefb0ef7e36cbdea86a9efddfacf69a871c8b054165faa9af9f6c8eb
1243,40.400667,2.162271,0.007737,0.781584,19.825155780210775,True,0.4361170840742976,False,30842b15eefb0ef7e36cbdea86a9efddfacf69a871c8b054165faa9af9f6c8eb
1244,38.117693,10.247144,1.403215,0.841908,6.309054893850197,True,0.13878764202786872,True,30842b15eefb0ef7e36cbdea86a9efddfacf69a871c8b054165faa9af9f6c8eb
1245,28.838969,12.378095,0.060362,0.828351,1.7925016921869592,True,0.03943175124884238,True,30842b15eefb0ef7e36cbdea86a9efddfacf69a871c8b054165faa9af9f6c8eb
1246,28.450412,8.655241,0.104625,0.916457,10.722934329469332,True,0.23588489817347758,False,30842b15eefb0ef7e36cbdea86a9efddfacf69a871c8b054165faa9af9f6c8eb
1247,28.700667,10.537584,0.383062,0.460735,5.59101071211356,True,0.12299198633430382,True,30842b15eefb0ef7e36cbdea86a9efddfacf69a871c8b054165faa9af9f6c8eb
1248,30.267993,0.069933,0.167859,0.678157,45.11814787046632,True,0.9925165434383062,False,30842b15eefb0ef7e36cbdea86a9efddfacf69a871c8b054165faa9af9f6c8eb
1249,31.757531,13.776102,0.192116,0.690432,0.0,False,0.0,True,30842b15eefb0ef7e36cbdea86a9efddfacf69a871c8b054165faa9af9f6c8eb
1250,28.578775,13.835449,0.262576,0.962243,0.0,False,0.0,True,30842b15eefb0ef7e36cbdea86a9efddfacf69a871c8b054165faa9af9f6c8eb
1251,35.731063,1.892562,0.593211,0.95229,36.559465358152195,True,0.8042412177778671,False,30842b15eefb0ef7e36cbdea86a9efddfacf69a871c8b054165faa9af9f6c8eb
1252,31.925861,8.309964,0.794984,0.93808,11.778608220447854,True,0.2591077885341417,False,30842b15eefb0ef7e36cbdea86a9efddfacf69a871c8b054165faa9af9f6c8eb
1253,34.920085,3.055964,0.654835,0.940859,31.41866479643032,True,0.6911530294356809,False,30842b15eefb0ef7e36cbdea86a9efddfacf69a871c8b054165faa9af9f6c8eb
1254,36.534914,10.847183,0.898837,0.175928,4.858135243050559,True,0.10687006950798666,True,30842b15eefb0ef7e36cbdea86a9efddfacf69a871c8b054165faa9af9f6c8eb
1255,35.675251,1.842866,0.720663,0.626631,36.78478828938528,True,0.8091979092073758,False,30842b15eefb0ef7e36cbdea86a9efddfacf69a871c8b054165faa9af9f6c8eb
1256,36.83731,4.27544,0.113103,0.517676,26.316394959702865,True,0.5789124464095957,False,30842b15eefb0ef7e36cbdea86a9efddfacf69a871c8b054165faa9af9f6c8eb
1257,34.15598,5.015311,0.530028,0.417151,23.370931829547615,True,0.514117657111955,False,30842b15eefb0ef7e36cbdea86a9efddfacf69a871c8b054165faa9af9f6c8eb
1258,39.094074,3.194887,0.306827,0.490196,28.371556379059136,True,0.624122230153455,False,30842b15eefb0ef7e36cbdea86a9efddfacf69a871c8b054165faa9af9f6c8eb
1259,40.985652,7.09105,1.300385,0.421821,13.753424593432783,True,0.3025501285448092,False,30842b15eefb0ef7e36cbdea86a9efddfacf69a871c8b054165faa9af9f6c8eb
1260,29.835095,10.809975,0.598785,0.133364,4.944388472963957,True,0.10876748244833638,True,30842b15eefb0ef7e36cbdea86a9efddfacf69a871c8b054165faa9af9f6c8eb
1261,30.711598,11.221237,0.827178,0.270438,4.019746970684182,True,0.08842706443301596,True,30842b15eefb0ef7e36cbdea86a9efddfacf69a871c8b054165faa9af9f6c8eb
1262,41.144999,11.286636,1.11231,0.682723,0.0,False,0.0,True,30842b15eefb0ef7e36cbdea86a9efddfacf69a871c8b054165faa9af9f6c8eb
1263,37.801968,5.483387,1.00992,0.24682,21.56859347800175,True,0.4744695173895895,False,30842b15eefb0ef7e36cbdea86a9efddfacf69a871c8b054165faa9af9f6c8eb
1264,34.312259,10.819698,0.952759,0.855159,4.921800418658612,True,0.10827058666160103,True,30842b15eefb0ef7e36cbdea86a9efddfacf69a871c8b054165faa9af9f6c8eb
1265,31.136654,10.347096,0.669188,0.995371,6.058691560193387,True,0.13328010764861717,True,30842b15eefb0ef7e36cbdea86a9efddfacf69a871c8b054165faa9af9f6c8eb
1266,37.008302,9.061033,0.163707,0.334165,9.525233747149192,True,0.20953768096386863,False,30842b15eefb0ef7e36cbdea86a9efddfacf69a871c8b054165faa9af9f6c8eb
1267,33.98252,9.41294,1.055513,0.181194,8.5255633664192,True,0.18754676516412547,True,30842b15eefb0ef7e36cbdea86a9efddfacf69a871c8b054165faa9af9f6c8eb
1268,40.579495,9.894804,0.708336,0.473484,7.218090135078757,True,0.15878475090915695,True,30842b15eefb0ef7e36cbdea86a9efddfacf69a871c8b054165faa9af9f6c8eb
1269,40.501725,2.27239,0.067623,0.740473,18.979485883048074,True,0.4175138966023409,False,30842b15eefb0ef7e36cbdea86a9efddfacf69a871c8b054165faa9af9f6c8eb
1270,40.546,2.867103,1.408201,0.360406,17.289757584275065,True,0.38034297160641767,False,30842b15eefb0ef7e36cbdea86a9efddfacf69a871c8b054165faa9af9f6c8eb
1271,35.157244,7.152106,0.366083,0.339706,15.550952654190327,True,0.3420924506879633,False,30842b15eefb0ef7e36cbdea86a9efddfacf69a871c8b054165faa9af9f6c8eb
1272,29.621195,0.148053,1.008888,0.157551,44.10094540679074,True,0.9701399539532338,False,30842b15eefb0ef7e36cbdea86a9efddfacf69a871c8b054165faa9af9f6c8eb
1273,40.950078,10.790156,1.298869,0.106943,0.0,False,0.0,True,30842b15eefb0ef7e36cbdea86a9efddfacf69a871c8b054165faa9af9f6c8eb
1274,31.501099,7.266355,0.476194,0.086796,15.163406585196801,True,0.3335671476120287,False,30842b15eefb0ef7e36cbdea86a9efddfacf69a871c8b054165faa9af9f6c8eb
1275,32.721078,1.735507,0.441327,0.544267,37.27312921425838,True,0.8199405143374898,False,30842b15eefb0ef7e36cbdea86a9efddfacf69a871c8b054165faa9af9f6c8eb
1276,41.786085,6.36584,1.196454,0.113132,0.0,False,0.0,True,30842b15eefb0ef7e36cbdea86a9efddfacf69a871c8b054165faa9af9f6c8eb
1277,30.948204,7.778705,0.176677,0.187629,13.466125202002129,True,0.2962300686049965,False,30842b15eefb0ef7e36cbdea86a9efddfacf69a871c8b054165faa9af9f6c8eb
1278,36.27436,12.594115,0.780277,0.140133,1.4465923073143956,True,0.03182237889600871,True,30842b15eefb0ef7e36cbdea86a9efddfacf69a871c8b054165faa9af9f6c8eb
1279,31.751199,8.638147,1.378356,0.071874,10.774417751045087,True,0.23701743906973616,False,30842b15eefb0ef7e36cbdea86a9efddfacf69a871c8b054165faa9af9f6c8eb
1280,32.665998,4.90958,1.36024,0.275626,23.784683632863803,True,0.5232194383031452,False,30842b15eefb0ef7e36cbdea86a9efddfacf69a871c8b054165faa9af9f6c8eb
1281,31.909935,3.190992,1.356252,0.619746,30.838994731188087,True,0.6784013506402514,False,30842b15eefb0ef7e36cbdea86a9efddfacf69a871c8b054165faa9af9f6c8eb
1282,36.499348,10.387713,1.364927,0.447414,5.957922197458048,True,0.13106336639687735,True,30842b15eefb0ef7e36cbdea86a9efddfacf69a871c8b054165faa9af9f6c8eb
1283,28.558762,11.965339,0.920719,0.53682,2.5186020145015378,True,0.05540462726676162,True,30842b15eefb0ef7e36cbdea86a9efddfacf69a871c8b054165faa9af9f6c8eb
1284,33.667656,13.1699,0.548275,0.552912,0.0,False,0.0,True,30842b15eefb0ef7e36cbdea86a9efddfacf69a871c8b054165faa9af9f6c8eb
1285,35.340133,1.975553,0.257284,0.482533,36.184212400676735,True,0.7959863406198368,False,30842b15eefb0ef7e36cbdea86a9efddfacf69a871c8b054165faa9af9f6c8eb
1286,31.824644,10.120133,0.955931,0.363172,6.632033526668342,True,0.14589257987171425,True,30842b15eefb0ef7e36cbdea86a9efddfacf69a871c8b054165faa9af9f6c8eb
1287,33.484809,7.839821,0.241969,0.215384,13.26818301109334,True,0.29187570326878115,False,30842b15eefb0ef7e36cbdea86a9efddfacf69a871c8b054165faa9af9f6c8eb
1288,38.874897,9.224215,1.0477,0.536692,9.057088389137286,True,0.19923934128258014,True,30842b15eefb0ef7e36cbdea86a9efddfacf69a871c8b054165faa9af9f6c8eb
1289,33.753387,2.100499,0.087261,0.410675,35.62169494316863,True,0.7836119877507308,False,30842b15eefb0ef7e36cbdea86a9efddfacf69a871c8b054165faa9af9f6c8eb
1290,28.799582,4.83685,0.86605,0.071817,24.07069607396783,True,0.5295111876949845,False,30842b15eefb0ef7e36cbdea86a9efddfacf69a871c8b054165faa9af9f6c8eb
1291,38.632618,6.94419,0.745799,0.131961,16.264539503598602,True,0.35779005324139923,False,30842b15eefb0ef7e36cbdea86a9efddfacf69a871c8b054165faa9af9f6c8eb
1292,29.050329,4.914664,0.398896,0.684402,23.764733329727274,True,0.5227805682066496,False,30842b15eefb0ef7e36cbdea86a9efddfacf69a871c8b054165faa9af9f6c8eb
1293,39.934453,8.793216,1.221599,0.784825,10.310406728084129,True,0.22681004718058584,False,30842b15eefb0ef7e36cbdea86a9efddfacf69a871c8b054165faa9af9f6c8eb
1294,33.186621,2.594427,1.368132,0.191026,33.42697819914263,True,0.7353322426942469,False,30842b15eefb0ef7e36cbdea86a9efddfacf69a871c8b054165faa9af9f6c8eb
1295,36.87612,1.790001,0.659136,0.208314,37.02498556921904,True,0.8144818090387326,False,30842b15eefb0ef7e36cbdea86a9efddfacf69a871c8b054165faa9af9f6c8eb
1296,38.504403,13.505259,0.677809,0.397664,0.0,False,0.0,True,30842b15eefb0ef7e36cbdea86a9efddfacf69a871c8b054165faa9af9f6c8eb
1297,39.079494,2.091549,0.944344,0.87849,27.81979206412962,True,0.6119844267086261,False,30842b15eefb0ef7e36cbdea86a9efddfacf69a871c8b054165faa9af9f6c8eb
1298,30.231546,12.924963,0.719157,0.256331,0.0,False,0.0,True,30842b15eefb0ef7e36cbdea86a9efddfacf69a871c8b054165faa9af9f6c8eb
1299,29.007229,0.323187,1.159028,0.981663,43.283221172999426,True,0.9521515198460004,False,30842b15eefb0ef7e36cbdea86a9efddfacf69a871c8b054165faa9af9f6c8eb
1300,30.856687,12.629376,0.353741,0.679765,1.3925120230867216,True,0.030632711781926055,True,30842b15eefb0ef7e36cbdea86a9efddfacf69a871c8b054165faa9af9f6c8eb
1301,31.554117,11.957095,1.462753,0.542417,2.5339247436682055,True,0.055741699219098946,True,30842b15eefb0ef7e36cbdea86a9efddfacf69a871c8b054165faa9af9f6c8eb
1302,31.028706,11.601632,1.159475,0.650345,3.22325887306178,True,0.07090578639182653,True,30842b15eefb0ef7e36cbdea86a9efddfacf69a871c8b054165faa9af9f6c8eb
1303,36.827111,3.113162,0.595955,0.792824,31.17267675349296,True,0.6857417434315594,False,30842b15eefb0ef7e36cbdea86a9efddfacf69a871c8b054165faa9af9f6c8eb
1304,32.632929,9.510393,1.245277,0.205532,8.255320620650215,True,0.18160192016095802,True,30842b15eefb0ef7e36cbdea86a9efddfacf69a871c8b054165faa9af9f6c8eb
1305,40.053454,0.986494,0.727035,0.828968,21.68988393113242,True,0.47713768501116244,False,30842b15eefb0ef7e36cbdea86a9efddfacf69a871c8b054165faa9af9f6c8eb
1306,33.454225,11.402965,0.87733,0.927294,3.6319357680716085,True,0.07989592890350011,True,30842b15eefb0ef7e36cbdea86a9efddfacf69a871c8b054165faa9af9f6c8eb
1307,37.798254,12.54888,0.079125,0.194722,0.0,False,0.0,True,30842b15eefb0ef7e36cbdea86a9efddfacf69a871c8b054165faa9af9f6c8eb
1308,36.218809,8.995702,1.437745,0.751371,9.71485226528583,True,0.21370894075789182,False,30842b15eefb0ef7e36cbdea86a9efddfacf69a871c8b054165faa9af9f6c8eb
1309,28.256609,3.26718,1.342161,0.343873,30.513513957002672,True,0.6712413702732029,False,30842b15eefb0ef7e36cbdea86a9efddfacf69a871c8b054165faa9af9f6c8eb
1310,38.192414,2.568067,1.09594,0.084459,32.39624683148823,True,0.7126580421225643,False,30842b15eefb0ef7e36cbdea86a9efddfacf69a871c8b054165faa9af9f6c8eb
1311,31.237575,13.272098,0.624622,0.485222,0.0,False,0.0,True,30842b15eefb0ef7e36cbdea86a9efddfacf69a871c8b054165faa9af9f6c8eb
1312,38.48328,12.825634,0.738156,0.556994,0.0,False,0.0,True,30842b15eefb0ef7e36cbdea86a9efddfacf69a871c8b054165faa9af9f6c8eb
1313,35.134634,3.15067,0.002254,0.461173,31.0117185703881,True,0.682200958468666,False,30842b15eefb0ef7e36cbdea86a9efddfacf69a871c8b054165faa9af9f6c8eb
1314,34.144814,7.461901,1.401316,0.521206,14.507704261651003,True,0.3191428985147793,False,30842b15eefb0ef7e36cbdea86a9efddfacf69a871c8b054165faa9af9f6c8eb
1315,32.816183,7.845444,0.632536,0.34042,13.250020397994179,True,0.29147615907594904,False,30842b15eefb0ef7e36cbdea86a9efddfacf69a871c8b054165faa9af9f6c8eb
1316,36.887538,10.610418,0.173884,0.839797,5.41552633943733,True,0.11913165182996878,True,30842b15eefb0ef7e36cbdea86a9efddfacf69a871c8b054165faa9af9f6c8eb
1317,30.19601,5.562563,1.461228,0.402693,21.268520002072545,True,0.4678684510080121,False,30842b15eefb0ef7e36cbdea86a9efddfacf69a871c8b054165faa9af9f6c8eb
1318,33.123308,7.984948,0.564858,0.737882,12.802079936032086,True,0.2816222900685336,False,30842b15eefb0ef7e36cbdea86a9efddfacf69a871c8b054165faa9af9f6c8eb
1319,28.314061,0.550025,1.47022,0.274036,42.079523052112656,True,0.9256723677824968,False,30842b15eefb0ef7e36cbdea86a9efddfacf69a871c8b054165faa9af9f6c8eb
1320,30.340499,8.389906,0.709752,0.288141,11.531257294701252,True,0.25366652160662706,False,30842b15eefb0ef7e36cbdea86a9efddfacf69a871c8b054165faa9af9f6c8eb
1321,40.954795,1.663997,0.107709,0.647421,15.222472072861986,True,0.33486648006295855,False,30842b15eefb0ef7e36cbdea86a9efddfacf69a871c8b054165faa9af9f6c8eb
1322,39.916508,7.471316,0.438899,0.295961,14.476378447216712,True,0.31845378802309915,False,30842b15eefb0ef7e36cbdea86a9efddfacf69a871c8b054165faa9af9f6c8eb
1323,40.392338,6.682856,0.517333,0.63177,17.1764677490978,True,0.37785080291324225,False,30842b15eefb0ef7e36cbdea86a9efddfacf69a871c8b054165faa9af9f6c8eb
1324,33.208653,10.341232,0.888865,0.308225,6.073286423001869,True,0.13360116787538487,True,30842b15eefb0ef7e36cbdea86a9efddfacf69a871c8b054165faa9af9f6c8eb
1325,30.959886,5.875751,1.469873,0.832197,20.09538327404171,True,0.44206159356278746,False,30842b15eefb0ef7e36cbdea86a9efddfacf69a871c8b054165faa9af9f6c8eb
1326,40.014184,8.966877,0.239874,0.36958,9.798910052538208,True,0.21555805798434194,False,30842b15eefb0ef7e36cbdea86a9efddfacf69a871c8b054165faa9af9f6c8eb
1327,41.314133,9.387291,1.370569,0.179641,0.0,False,0.0,True,30842b15eefb0ef7e36cbdea86a9efddfacf69a871c8b054165faa9af9f6c8eb
1328,29.917722,7.66429,1.179496,0.863951,13.839308512285251,True,0.3044394173188324,False,30842b15eefb0ef7e36cbdea86a9efddfacf69a871c8b054165faa9af9f6c8eb
1329,28.276123,5.57622,0.382023,0.898666,21.21690244187105,True,0.46673295930788755,False,30842b15eefb0ef7e36cbdea86a9efddfacf69a871c8b054165faa9af9f6c8eb
1330,30.039792,3.743641,0.636178,0.713321,28.50435880939818,True,0.6270436401700793,False,30842b15eefb0ef7e36cbdea86a9efddfacf69a871c8b054165faa9af9f6c8eb
1331,35.665662,5.141912,1.14879,0.685624,22.87870513187281,True,0.5032895721035267,False,30842b15eefb0ef7e36cbdea86a9efddfacf69a871c8b054165faa9af9f6c8eb
1332,30.90658,13.648201,1.035131,0.62542,0.0,False,0.0,True,30842b15eefb0ef7e36cbdea86a9efddfacf69a871c8b054165faa9af9f6c8eb
1333,31.717227,5.910514,0.907925,0.754013,19.96654158275745,True,0.43922731254461866,False,30842b15eefb0ef7e36cbdea86a9efddfacf69a871c8b054165faa9af9f6c8eb
1334,32.200218,13.81742,0.646365,0.534295,0.0,False,0.0,True,30842b15eefb0ef7e36cbdea86a9efddfacf69a871c8b054165faa9af9f6c8eb
1335,32.791756,13.57809,1.429165,0.92851,0.0,False,0.0,True,30842b15eefb0ef7e36cbdea86a9efddfacf69a871c8b054165faa9af9f6c8eb
1336,39.010776,2.968106,0.608042,0.416292,28.55663609709602,True,0.6281936446657238,False,30842b15eefb0ef7e36cbdea86a9efddfacf69a871c8b054165faa9af9f6c8eb
1337,39.12106,1.645514,0.669789,0.745452,27.84916177922038,True,0.6126305066006318,False,30842b15eefb0ef7e36cbdea86a9efddfacf69a871c8b054165faa9af9f6c8eb
1338,28.817597,8.339281,0.792962,0.402202,11.687694485959655,True,0.25710785303669276,False,30842b15eefb0ef7e36cbdea86a9efddfacf69a871c8b054165faa9af9f6c8eb
1339,30.327395,9.364505,0.681899,0.787398,8.660951982348397,True,0.1905250665227879,True,30842b15eefb0ef7e36cbdea86a9efddfacf69a871c8b054165faa9af9f6c8eb
1340,37.831086,5.81444,0.697621,0.419747,20.32329165613228,True,0.4470751601715627,False,30842b15eefb0ef7e36cbdea86a9efddfacf69a871c8b054165faa9af9f6c8eb
1341,31.77575,8.78267,0.20594,0.431443,10.341747164604973,True,0.2274994793313652,False,30842b15eefb0ef7e36cbdea86a9efddfacf69a871c8b054165faa9af9f6c8eb
1342,34.109215,11.644036,1.165859,0.340546,3.1381552879496635,True,0.06903366352959849,True,30842b15eefb0ef7e36cbdea86a9efddfacf69a871c8b054165faa9af9f6c8eb
1343,35.652882,8.483481,1.147756,0.307808,11.243955880380291,True,0.2473464171669359,False,30842b15eefb0ef7e36cbdea86a9efddfacf69a871c8b054165faa9af9f6c8eb
1344,40.926098,0.577596,1.29811,0.409271,14.277123913750891,True,0.31407055355639,False,30842b15eefb0ef7e36cbdea86a9efddfacf69a871c8b054165faa9af9f6c8eb
1345,36.442913,9.452586,1.465686,0.574848,8.4152727600822,True,0.18512057400730783,True,30842b15eefb0ef7e36cbdea86a9efddfacf69a871c8b054165faa9af9f6c8eb
1346,32.656041,13.896291,0.837884,0.987243,0.0,False,0.0,True,30842b15eefb0ef7e36cbdea86a9efddfacf69a871c8b054165faa9af9f6c8eb
1347,32.355436,12.13763,1.083449,0.123204,2.2055677667182403,True,0.04851844766382931,True,30842b15eefb0ef7e36cbdea86a9efddfacf69a871c8b054165faa9af9f6c8eb
1348,29.190821,10.111187,1.019037,0.849797,6.654984452146458,True,0.1463974581590422,True,30842b15eefb0ef7e36cbdea86a9efddfacf69a871c8b054165faa9af9f6c8eb
1349,36.751204,1.026071,1.04437,0.319487,38.26894877033141,True,0.8418467190540369,False,30842b15eefb0ef7e36cbdea86a9efddfacf69a871c8b054165faa9af9f6c8eb
1350,40.238215,10.018925,0.438133,0.614678,6.893217699205568,True,0.15163815286978338,True,30842b15eefb0ef7e36cbdea86a9efddfacf69a871c8b054165faa9af9f6c8eb
1351,33.648544,6.291362,0.213369,0.200473,18.57325120649189,True,0.40857747841962005,False,30842b15eefb0ef7e36cbdea86a9efddfacf69a871c8b054165faa9af9f6c8eb
1352,40.285166,6.561858,0.161933,0.329473,17.604275360834936,True,0.38726178612285844,False,30842b15eefb0ef7e36cbdea86a9efddfacf69a871c8b054165faa9af9f6c8eb
1353,40.649776,13.86259,0.872467,0.874993,0.0,False,0.0,True,30842b15eefb0ef7e36cbdea86a9efddfacf69a871c8b054165faa9af9f6c8eb
1354,29.864141,12.619366,1.491041,0.432243,1.4077946219425828,True,0.030968900940991747,True,30842b15eefb0ef7e36cbdea86a9efddfacf69a871c8b054165faa9af9f6c8eb
1355,39.783741,0.339724,1.098384,0.974096,23.205769680139497,True,0.5104843925970193,False,30842b15eefb0ef7e36cbdea86a9efddfacf69a871c8b054165faa9af9f6c8eb
1356,30.170089,7.766515,0.752238,0.793282,13.50572285405682,True,0.2971011443605534,False,30842b15eefb0ef7e36cbdea86a9efddfacf69a871c8b054165faa9af9f6c8eb
1357,39.849154,11.911422,0.473906,0.313598,0.0,False,0.0,True,30842b15eefb0ef7e36cbdea86a9efddfacf69a871c8b054165faa9af9f6c8eb
1358,29.252568,2.217412,1.43146,0.209319,35.0980100032118,True,0.7720918790807364,False,30842b15eefb0ef7e36cbdea86a9efddfacf69a871c8b054165faa9af9f6c8eb
1359,31.774255,5.925675,0.877969,0.688925,19.910437117128954,True,0.4379931171504079,False,30842b15eefb0ef7e36cbdea86a9efddfacf69a871c8b054165faa9af9f6c8eb
1360,35.148221,12.069802,0.087921,0.746865,2.3271493033283215,True,0.05119301858834072,True,30842b15eefb0ef7e36cbdea86a9efddfacf69a871c8b054165faa9af9f6c8eb
1361,37.70486,4.392042,0.122872,0.143166,25.844497901931216,True,0.568531576211136,False,30842b15eefb0ef7e36cbdea86a9efddfacf69a871c8b054165faa9af9f6c8eb
1362,35.688093,0.109585,0.073156,0.258815,42.25757820356442,True,0.9295892547071919,False,30842b15eefb0ef7e36cbdea86a9efddfacf69a871c8b054165faa9af9f6c8eb
1363,30.447429,7.614123,0.887231,0.548501,14.004005710912056,True,0.3080624537689179,False,30842b15eefb0ef7e36cbdea86a9efddfacf69a871c8b054165faa9af9f6c8eb
1364,35.093129,0.469971,1.455682,0.586181,42.150694892789964,True,0.9272380178065622,False,30842b15eefb0ef7e36cbdea86a9efddfacf69a871c8b054165faa9af9f6c8eb
1365,40.055784,11.71154,0.668967,0.218665,0.0,False,0.0,True,30842b15eefb0ef7e36cbdea86a9efddfacf69a871c8b054165faa9af9f6c8eb
1366,35.085743,7.31217,0.271021,0.18714,15.008914825467063,True,0.33016861210926635,False,30842b15eefb0ef7e36cbdea86a9efddfacf69a871c8b054165faa9af9f6c8eb
1367,41.720739,0.847793,0.926033,0.298089,0.0,False,0.0,True,30842b15eefb0ef7e36cbdea86a9efddfacf69a871c8b054165faa9af9f6c8eb
1368,39.289191,1.101854,0.98983,0.394952,26.514747568523095,True,0.5832758401874926,False,30842b15eefb0ef7e36cbdea86a9efddfacf69a871c8b054165faa9af9f6c8eb
1369,30.336336,2.784997,0.756105,0.941124,32.59271555818546,True,0.7169799939472514,False,30842b15eefb0ef7e36cbdea86a9efddfacf69a871c8b054165faa9af9f6c8eb
1370,32.491773,4.144208,0.017345,0.094012,26.85089396189415,True,0.5906704446246194,False,30842b15eefb0ef7e36cbdea86a9efddfacf69a871c8b054165faa9af9f6c8eb
1371,33.796211,7.886923,0.292413,0.502737,13.116297378382514,True,0.2885344977829335,False,30842b15eefb0ef7e36cbdea86a9efddfacf69a871c8b054165faa9af9f6c8eb
1372,38.166233,2.56496,0.843775,0.193074,32.77389309288626,True,0.720965567579533,False,30842b15eefb0ef7e36cbdea86a9efddfacf69a871c8b054165faa9af9f6c8eb
1373,28.477133,6.119471,1.163538,0.623534,19.19793481359427,True,0.42231937261802255,False,30842b15eefb0ef7e36cbdea86a9efddfacf69a871c8b054165faa9af9f6c8eb
1374,28.139884,3.705742,0.100287,0.379058,28.66249739080441,True,0.6305223990644419,False,30842b15eefb0ef7e36cbdea86a9efddfacf69a871c8b054165faa9af9f6c8eb
1375,39.542214,9.515469,0.830922,0.690908,8.24132424158437,True,0.1812940254793996,True,30842b15eefb0ef7e36cbdea86a9efddfacf69a871c8b054165faa9af9f6c8eb
1376,28.829976,7.619886,0.240952,0.088721,13.985052901323789,True,0.30764552670189826,False,30842b15eefb0ef7e36cbdea86a9efddfacf69a871c8b054165faa9af9f6c8eb
1377,34.686031,0.568836,0.508648,0.741276,42.71613333256447,True,0.939676626930841,False,30842b15eefb0ef7e36cbdea86a9efddfacf69a871c8b054165faa9af9f6c8eb
1378,41.998993,9.212461,1.309602,0.287429,0.0,False,0.0,True,30842b15eefb0ef7e36cbdea86a9efddfacf69a871c8b054165faa9af9f6c8eb
1379,36.23004,10.430934,1.19552,0.058277,5.8513129176480145,True,0.12871815767511677,True,30842b15eefb0ef7e36cbdea86a9efddfacf69a871c8b054165faa9af9f6c8eb
1380,36.430773,2.013537,0.947287,0.268335,36.01289452580386,True,0.7922176614292327,False,30842b15eefb0ef7e36cbdea86a9efddfacf69a871c8b054165faa9af9f6c8eb
1381,35.394129,4.072912,0.231467,0.94331,27.14277602324122,True,0.5970913149017318,False,30842b15eefb0ef7e36cbdea86a9efddfacf69a871c8b054165faa9af9f6c8eb
1382,41.533136,7.218364,0.840981,0.05362,0.0,False,0.0,True,30842b15eefb0ef7e36cbdea86a9efddfacf69a871c8b054165faa9af9f6c8eb
1383,29.887805,1.755233,0.937421,0.476682,37.183241190332616,True,0.8179631425921018,False,30842b15eefb0ef7e36cbdea86a9efddfacf69a871c8b054165faa9af9f6c8eb
1384,30.149706,11.96136,0.175208,0.526207,2.52599372400057,True,0.0555672313254021,True,30842b15eefb0ef7e36cbdea86a9efddfacf69a871c8b054165faa9af9f6c8eb
1385,35.079452,7.223804,0.736284,0.191269,15.307363465655644,True,0.33673393508316735,False,30842b15eefb0ef7e36cbdea86a9efddfacf69a871c8b054165faa9af9f6c8eb
1386,33.374364,2.060332,0.190931,0.842301,35.80220966136233,True,0.7875829806349186,False,30842b15eefb0ef7e36cbdea86a9efddfacf69a871c8b054165faa9af9f6c8eb
1387,39.908918,2.352386,0.902144,0.541985,22.538900004089918,True,0.4958144822164603,False,30842b15eefb0ef7e36cbdea86a9efddfacf69a871c8b054165faa9af9f6c8eb
1388,33.976437,1.998497,1.316635,0.844117,36.08069648728972,True,0.7937091802886833,False,30842b15eefb0ef7e36cbdea86a9efddfacf69a871c8b054165faa9af9f6c8eb
1389,28.584305,9.960674,1.437388,0.821075,7.045061892495496,True,0.15497844676433725,True,30842b15eefb0ef7e36cbdea86a9efddfacf69a871c8b054165faa9af9f6c8eb
1390,40.15578,7.836083,0.931207,0.53157,13.280261554052666,True,0.2921414090717361,False,30842b15eefb0ef7e36cbdea86a9efddfacf69a871c8b054165faa9af9f6c8eb
1391,41.113326,4.131307,0.453201,0.559255,13.499150948383537,True,0.296956574483231,False,30842b15eefb0ef7e36cbdea86a9efddfacf69a871c8b054165faa9af9f6c8eb
1392,39.504544,8.754933,0.705338,0.913566,10.424326745354165,True,0.22931607872456464,False,30842b15eefb0ef7e36cbdea86a9efddfacf69a871c8b054165faa9af9f6c8eb
1393,33.035195,10.14092,0.486281,0.741089,6.578806728978106,True,0.1447216878968603,True,30842b15eefb0ef7e36cbdea86a9efddfacf69a871c8b054165faa9af9f6c8eb
1394,32.617456,8.662966,0.195642,0.949502,10.699695284623775,True,0.23537368178824078,False,30842b15eefb0ef7e36cbdea86a9efddfacf69a871c8b054165faa9af9f6c8eb
1395,28.354894,5.866825,1.352564,0.236133,20.128510148347754,True,0.4427903240699782,False,30842b15eefb0ef7e36cbdea86a9efddfacf69a871c8b054165faa9af9f6c8eb
1396,29.691699,1.240201,0.87695,0.500467,39.55370818450446,True,0.8701090709698508,False,30842b15eefb0ef7e36cbdea86a9efddfacf69a871c8b054165faa9af9f6c8eb
1397,34.065352,6.02518,0.837377,0.917703,19.543520082093814,True,0.42992161500481363,False,30842b15eefb0ef7e36cbdea86a9efddfacf69a871c8b054165faa9af9f6c8eb
1398,40.438487,2.51917,0.622704,0.9166,18.91792461962901,True,0.4161596616600333,False,30842b15eefb0ef7e36cbdea86a9efddfacf69a871c8b054165faa9af9f6c8eb
1399,28.060315,2.268838,1.413857,0.959797,34.86847901645235,True,0.7670426181437732,False,30842b15eefb0ef7e36cbdea86a9efddfacf69a871c8b054165faa9af9f6c8eb
1400,39.320127,0.837976,0.400239,0.651309,26.913702900352867,True,0.5920521261305857,False,30842b15eefb0ef7e36cbdea86a9efddfacf69a871c8b054165faa9af9f6c8eb
1401,33.583807,8.835899,1.449949,0.549363,10.183886415625059,True,0.2240268322410646,False,30842b15eefb0ef7e36cbdea86a9efddfacf69a871c8b054165faa9af9f6c8eb
1402,39.559524,2.41985,0.620497,0.489154,25.175480030077775,True,0.5538144094609228,False,30842b15eefb0ef7e36cbdea86a9efddfacf69a871c8b054165faa9af9f6c8eb
1403,40.720133,5.266049,1.377183,0.301251,15.918291291454942,True,0.350173227309733,False,30842b15eefb0ef7e36cbdea86a9efddfacf69a871c8b054165faa9af9f6c8eb
1404,31.273702,3.104793,1.354821,0.662803,31.208628550854968,True,0.6865326170673872,False,30842b15eefb0ef7e36cbdea86a9efddfacf69a871c8b054165faa9af9f6c8eb
1405,32.150561,9.725078,0.473214,0.434898,7.6703246825388645,True,0.16873308192569458,True,30842b15eefb0ef7e36cbdea86a9efddfacf69a871c8b054165faa9af9f6c8eb
1406,38.115016,10.603405,0.601708,0.356639,5.4323420075664,True,0.11950156570265227,True,30842b15eefb0ef7e36cbdea86a9efddfacf69a871c8b054165faa9af9f6c8eb
1407,30.28561,5.554525,0.813902,0.483497,21.298919708717893,True,0.46853718882605827,False,30842b15eefb0ef7e36cbdea86a9efddfacf69a871c8b054165faa9af9f6c8eb
1408,40.448562,13.023069,1.258294,0.076133,0.0,False,0.0,True,30842b15eefb0ef7e36cbdea86a9efddfacf69a871c8b054165faa9af9f6c8eb
1409,33.49692,3.048854,0.919772,0.399191,31.449287363546997,True,0.6918266697755528,False,30842b15eefb0ef7e36cbdea86a9efddfacf69a871c8b054165faa9af9f6c8eb
1410,39.151551,1.376057,0.036483,0.866419,28.301209268132023,True,0.6225747226720153,False,30842b15eefb0ef7e36cbdea86a9efddfacf69a871c8b054165faa9af9f6c8eb
1411,40.834255,1.204238,0.285879,0.230883,16.06475601244181,True,0.3533951826751636,False,30842b15eefb0ef7e36cbdea86a9efddfacf69a871c8b054165faa9af9f6c8eb
1412,38.374892,4.065207,0.264569,0.206159,27.174382824430815,True,0.5977866065869292,False,30842b15eefb0ef7e36cbdea86a9efddfacf69a871c8b054165faa9af9f6c8eb
1413,31.112325,3.56462,0.804907,0.732467,29.253905751326712,True,0.6435322988376181,False,30842b15eefb0ef7e36cbdea86a9efddfacf69a871c8b054165faa9af9f6c8eb
1414,30.123872,11.921526,0.337602,0.315719,2.6003891761985494,True,0.057203794893460315,True,30842b15eefb0ef7e36cbdea86a9efddfacf69a871c8b054165faa9af9f6c8eb
1415,37.491313,8.354249,0.03415,0.369576,11.641368467410617,True,0.25608876555257093,False,30842b15eefb0ef7e36cbdea86a9efddfacf69a871c8b054165faa9af9f6c8eb
1416,41.761509,13.472404,0.707555,0.728962,0.0,False,0.0,True,30842b15eefb0ef7e36cbdea86a9efddfacf69a871c8b054165faa9af9f6c8eb
1417,40.753686,12.586131,0.387147,0.161729,0.0,False,0.0,True,30842b15eefb0ef7e36cbdea86a9efddfacf69a871c8b054165faa9af9f6c8eb
1418,34.364262,1.471807,1.337751,0.105386,38.48168746953819,True,0.8465265804481363,False,30842b15eefb0ef7e36cbdea86a9efddfacf69a871c8b054165faa9af9f6c8eb
1419,41.775206,8.356778,0.784598,0.988388,0.0,False,0.0,True,30842b15eefb0ef7e36cbdea86a9efddfacf69a871c8b054165faa9af9f6c8eb
1420,31.660844,11.441554,0.626158,0.185949,3.5512875413893643,True,0.07812181575925277,True,30842b15eefb0ef7e36cbdea86a9efddfacf69a871c8b054165faa9af9f6c8eb
1421,41.47925,8.442867,0.411656,0.902052,0.0,False,0.0,True,30842b15eefb0ef7e36cbdea86a9efddfacf69a871c8b054165faa9af9f6c8eb
1422,37.220775,0.155767,1.205287,0.830178,36.4447617848826,True,0.8017179494382976,False,30842b15eefb0ef7e36cbdea86a9efddfacf69a871c8b054165faa9af9f6c8eb
1423,37.444594,4.965872,0.158805,0.718663,23.56409769996116,True,0.5183669521531329,False,30842b15eefb0ef7e36cbdea86a9efddfacf69a871c8b054165faa9af9f6c8eb
1424,41.329614,0.827807,0.252679,0.645507,11.75293882659474,True,0.2585431089260072,False,30842b15eefb0ef7e36cbdea86a9efddfacf69a871c8b054165faa9af9f6c8eb
1425,31.403684,6.114722,1.455415,0.267913,19.215291147132163,True,0.42270118013856284,False,30842b15eefb0ef7e36cbdea86a9efddfacf69a871c8b054165faa9af9f6c8eb
1426,33.200766,5.794264,0.397543,0.071246,20.398478075873566,True,0.44872912357558725,False,30842b15eefb0ef7e36cbdea86a9efddfacf69a871c8b054165faa9af9f6c8eb
1427,36.905128,0.583251,0.881587,0.430324,37.91001415048007,True,0.8339508154092777,False,30842b15eefb0ef7e36cbdea86a9efddfacf69a871c8b054165faa9af9f6c8eb
1428,37.467106,1.819571,0.209657,0.109381,36.48047842838908,True,0.8025036501203832,False,30842b15eefb0ef7e36cbdea86a9efddfacf69a871c8b054165faa9af9f6c8eb
1429,41.344995,10.68816,0.791445,0.911974,0.0,False,0.0,True,30842b15eefb0ef7e36cbdea86a9efddfacf69a871c8b054165faa9af9f6c8eb
1430,36.822455,1.69487,0.454392,0.469682,37.45853298063734,True,0.824019057319245,False,30842b15eefb0ef7e36cbdea86a9efddfacf69a871c8b054165faa9af9f6c8eb
1431,33.277081,8.323254,0.675229,0.923162,11.737366057080667,True,0.25820053654439606,False,30842b15eefb0ef7e36cbdea86a9efddfacf69a871c8b054165faa9af9f6c8eb
1432,30.799471,12.573414,0.699207,0.663892,1.478660228785841,True,0.03252781438209,True,30842b15eefb0ef7e36cbdea86a9efddfacf69a871c8b054165faa9af9f6c8eb
1433,32.684665,13.21865,1.06486,0.434488,0.0,False,0.0,True,30842b15eefb0ef7e36cbdea86a9efddfacf69a871c8b054165faa9af9f6c8eb
1434,28.491781,5.210574,0.558555,0.519016,22.613210551759007,True,0.49744917804052824,False,30842b15eefb0ef7e36cbdea86a9efddfacf69a871c8b054165faa9af9f6c8eb
1435,39.392465,2.035998,0.030885,0.500917,26.832392919983615,True,0.5902634556183382,False,30842b15eefb0ef7e36cbdea86a9efddfacf69a871c8b054165faa9af9f6c8eb
1436,32.898965,11.19149,1.328273,0.915194,4.084467241084452,True,0.08985079173787981,True,30842b15eefb0ef7e36cbdea86a9efddfacf69a871c8b054165faa9af9f6c8eb
1437,34.3178,7.421663,1.280746,0.807186,14.641839181730084,True,0.32209362086299004,False,30842b15eefb0ef7e36cbdea86a9efddfacf69a871c8b054165faa9af9f6c8eb
1438,30.48469,7.031231,1.361158,0.142007,15.96450872565972,True,0.3511899261373358,False,30842b15eefb0ef7e36cbdea86a9efddfacf69a871c8b054165faa9af9f6c8eb
1439,29.960725,1.758872,1.294934,0.326693,37.166666792337836,True,0.8175985362200809,False,30842b15eefb0ef7e36cbdea86a9efddfacf69a871c8b054165faa9af9f6c8eb
1440,28.321126,9.972658,0.227482,0.090801,7.01373288991303,True,0.15428926613924177,True,30842b15eefb0ef7e36cbdea86a9efddfacf69a871c8b054165faa9af9f6c8eb
1441,31.207645,0.77198,1.151597,0.169431,41.75069599331111,True,0.9184387752882374,False,30842b15eefb0ef7e36cbdea86a9efddfacf69a871c8b054165faa9af9f6c8eb
1442,37.294001,13.818322,1.260619,0.306194,0.0,False,0.0,True,30842b15eefb0ef7e36cbdea86a9efddfacf69a871c8b054165faa9af9f6c8eb
1443,37.578771,1.040658,0.269355,0.171015,35.96511716342961,True,0.7911666470415315,False,30842b15eefb0ef7e36cbdea86a9efddfacf69a871c8b054165faa9af9f6c8eb
1444,37.557658,12.318118,1.263701,0.377484,1.8928436363346153,True,0.041639090075188616,True,30842b15eefb0ef7e36cbdea86a9efddfacf69a871c8b054165faa9af9f6c8eb
1445,32.423745,3.786844,1.235548,0.810428,28.324444661020383,True,0.6230858587208885,False,30842b15eefb0ef7e36cbdea86a9efddfacf69a871c8b054165faa9af9f6c8eb
1446,31.644222,8.976281,0.588375,0.494237,9.771460129271166,True,0.21495420999313294,False,30842b15eefb0ef7e36cbdea86a9efddfacf69a871c8b054165faa9af9f6c8eb
1447,37.448603,1.924428,0.108069,0.969791,36.41522711807749,True,0.8010682409109624,False,30842b15eefb0ef7e36cbdea86a9efddfacf69a871c8b054165faa9af9f6c8eb
1448,34.395567,9.389885,0.596258,0.283023,8.589919501488257,True,0.18896248215922845,True,30842b15eefb0ef7e36cbdea86a9efddfacf69a871c8b054165faa9af9f6c8eb
1449,28.425128,4.001331,0.531064,0.666888,27.436881193402098,True,0.6035610894973882,False,30842b15eefb0ef7e36cbdea86a9efddfacf69a871c8b054165faa9af9f6c8eb
1450,34.491537,2.877308,0.477061,0.978158,32.19113743875529,True,0.7081460114849928,False,30842b15eefb0ef7e36cbdea86a9efddfacf69a871c8b054165faa9af9f6c8eb
1451,37.688655,6.47692,0.115872,0.385695,17.90667599498539,True,0.39391404571920213,False,30842b15eefb0ef7e36cbdea86a9efddfacf69a871c8b054165faa9af9f6c8eb
1452,30.382482,1.458865,0.192463,0.639266,38.54133197658142,True,0.8478386502639361,False,30842b15eefb0ef7e36cbdea86a9efddfacf69a871c8b054165faa9af9f6c8eb
1453,29.926116,6.419218,1.238321,0.918596,18.113086750453153,True,0.3984547039513069,False,30842b15eefb0ef7e36cbdea86a9efddfacf69a871c8b054165faa9af9f6c8eb
1454,35.638246,6.315629,0.653242,0.188584,18.48561662370641,True,0.40664967824835374,False,30842b15eefb0ef7e36cbdea86a9efddfacf69a871c8b054165faa9af9f6c8eb
1455,41.178419,10.548877,1.383123,0.169013,0.0,False,0.0,True,30842b15eefb0ef7e36cbdea86a9efddfacf69a871c8b054165faa9af9f6c8eb
1456,34.662578,11.693374,0.950224,0.765585,3.040095523670875,True,0.06687652847671954,True,30842b15eefb0ef7e36cbdea86a9efddfacf69a871c8b054165faa9af9f6c8eb
1457,39.48744,7.073213,0.159897,0.469278,15.820463575682146,True,0.34802119689859906,False,30842b15eefb0ef7e36cbdea86a9efddfacf69a871c8b054165faa9af9f6c8eb
1458,34.975423,1.567849,1.294284,0.290932,38.04003168064993,True,0.8368109627274047,False,30842b15eefb0ef7e36cbdea86a9efddfacf69a871c8b054165faa9af9f6c8eb
1459,39.131955,5.344112,0.352156,0.11262,22.099828218834656,True,0.4861557078387093,False,30842b15eefb0ef7e36cbdea86a9efddfacf69a871c8b054165faa9af9f6c8eb
1460,30.990081,6.110429,0.124326,0.517491,19.230985420358902,True,0.42304642537911435,False,30842b15eefb0ef7e36cbdea86a9efddfacf69a871c8b054165faa9af9f6c8eb
1461,28.264986,9.392144,1.054935,0.060528,8.58360656216457,True,0.18882360906686502,True,30842b15eefb0ef7e36cbdea86a9efddfacf69a871c8b054165faa9af9f6c8eb
1462,39.226787,0.680982,1.276596,0.739462,26.608738810263006,True,0.5853434752028527,False,30842b15eefb0ef7e36cbdea86a9efddfacf69a871c8b054165faa9af9f6c8eb
1463,31.060122,6.664392,0.079395,0.357242,17.241523108262577,True,0.37928190155664704,False,30842b15eefb0ef7e36cbdea86a9efddfacf69a871c8b054165faa9af9f6c8eb
1464,29.071923,4.842601,0.024921,0.264276,24.048038660800444,True,0.5290127661404316,False,30842b15eefb0ef7e36cbdea86a9efddfacf69a871c8b054165faa9af9f6c8eb
1465,33.343444,7.122332,0.372332,0.766723,15.652483939348208,True,0.34432595283625766,False,30842b15eefb0ef7e36cbdea86a9efddfacf69a871c8b054165faa9af9f6c8eb
1466,33.856024,0.355637,0.893954,0.481107,43.737237896113584,True,0.9621390554598774,False,30842b15eefb0ef7e36cbdea86a9efddfacf69a871c8b054165faa9af9f6c8eb
1467,37.230525,11.49175,0.188849,0.481164,3.4472889457264726,True,0.07583403730287384,True,30842b15eefb0ef7e36cbdea86a9efddfacf69a871c8b054165faa9af9f6c8eb
1468,32.381276,6.391737,0.804346,0.680038,18.211668250869387,True,0.40062331624277303,False,30842b15eefb0ef7e36cbdea86a9efddfacf69a871c8b054165faa9af9f6c8eb
1469,28.002345,3.758543,0.139303,0.612611,28.442258171503585,True,0.6256775399780808,False,30842b15eefb0ef7e36cbdea86a9efddfacf69a871c8b054165faa9af9f6c8eb
1470,30.792713,4.708064,0.064084,0.431912,24.57993726658824,True,0.5407135604015746,False,30842b15eefb0ef7e36cbdea86a9efddfacf69a871c8b054165faa9af9f6c8eb
1471,34.06826,12.440303,0.582483,0.421886,1.6903701328955871,True,0.037185044170022094,True,30842b15eefb0ef7e36cbdea86a9efddfacf69a871c8b054165faa9af9f6c8eb
1472,41.046844,5.2441,1.240899,0.188759,13.29425411207302,True,0.2924492196972984,False,30842b15eefb0ef7e36cbdea86a9efddfacf69a871c8b054165faa9af9f6c8eb
1473,35.17387,2.486999,1.482663,0.743798,33.90035678244846,True,0.7457457037385549,False,30842b15eefb0ef7e36cbdea86a9efddfacf69a871c8b054165faa9af9f6c8eb
1474,36.041469,1.479231,0.480711,0.903717,38.447487119963874,True,0.8457742354529177,False,30842b15eefb0ef7e36cbdea86a9efddfacf69a871c8b054165faa9af9f6c8eb
1475,36.708699,5.442515,0.207449,0.251216,21.7240440725678,True,0.4778891455010333,False,30842b15eefb0ef7e36cbdea86a9efddfacf69a871c8b054165faa9af9f6c8eb
1476,36.030908,8.57038,1.297925,0.215901,10.979324200158581,True,0.24152500531971222,False,30842b15eefb0ef7e36cbdea86a9efddfacf69a871c8b054165faa9af9f6c8eb
1477,40.982833,2.104038,0.203336,0.273057,14.88613619447815,True,0.3274677073029108,False,30842b15eefb0ef7e36cbdea86a9efddfacf69a871c8b054165faa9af9f6c8eb
1478,33.060319,11.591554,0.13865,0.801437,3.24359651747364,True,0.07135317728631291,True,30842b15eefb0ef7e36cbdea86a9efddfacf69a871c8b054165faa9af9f6c8eb
1479,40.010137,4.216288,0.769221,0.126478,21.95775173660338,True,0.4830302856814677,False,30842b15eefb0ef7e36cbdea86a9efddfacf69a871c8b054165faa9af9f6c8eb
1480,41.278927,0.786067,0.429959,0.912379,12.038901354135582,True,0.26483376031095696,False,30842b15eefb0ef7e36cbdea86a9efddfacf69a871c8b054165faa9af9f6c8eb
1481,36.571631,0.481485,0.254682,0.60103,39.639127668997354,True,0.8719881430393553,False,30842b15eefb0ef7e36cbdea86a9efddfacf69a871c8b054165faa9af9f6c8eb
1482,35.75405,8.566362,0.383119,0.135029,10.991513750731897,True,0.24179315308667793,False,30842b15eefb0ef7e36cbdea86a9efddfacf69a871c8b054165faa9af9f6c8eb
1483,36.471228,1.919267,0.779969,0.526843,36.438574964451135,True,0.8015818507303644,False,30842b15eefb0ef7e36cbdea86a9efddfacf69a871c8b054165faa9af9f6c8eb
1484,32.828265,5.027603,0.103692,0.506273,23.32298739610252,True,0.5130629674669667,False,30842b15eefb0ef7e36cbdea86a9efddfacf69a871c8b054165faa9af9f6c8eb
1485,34.547468,2.238298,1.358933,0.848707,35.004728448625535,True,0.7700398558817718,False,30842b15eefb0ef7e36cbdea86a9efddfacf69a871c8b054165faa9af9f6c8eb
1486,30.013772,4.379849,0.428745,0.586056,25.893710531451795,True,0.5696141638449526,False,30842b15eefb0ef7e36cbdea86a9efddfacf69a871c8b054165faa9af9f6c8eb
1487,37.79594,3.457153,1.127352,0.956072,29.70696683289624,True,0.6534988120893767,False,30842b15eefb0ef7e36cbdea86a9efddfacf69a871c8b054165faa9af9f6c8eb
1488,34.143179,3.980163,0.693376,0.218009,27.524056474103965,True,0.6054787858647986,False,30842b15eefb0ef7e36cbdea86a9efddfacf69a871c8b054165faa9af9f6c8eb
1489,39.982935,11.904781,1.258857,0.990559,0.0,False,0.0,True,30842b15eefb0ef7e36cbdea86a9efddfacf69a871c8b054165faa9af9f6c8eb
1490,37.976307,1.78484,0.790164,0.165456,33.71476875704176,True,0.7416631073959693,False,30842b15eefb0ef7e36cbdea86a9efddfacf69a871c8b054165faa9af9f6c8eb
1491,41.379704,3.957728,1.381937,0.173236,10.069216211975498,True,0.22150429797196333,False,30842b15eefb0ef7e36cbdea86a9efddfacf69a871c8b054165faa9af9f6c8eb
1492,32.399926,7.933735,0.358241,0.413293,12.965925522948885,True,0.28522659262215705,False,30842b15eefb0ef7e36cbdea86a9efddfacf69a871c8b054165faa9af9f6c8eb
1493,40.713214,3.61219,0.578045,0.116088,16.774054413293356,True,0.3689984472218521,False,30842b15eefb0ef7e36cbdea86a9efddfacf69a871c8b054165faa9af9f6c8eb
1494,40.585093,3.479277,1.287142,0.248644,17.100036566978908,True,0.3761694570187845,False,30842b15eefb0ef7e36cbdea86a9efddfacf69a871c8b054165faa9af9f6c8eb
1495,39.709906,5.125161,0.858474,0.494192,22.943632627578342,True,0.5047178579852248,False,30842b15eefb0ef7e36cbdea86a9efddfacf69a871c8b054165faa9af9f6c8eb
1496,30.972338,6.066455,0.467873,0.273208,19.391990491403345,True,0.42658824179072447,False,30842b15eefb0ef7e36cbdea86a9efddfacf69a871c8b054165faa9af9f6c8eb
1497,29.216581,9.031496,1.30505,0.274845,9.610808438940623,True,0.21142016730941798,False,30842b15eefb0ef7e36cbdea86a9efddfacf69a871c8b054165faa9af9f6c8eb
1498,31.255087,8.758432,0.027785,0.699212,10.41389733553727,True,0.22908665082758436,False,30842b15eefb0ef7e36cbdea86a9efddfacf69a871c8b054165faa9af9f6c8eb
1499,31.82185,10.253632,0.162324,0.312336,6.292701168218342,True,0.13842789004329994,True,30842b15eefb0ef7e36cbdea86a9efddfacf69a871c8b054165faa9af9f6c8eb
1500,38.190498,5.37641,0.207246,0.536016,21.97625094994902,True,0.48343723446267334,False,30842b15eefb0ef7e36cbdea86a9efddfacf69a871c8b054165faa9af9f6c8eb
1501,35.225055,9.911516,1.423906,0.461693,7.174058423478764,True,0.15781613397203517,True,30842b15eefb0ef7e36cbdea86a9efddfacf69a871c8b054165faa9af9f6c8eb
1502,41.859189,11.543565,0.83056,0.281895,0.0,False,0.0,True,30842b15eefb0ef7e36cbdea86a9efddfacf69a871c8b054165faa9af9f6c8eb
1503,38.543314,2.293102,0.829995,0.323142,30.904354510549272,True,0.67983914596992,False,30842b15eefb0ef7e36cbdea86a9efddfacf69a871c8b054165faa9af9f6c8eb
1504,39.39458,1.820813,0.322211,0.084824,26.52778680670092,True,0.5835626795241268,False,30842b15eefb0ef7e36cbdea86a9efddfacf69a871c8b054165faa9af9f6c8eb
1505,35.662505,1.007645,0.379568,0.783857,40.63996013714236,True,0.8940046226319128,False,30842b15eefb0ef7e36cbdea86a9efddfacf69a871c8b054165faa9af9f6c8eb
1506,38.672601,6.404507,0.965781,0.970145,18.16583675347277,True,0.3996151073174579,False,30842b15eefb0ef7e36cbdea86a9efddfacf69a871c8b054165faa9af9f6c8eb
1507,37.282682,0.016033,0.207714,0.83158,37.206879988832085,True,0.818483152824904,False,30842b15eefb0ef7e36cbdea86a9efddfacf69a871c8b054165faa9af9f6c8eb
1508,30.208123,2.754384,0.943913,0.522718,32.72625650003553,True,0.7199176498632933,False,30842b15eefb0ef7e36cbdea86a9efddfacf69a871c8b054165faa9af9f6c8eb
1509,39.685102,13.333002,0.351825,0.441334,0.0,False,0.0,True,30842b15eefb0ef7e36cbdea86a9efddfacf69a871c8b054165faa9af9f6c8eb
1510,33.66163,3.601938,0.759031,0.324178,29.097123631263646,True,0.6400833796061666,False,30842b15eefb0ef7e36cbdea86a9efddfacf69a871c8b054165faa9af9f6c8eb
1511,32.497201,10.441253,0.68353,0.915347,5.82595500860145,True,0.12816033016171846,True,30842b15eefb0ef7e36cbdea86a9efddfacf69a871c8b054165faa9af9f6c8eb
1512,37.305671,4.04059,0.125285,0.308593,27.275446732273,True,0.6000098272910652,False,30842b15eefb0ef7e36cbdea86a9efddfacf69a871c8b054165faa9af9f6c8eb
1513,30.770344,7.682504,0.106026,0.514186,13.779673227076163,True,0.3031275503664785,False,30842b15eefb0ef7e36cbdea86a9efddfacf69a871c8b054165faa9af9f6c8eb
1514,31.266789,13.461035,0.539892,0.74575,0.0,False,0.0,True,30842b15eefb0ef7e36cbdea86a9efddfacf69a871c8b054165faa9af9f6c8eb
1515,30.223451,4.702577,0.250205,0.731915,24.601712603465693,True,0.5411925778947542,False,30842b15eefb0ef7e36cbdea86a9efddfacf69a871c8b054165faa9af9f6c8eb
1516,40.628553,10.788322,1.284734,0.408265,0.0,False,0.0,True,30842b15eefb0ef7e36cbdea86a9efddfacf69a871c8b054165faa9af9f6c8eb
1517,33.229059,13.84726,0.156307,0.124295,0.0,False,0.0,True,30842b15eefb0ef7e36cbdea86a9efddfacf69a871c8b054165faa9af9f6c8eb
1518,33.486689,9.231615,1.372862,0.272628,9.036045832314331,True,0.1987764436072814,True,30842b15eefb0ef7e36cbdea86a9efddfacf69a871c8b054165faa9af9f6c8eb
1519,36.678725,4.895715,0.36084,0.104105,23.839120119682125,True,0.5244169412212385,False,30842b15eefb0ef7e36cbdea86a9efddfacf69a871c8b054165faa9af9f6c8eb
1520,28.571129,5.705116,1.305743,0.288471,20.73179619631663,True,0.45606151119303323,False,30842b15eefb0ef7e36cbdea86a9efddfacf69a871c8b054165faa9af9f6c8eb
1521,40.726844,4.523393,0.024364,0.966946,17.21611582977927,True,0.3787229880061435,False,30842b15eefb0ef7e36cbdea86a9efddfacf69a871c8b054165faa9af9f6c8eb
1522,34.70207,11.287733,0.095796,0.209705,3.876324403274794,True,0.08527203086947303,True,30842b15eefb0ef7e36cbdea86a9efddfacf69a871c8b054165faa9af9f6c8eb
1523,40.634461,8.603142,0.243664,0.646102,10.880101382486023,True,0.2393422852242572,False,30842b15eefb0ef7e36cbdea86a9efddfacf69a871c8b054165faa9af9f6c8eb
1524,28.237841,2.633803,1.323399,0.882943,33.254025376916246,True,0.7315275976590193,False,30842b15eefb0ef7e36cbdea86a9efddfacf69a871c8b054165faa9af9f6c8eb
1525,30.212939,7.604113,0.931094,0.211424,14.03694598285626,True,0.30878707936622396,False,30842b15eefb0ef7e36cbdea86a9efddfacf69a871c8b054165faa9af9f6c8eb
1526,30.813543,0.632408,0.956272,0.114039,42.413218313657765,True,0.93301305181282,False,30842b15eefb0ef7e36cbdea86a9efddfacf69a871c8b054165faa9af9f6c8eb
1527,29.918673,8.274173,1.122114,0.607128,11.889916058013563,True,0.2615563569132224,False,30842b15eefb0ef7e36cbdea86a9efddfacf69a871c8b054165faa9af9f6c8eb
1528,36.744872,8.863856,0.508381,0.111567,10.101299370620575,True,0.22221006864793205,False,30842b15eefb0ef7e36cbdea86a9efddfacf69a871c8b054165faa9af9f6c8eb
1529,29.073016,11.701685,1.242321,0.849509,3.0236796887906436,True,0.06651541020254396,True,30842b15eefb0ef7e36cbdea86a9efddfacf69a871c8b054165faa9af9f6c8eb
1530,33.863779,9.471326,0.819875,0.058661,8.363307084823283,True,0.18397742441407777,True,30842b15eefb0ef7e36cbdea86a9efddfacf69a871c8b054165faa9af9f6c8eb
1531,39.887929,13.501188,0.66232,0.304625,0.0,False,0.0,True,30842b15eefb0ef7e36cbdea86a9efddfacf69a871c8b054165faa9af9f6c8eb
1532,30.482578,3.421717,0.370775,0.254161,29.856866591504,True,0.6567963319854228,False,30842b15eefb0ef7e36cbdea86a9efddfacf69a871c8b054165faa9af9f6c8eb
1533,35.526369,9.744971,0.512904,0.820699,7.616847173599563,True,0.16755667476296018,True,30842b15eefb0ef7e36cbdea86a9efddfacf69a871c8b054165faa9af9f6c8eb
1534,40.558564,13.813831,0.413342,0.635559,0.0,False,0.0,True,30842b15eefb0ef7e36cbdea86a9efddfacf69a871c8b054165faa9af9f6c8eb
1535,30.610347,6.815582,0.723732,0.197388,16.711246440349232,True,0.3676167869554369,False,30842b15eefb0ef7e36cbdea86a9efddfacf69a871c8b054165faa9af9f6c8eb
1536,41.944048,12.62069,0.931902,0.904663,0.0,False,0.0,True,30842b15eefb0ef7e36cbdea86a9efddfacf69a871c8b054165faa9af9f6c8eb
1537,40.335628,0.002312,0.896273,0.404019,19.434204446234702,True,0.42751687141121264,False,30842b15eefb0ef7e36cbdea86a9efddfacf69a871c8b054165faa9af9f6c8eb
1538,32.974676,3.653597,0.174563,0.591324,28.880555415386546,True,0.6353192758655154,False,30842b15eefb0ef7e36cbdea86a9efddfacf69a871c8b054165faa9af9f6c8eb
1539,28.90181,5.31458,0.961767,0.302122,22.213024315086187,True,0.48864581444735894,False,30842b15eefb0ef7e36cbdea86a9efddfacf69a871c8b054165faa9af9f6c8eb
1540,35.591226,13.173474,0.048457,0.294921,0.0,False,0.0,True,30842b15eefb0ef7e36cbdea86a9efddfacf69a871c8b054165faa9af9f6c8eb
1541,35.722805,1.577861,0.823319,0.379794,37.994088692837224,True,0.8358003012173177,False,30842b15eefb0ef7e36cbdea86a9efddfacf69a871c8b054165faa9af9f6c8eb
1542,37.563004,9.182899,1.176886,0.414105,9.174873471884949,True,0.20183039718170379,False,30842b15eefb0ef7e36cbdea86a9efddfacf69a871c8b054165faa9af9f6c8eb
1543,31.232757,11.847356,1.0173,0.76148,2.740815330789203,True,0.06029291286795682,True,30842b15eefb0ef7e36cbdea86a9efddfacf69a871c8b054165faa9af9f6c8eb
1544,33.639767,11.312199,1.269806,0.092936,3.8239932951819275,True,0.08412084242380044,True,30842b15eefb0ef7e36cbdea86a9efddfacf69a871c8b054165faa9af9f6c8eb
1545,34.18691,13.541603,0.742313,0.559541,0.0,False,0.0,True,30842b15eefb0ef7e36cbdea86a9efddfacf69a871c8b054165faa9af9f6c8eb
1546,31.707798,2.481413,0.471716,0.410229,33.925031977163115,True,0.7462885127881898,False,30842b15eefb0ef7e36cbdea86a9efddfacf69a871c8b054165faa9af9f6c8eb
1547,31.257905,9.102395,1.283904,0.921737,9.405829214122301,True,0.20691100012734673,False,30842b15eefb0ef7e36cbdea86a9efddfacf69a871c8b054165faa9af9f6c8eb
1548,33.260623,11.425087,1.206956,0.643115,3.5856285332550217,True,0.07887725462705825,True,30842b15eefb0ef7e36cbdea86a9efddfacf69a871c8b054165faa9af9f6c8eb
1549,34.688568,10.110028,1.382478,0.482397,6.657959795128658,True,0.14646291025030966,True,30842b15eefb0ef7e36cbdea86a9efddfacf69a871c8b054165faa9af9f6c8eb
1550,38.362206,5.991485,0.216712,0.161704,19.66751297647438,True,0.43264923137982153,False,30842b15eefb0ef7e36cbdea86a9efddfacf69a871c8b054165faa9af9f6c8eb
1551,36.900672,11.356709,1.177537,0.921507,3.7293996115135437,True,0.08203995479039879,True,30842b15eefb0ef7e36cbdea86a9efddfacf69a871c8b054165faa9af9f6c8eb
1552,41.615446,7.929862,0.367093,0.73323,0.0,False,0.0,True,30842b15eefb0ef7e36cbdea86a9efddfacf69a871c8b054165faa9af9f6c8eb
1553,29.993757,13.1943,1.033794,0.292608,0.0,False,0.0,True,30842b15eefb0ef7e36cbdea86a9efddfacf69a871c8b054165faa9af9f6c8eb
1554,40.989285,0.351269,0.011494,0.181835,15.022407135884498,True,0.3304654182046087,False,30842b15eefb0ef7e36cbdea86a9efddfacf69a871c8b054165faa9af9f6c8eb
1555,37.262536,1.626969,0.228806,0.382049,37.262833248715495,True,0.8197140219699103,False,30842b15eefb0ef7e36cbdea86a9efddfacf69a871c8b054165faa9af9f6c8eb
1556,34.936734,3.39666,0.99902,0.825594,29.963013263234785,True,0.659131364177484,False,30842b15eefb0ef7e36cbdea86a9efddfacf69a871c8b054165faa9af9f6c8eb
1557,30.119939,4.534599,0.563876,0.37064,25.271439552330182,True,0.5559253430393443,False,30842b15eefb0ef7e36cbdea86a9efddfacf69a871c8b054165faa9af9f6c8eb
1558,29.046778,7.768507,0.304473,0.42405,13.499249448617855,True,0.29695874130781724,False,30842b15eefb0ef7e36cbdea86a9efddfacf69a871c8b054165faa9af9f6c8eb
1559,40.081969,12.880116,0.085103,0.856043,0.0,False,0.0,True,30842b15eefb0ef7e36cbdea86a9efddfacf69a871c8b054165faa9af9f6c8eb
1560,36.602374,13.037243,0.816241,0.458527,0.0,False,0.0,True,30842b15eefb0ef7e36cbdea86a9efddfacf69a871c8b054165faa9af9f6c8eb
1561,28.654357,7.643821,0.829596,0.094813,13.90642935926887,True,0.3059159529078396,False,30842b15eefb0ef7e36cbdea86a9efddfacf69a871c8b054165faa9af9f6c8eb
1562,35.436879,9.076524,0.654053,0.236334,9.48045526389415,True,0.20855263641930308,False,30842b15eefb0ef7e36cbdea86a9efddfacf69a871c8b054165faa9af9f6c8eb
1563,32.545666,6.060727,1.041204,0.697864,19.41299573593989,True,0.42705031866412235,False,30842b15eefb0ef7e36cbdea86a9efddfacf69a871c8b054165faa9af9f6c8eb
1564,40.506015,5.806332,1.469561,0.716622,17.543848030551562,True,0.3859324956308319,False,30842b15eefb0ef7e36cbdea86a9efddfacf69a871c8b054165faa9af9f6c8eb
1565,32.637217,6.651294,0.413824,0.543147,17.28772178322217,True,0.38029818771524493,False,30842b15eefb0ef7e36cbdea86a9efddfacf69a871c8b054165faa9af9f6c8eb
1566,30.573724,7.125043,0.703447,0.2091,15.643230140946306,True,0.3441223862352992,False,30842b15eefb0ef7e36cbdea86a9efddfacf69a871c8b054165faa9af9f6c8eb
1567,36.002966,2.388654,0.865582,0.65418,34.33565251826566,True,0.7553214119508488,False,30842b15eefb0ef7e36cbdea86a9efddfacf69a871c8b054165faa9af9f6c8eb
1568,28.685815,4.755726,1.34425,0.868621,24.391059721347684,True,0.5365586006529282,False,30842b15eefb0ef7e36cbdea86a9efddfacf69a871c8b054165faa9af9f6c8eb
1569,40.562316,12.675311,0.363393,0.978051,0.0,False,0.0,True,30842b15eefb0ef7e36cbdea86a9efddfacf69a871c8b054165faa9af9f6c8eb
1570,28.82355,2.351261,0.447043,0.223903,34.50164699133643,True,0.7589729860605633,False,30842b15eefb0ef7e36cbdea86a9efddfacf69a871c8b054165faa9af9f6c8eb
1571,33.693365,10.067265,0.865302,0.809602,6.768048781487756,True,0.14888466613721923,True,30842b15eefb0ef7e36cbdea86a9efddfacf69a871c8b054165faa9af9f6c8eb
1572,35.354291,0.62351,1.097749,0.250385,41.98298301753574,True,0.92354866399712,False,30842b15eefb0ef7e36cbdea86a9efddfacf69a871c8b054165faa9af9f6c8eb
1573,40.884942,3.125229,1.225937,0.632043,14.698431308503363,True,0.32333854390841504,False,30842b15eefb0ef7e36cbdea86a9efddfacf69a871c8b054165faa9af9f6c8eb
1574,35.117675,6.96034,0.086581,0.554331,16.2087297634692,True,0.3565623412678835,False,30842b15eefb0ef7e36cbdea86a9efddfacf69a871c8b054165faa9af9f6c8eb
1575,30.055308,8.831597,0.505916,0.958516,10.19661473050368,True,0.22430683183509476,False,30842b15eefb0ef7e36cbdea86a9efddfacf69a871c8b054165faa9af9f6c8eb
1576,30.157195,5.193392,0.941862,0.204392,22.679551062428345,True,0.49890854766111864,False,30842b15eefb0ef7e36cbdea86a9efddfacf69a871c8b054165faa9af9f6c8eb
1577,35.129734,3.087273,0.414826,0.686041,31.283936196223845,True,0.6881892472129904,False,30842b15eefb0ef7e36cbdea86a9efddfacf69a871c8b054165faa9af9f6c8eb
1578,33.176699,11.064249,0.32148,0.0544,4.36516115269803,True,0.09602554323075412,True,30842b15eefb0ef7e36cbdea86a9efddfacf69a871c8b054165faa9af9f6c8eb
1579,35.517173,5.037035,0.776401,0.394329,23.286220533086624,True,0.5122541638809158,False,30842b15eefb0ef7e36cbdea86a9efddfacf69a871c8b054165faa9af9f6c8eb
1580,29.635449,10.058769,1.297541,0.450444,6.7899924364977995,True,0.14936738632075824,True,30842b15eefb0ef7e36cbdea86a9efddfacf69a871c8b054165faa9af9f6c8eb
1581,40.958406,13.376785,1.194157,0.362378,0.0,False,0.0,True,30842b15eefb0ef7e36cbdea86a9efddfacf69a871c8b054165faa9af9f6c8eb
1582,28.178749,0.972921,0.115705,0.367832,40.80299345034259,True,0.8975910566528161,False,30842b15eefb0ef7e36cbdea86a9efddfacf69a871c8b054165faa9af9f6c8eb
1583,31.437707,5.32242,0.127312,0.942938,22.182954818440606,True,0.4879843406439731,False,30842b15eefb0ef7e36cbdea86a9efddfacf69a871c8b054165faa9af9f6c8eb
1584,40.662244,13.758333,1.048658,0.847019,0.0,False,0.0,True,30842b15eefb0ef7e36cbdea86a9efddfacf69a871c8b054165faa9af9f6c8eb
1585,34.032586,4.091115,1.036248,0.37664,27.068153930463776,True,0.5954497656563985,False,30842b15eefb0ef7e36cbdea86a9efddfacf69a871c8b054165faa9af9f6c8eb
1586,38.290095,13.546294,1.285382,0.919203,0.0,False,0.0,True,30842b15eefb0ef7e36cbdea86a9efddfacf69a871c8b054165faa9af9f6c8eb
1587,38.138063,11.894513,0.907214,0.793818,2.6512476817707418,True,0.0583225887832244,True,30842b15eefb0ef7e36cbdea86a9efddfacf69a871c8b054165faa9af9f6c8eb
1588,31.048595,10.04561,0.600114,0.95361,6.824026491781689,True,0.150116073146435,True,30842b15eefb0ef7e36cbdea86a9efddfacf69a871c8b054165faa9af9f6c8eb
1589,36.284943,11.692706,1.12647,0.286618,3.0414162389700037,True,0.06690558179219075,True,30842b15eefb0ef7e36cbdea86a9efddfacf69a871c8b054165faa9af9f6c8eb
1590,28.46371,9.710599,0.20922,0.323983,7.709326312011901,True,0.1695910462770721,True,30842b15eefb0ef7e36cbdea86a9efddfacf69a871c8b054165faa9af9f6c8eb
1591,36.23544,4.839192,1.421686,0.463267,24.06146835730879,True,0.5293081948445565,False,30842b15eefb0ef7e36cbdea86a9efddfacf69a871c8b054165faa9af9f6c8eb
1592,38.988166,3.54284,1.457288,0.674919,27.8378770323745,True,0.612382262857001,False,30842b15eefb0ef7e36cbdea86a9efddfacf69a871c8b054165faa9af9f6c8eb
1593,29.097609,8.541486,1.443442,0.77258,11.06708124417121,True,0.2434554994134822,False,30842b15eefb0ef7e36cbdea86a9efddfacf69a871c8b054165faa9af9f6c8eb
1594,30.373082,7.430709,1.138631,0.756163,14.611648147174561,True,0.3214294734483864,False,30842b15eefb0ef7e36cbdea86a9efddfacf69a871c8b054165faa9af9f6c8eb
1595,39.537637,7.427749,1.182312,0.331512,14.621524863729185,True,0.32164674310678326,False,30842b15eefb0ef7e36cbdea86a9efddfacf69a871c8b054165faa9af9f6c8eb
1596,40.684233,12.016539,0.697121,0.281787,0.0,False,0.0,True,30842b15eefb0ef7e36cbdea86a9efddfacf69a871c8b054165faa9af9f6c8eb
1597,28.922111,9.16886,1.415091,0.364781,9.215011674767627,True,0.20271336406454915,False,30842b15eefb0ef7e36cbdea86a9efddfacf69a871c8b054165faa9af9f6c8eb
1598,39.129111,13.864228,0.364236,0.36717,0.0,False,0.0,True,30842b15eefb0ef7e36cbdea86a9efddfacf69a871c8b054165faa9af9f6c8eb
1599,31.458764,0.190033,0.239121,0.150559,44.535918808692,True,0.9797085714102735,False,30842b15eefb0ef7e36cbdea86a9efddfacf69a871c8b054165faa9af9f6c8eb
1600,30.649634,4.827671,0.676691,0.2566,24.106873628924934,True,0.53030702758405,False,30842b15eefb0ef7e36cbdea86a9efddfacf69a871c8b054165faa9af9f6c8eb
1601,41.201485,13.722453,0.499233,0.129442,0.0,False,0.0,True,30842b15eefb0ef7e36cbdea86a9efddfacf69a871c8b054165faa9af9f6c8eb
1602,40.223105,2.985558,0.916835,0.211075,20.259645918348923,True,0.44567507061445855,False,30842b15eefb0ef7e36cbdea86a9efddfacf69a871c8b054165faa9af9f6c8eb
1603,35.271186,5.8247,0.904866,0.213962,20.285092995586083,True,0.4462348596645886,False,30842b15eefb0ef7e36cbdea86a9efddfacf69a871c8b054165faa9af9f6c8eb
1604,38.477562,5.677167,1.357478,0.530833,20.83666579798463,True,0.45836845018481326,False,30842b15eefb0ef7e36cbdea86a9efddfacf69a871c8b054165faa9af9f6c8eb
1605,40.350635,3.428089,0.111683,0.917796,20.104544001107506,True,0.44226311276496816,False,30842b15eefb0ef7e36cbdea86a9efddfacf69a871c8b054165faa9af9f6c8eb
1606,34.112857,6.984304,1.494409,0.63772,16.12603502082961,True,0.3547432085242079,False,30842b15eefb0ef7e36cbdea86a9efddfacf69a871c8b054165faa9af9f6c8eb
1607,30.875103,8.774765,0.176333,0.499203,10.365259900954142,True,0.2280167164279555,False,30842b15eefb0ef7e36cbdea86a9efddfacf69a871c8b054165faa9af9f6c8eb
1608,30.060314,8.470626,1.322674,0.763363,11.28328101237743,True,0.2482114979808051,False,30842b15eefb0ef7e36cbdea86a9efddfacf69a871c8b054165faa9af9f6c8eb
1609,38.552218,4.589674,0.363237,0.452493,25.051195640503824,True,0.5510803807260237,False,30842b15eefb0ef7e36cbdea86a9efddfacf69a871c8b054165faa9af9f6c8eb
1610,38.888777,8.970395,0.4618,0.895943,9.788638137553017,True,0.2153320946849427,False,30842b15eefb0ef7e36cbdea86a9efddfacf69a871c8b054165faa9af9f6c8eb
1611,30.491439,2.738225,0.778842,0.547981,32.796819131110674,True,0.7214698983929023,False,30842b15eefb0ef7e36cbdea86a9efddfacf69a871c8b054165faa9af9f6c8eb
1612,39.690197,11.814875,0.456723,0.218459,0.0,False,0.0,True,30842b15eefb0ef7e36cbdea86a9efddfacf69a871c8b054165faa9af9f6c8eb
1613,34.060488,12.211617,0.107145,0.688339,2.0754499021750714,True,0.04565609317342047,True,30842b15eefb0ef7e36cbdea86a9efddfacf69a871c8b054165faa9af9f6c8eb
1614,38.614923,12.803777,1.268841,0.889727,0.0,False,0.0,True,30842b15eefb0ef7e36cbdea86a9efddfacf69a871c8b054165faa9af9f6c8eb
1615,38.734743,10.00972,0.369015,0.59669,6.917139152494509,True,0.15216438098979676,True,30842b15eefb0ef7e36cbdea86a9efddfacf69a871c8b054165faa9af9f6c8eb
1616,35.220928,2.760528,0.628458,0.472973,32.69944036289031,True,0.7193277440049198,False,30842b15eefb0ef7e36cbdea86a9efddfacf69a871c8b054165faa9af9f6c8eb
1617,28.068634,5.025201,0.28248,0.893999,23.332353716767603,True,0.5132690093514415,False,30842b15eefb0ef7e36cbdea86a9efddfacf69a871c8b054165faa9af9f6c8eb
1618,30.731383,10.22943,0.694352,0.63663,6.353776983043096,True,0.1397714460064476,True,30842b15eefb0ef7e36cbdea86a9efddfacf69a871c8b054165faa9af9f6c8eb
1619,28.967018,2.814662,0.381081,0.153293,32.46348377040932,True,0.7141371315213784,False,30842b15eefb0ef7e36cbdea86a9efddfacf69a871c8b054165faa9af9f6c8eb
1620,32.24928,12.507309,0.584145,0.51162,1.5826188232610277,True,0.034814712885668814,True,30842b15eefb0ef7e36cbdea86a9efddfacf69a871c8b054165faa9af9f6c8eb
1621,29.311865,5.879291,0.150056,0.756456,20.082250385024178,True,0.44177269407935876,False,30842b15eefb0ef7e36cbdea86a9efddfacf69a871c8b054165faa9af9f6c8eb
1622,36.131845,12.84376,0.50291,0.521406,0.0,False,0.0,True,30842b15eefb0ef7e36cbdea86a9efddfacf69a871c8b054165faa9af9f6c8eb
1623,28.640194,0.643593,1.265543,0.368251,42.35999714273538,True,0.9318422836165439,False,30842b15eefb0ef7e36cbdea86a9efddfacf69a871c8b054165faa9af9f6c8eb
1624,38.775785,3.331065,1.171403,0.687949,29.31839747131867,True,0.6449509984524732,False,30842b15eefb0ef7e36cbdea86a9efddfacf69a871c8b054165faa9af9f6c8eb
1625,30.862649,13.419507,0.717058,0.387954,0.0,False,0.0,True,30842b15eefb0ef7e36cbdea86a9efddfacf69a871c8b054165faa9af9f6c8eb
1626,30.191071,11.039534,1.38086,0.187808,4.420400017219986,True,0.0972406969874241,True,30842b15eefb0ef7e36cbdea86a9efddfacf69a871c8b054165faa9af9f6c8eb
1627,33.03338,10.910277,1.160189,0.438812,4.713036183905652,True,0.1036781561995744,True,30842b15eefb0ef7e36cbdea86a9efddfacf69a871c8b054165faa9af9f6c8eb
1628,29.640976,7.580146,1.464855,0.87451,14.115919810966862,True,0.3105243588113701,False,30842b15eefb0ef7e36cbdea86a9efddfacf69a871c8b054165faa9af9f6c8eb
1629,35.779527,6.164043,0.215071,0.102757,19.035291049054052,True,0.4187415079535265,False,30842b15eefb0ef7e36cbdea86a9efddfacf69a871c8b054165faa9af9f6c8eb
1630,31.625028,0.589419,1.40276,0.699672,42.61797848496443,True,0.9375174002191995,False,30842b15eefb0ef7e36cbdea86a9efddfacf69a871c8b054165faa9af9f6c8eb
1631,33.764693,11.104308,0.512243,0.095768,4.2761211870378695,True,0.09406682721256544,True,30842b15eefb0ef7e36cbdea86a9efddfacf69a871c8b054165faa9af9f6c8eb
1632,33.968105,0.767689,0.673036,0.736462,41.77101272601869,True,0.9188857061635645,False,30842b15eefb0ef7e36cbdea86a9efddfacf69a871c8b054165faa9af9f6c8eb
1633,39.324545,12.949556,1.16954,0.355423,0.0,False,0.0,True,30842b15eefb0ef7e36cbdea86a9efddfacf69a871c8b054165faa9af9f6c8eb
1634,41.129551,7.784033,1.078337,0.458241,11.56041744703233,True,0.25430799150208616,False,30842b15eefb0ef7e36cbdea86a9efddfacf69a871c8b054165faa9af9f6c8eb
1635,30.146764,2.455995,0.001863,0.119671,34.037387164435515,True,0.7487601209408364,False,30842b15eefb0ef7e36cbdea86a9efddfacf69a871c8b054165faa9af9f6c8eb
1636,40.76307,0.087615,0.824159,0.716171,16.118240194651293,True,0.3545717366376087,False,30842b15eefb0ef7e36cbdea86a9efddfacf69a871c8b054165faa9af9f6c8eb
1637,37.958426,0.374353,0.345033,0.997659,34.24136995622044,True,0.7532473684228146,False,30842b15eefb0ef7e36cbdea86a9efddfacf69a871c8b054165faa9af9f6c8eb
1638,28.728603,6.762083,1.472578,0.135733,16.89825475720022,True,0.3717306271061461,False,30842b15eefb0ef7e36cbdea86a9efddfacf69a871c8b054165faa9af9f6c8eb
1639,41.069089,7.486939,0.129044,0.104822,14.20153186317147,True,0.31240766701752093,False,30842b15eefb0ef7e36cbdea86a9efddfacf69a871c8b054165faa9af9f6c8eb
1640,32.698243,0.080423,0.887043,0.672745,44.57129033333328,True,0.98048668010999,False,30842b15eefb0ef7e36cbdea86a9efddfacf69a871c8b054165faa9af9f6c8eb
1641,36.868855,12.886648,0.248688,0.664436,0.0,False,0.0,True,30842b15eefb0ef7e36cbdea86a9efddfacf69a871c8b054165faa9af9f6c8eb
1642,34.28533,12.92464,0.19627,0.46083,0.0,False,0.0,True,30842b15eefb0ef7e36cbdea86a9efddfacf69a871c8b054165faa9af9f6c8eb
1643,29.336524,2.909986,0.479504,0.491793,32.04937738145409,True,0.7050275500961489,False,30842b15eefb0ef7e36cbdea86a9efddfacf69a871c8b054165faa9af9f6c8eb
1644,33.100502,8.955158,0.326712,0.299879,9.83315327831122,True,0.21631134617733214,False,30842b15eefb0ef7e36cbdea86a9efddfacf69a871c8b054165faa9af9f6c8eb
1645,33.057148,5.663673,0.228053,0.922028,20.88736077846721,True,0.4594836468223769,False,30842b15eefb0ef7e36cbdea86a9efddfacf69a871c8b054165faa9af9f6c8eb
1646,29.061567,11.62357,1.011762,0.053282,3.179135178624707,True,0.06993514600091016,True,30842b15eefb0ef7e36cbdea86a9efddfacf69a871c8b054165faa9af9f6c8eb
1647,29.737478,7.798716,0.30633,0.85659,13.401206123701476,True,0.294801967890775,False,30842b15eefb0ef7e36cbdea86a9efddfacf69a871c8b054165faa9af9f6c8eb
1648,40.908919,10.698963,0.300269,0.791722,0.0,False,0.0,True,30842b15eefb0ef7e36cbdea86a9efddfacf69a871c8b054165faa9af9f6c8eb
1649,30.294559,4.463443,0.664684,0.167297,25.55694090235663,True,0.562205849364399,False,30842b15eefb0ef7e36cbdea86a9efddfacf69a871c8b054165faa9af9f6c8eb
1650,36.087635,5.329911,0.179716,0.919712,22.154236561697505,True,0.4873525916413751,False,30842b15eefb0ef7e36cbdea86a9efddfacf69a871c8b054165faa9af9f6c8eb
1651,41.889943,3.116548,1.004041,0.928042,0.0,False,0.0,True,30842b15eefb0ef7e36cbdea86a9efddfacf69a871c8b054165faa9af9f6c8eb
1652,33.937004,7.807427,1.054603,0.526087,13.372978848211174,True,0.29418101957568127,False,30842b15eefb0ef7e36cbdea86a9efddfacf69a871c8b054165faa9af9f6c8eb
1653,40.53355,1.828809,1.221053,0.147015,17.57538824474302,True,0.3866263225241362,False,30842b15eefb0ef7e36cbdea86a9efddfacf69a871c8b054165faa9af9f6c8eb
1654,36.580178,11.35006,0.796438,0.832548,3.743479993749499,True,0.08234969738770669,True,30842b15eefb0ef7e36cbdea86a9efddfacf69a871c8b054165faa9af9f6c8eb
1655,28.827131,11.975968,0.467309,0.879296,2.498892174411691,True,0.054971046916480845,True,30842b15eefb0ef7e36cbdea86a9efddfacf69a871c8b054165faa9af9f6c8eb
1656,41.513744,2.945921,0.501869,0.446252,9.67503826627175,True,0.21283310576583142,False,30842b15eefb0ef7e36cbdea86a9efddfacf69a871c8b054165faa9af9f6c8eb
1657,33.599363,10.012772,1.256421,0.569889,6.909204720039123,True,0.15198983802102567,True,30842b15eefb0ef7e36cbdea86a9efddfacf69a871c8b054165faa9af9f6c8eb
1658,29.123289,13.921436,0.834755,0.963556,0.0,False,0.0,True,30842b15eefb0ef7e36cbdea86a9efddfacf69a871c8b054165faa9af9f6c8eb
1659,35.363221,11.106828,0.474552,0.471982,4.270540406720086,True,0.09394406027615222,True,30842b15eefb0ef7e36cbdea86a9efddfacf69a871c8b054165faa9af9f6c8eb
1660,35.900485,13.3131,0.644567,0.622475,0.0,False,0.0,True,30842b15eefb0ef7e36cbdea86a9efddfacf69a871c8b054165faa9af9f6c8eb
1661,34.413421,9.538459,0.731969,0.439567,8.178031666873197,True,0.17990170486247184,True,30842b15eefb0ef7e36cbdea86a9efddfacf69a871c8b054165faa9af9f6c8eb
1662,36.844426,8.858775,1.07347,0.919937,10.11629234786893,True,0.2225398866625613,False,30842b15eefb0ef7e36cbdea86a9efddfacf69a871c8b054165faa9af9f6c8eb
1663,37.213478,10.021993,0.702728,0.847421,6.885250887391113,True,0.15146289761447,True,30842b15eefb0ef7e36cbdea86a9efddfacf69a871c8b054165faa9af9f6c8eb
1664,30.256491,5.32496,0.570923,0.183491,22.173215827518636,True,0.4877701006970187,False,30842b15eefb0ef7e36cbdea86a9efddfacf69a871c8b054165faa9af9f6c8eb
1665,37.861188,7.967369,0.912011,0.931761,12.858242071159415,True,0.28285775408600006,False,30842b15eefb0ef7e36cbdea86a9efddfacf69a871c8b054165faa9af9f6c8eb
1666,41.218624,6.242191,0.815009,0.539151,12.15865653497897,True,0.26746815475664104,False,30842b15eefb0ef7e36cbdea86a9efddfacf69a871c8b054165faa9af9f6c8eb
1667,38.683066,10.612812,0.790451,0.914474,5.409790021245943,True,0.11900546334546531,True,30842b15eefb0ef7e36cbdea86a9efddfacf69a871c8b054165faa9af9f6c8eb
1668,35.956371,7.024347,1.403853,0.668564,15.988170038219744,True,0.35171043163819793,False,30842b15eefb0ef7e36cbdea86a9efddfacf69a871c8b054165faa9af9f6c8eb
1669,33.652113,5.652756,0.015187,0.18076,20.928404385994895,True,0.4603865309476422,False,30842b15eefb0ef7e36cbdea86a9efddfacf69a871c8b054165faa9af9f6c8eb
1670,32.066795,8.439837,0.633221,0.171406,11.377654470213107,True,0.25028754104960094,False,30842b15eefb0ef7e36cbdea86a9efddfacf69a871c8b054165faa9af9f6c8eb
1671,36.355027,12.019071,0.059024,0.754481,2.419495508674917,True,0.05322446581869662,True,30842b15eefb0ef7e36cbdea86a9efddfacf69a871c8b054165faa9af9f6c8eb
1672,41.083511,8.929996,0.692343,0.791846,0.0,False,0.0,True,30842b15eefb0ef7e36cbdea86a9efddfacf69a871c8b054165faa9af9f6c8eb
1673,39.624848,0.091033,0.141707,0.999838,25.226729857402905,True,0.5549418117118881,False,30842b15eefb0ef7e36cbdea86a9efddfacf69a871c8b054165faa9af9f6c8eb
1674,39.190231,12.767372,1.478512,0.453439,0.0,False,0.0,True,30842b15eefb0ef7e36cbdea86a9efddfacf69a871c8b054165faa9af9f6c8eb
1675,37.728018,9.456886,1.415699,0.666321,8.40333945558353,True,0.18485806318423903,True,30842b15eefb0ef7e36cbdea86a9efddfacf69a871c8b054165faa9af9f6c8eb
1676,30.761511,5.722131,0.270379,0.382936,20.668039327552204,True,0.4546589769580688,False,30842b15eefb0ef7e36cbdea86a9efddfacf69a871c8b054165faa9af9f6c8eb
1677,30.023226,8.048658,1.206624,0.674354,12.599224589888374,True,0.27715984432385066,False,30842b15eefb0ef7e36cbdea86a9efddfacf69a871c8b054165faa9af9f6c8eb
1678,36.130177,5.582781,1.085902,0.786349,21.19211956742815,True,0.46618778150162765,False,30842b15eefb0ef7e36cbdea86a9efddfacf69a871c8b054165faa9af9f6c8eb
1679,29.476141,12.554307,1.015216,0.983142,1.508466162474507,True,0.033183490283582195,True,30842b15eefb0ef7e36cbdea86a9efddfacf69a871c8b054165faa9af9f6c8eb
1680,41.963617,1.223524,0.554099,0.157366,0.0,False,0.0,True,30842b15eefb0ef7e36cbdea86a9efddfacf69a871c8b054165faa9af9f6c8eb
1681,36.221332,4.121736,0.373358,0.371829,26.942779591915084,True,0.5926917600421285,False,30842b15eefb0ef7e36cbdea86a9efddfacf69a871c8b054165faa9af9f6c8eb
1682,39.522084,7.540083,1.368968,0.503252,14.248261014309803,True,0.31343562267959246,False,30842b15eefb0ef7e36cbdea86a9efddfacf69a871c8b054165faa9af9f6c8eb
1683,39.140417,8.898103,1.439466,0.124828,10.000437160552064,True,0.21999128492506836,False,30842b15eefb0ef7e36cbdea86a9efddfacf69a871c8b054165faa9af9f6c8eb
1684,31.976894,1.149262,1.263587,0.180571,39.97730921218683,True,0.8794275170416904,False,30842b15eefb0ef7e36cbdea86a9efddfacf69a871c8b054165faa9af9f6c8eb
1685,38.382574,12.250073,0.68287,0.254723,0.0,False,0.0,True,30842b15eefb0ef7e36cbdea86a9efddfacf69a871c8b054165faa9af9f6c8eb
1686,40.806892,2.835197,1.187381,0.202461,15.391672518520917,True,0.3385885796924859,False,30842b15eefb0ef7e36cbdea86a9efddfacf69a871c8b054165faa9af9f6c8eb
1687,37.907692,3.668546,0.900826,0.30558,28.817985925714183,True,0.633942861793896,False,30842b15eefb0ef7e36cbdea86a9efddfacf69a871c8b054165faa9af9f6c8eb
1688,31.938517,1.4364,0.579501,0.153827,38.64493727016949,True,0.8501177767956628,False,30842b15eefb0ef7e36cbdea86a9efddfacf69a871c8b054165faa9af9f6c8eb
1689,29.998659,3.580821,0.941267,0.124215,29.185806861345913,True,0.6420342480956023,False,30842b15eefb0ef7e36cbdea86a9efddfacf69a871c8b054165faa9af9f6c8eb
1690,36.427983,10.042392,0.119856,0.776715,6.832358061594464,True,0.15029935240904416,True,30842b15eefb0ef7e36cbdea86a9efddfacf69a871c8b054165faa9af9f6c8eb
1691,39.294452,6.842129,0.423122,0.108252,16.618707965160393,True,0.365581110141017,False,30842b15eefb0ef7e36cbdea86a9efddfacf69a871c8b054165faa9af9f6c8eb
1692,38.315659,4.344573,1.474136,0.127377,26.03626495385211,True,0.5727500998097624,False,30842b15eefb0ef7e36cbdea86a9efddfacf69a871c8b054165faa9af9f6c8eb
1693,36.555862,11.146407,0.302146,0.358553,4.183208409064958,True,0.09202291642306051,True,30842b15eefb0ef7e36cbdea86a9efddfacf69a871c8b054165faa9af9f6c8eb
1694,35.344272,11.953815,0.082112,0.166226,2.540029732634162,True,0.055875997784802844,True,30842b15eefb0ef7e36cbdea86a9efddfacf69a871c8b054165faa9af9f6c8eb
1695,41.584668,12.081069,1.163191,0.718002,0.0,False,0.0,True,30842b15eefb0ef7e36cbdea86a9efddfacf69a871c8b054165faa9af9f6c8eb
1696,33.379248,6.707757,0.689761,0.398308,17.08886243539517,True,0.3759236466081432,False,30842b15eefb0ef7e36cbdea86a9efddfacf69a871c8b054165faa9af9f6c8eb
1697,34.930958,9.674087,0.594571,0.838951,7.807969833919749,True,0.17176102292765721,True,30842b15eefb0ef7e36cbdea86a9efddfacf69a871c8b054165faa9af9f6c8eb
1698,33.309553,5.184607,0.815385,0.383982,22.713495380531626,True,0.4996552604333265,False,30842b15eefb0ef7e36cbdea86a9efddfacf69a871c8b054165faa9af9f6c8eb
1699,32.336481,5.339113,0.183413,0.977012,22.11897581938772,True,0.4865769199498675,False,30842b15eefb0ef7e36cbdea86a9efddfacf69a871c8b054165faa9af9f6c8eb
1700,35.903937,7.228083,1.268132,0.970932,15.292866423345838,True,0.33641502672804785,False,30842b15eefb0ef7e36cbdea86a9efddfacf69a871c8b054165faa9af9f6c8eb
1701,28.765823,13.287524,0.725363,0.748368,0.0,False,0.0,True,30842b15eefb0ef7e36cbdea86a9efddfacf69a871c8b054165faa9af9f6c8eb
1702,36.477815,5.318855,0.749465,0.0805,22.196626318274717,True,0.48828508857799574,False,30842b15eefb0ef7e36cbdea86a9efddfacf69a871c8b054165faa9af9f6c8eb
1703,32.782012,6.443201,0.224758,0.512926,18.027199357822738,True,0.39656533876053696,False,30842b15eefb0ef7e36cbdea86a9efddfacf69a871c8b054165faa9af9f6c8eb
1704,38.554742,4.360201,0.727411,0.501553,25.973078200353097,True,0.5713601070655128,False,30842b15eefb0ef7e36cbdea86a9efddfacf69a871c8b054165faa9af9f6c8eb
1705,33.454747,13.032362,1.124582,0.31076,0.0,False,0.0,True,30842b15eefb0ef7e36cbdea86a9efddfacf69a871c8b054165faa9af9f6c8eb
1706,37.747145,3.286032,0.442921,0.144441,30.433154635150085,True,0.6694736125055932,False,30842b15eefb0ef7e36cbdea86a9efddfacf69a871c8b054165faa9af9f6c8eb
1707,32.84215,4.355565,1.151057,0.450815,25.991817024653443,True,0.5717723268484719,False,30842b15eefb0ef7e36cbdea86a9efddfacf69a871c8b054165faa9af9f6c8eb
1708,30.638423,6.759257,0.344686,0.817895,16.90815245200658,True,0.3719483582476242,False,30842b15eefb0ef7e36cbdea86a9efddfacf69a871c8b054165faa9af9f6c8eb
1709,39.41652,7.911738,0.023602,0.892966,13.036513403722612,True,0.28677939659884766,False,30842b15eefb0ef7e36cbdea86a9efddfacf69a871c8b054165faa9af9f6c8eb
1710,37.985597,9.477109,0.404053,0.617662,8.347292608609845,True,0.18362513529480873,True,30842b15eefb0ef7e36cbdea86a9efddfacf69a871c8b054165faa9af9f6c8eb
1711,37.992698,4.415371,1.019877,0.395202,25.750425859784997,True,0.5664621637349588,False,30842b15eefb0ef7e36cbdea86a9efddfacf69a871c8b054165faa9af9f6c8eb
1712,34.416492,7.257366,1.220829,0.685465,15.193780032487263,True,0.3342353077724055,False,30842b15eefb0ef7e36cbdea86a9efddfacf69a871c8b054165faa9af9f6c8eb
1713,38.051916,2.230271,1.389396,0.609936,32.76713783240319,True,0.7208169642325177,False,30842b15eefb0ef7e36cbdea86a9efddfacf69a871c8b054165faa9af9f6c8eb
1714,36.861132,13.484287,0.826042,0.87821,0.0,False,0.0,True,30842b15eefb0ef7e36cbdea86a9efddfacf69a871c8b054165faa9af9f6c8eb
1715,41.988487,2.828206,0.408276,0.051348,0.0,False,0.0,True,30842b15eefb0ef7e36cbdea86a9efddfacf69a871c8b054165faa9af9f6c8eb
1716,30.16603,1.944414,0.922541,0.717143,36.32485953461991,True,0.7990803197349937,False,30842b15eefb0ef7e36cbdea86a9efddfacf69a871c8b054165faa9af9f6c8eb
1717,33.300137,6.216525,1.300068,0.760075,18.844375848710744,True,0.4145417235280091,False,30842b15eefb0ef7e36cbdea86a9efddfacf69a871c8b054165faa9af9f6c8eb
1718,37.575724,7.823992,0.201646,0.64984,13.319356100625033,True,0.29300141742896507,False,30842b15eefb0ef7e36cbdea86a9efddfacf69a871c8b054165faa9af9f6c8eb
1719,31.814374,8.504671,0.942263,0.301875,11.179232869784164,True,0.24592262958278643,False,30842b15eefb0ef7e36cbdea86a9efddfacf69a871c8b054165faa9af9f6c8eb
1720,37.63408,6.383913,0.22237,0.860799,18.23976757884208,True,0.4012414499470303,False,30842b15eefb0ef7e36cbdea86a9efddfacf69a871c8b054165faa9af9f6c8eb
1721,38.903275,4.749845,0.5323,0.490554,24.414338991370297,True,0.5370707019183202,False,30842b15eefb0ef7e36cbdea86a9efddfacf69a871c8b054165faa9af9f6c8eb
1722,41.731389,11.648467,1.42929,0.903978,0.0,False,0.0,True,30842b15eefb0ef7e36cbdea86a9efddfacf69a871c8b054165faa9af9f6c8eb
1723,28.560814,5.21613,0.937132,0.416031,22.59177243835395,True,0.4969775788455499,False,30842b15eefb0ef7e36cbdea86a9efddfacf69a871c8b054165faa9af9f6c8eb
1724,28.661295,1.485306,0.978168,0.585247,38.41950878846544,True,0.8451587634492859,False,30842b15eefb0ef7e36cbdea86a9efddfacf69a871c8b054165faa9af9f6c8eb
1725,32.391663,2.382698,0.871932,0.091841,34.36207443812151,True,0.7559026457515274,False,30842b15eefb0ef7e36cbdea86a9efddfacf69a871c8b054165faa9af9f6c8eb
1726,41.190164,4.794944,0.067308,0.81906,13.202386622237412,True,0.29042830333061226,False,30842b15eefb0ef7e36cbdea86a9efddfacf69a871c8b054165faa9af9f6c8eb
1727,38.366503,12.408926,0.0225,0.930553,0.0,False,0.0,True,30842b15eefb0ef7e36cbdea86a9efddfacf69a871c8b054165faa9af9f6c8eb
1728,31.331942,11.891971,1.042528,0.13531,2.656050493691732,True,0.058428241841064696,True,30842b15eefb0ef7e36cbdea86a9efddfacf69a871c8b054165faa9af9f6c8eb
1729,29.327787,3.217664,0.580985,0.141375,30.724919039741128,True,0.6758918945497592,False,30842b15eefb0ef7e36cbdea86a9efddfacf69a871c8b054165faa9af9f6c8eb
1730,32.164681,5.959019,1.15191,0.120187,19.787230335109395,True,0.4352827938062563,False,30842b15eefb0ef7e36cbdea86a9efddfacf69a871c8b054165faa9af9f6c8eb
1731,30.086698,7.050501,1.055864,0.981538,15.898337071100414,True,0.3497342710416224,False,30842b15eefb0ef7e36cbdea86a9efddfacf69a871c8b054165faa9af9f6c8eb
1732,38.686145,11.007251,1.236308,0.433971,4.492901494242415,True,0.09883559657361868,True,30842b15eefb0ef7e36cbdea86a9efddfacf69a871c8b054165faa9af9f6c8eb
1733,37.09462,2.085208,1.057712,0.803479,35.69037844724491,True,0.785122898931144,False,30842b15eefb0ef7e36cbdea86a9efddfacf69a871c8b054165faa9af9f6c8eb
1734,34.694617,5.774127,0.010733,0.451193,20.47361138300086,True,0.45038191859946913,False,30842b15eefb0ef7e36cbdea86a9efddfacf69a871c8b054165faa9af9f6c8eb
1735,39.851794,8.091957,0.154796,0.88739,12.46197646309657,True,0.27414063713503006,False,30842b15eefb0ef7e36cbdea86a9efddfacf69a871c8b054165faa9af9f6c8eb
1736,31.524228,5.433428,1.339333,0.074062,21.758655664273054,True,0.47865053706925154,False,30842b15eefb0ef7e36cbdea86a9efddfacf69a871c8b054165faa9af9f6c8eb
1737,39.578867,2.788241,1.062054,0.309962,24.607927092475872,True,0.5413292852606976,False,30842b15eefb0ef7e36cbdea86a9efddfacf69a871c8b054165faa9af9f6c8eb
1738,30.22053,11.697004,0.114555,0.277993,3.0329219264709804,True,0.06671872248882085,True,30842b15eefb0ef7e36cbdea86a9efddfacf69a871c8b054165faa9af9f6c8eb
1739,32.353839,12.159311,1.040322,0.679491,2.1671655122130424,True,0.0476736684629817,True,30842b15eefb0ef7e36cbdea86a9efddfacf69a871c8b054165faa9af9f6c8eb
1740,29.418456,10.231429,1.024999,0.518295,6.348724888812862,True,0.13966030919478345,True,30842b15eefb0ef7e36cbdea86a9efddfacf69a871c8b054165faa9af9f6c8eb
1741,32.082928,3.435423,0.313363,0.34699,29.79885826941967,True,0.6555202552392964,False,30842b15eefb0ef7e36cbdea86a9efddfacf69a871c8b054165faa9af9f6c8eb
1742,29.506046,3.867273,0.187812,0.445405,27.990520091953112,True,0.6157401303454398,False,30842b15eefb0ef7e36cbdea86a9efddfacf69a871c8b054165faa9af9f6c8eb
1743,29.785712,11.303935,0.075095,0.243149,3.841642904784042,True,0.08450910148012561,True,30842b15eefb0ef7e36cbdea86a9efddfacf69a871c8b054165faa9af9f6c8eb
1744,35.740017,12.773564,0.801311,0.496838,0.0,False,0.0,True,30842b15eefb0ef7e36cbdea86a9efddfacf69a871c8b054165faa9af9f6c8eb
1745,30.528522,2.824854,0.089337,0.935733,32.41912313811929,True,0.7131612789320468,False,30842b15eefb0ef7e36cbdea86a9efddfacf69a871c8b054165faa9af9f6c8eb
1746,33.475115,2.469176,0.946986,0.351237,33.979107731638784,True,0.7474780802560321,False,30842b15eefb0ef7e36cbdea86a9efddfacf69a871c8b054165faa9af9f6c8eb
1747,35.48297,10.223533,0.472701,0.489385,6.36868833677814,True,0.14009946845341467,True,30842b15eefb0ef7e36cbdea86a9efddfacf69a871c8b054165faa9af9f6c8eb
1748,32.037647,1.137063,1.043448,0.253649,40.03424744961395,True,0.8806800538870165,False,30842b15eefb0ef7e36cbdea86a9efddfacf69a871c8b054165faa9af9f6c8eb
1749,30.290433,4.508358,0.105121,0.755478,25.37660264772573,True,0.5582387383551033,False,30842b15eefb0ef7e36cbdea86a9efddfacf69a871c8b054165faa9af9f6c8eb
1750,40.667661,0.687924,1.076206,0.165175,16.646832729787885,True,0.3661998034050498,False,30842b15eefb0ef7e36cbdea86a9efddfacf69a871c8b054165faa9af9f6c8eb
1751,36.162027,6.520203,1.278721,0.577466,17.752363108499836,True,0.3905194450999048,False,30842b15eefb0ef7e36cbdea86a9efddfacf69a871c8b054165faa9af9f6c8eb
1752,40.827842,5.437718,0.806784,0.57222,15.597491487131604,True,0.3431162196985872,False,30842b15eefb0ef7e36cbdea86a9efddfacf69a871c8b054165faa9af9f6c8eb
1753,36.791349,6.942368,0.003258,0.696648,16.270839822902836,True,0.35792864871646946,False,30842b15eefb0ef7e36cbdea86a9efddfacf69a871c8b054165faa9af9f6c8eb
1754,40.42755,0.516608,0.748819,0.076568,18.87654977748343,True,0.4152494909803872,False,30842b15eefb0ef7e36cbdea86a9efddfacf69a871c8b054165faa9af9f6c8eb
1755,32.417036,8.204112,1.384047,0.476088,12.108809093315958,True,0.2663716024194162,False,30842b15eefb0ef7e36cbdea86a9efddfacf69a871c8b054165faa9af9f6c8eb
1756,39.051235,9.118164,0.936373,0.31263,9.360439354650211,True,0.20591250642676914,False,30842b15eefb0ef7e36cbdea86a9efddfacf69a871c8b054165faa9af9f6c8eb
1757,28.872773,2.733946,1.377809,0.245827,32.81551302068101,True,0.7218811296941745,False,30842b15eefb0ef7e36cbdea86a9efddfacf69a871c8b054165faa9af9f6c8eb
1758,28.895858,9.429923,0.752983,0.64879,8.478260014082213,True,0.18650617812829806,True,30842b15eefb0ef7e36cbdea86a9efddfacf69a871c8b054165faa9af9f6c8eb
1759,29.25047,10.071921,0.482943,0.432331,6.7560332097136655,True,0.14862034558490195,True,30842b15eefb0ef7e36cbdea86a9efddfacf69a871c8b054165faa9af9f6c8eb
1760,39.918361,4.317195,0.599645,0.244558,22.77539578387446,True,0.5010169558322521,False,30842b15eefb0ef7e36cbdea86a9efddfacf69a871c8b054165faa9af9f6c8eb
1761,29.542212,2.991145,0.671584,0.260319,31.698205945474818,True,0.6973024222652574,False,30842b15eefb0ef7e36cbdea86a9efddfacf69a871c8b054165faa9af9f6c8eb
1762,38.027349,6.584315,0.217517,0.794611,17.524610171076855,True,0.3855092979888585,False,30842b15eefb0ef7e36cbdea86a9efddfacf69a871c8b054165faa9af9f6c8eb
1763,36.795649,4.207859,0.570695,0.208716,26.591200394660024,True,0.5849576622106698,False,30842b15eefb0ef7e36cbdea86a9efddfacf69a871c8b054165faa9af9f6c8eb
1764,32.45594,6.407058,0.589929,0.622106,18.15668583495806,True,0.39941380388542036,False,30842b15eefb0ef7e36cbdea86a9efddfacf69a871c8b054165faa9af9f6c8eb
1765,34.611854,5.136442,0.31168,0.662078,22.899900309947096,True,0.5037558271665724,False,30842b15eefb0ef7e36cbdea86a9efddfacf69a871c8b054165faa9af9f6c8eb
1766,29.141238,0.612652,0.849656,0.365856,42.507276957973986,True,0.9350821695612979,False,30842b15eefb0ef7e36cbdea86a9efddfacf69a871c8b054165faa9af9f6c8eb
1767,41.556317,6.281235,0.460922,0.628758,0.0,False,0.0,True,30842b15eefb0ef7e36cbdea86a9efddfacf69a871c8b054165faa9af9f6c8eb
1768,28.153409,11.245952,0.215583,0.956404,3.966237471309044,True,0.08724995353933737,True,30842b15eefb0ef7e36cbdea86a9efddfacf69a871c8b054165faa9af9f6c8eb
1769,30.426979,9.597016,1.176131,0.996779,8.017558109435901,True,0.17637158077585854,True,30842b15eefb0ef7e36cbdea86a9efddfacf69a871c8b054165faa9af9f6c8eb
1770,32.676564,11.886638,0.093922,0.425674,2.666135985043861,True,0.058650104162284764,True,30842b15eefb0ef7e36cbdea86a9efddfacf69a871c8b054165faa9af9f6c8eb
1771,32.279832,9.703138,0.297076,0.484863,7.729449502411223,True,0.17003371957641558,True,30842b15eefb0ef7e36cbdea86a9efddfacf69a871c8b054165faa9af9f6c8eb
1772,32.608778,10.070797,1.203604,0.253945,6.758933224402411,True,0.14868414059180377,True,30842b15eefb0ef7e36cbdea86a9efddfacf69a871c8b054165faa9af9f6c8eb
1773,29.22839,6.469718,0.189298,0.164865,17.932395794696458,True,0.3944798341638085,False,30842b15eefb0ef7e36cbdea86a9efddfacf69a871c8b054165faa9af9f6c8eb
1774,39.423396,11.225923,0.907082,0.426402,4.009583136578215,True,0.08820347871482784,True,30842b15eefb0ef7e36cbdea86a9efddfacf69a871c8b054165faa9af9f6c8eb
1775,37.890418,13.259375,1.210478,0.994357,0.0,False,0.0,True,30842b15eefb0ef7e36cbdea86a9efddfacf69a871c8b054165faa9af9f6c8eb
1776,28.844075,2.240982,0.181265,0.511188,34.99274710472752,True,0.7697762882799823,False,30842b15eefb0ef7e36cbdea86a9efddfacf69a871c8b054165faa9af9f6c8eb
1777,35.332151,11.82356,1.026651,0.692166,2.786387440735377,True,0.06129541574486624,True,30842b15eefb0ef7e36cbdea86a9efddfacf69a871c8b054165faa9af9f6c8eb
1778,34.764689,7.774964,0.275817,0.632228,13.478273238733495,True,0.29649730314354167,False,30842b15eefb0ef7e36cbdea86a9efddfacf69a871c8b054165faa9af9f6c8eb
1779,32.435917,6.24405,0.981112,0.638972,18.744504144714412,True,0.41234472912295694,False,30842b15eefb0ef7e36cbdea86a9efddfacf69a871c8b054165faa9af9f6c8eb
1780,30.616584,6.577582,1.158092,0.282716,17.548482540034424,True,0.38603444634356215,False,30842b15eefb0ef7e36cbdea86a9efddfacf69a871c8b054165faa9af9f6c8eb
1781,29.713682,1.421951,0.783656,0.550252,38.7116229190118,True,0.851584738823358,False,30842b15eefb0ef7e36cbdea86a9efddfacf69a871c8b054165faa9af9f6c8eb
1782,28.173941,13.318244,0.134562,0.207926,0.0,False,0.0,True,30842b15eefb0ef7e36cbdea86a9efddfacf69a871c8b054165faa9af9f6c8eb
1783,40.174759,13.006039,0.514221,0.404179,0.0,False,0.0,True,30842b15eefb0ef7e36cbdea86a9efddfacf69a871c8b054165faa9af9f6c8eb
1784,40.496183,11.068453,0.582759,0.989762,0.0,False,0.0,True,30842b15eefb0ef7e36cbdea86a9efddfacf69a871c8b054165faa9af9f6c8eb
1785,41.673255,12.367637,0.041179,0.769403,0.0,False,0.0,True,30842b15eefb0ef7e36cbdea86a9efddfacf69a871c8b054165faa9af9f6c8eb
1786,34.795816,6.904333,0.46202,0.995951,16.402547123048254,True,0.3608259678764053,False,30842b15eefb0ef7e36cbdea86a9efddfacf69a871c8b054165faa9af9f6c8eb
1787,37.286537,4.301263,1.286832,0.635309,26.211642107839825,True,0.5766080756995013,False,30842b15eefb0ef7e36cbdea86a9efddfacf69a871c8b054165faa9af9f6c8eb
1788,29.822075,2.336252,0.050675,0.630637,34.56834974608689,True,0.7604403243868795,False,30842b15eefb0ef7e36cbdea86a9efddfacf69a871c8b054165faa9af9f6c8eb
1789,40.687681,6.616253,0.746359,0.626295,16.814054957018243,True,0.36987838585558014,False,30842b15eefb0ef7e36cbdea86a9efddfacf69a871c8b054165faa9af9f6c8eb
1790,33.159377,1.589576,0.412838,0.524882,37.94035449394838,True,0.8346182473462523,False,30842b15eefb0ef7e36cbdea86a9efddfacf69a871c8b054165faa9af9f6c8eb
1791,36.930759,13.425772,0.842023,0.967553,0.0,False,0.0,True,30842b15eefb0ef7e36cbdea86a9efddfacf69a871c8b054165faa9af9f6c8eb
1792,29.664996,13.584208,0.312369,0.217779,0.0,False,0.0,True,30842b15eefb0ef7e36cbdea86a9efddfacf69a871c8b054165faa9af9f6c8eb
1793,32.325332,5.914763,0.904107,0.694375,19.95081251901692,True,0.438881301976541,False,30842b15eefb0ef7e36cbdea86a9efddfacf69a871c8b054165faa9af9f6c8eb
1794,35.924473,8.506807,0.31806,0.796173,11.172715556388424,True,0.24577926063549244,False,30842b15eefb0ef7e36cbdea86a9efddfacf69a871c8b054165faa9af9f6c8eb
1795,30.662694,8.706955,0.13218,0.075732,10.56768439978373,True,0.23246968432154866,False,30842b15eefb0ef7e36cbdea86a9efddfacf69a871c8b054165faa9af9f6c8eb
1796,33.02498,8.082956,1.222149,0.30859,12.490466344417074,True,0.2747673622969843,False,30842b15eefb0ef7e36cbdea86a9efddfacf69a871c8b054165faa9af9f6c8eb
1797,37.395192,4.936372,0.24037,0.187301,23.679611015326984,True,0.5209080333344159,False,30842b15eefb0ef7e36cbdea86a9efddfacf69a871c8b054165faa9af9f6c8eb
1798,39.059751,10.248352,1.249596,0.280653,6.306008923671415,True,0.13872063626774886,True,30842b15eefb0ef7e36cbdea86a9efddfacf69a871c8b054165faa9af9f6c8eb
1799,41.160253,10.115649,0.746784,0.427827,0.0,False,0.0,True,30842b15eefb0ef7e36cbdea86a9efddfacf69a871c8b054165faa9af9f6c8eb
1800,38.97661,0.525245,1.200083,0.789665,28.16152625979224,True,0.6195019525527167,False,30842b15eefb0ef7e36cbdea86a9efddfacf69a871c8b054165faa9af9f6c8eb
1801,29.198149,9.518738,0.455013,0.726691,8.232314610909336,True,0.1810958301208287,True,30842b15eefb0ef7e36cbdea86a9efddfacf69a871c8b054165faa9af9f6c8eb
1802,36.765529,1.367427,0.011291,0.535206,38.96360933028229,True,0.857127977934716,False,30842b15eefb0ef7e36cbdea86a9efddfacf69a871c8b054165faa9af9f6c8eb
1803,33.399233,7.323318,0.475189,0.220716,14.971402739356193,True,0.3293434149812546,False,30842b15eefb0ef7e36cbdea86a9efddfacf69a871c8b054165faa9af9f6c8eb
1804,32.789401,1.777248,0.770605,0.452221,37.083008044989896,True,0.8157581971400163,False,30842b15eefb0ef7e36cbdea86a9efddfacf69a871c8b054165faa9af9f6c8eb
1805,40.616491,9.89799,0.175881,0.055432,7.209688938391026,True,0.15859993998293737,True,30842b15eefb0ef7e36cbdea86a9efddfacf69a871c8b054165faa9af9f6c8eb
1806,32.990876,13.261271,0.335994,0.544885,0.0,False,0.0,True,30842b15eefb0ef7e36cbdea86a9efddfacf69a871c8b054165faa9af9f6c8eb
1807,32.290526,13.98156,1.0359,0.375464,0.0,False,0.0,True,30842b15eefb0ef7e36cbdea86a9efddfacf69a871c8b054165faa9af9f6c8eb
1808,35.976103,13.716384,0.386755,0.985472,0.0,False,0.0,True,30842b15eefb0ef7e36cbdea86a9efddfacf69a871c8b054165faa9af9f6c8eb
1809,36.432863,9.767452,0.689221,0.249944,7.556562754712151,True,0.1662305280596624,True,30842b15eefb0ef7e36cbdea86a9efddfacf69a871c8b054165faa9af9f6c8eb
1810,39.528679,9.876338,0.086849,0.901577,7.26684750162315,True,0.1598573235920767,True,30842b15eefb0ef7e36cbdea86a9efddfacf69a871c8b054165faa9af9f6c8eb
1811,28.010859,6.33526,0.281963,0.413481,18.414825024478745,True,0.40509239283912923,False,30842b15eefb0ef7e36cbdea86a9efddfacf69a871c8b054165faa9af9f6c8eb
1812,35.959787,6.723991,0.870717,0.492272,17.031829337980234,True,0.3746690230169805,False,30842b15eefb0ef7e36cbdea86a9efddfacf69a871c8b054165faa9af9f6c8eb
1813,28.360256,9.483756,0.236842,0.564628,8.328898157970995,True,0.18322049110110353,True,30842b15eefb0ef7e36cbdea86a9efddfacf69a871c8b054165faa9af9f6c8eb
1814,34.862244,1.702846,0.855086,0.965027,37.422118797359126,True,0.8232180120408976,False,30842b15eefb0ef7e36cbdea86a9efddfacf69a871c8b054165faa9af9f6c8eb
1815,31.317477,13.001299,1.050297,0.563382,0.0,False,0.0,True,30842b15eefb0ef7e36cbdea86a9efddfacf69a871c8b054165faa9af9f6c8eb
1816,41.961131,2.686854,1.279848,0.297516,0.0,False,0.0,True,30842b15eefb0ef7e36cbdea86a9efddfacf69a871c8b054165faa9af9f6c8eb
1817,31.372214,5.515758,1.112486,0.855908,21.445739521237172,True,0.4717669555542551,False,30842b15eefb0ef7e36cbdea86a9efddfacf69a871c8b054165faa9af9f6c8eb
1818,29.60028,10.405511,0.418296,0.150291,5.913943808048503,True,0.13009592245019627,True,30842b15eefb0ef7e36cbdea86a9efddfacf69a871c8b054165faa9af9f6c8eb
1819,35.005698,2.07165,0.658609,0.098113,35.75131460724865,True,0.7864633827442419,False,30842b15eefb0ef7e36cbdea86a9efddfacf69a871c8b054165faa9af9f6c8eb
1820,37.768087,9.338986,0.199349,0.724926,8.732569815860835,True,0.19210052757164078,True,30842b15eefb0ef7e36cbdea86a9efddfacf69a871c8b054165faa9af9f6c8eb
1821,40.227875,8.894276,0.326223,0.730085,10.011691459434715,True,0.22023885886932468,False,30842b15eefb0ef7e36cbdea86a9efddfacf69a871c8b054165faa9af9f6c8eb
1822,33.570997,0.151707,1.415294,0.836593,44.043039333333354,True,0.9688661264894599,False,30842b15eefb0ef7e36cbdea86a9efddfacf69a871c8b054165faa9af9f6c8eb
1823,29.963697,3.209151,1.164353,0.971608,30.76131368419563,True,0.6766925100098032,False,30842b15eefb0ef7e36cbdea86a9efddfacf69a871c8b054165faa9af9f6c8eb
1824,34.72787,2.072163,0.23054,0.596066,35.74900830832197,True,0.7864126483957172,False,30842b15eefb0ef7e36cbdea86a9efddfacf69a871c8b054165faa9af9f6c8eb
1825,30.411114,12.808684,0.900572,0.414477,1.12839698556799,True,0.024822665127068533,True,30842b15eefb0ef7e36cbdea86a9efddfacf69a871c8b054165faa9af9f6c8eb
1826,28.239341,4.623706,0.607045,0.674215,24.915423878174813,True,0.5480936508489419,False,30842b15eefb0ef7e36cbdea86a9efddfacf69a871c8b054165faa9af9f6c8eb
1827,39.663589,10.385108,1.257884,0.989307,5.964368190724568,True,0.1312051664320712,True,30842b15eefb0ef7e36cbdea86a9efddfacf69a871c8b054165faa9af9f6c8eb
1828,30.243746,7.297206,0.374978,0.751079,15.059316596984864,True,0.33127735868710984,False,30842b15eefb0ef7e36cbdea86a9efddfacf69a871c8b054165faa9af9f6c8eb
1829,36.652118,12.463107,0.132338,0.184158,1.653434153351052,True,0.03637252033036229,True,30842b15eefb0ef7e36cbdea86a9efddfacf69a871c8b054165faa9af9f6c8eb
1830,29.172512,12.233988,1.049711,0.762992,2.036629034119756,True,0.04480210524186449,True,30842b15eefb0ef7e36cbdea86a9efddfacf69a871c8b054165faa9af9f6c8eb
1831,36.698031,11.23968,0.756394,0.2858,3.979794097327149,True,0.0875481744599923,True,30842b15eefb0ef7e36cbdea86a9efddfacf69a871c8b054165faa9af9f6c8eb
1832,37.061847,7.809634,1.070549,0.103032,13.365830397682839,True,0.2940237667684585,False,30842b15eefb0ef7e36cbdea86a9efddfacf69a871c8b054165faa9af9f6c8eb
1833,30.627178,10.883454,0.735502,0.174041,4.77454254390786,True,0.105031183367359,True,30842b15eefb0ef7e36cbdea86a9efddfacf69a871c8b054165faa9af9f6c8eb
1834,35.567878,9.350942,0.609494,0.274976,8.698991406998456,True,0.19136186413195508,True,30842b15eefb0ef7e36cbdea86a9efddfacf69a871c8b054165faa9af9f6c8eb
1835,40.420338,6.591344,0.392062,0.782388,17.499699871297626,True,0.38496131705879294,False,30842b15eefb0ef7e36cbdea86a9efddfacf69a871c8b054165faa9af9f6c8eb
1836,40.516314,8.467648,0.001016,0.066894,11.292397632465565,True,0.2484120469103333,False,30842b15eefb0ef7e36cbdea86a9efddfacf69a871c8b054165faa9af9f6c8eb
1837,39.32224,9.051319,0.629523,0.778647,9.553349019628214,True,0.21015616541803595,False,30842b15eefb0ef7e36cbdea86a9efddfacf69a871c8b054165faa9af9f6c8eb
1838,37.866199,10.712182,1.349554,0.560512,5.173483979222289,True,0.11380716361258934,True,30842b15eefb0ef7e36cbdea86a9efddfacf69a871c8b054165faa9af9f6c8eb
1839,33.296195,6.53658,1.11654,0.823755,17.694091890562014,True,0.3892375851269372,False,30842b15eefb0ef7e36cbdea86a9efddfacf69a871c8b054165faa9af9f6c8eb
1840,41.393391,0.199509,0.817673,0.151772,10.597714870659072,True,0.23313029962953052,False,30842b15eefb0ef7e36cbdea86a9efddfacf69a871c8b054165faa9af9f6c8eb
1841,37.721167,12.860417,0.019869,0.289926,0.0,False,0.0,True,30842b15eefb0ef7e36cbdea86a9efddfacf69a871c8b054165faa9af9f6c8eb
1842,33.054909,10.86123,1.19502,0.186144,4.82570417048231,True,0.10615664536349723,True,30842b15eefb0ef7e36cbdea86a9efddfacf69a871c8b054165faa9af9f6c8eb
1843,29.219712,8.943752,1.281791,0.802972,9.866520126167801,True,0.2170453556627198,False,30842b15eefb0ef7e36cbdea86a9efddfacf69a871c8b054165faa9af9f6c8eb
1844,37.843058,3.200544,1.315352,0.799087,30.79812479352637,True,0.6775022869336692,False,30842b15eefb0ef7e36cbdea86a9efddfacf69a871c8b054165faa9af9f6c8eb
1845,33.994188,10.977069,1.358413,0.617004,4.561039220780076,True,0.10033450164869097,True,30842b15eefb0ef7e36cbdea86a9efddfacf69a871c8b054165faa9af9f6c8eb
1846,32.502429,12.695155,0.658258,0.200203,1.2934803752696546,True,0.028454197072843006,True,30842b15eefb0ef7e36cbdea86a9efddfacf69a871c8b054165faa9af9f6c8eb
1847,40.049855,1.30956,1.031937,0.680827,21.41084535114667,True,0.4709993477795785,False,30842b15eefb0ef7e36cbdea86a9efddfacf69a871c8b054165faa9af9f6c8eb
1848,41.708738,4.959933,0.967149,0.732629,0.0,False,0.0,True,30842b15eefb0ef7e36cbdea86a9efddfacf69a871c8b054165faa9af9f6c8eb
1849,30.701323,2.994642,0.128805,0.801994,31.68310358157798,True,0.696970197944887,False,30842b15eefb0ef7e36cbdea86a9efddfacf69a871c8b054165faa9af9f6c8eb
1850,39.657357,3.277194,0.971886,0.751673,24.18162081133346,True,0.5319513285719553,False,30842b15eefb0ef7e36cbdea86a9efddfacf69a871c8b054165faa9af9f6c8eb
1851,29.448243,5.454253,0.677697,0.442031,21.679362247220766,True,0.47690622725325255,False,30842b15eefb0ef7e36cbdea86a9efddfacf69a871c8b054165faa9af9f6c8eb
1852,33.802753,9.560283,0.545305,0.111253,8.118099820812363,True,0.17858331411502912,True,30842b15eefb0ef7e36cbdea86a9efddfacf69a871c8b054165faa9af9f6c8eb
1853,30.547968,0.051303,1.483289,0.328094,43.97504433333331,True,0.9673703611365716,False,30842b15eefb0ef7e36cbdea86a9efddfacf69a871c8b054165faa9af9f6c8eb
1854,36.775956,0.131869,0.317812,0.728745,38.91312794817083,True,0.8560174800697528,False,30842b15eefb0ef7e36cbdea86a9efddfacf69a871c8b054165faa9af9f6c8eb
1855,34.894282,3.986944,0.091936,0.44307,27.49612053376234,True,0.6048642463889059,False,30842b15eefb0ef7e36cbdea86a9efddfacf69a871c8b054165faa9af9f6c8eb
1856,37.615353,7.342572,0.650518,0.355996,14.90668837897345,True,0.3279198176859422,False,30842b15eefb0ef7e36cbdea86a9efddfacf69a871c8b054165faa9af9f6c8eb
1857,39.08942,0.48727,0.3847,0.94591,28.321085364545112,True,0.6230119603566295,False,30842b15eefb0ef7e36cbdea86a9efddfacf69a871c8b054165faa9af9f6c8eb
1858,32.300497,2.887276,0.39661,0.238044,32.14787326921821,True,0.7071942790662119,False,30842b15eefb0ef7e36cbdea86a9efddfacf69a871c8b054165faa9af9f6c8eb
1859,38.274343,9.507611,0.898338,0.49281,8.262994964769566,True,0.18177074166312523,True,30842b15eefb0ef7e36cbdea86a9efddfacf69a871c8b054165faa9af9f6c8eb
1860,38.074786,1.981437,0.524939,0.33098,33.524961410487684,True,0.737487693722919,False,30842b15eefb0ef7e36cbdea86a9efddfacf69a871c8b054165faa9af9f6c8eb
1861,29.407228,8.615805,0.556935,0.641824,10.841830816153239,True,0.2385004029217945,False,30842b15eefb0ef7e36cbdea86a9efddfacf69a871c8b054165faa9af9f6c8eb
1862,37.456695,4.806182,1.373342,0.628467,24.19163987014283,True,0.5321717294990175,False,30842b15eefb0ef7e36cbdea86a9efddfacf69a871c8b054165faa9af9f6c8eb
1863,36.979314,4.668145,1.172491,0.190955,24.738503726868174,True,0.5442017318467794,False,30842b15eefb0ef7e36cbdea86a9efddfacf69a871c8b054165faa9af9f6c8eb
1864,38.054138,12.262845,1.032958,0.523441,1.9869151050079061,True,0.04370848993601261,True,30842b15eefb0ef7e36cbdea86a9efddfacf69a871c8b054165faa9af9f6c8eb
1865,34.377212,9.900691,0.497686,0.812716,7.202569198114957,True,0.15844331874863338,True,30842b15eefb0ef7e36cbdea86a9efddfacf69a871c8b054165faa9af9f6c8eb
1866,36.172717,5.778486,0.054214,0.976866,20.457339678827708,True,0.45002397093663166,False,30842b15eefb0ef7e36cbdea86a9efddfacf69a871c8b054165faa9af9f6c8eb
1867,31.34289,6.748083,0.089577,0.649544,16.94730683861453,True,0.3728096829759384,False,30842b15eefb0ef7e36cbdea86a9efddfacf69a871c8b054165faa9af9f6c8eb
1868,35.60765,12.387373,0.825242,0.934255,1.7771428788613464,True,0.039093885511157035,True,30842b15eefb0ef7e36cbdea86a9efddfacf69a871c8b054165faa9af9f6c8eb
1869,33.37064,8.838833,1.301255,0.944148,10.17520863851373,True,0.22383593705254776,False,30842b15eefb0ef7e36cbdea86a9efddfacf69a871c8b054165faa9af9f6c8eb
1870,33.16111,3.098109,0.02523,0.094169,31.237351795317178,True,0.6871644757906622,False,30842b15eefb0ef7e36cbdea86a9efddfacf69a871c8b054165faa9af9f6c8eb
1871,31.000562,4.20901,1.007619,0.126887,26.58651210857826,True,0.5848545285113459,False,30842b15eefb0ef7e36cbdea86a9efddfacf69a871c8b054165faa9af9f6c8eb
1872,35.889204,6.379501,0.470505,0.742462,18.25561932293211,True,0.4015901592579017,False,30842b15eefb0ef7e36cbdea86a9efddfacf69a871c8b054165faa9af9f6c8eb
1873,33.143124,2.600083,0.238401,0.984728,33.40211672820591,True,0.7347853359092045,False,30842b15eefb0ef7e36cbdea86a9efddfacf69a871c8b054165faa9af9f6c8eb
1874,31.159047,10.353638,0.831238,0.307057,6.042423048002492,True,0.1329222302035379,True,30842b15eefb0ef7e36cbdea86a9efddfacf69a871c8b054165faa9af9f6c8eb
1875,37.288055,2.203892,1.232794,0.365584,35.15843745684623,True,0.7734211722862601,False,30842b15eefb0ef7e36cbdea86a9efddfacf69a871c8b054165faa9af9f6c8eb
1876,31.293979,7.22119,1.14034,0.905724,15.316221822195885,True,0.33692880268808556,False,30842b15eefb0ef7e36cbdea86a9efddfacf69a871c8b054165faa9af9f6c8eb
1877,39.840158,1.572703,1.394357,0.261558,22.523510000858817,True,0.49547593035803095,False,30842b15eefb0ef7e36cbdea86a9efddfacf69a871c8b054165faa9af9f6c8eb
1878,29.756448,8.517277,0.095674,0.422929,11.140788067006968,True,0.2450769143979535,False,30842b15eefb0ef7e36cbdea86a9efddfacf69a871c8b054165faa9af9f6c8eb
1879,35.086859,12.60052,1.396636,0.370814,1.436717890772389,True,0.0316051598336731,True,30842b15eefb0ef7e36cbdea86a9efddfacf69a871c8b054165faa9af9f6c8eb
1880,41.791126,13.269195,0.775978,0.194814,0.0,False,0.0,True,30842b15eefb0ef7e36cbdea86a9efddfacf69a871c8b054165faa9af9f6c8eb
1881,36.63419,13.237281,0.857786,0.362359,0.0,False,0.0,True,30842b15eefb0ef7e36cbdea86a9efddfacf69a871c8b054165faa9af9f6c8eb
1882,29.213071,11.670173,0.947482,0.887521,3.0860784809473976,True,0.06788806924173929,True,30842b15eefb0ef7e36cbdea86a9efddfacf69a871c8b054165faa9af9f6c8eb
1883,41.523904,1.517219,1.102029,0.823267,8.98298834357478,True,0.19760927611896864,True,30842b15eefb0ef7e36cbdea86a9efddfacf69a871c8b054165faa9af9f6c8eb
1884,40.777995,8.854482,0.458647,0.296812,10.128965876397277,True,0.22281868105731872,False,30842b15eefb0ef7e36cbdea86a9efddfacf69a871c8b054165faa9af9f6c8eb
1885,36.239497,12.890007,1.126858,0.341332,0.0,False,0.0,True,30842b15eefb0ef7e36cbdea86a9efddfacf69a871c8b054165faa9af9f6c8eb
1886,28.604659,3.182042,0.867461,0.295191,30.877305295357523,True,0.6792441128217972,False,30842b15eefb0ef7e36cbdea86a9efddfacf69a871c8b054165faa9af9f6c8eb
1887,34.737248,13.443755,0.523703,0.351121,0.0,False,0.0,True,30842b15eefb0ef7e36cbdea86a9efddfacf69a871c8b054165faa9af9f6c8eb
1888,31.583334,5.097827,0.195099,0.344607,23.04971183022795,True,0.5070514059811833,False,30842b15eefb0ef7e36cbdea86a9efddfacf69a871c8b054165faa9af9f6c8eb
1889,32.172698,12.195258,1.363638,0.413143,2.1039922869760206,True,0.046283973315696156,True,30842b15eefb0ef7e36cbdea86a9efddfacf69a871c8b054165faa9af9f6c8eb
1890,30.879794,11.272743,0.823615,0.248784,3.908503930603469,True,0.08597992147981968,True,30842b15eefb0ef7e36cbdea86a9efddfacf69a871c8b054165faa9af9f6c8eb
1891,28.170654,9.624008,0.369821,0.941822,7.943945105291025,True,0.17475222963060005,True,30842b15eefb0ef7e36cbdea86a9efddfacf69a871c8b054165faa9af9f6c8eb
1892,34.333698,7.972208,1.096727,0.58148,12.842774055398996,True,0.28251748609493677,False,30842b15eefb0ef7e36cbdea86a9efddfacf69a871c8b054165faa9af9f6c8eb
1893,28.879208,9.872188,0.761746,0.788157,7.277820152886037,True,0.16009870180500912,True,30842b15eefb0ef7e36cbdea86a9efddfacf69a871c8b054165faa9af9f6c8eb
1894,28.094883,10.471388,0.767303,0.371307,5.7521117588554755,True,0.12653591403531755,True,30842b15eefb0ef7e36cbdea86a9efddfacf69a871c8b054165faa9af9f6c8eb
1895,41.829496,2.280185,0.223585,0.216811,0.0,False,0.0,True,30842b15eefb0ef7e36cbdea86a9efddfacf69a871c8b054165faa9af9f6c8eb
1896,33.323361,5.008891,0.892831,0.688452,23.39598581563419,True,0.5146687988773793,False,30842b15eefb0ef7e36cbdea86a9efddfacf69a871c8b054165faa9af9f6c8eb
1897,34.225095,2.123785,0.460182,0.5608,35.51718457092908,True,0.7813129511478444,False,30842b15eefb0ef7e36cbdea86a9efddfacf69a871c8b054165faa9af9f6c8eb
1898,41.179897,9.337501,0.516346,0.249144,0.0,False,0.0,True,30842b15eefb0ef7e36cbdea86a9efddfacf69a871c8b054165faa9af9f6c8eb
1899,41.490788,10.081161,0.664046,0.05201,0.0,False,0.0,True,30842b15eefb0ef7e36cbdea86a9efddfacf69a871c8b054165faa9af9f6c8eb
1900,39.327674,6.369181,0.765669,0.385498,18.292715665535688,True,0.402406210790886,False,30842b15eefb0ef7e36cbdea86a9efddfacf69a871c8b054165faa9af9f6c8eb
1901,41.571949,10.626982,0.907653,0.877025,0.0,False,0.0,True,30842b15eefb0ef7e36cbdea86a9efddfacf69a871c8b054165faa9af9f6c8eb
1902,32.766447,8.00191,0.008206,0.068915,12.747966757479098,True,0.2804318993395953,False,30842b15eefb0ef7e36cbdea86a9efddfacf69a871c8b054165faa9af9f6c8eb
1903,31.595911,6.308406,0.851474,0.729317,18.511686352809082,True,0.40722316449809176,False,30842b15eefb0ef7e36cbdea86a9efddfacf69a871c8b054165faa9af9f6c8eb
1904,38.93803,8.457345,0.466318,0.864794,11.323957371648746,True,0.24910630331766268,False,30842b15eefb0ef7e36cbdea86a9efddfacf69a871c8b054165faa9af9f6c8eb
1905,29.798064,3.066564,0.937803,0.412162,31.37302936654455,True,0.6901491336361772,False,30842b15eefb0ef7e36cbdea86a9efddfacf69a871c8b054165faa9af9f6c8eb
1906,30.747378,8.166101,0.831704,0.768047,12.22812344859776,True,0.26899629951085824,False,30842b15eefb0ef7e36cbdea86a9efddfacf69a871c8b054165faa9af9f6c8eb
1907,40.962005,9.723329,0.606475,0.710476,0.0,False,0.0,True,30842b15eefb0ef7e36cbdea86a9efddfacf69a871c8b054165faa9af9f6c8eb
1908,30.695278,5.36421,1.448059,0.833148,22.02290293562147,True,0.4844634926259536,False,30842b15eefb0ef7e36cbdea86a9efddfacf69a871c8b054165faa9af9f6c8eb
1909,31.58005,5.67296,0.293812,0.724235,20.852466474795136,True,0.4587160361091507,False,30842b15eefb0ef7e36cbdea86a9efddfacf69a871c8b054165faa9af9f6c8eb
1910,31.789095,5.354355,1.38214,0.944365,22.060611868316467,True,0.48529302001796093,False,30842b15eefb0ef7e36cbdea86a9efddfacf69a871c8b054165faa9af9f6c8eb
1911,41.76542,3.818268,0.421842,0.214536,0.0,False,0.0,True,30842b15eefb0ef7e36cbdea86a9efddfacf69a871c8b054165faa9af9f6c8eb
1912,34.40624,5.257383,0.973948,0.653748,22.43280777646828,True,0.4934806476949944,False,30842b15eefb0ef7e36cbdea86a9efddfacf69a871c8b054165faa9af9f6c8eb
1913,32.285038,3.100563,1.065273,0.752256,31.226805164370898,True,0.686932469243723,False,30842b15eefb0ef7e36cbdea86a9efddfacf69a871c8b054165faa9af9f6c8eb
1914,37.405098,10.487202,0.429584,0.533477,5.713486698049517,True,0.1256862335042974,True,30842b15eefb0ef7e36cbdea86a9efddfacf69a871c8b054165faa9af9f6c8eb
1915,40.219841,1.798013,1.318643,0.774304,19.882099353138766,True,0.43736973829086206,False,30842b15eefb0ef7e36cbdea86a9efddfacf69a871c8b054165faa9af9f6c8eb
1916,29.202579,12.341012,0.538911,0.504142,1.8543270017245121,True,0.04079179472171247,True,30842b15eefb0ef7e36cbdea86a9efddfacf69a871c8b054165faa9af9f6c8eb
1917,29.656583,5.856507,1.453127,0.673809,20.166825779638867,True,0.44363319771891196,False,30842b15eefb0ef7e36cbdea86a9efddfacf69a871c8b054165faa9af9f6c8eb
1918,32.571261,0.094616,0.344241,0.800567,44.99828221165513,True,0.9898797186798565,False,30842b15eefb0ef7e36cbdea86a9efddfacf69a871c8b054165faa9af9f6c8eb
1919,31.050711,11.417141,1.183539,0.590991,3.602238826680184,True,0.07924265063274467,True,30842b15eefb0ef7e36cbdea86a9efddfacf69a871c8b054165faa9af9f6c8eb
1920,33.847664,8.919498,0.692553,0.174659,9.937597333225318,True,0.21860892392063033,False,30842b15eefb0ef7e36cbdea86a9efddfacf69a871c8b054165faa9af9f6c8eb
1921,31.982029,3.700817,0.983764,0.767499,28.68306900686736,True,0.6309749369063399,False,30842b15eefb0ef7e36cbdea86a9efddfacf69a871c8b054165faa9af9f6c8eb
1922,37.542502,10.756716,0.018776,0.739635,5.068727278207885,True,0.11150270822822116,True,30842b15eefb0ef7e36cbdea86a9efddfacf69a871c8b054165faa9af9f6c8eb
1923,38.261277,2.79683,0.217066,0.259156,32.541146086264064,True,0.7158455601011345,False,30842b15eefb0ef7e36cbdea86a9efddfacf69a871c8b054165faa9af9f6c8eb
1924,41.935614,6.504904,0.053283,0.930081,0.0,False,0.0,True,30842b15eefb0ef7e36cbdea86a9efddfacf69a871c8b054165faa9af9f6c8eb
1925,37.483979,10.942536,1.393366,0.068168,4.6394177912371,True,0.10205868651667316,True,30842b15eefb0ef7e36cbdea86a9efddfacf69a871c8b054165faa9af9f6c8eb
1926,31.169603,12.301336,0.503452,0.07392,1.9212446873750695,True,0.04226386113382372,True,30842b15eefb0ef7e36cbdea86a9efddfacf69a871c8b054165faa9af9f6c8eb
1927,37.254717,1.692799,0.600708,0.625687,36.920723782473715,True,0.8121882408610168,False,30842b15eefb0ef7e36cbdea86a9efddfacf69a871c8b054165faa9af9f6c8eb
1928,38.27972,9.86367,1.090484,0.65845,7.300359130829076,True,0.16059451800173957,True,30842b15eefb0ef7e36cbdea86a9efddfacf69a871c8b054165faa9af9f6c8eb
1929,34.629462,6.020091,0.268848,0.603475,19.562230129226784,True,0.4303332017428441,False,30842b15eefb0ef7e36cbdea86a9efddfacf69a871c8b054165faa9af9f6c8eb
1930,36.077099,4.27568,1.121311,0.539836,26.31542074146246,True,0.5788910153942247,False,30842b15eefb0ef7e36cbdea86a9efddfacf69a871c8b054165faa9af9f6c8eb
1931,31.855928,2.644408,0.327229,0.830573,33.20749574180545,True,0.7305040309838048,False,30842b15eefb0ef7e36cbdea86a9efddfacf69a871c8b054165faa9af9f6c8eb
1932,35.70375,9.834226,0.12409,0.292897,7.3784478649729435,True,0.16231232700215462,True,30842b15eefb0ef7e36cbdea86a9efddfacf69a871c8b054165faa9af9f6c8eb
1933,31.01956,5.711657,0.688974,0.718582,20.7072786849275,True,0.4555221708874978,False,30842b15eefb0ef7e36cbdea86a9efddfacf69a871c8b054165faa9af9f6c8eb
1934,39.659441,11.363256,0.87759,0.346451,3.7155525242099148,True,0.08173534425393032,True,30842b15eefb0ef7e36cbdea86a9efddfacf69a871c8b054165faa9af9f6c8eb
1935,38.956564,13.613779,0.41537,0.511429,0.0,False,0.0,True,30842b15eefb0ef7e36cbdea86a9efddfacf69a871c8b054165faa9af9f6c8eb
1936,37.935093,13.770846,0.121139,0.116383,0.0,False,0.0,True,30842b15eefb0ef7e36cbdea86a9efddfacf69a871c8b054165faa9af9f6c8eb
1937,34.41164,12.872628,0.966366,0.180217,0.0,False,0.0,True,30842b15eefb0ef7e36cbdea86a9efddfacf69a871c8b054165faa9af9f6c8eb
1938,39.923373,11.207528,1.045632,0.869109,0.0,False,0.0,True,30842b15eefb0ef7e36cbdea86a9efddfacf69a871c8b054165faa9af9f6c8eb
1939,30.743088,4.82719,0.505608,0.064816,24.108769912556543,True,0.5303487423477151,False,30842b15eefb0ef7e36cbdea86a9efddfacf69a871c8b054165faa9af9f6c8eb
1940,35.409985,6.722693,1.061758,0.576542,17.036387118297824,True,0.37476928582873315,False,30842b15eefb0ef7e36cbdea86a9efddfacf69a871c8b054165faa9af9f6c8eb
1941,28.702929,6.725604,1.140138,0.645173,17.02616603724129,True,0.3745444407825766,False,30842b15eefb0ef7e36cbdea86a9efddfacf69a871c8b054165faa9af9f6c8eb
1942,30.997076,9.592385,1.363388,0.0524,8.030210576350285,True,0.1766499118537185,True,30842b15eefb0ef7e36cbdea86a9efddfacf69a871c8b054165faa9af9f6c8eb
1943,30.44703,7.21184,0.146284,0.954733,15.347921200965793,True,0.33762613091033833,False,30842b15eefb0ef7e36cbdea86a9efddfacf69a871c8b054165faa9af9f6c8eb
1944,36.885015,9.751071,1.454573,0.192364,7.60047380286053,True,0.16719649062204653,True,30842b15eefb0ef7e36cbdea86a9efddfacf69a871c8b054165faa9af9f6c8eb
1945,41.473654,1.307337,0.797909,0.268131,9.839828694413892,True,0.21645819309434783,False,30842b15eefb0ef7e36cbdea86a9efddfacf69a871c8b054165faa9af9f6c8eb
1946,33.988798,13.910766,0.811943,0.134468,0.0,False,0.0,True,30842b15eefb0ef7e36cbdea86a9efddfacf69a871c8b054165faa9af9f6c8eb
1947,33.354298,2.356627,0.643874,0.672611,34.47780992424543,True,0.7584486142822094,False,30842b15eefb0ef7e36cbdea86a9efddfacf69a871c8b054165faa9af9f6c8eb
1948,29.989316,4.477873,0.497399,0.951552,25.498956592562894,True,0.5609303008446468,False,30842b15eefb0ef7e36cbdea86a9efddfacf69a871c8b054165faa9af9f6c8eb
1949,38.668326,9.177225,0.819193,0.11086,9.191088688905,True,0.20218710223072414,False,30842b15eefb0ef7e36cbdea86a9efddfacf69a871c8b054165faa9af9f6c8eb
1950,34.87591,9.016816,1.362594,0.061667,9.65343419632191,True,0.21235785583109618,False,30842b15eefb0ef7e36cbdea86a9efddfacf69a871c8b054165faa9af9f6c8eb
1951,29.161409,11.447938,0.861983,0.384539,3.5380037329884453,True,0.07782959632605198,True,30842b15eefb0ef7e36cbdea86a9efddfacf69a871c8b054165faa9af9f6c8eb
1952,41.682826,7.856736,1.150258,0.711096,0.0,False,0.0,True,30842b15eefb0ef7e36cbdea86a9efddfacf69a871c8b054165faa9af9f6c8eb
1953,41.46853,1.155948,0.115467,0.157242,10.590797042103663,True,0.23297812008294042,False,30842b15eefb0ef7e36cbdea86a9efddfacf69a871c8b054165faa9af9f6c8eb
1954,36.114835,3.242349,1.387894,0.59949,30.61946735009654,True,0.6735721506895666,False,30842b15eefb0ef7e36cbdea86a9efddfacf69a871c8b054165faa9af9f6c8eb
1955,33.940523,7.390607,1.022139,0.924155,14.745646544466897,True,0.3243771925455597,False,30842b15eefb0ef7e36cbdea86a9efddfacf69a871c8b054165faa9af9f6c8eb
1956,39.153631,3.93636,0.804035,0.503524,27.52124903717741,True,0.6054170273989532,False,30842b15eefb0ef7e36cbdea86a9efddfacf69a871c8b054165faa9af9f6c8eb
1957,33.071174,3.175126,0.068847,0.288973,30.90692015941955,True,0.6798955855417684,False,30842b15eefb0ef7e36cbdea86a9efddfacf69a871c8b054165faa9af9f6c8eb
1958,30.371287,6.68536,0.179377,0.417968,17.167651564375056,True,0.37765686301100043,False,30842b15eefb0ef7e36cbdea86a9efddfacf69a871c8b054165faa9af9f6c8eb
1959,32.11819,3.977063,1.423225,0.272043,27.53683080979812,True,0.6057597978324061,False,30842b15eefb0ef7e36cbdea86a9efddfacf69a871c8b054165faa9af9f6c8eb
1960,36.582612,11.588756,0.380284,0.36407,3.249250506658344,True,0.07147755468359329,True,30842b15eefb0ef7e36cbdea86a9efddfacf69a871c8b054165faa9af9f6c8eb
1961,31.967893,11.331408,0.960394,0.283424,3.783073028319515,True,0.08322067156706543,True,30842b15eefb0ef7e36cbdea86a9efddfacf69a871c8b054165faa9af9f6c8eb
1962,35.794291,9.913307,1.187612,0.644024,7.169344941144565,True,0.157712446001347,True,30842b15eefb0ef7e36cbdea86a9efddfacf69a871c8b054165faa9af9f6c8eb
1963,33.049543,13.881318,0.233043,0.59751,0.0,False,0.0,True,30842b15eefb0ef7e36cbdea86a9efddfacf69a871c8b054165faa9af9f6c8eb
1964,33.990725,8.501178,0.337852,0.755755,11.189893359343387,True,0.24615714081048704,False,30842b15eefb0ef7e36cbdea86a9efddfacf69a871c8b054165faa9af9f6c8eb
1965,28.135404,5.029413,0.074114,0.634575,23.315930339087135,True,0.512907725149488,False,30842b15eefb0ef7e36cbdea86a9efddfacf69a871c8b054165faa9af9f6c8eb
1966,34.904596,4.667081,0.323305,0.831135,24.74273480175741,True,0.5442948077380183,False,30842b15eefb0ef7e36cbdea86a9efddfacf69a871c8b054165faa9af9f6c8eb
1967,31.426248,4.33853,1.435465,0.975424,26.060711583378854,True,0.5732878808442646,False,30842b15eefb0ef7e36cbdea86a9efddfacf69a871c8b054165faa9af9f6c8eb
1968,37.055838,3.836049,0.726193,0.263387,28.119998900065397,True,0.6185884267658751,False,30842b15eefb0ef7e36cbdea86a9efddfacf69a871c8b054165faa9af9f6c8eb
1969,28.080475,10.270344,0.849408,0.462723,6.25064193056621,True,0.13750266391713023,True,30842b15eefb0ef7e36cbdea86a9efddfacf69a871c8b054165faa9af9f6c8eb
1970,36.253572,1.674301,0.664445,0.066357,37.55249457918224,True,0.8260860402386562,False,30842b15eefb0ef7e36cbdea86a9efddfacf69a871c8b054165faa9af9f6c8eb
1971,34.368062,7.719392,1.307463,0.340002,13.6591598475974,True,0.30047647694073115,False,30842b15eefb0ef7e36cbdea86a9efddfacf69a871c8b054165faa9af9f6c8eb
1972,32.823542,2.942993,0.365256,0.136246,31.906401959048434,True,0.7018823529029905,False,30842b15eefb0ef7e36cbdea86a9efddfacf69a871c8b054165faa9af9f6c8eb
1973,33.877745,13.18914,0.502051,0.279562,0.0,False,0.0,True,30842b15eefb0ef7e36cbdea86a9efddfacf69a871c8b054165faa9af9f6c8eb
1974,36.024561,6.921232,0.202396,0.056172,16.34398570625681,True,0.3595377240606448,False,30842b15eefb0ef7e36cbdea86a9efddfacf69a871c8b054165faa9af9f6c8eb
1975,34.139725,3.258112,0.252357,0.795155,30.552192745131123,True,0.6720922327068259,False,30842b15eefb0ef7e36cbdea86a9efddfacf69a871c8b054165faa9af9f6c8eb
1976,31.486757,4.081338,1.247096,0.707016,27.108225635452243,True,0.5963312697074739,False,30842b15eefb0ef7e36cbdea86a9efddfacf69a871c8b054165faa9af9f6c8eb
1977,30.724785,4.853396,0.723081,0.05635,24.005528436536554,True,0.5280776191355431,False,30842b15eefb0ef7e36cbdea86a9efddfacf69a871c8b054165faa9af9f6c8eb
1978,29.043249,8.213534,1.319284,0.201375,12.079294335650655,True,0.2657223318566598,False,30842b15eefb0ef7e36cbdea86a9efddfacf69a871c8b054165faa9af9f6c8eb
1979,40.148946,2.051383,1.010437,0.817076,20.713421068182445,True,0.455657292059009,False,30842b15eefb0ef7e36cbdea86a9efddfacf69a871c8b054165faa9af9f6c8eb
1980,39.138389,9.928855,0.702051,0.437598,7.128469757093999,True,0.1568132668838277,True,30842b15eefb0ef7e36cbdea86a9efddfacf69a871c8b054165faa9af9f6c8eb
1981,36.626008,10.420229,0.218956,0.664755,5.877658150720791,True,0.1292977045071485,True,30842b15eefb0ef7e36cbdea86a9efddfacf69a871c8b054165faa9af9f6c8eb
1982,36.548226,8.900484,0.213741,0.13133,9.993437334044044,True,0.21983730157383788,False,30842b15eefb0ef7e36cbdea86a9efddfacf69a871c8b054165faa9af9f6c8eb
1983,34.711485,2.096337,0.569719,0.143326,35.64038528035103,True,0.7840231409059808,False,30842b15eefb0ef7e36cbdea86a9efddfacf69a871c8b054165faa9af9f6c8eb
1984,36.296664,6.040469,1.39693,0.583048,19.48734496707095,True,0.4286858654534399,False,30842b15eefb0ef7e36cbdea86a9efddfacf69a871c8b054165faa9af9f6c8eb
1985,28.928045,9.40882,0.187164,0.797009,8.537052165484598,True,0.187799497682521,True,30842b15eefb0ef7e36cbdea86a9efddfacf69a871c8b054165faa9af9f6c8eb
1986,38.007617,4.238595,0.005514,0.902407,26.46610025829829,True,0.5822056885418507,False,30842b15eefb0ef7e36cbdea86a9efddfacf69a871c8b054165faa9af9f6c8eb
1987,33.916614,0.210399,1.155985,0.27211,44.202651403333064,True,0.9723772994317084,False,30842b15eefb0ef7e36cbdea86a9efddfacf69a871c8b054165faa9af9f6c8eb
1988,33.125189,9.448042,0.591182,0.232539,8.42788934295908,True,0.18539811570212464,True,30842b15eefb0ef7e36cbdea86a9efddfacf69a871c8b054165faa9af9f6c8eb
1989,34.497111,10.581961,0.801282,0.368989,5.48386779100038,True,0.12063503848213487,True,30842b15eefb0ef7e36cbdea86a9efddfacf69a871c8b054165faa9af9f6c8eb
1990,39.558351,0.209335,1.06908,0.238709,24.734521434159156,True,0.5441141287074426,False,30842b15eefb0ef7e36cbdea86a9efddfacf69a871c8b054165faa9af9f6c8eb
1991,32.930876,2.807158,1.064347,0.901147,32.496157816799524,True,0.714855900644536,False,30842b15eefb0ef7e36cbdea86a9efddfacf69a871c8b054165faa9af9f6c8eb
1992,41.461034,8.519956,0.80762,0.051637,0.0,False,0.0,True,30842b15eefb0ef7e36cbdea86a9efddfacf69a871c8b054165faa9af9f6c8eb
1993,28.96589,3.09547,0.550092,0.138044,31.24869483111665,True,0.6874140017844178,False,30842b15eefb0ef7e36cbdea86a9efddfacf69a871c8b054165faa9af9f6c8eb
1994,28.434731,0.400704,0.859921,0.468884,42.855058006783544,True,0.9427327150896474,False,30842b15eefb0ef7e36cbdea86a9efddfacf69a871c8b054165faa9af9f6c8eb
1995,38.88068,0.794075,0.266493,0.861165,29.640254627413295,True,0.6520312658642706,False,30842b15eefb0ef7e36cbdea86a9efddfacf69a871c8b054165faa9af9f6c8eb
1996,37.774049,3.012878,0.939801,0.31922,31.604387332636648,True,0.6952385847692757,False,30842b15eefb0ef7e36cbdea86a9efddfacf69a871c8b054165faa9af9f6c8eb
1997,34.174844,5.167916,1.420808,0.391784,22.778034252413477,True,0.5010749973033214,False,30842b15eefb0ef7e36cbdea86a9efddfacf69a871c8b054165faa9af9f6c8eb
1998,36.687776,5.092433,0.799186,0.354965,23.07066440729395,True,0.5075123242667782,False,30842b15eefb0ef7e36cbdea86a9efddfacf69a871c8b054165faa9af9f6c8eb
1999,29.241909,8.490229,0.926242,0.274683,11.223331187558644,True,0.24689271173364577,False,30842b15eefb0ef7e36cbdea86a9efddfacf69a871c8b054165faa9af9f6c8eb
2000,28.52936,9.730304,1.27331,0.901608,7.656263772130695,True,0.1684237676729026,True,30842b15eefb0ef7e36cbdea86a9efddfacf69a871c8b054165faa9af9f6c8eb
2001,30.274771,10.062333,1.297058,0.960319,6.780784376353329,True,0.1491648258776168,True,30842b15eefb0ef7e36cbdea86a9efddfacf69a871c8b054165faa9af9f6c8eb
2002,38.013317,12.241824,1.362746,0.274507,2.0230889429539354,True,0.04450424805764845,True,30842b15eefb0ef7e36cbdea86a9efddfacf69a871c8b054165faa9af9f6c8eb
2003,31.15239,6.37537,0.106476,0.151865,18.270465630791577,True,0.4019167508148469,False,30842b15eefb0ef7e36cbdea86a9efddfacf69a871c8b054165faa9af9f6c8eb
2004,33.594523,4.093853,0.254761,0.454615,27.056935591734913,True,0.5952029827696041,False,30842b15eefb0ef7e36cbdea86a9efddfacf69a871c8b054165faa9af9f6c8eb
2005,29.357112,13.183156,0.96447,0.275334,0.0,False,0.0,True,30842b15eefb0ef7e36cbdea86a9efddfacf69a871c8b054165faa9af9f6c8eb
2006,28.762377,13.922191,0.964057,0.612068,0.0,False,0.0,True,30842b15eefb0ef7e36cbdea86a9efddfacf69a871c8b054165faa9af9f6c8eb
2007,39.037091,11.017218,0.52244,0.069033,4.470475568674272,True,0.09834226732189051,True,30842b15eefb0ef7e36cbdea86a9efddfacf69a871c8b054165faa9af9f6c8eb
2008,37.7588,12.616212,1.218812,0.311476,0.0,False,0.0,True,30842b15eefb0ef7e36cbdea86a9efddfacf69a871c8b054165faa9af9f6c8eb
2009,40.745616,10.816441,1.00028,0.932994,0.0,False,0.0,True,30842b15eefb0ef7e36cbdea86a9efddfacf69a871c8b054165faa9af9f6c8eb
2010,34.36005,0.222118,1.443651,0.629404,43.3677024181414,True,0.9540099523697468,False,30842b15eefb0ef7e36cbdea86a9efddfacf69a871c8b054165faa9af9f6c8eb
2011,30.344494,6.606401,0.900083,0.190283,17.44637864989189,True,0.38378834793529376,False,30842b15eefb0ef7e36cbdea86a9efddfacf69a871c8b054165faa9af9f6c8eb
2012,33.153143,1.721152,0.04076,0.386731,37.33858797031282,True,0.821380486972968,False,30842b15eefb0ef7e36cbdea86a9efddfacf69a871c8b054165faa9af9f6c8eb
2013,40.799238,11.420455,0.182683,0.316941,0.0,False,0.0,True,30842b15eefb0ef7e36cbdea86a9efddfacf69a871c8b054165faa9af9f6c8eb
2014,29.807731,5.986616,1.28303,0.24512,19.685451821760083,True,0.4330438530909643,False,30842b15eefb0ef7e36cbdea86a9efddfacf69a871c8b054165faa9af9f6c8eb
2015,37.244461,12.551643,1.280362,0.766985,0.0,False,0.0,True,30842b15eefb0ef7e36cbdea86a9efddfacf69a871c8b054165faa9af9f6c8eb
2016,38.454117,5.792424,1.070899,0.089665,20.405339490309174,True,0.448880062114959,False,30842b15eefb0ef7e36cbdea86a9efddfacf69a871c8b054165faa9af9f6c8eb
2017,31.153953,10.665251,1.458849,0.487451,5.284649420528689,True,0.11625259953500328,True,30842b15eefb0ef7e36cbdea86a9efddfacf69a871c8b054165faa9af9f6c8eb
2018,41.542972,13.30837,0.909715,0.707818,0.0,False,0.0,True,30842b15eefb0ef7e36cbdea86a9efddfacf69a871c8b054165faa9af9f6c8eb
2019,35.110933,8.908553,1.142741,0.262285,9.969727690043454,True,0.21931573286988357,False,30842b15eefb0ef7e36cbdea86a9efddfacf69a871c8b054165faa9af9f6c8eb
2020,40.787966,9.099089,0.980551,0.82099,9.415354559175038,True,0.20712054025682947,False,30842b15eefb0ef7e36cbdea86a9efddfacf69a871c8b054165faa9af9f6c8eb
2021,28.117331,1.782885,0.781856,0.97057,37.05735758430274,True,0.8151939340268249,False,30842b15eefb0ef7e36cbdea86a9efddfacf69a871c8b054165faa9af9f6c8eb
2022,38.91274,6.134,0.210928,0.483985,19.144867653894533,True,0.4211519923863143,False,30842b15eefb0ef7e36cbdea86a9efddfacf69a871c8b054165faa9af9f6c8eb
2023,41.960509,2.082511,1.479289,0.058119,0.0,False,0.0,True,30842b15eefb0ef7e36cbdea86a9efddfacf69a871c8b054165faa9af9f6c8eb
2024,34.857663,13.662967,1.353279,0.660456,0.0,False,0.0,True,30842b15eefb0ef7e36cbdea86a9efddfacf69a871c8b054165faa9af9f6c8eb
2025,36.153006,7.372514,1.07699,0.985906,14.806236560223143,True,0.3257100618197576,False,30842b15eefb0ef7e36cbdea86a9efddfacf69a871c8b054165faa9af9f6c8eb
2026,40.956109,11.872585,1.038894,0.611733,0.0,False,0.0,True,30842b15eefb0ef7e36cbdea86a9efddfacf69a871c8b054165faa9af9f6c8eb
2027,35.897791,4.030321,1.15331,0.909788,27.317642567617,True,0.6009380583160479,False,30842b15eefb0ef7e36cbdea86a9efddfacf69a871c8b054165faa9af9f6c8eb
2028,29.138258,2.327853,1.360145,0.801576,34.60569518143362,True,0.7612618555035812,False,30842b15eefb0ef7e36cbdea86a9efddfacf69a871c8b054165faa9af9f6c8eb
2029,28.931034,11.793596,0.645226,0.643301,2.844127159692328,True,0.06256558371458835,True,30842b15eefb0ef7e36cbdea86a9efddfacf69a871c8b054165faa9af9f6c8eb
2030,35.990032,11.353988,0.507311,0.481884,3.7351596512146816,True,0.08216666510463097,True,30842b15eefb0ef7e36cbdea86a9efddfacf69a871c8b054165faa9af9f6c8eb
2031,29.231901,3.317914,0.166658,0.554624,30.297413937639867,True,0.6664875659975774,False,30842b15eefb0ef7e36cbdea86a9efddfacf69a871c8b054165faa9af9f6c8eb
2032,41.563275,6.076924,0.095304,0.144173,0.0,False,0.0,True,30842b15eefb0ef7e36cbdea86a9efddfacf69a871c8b054165faa9af9f6c8eb
2033,35.431235,1.758025,0.845079,0.435821,37.17052436714447,True,0.8176833957941958,False,30842b15eefb0ef7e36cbdea86a9efddfacf69a871c8b054165faa9af9f6c8eb
2034,32.884654,12.306276,0.233344,0.662209,1.9128698306440097,True,0.04207962963836503,True,30842b15eefb0ef7e36cbdea86a9efddfacf69a871c8b054165faa9af9f6c8eb
2035,40.107854,7.385421,0.057123,0.846658,14.76300500421617,True,0.3247590468388526,False,30842b15eefb0ef7e36cbdea86a9efddfacf69a871c8b054165faa9af9f6c8eb
2036,37.85066,0.741021,0.155542,0.532242,34.914451267094776,True,0.76805392338247,False,30842b15eefb0ef7e36cbdea86a9efddfacf69a871c8b054165faa9af9f6c8eb
2037,28.222488,6.201545,0.351216,0.803567,18.8988035681846,True,0.4157390335805963,False,30842b15eefb0ef7e36cbdea86a9efddfacf69a871c8b054165faa9af9f6c8eb
2038,28.33374,2.46675,0.889404,0.920553,33.989831724700096,True,0.7477139884443653,False,30842b15eefb0ef7e36cbdea86a9efddfacf69a871c8b054165faa9af9f6c8eb
2039,33.811214,0.980533,1.375277,0.853599,40.76723558663199,True,0.8968044492018039,False,30842b15eefb0ef7e36cbdea86a9efddfacf69a871c8b054165faa9af9f6c8eb
2040,31.762189,9.009733,0.380756,0.3593,9.674023311276805,True,0.21281077861653838,False,30842b15eefb0ef7e36cbdea86a9efddfacf69a871c8b054165faa9af9f6c8eb
2041,34.18895,6.48084,0.458034,0.385144,17.892682053965217,True,0.39360620467017904,False,30842b15eefb0ef7e36cbdea86a9efddfacf69a871c8b054165faa9af9f6c8eb
2042,30.917015,5.500102,0.31853,0.486056,21.50512773928247,True,0.47307338748192435,False,30842b15eefb0ef7e36cbdea86a9efddfacf69a871c8b054165faa9af9f6c8eb
2043,30.816913,6.893594,1.299295,0.102148,16.439798078711163,True,0.36164542061326127,False,30842b15eefb0ef7e36cbdea86a9efddfacf69a871c8b054165faa9af9f6c8eb
2044,37.459998,2.681612,0.580051,0.117575,33.044434335631856,True,0.7269169789689869,False,30842b15eefb0ef7e36cbdea86a9efddfacf69a871c8b054165faa9af9f6c8eb
2045,39.86806,7.552272,0.949458,0.70832,14.207953196794447,True,0.31254892458576244,False,30842b15eefb0ef7e36cbdea86a9efddfacf69a871c8b054165faa9af9f6c8eb
2046,38.659852,4.638705,0.034296,0.337478,24.855663014624266,True,0.5467790214032837,False,30842b15eefb0ef7e36cbdea86a9efddfacf69a871c8b054165faa9af9f6c8eb
2047,38.318594,9.550959,0.940198,0.98103,8.143686887602872,True,0.17914618267870666,True,30842b15eefb0ef7e36cbdea86a9efddfacf69a871c8b054165faa9af9f6c8eb
2048,36.346385,6.039059,1.172307,0.661239,19.49252335758834,True,0.4287997805518976,False,30842b15eefb0ef7e36cbdea86a9efddfacf69a871c8b054165faa9af9f6c8eb
2049,33.646779,0.218128,0.459511,0.861098,44.400082128854365,True,0.9767204134670073,False,30842b15eefb0ef7e36cbdea86a9efddfacf69a871c8b054165faa9af9f6c8eb
2050,38.894397,13.108102,1.393518,0.730777,0.0,False,0.0,True,30842b15eefb0ef7e36cbdea86a9efddfacf69a871c8b054165faa9af9f6c8eb
2051,34.333536,11.924937,0.418719,0.933207,2.593990524574478,True,0.05706303628761456,True,30842b15eefb0ef7e36cbdea86a9efddfacf69a871c8b054165faa9af9f6c8eb
2052,38.08748,13.624849,0.02621,0.871617,0.0,False,0.0,True,30842b15eefb0ef7e36cbdea86a9efddfacf69a871c8b054165faa9af9f6c8eb
2053,31.685883,8.946143,0.708674,0.897784,9.859522429311392,True,0.2168914191599207,False,30842b15eefb0ef7e36cbdea86a9efddfacf69a871c8b054165faa9af9f6c8eb
2054,38.399601,8.650811,1.25323,0.731517,10.736268637202793,True,0.23617822849941988,False,30842b15eefb0ef7e36cbdea86a9efddfacf69a871c8b054165faa9af9f6c8eb
2055,34.078236,13.504111,0.719588,0.310418,0.0,False,0.0,True,30842b15eefb0ef7e36cbdea86a9efddfacf69a871c8b054165faa9af9f6c8eb
2056,30.870792,2.797344,1.009075,0.110039,32.53890663654959,True,0.7157962963127318,False,30842b15eefb0ef7e36cbdea86a9efddfacf69a871c8b054165faa9af9f6c8eb
2057,30.835422,12.570806,1.322969,0.566664,1.4827168799366899,True,0.03261705327083462,True,30842b15eefb0ef7e36cbdea86a9efddfacf69a871c8b054165faa9af9f6c8eb
2058,40.267819,9.842681,0.17312,0.652364,7.355995934766182,True,0.16181842569604804,True,30842b15eefb0ef7e36cbdea86a9efddfacf69a871c8b054165faa9af9f6c8eb
2059,39.893428,10.156489,1.155613,0.309522,6.539034788551253,True,0.1438467781166179,True,30842b15eefb0ef7e36cbdea86a9efddfacf69a871c8b054165faa9af9f6c8eb
2060,30.690845,8.36397,0.58075,0.940528,11.611314799805141,True,0.25542763995904993,False,30842b15eefb0ef7e36cbdea86a9efddfacf69a871c8b054165faa9af9f6c8eb
2061,33.341645,10.994836,1.426437,0.232825,4.520887727139863,True,0.09945124239354422,True,30842b15eefb0ef7e36cbdea86a9efddfacf69a871c8b054165faa9af9f6c8eb
2062,37.608847,0.420385,1.385688,0.110716,34.72383009466247,True,0.7638606070319884,False,30842b15eefb0ef7e36cbdea86a9efddfacf69a871c8b054165faa9af9f6c8eb
2063,30.236063,1.787234,0.63451,0.547747,37.03757204924091,True,0.814758688525923,False,30842b15eefb0ef7e36cbdea86a9efddfacf69a871c8b054165faa9af9f6c8eb
2064,39.236021,6.786485,0.533929,0.789363,16.812870357463105,True,0.36985232683695196,False,30842b15eefb0ef7e36cbdea86a9efddfacf69a871c8b054165faa9af9f6c8eb
2065,34.448014,1.832808,0.583271,0.362905,36.83044764230543,True,0.8102023312697805,False,30842b15eefb0ef7e36cbdea86a9efddfacf69a871c8b054165faa9af9f6c8eb
2066,41.948222,7.116804,0.234787,0.198857,0.0,False,0.0,True,30842b15eefb0ef7e36cbdea86a9efddfacf69a871c8b054165faa9af9f6c8eb
2067,36.217358,13.896843,0.276766,0.999492,0.0,False,0.0,True,30842b15eefb0ef7e36cbdea86a9efddfacf69a871c8b054165faa9af9f6c8eb
2068,39.03244,6.883365,0.704867,0.467708,16.475306152753493,True,0.36242653314948114,False,30842b15eefb0ef7e36cbdea86a9efddfacf69a871c8b054165faa9af9f6c8eb
2069,31.936729,8.95399,0.465594,0.611567,9.83656838658598,True,0.21638647229886673,False,30842b15eefb0ef7e36cbdea86a9efddfacf69a871c8b054165faa9af9f6c8eb
2070,41.088488,11.412753,0.275547,0.64545,0.0,False,0.0,True,30842b15eefb0ef7e36cbdea86a9efddfacf69a871c8b054165faa9af9f6c8eb
2071,40.059151,8.072419,1.37694,0.275728,12.523845499559613,True,0.27550164252010156,False,30842b15eefb0ef7e36cbdea86a9efddfacf69a871c8b054165faa9af9f6c8eb
2072,29.880058,13.824893,0.315575,0.239075,0.0,False,0.0,True,30842b15eefb0ef7e36cbdea86a9efddfacf69a871c8b054165faa9af9f6c8eb
2073,28.694578,8.45584,0.386065,0.693883,11.328569884790598,True,0.24920777015121395,False,30842b15eefb0ef7e36cbdea86a9efddfacf69a871c8b054165faa9af9f6c8eb
2074,36.712731,1.675475,1.324268,0.75263,37.54712949861031,True,0.8259680183012352,False,30842b15eefb0ef7e36cbdea86a9efddfacf69a871c8b054165faa9af9f6c8eb
2075,31.875459,0.070298,1.047328,0.41731,44.411005333333364,True,0.9769607039413392,False,30842b15eefb0ef7e36cbdea86a9efddfacf69a871c8b054165faa9af9f6c8eb
2076,33.003849,6.987785,0.341975,0.993195,16.11403455126921,True,0.3544792201929066,False,30842b15eefb0ef7e36cbdea86a9efddfacf69a871c8b054165faa9af9f6c8eb
2077,35.656488,10.502163,1.195484,0.665908,5.6770249962018475,True,0.12488414290453197,True,30842b15eefb0ef7e36cbdea86a9efddfacf69a871c8b054165faa9af9f6c8eb
2078,41.324852,8.051481,1.414156,0.491503,0.0,False,0.0,True,30842b15eefb0ef7e36cbdea86a9efddfacf69a871c8b054165faa9af9f6c8eb
2079,37.320631,1.476653,1.410586,0.083435,35.85776545687495,True,0.7888051062923914,False,30842b15eefb0ef7e36cbdea86a9efddfacf69a871c8b054165faa9af9f6c8eb
2080,36.714284,10.971924,1.00775,0.164647,4.572688442472815,True,0.1005907631708044,True,30842b15eefb0ef7e36cbdea86a9efddfacf69a871c8b054165faa9af9f6c8eb
2081,41.457024,0.629099,0.748149,0.626908,10.058440198734464,True,0.2212672454350387,False,30842b15eefb0ef7e36cbdea86a9efddfacf69a871c8b054165faa9af9f6c8eb
2082,39.860374,2.375407,0.717912,0.692905,23.06045422953257,True,0.5072877190731273,False,30842b15eefb0ef7e36cbdea86a9efddfacf69a871c8b054165faa9af9f6c8eb
2083,35.862867,1.881959,1.209896,0.085569,36.60750089635195,True,0.8052979115604464,False,30842b15eefb0ef7e36cbdea86a9efddfacf69a871c8b054165faa9af9f6c8eb
2084,36.724371,8.407897,0.110904,0.247256,11.47583243832607,True,0.25244727637014275,False,30842b15eefb0ef7e36cbdea86a9efddfacf69a871c8b054165faa9af9f6c8eb
2085,41.133389,13.343099,0.056168,0.361845,0.0,False,0.0,True,30842b15eefb0ef7e36cbdea86a9efddfacf69a871c8b054165faa9af9f6c8eb
2086,35.820566,11.94478,1.402841,0.996073,2.556871672560453,True,0.05624648958886424,True,30842b15eefb0ef7e36cbdea86a9efddfacf69a871c8b054165faa9af9f6c8eb
2087,31.14939,10.622826,1.210672,0.457747,5.3858172255301024,True,0.11847810578618011,True,30842b15eefb0ef7e36cbdea86a9efddfacf69a871c8b054165faa9af9f6c8eb
2088,33.214166,11.077947,1.031565,0.889873,4.334645532734,True,0.09535425553218702,True,30842b15eefb0ef7e36cbdea86a9efddfacf69a871c8b054165faa9af9f6c8eb
2089,39.123005,5.823208,0.415727,0.573624,20.290646321990913,True,0.44635702266524474,False,30842b15eefb0ef7e36cbdea86a9efddfacf69a871c8b054165faa9af9f6c8eb
2090,34.390993,4.748317,0.499609,0.106318,24.420388617108053,True,0.5372037825944944,False,30842b15eefb0ef7e36cbdea86a9efddfacf69a871c8b054165faa9af9f6c8eb
2091,40.660704,12.86756,0.268019,0.773665,0.0,False,0.0,True,30842b15eefb0ef7e36cbdea86a9efddfacf69a871c8b054165faa9af9f6c8eb
2092,39.937963,6.299691,0.606078,0.214804,18.543157404849648,True,0.40791546995086314,False,30842b15eefb0ef7e36cbdea86a9efddfacf69a871c8b054165faa9af9f6c8eb
2093,28.493007,7.659584,0.879713,0.339847,13.854730590828988,True,0.3047786747753399,False,30842b15eefb0ef7e36cbdea86a9efddfacf69a871c8b054165faa9af9f6c8eb
2094,40.509756,9.99944,0.735775,0.464874,6.943886887920652,True,0.15275278213574306,True,30842b15eefb0ef7e36cbdea86a9efddfacf69a871c8b054165faa9af9f6c8eb
2095,34.254067,13.567559,0.650819,0.253075,0.0,False,0.0,True,30842b15eefb0ef7e36cbdea86a9efddfacf69a871c8b054165faa9af9f6c8eb
2096,32.999916,4.811566,1.141655,0.203565,24.17039264968966,True,0.5317043295990393,False,30842b15eefb0ef7e36cbdea86a9efddfacf69a871c8b054165faa9af9f6c8eb
2097,34.45668,4.447859,0.054714,0.465494,25.619611638724987,True,0.5635844906777268,False,30842b15eefb0ef7e36cbdea86a9efddfacf69a871c8b054165faa9af9f6c8eb
2098,34.123398,7.352571,0.395062,0.227258,14.873117757566003,True,0.32718132555598917,False,30842b15eefb0ef7e36cbdea86a9efddfacf69a871c8b054165faa9af9f6c8eb
2099,29.914935,1.865572,0.130531,0.510075,36.681781451542356,True,0.806931947604965,False,30842b15eefb0ef7e36cbdea86a9efddfacf69a871c8b054165faa9af9f6c8eb
2100,41.920191,5.507509,1.142516,0.413759,0.0,False,0.0,True,30842b15eefb0ef7e36cbdea86a9efddfacf69a871c8b054165faa9af9f6c8eb
2101,41.381213,4.015065,0.349831,0.234263,11.157237563819116,True,0.24543877317292287,False,30842b15eefb0ef7e36cbdea86a9efddfacf69a871c8b054165faa9af9f6c8eb
2102,38.619836,5.106675,1.251167,0.959537,23.015356201633338,True,0.5062956451321725,False,30842b15eefb0ef7e36cbdea86a9efddfacf69a871c8b054165faa9af9f6c8eb
2103,39.549229,12.729294,0.068133,0.448391,0.0,False,0.0,True,30842b15eefb0ef7e36cbdea86a9efddfacf69a871c8b054165faa9af9f6c8eb
2104,31.76772,3.788595,0.24525,0.56447,28.317160823862245,True,0.6229256276559982,False,30842b15eefb0ef7e36cbdea86a9efddfacf69a871c8b054165faa9af9f6c8eb
2105,31.632261,1.379107,0.846746,0.32597,38.909583549518246,True,0.8559395097969186,False,30842b15eefb0ef7e36cbdea86a9efddfacf69a871c8b054165faa9af9f6c8eb
2106,31.355356,8.088502,0.963657,0.852799,12.472909632378613,True,0.2743811468167615,False,30842b15eefb0ef7e36cbdea86a9efddfacf69a871c8b054165faa9af9f6c8eb
2107,28.443528,0.649066,0.878524,0.862777,42.33396328725033,True,0.9312695865206307,False,30842b15eefb0ef7e36cbdea86a9efddfacf69a871c8b054165faa9af9f6c8eb
2108,41.139964,9.315403,0.384354,0.399653,0.0,False,0.0,True,30842b15eefb0ef7e36cbdea86a9efddfacf69a871c8b054165faa9af9f6c8eb
2109,33.713453,4.113956,0.505132,0.366504,26.974615564155904,True,0.5933920930703408,False,30842b15eefb0ef7e36cbdea86a9efddfacf69a871c8b054165faa9af9f6c8eb
2110,34.499132,8.409876,0.714568,0.677254,11.469741170963113,True,0.2523132796545507,False,30842b15eefb0ef7e36cbdea86a9efddfacf69a871c8b054165faa9af9f6c8eb
2111,37.639815,6.554186,0.099702,0.85642,17.631519023533546,True,0.3878610967596748,False,30842b15eefb0ef7e36cbdea86a9efddfacf69a871c8b054165faa9af9f6c8eb
2112,28.597309,7.595477,1.181998,0.19695,14.065385504171678,True,0.3094126967003853,False,30842b15eefb0ef7e36cbdea86a9efddfacf69a871c8b054165faa9af9f6c8eb
2113,39.066509,6.00814,0.997671,0.587122,19.606192232589645,True,0.43130028742635346,False,30842b15eefb0ef7e36cbdea86a9efddfacf69a871c8b054165faa9af9f6c8eb
2114,33.17371,6.908899,0.666848,0.08544,16.386717325696488,True,0.3604777413535434,False,30842b15eefb0ef7e36cbdea86a9efddfacf69a871c8b054165faa9af9f6c8eb
2115,37.76102,5.406671,0.528138,0.191363,21.860677346479218,True,0.4808948270536218,False,30842b15eefb0ef7e36cbdea86a9efddfacf69a871c8b054165faa9af9f6c8eb
2116,40.548209,9.802583,0.049214,0.493608,7.462676762542916,True,0.1641652083419157,True,30842b15eefb0ef7e36cbdea86a9efddfacf69a871c8b054165faa9af9f6c8eb
2117,29.60369,10.098227,1.127977,0.394236,6.688280120044012,True,0.14712990181581698,True,30842b15eefb0ef7e36cbdea86a9efddfacf69a871c8b054165faa9af9f6c8eb
2118,37.196709,6.773219,0.774281,0.402624,16.859271186709545,True,0.37087306001927517,False,30842b15eefb0ef7e36cbdea86a9efddfacf69a871c8b054165faa9af9f6c8eb
2119,33.463174,1.751266,1.472227,0.352583,37.201312321970235,True,0.818360674360482,False,30842b15eefb0ef7e36cbdea86a9efddfacf69a871c8b054165faa9af9f6c8eb
2120,35.150861,5.911585,1.49576,0.14231,19.962576536356114,True,0.43914008879243527,False,30842b15eefb0ef7e36cbdea86a9efddfacf69a871c8b054165faa9af9f6c8eb
2121,37.622108,11.482135,1.26625,0.721503,3.4671299271071807,True,0.0762705025211479,True,30842b15eefb0ef7e36cbdea86a9efddfacf69a871c8b054165faa9af9f6c8eb
2122,38.444886,3.725731,1.089595,0.103335,28.57905430371134,True,0.6286868041146402,False,30842b15eefb0ef7e36cbdea86a9efddfacf69a871c8b054165faa9af9f6c8eb
2123,35.382947,12.097611,0.94154,0.384702,2.27703887130002,True,0.05009068094518835,True,30842b15eefb0ef7e36cbdea86a9efddfacf69a871c8b054165faa9af9f6c8eb
2124,32.672711,10.510663,0.952073,0.659386,5.656344193338831,True,0.12442920315319154,True,30842b15eefb0ef7e36cbdea86a9efddfacf69a871c8b054165faa9af9f6c8eb
2125,41.452279,7.544122,0.012628,0.117879,0.0,False,0.0,True,30842b15eefb0ef7e36cbdea86a9efddfacf69a871c8b054165faa9af9f6c8eb
2126,40.189057,5.081058,0.219778,0.278375,21.209014238388086,True,0.4665594332917637,False,30842b15eefb0ef7e36cbdea86a9efddfacf69a871c8b054165faa9af9f6c8eb
2127,30.469352,12.129014,0.338887,0.118172,2.2208910917186455,True,0.0488555327234166,True,30842b15eefb0ef7e36cbdea86a9efddfacf69a871c8b054165faa9af9f6c8eb
2128,29.892797,12.491365,0.691748,0.746723,1.608043244581979,True,0.03537400354717462,True,30842b15eefb0ef7e36cbdea86a9efddfacf69a871c8b054165faa9af9f6c8eb
2129,41.434141,5.619381,0.828225,0.402406,0.0,False,0.0,True,30842b15eefb0ef7e36cbdea86a9efddfacf69a871c8b054165faa9af9f6c8eb
2130,38.155989,12.596212,0.098081,0.240238,0.0,False,0.0,True,30842b15eefb0ef7e36cbdea86a9efddfacf69a871c8b054165faa9af9f6c8eb
2131,34.207479,3.091864,0.515483,0.066609,31.264196477051883,True,0.6877550095776768,False,30842b15eefb0ef7e36cbdea86a9efddfacf69a871c8b054165faa9af9f6c8eb
2132,37.931362,11.807613,1.15533,0.341796,2.8170676906866285,True,0.06197032500135573,True,30842b15eefb0ef7e36cbdea86a9efddfacf69a871c8b054165faa9af9f6c8eb
2133,30.76555,10.171202,0.592413,0.277064,6.501523504755771,True,0.14302159863807382,True,30842b15eefb0ef7e36cbdea86a9efddfacf69a871c8b054165faa9af9f6c8eb
2134,29.89511,12.094931,1.335422,0.231844,2.281852250338123,True,0.050196566460233696,True,30842b15eefb0ef7e36cbdea86a9efddfacf69a871c8b054165faa9af9f6c8eb
2135,38.781346,2.821984,1.458022,0.134089,29.001206837993024,True,0.6379733859870145,False,30842b15eefb0ef7e36cbdea86a9efddfacf69a871c8b054165faa9af9f6c8eb
2136,28.978976,10.16375,0.592521,0.75033,6.5205136368258,True,0.14343934673127337,True,30842b15eefb0ef7e36cbdea86a9efddfacf69a871c8b054165faa9af9f6c8eb
2137,32.140636,3.436026,1.398579,0.738674,29.796307037818305,True,0.6554641328209345,False,30842b15eefb0ef7e36cbdea86a9efddfacf69a871c8b054165faa9af9f6c8eb
2138,34.473519,6.142578,0.390346,0.58955,19.11355951236527,True,0.4204632706661472,False,30842b15eefb0ef7e36cbdea86a9efddfacf69a871c8b054165faa9af9f6c8eb
2139,36.801919,3.337209,0.63443,0.70002,30.215361910885,True,0.6646825718251514,False,30842b15eefb0ef7e36cbdea86a9efddfacf69a871c8b054165faa9af9f6c8eb
2140,39.725124,1.531847,0.778318,0.559022,23.92250335680707,True,0.5262512195814573,False,30842b15eefb0ef7e36cbdea86a9efddfacf69a871c8b054165faa9af9f6c8eb
2141,30.883683,10.937705,0.647122,0.972874,4.650418024703921,True,0.10230067148752899,True,30842b15eefb0ef7e36cbdea86a9efddfacf69a871c8b054165faa9af9f6c8eb
2142,28.821556,7.997344,0.179031,0.499147,12.762525965224935,True,0.28075217522034696,False,30842b15eefb0ef7e36cbdea86a9efddfacf69a871c8b054165faa9af9f6c8eb
2143,34.259656,9.145209,0.611688,0.882147,9.282763001202166,True,0.2042037690456939,False,30842b15eefb0ef7e36cbdea86a9efddfacf69a871c8b054165faa9af9f6c8eb
2144,38.40292,12.779099,0.854572,0.876669,0.0,False,0.0,True,30842b15eefb0ef7e36cbdea86a9efddfacf69a871c8b054165faa9af9f6c8eb
2145,38.059892,3.748316,0.597419,0.059999,28.48487196844624,True,0.6266149653920348,False,30842b15eefb0ef7e36cbdea86a9efddfacf69a871c8b054165faa9af9f6c8eb
2146,29.649867,13.593688,0.593594,0.53788,0.0,False,0.0,True,30842b15eefb0ef7e36cbdea86a9efddfacf69a871c8b054165faa9af9f6c8eb
2147,41.64284,8.222503,1.494941,0.430131,0.0,False,0.0,True,30842b15eefb0ef7e36cbdea86a9efddfacf69a871c8b054165faa9af9f6c8eb
2148,35.133298,12.976494,0.326695,0.486981,0.0,False,0.0,True,30842b15eefb0ef7e36cbdea86a9efddfacf69a871c8b054165faa9af9f6c8eb
2149,38.257112,3.249909,0.99931,0.982978,30.587196016042025,True,0.6728622404995498,False,30842b15eefb0ef7e36cbdea86a9efddfacf69a871c8b054165faa9af9f6c8eb
2150,33.449895,13.890661,1.43793,0.56608,0.0,False,0.0,True,30842b15eefb0ef7e36cbdea86a9efddfacf69a871c8b054165faa9af9f6c8eb
2151,34.621904,8.217785,0.42518,0.568275,12.065985785606685,True,0.26542956815266777,False,30842b15eefb0ef7e36cbdea86a9efddfacf69a871c8b054165faa9af9f6c8eb
2152,36.518324,1.847274,0.07211,0.572821,36.76478365903937,True,0.8087578440118652,False,30842b15eefb0ef7e36cbdea86a9efddfacf69a871c8b054165faa9af9f6c8eb
2153,31.009126,11.767479,0.869711,0.880196,2.894774807768883,True,0.06367973912598827,True,30842b15eefb0ef7e36cbdea86a9efddfacf69a871c8b054165faa9af9f6c8eb
2154,32.976484,1.805214,1.190677,0.426065,36.95581042586596,True,0.8129600826954935,False,30842b15eefb0ef7e36cbdea86a9efddfacf69a871c8b054165faa9af9f6c8eb
2155,37.228482,7.608281,0.221056,0.675827,14.023227058916031,True,0.3084852881888037,False,30842b15eefb0ef7e36cbdea86a9efddfacf69a871c8b054165faa9af9f6c8eb
2156,38.766005,0.587163,0.043711,0.890062,30.499763494588418,True,0.6709388853071697,False,30842b15eefb0ef7e36cbdea86a9efddfacf69a871c8b054165faa9af9f6c8eb
2157,33.740079,3.028418,1.11314,0.997345,31.53735997880512,True,0.6937641058582247,False,30842b15eefb0ef7e36cbdea86a9efddfacf69a871c8b054165faa9af9f6c8eb
2158,32.271789,0.314539,1.376551,0.914026,43.93499713453547,True,0.9664893961767659,False,30842b15eefb0ef7e36cbdea86a9efddfacf69a871c8b054165faa9af9f6c8eb
2159,29.528054,9.027235,0.758611,0.541243,9.623174465080835,True,0.2116921972153438,False,30842b15eefb0ef7e36cbdea86a9efddfacf69a871c8b054165faa9af9f6c8eb
2160,31.029893,12.218689,0.892646,0.588891,2.0631513102325667,True,0.045385546696225125,True,30842b15eefb0ef7e36cbdea86a9efddfacf69a871c8b054165faa9af9f6c8eb
2161,32.461839,1.838349,1.353594,0.707986,36.805291352241596,True,0.8096489390043983,False,30842b15eefb0ef7e36cbdea86a9efddfacf69a871c8b054165faa9af9f6c8eb
2162,41.769384,11.770679,0.992902,0.355673,0.0,False,0.0,True,30842b15eefb0ef7e36cbdea86a9efddfacf69a871c8b054165faa9af9f6c8eb
2163,37.668231,9.979261,0.420993,0.59807,6.99649098796408,True,0.15390997590388447,True,30842b15eefb0ef7e36cbdea86a9efddfacf69a871c8b054165faa9af9f6c8eb
2164,29.555364,1.19561,1.170977,0.957757,39.76122862631031,True,0.8746741402671382,False,30842b15eefb0ef7e36cbdea86a9efddfacf69a871c8b054165faa9af9f6c8eb
2165,33.77511,11.688817,0.094772,0.429705,3.0491090495597217,True,0.06707480952285366,True,30842b15eefb0ef7e36cbdea86a9efddfacf69a871c8b054165faa9af9f6c8eb
2166,32.395076,1.355883,0.844473,0.718829,39.017030590879365,True,0.8583031477370349,False,30842b15eefb0ef7e36cbdea86a9efddfacf69a871c8b054165faa9af9f6c8eb
2167,38.962514,6.277596,0.374061,0.880664,18.623025269595637,True,0.4096724165630572,False,30842b15eefb0ef7e36cbdea86a9efddfacf69a871c8b054165faa9af9f6c8eb
2168,31.746622,12.437048,1.242055,0.19541,1.6956644539625956,True,0.037301509528049774,True,30842b15eefb0ef7e36cbdea86a9efddfacf69a871c8b054165faa9af9f6c8eb
2169,35.829815,12.270256,0.705745,0.649699,1.9742138966059994,True,0.0434290866347791,True,30842b15eefb0ef7e36cbdea86a9efddfacf69a871c8b054165faa9af9f6c8eb
2170,34.786873,4.785347,0.773311,0.198028,24.273920964075728,True,0.5339817627294388,False,30842b15eefb0ef7e36cbdea86a9efddfacf69a871c8b054165faa9af9f6c8eb
2171,31.121246,8.485388,0.767484,0.55614,11.2381260162925,True,0.24721817084419803,False,30842b15eefb0ef7e36cbdea86a9efddfacf69a871c8b054165faa9af9f6c8eb
2172,29.266155,10.052771,0.430721,0.683726,6.805498454412613,True,0.1497084902895534,True,30842b15eefb0ef7e36cbdea86a9efddfacf69a871c8b054165faa9af9f6c8eb
2173,30.194597,11.475588,0.897497,0.96837,3.4806616587712513,True,0.07656817581164992,True,30842b15eefb0ef7e36cbdea86a9efddfacf69a871c8b054165faa9af9f6c8eb
2174,28.638054,7.850262,0.58024,0.093823,13.234464579780935,True,0.2911339595918813,False,30842b15eefb0ef7e36cbdea86a9efddfacf69a871c8b054165faa9af9f6c8eb
2175,36.064587,0.982849,0.273831,0.716343,40.756358100027015,True,0.8965651644368915,False,30842b15eefb0ef7e36cbdea86a9efddfacf69a871c8b054165faa9af9f6c8eb
2176,31.812824,0.388019,0.380046,0.87716,43.58162873538002,True,0.9587159391834288,False,30842b15eefb0ef7e36cbdea86a9efddfacf69a871c8b054165faa9af9f6c8eb
2177,29.270982,7.376902,0.227968,0.790848,14.79153437657566,True,0.3253866407312703,False,30842b15eefb0ef7e36cbdea86a9efddfacf69a871c8b054165faa9af9f6c8eb
2178,32.600237,1.848753,1.132154,0.334003,36.758072391877526,True,0.8086102084372694,False,30842b15eefb0ef7e36cbdea86a9efddfacf69a871c8b054165faa9af9f6c8eb
2179,33.636055,11.765494,1.169998,0.101746,2.8986364097876356,True,0.06376468729138705,True,30842b15eefb0ef7e36cbdea86a9efddfacf69a871c8b054165faa9af9f6c8eb
2180,41.586799,9.902256,1.014299,0.229526,0.0,False,0.0,True,30842b15eefb0ef7e36cbdea86a9efddfacf69a871c8b054165faa9af9f6c8eb
2181,38.865407,6.752169,0.073778,0.489041,16.932985741009954,True,0.3724946450817956,False,30842b15eefb0ef7e36cbdea86a9efddfacf69a871c8b054165faa9af9f6c8eb
2182,35.283946,7.579456,0.224248,0.513166,14.118195621221115,True,0.31057442246499256,False,30842b15eefb0ef7e36cbdea86a9efddfacf69a871c8b054165faa9af9f6c8eb
2183,31.09229,8.709842,1.461388,0.142775,10.559039637361042,True,0.23227951539566002,False,30842b15eefb0ef7e36cbdea86a9efddfacf69a871c8b054165faa9af9f6c8eb
2184,34.840833,1.964938,0.222146,0.956797,36.23213728702345,True,0.7970406002644941,False,30842b15eefb0ef7e36cbdea86a9efddfacf69a871c8b054165faa9af9f6c8eb
2185,38.153525,10.73004,0.647694,0.05493,5.131391088076742,True,0.11288119717125741,True,30842b15eefb0ef7e36cbdea86a9efddfacf69a871c8b054165faa9af9f6c8eb
2186,41.979956,13.557536,0.049616,0.247513,0.0,False,0.0,True,30842b15eefb0ef7e36cbdea86a9efddfacf69a871c8b054165faa9af9f6c8eb
2187,39.666183,4.176126,0.711914,0.91555,24.38299153346888,True,0.5363811153100396,False,30842b15eefb0ef7e36cbdea86a9efddfacf69a871c8b054165faa9af9f6c8eb
2188,32.511155,12.932227,0.130324,0.928588,0.0,False,0.0,True,30842b15eefb0ef7e36cbdea86a9efddfacf69a871c8b054165faa9af9f6c8eb
2189,30.301957,4.173289,1.492556,0.065564,26.732140254552245,True,0.5880580807600863,False,30842b15eefb0ef7e36cbdea86a9efddfacf69a871c8b054165faa9af9f6c8eb
2190,40.900726,0.728077,1.285832,0.85876,14.504958566350293,True,0.3190824982515189,False,30842b15eefb0ef7e36cbdea86a9efddfacf69a871c8b054165faa9af9f6c8eb
2191,35.038894,1.702223,0.525665,0.459444,37.42496265968193,True,0.8232805717986862,False,30842b15eefb0ef7e36cbdea86a9efddfacf69a871c8b054165faa9af9f6c8eb
2192,38.378713,4.592147,0.482629,0.40498,25.041321242452867,True,0.5508631620704574,False,30842b15eefb0ef7e36cbdea86a9efddfacf69a871c8b054165faa9af9f6c8eb
2193,36.09075,3.322815,0.816773,0.974286,30.2765653984121,True,0.6660289363537035,False,30842b15eefb0ef7e36cbdea86a9efddfacf69a871c8b054165faa9af9f6c8eb
2194,41.635447,0.354163,0.393429,0.962005,6.091613281209974,True,0.13400432515952285,True,30842b15eefb0ef7e36cbdea86a9efddfacf69a871c8b054165faa9af9f6c8eb
2195,32.349037,3.761954,0.246522,0.760629,28.428049968880845,True,0.6253649855665816,False,30842b15eefb0ef7e36cbdea86a9efddfacf69a871c8b054165faa9af9f6c8eb
2196,36.589187,1.904334,0.848308,0.399396,36.506158449335146,True,0.8030685635050814,False,30842b15eefb0ef7e36cbdea86a9efddfacf69a871c8b054165faa9af9f6c8eb
2197,28.663763,8.96199,0.898187,0.57387,9.813185154436841,True,0.21587208405727246,False,30842b15eefb0ef7e36cbdea86a9efddfacf69a871c8b054165faa9af9f6c8eb
2198,35.02542,5.153009,0.501527,0.769775,22.835726535292533,True,0.5023441217662886,False,30842b15eefb0ef7e36cbdea86a9efddfacf69a871c8b054165faa9af9f6c8eb
2199,41.443079,5.548961,0.406546,0.849958,0.0,False,0.0,True,30842b15eefb0ef7e36cbdea86a9efddfacf69a871c8b054165faa9af9f6c8eb
2200,37.15363,9.163728,0.710929,0.212483,9.229698890462895,True,0.20303645588552663,False,30842b15eefb0ef7e36cbdea86a9efddfacf69a871c8b054165faa9af9f6c8eb
2201,34.572215,8.524873,1.493612,0.871838,11.11764369828907,True,0.2445677807139668,False,30842b15eefb0ef7e36cbdea86a9efddfacf69a871c8b054165faa9af9f6c8eb
2202,37.924694,3.629994,1.092468,0.811796,28.979438530103277,True,0.637494523118679,False,30842b15eefb0ef7e36cbdea86a9efddfacf69a871c8b054165faa9af9f6c8eb
2203,30.775531,11.048099,0.68877,0.47574,4.40123073999986,True,0.09681900802932783,True,30842b15eefb0ef7e36cbdea86a9efddfacf69a871c8b054165faa9af9f6c8eb
2204,40.867754,10.131579,0.175581,0.191609,0.0,False,0.0,True,30842b15eefb0ef7e36cbdea86a9efddfacf69a871c8b054165faa9af9f6c8eb
2205,35.613783,2.321393,0.258309,0.333523,34.63442816255308,True,0.7618939284154667,False,30842b15eefb0ef7e36cbdea86a9efddfacf69a871c8b054165faa9af9f6c8eb
2206,32.534117,4.475526,1.424968,0.051178,25.508384591999867,True,0.5611376995490348,False,30842b15eefb0ef7e36cbdea86a9efddfacf69a871c8b054165faa9af9f6c8eb
2207,41.912383,10.706112,0.078714,0.360652,0.0,False,0.0,True,30842b15eefb0ef7e36cbdea86a9efddfacf69a871c8b054165faa9af9f6c8eb
2208,31.611931,1.529633,0.310831,0.870053,38.21556700803289,True,0.8406724181418787,False,30842b15eefb0ef7e36cbdea86a9efddfacf69a871c8b054165faa9af9f6c8eb
2209,41.602032,3.310681,1.244785,0.419535,0.0,False,0.0,True,30842b15eefb0ef7e36cbdea86a9efddfacf69a871c8b054165faa9af9f6c8eb
2210,40.914435,5.590014,0.433124,0.913407,15.241325314934171,True,0.33528121682714956,False,30842b15eefb0ef7e36cbdea86a9efddfacf69a871c8b054165faa9af9f6c8eb
2211,41.503419,13.014153,0.769713,0.905192,0.0,False,0.0,True,30842b15eefb0ef7e36cbdea86a9efddfacf69a871c8b054165faa9af9f6c8eb
2212,33.789131,12.220214,1.137877,0.132513,2.0605024474664138,True,0.045327276571213514,True,30842b15eefb0ef7e36cbdea86a9efddfacf69a871c8b054165faa9af9f6c8eb
2213,41.272446,12.984918,1.02047,0.805785,0.0,False,0.0,True,30842b15eefb0ef7e36cbdea86a9efddfacf69a871c8b054165faa9af9f6c8eb
2214,34.043097,11.773714,0.495176,0.213497,2.8826564581988623,True,0.06341315765057078,True,30842b15eefb0ef7e36cbdea86a9efddfacf69a871c8b054165faa9af9f6c8eb
2215,37.247399,6.780601,0.208073,0.834231,16.833445714947405,True,0.37030494698326105,False,30842b15eefb0ef7e36cbdea86a9efddfacf69a871c8b054165faa9af9f6c8eb
2216,29.809182,5.469346,0.126676,0.85166,21.6219543754691,True,0.4756433593137109,False,30842b15eefb0ef7e36cbdea86a9efddfacf69a871c8b054165faa9af9f6c8eb
2217,39.753072,11.02273,0.143142,0.845033,4.45808954418237,True,0.09806979748888808,True,30842b15eefb0ef7e36cbdea86a9efddfacf69a871c8b054165faa9af9f6c8eb
2218,36.598933,13.635407,0.805384,0.303685,0.0,False,0.0,True,30842b15eefb0ef7e36cbdea86a9efddfacf69a871c8b054165faa9af9f6c8eb
2219,31.230728,5.229273,0.228348,0.08117,22.541086481885156,True,0.4958625807197469,False,30842b15eefb0ef7e36cbdea86a9efddfacf69a871c8b054165faa9af9f6c8eb
2220,36.000611,10.056633,0.397004,0.378154,6.795513067772166,True,0.14948883008848032,True,30842b15eefb0ef7e36cbdea86a9efddfacf69a871c8b054165faa9af9f6c8eb
2221,33.823887,5.521653,0.876587,0.574432,21.42339209082997,True,0.4712753530521718,False,30842b15eefb0ef7e36cbdea86a9efddfacf69a871c8b054165faa9af9f6c8eb
2222,40.734657,11.857954,0.35464,0.954984,0.0,False,0.0,True,30842b15eefb0ef7e36cbdea86a9efddfacf69a871c8b054165faa9af9f6c8eb
2223,34.163536,10.440212,0.127107,0.524701,5.828511496598726,True,0.12821656821115443,True,30842b15eefb0ef7e36cbdea86a9efddfacf69a871c8b054165faa9af9f6c8eb
2224,35.029632,0.742597,1.24816,0.229313,41.889882548438464,True,0.9215006243469509,False,30842b15eefb0ef7e36cbdea86a9efddfacf69a871c8b054165faa9af9f6c8eb
2225,35.395963,9.786858,0.962037,0.179436,7.504652732302241,True,0.16508860272708875,True,30842b15eefb0ef7e36cbdea86a9efddfacf69a871c8b054165faa9af9f6c8eb
2226,40.743384,11.056004,1.226448,0.502453,0.0,False,0.0,True,30842b15eefb0ef7e36cbdea86a9efddfacf69a871c8b054165faa9af9f6c8eb
2227,34.399239,13.36605,1.309175,0.135503,0.0,False,0.0,True,30842b15eefb0ef7e36cbdea86a9efddfacf69a871c8b054165faa9af9f6c8eb
2228,30.941929,7.14964,0.487202,0.638207,15.559353507389408,True,0.34227725405806225,False,30842b15eefb0ef7e36cbdea86a9efddfacf69a871c8b054165faa9af9f6c8eb
2229,37.219103,2.012101,1.474674,0.342065,36.0193663347163,True,0.7923600293613121,False,30842b15eefb0ef7e36cbdea86a9efddfacf69a871c8b054165faa9af9f6c8eb
2230,36.525171,13.551172,0.028366,0.550835,0.0,False,0.0,True,30842b15eefb0ef7e36cbdea86a9efddfacf69a871c8b054165faa9af9f6c8eb
2231,36.035354,8.88848,0.205569,0.619161,10.028744152298534,True,0.2206139868516635,False,30842b15eefb0ef7e36cbdea86a9efddfacf69a871c8b054165faa9af9f6c8eb
2232,36.585196,1.250452,0.303447,0.348466,39.50605262004746,True,0.8690607359130517,False,30842b15eefb0ef7e36cbdea86a9efddfacf69a871c8b054165faa9af9f6c8eb
2233,31.73799,10.400939,1.497824,0.266804,5.9252307311009265,True,0.13034421406638155,True,30842b15eefb0ef7e36cbdea86a9efddfacf69a871c8b054165faa9af9f6c8eb
2234,34.564772,2.255356,0.164142,0.477227,34.92860501324924,True,0.7683652798514958,False,30842b15eefb0ef7e36cbdea86a9efddfacf69a871c8b054165faa9af9f6c8eb
2235,40.877237,8.744624,1.016207,0.3016,10.455074828703847,True,0.22999248019146873,False,30842b15eefb0ef7e36cbdea86a9efddfacf69a871c8b054165faa9af9f6c8eb
2236,36.199789,5.688949,0.543592,0.300528,20.792436142133287,True,0.45739547883702936,False,30842b15eefb0ef7e36cbdea86a9efddfacf69a871c8b054165faa9af9f6c8eb
2237,34.67817,10.79456,1.210162,0.543374,4.98027051939129,True,0.10955682169146745,True,30842b15eefb0ef7e36cbdea86a9efddfacf69a871c8b054165faa9af9f6c8eb
2238,37.349752,3.925357,1.296316,0.123621,27.750189541817466,True,0.6104532988117501,False,30842b15eefb0ef7e36cbdea86a9efddfacf69a871c8b054165faa9af9f6c8eb
2239,33.747262,1.812876,0.198178,0.586634,36.92098682115971,True,0.8121940272299113,False,30842b15eefb0ef7e36cbdea86a9efddfacf69a871c8b054165faa9af9f6c8eb
2240,29.393218,2.087935,0.739555,0.367895,35.67812618641963,True,0.7848533716535944,False,30842b15eefb0ef7e36cbdea86a9efddfacf69a871c8b054165faa9af9f6c8eb
2241,31.835791,5.033552,0.772891,0.302276,23.299795357660862,True,0.5125527851364444,False,30842b15eefb0ef7e36cbdea86a9efddfacf69a871c8b054165faa9af9f6c8eb
2242,31.26291,10.77384,0.191903,0.865118,5.028637256821272,True,0.11062080124996385,True,30842b15eefb0ef7e36cbdea86a9efddfacf69a871c8b054165faa9af9f6c8eb
2243,32.922674,3.42686,1.351989,0.658854,29.83509530790152,True,0.6563174036568622,False,30842b15eefb0ef7e36cbdea86a9efddfacf69a871c8b054165faa9af9f6c8eb
2244,38.741686,4.07426,0.9176,0.979979,27.137247631637806,True,0.5969697004209968,False,30842b15eefb0ef7e36cbdea86a9efddfacf69a871c8b054165faa9af9f6c8eb
2245,34.884092,1.952309,1.293612,0.067286,36.28918257023101,True,0.7982954919207558,False,30842b15eefb0ef7e36cbdea86a9efddfacf69a871c8b054165faa9af9f6c8eb
2246,32.210068,12.577767,0.331611,0.950132,1.4718975498394569,True,0.03237904784248118,True,30842b15eefb0ef7e36cbdea86a9efddfacf69a871c8b054165faa9af9f6c8eb
2247,39.126919,13.682536,0.548866,0.621269,0.0,False,0.0,True,30842b15eefb0ef7e36cbdea86a9efddfacf69a871c8b054165faa9af9f6c8eb
2248,29.717665,9.777168,1.038064,0.081598,7.530558059739431,True,0.16565847244156406,True,30842b15eefb0ef7e36cbdea86a9efddfacf69a871c8b054165faa9af9f6c8eb
2249,34.722047,8.033924,0.601272,0.813869,12.64604222156404,True,0.27818974639554267,False,30842b15eefb0ef7e36cbdea86a9efddfacf69a871c8b054165faa9af9f6c8eb
2250,29.855651,12.166205,0.818781,0.69841,2.155001772667983,True,0.04740608849132136,True,30842b15eefb0ef7e36cbdea86a9efddfacf69a871c8b054165faa9af9f6c8eb
2251,28.042619,4.980346,1.193065,0.966609,23.50749066984408,True,0.5171217012614648,False,30842b15eefb0ef7e36cbdea86a9efddfacf69a871c8b054165faa9af9f6c8eb
2252,31.124345,11.509696,0.769127,0.18402,3.410358262621186,True,0.07502162997516819,True,30842b15eefb0ef7e36cbdea86a9efddfacf69a871c8b054165faa9af9f6c8eb
2253,36.787796,1.310582,1.452244,0.411094,37.739085934729665,True,0.8301907080050525,False,30842b15eefb0ef7e36cbdea86a9efddfacf69a871c8b054165faa9af9f6c8eb
2254,38.595437,0.869066,0.770113,0.963957,30.690832083806512,True,0.6751420440067429,False,30842b15eefb0ef7e36cbdea86a9efddfacf69a871c8b054165faa9af9f6c8eb
2255,35.123184,0.335323,0.381874,0.582372,43.16667643508308,True,0.9495877492593898,False,30842b15eefb0ef7e36cbdea86a9efddfacf69a871c8b054165faa9af9f6c8eb
2256,29.728999,0.381234,0.866892,0.610761,43.614218208937956,True,0.9594328478593137,False,30842b15eefb0ef7e36cbdea86a9efddfacf69a871c8b054165faa9af9f6c8eb
2257,36.407776,5.603236,0.926724,0.770339,21.11491686982773,True,0.46448946368090344,False,30842b15eefb0ef7e36cbdea86a9efddfacf69a871c8b054165faa9af9f6c8eb
2258,29.780909,0.824839,0.12196,0.098735,41.50069328509925,True,0.9129391740076832,False,30842b15eefb0ef7e36cbdea86a9efddfacf69a871c8b054165faa9af9f6c8eb
2259,32.573485,7.067528,1.076608,0.923349,15.839943989937169,True,0.3484497303010927,False,30842b15eefb0ef7e36cbdea86a9efddfacf69a871c8b054165faa9af9f6c8eb
2260,29.290575,3.303355,1.302909,0.529397,30.359375194062526,True,0.6678506000527047,False,30842b15eefb0ef7e36cbdea86a9efddfacf69a871c8b054165faa9af9f6c8eb
2261,36.951361,0.23493,0.237806,0.910524,38.39266721114324,True,0.8445682979536554,False,30842b15eefb0ef7e36cbdea86a9efddfacf69a871c8b054165faa9af9f6c8eb
2262,32.297524,2.654743,1.13704,0.923973,33.16217163610051,True,0.729506983745566,False,30842b15eefb0ef7e36cbdea86a9efddfacf69a871c8b054165faa9af9f6c8eb
2263,31.640914,13.284121,0.852943,0.915998,0.0,False,0.0,True,30842b15eefb0ef7e36cbdea86a9efddfacf69a871c8b054165faa9af9f6c8eb
2264,31.382906,1.959154,0.039565,0.489645,36.25825994338376,True,0.7976152508168749,False,30842b15eefb0ef7e36cbdea86a9efddfacf69a871c8b054165faa9af9f6c8eb
2265,34.007918,11.323601,0.228936,0.23596,3.7996863068564317,True,0.08358613323973821,True,30842b15eefb0ef7e36cbdea86a9efddfacf69a871c8b054165faa9af9f6c8eb
2266,31.899377,8.495951,0.186264,0.257512,11.205852269257843,True,0.2465082075730415,False,30842b15eefb0ef7e36cbdea86a9efddfacf69a871c8b054165faa9af9f6c8eb
2267,30.314313,5.186856,0.306078,0.1719,22.70480386906477,True,0.4994640631141655,False,30842b15eefb0ef7e36cbdea86a9efddfacf69a871c8b054165faa9af9f6c8eb
2268,34.505705,11.506014,0.220486,0.128857,3.417924555398871,True,0.07518807454589636,True,30842b15eefb0ef7e36cbdea86a9efddfacf69a871c8b054165faa9af9f6c8eb
2269,38.609015,1.048714,1.33745,0.415463,30.051742054765416,True,0.6610832349352614,False,30842b15eefb0ef7e36cbdea86a9efddfacf69a871c8b054165faa9af9f6c8eb
2270,37.591107,13.737657,0.079942,0.9007,0.0,False,0.0,True,30842b15eefb0ef7e36cbdea86a9efddfacf69a871c8b054165faa9af9f6c8eb
2271,34.341419,7.186721,0.731167,0.347334,15.433190448367663,True,0.33950189803925207,False,30842b15eefb0ef7e36cbdea86a9efddfacf69a871c8b054165faa9af9f6c8eb
2272,38.437516,10.962799,1.45162,0.576975,4.593373458829627,True,0.10104579561128423,True,30842b15eefb0ef7e36cbdea86a9efddfacf69a871c8b054165faa9af9f6c8eb
2273,36.0132,3.891154,1.22377,0.816539,27.891625548575004,True,0.6135646316826767,False,30842b15eefb0ef7e36cbdea86a9efddfacf69a871c8b054165faa9af9f6c8eb
2274,29.59712,4.495862,0.21445,0.977916,25.426732599966837,True,0.5593415054071533,False,30842b15eefb0ef7e36cbdea86a9efddfacf69a871c8b054165faa9af9f6c8eb
2275,33.970467,13.582673,1.193856,0.839945,0.0,False,0.0,True,30842b15eefb0ef7e36cbdea86a9efddfacf69a871c8b054165faa9af9f6c8eb
2276,36.670088,12.987175,1.426981,0.450683,0.0,False,0.0,True,30842b15eefb0ef7e36cbdea86a9efddfacf69a871c8b054165faa9af9f6c8eb
2277,29.770677,1.669796,1.347555,0.995455,37.573084418987264,True,0.8265389789694726,False,30842b15eefb0ef7e36cbdea86a9efddfacf69a871c8b054165faa9af9f6c8eb
2278,33.728139,8.018197,0.658038,0.451015,12.696078958469412,True,0.27929046288108705,False,30842b15eefb0ef7e36cbdea86a9efddfacf69a871c8b054165faa9af9f6c8eb
2279,33.093744,0.876255,0.263042,0.346197,41.257996079616944,True,0.9076002803948734,False,30842b15eefb0ef7e36cbdea86a9efddfacf69a871c8b054165faa9af9f6c8eb
2280,36.62104,12.955533,1.081258,0.917192,0.0,False,0.0,True,30842b15eefb0ef7e36cbdea86a9efddfacf69a871c8b054165faa9af9f6c8eb
2281,36.93491,6.162796,1.208593,0.244936,19.039835092419633,True,0.41884146857751725,False,30842b15eefb0ef7e36cbdea86a9efddfacf69a871c8b054165faa9af9f6c8eb
2282,38.373816,12.805017,0.161492,0.320334,0.0,False,0.0,True,30842b15eefb0ef7e36cbdea86a9efddfacf69a871c8b054165faa9af9f6c8eb
2283,30.653877,6.49183,0.134051,0.176313,17.85346849038464,True,0.3927435781569491,False,30842b15eefb0ef7e36cbdea86a9efddfacf69a871c8b054165faa9af9f6c8eb
2284,31.192084,2.578159,0.905275,0.565828,33.49852005942151,True,0.7369060324712341,False,30842b15eefb0ef7e36cbdea86a9efddfacf69a871c8b054165faa9af9f6c8eb
2285,32.13718,12.800817,1.174157,0.082365,1.1395926778692005,True,0.025068949833969588,True,30842b15eefb0ef7e36cbdea86a9efddfacf69a871c8b054165faa9af9f6c8eb
2286,30.924689,2.621264,0.430249,0.608596,33.30906848442301,True,0.732738445120213,False,30842b15eefb0ef7e36cbdea86a9efddfacf69a871c8b054165faa9af9f6c8eb
2287,30.083609,1.125301,1.111054,0.654306,40.08917158324399,True,0.8818882841410229,False,30842b15eefb0ef7e36cbdea86a9efddfacf69a871c8b054165faa9af9f6c8eb
2288,38.863912,5.530322,0.004954,0.336,21.390542779986948,True,0.47055272843234364,False,30842b15eefb0ef7e36cbdea86a9efddfacf69a871c8b054165faa9af9f6c8eb
2289,35.706528,12.118626,0.277002,0.283601,2.2394128310472894,True,0.049262977034954136,True,30842b15eefb0ef7e36cbdea86a9efddfacf69a871c8b054165faa9af9f6c8eb
2290,40.32047,12.728105,1.058344,0.627808,0.0,False,0.0,True,30842b15eefb0ef7e36cbdea86a9efddfacf69a871c8b054165faa9af9f6c8eb
2291,29.498264,2.880441,0.73767,0.794553,32.177537170337104,True,0.7078468305115405,False,30842b15eefb0ef7e36cbdea86a9efddfacf69a871c8b054165faa9af9f6c8eb
2292,30.903014,1.606559,0.021163,0.815737,37.86250213126617,True,0.8329056380846822,False,30842b15eefb0ef7e36cbdea86a9efddfacf69a871c8b054165faa9af9f6c8eb
2293,41.484875,8.231987,1.167524,0.070724,0.0,False,0.0,True,30842b15eefb0ef7e36cbdea86a9efddfacf69a871c8b054165faa9af9f6c8eb
2294,28.088417,1.535225,0.200313,0.501868,38.18986477828848,True,0.8401070162043298,False,30842b15eefb0ef7e36cbdea86a9efddfacf69a871c8b054165faa9af9f6c8eb
2295,34.304842,12.470802,0.041771,0.580253,1.6410319528835444,True,0.036099694655550026,True,30842b15eefb0ef7e36cbdea86a9efddfacf69a871c8b054165faa9af9f6c8eb
2296,36.336152,6.360372,0.274758,0.318092,18.324400409025117,True,0.40310321706379737,False,30842b15eefb0ef7e36cbdea86a9efddfacf69a871c8b054165faa9af9f6c8eb
2297,40.692914,1.774072,0.595642,0.441745,16.922160727955347,True,0.37225651463879783,False,30842b15eefb0ef7e36cbdea86a9efddfacf69a871c8b054165faa9af9f6c8eb
2298,39.647545,2.266212,1.146532,0.504853,24.07199779085869,True,0.5295398230803012,False,30842b15eefb0ef7e36cbdea86a9efddfacf69a871c8b054165faa9af9f6c8eb
2299,30.577757,9.322838,1.204683,0.393475,8.777989847321155,True,0.19309968500064875,True,30842b15eefb0ef7e36cbdea86a9efddfacf69a871c8b054165faa9af9f6c8eb
2300,41.577917,13.496182,1.318386,0.771839,0.0,False,0.0,True,30842b15eefb0ef7e36cbdea86a9efddfacf69a871c8b054165faa9af9f6c8eb
2301,41.692717,4.769564,0.41112,0.26718,0.0,False,0.0,True,30842b15eefb0ef7e36cbdea86a9efddfacf69a871c8b054165faa9af9f6c8eb
2302,32.441944,5.780269,0.980009,0.529049,20.450685163801296,True,0.4498775838049782,False,30842b15eefb0ef7e36cbdea86a9efddfacf69a871c8b054165faa9af9f6c8eb
2303,32.168038,10.149516,1.26139,0.745073,6.556837793673527,True,0.14423841159318487,True,30842b15eefb0ef7e36cbdea86a9efddfacf69a871c8b054165faa9af9f6c8eb
2304,38.483043,1.483746,0.916257,0.503562,31.130222655335807,True,0.6848078310981297,False,30842b15eefb0ef7e36cbdea86a9efddfacf69a871c8b054165faa9af9f6c8eb
2305,36.257974,5.567519,0.610051,0.923766,21.249783630156834,True,0.4674562851730194,False,30842b15eefb0ef7e36cbdea86a9efddfacf69a871c8b054165faa9af9f6c8eb
2306,38.729376,4.611827,0.219077,0.069588,24.962787587604705,True,0.5491355656301679,False,30842b15eefb0ef7e36cbdea86a9efddfacf69a871c8b054165faa9af9f6c8eb
2307,33.638864,0.85856,0.995787,0.449547,41.34146763525358,True,0.9094365016004456,False,30842b15eefb0ef7e36cbdea86a9efddfacf69a871c8b054165faa9af9f6c8eb
2308,40.970329,10.123226,1.103321,0.116164,0.0,False,0.0,True,30842b15eefb0ef7e36cbdea86a9efddfacf69a871c8b054165faa9af9f6c8eb
2309,31.026317,12.205611,0.145477,0.181514,2.0859137780506067,True,0.04588627926050832,True,30842b15eefb0ef7e36cbdea86a9efddfacf69a871c8b054165faa9af9f6c8eb
2310,37.021028,1.662007,0.281228,0.702844,37.60869246337397,True,0.8273222906700051,False,30842b15eefb0ef7e36cbdea86a9efddfacf69a871c8b054165faa9af9f6c8eb
2311,40.640296,4.257185,0.012268,0.304331,17.932051722578233,True,0.3944722652079539,False,30842b15eefb0ef7e36cbdea86a9efddfacf69a871c8b054165faa9af9f6c8eb
2312,37.699065,10.777122,0.351519,0.225726,5.020965695575129,True,0.11045204096590572,True,30842b15eefb0ef7e36cbdea86a9efddfacf69a871c8b054165faa9af9f6c8eb
2313,41.518838,13.957882,1.288189,0.86148,0.0,False,0.0,True,30842b15eefb0ef7e36cbdea86a9efddfacf69a871c8b054165faa9af9f6c8eb
2314,33.607417,0.624555,0.042493,0.793278,42.45059826012438,True,0.933835342110894,False,30842b15eefb0ef7e36cbdea86a9efddfacf69a871c8b054165faa9af9f6c8eb
2315,32.630519,2.679236,0.954486,0.76422,33.05484010582273,True,0.7271458868375303,False,30842b15eefb0ef7e36cbdea86a9efddfacf69a871c8b054165faa9af9f6c8eb
2316,34.51331,13.667858,0.468775,0.163146,0.0,False,0.0,True,30842b15eefb0ef7e36cbdea86a9efddfacf69a871c8b054165faa9af9f6c8eb
2317,37.198447,10.388948,1.056386,0.164408,5.9548670394774215,True,0.1309961585219598,True,30842b15eefb0ef7e36cbdea86a9efddfacf69a871c8b054165faa9af9f6c8eb
2318,37.352252,4.162571,1.367614,0.507964,26.775887321693638,True,0.5890204360409235,False,30842b15eefb0ef7e36cbdea86a9efddfacf69a871c8b054165faa9af9f6c8eb
2319,32.87938,5.33536,0.290467,0.188893,22.13335451555956,True,0.48689322490690157,False,30842b15eefb0ef7e36cbdea86a9efddfacf69a871c8b054165faa9af9f6c8eb
2320,31.416032,8.510427,0.332676,0.442567,11.161673190066187,True,0.2455363488190546,False,30842b15eefb0ef7e36cbdea86a9efddfacf69a871c8b054165faa9af9f6c8eb
2321,34.55889,2.602633,1.063143,0.673514,33.39090998419891,True,0.7345388080850359,False,30842b15eefb0ef7e36cbdea86a9efddfacf69a871c8b054165faa9af9f6c8eb
2322,30.690325,4.323129,0.555656,0.58743,26.123050066870253,True,0.5746592132033788,False,30842b15eefb0ef7e36cbdea86a9efddfacf69a871c8b054165faa9af9f6c8eb
2323,36.663162,0.424598,1.476772,0.881341,38.12490308633053,True,0.8386779780677661,False,30842b15eefb0ef7e36cbdea86a9efddfacf69a871c8b054165faa9af9f6c8eb
2324,31.706147,8.589344,0.731465,0.601608,10.921853329345591,True,0.24026075151631004,False,30842b15eefb0ef7e36cbdea86a9efddfacf69a871c8b054165faa9af9f6c8eb
2325,30.801618,9.157231,1.162538,0.089717,9.248303764754603,True,0.20344572901385016,False,30842b15eefb0ef7e36cbdea86a9efddfacf69a871c8b054165faa9af9f6c8eb
2326,38.84702,6.924651,0.065547,0.246502,16.33214607417226,True,0.35927727385896824,False,30842b15eefb0ef7e36cbdea86a9efddfacf69a871c8b054165faa9af9f6c8eb
2327,33.943428,9.310402,1.338623,0.100576,8.81302250572431,True,0.19387033926432953,True,30842b15eefb0ef7e36cbdea86a9efddfacf69a871c8b054165faa9af9f6c8eb
2328,35.943859,12.293763,0.593009,0.992417,1.934106963490905,True,0.04254680762949746,True,30842b15eefb0ef7e36cbdea86a9efddfacf69a871c8b054165faa9af9f6c8eb
2329,38.586806,4.242269,0.586648,0.447923,26.45115968842566,True,0.5818770233934152,False,30842b15eefb0ef7e36cbdea86a9efddfacf69a871c8b054165faa9af9f6c8eb
2330,37.703967,11.617506,1.229066,0.632481,3.191311364366046,True,0.07020299976607253,True,30842b15eefb0ef7e36cbdea86a9efddfacf69a871c8b054165faa9af9f6c8eb
2331,31.516162,7.627295,1.194595,0.930343,13.960699456399208,True,0.30710979555781953,False,30842b15eefb0ef7e36cbdea86a9efddfacf69a871c8b054165faa9af9f6c8eb
2332,37.505002,8.827705,0.554603,0.290862,10.208134544662956,True,0.22456024662869936,False,30842b15eefb0ef7e36cbdea86a9efddfacf69a871c8b054165faa9af9f6c8eb
2333,31.272857,2.520306,1.054072,0.604714,33.753353126781164,True,0.7425118927981192,False,30842b15eefb0ef7e36cbdea86a9efddfacf69a871c8b054165faa9af9f6c8eb
2334,38.591057,7.867149,1.437039,0.098565,13.179989842349455,True,0.2899356152304189,False,30842b15eefb0ef7e36cbdea86a9efddfacf69a871c8b054165faa9af9f6c8eb
2335,34.251629,4.018797,0.120153,0.922409,27.36502114433951,True,0.6019803001504569,False,30842b15eefb0ef7e36cbdea86a9efddfacf69a871c8b054165faa9af9f6c8eb
2336,38.6436,10.5786,0.730451,0.186899,5.491958311542809,True,0.12081301510268327,True,30842b15eefb0ef7e36cbdea86a9efddfacf69a871c8b054165faa9af9f6c8eb
2337,38.037832,6.12693,1.090155,0.851018,19.170684706529748,True,0.4217199202169698,False,30842b15eefb0ef7e36cbdea86a9efddfacf69a871c8b054165faa9af9f6c8eb
2338,39.429965,2.694318,1.032825,0.525358,25.594111849603006,True,0.5630235420627611,False,30842b15eefb0ef7e36cbdea86a9efddfacf69a871c8b054165faa9af9f6c8eb
2339,31.769472,0.241522,0.310451,0.682639,44.287079924163834,True,0.9742345721172615,False,30842b15eefb0ef7e36cbdea86a9efddfacf69a871c8b054165faa9af9f6c8eb
2340,41.742952,1.678227,0.891225,0.212179,0.0,False,0.0,True,30842b15eefb0ef7e36cbdea86a9efddfacf69a871c8b054165faa9af9f6c8eb
2341,28.279447,1.122549,0.591684,0.474103,40.102026015286036,True,0.8821710580814529,False,30842b15eefb0ef7e36cbdea86a9efddfacf69a871c8b054165faa9af9f6c8eb
2342,33.563434,11.224015,1.446382,0.177328,4.013720512685621,True,0.0882944934046333,True,30842b15eefb0ef7e36cbdea86a9efddfacf69a871c8b054165faa9af9f6c8eb
2343,32.001366,11.292143,1.08812,0.707062,3.8668742053333074,True,0.08506414383867957,True,30842b15eefb0ef7e36cbdea86a9efddfacf69a871c8b054165faa9af9f6c8eb
2344,34.82274,1.289606,1.143998,0.406885,39.32420713809272,True,0.8650604686656512,False,30842b15eefb0ef7e36cbdea86a9efddfacf69a871c8b054165faa9af9f6c8eb
2345,36.31052,4.036366,0.457384,0.299647,27.292800727447087,True,0.6003915833718885,False,30842b15eefb0ef7e36cbdea86a9efddfacf69a871c8b054165faa9af9f6c8eb
2346,34.040564,4.567194,0.532071,0.523061,25.141015121852163,True,0.5530562446603594,False,30842b15eefb0ef7e36cbdea86a9efddfacf69a871c8b054165faa9af9f6c8eb
2347,32.095213,2.58298,0.714073,0.377105,33.477313409460365,True,0.7364395250477076,False,30842b15eefb0ef7e36cbdea86a9efddfacf69a871c8b054165faa9af9f6c8eb
2348,32.434828,11.751685,1.411257,0.92774,2.9255477590930696,True,0.06435668764274399,True,30842b15eefb0ef7e36cbdea86a9efddfacf69a871c8b054165faa9af9f6c8eb
2349,30.071727,2.052581,0.062356,0.998102,35.83707846503273,True,0.7883500303948541,False,30842b15eefb0ef7e36cbdea86a9efddfacf69a871c8b054165faa9af9f6c8eb
2350,30.258916,8.265712,0.737724,0.954259,11.916280215038023,True,0.26213632003750015,False,30842b15eefb0ef7e36cbdea86a9efddfacf69a871c8b054165faa9af9f6c8eb
2351,28.648927,12.084405,0.214092,0.284624,2.300790087069714,True,0.050613164151854406,True,30842b15eefb0ef7e36cbdea86a9efddfacf69a871c8b054165faa9af9f6c8eb
2352,30.474543,6.590358,1.264704,0.929932,17.503193476242373,True,0.3850381699631687,False,30842b15eefb0ef7e36cbdea86a9efddfacf69a871c8b054165faa9af9f6c8eb
2353,31.20585,3.279764,0.615128,0.922887,30.459865034590877,True,0.6700611923283054,False,30842b15eefb0ef7e36cbdea86a9efddfacf69a871c8b054165faa9af9f6c8eb
2354,35.879439,0.101736,0.261763,0.087893,41.5981185168988,True,0.9150823505092314,False,30842b15eefb0ef7e36cbdea86a9efddfacf69a871c8b054165faa9af9f6c8eb
2355,37.17338,5.402387,1.083103,0.296397,21.877026565624195,True,0.48125447990374043,False,30842b15eefb0ef7e36cbdea86a9efddfacf69a871c8b054165faa9af9f6c8eb
2356,37.397491,12.451528,0.504584,0.592919,1.672154840687636,True,0.03678434113336689,True,30842b15eefb0ef7e36cbdea86a9efddfacf69a871c8b054165faa9af9f6c8eb
2357,34.877851,12.327783,1.365551,0.688025,1.876551150080039,True,0.041280685244657146,True,30842b15eefb0ef7e36cbdea86a9efddfacf69a871c8b054165faa9af9f6c8eb
2358,32.644211,0.041243,0.102794,0.41036,45.25760584280876,True,0.9955843631781948,False,30842b15eefb0ef7e36cbdea86a9efddfacf69a871c8b054165faa9af9f6c8eb
2359,31.544597,6.766925,0.659032,0.372046,16.88130077779053,True,0.3713576706388385,False,30842b15eefb0ef7e36cbdea86a9efddfacf69a871c8b054165faa9af9f6c8eb
2360,37.897825,10.954129,1.43269,0.447615,4.613055867989829,True,0.10147877253139864,True,30842b15eefb0ef7e36cbdea86a9efddfacf69a871c8b054165faa9af9f6c8eb
2361,29.134191,0.305391,0.784905,0.505254,43.80531826981303,True,0.963636698877647,False,30842b15eefb0ef7e36cbdea86a9efddfacf69a871c8b054165faa9af9f6c8eb
2362,37.211603,2.178651,1.398831,0.845609,35.271344444180386,True,0.7759049190287163,False,30842b15eefb0ef7e36cbdea86a9efddfacf69a871c8b054165faa9af9f6c8eb
2363,31.448986,7.415378,0.613795,0.178705,14.662827602332401,True,0.3225553276406762,False,30842b15eefb0ef7e36cbdea86a9efddfacf69a871c8b054165faa9af9f6c8eb
2364,28.053177,4.435845,1.387062,0.06115,25.66796060692115,True,0.5646480793456533,False,30842b15eefb0ef7e36cbdea86a9efddfacf69a871c8b054165faa9af9f6c8eb
2365,34.703976,0.303209,0.070008,0.926498,43.98956817130691,True,0.9676898589471733,False,30842b15eefb0ef7e36cbdea86a9efddfacf69a871c8b054165faa9af9f6c8eb
2366,36.800201,9.466508,0.618022,0.239547,8.376657061709434,True,0.18427109943265488,True,30842b15eefb0ef7e36cbdea86a9efddfacf69a871c8b054165faa9af9f6c8eb
2367,37.904137,0.520276,1.267907,0.14994,33.56369856662684,True,0.7383398401457786,False,30842b15eefb0ef7e36cbdea86a9efddfacf69a871c8b054165faa9af9f6c8eb
2368,40.678671,11.516545,0.435862,0.71151,0.0,False,0.0,True,30842b15eefb0ef7e36cbdea86a9efddfacf69a871c8b054165faa9af9f6c8eb
2369,31.461264,3.718505,1.005502,0.83449,28.609209522446847,True,0.6293501636468603,False,30842b15eefb0ef7e36cbdea86a9efddfacf69a871c8b054165faa9af9f6c8eb
2370,38.805155,7.395196,0.957374,0.805101,14.730292027430115,True,0.3240394213183528,False,30842b15eefb0ef7e36cbdea86a9efddfacf69a871c8b054165faa9af9f6c8eb
2371,30.186249,5.042018,0.983316,0.728374,23.266804116558276,True,0.5118270383110897,False,30842b15eefb0ef7e36cbdea86a9efddfacf69a871c8b054165faa9af9f6c8eb
2372,38.0818,0.476316,0.753647,0.237374,33.263433085349924,True,0.7317345499985319,False,30842b15eefb0ef7e36cbdea86a9efddfacf69a871c8b054165faa9af9f6c8eb
2373,39.25661,7.332172,0.319901,0.963031,14.941632073930158,True,0.32868851491688716,False,30842b15eefb0ef7e36cbdea86a9efddfacf69a871c8b054165faa9af9f6c8eb
2374,29.576781,10.274905,0.820412,0.340814,6.2391795624178,True,0.13725051283045578,True,30842b15eefb0ef7e36cbdea86a9efddfacf69a871c8b054165faa9af9f6c8eb
2375,30.606406,1.563508,0.416819,0.073385,38.059957378745686,True,0.8372492915581088,False,30842b15eefb0ef7e36cbdea86a9efddfacf69a871c8b054165faa9af9f6c8eb
2376,35.246122,10.551743,0.047953,0.20404,5.556750472654307,True,0.1222383238714055,True,30842b15eefb0ef7e36cbdea86a9efddfacf69a871c8b054165faa9af9f6c8eb
2377,41.066119,8.351247,0.959704,0.256801,11.125304042124109,True,0.24473629423554416,False,30842b15eefb0ef7e36cbdea86a9efddfacf69a871c8b054165faa9af9f6c8eb
2378,35.892564,1.337736,0.914314,0.649158,39.10105734116625,True,0.8601515822071405,False,30842b15eefb0ef7e36cbdea86a9efddfacf69a871c8b054165faa9af9f6c8eb
2379,32.797706,0.44867,0.3102,0.800263,43.29067298481391,True,0.9523154460454025,False,30842b15eefb0ef7e36cbdea86a9efddfacf69a871c8b054165faa9af9f6c8eb
2380,36.516793,12.916087,0.419451,0.556297,0.0,False,0.0,True,30842b15eefb0ef7e36cbdea86a9efddfacf69a871c8b054165faa9af9f6c8eb
2381,34.151824,6.180505,1.161751,0.740808,18.975337748154548,True,0.41742264523896355,False,30842b15eefb0ef7e36cbdea86a9efddfacf69a871c8b054165faa9af9f6c8eb
2382,41.277358,11.971155,0.145185,0.433078,0.0,False,0.0,True,30842b15eefb0ef7e36cbdea86a9efddfacf69a871c8b054165faa9af9f6c8eb
2383,40.488657,9.575968,0.1988,0.630763,8.0751173964462,True,0.17763777957351867,True,30842b15eefb0ef7e36cbdea86a9efddfacf69a871c8b054165faa9af9f6c8eb
2384,28.485319,4.440433,0.802294,0.834986,25.649493139750543,True,0.564241828922102,False,30842b15eefb0ef7e36cbdea86a9efddfacf69a871c8b054165faa9af9f6c8eb
2385,29.966239,7.842278,1.153562,0.712908,13.260245739756247,True,0.2917010978498167,False,30842b15eefb0ef7e36cbdea86a9efddfacf69a871c8b054165faa9af9f6c8eb
2386,39.018155,6.026687,0.392614,0.686946,19.537980641705552,True,0.42979975747106636,False,30842b15eefb0ef7e36cbdea86a9efddfacf69a871c8b054165faa9af9f6c8eb
2387,28.735687,11.337819,0.879131,0.615504,3.7694485914157174,True,0.08292095893123487,True,30842b15eefb0ef7e36cbdea86a9efddfacf69a871c8b054165faa9af9f6c8eb
2388,37.086605,1.984012,1.420531,0.488516,36.14603662235226,True,0.7951465434797933,False,30842b15eefb0ef7e36cbdea86a9efddfacf69a871c8b054165faa9af9f6c8eb
2389,41.00257,3.619408,0.523442,0.271043,14.39582290431641,True,0.31668171375214843,False,30842b15eefb0ef7e36cbdea86a9efddfacf69a871c8b054165faa9af9f6c8eb
2390,41.126071,2.044444,0.020883,0.207123,13.818912879484152,True,0.3039907507860859,False,30842b15eefb0ef7e36cbdea86a9efddfacf69a871c8b054165faa9af9f6c8eb
2391,28.632686,3.516746,0.375861,0.376558,29.455447024601487,True,0.6479658373881172,False,30842b15eefb0ef7e36cbdea86a9efddfacf69a871c8b054165faa9af9f6c8eb
2392,33.222308,3.158432,1.336548,0.865846,30.978444179148827,True,0.6814689828593694,False,30842b15eefb0ef7e36cbdea86a9efddfacf69a871c8b054165faa9af9f6c8eb
2393,33.66058,7.657699,0.376406,0.819345,13.860909548521782,True,0.3049146005174362,False,30842b15eefb0ef7e36cbdea86a9efddfacf69a871c8b054165faa9af9f6c8eb
2394,41.940353,2.782172,0.406234,0.986216,0.0,False,0.0,True,30842b15eefb0ef7e36cbdea86a9efddfacf69a871c8b054165faa9af9f6c8eb
2395,32.4635,8.362066,0.817901,0.216926,11.617199210578962,True,0.2555570862088865,False,30842b15eefb0ef7e36cbdea86a9efddfacf69a871c8b054165faa9af9f6c8eb
2396,40.440685,2.432478,1.472732,0.466598,18.050844665446185,True,0.39708549218213435,False,30842b15eefb0ef7e36cbdea86a9efddfacf69a871c8b054165faa9af9f6c8eb
2397,39.777317,12.446839,0.649634,0.515479,0.0,False,0.0,True,30842b15eefb0ef7e36cbdea86a9efddfacf69a871c8b054165faa9af9f6c8eb
2398,36.228847,9.109061,0.78171,0.815137,9.386632713549279,True,0.20648871230539206,False,30842b15eefb0ef7e36cbdea86a9efddfacf69a871c8b054165faa9af9f6c8eb
2399,30.673382,13.454977,1.336247,0.87134,0.0,False,0.0,True,30842b15eefb0ef7e36cbdea86a9efddfacf69a871c8b054165faa9af9f6c8eb
2400,38.379872,4.199537,0.790849,0.279402,26.625106000203314,True,0.585703523377525,False,30842b15eefb0ef7e36cbdea86a9efddfacf69a871c8b054165faa9af9f6c8eb
2401,32.125657,8.193526,1.085243,0.408363,12.141998752819662,True,0.2671017140858588,False,30842b15eefb0ef7e36cbdea86a9efddfacf69a871c8b054165faa9af9f6c8eb
2402,39.567587,13.938607,1.293303,0.05284,0.0,False,0.0,True,30842b15eefb0ef7e36cbdea86a9efddfacf69a871c8b054165faa9af9f6c8eb
2403,38.472878,6.32791,0.76206,0.75371,18.44131934910997,True,0.40567521941213514,False,30842b15eefb0ef7e36cbdea86a9efddfacf69a871c8b054165faa9af9f6c8eb
2404,34.732001,9.187823,1.039018,0.500819,9.160809350092231,True,0.20152101228433877,False,30842b15eefb0ef7e36cbdea86a9efddfacf69a871c8b054165faa9af9f6c8eb
2405,29.670226,12.027466,0.794625,0.84356,2.404131406920296,True,0.052886483745267755,True,30842b15eefb0ef7e36cbdea86a9efddfacf69a871c8b054165faa9af9f6c8eb
2406,36.351755,2.524691,1.261576,0.793031,33.73401537458969,True,0.7420864976994984,False,30842b15eefb0ef7e36cbdea86a9efddfacf69a871c8b054165faa9af9f6c8eb
2407,31.519438,6.456652,1.02876,0.53712,17.97908852636509,True,0.39550698866431006,False,30842b15eefb0ef7e36cbdea86a9efddfacf69a871c8b054165faa9af9f6c8eb
2408,34.549966,6.957217,1.220163,0.253171,16.21951696272689,True,0.3567996398766686,False,30842b15eefb0ef7e36cbdea86a9efddfacf69a871c8b054165faa9af9f6c8eb
2409,30.567151,6.482833,1.397468,0.384398,17.88556867582614,True,0.3934497233912259,False,30842b15eefb0ef7e36cbdea86a9efddfacf69a871c8b054165faa9af9f6c8eb
2410,40.618189,6.508904,0.526381,0.165522,17.595854349518337,True,0.38707653931112757,False,30842b15eefb0ef7e36cbdea86a9efddfacf69a871c8b054165faa9af9f6c8eb
2411,29.793577,10.965374,1.231952,0.768504,4.587533165754734,True,0.10091731986994834,True,30842b15eefb0ef7e36cbdea86a9efddfacf69a871c8b054165faa9af9f6c8eb
2412,32.029202,12.892024,0.534294,0.169665,1.0120849927031275,True,0.02226401450492673,True,30842b15eefb0ef7e36cbdea86a9efddfacf69a871c8b054165faa9af9f6c8eb
2413,41.220839,8.621195,1.359585,0.122311,0.0,False,0.0,True,30842b15eefb0ef7e36cbdea86a9efddfacf69a871c8b054165faa9af9f6c8eb
2414,32.398072,4.783111,0.585891,0.740037,24.282756855093794,True,0.5341761361340525,False,30842b15eefb0ef7e36cbdea86a9efddfacf69a871c8b054165faa9af9f6c8eb
2415,29.764947,3.368582,0.046735,0.086294,30.08210661346475,True,0.6617511995629277,False,30842b15eefb0ef7e36cbdea86a9efddfacf69a871c8b054165faa9af9f6c8eb
2416,30.187627,0.619766,1.214212,0.565574,42.47339908408323,True,0.9343369184399614,False,30842b15eefb0ef7e36cbdea86a9efddfacf69a871c8b054165faa9af9f6c8eb
2417,38.29739,11.319922,1.052232,0.235165,3.807523618530072,True,0.08375853972935082,True,30842b15eefb0ef7e36cbdea86a9efddfacf69a871c8b054165faa9af9f6c8eb
2418,37.791607,2.010108,0.240258,0.999326,35.08937599080093,True,0.7719019466354011,False,30842b15eefb0ef7e36cbdea86a9efddfacf69a871c8b054165faa9af9f6c8eb
2419,30.978247,0.248094,0.569022,0.755408,44.25535185843574,True,0.973536612834517,False,30842b15eefb0ef7e36cbdea86a9efddfacf69a871c8b054165faa9af9f6c8eb
2420,37.847169,1.712076,0.584669,0.835498,34.5007782132019,True,0.7589538745342308,False,30842b15eefb0ef7e36cbdea86a9efddfacf69a871c8b054165faa9af9f6c8eb
2421,28.480295,9.356214,0.018516,0.46738,8.68419870747714,True,0.19103645186017545,True,30842b15eefb0ef7e36cbdea86a9efddfacf69a871c8b054165faa9af9f6c8eb
2422,31.627292,12.013627,1.271961,0.705497,2.429476264471413,True,0.05344402414969196,True,30842b15eefb0ef7e36cbdea86a9efddfacf69a871c8b054165faa9af9f6c8eb
2423,36.926461,5.088045,0.63368,0.878318,23.087713935254047,True,0.5078873826270369,False,30842b15eefb0ef7e36cbdea86a9efddfacf69a871c8b054165faa9af9f6c8eb
2424,33.434639,5.176229,0.97071,0.781082,22.745882853802556,True,0.5003677254732003,False,30842b15eefb0ef7e36cbdea86a9efddfacf69a871c8b054165faa9af9f6c8eb
2425,35.457677,0.711658,1.214054,0.858615,41.64391151578882,True,0.9160897125379762,False,30842b15eefb0ef7e36cbdea86a9efddfacf69a871c8b054165faa9af9f6c8eb
2426,34.889968,7.794504,1.299438,0.431246,13.414861875595467,True,0.29510236939898377,False,30842b15eefb0ef7e36cbdea86a9efddfacf69a871c8b054165faa9af9f6c8eb
2427,39.081276,6.363344,0.787845,0.616893,18.31370849684762,True,0.4028680145960981,False,30842b15eefb0ef7e36cbdea86a9efddfacf69a871c8b054165faa9af9f6c8eb
2428,29.057207,12.481836,0.520842,0.863539,1.6233026163889248,True,0.03570968175374354,True,30842b15eefb0ef7e36cbdea86a9efddfacf69a871c8b054165faa9af9f6c8eb
2429,41.127697,2.571395,0.116126,0.257229,13.709290774596012,True,0.3015792654356594,False,30842b15eefb0ef7e36cbdea86a9efddfacf69a871c8b054165faa9af9f6c8eb
2430,35.20167,10.446934,0.112734,0.858012,5.812010196760939,True,0.12785356986458532,True,30842b15eefb0ef7e36cbdea86a9efddfacf69a871c8b054165faa9af9f6c8eb
2431,34.949396,12.150185,0.817344,0.378457,2.183302442044582,True,0.048028651337369374,True,30842b15eefb0ef7e36cbdea86a9efddfacf69a871c8b054165faa9af9f6c8eb
2432,28.428122,11.515905,1.401942,0.653464,3.397611800581636,True,0.07474123117686461,True,30842b15eefb0ef7e36cbdea86a9efddfacf69a871c8b054165faa9af9f6c8eb
2433,40.754534,12.981666,1.184865,0.219211,0.0,False,0.0,True,30842b15eefb0ef7e36cbdea86a9efddfacf69a871c8b054165faa9af9f6c8eb
2434,34.179867,2.929149,1.08761,0.866714,31.966343649698693,True,0.7032009602133537,False,30842b15eefb0ef7e36cbdea86a9efddfacf69a871c8b054165faa9af9f6c8eb
2435,30.004594,1.407986,0.33833,0.969314,38.77611120027953,True,0.8530033627925838,False,30842b15eefb0ef7e36cbdea86a9efddfacf69a871c8b054165faa9af9f6c8eb
2436,35.601616,4.331786,0.575066,0.896406,26.088003098903354,True,0.5738882441555276,False,30842b15eefb0ef7e36cbdea86a9efddfacf69a871c8b054165faa9af9f6c8eb
2437,38.902251,2.550315,1.006749,0.087035,28.77841533351674,True,0.633072381305593,False,30842b15eefb0ef7e36cbdea86a9efddfacf69a871c8b054165faa9af9f6c8eb
2438,36.117916,5.00175,1.357604,0.904164,23.423864006760706,True,0.5152820679764043,False,30842b15eefb0ef7e36cbdea86a9efddfacf69a871c8b054165faa9af9f6c8eb
2439,40.060631,0.780851,1.125624,0.392753,21.239663400050368,True,0.4672336586628863,False,30842b15eefb0ef7e36cbdea86a9efddfacf69a871c8b054165faa9af9f6c8eb
2440,36.395979,5.313227,1.16236,0.959287,22.218214978114034,True,0.488759999518549,False,30842b15eefb0ef7e36cbdea86a9efddfacf69a871c8b054165faa9af9f6c8eb
2441,29.000658,11.61671,1.047166,0.19999,3.192910841225441,True,0.07023818532484932,True,30842b15eefb0ef7e36cbdea86a9efddfacf69a871c8b054165faa9af9f6c8eb
2442,28.2131,7.705508,1.355763,0.219547,13.704477564617232,True,0.30147338363960924,False,30842b15eefb0ef7e36cbdea86a9efddfacf69a871c8b054165faa9af9f6c8eb
2443,38.32569,4.19378,0.400031,0.196344,26.648569673776066,True,0.5862196811829751,False,30842b15eefb0ef7e36cbdea86a9efddfacf69a871c8b054165faa9af9f6c8eb
2444,35.635142,12.813228,0.269578,0.315262,0.0,False,0.0,True,30842b15eefb0ef7e36cbdea86a9efddfacf69a871c8b054165faa9af9f6c8eb
2445,37.473274,6.18767,0.827645,0.913855,18.949263082416795,True,0.4168490503923036,False,30842b15eefb0ef7e36cbdea86a9efddfacf69a871c8b054165faa9af9f6c8eb
2446,35.195321,11.157338,0.76362,0.382769,4.15919508644617,True,0.09149466734620358,True,30842b15eefb0ef7e36cbdea86a9efddfacf69a871c8b054165faa9af9f6c8eb
2447,30.048398,12.532394,0.165221,0.097021,1.5428925189473404,True,0.03394080701625681,True,30842b15eefb0ef7e36cbdea86a9efddfacf69a871c8b054165faa9af9f6c8eb
2448,36.773309,6.699489,1.479729,0.827466,17.117933893142123,True,0.3765631653853447,False,30842b15eefb0ef7e36cbdea86a9efddfacf69a871c8b054165faa9af9f6c8eb
2449,34.071644,12.940363,0.497734,0.578723,0.0,False,0.0,True,30842b15eefb0ef7e36cbdea86a9efddfacf69a871c8b054165faa9af9f6c8eb
2450,36.436719,0.22887,1.435537,0.9529,38.87483913424502,True,0.8551751963536945,False,30842b15eefb0ef7e36cbdea86a9efddfacf69a871c8b054165faa9af9f6c8eb
2451,31.434477,5.348541,0.076947,0.080328,22.08286850007228,True,0.48578262511616394,False,30842b15eefb0ef7e36cbdea86a9efddfacf69a871c8b054165faa9af9f6c8eb
2452,29.464257,5.718064,0.624067,0.756686,20.683272820544396,True,0.45499408587815365,False,30842b15eefb0ef7e36cbdea86a9efddfacf69a871c8b054165faa9af9f6c8eb
2453,38.108035,3.47313,0.196685,0.753403,29.639463954415344,True,0.6520138725077621,False,30842b15eefb0ef7e36cbdea86a9efddfacf69a871c8b054165faa9af9f6c8eb
2454,30.727293,7.680114,1.201951,0.316455,13.78749354076059,True,0.3032995829314888,False,30842b15eefb0ef7e36cbdea86a9efddfacf69a871c8b054165faa9af9f6c8eb
2455,39.740489,13.103966,1.438239,0.120467,0.0,False,0.0,True,30842b15eefb0ef7e36cbdea86a9efddfacf69a871c8b054165faa9af9f6c8eb
2456,38.149275,4.143757,0.272971,0.583671,26.852737024082003,True,0.5907109886140864,False,30842b15eefb0ef7e36cbdea86a9efddfacf69a871c8b054165faa9af9f6c8eb
2457,29.969514,9.037568,0.789208,0.251862,9.593195794642597,True,0.21103272142201868,False,30842b15eefb0ef7e36cbdea86a9efddfacf69a871c8b054165faa9af9f6c8eb
2458,40.144129,9.453874,1.391099,0.265014,8.411697726958769,True,0.1850419298322736,True,30842b15eefb0ef7e36cbdea86a9efddfacf69a871c8b054165faa9af9f6c8eb
2459,30.029294,0.694444,1.140777,0.508771,42.118315753142994,True,0.9265257360911385,False,30842b15eefb0ef7e36cbdea86a9efddfacf69a871c8b054165faa9af9f6c8eb
2460,36.082711,6.880916,0.744642,0.155538,16.483811189700663,True,0.36261362837105043,False,30842b15eefb0ef7e36cbdea86a9efddfacf69a871c8b054165faa9af9f6c8eb
2461,31.567167,0.499841,0.607241,0.104451,43.04570059241255,True,0.9469265024912021,False,30842b15eefb0ef7e36cbdea86a9efddfacf69a871c8b054165faa9af9f6c8eb
2462,28.283752,2.802975,0.04332,0.079104,32.51437626312402,True,0.7152566730659732,False,30842b15eefb0ef7e36cbdea86a9efddfacf69a871c8b054165faa9af9f6c8eb
2463,31.586067,1.424297,1.169035,0.597238,38.700792952553336,True,0.8513464994145558,False,30842b15eefb0ef7e36cbdea86a9efddfacf69a871c8b054165faa9af9f6c8eb
2464,33.898604,1.807601,0.81832,0.304894,36.94496039504576,True,0.8127214019075146,False,30842b15eefb0ef7e36cbdea86a9efddfacf69a871c8b054165faa9af9f6c8eb
2465,28.085947,12.396518,0.288264,0.44724,1.762047408153152,True,0.03876181282830033,True,30842b15eefb0ef7e36cbdea86a9efddfacf69a871c8b054165faa9af9f6c8eb
2466,31.497857,13.421978,1.374063,0.34285,0.0,False,0.0,True,30842b15eefb0ef7e36cbdea86a9efddfacf69a871c8b054165faa9af9f6c8eb
2467,34.458876,12.240649,0.449173,0.788072,2.025117346219338,True,0.04454886921105786,True,30842b15eefb0ef7e36cbdea86a9efddfacf69a871c8b054165faa9af9f6c8eb
2468,39.362093,4.450595,0.977124,0.879115,25.608605168359762,True,0.5633423685065394,False,30842b15eefb0ef7e36cbdea86a9efddfacf69a871c8b054165faa9af9f6c8eb
2469,32.867047,12.203585,0.376083,0.3921,2.0894475051090664,True,0.045964014777834655,True,30842b15eefb0ef7e36cbdea86a9efddfacf69a871c8b054165faa9af9f6c8eb
2470,38.071154,13.68512,0.834144,0.438144,0.0,False,0.0,True,30842b15eefb0ef7e36cbdea86a9efddfacf69a871c8b054165faa9af9f6c8eb
2471,29.300249,10.823745,1.144584,0.265131,4.912408768935245,True,0.10806398758427674,True,30842b15eefb0ef7e36cbdea86a9efddfacf69a871c8b054165faa9af9f6c8eb
2472,41.246167,11.995515,0.971658,0.294475,0.0,False,0.0,True,30842b15eefb0ef7e36cbdea86a9efddfacf69a871c8b054165faa9af9f6c8eb
2473,31.010641,10.396823,0.347662,0.593649,5.9353980585597395,True,0.13056787663192831,True,30842b15eefb0ef7e36cbdea86a9efddfacf69a871c8b054165faa9af9f6c8eb
2474,30.495139,6.948244,1.371296,0.679176,16.250524038804876,True,0.35748173870881494,False,30842b15eefb0ef7e36cbdea86a9efddfacf69a871c8b054165faa9af9f6c8eb
2475,34.394844,4.219301,0.704341,0.902841,26.544606761423214,True,0.5839326876940031,False,30842b15eefb0ef7e36cbdea86a9efddfacf69a871c8b054165faa9af9f6c8eb
2476,40.853448,8.387795,0.573274,0.833351,11.537766483479471,True,0.2538097118272295,False,30842b15eefb0ef7e36cbdea86a9efddfacf69a871c8b054165faa9af9f6c8eb
2477,37.463025,2.155371,0.347934,0.842791,35.37558648452089,True,0.7781980528217246,False,30842b15eefb0ef7e36cbdea86a9efddfacf69a871c8b054165faa9af9f6c8eb
2478,30.630144,10.984505,0.295892,0.996331,4.544220268263444,True,0.09996451552550199,True,30842b15eefb0ef7e36cbdea86a9efddfacf69a871c8b054165faa9af9f6c8eb
2479,31.533712,3.11551,1.150009,0.079419,31.162592627357174,True,0.6855199111425961,False,30842b15eefb0ef7e36cbdea86a9efddfacf69a871c8b054165faa9af9f6c8eb
2480,39.88922,9.131268,0.799399,0.408081,9.32277621452723,True,0.2050839863874002,False,30842b15eefb0ef7e36cbdea86a9efddfacf69a871c8b054165faa9af9f6c8eb
2481,31.67684,7.101614,1.447066,0.354168,15.72326350979548,True,0.34588297363436443,False,30842b15eefb0ef7e36cbdea86a9efddfacf69a871c8b054165faa9af9f6c8eb
2482,29.568394,9.707751,0.193496,0.465134,7.717005637906782,True,0.16975997736916848,True,30842b15eefb0ef7e36cbdea86a9efddfacf69a871c8b054165faa9af9f6c8eb
2483,33.544459,8.278097,0.257781,0.808797,11.877695630422295,True,0.2612875299084649,False,30842b15eefb0ef7e36cbdea86a9efddfacf69a871c8b054165faa9af9f6c8eb
2484,32.54792,9.263032,1.221859,0.107248,8.946890698563205,True,0.19681519410221537,True,30842b15eefb0ef7e36cbdea86a9efddfacf69a871c8b054165faa9af9f6c8eb
2485,34.955692,13.748628,0.013236,0.78319,0.0,False,0.0,True,30842b15eefb0ef7e36cbdea86a9efddfacf69a871c8b054165faa9af9f6c8eb
2486,36.327022,7.921781,0.087821,0.425051,13.004269793832222,True,0.28607009628961816,False,30842b15eefb0ef7e36cbdea86a9efddfacf69a871c8b054165faa9af9f6c8eb
2487,38.940016,10.219246,0.92177,0.69688,6.3795359016400655,True,0.1403380949948319,True,30842b15eefb0ef7e36cbdea86a9efddfacf69a871c8b054165faa9af9f6c8eb
2488,31.28437,8.13127,1.074812,0.898741,12.33779783620551,True,0.2714089349852725,False,30842b15eefb0ef7e36cbdea86a9efddfacf69a871c8b054165faa9af9f6c8eb
2489,32.507083,12.732978,1.037847,0.804746,1.2376495524481659,True,0.027226021318749762,True,30842b15eefb0ef7e36cbdea86a9efddfacf69a871c8b054165faa9af9f6c8eb
2490,29.711229,4.813954,0.637076,0.775396,24.160970726326692,True,0.531497064557141,False,30842b15eefb0ef7e36cbdea86a9efddfacf69a871c8b054165faa9af9f6c8eb
2491,31.948671,5.772189,1.424237,0.420721,20.480847124868408,True,0.45054109165613376,False,30842b15eefb0ef7e36cbdea86a9efddfacf69a871c8b054165faa9af9f6c8eb
2492,33.522159,0.290083,0.098166,0.143027,44.05281788277698,True,0.9690812366513728,False,30842b15eefb0ef7e36cbdea86a9efddfacf69a871c8b054165faa9af9f6c8eb
2493,33.164667,0.086201,0.130044,0.894999,45.039135217948534,True,0.9907784099273741,False,30842b15eefb0ef7e36cbdea86a9efddfacf69a871c8b054165faa9af9f6c8eb
2494,31.381639,4.743223,0.690767,0.605385,24.44056028448467,True,0.5376475222984713,False,30842b15eefb0ef7e36cbdea86a9efddfacf69a871c8b054165faa9af9f6c8eb
2495,28.908641,1.427886,0.933351,0.445049,38.68422681282155,True,0.8509820747091819,False,30842b15eefb0ef7e36cbdea86a9efddfacf69a871c8b054165faa9af9f6c8eb
2496,34.162408,3.231034,1.315675,0.072569,30.667788822794645,True,0.6746351345069401,False,30842b15eefb0ef7e36cbdea86a9efddfacf69a871c8b054165faa9af9f6c8eb
2497,28.156395,8.91289,0.887443,0.750745,9.956991772402422,True,0.21903556602901758,False,30842b15eefb0ef7e36cbdea86a9efddfacf69a871c8b054165faa9af9f6c8eb
2498,41.477509,2.671624,0.648172,0.842923,9.920743389309099,True,0.218238168050796,False,30842b15eefb0ef7e36cbdea86a9efddfacf69a871c8b054165faa9af9f6c8eb
2499,40.839942,1.396915,0.258167,0.344802,16.04484537733729,True,0.35295718520265357,False,30842b15eefb0ef7e36cbdea86a9efddfacf69a871c8b054165faa9af9f6c8eb
2500,35.84891,1.893756,1.354735,0.82659,36.55405741073031,True,0.8041222528483296,False,30842b15eefb0ef7e36cbdea86a9efddfacf69a871c8b054165faa9af9f6c8eb
2501,34.208099,0.140092,1.442621,0.518125,43.57107728187986,True,0.9584838265491448,False,30842b15eefb0ef7e36cbdea86a9efddfacf69a871c8b054165faa9af9f6c8eb
2502,37.757521,7.176836,0.105598,0.056646,15.466789338486926,True,0.3402410120290434,False,30842b15eefb0ef7e36cbdea86a9efddfacf69a871c8b054165faa9af9f6c8eb
2503,31.083919,5.690211,1.290259,0.604454,20.787700448968693,True,0.45729130226878895,False,30842b15eefb0ef7e36cbdea86a9efddfacf69a871c8b054165faa9af9f6c8eb
2504,31.132004,0.173745,0.058047,0.453305,44.61473306960813,True,0.9814423406696566,False,30842b15eefb0ef7e36cbdea86a9efddfacf69a871c8b054165faa9af9f6c8eb
2505,37.432235,10.692544,0.928673,0.825308,5.219904630932992,True,0.11482833285278811,True,30842b15eefb0ef7e36cbdea86a9efddfacf69a871c8b054165faa9af9f6c8eb
2506,30.682375,0.439183,1.478986,0.123139,43.33614126946706,True,0.9533156649561959,False,30842b15eefb0ef7e36cbdea86a9efddfacf69a871c8b054165faa9af9f6c8eb
2507,35.151696,9.941518,0.861836,0.903628,7.095236753882656,True,0.15608220173527387,True,30842b15eefb0ef7e36cbdea86a9efddfacf69a871c8b054165faa9af9f6c8eb
2508,40.180075,9.253085,0.327806,0.25691,8.975086400338338,True,0.19743544785345568,True,30842b15eefb0ef7e36cbdea86a9efddfacf69a871c8b054165faa9af9f6c8eb
2509,41.013843,9.149672,0.00131,0.770026,0.0,False,0.0,True,30842b15eefb0ef7e36cbdea86a9efddfacf69a871c8b054165faa9af9f6c8eb
2510,39.186702,12.946139,1.436773,0.145737,0.0,False,0.0,True,30842b15eefb0ef7e36cbdea86a9efddfacf69a871c8b054165faa9af9f6c8eb
2511,30.297349,7.695323,0.643703,0.212984,13.737753455293095,True,0.302205392233762,False,30842b15eefb0ef7e36cbdea86a9efddfacf69a871c8b054165faa9af9f6c8eb
2512,38.348733,8.039372,0.946084,0.804311,12.628724329353679,True,0.2778087845137382,False,30842b15eefb0ef7e36cbdea86a9efddfacf69a871c8b054165faa9af9f6c8eb
2513,34.321648,7.747745,0.870934,0.251751,13.566770523903227,True,0.29844408118577226,False,30842b15eefb0ef7e36cbdea86a9efddfacf69a871c8b054165faa9af9f6c8eb
2514,35.777708,3.595236,0.110415,0.749131,29.12525969288551,True,0.6407023213833661,False,30842b15eefb0ef7e36cbdea86a9efddfacf69a871c8b054165faa9af9f6c8eb
2515,33.795364,13.363894,1.422471,0.530136,0.0,False,0.0,True,30842b15eefb0ef7e36cbdea86a9efddfacf69a871c8b054165faa9af9f6c8eb
2516,29.258316,12.058308,0.070864,0.406611,2.3479668839467904,True,0.051650967199562775,True,30842b15eefb0ef7e36cbdea86a9efddfacf69a871c8b054165faa9af9f6c8eb
2517,38.340415,9.040202,0.676002,0.089065,9.585558876582743,True,0.2108647232245517,False,30842b15eefb0ef7e36cbdea86a9efddfacf69a871c8b054165faa9af9f6c8eb
2518,35.698093,5.946163,1.096928,0.675426,19.834703327075974,True,0.43632711260295465,False,30842b15eefb0ef7e36cbdea86a9efddfacf69a871c8b054165faa9af9f6c8eb
2519,40.039709,3.019685,1.192687,0.867475,21.322907170522186,True,0.46906486901240385,False,30842b15eefb0ef7e36cbdea86a9efddfacf69a871c8b054165faa9af9f6c8eb
2520,37.961615,8.890476,0.406141,0.208576,10.02287053181414,True,0.2204847779684138,False,30842b15eefb0ef7e36cbdea86a9efddfacf69a871c8b054165faa9af9f6c8eb
2521,32.555781,10.631247,1.321219,0.323858,5.365685445596364,True,0.11803524353282564,True,30842b15eefb0ef7e36cbdea86a9efddfacf69a871c8b054165faa9af9f6c8eb
2522,31.411968,6.262463,0.417102,0.633477,18.67779324003793,True,0.41087721151320844,False,30842b15eefb0ef7e36cbdea86a9efddfacf69a871c8b054165faa9af9f6c8eb
2523,29.11533,1.932574,1.32589,0.448484,36.3783855828464,True,0.8002577946730649,False,30842b15eefb0ef7e36cbdea86a9efddfacf69a871c8b054165faa9af9f6c8eb
2524,35.541478,9.44363,0.969681,0.846264,8.44014545004551,True,0.18566772759036873,True,30842b15eefb0ef7e36cbdea86a9efddfacf69a871c8b054165faa9af9f6c8eb
2525,36.998488,7.466653,1.40052,0.236922,14.49189047181649,True,0.3187950241279522,False,30842b15eefb0ef7e36cbdea86a9efddfacf69a871c8b054165faa9af9f6c8eb
2526,33.42615,13.760739,0.916659,0.170833,0.0,False,0.0,True,30842b15eefb0ef7e36cbdea86a9efddfacf69a871c8b054165faa9af9f6c8eb
2527,39.076154,2.667253,0.522754,0.669716,28.260988361116485,True,0.6216899364498587,False,30842b15eefb0ef7e36cbdea86a9efddfacf69a871c8b054165faa9af9f6c8eb
2528,28.959041,13.176091,0.210358,0.944759,0.0,False,0.0,True,30842b15eefb0ef7e36cbdea86a9efddfacf69a871c8b054165faa9af9f6c8eb
2529,35.869449,4.651809,1.275464,0.629582,24.80349161110136,True,0.545631346165383,False,30842b15eefb0ef7e36cbdea86a9efddfacf69a871c8b054165faa9af9f6c8eb
2530,35.790534,11.608622,0.903457,0.918778,3.209177950973147,True,0.07059603191874936,True,30842b15eefb0ef7e36cbdea86a9efddfacf69a871c8b054165faa9af9f6c8eb
2531,31.490798,12.177808,0.796798,0.531932,2.13458109510623,True,0.046956871019752086,True,30842b15eefb0ef7e36cbdea86a9efddfacf69a871c8b054165faa9af9f6c8eb
2532,34.191242,2.403496,0.597081,0.951397,34.269840139146154,True,0.7538736602561943,False,30842b15eefb0ef7e36cbdea86a9efddfacf69a871c8b054165faa9af9f6c8eb
2533,41.092294,7.04583,0.092762,0.761647,14.040887121369236,True,0.30887377718869086,False,30842b15eefb0ef7e36cbdea86a9efddfacf69a871c8b054165faa9af9f6c8eb
2534,38.936179,6.599709,1.471149,0.663845,17.470070274232622,True,0.38430952023976445,False,30842b15eefb0ef7e36cbdea86a9efddfacf69a871c8b054165faa9af9f6c8eb
2535,34.985618,2.913384,0.557823,0.949769,32.034648530547614,True,0.7047035423768496,False,30842b15eefb0ef7e36cbdea86a9efddfacf69a871c8b054165faa9af9f6c8eb
2536,35.711525,7.399962,0.111438,0.934048,14.714350924837593,True,0.3236887462842368,False,30842b15eefb0ef7e36cbdea86a9efddfacf69a871c8b054165faa9af9f6c8eb
2537,38.605428,8.83102,0.806571,0.925166,10.19832230175053,True,0.224344395272239,False,30842b15eefb0ef7e36cbdea86a9efddfacf69a871c8b054165faa9af9f6c8eb
2538,35.752638,2.0796,0.189568,0.95687,35.71557928903477,True,0.7856772712528274,False,30842b15eefb0ef7e36cbdea86a9efddfacf69a871c8b054165faa9af9f6c8eb
2539,31.831295,9.603654,0.320766,0.179173,7.999433871415784,True,0.17597288076441692,True,30842b15eefb0ef7e36cbdea86a9efddfacf69a871c8b054165faa9af9f6c8eb
2540,40.030543,5.692895,0.431565,0.428839,20.777629853466397,True,0.45706976762895846,False,30842b15eefb0ef7e36cbdea86a9efddfacf69a871c8b054165faa9af9f6c8eb
2541,32.204781,2.89803,1.080464,0.592655,32.101219373727936,True,0.7061679788904406,False,30842b15eefb0ef7e36cbdea86a9efddfacf69a871c8b054165faa9af9f6c8eb
2542,38.042748,7.636294,0.619713,0.969076,13.931138703445688,True,0.30645951318304,False,30842b15eefb0ef7e36cbdea86a9efddfacf69a871c8b054165faa9af9f6c8eb
2543,37.966723,8.109,0.333038,0.960765,12.408091558936617,True,0.2729552680242703,False,30842b15eefb0ef7e36cbdea86a9efddfacf69a871c8b054165faa9af9f6c8eb
2544,32.956487,8.182663,0.14257,0.947353,12.176088340644661,True,0.2678516225256388,False,30842b15eefb0ef7e36cbdea86a9efddfacf69a871c8b054165faa9af9f6c8eb
2545,40.345961,10.33456,0.396098,0.787135,6.089906539891377,True,0.13396677997927872,True,30842b15eefb0ef7e36cbdea86a9efddfacf69a871c8b054165faa9af9f6c8eb
2546,34.818203,10.079746,1.167104,0.496411,6.73585555176441,True,0.14817647409930879,True,30842b15eefb0ef7e36cbdea86a9efddfacf69a871c8b054165faa9af9f6c8eb
2547,29.790648,2.512939,0.685798,0.249005,33.78584974763015,True,0.7432267588846232,False,30842b15eefb0ef7e36cbdea86a9efddfacf69a871c8b054165faa9af9f6c8eb
2548,37.509352,4.604835,1.258571,0.16421,24.99067996421183,True,0.5497491467837617,False,30842b15eefb0ef7e36cbdea86a9efddfacf69a871c8b054165faa9af9f6c8eb
2549,32.869637,10.720398,0.908365,0.956644,5.154103901498698,True,0.11338083742985224,True,30842b15eefb0ef7e36cbdea86a9efddfacf69a871c8b054165faa9af9f6c8eb
2550,41.438444,0.112447,1.10633,0.894609,9.873753951634226,True,0.21720448656207286,False,30842b15eefb0ef7e36cbdea86a9efddfacf69a871c8b054165faa9af9f6c8eb
2551,32.729471,10.675776,0.743715,0.355215,5.259650376417236,True,0.11570266639231319,True,30842b15eefb0ef7e36cbdea86a9efddfacf69a871c8b054165faa9af9f6c8eb
2552,36.871586,12.101881,0.627136,0.219995,2.2693767963786295,True,0.049922129342884626,True,30842b15eefb0ef7e36cbdea86a9efddfacf69a871c8b054165faa9af9f6c8eb
2553,39.253039,5.962623,0.841748,0.181379,19.773928751605315,True,0.4349901833533709,False,30842b15eefb0ef7e36cbdea86a9efddfacf69a871c8b054165faa9af9f6c8eb
2554,29.475454,12.54676,0.755808,0.33007,1.5202936100835192,True,0.033443672449133335,True,30842b15eefb0ef7e36cbdea86a9efddfacf69a871c8b054165faa9af9f6c8eb
2555,39.18167,2.609246,0.929768,0.207667,27.227707778543348,True,0.5989596578231352,False,30842b15eefb0ef7e36cbdea86a9efddfacf69a871c8b054165faa9af9f6c8eb
2556,32.684184,1.586897,0.084717,0.811018,37.95264025809185,True,0.8348885116353846,False,30842b15eefb0ef7e36cbdea86a9efddfacf69a871c8b054165faa9af9f6c8eb
2557,33.08926,2.526234,1.046381,0.129228,33.727211657678566,True,0.7419368283998953,False,30842b15eefb0ef7e36cbdea86a9efddfacf69a871c8b054165faa9af9f6c8eb
2558,34.908145,6.938772,0.527905,0.73423,16.283276868151912,True,0.35820224091259945,False,30842b15eefb0ef7e36cbdea86a9efddfacf69a871c8b054165faa9af9f6c8eb
2559,40.725535,10.046477,0.785531,0.652532,0.0,False,0.0,True,30842b15eefb0ef7e36cbdea86a9efddfacf69a871c8b054165faa9af9f6c8eb
2560,34.779589,6.30596,1.091448,0.961953,18.520517393123253,True,0.407417431196112,False,30842b15eefb0ef7e36cbdea86a9efddfacf69a871c8b054165faa9af9f6c8eb
2561,30.677618,0.230668,0.880513,0.207345,44.33949706910046,True,0.9753876532157757,False,30842b15eefb0ef7e36cbdea86a9efddfacf69a871c8b054165faa9af9f6c8eb
2562,39.214008,12.475605,0.859532,0.644382,0.0,False,0.0,True,30842b15eefb0ef7e36cbdea86a9efddfacf69a871c8b054165faa9af9f6c8eb
2563,41.172911,4.45976,1.294034,0.832014,12.124273392204978,True,0.26671178864612244,False,30842b15eefb0ef7e36cbdea86a9efddfacf69a871c8b054165faa9af9f6c8eb
2564,33.246975,11.109229,1.211191,0.313754,4.2652254237696585,True,0.0938271403945663,True,30842b15eefb0ef7e36cbdea86a9efddfacf69a871c8b054165faa9af9f6c8eb
2565,32.946406,13.401873,1.006846,0.591628,0.0,False,0.0,True,30842b15eefb0ef7e36cbdea86a9efddfacf69a871c8b054165faa9af9f6c8eb
2566,41.454252,12.488748,0.432645,0.406157,0.0,False,0.0,True,30842b15eefb0ef7e36cbdea86a9efddfacf69a871c8b054165faa9af9f6c8eb
2567,28.66671,2.530647,0.523024,0.198726,33.70775546438665,True,0.7415088278141887,False,30842b15eefb0ef7e36cbdea86a9efddfacf69a871c8b054165faa9af9f6c8eb
2568,31.079329,9.462508,0.429765,0.231498,8.387745870756513,True,0.18451503290390134,True,30842b15eefb0ef7e36cbdea86a9efddfacf69a871c8b054165faa9af9f6c8eb
2569,36.68899,8.188505,0.395467,0.98698,12.157751381690977,True,0.2674482430436146,False,30842b15eefb0ef7e36cbdea86a9efddfacf69a871c8b054165faa9af9f6c8eb
2570,37.735251,2.870863,0.695594,0.111119,32.219121032913286,True,0.7087615992574877,False,30842b15eefb0ef7e36cbdea86a9efddfacf69a871c8b054165faa9af9f6c8eb
2571,34.865397,5.203563,0.018093,0.268073,22.64027252894496,True,0.4980444919291285,False,30842b15eefb0ef7e36cbdea86a9efddfacf69a871c8b054165faa9af9f6c8eb
2572,36.737759,2.492642,0.697476,0.403031,33.87543587732248,True,0.7451974895103023,False,30842b15eefb0ef7e36cbdea86a9efddfacf69a871c8b054165faa9af9f6c8eb
2573,29.260152,12.999699,0.511231,0.885207,0.0,False,0.0,True,30842b15eefb0ef7e36cbdea86a9efddfacf69a871c8b054165faa9af9f6c8eb
2574,39.516412,3.008331,0.75036,0.590584,25.32462360636565,True,0.55709529473215,False,30842b15eefb0ef7e36cbdea86a9efddfacf69a871c8b054165faa9af9f6c8eb
2575,36.832636,12.854756,1.364655,0.421116,0.0,False,0.0,True,30842b15eefb0ef7e36cbdea86a9efddfacf69a871c8b054165faa9af9f6c8eb
2576,35.671817,3.226582,0.548095,0.182015,30.686808351582137,True,0.6750535292740344,False,30842b15eefb0ef7e36cbdea86a9efddfacf69a871c8b054165faa9af9f6c8eb
2577,33.076904,12.87667,0.102269,0.545256,1.0331954656275821,True,0.022728406209955983,True,30842b15eefb0ef7e36cbdea86a9efddfacf69a871c8b054165faa9af9f6c8eb
2578,33.689993,12.43138,0.27728,0.418505,1.704896728266965,True,0.03750460263832005,True,30842b15eefb0ef7e36cbdea86a9efddfacf69a871c8b054165faa9af9f6c8eb
2579,30.550948,6.073149,0.367548,0.795472,19.367452419505113,True,0.42604844919167995,False,30842b15eefb0ef7e36cbdea86a9efddfacf69a871c8b054165faa9af9f6c8eb
2580,35.564002,13.278937,0.131486,0.593329,0.0,False,0.0,True,30842b15eefb0ef7e36cbdea86a9efddfacf69a871c8b054165faa9af9f6c8eb
2581,41.81722,9.260975,1.464555,0.897454,0.0,False,0.0,True,30842b15eefb0ef7e36cbdea86a9efddfacf69a871c8b054165faa9af9f6c8eb
2582,29.08152,4.514877,0.245659,0.501218,25.350463598583307,True,0.557663727191567,False,30842b15eefb0ef7e36cbdea86a9efddfacf69a871c8b054165faa9af9f6c8eb
2583,40.08211,10.713205,0.8293,0.859799,5.171069583533614,True,0.11375405133346174,True,30842b15eefb0ef7e36cbdea86a9efddfacf69a871c8b054165faa9af9f6c8eb
2584,39.446932,13.641483,0.803487,0.844757,0.0,False,0.0,True,30842b15eefb0ef7e36cbdea86a9efddfacf69a871c8b054165faa9af9f6c8eb
2585,41.753181,2.757291,0.400936,0.332209,0.0,False,0.0,True,30842b15eefb0ef7e36cbdea86a9efddfacf69a871c8b054165faa9af9f6c8eb
2586,40.538705,0.022637,0.543948,0.172547,18.211744653615412,True,0.4006249969631256,False,30842b15eefb0ef7e36cbdea86a9efddfacf69a871c8b054165faa9af9f6c8eb
2587,39.763607,0.672034,0.966755,0.877312,23.474183957705137,True,0.5163890146516255,False,30842b15eefb0ef7e36cbdea86a9efddfacf69a871c8b054165faa9af9f6c8eb
2588,33.256149,10.868347,0.924629,0.063311,4.809300422868332,True,0.10579579298702108,True,30842b15eefb0ef7e36cbdea86a9efddfacf69a871c8b054165faa9af9f6c8eb
2589,33.199374,8.174265,0.03665,0.920987,12.202464245591273,True,0.26843184408266785,False,30842b15eefb0ef7e36cbdea86a9efddfacf69a871c8b054165faa9af9f6c8eb
2590,32.246887,2.137824,0.159514,0.306495,35.45422532413474,True,0.7799279631340367,False,30842b15eefb0ef7e36cbdea86a9efddfacf69a871c8b054165faa9af9f6c8eb
2591,30.414569,13.38275,0.385551,0.114363,0.0,False,0.0,True,30842b15eefb0ef7e36cbdea86a9efddfacf69a871c8b054165faa9af9f6c8eb
2592,33.620631,1.688021,1.042354,0.31834,37.48981129971739,True,0.8247071230001994,False,30842b15eefb0ef7e36cbdea86a9efddfacf69a871c8b054165faa9af9f6c8eb
2593,39.02667,3.903983,0.382302,0.452383,27.838547069565955,True,0.612397002446914,False,30842b15eefb0ef7e36cbdea86a9efddfacf69a871c8b054165faa9af9f6c8eb
2594,40.783703,10.257111,1.28652,0.188219,0.0,False,0.0,True,30842b15eefb0ef7e36cbdea86a9efddfacf69a871c8b054165faa9af9f6c8eb
2595,33.046904,8.427824,0.434928,0.146813,11.414547335329987,True,0.25109911645088884,False,30842b15eefb0ef7e36cbdea86a9efddfacf69a871c8b054165faa9af9f6c8eb
2596,38.980412,4.407992,0.544888,0.575827,25.780168632198464,True,0.5671164502041827,False,30842b15eefb0ef7e36cbdea86a9efddfacf69a871c8b054165faa9af9f6c8eb
2597,37.05034,1.955224,1.034395,0.331915,36.276012839003755,True,0.7980057819762515,False,30842b15eefb0ef7e36cbdea86a9efddfacf69a871c8b054165faa9af9f6c8eb
2598,39.219851,4.434034,0.041421,0.680297,25.675251404240598,True,0.5648084635213332,False,30842b15eefb0ef7e36cbdea86a9efddfacf69a871c8b054165faa9af9f6c8eb
2599,36.295922,0.412824,1.411602,0.572883,39.315971454959566,True,0.8648792987342162,False,30842b15eefb0ef7e36cbdea86a9efddfacf69a871c8b054165faa9af9f6c8eb
2600,37.630095,13.655253,0.116426,0.726382,0.0,False,0.0,True,30842b15eefb0ef7e36cbdea86a9efddfacf69a871c8b054165faa9af9f6c8eb
2601,30.392544,6.783521,1.294777,0.14192,16.823233918042543,True,0.3700803061714218,False,30842b15eefb0ef7e36cbdea86a9efddfacf69a871c8b054165faa9af9f6c8eb
2602,33.064925,11.067496,0.772778,0.554148,4.357921220677392,True,0.09586627799840278,True,30842b15eefb0ef7e36cbdea86a9efddfacf69a871c8b054165faa9af9f6c8eb
2603,39.514143,11.839345,1.131657,0.082278,0.0,False,0.0,True,30842b15eefb0ef7e36cbdea86a9efddfacf69a871c8b054165faa9af9f6c8eb
2604,31.428056,4.51169,0.269866,0.631062,25.363241300089307,True,0.5579448132008649,False,30842b15eefb0ef7e36cbdea86a9efddfacf69a871c8b054165faa9af9f6c8eb
2605,31.569583,11.302566,0.492845,0.896539,3.844569323494244,True,0.08457347732709614,True,30842b15eefb0ef7e36cbdea86a9efddfacf69a871c8b054165faa9af9f6c8eb
2606,30.03099,0.93132,0.869694,0.957535,40.99860135786543,True,0.9018940720337036,False,30842b15eefb0ef7e36cbdea86a9efddfacf69a871c8b054165faa9af9f6c8eb
2607,28.540792,13.60813,0.714662,0.34526,0.0,False,0.0,True,30842b15eefb0ef7e36cbdea86a9efddfacf69a871c8b054165faa9af9f6c8eb
2608,39.262318,4.599608,0.520429,0.78873,25.011538211667578,True,0.5502079899908543,False,30842b15eefb0ef7e36cbdea86a9efddfacf69a871c8b054165faa9af9f6c8eb
2609,41.25591,10.577722,1.287353,0.508624,0.0,False,0.0,True,30842b15eefb0ef7e36cbdea86a9efddfacf69a871c8b054165faa9af9f6c8eb
2610,32.250959,13.01511,0.209046,0.555636,0.0,False,0.0,True,30842b15eefb0ef7e36cbdea86a9efddfacf69a871c8b054165faa9af9f6c8eb
2611,40.065131,9.48049,0.365972,0.768309,8.33793457143428,True,0.1834192756319182,True,30842b15eefb0ef7e36cbdea86a9efddfacf69a871c8b054165faa9af9f6c8eb
2612,32.131903,7.118661,0.158138,0.139993,15.665017534014456,True,0.34460166894257294,False,30842b15eefb0ef7e36cbdea86a9efddfacf69a871c8b054165faa9af9f6c8eb
2613,28.538452,6.157278,0.662418,0.638288,19.0599469143375,True,0.4192838917911092,False,30842b15eefb0ef7e36cbdea86a9efddfacf69a871c8b054165faa9af9f6c8eb
2614,34.92208,5.411414,1.315954,0.614189,21.84258117833366,True,0.4804967445279633,False,30842b15eefb0ef7e36cbdea86a9efddfacf69a871c8b054165faa9af9f6c8eb
2615,30.522913,8.200466,0.940704,0.757582,12.120236762470775,True,0.2666229901918411,False,30842b15eefb0ef7e36cbdea86a9efddfacf69a871c8b054165faa9af9f6c8eb
2616,41.569097,5.039736,0.069658,0.567724,0.0,False,0.0,True,30842b15eefb0ef7e36cbdea86a9efddfacf69a871c8b054165faa9af9f6c8eb
2617,32.92917,11.299027,0.641126,0.43167,3.852137845595438,True,0.08473997093885476,True,30842b15eefb0ef7e36cbdea86a9efddfacf69a871c8b054165faa9af9f6c8eb
2618,28.099333,3.771646,0.093689,0.426847,28.38769176342585,True,0.6244771790304496,False,30842b15eefb0ef7e36cbdea86a9efddfacf69a871c8b054165faa9af9f6c8eb
2619,33.459322,5.069467,0.663789,0.401765,23.159945057447977,True,0.5094763349026138,False,30842b15eefb0ef7e36cbdea86a9efddfacf69a871c8b054165faa9af9f6c8eb
2620,40.859717,5.968596,0.708011,0.6664,15.42900602947288,True,0.33940984849436223,False,30842b15eefb0ef7e36cbdea86a9efddfacf69a871c8b054165faa9af9f6c8eb
2621,39.042968,2.299647,0.255727,0.702797,28.722054043807155,True,0.6318325362524032,False,30842b15eefb0ef7e36cbdea86a9efddfacf69a871c8b054165faa9af9f6c8eb
2622,33.019602,6.718778,1.100707,0.286887,17.05013666022324,True,0.37507175054569925,False,30842b15eefb0ef7e36cbdea86a9efddfacf69a871c8b054165faa9af9f6c8eb
2623,37.185945,11.031343,0.57146,0.840128,4.438758206273575,True,0.09764454349272762,True,30842b15eefb0ef7e36cbdea86a9efddfacf69a871c8b054165faa9af9f6c8eb
2624,39.702062,11.026314,0.546285,0.112388,4.4500420794773445,True,0.09789276801783345,True,30842b15eefb0ef7e36cbdea86a9efddfacf69a871c8b054165faa9af9f6c8eb
2625,36.815489,11.552282,0.982012,0.742695,3.323253935397544,True,0.07310549445420814,True,30842b15eefb0ef7e36cbdea86a9efddfacf69a871c8b054165faa9af9f6c8eb
2626,41.252734,9.66625,0.538267,0.519576,0.0,False,0.0,True,30842b15eefb0ef7e36cbdea86a9efddfacf69a871c8b054165faa9af9f6c8eb
2627,36.289266,13.619912,0.178464,0.443382,0.0,False,0.0,True,30842b15eefb0ef7e36cbdea86a9efddfacf69a871c8b054165faa9af9f6c8eb
2628,38.8554,4.739074,1.332044,0.775847,24.45699396000454,True,0.5380090330340138,False,30842b15eefb0ef7e36cbdea86a9efddfacf69a871c8b054165faa9af9f6c8eb
2629,29.666705,3.839438,1.411993,0.700878,28.105935855306708,True,0.6182790655612843,False,30842b15eefb0ef7e36cbdea86a9efddfacf69a871c8b054165faa9af9f6c8eb
2630,28.229814,8.25166,0.621969,0.062153,11.960108701997338,True,0.26310046640507445,False,30842b15eefb0ef7e36cbdea86a9efddfacf69a871c8b054165faa9af9f6c8eb
2631,35.650103,13.373897,0.987853,0.401901,0.0,False,0.0,True,30842b15eefb0ef7e36cbdea86a9efddfacf69a871c8b054165faa9af9f6c8eb
2632,30.808569,9.50533,0.589694,0.652927,8.2692890380807,True,0.1819091997377973,True,30842b15eefb0ef7e36cbdea86a9efddfacf69a871c8b054165faa9af9f6c8eb
2633,30.204121,5.340689,0.58828,0.990004,22.112938691778457,True,0.4864441142096087,False,30842b15eefb0ef7e36cbdea86a9efddfacf69a871c8b054165faa9af9f6c8eb
2634,35.047027,9.739619,1.272637,0.273298,7.631222462974289,True,0.16787290477670302,True,30842b15eefb0ef7e36cbdea86a9efddfacf69a871c8b054165faa9af9f6c8eb
2635,39.297585,5.659796,0.750103,0.505996,20.901933691533927,True,0.45980422419506356,False,30842b15eefb0ef7e36cbdea86a9efddfacf69a871c8b054165faa9af9f6c8eb
2636,35.883924,10.427796,0.788138,0.612496,5.859031514873614,True,0.12888795266449748,True,30842b15eefb0ef7e36cbdea86a9efddfacf69a871c8b054165faa9af9f6c8eb
2637,31.896394,10.665079,0.657526,0.709108,5.285058284023736,True,0.1162615937823737,True,30842b15eefb0ef7e36cbdea86a9efddfacf69a871c8b054165faa9af9f6c8eb
2638,38.545256,5.195786,1.260387,0.567139,22.670303832079174,True,0.49870512554527985,False,30842b15eefb0ef7e36cbdea86a9efddfacf69a871c8b054165faa9af9f6c8eb
2639,32.640175,7.215225,0.173025,0.321177,15.336442485965481,True,0.33737362022288875,False,30842b15eefb0ef7e36cbdea86a9efddfacf69a871c8b054165faa9af9f6c8eb
2640,37.437935,1.502485,0.738738,0.19822,36.06830467579513,True,0.7934365831522304,False,30842b15eefb0ef7e36cbdea86a9efddfacf69a871c8b054165faa9af9f6c8eb
2641,32.876137,11.952915,0.757056,0.185062,2.541705738064357,True,0.05591286683184655,True,30842b15eefb0ef7e36cbdea86a9efddfacf69a871c8b054165faa9af9f6c8eb
2642,39.350734,9.540045,0.27648,0.802146,8.173671333031818,True,0.17980578551124077,True,30842b15eefb0ef7e36cbdea86a9efddfacf69a871c8b054165faa9af9f6c8eb
2643,33.368298,13.522644,1.279214,0.671205,0.0,False,0.0,True,30842b15eefb0ef7e36cbdea86a9efddfacf69a871c8b054165faa9af9f6c8eb
2644,34.014097,9.285743,0.34634,0.679001,8.8826251941636,True,0.19540147081569795,True,30842b15eefb0ef7e36cbdea86a9efddfacf69a871c8b054165faa9af9f6c8eb
2645,36.241254,1.994828,0.515366,0.156335,36.09724318886925,True,0.7940731773903412,False,30842b15eefb0ef7e36cbdea86a9efddfacf69a871c8b054165faa9af9f6c8eb
2646,36.567495,1.417408,1.265918,0.75069,38.64090964109617,True,0.8500291763394211,False,30842b15eefb0ef7e36cbdea86a9efddfacf69a871c8b054165faa9af9f6c8eb
2647,38.179223,7.468851,0.483155,0.59821,14.484577873228153,True,0.3186341603643224,False,30842b15eefb0ef7e36cbdea86a9efddfacf69a871c8b054165faa9af9f6c8eb
2648,34.246382,13.628687,0.029197,0.859136,0.0,False,0.0,True,30842b15eefb0ef7e36cbdea86a9efddfacf69a871c8b054165faa9af9f6c8eb
2649,28.457126,2.509895,0.585293,0.201658,33.79928019858645,True,0.7435222041852201,False,30842b15eefb0ef7e36cbdea86a9efddfacf69a871c8b054165faa9af9f6c8eb
2650,32.812447,7.630335,1.157006,0.889029,13.950711045383859,True,0.3068900688260428,False,30842b15eefb0ef7e36cbdea86a9efddfacf69a871c8b054165faa9af9f6c8eb
2651,28.268864,8.326424,0.014058,0.523978,11.727535886173282,True,0.25798429080491186,False,30842b15eefb0ef7e36cbdea86a9efddfacf69a871c8b054165faa9af9f6c8eb
2652,39.642115,2.809554,1.412359,0.69998,23.842098271167107,True,0.5244824550944186,False,30842b15eefb0ef7e36cbdea86a9efddfacf69a871c8b054165faa9af9f6c8eb
2653,36.685413,12.659081,0.420195,0.905893,0.0,False,0.0,True,30842b15eefb0ef7e36cbdea86a9efddfacf69a871c8b054165faa9af9f6c8eb
2654,35.014576,5.810643,1.114309,0.379614,20.337434210808254,True,0.44738627044857765,False,30842b15eefb0ef7e36cbdea86a9efddfacf69a871c8b054165faa9af9f6c8eb
2655,37.932658,4.279122,0.859131,0.841723,26.30145015083796,True,0.578583688011101,False,30842b15eefb0ef7e36cbdea86a9efddfacf69a871c8b054165faa9af9f6c8eb
2656,35.018102,7.302557,0.277723,0.462406,15.041286880215113,True,0.33088073796990175,False,30842b15eefb0ef7e36cbdea86a9efddfacf69a871c8b054165faa9af9f6c8eb
2657,29.845816,6.46388,1.143093,0.305758,17.95325350254445,True,0.3949386655005196,False,30842b15eefb0ef7e36cbdea86a9efddfacf69a871c8b054165faa9af9f6c8eb
2658,40.19779,12.917226,0.031601,0.718412,0.0,False,0.0,True,30842b15eefb0ef7e36cbdea86a9efddfacf69a871c8b054165faa9af9f6c8eb
2659,41.367265,8.107755,0.899583,0.684876,0.0,False,0.0,True,30842b15eefb0ef7e36cbdea86a9efddfacf69a871c8b054165faa9af9f6c8eb
2660,37.764885,7.816903,1.02648,0.94624,13.342295191291269,True,0.293506035372127,False,30842b15eefb0ef7e36cbdea86a9efddfacf69a871c8b054165faa9af9f6c8eb
2661,30.279939,2.615337,0.375417,0.961672,33.335097107716926,True,0.7333110271175127,False,30842b15eefb0ef7e36cbdea86a9efddfacf69a871c8b054165faa9af9f6c8eb
2662,41.136243,7.475524,0.083064,0.921181,13.641528037284177,True,0.3000886094361323,False,30842b15eefb0ef7e36cbdea86a9efddfacf69a871c8b054165faa9af9f6c8eb
2663,28.120475,12.367536,1.259646,0.170501,1.810034590464718,True,0.03981744286998464,True,30842b15eefb0ef7e36cbdea86a9efddfacf69a871c8b054165faa9af9f6c8eb
2664,39.054531,6.043105,0.187568,0.545507,19.47766517788006,True,0.42847292783604174,False,30842b15eefb0ef7e36cbdea86a9efddfacf69a871c8b054165faa9af9f6c8eb
2665,37.424161,3.511879,0.129856,0.154981,29.475962071538145,True,0.6484171308129383,False,30842b15eefb0ef7e36cbdea86a9efddfacf69a871c8b054165faa9af9f6c8eb
2666,40.597126,11.746292,0.252157,0.128409,0.0,False,0.0,True,30842b15eefb0ef7e36cbdea86a9efddfacf69a871c8b054165faa9af9f6c8eb
2667,40.885672,1.034273,0.02647,0.221745,15.89172921638266,True,0.34958891035122264,False,30842b15eefb0ef7e36cbdea86a9efddfacf69a871c8b054165faa9af9f6c8eb
2668,35.137748,3.563169,0.268378,0.641461,29.260007430338273,True,0.643666524590393,False,30842b15eefb0ef7e36cbdea86a9efddfacf69a871c8b054165faa9af9f6c8eb
2669,39.229971,10.625795,0.235092,0.404385,5.378716476634264,True,0.11832190232742656,True,30842b15eefb0ef7e36cbdea86a9efddfacf69a871c8b054165faa9af9f6c8eb
2670,38.218496,9.290778,0.808023,0.361568,8.868398538509778,True,0.19508851047134257,True,30842b15eefb0ef7e36cbdea86a9efddfacf69a871c8b054165faa9af9f6c8eb
2671,32.470905,0.123473,0.016341,0.216102,44.85828159958858,True,0.986799961860794,False,30842b15eefb0ef7e36cbdea86a9efddfacf69a871c8b054165faa9af9f6c8eb
2672,36.939645,8.022204,0.169108,0.657651,12.68332410816071,True,0.27900987955623935,False,30842b15eefb0ef7e36cbdea86a9efddfacf69a871c8b054165faa9af9f6c8eb
2673,39.84523,0.348547,0.812957,0.174263,23.069964385524976,True,0.507496925071127,False,30842b15eefb0ef7e36cbdea86a9efddfacf69a871c8b054165faa9af9f6c8eb
2674,29.584329,4.022607,1.371559,0.080094,27.3493540778962,True,0.6016356534092658,False,30842b15eefb0ef7e36cbdea86a9efddfacf69a871c8b054165faa9af9f6c8eb
2675,32.322869,4.232577,0.777254,0.203165,26.49057893792973,True,0.5827441746199026,False,30842b15eefb0ef7e36cbdea86a9efddfacf69a871c8b054165faa9af9f6c8eb
2676,39.954426,2.707285,0.746442,0.667902,22.375356325425837,True,0.4922168210909443,False,30842b15eefb0ef7e36cbdea86a9efddfacf69a871c8b054165faa9af9f6c8eb
2677,38.706996,11.474072,0.267525,0.52441,3.4837975228089815,True,0.07663715907187496,True,30842b15eefb0ef7e36cbdea86a9efddfacf69a871c8b054165faa9af9f6c8eb
2678,32.181413,13.904983,1.262778,0.866009,0.0,False,0.0,True,30842b15eefb0ef7e36cbdea86a9efddfacf69a871c8b054165faa9af9f6c8eb
2679,39.354158,1.448046,0.398493,0.914142,26.704293740564466,True,0.5874455085000434,False,30842b15eefb0ef7e36cbdea86a9efddfacf69a871c8b054165faa9af9f6c8eb
2680,37.010568,12.603378,0.278037,0.419026,0.0,False,0.0,True,30842b15eefb0ef7e36cbdea86a9efddfacf69a871c8b054165faa9af9f6c8eb
2681,28.613945,7.163204,0.520527,0.864442,15.513164132095161,True,0.34126117247505405,False,30842b15eefb0ef7e36cbdea86a9efddfacf69a871c8b054165faa9af9f6c8eb
2682,38.655063,6.739121,1.495357,0.903407,16.97873204904968,True,0.3735009799974266,False,30842b15eefb0ef7e36cbdea86a9efddfacf69a871c8b054165faa9af9f6c8eb
2683,29.640399,3.250895,0.32489,0.386581,30.582987919052695,True,0.6727696700799861,False,30842b15eefb0ef7e36cbdea86a9efddfacf69a871c8b054165faa9af9f6c8eb
2684,28.10519,0.807181,0.148812,0.065386,41.584153144981386,True,0.9147751379280967,False,30842b15eefb0ef7e36cbdea86a9efddfacf69a871c8b054165faa9af9f6c8eb
2685,31.080231,7.90622,1.045388,0.346347,13.054240575589615,True,0.2871693618828147,False,30842b15eefb0ef7e36cbdea86a9efddfacf69a871c8b054165faa9af9f6c8eb
2686,38.45805,0.485442,1.041421,0.908208,31.133236645582066,True,0.6848741333583591,False,30842b15eefb0ef7e36cbdea86a9efddfacf69a871c8b054165faa9af9f6c8eb
2687,31.200037,0.865187,0.498878,0.931818,41.31019990163207,True,0.908748668780174,False,30842b15eefb0ef7e36cbdea86a9efddfacf69a871c8b054165faa9af9f6c8eb
2688,40.658438,0.013795,0.059445,0.946832,17.738303387163885,True,0.3902101570045219,False,30842b15eefb0ef7e36cbdea86a9efddfacf69a871c8b054165faa9af9f6c8eb
2689,28.778013,8.223972,0.674028,0.303172,12.046624966028485,True,0.2650036656138256,False,30842b15eefb0ef7e36cbdea86a9efddfacf69a871c8b054165faa9af9f6c8eb
2690,36.37942,5.954172,0.509951,0.949088,19.80512426318539,True,0.43567642742112694,False,30842b15eefb0ef7e36cbdea86a9efddfacf69a871c8b054165faa9af9f6c8eb
2691,32.170938,4.548501,0.379214,0.145478,25.215785092107048,True,0.5547010469391103,False,30842b15eefb0ef7e36cbdea86a9efddfacf69a871c8b054165faa9af9f6c8eb
2692,35.928319,6.79831,0.238977,0.761868,16.77154569972912,True,0.3689432601223639,False,30842b15eefb0ef7e36cbdea86a9efddfacf69a871c8b054165faa9af9f6c8eb
2693,36.080157,12.848831,0.976467,0.804559,0.0,False,0.0,True,30842b15eefb0ef7e36cbdea86a9efddfacf69a871c8b054165faa9af9f6c8eb
2694,32.376016,4.099265,0.600925,0.804061,27.034765700611654,True,0.5947152858063061,False,30842b15eefb0ef7e36cbdea86a9efddfacf69a871c8b054165faa9af9f6c8eb
2695,34.417666,8.85039,0.081727,0.462235,10.141050947615033,True,0.22308453046999163,False,30842b15eefb0ef7e36cbdea86a9efddfacf69a871c8b054165faa9af9f6c8eb
2696,29.53664,4.900935,1.020012,0.226892,23.818620590915263,True,0.5239659891677053,False,30842b15eefb0ef7e36cbdea86a9efddfacf69a871c8b054165faa9af9f6c8eb
2697,35.804272,1.147699,0.453762,0.241246,39.98460292958451,True,0.8795879654537383,False,30842b15eefb0ef7e36cbdea86a9efddfacf69a871c8b054165faa9af9f6c8eb
2698,33.437385,4.831156,0.394018,0.625706,24.093135928169946,True,0.5300048233511264,False,30842b15eefb0ef7e36cbdea86a9efddfacf69a871c8b054165faa9af9f6c8eb
2699,41.417839,2.295391,0.390823,0.612846,10.78623570904394,True,0.23727741248125997,False,30842b15eefb0ef7e36cbdea86a9efddfacf69a871c8b054165faa9af9f6c8eb
2700,41.872109,8.964878,0.037618,0.547092,0.0,False,0.0,True,30842b15eefb0ef7e36cbdea86a9efddfacf69a871c8b054165faa9af9f6c8eb
2701,29.427539,10.918114,0.447869,0.753834,4.695115823653306,True,0.10328394112527899,True,30842b15eefb0ef7e36cbdea86a9efddfacf69a871c8b054165faa9af9f6c8eb
2702,34.482803,10.723073,0.151925,0.360937,5.147799287627636,True,0.11324214748218452,True,30842b15eefb0ef7e36cbdea86a9efddfacf69a871c8b054165faa9af9f6c8eb
2703,33.861755,4.698831,0.637464,0.416478,24.61658241700025,True,0.5415196865334612,False,30842b15eefb0ef7e36cbdea86a9efddfacf69a871c8b054165faa9af9f6c8eb
2704,40.290843,1.599852,1.340921,0.177667,19.32851794837772,True,0.4251919622007932,False,30842b15eefb0ef7e36cbdea86a9efddfacf69a871c8b054165faa9af9f6c8eb
2705,28.80869,3.842126,1.404391,0.73474,28.094783358223935,True,0.6180337310700043,False,30842b15eefb0ef7e36cbdea86a9efddfacf69a871c8b054165faa9af9f6c8eb
2706,40.70384,13.600296,1.416534,0.182802,0.0,False,0.0,True,30842b15eefb0ef7e36cbdea86a9efddfacf69a871c8b054165faa9af9f6c8eb
2707,29.777774,1.889596,0.560975,0.939897,36.57290032452487,True,0.8045367624093467,False,30842b15eefb0ef7e36cbdea86a9efddfacf69a871c8b054165faa9af9f6c8eb
2708,29.465368,9.178545,1.161328,0.378117,9.187315527121871,True,0.20210409958838219,False,30842b15eefb0ef7e36cbdea86a9efddfacf69a871c8b054165faa9af9f6c8eb
2709,32.690288,0.798392,0.640675,0.457404,41.62571484450069,True,0.9156894191274215,False,30842b15eefb0ef7e36cbdea86a9efddfacf69a871c8b054165faa9af9f6c8eb
2710,32.18508,7.175326,1.112865,0.835104,15.47192393820992,True,0.3403539638103008,False,30842b15eefb0ef7e36cbdea86a9efddfacf69a871c8b054165faa9af9f6c8eb
2711,38.314112,11.094298,0.795024,0.822995,4.298313262520692,True,0.09455501219110599,True,30842b15eefb0ef7e36cbdea86a9efddfacf69a871c8b054165faa9af9f6c8eb
2712,34.743156,12.197508,1.184526,0.965865,2.100058893568712,True,0.046197445871355734,True,30842b15eefb0ef7e36cbdea86a9efddfacf69a871c8b054165faa9af9f6c8eb
2713,34.940207,10.715856,1.030103,0.65931,5.164814672179935,True,0.11361645475006275,True,30842b15eefb0ef7e36cbdea86a9efddfacf69a871c8b054165faa9af9f6c8eb
2714,31.764118,13.334571,1.199155,0.710114,0.0,False,0.0,True,30842b15eefb0ef7e36cbdea86a9efddfacf69a871c8b054165faa9af9f6c8eb
2715,36.813001,6.663452,1.354302,0.901303,17.244837261140834,True,0.37935480684452805,False,30842b15eefb0ef7e36cbdea86a9efddfacf69a871c8b054165faa9af9f6c8eb
2716,30.114653,10.07718,0.820869,0.984603,6.742470059413286,True,0.14832198114199716,True,30842b15eefb0ef7e36cbdea86a9efddfacf69a871c8b054165faa9af9f6c8eb
2717,37.745602,7.08825,0.083965,0.657971,15.768975817279788,True,0.3468885606001054,False,30842b15eefb0ef7e36cbdea86a9efddfacf69a871c8b054165faa9af9f6c8eb
2718,36.309621,7.202013,1.426621,0.440681,15.38126129480086,True,0.3383595518562976,False,30842b15eefb0ef7e36cbdea86a9efddfacf69a871c8b054165faa9af9f6c8eb
2719,40.304805,3.281876,1.084765,0.321541,19.479320302293686,True,0.4285093375389996,False,30842b15eefb0ef7e36cbdea86a9efddfacf69a871c8b054165faa9af9f6c8eb
2720,32.305087,10.904463,0.881387,0.916839,4.7263453764507695,True,0.10397093403741384,True,30842b15eefb0ef7e36cbdea86a9efddfacf69a871c8b054165faa9af9f6c8eb
2721,29.591414,1.76145,0.020643,0.979108,37.15492637649348,True,0.8173402685938073,False,30842b15eefb0ef7e36cbdea86a9efddfacf69a871c8b054165faa9af9f6c8eb
2722,41.042614,13.753169,0.55657,0.230757,0.0,False,0.0,True,30842b15eefb0ef7e36cbdea86a9efddfacf69a871c8b054165faa9af9f6c8eb
2723,29.840298,5.444268,1.390007,0.970815,21.71736916184818,True,0.47774230970151826,False,30842b15eefb0ef7e36cbdea86a9efddfacf69a871c8b054165faa9af9f6c8eb
2724,38.237495,11.465955,1.439759,0.538878,3.5006036372178952,True,0.0770068627802287,True,30842b15eefb0ef7e36cbdea86a9efddfacf69a871c8b054165faa9af9f6c8eb
2725,30.250566,8.359548,0.953662,0.759118,11.62498274622206,True,0.25572830972440835,False,30842b15eefb0ef7e36cbdea86a9efddfacf69a871c8b054165faa9af9f6c8eb
2726,29.29787,4.253719,1.44745,0.499992,26.40461553079127,True,0.580853137249304,False,30842b15eefb0ef7e36cbdea86a9efddfacf69a871c8b054165faa9af9f6c8eb
2727,28.489707,0.134409,1.203968,0.270918,42.58495464696139,True,0.9367909363217908,False,30842b15eefb0ef7e36cbdea86a9efddfacf69a871c8b054165faa9af9f6c8eb
2728,36.445769,9.705057,0.183603,0.800829,7.724272064538056,True,0.16991982543438441,True,30842b15eefb0ef7e36cbdea86a9efddfacf69a871c8b054165faa9af9f6c8eb
2729,34.230206,11.8464,0.032074,0.279157,2.742641348245776,True,0.060333081904581705,True,30842b15eefb0ef7e36cbdea86a9efddfacf69a871c8b054165faa9af9f6c8eb
2730,35.643726,0.751639,1.320069,0.896755,41.115527045873044,True,0.9044662228239718,False,30842b15eefb0ef7e36cbdea86a9efddfacf69a871c8b054165faa9af9f6c8eb
2731,40.622494,6.619357,1.028426,0.189158,17.059222291132173,True,0.3752716177700937,False,30842b15eefb0ef7e36cbdea86a9efddfacf69a871c8b054165faa9af9f6c8eb
2732,36.371327,0.505785,0.22636,0.73484,40.27998867404635,True,0.8860859103364919,False,30842b15eefb0ef7e36cbdea86a9efddfacf69a871c8b054165faa9af9f6c8eb
2733,36.49149,0.345512,0.901188,0.573273,39.242072417103614,True,0.8632536553716654,False,30842b15eefb0ef7e36cbdea86a9efddfacf69a871c8b054165faa9af9f6c8eb
2734,33.178613,1.511998,1.343648,0.736988,38.29665961683968,True,0.8424563068782334,False,30842b15eefb0ef7e36cbdea86a9efddfacf69a871c8b054165faa9af9f6c8eb
2735,39.907238,1.327824,0.791281,0.435364,22.66149241707835,True,0.49851129056817645,False,30842b15eefb0ef7e36cbdea86a9efddfacf69a871c8b054165faa9af9f6c8eb
2736,33.873793,13.034578,0.452067,0.208858,0.0,False,0.0,True,30842b15eefb0ef7e36cbdea86a9efddfacf69a871c8b054165faa9af9f6c8eb
2737,37.216125,10.743118,0.13547,0.400943,5.10063787291625,True,0.11220468281392304,True,30842b15eefb0ef7e36cbdea86a9efddfacf69a871c8b054165faa9af9f6c8eb
2738,37.470634,2.258262,0.458781,0.883051,34.9156421366604,True,0.7680801203298349,False,30842b15eefb0ef7e36cbdea86a9efddfacf69a871c8b054165faa9af9f6c8eb
2739,28.393521,1.381358,0.930032,0.163012,38.899174432612725,True,0.855710528306788,False,30842b15eefb0ef7e36cbdea86a9efddfacf69a871c8b054165faa9af9f6c8eb
2740,33.688377,12.295724,1.071351,0.461133,1.9307735809307587,True,0.04247347932386638,True,30842b15eefb0ef7e36cbdea86a9efddfacf69a871c8b054165faa9af9f6c8eb
2741,29.18413,8.492912,0.324291,0.701097,11.215134331971061,True,0.24671239593703534,False,30842b15eefb0ef7e36cbdea86a9efddfacf69a871c8b054165faa9af9f6c8eb
2742,34.964844,1.452059,0.361895,0.561322,38.572710463183654,True,0.8485289194467533,False,30842b15eefb0ef7e36cbdea86a9efddfacf69a871c8b054165faa9af9f6c8eb
2743,32.473188,0.851102,0.509367,0.789812,41.37666565081516,True,0.9102107934184823,False,30842b15eefb0ef7e36cbdea86a9efddfacf69a871c8b054165faa9af9f6c8eb
2744,34.19461,5.280395,0.655412,0.537661,22.344295848003362,True,0.49153354752711353,False,30842b15eefb0ef7e36cbdea86a9efddfacf69a871c8b054165faa9af9f6c8eb
2745,34.880902,7.134616,1.067102,0.759568,15.61056800950622,True,0.343403879219202,False,30842b15eefb0ef7e36cbdea86a9efddfacf69a871c8b054165faa9af9f6c8eb
2746,32.738724,11.459799,0.856295,0.939493,3.5133674980445395,True,0.07728764431995323,True,30842b15eefb0ef7e36cbdea86a9efddfacf69a871c8b054165faa9af9f6c8eb
2747,30.441241,6.503866,0.628755,0.620503,17.810555595643525,True,0.39179957313972935,False,30842b15eefb0ef7e36cbdea86a9efddfacf69a871c8b054165faa9af9f6c8eb
2748,41.027906,7.827329,1.492434,0.239631,13.122692564481888,True,0.2886751801535888,False,30842b15eefb0ef7e36cbdea86a9efddfacf69a871c8b054165faa9af9f6c8eb
2749,31.981439,7.791572,0.035965,0.415354,13.42437046781036,True,0.29531154099674495,False,30842b15eefb0ef7e36cbdea86a9efddfacf69a871c8b054165faa9af9f6c8eb
2750,29.359733,11.127443,1.241245,0.065929,4.224977865629436,True,0.09294176789652289,True,30842b15eefb0ef7e36cbdea86a9efddfacf69a871c8b054165faa9af9f6c8eb
2751,32.520558,4.913943,1.491936,0.625003,23.767562291584007,True,0.5228428001814999,False,30842b15eefb0ef7e36cbdea86a9efddfacf69a871c8b054165faa9af9f6c8eb
2752,40.48273,0.760716,1.032344,0.381085,18.163642525527024,True,0.39956683832506756,False,30842b15eefb0ef7e36cbdea86a9efddfacf69a871c8b054165faa9af9f6c8eb
2753,33.833732,9.631294,1.066894,0.929356,7.924113435674595,True,0.17431596925406997,True,30842b15eefb0ef7e36cbdea86a9efddfacf69a871c8b054165faa9af9f6c8eb
2754,36.992545,6.170481,1.129748,0.54158,19.0118368566421,True,0.41822555871623324,False,30842b15eefb0ef7e36cbdea86a9efddfacf69a871c8b054165faa9af9f6c8eb
2755,33.830742,5.533917,0.965589,0.390098,21.376925230299307,True,0.470253167302643,False,30842b15eefb0ef7e36cbdea86a9efddfacf69a871c8b054165faa9af9f6c8eb
2756,34.15791,1.552862,1.19815,0.973852,38.10883848686423,True,0.8383245863288192,False,30842b15eefb0ef7e36cbdea86a9efddfacf69a871c8b054165faa9af9f6c8eb
2757,34.734922,9.382744,0.769877,0.302444,8.609885715874832,True,0.18940170227405684,True,30842b15eefb0ef7e36cbdea86a9efddfacf69a871c8b054165faa9af9f6c8eb
2758,41.425997,1.570368,0.211695,0.54572,10.897533495835015,True,0.23972575976172358,False,30842b15eefb0ef7e36cbdea86a9efddfacf69a871c8b054165faa9af9f6c8eb
2759,33.912958,0.948554,1.024288,0.400212,40.91752925628388,True,0.9001106344187106,False,30842b15eefb0ef7e36cbdea86a9efddfacf69a871c8b054165faa9af9f6c8eb
2760,35.469914,10.999219,1.117418,0.651871,4.51100083370902,True,0.09923374886252659,True,30842b15eefb0ef7e36cbdea86a9efddfacf69a871c8b054165faa9af9f6c8eb
2761,28.346833,6.054056,0.92959,0.125216,19.43746862435271,True,0.42758867734598094,False,30842b15eefb0ef7e36cbdea86a9efddfacf69a871c8b054165faa9af9f6c8eb
2762,32.489861,5.102064,0.191663,0.595529,23.033257981112655,True,0.5066894514635233,False,30842b15eefb0ef7e36cbdea86a9efddfacf69a871c8b054165faa9af9f6c8eb
2763,36.321865,11.198242,1.314497,0.862341,4.069746762564111,True,0.08952696819572749,True,30842b15eefb0ef7e36cbdea86a9efddfacf69a871c8b054165faa9af9f6c8eb
2764,33.212973,12.129691,1.154223,0.271704,2.219685785599403,True,0.048829018198337015,True,30842b15eefb0ef7e36cbdea86a9efddfacf69a871c8b054165faa9af9f6c8eb
2765,33.104171,2.55721,0.651323,0.087166,33.590722644309736,True,0.7389343203147881,False,30842b15eefb0ef7e36cbdea86a9efddfacf69a871c8b054165faa9af9f6c8eb
2766,38.737144,1.110525,0.836877,0.079849,29.86431123366535,True,0.656960100465599,False,30842b15eefb0ef7e36cbdea86a9efddfacf69a871c8b054165faa9af9f6c8eb
2767,31.996578,1.494823,1.087097,0.802522,38.37569202285979,True,0.8441948749300047,False,30842b15eefb0ef7e36cbdea86a9efddfacf69a871c8b054165faa9af9f6c8eb
2768,35.855519,6.873918,1.461746,0.497551,16.508122334363943,True,0.3631484289869246,False,30842b15eefb0ef7e36cbdea86a9efddfacf69a871c8b054165faa9af9f6c8eb
2769,29.75034,4.460484,1.052594,0.057856,25.568836524733168,True,0.562467531249859,False,30842b15eefb0ef7e36cbdea86a9efddfacf69a871c8b054165faa9af9f6c8eb
2770,33.150866,10.587741,1.295327,0.682956,5.469963611428378,True,0.12032917202042265,True,30842b15eefb0ef7e36cbdea86a9efddfacf69a871c8b054165faa9af9f6c8eb
2771,40.665416,2.626841,0.417368,0.37395,17.323868223504707,True,0.3810933431385088,False,30842b15eefb0ef7e36cbdea86a9efddfacf69a871c8b054165faa9af9f6c8eb
2772,30.400416,8.238589,0.476489,0.69492,12.000925550739213,True,0.2639983622527417,False,30842b15eefb0ef7e36cbdea86a9efddfacf69a871c8b054165faa9af9f6c8eb
2773,29.819096,2.848575,0.038295,0.090175,32.315955923938375,True,0.710891789344199,False,30842b15eefb0ef7e36cbdea86a9efddfacf69a871c8b054165faa9af9f6c8eb
2774,38.745175,13.78202,0.190614,0.932884,0.0,False,0.0,True,30842b15eefb0ef7e36cbdea86a9efddfacf69a871c8b054165faa9af9f6c8eb
2775,38.756246,7.948679,0.29098,0.523149,12.918043487562302,True,0.28417327562006905,False,30842b15eefb0ef7e36cbdea86a9efddfacf69a871c8b054165faa9af9f6c8eb
2776,41.0199,5.198015,0.995383,0.767905,13.77391058735985,True,0.30300078285667875,False,30842b15eefb0ef7e36cbdea86a9efddfacf69a871c8b054165faa9af9f6c8eb
2777,32.342385,5.059793,0.923755,0.614368,23.19758726305148,True,0.510304394420931,False,30842b15eefb0ef7e36cbdea86a9efddfacf69a871c8b054165faa9af9f6c8eb
2778,36.451223,5.05386,1.240073,0.109771,23.220683056606823,True,0.5108124595403886,False,30842b15eefb0ef7e36cbdea86a9efddfacf69a871c8b054165faa9af9f6c8eb
2779,39.232413,10.446255,0.322947,0.117029,5.813676311374582,True,0.12789022133179653,True,30842b15eefb0ef7e36cbdea86a9efddfacf69a871c8b054165faa9af9f6c8eb
2780,29.104617,6.01021,0.681543,0.641999,19.598575321794737,True,0.43113272935203834,False,30842b15eefb0ef7e36cbdea86a9efddfacf69a871c8b054165faa9af9f6c8eb
2781,34.910588,2.278244,0.619095,0.356793,34.826551307629934,True,0.7661202854107412,False,30842b15eefb0ef7e36cbdea86a9efddfacf69a871c8b054165faa9af9f6c8eb
2782,32.026637,11.594627,1.196249,0.155201,3.2373906121204774,True,0.07121665874508844,True,30842b15eefb0ef7e36cbdea86a9efddfacf69a871c8b054165faa9af9f6c8eb
2783,34.450669,12.707131,0.556051,0.515562,1.2757137563655785,True,0.02806336402637387,True,30842b15eefb0ef7e36cbdea86a9efddfacf69a871c8b054165faa9af9f6c8eb
2784,38.898103,0.394039,0.792887,0.732128,29.015702014384257,True,0.6382922532953459,False,30842b15eefb0ef7e36cbdea86a9efddfacf69a871c8b054165faa9af9f6c8eb
2785,34.172626,4.948065,0.856505,0.639475,23.633802145568026,True,0.5199003221756487,False,30842b15eefb0ef7e36cbdea86a9efddfacf69a871c8b054165faa9af9f6c8eb
2786,33.916348,9.245685,1.057468,0.640432,8.996081567703673,True,0.19789730304756023,True,30842b15eefb0ef7e36cbdea86a9efddfacf69a871c8b054165faa9af9f6c8eb
2787,29.397854,1.164152,1.315126,0.71755,39.90784748126883,True,0.8778994862973898,False,30842b15eefb0ef7e36cbdea86a9efddfacf69a871c8b054165faa9af9f6c8eb
2788,35.538725,3.921648,0.581123,0.460511,27.765515383956345,True,0.6107904392437694,False,30842b15eefb0ef7e36cbdea86a9efddfacf69a871c8b054165faa9af9f6c8eb
2789,35.717945,7.819666,1.160402,0.152561,13.333352914566143,True,0.29330932167698215,False,30842b15eefb0ef7e36cbdea86a9efddfacf69a871c8b054165faa9af9f6c8eb
2790,34.748646,12.716324,0.377848,0.810738,1.2621314471848997,True,0.027764578123224196,True,30842b15eefb0ef7e36cbdea86a9efddfacf69a871c8b054165faa9af9f6c8eb
2791,40.265174,4.621526,0.949804,0.50052,19.912573152422443,True,0.43804010601112625,False,30842b15eefb0ef7e36cbdea86a9efddfacf69a871c8b054165faa9af9f6c8eb
2792,37.067716,7.733351,1.101768,0.186246,13.613647797562471,True,0.29947529527176847,False,30842b15eefb0ef7e36cbdea86a9efddfacf69a871c8b054165faa9af9f6c8eb
2793,28.818116,2.406078,0.541357,0.959073,34.25839533625097,True,0.7536218955728905,False,30842b15eefb0ef7e36cbdea86a9efddfacf69a871c8b054165faa9af9f6c8eb
2794,40.8444,3.003364,0.970082,0.79153,15.295563368022108,True,0.33647435456693925,False,30842b15eefb0ef7e36cbdea86a9efddfacf69a871c8b054165faa9af9f6c8eb
2795,30.656096,0.879579,1.42123,0.527147,41.24232225007165,True,0.9072554848778368,False,30842b15eefb0ef7e36cbdea86a9efddfacf69a871c8b054165faa9af9f6c8eb
2796,34.479926,13.529137,0.552144,0.597188,0.0,False,0.0,True,30842b15eefb0ef7e36cbdea86a9efddfacf69a871c8b054165faa9af9f6c8eb
2797,35.307832,6.457606,1.316146,0.513566,17.975677937033566,True,0.39543196195124264,False,30842b15eefb0ef7e36cbdea86a9efddfacf69a871c8b054165faa9af9f6c8eb
2798,36.596872,6.446273,1.051265,0.368691,18.01620781342615,True,0.39632354493329763,False,30842b15eefb0ef7e36cbdea86a9efddfacf69a871c8b054165faa9af9f6c8eb
2799,38.056846,13.390748,1.324943,0.675973,0.0,False,0.0,True,30842b15eefb0ef7e36cbdea86a9efddfacf69a871c8b054165faa9af9f6c8eb
2800,36.063403,12.964105,0.533505,0.8294,0.0,False,0.0,True,30842b15eefb0ef7e36cbdea86a9efddfacf69a871c8b054165faa9af9f6c8eb
2801,32.089766,5.905064,0.343506,0.445747,19.986722588861397,True,0.43967125768347726,False,30842b15eefb0ef7e36cbdea86a9efddfacf69a871c8b054165faa9af9f6c8eb
2802,32.849679,1.25637,0.304797,0.437746,39.4785493289412,True,0.8684557139272127,False,30842b15eefb0ef7e36cbdea86a9efddfacf69a871c8b054165faa9af9f6c8eb
2803,40.429868,11.143182,0.10564,0.235388,0.0,False,0.0,True,30842b15eefb0ef7e36cbdea86a9efddfacf69a871c8b054165faa9af9f6c8eb
2804,28.722,0.543235,0.609816,0.25812,42.838322668943725,True,0.9423645683360675,False,30842b15eefb0ef7e36cbdea86a9efddfacf69a871c8b054165faa9af9f6c8eb
2805,35.166522,2.37903,0.972767,0.132857,34.3783497364691,True,0.7562606724796137,False,30842b15eefb0ef7e36cbdea86a9efddfacf69a871c8b054165faa9af9f6c8eb
2806,38.267841,9.015134,0.59794,0.493276,9.658322169469404,True,0.21246538227980363,False,30842b15eefb0ef7e36cbdea86a9efddfacf69a871c8b054165faa9af9f6c8eb
2807,34.978828,9.330631,0.680591,0.573751,8.756060404082524,True,0.19261727745002807,True,30842b15eefb0ef7e36cbdea86a9efddfacf69a871c8b054165faa9af9f6c8eb
2808,36.187128,6.20736,1.34729,0.606887,18.877669371637197,True,0.4152741199993518,False,30842b15eefb0ef7e36cbdea86a9efddfacf69a871c8b054165faa9af9f6c8eb
2809,37.190774,4.556837,0.544502,0.535532,25.182432853993987,True,0.5539673588412978,False,30842b15eefb0ef7e36cbdea86a9efddfacf69a871c8b054165faa9af9f6c8eb
2810,39.1564,10.276637,0.766073,0.712168,6.234828665541417,True,0.13715480107515496,True,30842b15eefb0ef7e36cbdea86a9efddfacf69a871c8b054165faa9af9f6c8eb
2811,35.232638,11.675328,0.963542,0.653305,3.0758417135634146,True,0.06766287912513472,True,30842b15eefb0ef7e36cbdea86a9efddfacf69a871c8b054165faa9af9f6c8eb
2812,40.701359,0.960787,0.755448,0.61144,16.693498720523852,True,0.3672263696540537,False,30842b15eefb0ef7e36cbdea86a9efddfacf69a871c8b054165faa9af9f6c8eb
2813,37.415116,4.64599,0.397927,0.177956,24.826654484429536,True,0.5461408869168736,False,30842b15eefb0ef7e36cbdea86a9efddfacf69a871c8b054165faa9af9f6c8eb
2814,41.151831,13.539879,0.091765,0.592381,0.0,False,0.0,True,30842b15eefb0ef7e36cbdea86a9efddfacf69a871c8b054165faa9af9f6c8eb
2815,39.086307,5.611709,0.349257,0.428051,21.082964998197927,True,0.46378658107859794,False,30842b15eefb0ef7e36cbdea86a9efddfacf69a871c8b054165faa9af9f6c8eb
2816,34.26917,4.680685,0.064978,0.132297,24.688655664090987,True,0.5431051658461813,False,30842b15eefb0ef7e36cbdea86a9efddfacf69a871c8b054165faa9af9f6c8eb
2817,36.550396,6.57618,0.9348,0.329976,17.55345480128704,True,0.386143826976067,False,30842b15eefb0ef7e36cbdea86a9efddfacf69a871c8b054165faa9af9f6c8eb
2818,33.012305,1.043782,0.258776,0.067005,40.47052381457774,True,0.8902773341428653,False,30842b15eefb0ef7e36cbdea86a9efddfacf69a871c8b054165faa9af9f6c8eb
2819,28.91416,9.055489,1.387782,0.248149,9.541276386945396,True,0.20989058963032958,False,30842b15eefb0ef7e36cbdea86a9efddfacf69a871c8b054165faa9af9f6c8eb
2820,37.739438,12.828622,0.526812,0.303526,0.0,False,0.0,True,30842b15eefb0ef7e36cbdea86a9efddfacf69a871c8b054165faa9af9f6c8eb
2821,30.969886,3.932486,0.635242,0.92007,27.720739947440258,True,0.6098054617218757,False,30842b15eefb0ef7e36cbdea86a9efddfacf69a871c8b054165faa9af9f6c8eb
2822,31.259817,12.373727,0.505381,0.22025,1.7997477237896455,True,0.03959115066081714,True,30842b15eefb0ef7e36cbdea86a9efddfacf69a871c8b054165faa9af9f6c8eb
2823,29.69885,9.584663,0.211438,0.314108,8.05132282335292,True,0.17711434258521552,True,30842b15eefb0ef7e36cbdea86a9efddfacf69a871c8b054165faa9af9f6c8eb
2824,34.756096,6.915647,1.441797,0.356187,16.36333211566049,True,0.3599633096020641,False,30842b15eefb0ef7e36cbdea86a9efddfacf69a871c8b054165faa9af9f6c8eb
2825,39.790354,0.419932,0.101445,0.317233,24.15765887293668,True,0.5314242098537859,False,30842b15eefb0ef7e36cbdea86a9efddfacf69a871c8b054165faa9af9f6c8eb
2826,35.378706,10.017307,0.180125,0.635617,6.8974204683290425,True,0.15173060608606515,True,30842b15eefb0ef7e36cbdea86a9efddfacf69a871c8b054165faa9af9f6c8eb
2827,32.861755,1.00845,0.056856,0.59526,40.63618314738748,True,0.8939215357812096,False,30842b15eefb0ef7e36cbdea86a9efddfacf69a871c8b054165faa9af9f6c8eb
2828,36.411724,2.751525,1.225714,0.584309,32.738737405553096,True,0.7201922069049262,False,30842b15eefb0ef7e36cbdea86a9efddfacf69a871c8b054165faa9af9f6c8eb
2829,29.572165,12.865341,0.853264,0.826991,0.0,False,0.0,True,30842b15eefb0ef7e36cbdea86a9efddfacf69a871c8b054165faa9af9f6c8eb
2830,36.14317,8.74822,1.394069,0.847608,10.444345810363835,True,0.22975646145621642,False,30842b15eefb0ef7e36cbdea86a9efddfacf69a871c8b054165faa9af9f6c8eb
2831,40.739759,11.850485,0.985363,0.183084,0.0,False,0.0,True,30842b15eefb0ef7e36cbdea86a9efddfacf69a871c8b054165faa9af9f6c8eb
2832,37.312681,12.894707,1.253777,0.78857,0.0,False,0.0,True,30842b15eefb0ef7e36cbdea86a9efddfacf69a871c8b054165faa9af9f6c8eb
2833,36.348107,5.430789,0.131343,0.979508,21.76871082653503,True,0.478871732206087,False,30842b15eefb0ef7e36cbdea86a9efddfacf69a871c8b054165faa9af9f6c8eb
2834,36.286837,0.144197,0.649485,0.265605,40.10440062004202,True,0.8822232950330052,False,30842b15eefb0ef7e36cbdea86a9efddfacf69a871c8b054165faa9af9f6c8eb
2835,31.577839,3.032804,0.204694,0.488225,31.51845080472822,True,0.6933481386924634,False,30842b15eefb0ef7e36cbdea86a9efddfacf69a871c8b054165faa9af9f6c8eb
2836,32.805249,13.336718,1.483705,0.983824,0.0,False,0.0,True,30842b15eefb0ef7e36cbdea86a9efddfacf69a871c8b054165faa9af9f6c8eb
2837,35.946777,3.642655,0.754913,0.444064,28.92638214955237,True,0.636327380008485,False,30842b15eefb0ef7e36cbdea86a9efddfacf69a871c8b054165faa9af9f6c8eb
2838,36.744188,11.889147,0.434036,0.632841,2.661389508066225,True,0.058545690369926136,True,30842b15eefb0ef7e36cbdea86a9efddfacf69a871c8b054165faa9af9f6c8eb
2839,31.676358,2.542627,0.036051,0.795296,33.65495648227447,True,0.7403473469977887,False,30842b15eefb0ef7e36cbdea86a9efddfacf69a871c8b054165faa9af9f6c8eb
2840,39.303588,9.869983,1.13297,0.7277,7.283652444785763,True,0.1602270015351589,True,30842b15eefb0ef7e36cbdea86a9efddfacf69a871c8b054165faa9af9f6c8eb
2841,28.884107,5.741644,0.171156,0.509281,20.595002832717583,True,0.4530523079607902,False,30842b15eefb0ef7e36cbdea86a9efddfacf69a871c8b054165faa9af9f6c8eb
2842,36.122029,7.451663,0.972278,0.799696,14.54179398866773,True,0.3198928100165221,False,30842b15eefb0ef7e36cbdea86a9efddfacf69a871c8b054165faa9af9f6c8eb
2843,36.590742,0.693747,0.488853,0.568942,39.34460073220318,True,0.865509090350941,False,30842b15eefb0ef7e36cbdea86a9efddfacf69a871c8b054165faa9af9f6c8eb
2844,28.513585,3.5062,0.431004,0.365007,29.499905823653613,True,0.6489438494662575,False,30842b15eefb0ef7e36cbdea86a9efddfacf69a871c8b054165faa9af9f6c8eb
2845,38.072628,13.020132,0.3249,0.642916,0.0,False,0.0,True,30842b15eefb0ef7e36cbdea86a9efddfacf69a871c8b054165faa9af9f6c8eb
2846,28.027526,2.715722,1.245811,0.498388,32.89516890833715,True,0.7236334131989842,False,30842b15eefb0ef7e36cbdea86a9efddfacf69a871c8b054165faa9af9f6c8eb
2847,34.846203,2.653564,0.069127,0.440119,33.16734109362536,True,0.7296207023345636,False,30842b15eefb0ef7e36cbdea86a9efddfacf69a871c8b054165faa9af9f6c8eb
2848,39.734907,4.010916,0.161273,0.900426,24.473675986585604,True,0.5383760070376303,False,30842b15eefb0ef7e36cbdea86a9efddfacf69a871c8b054165faa9af9f6c8eb
2849,33.816032,3.627172,1.083814,0.471481,28.991268639795994,True,0.6377547638451916,False,30842b15eefb0ef7e36cbdea86a9efddfacf69a871c8b054165faa9af9f6c8eb
2850,28.352238,11.086216,1.314299,0.078138,4.316258897990054,True,0.09494978327384174,True,30842b15eefb0ef7e36cbdea86a9efddfacf69a871c8b054165faa9af9f6c8eb
2851,29.725433,9.608553,0.90891,0.749802,7.986066529412611,True,0.17567882374509872,True,30842b15eefb0ef7e36cbdea86a9efddfacf69a871c8b054165faa9af9f6c8eb
2852,34.168967,2.587277,0.004304,0.613928,33.45841550796543,True,0.7360238058580847,False,30842b15eefb0ef7e36cbdea86a9efddfacf69a871c8b054165faa9af9f6c8eb
2853,29.908352,13.576402,0.741276,0.289436,0.0,False,0.0,True,30842b15eefb0ef7e36cbdea86a9efddfacf69a871c8b054165faa9af9f6c8eb
2854,38.339512,11.708047,0.106718,0.603773,3.0111335419063847,True,0.06623941797044294,True,30842b15eefb0ef7e36cbdea86a9efddfacf69a871c8b054165faa9af9f6c8eb
2855,37.783637,13.99033,0.538722,0.953253,0.0,False,0.0,True,30842b15eefb0ef7e36cbdea86a9efddfacf69a871c8b054165faa9af9f6c8eb
2856,32.717153,3.288725,1.100047,0.338828,30.42168110799494,True,0.6692212159412271,False,30842b15eefb0ef7e36cbdea86a9efddfacf69a871c8b054165faa9af9f6c8eb
2857,31.916225,8.24576,0.673681,0.083837,11.978526909211267,True,0.2635056331998813,False,30842b15eefb0ef7e36cbdea86a9efddfacf69a871c8b054165faa9af9f6c8eb
2858,33.766824,9.781414,1.08891,0.910189,7.5192031050678265,True,0.16540868425447103,True,30842b15eefb0ef7e36cbdea86a9efddfacf69a871c8b054165faa9af9f6c8eb
2859,36.037212,2.975295,0.16059,0.763155,31.76668682192915,True,0.6988088760094406,False,30842b15eefb0ef7e36cbdea86a9efddfacf69a871c8b054165faa9af9f6c8eb
2860,30.707434,11.992823,0.56705,0.224233,2.4677431955101907,True,0.05428582648235068,True,30842b15eefb0ef7e36cbdea86a9efddfacf69a871c8b054165faa9af9f6c8eb
2861,41.064571,9.242554,0.176785,0.540863,0.0,False,0.0,True,30842b15eefb0ef7e36cbdea86a9efddfacf69a871c8b054165faa9af9f6c8eb
2862,32.746118,4.371775,0.68648,0.354597,25.926315478954987,True,0.5703314129192666,False,30842b15eefb0ef7e36cbdea86a9efddfacf69a871c8b054165faa9af9f6c8eb
2863,36.418584,3.0761,0.545857,0.93127,31.33199359817132,True,0.6892464219579394,False,30842b15eefb0ef7e36cbdea86a9efddfacf69a871c8b054165faa9af9f6c8eb
2864,41.710617,3.929778,1.007177,0.353171,0.0,False,0.0,True,30842b15eefb0ef7e36cbdea86a9efddfacf69a871c8b054165faa9af9f6c8eb
2865,29.487292,8.622541,0.587558,0.077985,10.821491361683398,True,0.2380529722093507,False,30842b15eefb0ef7e36cbdea86a9efddfacf69a871c8b054165faa9af9f6c8eb
2866,28.149683,13.242795,0.26516,0.495173,0.0,False,0.0,True,30842b15eefb0ef7e36cbdea86a9efddfacf69a871c8b054165faa9af9f6c8eb
2867,35.050419,6.183866,1.476432,0.475213,18.963105003603594,True,0.4171535472836722,False,30842b15eefb0ef7e36cbdea86a9efddfacf69a871c8b054165faa9af9f6c8eb
2868,41.235623,9.779933,0.793423,0.489995,0.0,False,0.0,True,30842b15eefb0ef7e36cbdea86a9efddfacf69a871c8b054165faa9af9f6c8eb
2869,34.622459,4.936637,1.405161,0.126321,23.678572515448444,True,0.5208851882408458,False,30842b15eefb0ef7e36cbdea86a9efddfacf69a871c8b054165faa9af9f6c8eb
2870,38.030095,0.763591,0.270799,0.058449,33.986934411407745,True,0.747650252863232,False,30842b15eefb0ef7e36cbdea86a9efddfacf69a871c8b054165faa9af9f6c8eb
2871,41.302144,8.577677,1.153986,0.27074,0.0,False,0.0,True,30842b15eefb0ef7e36cbdea86a9efddfacf69a871c8b054165faa9af9f6c8eb
2872,38.548115,12.146148,0.356552,0.762775,2.1904535347876353,True,0.048185962268472285,True,30842b15eefb0ef7e36cbdea86a9efddfacf69a871c8b054165faa9af9f6c8eb
2873,39.717887,8.630885,1.462004,0.312909,10.796314185565125,True,0.23749912048905872,False,30842b15eefb0ef7e36cbdea86a9efddfacf69a871c8b054165faa9af9f6c8eb
2874,32.438925,11.944868,1.335903,0.404832,2.5567074548864683,True,0.05624287710107723,True,30842b15eefb0ef7e36cbdea86a9efddfacf69a871c8b054165faa9af9f6c8eb
2875,30.106439,7.605495,0.673301,0.730747,14.032396650279475,True,0.30868700238928276,False,30842b15eefb0ef7e36cbdea86a9efddfacf69a871c8b054165faa9af9f6c8eb
2876,41.352308,12.500412,1.110897,0.532789,0.0,False,0.0,True,30842b15eefb0ef7e36cbdea86a9efddfacf69a871c8b054165faa9af9f6c8eb
2877,41.89791,0.027203,0.591928,0.175593,0.0,False,0.0,True,30842b15eefb0ef7e36cbdea86a9efddfacf69a871c8b054165faa9af9f6c8eb
2878,39.331028,13.198862,0.123321,0.837654,0.0,False,0.0,True,30842b15eefb0ef7e36cbdea86a9efddfacf69a871c8b054165faa9af9f6c8eb
2879,30.531494,9.79971,0.683293,0.169753,7.470340024991516,True,0.1643337860676411,True,30842b15eefb0ef7e36cbdea86a9efddfacf69a871c8b054165faa9af9f6c8eb
2880,29.187559,0.790077,1.139363,0.815593,41.66504781593579,True,0.9165546723945548,False,30842b15eefb0ef7e36cbdea86a9efddfacf69a871c8b054165faa9af9f6c8eb
2881,40.2804,0.467386,1.26905,0.480386,19.479000247086752,True,0.42850229691116604,False,30842b15eefb0ef7e36cbdea86a9efddfacf69a871c8b054165faa9af9f6c8eb
2882,39.35863,2.740705,0.330009,0.207873,26.744916876145798,True,0.5883391430132899,False,30842b15eefb0ef7e36cbdea86a9efddfacf69a871c8b054165faa9af9f6c8eb
2883,38.295194,1.81713,0.273179,0.598986,32.71886444638145,True,0.7197550382338727,False,30842b15eefb0ef7e36cbdea86a9efddfacf69a871c8b054165faa9af9f6c8eb
2884,29.543611,12.138275,1.33382,0.066254,2.20442207491434,True,0.048493244544403465,True,30842b15eefb0ef7e36cbdea86a9efddfacf69a871c8b054165faa9af9f6c8eb
2885,41.358699,10.856299,1.185104,0.464537,0.0,False,0.0,True,30842b15eefb0ef7e36cbdea86a9efddfacf69a871c8b054165faa9af9f6c8eb
2886,37.166722,1.185967,0.110318,0.140803,37.74217762917645,True,0.8302587196152476,False,30842b15eefb0ef7e36cbdea86a9efddfacf69a871c8b054165faa9af9f6c8eb
2887,29.721813,5.30359,0.478457,0.073141,22.255198155546246,True,0.4895735616252154,False,30842b15eefb0ef7e36cbdea86a9efddfacf69a871c8b054165faa9af9f6c8eb
2888,37.821694,12.935749,1.304622,0.863179,0.0,False,0.0,True,30842b15eefb0ef7e36cbdea86a9efddfacf69a871c8b054165faa9af9f6c8eb
2889,31.65572,2.961869,0.253974,0.389627,31.824733185956642,True,0.7000857896085789,False,30842b15eefb0ef7e36cbdea86a9efddfacf69a871c8b054165faa9af9f6c8eb
2890,37.670396,4.758805,0.033829,0.608386,24.378874802480084,True,0.5362905547749974,False,30842b15eefb0ef7e36cbdea86a9efddfacf69a871c8b054165faa9af9f6c8eb
2891,35.367082,3.062543,1.320462,0.950433,31.390338090312,True,0.6905298938290451,False,30842b15eefb0ef7e36cbdea86a9efddfacf69a871c8b054165faa9af9f6c8eb
2892,37.493572,5.3007,1.023309,0.779026,22.26629288300679,True,0.48981762529070866,False,30842b15eefb0ef7e36cbdea86a9efddfacf69a871c8b054165faa9af9f6c8eb
2893,28.363588,2.935041,1.457629,0.154209,31.94082791001845,True,0.7026396607153464,False,30842b15eefb0ef7e36cbdea86a9efddfacf69a871c8b054165faa9af9f6c8eb
2894,28.110245,4.944958,0.575163,0.055763,23.64597134320058,True,0.5201680222152283,False,30842b15eefb0ef7e36cbdea86a9efddfacf69a871c8b054165faa9af9f6c8eb
2895,31.807173,6.566755,0.527584,0.331263,17.586893208313057,True,0.3868794106320014,False,30842b15eefb0ef7e36cbdea86a9efddfacf69a871c8b054165faa9af9f6c8eb
2896,31.606247,6.931947,1.482479,0.285043,16.306890370117454,True,0.3587216946680284,False,30842b15eefb0ef7e36cbdea86a9efddfacf69a871c8b054165faa9af9f6c8eb
2897,40.027022,11.655999,0.236017,0.457983,0.0,False,0.0,True,30842b15eefb0ef7e36cbdea86a9efddfacf69a871c8b054165faa9af9f6c8eb
2898,36.360598,9.222899,0.886252,0.311344,9.060832260369425,True,0.1993216995864952,True,30842b15eefb0ef7e36cbdea86a9efddfacf69a871c8b054165faa9af9f6c8eb
2899,31.197335,5.995489,1.069877,0.74438,19.65276513405037,True,0.43232480588195144,False,30842b15eefb0ef7e36cbdea86a9efddfacf69a871c8b054165faa9af9f6c8eb
2900,38.577057,1.202563,1.130013,0.505603,30.427710918255823,True,0.6693538607132355,False,30842b15eefb0ef7e36cbdea86a9efddfacf69a871c8b054165faa9af9f6c8eb
2901,34.53666,5.408704,0.167135,0.161462,21.852920144051463,True,0.48072418282056395,False,30842b15eefb0ef7e36cbdea86a9efddfacf69a871c8b054165faa9af9f6c8eb
2902,29.36366,3.14252,0.079595,0.909421,31.04666906492323,True,0.6829698052778714,False,30842b15eefb0ef7e36cbdea86a9efddfacf69a871c8b054165faa9af9f6c8eb
2903,32.195554,8.251446,0.155259,0.103891,11.960776587095411,True,0.26311515865287805,False,30842b15eefb0ef7e36cbdea86a9efddfacf69a871c8b054165faa9af9f6c8eb
2904,28.185907,7.308197,1.261026,0.162672,15.02229119877462,True,0.33046286780072504,False,30842b15eefb0ef7e36cbdea86a9efddfacf69a871c8b054165faa9af9f6c8eb
2905,41.325885,3.421048,0.410129,0.719755,11.625923538539174,True,0.2557490054307427,False,30842b15eefb0ef7e36cbdea86a9efddfacf69a871c8b054165faa9af9f6c8eb
2906,39.506156,1.401418,0.439885,0.436176,25.701104174338212,True,0.5653771770706849,False,30842b15eefb0ef7e36cbdea86a9efddfacf69a871c8b054165faa9af9f6c8eb
2907,28.943617,3.293885,0.694625,0.058866,30.399700956081443,True,0.6687376928927176,False,30842b15eefb0ef7e36cbdea86a9efddfacf69a871c8b054165faa9af9f6c8eb
2908,31.168624,7.196798,0.906316,0.671783,15.39896403372195,True,0.33874897966024464,False,30842b15eefb0ef7e36cbdea86a9efddfacf69a871c8b054165faa9af9f6c8eb
2909,40.277361,1.733195,0.379155,0.545059,20.39174146054665,True,0.4485809303878275,False,30842b15eefb0ef7e36cbdea86a9efddfacf69a871c8b054165faa9af9f6c8eb
2910,32.073895,10.754281,0.014769,0.656609,5.074436615057701,True,0.11162830317267174,True,30842b15eefb0ef7e36cbdea86a9efddfacf69a871c8b054165faa9af9f6c8eb
2911,33.180343,10.326478,0.329663,0.621862,6.11005926867809,True,0.1344101030689956,True,30842b15eefb0ef7e36cbdea86a9efddfacf69a871c8b054165faa9af9f6c8eb
2912,37.132347,11.08438,0.088854,0.246013,4.320339107549074,True,0.0950395404043793,True,30842b15eefb0ef7e36cbdea86a9efddfacf69a871c8b054165faa9af9f6c8eb
2913,41.405184,13.214403,0.009238,0.416945,0.0,False,0.0,True,30842b15eefb0ef7e36cbdea86a9efddfacf69a871c8b054165faa9af9f6c8eb
2914,34.652252,0.576441,0.743074,0.404651,42.679858345013486,True,0.9388786437033216,False,30842b15eefb0ef7e36cbdea86a9efddfacf69a871c8b054165faa9af9f6c8eb
2915,33.333336,2.696751,0.939218,0.897129,32.978158240593395,True,0.7254590263741904,False,30842b15eefb0ef7e36cbdea86a9efddfacf69a871c8b054165faa9af9f6c8eb
2916,35.915495,11.736917,0.521421,0.841155,2.954419620059587,True,0.06499181565667288,True,30842b15eefb0ef7e36cbdea86a9efddfacf69a871c8b054165faa9af9f6c8eb
2917,38.628401,13.5361,1.024643,0.262134,0.0,False,0.0,True,30842b15eefb0ef7e36cbdea86a9efddfacf69a871c8b054165faa9af9f6c8eb
2918,35.258004,4.484335,0.687007,0.943055,25.47300446561357,True,0.5603594016266965,False,30842b15eefb0ef7e36cbdea86a9efddfacf69a871c8b054165faa9af9f6c8eb
2919,38.634403,10.649772,0.445487,0.929199,5.3214869484893645,True,0.1170629576202977,True,30842b15eefb0ef7e36cbdea86a9efddfacf69a871c8b054165faa9af9f6c8eb
2920,39.587591,9.424224,1.029185,0.177017,8.494123859704045,True,0.1868551536506848,True,30842b15eefb0ef7e36cbdea86a9efddfacf69a871c8b054165faa9af9f6c8eb
2921,34.808972,3.927575,0.233584,0.282358,27.741025961635593,True,0.610251716846246,False,30842b15eefb0ef7e36cbdea86a9efddfacf69a871c8b054165faa9af9f6c8eb
2922,37.787915,9.116494,0.922352,0.809028,9.365242855988521,True,0.20601817465052663,False,30842b15eefb0ef7e36cbdea86a9efddfacf69a871c8b054165faa9af9f6c8eb
2923,36.863572,12.790538,1.313226,0.683443,0.0,False,0.0,True,30842b15eefb0ef7e36cbdea86a9efddfacf69a871c8b054165faa9af9f6c8eb
2924,35.904516,5.158522,0.567805,0.965116,22.814384745906438,True,0.5018746415231482,False,30842b15eefb0ef7e36cbdea86a9efddfacf69a871c8b054165faa9af9f6c8eb
2925,41.038893,1.18021,0.280238,0.298158,14.324131561366313,True,0.3151046356304231,False,30842b15eefb0ef7e36cbdea86a9efddfacf69a871c8b054165faa9af9f6c8eb
2926,35.845004,3.271079,0.678565,0.401273,30.496888123541126,True,0.6708756324152036,False,30842b15eefb0ef7e36cbdea86a9efddfacf69a871c8b054165faa9af9f6c8eb
2927,40.904768,2.434951,1.128282,0.565343,14.628237518009827,True,0.32179440919545,False,30842b15eefb0ef7e36cbdea86a9efddfacf69a871c8b054165faa9af9f6c8eb
2928,33.419488,10.765389,0.912548,0.303397,5.0484091366073995,True,0.11105574635983283,True,30842b15eefb0ef7e36cbdea86a9efddfacf69a871c8b054165faa9af9f6c8eb
2929,34.742078,12.274318,0.168249,0.160269,1.9672638389243373,True,0.043276198106493226,True,30842b15eefb0ef7e36cbdea86a9efddfacf69a871c8b054165faa9af9f6c8eb
2930,39.798001,1.296936,1.31195,0.63803,22.89498433990796,True,0.5036476848375722,False,30842b15eefb0ef7e36cbdea86a9efddfacf69a871c8b054165faa9af9f6c8eb
2931,36.960303,4.226839,0.117766,0.121164,26.513925719950134,True,0.5832577610254843,False,30842b15eefb0ef7e36cbdea86a9efddfacf69a871c8b054165faa9af9f6c8eb
2932,28.311443,13.186313,1.165425,0.888248,0.0,False,0.0,True,30842b15eefb0ef7e36cbdea86a9efddfacf69a871c8b054165faa9af9f6c8eb
2933,33.286916,10.683533,1.167925,0.93641,5.241251211186042,True,0.1152979184862191,True,30842b15eefb0ef7e36cbdea86a9efddfacf69a871c8b054165faa9af9f6c8eb
2934,35.702704,13.372691,0.968812,0.369806,0.0,False,0.0,True,30842b15eefb0ef7e36cbdea86a9efddfacf69a871c8b054165faa9af9f6c8eb
2935,37.015899,0.700635,1.116689,0.219707,37.28540450807495,True,0.8202105482986242,False,30842b15eefb0ef7e36cbdea86a9efddfacf69a871c8b054165faa9af9f6c8eb
2936,33.146137,5.755261,1.468726,0.578167,20.544085945946918,True,0.451932229791683,False,30842b15eefb0ef7e36cbdea86a9efddfacf69a871c8b054165faa9af9f6c8eb
2937,31.993667,8.141578,0.895428,0.574196,12.305306438836588,True,0.27069418380575455,False,30842b15eefb0ef7e36cbdea86a9efddfacf69a871c8b054165faa9af9f6c8eb
2938,37.337654,13.135117,0.076609,0.703411,0.0,False,0.0,True,30842b15eefb0ef7e36cbdea86a9efddfacf69a871c8b054165faa9af9f6c8eb
2939,35.617825,6.449497,0.99731,0.98053,18.00467482001249,True,0.39606984022025654,False,30842b15eefb0ef7e36cbdea86a9efddfacf69a871c8b054165faa9af9f6c8eb
2940,40.208644,2.904611,0.760724,0.97503,20.523127217418004,True,0.4514711761851808,False,30842b15eefb0ef7e36cbdea86a9efddfacf69a871c8b054165faa9af9f6c8eb
2941,38.411515,9.000757,1.358191,0.235493,9.700136062959475,True,0.21338521128416815,False,30842b15eefb0ef7e36cbdea86a9efddfacf69a871c8b054165faa9af9f6c8eb
2942,34.314694,10.877218,0.423649,0.240597,4.788880020224419,True,0.10534658156314032,True,30842b15eefb0ef7e36cbdea86a9efddfacf69a871c8b054165faa9af9f6c8eb
2943,30.500156,12.456963,1.499361,0.699409,1.6633588964664003,True,0.03659084648505373,True,30842b15eefb0ef7e36cbdea86a9efddfacf69a871c8b054165faa9af9f6c8eb
2944,36.552358,3.34608,1.046669,0.27763,30.177662862183066,True,0.6638532618628724,False,30842b15eefb0ef7e36cbdea86a9efddfacf69a871c8b054165faa9af9f6c8eb
2945,35.207397,6.353307,0.393683,0.87411,18.349825432728743,True,0.4036625209766177,False,30842b15eefb0ef7e36cbdea86a9efddfacf69a871c8b054165faa9af9f6c8eb
2946,33.998865,1.370553,1.015138,0.063662,38.94914758435532,True,0.8568098460353144,False,30842b15eefb0ef7e36cbdea86a9efddfacf69a871c8b054165faa9af9f6c8eb
2947,41.409224,13.464014,0.696294,0.249701,0.0,False,0.0,True,30842b15eefb0ef7e36cbdea86a9efddfacf69a871c8b054165faa9af9f6c8eb
2948,41.624537,1.358041,1.123186,0.507193,0.0,False,0.0,True,30842b15eefb0ef7e36cbdea86a9efddfacf69a871c8b054165faa9af9f6c8eb
2949,41.67764,0.390395,0.343429,0.208152,0.0,False,0.0,True,30842b15eefb0ef7e36cbdea86a9efddfacf69a871c8b054165faa9af9f6c8eb
2950,35.522681,12.513101,0.974657,0.222072,1.5734163523055789,True,0.034612275394439874,True,30842b15eefb0ef7e36cbdea86a9efddfacf69a871c8b054165faa9af9f6c8eb
2951,38.450822,3.123919,1.431992,0.570246,30.779598205506787,True,0.6770947359598195,False,30842b15eefb0ef7e36cbdea86a9efddfacf69a871c8b054165faa9af9f6c8eb
2952,30.341692,8.181241,1.012506,0.459093,12.180553129860334,True,0.2679498397036188,False,30842b15eefb0ef7e36cbdea86a9efddfacf69a871c8b054165faa9af9f6c8eb
2953,38.441432,11.610825,0.254205,0.141014,3.204744404362994,True,0.07049850202081749,True,30842b15eefb0ef7e36cbdea86a9efddfacf69a871c8b054165faa9af9f6c8eb
2954,39.372019,8.42232,0.003948,0.220936,11.431463845207398,True,0.25147124865717474,False,30842b15eefb0ef7e36cbdea86a9efddfacf69a871c8b054165faa9af9f6c8eb
2955,31.044589,8.820509,0.623316,0.890792,10.229445185279724,True,0.22502904165601598,False,30842b15eefb0ef7e36cbdea86a9efddfacf69a871c8b054165faa9af9f6c8eb
2956,38.024353,2.156698,1.28966,0.522378,32.99461527102648,True,0.7258210508750099,False,30842b15eefb0ef7e36cbdea86a9efddfacf69a871c8b054165faa9af9f6c8eb
2957,35.943206,7.132182,1.182852,0.762223,15.618870419840912,True,0.3435865170267479,False,30842b15eefb0ef7e36cbdea86a9efddfacf69a871c8b054165faa9af9f6c8eb
2958,28.039925,6.648374,1.468278,0.323338,17.29802669169838,True,0.38052487681096353,False,30842b15eefb0ef7e36cbdea86a9efddfacf69a871c8b054165faa9af9f6c8eb
2959,33.357876,12.462271,0.360144,0.953966,1.6547834264380428,True,0.03640220186481488,True,30842b15eefb0ef7e36cbdea86a9efddfacf69a871c8b054165faa9af9f6c8eb
2960,37.722817,2.242978,1.485263,0.252574,34.14209078509087,True,0.7510634086546115,False,30842b15eefb0ef7e36cbdea86a9efddfacf69a871c8b054165faa9af9f6c8eb
2961,35.106047,10.563655,0.223268,0.129385,5.5279816713655645,True,0.12160546298146066,True,30842b15eefb0ef7e36cbdea86a9efddfacf69a871c8b054165faa9af9f6c8eb
2962,36.529385,8.6785,0.551555,0.920921,10.653015406183934,True,0.23434681003521035,False,30842b15eefb0ef7e36cbdea86a9efddfacf69a871c8b054165faa9af9f6c8eb
2963,38.763883,0.833993,0.459255,0.350796,30.095849924485577,True,0.6620535272114153,False,30842b15eefb0ef7e36cbdea86a9efddfacf69a871c8b054165faa9af9f6c8eb
2964,41.395311,9.920581,0.194721,0.942316,0.0,False,0.0,True,30842b15eefb0ef7e36cbdea86a9efddfacf69a871c8b054165faa9af9f6c8eb
2965,28.912579,10.593953,1.396366,0.70422,5.455033350673756,True,0.12000073365368485,True,30842b15eefb0ef7e36cbdea86a9efddfacf69a871c8b054165faa9af9f6c8eb
2966,32.403483,1.292123,0.659867,0.760871,39.31252683977815,True,0.8648035235148267,False,30842b15eefb0ef7e36cbdea86a9efddfacf69a871c8b054165faa9af9f6c8eb
2967,33.926294,5.844215,0.850385,0.28631,20.212503502104102,True,0.4446380238776339,False,30842b15eefb0ef7e36cbdea86a9efddfacf69a871c8b054165faa9af9f6c8eb
2968,33.423137,6.41494,0.890507,0.309291,18.12842132598256,True,0.398792036501908,False,30842b15eefb0ef7e36cbdea86a9efddfacf69a871c8b054165faa9af9f6c8eb
2969,29.335109,6.896353,0.968225,0.782208,16.430225096205554,True,0.36143483254714337,False,30842b15eefb0ef7e36cbdea86a9efddfacf69a871c8b054165faa9af9f6c8eb
2970,33.664553,12.509486,0.766545,0.772077,1.5791578544539526,True,0.03473857791649393,True,30842b15eefb0ef7e36cbdea86a9efddfacf69a871c8b054165faa9af9f6c8eb
2971,28.833457,6.674858,0.441952,0.759447,17.204637535483727,True,0.37847048657342763,False,30842b15eefb0ef7e36cbdea86a9efddfacf69a871c8b054165faa9af9f6c8eb
2972,31.955615,11.641662,0.440848,0.775579,3.14289975163329,True,0.06913803303317964,True,30842b15eefb0ef7e36cbdea86a9efddfacf69a871c8b054165faa9af9f6c8eb
2973,40.772161,13.840416,1.217604,0.233891,0.0,False,0.0,True,30842b15eefb0ef7e36cbdea86a9efddfacf69a871c8b054165faa9af9f6c8eb
2974,31.321619,11.918709,0.256613,0.271395,2.6056775111366575,True,0.05732012856762585,True,30842b15eefb0ef7e36cbdea86a9efddfacf69a871c8b054165faa9af9f6c8eb
2975,33.237301,8.429202,1.143789,0.644261,11.410313368098853,True,0.2510059769334304,False,30842b15eefb0ef7e36cbdea86a9efddfacf69a871c8b054165faa9af9f6c8eb
2976,36.965768,8.151442,1.156554,0.312448,12.274241306679134,True,0.27001080784628717,False,30842b15eefb0ef7e36cbdea86a9efddfacf69a871c8b054165faa9af9f6c8eb
2977,31.304799,7.979137,0.791827,0.739831,12.820636097538266,True,0.28203049160487487,False,30842b15eefb0ef7e36cbdea86a9efddfacf69a871c8b054165faa9af9f6c8eb
2978,35.735162,5.558331,0.847999,0.073183,21.2845236170637,True,0.4682205012003015,False,30842b15eefb0ef7e36cbdea86a9efddfacf69a871c8b054165faa9af9f6c8eb
2979,35.287432,10.956931,0.916005,0.572385,4.606691772447154,True,0.10133877409599608,True,30842b15eefb0ef7e36cbdea86a9efddfacf69a871c8b054165faa9af9f6c8eb
2980,29.614296,3.105446,0.603426,0.226035,31.205822877348446,True,0.6864708973935498,False,30842b15eefb0ef7e36cbdea86a9efddfacf69a871c8b054165faa9af9f6c8eb
2981,31.703053,2.30241,0.789812,0.056862,34.71890730208419,True,0.7637523146196341,False,30842b15eefb0ef7e36cbdea86a9efddfacf69a871c8b054165faa9af9f6c8eb
2982,32.253437,0.756232,0.905975,0.062274,41.825274683961666,True,0.9200793697663431,False,30842b15eefb0ef7e36cbdea86a9efddfacf69a871c8b054165faa9af9f6c8eb
2983,37.496633,12.140815,0.136,0.646471,2.199912288151105,True,0.04839403750286575,True,30842b15eefb0ef7e36cbdea86a9efddfacf69a871c8b054165faa9af9f6c8eb
2984,35.303154,2.225703,0.39923,0.213282,35.06097063583862,True,0.771277080898375,False,30842b15eefb0ef7e36cbdea86a9efddfacf69a871c8b054165faa9af9f6c8eb
2985,33.954235,4.83415,0.616517,0.304099,24.081335810307408,True,0.5297452423898973,False,30842b15eefb0ef7e36cbdea86a9efddfacf69a871c8b054165faa9af9f6c8eb
2986,31.061027,10.18565,1.330609,0.050874,6.464757916469614,True,0.1422128230937404,True,30842b15eefb0ef7e36cbdea86a9efddfacf69a871c8b054165faa9af9f6c8eb
2987,37.640998,12.979161,0.35595,0.740114,0.0,False,0.0,True,30842b15eefb0ef7e36cbdea86a9efddfacf69a871c8b054165faa9af9f6c8eb
2988,35.385742,13.643855,0.339979,0.158662,0.0,False,0.0,True,30842b15eefb0ef7e36cbdea86a9efddfacf69a871c8b054165faa9af9f6c8eb
2989,34.214607,10.381312,0.214746,0.653858,5.973765435943446,True,0.1314118886000392,True,30842b15eefb0ef7e36cbdea86a9efddfacf69a871c8b054165faa9af9f6c8eb
2990,29.036464,7.479476,1.405321,0.615995,14.449246563622898,True,0.31785693632167705,False,30842b15eefb0ef7e36cbdea86a9efddfacf69a871c8b054165faa9af9f6c8eb
2991,28.736881,0.566014,0.146043,0.661435,42.72959656552598,True,0.9399727933754572,False,30842b15eefb0ef7e36cbdea86a9efddfacf69a871c8b054165faa9af9f6c8eb
2992,40.298959,1.609132,0.861316,0.450265,19.746916899473636,True,0.43439597212407643,False,30842b15eefb0ef7e36cbdea86a9efddfacf69a871c8b054165faa9af9f6c8eb
2993,38.730351,11.547809,1.440935,0.606297,3.3323675489040983,True,0.07330597724445315,True,30842b15eefb0ef7e36cbdea86a9efddfacf69a871c8b054165faa9af9f6c8eb
2994,35.21213,4.166198,0.703198,0.837145,26.761080527474338,True,0.5886947137116263,False,30842b15eefb0ef7e36cbdea86a9efddfacf69a871c8b054165faa9af9f6c8eb
2995,33.602193,7.898936,0.108843,0.061002,13.077653505864967,True,0.28768440342874363,False,30842b15eefb0ef7e36cbdea86a9efddfacf69a871c8b054165faa9af9f6c8eb
2996,29.974694,10.309292,1.267706,0.751198,6.152986818156528,True,0.13535443046357168,True,30842b15eefb0ef7e36cbdea86a9efddfacf69a871c8b054165faa9af9f6c8eb
2997,40.436017,6.459958,0.472034,0.589339,17.96727036147268,True,0.39524701070150725,False,30842b15eefb0ef7e36cbdea86a9efddfacf69a871c8b054165faa9af9f6c8eb
2998,39.933007,0.938867,1.27096,0.396448,22.001461115967004,True,0.4839918119002825,False,30842b15eefb0ef7e36cbdea86a9efddfacf69a871c8b054165faa9af9f6c8eb
2999,32.859771,2.398455,0.485023,0.432553,34.29218821536595,True,0.7543652769649706,False,30842b15eefb0ef7e36cbdea86a9efddfacf69a871c8b054165faa9af9f6c8eb
3000,38.303236,4.865059,1.185328,0.697983,23.959628251875824,True,0.5270678992163336,False,30842b15eefb0ef7e36cbdea86a9efddfacf69a871c8b054165faa9af9f6c8eb
3001,28.473688,0.246243,0.935646,0.518614,42.831818013522614,True,0.942221477841011,False,30842b15eefb0ef7e36cbdea86a9efddfacf69a871c8b054165faa9af9f6c8eb
3002,30.774334,2.167556,0.764658,0.658584,35.321012300385135,True,0.7769975208150719,False,30842b15eefb0ef7e36cbdea86a9efddfacf69a871c8b054165faa9af9f6c8eb
3003,41.242905,7.329298,0.885486,0.43917,0.0,False,0.0,True,30842b15eefb0ef7e36cbdea86a9efddfacf69a871c8b054165faa9af9f6c8eb
3004,28.298292,13.265476,0.607615,0.393846,0.0,False,0.0,True,30842b15eefb0ef7e36cbdea86a9efddfacf69a871c8b054165faa9af9f6c8eb
3005,37.61829,4.642253,0.786313,0.952063,24.841533633611988,True,0.5464682009227203,False,30842b15eefb0ef7e36cbdea86a9efddfacf69a871c8b054165faa9af9f6c8eb
3006,37.540823,2.839358,0.802174,0.869988,32.35602941734269,True,0.7117733327371446,False,30842b15eefb0ef7e36cbdea86a9efddfacf69a871c8b054165faa9af9f6c8eb
3007,39.20856,11.203753,1.204461,0.624653,4.057745007726736,True,0.08926295159068899,True,30842b15eefb0ef7e36cbdea86a9efddfacf69a871c8b054165faa9af9f6c8eb
3008,32.007154,6.982998,0.513203,0.935137,16.130538119702987,True,0.3548422684444288,False,30842b15eefb0ef7e36cbdea86a9efddfacf69a871c8b054165faa9af9f6c8eb
3009,39.377962,3.386328,0.605594,0.348664,26.348589320615968,True,0.5796206633316071,False,30842b15eefb0ef7e36cbdea86a9efddfacf69a871c8b054165faa9af9f6c8eb
3010,31.361334,9.688969,0.562802,0.131246,7.767713055709259,True,0.17087544760497,True,30842b15eefb0ef7e36cbdea86a9efddfacf69a871c8b054165faa9af9f6c8eb
3011,37.568148,1.840775,0.794174,0.879735,35.48420594753504,True,0.780587481888947,False,30842b15eefb0ef7e36cbdea86a9efddfacf69a871c8b054165faa9af9f6c8eb
3012,39.670284,10.084577,1.331045,0.536302,6.723408313299802,True,0.1479026576711231,True,30842b15eefb0ef7e36cbdea86a9efddfacf69a871c8b054165faa9af9f6c8eb
3013,29.011837,12.200572,0.734117,0.158975,2.094706432762526,True,0.046079701545646785,True,30842b15eefb0ef7e36cbdea86a9efddfacf69a871c8b054165faa9af9f6c8eb
3014,31.374433,1.641567,1.174504,0.196225,37.70218902710581,True,0.8293790436760217,False,30842b15eefb0ef7e36cbdea86a9efddfacf69a871c8b054165faa9af9f6c8eb
3015,30.502303,1.198488,0.66527,0.67698,39.747823881659244,True,0.8743792604581321,False,30842b15eefb0ef7e36cbdea86a9efddfacf69a871c8b054165faa9af9f6c8eb
3016,38.040678,7.012582,0.082569,0.30307,16.028635090741258,True,0.35260058861392324,False,30842b15eefb0ef7e36cbdea86a9efddfacf69a871c8b054165faa9af9f6c8eb
3017,29.389354,10.749503,0.976032,0.212737,5.08564580118451,True,0.11187488471899934,True,30842b15eefb0ef7e36cbdea86a9efddfacf69a871c8b054165faa9af9f6c8eb
3018,35.721916,6.227219,0.75309,0.313137,18.805552729227575,True,0.41368768606916767,False,30842b15eefb0ef7e36cbdea86a9efddfacf69a871c8b054165faa9af9f6c8eb
3019,35.967615,10.262335,0.727824,0.0716,6.270786519044297,True,0.13794580793497999,True,30842b15eefb0ef7e36cbdea86a9efddfacf69a871c8b054165faa9af9f6c8eb
3020,28.699032,13.048114,1.43625,0.096295,0.0,False,0.0,True,30842b15eefb0ef7e36cbdea86a9efddfacf69a871c8b054165faa9af9f6c8eb
3021,36.461631,6.696402,0.79545,0.591852,17.12879244420832,True,0.3768020336031162,False,30842b15eefb0ef7e36cbdea86a9efddfacf69a871c8b054165faa9af9f6c8eb
3022,40.537475,9.105712,0.782778,0.191986,9.39627540598077,True,0.20670083386208848,False,30842b15eefb0ef7e36cbdea86a9efddfacf69a871c8b054165faa9af9f6c8eb
3023,37.378801,8.673918,0.626406,0.623848,10.666777302920977,True,0.2346495465353836,False,30842b15eefb0ef7e36cbdea86a9efddfacf69a871c8b054165faa9af9f6c8eb
3024,33.512897,4.931249,0.836472,0.331625,23.699690356779325,True,0.5213497420373089,False,30842b15eefb0ef7e36cbdea86a9efddfacf69a871c8b054165faa9af9f6c8eb
3025,39.025001,5.270552,0.63156,0.559715,22.382141076074483,True,0.49236607316754144,False,30842b15eefb0ef7e36cbdea86a9efddfacf69a871c8b054165faa9af9f6c8eb
3026,28.286597,0.279603,0.288698,0.334477,43.22288201622904,True,0.9508241690096217,False,30842b15eefb0ef7e36cbdea86a9efddfacf69a871c8b054165faa9af9f6c8eb
3027,28.616387,6.34411,0.315082,0.534988,18.38294054779241,True,0.40439099280203294,False,30842b15eefb0ef7e36cbdea86a9efddfacf69a871c8b054165faa9af9f6c8eb
3028,34.542787,8.038486,0.894545,0.88082,12.631540173305774,True,0.2778707279187339,False,30842b15eefb0ef7e36cbdea86a9efddfacf69a871c8b054165faa9af9f6c8eb
3029,32.531725,10.745881,0.024872,0.246425,5.094148503775031,True,0.11206192858900163,True,30842b15eefb0ef7e36cbdea86a9efddfacf69a871c8b054165faa9af9f6c8eb
3030,28.162478,0.273844,1.111861,0.557234,42.22471885382704,True,0.928866409250091,False,30842b15eefb0ef7e36cbdea86a9efddfacf69a871c8b054165faa9af9f6c8eb
3031,40.21782,7.369702,0.577646,0.465833,14.815660847187116,True,0.32591737885654526,False,30842b15eefb0ef7e36cbdea86a9efddfacf69a871c8b054165faa9af9f6c8eb
3032,37.537988,2.041319,0.260976,0.652118,35.88776208215649,True,0.7894649770593547,False,30842b15eefb0ef7e36cbdea86a9efddfacf69a871c8b054165faa9af9f6c8eb
3033,35.466508,3.354998,0.100903,0.651625,30.139779894546642,True,0.6630199060211912,False,30842b15eefb0ef7e36cbdea86a9efddfacf69a871c8b054165faa9af9f6c8eb
3034,39.463086,5.245181,0.405324,0.554752,22.479788092648555,True,0.4945141285275577,False,30842b15eefb0ef7e36cbdea86a9efddfacf69a871c8b054165faa9af9f6c8eb
3035,34.125363,0.665016,1.251479,0.993974,42.2581230869899,True,0.9296012411436827,False,30842b15eefb0ef7e36cbdea86a9efddfacf69a871c8b054165faa9af9f6c8eb
3036,31.012949,3.212466,0.151227,0.761314,30.747139740687093,True,0.6763807092360132,False,30842b15eefb0ef7e36cbdea86a9efddfacf69a871c8b054165faa9af9f6c8eb
3037,32.720603,13.073595,0.895978,0.483228,0.0,False,0.0,True,30842b15eefb0ef7e36cbdea86a9efddfacf69a871c8b054165faa9af9f6c8eb
3038,36.165421,1.637834,1.366162,0.507545,37.71927285552757,True,0.8297548565835582,False,30842b15eefb0ef7e36cbdea86a9efddfacf69a871c8b054165faa9af9f6c8eb
3039,35.770794,2.363297,0.776289,0.363609,34.44818783091748,True,0.7577969825316405,False,30842b15eefb0ef7e36cbdea86a9efddfacf69a871c8b054165faa9af9f6c8eb
3040,40.416597,11.865836,1.151195,0.842044,0.0,False,0.0,True,30842b15eefb0ef7e36cbdea86a9efddfacf69a871c8b054165faa9af9f6c8eb
3041,30.587634,12.746442,0.114135,0.683948,1.2179742441487407,True,0.026793200604555256,True,30842b15eefb0ef7e36cbdea86a9efddfacf69a871c8b054165faa9af9f6c8eb
3042,38.203099,10.128918,1.06849,0.586901,6.609521380556598,True,0.1453973539260847,True,30842b15eefb0ef7e36cbdea86a9efddfacf69a871c8b054165faa9af9f6c8eb
3043,38.144219,8.791561,1.20122,0.477798,10.315322933272014,True,0.22691819468242752,False,30842b15eefb0ef7e36cbdea86a9efddfacf69a871c8b054165faa9af9f6c8eb
3044,39.083386,12.641829,0.391578,0.311748,0.0,False,0.0,True,30842b15eefb0ef7e36cbdea86a9efddfacf69a871c8b054165faa9af9f6c8eb
3045,39.162156,1.085817,0.006051,0.891186,28.268319241113367,True,0.6218512023709634,False,30842b15eefb0ef7e36cbdea86a9efddfacf69a871c8b054165faa9af9f6c8eb
3046,39.236611,7.897591,0.798685,0.36672,13.081978262991612,True,0.2877795401574691,False,30842b15eefb0ef7e36cbdea86a9efddfacf69a871c8b054165faa9af9f6c8eb
3047,38.353666,9.959352,0.25964,0.362113,7.048520761805189,True,0.1550545355484185,True,30842b15eefb0ef7e36cbdea86a9efddfacf69a871c8b054165faa9af9f6c8eb
3048,37.664108,4.619506,0.097764,0.224791,24.93216660691362,True,0.5484619601887507,False,30842b15eefb0ef7e36cbdea86a9efddfacf69a871c8b054165faa9af9f6c8eb
3049,30.270567,0.445913,0.527337,0.392374,43.30388480118923,True,0.9526060817860144,False,30842b15eefb0ef7e36cbdea86a9efddfacf69a871c8b054165faa9af9f6c8eb
3050,38.665078,7.646491,0.915522,0.74355,13.897667900492092,True,0.30572321687608645,False,30842b15eefb0ef7e36cbdea86a9efddfacf69a871c8b054165faa9af9f6c8eb
3051,41.051635,11.531955,0.152898,0.379914,0.0,False,0.0,True,30842b15eefb0ef7e36cbdea86a9efddfacf69a871c8b054165faa9af9f6c8eb
3052,31.297386,8.659307,0.420781,0.816726,10.710700524938613,True,0.2356157769005745,False,30842b15eefb0ef7e36cbdea86a9efddfacf69a871c8b054165faa9af9f6c8eb
3053,35.577526,9.526077,0.924413,0.315178,8.212099698067114,True,0.18065113909588523,True,30842b15eefb0ef7e36cbdea86a9efddfacf69a871c8b054165faa9af9f6c8eb
3054,41.814981,1.827883,1.014312,0.673295,0.0,False,0.0,True,30842b15eefb0ef7e36cbdea86a9efddfacf69a871c8b054165faa9af9f6c8eb
3055,38.467809,6.711574,0.660524,0.487105,17.075446881732333,True,0.37562852902069305,False,30842b15eefb0ef7e36cbdea86a9efddfacf69a871c8b054165faa9af9f6c8eb
3056,36.047926,7.745276,0.753574,0.284387,13.574807543293733,True,0.29862088087905564,False,30842b15eefb0ef7e36cbdea86a9efddfacf69a871c8b054165faa9af9f6c8eb
3057,40.891929,8.717551,0.293591,0.848538,10.535967554796189,True,0.23177197187452667,False,30842b15eefb0ef7e36cbdea86a9efddfacf69a871c8b054165faa9af9f6c8eb
3058,31.326168,13.291935,1.258087,0.219426,0.0,False,0.0,True,30842b15eefb0ef7e36cbdea86a9efddfacf69a871c8b054165faa9af9f6c8eb
3059,38.465734,7.89586,0.097405,0.646282,13.087544878606542,True,0.28790199549638595,False,30842b15eefb0ef7e36cbdea86a9efddfacf69a871c8b054165faa9af9f6c8eb
3060,29.827363,1.158906,0.142071,0.802843,39.932315435087546,True,0.878437736427224,False,30842b15eefb0ef7e36cbdea86a9efddfacf69a871c8b054165faa9af9f6c8eb
3061,38.696432,6.916992,0.104119,0.83609,16.358672345661496,True,0.359860803204286,False,30842b15eefb0ef7e36cbdea86a9efddfacf69a871c8b054165faa9af9f6c8eb
3062,38.566044,4.13653,1.138977,0.564956,26.8822767229572,True,0.5913608078377388,False,30842b15eefb0ef7e36cbdea86a9efddfacf69a871c8b054165faa9af9f6c8eb
3063,32.129207,3.770148,1.270362,0.353034,28.393928297557533,True,0.6246143713486535,False,30842b15eefb0ef7e36cbdea86a9efddfacf69a871c8b054165faa9af9f6c8eb
3064,29.707235,9.934407,1.053811,0.066086,7.1138926168640095,True,0.15649259652129816,True,30842b15eefb0ef7e36cbdea86a9efddfacf69a871c8b054165faa9af9f6c8eb
3065,34.760347,2.882213,0.227146,0.345541,32.169845814384786,True,0.7076776347802338,False,30842b15eefb0ef7e36cbdea86a9efddfacf69a871c8b054165faa9af9f6c8eb
3066,33.282685,3.119671,0.858031,0.525946,31.14472475005075,True,0.6851268505969003,False,30842b15eefb0ef7e36cbdea86a9efddfacf69a871c8b054165faa9af9f6c8eb
3067,32.566663,5.288703,0.221427,0.292215,22.312369140687082,True,0.4908312184935748,False,30842b15eefb0ef7e36cbdea86a9efddfacf69a871c8b054165faa9af9f6c8eb
3068,30.543376,7.326228,0.6144,0.495747,14.96161598422847,True,0.32912812430933397,False,30842b15eefb0ef7e36cbdea86a9efddfacf69a871c8b054165faa9af9f6c8eb
3069,28.381366,8.072343,0.949167,0.639811,12.524086360538698,True,0.27550694102009976,False,30842b15eefb0ef7e36cbdea86a9efddfacf69a871c8b054165faa9af9f6c8eb
3070,30.175085,8.807832,1.154528,0.087688,10.267023586122908,True,0.22585569758657184,False,30842b15eefb0ef7e36cbdea86a9efddfacf69a871c8b054165faa9af9f6c8eb
3071,31.242128,10.002725,0.448405,0.414729,6.935335840645024,True,0.15256467477129296,True,30842b15eefb0ef7e36cbdea86a9efddfacf69a871c8b054165faa9af9f6c8eb
3072,34.465528,11.081243,0.352856,0.370011,4.327313549666366,True,0.09519296534554794,True,30842b15eefb0ef7e36cbdea86a9efddfacf69a871c8b054165faa9af9f6c8eb
3073,37.849676,12.969475,0.725512,0.265678,0.0,False,0.0,True,30842b15eefb0ef7e36cbdea86a9efddfacf69a871c8b054165faa9af9f6c8eb
3074,30.664971,4.951351,1.445017,0.588376,23.62093413026503,True,0.5196172494283785,False,30842b15eefb0ef7e36cbdea86a9efddfacf69a871c8b054165faa9af9f6c8eb
3075,40.462258,10.434997,0.980286,0.329657,0.0,False,0.0,True,30842b15eefb0ef7e36cbdea86a9efddfacf69a871c8b054165faa9af9f6c8eb
3076,28.437322,4.54,0.874267,0.336893,25.249812644092952,True,0.5554495907041531,False,30842b15eefb0ef7e36cbdea86a9efddfacf69a871c8b054165faa9af9f6c8eb
3077,32.70457,11.193206,0.84879,0.316262,4.080724397872248,True,0.08976845604851877,True,30842b15eefb0ef7e36cbdea86a9efddfacf69a871c8b054165faa9af9f6c8eb
3078,40.230675,6.644301,1.018729,0.74803,17.31240404582863,True,0.3808411522455428,False,30842b15eefb0ef7e36cbdea86a9efddfacf69a871c8b054165faa9af9f6c8eb
3079,37.331512,9.318737,0.953056,0.665603,8.789537371080465,True,0.1933537093546574,True,30842b15eefb0ef7e36cbdea86a9efddfacf69a871c8b054165faa9af9f6c8eb
3080,40.125178,3.825103,0.494793,0.66103,21.40280241636682,True,0.47082241795857366,False,30842b15eefb0ef7e36cbdea86a9efddfacf69a871c8b054165faa9af9f6c8eb
3081,38.624705,8.405352,1.26934,0.925372,11.483667411034837,True,0.2526196314068159,False,30842b15eefb0ef7e36cbdea86a9efddfacf69a871c8b054165faa9af9f6c8eb
3082,31.344729,4.047176,0.13915,0.18043,27.248395974555482,True,0.5994147602102032,False,30842b15eefb0ef7e36cbdea86a9efddfacf69a871c8b054165faa9af9f6c8eb
3083,33.280474,8.698022,1.020895,0.65208,10.594448089707102,True,0.23305843643718654,False,30842b15eefb0ef7e36cbdea86a9efddfacf69a871c8b054165faa9af9f6c8eb
3084,36.783055,4.317642,0.705958,0.876786,26.145271737382565,True,0.5751480492183151,False,30842b15eefb0ef7e36cbdea86a9efddfacf69a871c8b054165faa9af9f6c8eb
3085,31.017544,12.539556,0.298126,0.315872,1.5316122054567063,True,0.03369266079831435,True,30842b15eefb0ef7e36cbdea86a9efddfacf69a871c8b054165faa9af9f6c8eb
3086,34.232948,11.185483,0.414048,0.874855,4.097578379802094,True,0.09013921275458321,True,30842b15eefb0ef7e36cbdea86a9efddfacf69a871c8b054165faa9af9f6c8eb
3087,30.930844,4.241541,0.237163,0.109237,26.454119926325873,True,0.5819421432005694,False,30842b15eefb0ef7e36cbdea86a9efddfacf69a871c8b054165faa9af9f6c8eb
3088,29.734759,8.556958,0.625165,0.091427,11.020060620859045,True,0.24242113189790757,False,30842b15eefb0ef7e36cbdea86a9efddfacf69a871c8b054165faa9af9f6c8eb
3089,30.35325,10.3261,0.55131,0.762402,6.111002367079112,True,0.1344308495049484,True,30842b15eefb0ef7e36cbdea86a9efddfacf69a871c8b054165faa9af9f6c8eb
3090,35.605516,3.139485,0.56215,0.769587,31.059687724656033,True,0.683256191926439,False,30842b15eefb0ef7e36cbdea86a9efddfacf69a871c8b054165faa9af9f6c8eb
3091,37.093418,10.195895,1.480024,0.329839,6.438729778515203,True,0.1416402517730201,True,30842b15eefb0ef7e36cbdea86a9efddfacf69a871c8b054165faa9af9f6c8eb
3092,39.305731,2.176303,1.136035,0.171664,26.2667743425808,True,0.5778208837964613,False,30842b15eefb0ef7e36cbdea86a9efddfacf69a871c8b054165faa9af9f6c8eb
3093,35.107774,12.135018,0.065385,0.327362,2.2102094027671075,True,0.04862055514794738,True,30842b15eefb0ef7e36cbdea86a9efddfacf69a871c8b054165faa9af9f6c8eb
3094,32.466852,1.690948,0.910456,0.125809,37.47644308057504,True,0.8244130466854273,False,30842b15eefb0ef7e36cbdea86a9efddfacf69a871c8b054165faa9af9f6c8eb
3095,32.207231,7.53745,1.488669,0.70747,14.25697308299761,True,0.31362727221992914,False,30842b15eefb0ef7e36cbdea86a9efddfacf69a871c8b054165faa9af9f6c8eb
3096,37.920158,0.732427,0.406994,0.575291,34.35258667868388,True,0.7556939324366758,False,30842b15eefb0ef7e36cbdea86a9efddfacf69a871c8b054165faa9af9f6c8eb
3097,31.451449,7.057225,0.475449,0.13466,15.87526895718903,True,0.34922681482359014,False,30842b15eefb0ef7e36cbdea86a9efddfacf69a871c8b054165faa9af9f6c8eb
3098,28.788897,1.590522,1.118489,0.1448,37.936016500576116,True,0.8345228194443878,False,30842b15eefb0ef7e36cbdea86a9efddfacf69a871c8b054165faa9af9f6c8eb
3099,38.71833,8.73323,0.28836,0.961518,10.48909418347215,True,0.23074084363275127,False,30842b15eefb0ef7e36cbdea86a9efddfacf69a871c8b054165faa9af9f6c8eb
3100,37.140405,2.135488,0.695101,0.927849,35.46469875847931,True,0.7801583594899208,False,30842b15eefb0ef7e36cbdea86a9efddfacf69a871c8b054165faa9af9f6c8eb
3101,38.1697,3.714002,0.63215,0.598558,28.628006600368792,True,0.6297636649027051,False,30842b15eefb0ef7e36cbdea86a9efddfacf69a871c8b054165faa9af9f6c8eb
3102,36.616791,8.156661,0.760427,0.332149,12.257815470005074,True,0.26964946955098246,False,30842b15eefb0ef7e36cbdea86a9efddfacf69a871c8b054165faa9af9f6c8eb
3103,40.566453,7.505506,0.698159,0.92602,14.362810655567602,True,0.31595550479708756,False,30842b15eefb0ef7e36cbdea86a9efddfacf69a871c8b054165faa9af9f6c8eb
3104,40.920535,13.235074,1.003043,0.619545,0.0,False,0.0,True,30842b15eefb0ef7e36cbdea86a9efddfacf69a871c8b054165faa9af9f6c8eb
3105,37.366795,10.482531,0.212488,0.136767,5.724886399706414,True,0.12593700604303756,True,30842b15eefb0ef7e36cbdea86a9efddfacf69a871c8b054165faa9af9f6c8eb
3106,33.540578,2.23162,1.174858,0.167891,35.03454489284854,True,0.7706957629957517,False,30842b15eefb0ef7e36cbdea86a9efddfacf69a871c8b054165faa9af9f6c8eb
3107,36.243913,9.613021,0.467038,0.853778,7.973881707038414,True,0.175410779989846,True,30842b15eefb0ef7e36cbdea86a9efddfacf69a871c8b054165faa9af9f6c8eb
3108,38.462534,7.169793,0.165595,0.843733,15.490743189600472,True,0.340767952841807,False,30842b15eefb0ef7e36cbdea86a9efddfacf69a871c8b054165faa9af9f6c8eb
3109,39.464982,5.940336,1.139657,0.492097,19.856233012659178,True,0.4368007262179839,False,30842b15eefb0ef7e36cbdea86a9efddfacf69a871c8b054165faa9af9f6c8eb
3110,28.180491,2.538415,0.474147,0.498551,33.67351671907493,True,0.7407556381831334,False,30842b15eefb0ef7e36cbdea86a9efddfacf69a871c8b054165faa9af9f6c8eb
3111,39.822469,4.386763,0.246645,0.855653,23.792816109631463,True,0.5233983378837354,False,30842b15eefb0ef7e36cbdea86a9efddfacf69a871c8b054165faa9af9f6c8eb
3112,31.92452,7.543183,0.65784,0.421404,14.238006011884826,True,0.3132100314255141,False,30842b15eefb0ef7e36cbdea86a9efddfacf69a871c8b054165faa9af9f6c8eb
3113,37.658507,7.584605,0.530627,0.69464,14.101215748607062,True,0.3102008963946559,False,30842b15eefb0ef7e36cbdea86a9efddfacf69a871c8b054165faa9af9f6c8eb
3114,33.06627,4.154263,0.630365,0.840283,26.809814026403085,True,0.5897667613507555,False,30842b15eefb0ef7e36cbdea86a9efddfacf69a871c8b054165faa9af9f6c8eb
3115,37.440812,9.94321,0.335115,0.538477,7.090800160625291,True,0.15598460481668838,True,30842b15eefb0ef7e36cbdea86a9efddfacf69a871c8b054165faa9af9f6c8eb
3116,37.743349,2.307511,0.377415,0.395689,34.69619982505267,True,0.7632527917518463,False,30842b15eefb0ef7e36cbdea86a9efddfacf69a871c8b054165faa9af9f6c8eb
3117,31.365031,9.185499,1.489805,0.621044,9.167446353826264,True,0.20166701419966124,False,30842b15eefb0ef7e36cbdea86a9efddfacf69a871c8b054165faa9af9f6c8eb
3118,34.386289,3.881003,0.119516,0.766075,27.933647994488236,True,0.6144890484580365,False,30842b15eefb0ef7e36cbdea86a9efddfacf69a871c8b054165faa9af9f6c8eb
3119,33.308488,11.359897,0.169771,0.656814,3.7226547579991345,True,0.08189158037761618,True,30842b15eefb0ef7e36cbdea86a9efddfacf69a871c8b054165faa9af9f6c8eb
3120,38.00602,13.283166,0.89876,0.675113,0.0,False,0.0,True,30842b15eefb0ef7e36cbdea86a9efddfacf69a871c8b054165faa9af9f6c8eb
3121,41.783734,9.845432,0.944405,0.873123,0.0,False,0.0,True,30842b15eefb0ef7e36cbdea86a9efddfacf69a871c8b054165faa9af9f6c8eb
3122,28.467877,9.874795,0.409988,0.599206,7.270926568189991,True,0.15994705557888161,True,30842b15eefb0ef7e36cbdea86a9efddfacf69a871c8b054165faa9af9f6c8eb
3123,36.840089,7.520705,0.330616,0.617159,14.312420450938014,True,0.3148470126695806,False,30842b15eefb0ef7e36cbdea86a9efddfacf69a871c8b054165faa9af9f6c8eb
3124,38.127978,0.262982,0.927757,0.76667,32.87186961802573,True,0.7231208715239392,False,30842b15eefb0ef7e36cbdea86a9efddfacf69a871c8b054165faa9af9f6c8eb
3125,30.642311,4.587237,0.546835,0.379245,25.06092756415861,True,0.5512944652060557,False,30842b15eefb0ef7e36cbdea86a9efddfacf69a871c8b054165faa9af9f6c8eb
3126,38.30005,8.984891,0.812612,0.968492,9.746350380854485,True,0.21440184155866884,False,30842b15eefb0ef7e36cbdea86a9efddfacf69a871c8b054165faa9af9f6c8eb
3127,31.874466,3.416622,1.332581,0.664911,29.878439901313886,True,0.6572709052534679,False,30842b15eefb0ef7e36cbdea86a9efddfacf69a871c8b054165faa9af9f6c8eb
3128,30.525801,3.274333,0.426831,0.866898,30.483014964843242,True,0.6705704483558552,False,30842b15eefb0ef7e36cbdea86a9efddfacf69a871c8b054165faa9af9f6c8eb
3129,36.993777,1.549149,1.371751,0.646928,37.10908072676945,True,0.8163317483432329,False,30842b15eefb0ef7e36cbdea86a9efddfacf69a871c8b054165faa9af9f6c8eb
3130,31.904436,11.374018,0.324519,0.942535,3.6928279367244827,True,0.08123544498752301,True,30842b15eefb0ef7e36cbdea86a9efddfacf69a871c8b054165faa9af9f6c8eb
3131,36.096673,8.728241,0.244215,0.269194,10.504001559760075,True,0.23106877858317312,False,30842b15eefb0ef7e36cbdea86a9efddfacf69a871c8b054165faa9af9f6c8eb
3132,32.960962,4.706118,0.565864,0.520889,24.587659294949198,True,0.5408834308696434,False,30842b15eefb0ef7e36cbdea86a9efddfacf69a871c8b054165faa9af9f6c8eb
3133,40.631031,1.442144,1.119461,0.647583,16.89951488890785,True,0.37175834769366495,False,30842b15eefb0ef7e36cbdea86a9efddfacf69a871c8b054165faa9af9f6c8eb
3134,38.579063,9.879368,1.115638,0.299224,7.258839630445881,True,0.1596811651060506,True,30842b15eefb0ef7e36cbdea86a9efddfacf69a871c8b054165faa9af9f6c8eb
3135,34.641941,7.349247,1.39942,0.725885,14.884274948539185,True,0.32742676330425347,False,30842b15eefb0ef7e36cbdea86a9efddfacf69a871c8b054165faa9af9f6c8eb
3136,36.509694,11.53528,0.831566,0.473988,3.357939283125577,True,0.0738685085197194,True,30842b15eefb0ef7e36cbdea86a9efddfacf69a871c8b054165faa9af9f6c8eb
3137,36.558795,7.564319,1.001818,0.533152,14.168152377851785,True,0.31167337953111174,False,30842b15eefb0ef7e36cbdea86a9efddfacf69a871c8b054165faa9af9f6c8eb
3138,33.515797,6.852018,0.332142,0.598794,16.584280348080473,True,0.3648237656772974,False,30842b15eefb0ef7e36cbdea86a9efddfacf69a871c8b054165faa9af9f6c8eb
3139,36.56425,2.213969,1.16282,0.34912,35.11339515576229,True,0.7724303242330846,False,30842b15eefb0ef7e36cbdea86a9efddfacf69a871c8b054165faa9af9f6c8eb
3140,34.924724,5.225894,0.157779,0.163354,22.55411396524358,True,0.4961491614719029,False,30842b15eefb0ef7e36cbdea86a9efddfacf69a871c8b054165faa9af9f6c8eb
3141,39.192728,1.152573,1.37861,0.687654,26.712407865523783,True,0.5876240043744921,False,30842b15eefb0ef7e36cbdea86a9efddfacf69a871c8b054165faa9af9f6c8eb
3142,41.890924,3.651024,0.374379,0.139605,0.0,False,0.0,True,30842b15eefb0ef7e36cbdea86a9efddfacf69a871c8b054165faa9af9f6c8eb
3143,40.380211,7.676463,0.588906,0.546119,13.799442824728736,True,0.30356244527359283,False,30842b15eefb0ef7e36cbdea86a9efddfacf69a871c8b054165faa9af9f6c8eb
3144,28.422367,7.634339,1.48714,0.786677,13.937558893459828,True,0.3066007455939835,False,30842b15eefb0ef7e36cbdea86a9efddfacf69a871c8b054165faa9af9f6c8eb
3145,39.680184,10.414217,0.486463,0.24456,5.892471100906968,True,0.12962356225643196,True,30842b15eefb0ef7e36cbdea86a9efddfacf69a871c8b054165faa9af9f6c8eb
3146,38.441029,1.537236,1.487928,0.484352,30.77360340008394,True,0.6769628612300777,False,30842b15eefb0ef7e36cbdea86a9efddfacf69a871c8b054165faa9af9f6c8eb
3147,28.30353,13.251378,0.85942,0.150914,0.0,False,0.0,True,30842b15eefb0ef7e36cbdea86a9efddfacf69a871c8b054165faa9af9f6c8eb
3148,29.844629,1.117104,0.562508,0.221889,40.12746334119319,True,0.8827306326201988,False,30842b15eefb0ef7e36cbdea86a9efddfacf69a871c8b054165faa9af9f6c8eb
3149,30.849483,7.700001,0.602132,0.337152,13.722466402164466,True,0.30186910508886095,False,30842b15eefb0ef7e36cbdea86a9efddfacf69a871c8b054165faa9af9f6c8eb
3150,30.708089,13.632119,1.313462,0.771145,0.0,False,0.0,True,30842b15eefb0ef7e36cbdea86a9efddfacf69a871c8b054165faa9af9f6c8eb
3151,28.926214,12.607619,1.369894,0.713645,1.4257999264253953,True,0.03136498463263932,True,30842b15eefb0ef7e36cbdea86a9efddfacf69a871c8b054165faa9af9f6c8eb
3152,32.301492,0.812983,0.419044,0.267081,41.55672404952987,True,0.9141717481106482,False,30842b15eefb0ef7e36cbdea86a9efddfacf69a871c8b054165faa9af9f6c8eb
3153,38.689115,11.818892,0.653664,0.794195,2.7953565565733136,True,0.061492719851291976,True,30842b15eefb0ef7e36cbdea86a9efddfacf69a871c8b054165faa9af9f6c8eb
3154,39.648157,1.475275,0.321954,0.369048,24.892523982650587,True,0.5475898951270525,False,30842b15eefb0ef7e36cbdea86a9efddfacf69a871c8b054165faa9af9f6c8eb
3155,37.884545,13.254468,0.203508,0.222794,0.0,False,0.0,True,30842b15eefb0ef7e36cbdea86a9efddfacf69a871c8b054165faa9af9f6c8eb
3156,41.628962,10.479084,0.604146,0.709384,0.0,False,0.0,True,30842b15eefb0ef7e36cbdea86a9efddfacf69a871c8b054165faa9af9f6c8eb
3157,28.192198,2.452127,0.842949,0.234669,34.05449573828052,True,0.7491364782023215,False,30842b15eefb0ef7e36cbdea86a9efddfacf69a871c8b054165faa9af9f6c8eb
3158,28.60908,12.690682,0.594088,0.558735,1.3001371351801785,True,0.028600633587831614,True,30842b15eefb0ef7e36cbdea86a9efddfacf69a871c8b054165faa9af9f6c8eb
3159,35.406515,9.433909,0.025512,0.189986,8.467170384347227,True,0.1862622266034221,True,30842b15eefb0ef7e36cbdea86a9efddfacf69a871c8b054165faa9af9f6c8eb
3160,34.015199,8.237044,0.683776,0.712043,12.00575318921716,True,0.2641045614493235,False,30842b15eefb0ef7e36cbdea86a9efddfacf69a871c8b054165faa9af9f6c8eb
3161,36.845451,12.810756,0.868527,0.12801,0.0,False,0.0,True,30842b15eefb0ef7e36cbdea86a9efddfacf69a871c8b054165faa9af9f6c8eb
3162,41.719393,13.410437,1.370802,0.709285,0.0,False,0.0,True,30842b15eefb0ef7e36cbdea86a9efddfacf69a871c8b054165faa9af9f6c8eb
3163,41.59841,13.485278,0.688223,0.784929,0.0,False,0.0,True,30842b15eefb0ef7e36cbdea86a9efddfacf69a871c8b054165faa9af9f6c8eb
3164,36.615575,6.618333,0.805801,0.579459,17.404162501902466,True,0.38285967006934857,False,30842b15eefb0ef7e36cbdea86a9efddfacf69a871c8b054165faa9af9f6c8eb
3165,30.420988,4.106251,0.679514,0.468355,27.00615698318242,True,0.5940859464678078,False,30842b15eefb0ef7e36cbdea86a9efddfacf69a871c8b054165faa9af9f6c8eb
3166,31.989635,6.75802,1.170256,0.098261,16.91248549031099,True,0.3720436771470796,False,30842b15eefb0ef7e36cbdea86a9efddfacf69a871c8b054165faa9af9f6c8eb
3167,29.293408,3.391604,1.42532,0.26658,29.9844467529784,True,0.6596028616603866,False,30842b15eefb0ef7e36cbdea86a9efddfacf69a871c8b054165faa9af9f6c8eb
3168,36.084389,0.530011,1.277295,0.47491,40.044102304866215,True,0.8808968426368372,False,30842b15eefb0ef7e36cbdea86a9efddfacf69a871c8b054165faa9af9f6c8eb
3169,31.974084,13.240874,1.328431,0.434014,0.0,False,0.0,True,30842b15eefb0ef7e36cbdea86a9efddfacf69a871c8b054165faa9af9f6c8eb
3170,39.818012,13.857796,1.41867,0.341959,0.0,False,0.0,True,30842b15eefb0ef7e36cbdea86a9efddfacf69a871c8b054165faa9af9f6c8eb
3171,28.082556,5.234761,0.845449,0.976284,22.519933253182433,True,0.4953972484659748,False,30842b15eefb0ef7e36cbdea86a9efddfacf69a871c8b054165faa9af9f6c8eb
3172,33.148311,8.299245,0.621232,0.146188,11.811907045767184,True,0.2598403016484074,False,30842b15eefb0ef7e36cbdea86a9efddfacf69a871c8b054165faa9af9f6c8eb
3173,39.535341,13.63665,0.810025,0.940536,0.0,False,0.0,True,30842b15eefb0ef7e36cbdea86a9efddfacf69a871c8b054165faa9af9f6c8eb
3174,37.021713,3.963449,0.949773,0.182151,27.592954132698782,True,0.6069944080520357,False,30842b15eefb0ef7e36cbdea86a9efddfacf69a871c8b054165faa9af9f6c8eb
3175,33.670365,3.43055,0.595347,0.24184,29.81947810775409,True,0.6559738538827666,False,30842b15eefb0ef7e36cbdea86a9efddfacf69a871c8b054165faa9af9f6c8eb
3176,41.041423,11.523937,0.14089,0.470563,0.0,False,0.0,True,30842b15eefb0ef7e36cbdea86a9efddfacf69a871c8b054165faa9af9f6c8eb
3177,33.271644,2.166273,0.116766,0.791145,35.32675727841255,True,0.777123899800093,False,30842b15eefb0ef7e36cbdea86a9efddfacf69a871c8b054165faa9af9f6c8eb
3178,29.983086,4.248087,0.828963,0.560075,26.427506150735333,True,0.5813566889254337,False,30842b15eefb0ef7e36cbdea86a9efddfacf69a871c8b054165faa9af9f6c8eb
3179,34.003675,2.972874,0.054365,0.780536,31.777151234010905,True,0.6990390738920824,False,30842b15eefb0ef7e36cbdea86a9efddfacf69a871c8b054165faa9af9f6c8eb
3180,36.829773,1.23228,0.902028,0.128231,38.147800444969846,True,0.8391816779828383,False,30842b15eefb0ef7e36cbdea86a9efddfacf69a871c8b054165faa9af9f6c8eb
3181,35.311591,3.438425,1.277538,0.406315,29.786157834183893,True,0.6552408689463003,False,30842b15eefb0ef7e36cbdea86a9efddfacf69a871c8b054165faa9af9f6c8eb
3182,34.949666,2.53194,1.082329,0.86403,33.70205554834616,True,0.7413834401102731,False,30842b15eefb0ef7e36cbdea86a9efddfacf69a871c8b054165faa9af9f6c8eb
3183,39.989202,4.203649,0.342991,0.756412,22.53286748379007,True,0.49568177782856265,False,30842b15eefb0ef7e36cbdea86a9efddfacf69a871c8b054165faa9af9f6c8eb
3184,37.528746,3.495892,1.075105,0.158068,29.54338288042868,True,0.6499002650140133,False,30842b15eefb0ef7e36cbdea86a9efddfacf69a871c8b054165faa9af9f6c8eb
3185,28.526259,8.287879,0.755225,0.512542,11.847250004181323,True,0.2606177819434939,False,30842b15eefb0ef7e36cbdea86a9efddfacf69a871c8b054165faa9af9f6c8eb
3186,28.328304,3.685025,1.000054,0.479172,28.74906501106728,True,0.6324267280161456,False,30842b15eefb0ef7e36cbdea86a9efddfacf69a871c8b054165faa9af9f6c8eb
3187,33.605322,12.416449,1.047927,0.947406,1.729296799299544,True,0.038041359471300704,True,30842b15eefb0ef7e36cbdea86a9efddfacf69a871c8b054165faa9af9f6c8eb
3188,30.555374,1.348203,1.442736,0.677655,39.05258423516572,True,0.8590852627350848,False,30842b15eefb0ef7e36cbdea86a9efddfacf69a871c8b054165faa9af9f6c8eb
3189,40.607529,5.951294,0.147171,0.700312,18.060585254930878,True,0.3972997672945382,False,30842b15eefb0ef7e36cbdea86a9efddfacf69a871c8b054165faa9af9f6c8eb
3190,40.837927,10.522429,0.238098,0.542643,0.0,False,0.0,True,30842b15eefb0ef7e36cbdea86a9efddfacf69a871c8b054165faa9af9f6c8eb
3191,35.072381,4.849853,1.236716,0.990199,24.01947784711261,True,0.5283844805964278,False,30842b15eefb0ef7e36cbdea86a9efddfacf69a871c8b054165faa9af9f6c8eb
3192,30.50411,6.188467,0.235207,0.139093,18.946363401242415,True,0.4167852627221064,False,30842b15eefb0ef7e36cbdea86a9efddfacf69a871c8b054165faa9af9f6c8eb
3193,41.687404,13.845047,0.371256,0.332515,0.0,False,0.0,True,30842b15eefb0ef7e36cbdea86a9efddfacf69a871c8b054165faa9af9f6c8eb
3194,41.258861,0.461912,1.498294,0.91501,11.152759243967555,True,0.24534025834575746,False,30842b15eefb0ef7e36cbdea86a9efddfacf69a871c8b054165faa9af9f6c8eb
3195,31.409635,8.298541,0.178705,0.145815,11.814095134699999,True,0.25988843559376723,False,30842b15eefb0ef7e36cbdea86a9efddfacf69a871c8b054165faa9af9f6c8eb
3196,40.480032,2.286498,0.885848,0.735878,18.331240236314596,True,0.4032536807255274,False,30842b15eefb0ef7e36cbdea86a9efddfacf69a871c8b054165faa9af9f6c8eb
3197,34.236801,4.676211,0.519835,0.991315,24.706436525890208,True,0.5434963122102339,False,30842b15eefb0ef7e36cbdea86a9efddfacf69a871c8b054165faa9af9f6c8eb
3198,28.208585,8.73785,0.216172,0.288061,10.475295692251445,True,0.23043730212102176,False,30842b15eefb0ef7e36cbdea86a9efddfacf69a871c8b054165faa9af9f6c8eb
3199,34.906541,10.282543,1.317946,0.650056,6.220000017846366,True,0.13682859800945263,True,30842b15eefb0ef7e36cbdea86a9efddfacf69a871c8b054165faa9af9f6c8eb
3200,31.650822,4.611072,0.619909,0.730556,24.9657989216857,True,0.5492018094596306,False,30842b15eefb0ef7e36cbdea86a9efddfacf69a871c8b054165faa9af9f6c8eb
3201,30.766503,13.690873,0.96909,0.09957,0.0,False,0.0,True,30842b15eefb0ef7e36cbdea86a9efddfacf69a871c8b054165faa9af9f6c8eb
3202,35.249709,12.650417,1.106726,0.919423,1.3605698846789913,True,0.029930043292663428,True,30842b15eefb0ef7e36cbdea86a9efddfacf69a871c8b054165faa9af9f6c8eb
3203,28.332537,11.161082,1.311023,0.055512,4.150980832749486,True,0.09131396882308679,True,30842b15eefb0ef7e36cbdea86a9efddfacf69a871c8b054165faa9af9f6c8eb
3204,37.018799,12.347288,1.407055,0.991,1.8438144999881028,True,0.04056053895482537,True,30842b15eefb0ef7e36cbdea86a9efddfacf69a871c8b054165faa9af9f6c8eb
3205,40.250689,2.989802,0.37,0.563914,20.600822272110104,True,0.45318032495934246,False,30842b15eefb0ef7e36cbdea86a9efddfacf69a871c8b054165faa9af9f6c8eb
3206,37.129959,6.534622,1.035947,0.968199,17.701055314314928,True,0.38939076768428815,False,30842b15eefb0ef7e36cbdea86a9efddfacf69a871c8b054165faa9af9f6c8eb
3207,30.096141,11.383009,1.162011,0.405787,3.6738785799948226,True,0.08081859387706303,True,30842b15eefb0ef7e36cbdea86a9efddfacf69a871c8b054165faa9af9f6c8eb
3208,33.241297,1.593232,0.093404,0.120078,37.923590394689796,True,0.8342494678941845,False,30842b15eefb0ef7e36cbdea86a9efddfacf69a871c8b054165faa9af9f6c8eb
3209,39.003358,4.167796,0.294825,0.459595,26.754557749814357,True,0.588551224560536,False,30842b15eefb0ef7e36cbdea86a9efddfacf69a871c8b054165faa9af9f6c8eb
3210,29.235003,2.370337,0.809662,0.05909,34.41693174069118,True,0.7571094058447192,False,30842b15eefb0ef7e36cbdea86a9efddfacf69a871c8b054165faa9af9f6c8eb
3211,33.965714,4.780848,1.167686,0.96253,24.291700532023423,True,0.5343728806311295,False,30842b15eefb0ef7e36cbdea86a9efddfacf69a871c8b054165faa9af9f6c8eb
3212,33.820332,10.892545,0.395374,0.579734,4.75366669414924,True,0.1045719529418715,True,30842b15eefb0ef7e36cbdea86a9efddfacf69a871c8b054165faa9af9f6c8eb
3213,40.16643,0.061261,0.926571,0.330626,20.668959287134665,True,0.45467921438243086,False,30842b15eefb0ef7e36cbdea86a9efddfacf69a871c8b054165faa9af9f6c8eb
3214,41.977367,7.726003,1.082558,0.400603,0.0,False,0.0,True,30842b15eefb0ef7e36cbdea86a9efddfacf69a871c8b054165faa9af9f6c8eb
3215,34.323568,4.499206,0.967211,0.758961,25.413314310860873,True,0.559046327644969,False,30842b15eefb0ef7e36cbdea86a9efddfacf69a871c8b054165faa9af9f6c8eb
3216,34.901068,11.986266,1.257187,0.892375,2.47984541659282,True,0.054552053160612,True,30842b15eefb0ef7e36cbdea86a9efddfacf69a871c8b054165faa9af9f6c8eb
3217,34.129425,3.803583,0.693921,0.684667,28.254839062353135,True,0.62155466314984,False,30842b15eefb0ef7e36cbdea86a9efddfacf69a871c8b054165faa9af9f6c8eb
3218,28.627728,7.406939,0.159202,0.693943,14.691024947723832,True,0.323175617548462,False,30842b15eefb0ef7e36cbdea86a9efddfacf69a871c8b054165faa9af9f6c8eb
3219,40.450311,5.179438,0.253509,0.526401,19.195303725209616,True,0.42226149349682024,False,30842b15eefb0ef7e36cbdea86a9efddfacf69a871c8b054165faa9af9f6c8eb
3220,40.245564,9.568936,0.754059,0.295373,8.094378146885914,True,0.17806148077475892,True,30842b15eefb0ef7e36cbdea86a9efddfacf69a871c8b054165faa9af9f6c8eb
3221,40.527603,4.119,0.596725,0.243739,18.246674870363407,True,0.4013933976981869,False,30842b15eefb0ef7e36cbdea86a9efddfacf69a871c8b054165faa9af9f6c8eb
3222,28.412878,2.217867,0.042801,0.784484,35.09597698970338,True,0.7720471565104321,False,30842b15eefb0ef7e36cbdea86a9efddfacf69a871c8b054165faa9af9f6c8eb
3223,35.505142,8.548602,0.483905,0.897682,11.045446873217,True,0.24297958291219804,False,30842b15eefb0ef7e36cbdea86a9efddfacf69a871c8b054165faa9af9f6c8eb
3224,30.619634,6.40311,0.962477,0.597835,18.170848707431215,True,0.39972536111672713,False,30842b15eefb0ef7e36cbdea86a9efddfacf69a871c8b054165faa9af9f6c8eb
3225,33.388756,10.492819,1.401792,0.455631,5.699788292003562,True,0.12538489368293815,True,30842b15eefb0ef7e36cbdea86a9efddfacf69a871c8b054165faa9af9f6c8eb
3226,33.624124,13.807494,0.498428,0.854448,0.0,False,0.0,True,30842b15eefb0ef7e36cbdea86a9efddfacf69a871c8b054165faa9af9f6c8eb
3227,31.99044,6.172736,1.238875,0.91176,19.00362397567198,True,0.4180448903905845,False,30842b15eefb0ef7e36cbdea86a9efddfacf69a871c8b054165faa9af9f6c8eb
3228,28.107386,13.059481,0.778657,0.130632,0.0,False,0.0,True,30842b15eefb0ef7e36cbdea86a9efddfacf69a871c8b054165faa9af9f6c8eb
3229,34.201437,11.541138,0.218623,0.284662,3.3459749734365616,True,0.0736053156393011,True,30842b15eefb0ef7e36cbdea86a9efddfacf69a871c8b054165faa9af9f6c8eb
3230,37.572043,13.055718,1.203594,0.964702,0.0,False,0.0,True,30842b15eefb0ef7e36cbdea86a9efddfacf69a871c8b054165faa9af9f6c8eb
3231,35.14038,12.363342,1.384745,0.236491,1.8170143695489915,True,0.03997098521464327,True,30842b15eefb0ef7e36cbdea86a9efddfacf69a871c8b054165faa9af9f6c8eb
3232,30.786142,2.443398,0.687459,0.33372,34.093115559568844,True,0.7499860434735587,False,30842b15eefb0ef7e36cbdea86a9efddfacf69a871c8b054165faa9af9f6c8eb
3233,30.47729,0.441425,1.277974,0.832732,43.32539461466196,True,0.9530792582510424,False,30842b15eefb0ef7e36cbdea86a9efddfacf69a871c8b054165faa9af9f6c8eb
3234,34.917663,11.307565,0.945807,0.567846,3.8338868962725603,True,0.0843384835110371,True,30842b15eefb0ef7e36cbdea86a9efddfacf69a871c8b054165faa9af9f6c8eb
3235,39.16407,1.279414,0.71107,0.23118,27.55185645979004,True,0.6060903345874987,False,30842b15eefb0ef7e36cbdea86a9efddfacf69a871c8b054165faa9af9f6c8eb
3236,32.741609,6.409661,0.154274,0.335743,18.14734996703512,True,0.39920843190544725,False,30842b15eefb0ef7e36cbdea86a9efddfacf69a871c8b054165faa9af9f6c8eb
3237,36.376138,8.398502,0.136451,0.737488,11.504764501145782,True,0.2530837287144811,False,30842b15eefb0ef7e36cbdea86a9efddfacf69a871c8b054165faa9af9f6c8eb
3238,39.014461,1.326455,0.259982,0.919557,28.88336829213493,True,0.6353811539974689,False,30842b15eefb0ef7e36cbdea86a9efddfacf69a871c8b054165faa9af9f6c8eb
3239,28.248264,10.484203,1.345,0.864535,5.720804968224249,True,0.12584722203243082,True,30842b15eefb0ef7e36cbdea86a9efddfacf69a871c8b054165faa9af9f6c8eb
3240,40.4448,0.666485,1.430452,0.148233,18.061181114126956,True,0.39731287510453445,False,30842b15eefb0ef7e36cbdea86a9efddfacf69a871c8b054165faa9af9f6c8eb
3241,37.027361,3.109556,0.266289,0.202873,31.188165821120066,True,0.6860824745250979,False,30842b15eefb0ef7e36cbdea86a9efddfacf69a871c8b054165faa9af9f6c8eb
3242,31.187055,5.843572,1.197835,0.627039,20.214893872113514,True,0.4446906076358611,False,30842b15eefb0ef7e36cbdea86a9efddfacf69a871c8b054165faa9af9f6c8eb
3243,31.908608,11.019551,0.072788,0.334893,4.46523168234308,True,0.09822691143559482,True,30842b15eefb0ef7e36cbdea86a9efddfacf69a871c8b054165faa9af9f6c8eb
3244,34.568815,9.421707,0.986172,0.344358,8.501133375545624,True,0.18700935014949133,True,30842b15eefb0ef7e36cbdea86a9efddfacf69a871c8b054165faa9af9f6c8eb
3245,32.495064,13.126865,0.215193,0.663528,0.0,False,0.0,True,30842b15eefb0ef7e36cbdea86a9efddfacf69a871c8b054165faa9af9f6c8eb
3246,31.10766,2.410578,1.140916,0.79077,34.23845197898036,True,0.753183178272712,False,30842b15eefb0ef7e36cbdea86a9efddfacf69a871c8b054165faa9af9f6c8eb
3247,37.025419,4.983941,0.128467,0.499476,23.4934378568012,True,0.5168125651358653,False,30842b15eefb0ef7e36cbdea86a9efddfacf69a871c8b054165faa9af9f6c8eb
3248,41.306588,10.841003,1.243042,0.822597,0.0,False,0.0,True,30842b15eefb0ef7e36cbdea86a9efddfacf69a871c8b054165faa9af9f6c8eb
3249,34.673847,9.866661,0.633462,0.46211,7.29244217556852,True,0.16042035949921588,True,30842b15eefb0ef7e36cbdea86a9efddfacf69a871c8b054165faa9af9f6c8eb
3250,36.381014,10.655681,0.626963,0.59191,5.307414415029907,True,0.11675338768168451,True,30842b15eefb0ef7e36cbdea86a9efddfacf69a871c8b054165faa9af9f6c8eb
3251,28.125299,7.936919,1.453626,0.194281,12.95571872619502,True,0.28500206180447346,False,30842b15eefb0ef7e36cbdea86a9efddfacf69a871c8b054165faa9af9f6c8eb
3252,40.386387,1.107912,1.290883,0.92552,18.65180262886931,True,0.41030546571298215,False,30842b15eefb0ef7e36cbdea86a9efddfacf69a871c8b054165faa9af9f6c8eb
3253,35.190675,5.78448,0.602013,0.959385,20.434971729020194,True,0.4495319170453573,False,30842b15eefb0ef7e36cbdea86a9efddfacf69a871c8b054165faa9af9f6c8eb
3254,34.052838,1.61739,1.144819,0.468042,37.8128792117343,True,0.8318140248227529,False,30842b15eefb0ef7e36cbdea86a9efddfacf69a871c8b054165faa9af9f6c8eb
3255,40.326716,0.399058,0.760163,0.981213,19.638003874556638,True,0.43200008523314337,False,30842b15eefb0ef7e36cbdea86a9efddfacf69a871c8b054165faa9af9f6c8eb
3256,39.634343,2.436442,0.147716,0.715694,25.15809457284183,True,0.5534319612724143,False,30842b15eefb0ef7e36cbdea86a9efddfacf69a871c8b054165faa9af9f6c8eb
3257,31.162721,7.138532,0.878924,0.321891,15.59721356358198,True,0.3431101058899795,False,30842b15eefb0ef7e36cbdea86a9efddfacf69a871c8b054165faa9af9f6c8eb
3258,37.126256,5.97779,1.189417,0.715829,19.717983327115544,True,0.433759486572661,False,30842b15eefb0ef7e36cbdea86a9efddfacf69a871c8b054165faa9af9f6c8eb
3259,33.729425,8.615379,1.341466,0.757324,10.843117557611333,True,0.23852870887504313,False,30842b15eefb0ef7e36cbdea86a9efddfacf69a871c8b054165faa9af9f6c8eb
3260,39.827557,9.727386,1.03087,0.590748,7.664113790372931,True,0.16859645368373088,True,30842b15eefb0ef7e36cbdea86a9efddfacf69a871c8b054165faa9af9f6c8eb
3261,30.350129,7.411514,1.308121,0.209412,14.67573619684813,True,0.3228392930562376,False,30842b15eefb0ef7e36cbdea86a9efddfacf69a871c8b054165faa9af9f6c8eb
3262,35.588719,4.007614,0.978965,0.264098,27.411023925713117,True,0.6029922770092713,False,30842b15eefb0ef7e36cbdea86a9efddfacf69a871c8b054165faa9af9f6c8eb
3263,33.440771,13.056577,1.254075,0.713908,0.0,False,0.0,True,30842b15eefb0ef7e36cbdea86a9efddfacf69a871c8b054165faa9af9f6c8eb
3264,35.308153,7.003238,1.408812,0.898003,16.060797534589042,True,0.3533081034190074,False,30842b15eefb0ef7e36cbdea86a9efddfacf69a871c8b054165faa9af9f6c8eb
3265,31.75302,1.254125,1.374343,0.999161,39.4889819819421,True,0.8686852131682958,False,30842b15eefb0ef7e36cbdea86a9efddfacf69a871c8b054165faa9af9f6c8eb
3266,30.322553,5.231916,0.044062,0.640602,22.53089834073132,True,0.4956384602910649,False,30842b15eefb0ef7e36cbdea86a9efddfacf69a871c8b054165faa9af9f6c8eb
3267,40.636591,4.517995,0.253277,0.585968,17.720913085840298,True,0.38982760225496543,False,30842b15eefb0ef7e36cbdea86a9efddfacf69a871c8b054165faa9af9f6c8eb
3268,30.520036,7.072256,0.499862,0.318682,15.823742305034404,True,0.3480933229338458,False,30842b15eefb0ef7e36cbdea86a9efddfacf69a871c8b054165faa9af9f6c8eb
3269,35.488992,4.263334,0.200849,0.834093,26.365551745404627,True,0.5799938055817702,False,30842b15eefb0ef7e36cbdea86a9efddfacf69a871c8b054165faa9af9f6c8eb
3270,39.73391,8.306065,1.019475,0.706817,11.790716929386177,True,0.25937415793333485,False,30842b15eefb0ef7e36cbdea86a9efddfacf69a871c8b054165faa9af9f6c8eb
3271,34.257197,13.709728,0.071583,0.504615,0.0,False,0.0,True,30842b15eefb0ef7e36cbdea86a9efddfacf69a871c8b054165faa9af9f6c8eb
3272,33.234864,3.55155,1.070152,0.179951,29.308882413874016,True,0.6447416846315093,False,30842b15eefb0ef7e36cbdea86a9efddfacf69a871c8b054165faa9af9f6c8eb
3273,29.634244,11.566246,0.639438,0.938788,3.2948562587387253,True,0.07248079762578316,True,30842b15eefb0ef7e36cbdea86a9efddfacf69a871c8b054165faa9af9f6c8eb
3274,31.312626,4.584514,1.372603,0.682296,25.071803091488768,True,0.5515337068705138,False,30842b15eefb0ef7e36cbdea86a9efddfacf69a871c8b054165faa9af9f6c8eb
3275,39.244918,6.376601,0.675303,0.615204,18.26604114684144,True,0.4018194202788219,False,30842b15eefb0ef7e36cbdea86a9efddfacf69a871c8b054165faa9af9f6c8eb
3276,33.805986,2.732165,0.640318,0.183818,32.82329481434631,True,0.7220523148893783,False,30842b15eefb0ef7e36cbdea86a9efddfacf69a871c8b054165faa9af9f6c8eb
3277,38.770506,5.736737,0.094833,0.263238,20.613361454483872,True,0.4534561639849799,False,30842b15eefb0ef7e36cbdea86a9efddfacf69a871c8b054165faa9af9f6c8eb
3278,29.700958,9.840998,1.272028,0.23996,7.360463258790847,True,0.16191669863517907,True,30842b15eefb0ef7e36cbdea86a9efddfacf69a871c8b054165faa9af9f6c8eb
3279,34.813726,5.696528,0.65698,0.291599,20.764001120793115,True,0.45676996049407415,False,30842b15eefb0ef7e36cbdea86a9efddfacf69a871c8b054165faa9af9f6c8eb
3280,30.80505,5.294541,0.49147,0.780032,22.28994347007154,True,0.4903378948503365,False,30842b15eefb0ef7e36cbdea86a9efddfacf69a871c8b054165faa9af9f6c8eb
3281,34.555388,12.736376,0.389354,0.304523,1.232674052139676,True,0.027116569432953465,True,30842b15eefb0ef7e36cbdea86a9efddfacf69a871c8b054165faa9af9f6c8eb
3282,30.80614,9.088771,0.313571,0.313407,9.445103745253432,True,0.2077749678149243,False,30842b15eefb0ef7e36cbdea86a9efddfacf69a871c8b054165faa9af9f6c8eb
3283,40.362076,13.414663,0.310797,0.993723,0.0,False,0.0,True,30842b15eefb0ef7e36cbdea86a9efddfacf69a871c8b054165faa9af9f6c8eb
3284,39.546004,1.907481,1.016834,0.743925,24.866909339685506,True,0.5470264199380864,False,30842b15eefb0ef7e36cbdea86a9efddfacf69a871c8b054165faa9af9f6c8eb
3285,35.177826,8.636267,0.158413,0.74859,10.780084918950998,True,0.2371421063747241,False,30842b15eefb0ef7e36cbdea86a9efddfacf69a871c8b054165faa9af9f6c8eb
3286,39.496434,3.005042,0.712579,0.935978,25.490848837206812,True,0.5607519450897925,False,30842b15eefb0ef7e36cbdea86a9efddfacf69a871c8b054165faa9af9f6c8eb
3287,29.63147,11.881854,0.613996,0.476438,2.675194071208507,True,0.05884936545279944,True,30842b15eefb0ef7e36cbdea86a9efddfacf69a871c8b054165faa9af9f6c8eb
3288,34.824215,9.679836,0.682526,0.920384,7.792410193127718,True,0.17141873935386368,True,30842b15eefb0ef7e36cbdea86a9efddfacf69a871c8b054165faa9af9f6c8eb
3289,28.555243,8.202138,1.178556,0.21715,12.114995761590583,True,0.26650769778017785,False,30842b15eefb0ef7e36cbdea86a9efddfacf69a871c8b054165faa9af9f6c8eb
3290,38.997373,10.318113,0.630788,0.642637,6.130941026365599,True,0.13486946345808837,True,30842b15eefb0ef7e36cbdea86a9efddfacf69a871c8b054165faa9af9f6c8eb
3291,40.592513,7.82985,1.376032,0.157884,13.300410298586188,True,0.2925846445151866,False,30842b15eefb0ef7e36cbdea86a9efddfacf69a871c8b054165faa9af9f6c8eb
3292,30.934981,6.386607,1.050768,0.705103,18.230090643375178,True,0.4010285751063285,False,30842b15eefb0ef7e36cbdea86a9efddfacf69a871c8b054165faa9af9f6c8eb
3293,41.997155,9.417274,0.542751,0.53965,0.0,False,0.0,True,30842b15eefb0ef7e36cbdea86a9efddfacf69a871c8b054165faa9af9f6c8eb
3294,39.114668,5.64861,0.820148,0.256102,20.943998743495857,True,0.4607295782253902,False,30842b15eefb0ef7e36cbdea86a9efddfacf69a871c8b054165faa9af9f6c8eb
3295,30.422303,0.650719,1.135499,0.682384,42.32610137939656,True,0.9310966389601446,False,30842b15eefb0ef7e36cbdea86a9efddfacf69a871c8b054165faa9af9f6c8eb
3296,34.197591,7.820597,0.998817,0.327541,13.33034024144823,True,0.2932430483911619,False,30842b15eefb0ef7e36cbdea86a9efddfacf69a871c8b054165faa9af9f6c8eb
3297,29.342003,11.014618,0.05185,0.624918,4.47632200784538,True,0.09847087826607621,True,30842b15eefb0ef7e36cbdea86a9efddfacf69a871c8b054165faa9af9f6c8eb
3298,32.724567,7.481956,0.476863,0.695577,14.441003961342277,True,0.3176756141816817,False,30842b15eefb0ef7e36cbdea86a9efddfacf69a871c8b054165faa9af9f6c8eb
3299,32.773549,12.289893,0.174131,0.336154,1.940690957932737,True,0.042691643437567095,True,30842b15eefb0ef7e36cbdea86a9efddfacf69a871c8b054165faa9af9f6c8eb
3300,33.549926,11.150787,1.332902,0.512249,4.173580851692599,True,0.09181112780991972,True,30842b15eefb0ef7e36cbdea86a9efddfacf69a871c8b054165faa9af9f6c8eb
3301,35.934498,9.747357,0.550905,0.412747,7.610441371411074,True,0.16741575885780552,True,30842b15eefb0ef7e36cbdea86a9efddfacf69a871c8b054165faa9af9f6c8eb
3302,29.829322,9.047342,0.487954,0.320116,9.564867634816059,True,0.21040955383646698,False,30842b15eefb0ef7e36cbdea86a9efddfacf69a871c8b054165faa9af9f6c8eb
3303,39.590722,12.541408,1.454915,0.843845,0.0,False,0.0,True,30842b15eefb0ef7e36cbdea86a9efddfacf69a871c8b054165faa9af9f6c8eb
3304,40.987796,13.624122,0.822179,0.561277,0.0,False,0.0,True,30842b15eefb0ef7e36cbdea86a9efddfacf69a871c8b054165faa9af9f6c8eb
3305,33.574767,8.122331,0.57975,0.63704,12.365997181005556,True,0.27202926887638257,False,30842b15eefb0ef7e36cbdea86a9efddfacf69a871c8b054165faa9af9f6c8eb
3306,33.653388,12.036497,0.096928,0.902209,2.387639797153703,True,0.052523698562501275,True,30842b15eefb0ef7e36cbdea86a9efddfacf69a871c8b054165faa9af9f6c8eb
3307,31.173518,3.083703,0.123619,0.413055,31.299288837107774,True,0.6885269771682738,False,30842b15eefb0ef7e36cbdea86a9efddfacf69a871c8b054165faa9af9f6c8eb
3308,40.64659,1.098387,1.395578,0.546775,16.49794961007886,True,0.36292464770109323,False,30842b15eefb0ef7e36cbdea86a9efddfacf69a871c8b054165faa9af9f6c8eb
3309,37.073198,3.47603,1.237393,0.850236,29.627216934352127,True,0.6517444605173706,False,30842b15eefb0ef7e36cbdea86a9efddfacf69a871c8b054165faa9af9f6c8eb
3310,38.594962,9.111251,0.653777,0.279798,9.380328885905083,True,0.20635003965327411,False,30842b15eefb0ef7e36cbdea86a9efddfacf69a871c8b054165faa9af9f6c8eb
3311,38.72652,1.320486,0.482278,0.349396,30.276711052188983,True,0.6660321404697853,False,30842b15eefb0ef7e36cbdea86a9efddfacf69a871c8b054165faa9af9f6c8eb
3312,33.843755,8.184685,0.549073,0.843144,12.169740613721432,True,0.2677119841698574,False,30842b15eefb0ef7e36cbdea86a9efddfacf69a871c8b054165faa9af9f6c8eb
3313,32.906082,10.975502,1.389185,0.796043,4.56458614656058,True,0.10041252751370665,True,30842b15eefb0ef7e36cbdea86a9efddfacf69a871c8b054165faa9af9f6c8eb
3314,38.424851,0.645544,0.186432,0.170102,32.15735634938183,True,0.7074028894456132,False,30842b15eefb0ef7e36cbdea86a9efddfacf69a871c8b054165faa9af9f6c8eb
3315,28.45402,11.31092,0.56189,0.363348,3.826723111795082,True,0.08418089338504307,True,30842b15eefb0ef7e36cbdea86a9efddfacf69a871c8b054165faa9af9f6c8eb
3316,29.10126,6.192159,0.140453,0.059715,18.9329329309685,True,0.4164898169965574,False,30842b15eefb0ef7e36cbdea86a9efddfacf69a871c8b054165faa9af9f6c8eb
3317,39.410676,3.66586,1.290552,0.860352,25.458184998876508,True,0.5600334005252395,False,30842b15eefb0ef7e36cbdea86a9efddfacf69a871c8b054165faa9af9f6c8eb
3318,31.503165,3.52072,1.219221,0.375975,29.438699621692024,True,0.6475974252251226,False,30842b15eefb0ef7e36cbdea86a9efddfacf69a871c8b054165faa9af9f6c8eb
3319,39.832161,1.212357,0.820578,0.856347,23.152314500695343,True,0.5093084766422442,False,30842b15eefb0ef7e36cbdea86a9efddfacf69a871c8b054165faa9af9f6c8eb
3320,32.524774,2.676748,1.497348,0.558989,33.06573755416342,True,0.7273856107240351,False,30842b15eefb0ef7e36cbdea86a9efddfacf69a871c8b054165faa9af9f6c8eb
3321,36.455124,2.61188,0.954937,0.368205,33.35028177042821,True,0.7336450618609324,False,30842b15eefb0ef7e36cbdea86a9efddfacf69a871c8b054165faa9af9f6c8eb
3322,28.802518,8.21083,0.429157,0.681254,12.087762257353843,True,0.2659086106109004,False,30842b15eefb0ef7e36cbdea86a9efddfacf69a871c8b054165faa9af9f6c8eb
3323,30.016537,4.48969,0.529134,0.609652,25.45150485218543,True,0.559886449543951,False,30842b15eefb0ef7e36cbdea86a9efddfacf69a871c8b054165faa9af9f6c8eb
3324,39.945551,4.790948,0.428577,0.913111,22.755711059162024,True,0.5005839279742335,False,30842b15eefb0ef7e36cbdea86a9efddfacf69a871c8b054165faa9af9f6c8eb
3325,30.519644,4.444864,0.632785,0.085943,25.631661830057922,True,0.5638495727968746,False,30842b15eefb0ef7e36cbdea86a9efddfacf69a871c8b054165faa9af9f6c8eb
3326,30.508599,12.568228,1.166117,0.611938,1.4867305065084462,True,0.03270534569771102,True,30842b15eefb0ef7e36cbdea86a9efddfacf69a871c8b054165faa9af9f6c8eb
3327,35.493215,8.750078,1.341258,0.4903,10.438803724233999,True,0.2296345457210046,False,30842b15eefb0ef7e36cbdea86a9efddfacf69a871c8b054165faa9af9f6c8eb
3328,40.521226,3.518754,0.75817,0.98419,18.135523828972968,True,0.39894827854752646,False,30842b15eefb0ef7e36cbdea86a9efddfacf69a871c8b054165faa9af9f6c8eb
3329,39.051944,11.401501,0.251377,0.149083,3.6350072918902816,True,0.07996349679685315,True,30842b15eefb0ef7e36cbdea86a9efddfacf69a871c8b054165faa9af9f6c8eb
3330,34.137016,6.979735,1.410808,0.602043,16.141790802319377,True,0.35508980683379027,False,30842b15eefb0ef7e36cbdea86a9efddfacf69a871c8b054165faa9af9f6c8eb
3331,37.545742,13.741555,0.516279,0.824107,0.0,False,0.0,True,30842b15eefb0ef7e36cbdea86a9efddfacf69a871c8b054165faa9af9f6c8eb
3332,35.185379,2.188897,0.590156,0.092201,35.22549791562848,True,0.7748963794455397,False,30842b15eefb0ef7e36cbdea86a9efddfacf69a871c8b054165faa9af9f6c8eb
3333,29.017816,13.569337,1.230924,0.330784,0.0,False,0.0,True,30842b15eefb0ef7e36cbdea86a9efddfacf69a871c8b054165faa9af9f6c8eb
3334,30.35485,12.522741,1.266829,0.180913,1.5581398041374197,True,0.03427621933941163,True,30842b15eefb0ef7e36cbdea86a9efddfacf69a871c8b054165faa9af9f6c8eb
3335,36.338981,5.536526,1.251996,0.14401,21.36704437379548,True,0.4700358065729529,False,30842b15eefb0ef7e36cbdea86a9efddfacf69a871c8b054165faa9af9f6c8eb
3336,34.767249,2.274536,0.119235,0.597766,34.8430778925971,True,0.7664838399838044,False,30842b15eefb0ef7e36cbdea86a9efddfacf69a871c8b054165faa9af9f6c8eb
3337,30.218579,10.996629,0.464599,0.963864,4.51684231938934,True,0.0993622508389956,True,30842b15eefb0ef7e36cbdea86a9efddfacf69a871c8b054165faa9af9f6c8eb
3338,41.105546,3.708264,0.681027,0.069895,13.339901643184422,True,0.29345338170158225,False,30842b15eefb0ef7e36cbdea86a9efddfacf69a871c8b054165faa9af9f6c8eb
3339,39.922042,12.458606,0.181196,0.111534,0.0,False,0.0,True,30842b15eefb0ef7e36cbdea86a9efddfacf69a871c8b054165faa9af9f6c8eb
3340,39.833727,5.16595,1.267275,0.595478,22.694849258662845,True,0.4992450799339216,False,30842b15eefb0ef7e36cbdea86a9efddfacf69a871c8b054165faa9af9f6c8eb
3341,36.606269,10.52021,1.36628,0.715327,5.633146019710893,True,0.12391888585981803,True,30842b15eefb0ef7e36cbdea86a9efddfacf69a871c8b054165faa9af9f6c8eb
3342,33.136299,9.440458,0.397477,0.290196,8.448960625384291,True,0.1858616452880138,True,30842b15eefb0ef7e36cbdea86a9efddfacf69a871c8b054165faa9af9f6c8eb
3343,33.403422,8.284171,0.075306,0.798926,11.858787766973355,True,0.26087159157411605,False,30842b15eefb0ef7e36cbdea86a9efddfacf69a871c8b054165faa9af9f6c8eb
3344,37.239232,1.208149,1.331979,0.42267,36.248273641987765,True,0.7973955704928566,False,30842b15eefb0ef7e36cbdea86a9efddfacf69a871c8b054165faa9af9f6c8eb
3345,31.779839,4.078479,0.184498,0.862523,27.11994717638216,True,0.596589122120231,False,30842b15eefb0ef7e36cbdea86a9efddfacf69a871c8b054165faa9af9f6c8eb
3346,39.414316,1.488264,0.153025,0.562368,26.572765018801686,True,0.5845521177371591,False,30842b15eefb0ef7e36cbdea86a9efddfacf69a871c8b054165faa9af9f6c8eb
3347,29.742604,7.915348,0.832473,0.814793,13.024920234003611,True,0.28652436811740306,False,30842b15eefb0ef7e36cbdea86a9efddfacf69a871c8b054165faa9af9f6c8eb
3348,34.839799,0.457115,0.953773,0.177806,43.11308493719086,True,0.9484088345486535,False,30842b15eefb0ef7e36cbdea86a9efddfacf69a871c8b054165faa9af9f6c8eb
3349,30.912418,3.262967,0.513743,0.217327,30.531482121317893,True,0.671636636949248,False,30842b15eefb0ef7e36cbdea86a9efddfacf69a871c8b054165faa9af9f6c8eb
3350,32.278145,12.558532,0.162729,0.634326,1.501858316786473,True,0.03303812979181976,True,30842b15eefb0ef7e36cbdea86a9efddfacf69a871c8b054165faa9af9f6c8eb
3351,33.462221,8.177977,1.087312,0.105538,12.190803485728273,True,0.26817532874196026,False,30842b15eefb0ef7e36cbdea86a9efddfacf69a871c8b054165faa9af9f6c8eb
3352,36.057112,4.127336,1.362128,0.772364,26.919871996981236,True,0.5921878349473417,False,30842b15eefb0ef7e36cbdea86a9efddfacf69a871c8b054165faa9af9f6c8eb
3353,38.754785,0.280016,0.000442,0.140527,30.60446576855306,True,0.6732421433962178,False,30842b15eefb0ef7e36cbdea86a9efddfacf69a871c8b054165faa9af9f6c8eb
3354,35.271612,0.801752,0.336802,0.433475,41.609824336816004,True,0.9153398570885283,False,30842b15eefb0ef7e36cbdea86a9efddfacf69a871c8b054165faa9af9f6c8eb
3355,38.557733,5.180527,0.262447,0.515256,22.729265825987873,True,0.5000021813232898,False,30842b15eefb0ef7e36cbdea86a9efddfacf69a871c8b054165faa9af9f6c8eb
3356,37.205881,9.80403,0.636358,0.977465,7.458818117131324,True,0.16408032521645446,True,30842b15eefb0ef7e36cbdea86a9efddfacf69a871c8b054165faa9af9f6c8eb
3357,29.088038,4.727627,0.109315,0.264471,24.5023531988949,True,0.5390068531379265,False,30842b15eefb0ef7e36cbdea86a9efddfacf69a871c8b054165faa9af9f6c8eb
3358,35.293809,3.878918,1.496892,0.528606,27.942281951407725,True,0.6146789796826633,False,30842b15eefb0ef7e36cbdea86a9efddfacf69a871c8b054165faa9af9f6c8eb
3359,39.882082,9.617457,0.149172,0.441549,7.961790289722691,True,0.17514479097465135,True,30842b15eefb0ef7e36cbdea86a9efddfacf69a871c8b054165faa9af9f6c8eb
3360,28.073532,13.395327,0.231935,0.905568,0.0,False,0.0,True,30842b15eefb0ef7e36cbdea86a9efddfacf69a871c8b054165faa9af9f6c8eb
3361,28.054944,3.237833,0.694821,0.206791,30.63875018780397,True,0.6739963377702067,False,30842b15eefb0ef7e36cbdea86a9efddfacf69a871c8b054165faa9af9f6c8eb
3362,40.491815,9.044221,1.289825,0.926425,9.57391025021189,True,0.21060847479842842,False,30842b15eefb0ef7e36cbdea86a9efddfacf69a871c8b054165faa9af9f6c8eb
3363,29.611094,8.958009,0.357908,0.946796,9.824818916545446,True,0.21612800549687514,False,30842b15eefb0ef7e36cbdea86a9efddfacf69a871c8b054165faa9af9f6c8eb
3364,38.354682,1.229357,1.459534,0.138901,31.237499315741033,True,0.6871677209695555,False,30842b15eefb0ef7e36cbdea86a9efddfacf69a871c8b054165faa9af9f6c8eb
3365,34.768437,2.107528,0.560373,0.222994,35.59013716002579,True,0.7829177743727032,False,30842b15eefb0ef7e36cbdea86a9efddfacf69a871c8b054165faa9af9f6c8eb
3366,35.678646,8.725995,1.220443,0.466764,10.510715021091364,True,0.2312164624254746,False,30842b15eefb0ef7e36cbdea86a9efddfacf69a871c8b054165faa9af9f6c8eb
3367,39.959636,5.188945,1.441827,0.359672,21.643235132856603,True,0.476111496964765,False,30842b15eefb0ef7e36cbdea86a9efddfacf69a871c8b054165faa9af9f6c8eb
3368,39.072355,2.191434,0.934535,0.827694,27.87149084973831,True,0.6131217052188082,False,30842b15eefb0ef7e36cbdea86a9efddfacf69a871c8b054165faa9af9f6c8eb
3369,40.244258,11.320691,1.495974,0.350473,0.0,False,0.0,True,30842b15eefb0ef7e36cbdea86a9efddfacf69a871c8b054165faa9af9f6c8eb
3370,36.728895,2.903461,0.248158,0.831711,32.077666743111564,True,0.7056498641931052,False,30842b15eefb0ef7e36cbdea86a9efddfacf69a871c8b054165faa9af9f6c8eb
3371,31.208929,12.663575,1.09553,0.322434,1.34072078488042,True,0.029493399484078905,True,30842b15eefb0ef7e36cbdea86a9efddfacf69a871c8b054165faa9af9f6c8eb
3372,34.942452,0.608711,0.158063,0.100255,42.526048432358905,True,0.935495107586264,False,30842b15eefb0ef7e36cbdea86a9efddfacf69a871c8b054165faa9af9f6c8eb
3373,33.826858,11.656934,0.068616,0.215744,3.11242029452049,True,0.06846754085104655,True,30842b15eefb0ef7e36cbdea86a9efddfacf69a871c8b054165faa9af9f6c8eb
3374,41.214818,13.670728,0.634986,0.296605,0.0,False,0.0,True,30842b15eefb0ef7e36cbdea86a9efddfacf69a871c8b054165faa9af9f6c8eb
3375,36.262326,5.284535,0.022844,0.641149,22.328384392656346,True,0.49118352467804993,False,30842b15eefb0ef7e36cbdea86a9efddfacf69a871c8b054165faa9af9f6c8eb
3376,31.699564,10.554668,0.993242,0.479835,5.549681663164726,True,0.12208282302103893,True,30842b15eefb0ef7e36cbdea86a9efddfacf69a871c8b054165faa9af9f6c8eb
3377,41.956314,2.023421,0.061441,0.526967,0.0,False,0.0,True,30842b15eefb0ef7e36cbdea86a9efddfacf69a871c8b054165faa9af9f6c8eb
3378,29.479212,3.949064,1.364003,0.90699,27.65229725297361,True,0.608299847911427,False,30842b15eefb0ef7e36cbdea86a9efddfacf69a871c8b054165faa9af9f6c8eb
3379,38.35825,3.951842,0.856084,0.543855,27.640833727554906,True,0.6080476713669275,False,30842b15eefb0ef7e36cbdea86a9efddfacf69a871c8b054165faa9af9f6c8eb
3380,32.916759,3.024251,0.803975,0.163633,31.55532848911489,True,0.6941593801455156,False,30842b15eefb0ef7e36cbdea86a9efddfacf69a871c8b054165faa9af9f6c8eb
3381,34.512747,7.038555,1.014777,0.937309,15.939347896939756,True,0.3506364340298389,False,30842b15eefb0ef7e36cbdea86a9efddfacf69a871c8b054165faa9af9f6c8eb
3382,29.494411,2.019352,0.039929,0.423353,35.98669126869504,True,0.7916412378081404,False,30842b15eefb0ef7e36cbdea86a9efddfacf69a871c8b054165faa9af9f6c8eb
3383,41.530675,6.715318,0.279252,0.830721,0.0,False,0.0,True,30842b15eefb0ef7e36cbdea86a9efddfacf69a871c8b054165faa9af9f6c8eb
3384,33.875025,5.982568,0.099312,0.479324,19.700370008320174,True,0.43337202584755663,False,30842b15eefb0ef7e36cbdea86a9efddfacf69a871c8b054165faa9af9f6c8eb
3385,41.222989,12.901442,0.348833,0.800993,0.0,False,0.0,True,30842b15eefb0ef7e36cbdea86a9efddfacf69a871c8b054165faa9af9f6c8eb
3386,40.075984,10.797669,0.552674,0.448881,4.973026628076472,True,0.10939746936190224,True,30842b15eefb0ef7e36cbdea86a9efddfacf69a871c8b054165faa9af9f6c8eb
3387,39.87219,7.501857,1.386477,0.88577,14.374917200855709,True,0.31622182659994236,False,30842b15eefb0ef7e36cbdea86a9efddfacf69a871c8b054165faa9af9f6c8eb
3388,28.058747,5.665141,0.202192,0.735086,20.881843727189377,True,0.45936228180801575,False,30842b15eefb0ef7e36cbdea86a9efddfacf69a871c8b054165faa9af9f6c8eb
3389,38.512632,4.491705,1.244306,0.386936,25.443416461951106,True,0.5597085197862757,False,30842b15eefb0ef7e36cbdea86a9efddfacf69a871c8b054165faa9af9f6c8eb
3390,38.788054,12.665422,0.715521,0.714128,0.0,False,0.0,True,30842b15eefb0ef7e36cbdea86a9efddfacf69a871c8b054165faa9af9f6c8eb
3391,40.862617,3.638262,1.433666,0.380825,14.678955468519556,True,0.3229101111315027,False,30842b15eefb0ef7e36cbdea86a9efddfacf69a871c8b054165faa9af9f6c8eb
3392,30.596312,5.8697,0.078267,0.138189,20.117838236277994,True,0.4425555615679853,False,30842b15eefb0ef7e36cbdea86a9efddfacf69a871c8b054165faa9af9f6c8eb
3393,35.647789,13.892342,0.35768,0.421572,0.0,False,0.0,True,30842b15eefb0ef7e36cbdea86a9efddfacf69a871c8b054165faa9af9f6c8eb
3394,35.460279,7.674399,0.120618,0.929785,13.806199575103484,True,0.3037110813954938,False,30842b15eefb0ef7e36cbdea86a9efddfacf69a871c8b054165faa9af9f6c8eb
3395,41.546756,8.366857,0.547099,0.361773,0.0,False,0.0,True,30842b15eefb0ef7e36cbdea86a9efddfacf69a871c8b054165faa9af9f6c8eb
3396,32.651105,4.697583,0.64307,0.899856,24.62153704023531,True,0.5416286791619135,False,30842b15eefb0ef7e36cbdea86a9efddfacf69a871c8b054165faa9af9f6c8eb
3397,41.659717,7.65173,1.496106,0.383715,0.0,False,0.0,True,30842b15eefb0ef7e36cbdea86a9efddfacf69a871c8b054165faa9af9f6c8eb
3398,37.521868,3.941898,0.346122,0.45972,27.681875345659634,True,0.6089505117285348,False,30842b15eefb0ef7e36cbdea86a9efddfacf69a871c8b054165faa9af9f6c8eb
3399,38.528158,5.943579,0.010851,0.461799,19.84424976764487,True,0.436537116795121,False,30842b15eefb0ef7e36cbdea86a9efddfacf69a871c8b054165faa9af9f6c8eb
3400,41.076982,9.089923,0.323772,0.623667,0.0,False,0.0,True,30842b15eefb0ef7e36cbdea86a9efddfacf69a871c8b054165faa9af9f6c8eb
3401,38.134829,9.830829,0.47229,0.419965,7.387474889649021,True,0.1625109049968621,True,30842b15eefb0ef7e36cbdea86a9efddfacf69a871c8b054165faa9af9f6c8eb
3402,36.256813,9.691947,0.229399,0.918398,7.75966570433514,True,0.17069842062698753,True,30842b15eefb0ef7e36cbdea86a9efddfacf69a871c8b054165faa9af9f6c8eb
3403,34.461807,10.391159,1.215913,0.397173,5.94939874570439,True,0.130875866083323,True,30842b15eefb0ef7e36cbdea86a9efddfacf69a871c8b054165faa9af9f6c8eb
3404,34.530628,6.827589,1.345572,0.266185,16.66937079834175,True,0.3666955995968855,False,30842b15eefb0ef7e36cbdea86a9efddfacf69a871c8b054165faa9af9f6c8eb
3405,29.657971,7.112625,0.740161,0.090356,15.685633022680351,True,0.34505517190130935,False,30842b15eefb0ef7e36cbdea86a9efddfacf69a871c8b054165faa9af9f6c8eb
3406,31.560361,1.334725,0.72577,0.095849,39.115005117300896,True,0.8604584077133105,False,30842b15eefb0ef7e36cbdea86a9efddfacf69a871c8b054165faa9af9f6c8eb
3407,29.433837,1.411486,0.345602,0.347934,38.75994536397596,True,0.8526477440288023,False,30842b15eefb0ef7e36cbdea86a9efddfacf69a871c8b054165faa9af9f6c8eb
3408,33.614738,10.637947,1.380394,0.397104,5.34968595932998,True,0.11768328416491251,True,30842b15eefb0ef7e36cbdea86a9efddfacf69a871c8b054165faa9af9f6c8eb
3409,29.383395,3.555264,0.493322,0.556657,29.293256625050454,True,0.6443979459222833,False,30842b15eefb0ef7e36cbdea86a9efddfacf69a871c8b054165faa9af9f6c8eb
3410,40.000376,4.399455,0.335452,0.514932,22.461016984415565,True,0.4941011985572628,False,30842b15eefb0ef7e36cbdea86a9efddfacf69a871c8b054165faa9af9f6c8eb
3411,39.633084,7.337889,0.412093,0.924337,14.922419746195166,True,0.3282658789263832,False,30842b15eefb0ef7e36cbdea86a9efddfacf69a871c8b054165faa9af9f6c8eb
3412,39.016309,3.34417,1.211806,0.083656,27.920842121286473,True,0.6142073427230756,False,30842b15eefb0ef7e36cbdea86a9efddfacf69a871c8b054165faa9af9f6c8eb
3413,36.0211,4.543927,0.771285,0.908271,25.234091863455156,True,0.5551037623491512,False,30842b15eefb0ef7e36cbdea86a9efddfacf69a871c8b054165faa9af9f6c8eb
3414,36.545061,2.778752,1.117829,0.113826,32.61994290371756,True,0.7175789456363167,False,30842b15eefb0ef7e36cbdea86a9efddfacf69a871c8b054165faa9af9f6c8eb
3415,37.0359,10.192107,1.39717,0.444635,6.448349378548581,True,0.14185186533929056,True,30842b15eefb0ef7e36cbdea86a9efddfacf69a871c8b054165faa9af9f6c8eb
3416,37.55114,3.556262,1.321936,0.317414,29.289058246304407,True,0.6443055892862566,False,30842b15eefb0ef7e36cbdea86a9efddfacf69a871c8b054165faa9af9f6c8eb
3417,29.205046,8.400984,0.409488,0.449129,11.497118779734915,True,0.2529155368594299,False,30842b15eefb0ef7e36cbdea86a9efddfacf69a871c8b054165faa9af9f6c8eb
3418,38.967025,0.993902,0.975478,0.671321,28.44111576086989,True,0.6256524090383846,False,30842b15eefb0ef7e36cbdea86a9efddfacf69a871c8b054165faa9af9f6c8eb
3419,30.429363,7.572286,1.049552,0.176688,14.141851494826279,True,0.3110948083188183,False,30842b15eefb0ef7e36cbdea86a9efddfacf69a871c8b054165faa9af9f6c8eb
3420,31.454672,0.937478,1.137307,0.498937,40.969626781579024,True,0.9012566844710328,False,30842b15eefb0ef7e36cbdea86a9efddfacf69a871c8b054165faa9af9f6c8eb
3421,37.724764,0.311294,1.387201,0.388878,34.23179591359031,True,0.7530367570359007,False,30842b15eefb0ef7e36cbdea86a9efddfacf69a871c8b054165faa9af9f6c8eb
3422,36.20754,3.947699,0.662039,0.471125,27.657930559252986,True,0.6084237703227057,False,30842b15eefb0ef7e36cbdea86a9efddfacf69a871c8b054165faa9af9f6c8eb
3423,32.010438,10.094302,0.134332,0.263809,6.6983748001963175,True,0.1473519662737962,True,30842b15eefb0ef7e36cbdea86a9efddfacf69a871c8b054165faa9af9f6c8eb
3424,32.712767,12.878711,0.672163,0.950815,1.0303808958256866,True,0.02266649083392895,True,30842b15eefb0ef7e36cbdea86a9efddfacf69a871c8b054165faa9af9f6c8eb
3425,33.116655,10.802387,0.860216,0.811566,4.962040523462064,True,0.10915579519989878,True,30842b15eefb0ef7e36cbdea86a9efddfacf69a871c8b054165faa9af9f6c8eb
3426,29.067849,10.669885,1.039977,0.829122,5.27363784699715,True,0.11601036510351204,True,30842b15eefb0ef7e36cbdea86a9efddfacf69a871c8b054165faa9af9f6c8eb
3427,33.791072,6.226018,0.502349,0.680149,18.80991146670755,True,0.41378357030337426,False,30842b15eefb0ef7e36cbdea86a9efddfacf69a871c8b054165faa9af9f6c8eb
3428,34.437293,7.285191,0.838273,0.290726,15.099826289444001,True,0.3321684976596298,False,30842b15eefb0ef7e36cbdea86a9efddfacf69a871c8b054165faa9af9f6c8eb
3429,30.675337,5.526221,1.044016,0.916161,21.406080543145084,True,0.4708945307382971,False,30842b15eefb0ef7e36cbdea86a9efddfacf69a871c8b054165faa9af9f6c8eb
3430,35.254469,3.538418,0.771791,0.548062,29.364154509650145,True,0.6459575694148522,False,30842b15eefb0ef7e36cbdea86a9efddfacf69a871c8b054165faa9af9f6c8eb
3431,37.651591,7.586086,1.05982,0.428581,14.096333111947061,True,0.3100934873388905,False,30842b15eefb0ef7e36cbdea86a9efddfacf69a871c8b054165faa9af9f6c8eb
3432,38.835925,12.471929,0.537879,0.333307,0.0,False,0.0,True,30842b15eefb0ef7e36cbdea86a9efddfacf69a871c8b054165faa9af9f6c8eb
3433,41.969014,0.689471,0.305024,0.56598,0.0,False,0.0,True,30842b15eefb0ef7e36cbdea86a9efddfacf69a871c8b054165faa9af9f6c8eb
3434,29.438385,13.150779,0.206334,0.971371,0.0,False,0.0,True,30842b15eefb0ef7e36cbdea86a9efddfacf69a871c8b054165faa9af9f6c8eb
3435,28.987747,2.702379,0.276066,0.856992,32.95353107770788,True,0.7249172739367454,False,30842b15eefb0ef7e36cbdea86a9efddfacf69a871c8b054165faa9af9f6c8eb
3436,31.332571,11.504572,0.860864,0.779905,3.420889303135017,True,0.07525329356117363,True,30842b15eefb0ef7e36cbdea86a9efddfacf69a871c8b054165faa9af9f6c8eb
3437,35.814164,0.43326,1.116948,0.951236,40.90697818958989,True,0.8998785302934534,False,30842b15eefb0ef7e36cbdea86a9efddfacf69a871c8b054165faa9af9f6c8eb
3438,29.049059,3.918905,0.512536,0.075024,27.776851462104975,True,0.6110398121819611,False,30842b15eefb0ef7e36cbdea86a9efddfacf69a871c8b054165faa9af9f6c8eb
3439,38.334419,3.620481,1.232669,0.604282,29.019324420283308,True,0.6383719395846009,False,30842b15eefb0ef7e36cbdea86a9efddfacf69a871c8b054165faa9af9f6c8eb
3440,38.408615,12.067341,0.301369,0.201547,2.33160139028805,True,0.05129095633997545,True,30842b15eefb0ef7e36cbdea86a9efddfacf69a871c8b054165faa9af9f6c8eb
3441,37.135259,1.878217,1.224287,0.83461,36.624458568338085,True,0.8056709492576666,False,30842b15eefb0ef7e36cbdea86a9efddfacf69a871c8b054165faa9af9f6c8eb
3442,33.772125,6.349581,0.611089,0.320863,18.363239030812775,True,0.40395759554491906,False,30842b15eefb0ef7e36cbdea86a9efddfacf69a871c8b054165faa9af9f6c8eb
3443,28.521743,0.942375,1.365294,0.104544,40.94659032761255,True,0.9007499247137501,False,30842b15eefb0ef7e36cbdea86a9efddfacf69a871c8b054165faa9af9f6c8eb
3444,38.36547,4.736585,0.389472,0.367055,24.466854347819854,True,0.5382259434900795,False,30842b15eefb0ef7e36cbdea86a9efddfacf69a871c8b054165faa9af9f6c8eb
3445,37.753844,5.112791,1.144436,0.873346,22.991618558790623,True,0.5057734605050185,False,30842b15eefb0ef7e36cbdea86a9efddfacf69a871c8b054165faa9af9f6c8eb
3446,32.769013,13.468221,1.286343,0.793487,0.0,False,0.0,True,30842b15eefb0ef7e36cbdea86a9efddfacf69a871c8b054165faa9af9f6c8eb
3447,29.246347,12.10583,1.066663,0.514723,2.26229838915985,True,0.049766417360070044,True,30842b15eefb0ef7e36cbdea86a9efddfacf69a871c8b054165faa9af9f6c8eb
3448,36.159625,3.633346,1.381505,0.08829,28.965388698156783,True,0.6371854525717351,False,30842b15eefb0ef7e36cbdea86a9efddfacf69a871c8b054165faa9af9f6c8eb
3449,34.240505,12.857544,0.785842,0.882404,1.0596944984524355,True,0.023311336354590702,True,30842b15eefb0ef7e36cbdea86a9efddfacf69a871c8b054165faa9af9f6c8eb
3450,28.507183,10.497363,1.452477,0.289051,5.6887146774462565,True,0.12514129446261246,True,30842b15eefb0ef7e36cbdea86a9efddfacf69a871c8b054165faa9af9f6c8eb
3451,35.526543,6.106031,1.208915,0.746021,19.247067979155254,True,0.42340021219039986,False,30842b15eefb0ef7e36cbdea86a9efddfacf69a871c8b054165faa9af9f6c8eb
3452,31.3902,8.911094,0.098831,0.278494,9.962265199408195,True,0.2191515717560007,False,30842b15eefb0ef7e36cbdea86a9efddfacf69a871c8b054165faa9af9f6c8eb
3453,34.242401,1.142971,0.709852,0.29891,40.00666877458832,True,0.8800733735931439,False,30842b15eefb0ef7e36cbdea86a9efddfacf69a871c8b054165faa9af9f6c8eb
3454,37.450398,13.27625,1.101141,0.068368,0.0,False,0.0,True,30842b15eefb0ef7e36cbdea86a9efddfacf69a871c8b054165faa9af9f6c8eb
3455,33.330564,13.221546,1.429975,0.28867,0.0,False,0.0,True,30842b15eefb0ef7e36cbdea86a9efddfacf69a871c8b054165faa9af9f6c8eb
3456,31.335428,12.124335,0.766947,0.426345,2.2292273728793783,True,0.049038915627044086,True,30842b15eefb0ef7e36cbdea86a9efddfacf69a871c8b054165faa9af9f6c8eb
3457,31.24287,0.805622,1.427683,0.151206,41.59152438345046,True,0.9149372916616053,False,30842b15eefb0ef7e36cbdea86a9efddfacf69a871c8b054165faa9af9f6c8eb
3458,36.332036,11.316301,1.117743,0.060157,3.8152426282889644,True,0.08392834379370777,True,30842b15eefb0ef7e36cbdea86a9efddfacf69a871c8b054165faa9af9f6c8eb
3459,38.329604,12.038802,1.051765,0.454797,2.3834366758115992,True,0.05243123759805536,True,30842b15eefb0ef7e36cbdea86a9efddfacf69a871c8b054165faa9af9f6c8eb
3460,30.215212,10.567023,0.047046,0.116701,5.519856608455542,True,0.12142672649214761,True,30842b15eefb0ef7e36cbdea86a9efddfacf69a871c8b054165faa9af9f6c8eb
3461,39.572497,10.050332,0.274395,0.245208,6.811807123561634,True,0.14984726944590215,True,30842b15eefb0ef7e36cbdea86a9efddfacf69a871c8b054165faa9af9f6c8eb
3462,33.192072,9.00256,1.094115,0.720828,9.694888938047713,True,0.21326978415503683,False,30842b15eefb0ef7e36cbdea86a9efddfacf69a871c8b054165faa9af9f6c8eb
3463,30.335065,12.008007,0.834343,0.854996,2.4397940468458543,True,0.05367099644757151,True,30842b15eefb0ef7e36cbdea86a9efddfacf69a871c8b054165faa9af9f6c8eb
3464,29.126716,8.663371,0.136731,0.792612,10.698477390645632,True,0.2353468903533412,False,30842b15eefb0ef7e36cbdea86a9efddfacf69a871c8b054165faa9af9f6c8eb
3465,28.295636,3.010961,0.465208,0.538114,31.61265905108192,True,0.6954205474115182,False,30842b15eefb0ef7e36cbdea86a9efddfacf69a871c8b054165faa9af9f6c8eb
3466,31.846915,1.331068,1.30095,0.350661,39.13194757203219,True,0.8608311106588201,False,30842b15eefb0ef7e36cbdea86a9efddfacf69a871c8b054165faa9af9f6c8eb
3467,31.933335,6.540661,1.424452,0.900534,17.679581173548208,True,0.3889183759533979,False,30842b15eefb0ef7e36cbdea86a9efddfacf69a871c8b054165faa9af9f6c8eb
3468,33.963137,5.492747,0.355253,0.77244,21.533046502414525,True,0.47368754909069544,False,30842b15eefb0ef7e36cbdea86a9efddfacf69a871c8b054165faa9af9f6c8eb
3469,32.193065,7.750695,1.329351,0.389293,13.557169847398985,True,0.29823288390245256,False,30842b15eefb0ef7e36cbdea86a9efddfacf69a871c8b054165faa9af9f6c8eb
3470,40.002678,0.604148,1.325313,0.549202,21.45477849880909,True,0.4719657964907592,False,30842b15eefb0ef7e36cbdea86a9efddfacf69a871c8b054165faa9af9f6c8eb
3471,35.773156,10.947181,0.602921,0.886852,4.62884927334307,True,0.10182619849700614,True,30842b15eefb0ef7e36cbdea86a9efddfacf69a871c8b054165faa9af9f6c8eb
3472,34.148683,13.426616,0.323648,0.691144,0.0,False,0.0,True,30842b15eefb0ef7e36cbdea86a9efddfacf69a871c8b054165faa9af9f6c8eb
3473,37.518114,3.233689,1.320819,0.329066,30.65644818518234,True,0.674385661268906,False,30842b15eefb0ef7e36cbdea86a9efddfacf69a871c8b054165faa9af9f6c8eb
3474,37.707721,8.922973,0.986715,0.32626,9.927403287932595,True,0.21838467361171618,False,30842b15eefb0ef7e36cbdea86a9efddfacf69a871c8b054165faa9af9f6c8eb
3475,33.745323,13.064967,0.03281,0.382653,0.0,False,0.0,True,30842b15eefb0ef7e36cbdea86a9efddfacf69a871c8b054165faa9af9f6c8eb
3476,37.816352,10.980311,0.765598,0.794406,4.553703828163847,True,0.10017313645823314,True,30842b15eefb0ef7e36cbdea86a9efddfacf69a871c8b054165faa9af9f6c8eb
3477,40.9282,8.703192,1.321525,0.64241,10.578955774767454,True,0.232717633908725,False,30842b15eefb0ef7e36cbdea86a9efddfacf69a871c8b054165faa9af9f6c8eb
3478,41.510967,10.338859,1.107262,0.33871,0.0,False,0.0,True,30842b15eefb0ef7e36cbdea86a9efddfacf69a871c8b054165faa9af9f6c8eb
3479,36.008465,6.963332,1.352801,0.183746,16.198397297252832,True,0.3563350459523997,False,30842b15eefb0ef7e36cbdea86a9efddfacf69a871c8b054165faa9af9f6c8eb
3480,35.22346,2.894928,1.198705,0.114004,32.11467440980819,True,0.7064639650186955,False,30842b15eefb0ef7e36cbdea86a9efddfacf69a871c8b054165faa9af9f6c8eb
3481,32.750463,3.757474,0.623458,0.729692,28.446711478398537,True,0.6257755045660541,False,30842b15eefb0ef7e36cbdea86a9efddfacf69a871c8b054165faa9af9f6c8eb
3482,36.182,9.742564,0.233903,0.705799,7.623311175493996,True,0.16769887095495506,True,30842b15eefb0ef7e36cbdea86a9efddfacf69a871c8b054165faa9af9f6c8eb
3483,41.603141,12.899123,1.481073,0.492374,0.0,False,0.0,True,30842b15eefb0ef7e36cbdea86a9efddfacf69a871c8b054165faa9af9f6c8eb
3484,37.406985,13.369526,1.368709,0.818502,0.0,False,0.0,True,30842b15eefb0ef7e36cbdea86a9efddfacf69a871c8b054165faa9af9f6c8eb
3485,30.613148,3.672563,0.96296,0.282526,28.80118036335339,True,0.6335731702295889,False,30842b15eefb0ef7e36cbdea86a9efddfacf69a871c8b054165faa9af9f6c8eb
3486,32.086778,4.088628,0.426186,0.769231,27.07834519658451,True,0.5956739548286237,False,30842b15eefb0ef7e36cbdea86a9efddfacf69a871c8b054165faa9af9f6c8eb
3487,37.714685,10.134603,0.431943,0.417498,6.594966794732655,True,0.14507717971914186,True,30842b15eefb0ef7e36cbdea86a9efddfacf69a871c8b054165faa9af9f6c8eb
3488,30.855993,12.420968,0.311741,0.39257,1.721899707864474,True,0.037878637019933444,True,30842b15eefb0ef7e36cbdea86a9efddfacf69a871c8b054165faa9af9f6c8eb
3489,30.620961,11.057533,1.460408,0.773457,4.380148722700896,True,0.09635524229589508,True,30842b15eefb0ef7e36cbdea86a9efddfacf69a871c8b054165faa9af9f6c8eb
3490,34.054976,7.99636,1.303626,0.943556,12.76566428604473,True,0.2808212125252737,False,30842b15eefb0ef7e36cbdea86a9efddfacf69a871c8b054165faa9af9f6c8eb
3491,41.612543,5.685687,1.392696,0.415648,0.0,False,0.0,True,30842b15eefb0ef7e36cbdea86a9efddfacf69a871c8b054165faa9af9f6c8eb
3492,36.655268,6.075245,0.586379,0.380296,19.35977128041892,True,0.4258794782126986,False,30842b15eefb0ef7e36cbdea86a9efddfacf69a871c8b054165faa9af9f6c8eb
3493,28.723091,5.014787,0.895165,0.321072,23.37297639895342,True,0.5141626338908177,False,30842b15eefb0ef7e36cbdea86a9efddfacf69a871c8b054165faa9af9f6c8eb
3494,29.910722,8.104769,0.685208,0.553325,12.421461460627626,True,0.2732493813520285,False,30842b15eefb0ef7e36cbdea86a9efddfacf69a871c8b054165faa9af9f6c8eb
3495,29.928141,6.232312,0.631232,0.650663,18.78707266605476,True,0.4132811585566584,False,30842b15eefb0ef7e36cbdea86a9efddfacf69a871c8b054165faa9af9f6c8eb
3496,29.120666,8.722747,1.174423,0.328291,10.520426063634266,True,0.23143008755932398,False,30842b15eefb0ef7e36cbdea86a9efddfacf69a871c8b054165faa9af9f6c8eb
3497,29.788951,13.151697,0.455792,0.964115,0.0,False,0.0,True,30842b15eefb0ef7e36cbdea86a9efddfacf69a871c8b054165faa9af9f6c8eb
3498,31.52787,8.788464,0.234269,0.623214,10.32452472202424,True,0.22712061716643614,False,30842b15eefb0ef7e36cbdea86a9efddfacf69a871c8b054165faa9af9f6c8eb
3499,39.249391,13.355986,1.371991,0.162317,0.0,False,0.0,True,30842b15eefb0ef7e36cbdea86a9efddfacf69a871c8b054165faa9af9f6c8eb
3500,39.956134,13.774497,1.087845,0.590162,0.0,False,0.0,True,30842b15eefb0ef7e36cbdea86a9efddfacf69a871c8b054165faa9af9f6c8eb
3501,38.090309,4.774893,1.334651,0.449618,24.31524072867501,True,0.5348907218040334,False,30842b15eefb0ef7e36cbdea86a9efddfacf69a871c8b054165faa9af9f6c8eb
3502,40.586937,8.280271,0.266856,0.763586,11.870926993115102,True,0.261138632295841,False,30842b15eefb0ef7e36cbdea86a9efddfacf69a871c8b054165faa9af9f6c8eb
3503,37.873379,12.487775,0.526539,0.399024,0.0,False,0.0,True,30842b15eefb0ef7e36cbdea86a9efddfacf69a871c8b054165faa9af9f6c8eb
3504,29.936175,1.779069,1.006472,0.963402,37.074721166254314,True,0.8155759009991785,False,30842b15eefb0ef7e36cbdea86a9efddfacf69a871c8b054165faa9af9f6c8eb
3505,40.00614,5.644278,0.775745,0.199576,20.960296838885803,True,0.46108810644661724,False,30842b15eefb0ef7e36cbdea86a9efddfacf69a871c8b054165faa9af9f6c8eb
3506,39.65593,4.265392,0.800422,0.292346,24.36254954650271,True,0.5359314290706372,False,30842b15eefb0ef7e36cbdea86a9efddfacf69a871c8b054165faa9af9f6c8eb
3507,33.835324,1.911111,0.713964,0.753268,36.47548205928716,True,0.8023937391593877,False,30842b15eefb0ef7e36cbdea86a9efddfacf69a871c8b054165faa9af9f6c8eb
3508,34.520553,5.76186,0.006878,0.669122,20.51942598540807,True,0.45138975586598884,False,30842b15eefb0ef7e36cbdea86a9efddfacf69a871c8b054165faa9af9f6c8eb
3509,35.98159,3.808671,0.308164,0.891964,28.233693004052085,True,0.6210894886317601,False,30842b15eefb0ef7e36cbdea86a9efddfacf69a871c8b054165faa9af9f6c8eb
3510,40.018329,10.766995,1.312644,0.994246,5.044649764024526,True,0.11097304705461838,True,30842b15eefb0ef7e36cbdea86a9efddfacf69a871c8b054165faa9af9f6c8eb
3511,37.272951,8.586877,0.556489,0.443538,10.929323943790786,True,0.2404250913391191,False,30842b15eefb0ef7e36cbdea86a9efddfacf69a871c8b054165faa9af9f6c8eb
3512,28.398183,3.339856,0.7366,0.974513,30.204111324746574,True,0.6644350795544619,False,30842b15eefb0ef7e36cbdea86a9efddfacf69a871c8b054165faa9af9f6c8eb
3513,36.044135,10.295154,1.431149,0.874619,6.188376037618462,True,0.1361329284169048,True,30842b15eefb0ef7e36cbdea86a9efddfacf69a871c8b054165faa9af9f6c8eb
3514,35.836206,4.544776,0.179692,0.89436,25.2306935294253,True,0.5550290052302542,False,30842b15eefb0ef7e36cbdea86a9efddfacf69a871c8b054165faa9af9f6c8eb
3515,30.347363,4.057146,0.464174,0.551944,27.20746310022704,True,0.5985143120123274,False,30842b15eefb0ef7e36cbdea86a9efddfacf69a871c8b054165faa9af9f6c8eb
3516,36.213276,8.815981,0.666074,0.31553,10.242862251606807,True,0.22532419251930655,False,30842b15eefb0ef7e36cbdea86a9efddfacf69a871c8b054165faa9af9f6c8eb
3517,30.843483,13.856503,0.435905,0.138393,0.0,False,0.0,True,30842b15eefb0ef7e36cbdea86a9efddfacf69a871c8b054165faa9af9f6c8eb
3518,31.546879,5.970564,1.043139,0.446656,19.744630764893913,True,0.43434568135422,False,30842b15eefb0ef7e36cbdea86a9efddfacf69a871c8b054165faa9af9f6c8eb
3519,31.540997,3.145856,0.087483,0.980104,31.03236136204477,True,0.6826550620431482,False,30842b15eefb0ef7e36cbdea86a9efddfacf69a871c8b054165faa9af9f6c8eb
3520,36.674702,3.454989,1.401149,0.179285,29.716113675524067,True,0.6537000258593747,False,30842b15eefb0ef7e36cbdea86a9efddfacf69a871c8b054165faa9af9f6c8eb
3521,35.715392,6.923974,0.516706,0.990383,16.334490225827558,True,0.35932884089813155,False,30842b15eefb0ef7e36cbdea86a9efddfacf69a871c8b054165faa9af9f6c8eb
3522,28.543393,4.325076,0.716449,0.571376,26.11516647205341,True,0.5744857885694611,False,30842b15eefb0ef7e36cbdea86a9efddfacf69a871c8b054165faa9af9f6c8eb
3523,28.008078,11.282699,0.922014,0.651084,3.8871211658341744,True,0.08550953985336408,True,30842b15eefb0ef7e36cbdea86a9efddfacf69a871c8b054165faa9af9f6c8eb
3524,39.445645,13.769933,1.105778,0.407809,0.0,False,0.0,True,30842b15eefb0ef7e36cbdea86a9efddfacf69a871c8b054165faa9af9f6c8eb
3525,41.174503,3.500388,0.10489,0.22997,13.30473639523578,True,0.29267981071096133,False,30842b15eefb0ef7e36cbdea86a9efddfacf69a871c8b054165faa9af9f6c8eb
3526,31.142432,6.1255,0.331849,0.895614,19.175907953098733,True,0.4218348220663334,False,30842b15eefb0ef7e36cbdea86a9efddfacf69a871c8b054165faa9af9f6c8eb
3527,40.406759,8.689586,0.889824,0.547426,10.619743452816591,True,0.23361488805462718,False,30842b15eefb0ef7e36cbdea86a9efddfacf69a871c8b054165faa9af9f6c8eb
3528,34.982731,6.66763,1.326324,0.1472,17.230108534863906,True,0.37903080186685045,False,30842b15eefb0ef7e36cbdea86a9efddfacf69a871c8b054165faa9af9f6c8eb
3529,28.65816,7.339075,0.061596,0.822315,14.91843515284196,True,0.3281782251770918,False,30842b15eefb0ef7e36cbdea86a9efddfacf69a871c8b054165faa9af9f6c8eb
3530,37.805827,9.529587,1.152753,0.623381,8.202437434433772,True,0.18043858700862564,True,30842b15eefb0ef7e36cbdea86a9efddfacf69a871c8b054165faa9af9f6c8eb
3531,31.103396,5.457841,0.759856,0.965562,21.66571030085775,True,0.47660590945974896,False,30842b15eefb0ef7e36cbdea86a9efddfacf69a871c8b054165faa9af9f6c8eb
3532,29.905657,6.178406,0.182095,0.833557,18.98297863289275,True,0.4175907306960826,False,30842b15eefb0ef7e36cbdea86a9efddfacf69a871c8b054165faa9af9f6c8eb
3533,40.542337,10.092031,0.222659,0.752092,6.70421788646812,True,0.14748050346034366,True,30842b15eefb0ef7e36cbdea86a9efddfacf69a871c8b054165faa9af9f6c8eb
3534,35.568527,11.049567,0.878212,0.527593,4.397948006237286,True,0.09674679390439495,True,30842b15eefb0ef7e36cbdea86a9efddfacf69a871c8b054165faa9af9f6c8eb
3535,39.48449,12.781167,0.012553,0.287684,0.0,False,0.0,True,30842b15eefb0ef7e36cbdea86a9efddfacf69a871c8b054165faa9af9f6c8eb
3536,41.924089,8.452165,0.561368,0.582407,0.0,False,0.0,True,30842b15eefb0ef7e36cbdea86a9efddfacf69a871c8b054165faa9af9f6c8eb
3537,32.726597,5.83566,1.178716,0.724755,20.244314659164097,True,0.4453378110173588,False,30842b15eefb0ef7e36cbdea86a9efddfacf69a871c8b054165faa9af9f6c8eb
3538,38.843447,6.96982,0.287555,0.580648,16.17599941530516,True,0.3558423336089129,False,30842b15eefb0ef7e36cbdea86a9efddfacf69a871c8b054165faa9af9f6c8eb
3539,38.084262,4.570197,0.063421,0.354308,25.129010349482435,True,0.5527921616751408,False,30842b15eefb0ef7e36cbdea86a9efddfacf69a871c8b054165faa9af9f6c8eb
3540,33.378199,1.260768,0.088202,0.938929,39.45811421600361,True,0.8680061789038376,False,30842b15eefb0ef7e36cbdea86a9efddfacf69a871c8b054165faa9af9f6c8eb
3541,36.533249,12.27836,0.274991,0.099285,1.960356115728066,True,0.04312424085927919,True,30842b15eefb0ef7e36cbdea86a9efddfacf69a871c8b054165faa9af9f6c8eb
3542,39.72219,9.064895,0.774668,0.094591,9.514063619706747,True,0.2092919586369954,False,30842b15eefb0ef7e36cbdea86a9efddfacf69a871c8b054165faa9af9f6c8eb
3543,34.566197,6.5272,0.861252,0.234041,17.727459177709115,True,0.389971604275911,False,30842b15eefb0ef7e36cbdea86a9efddfacf69a871c8b054165faa9af9f6c8eb
3544,41.303271,4.682701,1.271688,0.477083,10.923305388929604,True,0.2402926941652709,False,30842b15eefb0ef7e36cbdea86a9efddfacf69a871c8b054165faa9af9f6c8eb
3545,34.518266,1.296065,1.037543,0.954089,39.2942360628598,True,0.8644011599529198,False,30842b15eefb0ef7e36cbdea86a9efddfacf69a871c8b054165faa9af9f6c8eb
3546,30.734938,1.003745,1.229884,0.56268,40.658260253417225,True,0.8944071916425423,False,30842b15eefb0ef7e36cbdea86a9efddfacf69a871c8b054165faa9af9f6c8eb
3547,40.856092,2.130831,0.928489,0.184589,15.23900362835496,True,0.33523014397847767,False,30842b15eefb0ef7e36cbdea86a9efddfacf69a871c8b054165faa9af9f6c8eb
3548,34.403384,0.299826,0.244083,0.130405,44.00586679532972,True,0.9680483987973544,False,30842b15eefb0ef7e36cbdea86a9efddfacf69a871c8b054165faa9af9f6c8eb
3549,31.617657,7.048837,0.863709,0.23332,15.90404750067688,True,0.3498598900240561,False,30842b15eefb0ef7e36cbdea86a9efddfacf69a871c8b054165faa9af9f6c8eb
3550,37.912711,9.128773,1.470784,0.528034,9.329943370070364,True,0.20524165067065883,False,30842b15eefb0ef7e36cbdea86a9efddfacf69a871c8b054165faa9af9f6c8eb
3551,35.323389,10.06597,0.448829,0.535392,6.771392006235566,True,0.14895821095293643,True,30842b15eefb0ef7e36cbdea86a9efddfacf69a871c8b054165faa9af9f6c8eb
3552,36.420422,9.558461,0.690948,0.570705,8.123097671563235,True,0.1786932576695854,True,30842b15eefb0ef7e36cbdea86a9efddfacf69a871c8b054165faa9af9f6c8eb
3553,36.189629,9.230364,1.106048,0.720093,9.039602015818636,True,0.1988546731252496,True,30842b15eefb0ef7e36cbdea86a9efddfacf69a871c8b054165faa9af9f6c8eb
3554,33.503836,1.243939,1.46003,0.122872,39.53632849078954,True,0.8697267495682395,False,30842b15eefb0ef7e36cbdea86a9efddfacf69a871c8b054165faa9af9f6c8eb
3555,41.845946,0.455977,0.945544,0.47757,0.0,False,0.0,True,30842b15eefb0ef7e36cbdea86a9efddfacf69a871c8b054165faa9af9f6c8eb
3556,29.24428,7.159653,0.440587,0.186741,15.52525189913444,True,0.34152708119085856,False,30842b15eefb0ef7e36cbdea86a9efddfacf69a871c8b054165faa9af9f6c8eb
3557,37.325721,10.847956,1.160836,0.130239,4.856348693901517,True,0.10683076870177492,True,30842b15eefb0ef7e36cbdea86a9efddfacf69a871c8b054165faa9af9f6c8eb
3558,36.441359,9.283607,1.489535,0.740897,8.888662869799939,True,0.19553428861154773,True,30842b15eefb0ef7e36cbdea86a9efddfacf69a871c8b054165faa9af9f6c8eb
3559,29.931863,7.099836,0.007025,0.980892,15.729342706537066,True,0.346016704818414,False,30842b15eefb0ef7e36cbdea86a9efddfacf69a871c8b054165faa9af9f6c8eb
3560,29.275988,6.473812,0.368631,0.288391,17.917773782724677,True,0.3941581767052176,False,30842b15eefb0ef7e36cbdea86a9efddfacf69a871c8b054165faa9af9f6c8eb
3561,39.282456,11.779958,1.397861,0.579622,0.0,False,0.0,True,30842b15eefb0ef7e36cbdea86a9efddfacf69a871c8b054165faa9af9f6c8eb
3562,41.67959,4.816448,1.398979,0.431869,0.0,False,0.0,True,30842b15eefb0ef7e36cbdea86a9efddfacf69a871c8b054165faa9af9f6c8eb
3563,39.565872,7.029525,0.253137,0.075461,15.970371407864844,True,0.35131889439849345,False,30842b15eefb0ef7e36cbdea86a9efddfacf69a871c8b054165faa9af9f6c8eb
3564,29.302805,7.455619,1.405967,0.941531,14.528618434076657,True,0.31960297196868914,False,30842b15eefb0ef7e36cbdea86a9efddfacf69a871c8b054165faa9af9f6c8eb
3565,39.489068,12.561182,0.362671,0.798405,0.0,False,0.0,True,30842b15eefb0ef7e36cbdea86a9efddfacf69a871c8b054165faa9af9f6c8eb
3566,30.592702,3.801311,0.144083,0.882277,28.26428334610297,True,0.621762420079259,False,30842b15eefb0ef7e36cbdea86a9efddfacf69a871c8b054165faa9af9f6c8eb
3567,31.421329,6.868241,0.594799,0.653089,16.527853079717016,True,0.3635824692146732,False,30842b15eefb0ef7e36cbdea86a9efddfacf69a871c8b054165faa9af9f6c8eb
3568,32.555498,9.628099,1.229368,0.493109,7.932807830805133,True,0.1745072300085456,True,30842b15eefb0ef7e36cbdea86a9efddfacf69a871c8b054165faa9af9f6c8eb
3569,35.726461,5.905616,1.458443,0.93663,19.98467825840863,True,0.4396262861611432,False,30842b15eefb0ef7e36cbdea86a9efddfacf69a871c8b054165faa9af9f6c8eb
3570,40.576882,10.357743,0.880801,0.46995,0.0,False,0.0,True,30842b15eefb0ef7e36cbdea86a9efddfacf69a871c8b054165faa9af9f6c8eb
3571,38.225604,4.201258,0.993371,0.516392,26.618093097484604,True,0.5855492523736303,False,30842b15eefb0ef7e36cbdea86a9efddfacf69a871c8b054165faa9af9f6c8eb
3572,34.815966,6.660852,0.357321,0.299295,17.254005172750112,True,0.3795564840934948,False,30842b15eefb0ef7e36cbdea86a9efddfacf69a871c8b054165faa9af9f6c8eb
3573,39.583192,3.053071,0.519203,0.28779,25.12253681027217,True,0.5526497556796812,False,30842b15eefb0ef7e36cbdea86a9efddfacf69a871c8b054165faa9af9f6c8eb
3574,28.376142,5.979097,0.334787,0.868517,19.713164763186132,True,0.43365348699951173,False,30842b15eefb0ef7e36cbdea86a9efddfacf69a871c8b054165faa9af9f6c8eb
3575,29.348893,12.669288,0.052249,0.067585,1.3321329335058711,True,0.029304482496921094,True,30842b15eefb0ef7e36cbdea86a9efddfacf69a871c8b054165faa9af9f6c8eb
3576,39.466952,5.557468,0.432369,0.227947,21.28778760668448,True,0.4682923029884763,False,30842b15eefb0ef7e36cbdea86a9efddfacf69a871c8b054165faa9af9f6c8eb
3577,34.009856,0.978695,1.025553,0.286104,40.77586875381306,True,0.896994363053633,False,30842b15eefb0ef7e36cbdea86a9efddfacf69a871c8b054165faa9af9f6c8eb
3578,33.575321,5.701018,1.349225,0.823986,20.747161581753783,True,0.4563995215051246,False,30842b15eefb0ef7e36cbdea86a9efddfacf69a871c8b054165faa9af9f6c8eb
3579,38.506895,2.920015,1.278941,0.846784,30.64452716824263,True,0.6741234207496088,False,30842b15eefb0ef7e36cbdea86a9efddfacf69a871c8b054165faa9af9f6c8eb
3580,29.108947,4.135256,1.375112,0.267695,26.887485203302287,True,0.5914753848572457,False,30842b15eefb0ef7e36cbdea86a9efddfacf69a871c8b054165faa9af9f6c8eb
3581,32.786187,11.387446,0.517123,0.735312,3.664539177668877,True,0.08061314414670309,True,30842b15eefb0ef7e36cbdea86a9efddfacf69a871c8b054165faa9af9f6c8eb
3582,40.161422,12.517135,0.862213,0.396019,0.0,False,0.0,True,30842b15eefb0ef7e36cbdea86a9efddfacf69a871c8b054165faa9af9f6c8eb
3583,35.574137,4.067023,1.049275,0.61469,27.16693227805224,True,0.5976227082247973,False,30842b15eefb0ef7e36cbdea86a9efddfacf69a871c8b054165faa9af9f6c8eb
3584,32.763204,3.909761,0.255984,0.883177,27.81465228381026,True,0.6118713609637456,False,30842b15eefb0ef7e36cbdea86a9efddfacf69a871c8b054165faa9af9f6c8eb
3585,35.375212,10.474753,0.331328,0.444936,5.7438856174972415,True,0.1263549540054389,True,30842b15eefb0ef7e36cbdea86a9efddfacf69a871c8b054165faa9af9f6c8eb
3586,34.794887,9.836904,0.07129,0.858311,7.371334070246702,True,0.16215583655904756,True,30842b15eefb0ef7e36cbdea86a9efddfacf69a871c8b054165faa9af9f6c8eb
3587,28.892636,11.686176,0.313102,0.160129,3.0543368898211236,True,0.06718981242502932,True,30842b15eefb0ef7e36cbdea86a9efddfacf69a871c8b054165faa9af9f6c8eb
3588,41.399493,2.298097,0.996748,0.077282,10.340386784544934,True,0.22746955346386663,False,30842b15eefb0ef7e36cbdea86a9efddfacf69a871c8b054165faa9af9f6c8eb
3589,34.712667,12.091381,0.977521,0.629047,2.288233395643849,True,0.050336939959168096,True,30842b15eefb0ef7e36cbdea86a9efddfacf69a871c8b054165faa9af9f6c8eb
3590,38.990326,1.345918,0.69898,0.783322,28.583746971520753,True,0.6287900342039398,False,30842b15eefb0ef7e36cbdea86a9efddfacf69a871c8b054165faa9af9f6c8eb
3591,33.814822,12.121408,0.987595,0.365077,2.2344475162092006,True,0.04915374921083485,True,30842b15eefb0ef7e36cbdea86a9efddfacf69a871c8b054165faa9af9f6c8eb
3592,36.512641,11.726128,0.957955,0.328721,2.9755720878889775,True,0.06545713117262647,True,30842b15eefb0ef7e36cbdea86a9efddfacf69a871c8b054165faa9af9f6c8eb
3593,35.156764,5.784803,0.387645,0.26,20.433766614007627,True,0.44950540672427425,False,30842b15eefb0ef7e36cbdea86a9efddfacf69a871c8b054165faa9af9f6c8eb
3594,32.688065,11.343621,0.746018,0.217714,3.757132512839967,True,0.08265002778016428,True,30842b15eefb0ef7e36cbdea86a9efddfacf69a871c8b054165faa9af9f6c8eb
3595,41.867955,6.630036,1.206116,0.873653,0.0,False,0.0,True,30842b15eefb0ef7e36cbdea86a9efddfacf69a871c8b054165faa9af9f6c8eb
3596,38.822856,0.924347,0.318712,0.372132,29.911119672378156,True,0.6579898003089605,False,30842b15eefb0ef7e36cbdea86a9efddfacf69a871c8b054165faa9af9f6c8eb
3597,33.722487,12.056259,0.637848,0.255398,2.351684455892885,True,0.0517327469673962,True,30842b15eefb0ef7e36cbdea86a9efddfacf69a871c8b054165faa9af9f6c8eb
3598,37.59612,9.821203,0.848402,0.475284,7.413074534345544,True,0.1630740502514144,True,30842b15eefb0ef7e36cbdea86a9efddfacf69a871c8b054165faa9af9f6c8eb
3599,33.128305,7.105567,0.648536,0.44591,15.709750532471208,True,0.34558571290495793,False,30842b15eefb0ef7e36cbdea86a9efddfacf69a871c8b054165faa9af9f6c8eb
3600,35.932133,4.942591,0.275378,0.510916,23.655243581529625,True,0.5203719944607802,False,30842b15eefb0ef7e36cbdea86a9efddfacf69a871c8b054165faa9af9f6c8eb
3601,40.292753,3.811055,0.05394,0.569112,20.60110365067608,True,0.45318651477197625,False,30842b15eefb0ef7e36cbdea86a9efddfacf69a871c8b054165faa9af9f6c8eb
3602,32.256255,4.520892,1.181657,0.498693,25.326353390153816,True,0.5571333468044837,False,30842b15eefb0ef7e36cbdea86a9efddfacf69a871c8b054165faa9af9f6c8eb
3603,39.224339,10.369356,0.821325,0.955911,6.003395498514273,True,0.13206369565934242,True,30842b15eefb0ef7e36cbdea86a9efddfacf69a871c8b054165faa9af9f6c8eb
3604,32.102723,6.859263,1.073989,0.345641,16.55907267548226,True,0.36426924309035225,False,30842b15eefb0ef7e36cbdea86a9efddfacf69a871c8b054165faa9af9f6c8eb
3605,32.612116,6.901121,0.300965,0.85943,16.413685810181963,True,0.3610709985741221,False,30842b15eefb0ef7e36cbdea86a9efddfacf69a871c8b054165faa9af9f6c8eb
3606,33.251144,6.58135,0.822915,0.283955,17.535121471643105,True,0.38574052733220404,False,30842b15eefb0ef7e36cbdea86a9efddfacf69a871c8b054165faa9af9f6c8eb
3607,41.592207,0.997018,0.050107,0.540494,9.408083819551042,True,0.20696059731368016,False,30842b15eefb0ef7e36cbdea86a9efddfacf69a871c8b054165faa9af9f6c8eb
3608,35.95308,4.660672,1.350415,0.496044,24.768225766827737,True,0.5448555622400236,False,30842b15eefb0ef7e36cbdea86a9efddfacf69a871c8b054165faa9af9f6c8eb
3609,38.857638,0.403533,0.162116,0.659921,29.873870025994183,True,0.657170376373841,False,30842b15eefb0ef7e36cbdea86a9efddfacf69a871c8b054165faa9af9f6c8eb
3610,38.187367,10.207685,1.460315,0.940082,6.40881980955371,True,0.14098228728624113,True,30842b15eefb0ef7e36cbdea86a9efddfacf69a871c8b054165faa9af9f6c8eb
3611,39.563838,5.594461,0.195415,0.711736,21.14802458748485,True,0.46521777277693543,False,30842b15eefb0ef7e36cbdea86a9efddfacf69a871c8b054165faa9af9f6c8eb
3612,28.89997,13.018915,0.783333,0.453854,0.0,False,0.0,True,30842b15eefb0ef7e36cbdea86a9efddfacf69a871c8b054165faa9af9f6c8eb
3613,28.680852,3.177707,1.289336,0.379337,30.895867004561545,True,0.6796524363973211,False,30842b15eefb0ef7e36cbdea86a9efddfacf69a871c8b054165faa9af9f6c8eb
3614,38.739616,12.788918,0.962298,0.821752,0.0,False,0.0,True,30842b15eefb0ef7e36cbdea86a9efddfacf69a871c8b054165faa9af9f6c8eb
3615,41.250098,6.166308,0.145727,0.202374,12.56303649039825,True,0.2763637724743887,False,30842b15eefb0ef7e36cbdea86a9efddfacf69a871c8b054165faa9af9f6c8eb
3616,39.614249,8.949623,0.172713,0.321803,9.849340533327963,True,0.2166674361135391,False,30842b15eefb0ef7e36cbdea86a9efddfacf69a871c8b054165faa9af9f6c8eb
3617,34.689987,0.215321,0.55903,0.649051,43.75791760142119,True,0.9625939710670108,False,30842b15eefb0ef7e36cbdea86a9efddfacf69a871c8b054165faa9af9f6c8eb
3618,32.387684,6.608094,1.246021,0.592089,17.440386636770835,True,0.3836565346310726,False,30842b15eefb0ef7e36cbdea86a9efddfacf69a871c8b054165faa9af9f6c8eb
3619,28.416796,12.030682,0.219928,0.469858,2.398254295804816,True,0.052757198074533086,True,30842b15eefb0ef7e36cbdea86a9efddfacf69a871c8b054165faa9af9f6c8eb
3620,32.005456,3.384571,0.157431,0.747761,30.014269672738298,True,0.6602589112243074,False,30842b15eefb0ef7e36cbdea86a9efddfacf69a871c8b054165faa9af9f6c8eb
3621,30.780818,2.41703,0.388794,0.136429,34.20986439145662,True,0.7525543037533997,False,30842b15eefb0ef7e36cbdea86a9efddfacf69a871c8b054165faa9af9f6c8eb
3622,36.643799,0.542255,0.721869,0.393188,38.942253213268295,True,0.8566581825100269,False,30842b15eefb0ef7e36cbdea86a9efddfacf69a871c8b054165faa9af9f6c8eb
3623,39.348077,3.703097,1.171845,0.557926,25.968784601120127,True,0.5712656557533302,False,30842b15eefb0ef7e36cbdea86a9efddfacf69a871c8b054165faa9af9f6c8eb
3624,31.035103,13.210927,0.481889,0.715394,0.0,False,0.0,True,30842b15eefb0ef7e36cbdea86a9efddfacf69a871c8b054165faa9af9f6c8eb
3625,41.730864,13.697872,0.365525,0.866112,0.0,False,0.0,True,30842b15eefb0ef7e36cbdea86a9efddfacf69a871c8b054165faa9af9f6c8eb
3626,32.036858,3.364775,1.412774,0.222234,30.09826619325005,True,0.6621066806947767,False,30842b15eefb0ef7e36cbdea86a9efddfacf69a871c8b054165faa9af9f6c8eb
3627,37.674198,10.779702,1.060483,0.677505,5.014937776449221,True,0.11031943779539995,True,30842b15eefb0ef7e36cbdea86a9efddfacf69a871c8b054165faa9af9f6c8eb
3628,37.001891,12.042345,1.348459,0.25242,2.3769809014821655,True,0.05228922239740787,True,30842b15eefb0ef7e36cbdea86a9efddfacf69a871c8b054165faa9af9f6c8eb
3629,38.350175,4.657311,1.445519,0.343653,24.78159720467312,True,0.5451497093603621,False,30842b15eefb0ef7e36cbdea86a9efddfacf69a871c8b054165faa9af9f6c8eb
3630,28.644048,9.986524,0.902997,0.304008,6.977542023963402,True,0.15349313343274215,True,30842b15eefb0ef7e36cbdea86a9efddfacf69a871c8b054165faa9af9f6c8eb
3631,36.190697,2.500586,1.252344,0.224452,33.840363533158296,True,0.74442596223263,False,30842b15eefb0ef7e36cbdea86a9efddfacf69a871c8b054165faa9af9f6c8eb
3632,35.08966,12.538179,1.393193,0.999753,1.5337788688764376,True,0.033740323421663165,True,30842b15eefb0ef7e36cbdea86a9efddfacf69a871c8b054165faa9af9f6c8eb
3633,41.553239,0.325304,0.948864,0.591248,8.882144811055813,True,0.1953909032679556,True,30842b15eefb0ef7e36cbdea86a9efddfacf69a871c8b054165faa9af9f6c8eb
3634,29.763987,8.067229,0.169409,0.358802,12.540297316188022,True,0.275863552326776,False,30842b15eefb0ef7e36cbdea86a9efddfacf69a871c8b054165faa9af9f6c8eb
3635,28.633587,4.384112,0.216383,0.436803,25.87650092762428,True,0.5692355841090586,False,30842b15eefb0ef7e36cbdea86a9efddfacf69a871c8b054165faa9af9f6c8eb
3636,30.981775,4.452948,0.913092,0.336499,25.599140703935134,True,0.5631341676392698,False,30842b15eefb0ef7e36cbdea86a9efddfacf69a871c8b054165faa9af9f6c8eb
3637,32.541759,5.472793,1.450524,0.618443,21.60885045390666,True,0.4753550970611915,False,30842b15eefb0ef7e36cbdea86a9efddfacf69a871c8b054165faa9af9f6c8eb
3638,35.759074,2.004024,0.284485,0.941948,36.05577522762181,True,0.7931609582611582,False,30842b15eefb0ef7e36cbdea86a9efddfacf69a871c8b054165faa9af9f6c8eb
3639,34.085118,11.135186,1.481211,0.267528,4.2079066908088025,True,0.09256623334501493,True,30842b15eefb0ef7e36cbdea86a9efddfacf69a871c8b054165faa9af9f6c8eb
3640,29.875649,3.390613,0.742505,0.389901,29.98864841749207,True,0.6596952905772776,False,30842b15eefb0ef7e36cbdea86a9efddfacf69a871c8b054165faa9af9f6c8eb
3641,29.401943,13.59533,0.444008,0.59038,0.0,False,0.0,True,30842b15eefb0ef7e36cbdea86a9efddfacf69a871c8b054165faa9af9f6c8eb
3642,40.360339,10.27119,0.380653,0.854155,6.2485152961569765,True,0.13745588185863197,True,30842b15eefb0ef7e36cbdea86a9efddfacf69a871c8b054165faa9af9f6c8eb
3643,33.488903,2.319429,0.445826,0.244203,34.643165276062334,True,0.7620861288959635,False,30842b15eefb0ef7e36cbdea86a9efddfacf69a871c8b054165faa9af9f6c8eb
3644,37.533083,6.08648,1.39244,0.276871,19.318616079721647,True,0.42497413924227284,False,30842b15eefb0ef7e36cbdea86a9efddfacf69a871c8b054165faa9af9f6c8eb
3645,33.081839,3.690002,1.28138,0.300616,28.728260282664998,True,0.6319690621301193,False,30842b15eefb0ef7e36cbdea86a9efddfacf69a871c8b054165faa9af9f6c8eb
3646,29.64504,9.91716,1.009768,0.742088,7.159208270466889,True,0.15748945782878587,True,30842b15eefb0ef7e36cbdea86a9efddfacf69a871c8b054165faa9af9f6c8eb
3647,38.228857,13.554757,0.355564,0.059573,0.0,False,0.0,True,30842b15eefb0ef7e36cbdea86a9efddfacf69a871c8b054165faa9af9f6c8eb
3648,39.804629,1.612614,0.680258,0.144878,23.481392826858993,True,0.5165475965578515,False,30842b15eefb0ef7e36cbdea86a9efddfacf69a871c8b054165faa9af9f6c8eb
3649,30.938628,4.576419,1.470431,0.790487,25.104143407678247,True,0.5522451345410432,False,30842b15eefb0ef7e36cbdea86a9efddfacf69a871c8b054165faa9af9f6c8eb
3650,39.020988,9.208043,1.194601,0.438695,9.103131655503622,True,0.20025220873701832,False,30842b15eefb0ef7e36cbdea86a9efddfacf69a871c8b054165faa9af9f6c8eb
3651,38.527274,6.511831,1.225319,0.189672,17.782176290036844,True,0.39117528044077393,False,30842b15eefb0ef7e36cbdea86a9efddfacf69a871c8b054165faa9af9f6c8eb
3652,29.168505,4.691188,0.274194,0.102297,24.6469307288426,True,0.5421872937600574,False,30842b15eefb0ef7e36cbdea86a9efddfacf69a871c8b054165faa9af9f6c8eb
3653,36.401497,4.39663,0.067885,0.437093,25.825988183249205,True,0.5681243963317884,False,30842b15eefb0ef7e36cbdea86a9efddfacf69a871c8b054165faa9af9f6c8eb
3654,28.062085,6.848776,1.487468,0.676113,16.595564441879638,True,0.3650719950550975,False,30842b15eefb0ef7e36cbdea86a9efddfacf69a871c8b054165faa9af9f6c8eb
3655,28.385015,11.52825,0.168756,0.298574,3.372316050841227,True,0.07418477105425249,True,30842b15eefb0ef7e36cbdea86a9efddfacf69a871c8b054165faa9af9f6c8eb
3656,35.68511,0.598303,0.208316,0.434984,42.12951904258473,True,0.9267721879212043,False,30842b15eefb0ef7e36cbdea86a9efddfacf69a871c8b054165faa9af9f6c8eb
3657,35.911131,4.711044,0.687609,0.451851,24.568113733809653,True,0.5404534643551162,False,30842b15eefb0ef7e36cbdea86a9efddfacf69a871c8b054165faa9af9f6c8eb
3658,37.917402,9.770523,0.713424,0.70957,7.548340050223277,True,0.16604964363460925,True,30842b15eefb0ef7e36cbdea86a9efddfacf69a871c8b054165faa9af9f6c8eb
3659,40.582621,8.191873,0.735148,0.958172,12.14718403884229,True,0.2672157808727911,False,30842b15eefb0ef7e36cbdea86a9efddfacf69a871c8b054165faa9af9f6c8eb
3660,30.645906,13.605916,1.139917,0.15819,0.0,False,0.0,True,30842b15eefb0ef7e36cbdea86a9efddfacf69a871c8b054165faa9af9f6c8eb
3661,38.895466,6.078898,0.413558,0.557535,19.346386684819322,True,0.42558504164588806,False,30842b15eefb0ef7e36cbdea86a9efddfacf69a871c8b054165faa9af9f6c8eb
3662,36.923916,11.671351,0.18046,0.08843,3.083738216488827,True,0.06783658771377807,True,30842b15eefb0ef7e36cbdea86a9efddfacf69a871c8b054165faa9af9f6c8eb
3663,38.422635,12.822198,0.696382,0.867226,0.0,False,0.0,True,30842b15eefb0ef7e36cbdea86a9efddfacf69a871c8b054165faa9af9f6c8eb
3664,37.151589,7.018825,1.283105,0.685223,16.00715839919701,True,0.35212814077060345,False,30842b15eefb0ef7e36cbdea86a9efddfacf69a871c8b054165faa9af9f6c8eb
3665,39.621837,1.927641,1.326015,0.077647,24.06225591368411,True,0.5293255196410804,False,30842b15eefb0ef7e36cbdea86a9efddfacf69a871c8b054165faa9af9f6c8eb
3666,33.24406,4.888857,0.057732,0.24416,23.866061192446043,True,0.5250095954341936,False,30842b15eefb0ef7e36cbdea86a9efddfacf69a871c8b054165faa9af9f6c8eb
3667,37.402129,11.001838,0.933789,0.698839,4.505096504299749,True,0.09910386443922456,True,30842b15eefb0ef7e36cbdea86a9efddfacf69a871c8b054165faa9af9f6c8eb
3668,31.612782,1.410528,0.982482,0.678787,38.76436996096537,True,0.8527450770514841,False,30842b15eefb0ef7e36cbdea86a9efddfacf69a871c8b054165faa9af9f6c8eb
3669,41.915326,1.059378,0.534446,0.232344,0.0,False,0.0,True,30842b15eefb0ef7e36cbdea86a9efddfacf69a871c8b054165faa9af9f6c8eb
3670,28.744335,6.147786,0.016104,0.845895,19.094559593284718,True,0.4200453072766575,False,30842b15eefb0ef7e36cbdea86a9efddfacf69a871c8b054165faa9af9f6c8eb
3671,35.510076,0.284183,0.867809,0.153722,41.87401375976226,True,0.9211515400864295,False,30842b15eefb0ef7e36cbdea86a9efddfacf69a871c8b054165faa9af9f6c8eb
3672,29.424949,12.712987,0.716271,0.268718,1.2670561345164544,True,0.02787291221667728,True,30842b15eefb0ef7e36cbdea86a9efddfacf69a871c8b054165faa9af9f6c8eb
3673,37.824467,7.875916,1.375668,0.563991,13.15173846308825,True,0.28931413667655187,False,30842b15eefb0ef7e36cbdea86a9efddfacf69a871c8b054165faa9af9f6c8eb
3674,38.890655,11.718702,0.680097,0.118608,2.9901603953603213,True,0.06577804719399426,True,30842b15eefb0ef7e36cbdea86a9efddfacf69a871c8b054165faa9af9f6c8eb
3675,38.0112,6.212798,0.100187,0.64722,18.857912487992042,True,0.41483950477709364,False,30842b15eefb0ef7e36cbdea86a9efddfacf69a871c8b054165faa9af9f6c8eb
3676,38.910367,13.438968,1.4349,0.870233,0.0,False,0.0,True,30842b15eefb0ef7e36cbdea86a9efddfacf69a871c8b054165faa9af9f6c8eb
3677,30.326377,12.162843,0.852887,0.377188,2.1609308178986555,True,0.04753651661738565,True,30842b15eefb0ef7e36cbdea86a9efddfacf69a871c8b054165faa9af9f6c8eb
3678,41.154686,4.252051,1.074059,0.992658,12.512049807654984,True,0.2752421589218329,False,30842b15eefb0ef7e36cbdea86a9efddfacf69a871c8b054165faa9af9f6c8eb
3679,30.683468,8.461247,0.256837,0.250761,11.312001466746006,True,0.24884329532713492,False,30842b15eefb0ef7e36cbdea86a9efddfacf69a871c8b054165faa9af9f6c8eb
3680,35.555513,9.637639,1.423768,0.364519,7.906856527272973,True,0.17393634890426343,True,30842b15eefb0ef7e36cbdea86a9efddfacf69a871c8b054165faa9af9f6c8eb
3681,34.249039,10.159175,0.13744,0.528814,6.532181375680623,True,0.14369601559700731,True,30842b15eefb0ef7e36cbdea86a9efddfacf69a871c8b054165faa9af9f6c8eb
3682,29.414976,10.187619,0.822827,0.760528,6.459752817772223,True,0.1421027200976475,True,30842b15eefb0ef7e36cbdea86a9efddfacf69a871c8b054165faa9af9f6c8eb
3683,39.45105,5.12715,0.950986,0.601505,22.935919981470295,True,0.5045481939095209,False,30842b15eefb0ef7e36cbdea86a9efddfacf69a871c8b054165faa9af9f6c8eb
3684,38.762392,3.325689,0.663221,0.973766,29.9000526341526,True,0.6577463457558778,False,30842b15eefb0ef7e36cbdea86a9efddfacf69a871c8b054165faa9af9f6c8eb
3685,33.777662,9.92582,0.11494,0.461484,7.136442552474491,True,0.15698865376662496,True,30842b15eefb0ef7e36cbdea86a9efddfacf69a871c8b054165faa9af9f6c8eb
3686,38.213317,11.715003,0.674573,0.223674,2.997435915020037,True,0.06593809528916673,True,30842b15eefb0ef7e36cbdea86a9efddfacf69a871c8b054165faa9af9f6c8eb
3687,34.364771,10.925257,0.809841,0.872832,4.678802222724019,True,0.10292507181061089,True,30842b15eefb0ef7e36cbdea86a9efddfacf69a871c8b054165faa9af9f6c8eb
3688,37.333666,5.817092,0.62758,0.163867,20.31341578867497,True,0.4468579091917501,False,30842b15eefb0ef7e36cbdea86a9efddfacf69a871c8b054165faa9af9f6c8eb
3689,37.604931,4.401888,0.892151,0.310209,25.804780869001675,True,0.5676578742951791,False,30842b15eefb0ef7e36cbdea86a9efddfacf69a871c8b054165faa9af9f6c8eb
3690,29.950974,6.440548,0.919847,0.689574,18.036693528030508,True,0.39677419310057954,False,30842b15eefb0ef7e36cbdea86a9efddfacf69a871c8b054165faa9af9f6c8eb
3691,33.525251,7.59318,1.493348,0.271225,14.072953067092184,True,0.30957916921192713,False,30842b15eefb0ef7e36cbdea86a9efddfacf69a871c8b054165faa9af9f6c8eb
3692,34.590862,9.271576,1.436653,0.948992,8.922695552747093,True,0.1962829452483321,True,30842b15eefb0ef7e36cbdea86a9efddfacf69a871c8b054165faa9af9f6c8eb
3693,41.735284,10.889981,0.621554,0.566335,0.0,False,0.0,True,30842b15eefb0ef7e36cbdea86a9efddfacf69a871c8b054165faa9af9f6c8eb
3694,29.648275,5.076238,0.173593,0.305306,23.133610751254682,True,0.5088970284418997,False,30842b15eefb0ef7e36cbdea86a9efddfacf69a871c8b054165faa9af9f6c8eb
3695,30.130356,4.881894,0.956571,0.760384,23.89342512414225,True,0.5256115517684823,False,30842b15eefb0ef7e36cbdea86a9efddfacf69a871c8b054165faa9af9f6c8eb
3696,37.049223,7.021824,0.069591,0.717704,15.99684488204339,True,0.35190126229976304,False,30842b15eefb0ef7e36cbdea86a9efddfacf69a871c8b054165faa9af9f6c8eb
3697,36.105968,11.434966,0.155795,0.124864,3.565013219184384,True,0.07842375550909737,True,30842b15eefb0ef7e36cbdea86a9efddfacf69a871c8b054165faa9af9f6c8eb
3698,33.029114,11.936048,0.463604,0.72171,2.5731840148421967,True,0.05660533121559371,True,30842b15eefb0ef7e36cbdea86a9efddfacf69a871c8b054165faa9af9f6c8eb
3699,32.605235,4.488029,0.212869,0.785643,25.458172899078136,True,0.5600331343518565,False,30842b15eefb0ef7e36cbdea86a9efddfacf69a871c8b054165faa9af9f6c8eb
3700,40.309583,11.456496,1.471323,0.273688,0.0,False,0.0,True,30842b15eefb0ef7e36cbdea86a9efddfacf69a871c8b054165faa9af9f6c8eb
3701,38.825286,9.658371,0.559695,0.319406,7.850557874049304,True,0.17269788173893982,True,30842b15eefb0ef7e36cbdea86a9efddfacf69a871c8b054165faa9af9f6c8eb
3702,41.075184,2.842901,1.155195,0.135156,13.132407297779963,True,0.28888888647728617,False,30842b15eefb0ef7e36cbdea86a9efddfacf69a871c8b054165faa9af9f6c8eb
3703,29.322272,2.425174,1.216377,0.400443,34.173791239497774,True,0.7517607605389063,False,30842b15eefb0ef7e36cbdea86a9efddfacf69a871c8b054165faa9af9f6c8eb
3704,39.456824,12.311588,1.39071,0.714619,0.0,False,0.0,True,30842b15eefb0ef7e36cbdea86a9efddfacf69a871c8b054165faa9af9f6c8eb
3705,28.128286,1.50842,1.196,0.988604,38.313119647347634,True,0.8428183973752003,False,30842b15eefb0ef7e36cbdea86a9efddfacf69a871c8b054165faa9af9f6c8eb
3706,36.850941,7.381154,1.003771,0.338327,14.777292512254606,True,0.32507334582411607,False,30842b15eefb0ef7e36cbdea86a9efddfacf69a871c8b054165faa9af9f6c8eb
3707,38.83702,2.026904,0.154825,0.785812,29.996248191728487,True,0.6598624716787204,False,30842b15eefb0ef7e36cbdea86a9efddfacf69a871c8b054165faa9af9f6c8eb
3708,34.626259,4.417554,0.565542,0.693136,25.74162896549549,True,0.5662686481868854,False,30842b15eefb0ef7e36cbdea86a9efddfacf69a871c8b054165faa9af9f6c8eb
3709,32.62796,0.862351,0.845758,0.184845,41.323579846661296,True,0.9090430030429618,False,30842b15eefb0ef7e36cbdea86a9efddfacf69a871c8b054165faa9af9f6c8eb
3710,38.829955,7.728566,0.737228,0.977718,13.62924315116782,True,0.29981836446198695,False,30842b15eefb0ef7e36cbdea86a9efddfacf69a871c8b054165faa9af9f6c8eb
3711,28.366773,5.708768,1.400111,0.278663,20.71810627872703,True,0.455760358102153,False,30842b15eefb0ef7e36cbdea86a9efddfacf69a871c8b054165faa9af9f6c8eb
3712,36.964693,3.642969,0.978819,0.835834,28.925066733030967,True,0.63629844325641,False,30842b15eefb0ef7e36cbdea86a9efddfacf69a871c8b054165faa9af9f6c8eb
3713,29.607967,13.970615,0.283487,0.627488,0.0,False,0.0,True,30842b15eefb0ef7e36cbdea86a9efddfacf69a871c8b054165faa9af9f6c8eb
3714,40.384202,3.888914,1.100251,0.050608,18.85920716439832,True,0.4148679852846561,False,30842b15eefb0ef7e36cbdea86a9efddfacf69a871c8b054165faa9af9f6c8eb
3715,34.653914,8.129227,1.192252,0.082766,12.344240877847456,True,0.2715506700901366,False,30842b15eefb0ef7e36cbdea86a9efddfacf69a871c8b054165faa9af9f6c8eb
3716,41.625976,0.148852,0.177093,0.837845,8.929371681603925,True,0.19642980784463268,True,30842b15eefb0ef7e36cbdea86a9efddfacf69a871c8b054165faa9af9f6c8eb
3717,31.508621,13.993356,0.763451,0.983545,0.0,False,0.0,True,30842b15eefb0ef7e36cbdea86a9efddfacf69a871c8b054165faa9af9f6c8eb
3718,29.32144,13.328475,1.224624,0.513603,0.0,False,0.0,True,30842b15eefb0ef7e36cbdea86a9efddfacf69a871c8b054165faa9af9f6c8eb
3719,35.728465,5.615772,1.105081,0.80491,21.06764905721853,True,0.46344965845393665,False,30842b15eefb0ef7e36cbdea86a9efddfacf69a871c8b054165faa9af9f6c8eb
3720,38.876781,6.102066,0.344708,0.867785,19.261570988972817,True,0.42371925181975045,False,30842b15eefb0ef7e36cbdea86a9efddfacf69a871c8b054165faa9af9f6c8eb
3721,39.310508,4.88399,0.603201,0.778264,23.885186942729383,True,0.5254303268794733,False,30842b15eefb0ef7e36cbdea86a9efddfacf69a871c8b054165faa9af9f6c8eb
3722,32.594924,9.592894,1.260149,0.225354,8.028819599877803,True,0.17661931292123495,True,30842b15eefb0ef7e36cbdea86a9efddfacf69a871c8b054165faa9af9f6c8eb
3723,35.875939,3.570538,1.041843,0.893039,29.229024041205637,True,0.6429849468276219,False,30842b15eefb0ef7e36cbdea86a9efddfacf69a871c8b054165faa9af9f6c8eb
3724,31.879042,1.340397,0.627892,0.223469,39.08873224113782,True,0.8598804526006488,False,30842b15eefb0ef7e36cbdea86a9efddfacf69a871c8b054165faa9af9f6c8eb
3725,39.438704,0.285819,0.645947,0.511061,25.92564503173216,True,0.5703166643094152,False,30842b15eefb0ef7e36cbdea86a9efddfacf69a871c8b054165faa9af9f6c8eb
3726,34.887001,5.448474,1.243568,0.448733,21.701356733978237,True,0.47739006564205116,False,30842b15eefb0ef7e36cbdea86a9efddfacf69a871c8b054165faa9af9f6c8eb
3727,37.314933,13.787857,1.146193,0.088903,0.0,False,0.0,True,30842b15eefb0ef7e36cbdea86a9efddfacf69a871c8b054165faa9af9f6c8eb
3728,32.693973,2.933433,0.427963,0.551322,31.947790798523563,True,0.702792831498227,False,30842b15eefb0ef7e36cbdea86a9efddfacf69a871c8b054165faa9af9f6c8eb
3729,38.276149,8.901819,1.230223,0.326355,9.98951332469092,True,0.21975098056148684,False,30842b15eefb0ef7e36cbdea86a9efddfacf69a871c8b054165faa9af9f6c8eb
3730,39.877435,11.853998,0.787113,0.694168,0.0,False,0.0,True,30842b15eefb0ef7e36cbdea86a9efddfacf69a871c8b054165faa9af9f6c8eb
3731,41.538711,12.633425,0.354404,0.259249,0.0,False,0.0,True,30842b15eefb0ef7e36cbdea86a9efddfacf69a871c8b054165faa9af9f6c8eb
3732,40.339732,6.152207,1.471575,0.98389,18.82769147997786,True,0.41417469800134626,False,30842b15eefb0ef7e36cbdea86a9efddfacf69a871c8b054165faa9af9f6c8eb
3733,38.801031,3.896266,1.404699,0.89049,27.870471210704515,True,0.6130992750292471,False,30842b15eefb0ef7e36cbdea86a9efddfacf69a871c8b054165faa9af9f6c8eb
3734,34.477549,6.250626,0.56875,0.103621,18.720669979761336,True,0.4118204211863173,False,30842b15eefb0ef7e36cbdea86a9efddfacf69a871c8b054165faa9af9f6c8eb
3735,29.054992,7.812478,0.319214,0.41178,13.35662058956339,True,0.2938211678730719,False,30842b15eefb0ef7e36cbdea86a9efddfacf69a871c8b054165faa9af9f6c8eb
3736,34.024671,12.226254,1.379961,0.578906,2.0500223645609763,True,0.04509673395917822,True,30842b15eefb0ef7e36cbdea86a9efddfacf69a871c8b054165faa9af9f6c8eb
3737,40.173407,13.729593,0.477677,0.316756,0.0,False,0.0,True,30842b15eefb0ef7e36cbdea86a9efddfacf69a871c8b054165faa9af9f6c8eb
3738,35.316953,4.096745,0.074883,0.686861,27.04508795614922,True,0.5949423565055743,False,30842b15eefb0ef7e36cbdea86a9efddfacf69a871c8b054165faa9af9f6c8eb
3739,29.305009,3.371647,0.051564,0.764697,30.06909870458112,True,0.6614650494133337,False,30842b15eefb0ef7e36cbdea86a9efddfacf69a871c8b054165faa9af9f6c8eb
3740,39.260312,3.169198,0.314908,0.42523,27.366503186221024,True,0.6020129023549998,False,30842b15eefb0ef7e36cbdea86a9efddfacf69a871c8b054165faa9af9f6c8eb
3741,36.281332,11.788985,1.256398,0.139125,2.853047411548203,True,0.06276181290298524,True,30842b15eefb0ef7e36cbdea86a9efddfacf69a871c8b054165faa9af9f6c8eb
3742,36.109302,8.13774,0.07778,0.453688,12.317400693985771,True,0.27096023524808305,False,30842b15eefb0ef7e36cbdea86a9efddfacf69a871c8b054165faa9af9f6c8eb
3743,34.094666,7.462612,0.559348,0.904247,14.50533781753008,True,0.31909084108223834,False,30842b15eefb0ef7e36cbdea86a9efddfacf69a871c8b054165faa9af9f6c8eb
3744,40.965568,8.092705,1.214875,0.374979,12.4596098765608,True,0.27408857656962354,False,30842b15eefb0ef7e36cbdea86a9efddfacf69a871c8b054165faa9af9f6c8eb
3745,32.22152,1.584057,0.302061,0.351811,37.965665808170534,True,0.8351750498589304,False,30842b15eefb0ef7e36cbdea86a9efddfacf69a871c8b054165faa9af9f6c8eb
3746,36.071159,8.563636,0.000183,0.238896,10.999786281268173,True,0.24197513359343376,False,30842b15eefb0ef7e36cbdea86a9efddfacf69a871c8b054165faa9af9f6c8eb
3747,41.484633,3.333885,1.106538,0.13716,7.031413210689933,True,0.15467820078511313,True,30842b15eefb0ef7e36cbdea86a9efddfacf69a871c8b054165faa9af9f6c8eb
3748,30.492614,2.852833,0.555548,0.813285,32.29744866532574,True,0.7104846635818679,False,30842b15eefb0ef7e36cbdea86a9efddfacf69a871c8b054165faa9af9f6c8eb
3749,41.319583,1.25912,1.212303,0.893381,10.882345977344936,True,0.23939166219640562,False,30842b15eefb0ef7e36cbdea86a9efddfacf69a871c8b054165faa9af9f6c8eb
3750,34.697041,5.828739,0.887847,0.487254,20.270062103099576,True,0.44590420758422544,False,30842b15eefb0ef7e36cbdea86a9efddfacf69a871c8b054165faa9af9f6c8eb
3751,28.941468,6.274459,1.421924,0.85541,18.634374008168265,True,0.409922068007368,False,30842b15eefb0ef7e36cbdea86a9efddfacf69a871c8b054165faa9af9f6c8eb
3752,37.363977,1.950742,1.217348,0.438946,35.88217686539129,True,0.789342112529231,False,30842b15eefb0ef7e36cbdea86a9efddfacf69a871c8b054165faa9af9f6c8eb
3753,29.899155,9.119974,0.452555,0.543047,9.355234092305734,True,0.20579800019737643,False,30842b15eefb0ef7e36cbdea86a9efddfacf69a871c8b054165faa9af9f6c8eb
3754,28.091167,7.110067,0.03547,0.840468,15.694372398984745,True,0.3452474221591512,False,30842b15eefb0ef7e36cbdea86a9efddfacf69a871c8b054165faa9af9f6c8eb
3755,31.52223,5.064715,0.023796,0.84489,23.178432873015772,True,0.509883032953601,False,30842b15eefb0ef7e36cbdea86a9efddfacf69a871c8b054165faa9af9f6c8eb
3756,31.400394,13.928613,0.867156,0.0607,0.0,False,0.0,True,30842b15eefb0ef7e36cbdea86a9efddfacf69a871c8b054165faa9af9f6c8eb
3757,35.842682,2.66396,0.700341,0.4406,33.12176792623489,True,0.728618176195818,False,30842b15eefb0ef7e36cbdea86a9efddfacf69a871c8b054165faa9af9f6c8eb
3758,36.854759,12.229777,0.967884,0.798729,2.043917791454812,True,0.04496244454162741,True,30842b15eefb0ef7e36cbdea86a9efddfacf69a871c8b054165faa9af9f6c8eb
3759,40.22614,2.764409,1.001526,0.682045,20.152381605439395,True,0.443315452365303,False,30842b15eefb0ef7e36cbdea86a9efddfacf69a871c8b054165faa9af9f6c8eb
3760,38.515737,9.716568,0.111208,0.678027,7.693239815521627,True,0.16923717284373888,True,30842b15eefb0ef7e36cbdea86a9efddfacf69a871c8b054165faa9af9f6c8eb
3761,38.065872,0.580805,0.518786,0.6607,33.5727460808809,True,0.7385388688736405,False,30842b15eefb0ef7e36cbdea86a9efddfacf69a871c8b054165faa9af9f6c8eb
3762,30.101523,2.639136,0.696623,0.241636,33.23062402551877,True,0.7310128108271776,False,30842b15eefb0ef7e36cbdea86a9efddfacf69a871c8b054165faa9af9f6c8eb
3763,33.226758,12.442473,1.053442,0.054283,1.6868436527156185,True,0.037107468070737726,True,30842b15eefb0ef7e36cbdea86a9efddfacf69a871c8b054165faa9af9f6c8eb
3764,30.139532,1.165917,1.353879,0.371134,39.89961644004338,True,0.8777184184794147,False,30842b15eefb0ef7e36cbdea86a9efddfacf69a871c8b054165faa9af9f6c8eb
3765,38.868125,7.548815,0.784156,0.158802,14.219381286785667,True,0.3128003216158168,False,30842b15eefb0ef7e36cbdea86a9efddfacf69a871c8b054165faa9af9f6c8eb
3766,34.756439,13.110353,1.077079,0.242057,0.0,False,0.0,True,30842b15eefb0ef7e36cbdea86a9efddfacf69a871c8b054165faa9af9f6c8eb
3767,32.886513,9.545594,1.348594,0.48576,8.158421764952452,True,0.1794703229687066,True,30842b15eefb0ef7e36cbdea86a9efddfacf69a871c8b054165faa9af9f6c8eb
3768,28.731939,0.534785,1.042188,0.687524,42.87867865119822,True,0.943252325965864,False,30842b15eefb0ef7e36cbdea86a9efddfacf69a871c8b054165faa9af9f6c8eb
3769,37.041869,7.346374,0.067151,0.73726,14.893920579585552,True,0.32763894950509015,False,30842b15eefb0ef7e36cbdea86a9efddfacf69a871c8b054165faa9af9f6c8eb
3770,35.972401,5.502711,0.899138,0.053465,21.49522716648347,True,0.472855593029884,False,30842b15eefb0ef7e36cbdea86a9efddfacf69a871c8b054165faa9af9f6c8eb
3771,30.633171,7.244146,0.051966,0.412458,15.238486640141387,True,0.3352187711855118,False,30842b15eefb0ef7e36cbdea86a9efddfacf69a871c8b054165faa9af9f6c8eb
3772,39.404637,11.604746,0.964636,0.59569,3.216983374858002,True,0.07076773693546477,True,30842b15eefb0ef7e36cbdea86a9efddfacf69a871c8b054165faa9af9f6c8eb
3773,33.109313,6.488744,1.301597,0.776213,17.86447679162079,True,0.3929857406039404,False,30842b15eefb0ef7e36cbdea86a9efddfacf69a871c8b054165faa9af9f6c8eb
3774,39.583771,5.81882,1.059037,0.924849,20.306981695324374,True,0.44671637093289196,False,30842b15eefb0ef7e36cbdea86a9efddfacf69a871c8b054165faa9af9f6c8eb
3775,33.48137,6.897543,1.31162,0.975626,16.42609669237147,True,0.3613440152309032,False,30842b15eefb0ef7e36cbdea86a9efddfacf69a871c8b054165faa9af9f6c8eb
3776,31.440858,5.83469,1.310778,0.825567,20.24792258738712,True,0.4454171788242814,False,30842b15eefb0ef7e36cbdea86a9efddfacf69a871c8b054165faa9af9f6c8eb
3777,31.528557,3.461064,1.453277,0.510471,29.690438113711416,True,0.6531352105674374,False,30842b15eefb0ef7e36cbdea86a9efddfacf69a871c8b054165faa9af9f6c8eb
3778,41.684307,4.292673,0.699748,0.928356,0.0,False,0.0,True,30842b15eefb0ef7e36cbdea86a9efddfacf69a871c8b054165faa9af9f6c8eb
3779,28.505414,10.329372,0.475825,0.48162,6.102840435431846,True,0.13425130197100305,True,30842b15eefb0ef7e36cbdea86a9efddfacf69a871c8b054165faa9af9f6c8eb
3780,37.32909,13.099525,0.121539,0.201952,0.0,False,0.0,True,30842b15eefb0ef7e36cbdea86a9efddfacf69a871c8b054165faa9af9f6c8eb
3781,34.974449,9.969373,0.614828,0.78149,7.022316023731562,True,0.15447807934881533,True,30842b15eefb0ef7e36cbdea86a9efddfacf69a871c8b054165faa9af9f6c8eb
3782,34.211586,5.931412,0.152631,0.374323,19.88922062809116,True,0.43752639328523185,False,30842b15eefb0ef7e36cbdea86a9efddfacf69a871c8b054165faa9af9f6c8eb
3783,31.689306,7.515897,0.020119,0.571248,14.328354333080894,True,0.31519752886704083,False,30842b15eefb0ef7e36cbdea86a9efddfacf69a871c8b054165faa9af9f6c8eb
3784,34.389507,2.06412,0.688151,0.513851,35.785173005112824,True,0.7872082054286966,False,30842b15eefb0ef7e36cbdea86a9efddfacf69a871c8b054165faa9af9f6c8eb
3785,36.192849,10.748087,0.278825,0.710659,5.088969320016825,True,0.11194799604070012,True,30842b15eefb0ef7e36cbdea86a9efddfacf69a871c8b054165faa9af9f6c8eb
3786,28.8777,4.928144,0.645359,0.565167,23.71186300938722,True,0.5216175180800123,False,30842b15eefb0ef7e36cbdea86a9efddfacf69a871c8b054165faa9af9f6c8eb
3787,39.571997,10.468093,0.671743,0.514851,5.760170578651827,True,0.12671319329756545,True,30842b15eefb0ef7e36cbdea86a9efddfacf69a871c8b054165faa9af9f6c8eb
3788,38.396909,11.818694,0.544359,0.781172,2.795737207021978,True,0.061501093463361585,True,30842b15eefb0ef7e36cbdea86a9efddfacf69a871c8b054165faa9af9f6c8eb
3789,29.676931,8.875069,0.832819,0.63391,10.068238373474237,True,0.22148278731749016,False,30842b15eefb0ef7e36cbdea86a9efddfacf69a871c8b054165faa9af9f6c8eb
3790,40.696,10.453034,1.231609,0.490948,0.0,False,0.0,True,30842b15eefb0ef7e36cbdea86a9efddfacf69a871c8b054165faa9af9f6c8eb
3791,39.81886,9.64435,0.648876,0.269963,7.888617836885022,True,0.1735351311505413,True,30842b15eefb0ef7e36cbdea86a9efddfacf69a871c8b054165faa9af9f6c8eb
3792,31.818618,5.927876,0.73681,0.799867,19.902296519832,True,0.4378140389330597,False,30842b15eefb0ef7e36cbdea86a9efddfacf69a871c8b054165faa9af9f6c8eb
3793,35.170577,10.770336,0.882487,0.989365,5.03683204344314,True,0.11080107153312135,True,30842b15eefb0ef7e36cbdea86a9efddfacf69a871c8b054165faa9af9f6c8eb
3794,40.619653,11.258248,0.661065,0.75251,0.0,False,0.0,True,30842b15eefb0ef7e36cbdea86a9efddfacf69a871c8b054165faa9af9f6c8eb
3795,30.927721,0.836894,0.43374,0.511736,41.44374790115148,True,0.9116864799520035,False,30842b15eefb0ef7e36cbdea86a9efddfacf69a871c8b054165faa9af9f6c8eb
3796,38.496906,1.39253,1.233394,0.173527,30.741671831858692,True,0.6762604252654526,False,30842b15eefb0ef7e36cbdea86a9efddfacf69a871c8b054165faa9af9f6c8eb
3797,39.652124,3.494225,0.435191,0.381919,24.753010655785353,True,0.5445208576891372,False,30842b15eefb0ef7e36cbdea86a9efddfacf69a871c8b054165faa9af9f6c8eb
3798,40.599717,3.205307,1.275242,0.608134,16.995075428357257,True,0.37386050438182794,False,30842b15eefb0ef7e36cbdea86a9efddfacf69a871c8b054165faa9af9f6c8eb
3799,34.967466,3.02381,0.481704,0.148162,31.557230323738594,True,0.6942012170208308,False,30842b15eefb0ef7e36cbdea86a9efddfacf69a871c8b054165faa9af9f6c8eb
3800,30.376157,8.055918,0.647901,0.885979,12.576177064935047,True,0.27665284102515236,False,30842b15eefb0ef7e36cbdea86a9efddfacf69a871c8b054165faa9af9f6c8eb
3801,35.595195,11.577651,1.213116,0.59937,3.2717229980865974,True,0.07197190829888025,True,30842b15eefb0ef7e36cbdea86a9efddfacf69a871c8b054165faa9af9f6c8eb
3802,35.866583,11.494642,0.975757,0.863676,3.441328603636259,True,0.07570292070327245,True,30842b15eefb0ef7e36cbdea86a9efddfacf69a871c8b054165faa9af9f6c8eb
3803,35.055875,10.80617,0.573536,0.325436,4.95323746650901,True,0.10896214408452454,True,30842b15eefb0ef7e36cbdea86a9efddfacf69a871c8b054165faa9af9f6c8eb
3804,33.995449,5.276508,0.67078,0.948283,22.359238375175885,True,0.49186225573255854,False,30842b15eefb0ef7e36cbdea86a9efddfacf69a871c8b054165faa9af9f6c8eb
3805,35.552197,10.887399,0.597649,0.506935,4.7654798146333235,True,0.1048318199369384,True,30842b15eefb0ef7e36cbdea86a9efddfacf69a871c8b054165faa9af9f6c8eb
3806,31.347683,7.19209,0.314487,0.323788,15.414951548996026,True,0.33910067568827196,False,30842b15eefb0ef7e36cbdea86a9efddfacf69a871c8b054165faa9af9f6c8eb
3807,29.877102,8.583227,0.967659,0.133474,10.940380063237496,True,0.2406683056990834,False,30842b15eefb0ef7e36cbdea86a9efddfacf69a871c8b054165faa9af9f6c8eb
3808,30.90467,6.869562,0.789596,0.719591,16.523261165677184,True,0.3634814555236045,False,30842b15eefb0ef7e36cbdea86a9efddfacf69a871c8b054165faa9af9f6c8eb
3809,34.93508,6.777209,0.514033,0.325778,16.845310778978728,True,0.37056595664114533,False,30842b15eefb0ef7e36cbdea86a9efddfacf69a871c8b054165faa9af9f6c8eb
3810,39.219233,1.182536,1.341883,0.502787,26.589199851300176,True,0.5849136539241103,False,30842b15eefb0ef7e36cbdea86a9efddfacf69a871c8b054165faa9af9f6c8eb
3811,29.948369,12.679061,1.491706,0.251499,1.3174847574458932,True,0.028982249476353295,True,30842b15eefb0ef7e36cbdea86a9efddfacf69a871c8b054165faa9af9f6c8eb
3812,34.730047,4.904956,1.46405,0.278134,23.80283367903165,True,0.5236187060465259,False,30842b15eefb0ef7e36cbdea86a9efddfacf69a871c8b054165faa9af9f6c8eb
3813,33.702989,9.887582,0.786808,0.172779,7.2371459732291585,True,0.15920394441567357,True,30842b15eefb0ef7e36cbdea86a9efddfacf69a871c8b054165faa9af9f6c8eb
3814,30.456847,12.534296,1.243338,0.906268,1.539894135283923,True,0.033874848072240296,True,30842b15eefb0ef7e36cbdea86a9efddfacf69a871c8b054165faa9af9f6c8eb
3815,40.850037,8.91751,1.422231,0.639957,9.943430775274114,True,0.21873724895195124,False,30842b15eefb0ef7e36cbdea86a9efddfacf69a871c8b054165faa9af9f6c8eb
3816,36.484592,2.453854,0.245713,0.940969,34.04685668017509,True,0.7489684329277748,False,30842b15eefb0ef7e36cbdea86a9efddfacf69a871c8b054165faa9af9f6c8eb
3817,39.913061,12.048021,0.742158,0.256522,0.0,False,0.0,True,30842b15eefb0ef7e36cbdea86a9efddfacf69a871c8b054165faa9af9f6c8eb
3818,29.153473,12.774074,0.585395,0.446448,1.177925542192823,True,0.025912202578027278,True,30842b15eefb0ef7e36cbdea86a9efddfacf69a871c8b054165faa9af9f6c8eb
3819,39.950504,7.532618,1.282737,0.759771,14.272965818700055,True,0.31397908308781064,False,30842b15eefb0ef7e36cbdea86a9efddfacf69a871c8b054165faa9af9f6c8eb
3820,35.42948,9.160586,0.150468,0.200653,9.238694793762088,True,0.20323434926699374,False,30842b15eefb0ef7e36cbdea86a9efddfacf69a871c8b054165faa9af9f6c8eb
3821,41.006727,6.014616,0.046134,0.692548,14.837201322880654,True,0.32639122983422164,False,30842b15eefb0ef7e36cbdea86a9efddfacf69a871c8b054165faa9af9f6c8eb
3822,35.558581,1.598373,0.943537,0.178586,37.90002120488982,True,0.8337309889251657,False,30842b15eefb0ef7e36cbdea86a9efddfacf69a871c8b054165faa9af9f6c8eb
3823,38.806928,6.175048,1.063702,0.909569,18.995204724574602,True,0.4178596823004497,False,30842b15eefb0ef7e36cbdea86a9efddfacf69a871c8b054165faa9af9f6c8eb
3824,36.649362,2.635794,0.249407,0.46519,33.2452881715408,True,0.7313353951576347,False,30842b15eefb0ef7e36cbdea86a9efddfacf69a871c8b054165faa9af9f6c8eb
3825,29.774883,9.620619,0.747635,0.818204,7.953175209602486,True,0.17495527500500432,True,30842b15eefb0ef7e36cbdea86a9efddfacf69a871c8b054165faa9af9f6c8eb
3826,40.401726,1.062939,0.264882,0.394034,19.55985637899661,True,0.43028098358929306,False,30842b15eefb0ef7e36cbdea86a9efddfacf69a871c8b054165faa9af9f6c8eb
3827,33.554415,11.740516,0.612064,0.664226,2.9473747650952955,True,0.06483684176194969,True,30842b15eefb0ef7e36cbdea86a9efddfacf69a871c8b054165faa9af9f6c8eb
3828,36.361796,6.876785,1.044993,0.440004,16.49816089425708,True,0.36292929556569203,False,30842b15eefb0ef7e36cbdea86a9efddfacf69a871c8b054165faa9af9f6c8eb
3829,32.624457,2.30599,0.674315,0.324529,34.70297015035959,True,0.7634017264973697,False,30842b15eefb0ef7e36cbdea86a9efddfacf69a871c8b054165faa9af9f6c8eb
3830,31.368548,13.875928,1.138146,0.43739,0.0,False,0.0,True,30842b15eefb0ef7e36cbdea86a9efddfacf69a871c8b054165faa9af9f6c8eb
3831,28.141603,12.184832,0.812326,0.272764,2.1222507482021946,True,0.04668562599161566,True,30842b15eefb0ef7e36cbdea86a9efddfacf69a871c8b054165faa9af9f6c8eb
3832,29.587926,8.135193,0.656051,0.729872,12.325428952783566,True,0.2711368422243865,False,30842b15eefb0ef7e36cbdea86a9efddfacf69a871c8b054165faa9af9f6c8eb
3833,34.836375,8.670185,1.158862,0.413991,10.67799363118821,True,0.2348962851957077,False,30842b15eefb0ef7e36cbdea86a9efddfacf69a871c8b054165faa9af9f6c8eb
3834,36.822922,1.241022,0.41661,0.082962,38.65642688669408,True,0.8503705272966618,False,30842b15eefb0ef7e36cbdea86a9efddfacf69a871c8b054165faa9af9f6c8eb
3835,29.95996,7.939968,0.247336,0.550851,12.945947204143687,True,0.2847871062323085,False,30842b15eefb0ef7e36cbdea86a9efddfacf69a871c8b054165faa9af9f6c8eb
3836,31.32659,5.414699,1.449851,0.205285,21.830050707489363,True,0.48022109714000444,False,30842b15eefb0ef7e36cbdea86a9efddfacf69a871c8b054165faa9af9f6c8eb
3837,32.663823,3.968908,0.59666,0.826255,27.57044498801386,True,0.606499248132294,False,30842b15eefb0ef7e36cbdea86a9efddfacf69a871c8b054165faa9af9f6c8eb
3838,36.248321,13.245527,0.293139,0.094318,0.0,False,0.0,True,30842b15eefb0ef7e36cbdea86a9efddfacf69a871c8b054165faa9af9f6c8eb
3839,36.329223,9.405555,0.383628,0.544749,8.546160422053223,True,0.1879998626299518,True,30842b15eefb0ef7e36cbdea86a9efddfacf69a871c8b054165faa9af9f6c8eb
3840,38.23296,3.604147,0.852503,0.76734,29.087851884434595,True,0.6398794181727135,False,30842b15eefb0ef7e36cbdea86a9efddfacf69a871c8b054165faa9af9f6c8eb
3841,32.882033,1.705501,0.132975,0.961051,37.410000095454734,True,0.8229514228147699,False,30842b15eefb0ef7e36cbdea86a9efddfacf69a871c8b054165faa9af9f6c8eb
3842,28.371018,13.950077,0.29524,0.862038,0.0,False,0.0,True,30842b15eefb0ef7e36cbdea86a9efddfacf69a871c8b054165faa9af9f6c8eb
3843,35.513412,8.768706,1.427997,0.907991,10.383293916351347,True,0.22841343170708744,False,30842b15eefb0ef7e36cbdea86a9efddfacf69a871c8b054165faa9af9f6c8eb
3844,40.945423,1.398885,1.035529,0.347383,14.374828465276252,True,0.3162198745798626,False,30842b15eefb0ef7e36cbdea86a9efddfacf69a871c8b054165faa9af9f6c8eb
3845,41.466001,12.598722,1.165143,0.657365,0.0,False,0.0,True,30842b15eefb0ef7e36cbdea86a9efddfacf69a871c8b054165faa9af9f6c8eb
3846,37.180837,9.855714,1.068818,0.994554,7.3214320061212375,True,0.16105808262778162,True,30842b15eefb0ef7e36cbdea86a9efddfacf69a871c8b054165faa9af9f6c8eb
3847,31.288297,0.255981,1.304237,0.326572,44.1540963333333,True,0.9713091769019243,False,30842b15eefb0ef7e36cbdea86a9efddfacf69a871c8b054165faa9af9f6c8eb
3848,31.621505,6.630498,1.042964,0.720142,17.3611570974073,True,0.3819136300071268,False,30842b15eefb0ef7e36cbdea86a9efddfacf69a871c8b054165faa9af9f6c8eb
3849,40.504533,6.996901,1.158382,0.055978,16.082621983284856,True,0.3537882012821601,False,30842b15eefb0ef7e36cbdea86a9efddfacf69a871c8b054165faa9af9f6c8eb
3850,28.835949,11.751374,0.340325,0.810089,2.92615479824203,True,0.06437004139120875,True,30842b15eefb0ef7e36cbdea86a9efddfacf69a871c8b054165faa9af9f6c8eb
3851,29.381708,6.802804,1.17281,0.351995,16.7558494742229,True,0.3685979719352426,False,30842b15eefb0ef7e36cbdea86a9efddfacf69a871c8b054165faa9af9f6c8eb
3852,32.099936,8.904199,0.92311,0.405974,9.982518986881324,True,0.2195971179515599,False,30842b15eefb0ef7e36cbdea86a9efddfacf69a871c8b054165faa9af9f6c8eb
3853,36.134329,8.852649,0.108481,0.744109,10.134378756453545,True,0.22293775449577008,False,30842b15eefb0ef7e36cbdea86a9efddfacf69a871c8b054165faa9af9f6c8eb
3854,34.11906,13.547592,0.244964,0.497677,0.0,False,0.0,True,30842b15eefb0ef7e36cbdea86a9efddfacf69a871c8b054165faa9af9f6c8eb
3855,41.691689,11.181677,1.485929,0.320689,0.0,False,0.0,True,30842b15eefb0ef7e36cbdea86a9efddfacf69a871c8b054165faa9af9f6c8eb
3856,34.432506,12.478208,1.406493,0.852423,1.6291249705361697,True,0.03583776287155645,True,30842b15eefb0ef7e36cbdea86a9efddfacf69a871c8b054165faa9af9f6c8eb
3857,35.747282,12.701979,1.191273,0.350384,1.2833468042485578,True,0.02823127708704436,True,30842b15eefb0ef7e36cbdea86a9efddfacf69a871c8b054165faa9af9f6c8eb
3858,30.154656,12.000806,1.263987,0.87105,2.4530356786203034,True,0.05396228807230733,True,30842b15eefb0ef7e36cbdea86a9efddfacf69a871c8b054165faa9af9f6c8eb
3859,28.50139,0.634634,0.950619,0.470884,42.402624645017696,True,0.932780010522846,False,30842b15eefb0ef7e36cbdea86a9efddfacf69a871c8b054165faa9af9f6c8eb
3860,38.214881,9.302363,0.497007,0.826377,8.83569339610585,True,0.19436905729288767,True,30842b15eefb0ef7e36cbdea86a9efddfacf69a871c8b054165faa9af9f6c8eb
3861,37.292892,1.070301,1.366762,0.981823,36.00862921842492,True,0.7921238324859746,False,30842b15eefb0ef7e36cbdea86a9efddfacf69a871c8b054165faa9af9f6c8eb
3862,37.120949,6.975793,0.051123,0.881093,16.15538855204279,True,0.3553889324005748,False,30842b15eefb0ef7e36cbdea86a9efddfacf69a871c8b054165faa9af9f6c8eb
3863,33.710726,6.42175,1.145282,0.205912,18.104012784355955,True,0.3982550933313868,False,30842b15eefb0ef7e36cbdea86a9efddfacf69a871c8b054165faa9af9f6c8eb
3864,35.769684,8.47521,0.586802,0.076349,11.269252704969523,True,0.2479029009342517,False,30842b15eefb0ef7e36cbdea86a9efddfacf69a871c8b054165faa9af9f6c8eb
3865,35.871595,12.973085,0.384902,0.17603,0.0,False,0.0,True,30842b15eefb0ef7e36cbdea86a9efddfacf69a871c8b054165faa9af9f6c8eb
3866,40.170558,5.62738,1.339742,0.998394,20.225424868344874,True,0.44492227024773334,False,30842b15eefb0ef7e36cbdea86a9efddfacf69a871c8b054165faa9af9f6c8eb
3867,31.93034,7.167588,0.661668,0.510578,15.498245124459107,True,0.34093298165629576,False,30842b15eefb0ef7e36cbdea86a9efddfacf69a871c8b054165faa9af9f6c8eb
3868,39.708024,3.768159,1.291457,0.185314,23.524187886482117,True,0.5174890094184885,False,30842b15eefb0ef7e36cbdea86a9efddfacf69a871c8b054165faa9af9f6c8eb
3869,41.108019,11.090392,0.348995,0.506091,0.0,False,0.0,True,30842b15eefb0ef7e36cbdea86a9efddfacf69a871c8b054165faa9af9f6c8eb
3870,33.40995,6.400433,0.548505,0.537276,18.180454147352247,True,0.399936663186484,False,30842b15eefb0ef7e36cbdea86a9efddfacf69a871c8b054165faa9af9f6c8eb
3871,40.477273,4.404978,0.422493,0.955693,18.81616261282042,True,0.41392108405837785,False,30842b15eefb0ef7e36cbdea86a9efddfacf69a871c8b054165faa9af9f6c8eb
3872,29.019543,11.700438,0.027386,0.426677,3.026140865764379,True,0.06656955158418434,True,30842b15eefb0ef7e36cbdea86a9efddfacf69a871c8b054165faa9af9f6c8eb
3873,33.704522,6.729693,0.774462,0.571119,17.011812225217927,True,0.3742286832311919,False,30842b15eefb0ef7e36cbdea86a9efddfacf69a871c8b054165faa9af9f6c8eb
3874,34.98807,9.815325,1.327995,0.78775,7.428721156426986,True,0.16341824725412257,True,30842b15eefb0ef7e36cbdea86a9efddfacf69a871c8b054165faa9af9f6c8eb
3875,34.424096,2.983629,0.60812,0.701178,31.73067313323656,True,0.698016640877798,False,30842b15eefb0ef7e36cbdea86a9efddfacf69a871c8b054165faa9af9f6c8eb
3876,35.364674,12.051594,0.050789,0.87066,2.360155636789474,True,0.05191909741791694,True,30842b15eefb0ef7e36cbdea86a9efddfacf69a871c8b054165faa9af9f6c8eb
3877,40.863227,1.285928,0.858851,0.787935,15.248637281409488,True,0.3354420666854517,False,30842b15eefb0ef7e36cbdea86a9efddfacf69a871c8b054165faa9af9f6c8eb
3878,34.218242,1.659387,1.115275,0.744734,37.620672532387786,True,0.8275858302266793,False,30842b15eefb0ef7e36cbdea86a9efddfacf69a871c8b054165faa9af9f6c8eb
3879,32.075547,5.654776,1.317072,0.113316,20.920807959113507,True,0.4602194234818738,False,30842b15eefb0ef7e36cbdea86a9efddfacf69a871c8b054165faa9af9f6c8eb
3880,39.443528,9.379341,1.466511,0.873905,8.619405928414743,True,0.18961112949766626,True,30842b15eefb0ef7e36cbdea86a9efddfacf69a871c8b054165faa9af9f6c8eb
3881,38.099117,4.849349,0.445666,0.502116,24.021462402694144,True,0.5284281371811729,False,30842b15eefb0ef7e36cbdea86a9efddfacf69a871c8b054165faa9af9f6c8eb
3882,41.993138,12.187673,1.323646,0.562528,0.0,False,0.0,True,30842b15eefb0ef7e36cbdea86a9efddfacf69a871c8b054165faa9af9f6c8eb
3883,35.402849,10.137624,1.292234,0.343979,6.587236863732532,True,0.14490713540749844,True,30842b15eefb0ef7e36cbdea86a9efddfacf69a871c8b054165faa9af9f6c8eb
3884,37.826102,11.798292,0.656303,0.481426,2.8350520455833177,True,0.06236594784051296,True,30842b15eefb0ef7e36cbdea86a9efddfacf69a871c8b054165faa9af9f6c8eb
3885,38.811723,11.932442,1.363137,0.099841,2.5799305040399383,True,0.05675374161041112,True,30842b15eefb0ef7e36cbdea86a9efddfacf69a871c8b054165faa9af9f6c8eb
3886,32.99275,12.25738,0.67632,0.726847,1.9962985739322596,True,0.04391490905075549,True,30842b15eefb0ef7e36cbdea86a9efddfacf69a871c8b054165faa9af9f6c8eb
3887,35.217068,0.328231,0.80747,0.906382,42.556007095361345,True,0.9361541432526788,False,30842b15eefb0ef7e36cbdea86a9efddfacf69a871c8b054165faa9af9f6c8eb
3888,37.588397,2.708356,0.713295,0.240869,32.92738346634847,True,0.7243420744201315,False,30842b15eefb0ef7e36cbdea86a9efddfacf69a871c8b054165faa9af9f6c8eb
3889,40.249102,9.660627,0.499155,0.607279,7.844439701250791,True,0.17256329315308802,True,30842b15eefb0ef7e36cbdea86a9efddfacf69a871c8b054165faa9af9f6c8eb
3890,36.507632,3.850874,0.205075,0.872507,28.058498170690243,True,0.6172355234615637,False,30842b15eefb0ef7e36cbdea86a9efddfacf69a871c8b054165faa9af9f6c8eb
3891,41.021608,9.695239,1.325409,0.585193,0.0,False,0.0,True,30842b15eefb0ef7e36cbdea86a9efddfacf69a871c8b054165faa9af9f6c8eb
3892,36.027861,1.764048,1.188165,0.149572,37.14309612996392,True,0.817080024857135,False,30842b15eefb0ef7e36cbdea86a9efddfacf69a871c8b054165faa9af9f6c8eb
3893,29.972298,0.873475,0.150841,0.580695,41.271106282111624,True,0.907888680816388,False,30842b15eefb0ef7e36cbdea86a9efddfacf69a871c8b054165faa9af9f6c8eb
3894,34.805328,9.884258,0.485988,0.957224,7.2459222455948655,True,0.15939700631922715,True,30842b15eefb0ef7e36cbdea86a9efddfacf69a871c8b054165faa9af9f6c8eb
3895,34.801977,13.288966,0.118557,0.352789,0.0,False,0.0,True,30842b15eefb0ef7e36cbdea86a9efddfacf69a871c8b054165faa9af9f6c8eb
3896,40.07252,1.045665,1.185652,0.634123,21.093942488763215,True,0.4640280657473119,False,30842b15eefb0ef7e36cbdea86a9efddfacf69a871c8b054165faa9af9f6c8eb
3897,35.197827,6.845888,0.908444,0.063226,16.605618558910994,True,0.3652931671987754,False,30842b15eefb0ef7e36cbdea86a9efddfacf69a871c8b054165faa9af9f6c8eb
3898,35.296891,6.597742,0.394658,0.229634,17.47703606346871,True,0.3844627548334089,False,30842b15eefb0ef7e36cbdea86a9efddfacf69a871c8b054165faa9af9f6c8eb
3899,30.697177,10.199241,0.133291,0.433377,6.430236617147678,True,0.14145341779243292,True,30842b15eefb0ef7e36cbdea86a9efddfacf69a871c8b054165faa9af9f6c8eb
3900,39.769811,1.054046,0.49607,0.34496,23.90278048946337,True,0.525817352655473,False,30842b15eefb0ef7e36cbdea86a9efddfacf69a871c8b054165faa9af9f6c8eb
3901,38.675519,0.063457,1.275623,0.27034,29.758937885999536,True,0.6546420799853245,False,30842b15eefb0ef7e36cbdea86a9efddfacf69a871c8b054165faa9af9f6c8eb
3902,29.724287,11.462904,0.510957,0.986356,3.506927650314862,True,0.07714597947530405,True,30842b15eefb0ef7e36cbdea86a9efddfacf69a871c8b054165faa9af9f6c8eb
3903,29.030801,8.977468,1.056216,0.658156,9.767997145569534,True,0.2148780306999715,False,30842b15eefb0ef7e36cbdea86a9efddfacf69a871c8b054165faa9af9f6c8eb
3904,28.527092,7.860157,1.379625,0.788398,13.20253582057814,True,0.29043158542060077,False,30842b15eefb0ef7e36cbdea86a9efddfacf69a871c8b054165faa9af9f6c8eb
3905,38.152365,5.789573,0.422777,0.546043,20.415972472798998,True,0.4491139682375583,False,30842b15eefb0ef7e36cbdea86a9efddfacf69a871c8b054165faa9af9f6c8eb
3906,31.826234,1.136111,0.936114,0.600839,40.03869199934068,True,0.8807778258333424,False,30842b15eefb0ef7e36cbdea86a9efddfacf69a871c8b054165faa9af9f6c8eb
3907,41.596308,4.328994,0.780668,0.122048,0.0,False,0.0,True,30842b15eefb0ef7e36cbdea86a9efddfacf69a871c8b054165faa9af9f6c8eb
3908,35.501612,10.290787,1.383878,0.616251,6.1993208651186364,True,0.13637369455806353,True,30842b15eefb0ef7e36cbdea86a9efddfacf69a871c8b054165faa9af9f6c8eb
3909,40.295358,10.504299,0.641587,0.797832,5.671825665604499,True,0.12476976716270212,True,30842b15eefb0ef7e36cbdea86a9efddfacf69a871c8b054165faa9af9f6c8eb
3910,31.861656,2.125479,1.27294,0.160898,35.50958568966285,True,0.7811457896901087,False,30842b15eefb0ef7e36cbdea86a9efddfacf69a871c8b054165faa9af9f6c8eb
3911,40.185094,8.624702,0.915716,0.483776,10.814968887055175,True,0.23790948972440354,False,30842b15eefb0ef7e36cbdea86a9efddfacf69a871c8b054165faa9af9f6c8eb
3912,29.70823,6.96846,0.263869,0.227363,16.180693553248354,True,0.35594559603846065,False,30842b15eefb0ef7e36cbdea86a9efddfacf69a871c8b054165faa9af9f6c8eb
3913,38.986174,1.282633,0.021871,0.387787,29.284759499698517,True,0.6442110247413058,False,30842b15eefb0ef7e36cbdea86a9efddfacf69a871c8b054165faa9af9f6c8eb
3914,35.113055,3.938316,0.468529,0.306817,27.696664215140192,True,0.6092758397464388,False,30842b15eefb0ef7e36cbdea86a9efddfacf69a871c8b054165faa9af9f6c8eb
3915,33.535276,8.610146,0.991421,0.456175,10.858928090428106,True,0.2388765116134506,False,30842b15eefb0ef7e36cbdea86a9efddfacf69a871c8b054165faa9af9f6c8eb
3916,30.986857,13.449405,1.023603,0.494427,0.0,False,0.0,True,30842b15eefb0ef7e36cbdea86a9efddfacf69a871c8b054165faa9af9f6c8eb
3917,38.778443,10.541014,1.071987,0.052969,5.5827047705895945,True,0.12280927084706719,True,30842b15eefb0ef7e36cbdea86a9efddfacf69a871c8b054165faa9af9f6c8eb
3918,41.699648,12.611526,1.490531,0.146671,0.0,False,0.0,True,30842b15eefb0ef7e36cbdea86a9efddfacf69a871c8b054165faa9af9f6c8eb
3919,32.814773,9.907178,0.918981,0.189429,7.185479277419939,True,0.15806737182225353,True,30842b15eefb0ef7e36cbdea86a9efddfacf69a871c8b054165faa9af9f6c8eb
3920,33.870295,10.519041,1.373732,0.906136,5.635984855123118,True,0.12398133503478906,True,30842b15eefb0ef7e36cbdea86a9efddfacf69a871c8b054165faa9af9f6c8eb
3921,40.04206,6.292622,0.10903,0.438249,18.568697612160395,True,0.40847730769188784,False,30842b15eefb0ef7e36cbdea86a9efddfacf69a871c8b054165faa9af9f6c8eb
3922,37.00275,11.783132,0.076182,0.908661,2.8643837884750405,True,0.06301119241374976,True,30842b15eefb0ef7e36cbdea86a9efddfacf69a871c8b054165faa9af9f6c8eb
3923,37.954892,9.715607,1.406817,0.744918,7.695828960669267,True,0.16929412929061638,True,30842b15eefb0ef7e36cbdea86a9efddfacf69a871c8b054165faa9af9f6c8eb
3924,29.443018,3.165045,1.434458,0.785871,30.950104753249544,True,0.6808455674408701,False,30842b15eefb0ef7e36cbdea86a9efddfacf69a871c8b054165faa9af9f6c8eb
3925,38.160341,10.203085,0.758821,0.894909,6.420483994549768,True,0.14123887797359713,True,30842b15eefb0ef7e36cbdea86a9efddfacf69a871c8b054165faa9af9f6c8eb
3926,29.224271,11.122518,1.228399,0.11931,4.235848110647552,True,0.09318089335979952,True,30842b15eefb0ef7e36cbdea86a9efddfacf69a871c8b054165faa9af9f6c8eb
3927,41.780825,0.177645,0.927316,0.982368,0.0,False,0.0,True,30842b15eefb0ef7e36cbdea86a9efddfacf69a871c8b054165faa9af9f6c8eb
3928,39.499872,6.397671,1.460886,0.845155,18.190366352202027,True,0.40015471352231785,False,30842b15eefb0ef7e36cbdea86a9efddfacf69a871c8b054165faa9af9f6c8eb
3929,37.194206,8.545381,0.305773,0.255327,11.055237748645645,True,0.24319496422318565,False,30842b15eefb0ef7e36cbdea86a9efddfacf69a871c8b054165faa9af9f6c8eb
3930,36.060562,10.1054,0.144708,0.868968,6.669845048113204,True,0.14672436402815484,True,30842b15eefb0ef7e36cbdea86a9efddfacf69a871c8b054165faa9af9f6c8eb
3931,40.80794,5.048373,1.173508,0.467993,15.3968189733036,True,0.338701792263324,False,30842b15eefb0ef7e36cbdea86a9efddfacf69a871c8b054165faa9af9f6c8eb
3932,37.453497,3.236489,1.288484,0.320387,30.644489705575463,True,0.674122596639607,False,30842b15eefb0ef7e36cbdea86a9efddfacf69a871c8b054165faa9af9f6c8eb
3933,38.789204,8.115128,0.048708,0.074753,12.388735675124613,True,0.2725294740632363,False,30842b15eefb0ef7e36cbdea86a9efddfacf69a871c8b054165faa9af9f6c8eb
3934,38.167088,10.378865,1.345249,0.683476,5.979825757361053,True,0.13154520456156307,True,30842b15eefb0ef7e36cbdea86a9efddfacf69a871c8b054165faa9af9f6c8eb
3935,39.902706,8.317905,0.443247,0.108091,11.753959531136829,True,0.2585655625547974,False,30842b15eefb0ef7e36cbdea86a9efddfacf69a871c8b054165faa9af9f6c8eb
3936,38.5864,7.402542,0.353606,0.294167,14.705723857430684,True,0.3234989666162571,False,30842b15eefb0ef7e36cbdea86a9efddfacf69a871c8b054165faa9af9f6c8eb
3937,35.00844,11.074252,0.011823,0.447744,4.342870012655514,True,0.09553517901350354,True,30842b15eefb0ef7e36cbdea86a9efddfacf69a871c8b054165faa9af9f6c8eb
3938,31.780119,9.656614,1.255205,0.05322,7.85532388201386,True,0.17280272517720685,True,30842b15eefb0ef7e36cbdea86a9efddfacf69a871c8b054165faa9af9f6c8eb
3939,30.020845,6.496413,0.261207,0.60047,17.837124302916827,True,0.3923840359945041,False,30842b15eefb0ef7e36cbdea86a9efddfacf69a871c8b054165faa9af9f6c8eb
3940,32.264357,5.291581,0.044477,0.14996,22.30131286037757,True,0.4905880005949238,False,30842b15eefb0ef7e36cbdea86a9efddfacf69a871c8b054165faa9af9f6c8eb
3941,31.157013,4.267707,0.244756,0.142389,26.34779151652655,True,0.5796031131041589,False,30842b15eefb0ef7e36cbdea86a9efddfacf69a871c8b054165faa9af9f6c8eb
3942,36.72019,4.060533,1.085097,0.610647,27.193562087104766,True,0.5982085152067045,False,30842b15eefb0ef7e36cbdea86a9efddfacf69a871c8b054165faa9af9f6c8eb
3943,39.498055,3.072229,1.200905,0.420199,24.9921209069669,True,0.549780844882865,False,30842b15eefb0ef7e36cbdea86a9efddfacf69a871c8b054165faa9af9f6c8eb
3944,40.367249,1.113817,0.679244,0.973134,19.410105927576556,True,0.4269867481776695,False,30842b15eefb0ef7e36cbdea86a9efddfacf69a871c8b054165faa9af9f6c8eb
3945,41.850321,5.83107,0.547585,0.3558,0.0,False,0.0,True,30842b15eefb0ef7e36cbdea86a9efddfacf69a871c8b054165faa9af9f6c8eb
3946,34.681894,6.745188,1.026294,0.937818,16.957456020437142,True,0.373032946370753,False,30842b15eefb0ef7e36cbdea86a9efddfacf69a871c8b054165faa9af9f6c8eb
3947,30.478861,7.889978,0.027017,0.614963,13.106466335404733,True,0.28831823285949926,False,30842b15eefb0ef7e36cbdea86a9efddfacf69a871c8b054165faa9af9f6c8eb
3948,33.185465,0.018555,0.638829,0.975681,44.81950433333334,True,0.9859469330889097,False,30842b15eefb0ef7e36cbdea86a9efddfacf69a871c8b054165faa9af9f6c8eb
3949,38.246221,3.510085,1.023048,0.637641,29.483525219004164,True,0.6485835061925758,False,30842b15eefb0ef7e36cbdea86a9efddfacf69a871c8b054165faa9af9f6c8eb
3950,28.954197,2.605224,0.68686,0.88041,33.37952433732958,True,0.734288344725857,False,30842b15eefb0ef7e36cbdea86a9efddfacf69a871c8b054165faa9af9f6c8eb
3951,37.586456,7.447568,0.287116,0.460006,14.555436678810487,True,0.3201929241901483,False,30842b15eefb0ef7e36cbdea86a9efddfacf69a871c8b054165faa9af9f6c8eb
3952,40.643318,4.6314,0.530114,0.801727,17.389826072611715,True,0.38254429490621567,False,30842b15eefb0ef7e36cbdea86a9efddfacf69a871c8b054165faa9af9f6c8eb
3953,40.978497,6.551717,0.91084,0.071291,14.2159402693683,True,0.31272462554064095,False,30842b15eefb0ef7e36cbdea86a9efddfacf69a871c8b054165faa9af9f6c8eb
3954,29.15579,5.478215,0.566485,0.918152,21.58824384249483,True,0.4749017893857709,False,30842b15eefb0ef7e36cbdea86a9efddfacf69a871c8b054165faa9af9f6c8eb
3955,37.685327,9.487943,0.445053,0.850546,8.317318287847153,True,0.18296575518637187,True,30842b15eefb0ef7e36cbdea86a9efddfacf69a871c8b054165faa9af9f6c8eb
3956,38.162242,11.785573,0.20659,0.173396,2.8596541186726143,True,0.06290714834843517,True,30842b15eefb0ef7e36cbdea86a9efddfacf69a871c8b054165faa9af9f6c8eb
3957,32.266765,13.975197,0.174732,0.20373,0.0,False,0.0,True,30842b15eefb0ef7e36cbdea86a9efddfacf69a871c8b054165faa9af9f6c8eb
3958,32.16295,12.590282,0.921181,0.128582,1.4525123142011103,True,0.031952608195074846,True,30842b15eefb0ef7e36cbdea86a9efddfacf69a871c8b054165faa9af9f6c8eb
3959,28.535402,10.371712,1.249911,0.859353,5.997552855323656,True,0.13193516821976883,True,30842b15eefb0ef7e36cbdea86a9efddfacf69a871c8b054165faa9af9f6c8eb
3960,33.580614,7.079249,1.098629,0.135961,15.799789160806982,True,0.3475663976712811,False,30842b15eefb0ef7e36cbdea86a9efddfacf69a871c8b054165faa9af9f6c8eb
3961,30.010497,9.956429,0.284121,0.645653,7.056170482253255,True,0.15522281537495708,True,30842b15eefb0ef7e36cbdea86a9efddfacf69a871c8b054165faa9af9f6c8eb
3962,38.498124,6.092102,1.403403,0.81456,19.298032957260965,True,0.42452134828071797,False,30842b15eefb0ef7e36cbdea86a9efddfacf69a871c8b054165faa9af9f6c8eb
3963,35.537513,11.727886,0.409631,0.53471,2.972121996242729,True,0.06538123548104997,True,30842b15eefb0ef7e36cbdea86a9efddfacf69a871c8b054165faa9af9f6c8eb
3964,37.88102,3.54827,1.025268,0.774587,29.32268455847486,True,0.6450453065109045,False,30842b15eefb0ef7e36cbdea86a9efddfacf69a871c8b054165faa9af9f6c8eb
3965,28.972314,7.868999,1.135145,0.980654,13.174026594022786,True,0.2898044346989431,False,30842b15eefb0ef7e36cbdea86a9efddfacf69a871c8b054165faa9af9f6c8eb
3966,36.300607,13.664757,1.1737,0.206392,0.0,False,0.0,True,30842b15eefb0ef7e36cbdea86a9efddfacf69a871c8b054165faa9af9f6c8eb
3967,36.481131,2.184436,0.12125,0.640938,35.24545656594971,True,0.7753354331647967,False,30842b15eefb0ef7e36cbdea86a9efddfacf69a871c8b054165faa9af9f6c8eb
3968,31.359538,6.255659,1.179688,0.758628,18.70243512004376,True,0.4114192877003211,False,30842b15eefb0ef7e36cbdea86a9efddfacf69a871c8b054165faa9af9f6c8eb
3969,36.704996,0.38447,0.271928,0.449274,39.193636588056876,True,0.8621881559242578,False,30842b15eefb0ef7e36cbdea86a9efddfacf69a871c8b054165faa9af9f6c8eb
3970,32.227066,1.246937,0.771338,0.457253,39.522391239922634,True,0.8694201555986649,False,30842b15eefb0ef7e36cbdea86a9efddfacf69a871c8b054165faa9af9f6c8eb
3971,28.293834,11.980425,1.07441,0.872592,2.490642728136405,True,0.05478957422114917,True,30842b15eefb0ef7e36cbdea86a9efddfacf69a871c8b054165faa9af9f6c8eb
3972,30.065748,7.621955,0.669422,0.778795,13.97825065723489,True,0.3074958898016842,False,30842b15eefb0ef7e36cbdea86a9efddfacf69a871c8b054165faa9af9f6c8eb
3973,41.233084,4.809042,0.990588,0.064516,11.879253952016386,True,0.26132181012684996,False,30842b15eefb0ef7e36cbdea86a9efddfacf69a871c8b054165faa9af9f6c8eb
3974,30.051328,11.333054,0.382638,0.108734,3.779573442449092,True,0.08314368709328894,True,30842b15eefb0ef7e36cbdea86a9efddfacf69a871c8b054165faa9af9f6c8eb
3975,38.820225,6.030244,0.120343,0.37368,19.524907874012392,True,0.42951218054656054,False,30842b15eefb0ef7e36cbdea86a9efddfacf69a871c8b054165faa9af9f6c8eb
3976,41.590438,10.474809,1.004856,0.056773,0.0,False,0.0,True,30842b15eefb0ef7e36cbdea86a9efddfacf69a871c8b054165faa9af9f6c8eb
3977,33.924274,3.314978,1.483818,0.672426,30.309905784171224,True,0.666762363721457,False,30842b15eefb0ef7e36cbdea86a9efddfacf69a871c8b054165faa9af9f6c8eb
3978,41.271931,7.365655,0.567594,0.099642,0.0,False,0.0,True,30842b15eefb0ef7e36cbdea86a9efddfacf69a871c8b054165faa9af9f6c8eb
3979,40.530267,8.033046,0.983488,0.584618,12.648833914184916,True,0.2782511585155253,False,30842b15eefb0ef7e36cbdea86a9efddfacf69a871c8b054165faa9af9f6c8eb
3980,35.848281,6.517639,0.638675,0.333249,17.761491890902516,True,0.3907202615780573,False,30842b15eefb0ef7e36cbdea86a9efddfacf69a871c8b054165faa9af9f6c8eb
3981,37.270244,12.266939,0.339567,0.195649,1.9798953204481924,True,0.04355406754423156,True,30842b15eefb0ef7e36cbdea86a9efddfacf69a871c8b054165faa9af9f6c8eb
3982,29.076224,1.437718,0.483661,0.118817,38.638856287233736,True,0.8499840063186158,False,30842b15eefb0ef7e36cbdea86a9efddfacf69a871c8b054165faa9af9f6c8eb
3983,37.340362,9.650403,1.284101,0.351409,7.872179460095665,True,0.17317351699568836,True,30842b15eefb0ef7e36cbdea86a9efddfacf69a871c8b054165faa9af9f6c8eb
3984,30.18296,10.323238,1.441374,0.883956,6.118144543439652,True,0.1345879642919814,True,30842b15eefb0ef7e36cbdea86a9efddfacf69a871c8b054165faa9af9f6c8eb
3985,28.271629,8.681758,1.388887,0.70365,10.643233706087667,True,0.234131630564715,False,30842b15eefb0ef7e36cbdea86a9efddfacf69a871c8b054165faa9af9f6c8eb
3986,41.90087,0.920568,0.609073,0.858085,0.0,False,0.0,True,30842b15eefb0ef7e36cbdea86a9efddfacf69a871c8b054165faa9af9f6c8eb
3987,36.318595,5.938787,0.557526,0.297718,19.861957590516298,True,0.4369266564366556,False,30842b15eefb0ef7e36cbdea86a9efddfacf69a871c8b054165faa9af9f6c8eb
3988,30.089704,5.797071,0.26327,0.617348,20.38801217172515,True,0.44849889287021427,False,30842b15eefb0ef7e36cbdea86a9efddfacf69a871c8b054165faa9af9f6c8eb
3989,33.326939,8.117222,1.027687,0.691543,12.382123881874303,True,0.27238402673234036,False,30842b15eefb0ef7e36cbdea86a9efddfacf69a871c8b054165faa9af9f6c8eb
3990,34.832052,9.274954,0.957151,0.823615,8.913135660776117,True,0.1960726451499788,True,30842b15eefb0ef7e36cbdea86a9efddfacf69a871c8b054165faa9af9f6c8eb
3991,28.592483,5.607689,0.146619,0.383573,21.098122496809278,True,0.46412001826161575,False,30842b15eefb0ef7e36cbdea86a9efddfacf69a871c8b054165faa9af9f6c8eb
3992,30.288922,7.356875,0.369376,0.681146,14.858675286055629,True,0.32686361765841904,False,30842b15eefb0ef7e36cbdea86a9efddfacf69a871c8b054165faa9af9f6c8eb
3993,39.172393,1.030857,0.32867,0.661945,27.884438667805473,True,0.6134065334805971,False,30842b15eefb0ef7e36cbdea86a9efddfacf69a871c8b054165faa9af9f6c8eb
3994,32.93376,5.901348,0.473484,0.708723,20.00048659836437,True,0.43997404066062784,False,30842b15eefb0ef7e36cbdea86a9efddfacf69a871c8b054165faa9af9f6c8eb
3995,35.441496,0.376192,1.409918,0.818902,41.48347090937089,True,0.9125603133133836,False,30842b15eefb0ef7e36cbdea86a9efddfacf69a871c8b054165faa9af9f6c8eb
3996,36.341623,1.681806,0.557307,0.944,37.51820176954018,True,0.8253316612914432,False,30842b15eefb0ef7e36cbdea86a9efddfacf69a871c8b054165faa9af9f6c8eb
3997,35.669138,6.813506,0.722786,0.784317,16.718490253348637,True,0.3677761375622066,False,30842b15eefb0ef7e36cbdea86a9efddfacf69a871c8b054165faa9af9f6c8eb
3998,29.066022,4.418603,1.060671,0.106478,25.73740213816547,True,0.5661756657341627,False,30842b15eefb0ef7e36cbdea86a9efddfacf69a871c8b054165faa9af9f6c8eb
3999,41.798179,9.127148,0.710135,0.19286,0.0,False,0.0,True,30842b15eefb0ef7e36cbdea86a9efddfacf69a871c8b054165faa9af9f6c8eb
4000,33.069549,11.336259,0.510547,0.923597,3.772762341213676,True,0.08299385535208822,True,30842b15eefb0ef7e36cbdea86a9efddfacf69a871c8b054165faa9af9f6c8eb
4001,31.071548,1.913386,1.180942,0.899473,36.46518609857146,True,0.8021672468979975,False,30842b15eefb0ef7e36cbdea86a9efddfacf69a871c8b054165faa9af9f6c8eb
4002,40.496813,10.174669,0.474632,0.154841,6.492694750202779,True,0.1428273822226093,True,30842b15eefb0ef7e36cbdea86a9efddfacf69a871c8b054165faa9af9f6c8eb
4003,41.231761,4.804045,0.932649,0.594668,11.950913707296207,True,0.2628981933777351,False,30842b15eefb0ef7e36cbdea86a9efddfacf69a871c8b054165faa9af9f6c8eb
4004,38.120556,6.046841,0.151676,0.418328,19.46394876940359,True,0.4281711919942129,False,30842b15eefb0ef7e36cbdea86a9efddfacf69a871c8b054165faa9af9f6c8eb
4005,39.312113,1.463271,1.096437,0.906829,26.267009286886786,True,0.5778260521404978,False,30842b15eefb0ef7e36cbdea86a9efddfacf69a871c8b054165faa9af9f6c8eb
4006,35.267014,0.11923,0.849151,0.775037,42.41310624531473,True,0.9330105865147147,False,30842b15eefb0ef7e36cbdea86a9efddfacf69a871c8b054165faa9af9f6c8eb
4007,28.03068,8.159428,0.826965,0.260401,12.249109824176672,True,0.2694579613017784,False,30842b15eefb0ef7e36cbdea86a9efddfacf69a871c8b054165faa9af9f6c8eb
4008,32.058269,9.905991,1.336892,0.601833,7.188605402479607,True,0.1581361408428145,True,30842b15eefb0ef7e36cbdea86a9efddfacf69a871c8b054165faa9af9f6c8eb
4009,29.185016,1.127908,0.201391,0.078538,40.07699570486594,True,0.8816204371372895,False,30842b15eefb0ef7e36cbdea86a9efddfacf69a871c8b054165faa9af9f6c8eb
4010,33.618898,1.274423,1.134107,0.689305,39.39468933991953,True,0.8666109478992383,False,30842b15eefb0ef7e36cbdea86a9efddfacf69a871c8b054165faa9af9f6c8eb
4011,30.570582,0.907912,0.070523,0.519217,41.10880279433931,True,0.904318301616997,False,30842b15eefb0ef7e36cbdea86a9efddfacf69a871c8b054165faa9af9f6c8eb
4012,41.855151,1.050214,1.1277,0.947867,0.0,False,0.0,True,30842b15eefb0ef7e36cbdea86a9efddfacf69a871c8b054165faa9af9f6c8eb
4013,38.637873,13.224838,1.186321,0.318521,0.0,False,0.0,True,30842b15eefb0ef7e36cbdea86a9efddfacf69a871c8b054165faa9af9f6c8eb
4014,36.647604,13.876849,0.322584,0.731213,0.0,False,0.0,True,30842b15eefb0ef7e36cbdea86a9efddfacf69a871c8b054165faa9af9f6c8eb
4015,37.524953,8.598925,0.529216,0.121434,10.892856123041357,True,0.23962286613473202,False,30842b15eefb0ef7e36cbdea86a9efddfacf69a871c8b054165faa9af9f6c8eb
4016,32.224345,0.899219,0.775334,0.486537,41.149753268017776,True,0.9052191369683106,False,30842b15eefb0ef7e36cbdea86a9efddfacf69a871c8b054165faa9af9f6c8eb
4017,41.826941,12.155257,0.729104,0.516025,0.0,False,0.0,True,30842b15eefb0ef7e36cbdea86a9efddfacf69a871c8b054165faa9af9f6c8eb
4018,41.724558,10.46534,1.079572,0.162553,0.0,False,0.0,True,30842b15eefb0ef7e36cbdea86a9efddfacf69a871c8b054165faa9af9f6c8eb
4019,36.092306,4.501153,0.940809,0.695331,25.40550277617697,True,0.5588744882018767,False,30842b15eefb0ef7e36cbdea86a9efddfacf69a871c8b054165faa9af9f6c8eb
4020,31.036444,0.36446,1.439306,0.701865,43.694821339957684,True,0.9612059689816541,False,30842b15eefb0ef7e36cbdea86a9efddfacf69a871c8b054165faa9af9f6c8eb
4021,28.261535,13.145616,0.991118,0.704055,0.0,False,0.0,True,30842b15eefb0ef7e36cbdea86a9efddfacf69a871c8b054165faa9af9f6c8eb
4022,32.414338,7.059512,0.400625,0.278859,15.867425461609322,True,0.34905427229938024,False,30842b15eefb0ef7e36cbdea86a9efddfacf69a871c8b054165faa9af9f6c8eb
4023,31.851179,5.162493,0.537204,0.848374,22.799016430451935,True,0.5015365667560464,False,30842b15eefb0ef7e36cbdea86a9efddfacf69a871c8b054165faa9af9f6c8eb
4024,31.180029,2.688308,0.048113,0.228901,33.015114859610875,True,0.7262720042444191,False,30842b15eefb0ef7e36cbdea86a9efddfacf69a871c8b054165faa9af9f6c8eb
4025,35.117406,6.531025,0.005713,0.82789,17.71385005120651,True,0.38967222844083993,False,30842b15eefb0ef7e36cbdea86a9efddfacf69a871c8b054165faa9af9f6c8eb
4026,32.215148,7.302399,0.396509,0.261116,15.041819143948429,True,0.33089244679629914,False,30842b15eefb0ef7e36cbdea86a9efddfacf69a871c8b054165faa9af9f6c8eb
4027,34.509791,2.579099,1.399781,0.081119,33.49438482925402,True,0.7368150649881728,False,30842b15eefb0ef7e36cbdea86a9efddfacf69a871c8b054165faa9af9f6c8eb
4028,39.469097,10.423126,0.665016,0.555784,5.870524678961223,True,0.12914078120537983,True,30842b15eefb0ef7e36cbdea86a9efddfacf69a871c8b054165faa9af9f6c8eb
4029,41.670493,3.491323,0.733067,0.134178,0.0,False,0.0,True,30842b15eefb0ef7e36cbdea86a9efddfacf69a871c8b054165faa9af9f6c8eb
4030,41.471113,1.977212,0.642483,0.611054,10.016140861549506,True,0.22033673755929256,False,30842b15eefb0ef7e36cbdea86a9efddfacf69a871c8b054165faa9af9f6c8eb
4031,29.166792,2.551727,1.125024,0.455813,33.6148688525506,True,0.7394654926317275,False,30842b15eefb0ef7e36cbdea86a9efddfacf69a871c8b054165faa9af9f6c8eb
4032,30.247683,9.670689,0.038083,0.081441,7.817171368113678,True,0.17196343981184997,True,30842b15eefb0ef7e36cbdea86a9efddfacf69a871c8b054165faa9af9f6c8eb
4033,29.282416,8.114135,0.6154,0.466119,12.39187147828168,True,0.27259845598419835,False,30842b15eefb0ef7e36cbdea86a9efddfacf69a871c8b054165faa9af9f6c8eb
4034,40.941954,3.319071,1.121045,0.373475,14.318953457851123,True,0.3149907268454877,False,30842b15eefb0ef7e36cbdea86a9efddfacf69a871c8b054165faa9af9f6c8eb
4035,38.955454,13.734873,0.800829,0.729576,0.0,False,0.0,True,30842b15eefb0ef7e36cbdea86a9efddfacf69a871c8b054165faa9af9f6c8eb
4036,38.691043,4.503414,1.109619,0.971901,25.396432450572686,True,0.5586749576661271,False,30842b15eefb0ef7e36cbdea86a9efddfacf69a871c8b054165faa9af9f6c8eb
4037,39.271253,1.875444,0.408817,0.529609,27.20572729887144,True,0.5984761275645415,False,30842b15eefb0ef7e36cbdea86a9efddfacf69a871c8b054165faa9af9f6c8eb
4038,39.475443,3.482366,0.403095,0.881908,25.934714249791725,True,0.5705161704812113,False,30842b15eefb0ef7e36cbdea86a9efddfacf69a871c8b054165faa9af9f6c8eb
4039,37.390496,12.401181,0.391228,0.716916,1.7543668254635696,True,0.03859285408902446,True,30842b15eefb0ef7e36cbdea86a9efddfacf69a871c8b054165faa9af9f6c8eb
4040,34.222344,5.220166,1.123706,0.316182,22.576203574248517,True,0.4966350923757695,False,30842b15eefb0ef7e36cbdea86a9efddfacf69a871c8b054165faa9af9f6c8eb
4041,32.784562,11.909828,0.846468,0.754593,2.6223731753891237,True,0.05768740257501282,True,30842b15eefb0ef7e36cbdea86a9efddfacf69a871c8b054165faa9af9f6c8eb
4042,38.517913,2.844852,0.973093,0.421057,30.89332570867633,True,0.6795965325465005,False,30842b15eefb0ef7e36cbdea86a9efddfacf69a871c8b054165faa9af9f6c8eb
4043,39.244636,3.448561,0.057557,0.441158,27.71938847401631,True,0.6097757317840437,False,30842b15eefb0ef7e36cbdea86a9efddfacf69a871c8b054165faa9af9f6c8eb
4044,33.312334,2.827133,0.75676,0.095188,32.40920656772267,True,0.7129431325621854,False,30842b15eefb0ef7e36cbdea86a9efddfacf69a871c8b054165faa9af9f6c8eb
4045,31.095817,5.993023,1.381132,0.497909,19.66184765975235,True,0.4325246047974854,False,30842b15eefb0ef7e36cbdea86a9efddfacf69a871c8b054165faa9af9f6c8eb
4046,30.300824,11.254347,1.493819,0.605031,3.9481162312193003,True,0.08685131947686822,True,30842b15eefb0ef7e36cbdea86a9efddfacf69a871c8b054165faa9af9f6c8eb
4047,41.332081,5.05097,0.54211,0.706434,11.404006800324224,True,0.25086724400346605,False,30842b15eefb0ef7e36cbdea86a9efddfacf69a871c8b054165faa9af9f6c8eb
4048,29.831209,11.483355,0.839313,0.764158,3.464610300707288,True,0.07621507535928042,True,30842b15eefb0ef7e36cbdea86a9efddfacf69a871c8b054165faa9af9f6c8eb
4049,33.786382,11.738879,0.576986,0.09716,2.9505784122256284,True,0.06490731612595335,True,30842b15eefb0ef7e36cbdea86a9efddfacf69a871c8b054165faa9af9f6c8eb
4050,38.265942,2.748531,1.208291,0.84774,31.927325228474196,True,0.7023426264742263,False,30842b15eefb0ef7e36cbdea86a9efddfacf69a871c8b054165faa9af9f6c8eb
4051,40.470458,5.390284,1.415732,0.934761,17.87614763558328,True,0.3932424777763509,False,30842b15eefb0ef7e36cbdea86a9efddfacf69a871c8b054165faa9af9f6c8eb
4052,36.594093,2.197956,1.175928,0.544095,35.18497927105406,True,0.7740050435428943,False,30842b15eefb0ef7e36cbdea86a9efddfacf69a871c8b054165faa9af9f6c8eb
4053,39.388887,9.346586,0.599795,0.846295,8.711220233106529,True,0.1916308758886863,True,30842b15eefb0ef7e36cbdea86a9efddfacf69a871c8b054165faa9af9f6c8eb
4054,38.960221,8.345461,1.109995,0.100873,11.668559928752561,True,0.25668692785523517,False,30842b15eefb0ef7e36cbdea86a9efddfacf69a871c8b054165faa9af9f6c8eb
4055,40.795591,8.315322,1.234285,0.384873,11.761975217490653,True,0.2587418929603811,False,30842b15eefb0ef7e36cbdea86a9efddfacf69a871c8b054165faa9af9f6c8eb
4056,39.879739,7.617014,0.973506,0.526708,13.994496993934966,True,0.3078532794266171,False,30842b15eefb0ef7e36cbdea86a9efddfacf69a871c8b054165faa9af9f6c8eb
4057,34.598629,12.287333,1.081898,0.147852,1.9450503585760408,True,0.04278754226015123,True,30842b15eefb0ef7e36cbdea86a9efddfacf69a871c8b054165faa9af9f6c8eb
4058,29.199671,11.827117,1.490892,0.697012,2.779559458218734,True,0.06114521264642496,True,30842b15eefb0ef7e36cbdea86a9efddfacf69a871c8b054165faa9af9f6c8eb
4059,39.726408,12.246679,0.515902,0.172718,0.0,False,0.0,True,30842b15eefb0ef7e36cbdea86a9efddfacf69a871c8b054165faa9af9f6c8eb
4060,34.062865,11.717672,1.205838,0.799301,2.99218569816084,True,0.06582260014285993,True,30842b15eefb0ef7e36cbdea86a9efddfacf69a871c8b054165faa9af9f6c8eb
4061,40.424644,7.787377,0.359025,0.458454,13.437978923770574,True,0.2956109020811126,False,30842b15eefb0ef7e36cbdea86a9efddfacf69a871c8b054165faa9af9f6c8eb
4062,30.647446,1.634728,0.337196,0.33729,37.733489225869945,True,0.8300675906699165,False,30842b15eefb0ef7e36cbdea86a9efddfacf69a871c8b054165faa9af9f6c8eb
4063,29.380169,9.218869,0.448648,0.285013,9.072300362272024,True,0.19957397680525082,True,30842b15eefb0ef7e36cbdea86a9efddfacf69a871c8b054165faa9af9f6c8eb
4064,30.076535,11.261232,0.439302,0.456339,3.9332750993080476,True,0.0865248417812953,True,30842b15eefb0ef7e36cbdea86a9efddfacf69a871c8b054165faa9af9f6c8eb
4065,41.609552,1.235844,1.177183,0.274266,0.0,False,0.0,True,30842b15eefb0ef7e36cbdea86a9efddfacf69a871c8b054165faa9af9f6c8eb
4066,32.551462,9.698617,1.115061,0.779415,7.741651673963846,True,0.1703021449817895,True,30842b15eefb0ef7e36cbdea86a9efddfacf69a871c8b054165faa9af9f6c8eb
4067,37.625289,7.144579,0.824069,0.14776,15.576599410643531,True,0.3426566323147982,False,30842b15eefb0ef7e36cbdea86a9efddfacf69a871c8b054165faa9af9f6c8eb
4068,39.512059,10.239176,0.693687,0.676612,6.329158472306124,True,0.13922988390040972,True,30842b15eefb0ef7e36cbdea86a9efddfacf69a871c8b054165faa9af9f6c8eb
4069,41.645325,12.622997,0.724523,0.796324,0.0,False,0.0,True,30842b15eefb0ef7e36cbdea86a9efddfacf69a871c8b054165faa9af9f6c8eb
4070,39.884063,13.985827,0.528829,0.931099,0.0,False,0.0,True,30842b15eefb0ef7e36cbdea86a9efddfacf69a871c8b054165faa9af9f6c8eb
4071,34.637686,13.047284,0.358734,0.250531,0.0,False,0.0,True,30842b15eefb0ef7e36cbdea86a9efddfacf69a871c8b054165faa9af9f6c8eb
4072,41.168626,2.59128,0.875285,0.096804,12.586747567307066,True,0.2768853726996972,False,30842b15eefb0ef7e36cbdea86a9efddfacf69a871c8b054165faa9af9f6c8eb
4073,38.241408,3.326474,0.224591,0.309033,30.26100336667923,True,0.6656866001835946,False,30842b15eefb0ef7e36cbdea86a9efddfacf69a871c8b054165faa9af9f6c8eb
4074,34.792443,0.095686,0.913763,0.15989,43.23391065745088,True,0.9510667788990113,False,30842b15eefb0ef7e36cbdea86a9efddfacf69a871c8b054165faa9af9f6c8eb
4075,32.561589,0.511187,1.42824,0.849087,42.9914463549384,True,0.9457330087245845,False,30842b15eefb0ef7e36cbdea86a9efddfacf69a871c8b054165faa9af9f6c8eb
4076,39.284008,4.788292,0.824861,0.415772,24.262284988447487,True,0.5337257925964618,False,30842b15eefb0ef7e36cbdea86a9efddfacf69a871c8b054165faa9af9f6c8eb
4077,38.393685,4.180729,0.285255,0.359889,26.70178684229896,True,0.5873903613337995,False,30842b15eefb0ef7e36cbdea86a9efddfacf69a871c8b054165faa9af9f6c8eb
4078,33.118578,8.571119,0.797067,0.528629,10.97708276028869,True,0.24147569775153863,False,30842b15eefb0ef7e36cbdea86a9efddfacf69a871c8b054165faa9af9f6c8eb
4079,33.946219,0.266809,0.948577,0.728147,44.16504178890444,True,0.971549956859493,False,30842b15eefb0ef7e36cbdea86a9efddfacf69a871c8b054165faa9af9f6c8eb
4080,35.352544,8.432668,0.16572,0.790392,11.399666241587854,True,0.2507717596682938,False,30842b15eefb0ef7e36cbdea86a9efddfacf69a871c8b054165faa9af9f6c8eb
4081,40.524092,4.442042,0.904431,0.291741,17.966667017025163,True,0.3952337382297012,False,30842b15eefb0ef7e36cbdea86a9efddfacf69a871c8b054165faa9af9f6c8eb
4082,36.569977,6.150264,0.289881,0.395275,19.08552152094154,True,0.4198464862535262,False,30842b15eefb0ef7e36cbdea86a9efddfacf69a871c8b054165faa9af9f6c8eb
4083,33.154814,0.408911,0.507223,0.922206,43.48133202644882,True,0.9565095954489202,False,30842b15eefb0ef7e36cbdea86a9efddfacf69a871c8b054165faa9af9f6c8eb
4084,40.564431,5.421299,0.341666,0.560548,18.21006281690186,True,0.4005879996385378,False,30842b15eefb0ef7e36cbdea86a9efddfacf69a871c8b054165faa9af9f6c8eb
4085,39.785291,8.694781,0.391169,0.820059,10.604163856083982,True,0.23327216548672378,False,30842b15eefb0ef7e36cbdea86a9efddfacf69a871c8b054165faa9af9f6c8eb
4086,35.674043,13.308986,1.103961,0.860017,0.0,False,0.0,True,30842b15eefb0ef7e36cbdea86a9efddfacf69a871c8b054165faa9af9f6c8eb
4087,34.553885,9.54934,0.185838,0.869444,8.148132506939305,True,0.17924397815448523,True,30842b15eefb0ef7e36cbdea86a9efddfacf69a871c8b054165faa9af9f6c8eb
4088,32.737479,12.725906,0.368274,0.837301,1.2480260807224433,True,0.027454285918733865,True,30842b15eefb0ef7e36cbdea86a9efddfacf69a871c8b054165faa9af9f6c8eb
4089,34.350445,12.995223,0.148633,0.381237,0.0,False,0.0,True,30842b15eefb0ef7e36cbdea86a9efddfacf69a871c8b054165faa9af9f6c8eb
4090,29.040305,0.41633,0.824692,0.373044,43.4457339987269,True,0.9557265040966507,False,30842b15eefb0ef7e36cbdea86a9efddfacf69a871c8b054165faa9af9f6c8eb
4091,33.958456,9.235998,0.089924,0.742231,9.023590078489358,True,0.19850243985677785,True,30842b15eefb0ef7e36cbdea86a9efddfacf69a871c8b054165faa9af9f6c8eb
4092,31.943636,7.154504,0.810557,0.204505,15.542784905183543,True,0.3419127751827728,False,30842b15eefb0ef7e36cbdea86a9efddfacf69a871c8b054165faa9af9f6c8eb
4093,41.029006,5.393437,0.535978,0.195158,14.15431778625427,True,0.3113690438772709,False,30842b15eefb0ef7e36cbdea86a9efddfacf69a871c8b054165faa9af9f6c8eb
4094,41.879845,3.046116,0.608458,0.993141,0.0,False,0.0,True,30842b15eefb0ef7e36cbdea86a9efddfacf69a871c8b054165faa9af9f6c8eb
4095,38.077469,12.991604,0.107569,0.529811,0.0,False,0.0,True,30842b15eefb0ef7e36cbdea86a9efddfacf69a871c8b054165faa9af9f6c8eb
4096,28.797115,12.709416,0.684133,0.768898,1.2723332310753068,True,0.027988998667101167,True,30842b15eefb0ef7e36cbdea86a9efddfacf69a871c8b054165faa9af9f6c8eb
4097,41.953466,12.64263,1.101435,0.247078,0.0,False,0.0,True,30842b15eefb0ef7e36cbdea86a9efddfacf69a871c8b054165faa9af9f6c8eb
4098,32.123876,2.260518,0.620705,0.81413,34.90557983946041,True,0.7678587682374427,False,30842b15eefb0ef7e36cbdea86a9efddfacf69a871c8b054165faa9af9f6c8eb
4099,37.953146,0.034533,0.665877,0.42311,33.94451563676598,True,0.7467171175823865,False,30842b15eefb0ef7e36cbdea86a9efddfacf69a871c8b054165faa9af9f6c8eb
4100,29.173711,3.193932,1.289028,0.349959,30.82641349167885,True,0.678124586434732,False,30842b15eefb0ef7e36cbdea86a9efddfacf69a871c8b054165faa9af9f6c8eb
4101,30.578833,11.568947,0.86485,0.519342,3.2893727933970576,True,0.07236017144044858,True,30842b15eefb0ef7e36cbdea86a9efddfacf69a871c8b054165faa9af9f6c8eb
4102,29.085739,9.684616,1.223469,0.530936,7.779481025715818,True,0.17113432137230034,True,30842b15eefb0ef7e36cbdea86a9efddfacf69a871c8b054165faa9af9f6c8eb
4103,34.539178,4.75217,1.037078,0.068648,24.40513485838336,True,0.5368682278654453,False,30842b15eefb0ef7e36cbdea86a9efddfacf69a871c8b054165faa9af9f6c8eb
4104,35.422416,3.606855,0.728235,0.917461,29.076487048905886,True,0.6396294126248776,False,30842b15eefb0ef7e36cbdea86a9efddfacf69a871c8b054165faa9af9f6c8eb
4105,30.16286,6.095993,1.024074,0.29414,19.283791611046748,True,0.42420806477096434,False,30842b15eefb0ef7e36cbdea86a9efddfacf69a871c8b054165faa9af9f6c8eb
4106,32.282838,1.514556,0.033564,0.958222,38.28489338251327,True,0.8421974712926844,False,30842b15eefb0ef7e36cbdea86a9efddfacf69a871c8b054165faa9af9f6c8eb
4107,30.387908,3.73057,0.160902,0.727329,28.55886633330951,True,0.6282427057739949,False,30842b15eefb0ef7e36cbdea86a9efddfacf69a871c8b054165faa9af9f6c8eb
4108,36.809638,0.18069,0.477904,0.5522,38.640006696861846,True,0.8500093132215257,False,30842b15eefb0ef7e36cbdea86a9efddfacf69a871c8b054165faa9af9f6c8eb
4109,31.182694,3.362405,1.132508,0.491671,30.108327597418317,True,0.662328013142108,False,30842b15eefb0ef7e36cbdea86a9efddfacf69a871c8b054165faa9af9f6c8eb
4110,40.92242,6.049339,0.032497,0.735446,15.574048704612704,True,0.3426005214580247,False,30842b15eefb0ef7e36cbdea86a9efddfacf69a871c8b054165faa9af9f6c8eb
4111,37.997715,8.869347,0.862805,0.879967,10.085104904226293,True,0.22185382007463897,False,30842b15eefb0ef7e36cbdea86a9efddfacf69a871c8b054165faa9af9f6c8eb
4112,33.907971,3.451519,0.325667,0.273961,29.730782706720067,True,0.6540227176547038,False,30842b15eefb0ef7e36cbdea86a9efddfacf69a871c8b054165faa9af9f6c8eb
4113,34.634147,2.325897,0.040213,0.85452,34.61439429764875,True,0.7614532201132633,False,30842b15eefb0ef7e36cbdea86a9efddfacf69a871c8b054165faa9af9f6c8eb
4114,29.491362,12.171911,0.56529,0.636514,2.14495141005197,True,0.04718499893789853,True,30842b15eefb0ef7e36cbdea86a9efddfacf69a871c8b054165faa9af9f6c8eb
4115,32.8191,2.97648,0.952255,0.934963,31.76156525464062,True,0.6986962109178506,False,30842b15eefb0ef7e36cbdea86a9efddfacf69a871c8b054165faa9af9f6c8eb
4116,32.369384,10.813914,1.182213,0.570916,4.935233403898043,True,0.108566087711781,True,30842b15eefb0ef7e36cbdea86a9efddfacf69a871c8b054165faa9af9f6c8eb
4117,39.978017,11.373065,0.584882,0.97836,0.0,False,0.0,True,30842b15eefb0ef7e36cbdea86a9efddfacf69a871c8b054165faa9af9f6c8eb
4118,30.82833,8.531181,0.668475,0.318019,11.09843595397354,True,0.24414524555028877,False,30842b15eefb0ef7e36cbdea86a9efddfacf69a871c8b054165faa9af9f6c8eb
4119,34.524443,10.560654,1.120523,0.992794,5.5352247280494655,True,0.12176479695067571,True,30842b15eefb0ef7e36cbdea86a9efddfacf69a871c8b054165faa9af9f6c8eb
4120,39.148175,2.097649,0.835176,0.087472,27.52264398275655,True,0.6054477136445072,False,30842b15eefb0ef7e36cbdea86a9efddfacf69a871c8b054165faa9af9f6c8eb
4121,28.171788,6.746918,1.293141,0.763977,16.951390808146588,True,0.37289952281899014,False,30842b15eefb0ef7e36cbdea86a9efddfacf69a871c8b054165faa9af9f6c8eb
4122,29.472138,11.326928,0.371969,0.478846,3.792603491353457,True,0.08343032428275252,True,30842b15eefb0ef7e36cbdea86a9efddfacf69a871c8b054165faa9af9f6c8eb
4123,30.390394,5.148593,0.049073,0.309815,22.852826442700856,True,0.5027202883820537,False,30842b15eefb0ef7e36cbdea86a9efddfacf69a871c8b054165faa9af9f6c8eb
4124,35.423935,2.729569,0.57215,0.451428,32.834638721272185,True,0.7223018600463177,False,30842b15eefb0ef7e36cbdea86a9efddfacf69a871c8b054165faa9af9f6c8eb
4125,31.732632,4.350661,0.058772,0.124647,26.011644013872978,True,0.5722084842648503,False,30842b15eefb0ef7e36cbdea86a9efddfacf69a871c8b054165faa9af9f6c8eb
4126,37.137293,5.398452,1.237565,0.531182,21.892047470066046,True,0.48158491226543104,False,30842b15eefb0ef7e36cbdea86a9efddfacf69a871c8b054165faa9af9f6c8eb
4127,40.907611,8.574289,1.361017,0.480078,10.967469654331008,True,0.24126422704302866,False,30842b15eefb0ef7e36cbdea86a9efddfacf69a871c8b054165faa9af9f6c8eb
4128,35.313714,9.576068,1.17321,0.609039,8.074843605306212,True,0.1776317566703475,True,30842b15eefb0ef7e36cbdea86a9efddfacf69a871c8b054165faa9af9f6c8eb
4129,33.909478,8.422889,1.451904,0.841529,11.429714640241015,True,0.25143276935452286,False,30842b15eefb0ef7e36cbdea86a9efddfacf69a871c8b054165faa9af9f6c8eb
4130,33.43044,6.732987,1.128415,0.155315,17.000252074783656,True,0.3739743811134811,False,30842b15eefb0ef7e36cbdea86a9efddfacf69a871c8b054165faa9af9f6c8eb
4131,41.893886,2.596562,0.343834,0.397771,0.0,False,0.0,True,30842b15eefb0ef7e36cbdea86a9efddfacf69a871c8b054165faa9af9f6c8eb
4132,30.878307,13.700707,0.912801,0.269636,0.0,False,0.0,True,30842b15eefb0ef7e36cbdea86a9efddfacf69a871c8b054165faa9af9f6c8eb
4133,30.859596,5.89152,1.450472,0.225774,20.036904585853105,True,0.44077516962463303,False,30842b15eefb0ef7e36cbdea86a9efddfacf69a871c8b054165faa9af9f6c8eb
4134,40.194518,10.313998,1.31882,0.091655,6.1412221146315344,True,0.13509562855284774,True,30842b15eefb0ef7e36cbdea86a9efddfacf69a871c8b054165faa9af9f6c8eb
4135,36.025165,2.891461,0.570597,0.77309,32.12971487049966,True,0.7067948275820276,False,30842b15eefb0ef7e36cbdea86a9efddfacf69a871c8b054165faa9af9f6c8eb
4136,31.140936,9.205912,1.191965,0.821982,9.109204622166398,True,0.20038580287075491,False,30842b15eefb0ef7e36cbdea86a9efddfacf69a871c8b054165faa9af9f6c8eb
4137,41.118821,4.171093,1.217828,0.308203,12.686028290078553,True,0.27906936660117815,False,30842b15eefb0ef7e36cbdea86a9efddfacf69a871c8b054165faa9af9f6c8eb
4138,41.545849,3.163102,0.827915,0.80763,0.0,False,0.0,True,30842b15eefb0ef7e36cbdea86a9efddfacf69a871c8b054165faa9af9f6c8eb
4139,39.201225,8.096621,1.016092,0.078457,12.447222545664475,True,0.2738160779981187,False,30842b15eefb0ef7e36cbdea86a9efddfacf69a871c8b054165faa9af9f6c8eb
4140,38.906316,9.774267,1.428561,0.34258,7.538319403477666,True,0.16582920777586072,True,30842b15eefb0ef7e36cbdea86a9efddfacf69a871c8b054165faa9af9f6c8eb
4141,29.295179,1.527307,0.798361,0.665534,38.22625958272135,True,0.8409076351836046,False,30842b15eefb0ef7e36cbdea86a9efddfacf69a871c8b054165faa9af9f6c8eb
4142,33.471366,12.325054,0.294078,0.396307,1.881146723102147,True,0.04138177942662836,True,30842b15eefb0ef7e36cbdea86a9efddfacf69a871c8b054165faa9af9f6c8eb
4143,40.153055,4.423549,0.225461,0.190117,21.468278159457427,True,0.472262764277707,False,30842b15eefb0ef7e36cbdea86a9efddfacf69a871c8b054165faa9af9f6c8eb
4144,33.858164,8.328059,0.988536,0.559901,11.72246682399224,True,0.25787278072943526,False,30842b15eefb0ef7e36cbdea86a9efddfacf69a871c8b054165faa9af9f6c8eb
4145,28.589479,0.219961,0.777495,0.879574,43.143450354980935,True,0.9490768180747412,False,30842b15eefb0ef7e36cbdea86a9efddfacf69a871c8b054165faa9af9f6c8eb
4146,29.01391,11.612571,1.075597,0.986124,3.201232023740446,True,0.07042123608594934,True,30842b15eefb0ef7e36cbdea86a9efddfacf69a871c8b054165faa9af9f6c8eb
4147,30.893589,5.516294,0.614267,0.336599,21.44370727106723,True,0.4717222497759978,False,30842b15eefb0ef7e36cbdea86a9efddfacf69a871c8b054165faa9af9f6c8eb
4148,34.030989,0.05342,0.296894,0.280247,44.93306555454295,True,0.988445071777297,False,30842b15eefb0ef7e36cbdea86a9efddfacf69a871c8b054165faa9af9f6c8eb
4149,40.654321,1.518715,0.67114,0.786928,17.159914917533975,True,0.3774866709631673,False,30842b15eefb0ef7e36cbdea86a9efddfacf69a871c8b054165faa9af9f6c8eb
4150,30.158838,1.457001,1.031229,0.396817,38.54992494430575,True,0.8480276798014099,False,30842b15eefb0ef7e36cbdea86a9efddfacf69a871c8b054165faa9af9f6c8eb
4151,30.461435,2.04052,0.872336,0.280076,35.89135881671971,True,0.7895440986262816,False,30842b15eefb0ef7e36cbdea86a9efddfacf69a871c8b054165faa9af9f6c8eb
4152,36.957258,7.272879,0.270081,0.477955,15.141374959123938,True,0.33308249222637454,False,30842b15eefb0ef7e36cbdea86a9efddfacf69a871c8b054165faa9af9f6c8eb
4153,28.36823,4.157195,0.526002,0.670326,26.797839221117652,True,0.5895033375864563,False,30842b15eefb0ef7e36cbdea86a9efddfacf69a871c8b054165faa9af9f6c8eb
4154,29.353239,9.345742,1.004357,0.945797,8.713590300515435,True,0.1916830130269207,True,30842b15eefb0ef7e36cbdea86a9efddfacf69a871c8b054165faa9af9f6c8eb
4155,37.561293,12.950162,0.005231,0.712382,0.0,False,0.0,True,30842b15eefb0ef7e36cbdea86a9efddfacf69a871c8b054165faa9af9f6c8eb
4156,28.792904,7.252137,1.075377,0.771331,15.21145791855329,True,0.3346241888591009,False,30842b15eefb0ef7e36cbdea86a9efddfacf69a871c8b054165faa9af9f6c8eb
4157,39.375358,6.495264,0.300694,0.159113,17.84122147145405,True,0.3924741661914732,False,30842b15eefb0ef7e36cbdea86a9efddfacf69a871c8b054165faa9af9f6c8eb
4158,35.562581,11.63712,0.847392,0.561781,3.1519836414300033,True,0.06933786195629707,True,30842b15eefb0ef7e36cbdea86a9efddfacf69a871c8b054165faa9af9f6c8eb
4159,36.70236,11.366458,0.199886,0.472158,3.7087864597770492,True,0.08158650323982512,True,30842b15eefb0ef7e36cbdea86a9efddfacf69a871c8b054165faa9af9f6c8eb
4160,32.808904,4.634915,0.506631,0.528389,24.870759082566796,True,0.547111107224201,False,30842b15eefb0ef7e36cbdea86a9efddfacf69a871c8b054165faa9af9f6c8eb
4161,37.031031,1.999752,0.645656,0.432858,36.07503718482954,True,0.7935846860090827,False,30842b15eefb0ef7e36cbdea86a9efddfacf69a871c8b054165faa9af9f6c8eb
4162,29.180609,9.458729,0.166422,0.389071,8.398226514165174,True,0.18474558784598002,True,30842b15eefb0ef7e36cbdea86a9efddfacf69a871c8b054165faa9af9f6c8eb
4163,39.0934,8.766193,0.590756,0.311892,10.390776678077613,True,0.22857803874781188,False,30842b15eefb0ef7e36cbdea86a9efddfacf69a871c8b054165faa9af9f6c8eb
4164,34.989933,10.403247,1.170822,0.636148,5.919532061425747,True,0.13021885378021814,True,30842b15eefb0ef7e36cbdea86a9efddfacf69a871c8b054165faa9af9f6c8eb
4165,39.629546,5.7293,0.119065,0.907744,20.64119598978391,True,0.4540684727358515,False,30842b15eefb0ef7e36cbdea86a9efddfacf69a871c8b054165faa9af9f6c8eb
4166,36.80329,11.126433,0.782208,0.176538,4.227206334576233,True,0.09299079012816647,True,30842b15eefb0ef7e36cbdea86a9efddfacf69a871c8b054165faa9af9f6c8eb
4167,31.573038,5.258941,0.989258,0.903145,22.426811501434035,True,0.49334874063649586,False,30842b15eefb0ef7e36cbdea86a9efddfacf69a871c8b054165faa9af9f6c8eb
4168,29.976868,12.818163,0.953341,0.836734,1.1149562566987816,True,0.024526993731228932,True,30842b15eefb0ef7e36cbdea86a9efddfacf69a871c8b054165faa9af9f6c8eb
4169,29.090698,7.871797,0.01964,0.945356,13.165009293126335,True,0.289606070609562,False,30842b15eefb0ef7e36cbdea86a9efddfacf69a871c8b054165faa9af9f6c8eb
4170,32.952101,2.027565,0.619446,0.576071,35.9496930984053,True,0.7908273458860929,False,30842b15eefb0ef7e36cbdea86a9efddfacf69a871c8b054165faa9af9f6c8eb
4171,30.740637,9.196529,0.084315,0.674644,9.135960537370659,True,0.20097438395682482,False,30842b15eefb0ef7e36cbdea86a9efddfacf69a871c8b054165faa9af9f6c8eb
4172,31.89338,2.181608,1.053244,0.081843,35.25811107593324,True,0.7756138091864326,False,30842b15eefb0ef7e36cbdea86a9efddfacf69a871c8b054165faa9af9f6c8eb
4173,34.638885,5.86288,0.055829,0.276185,20.143156937735675,True,0.4431125265863028,False,30842b15eefb0ef7e36cbdea86a9efddfacf69a871c8b054165faa9af9f6c8eb
4174,30.262009,0.933637,1.364251,0.942165,40.98769862529069,True,0.9016542319037367,False,30842b15eefb0ef7e36cbdea86a9efddfacf69a871c8b054165faa9af9f6c8eb
4175,29.395355,2.171989,0.425751,0.743414,35.30116474633753,True,0.776560911010175,False,30842b15eefb0ef7e36cbdea86a9efddfacf69a871c8b054165faa9af9f6c8eb
4176,33.53582,9.02207,0.096426,0.628032,9.63817113197305,True,0.2120220963953742,False,30842b15eefb0ef7e36cbdea86a9efddfacf69a871c8b054165faa9af9f6c8eb
4177,33.218896,11.992343,0.052912,0.357857,2.4686284594016428,True,0.05430530066511406,True,30842b15eefb0ef7e36cbdea86a9efddfacf69a871c8b054165faa9af9f6c8eb
4178,28.984247,10.457425,1.179105,0.064234,5.78628786227927,True,0.12728772565967233,True,30842b15eefb0ef7e36cbdea86a9efddfacf69a871c8b054165faa9af9f6c8eb
4179,28.546006,11.837546,0.876634,0.325609,2.7595722696211036,True,0.060705531137402846,True,30842b15eefb0ef7e36cbdea86a9efddfacf69a871c8b054165faa9af9f6c8eb
4180,37.145431,11.63282,1.343016,0.115114,3.160591586403044,True,0.06952722096578651,True,30842b15eefb0ef7e36cbdea86a9efddfacf69a871c8b054165faa9af9f6c8eb
4181,41.072291,12.565914,1.479448,0.892509,0.0,False,0.0,True,30842b15eefb0ef7e36cbdea86a9efddfacf69a871c8b054165faa9af9f6c8eb
4182,30.8238,9.07447,1.089662,0.399463,9.486388537230795,True,0.20868315755594788,False,30842b15eefb0ef7e36cbdea86a9efddfacf69a871c8b054165faa9af9f6c8eb
4183,30.360483,4.015621,1.213651,0.975254,27.378083430600206,True,0.6022676465026628,False,30842b15eefb0ef7e36cbdea86a9efddfacf69a871c8b054165faa9af9f6c8eb
4184,36.35526,9.361498,0.843468,0.15941,8.669380760405152,True,0.19071048418856434,True,30842b15eefb0ef7e36cbdea86a9efddfacf69a871c8b054165faa9af9f6c8eb
4185,36.181358,2.771948,0.514579,0.125472,32.64961603798288,True,0.7182317001939408,False,30842b15eefb0ef7e36cbdea86a9efddfacf69a871c8b054165faa9af9f6c8eb
4186,40.193609,6.219192,1.457852,0.370295,18.83469116835909,True,0.4143286783140406,False,30842b15eefb0ef7e36cbdea86a9efddfacf69a871c8b054165faa9af9f6c8eb
4187,36.768777,3.531701,1.002071,0.892102,29.392439526550447,True,0.6465797879351154,False,30842b15eefb0ef7e36cbdea86a9efddfacf69a871c8b054165faa9af9f6c8eb
4188,35.262852,6.070013,1.418151,0.238465,19.378946707239017,True,0.4263013024507209,False,30842b15eefb0ef7e36cbdea86a9efddfacf69a871c8b054165faa9af9f6c8eb
4189,39.103941,9.700397,0.504053,0.630289,7.736846691151719,True,0.17019644416832383,True,30842b15eefb0ef7e36cbdea86a9efddfacf69a871c8b054165faa9af9f6c8eb
4190,37.979822,11.164374,0.023395,0.183215,4.1437627306478495,True,0.09115518380893531,True,30842b15eefb0ef7e36cbdea86a9efddfacf69a871c8b054165faa9af9f6c8eb
4191,40.699936,10.336264,1.234724,0.120994,0.0,False,0.0,True,30842b15eefb0ef7e36cbdea86a9efddfacf69a871c8b054165faa9af9f6c8eb
4192,35.949556,13.92568,0.172091,0.689869,0.0,False,0.0,True,30842b15eefb0ef7e36cbdea86a9efddfacf69a871c8b054165faa9af9f6c8eb
4193,39.290285,3.778116,0.299249,0.967402,27.198608369802486,True,0.5983195241753069,False,30842b15eefb0ef7e36cbdea86a9efddfacf69a871c8b054165faa9af9f6c8eb
4194,30.819956,9.859349,1.079252,0.732982,7.311801552735775,True,0.16084623030766146,True,30842b15eefb0ef7e36cbdea86a9efddfacf69a871c8b054165faa9af9f6c8eb
4195,35.986124,8.05488,0.911322,0.738846,12.579471427717236,True,0.27672531096719866,False,30842b15eefb0ef7e36cbdea86a9efddfacf69a871c8b054165faa9af9f6c8eb
4196,35.436153,8.233925,0.668043,0.593087,12.015501053937918,True,0.26431899660358393,False,30842b15eefb0ef7e36cbdea86a9efddfacf69a871c8b054165faa9af9f6c8eb
4197,41.871094,5.005836,0.197923,0.530345,0.0,False,0.0,True,30842b15eefb0ef7e36cbdea86a9efddfacf69a871c8b054165faa9af9f6c8eb
4198,31.445455,10.85975,0.193091,0.069349,4.829117713373715,True,0.10623173704946763,True,30842b15eefb0ef7e36cbdea86a9efddfacf69a871c8b054165faa9af9f6c8eb
4199,28.992318,13.650411,0.281678,0.606502,0.0,False,0.0,True,30842b15eefb0ef7e36cbdea86a9efddfacf69a871c8b054165faa9af9f6c8eb
4200,31.726826,9.60468,1.039699,0.714249,7.996633725471671,True,0.17591128268681958,True,30842b15eefb0ef7e36cbdea86a9efddfacf69a871c8b054165faa9af9f6c8eb
4201,33.948373,2.499795,1.107488,0.624531,33.84385521384673,True,0.7445027728068944,False,30842b15eefb0ef7e36cbdea86a9efddfacf69a871c8b054165faa9af9f6c8eb
4202,37.548021,11.569763,0.317655,0.933752,3.2877167807863517,True,0.0723237421987832,True,30842b15eefb0ef7e36cbdea86a9efddfacf69a871c8b054165faa9af9f6c8eb
4203,35.20538,12.334828,1.306524,0.234396,1.864704868579117,True,0.041020088768009916,True,30842b15eefb0ef7e36cbdea86a9efddfacf69a871c8b054165faa9af9f6c8eb
4204,33.112413,11.111665,1.150644,0.732682,4.25983521821197,True,0.09370856575351724,True,30842b15eefb0ef7e36cbdea86a9efddfacf69a871c8b054165faa9af9f6c8eb
4205,39.481276,13.935681,1.429507,0.155902,0.0,False,0.0,True,30842b15eefb0ef7e36cbdea86a9efddfacf69a871c8b054165faa9af9f6c8eb
4206,31.724175,6.855343,0.540701,0.420611,16.572710022562244,True,0.36456923972639227,False,30842b15eefb0ef7e36cbdea86a9efddfacf69a871c8b054165faa9af9f6c8eb
4207,32.337433,3.5913,0.974298,0.233462,29.141787871169154,True,0.641065911006471,False,30842b15eefb0ef7e36cbdea86a9efddfacf69a871c8b054165faa9af9f6c8eb
4208,29.025248,5.621836,1.304811,0.266611,21.04479702102705,True,0.4629469555496328,False,30842b15eefb0ef7e36cbdea86a9efddfacf69a871c8b054165faa9af9f6c8eb
4209,41.267042,3.578277,0.421689,0.781782,12.155165047426486,True,0.26739134843101353,False,30842b15eefb0ef7e36cbdea86a9efddfacf69a871c8b054165faa9af9f6c8eb
4210,30.133525,13.403849,1.446819,0.829216,0.0,False,0.0,True,30842b15eefb0ef7e36cbdea86a9efddfacf69a871c8b054165faa9af9f6c8eb
4211,29.546331,12.146779,0.814236,0.353889,2.189335275163782,True,0.04816136260671932,True,30842b15eefb0ef7e36cbdea86a9efddfacf69a871c8b054165faa9af9f6c8eb
4212,31.603576,3.97518,0.88311,0.664558,27.544591153050586,True,0.6059305111578499,False,30842b15eefb0ef7e36cbdea86a9efddfacf69a871c8b054165faa9af9f6c8eb
4213,31.868531,4.963861,0.591522,0.327205,23.57196620218235,True,0.5185400447776137,False,30842b15eefb0ef7e36cbdea86a9efddfacf69a871c8b054165faa9af9f6c8eb
4214,40.780551,11.188675,0.489755,0.996976,0.0,False,0.0,True,30842b15eefb0ef7e36cbdea86a9efddfacf69a871c8b054165faa9af9f6c8eb
4215,38.311243,7.804241,1.281031,0.127626,13.383300516661846,True,0.294408077360114,False,30842b15eefb0ef7e36cbdea86a9efddfacf69a871c8b054165faa9af9f6c8eb
4216,36.102741,13.489179,1.410905,0.341009,0.0,False,0.0,True,30842b15eefb0ef7e36cbdea86a9efddfacf69a871c8b054165faa9af9f6c8eb
4217,34.229195,6.432128,0.513578,0.13157,18.06683683226513,True,0.3974372905356216,False,30842b15eefb0ef7e36cbdea86a9efddfacf69a871c8b054165faa9af9f6c8eb
4218,40.357805,7.314984,0.064661,0.908599,14.999442999048037,True,0.32996024929161594,False,30842b15eefb0ef7e36cbdea86a9efddfacf69a871c8b054165faa9af9f6c8eb
4219,35.916435,4.762402,0.454774,0.547018,24.364642506924273,True,0.5359774703631373,False,30842b15eefb0ef7e36cbdea86a9efddfacf69a871c8b054165faa9af9f6c8eb
4220,35.265729,5.109564,0.768384,0.708479,23.00414229167763,True,0.5060489596702689,False,30842b15eefb0ef7e36cbdea86a9efddfacf69a871c8b054165faa9af9f6c8eb
4221,36.016769,11.683326,0.480195,0.147318,3.0599817919977323,True,0.06731398992478974,True,30842b15eefb0ef7e36cbdea86a9efddfacf69a871c8b054165faa9af9f6c8eb
4222,35.445874,6.86135,0.946382,0.074493,16.551813706389552,True,0.3641095590773138,False,30842b15eefb0ef7e36cbdea86a9efddfacf69a871c8b054165faa9af9f6c8eb
4223,32.080947,0.183252,0.99695,0.112125,44.461383333333245,True,0.9780689275893659,False,30842b15eefb0ef7e36cbdea86a9efddfacf69a871c8b054165faa9af9f6c8eb
4224,37.701338,8.513248,1.484968,0.245571,11.153070598967203,True,0.24534710758497977,False,30842b15eefb0ef7e36cbdea86a9efddfacf69a871c8b054165faa9af9f6c8eb
4225,38.146336,13.1647,0.202852,0.245411,0.0,False,0.0,True,30842b15eefb0ef7e36cbdea86a9efddfacf69a871c8b054165faa9af9f6c8eb
4226,41.763771,3.129931,0.477488,0.285689,0.0,False,0.0,True,30842b15eefb0ef7e36cbdea86a9efddfacf69a871c8b054165faa9af9f6c8eb
4227,34.102189,7.796858,0.690311,0.655917,13.407229385806998,True,0.2949344686153694,False,30842b15eefb0ef7e36cbdea86a9efddfacf69a871c8b054165faa9af9f6c8eb
4228,38.871537,11.883697,0.845271,0.603115,2.6717032990647422,True,0.058772574864852274,True,30842b15eefb0ef7e36cbdea86a9efddfacf69a871c8b054165faa9af9f6c8eb
4229,30.199942,6.955094,0.524624,0.712567,16.226851413332366,True,0.35696098434461676,False,30842b15eefb0ef7e36cbdea86a9efddfacf69a871c8b054165faa9af9f6c8eb
4230,36.365154,0.031311,0.735954,0.814352,39.78869599014297,True,0.875278371918819,False,30842b15eefb0ef7e36cbdea86a9efddfacf69a871c8b054165faa9af9f6c8eb
4231,37.444079,8.777433,0.765102,0.962671,10.357322176711145,True,0.22784210104589142,False,30842b15eefb0ef7e36cbdea86a9efddfacf69a871c8b054165faa9af9f6c8eb
4232,31.088917,9.318005,0.389939,0.596286,8.791599055992684,True,0.1933990626432855,True,30842b15eefb0ef7e36cbdea86a9efddfacf69a871c8b054165faa9af9f6c8eb
4233,35.697158,11.66373,1.0663,0.2764,3.0988888810705193,True,0.06816987456067139,True,30842b15eefb0ef7e36cbdea86a9efddfacf69a871c8b054165faa9af9f6c8eb
4234,30.127437,11.149531,0.007994,0.237608,4.176340874482262,True,0.09187184325167215,True,30842b15eefb0ef7e36cbdea86a9efddfacf69a871c8b054165faa9af9f6c8eb
4235,29.980758,5.587521,1.003342,0.63632,21.174221167072634,True,0.465794049504806,False,30842b15eefb0ef7e36cbdea86a9efddfacf69a871c8b054165faa9af9f6c8eb
4236,35.24803,3.973055,0.840021,0.5498,27.553349717980133,True,0.606123183530269,False,30842b15eefb0ef7e36cbdea86a9efddfacf69a871c8b054165faa9af9f6c8eb
4237,40.068626,0.886659,1.102832,0.516584,21.204851876725616,True,0.46646786896554987,False,30842b15eefb0ef7e36cbdea86a9efddfacf69a871c8b054165faa9af9f6c8eb
4238,35.327004,13.588158,1.494119,0.313303,0.0,False,0.0,True,30842b15eefb0ef7e36cbdea86a9efddfacf69a871c8b054165faa9af9f6c8eb
4239,37.817539,8.395755,1.283634,0.487746,11.51322852159274,True,0.2532699216482363,False,30842b15eefb0ef7e36cbdea86a9efddfacf69a871c8b054165faa9af9f6c8eb
4240,39.429188,1.439568,0.345575,0.522866,26.286277745960742,True,0.57824992291756,False,30842b15eefb0ef7e36cbdea86a9efddfacf69a871c8b054165faa9af9f6c8eb
4241,40.625812,10.6422,1.404112,0.552154,0.0,False,0.0,True,30842b15eefb0ef7e36cbdea86a9efddfacf69a871c8b054165faa9af9f6c8eb
4242,34.01834,1.172158,1.402273,0.418618,39.87051620386304,True,0.8770782666294347,False,30842b15eefb0ef7e36cbdea86a9efddfacf69a871c8b054165faa9af9f6c8eb
4243,34.658931,5.699569,0.217974,0.092473,20.75259549208023,True,0.45651905757096756,False,30842b15eefb0ef7e36cbdea86a9efddfacf69a871c8b054165faa9af9f6c8eb
4244,41.65083,6.676007,0.361423,0.16496,0.0,False,0.0,True,30842b15eefb0ef7e36cbdea86a9efddfacf69a871c8b054165faa9af9f6c8eb
4245,34.897598,5.641989,1.417129,0.644623,20.968910350407096,True,0.46127758790996376,False,30842b15eefb0ef7e36cbdea86a9efddfacf69a871c8b054165faa9af9f6c8eb
4246,40.707669,13.129455,0.248934,0.471637,0.0,False,0.0,True,30842b15eefb0ef7e36cbdea86a9efddfacf69a871c8b054165faa9af9f6c8eb
4247,40.556325,7.851536,0.489112,0.247686,13.230352249804959,True,0.29104349587105327,False,30842b15eefb0ef7e36cbdea86a9efddfacf69a871c8b054165faa9af9f6c8eb
4248,29.19308,9.524537,1.377979,0.242347,8.216340178435994,True,0.18074442189043438,True,30842b15eefb0ef7e36cbdea86a9efddfacf69a871c8b054165faa9af9f6c8eb
4249,30.826033,3.381062,1.077571,0.979448,30.02915302441865,True,0.6605863176774041,False,30842b15eefb0ef7e36cbdea86a9efddfacf69a871c8b054165faa9af9f6c8eb
4250,34.528529,1.323506,1.385166,0.927199,39.16698919282728,True,0.8616019620786939,False,30842b15eefb0ef7e36cbdea86a9efddfacf69a871c8b054165faa9af9f6c8eb
4251,34.746499,2.719591,1.408738,0.090915,32.87825238537353,True,0.7232612807048258,False,30842b15eefb0ef7e36cbdea86a9efddfacf69a871c8b054165faa9af9f6c8eb
4252,32.219253,4.991439,1.091816,0.384164,23.464137277401747,True,0.51616800610233,False,30842b15eefb0ef7e36cbdea86a9efddfacf69a871c8b054165faa9af9f6c8eb
4253,29.944206,12.152736,0.639686,0.695088,2.1787876522782006,True,0.04792933423893385,True,30842b15eefb0ef7e36cbdea86a9efddfacf69a871c8b054165faa9af9f6c8eb
4254,37.837906,3.247647,0.086368,0.888389,30.596850614805835,True,0.6730746239737307,False,30842b15eefb0ef7e36cbdea86a9efddfacf69a871c8b054165faa9af9f6c8eb
4255,34.971224,11.115915,0.618392,0.770861,4.250436565590052,True,0.09350181262526239,True,30842b15eefb0ef7e36cbdea86a9efddfacf69a871c8b054165faa9af9f6c8eb
4256,41.402338,13.794824,1.135778,0.385181,0.0,False,0.0,True,30842b15eefb0ef7e36cbdea86a9efddfacf69a871c8b054165faa9af9f6c8eb
4257,35.73838,7.241725,0.291348,0.5071,15.246678575855595,True,0.33539897875392705,False,30842b15eefb0ef7e36cbdea86a9efddfacf69a871c8b054165faa9af9f6c8eb
4258,41.034134,2.339338,0.821932,0.835983,13.823817107798162,True,0.30409863481865806,False,30842b15eefb0ef7e36cbdea86a9efddfacf69a871c8b054165faa9af9f6c8eb
4259,39.453769,4.480724,0.995598,0.474604,25.480347759542063,True,0.5605209406315396,False,30842b15eefb0ef7e36cbdea86a9efddfacf69a871c8b054165faa9af9f6c8eb
4260,33.609521,11.234123,0.886696,0.463574,3.991818161251305,True,0.08781268182404339,True,30842b15eefb0ef7e36cbdea86a9efddfacf69a871c8b054165faa9af9f6c8eb
4261,33.002585,4.212493,0.883668,0.412092,26.572326732149154,True,0.584542476234262,False,30842b15eefb0ef7e36cbdea86a9efddfacf69a871c8b054165faa9af9f6c8eb
4262,32.698533,5.352181,1.0841,0.095537,22.068933303851814,True,0.48547607634504464,False,30842b15eefb0ef7e36cbdea86a9efddfacf69a871c8b054165faa9af9f6c8eb
4263,38.432282,8.487452,0.972591,0.817397,11.23181732542645,True,0.24707939121011444,False,30842b15eefb0ef7e36cbdea86a9efddfacf69a871c8b054165faa9af9f6c8eb
4264,38.750362,0.639838,0.659656,0.707252,29.969427037875764,True,0.6592724554619784,False,30842b15eefb0ef7e36cbdea86a9efddfacf69a871c8b054165faa9af9f6c8eb
4265,28.961553,10.701952,0.247046,0.696395,5.197648587071058,True,0.1143387406871727,True,30842b15eefb0ef7e36cbdea86a9efddfacf69a871c8b054165faa9af9f6c8eb
4266,38.420327,11.444444,0.080226,0.633736,3.5452719822555467,True,0.07798948448591489,True,30842b15eefb0ef7e36cbdea86a9efddfacf69a871c8b054165faa9af9f6c8eb
4267,36.051087,0.117059,0.025967,0.935849,41.3853698622109,True,0.9104022701127973,False,30842b15eefb0ef7e36cbdea86a9efddfacf69a871c8b054165faa9af9f6c8eb
4268,39.730424,11.044538,1.434016,0.294703,4.409197220784469,True,0.09699425600259146,True,30842b15eefb0ef7e36cbdea86a9efddfacf69a871c8b054165faa9af9f6c8eb
4269,36.806021,4.429741,0.965233,0.247807,25.69253709497136,True,0.5651887170296176,False,30842b15eefb0ef7e36cbdea86a9efddfacf69a871c8b054165faa9af9f6c8eb
4270,41.059388,2.228519,0.583732,0.655271,13.842010926418032,True,0.30449886547574045,False,30842b15eefb0ef7e36cbdea86a9efddfacf69a871c8b054165faa9af9f6c8eb
4271,35.531591,12.381782,0.460311,0.259912,1.7863929530567917,True,0.03929737018640056,True,30842b15eefb0ef7e36cbdea86a9efddfacf69a871c8b054165faa9af9f6c8eb
4272,35.479949,5.510726,0.457559,0.86212,21.46482153718531,True,0.4721867249243332,False,30842b15eefb0ef7e36cbdea86a9efddfacf69a871c8b054165faa9af9f6c8eb
4273,37.868191,4.856064,0.056492,0.305001,23.995025837023384,True,0.5278465811994146,False,30842b15eefb0ef7e36cbdea86a9efddfacf69a871c8b054165faa9af9f6c8eb
4274,41.265276,10.780571,0.65008,0.273491,0.0,False,0.0,True,30842b15eefb0ef7e36cbdea86a9efddfacf69a871c8b054165faa9af9f6c8eb
4275,28.594266,9.243369,0.552324,0.955285,9.002655846669478,True,0.1980419251329675,True,30842b15eefb0ef7e36cbdea86a9efddfacf69a871c8b054165faa9af9f6c8eb
4276,38.047483,6.101196,0.099223,0.770582,19.264753725414277,True,0.42378926618693197,False,30842b15eefb0ef7e36cbdea86a9efddfacf69a871c8b054165faa9af9f6c8eb
4277,41.204662,0.61406,0.929022,0.949942,12.210768697683088,True,0.2686145268051276,False,30842b15eefb0ef7e36cbdea86a9efddfacf69a871c8b054165faa9af9f6c8eb
4278,29.285264,3.560396,0.457071,0.078857,29.271669503312687,True,0.6439230688171446,False,30842b15eefb0ef7e36cbdea86a9efddfacf69a871c8b054165faa9af9f6c8eb
4279,38.969029,0.553703,1.46387,0.222659,27.941237293853188,True,0.6146559991315094,False,30842b15eefb0ef7e36cbdea86a9efddfacf69a871c8b054165faa9af9f6c8eb
4280,38.263979,8.438133,0.838812,0.324558,11.382885164496198,True,0.25040260673502185,False,30842b15eefb0ef7e36cbdea86a9efddfacf69a871c8b054165faa9af9f6c8eb
4281,37.281118,7.251067,1.188552,0.28031,15.215076154100355,True,0.33470378340825724,False,30842b15eefb0ef7e36cbdea86a9efddfacf69a871c8b054165faa9af9f6c8eb
4282,31.248097,9.816906,1.360708,0.213592,7.424511618496173,True,0.1633256451364878,True,30842b15eefb0ef7e36cbdea86a9efddfacf69a871c8b054165faa9af9f6c8eb
4283,28.642478,12.356948,1.278161,0.493845,1.8276726710596927,True,0.040205448309287475,True,30842b15eefb0ef7e36cbdea86a9efddfacf69a871c8b054165faa9af9f6c8eb
4284,30.713773,3.031828,0.534862,0.377738,31.52265826473535,True,0.6934406950995863,False,30842b15eefb0ef7e36cbdea86a9efddfacf69a871c8b054165faa9af9f6c8eb
4285,39.76237,3.815333,0.18973,0.124014,24.259594494610464,True,0.5336666066642083,False,30842b15eefb0ef7e36cbdea86a9efddfacf69a871c8b054165faa9af9f6c8eb
4286,41.842999,13.526775,1.071677,0.553268,0.0,False,0.0,True,30842b15eefb0ef7e36cbdea86a9efddfacf69a871c8b054165faa9af9f6c8eb
4287,31.594036,0.974806,0.996127,0.805288,40.794137567117026,True,0.8973962434562868,False,30842b15eefb0ef7e36cbdea86a9efddfacf69a871c8b054165faa9af9f6c8eb
4288,30.18089,13.02953,0.58171,0.179988,0.0,False,0.0,True,30842b15eefb0ef7e36cbdea86a9efddfacf69a871c8b054165faa9af9f6c8eb
4289,28.550809,7.440646,0.368018,0.248268,14.578507350168698,True,0.3207004366673225,False,30842b15eefb0ef7e36cbdea86a9efddfacf69a871c8b054165faa9af9f6c8eb
4290,28.076831,5.679713,0.265466,0.602614,20.82710545467986,True,0.45815814015794387,False,30842b15eefb0ef7e36cbdea86a9efddfacf69a871c8b054165faa9af9f6c8eb
4291,32.015831,7.026044,0.4556,0.555141,15.98233611678756,True,0.3515820960613213,False,30842b15eefb0ef7e36cbdea86a9efddfacf69a871c8b054165faa9af9f6c8eb
4292,38.521701,6.991548,0.416061,0.074234,16.101065259193263,True,0.35419391954229,False,30842b15eefb0ef7e36cbdea86a9efddfacf69a871c8b054165faa9af9f6c8eb
4293,35.782975,7.757931,1.207505,0.833833,13.533630122964704,True,0.29771505311746377,False,30842b15eefb0ef7e36cbdea86a9efddfacf69a871c8b054165faa9af9f6c8eb
4294,35.784011,13.82325,0.836146,0.249462,0.0,False,0.0,True,30842b15eefb0ef7e36cbdea86a9efddfacf69a871c8b054165faa9af9f6c8eb
4295,37.23266,11.680709,1.006185,0.65558,3.0651682576693866,True,0.06742808266183804,True,30842b15eefb0ef7e36cbdea86a9efddfacf69a871c8b054165faa9af9f6c8eb
4296,34.100671,1.131849,0.386682,0.765001,40.058591779122715,True,0.8812155845086576,False,30842b15eefb0ef7e36cbdea86a9efddfacf69a871c8b054165faa9af9f6c8eb
4297,30.080367,3.137428,0.354924,0.976541,31.068512278937614,True,0.6834503159436324,False,30842b15eefb0ef7e36cbdea86a9efddfacf69a871c8b054165faa9af9f6c8eb
4298,37.183534,11.176696,0.352794,0.115409,4.116782478994661,True,0.09056166773223823,True,30842b15eefb0ef7e36cbdea86a9efddfacf69a871c8b054165faa9af9f6c8eb
4299,30.582066,13.672913,0.630911,0.809898,0.0,False,0.0,True,30842b15eefb0ef7e36cbdea86a9efddfacf69a871c8b054165faa9af9f6c8eb
4300,33.611845,5.475763,0.613417,0.530669,21.59756199264694,True,0.47510677160726555,False,30842b15eefb0ef7e36cbdea86a9efddfacf69a871c8b054165faa9af9f6c8eb
4301,31.697254,4.992754,0.349599,0.292782,23.45899979520789,True,0.5160549909119977,False,30842b15eefb0ef7e36cbdea86a9efddfacf69a871c8b054165faa9af9f6c8eb
4302,36.794031,8.007416,0.418112,0.263002,12.730417622367444,True,0.28004585053787234,False,30842b15eefb0ef7e36cbdea86a9efddfacf69a871c8b054165faa9af9f6c8eb
4303,38.32264,11.194443,0.377182,0.594764,4.078027032192151,True,0.08970911894831499,True,30842b15eefb0ef7e36cbdea86a9efddfacf69a871c8b054165faa9af9f6c8eb
4304,34.184057,11.760107,1.388272,0.776812,2.9091248768941917,True,0.06399541434047719,True,30842b15eefb0ef7e36cbdea86a9efddfacf69a871c8b054165faa9af9f6c8eb
4305,38.091779,2.924145,1.338469,0.495158,31.988019172782536,True,0.7036777819860505,False,30842b15eefb0ef7e36cbdea86a9efddfacf69a871c8b054165faa9af9f6c8eb
4306,32.674952,3.290173,0.726841,0.232633,30.415512499850287,True,0.6690855178702173,False,30842b15eefb0ef7e36cbdea86a9efddfacf69a871c8b054165faa9af9f6c8eb
4307,28.37882,4.987686,0.2671,0.602424,23.478801674666297,True,0.5164905959596621,False,30842b15eefb0ef7e36cbdea86a9efddfacf69a871c8b054165faa9af9f6c8eb
4308,40.423255,13.351278,0.465612,0.672894,0.0,False,0.0,True,30842b15eefb0ef7e36cbdea86a9efddfacf69a871c8b054165faa9af9f6c8eb
4309,35.586793,10.60625,1.108745,0.520093,5.425518213620031,True,0.11935145474507863,True,30842b15eefb0ef7e36cbdea86a9efddfacf69a871c8b054165faa9af9f6c8eb
4310,41.023557,4.327914,0.729519,0.55843,14.008065028704975,True,0.3081517513188996,False,30842b15eefb0ef7e36cbdea86a9efddfacf69a871c8b054165faa9af9f6c8eb
4311,34.773956,7.670691,1.134811,0.488524,13.818340924885078,True,0.30397816883340234,False,30842b15eefb0ef7e36cbdea86a9efddfacf69a871c8b054165faa9af9f6c8eb
4312,30.537704,13.223174,0.704564,0.991749,0.0,False,0.0,True,30842b15eefb0ef7e36cbdea86a9efddfacf69a871c8b054165faa9af9f6c8eb
4313,37.647601,4.367705,0.366798,0.733322,25.942756399445507,True,0.5706930830308821,False,30842b15eefb0ef7e36cbdea86a9efddfacf69a871c8b054165faa9af9f6c8eb
4314,33.203403,5.762836,0.706308,0.337826,20.51577958587162,True,0.4513095417606957,False,30842b15eefb0ef7e36cbdea86a9efddfacf69a871c8b054165faa9af9f6c8eb
4315,36.506298,4.425284,0.416282,0.911404,25.710487231305972,True,0.5655835871231379,False,30842b15eefb0ef7e36cbdea86a9efddfacf69a871c8b054165faa9af9f6c8eb
4316,30.110865,2.118405,0.670363,0.709927,35.54132156555396,True,0.7818439207821221,False,30842b15eefb0ef7e36cbdea86a9efddfacf69a871c8b054165faa9af9f6c8eb
4317,33.363575,11.621083,0.201274,0.522115,3.184127063988853,True,0.07004495832789413,True,30842b15eefb0ef7e36cbdea86a9efddfacf69a871c8b054165faa9af9f6c8eb
4318,30.850432,13.481019,0.864926,0.640892,0.0,False,0.0,True,30842b15eefb0ef7e36cbdea86a9efddfacf69a871c8b054165faa9af9f6c8eb
4319,36.989187,13.209457,1.095131,0.161178,0.0,False,0.0,True,30842b15eefb0ef7e36cbdea86a9efddfacf69a871c8b054165faa9af9f6c8eb
4320,30.932944,4.967396,0.707919,0.102469,23.558135281064633,True,0.5182357898675998,False,30842b15eefb0ef7e36cbdea86a9efddfacf69a871c8b054165faa9af9f6c8eb
4321,36.920541,0.734905,1.004554,0.638597,37.733559599844014,True,0.8300691387683379,False,30842b15eefb0ef7e36cbdea86a9efddfacf69a871c8b054165faa9af9f6c8eb
4322,36.367678,11.583244,1.146938,0.203365,3.2603983416724027,True,0.07172278661790805,True,30842b15eefb0ef7e36cbdea86a9efddfacf69a871c8b054165faa9af9f6c8eb
4323,31.216876,11.647396,0.399718,0.82724,3.1314443780483447,True,0.0688860358140791,True,30842b15eefb0ef7e36cbdea86a9efddfacf69a871c8b054165faa9af9f6c8eb
4324,29.992277,9.933836,0.851901,0.127756,7.115391355906215,True,0.15652556603276738,True,30842b15eefb0ef7e36cbdea86a9efddfacf69a871c8b054165faa9af9f6c8eb
4325,31.352682,9.677671,1.232157,0.228596,7.7982685406975945,True,0.17154761226099205,True,30842b15eefb0ef7e36cbdea86a9efddfacf69a871c8b054165faa9af9f6c8eb
4326,33.548131,8.332169,0.781352,0.817439,11.709727637441771,True,0.25759254197855413,False,30842b15eefb0ef7e36cbdea86a9efddfacf69a871c8b054165faa9af9f6c8eb
4327,31.848015,3.540872,0.920516,0.51207,29.353823078534138,True,0.6457302968696788,False,30842b15eefb0ef7e36cbdea86a9efddfacf69a871c8b054165faa9af9f6c8eb
4328,32.054993,6.356707,0.811416,0.589074,18.337588285741873,True,0.40339332617580664,False,30842b15eefb0ef7e36cbdea86a9efddfacf69a871c8b054165faa9af9f6c8eb
4329,40.475816,3.409529,0.493075,0.091302,18.756965464236814,True,0.41261885530860093,False,30842b15eefb0ef7e36cbdea86a9efddfacf69a871c8b054165faa9af9f6c8eb
4330,32.917472,11.117186,1.287801,0.6215,4.247627160021308,True,0.09344001085289771,True,30842b15eefb0ef7e36cbdea86a9efddfacf69a871c8b054165faa9af9f6c8eb
4331,41.406998,8.004331,0.439656,0.587134,0.0,False,0.0,True,30842b15eefb0ef7e36cbdea86a9efddfacf69a871c8b054165faa9af9f6c8eb
4332,39.701022,9.297673,1.000566,0.410012,8.848928691845728,True,0.19466020953647803,True,30842b15eefb0ef7e36cbdea86a9efddfacf69a871c8b054165faa9af9f6c8eb
4333,29.14511,0.967561,0.543042,0.390522,40.82817866720869,True,0.8981450852548202,False,30842b15eefb0ef7e36cbdea86a9efddfacf69a871c8b054165faa9af9f6c8eb
4334,28.848687,4.560971,0.042945,0.27686,25.165898227357417,True,0.5536036273662495,False,30842b15eefb0ef7e36cbdea86a9efddfacf69a871c8b054165faa9af9f6c8eb
4335,36.232627,1.504661,1.317725,0.335887,38.3304148795191,True,0.8431988607776889,False,30842b15eefb0ef7e36cbdea86a9efddfacf69a871c8b054165faa9af9f6c8eb
4336,35.3587,2.657206,0.782548,0.704387,33.15137320347151,True,0.7292694380232048,False,30842b15eefb0ef7e36cbdea86a9efddfacf69a871c8b054165faa9af9f6c8eb
4337,39.403429,7.698072,0.284076,0.789911,13.728769418367563,True,0.30200775989076223,False,30842b15eefb0ef7e36cbdea86a9efddfacf69a871c8b054165faa9af9f6c8eb
4338,32.261077,4.917515,0.761379,0.081964,23.753548062749474,True,0.5225345128377521,False,30842b15eefb0ef7e36cbdea86a9efddfacf69a871c8b054165faa9af9f6c8eb
4339,33.290431,13.154856,0.336295,0.097728,0.0,False,0.0,True,30842b15eefb0ef7e36cbdea86a9efddfacf69a871c8b054165faa9af9f6c8eb
4340,34.079997,3.734942,1.306301,0.681786,28.540630743760904,True,0.6278415562330539,False,30842b15eefb0ef7e36cbdea86a9efddfacf69a871c8b054165faa9af9f6c8eb
4341,30.066986,12.818888,0.621694,0.820373,1.113930456224364,True,0.02450442800126924,True,30842b15eefb0ef7e36cbdea86a9efddfacf69a871c8b054165faa9af9f6c8eb
4342,32.332014,9.309406,0.958592,0.670653,8.815830284706362,True,0.19393210525476878,True,30842b15eefb0ef7e36cbdea86a9efddfacf69a871c8b054165faa9af9f6c8eb
4343,36.405095,9.757956,0.098551,0.698479,7.582007481920279,True,0.16679026541346173,True,30842b15eefb0ef7e36cbdea86a9efddfacf69a871c8b054165faa9af9f6c8eb
4344,39.352704,4.109211,1.231445,0.542288,25.88039459451231,True,0.5693212376428007,False,30842b15eefb0ef7e36cbdea86a9efddfacf69a871c8b054165faa9af9f6c8eb
4345,38.759376,6.596035,1.188729,0.730974,17.483081857959448,True,0.38459575122917217,False,30842b15eefb0ef7e36cbdea86a9efddfacf69a871c8b054165faa9af9f6c8eb
4346,40.882703,0.916461,1.263021,0.56855,14.680263359255484,True,0.3229388823300932,False,30842b15eefb0ef7e36cbdea86a9efddfacf69a871c8b054165faa9af9f6c8eb
4347,30.570322,8.556202,0.236424,0.932588,11.022356613184934,True,0.2424716395201086,False,30842b15eefb0ef7e36cbdea86a9efddfacf69a871c8b054165faa9af9f6c8eb
4348,37.344867,2.45978,0.405049,0.329229,34.020648482800816,True,0.748391900629899,False,30842b15eefb0ef7e36cbdea86a9efddfacf69a871c8b054165faa9af9f6c8eb
4349,36.747854,13.340371,0.364821,0.260926,0.0,False,0.0,True,30842b15eefb0ef7e36cbdea86a9efddfacf69a871c8b054165faa9af9f6c8eb
4350,37.6943,10.366528,1.484325,0.94029,6.010411158041011,True,0.13221802730795995,True,30842b15eefb0ef7e36cbdea86a9efddfacf69a871c8b054165faa9af9f6c8eb
4351,35.963762,10.50581,0.306932,0.497209,5.6681486338383005,True,0.12468887920450894,True,30842b15eefb0ef7e36cbdea86a9efddfacf69a871c8b054165faa9af9f6c8eb
4352,38.541509,7.082832,0.462911,0.924976,15.787520987127998,True,0.34729652034012104,False,30842b15eefb0ef7e36cbdea86a9efddfacf69a871c8b054165faa9af9f6c8eb
4353,35.451545,10.930419,0.414515,0.848065,4.667024732339154,True,0.10266598861241039,True,30842b15eefb0ef7e36cbdea86a9efddfacf69a871c8b054165faa9af9f6c8eb
4354,28.864128,0.990602,0.204035,0.495677,40.719951863007985,True,0.8957642939616791,False,30842b15eefb0ef7e36cbdea86a9efddfacf69a871c8b054165faa9af9f6c8eb
4355,37.143759,7.230891,1.187734,0.090534,15.283355545468114,True,0.33620580484989443,False,30842b15eefb0ef7e36cbdea86a9efddfacf69a871c8b054165faa9af9f6c8eb
4356,28.193327,6.471688,0.55869,0.759996,17.925359303403887,True,0.3943250442545311,False,30842b15eefb0ef7e36cbdea86a9efddfacf69a871c8b054165faa9af9f6c8eb
4357,28.749112,9.136647,0.623034,0.663065,9.307330706338824,True,0.20474421352166072,False,30842b15eefb0ef7e36cbdea86a9efddfacf69a871c8b054165faa9af9f6c8eb
4358,30.720878,2.508065,1.247463,0.47071,33.807355209060006,True,0.7436998396126859,False,30842b15eefb0ef7e36cbdea86a9efddfacf69a871c8b054165faa9af9f6c8eb
4359,33.528612,10.727733,1.381414,0.327919,5.136822442121812,True,0.11300067700359626,True,30842b15eefb0ef7e36cbdea86a9efddfacf69a871c8b054165faa9af9f6c8eb
4360,36.203819,2.198103,0.628835,0.775072,35.18432190494265,True,0.7739905826935141,False,30842b15eefb0ef7e36cbdea86a9efddfacf69a871c8b054165faa9af9f6c8eb
4361,28.301232,4.526165,0.289749,0.683172,25.305223666616172,True,0.5566685316212542,False,30842b15eefb0ef7e36cbdea86a9efddfacf69a871c8b054165faa9af9f6c8eb
4362,30.364348,8.879436,1.478191,0.881524,10.055372259979883,True,0.22119975640652362,False,30842b15eefb0ef7e36cbdea86a9efddfacf69a871c8b054165faa9af9f6c8eb
4363,28.771094,1.056701,1.002882,0.959978,40.41000750403544,True,0.8889460862482592,False,30842b15eefb0ef7e36cbdea86a9efddfacf69a871c8b054165faa9af9f6c8eb
4364,31.318407,1.629884,0.31653,0.166764,37.7556641025818,True,0.8305553973070242,False,30842b15eefb0ef7e36cbdea86a9efddfacf69a871c8b054165faa9af9f6c8eb
4365,36.114341,10.920984,1.080188,0.803252,4.688558875348247,True,0.1031397002826379,True,30842b15eefb0ef7e36cbdea86a9efddfacf69a871c8b054165faa9af9f6c8eb
4366,41.851894,7.512836,0.489593,0.385763,0.0,False,0.0,True,30842b15eefb0ef7e36cbdea86a9efddfacf69a871c8b054165faa9af9f6c8eb
4367,39.331951,6.286961,0.495589,0.684157,18.58915918095199,True,0.4089274246955526,False,30842b15eefb0ef7e36cbdea86a9efddfacf69a871c8b054165faa9af9f6c8eb
4368,38.700008,1.741105,0.698657,0.929638,30.20397599481946,True,0.6644321025441496,False,30842b15eefb0ef7e36cbdea86a9efddfacf69a871c8b054165faa9af9f6c8eb
4369,33.889921,2.875186,0.610425,0.578544,32.20035007157662,True,0.7083486725186426,False,30842b15eefb0ef7e36cbdea86a9efddfacf69a871c8b054165faa9af9f6c8eb
4370,37.507223,5.151146,0.919409,0.54632,22.842940038414355,True,0.502502805611315,False,30842b15eefb0ef7e36cbdea86a9efddfacf69a871c8b054165faa9af9f6c8eb
4371,33.866868,9.256002,0.552953,0.855456,8.966814826704795,True,0.1972534883968058,True,30842b15eefb0ef7e36cbdea86a9efddfacf69a871c8b054165faa9af9f6c8eb
4372,41.288802,10.165021,1.350213,0.584211,0.0,False,0.0,True,30842b15eefb0ef7e36cbdea86a9efddfacf69a871c8b054165faa9af9f6c8eb
4373,39.343468,0.904966,1.256837,0.809629,25.91244264619995,True,0.5700262360300632,False,30842b15eefb0ef7e36cbdea86a9efddfacf69a871c8b054165faa9af9f6c8eb
4374,28.587752,4.629126,0.956785,0.726085,24.893823326791626,True,0.5476184783162229,False,30842b15eefb0ef7e36cbdea86a9efddfacf69a871c8b054165faa9af9f6c8eb
4375,41.778341,9.333663,0.159926,0.2386,0.0,False,0.0,True,30842b15eefb0ef7e36cbdea86a9efddfacf69a871c8b054165faa9af9f6c8eb
4376,33.294217,13.915672,1.227233,0.912048,0.0,False,0.0,True,30842b15eefb0ef7e36cbdea86a9efddfacf69a871c8b054165faa9af9f6c8eb
4377,41.793096,11.011365,0.167004,0.875744,0.0,False,0.0,True,30842b15eefb0ef7e36cbdea86a9efddfacf69a871c8b054165faa9af9f6c8eb
4378,37.946692,10.825454,0.484621,0.519973,4.908444582873086,True,0.10797678275797809,True,30842b15eefb0ef7e36cbdea86a9efddfacf69a871c8b054165faa9af9f6c8eb
4379,28.956825,0.321085,1.125301,0.936743,43.25682121127748,True,0.9515707690840145,False,30842b15eefb0ef7e36cbdea86a9efddfacf69a871c8b054165faa9af9f6c8eb
4380,35.188155,2.773692,1.448652,0.692332,32.64200936864854,True,0.7180643674129836,False,30842b15eefb0ef7e36cbdea86a9efddfacf69a871c8b054165faa9af9f6c8eb
4381,37.673239,9.764361,1.222291,0.672017,7.564842022678042,True,0.16641265677751885,True,30842b15eefb0ef7e36cbdea86a9efddfacf69a871c8b054165faa9af9f6c8eb
4382,39.815412,6.0951,0.480331,0.938278,19.28705974687203,True,0.4242799577680374,False,30842b15eefb0ef7e36cbdea86a9efddfacf69a871c8b054165faa9af9f6c8eb
4383,38.288738,3.648085,0.14159,0.388636,28.903637469331883,True,0.63582703873874,False,30842b15eefb0ef7e36cbdea86a9efddfacf69a871c8b054165faa9af9f6c8eb
4384,36.137601,10.864717,0.085564,0.516799,4.817664768401551,True,0.1059797932553962,True,30842b15eefb0ef7e36cbdea86a9efddfacf69a871c8b054165faa9af9f6c8eb
4385,36.637562,2.535181,1.219594,0.220587,33.68776969994841,True,0.7410691776340624,False,30842b15eefb0ef7e36cbdea86a9efddfacf69a871c8b054165faa9af9f6c8eb
4386,36.640476,5.948808,0.401767,0.872088,19.824933111461867,True,0.4361121857700137,False,30842b15eefb0ef7e36cbdea86a9efddfacf69a871c8b054165faa9af9f6c8eb
4387,38.860349,7.259387,1.445149,0.822447,15.186949394407614,True,0.33408504625644625,False,30842b15eefb0ef7e36cbdea86a9efddfacf69a871c8b054165faa9af9f6c8eb
4388,32.895213,4.53091,0.112863,0.476752,25.286214746215048,True,0.556250370219213,False,30842b15eefb0ef7e36cbdea86a9efddfacf69a871c8b054165faa9af9f6c8eb
4389,29.687467,1.469896,1.152193,0.777893,38.490492567248566,True,0.8467202764564307,False,30842b15eefb0ef7e36cbdea86a9efddfacf69a871c8b054165faa9af9f6c8eb
4390,36.971942,13.49193,0.104047,0.227815,0.0,False,0.0,True,30842b15eefb0ef7e36cbdea86a9efddfacf69a871c8b054165faa9af9f6c8eb
4391,34.280279,0.653431,0.403222,0.061217,42.31320376827498,True,0.9308129151591199,False,30842b15eefb0ef7e36cbdea86a9efddfacf69a871c8b054165faa9af9f6c8eb
4392,38.455213,7.305492,0.137983,0.601258,15.031400717661203,True,0.3306632605168368,False,30842b15eefb0ef7e36cbdea86a9efddfacf69a871c8b054165faa9af9f6c8eb
4393,36.267346,9.783537,1.352327,0.633218,7.51352776990287,True,0.16528383728475612,True,30842b15eefb0ef7e36cbdea86a9efddfacf69a871c8b054165faa9af9f6c8eb
4394,36.387616,9.521234,0.901659,0.711206,8.225437643287435,True,0.1809445494398703,True,30842b15eefb0ef7e36cbdea86a9efddfacf69a871c8b054165faa9af9f6c8eb
4395,34.811834,9.567026,0.361056,0.483152,8.099612305601028,True,0.17817662267133338,True,30842b15eefb0ef7e36cbdea86a9efddfacf69a871c8b054165faa9af9f6c8eb
4396,36.762575,1.192324,0.123265,0.119737,39.15228091002687,True,0.861278406820023,False,30842b15eefb0ef7e36cbdea86a9efddfacf69a871c8b054165faa9af9f6c8eb
4397,40.409275,4.565866,0.193895,0.072096,19.572666503595013,True,0.43056278284718646,False,30842b15eefb0ef7e36cbdea86a9efddfacf69a871c8b054165faa9af9f6c8eb
4398,28.571726,0.999985,0.748724,0.167677,40.67590604236732,True,0.894795366651527,False,30842b15eefb0ef7e36cbdea86a9efddfacf69a871c8b054165faa9af9f6c8eb
4399,31.311702,11.408921,0.143678,0.80684,3.619448796096589,True,0.07962123841092407,True,30842b15eefb0ef7e36cbdea86a9efddfacf69a871c8b054165faa9af9f6c8eb
4400,38.68162,8.811483,0.225647,0.114563,10.256196226703768,True,0.22561751552785564,False,30842b15eefb0ef7e36cbdea86a9efddfacf69a871c8b054165faa9af9f6c8eb
4401,40.114154,8.711866,1.034967,0.827581,10.552980427430079,True,0.23214622388480471,False,30842b15eefb0ef7e36cbdea86a9efddfacf69a871c8b054165faa9af9f6c8eb
4402,30.595166,1.545142,1.091225,0.914596,38.14429794499443,True,0.8391046294040939,False,30842b15eefb0ef7e36cbdea86a9efddfacf69a871c8b054165faa9af9f6c8eb
4403,34.866354,9.733868,0.917312,0.077857,7.646679519859405,True,0.16821293169259924,True,30842b15eefb0ef7e36cbdea86a9efddfacf69a871c8b054165faa9af9f6c8eb
4404,28.189044,2.790773,0.788618,0.622395,32.567539735592725,True,0.71642617200204,False,30842b15eefb0ef7e36cbdea86a9efddfacf69a871c8b054165faa9af9f6c8eb
4405,38.818402,12.681225,0.988216,0.079662,0.0,False,0.0,True,30842b15eefb0ef7e36cbdea86a9efddfacf69a871c8b054165faa9af9f6c8eb
4406,37.099618,3.06405,0.581649,0.824638,31.383850712579378,True,0.6903871834114622,False,30842b15eefb0ef7e36cbdea86a9efddfacf69a871c8b054165faa9af9f6c8eb
4407,32.242424,8.015247,0.709456,0.057687,12.705471958423704,True,0.2794970916610165,False,30842b15eefb0ef7e36cbdea86a9efddfacf69a871c8b054165faa9af9f6c8eb
4408,29.616863,3.526567,1.321081,0.673018,29.414064713894774,True,0.6470555024138174,False,30842b15eefb0ef7e36cbdea86a9efddfacf69a871c8b054165faa9af9f6c8eb
4409,28.356305,9.811635,0.9708,0.650533,7.43854916806754,True,0.1636344454936948,True,30842b15eefb0ef7e36cbdea86a9efddfacf69a871c8b054165faa9af9f6c8eb
4410,34.373716,11.264805,0.034798,0.722553,3.925580577163681,True,0.0863555763995677,True,30842b15eefb0ef7e36cbdea86a9efddfacf69a871c8b054165faa9af9f6c8eb
4411,40.463912,6.689132,0.211966,0.656346,17.154373802389415,True,0.37736477658785156,False,30842b15eefb0ef7e36cbdea86a9efddfacf69a871c8b054165faa9af9f6c8eb
4412,32.479838,1.361718,1.189929,0.722248,38.9900253710759,True,0.8577090824068029,False,30842b15eefb0ef7e36cbdea86a9efddfacf69a871c8b054165faa9af9f6c8eb
4413,30.252609,10.803491,1.249221,0.939042,4.959470972422361,True,0.10909926978747635,True,30842b15eefb0ef7e36cbdea86a9efddfacf69a871c8b054165faa9af9f6c8eb
4414,39.600922,7.207981,0.85702,0.52817,15.361010766774498,True,0.33791407736259216,False,30842b15eefb0ef7e36cbdea86a9efddfacf69a871c8b054165faa9af9f6c8eb
4415,34.350268,4.507667,0.660181,0.18808,25.379373857107232,True,0.5582996998813692,False,30842b15eefb0ef7e36cbdea86a9efddfacf69a871c8b054165faa9af9f6c8eb
4416,37.266996,2.479108,0.249249,0.740388,33.935215662533594,True,0.7465125351978061,False,30842b15eefb0ef7e36cbdea86a9efddfacf69a871c8b054165faa9af9f6c8eb
4417,38.534126,13.746769,1.346163,0.786526,0.0,False,0.0,True,30842b15eefb0ef7e36cbdea86a9efddfacf69a871c8b054165faa9af9f6c8eb
4418,36.917406,6.563444,1.000863,0.469086,17.598645145855862,True,0.38713793171451955,False,30842b15eefb0ef7e36cbdea86a9efddfacf69a871c8b054165faa9af9f6c8eb
4419,32.078055,6.329952,1.303251,0.756842,18.433957339221738,True,0.4055132686904875,False,30842b15eefb0ef7e36cbdea86a9efddfacf69a871c8b054165faa9af9f6c8eb
4420,41.335509,10.854315,1.369514,0.175153,0.0,False,0.0,True,30842b15eefb0ef7e36cbdea86a9efddfacf69a871c8b054165faa9af9f6c8eb
4421,29.36752,1.076564,0.555193,0.540353,40.31702240554151,True,0.8869005845398684,False,30842b15eefb0ef7e36cbdea86a9efddfacf69a871c8b054165faa9af9f6c8eb
4422,36.528768,5.998973,1.097578,0.43373,19.639935596551283,True,0.43204257957583037,False,30842b15eefb0ef7e36cbdea86a9efddfacf69a871c8b054165faa9af9f6c8eb
4423,32.593467,3.412064,0.38426,0.151378,29.897743840613572,True,0.6576955565304545,False,30842b15eefb0ef7e36cbdea86a9efddfacf69a871c8b054165faa9af9f6c8eb
4424,34.992694,5.865407,1.060999,0.932535,20.133774415639767,True,0.44290612830005,False,30842b15eefb0ef7e36cbdea86a9efddfacf69a871c8b054165faa9af9f6c8eb
4425,38.487743,10.527799,0.549406,0.815351,5.614728258055841,True,0.12351372886648966,True,30842b15eefb0ef7e36cbdea86a9efddfacf69a871c8b054165faa9af9f6c8eb
4426,38.815599,7.363551,1.359028,0.784135,14.836282604106813,True,0.3263710197053745,False,30842b15eefb0ef7e36cbdea86a9efddfacf69a871c8b054165faa9af9f6c8eb
4427,30.30553,13.089451,0.930896,0.123772,0.0,False,0.0,True,30842b15eefb0ef7e36cbdea86a9efddfacf69a871c8b054165faa9af9f6c8eb
4428,37.371361,13.432076,0.41232,0.145094,0.0,False,0.0,True,30842b15eefb0ef7e36cbdea86a9efddfacf69a871c8b054165faa9af9f6c8eb
4429,37.278846,0.591987,1.143325,0.556898,36.28597069073345,True,0.7982248364597645,False,30842b15eefb0ef7e36cbdea86a9efddfacf69a871c8b054165faa9af9f6c8eb
4430,33.739163,12.32059,0.574151,0.626814,1.888672068653454,True,0.041547323233439876,True,30842b15eefb0ef7e36cbdea86a9efddfacf69a871c8b054165faa9af9f6c8eb
4431,32.516038,11.073297,0.838054,0.998758,4.344996535148679,True,0.09558195861005346,True,30842b15eefb0ef7e36cbdea86a9efddfacf69a871c8b054165faa9af9f6c8eb
4432,40.317145,5.667867,0.83708,0.254407,19.633649929861566,True,0.4319043064314186,False,30842b15eefb0ef7e36cbdea86a9efddfacf69a871c8b054165faa9af9f6c8eb
4433,31.350378,2.030943,0.571581,0.849703,35.934479464294526,True,0.7904926738249943,False,30842b15eefb0ef7e36cbdea86a9efddfacf69a871c8b054165faa9af9f6c8eb
4434,29.386098,5.738064,0.151051,0.479534,20.608396194556896,True,0.45334693736880444,False,30842b15eefb0ef7e36cbdea86a9efddfacf69a871c8b054165faa9af9f6c8eb
4435,36.251185,5.380009,0.938474,0.568128,21.96249491428319,True,0.4831346268953224,False,30842b15eefb0ef7e36cbdea86a9efddfacf69a871c8b054165faa9af9f6c8eb
4436,31.757945,4.778417,0.291905,0.105104,24.301309390314522,True,0.5345842578987614,False,30842b15eefb0ef7e36cbdea86a9efddfacf69a871c8b054165faa9af9f6c8eb
4437,29.113957,7.847739,1.248335,0.162226,13.242609799613316,True,0.291313139496535,False,30842b15eefb0ef7e36cbdea86a9efddfacf69a871c8b054165faa9af9f6c8eb
4438,35.710522,3.171734,0.339684,0.68867,30.921448432740668,True,0.6802151809218847,False,30842b15eefb0ef7e36cbdea86a9efddfacf69a871c8b054165faa9af9f6c8eb
4439,37.302791,10.542718,0.333585,0.519804,5.5785799675788885,True,0.12271853274234039,True,30842b15eefb0ef7e36cbdea86a9efddfacf69a871c8b054165faa9af9f6c8eb
4440,32.449402,0.557685,1.334896,0.534476,42.76934090878924,True,0.9408470960686911,False,30842b15eefb0ef7e36cbdea86a9efddfacf69a871c8b054165faa9af9f6c8eb
4441,29.552512,4.412114,0.745245,0.883514,25.76355254339758,True,0.5667509267108544,False,30842b15eefb0ef7e36cbdea86a9efddfacf69a871c8b054165faa9af9f6c8eb
4442,37.711551,11.423959,1.093713,0.391079,3.5879849421373016,True,0.07892909130274543,True,30842b15eefb0ef7e36cbdea86a9efddfacf69a871c8b054165faa9af9f6c8eb
4443,33.134167,5.890065,0.016564,0.123504,20.042298014211013,True,0.440893815161379,False,30842b15eefb0ef7e36cbdea86a9efddfacf69a871c8b054165faa9af9f6c8eb
4444,34.85424,12.909249,1.268696,0.811241,0.0,False,0.0,True,30842b15eefb0ef7e36cbdea86a9efddfacf69a871c8b054165faa9af9f6c8eb
4445,28.143928,5.63716,1.467566,0.470166,20.987085755907366,True,0.4616774135121695,False,30842b15eefb0ef7e36cbdea86a9efddfacf69a871c8b054165faa9af9f6c8eb
4446,37.600383,1.796775,0.175085,0.725377,35.9696937438531,True,0.7912673234211499,False,30842b15eefb0ef7e36cbdea86a9efddfacf69a871c8b054165faa9af9f6c8eb
4447,36.770649,0.167421,1.368385,0.542734,37.88026621089285,True,0.8332964152717036,False,30842b15eefb0ef7e36cbdea86a9efddfacf69a871c8b054165faa9af9f6c8eb
4448,28.395639,1.350727,0.72054,0.578983,39.04089848731548,True,0.8588281977044654,False,30842b15eefb0ef7e36cbdea86a9efddfacf69a871c8b054165faa9af9f6c8eb
4449,38.57323,3.57418,1.211667,0.842667,29.213715081117332,True,0.6426481777697673,False,30842b15eefb0ef7e36cbdea86a9efddfacf69a871c8b054165faa9af9f6c8eb
4450,29.564973,10.452231,0.339027,0.509822,5.799018005956037,True,0.1275677654839092,True,30842b15eefb0ef7e36cbdea86a9efddfacf69a871c8b054165faa9af9f6c8eb
4451,37.894252,9.495896,0.882065,0.083224,8.295337689316328,True,0.18248222231309985,True,30842b15eefb0ef7e36cbdea86a9efddfacf69a871c8b054165faa9af9f6c8eb
4452,35.319593,12.756243,1.197174,0.630057,1.2037180208262774,True,0.026479589825692637,True,30842b15eefb0ef7e36cbdea86a9efddfacf69a871c8b054165faa9af9f6c8eb
4453,35.89577,13.687492,0.453409,0.737125,0.0,False,0.0,True,30842b15eefb0ef7e36cbdea86a9efddfacf69a871c8b054165faa9af9f6c8eb
4454,41.927855,3.259892,0.88023,0.374047,0.0,False,0.0,True,30842b15eefb0ef7e36cbdea86a9efddfacf69a871c8b054165faa9af9f6c8eb
4455,41.386679,4.033415,0.935945,0.812486,10.481757080903046,True,0.23057944082646487,False,30842b15eefb0ef7e36cbdea86a9efddfacf69a871c8b054165faa9af9f6c8eb
4456,31.745253,8.870974,1.41901,0.35799,10.080308098213477,True,0.22174829913576857,False,30842b15eefb0ef7e36cbdea86a9efddfacf69a871c8b054165faa9af9f6c8eb
4457,31.985237,1.299552,0.575664,0.828714,39.278058839218545,True,0.8640452906885842,False,30842b15eefb0ef7e36cbdea86a9efddfacf69a871c8b054165faa9af9f6c8eb
4458,35.227313,3.39991,0.137144,0.567559,29.94923850016637,True,0.6588283446416069,False,30842b15eefb0ef7e36cbdea86a9efddfacf69a871c8b054165faa9af9f6c8eb
4459,33.756125,1.921331,0.994923,0.10424,36.429237036911786,True,0.801376433442606,False,30842b15eefb0ef7e36cbdea86a9efddfacf69a871c8b054165faa9af9f6c8eb
4460,35.389945,10.534974,0.3627,0.652778,5.59733373378808,True,0.1231310812199028,True,30842b15eefb0ef7e36cbdea86a9efddfacf69a871c8b054165faa9af9f6c8eb
4461,32.343115,5.374533,1.011081,0.332999,21.983426326015078,True,0.48359507958236664,False,30842b15eefb0ef7e36cbdea86a9efddfacf69a871c8b054165faa9af9f6c8eb
4462,40.200547,6.135533,1.43378,0.786247,19.1392712290069,True,0.4210288812980438,False,30842b15eefb0ef7e36cbdea86a9efddfacf69a871c8b054165faa9af9f6c8eb
4463,33.895161,6.705578,1.159929,0.917086,17.096522509144197,True,0.3760921541883234,False,30842b15eefb0ef7e36cbdea86a9efddfacf69a871c8b054165faa9af9f6c8eb
4464,35.289889,11.526448,1.030336,0.330256,3.3760045433856747,True,0.07426591112855749,True,30842b15eefb0ef7e36cbdea86a9efddfacf69a871c8b054165faa9af9f6c8eb
4465,33.978081,2.13039,0.540589,0.424285,35.48755917463391,True,0.7806612467380514,False,30842b15eefb0ef7e36cbdea86a9efddfacf69a871c8b054165faa9af9f6c8eb
4466,39.989807,8.70072,0.328427,0.065617,10.586362375951127,True,0.23288056555712844,False,30842b15eefb0ef7e36cbdea86a9efddfacf69a871c8b054165faa9af9f6c8eb
4467,32.656654,8.713619,0.007418,0.117239,10.54773344196699,True,0.23203079982328856,False,30842b15eefb0ef7e36cbdea86a9efddfacf69a871c8b054165faa9af9f6c8eb
4468,40.612923,11.87958,1.199958,0.199035,0.0,False,0.0,True,30842b15eefb0ef7e36cbdea86a9efddfacf69a871c8b054165faa9af9f6c8eb
4469,34.347204,8.248745,0.630236,0.353428,11.969207364315327,True,0.2633006202965792,False,30842b15eefb0ef7e36cbdea86a9efddfacf69a871c8b054165faa9af9f6c8eb
4470,38.0032,10.345407,0.25522,0.336994,6.06289409857047,True,0.1333725557889013,True,30842b15eefb0ef7e36cbdea86a9efddfacf69a871c8b054165faa9af9f6c8eb
4471,28.129338,1.314089,0.818697,0.838631,39.210641328984714,True,0.8625622290519096,False,30842b15eefb0ef7e36cbdea86a9efddfacf69a871c8b054165faa9af9f6c8eb
4472,34.115359,5.296124,0.187245,0.425503,22.283863944039084,True,0.49020415642249143,False,30842b15eefb0ef7e36cbdea86a9efddfacf69a871c8b054165faa9af9f6c8eb
4473,28.048781,13.191749,0.370217,0.377849,0.0,False,0.0,True,30842b15eefb0ef7e36cbdea86a9efddfacf69a871c8b054165faa9af9f6c8eb
4474,37.749651,0.88824,0.976647,0.169251,34.535173705264434,True,0.7597105123064589,False,30842b15eefb0ef7e36cbdea86a9efddfacf69a871c8b054165faa9af9f6c8eb
4475,41.864303,4.723727,1.206335,0.171165,0.0,False,0.0,True,30842b15eefb0ef7e36cbdea86a9efddfacf69a871c8b054165faa9af9f6c8eb
4476,28.021062,3.831061,0.757434,0.796782,28.140701444043142,True,0.6190438447818841,False,30842b15eefb0ef7e36cbdea86a9efddfacf69a871c8b054165faa9af9f6c8eb
4477,29.51348,8.778623,1.244595,0.785213,10.353782391218829,True,0.22776423225412645,False,30842b15eefb0ef7e36cbdea86a9efddfacf69a871c8b054165faa9af9f6c8eb
4478,31.391067,3.442368,0.370984,0.795823,29.769479091961998,True,0.6548739671925647,False,30842b15eefb0ef7e36cbdea86a9efddfacf69a871c8b054165faa9af9f6c8eb
4479,41.148162,13.400456,0.911726,0.924466,0.0,False,0.0,True,30842b15eefb0ef7e36cbdea86a9efddfacf69a871c8b054165faa9af9f6c8eb
4480,35.627279,5.140209,0.466679,0.935316,22.885303221795954,True,0.5034347179863456,False,30842b15eefb0ef7e36cbdea86a9efddfacf69a871c8b054165faa9af9f6c8eb
4481,41.497289,6.557013,0.010035,0.746989,0.0,False,0.0,True,30842b15eefb0ef7e36cbdea86a9efddfacf69a871c8b054165faa9af9f6c8eb
4482,29.376431,4.247365,0.566348,0.752046,26.43044111528085,True,0.5814212527651151,False,30842b15eefb0ef7e36cbdea86a9efddfacf69a871c8b054165faa9af9f6c8eb
4483,40.139926,1.216939,0.35912,0.693335,21.430768378197673,True,0.47143761785219457,False,30842b15eefb0ef7e36cbdea86a9efddfacf69a871c8b054165faa9af9f6c8eb
4484,34.588332,13.440247,0.257579,0.473312,0.0,False,0.0,True,30842b15eefb0ef7e36cbdea86a9efddfacf69a871c8b054165faa9af9f6c8eb
4485,40.255926,10.926396,1.213237,0.625173,0.0,False,0.0,True,30842b15eefb0ef7e36cbdea86a9efddfacf69a871c8b054165faa9af9f6c8eb
4486,36.727031,7.317711,0.712212,0.335471,14.990265913451555,True,0.3297583702317483,False,30842b15eefb0ef7e36cbdea86a9efddfacf69a871c8b054165faa9af9f6c8eb
4487,28.75671,2.55377,1.170301,0.067764,33.605871148732774,True,0.7392675596421511,False,30842b15eefb0ef7e36cbdea86a9efddfacf69a871c8b054165faa9af9f6c8eb
4488,28.101243,5.984529,0.589348,0.816356,19.693142619950528,True,0.43321303655253235,False,30842b15eefb0ef7e36cbdea86a9efddfacf69a871c8b054165faa9af9f6c8eb
4489,32.424217,13.81144,0.743446,0.101153,0.0,False,0.0,True,30842b15eefb0ef7e36cbdea86a9efddfacf69a871c8b054165faa9af9f6c8eb
4490,40.721379,3.225012,1.110529,0.707755,16.174740059756445,True,0.35581463009546727,False,30842b15eefb0ef7e36cbdea86a9efddfacf69a871c8b054165faa9af9f6c8eb
4491,34.787893,4.259826,0.901382,0.963185,26.37980180068094,True,0.5803072806749247,False,30842b15eefb0ef7e36cbdea86a9efddfacf69a871c8b054165faa9af9f6c8eb
4492,41.365855,5.727701,0.762815,0.71372,8.344519356725389,True,0.18356412883722217,True,30842b15eefb0ef7e36cbdea86a9efddfacf69a871c8b054165faa9af9f6c8eb
4493,41.930824,8.535988,1.13635,0.521928,0.0,False,0.0,True,30842b15eefb0ef7e36cbdea86a9efddfacf69a871c8b054165faa9af9f6c8eb
4494,35.356281,7.368512,1.093385,0.376354,14.819649678639468,True,0.3260051258362487,False,30842b15eefb0ef7e36cbdea86a9efddfacf69a871c8b054165faa9af9f6c8eb
4495,34.776739,2.484277,1.078795,0.447028,33.91238000191467,True,0.7460101925260791,False,30842b15eefb0ef7e36cbdea86a9efddfacf69a871c8b054165faa9af9f6c8eb
4496,33.268555,13.23246,0.73906,0.314741,0.0,False,0.0,True,30842b15eefb0ef7e36cbdea86a9efddfacf69a871c8b054165faa9af9f6c8eb
4497,30.56433,2.939768,0.699377,0.120625,31.920362199242987,True,0.7021894525956296,False,30842b15eefb0ef7e36cbdea86a9efddfacf69a871c8b054165faa9af9f6c8eb
4498,30.006433,5.267575,0.141208,0.594401,22.393591510483432,True,0.4926179617338245,False,30842b15eefb0ef7e36cbdea86a9efddfacf69a871c8b054165faa9af9f6c8eb
4499,37.683196,10.412864,1.395094,0.505203,5.895806466741834,True,0.12969693419047118,True,30842b15eefb0ef7e36cbdea86a9efddfacf69a871c8b054165faa9af9f6c8eb
4500,30.432686,11.275851,0.088679,0.720588,3.9018245993126053,True,0.08583298843584102,True,30842b15eefb0ef7e36cbdea86a9efddfacf69a871c8b054165faa9af9f6c8eb
4501,39.985967,6.121387,1.456914,0.690622,19.190933822818145,True,0.42216536365502805,False,30842b15eefb0ef7e36cbdea86a9efddfacf69a871c8b054165faa9af9f6c8eb
4502,29.518444,4.188658,0.198417,0.470383,26.66945108308878,True,0.586679033908461,False,30842b15eefb0ef7e36cbdea86a9efddfacf69a871c8b054165faa9af9f6c8eb
4503,34.945111,2.725847,1.400056,0.691681,32.85090526173673,True,0.7226596941170318,False,30842b15eefb0ef7e36cbdea86a9efddfacf69a871c8b054165faa9af9f6c8eb
4504,34.845769,13.379861,1.235231,0.25088,0.0,False,0.0,True,30842b15eefb0ef7e36cbdea86a9efddfacf69a871c8b054165faa9af9f6c8eb
4505,29.13037,2.201895,0.960738,0.238186,35.167365957385684,True,0.7736175829305744,False,30842b15eefb0ef7e36cbdea86a9efddfacf69a871c8b054165faa9af9f6c8eb
4506,40.270737,11.341517,0.500751,0.599856,0.0,False,0.0,True,30842b15eefb0ef7e36cbdea86a9efddfacf69a871c8b054165faa9af9f6c8eb
4507,39.341485,2.140256,0.450347,0.935497,26.731250607248736,True,0.5880385101502932,False,30842b15eefb0ef7e36cbdea86a9efddfacf69a871c8b054165faa9af9f6c8eb
4508,33.672964,11.898703,0.26027,0.117447,2.643337493353442,True,0.0581485791388475,True,30842b15eefb0ef7e36cbdea86a9efddfacf69a871c8b054165faa9af9f6c8eb
4509,37.427791,2.562727,0.493729,0.525016,33.56643254404657,True,0.7383999826371384,False,30842b15eefb0ef7e36cbdea86a9efddfacf69a871c8b054165faa9af9f6c8eb
4510,35.999255,2.315486,0.644971,0.987766,34.66070845025966,True,0.7624720465684988,False,30842b15eefb0ef7e36cbdea86a9efddfacf69a871c8b054165faa9af9f6c8eb
4511,32.292859,12.313344,0.109523,0.13306,1.9009085703850477,True,0.04181650383981774,True,30842b15eefb0ef7e36cbdea86a9efddfacf69a871c8b054165faa9af9f6c8eb
4512,40.553481,3.038512,0.181708,0.807785,18.456959842311157,True,0.406019281590713,False,30842b15eefb0ef7e36cbdea86a9efddfacf69a871c8b054165faa9af9f6c8eb
4513,30.900057,8.38282,0.749895,0.658373,11.553111550305001,True,0.25414727516711283,False,30842b15eefb0ef7e36cbdea86a9efddfacf69a871c8b054165faa9af9f6c8eb
4514,34.601073,10.584063,0.364644,0.893965,5.47880992695722,True,0.12052377474516345,True,30842b15eefb0ef7e36cbdea86a9efddfacf69a871c8b054165faa9af9f6c8eb
4515,39.795854,0.901776,1.148485,0.478339,23.0731048631576,True,0.5075660098219822,False,30842b15eefb0ef7e36cbdea86a9efddfacf69a871c8b054165faa9af9f6c8eb
4516,37.18695,6.22209,0.751661,0.856923,18.82416953893383,True,0.41409722175473146,False,30842b15eefb0ef7e36cbdea86a9efddfacf69a871c8b054165faa9af9f6c8eb
4517,33.508378,10.360583,0.579163,0.948572,6.025168326777577,True,0.13254265796760945,True,30842b15eefb0ef7e36cbdea86a9efddfacf69a871c8b054165faa9af9f6c8eb
4518,34.299812,10.912852,0.27254,0.953431,4.707145588252894,True,0.10354857389373921,True,30842b15eefb0ef7e36cbdea86a9efddfacf69a871c8b054165faa9af9f6c8eb
4519,32.761479,0.80925,0.531572,0.600172,41.57437120533328,True,0.9145599531879001,False,30842b15eefb0ef7e36cbdea86a9efddfacf69a871c8b054165faa9af9f6c8eb
4520,31.942292,13.134629,0.691986,0.368612,0.0,False,0.0,True,30842b15eefb0ef7e36cbdea86a9efddfacf69a871c8b054165faa9af9f6c8eb
4521,39.098937,8.370487,1.270621,0.611143,11.59118119701385,True,0.2549847376061709,False,30842b15eefb0ef7e36cbdea86a9efddfacf69a871c8b054165faa9af9f6c8eb
4522,39.607639,1.192996,0.341162,0.551544,25.140467835987955,True,0.5530442053746206,False,30842b15eefb0ef7e36cbdea86a9efddfacf69a871c8b054165faa9af9f6c8eb
4523,32.452702,2.648339,0.292571,0.400093,33.19025392369501,True,0.7301247425927411,False,30842b15eefb0ef7e36cbdea86a9efddfacf69a871c8b054165faa9af9f6c8eb
4524,33.391849,5.308027,1.215464,0.277596,22.238168073398707,True,0.48919893103718526,False,30842b15eefb0ef7e36cbdea86a9efddfacf69a871c8b054165faa9af9f6c8eb
4525,30.008905,8.813623,0.785209,0.891415,10.249851640196589,True,0.22547794625547038,False,30842b15eefb0ef7e36cbdea86a9efddfacf69a871c8b054165faa9af9f6c8eb
4526,30.920961,3.871562,0.88849,0.26897,27.9727501516565,True,0.6153492242344236,False,30842b15eefb0ef7e36cbdea86a9efddfacf69a871c8b054165faa9af9f6c8eb
4527,29.56523,11.376849,0.203702,0.948505,3.6868578399765624,True,0.08110411380333411,True,30842b15eefb0ef7e36cbdea86a9efddfacf69a871c8b054165faa9af9f6c8eb
4528,29.496708,8.795645,0.717321,0.815949,10.303192757737246,True,0.2266513530574647,False,30842b15eefb0ef7e36cbdea86a9efddfacf69a871c8b054165faa9af9f6c8eb
4529,28.745913,1.943168,1.212619,0.06952,36.330491190904034,True,0.7992042058494015,False,30842b15eefb0ef7e36cbdea86a9efddfacf69a871c8b054165faa9af9f6c8eb
4530,30.103281,1.218444,1.066146,0.334333,39.65491707918662,True,0.8723354811186792,False,30842b15eefb0ef7e36cbdea86a9efddfacf69a871c8b054165faa9af9f6c8eb
4531,32.370848,7.491037,1.013752,0.88733,14.410835462075088,True,0.31701196250211017,False,30842b15eefb0ef7e36cbdea86a9efddfacf69a871c8b054165faa9af9f6c8eb
4532,28.515244,6.792713,1.356411,0.39879,16.791101229908882,True,0.3693734459375007,False,30842b15eefb0ef7e36cbdea86a9efddfacf69a871c8b054165faa9af9f6c8eb
4533,41.575539,7.043671,0.118302,0.989132,0.0,False,0.0,True,30842b15eefb0ef7e36cbdea86a9efddfacf69a871c8b054165faa9af9f6c8eb
4534,38.848145,7.689911,0.070288,0.612362,13.755446195503136,True,0.30259460008439537,False,30842b15eefb0ef7e36cbdea86a9efddfacf69a871c8b054165faa9af9f6c8eb
4535,29.624306,3.305551,1.183834,0.492516,30.35002659465878,True,0.667644948003493,False,30842b15eefb0ef7e36cbdea86a9efddfacf69a871c8b054165faa9af9f6c8eb
4536,36.006967,0.788463,0.404893,0.55858,41.124132415270985,True,0.9046555251755306,False,30842b15eefb0ef7e36cbdea86a9efddfacf69a871c8b054165faa9af9f6c8eb
4537,40.414,9.376274,0.74338,0.457592,8.627989153522245,True,0.18979994471542982,True,30842b15eefb0ef7e36cbdea86a9efddfacf69a871c8b054165faa9af9f6c8eb
4538,39.756318,13.138903,1.47517,0.563306,0.0,False,0.0,True,30842b15eefb0ef7e36cbdea86a9efddfacf69a871c8b054165faa9af9f6c8eb
4539,41.528662,10.834977,0.718485,0.110365,0.0,False,0.0,True,30842b15eefb0ef7e36cbdea86a9efddfacf69a871c8b054165faa9af9f6c8eb
4540,29.956948,12.360987,1.183113,0.754732,1.8209375542654151,True,0.0400572880864986,True,30842b15eefb0ef7e36cbdea86a9efddfacf69a871c8b054165faa9af9f6c8eb
4541,40.675584,13.931386,0.870494,0.301055,0.0,False,0.0,True,30842b15eefb0ef7e36cbdea86a9efddfacf69a871c8b054165faa9af9f6c8eb
4542,40.302918,12.413182,1.44043,0.909007,0.0,False,0.0,True,30842b15eefb0ef7e36cbdea86a9efddfacf69a871c8b054165faa9af9f6c8eb
4543,41.566758,1.372396,0.317212,0.178843,9.382485239281866,True,0.20639747547457823,False,30842b15eefb0ef7e36cbdea86a9efddfacf69a871c8b054165faa9af9f6c8eb
4544,40.409626,3.599322,1.086228,0.228646,18.677626413036634,True,0.410873541625004,False,30842b15eefb0ef7e36cbdea86a9efddfacf69a871c8b054165faa9af9f6c8eb
4545,37.922193,9.95042,0.586133,0.99388,7.071905191866126,True,0.15556895014187633,True,30842b15eefb0ef7e36cbdea86a9efddfacf69a871c8b054165faa9af9f6c8eb
4546,32.143087,4.455312,0.062843,0.369329,25.58963316868729,True,0.5629250192928461,False,30842b15eefb0ef7e36cbdea86a9efddfacf69a871c8b054165faa9af9f6c8eb
4547,34.580744,11.414841,0.076215,0.72039,3.6070515130174523,True,0.0793485209096415,True,30842b15eefb0ef7e36cbdea86a9efddfacf69a871c8b054165faa9af9f6c8eb
4548,41.932881,3.148854,0.672358,0.212439,0.0,False,0.0,True,30842b15eefb0ef7e36cbdea86a9efddfacf69a871c8b054165faa9af9f6c8eb
4549,37.950102,13.763375,0.975135,0.841177,0.0,False,0.0,True,30842b15eefb0ef7e36cbdea86a9efddfacf69a871c8b054165faa9af9f6c8eb
4550,41.209245,2.957705,1.383451,0.804177,11.715202604565176,True,0.2577129812186657,False,30842b15eefb0ef7e36cbdea86a9efddfacf69a871c8b054165faa9af9f6c8eb
4551,28.566385,5.019933,1.253574,0.40938,23.352900061258385,True,0.5137209912650792,False,30842b15eefb0ef7e36cbdea86a9efddfacf69a871c8b054165faa9af9f6c8eb
4552,40.918338,7.290432,1.307322,0.961304,14.33011279535891,True,0.3152362118135783,False,30842b15eefb0ef7e36cbdea86a9efddfacf69a871c8b054165faa9af9f6c8eb
4553,39.594517,1.724711,0.059796,0.991942,25.50787408685806,True,0.5611264693717631,False,30842b15eefb0ef7e36cbdea86a9efddfacf69a871c8b054165faa9af9f6c8eb
4554,31.658881,6.572274,0.279494,0.495528,17.567310096594753,True,0.38644861807357855,False,30842b15eefb0ef7e36cbdea86a9efddfacf69a871c8b054165faa9af9f6c8eb
4555,35.387348,0.865279,0.968597,0.342222,41.3097658796476,True,0.9087391210921564,False,30842b15eefb0ef7e36cbdea86a9efddfacf69a871c8b054165faa9af9f6c8eb
4556,41.298724,7.320893,0.229812,0.416601,0.0,False,0.0,True,30842b15eefb0ef7e36cbdea86a9efddfacf69a871c8b054165faa9af9f6c8eb
4557,28.41098,11.862053,0.846957,0.870988,2.71279425807176,True,0.05967650063585908,True,30842b15eefb0ef7e36cbdea86a9efddfacf69a871c8b054165faa9af9f6c8eb
4558,33.26603,7.495949,1.357948,0.139443,14.394525797829514,True,0.31665317978726715,False,30842b15eefb0ef7e36cbdea86a9efddfacf69a871c8b054165faa9af9f6c8eb
4559,29.690731,10.152528,0.973324,0.190624,6.549145773872294,True,0.14406920125841896,True,30842b15eefb0ef7e36cbdea86a9efddfacf69a871c8b054165faa9af9f6c8eb
4560,31.795505,0.05611,0.08149,0.579934,45.18532158015741,True,0.9939942419099707,False,30842b15eefb0ef7e36cbdea86a9efddfacf69a871c8b054165faa9af9f6c8eb
4561,28.896019,10.574696,0.24273,0.429,5.501360918796122,True,0.12101985522557925,True,30842b15eefb0ef7e36cbdea86a9efddfacf69a871c8b054165faa9af9f6c8eb
4562,32.66107,7.969632,1.057969,0.58559,12.85100754792417,True,0.28269860783701206,False,30842b15eefb0ef7e36cbdea86a9efddfacf69a871c8b054165faa9af9f6c8eb
4563,35.338368,1.093894,1.276964,0.699476,40.23595344139246,True,0.8851172159426391,False,30842b15eefb0ef7e36cbdea86a9efddfacf69a871c8b054165faa9af9f6c8eb
4564,28.761253,8.273669,0.185639,0.77317,11.891485957757295,True,0.26159089182967477,False,30842b15eefb0ef7e36cbdea86a9efddfacf69a871c8b054165faa9af9f6c8eb
4565,37.106914,1.35509,0.363744,0.110476,37.70937109222704,True,0.8295370359426665,False,30842b15eefb0ef7e36cbdea86a9efddfacf69a871c8b054165faa9af9f6c8eb
4566,34.440391,6.890518,0.599359,0.17819,16.450473156379065,True,0.36188025275261015,False,30842b15eefb0ef7e36cbdea86a9efddfacf69a871c8b054165faa9af9f6c8eb
4567,39.974534,11.731147,0.574279,0.148909,0.0,False,0.0,True,30842b15eefb0ef7e36cbdea86a9efddfacf69a871c8b054165faa9af9f6c8eb
4568,32.27406,11.66044,0.460657,0.609283,3.105437096549592,True,0.06831392329714961,True,30842b15eefb0ef7e36cbdea86a9efddfacf69a871c8b054165faa9af9f6c8eb
4569,30.469903,0.564892,0.129512,0.596903,42.734949810091855,True,0.9400905549424425,False,30842b15eefb0ef7e36cbdea86a9efddfacf69a871c8b054165faa9af9f6c8eb
4570,34.915084,10.279523,0.212398,0.395801,6.227581093257898,True,0.13699536777102622,True,30842b15eefb0ef7e36cbdea86a9efddfacf69a871c8b054165faa9af9f6c8eb
4571,35.969815,6.253965,0.841204,0.947973,18.708571921914803,True,0.41155428609161815,False,30842b15eefb0ef7e36cbdea86a9efddfacf69a871c8b054165faa9af9f6c8eb
4572,32.152416,10.784682,1.094965,0.679285,5.003309318950961,True,0.11006363304750055,True,30842b15eefb0ef7e36cbdea86a9efddfacf69a871c8b054165faa9af9f6c8eb
4573,36.147082,9.982097,0.232238,0.632661,6.989089904792023,True,0.15374716564162108,True,30842b15eefb0ef7e36cbdea86a9efddfacf69a871c8b054165faa9af9f6c8eb
4574,31.281304,4.313752,1.077682,0.982233,26.161029570600007,True,0.5754946926621451,False,30842b15eefb0ef7e36cbdea86a9efddfacf69a871c8b054165faa9af9f6c8eb
4575,34.282547,2.897763,1.474442,0.823477,32.10237742186337,True,0.7061934538265089,False,30842b15eefb0ef7e36cbdea86a9efddfacf69a871c8b054165faa9af9f6c8eb
4576,29.704462,11.27382,1.456781,0.214329,3.906188943535128,True,0.0859289960081055,True,30842b15eefb0ef7e36cbdea86a9efddfacf69a871c8b054165faa9af9f6c8eb
4577,30.05399,10.990186,0.714976,0.305941,4.531384787156455,True,0.09968215847090278,True,30842b15eefb0ef7e36cbdea86a9efddfacf69a871c8b054165faa9af9f6c8eb
4578,41.641132,8.302802,0.307392,0.594307,0.0,False,0.0,True,30842b15eefb0ef7e36cbdea86a9efddfacf69a871c8b054165faa9af9f6c8eb
4579,33.469408,12.453194,0.080746,0.052556,1.6694569612451349,True,0.036724992731332035,True,30842b15eefb0ef7e36cbdea86a9efddfacf69a871c8b054165faa9af9f6c8eb
4580,33.715015,13.026575,1.407594,0.214722,0.0,False,0.0,True,30842b15eefb0ef7e36cbdea86a9efddfacf69a871c8b054165faa9af9f6c8eb
4581,32.864167,7.588566,0.101311,0.153414,14.088158183205595,True,0.30991365389269876,False,30842b15eefb0ef7e36cbdea86a9efddfacf69a871c8b054165faa9af9f6c8eb
4582,34.668867,8.731331,1.299775,0.432722,10.494767656560661,True,0.23086564964019793,False,30842b15eefb0ef7e36cbdea86a9efddfacf69a871c8b054165faa9af9f6c8eb
4583,37.301056,3.614919,1.086634,0.55744,29.04265311739836,True,0.6388851281554178,False,30842b15eefb0ef7e36cbdea86a9efddfacf69a871c8b054165faa9af9f6c8eb
4584,39.069145,13.039765,0.0535,0.547236,0.0,False,0.0,True,30842b15eefb0ef7e36cbdea86a9efddfacf69a871c8b054165faa9af9f6c8eb
4585,29.942662,1.930371,0.935215,0.952731,36.38834776213894,True,0.8004769443550274,False,30842b15eefb0ef7e36cbdea86a9efddfacf69a871c8b054165faa9af9f6c8eb
4586,31.128874,9.12515,0.410754,0.129992,9.340354094891353,True,0.20547066753198215,False,30842b15eefb0ef7e36cbdea86a9efddfacf69a871c8b054165faa9af9f6c8eb
4587,41.049765,12.739657,1.475009,0.148713,0.0,False,0.0,True,30842b15eefb0ef7e36cbdea86a9efddfacf69a871c8b054165faa9af9f6c8eb
4588,31.902498,0.298026,1.448335,0.093629,44.009998333332994,True,0.9681392850595711,False,30842b15eefb0ef7e36cbdea86a9efddfacf69a871c8b054165faa9af9f6c8eb
4589,28.016841,0.309577,0.7845,0.109594,42.341556795850686,True,0.9314366297895662,False,30842b15eefb0ef7e36cbdea86a9efddfacf69a871c8b054165faa9af9f6c8eb
4590,31.100888,13.453466,0.452882,0.531665,0.0,False,0.0,True,30842b15eefb0ef7e36cbdea86a9efddfacf69a871c8b054165faa9af9f6c8eb
4591,33.337281,0.843734,1.332658,0.847146,41.41144871508582,True,0.9109759570687992,False,30842b15eefb0ef7e36cbdea86a9efddfacf69a871c8b054165faa9af9f6c8eb
4592,32.105925,4.087038,1.200713,0.942759,27.08486139265794,True,0.5958172991968751,False,30842b15eefb0ef7e36cbdea86a9efddfacf69a871c8b054165faa9af9f6c8eb
4593,36.098094,0.660831,1.389832,0.408737,39.89427400176069,True,0.8776008946308496,False,30842b15eefb0ef7e36cbdea86a9efddfacf69a871c8b054165faa9af9f6c8eb
4594,39.459494,10.260138,0.747479,0.085301,6.2763162852095205,True,0.13806745265355502,True,30842b15eefb0ef7e36cbdea86a9efddfacf69a871c8b054165faa9af9f6c8eb
4595,36.457268,13.090576,0.925143,0.205639,0.0,False,0.0,True,30842b15eefb0ef7e36cbdea86a9efddfacf69a871c8b054165faa9af9f6c8eb
4596,32.848388,9.430947,0.871468,0.739177,8.475410635861083,True,0.18644349703085797,True,30842b15eefb0ef7e36cbdea86a9efddfacf69a871c8b054165faa9af9f6c8eb
4597,35.004789,2.998578,0.142955,0.853038,31.666108194640778,True,0.6965963305878816,False,30842b15eefb0ef7e36cbdea86a9efddfacf69a871c8b054165faa9af9f6c8eb
4598,39.399934,5.05806,0.996576,0.473525,23.204332638218755,True,0.5104527803091203,False,30842b15eefb0ef7e36cbdea86a9efddfacf69a871c8b054165faa9af9f6c8eb
4599,31.600594,9.078486,1.247383,0.37477,9.474788901342725,True,0.20842798683063746,False,30842b15eefb0ef7e36cbdea86a9efddfacf69a871c8b054165faa9af9f6c8eb
4600,41.918048,0.914661,0.617088,0.996693,0.0,False,0.0,True,30842b15eefb0ef7e36cbdea86a9efddfacf69a871c8b054165faa9af9f6c8eb
4601,33.676185,8.859761,0.311333,0.930991,10.113382286746317,True,0.22247587065253133,False,30842b15eefb0ef7e36cbdea86a9efddfacf69a871c8b054165faa9af9f6c8eb
4602,37.830255,1.749563,0.217467,0.363004,34.94266804342536,True,0.7686746407352968,False,30842b15eefb0ef7e36cbdea86a9efddfacf69a871c8b054165faa9af9f6c8eb
4603,39.619224,11.236911,0.18071,0.868013,3.9857840621153193,True,0.08767994270464499,True,30842b15eefb0ef7e36cbdea86a9efddfacf69a871c8b054165faa9af9f6c8eb
4604,29.119665,0.168147,0.010397,0.520758,44.56315093155322,True,0.9803076281918217,False,30842b15eefb0ef7e36cbdea86a9efddfacf69a871c8b054165faa9af9f6c8eb
4605,35.682639,10.606524,0.029919,0.859632,5.424861169648971,True,0.11933700098219555,True,30842b15eefb0ef7e36cbdea86a9efddfacf69a871c8b054165faa9af9f6c8eb
4606,34.677093,2.625898,1.037345,0.549047,33.288722836136486,True,0.7322908781551566,False,30842b15eefb0ef7e36cbdea86a9efddfacf69a871c8b054165faa9af9f6c8eb
4607,37.613162,12.004839,0.251512,0.072671,2.445616612351411,True,0.05379908221487982,True,30842b15eefb0ef7e36cbdea86a9efddfacf69a871c8b054165faa9af9f6c8eb
4608,28.727366,1.88603,0.918182,0.373375,36.58905526404611,True,0.8048921414638927,False,30842b15eefb0ef7e36cbdea86a9efddfacf69a871c8b054165faa9af9f6c8eb
4609,37.839641,0.397559,1.274953,0.11912,33.84377417245355,True,0.7445009900448079,False,30842b15eefb0ef7e36cbdea86a9efddfacf69a871c8b054165faa9af9f6c8eb
4610,36.983315,4.973851,1.451054,0.430441,23.532886649801323,True,0.5176803662651072,False,30842b15eefb0ef7e36cbdea86a9efddfacf69a871c8b054165faa9af9f6c8eb
4611,37.877466,8.046286,0.415085,0.296155,12.606757766022858,True,0.2773255603891372,False,30842b15eefb0ef7e36cbdea86a9efddfacf69a871c8b054165faa9af9f6c8eb
4612,39.697686,2.670548,1.345816,0.63916,23.53905161111826,True,0.5178159841125924,False,30842b15eefb0ef7e36cbdea86a9efddfacf69a871c8b054165faa9af9f6c8eb
4613,39.380386,0.750117,0.469452,0.47546,26.46955690935423,True,0.5822817285284158,False,30842b15eefb0ef7e36cbdea86a9efddfacf69a871c8b054165faa9af9f6c8eb
4614,36.127392,9.647607,0.157107,0.821269,7.879771249839816,True,0.17334052245293827,True,30842b15eefb0ef7e36cbdea86a9efddfacf69a871c8b054165faa9af9f6c8eb
4615,30.666681,5.086547,1.089136,0.905153,23.093535359754426,True,0.508015443294323,False,30842b15eefb0ef7e36cbdea86a9efddfacf69a871c8b054165faa9af9f6c8eb
4616,31.066342,10.852237,1.236213,0.858859,4.846458460097357,True,0.10661320168866782,True,30842b15eefb0ef7e36cbdea86a9efddfacf69a871c8b054165faa9af9f6c8eb
4617,39.207106,11.925992,1.469336,0.607797,0.0,False,0.0,True,30842b15eefb0ef7e36cbdea86a9efddfacf69a871c8b054165faa9af9f6c8eb
4618,31.183671,5.113033,1.333682,0.596448,22.990679467482973,True,0.5057528022177741,False,30842b15eefb0ef7e36cbdea86a9efddfacf69a871c8b054165faa9af9f6c8eb
4619,30.151796,7.74229,0.985,0.815064,13.584529606019911,True,0.2988347484367351,False,30842b15eefb0ef7e36cbdea86a9efddfacf69a871c8b054165faa9af9f6c8eb
4620,37.769426,4.60313,0.441186,0.993539,24.997483097911445,True,0.5498988032537808,False,30842b15eefb0ef7e36cbdea86a9efddfacf69a871c8b054165faa9af9f6c8eb
4621,28.037882,5.769582,0.702441,0.101939,20.49058199803794,True,0.45075524102008313,False,30842b15eefb0ef7e36cbdea86a9efddfacf69a871c8b054165faa9af9f6c8eb
4622,31.710431,12.834734,1.385972,0.545528,1.0915887914142035,True,0.024012952331751505,True,30842b15eefb0ef7e36cbdea86a9efddfacf69a871c8b054165faa9af9f6c8eb
4623,41.878543,12.351793,1.413304,0.436645,0.0,False,0.0,True,30842b15eefb0ef7e36cbdea86a9efddfacf69a871c8b054165faa9af9f6c8eb
4624,39.306491,7.226433,0.171314,0.677817,15.298456000102926,True,0.3365379871700003,False,30842b15eefb0ef7e36cbdea86a9efddfacf69a871c8b054165faa9af9f6c8eb
4625,29.780226,11.202513,0.230711,0.068591,4.0604444267622135,True,0.08932233386094697,True,30842b15eefb0ef7e36cbdea86a9efddfacf69a871c8b054165faa9af9f6c8eb
4626,41.925945,3.405506,0.651267,0.215675,0.0,False,0.0,True,30842b15eefb0ef7e36cbdea86a9efddfacf69a871c8b054165faa9af9f6c8eb
4627,33.627781,13.962315,0.809187,0.361127,0.0,False,0.0,True,30842b15eefb0ef7e36cbdea86a9efddfacf69a871c8b054165faa9af9f6c8eb
4628,28.740662,12.689135,0.465924,0.40667,1.3024420444590983,True,0.02865133736665295,True,30842b15eefb0ef7e36cbdea86a9efddfacf69a871c8b054165faa9af9f6c8eb
4629,32.228128,9.096477,0.61601,0.670739,9.422882603223224,True,0.2072861434256255,False,30842b15eefb0ef7e36cbdea86a9efddfacf69a871c8b054165faa9af9f6c8eb
4630,32.774618,4.695305,0.930561,0.673616,24.630581672663542,True,0.5418276444948902,False,30842b15eefb0ef7e36cbdea86a9efddfacf69a871c8b054165faa9af9f6c8eb
4631,36.956419,8.075342,0.541522,0.199407,12.514583031336384,True,0.27529788519896725,False,30842b15eefb0ef7e36cbdea86a9efddfacf69a871c8b054165faa9af9f6c8eb
4632,32.903603,12.794075,0.001711,0.780693,1.149216633542245,True,0.025280659216328032,True,30842b15eefb0ef7e36cbdea86a9efddfacf69a871c8b054165faa9af9f6c8eb
4633,34.110808,9.359906,0.86319,0.360124,8.67384432590559,True,0.19080867444705243,True,30842b15eefb0ef7e36cbdea86a9efddfacf69a871c8b054165faa9af9f6c8eb
4634,38.13221,12.085721,0.802997,0.524087,2.2984195549355846,True,0.050561016790517,True,30842b15eefb0ef7e36cbdea86a9efddfacf69a871c8b054165faa9af9f6c8eb
4635,31.474537,10.147009,0.496419,0.493026,6.563242443465276,True,0.1443793021477238,True,30842b15eefb0ef7e36cbdea86a9efddfacf69a871c8b054165faa9af9f6c8eb
4636,31.096879,11.118861,0.612492,0.230293,4.24392570273722,True,0.09335858557808736,True,30842b15eefb0ef7e36cbdea86a9efddfacf69a871c8b054165faa9af9f6c8eb
4637,40.72936,10.878741,0.402294,0.206214,0.0,False,0.0,True,30842b15eefb0ef7e36cbdea86a9efddfacf69a871c8b054165faa9af9f6c8eb
4638,38.390552,12.404146,0.623732,0.159547,0.0,False,0.0,True,30842b15eefb0ef7e36cbdea86a9efddfacf69a871c8b054165faa9af9f6c8eb
4639,36.90332,2.685109,1.122427,0.66016,33.029121095709016,True,0.7265801157626183,False,30842b15eefb0ef7e36cbdea86a9efddfacf69a871c8b054165faa9af9f6c8eb
4640,28.904722,9.580894,0.729794,0.854027,8.061634123702227,True,0.17734117229042484,True,30842b15eefb0ef7e36cbdea86a9efddfacf69a871c8b054165faa9af9f6c8eb
4641,31.406906,2.006352,0.09675,0.3226,36.045279986686786,True,0.7929300822002595,False,30842b15eefb0ef7e36cbdea86a9efddfacf69a871c8b054165faa9af9f6c8eb
4642,34.644697,1.916083,1.240222,0.5865,36.452981548920164,True,0.8018987691788122,False,30842b15eefb0ef7e36cbdea86a9efddfacf69a871c8b054165faa9af9f6c8eb
4643,35.802508,8.592923,1.108824,0.970358,10.91101836361497,True,0.240022402132685,False,30842b15eefb0ef7e36cbdea86a9efddfacf69a871c8b054165faa9af9f6c8eb
4644,40.047678,2.885971,1.405533,0.74195,21.052884846368425,True,0.46312487288069876,False,30842b15eefb0ef7e36cbdea86a9efddfacf69a871c8b054165faa9af9f6c8eb
4645,31.695436,10.104931,0.022281,0.81474,6.671049890010179,True,0.14675086834119555,True,30842b15eefb0ef7e36cbdea86a9efddfacf69a871c8b054165faa9af9f6c8eb
4646,31.829524,0.474646,1.489441,0.610176,43.16625942580437,True,0.9495785758197114,False,30842b15eefb0ef7e36cbdea86a9efddfacf69a871c8b054165faa9af9f6c8eb
4647,37.251897,12.283317,1.050955,0.128695,1.951895734478312,True,0.042938127981191114,True,30842b15eefb0ef7e36cbdea86a9efddfacf69a871c8b054165faa9af9f6c8eb
4648,30.783646,13.796921,0.503214,0.951079,0.0,False,0.0,True,30842b15eefb0ef7e36cbdea86a9efddfacf69a871c8b054165faa9af9f6c8eb
4649,41.238514,2.908907,1.330131,0.505705,11.501727017222443,True,0.2530169096364241,False,30842b15eefb0ef7e36cbdea86a9efddfacf69a871c8b054165faa9af9f6c8eb
4650,41.561846,2.446117,0.407407,0.648049,7.342376515029171,True,0.16151882342868942,True,30842b15eefb0ef7e36cbdea86a9efddfacf69a871c8b054165faa9af9f6c8eb
4651,33.919837,10.395953,0.444452,0.057482,5.937547873016265,True,0.1306151686089738,True,30842b15eefb0ef7e36cbdea86a9efddfacf69a871c8b054165faa9af9f6c8eb
4652,33.892035,12.395211,1.029627,0.803775,1.7642022173674552,True,0.03880921468086062,True,30842b15eefb0ef7e36cbdea86a9efddfacf69a871c8b054165faa9af9f6c8eb
4653,30.79117,12.465785,1.486613,0.851218,1.6491144311332864,True,0.03627749436040228,True,30842b15eefb0ef7e36cbdea86a9efddfacf69a871c8b054165faa9af9f6c8eb
4654,40.973086,0.555214,1.302513,0.765731,13.870782242792094,True,0.30513178169295174,False,30842b15eefb0ef7e36cbdea86a9efddfacf69a871c8b054165faa9af9f6c8eb
4655,40.13502,2.800862,1.233204,0.429256,20.592548758242653,True,0.4529983228211034,False,30842b15eefb0ef7e36cbdea86a9efddfacf69a871c8b054165faa9af9f6c8eb
4656,29.559931,7.444205,0.028919,0.97466,14.566643864288023,True,0.32043946172585946,False,30842b15eefb0ef7e36cbdea86a9efddfacf69a871c8b054165faa9af9f6c8eb
4657,29.75423,2.344933,1.18909,0.295595,34.52976455025456,True,0.7595915208121995,False,30842b15eefb0ef7e36cbdea86a9efddfacf69a871c8b054165faa9af9f6c8eb
4658,38.70344,11.941459,1.0593,0.332903,2.5630715928890693,True,0.05638287647052033,True,30842b15eefb0ef7e36cbdea86a9efddfacf69a871c8b054165faa9af9f6c8eb
4659,32.586348,6.304294,0.873777,0.482921,18.52653312455843,True,0.4075497662597639,False,30842b15eefb0ef7e36cbdea86a9efddfacf69a871c8b054165faa9af9f6c8eb
4660,35.013333,7.688119,0.286342,0.596055,13.761306218135632,True,0.30272350983983065,False,30842b15eefb0ef7e36cbdea86a9efddfacf69a871c8b054165faa9af9f6c8eb
4661,32.911108,1.067533,0.166184,0.472819,40.359290572242145,True,0.8878304067221006,False,30842b15eefb0ef7e36cbdea86a9efddfacf69a871c8b054165faa9af9f6c8eb
4662,36.627999,8.547058,0.240849,0.265447,11.050139810004637,True,0.24308281891852554,False,30842b15eefb0ef7e36cbdea86a9efddfacf69a871c8b054165faa9af9f6c8eb
4663,36.693379,10.916536,0.991663,0.979067,4.698722304103155,True,0.10336327708384578,True,30842b15eefb0ef7e36cbdea86a9efddfacf69a871c8b054165faa9af9f6c8eb
4664,37.358881,11.875054,0.314169,0.896939,2.688086887871452,True,0.05913298378452325,True,30842b15eefb0ef7e36cbdea86a9efddfacf69a871c8b054165faa9af9f6c8eb
4665,30.509194,0.104822,0.722424,0.126973,44.7359093333333,True,0.9841079963336384,False,30842b15eefb0ef7e36cbdea86a9efddfacf69a871c8b054165faa9af9f6c8eb
4666,33.98405,13.657585,0.170727,0.561614,0.0,False,0.0,True,30842b15eefb0ef7e36cbdea86a9efddfacf69a871c8b054165faa9af9f6c8eb
4667,41.667814,12.37148,1.433383,0.901901,0.0,False,0.0,True,30842b15eefb0ef7e36cbdea86a9efddfacf69a871c8b054165faa9af9f6c8eb
4668,39.693575,8.876252,0.506158,0.335166,10.064752461578818,True,0.2214061036460969,False,30842b15eefb0ef7e36cbdea86a9efddfacf69a871c8b054165faa9af9f6c8eb
4669,30.263909,8.155069,0.63837,0.403861,12.262825218197987,True,0.2697596748274535,False,30842b15eefb0ef7e36cbdea86a9efddfacf69a871c8b054165faa9af9f6c8eb
4670,32.732499,9.513845,0.724919,0.152804,8.245801339251871,True,0.18139251342075616,True,30842b15eefb0ef7e36cbdea86a9efddfacf69a871c8b054165faa9af9f6c8eb
4671,34.546328,2.429816,1.248739,0.835302,34.15323557416301,True,0.7513085735837878,False,30842b15eefb0ef7e36cbdea86a9efddfacf69a871c8b054165faa9af9f6c8eb
4672,38.840155,2.060932,0.039018,0.575352,30.094589765056202,True,0.6620258060140688,False,30842b15eefb0ef7e36cbdea86a9efddfacf69a871c8b054165faa9af9f6c8eb
4673,41.665509,13.851672,0.461213,0.792092,0.0,False,0.0,True,30842b15eefb0ef7e36cbdea86a9efddfacf69a871c8b054165faa9af9f6c8eb
4674,39.108818,12.634262,1.186874,0.422163,0.0,False,0.0,True,30842b15eefb0ef7e36cbdea86a9efddfacf69a871c8b054165faa9af9f6c8eb
4675,38.404929,6.082088,1.186753,0.777007,19.334701045696693,True,0.42532797900707675,False,30842b15eefb0ef7e36cbdea86a9efddfacf69a871c8b054165faa9af9f6c8eb
4676,40.119321,12.277575,0.492047,0.441005,0.0,False,0.0,True,30842b15eefb0ef7e36cbdea86a9efddfacf69a871c8b054165faa9af9f6c8eb
4677,28.510652,5.134803,0.035215,0.802762,22.906252387462157,True,0.5038955612273986,False,30842b15eefb0ef7e36cbdea86a9efddfacf69a871c8b054165faa9af9f6c8eb
4678,36.659658,8.373331,1.175399,0.883656,11.582398601921415,True,0.25479153661422,False,30842b15eefb0ef7e36cbdea86a9efddfacf69a871c8b054165faa9af9f6c8eb
4679,35.41774,0.7207,1.306969,0.249632,41.638050186661125,True,0.9159607740420415,False,30842b15eefb0ef7e36cbdea86a9efddfacf69a871c8b054165faa9af9f6c8eb
4680,28.718452,1.793507,0.99395,0.538854,37.009039587504944,True,0.8141310266728863,False,30842b15eefb0ef7e36cbdea86a9efddfacf69a871c8b054165faa9af9f6c8eb
4681,31.720284,3.793728,1.309977,0.347554,28.295812088966326,True,0.622455994624374,False,30842b15eefb0ef7e36cbdea86a9efddfacf69a871c8b054165faa9af9f6c8eb
4682,34.058197,5.210905,0.679118,0.114864,22.61193318127601,True,0.49742107823155307,False,30842b15eefb0ef7e36cbdea86a9efddfacf69a871c8b054165faa9af9f6c8eb
4683,40.671989,10.63405,0.440318,0.523567,0.0,False,0.0,True,30842b15eefb0ef7e36cbdea86a9efddfacf69a871c8b054165faa9af9f6c8eb
4684,38.508545,0.746231,0.071904,0.307078,31.84302985315618,True,0.700488282745874,False,30842b15eefb0ef7e36cbdea86a9efddfacf69a871c8b054165faa9af9f6c8eb
4685,37.347065,4.311905,0.651976,0.621942,26.168512611241223,True,0.5756593058384871,False,30842b15eefb0ef7e36cbdea86a9efddfacf69a871c8b054165faa9af9f6c8eb
4686,35.51865,10.618426,1.340353,0.213121,5.3963461379311015,True,0.11870972255760447,True,30842b15eefb0ef7e36cbdea86a9efddfacf69a871c8b054165faa9af9f6c8eb
4687,41.950625,5.497772,1.456237,0.663507,0.0,False,0.0,True,30842b15eefb0ef7e36cbdea86a9efddfacf69a871c8b054165faa9af9f6c8eb
4688,30.81535,9.848639,1.25444,0.522264,7.340188397198852,True,0.1614706888476375,True,30842b15eefb0ef7e36cbdea86a9efddfacf69a871c8b054165faa9af9f6c8eb
4689,30.410087,7.531479,1.349969,0.798036,14.27673649990057,True,0.31406203116188247,False,30842b15eefb0ef7e36cbdea86a9efddfacf69a871c8b054165faa9af9f6c8eb
4690,39.198853,10.695169,1.215753,0.965748,5.213691609251083,True,0.11469165776537675,True,30842b15eefb0ef7e36cbdea86a9efddfacf69a871c8b054165faa9af9f6c8eb
4691,29.316228,0.895155,0.090343,0.676346,41.16890238202154,True,0.9056403823726098,False,30842b15eefb0ef7e36cbdea86a9efddfacf69a871c8b054165faa9af9f6c8eb
4692,36.942726,2.288764,0.49008,0.641502,34.779677813912286,True,0.7650891544765308,False,30842b15eefb0ef7e36cbdea86a9efddfacf69a871c8b054165faa9af9f6c8eb
4693,40.939676,9.858451,0.20687,0.667385,0.0,False,0.0,True,30842b15eefb0ef7e36cbdea86a9efddfacf69a871c8b054165faa9af9f6c8eb
4694,30.917706,0.126904,1.350798,0.943635,44.10753533333335,True,0.9702849202566459,False,30842b15eefb0ef7e36cbdea86a9efddfacf69a871c8b054165faa9af9f6c8eb
4695,34.502896,1.389907,0.990029,0.210012,38.85965044367338,True,0.8548410730047309,False,30842b15eefb0ef7e36cbdea86a9efddfacf69a871c8b054165faa9af9f6c8eb
4696,31.005636,8.270651,0.080413,0.36412,11.9008881123479,True,0.261797721994821,False,30842b15eefb0ef7e36cbdea86a9efddfacf69a871c8b054165faa9af9f6c8eb
4697,32.56822,10.182611,1.222989,0.893483,6.472485437016433,True,0.14238281437982991,True,30842b15eefb0ef7e36cbdea86a9efddfacf69a871c8b054165faa9af9f6c8eb
4698,31.562613,2.14571,1.228142,0.262599,35.41887613347033,True,0.7791503457408689,False,30842b15eefb0ef7e36cbdea86a9efddfacf69a871c8b054165faa9af9f6c8eb
4699,31.723567,9.395865,1.044614,0.439463,8.57321133136564,True,0.18859493304562364,True,30842b15eefb0ef7e36cbdea86a9efddfacf69a871c8b054165faa9af9f6c8eb
4700,39.772532,11.833182,0.090609,0.698103,0.0,False,0.0,True,30842b15eefb0ef7e36cbdea86a9efddfacf69a871c8b054165faa9af9f6c8eb
4701,41.702162,3.727085,0.98188,0.202112,0.0,False,0.0,True,30842b15eefb0ef7e36cbdea86a9efddfacf69a871c8b054165faa9af9f6c8eb
4702,31.670884,9.588668,1.149871,0.306571,8.040370691750468,True,0.1768734157671964,True,30842b15eefb0ef7e36cbdea86a9efddfacf69a871c8b054165faa9af9f6c8eb
4703,29.004878,12.214303,0.563394,0.757446,2.0707759329414492,True,0.04555327441851035,True,30842b15eefb0ef7e36cbdea86a9efddfacf69a871c8b054165faa9af9f6c8eb
4704,39.386931,7.960305,1.13321,0.270084,12.880833509291726,True,0.2833547243107255,False,30842b15eefb0ef7e36cbdea86a9efddfacf69a871c8b054165faa9af9f6c8eb
4705,35.766975,4.427911,1.338252,0.555405,25.6999067372839,True,0.5653508356506084,False,30842b15eefb0ef7e36cbdea86a9efddfacf69a871c8b054165faa9af9f6c8eb
4706,32.753601,10.460572,0.364006,0.767209,5.778579315555778,True,0.12711815176291358,True,30842b15eefb0ef7e36cbdea86a9efddfacf69a871c8b054165faa9af9f6c8eb
4707,32.526386,2.724012,1.189527,0.763698,32.858925890510065,True,0.7228361332467844,False,30842b15eefb0ef7e36cbdea86a9efddfacf69a871c8b054165faa9af9f6c8eb
4708,35.126797,13.780908,0.018984,0.237303,0.0,False,0.0,True,30842b15eefb0ef7e36cbdea86a9efddfacf69a871c8b054165faa9af9f6c8eb
4709,39.277987,5.572293,0.636601,0.742966,21.23174052267216,True,0.46705936988463054,False,30842b15eefb0ef7e36cbdea86a9efddfacf69a871c8b054165faa9af9f6c8eb
4710,34.27181,12.959863,0.1823,0.391566,0.0,False,0.0,True,30842b15eefb0ef7e36cbdea86a9efddfacf69a871c8b054165faa9af9f6c8eb
4711,29.859207,13.784505,0.024205,0.070267,0.0,False,0.0,True,30842b15eefb0ef7e36cbdea86a9efddfacf69a871c8b054165faa9af9f6c8eb
4712,28.857256,2.3845,0.914496,0.885566,34.35407971737208,True,0.7557267765508068,False,30842b15eefb0ef7e36cbdea86a9efddfacf69a871c8b054165faa9af9f6c8eb
4713,33.824011,13.791951,0.146863,0.327694,0.0,False,0.0,True,30842b15eefb0ef7e36cbdea86a9efddfacf69a871c8b054165faa9af9f6c8eb
4714,35.630282,13.082661,0.569697,0.3289,0.0,False,0.0,True,30842b15eefb0ef7e36cbdea86a9efddfacf69a871c8b054165faa9af9f6c8eb
4715,39.738546,2.941838,0.184926,0.423698,24.42548662317437,True,0.5373159293823877,False,30842b15eefb0ef7e36cbdea86a9efddfacf69a871c8b054165faa9af9f6c8eb
4716,30.074675,3.58847,0.569304,0.811915,29.153673629980045,True,0.6413273759115685,False,30842b15eefb0ef7e36cbdea86a9efddfacf69a871c8b054165faa9af9f6c8eb
4717,41.375938,7.707879,0.045289,0.144331,0.0,False,0.0,True,30842b15eefb0ef7e36cbdea86a9efddfacf69a871c8b054165faa9af9f6c8eb
4718,28.070293,7.095358,0.464775,0.339185,15.744656999744686,True,0.34635359119511694,False,30842b15eefb0ef7e36cbdea86a9efddfacf69a871c8b054165faa9af9f6c8eb
4719,41.495843,5.752236,0.309275,0.656138,0.0,False,0.0,True,30842b15eefb0ef7e36cbdea86a9efddfacf69a871c8b054165faa9af9f6c8eb
4720,38.471968,9.97648,0.923062,0.973581,7.003751073305716,True,0.15406968447235309,True,30842b15eefb0ef7e36cbdea86a9efddfacf69a871c8b054165faa9af9f6c8eb
4721,30.239335,3.899337,0.41254,0.808324,27.857765455628904,True,0.612819771709527,False,30842b15eefb0ef7e36cbdea86a9efddfacf69a871c8b054165faa9af9f6c8eb
4722,39.531309,6.341074,0.979444,0.243517,18.393876469056647,True,0.4046315630223278,False,30842b15eefb0ef7e36cbdea86a9efddfacf69a871c8b054165faa9af9f6c8eb
4723,41.449692,13.17877,0.138488,0.675506,0.0,False,0.0,True,30842b15eefb0ef7e36cbdea86a9efddfacf69a871c8b054165faa9af9f6c8eb
4724,30.950721,0.797036,0.804775,0.401684,41.632128372162356,True,0.9158305049788238,False,30842b15eefb0ef7e36cbdea86a9efddfacf69a871c8b054165faa9af9f6c8eb
4725,30.757092,7.741067,0.077458,0.080861,13.588512219012046,True,0.2989223586217133,False,30842b15eefb0ef7e36cbdea86a9efddfacf69a871c8b054165faa9af9f6c8eb
4726,41.359083,4.985029,0.452237,0.154562,11.233531291158318,True,0.24711709531420686,False,30842b15eefb0ef7e36cbdea86a9efddfacf69a871c8b054165faa9af9f6c8eb
4727,30.993241,2.955741,0.0932,0.210355,31.851238900086038,True,0.7006688667296656,False,30842b15eefb0ef7e36cbdea86a9efddfacf69a871c8b054165faa9af9f6c8eb
4728,39.062353,3.820874,0.090902,0.857176,28.182998055555014,True,0.619974292697819,False,30842b15eefb0ef7e36cbdea86a9efddfacf69a871c8b054165faa9af9f6c8eb
4729,40.065414,4.104658,1.177293,0.115833,21.153544214930054,True,0.46533919446225613,False,30842b15eefb0ef7e36cbdea86a9efddfacf69a871c8b054165faa9af9f6c8eb
4730,31.637343,6.240519,0.838775,0.734387,18.75730613093307,True,0.412626349351415,False,30842b15eefb0ef7e36cbdea86a9efddfacf69a871c8b054165faa9af9f6c8eb
4731,30.5859,7.975177,1.44905,0.592493,12.833286626044154,True,0.2823087800413014,False,30842b15eefb0ef7e36cbdea86a9efddfacf69a871c8b054165faa9af9f6c8eb
4732,41.549814,1.178677,1.453949,0.926788,5.799841063955358,True,0.1275858712510803,True,30842b15eefb0ef7e36cbdea86a9efddfacf69a871c8b054165faa9af9f6c8eb
4733,31.715153,0.8213,0.483558,0.374363,41.51741575428599,True,0.9133070376744858,False,30842b15eefb0ef7e36cbdea86a9efddfacf69a871c8b054165faa9af9f6c8eb
4734,38.993807,9.64213,1.448867,0.398171,7.8946496448446775,True,0.1736678198682606,True,30842b15eefb0ef7e36cbdea86a9efddfacf69a871c8b054165faa9af9f6c8eb
4735,29.525211,13.320358,1.36142,0.465712,0.0,False,0.0,True,30842b15eefb0ef7e36cbdea86a9efddfacf69a871c8b054165faa9af9f6c8eb
4736,40.163443,7.380468,0.576709,0.449872,14.779589926031052,True,0.3251238847156236,False,30842b15eefb0ef7e36cbdea86a9efddfacf69a871c8b054165faa9af9f6c8eb
4737,34.372606,7.59744,1.319552,0.937222,14.058919393585779,True,0.3092704541210438,False,30842b15eefb0ef7e36cbdea86a9efddfacf69a871c8b054165faa9af9f6c8eb
4738,36.932812,11.519517,0.970447,0.300901,3.390204045452688,True,0.0745782741437805,True,30842b15eefb0ef7e36cbdea86a9efddfacf69a871c8b054165faa9af9f6c8eb
4739,38.22489,10.408352,1.136577,0.792243,5.906933829422782,True,0.12994171577098698,True,30842b15eefb0ef7e36cbdea86a9efddfacf69a871c8b054165faa9af9f6c8eb
4740,35.983871,2.766903,1.021029,0.22911,32.6716237487948,True,0.7187158294876952,False,30842b15eefb0ef7e36cbdea86a9efddfacf69a871c8b054165faa9af9f6c8eb
4741,39.180088,1.141245,0.030324,0.539448,28.13664663898414,True,0.618954646503776,False,30842b15eefb0ef7e36cbdea86a9efddfacf69a871c8b054165faa9af9f6c8eb
4742,41.694836,3.86088,1.340044,0.380757,0.0,False,0.0,True,30842b15eefb0ef7e36cbdea86a9efddfacf69a871c8b054165faa9af9f6c8eb
4743,38.185156,1.856342,1.190119,0.210435,32.33693195840358,True,0.7113532236495749,False,30842b15eefb0ef7e36cbdea86a9efddfacf69a871c8b054165faa9af9f6c8eb
4744,36.268957,0.840418,0.927016,0.551133,39.87844043469046,True,0.877252585181092,False,30842b15eefb0ef7e36cbdea86a9efddfacf69a871c8b054165faa9af9f6c8eb
4745,33.075556,6.337926,1.496463,0.555294,18.405218112654204,True,0.4048810583901934,False,30842b15eefb0ef7e36cbdea86a9efddfacf69a871c8b054165faa9af9f6c8eb
4746,36.174863,6.638821,1.463471,0.88791,17.331754275201114,True,0.381266821819273,False,30842b15eefb0ef7e36cbdea86a9efddfacf69a871c8b054165faa9af9f6c8eb
4747,29.440614,6.864713,1.391424,0.728071,16.540118807518592,True,0.36385229274101405,False,30842b15eefb0ef7e36cbdea86a9efddfacf69a871c8b054165faa9af9f6c8eb
4748,33.852163,8.377548,0.982672,0.084016,11.569380112060719,True,0.25450515370252735,False,30842b15eefb0ef7e36cbdea86a9efddfacf69a871c8b054165faa9af9f6c8eb
4749,40.825631,3.737921,1.394891,0.662743,15.027862891181384,True,0.33058543481975555,False,30842b15eefb0ef7e36cbdea86a9efddfacf69a871c8b054165faa9af9f6c8eb
4750,36.740845,10.791273,1.09402,0.845398,4.987932967518112,True,0.10972538150360651,True,30842b15eefb0ef7e36cbdea86a9efddfacf69a871c8b054165faa9af9f6c8eb
4751,29.824741,6.850602,0.925435,0.750517,16.589208558014633,True,0.36493217726155025,False,30842b15eefb0ef7e36cbdea86a9efddfacf69a871c8b054165faa9af9f6c8eb
4752,30.837661,11.929454,1.238092,0.170288,2.585525232345691,True,0.05687681537699047,True,30842b15eefb0ef7e36cbdea86a9efddfacf69a871c8b054165faa9af9f6c8eb
4753,32.967486,6.678797,0.707149,0.38731,17.1907620455714,True,0.3781652512316349,False,30842b15eefb0ef7e36cbdea86a9efddfacf69a871c8b054165faa9af9f6c8eb
4754,40.514462,13.508618,1.442333,0.96777,0.0,False,0.0,True,30842b15eefb0ef7e36cbdea86a9efddfacf69a871c8b054165faa9af9f6c8eb
4755,34.672116,0.158314,1.145992,0.093196,43.199706445256076,True,0.9503143489332229,False,30842b15eefb0ef7e36cbdea86a9efddfacf69a871c8b054165faa9af9f6c8eb
4756,35.644509,4.529122,1.357151,0.927497,25.29337708486247,True,0.5564079285395962,False,30842b15eefb0ef7e36cbdea86a9efddfacf69a871c8b054165faa9af9f6c8eb
4757,29.897601,11.536592,0.185231,0.321362,3.3552584329700803,True,0.07380953473078089,True,30842b15eefb0ef7e36cbdea86a9efddfacf69a871c8b054165faa9af9f6c8eb
4758,28.252369,8.539938,1.343231,0.286935,11.07178940915779,True,0.2435590704122704,False,30842b15eefb0ef7e36cbdea86a9efddfacf69a871c8b054165faa9af9f6c8eb
4759,36.374385,9.599751,0.906721,0.967317,8.010088874087316,True,0.17620727129064678,True,30842b15eefb0ef7e36cbdea86a9efddfacf69a871c8b054165faa9af9f6c8eb
4760,41.48806,12.962065,0.934342,0.293332,0.0,False,0.0,True,30842b15eefb0ef7e36cbdea86a9efddfacf69a871c8b054165faa9af9f6c8eb
4761,32.365085,9.620839,1.416769,0.83143,7.95257592060306,True,0.1749420917456219,True,30842b15eefb0ef7e36cbdea86a9efddfacf69a871c8b054165faa9af9f6c8eb
4762,39.363818,7.499668,0.200659,0.949436,14.382181432409528,True,0.31638162637747824,False,30842b15eefb0ef7e36cbdea86a9efddfacf69a871c8b054165faa9af9f6c8eb
4763,41.429449,0.343702,0.434402,0.372411,10.645569049285577,True,0.23418300383396326,False,30842b15eefb0ef7e36cbdea86a9efddfacf69a871c8b054165faa9af9f6c8eb
4764,35.939271,3.366337,1.252729,0.661698,30.091635619069148,True,0.6619608202178366,False,30842b15eefb0ef7e36cbdea86a9efddfacf69a871c8b054165faa9af9f6c8eb
4765,29.804764,9.562805,0.463445,0.605264,8.111183521898884,True,0.17843116821775734,True,30842b15eefb0ef7e36cbdea86a9efddfacf69a871c8b054165faa9af9f6c8eb
4766,28.482589,11.579069,0.948034,0.521588,3.268850605914588,True,0.07190872093670955,True,30842b15eefb0ef7e36cbdea86a9efddfacf69a871c8b054165faa9af9f6c8eb
4767,41.262532,1.364229,1.235988,0.541465,11.381784281971896,True,0.25037838933760365,False,30842b15eefb0ef7e36cbdea86a9efddfacf69a871c8b054165faa9af9f6c8eb
4768,30.118759,12.445613,1.468098,0.82022,1.6817451677915904,True,0.036995310748852595,True,30842b15eefb0ef7e36cbdea86a9efddfacf69a871c8b054165faa9af9f6c8eb
4769,30.658934,1.270868,0.083211,0.706188,39.411198363564765,True,0.8669741161554121,False,30842b15eefb0ef7e36cbdea86a9efddfacf69a871c8b054165faa9af9f6c8eb
4770,39.185431,8.991881,0.961464,0.503998,9.725980959672738,True,0.2139537516334975,False,30842b15eefb0ef7e36cbdea86a9efddfacf69a871c8b054165faa9af9f6c8eb
4771,41.448159,1.279835,1.335626,0.536524,9.524934359144993,True,0.20953109497660852,False,30842b15eefb0ef7e36cbdea86a9efddfacf69a871c8b054165faa9af9f6c8eb
4772,35.24287,13.598217,0.209757,0.160714,0.0,False,0.0,True,30842b15eefb0ef7e36cbdea86a9efddfacf69a871c8b054165faa9af9f6c8eb
4773,31.298463,13.105793,0.74493,0.385969,0.0,False,0.0,True,30842b15eefb0ef7e36cbdea86a9efddfacf69a871c8b054165faa9af9f6c8eb
4774,40.085051,13.295171,0.066849,0.427145,0.0,False,0.0,True,30842b15eefb0ef7e36cbdea86a9efddfacf69a871c8b054165faa9af9f6c8eb
4775,37.811768,2.439919,0.197046,0.61357,34.10851180777009,True,0.7503247327098831,False,30842b15eefb0ef7e36cbdea86a9efddfacf69a871c8b054165faa9af9f6c8eb
4776,34.337973,0.526894,1.036551,0.100498,42.91637636563258,True,0.9440816065767023,False,30842b15eefb0ef7e36cbdea86a9efddfacf69a871c8b054165faa9af9f6c8eb
4777,39.17612,10.660297,1.23086,0.232146,5.2964298606441735,True,0.11651174762187003,True,30842b15eefb0ef7e36cbdea86a9efddfacf69a871c8b054165faa9af9f6c8eb
4778,29.683717,6.56921,1.487056,0.193041,17.578181214222013,True,0.38668776273265665,False,30842b15eefb0ef7e36cbdea86a9efddfacf69a871c8b054165faa9af9f6c8eb
4779,36.307494,7.404029,0.359855,0.958928,14.700752356477599,True,0.3233896027089482,False,30842b15eefb0ef7e36cbdea86a9efddfacf69a871c8b054165faa9af9f6c8eb
4780,40.525822,13.707331,0.588644,0.875487,0.0,False,0.0,True,30842b15eefb0ef7e36cbdea86a9efddfacf69a871c8b054165faa9af9f6c8eb
4781,31.253225,12.905603,0.695774,0.300381,0.0,False,0.0,True,30842b15eefb0ef7e36cbdea86a9efddfacf69a871c8b054165faa9af9f6c8eb
4782,39.298527,5.223193,1.080706,0.147498,22.564529274195355,True,0.49637827917569993,False,30842b15eefb0ef7e36cbdea86a9efddfacf69a871c8b054165faa9af9f6c8eb
4783,31.200713,12.304686,0.545634,0.987559,1.9155640506466978,True,0.04213889753943241,True,30842b15eefb0ef7e36cbdea86a9efddfacf69a871c8b054165faa9af9f6c8eb
4784,28.407056,0.073246,0.99181,0.828464,42.685627375492274,True,0.9390055517981805,False,30842b15eefb0ef7e36cbdea86a9efddfacf69a871c8b054165faa9af9f6c8eb
4785,32.485934,4.353916,0.219392,0.985348,25.99848340868025,True,0.571918975076376,False,30842b15eefb0ef7e36cbdea86a9efddfacf69a871c8b054165faa9af9f6c8eb
4786,29.09327,9.852396,0.998679,0.910482,7.330226297713763,True,0.1612515409212927,True,30842b15eefb0ef7e36cbdea86a9efddfacf69a871c8b054165faa9af9f6c8eb
4787,29.549114,3.681287,1.410235,0.818693,28.764693804197588,True,0.6327705328146126,False,30842b15eefb0ef7e36cbdea86a9efddfacf69a871c8b054165faa9af9f6c8eb
4788,36.424581,4.921807,0.423387,0.31785,23.736712662032016,True,0.5221641648842975,False,30842b15eefb0ef7e36cbdea86a9efddfacf69a871c8b054165faa9af9f6c8eb
4789,37.603198,6.799988,1.288779,0.464619,16.765684364201313,True,0.36881432148563853,False,30842b15eefb0ef7e36cbdea86a9efddfacf69a871c8b054165faa9af9f6c8eb
4790,34.342613,0.853884,0.894075,0.646982,41.36353483996876,True,0.9099219396510086,False,30842b15eefb0ef7e36cbdea86a9efddfacf69a871c8b054165faa9af9f6c8eb
4791,35.961376,7.683498,1.215192,0.467562,13.776421197379717,True,0.3030560116747143,False,30842b15eefb0ef7e36cbdea86a9efddfacf69a871c8b054165faa9af9f6c8eb
4792,34.561927,0.676605,0.644316,0.603982,42.20304732112371,True,0.9283896752584504,False,30842b15eefb0ef7e36cbdea86a9efddfacf69a871c8b054165faa9af9f6c8eb
4793,33.044505,4.307383,1.11825,0.680439,26.18683630975527,True,0.5760623936151482,False,30842b15eefb0ef7e36cbdea86a9efddfacf69a871c8b054165faa9af9f6c8eb
4794,35.448015,12.419405,1.022024,0.405531,1.724456966173269,True,0.03793489201481069,True,30842b15eefb0ef7e36cbdea86a9efddfacf69a871c8b054165faa9af9f6c8eb
4795,28.784808,8.127672,1.329053,0.297093,12.34914565757072,True,0.2716585662527015,False,30842b15eefb0ef7e36cbdea86a9efddfacf69a871c8b054165faa9af9f6c8eb
4796,28.497575,11.867844,1.475617,0.982052,2.7017796151214815,True,0.05943419868278237,True,30842b15eefb0ef7e36cbdea86a9efddfacf69a871c8b054165faa9af9f6c8eb
4797,41.282853,13.080599,0.89774,0.714719,0.0,False,0.0,True,30842b15eefb0ef7e36cbdea86a9efddfacf69a871c8b054165faa9af9f6c8eb
4798,34.892064,0.099055,0.184759,0.257321,43.79099815701967,True,0.9633216826475457,False,30842b15eefb0ef7e36cbdea86a9efddfacf69a871c8b054165faa9af9f6c8eb
4799,37.202211,3.221502,0.491238,0.983318,30.708515579724935,True,0.6755310484999071,False,30842b15eefb0ef7e36cbdea86a9efddfacf69a871c8b054165faa9af9f6c8eb
4800,39.996719,5.205709,1.018285,0.852023,21.80418600446105,True,0.4796521210880526,False,30842b15eefb0ef7e36cbdea86a9efddfacf69a871c8b054165faa9af9f6c8eb
4801,33.557437,7.833222,1.316931,0.193348,13.289508734899922,True,0.2923448300986235,False,30842b15eefb0ef7e36cbdea86a9efddfacf69a871c8b054165faa9af9f6c8eb
4802,28.250292,7.07574,0.002779,0.090049,15.81180703729226,True,0.34783076892301956,False,30842b15eefb0ef7e36cbdea86a9efddfacf69a871c8b054165faa9af9f6c8eb
4803,37.170587,0.656223,1.323082,0.941363,36.51503448570626,True,0.8032638200338684,False,30842b15eefb0ef7e36cbdea86a9efddfacf69a871c8b054165faa9af9f6c8eb
4804,36.488145,2.950689,0.690226,0.462584,31.873096073911373,True,0.7011496844856766,False,30842b15eefb0ef7e36cbdea86a9efddfacf69a871c8b054165faa9af9f6c8eb
4805,33.5049,5.725168,0.787311,0.292036,20.65666627769501,True,0.4544087907100645,False,30842b15eefb0ef7e36cbdea86a9efddfacf69a871c8b054165faa9af9f6c8eb
4806,36.448656,5.361069,0.642751,0.577991,22.03491924699077,True,0.48472782944800974,False,30842b15eefb0ef7e36cbdea86a9efddfacf69a871c8b054165faa9af9f6c8eb
4807,35.214905,13.834718,1.050413,0.931533,0.0,False,0.0,True,30842b15eefb0ef7e36cbdea86a9efddfacf69a871c8b054165faa9af9f6c8eb
4808,40.318275,2.818869,0.819491,0.205113,19.642678868644705,True,0.43210292653297255,False,30842b15eefb0ef7e36cbdea86a9efddfacf69a871c8b054165faa9af9f6c8eb
4809,40.767294,8.744373,0.471261,0.099113,10.455823848883009,True,0.23000895726232107,False,30842b15eefb0ef7e36cbdea86a9efddfacf69a871c8b054165faa9af9f6c8eb
4810,29.454191,10.734449,1.030569,0.436368,5.1210163394665384,True,0.11265297172062048,True,30842b15eefb0ef7e36cbdea86a9efddfacf69a871c8b054165faa9af9f6c8eb
4811,31.53878,0.428144,0.883869,0.410607,43.38906783796111,True,0.954479952439108,False,30842b15eefb0ef7e36cbdea86a9efddfacf69a871c8b054165faa9af9f6c8eb
4812,28.167213,1.226659,0.582076,0.642436,39.6166925319551,True,0.8714946111520832,False,30842b15eefb0ef7e36cbdea86a9efddfacf69a871c8b054165faa9af9f6c8eb
4813,30.965448,9.277413,1.467626,0.75589,8.90617872888947,True,0.1959196054017849,True,30842b15eefb0ef7e36cbdea86a9efddfacf69a871c8b054165faa9af9f6c8eb
4814,39.706187,7.879247,1.39453,0.358639,13.141009719843623,True,0.28907812399289373,False,30842b15eefb0ef7e36cbdea86a9efddfacf69a871c8b054165faa9af9f6c8eb
4815,34.427015,7.77114,0.833126,0.796691,13.490694572048435,True,0.2967705497059235,False,30842b15eefb0ef7e36cbdea86a9efddfacf69a871c8b054165faa9af9f6c8eb
4816,34.220732,5.054051,0.850588,0.667106,23.219939418547654,True,0.5107961008663097,False,30842b15eefb0ef7e36cbdea86a9efddfacf69a871c8b054165faa9af9f6c8eb
4817,28.245485,0.29226,0.840777,0.687194,42.613294333684436,True,0.9374143574779347,False,30842b15eefb0ef7e36cbdea86a9efddfacf69a871c8b054165faa9af9f6c8eb
4818,34.380017,2.048677,1.128661,0.155697,35.854645361652686,True,0.7887364699171995,False,30842b15eefb0ef7e36cbdea86a9efddfacf69a871c8b054165faa9af9f6c8eb
4819,31.690656,2.699251,1.233863,0.16606,32.967217912280105,True,0.7252183592068953,False,30842b15eefb0ef7e36cbdea86a9efddfacf69a871c8b054165faa9af9f6c8eb
4820,35.788571,9.762958,0.255418,0.620672,7.5686009663236815,True,0.16649534664690047,True,30842b15eefb0ef7e36cbdea86a9efddfacf69a871c8b054165faa9af9f6c8eb
4821,31.85329,1.856786,1.420331,0.258659,36.721628133610245,True,0.8078085015642953,False,30842b15eefb0ef7e36cbdea86a9efddfacf69a871c8b054165faa9af9f6c8eb
4822,34.995158,9.796198,0.70132,0.199266,7.479711277058786,True,0.16453993643392384,True,30842b15eefb0ef7e36cbdea86a9efddfacf69a871c8b054165faa9af9f6c8eb
4823,36.416588,4.179779,0.443591,0.613876,26.705661973819105,True,0.5874756071234268,False,30842b15eefb0ef7e36cbdea86a9efddfacf69a871c8b054165faa9af9f6c8eb
4824,39.676609,3.848176,1.072754,0.137332,23.95278953844136,True,0.526917460057372,False,30842b15eefb0ef7e36cbdea86a9efddfacf69a871c8b054165faa9af9f6c8eb
4825,39.825819,13.071224,1.016696,0.458725,0.0,False,0.0,True,30842b15eefb0ef7e36cbdea86a9efddfacf69a871c8b054165faa9af9f6c8eb
4826,28.198892,13.247502,0.378264,0.808155,0.0,False,0.0,True,30842b15eefb0ef7e36cbdea86a9efddfacf69a871c8b054165faa9af9f6c8eb
4827,33.038492,4.342083,0.186725,0.583508,26.046337187725822,True,0.5729716704907607,False,30842b15eefb0ef7e36cbdea86a9efddfacf69a871c8b054165faa9af9f6c8eb
4828,29.507804,6.671022,0.478749,0.76458,17.218153784538625,True,0.37876781927491027,False,30842b15eefb0ef7e36cbdea86a9efddfacf69a871c8b054165faa9af9f6c8eb
4829,37.731059,0.316647,0.873449,0.345304,34.71850095489224,True,0.763743375726319,False,30842b15eefb0ef7e36cbdea86a9efddfacf69a871c8b054165faa9af9f6c8eb
4830,28.656961,0.249783,0.595094,0.227476,43.41353714204928,True,0.955018232272395,False,30842b15eefb0ef7e36cbdea86a9efddfacf69a871c8b054165faa9af9f6c8eb
4831,33.359458,9.068066,0.309769,0.364397,9.504895350031662,True,0.20909027351123735,False,30842b15eefb0ef7e36cbdea86a9efddfacf69a871c8b054165faa9af9f6c8eb
4832,32.839031,12.065099,0.359626,0.455184,2.335659762248212,True,0.05138023308337039,True,30842b15eefb0ef7e36cbdea86a9efddfacf69a871c8b054165faa9af9f6c8eb
4833,36.67266,8.29085,1.376265,0.911573,11.838008182484517,True,0.2604144788080921,False,30842b15eefb0ef7e36cbdea86a9efddfacf69a871c8b054165faa9af9f6c8eb
4834,41.310175,4.892646,0.873095,0.971273,11.273892587796645,True,0.24800496985070536,False,30842b15eefb0ef7e36cbdea86a9efddfacf69a871c8b054165faa9af9f6c8eb
4835,32.148065,6.545726,0.51497,0.957259,17.66157719035745,True,0.38852232132775333,False,30842b15eefb0ef7e36cbdea86a9efddfacf69a871c8b054165faa9af9f6c8eb
4836,37.480945,4.049231,0.052791,0.126654,27.23995727968465,True,0.5992291243926964,False,30842b15eefb0ef7e36cbdea86a9efddfacf69a871c8b054165faa9af9f6c8eb
4837,32.997368,5.85388,1.163962,0.39474,20.176584956132594,True,0.44384788171144124,False,30842b15eefb0ef7e36cbdea86a9efddfacf69a871c8b054165faa9af9f6c8eb
4838,31.805103,9.043821,1.3105,0.517096,9.575069394326398,True,0.21063397384402716,False,30842b15eefb0ef7e36cbdea86a9efddfacf69a871c8b054165faa9af9f6c8eb
4839,39.842283,8.526457,1.422962,0.600776,11.11281940640009,True,0.24446165513620738,False,30842b15eefb0ef7e36cbdea86a9efddfacf69a871c8b054165faa9af9f6c8eb
4840,34.325662,3.992408,0.126378,0.829801,27.473617168425474,True,0.6043692136042269,False,30842b15eefb0ef7e36cbdea86a9efddfacf69a871c8b054165faa9af9f6c8eb
4841,41.032107,4.730411,0.767906,0.757781,13.895456677025095,True,0.3056745740133844,False,30842b15eefb0ef7e36cbdea86a9efddfacf69a871c8b054165faa9af9f6c8eb
4842,33.883004,12.63749,1.367272,0.126083,1.3801649783174548,True,0.03036109943136473,True,30842b15eefb0ef7e36cbdea86a9efddfacf69a871c8b054165faa9af9f6c8eb
4843,36.068131,5.119136,0.81114,0.812946,22.967000743680906,True,0.5052319137015049,False,30842b15eefb0ef7e36cbdea86a9efddfacf69a871c8b054165faa9af9f6c8eb
4844,34.133958,0.896814,0.410518,0.063707,41.16108500065246,True,0.9054684143131616,False,30842b15eefb0ef7e36cbdea86a9efddfacf69a871c8b054165faa9af9f6c8eb
4845,29.575836,13.675986,0.431168,0.697677,0.0,False,0.0,True,30842b15eefb0ef7e36cbdea86a9efddfacf69a871c8b054165faa9af9f6c8eb
4846,40.993343,10.653217,0.258965,0.895698,0.0,False,0.0,True,30842b15eefb0ef7e36cbdea86a9efddfacf69a871c8b054165faa9af9f6c8eb
4847,29.208134,9.584299,0.880108,0.747202,8.052318469407172,True,0.17713624497321007,True,30842b15eefb0ef7e36cbdea86a9efddfacf69a871c8b054165faa9af9f6c8eb
4848,41.204952,8.164786,1.292906,0.731804,0.0,False,0.0,True,30842b15eefb0ef7e36cbdea86a9efddfacf69a871c8b054165faa9af9f6c8eb
4849,28.976836,10.297094,0.167435,0.702325,6.183515966074237,True,0.13602601575232057,True,30842b15eefb0ef7e36cbdea86a9efddfacf69a871c8b054165faa9af9f6c8eb
4850,41.981585,12.109701,1.191781,0.770813,0.0,False,0.0,True,30842b15eefb0ef7e36cbdea86a9efddfacf69a871c8b054165faa9af9f6c8eb
4851,35.144657,9.572334,1.436027,0.072385,8.08506906563086,True,0.17785669805237458,True,30842b15eefb0ef7e36cbdea86a9efddfacf69a871c8b054165faa9af9f6c8eb
4852,35.853634,0.163579,0.882801,0.204702,41.0423582237323,True,0.9028566428685385,False,30842b15eefb0ef7e36cbdea86a9efddfacf69a871c8b054165faa9af9f6c8eb
4853,33.409366,12.342458,0.511838,0.799468,1.851903139272156,True,0.040738474191138185,True,30842b15eefb0ef7e36cbdea86a9efddfacf69a871c8b054165faa9af9f6c8eb
4854,31.223147,8.607225,1.254999,0.816083,10.867756685609802,True,0.2390707245230388,False,30842b15eefb0ef7e36cbdea86a9efddfacf69a871c8b054165faa9af9f6c8eb
4855,41.389809,10.556295,0.777878,0.371522,0.0,False,0.0,True,30842b15eefb0ef7e36cbdea86a9efddfacf69a871c8b054165faa9af9f6c8eb
4856,37.964406,10.212815,0.905675,0.950254,6.395820049027967,True,0.1406963163855832,True,30842b15eefb0ef7e36cbdea86a9efddfacf69a871c8b054165faa9af9f6c8eb
4857,37.104622,5.32721,1.211054,0.886735,22.164589959413977,True,0.48758034741149,False,30842b15eefb0ef7e36cbdea86a9efddfacf69a871c8b054165faa9af9f6c8eb
4858,32.092945,12.649127,0.909391,0.806216,1.3625211034957836,True,0.02997296652969644,True,30842b15eefb0ef7e36cbdea86a9efddfacf69a871c8b054165faa9af9f6c8eb
4859,28.157063,1.024155,0.135813,0.98733,40.562520072613395,True,0.8923010831738971,False,30842b15eefb0ef7e36cbdea86a9efddfacf69a871c8b054165faa9af9f6c8eb
4860,35.025024,6.525352,0.251781,0.282824,17.734035501816457,True,0.39011627135068294,False,30842b15eefb0ef7e36cbdea86a9efddfacf69a871c8b054165faa9af9f6c8eb
4861,31.742802,4.954249,0.48695,0.091992,23.60958746636978,True,0.5193676436231667,False,30842b15eefb0ef7e36cbdea86a9efddfacf69a871c8b054165faa9af9f6c8eb
4862,29.79545,7.56119,1.073051,0.326942,14.178486374412056,True,0.31190070851135604,False,30842b15eefb0ef7e36cbdea86a9efddfacf69a871c8b054165faa9af9f6c8eb
4863,29.934021,3.794483,0.222989,0.887087,28.292672410290493,True,0.6223869274491036,False,30842b15eefb0ef7e36cbdea86a9efddfacf69a871c8b054165faa9af9f6c8eb
4864,33.051554,7.393933,0.88827,0.455058,14.73451741735941,True,0.3241323721508945,False,30842b15eefb0ef7e36cbdea86a9efddfacf69a871c8b054165faa9af9f6c8eb
4865,40.254871,3.784603,1.311356,0.866492,19.628188604171662,True,0.43178416727783686,False,30842b15eefb0ef7e36cbdea86a9efddfacf69a871c8b054165faa9af9f6c8eb
4866,29.280697,1.267112,0.163008,0.224994,39.428643313493374,True,0.8673578730740983,False,30842b15eefb0ef7e36cbdea86a9efddfacf69a871c8b054165faa9af9f6c8eb
4867,36.867127,2.832673,0.766426,0.808016,32.385104686032555,True,0.712412935348104,False,30842b15eefb0ef7e36cbdea86a9efddfacf69a871c8b054165faa9af9f6c8eb
4868,30.975659,0.19642,0.67888,0.446086,44.50502611845345,True,0.9790289888569048,False,30842b15eefb0ef7e36cbdea86a9efddfacf69a871c8b054165faa9af9f6c8eb
4869,36.974582,10.90124,1.064071,0.291387,4.733728736199023,True,0.10413335441684379,True,30842b15eefb0ef7e36cbdea86a9efddfacf69a871c8b054165faa9af9f6c8eb
4870,31.550069,10.298464,0.469117,0.518829,6.180084620559866,True,0.1359505324412803,True,30842b15eefb0ef7e36cbdea86a9efddfacf69a871c8b054165faa9af9f6c8eb
4871,39.107322,4.939413,1.305438,0.886207,23.66769465192764,True,0.5206458951844761,False,30842b15eefb0ef7e36cbdea86a9efddfacf69a871c8b054165faa9af9f6c8eb
4872,35.808014,8.93486,0.629997,0.302539,9.892558699990719,True,0.21761815655341643,False,30842b15eefb0ef7e36cbdea86a9efddfacf69a871c8b054165faa9af9f6c8eb
4873,33.779631,1.262939,1.184326,0.50143,39.44802806055131,True,0.8677843019736312,False,30842b15eefb0ef7e36cbdea86a9efddfacf69a871c8b054165faa9af9f6c8eb
4874,41.093695,3.693193,0.76314,0.985639,13.362057757190547,True,0.2939407755935593,False,30842b15eefb0ef7e36cbdea86a9efddfacf69a871c8b054165faa9af9f6c8eb
4875,28.874151,4.472808,1.497057,0.512699,25.519304365951246,True,0.5613779145580478,False,30842b15eefb0ef7e36cbdea86a9efddfacf69a871c8b054165faa9af9f6c8eb
4876,38.105167,5.071837,1.430921,0.767791,23.15072633086361,True,0.5092735398173481,False,30842b15eefb0ef7e36cbdea86a9efddfacf69a871c8b054165faa9af9f6c8eb
4877,35.07284,7.903765,0.60242,0.132794,13.062130109230186,True,0.2873429171599675,False,30842b15eefb0ef7e36cbdea86a9efddfacf69a871c8b054165faa9af9f6c8eb
4878,38.249655,9.23919,1.36172,0.255788,9.014522552617331,True,0.1983029709100055,True,30842b15eefb0ef7e36cbdea86a9efddfacf69a871c8b054165faa9af9f6c8eb
4879,33.416329,13.86847,0.350605,0.115603,0.0,False,0.0,True,30842b15eefb0ef7e36cbdea86a9efddfacf69a871c8b054165faa9af9f6c8eb
4880,40.387684,5.583264,1.395944,0.168117,18.53678218704305,True,0.40777522684604334,False,30842b15eefb0ef7e36cbdea86a9efddfacf69a871c8b054165faa9af9f6c8eb
4881,38.095671,6.793295,0.362153,0.153033,16.78906740838315,True,0.3693287055922967,False,30842b15eefb0ef7e36cbdea86a9efddfacf69a871c8b054165faa9af9f6c8eb
4882,38.599267,4.00101,0.215924,0.813792,27.43820246569597,True,0.6035901550657227,False,30842b15eefb0ef7e36cbdea86a9efddfacf69a871c8b054165faa9af9f6c8eb
4883,37.259679,10.42596,0.411514,0.419696,5.863549130870281,True,0.12898733193481832,True,30842b15eefb0ef7e36cbdea86a9efddfacf69a871c8b054165faa9af9f6c8eb
4884,41.818867,2.395387,0.536622,0.718191,0.0,False,0.0,True,30842b15eefb0ef7e36cbdea86a9efddfacf69a871c8b054165faa9af9f6c8eb
4885,41.874789,4.872399,1.314719,0.418105,0.0,False,0.0,True,30842b15eefb0ef7e36cbdea86a9efddfacf69a871c8b054165faa9af9f6c8eb
4886,33.406287,12.231393,0.172458,0.308961,2.0411196548081296,True,0.04490089066489012,True,30842b15eefb0ef7e36cbdea86a9efddfacf69a871c8b054165faa9af9f6c8eb
4887,29.008298,6.833939,0.855519,0.283835,16.647238685561458,True,0.3662087336878782,False,30842b15eefb0ef7e36cbdea86a9efddfacf69a871c8b054165faa9af9f6c8eb
4888,37.241986,6.031912,0.399512,0.152367,19.518778606896383,True,0.4293773479060617,False,30842b15eefb0ef7e36cbdea86a9efddfacf69a871c8b054165faa9af9f6c8eb
4889,28.322426,9.672879,0.494562,0.133913,7.811240595258239,True,0.17183297368120787,True,30842b15eefb0ef7e36cbdea86a9efddfacf69a871c8b054165faa9af9f6c8eb
4890,40.969453,3.942959,0.576117,0.393121,14.628382290404414,True,0.32179759392273694,False,30842b15eefb0ef7e36cbdea86a9efddfacf69a871c8b054165faa9af9f6c8eb
4891,31.267797,3.458644,0.959384,0.071039,29.70066518759634,True,0.6533601874448326,False,30842b15eefb0ef7e36cbdea86a9efddfacf69a871c8b054165faa9af9f6c8eb
4892,37.045342,12.300285,0.090136,0.193722,1.9230280363503962,True,0.04230309154208022,True,30842b15eefb0ef7e36cbdea86a9efddfacf69a871c8b054165faa9af9f6c8eb
4893,33.16902,6.997933,0.805678,0.199882,16.0790671311227,True,0.35371000105127853,False,30842b15eefb0ef7e36cbdea86a9efddfacf69a871c8b054165faa9af9f6c8eb
4894,41.989236,0.945307,1.072438,0.108477,0.0,False,0.0,True,30842b15eefb0ef7e36cbdea86a9efddfacf69a871c8b054165faa9af9f6c8eb
4895,29.813412,1.808998,0.103194,0.98424,36.93861086967096,True,0.8125817239890956,False,30842b15eefb0ef7e36cbdea86a9efddfacf69a871c8b054165faa9af9f6c8eb
4896,37.716404,10.250817,0.971285,0.806713,6.299794951148941,True,0.1385839402635881,True,30842b15eefb0ef7e36cbdea86a9efddfacf69a871c8b054165faa9af9f6c8eb
4897,38.949613,2.1925,0.063655,0.297839,29.452528957725317,True,0.647901645266185,False,30842b15eefb0ef7e36cbdea86a9efddfacf69a871c8b054165faa9af9f6c8eb
4898,32.316914,3.080131,0.635503,0.277414,31.314652591643924,True,0.6888649516035329,False,30842b15eefb0ef7e36cbdea86a9efddfacf69a871c8b054165faa9af9f6c8eb
4899,33.300599,7.295068,0.825575,0.323468,15.066522409862559,True,0.331435873360863,False,30842b15eefb0ef7e36cbdea86a9efddfacf69a871c8b054165faa9af9f6c8eb
4900,41.75762,6.439932,0.475623,0.908918,0.0,False,0.0,True,30842b15eefb0ef7e36cbdea86a9efddfacf69a871c8b054165faa9af9f6c8eb
4901,35.077039,3.853001,1.308698,0.091154,28.049678105993582,True,0.6170414982070084,False,30842b15eefb0ef7e36cbdea86a9efddfacf69a871c8b054165faa9af9f6c8eb
4902,31.124811,1.897882,0.86848,0.501671,36.535371699103656,True,0.8037112014468267,False,30842b15eefb0ef7e36cbdea86a9efddfacf69a871c8b054165faa9af9f6c8eb
4903,31.056743,1.580442,1.452729,0.107015,37.982248020830646,True,0.8355398281392629,False,30842b15eefb0ef7e36cbdea86a9efddfacf69a871c8b054165faa9af9f6c8eb
4904,34.046023,1.870216,0.268565,0.989641,36.66072558967257,True,0.8064687572430266,False,30842b15eefb0ef7e36cbdea86a9efddfacf69a871c8b054165faa9af9f6c8eb
4905,32.610792,10.981884,0.662796,0.293654,4.550146155561118,True,0.10009487418282938,True,30842b15eefb0ef7e36cbdea86a9efddfacf69a871c8b054165faa9af9f6c8eb
4906,40.339194,1.973375,0.296453,0.339466,20.0069064063095,True,0.44011526466675355,False,30842b15eefb0ef7e36cbdea86a9efddfacf69a871c8b054165faa9af9f6c8eb
4907,31.476887,12.871008,0.164903,0.655849,1.0410168333850103,True,0.022900461962640013,True,30842b15eefb0ef7e36cbdea86a9efddfacf69a871c8b054165faa9af9f6c8eb
4908,38.799525,4.058463,0.741542,0.956235,27.20205755334082,True,0.598395399890174,False,30842b15eefb0ef7e36cbdea86a9efddfacf69a871c8b054165faa9af9f6c8eb
4909,35.281561,10.175202,0.008406,0.118289,6.491337814389746,True,0.14279753212223095,True,30842b15eefb0ef7e36cbdea86a9efddfacf69a871c8b054165faa9af9f6c8eb
4910,31.481099,9.992978,0.163411,0.393603,6.9607180985861445,True,0.1531230379157356,True,30842b15eefb0ef7e36cbdea86a9efddfacf69a871c8b054165faa9af9f6c8eb
4911,31.951604,5.388823,1.132434,0.065117,21.92881832375507,True,0.4823938036389751,False,30842b15eefb0ef7e36cbdea86a9efddfacf69a871c8b054165faa9af9f6c8eb
4912,33.495194,5.23881,1.227461,0.41163,22.504330824313808,True,0.4950540236329345,False,30842b15eefb0ef7e36cbdea86a9efddfacf69a871c8b054165faa9af9f6c8eb
4913,30.745962,0.225312,0.435573,0.546533,44.36537037640381,True,0.9759568185460052,False,30842b15eefb0ef7e36cbdea86a9efddfacf69a871c8b054165faa9af9f6c8eb
4914,32.537677,0.407264,1.019122,0.42999,43.48923602038753,True,0.9566834688261238,False,30842b15eefb0ef7e36cbdea86a9efddfacf69a871c8b054165faa9af9f6c8eb
4915,41.82411,3.488451,0.333613,0.378875,0.0,False,0.0,True,30842b15eefb0ef7e36cbdea86a9efddfacf69a871c8b054165faa9af9f6c8eb
4916,31.9454,1.666425,0.11358,0.881055,37.58849383850488,True,0.8268779579506117,False,30842b15eefb0ef7e36cbdea86a9efddfacf69a871c8b054165faa9af9f6c8eb
4917,40.510812,8.801137,0.676988,0.108526,10.286888084867309,True,0.22629268014373555,False,30842b15eefb0ef7e36cbdea86a9efddfacf69a871c8b054165faa9af9f6c8eb
4918,35.348082,3.358218,0.398358,0.830431,30.126105484001435,True,0.6627190940568604,False,30842b15eefb0ef7e36cbdea86a9efddfacf69a871c8b054165faa9af9f6c8eb
4919,31.485529,7.439368,0.853782,0.872197,14.582768190461538,True,0.32079416734287536,False,30842b15eefb0ef7e36cbdea86a9efddfacf69a871c8b054165faa9af9f6c8eb
4920,33.64267,4.717643,0.037333,0.867094,24.541938103549267,True,0.5398776484740445,False,30842b15eefb0ef7e36cbdea86a9efddfacf69a871c8b054165faa9af9f6c8eb
4921,36.22446,2.69235,0.874954,0.67835,32.99742053425128,True,0.7258827615234015,False,30842b15eefb0ef7e36cbdea86a9efddfacf69a871c8b054165faa9af9f6c8eb
4922,34.026856,10.736821,1.246642,0.32494,5.115437719805479,True,0.11253025231469435,True,30842b15eefb0ef7e36cbdea86a9efddfacf69a871c8b054165faa9af9f6c8eb
4923,40.206941,11.544627,1.165675,0.240435,0.0,False,0.0,True,30842b15eefb0ef7e36cbdea86a9efddfacf69a871c8b054165faa9af9f6c8eb
4924,35.937061,5.872007,1.124722,0.615778,20.10927608722897,True,0.44236720998487206,False,30842b15eefb0ef7e36cbdea86a9efddfacf69a871c8b054165faa9af9f6c8eb
4925,32.345631,13.475077,0.984765,0.968049,0.0,False,0.0,True,30842b15eefb0ef7e36cbdea86a9efddfacf69a871c8b054165faa9af9f6c8eb
4926,31.4421,4.35702,0.325297,0.582042,25.985935394357966,True,0.5716429417640617,False,30842b15eefb0ef7e36cbdea86a9efddfacf69a871c8b054165faa9af9f6c8eb
4927,28.534396,4.470175,0.642008,0.344158,25.529884131313594,True,0.5616106500013991,False,30842b15eefb0ef7e36cbdea86a9efddfacf69a871c8b054165faa9af9f6c8eb
4928,34.85033,8.973669,0.154041,0.577103,9.77908188453151,True,0.2151218746368069,False,30842b15eefb0ef7e36cbdea86a9efddfacf69a871c8b054165faa9af9f6c8eb
4929,34.177081,12.25867,1.38272,0.072969,1.9940823002915524,True,0.043866155093489706,True,30842b15eefb0ef7e36cbdea86a9efddfacf69a871c8b054165faa9af9f6c8eb
4930,28.114748,8.841625,1.326997,0.443715,10.166953139294181,True,0.22365433120353842,False,30842b15eefb0ef7e36cbdea86a9efddfacf69a871c8b054165faa9af9f6c8eb
4931,30.896439,7.423748,1.241544,0.260576,14.634878650005353,True,0.32194050192495743,False,30842b15eefb0ef7e36cbdea86a9efddfacf69a871c8b054165faa9af9f6c8eb
4932,41.823206,4.052564,0.321252,0.538515,0.0,False,0.0,True,30842b15eefb0ef7e36cbdea86a9efddfacf69a871c8b054165faa9af9f6c8eb
4933,34.421622,6.819964,1.438853,0.342643,16.695959708427402,True,0.36728050687649655,False,30842b15eefb0ef7e36cbdea86a9efddfacf69a871c8b054165faa9af9f6c8eb
4934,41.906374,9.792943,0.366555,0.676645,0.0,False,0.0,True,30842b15eefb0ef7e36cbdea86a9efddfacf69a871c8b054165faa9af9f6c8eb
4935,41.078972,10.680292,0.164059,0.758038,0.0,False,0.0,True,30842b15eefb0ef7e36cbdea86a9efddfacf69a871c8b054165faa9af9f6c8eb
4936,39.142904,9.554964,1.218347,0.47129,8.132693015612855,True,0.1789043376486788,True,30842b15eefb0ef7e36cbdea86a9efddfacf69a871c8b054165faa9af9f6c8eb
4937,39.117373,7.106923,1.054274,0.723292,15.705116059793314,True,0.3454837630018695,False,30842b15eefb0ef7e36cbdea86a9efddfacf69a871c8b054165faa9af9f6c8eb
4938,30.637013,6.82557,1.464948,0.35899,16.67640981799515,True,0.3668504451254663,False,30842b15eefb0ef7e36cbdea86a9efddfacf69a871c8b054165faa9af9f6c8eb
4939,39.857658,13.384046,1.086541,0.233005,0.0,False,0.0,True,30842b15eefb0ef7e36cbdea86a9efddfacf69a871c8b054165faa9af9f6c8eb
4940,28.160367,4.285956,1.280599,0.813579,26.273719242852415,True,0.5779736588711807,False,30842b15eefb0ef7e36cbdea86a9efddfacf69a871c8b054165faa9af9f6c8eb
4941,31.68477,11.466749,1.175474,0.110081,3.4989584839840853,True,0.07697067242494782,True,30842b15eefb0ef7e36cbdea86a9efddfacf69a871c8b054165faa9af9f6c8eb
4942,30.134744,2.400663,0.646636,0.775791,34.28239897408131,True,0.7541499316021555,False,30842b15eefb0ef7e36cbdea86a9efddfacf69a871c8b054165faa9af9f6c8eb
4943,32.070295,9.353797,1.090671,0.42962,8.690979523568522,True,0.19118561738372555,True,30842b15eefb0ef7e36cbdea86a9efddfacf69a871c8b054165faa9af9f6c8eb
4944,32.1448,8.799793,0.336351,0.851936,10.290877362259684,True,0.22638043693330198,False,30842b15eefb0ef7e36cbdea86a9efddfacf69a871c8b054165faa9af9f6c8eb
4945,40.087815,7.8016,0.271426,0.159692,13.391858563294022,True,0.2945963386975771,False,30842b15eefb0ef7e36cbdea86a9efddfacf69a871c8b054165faa9af9f6c8eb
4946,37.738086,9.469126,0.462773,0.588169,8.36940208414343,True,0.18411150322588665,True,30842b15eefb0ef7e36cbdea86a9efddfacf69a871c8b054165faa9af9f6c8eb
4947,35.163824,12.52588,0.133777,0.375205,1.5531761501079597,True,0.03416702805003762,True,30842b15eefb0ef7e36cbdea86a9efddfacf69a871c8b054165faa9af9f6c8eb
4948,37.514875,0.044232,0.038423,0.070425,36.458371680823745,True,0.802017342199606,False,30842b15eefb0ef7e36cbdea86a9efddfacf69a871c8b054165faa9af9f6c8eb
4949,28.280703,6.392869,0.734814,0.185831,18.207603950986247,True,0.40053390909593956,False,30842b15eefb0ef7e36cbdea86a9efddfacf69a871c8b054165faa9af9f6c8eb
4950,30.560419,12.529539,1.119102,0.349558,1.5473968951951351,True,0.03403989503637329,True,30842b15eefb0ef7e36cbdea86a9efddfacf69a871c8b054165faa9af9f6c8eb
4951,33.578938,13.077144,0.28702,0.564827,0.0,False,0.0,True,30842b15eefb0ef7e36cbdea86a9efddfacf69a871c8b054165faa9af9f6c8eb
4952,28.623423,8.167892,0.715887,0.889179,12.22249285193805,True,0.268872436706245,False,30842b15eefb0ef7e36cbdea86a9efddfacf69a871c8b054165faa9af9f6c8eb
4953,30.452856,0.950194,1.236976,0.61608,40.90981716370448,True,0.8999409825196222,False,30842b15eefb0ef7e36cbdea86a9efddfacf69a871c8b054165faa9af9f6c8eb
4954,30.833038,5.918885,0.073232,0.391017,19.935557536360847,True,0.4385457203232451,False,30842b15eefb0ef7e36cbdea86a9efddfacf69a871c8b054165faa9af9f6c8eb
4955,39.605175,6.108226,0.913905,0.434567,19.239040766750673,True,0.42322362823282883,False,30842b15eefb0ef7e36cbdea86a9efddfacf69a871c8b054165faa9af9f6c8eb
4956,33.367478,1.880698,0.842491,0.587948,36.61321509465086,True,0.8054236134478652,False,30842b15eefb0ef7e36cbdea86a9efddfacf69a871c8b054165faa9af9f6c8eb
4957,38.646984,4.879669,0.772185,0.598494,23.902171367161902,True,0.5258039530814719,False,30842b15eefb0ef7e36cbdea86a9efddfacf69a871c8b054165faa9af9f6c8eb
4958,38.489501,10.037701,0.997821,0.727047,6.844509373932144,True,0.15056665900492347,True,30842b15eefb0ef7e36cbdea86a9efddfacf69a871c8b054165faa9af9f6c8eb
4959,31.054455,11.294289,0.857375,0.175487,3.862278319524086,True,0.08496304277596525,True,30842b15eefb0ef7e36cbdea86a9efddfacf69a871c8b054165faa9af9f6c8eb
4960,30.402903,10.570085,0.00332,0.730213,5.512473207020754,True,0.12126430519569031,True,30842b15eefb0ef7e36cbdea86a9efddfacf69a871c8b054165faa9af9f6c8eb
4961,40.179,8.417303,1.001233,0.898955,11.446890836935667,True,0.25181061419473516,False,30842b15eefb0ef7e36cbdea86a9efddfacf69a871c8b054165faa9af9f6c8eb
4962,36.755159,5.282429,1.348949,0.299811,22.336478008677556,True,0.49136156939345693,False,30842b15eefb0ef7e36cbdea86a9efddfacf69a871c8b054165faa9af9f6c8eb
4963,34.486837,11.428609,1.228698,0.962903,3.5782743444009038,True,0.07871547595382375,True,30842b15eefb0ef7e36cbdea86a9efddfacf69a871c8b054165faa9af9f6c8eb
4964,34.49437,4.236395,0.009878,0.210857,26.475048053382864,True,0.5824025236307873,False,30842b15eefb0ef7e36cbdea86a9efddfacf69a871c8b054165faa9af9f6c8eb
4965,41.353747,3.807937,1.202648,0.441868,10.534497711796515,True,0.23173963802302147,False,30842b15eefb0ef7e36cbdea86a9efddfacf69a871c8b054165faa9af9f6c8eb
4966,28.940395,11.21442,1.10435,0.624303,4.03454820486608,True,0.0887526644516828,True,30842b15eefb0ef7e36cbdea86a9efddfacf69a871c8b054165faa9af9f6c8eb
4967,41.886168,11.949404,1.133989,0.341633,0.0,False,0.0,True,30842b15eefb0ef7e36cbdea86a9efddfacf69a871c8b054165faa9af9f6c8eb
4968,32.978588,7.556236,1.419807,0.570439,14.194852845177097,True,0.31226074086549077,False,30842b15eefb0ef7e36cbdea86a9efddfacf69a871c8b054165faa9af9f6c8eb
4969,41.535967,8.347522,1.058954,0.80585,0.0,False,0.0,True,30842b15eefb0ef7e36cbdea86a9efddfacf69a871c8b054165faa9af9f6c8eb
4970,39.555217,4.29222,1.108158,0.639744,24.71580507066254,True,0.5437024030209909,False,30842b15eefb0ef7e36cbdea86a9efddfacf69a871c8b054165faa9af9f6c8eb
4971,35.40401,7.489726,1.166401,0.516192,14.415189509694583,True,0.3171077435679836,False,30842b15eefb0ef7e36cbdea86a9efddfacf69a871c8b054165faa9af9f6c8eb
4972,34.664499,11.358679,1.102766,0.590241,3.7252312008950965,True,0.0819482573982423,True,30842b15eefb0ef7e36cbdea86a9efddfacf69a871c8b054165faa9af9f6c8eb
4973,35.993014,8.029333,0.437399,0.346883,12.660642055918808,True,0.27851091598721495,False,30842b15eefb0ef7e36cbdea86a9efddfacf69a871c8b054165faa9af9f6c8eb
4974,37.777044,2.415265,0.960051,0.605949,34.21768398057331,True,0.7527263203792481,False,30842b15eefb0ef7e36cbdea86a9efddfacf69a871c8b054165faa9af9f6c8eb
4975,40.762315,3.661873,0.807051,0.141563,16.141581657056562,True,0.35508520602140936,False,30842b15eefb0ef7e36cbdea86a9efddfacf69a871c8b054165faa9af9f6c8eb
4976,35.180423,8.207757,0.334215,0.050556,12.097388150803631,True,0.2661203626207949,False,30842b15eefb0ef7e36cbdea86a9efddfacf69a871c8b054165faa9af9f6c8eb
4977,34.358758,13.148491,0.798179,0.913246,0.0,False,0.0,True,30842b15eefb0ef7e36cbdea86a9efddfacf69a871c8b054165faa9af9f6c8eb
4978,34.609931,9.928636,1.327268,0.617731,7.129044959845771,True,0.15682592028991618,True,30842b15eefb0ef7e36cbdea86a9efddfacf69a871c8b054165faa9af9f6c8eb
4979,28.319026,9.374372,1.197423,0.161989,8.633313470822634,True,0.18991706993560337,True,30842b15eefb0ef7e36cbdea86a9efddfacf69a871c8b054165faa9af9f6c8eb
4980,32.970449,9.533272,0.964884,0.556468,8.192297514854042,True,0.18021552736617513,True,30842b15eefb0ef7e36cbdea86a9efddfacf69a871c8b054165faa9af9f6c8eb
4981,34.829567,0.451768,0.811766,0.339164,43.27269220917399,True,0.9519199019433328,False,30842b15eefb0ef7e36cbdea86a9efddfacf69a871c8b054165faa9af9f6c8eb
4982,40.376952,7.411641,0.377007,0.868178,14.675311863507691,True,0.32282995850062757,False,30842b15eefb0ef7e36cbdea86a9efddfacf69a871c8b054165faa9af9f6c8eb
4983,40.281626,7.511911,0.637546,0.133649,14.341568557956839,True,0.31548821759025136,False,30842b15eefb0ef7e36cbdea86a9efddfacf69a871c8b054165faa9af9f6c8eb
4984,28.88507,5.248054,0.490714,0.496678,22.468723478001586,True,0.4942707272887609,False,30842b15eefb0ef7e36cbdea86a9efddfacf69a871c8b054165faa9af9f6c8eb
4985,34.800634,3.525053,1.021601,0.939218,29.420442923883066,True,0.6471958113411492,False,30842b15eefb0ef7e36cbdea86a9efddfacf69a871c8b054165faa9af9f6c8eb
4986,38.676807,1.096068,0.288999,0.09311,30.73864116588094,True,0.6761937561697,False,30842b15eefb0ef7e36cbdea86a9efddfacf69a871c8b054165faa9af9f6c8eb
4987,38.881555,12.061226,1.477749,0.81696,0.0,False,0.0,True,30842b15eefb0ef7e36cbdea86a9efddfacf69a871c8b054165faa9af9f6c8eb
4988,40.307914,10.969439,0.613181,0.259529,0.0,False,0.0,True,30842b15eefb0ef7e36cbdea86a9efddfacf69a871c8b054165faa9af9f6c8eb
4989,34.596551,10.125922,1.13677,0.735683,6.617195962364226,True,0.14556618065695826,True,30842b15eefb0ef7e36cbdea86a9efddfacf69a871c8b054165faa9af9f6c8eb
4990,33.769775,3.845981,0.510663,0.620143,28.078791560113824,True,0.6176819408274353,False,30842b15eefb0ef7e36cbdea86a9efddfacf69a871c8b054165faa9af9f6c8eb
4991,29.16256,0.82908,0.210008,0.895407,41.480656686405716,True,0.9124984055671287,False,30842b15eefb0ef7e36cbdea86a9efddfacf69a871c8b054165faa9af9f6c8eb
4992,36.706878,1.863098,0.639175,0.702022,36.693000194541185,True,0.8071787393849575,False,30842b15eefb0ef7e36cbdea86a9efddfacf69a871c8b054165faa9af9f6c8eb
4993,37.660015,0.522425,0.583168,0.289779,35.31157915104281,True,0.7767900088222067,False,30842b15eefb0ef7e36cbdea86a9efddfacf69a871c8b054165faa9af9f6c8eb
4994,39.433037,13.692822,0.424758,0.382494,0.0,False,0.0,True,30842b15eefb0ef7e36cbdea86a9efddfacf69a871c8b054165faa9af9f6c8eb
4995,34.657241,13.35925,0.886126,0.978625,0.0,False,0.0,True,30842b15eefb0ef7e36cbdea86a9efddfacf69a871c8b054165faa9af9f6c8eb
4996,39.031566,5.455732,1.407956,0.85767,21.673734467212334,True,0.476782426409804,False,30842b15eefb0ef7e36cbdea86a9efddfacf69a871c8b054165faa9af9f6c8eb
4997,37.148582,7.52671,0.87599,0.925899,14.292527970029646,True,0.31440941455610594,False,30842b15eefb0ef7e36cbdea86a9efddfacf69a871c8b054165faa9af9f6c8eb
4998,36.559761,13.063948,1.039389,0.532202,0.0,False,0.0,True,30842b15eefb0ef7e36cbdea86a9efddfacf69a871c8b054165faa9af9f6c8eb
4999,39.255433,7.195715,0.177588,0.0547,15.40264121582,True,0.33882987092546296,False,30842b15eefb0ef7e36cbdea86a9efddfacf69a871c8b054165faa9af9f6c8eb
