idx,relative_yield,independence_pred,deviation,collapsed
0,0.047287790236118614,0.04448761006655815,0.0028001801695604622,True
1,0.26259512357660164,0.254016888276762,0.008578235299839643,False
2,0.28333903125331444,0.08473339352148102,0.19860563773183343,False
3,0.14695905895044206,0.10726487967935515,0.03969417927108691,True
4,0.0641359051970556,0.04201765941895385,0.02211824577810175,True
5,0.06978154054733007,0.040805794428926914,0.02897574611840316,True
6,0.42908986524419407,0.2371949677979536,0.19189489744624047,False
7,0.7072678723137696,0.5099984743436604,0.19726939797010923,False
8,0.481656046983646,0.4473109318818177,0.034345115101828305,False
9,0.0,0.01992250475813743,-0.01992250475813743,True
10,0.15409513038124306,0.1445900003521247,0.009505130029118375,True
11,0.16380290003252226,0.16085755159904044,0.0029453484334818203,True
12,0.26240221380044526,0.24782108701790104,0.014581126782544224,False
13,0.05750612847317441,0.054043935367895174,0.003462193105279239,True
14,0.054070629781036376,0.05273412621491017,0.0013365035661262042,True
15,0.0,0.09352054509029206,-0.09352054509029206,True
16,0.2440634862055631,0.1834034512736308,0.06066003493193228,False
17,0.7401199909924895,0.739274674666973,0.000845316325516432,False
18,0.3144352785771262,0.30961766950452935,0.004817609072596873,False
19,0.40531692640844513,0.4041146626080725,0.0012022638003726382,False
20,0.10708195989895343,0.06939879784340376,0.03768316205554967,True
21,0.0,0.00520824874418639,-0.00520824874418639,True
22,0.2663549178118165,0.12178076275920413,0.1445741550526124,False
23,0.08851490895058296,0.07230202299911234,0.01621288595147062,True
24,0.44346242323238183,0.4271451385920252,0.016317284640356644,False
25,0.6556410332685367,0.4633669202536,0.19227411301493674,False
26,0.43976202963578437,0.2250401655932892,0.21472186404249516,False
27,0.7471682089021526,0.7329644795409411,0.014203729361211503,False
28,0.06869383854075384,0.06944879634660633,-0.0007549578058524964,True
29,0.20112094429144112,0.19134030424553133,0.009780640045909783,False
30,0.3010606008427987,0.10042019877894022,0.20064040206385847,False
31,0.0,0.010992359932999622,-0.010992359932999622,True
32,0.1255825587076566,0.12245561419145806,0.0031269445161985487,True
33,0.0,0.0,0.0,True
34,0.31077542971575617,0.30751320401758553,0.00326222569817064,False
35,0.22207555285477587,0.16080141555101043,0.061274137303765436,False
36,0.36820556227953827,0.21855286796656212,0.14965269431297615,False
37,0.2600392836508478,0.2521269076828442,0.007912375968003593,False
38,0.4627644557421532,0.4536404287355329,0.009124027006620294,False
39,0.3120655184131636,0.3023590521087391,0.00970646630442451,False
40,0.0,0.0,0.0,True
41,0.7385622945414609,0.7175534576887511,0.021008836852709822,False
42,0.2750743188626635,0.08897390505442446,0.18610041380823902,False
43,0.38885651532210236,0.38657252255972857,0.0022839927623737877,False
44,0.0,0.05041866487088891,-0.05041866487088891,True
45,0.2590176985857504,0.11282016135912705,0.14619753722662338,False
46,0.23084916299416347,0.1725533612645366,0.05829580172962687,False
47,0.27914977433965865,0.205750259350645,0.07339951498901365,False
48,0.0,0.10454647045274121,-0.10454647045274121,True
49,0.05507908074620063,0.053717047055670965,0.0013620336905296668,True
50,0.6220021191229815,0.5369166448607811,0.08508547426220048,False
51,0.2079896236273814,0.17575026177762162,0.032239361849759784,False
52,0.5533702441627903,0.5402774781163182,0.013092766046472137,False
53,0.8098461722878683,0.7699800956364318,0.03986607665143649,False
54,0.04119510309746515,0.03228823716519264,0.008906865932272509,True
55,0.04469476082430739,0.03301419141565519,0.011680569408652204,True
56,0.0,0.0,0.0,True
57,0.4693412933735956,0.23575499792806484,0.23358629544553075,False
58,0.7437597494962939,0.6724359039879334,0.07132384550836046,False
59,0.22075997508181133,0.10714485833241065,0.11361511674940068,False
60,0.8225608789058156,0.8052750709065136,0.017285807999302016,False
61,0.44132861355518044,0.43191924613831706,0.009409367416863379,False
62,0.0,0.0,0.0,True
63,0.416048780714403,0.32279690735901856,0.09325187335538443,False
64,0.0,0.0,0.0,True
65,0.3534404363003292,0.3421620324959649,0.01127840380436429,False
66,0.2867178961737665,0.23032693164585066,0.05639096452791581,False
67,0.14254218320977555,0.1404676639128725,0.0020745192969030546,True
68,0.8717600982854676,0.8119614776760745,0.059798620609393116,False
69,0.2043677709419843,0.200461114970161,0.003906655971823297,False
70,0.6418590999992396,0.6092533859966429,0.03260571400259671,False
71,0.0,0.0036510843093114057,-0.0036510843093114057,True
72,0.5594663667142954,0.5252066462412229,0.034259720473072464,False
73,0.48388154884252776,0.45746987085507823,0.026411677987449533,False
74,0.6350912319146581,0.6282394427543178,0.006851789160340349,False
75,0.23915910515282324,0.1856730595110282,0.053486045641795044,False
76,0.0,0.0029751233175154324,-0.0029751233175154324,True
77,0.22920742041838083,0.2288438300753608,0.000363590343020026,False
78,0.256813113166423,0.25387292143433127,0.002940191732091757,False
79,0.045778918386482785,0.04202328168057091,0.0037556367059118773,True
80,0.3327596923996184,0.27341072883822076,0.05934896356139763,False
81,0.5358289136808244,0.5235649709148028,0.012263942766021607,False
82,0.5996854344069874,0.4242209276041638,0.1754645068028236,False
83,0.09885843425459508,0.0969472464452039,0.0019111878093911738,True
84,0.2497429066702534,0.2430745049116614,0.006668401758591985,False
85,0.0,0.056050902022100516,-0.056050902022100516,True
86,0.7405047609218676,0.724023471204827,0.016481289717040548,False
87,0.05112870256596643,0.04870789883690502,0.0024208037290614146,True
88,0.5439683656342694,0.5212578767171746,0.022710488917094818,False
89,0.44327774995379765,0.29807623919510323,0.14520151075869442,False
90,0.9487382131368264,0.9366840909972374,0.012054122139589007,False
91,0.0,0.0009337210196383636,-0.0009337210196383636,True
92,0.039200988620803005,0.032762243967340114,0.006438744653462891,True
93,0.7045193435292206,0.6597458774688989,0.04477346606032173,False
94,0.3324699520578181,0.16429539521867587,0.16817455683914223,False
95,0.06231144207514862,0.0608020427160591,0.0015093993590895166,True
96,0.1742303884997788,0.06975303943799302,0.10447734906178577,True
97,0.0,0.014944546122070537,-0.014944546122070537,True
98,0.7356960099740717,0.6705784826212542,0.0651175273528175,False
99,0.028752703393765892,0.01594852389411283,0.01280417949965306,True
100,0.7416480669943012,0.561278668642213,0.1803693983520882,False
101,0.06761241486815134,0.05609514346275888,0.011517271405392458,True
102,0.3081353188650763,0.316144114486365,-0.0080087956212887,False
103,0.5158054413445623,0.5001057239074577,0.015699717437104632,False
104,0.15897462511321464,0.09718421935611024,0.0617904057571044,True
105,0.061778779361462165,0.055434550562716234,0.006344228798745931,True
106,0.21718773586408172,0.12889338705880896,0.08829434880527276,False
107,0.0,0.0,0.0,True
108,0.7198453567581007,0.5937684890425964,0.1260768677155043,False
109,0.9289095104031068,0.8858223955228394,0.043087114880267396,False
110,0.08902627180801866,0.08693484564819663,0.002091426159822024,True
111,0.025656636251432708,0.01111653241699611,0.014540103834436598,True
112,0.6348509679600245,0.6101689803305623,0.024681987629462165,False
113,0.0,0.0,0.0,True
114,0.0,0.0,0.0,True
115,0.0,0.0018522712369889022,-0.0018522712369889022,True
116,0.17240196421572096,0.17256371177909038,-0.0001617475633694243,True
117,0.39779781749765275,0.35291878217759093,0.04487903532006182,False
118,0.0,0.0,0.0,True
119,0.3990232091693601,0.37134858560627737,0.027674623563082756,False
120,0.5178072658544447,0.4941993181810949,0.023607947673349783,False
121,0.4831066899042524,0.38642159410703747,0.0966850957972149,False
122,0.11456664110108175,0.05437047385273228,0.06019616724834947,True
123,0.9182092449344054,0.8677603464940071,0.05044889844039824,False
124,0.030087495363787343,0.018927240642989274,0.011160254720798068,True
125,0.0,0.0,0.0,True
126,0.7038882124189055,0.6707134859190383,0.03317472649986719,False
127,0.8620269415881766,0.8384941339811673,0.023532807607009265,False
128,0.43830625756195496,0.34679669871453417,0.09150955884742079,False
129,0.7177021134501177,0.5939024010472389,0.12379971240287879,False
130,0.26467893742472437,0.15793151114236761,0.10674742628235676,False
131,0.21309786643481388,0.1596701125145482,0.053427753920265664,False
132,0.0,0.0,0.0,True
133,0.14604038252123824,0.1314454268919402,0.014594955629298051,True
134,0.8861951207738625,0.8730004997611324,0.013194621012730168,False
135,0.4304263102060056,0.41950921807793856,0.010917092128067019,False
136,0.0,0.0,0.0,True
137,0.7173518334544764,0.678567868521496,0.03878396493298042,False
138,0.6344126955592504,0.6071385458490145,0.027274149710235895,False
139,0.5725971526228146,0.5633657952838352,0.009231357338979396,False
140,0.5524141819926687,0.5354146629046853,0.01699951908798336,False
141,0.11737479412628282,0.06370854028206399,0.05366625384421883,True
142,0.36228117268404664,0.34861880599722894,0.013662366686817695,False
143,0.9614484388007004,0.9347672176820258,0.02668122111867466,False
144,0.3690211826294138,0.33725097641702045,0.03177020621239335,False
145,0.1821860998125348,0.17891156236073535,0.003274537451799453,True
146,0.20491088657766118,0.19555067393316516,0.009360212644496019,False
147,0.5296708589111104,0.41014691212918525,0.11952394678192518,False
148,0.9018236253417939,0.8931334084876326,0.008690216854161381,False
149,0.6344203616897637,0.5395878424488474,0.09483251924091629,False
150,0.524630318986571,0.36488011356287664,0.15975020542369434,False
151,0.6999652551755264,0.6419739557958464,0.05799129937968006,False
152,0.3584800128074134,0.21372346157761882,0.14475655122979456,False
153,0.7786562602156261,0.7773469464378182,0.0013093137778078523,False
154,0.0,0.0,0.0,True
155,0.2628742128730212,0.2626382326292965,0.0002359802437247316,False
156,0.6575520387645734,0.4782131716632762,0.17933886710129715,False
157,0.2507015627494869,0.2079376176752848,0.042763945074202114,False
158,0.0,0.0,0.0,True
159,0.0,0.03110467495610128,-0.03110467495610128,True
160,0.1114272192136631,0.10949976829459414,0.001927450919068957,True
161,0.13666482095610763,0.13298283792228321,0.0036819830338244153,True
162,0.9249741209370649,0.9008769025781996,0.024097218358865247,False
163,0.8032170562123117,0.7282600777468262,0.07495697846548544,False
164,0.43035295611189234,0.3706664542074728,0.05968650190441954,False
165,0.5396272817174775,0.5271835149363113,0.01244376678116621,False
166,0.0,0.0,0.0,True
167,0.31950005511365825,0.28817837947540004,0.03132167563825822,False
168,0.20751223884691597,0.14928251233468673,0.05822972651222924,False
169,0.1573113396778327,0.1529889418919435,0.004322397785889193,True
170,0.7549973871082557,0.7088984695723815,0.04609891753587425,False
171,0.0,0.06432825568515686,-0.06432825568515686,True
172,0.050455588095657825,0.049084020270377636,0.0013715678252801886,True
173,0.05929990495318127,0.05198771403416098,0.0073121909190202936,True
174,0.20683895139559236,0.16879825253098588,0.03804069886460648,False
175,0.9748851029795814,0.9717970077941628,0.003088095185418638,False
176,0.3128707560190002,0.31166488625211464,0.0012058697668855811,False
177,0.23155791259854056,0.20170548676485311,0.02985242583368744,False
178,0.28888442811430387,0.09519966524414594,0.19368476287015793,False
179,0.9420535513881712,0.9220979134707473,0.01995563791742383,False
180,0.837845464778079,0.7697203842244575,0.06812508055362143,False
181,0.07685735218633433,0.06260776959384017,0.014249582592494162,True
182,0.08712243843591379,0.08670452056705932,0.00041791786885446436,True
183,0.4758233541407083,0.4487926224842056,0.027030731656502716,False
184,0.7787838133933517,0.7236046580615522,0.05517915533179951,False
185,0.3002381314160616,0.12281335354503344,0.17742477787102817,False
186,0.15477527823302437,0.1074009809750668,0.04737429725795757,True
187,0.2398116229047852,0.22357749495634277,0.016234127948442423,False
188,0.2820848674766577,0.2194095447665122,0.06267532271014548,False
189,0.41618756157728015,0.4047106933001513,0.011476868277128849,False
190,0.5134786822682277,0.3008215955611275,0.2126570867071002,False
191,0.2573137677679838,0.09231279636052218,0.16500097140746162,False
192,0.5087084226787766,0.41341978145872305,0.09528864122005354,False
193,0.0,0.03785708342066712,-0.03785708342066712,True
194,0.03224009058531036,0.020920355830058506,0.011319734755251856,True
195,0.0786597839503215,0.07759615244991788,0.0010636315004036168,True
196,0.7465905984082871,0.5691223862767666,0.17746821213152053,False
197,0.2996223949442715,0.1076013876645664,0.1920210072797051,False
198,0.38572813302115033,0.3023095009883313,0.08341863203281902,False
199,0.0,0.0,0.0,True
200,0.6012562562674869,0.5910066443936338,0.010249611873853093,False
201,0.08642112816195939,0.08705295966035652,-0.0006318314983971285,True
202,0.882533611895506,0.8621092899082112,0.020424321987294825,False
203,0.0,0.0,0.0,True
204,0.3045757251420655,0.23028159223525235,0.07429413290681314,False
205,0.4192917506600878,0.27067518474002955,0.14861656592005823,False
206,0.377358892269775,0.36465283737744447,0.01270605489233051,False
207,0.19519415862201656,0.19458677723671433,0.0006073813853022247,True
208,0.45801847441398374,0.4207837805792673,0.03723469383471645,False
209,0.1947664634977653,0.185842369304666,0.008924094193099308,True
210,0.0,0.0,0.0,True
211,0.28380417531651275,0.12607373962102908,0.15773043569548367,False
212,0.0680611827463357,0.06725383215068768,0.0008073505956480154,True
213,0.3957674169236556,0.3859025380058408,0.00986487891781479,False
214,0.7764086634424525,0.6916743732194175,0.08473429022303502,False
215,0.24778976729220126,0.2481222376363727,-0.0003324703441714427,False
216,0.07822067797289334,0.048393006779828614,0.029827671193064724,True
217,0.9722591168521896,0.9449107478719129,0.027348368980276705,False
218,0.781725134192806,0.6633314131317699,0.11839372106103607,False
219,0.25207385091656337,0.25019790103253453,0.001875949884028838,False
220,0.6312770259298154,0.45696296655652247,0.17431405937329292,False
221,0.16665239488289474,0.16503224862052088,0.0016201462623738616,True
222,0.0,0.0,0.0,True
223,0.26476840529986295,0.08511228973972615,0.1796561155601368,False
224,0.8953653471697492,0.8321749944513701,0.06319035271837914,False
225,0.7161694449291522,0.7105531423060186,0.005616302623133618,False
226,0.05653429980013253,0.0566122318078805,-7.793200774796477e-05,True
227,0.5541385179103907,0.4269396326958225,0.12719888521456818,False
228,0.0,0.0,0.0,True
229,0.35049380056070045,0.1962132760351874,0.15428052452551305,False
230,0.0,0.0,0.0,True
231,0.47238121908392855,0.24344100128516033,0.22894021779876822,False
232,0.04701888593944188,0.0422308065252474,0.004788079414194485,True
233,0.8395397019981109,0.7585997700626353,0.08093993193547555,False
234,0.48597366119415625,0.4810755626024436,0.004898098591712641,False
235,0.12331715586760161,0.12076738081523673,0.0025497750523648804,True
236,0.19191552558414487,0.18431216072338122,0.007603364860763656,True
237,0.5207251485365605,0.4015397674889021,0.11918538104765841,False
238,0.14462078281133947,0.14374343488091776,0.0008773479304217124,True
239,0.2044496305493851,0.18618097778302922,0.018268652766355864,False
240,0.2013840890014063,0.10467453205375443,0.09670955694765188,False
241,0.12841176341754254,0.1275868961617035,0.0008248672558390513,True
242,0.7482262455056332,0.7268210238688423,0.021405221636790928,False
243,0.46187119948356264,0.3872933795780083,0.07457781990555434,False
244,0.38217803826068036,0.33435803794295443,0.04782000031772593,False
245,0.3333458143028432,0.3140796042210123,0.019266210081830937,False
246,0.0,0.0,0.0,True
247,0.7607463466038921,0.744926359400364,0.015819987203528063,False
248,0.8389973086156948,0.8025113293414669,0.03648597927422792,False
249,0.3385409924467637,0.31985051387978136,0.01869047856698236,False
250,0.5736232893282728,0.45125697547203475,0.12236631385623803,False
251,0.02906143635781633,0.01728921253625258,0.011772223821563753,True
252,0.21217154946136296,0.20538999289944712,0.006781556561915841,False
253,0.22351828911096533,0.2158188245797514,0.007699464531213923,False
254,0.14119982153265231,0.12234573556085783,0.018854085971794485,True
255,0.15626793431459668,0.14535342039721866,0.010914513917378021,True
256,0.5354626717670473,0.5270910070686846,0.008371664698362702,False
257,0.7120413971618418,0.5347350031738075,0.17730639398803427,False
258,0.5538927428319678,0.44348216300612037,0.1104105798258474,False
259,0.7849966044047867,0.7381023701051858,0.046894234299600934,False
260,0.7869787987378379,0.7631215292870507,0.023857269450787255,False
261,0.8622754474517508,0.8068786377900612,0.05539680966168958,False
262,0.5619117599554443,0.45746635191898244,0.10444540803646185,False
263,0.0,0.059327468771060494,-0.059327468771060494,True
264,0.8320626219366408,0.7012222208773755,0.1308404010592653,False
265,0.35081694446349015,0.34870502429868633,0.0021119201648038266,False
266,0.09653320830095496,0.09282062581867269,0.0037125824822822756,True
267,0.7816622129936618,0.7342394783038695,0.0474227346897923,False
268,0.7096600372259108,0.6066602096554615,0.10299982757044923,False
269,0.2788156200281405,0.22839009484522763,0.05042552518291285,False
270,0.0,0.0,0.0,True
271,0.1324055107810326,0.08586251348251145,0.046542997298521155,True
272,0.4479598462243783,0.3365720301361298,0.11138781608824849,False
273,0.0,0.0,0.0,True
274,0.07558257044267448,0.07221023323803433,0.003372337204640155,True
275,0.7556096681126209,0.7248441702369143,0.030765497875706593,False
276,0.29735591098714764,0.2895966838054913,0.007759227181656336,False
277,0.09617743487926704,0.07408151526174488,0.022095919617522164,True
278,0.0,0.03917210197652231,-0.03917210197652231,True
279,0.12247933422048715,0.06838663883620118,0.054092695384285974,True
280,0.0,0.0032915999245928295,-0.0032915999245928295,True
281,0.41069251071157287,0.2230028178596459,0.18768969285192696,False
282,0.5683299265928241,0.5648349390162841,0.0034949875765399874,False
283,0.6193526941633731,0.48154039060925613,0.137812303554117,False
284,0.5054794051878648,0.41876140040005344,0.08671800478781139,False
285,0.0,0.04126155028840231,-0.04126155028840231,True
286,0.7517427827350863,0.6809082187475649,0.07083456398752142,False
287,0.1294635802856489,0.12017106489000491,0.009292515395643977,True
288,0.28346143820168496,0.23496779793709274,0.048493640264592214,False
289,0.36572422882809236,0.3485515524606791,0.017172676367413264,False
290,0.0,0.0,0.0,True
291,0.5777482326921964,0.5712031373820885,0.00654509531010794,False
292,0.11885355869709109,0.08026618083200623,0.03858737786508486,True
293,0.15087325052943582,0.1478610855114971,0.003012165017938717,True
294,0.1755432250272302,0.1655651639558873,0.009978061071342886,True
295,0.47930944521731805,0.464388458134853,0.014920987082465031,False
296,0.0,0.017654644558872713,-0.017654644558872713,True
297,0.08566337277640833,0.061379947235610896,0.024283425540797432,True
298,0.9241902371886044,0.923619365573215,0.0005708716153893789,False
299,0.28459109190290865,0.2811205891518784,0.00347050275103028,False
300,0.4983208742834274,0.48224077583509517,0.016080098448332247,False
301,0.3712790437475248,0.3621263195125492,0.009152724234975596,False
302,0.19407042035675268,0.1671813268079468,0.026889093548805865,True
303,0.09280285369809857,0.08897978534045609,0.003823068357642484,True
304,0.0,0.0,0.0,True
305,0.2855256118840288,0.2768609989570211,0.008664612927007709,False
306,0.0,0.0,0.0,True
307,0.2837315853994514,0.2749656342078366,0.00876595119161483,False
308,0.6879526799431313,0.6344089447357267,0.05354373520740452,False
309,0.0,0.012697255016487505,-0.012697255016487505,True
310,0.5260005293099963,0.32174453480815207,0.20425599450184423,False
311,0.0,0.0,0.0,True
312,0.28810810771542184,0.2801120198866248,0.007996087828797016,False
313,0.7792727355788052,0.6214232770572906,0.15784945852151455,False
314,0.2345965483318871,0.23287743091643273,0.0017191174154543576,False
315,0.3128135587327314,0.3112433200506979,0.0015702386820335423,False
316,0.2025907700729675,0.1993011628717969,0.003289607201170608,False
317,0.3755669947171592,0.357823190420095,0.01774380429706418,False
318,0.40827222174931677,0.39874010626887657,0.009532115480440195,False
319,0.8296539765049269,0.7476083452258891,0.08204563127903775,False
320,0.42778104345313733,0.4172375650565588,0.010543478396578543,False
321,0.0,0.0,0.0,True
322,0.0,0.03955485062831042,-0.03955485062831042,True
323,0.7186986255003094,0.6749761227763387,0.04372250272397071,False
324,0.5899656129723924,0.5355597778570053,0.0544058351153871,False
325,0.3012346117374913,0.292719625525777,0.00851498621171426,False
326,0.876705899342488,0.8559482583686298,0.020757640973858238,False
327,0.0,0.0,0.0,True
328,0.2759777366897518,0.16397246338642482,0.11200527330332696,False
329,0.06510949551127096,0.06423192247453713,0.0008775730367338308,True
330,0.16799160138228467,0.13775846262669267,0.030233138755592,True
331,0.10160163647042873,0.07999325939518949,0.021608377075239243,True
332,0.14397411973840732,0.1142525737247868,0.029721546013620523,True
333,0.7686226013423989,0.6386846498183293,0.12993795152406962,False
334,0.0,0.061884472166728904,-0.061884472166728904,True
335,0.3684463373605158,0.3571367693255646,0.0113095680349512,False
336,0.14077969063606424,0.11950571533601706,0.021273975300047182,True
337,0.8061860392659963,0.7203422344666098,0.08584380479938647,False
338,0.0,0.0,0.0,True
339,0.0,0.0070940347453052775,-0.0070940347453052775,True
340,0.5268624499592699,0.35870915916349067,0.16815329079577923,False
341,0.44761409774507344,0.3015602087661119,0.14605388897896154,False
342,0.0,0.0,0.0,True
343,0.0,0.016466048236512782,-0.016466048236512782,True
344,0.2811394606211726,0.27625186004101576,0.004887600580156859,False
345,0.13648108435625292,0.1318829763203657,0.004598108035887227,True
346,0.36609789641307344,0.3556536732582845,0.010444223154788934,False
347,0.36788453368972845,0.3651036184594942,0.002780915230234271,False
348,0.9434967008125379,0.8998530637888855,0.04364363702365237,False
349,0.7609764037454096,0.6123094490951281,0.14866695465028157,False
350,0.7675019612640606,0.7632821023989766,0.004219858865083914,False
351,0.0,0.10667338578903493,-0.10667338578903493,True
352,0.24092100222959728,0.21383092438363233,0.027090077845964955,False
353,0.13314024453309914,0.0761109392799793,0.05702930525311983,True
354,0.5051762803975302,0.3182870626150364,0.18688921778249373,False
355,0.8936057260255561,0.8788996195063348,0.01470610651922133,False
356,0.038540726992691406,0.032021912120693705,0.006518814871997701,True
357,0.07535776464386652,0.07437279876400585,0.0009849658798606747,True
358,0.5700368015885162,0.5520283120934893,0.01800848949502687,False
359,0.2976026670835338,0.10953708488796345,0.18806558219557035,False
360,0.4443201121274298,0.3700926962598686,0.07422741586756115,False
361,0.6794513256367947,0.6327213872805476,0.04672993835624706,False
362,0.4225192263503372,0.4202617696184165,0.0022574567319206817,False
363,0.10758325022676352,0.10689333375201929,0.0006899164747442288,True
364,0.15078234045807742,0.14660414226467205,0.004178198193405369,True
365,0.41279809656330735,0.40245567620978484,0.010342420353522508,False
366,0.2733745383888185,0.2646662794664053,0.00870825892241317,False
367,0.8839249925257744,0.8160794508943876,0.06784554163138679,False
368,0.9261385604256626,0.8723146235606586,0.053823936865003974,False
369,0.582966578939336,0.5459938898799614,0.036972689059374564,False
370,0.702676425256033,0.5790032206543492,0.12367320460168385,False
371,0.3428419871346837,0.3334026780792431,0.009439309055440603,False
372,0.7495560137410656,0.730995279741674,0.01856073399939162,False
373,0.1638968822011559,0.14485194235086646,0.019044939850289433,True
374,0.38829210067493036,0.18407966899603626,0.2042124316788941,False
375,0.32850826071456307,0.22054309172099368,0.1079651689935694,False
376,0.08736659588271685,0.08280125373365015,0.0045653421490667034,True
377,0.1523140996070922,0.12983053943896916,0.02248356016812303,True
378,0.11396925125105786,0.11405297209836343,-8.372084730556839e-05,True
379,0.6125352152741216,0.5671403160533692,0.04539489922075235,False
380,0.027555483924684987,0.014312261171640212,0.013243222753044775,True
381,0.0,0.0,0.0,True
382,0.5665053815303945,0.4497825698240922,0.11672281170630233,False
383,0.7842936600052094,0.782317550222818,0.0019761097823913776,False
384,0.19458278238575955,0.1761673962093224,0.01841538617643715,True
385,0.5241346059095241,0.4853472066995345,0.03878739920998958,False
386,0.47903939046745997,0.4745851901672224,0.004454200300237576,False
387,0.11965348181988493,0.11966786428227728,-1.4382462392353856e-05,True
388,0.7900127765606445,0.7315421759275801,0.05847060063306442,False
389,0.07639985447840529,0.05459683587371205,0.02180301860469324,True
390,0.09090961529426576,0.08668797704755697,0.004221638246708792,True
391,0.1476189873193503,0.14340159841723782,0.004217388902112484,True
392,0.4743881282455155,0.44621686110907033,0.02817126713644519,False
393,0.2902005183847432,0.23964541452273821,0.050555103862004985,False
394,0.3213452212252577,0.3006286711035414,0.020716550121716304,False
395,0.08019385051436101,0.07341783212848131,0.006776018385879698,True
396,0.36470528668706453,0.1726202575055679,0.19208502918149664,False
397,0.4038866317046724,0.19252885040084405,0.21135778130382837,False
398,0.0,0.013227648547131099,-0.013227648547131099,True
399,0.5264987819874549,0.5251991748461596,0.0012996071412952892,False
400,0.8505536452122362,0.837205852439362,0.013347792772874234,False
401,0.27374629782802773,0.2713576630091754,0.00238863481885232,False
402,0.0,0.0,0.0,True
403,0.33171871206143394,0.18387711140155338,0.14784160065988056,False
404,0.33596504477806455,0.33605675385298606,-9.170907492150882e-05,False
405,0.26427561161571167,0.17881675119878124,0.08545886041693043,False
406,0.48989152799537833,0.484634573794419,0.005256954200959341,False
407,0.6916108157643738,0.5068039867660321,0.18480682899834167,False
408,0.0,0.03211574409309161,-0.03211574409309161,True
409,0.6674895055484645,0.6502924738653872,0.01719703168307729,False
410,0.4523768766430777,0.4291404466955549,0.023236429947522785,False
411,0.11564028239246961,0.11059257530385905,0.005047707088610562,True
412,0.4062348369354178,0.39729536414025896,0.008939472795158832,False
413,0.0,0.0,0.0,True
414,0.874480583581307,0.8041561552893798,0.0703244282919272,False
415,0.8265737970291792,0.7885449038089827,0.038028893220196536,False
416,0.6818784053950723,0.6188939031696957,0.06298450222537655,False
417,0.05226846999820023,0.05075236318710144,0.0015161068110987885,True
418,0.5923952368140546,0.5041939280868233,0.08820130872723131,False
419,0.4515953261993075,0.2984907423975585,0.15310458380174896,False
420,0.6814977401620378,0.6636209787544106,0.017876761407627173,False
421,0.029772567972635236,0.018041775720912815,0.011730792251722421,True
422,0.7676123334101416,0.6086104243434555,0.1590019090666861,False
423,0.3002783994458642,0.12152340170868077,0.17875499773718345,False
424,0.0,0.0,0.0,True
425,0.4902152165631112,0.45977923780654795,0.03043597875656323,False
426,0.3782203620475498,0.23358868757399198,0.1446316744735578,False
427,0.11509241245662356,0.09710516954737214,0.017987242909251425,True
428,0.4645723596826936,0.43759882472416867,0.026973534958524947,False
429,0.09046444527251503,0.09082391973700578,-0.00035947446449074993,True
430,0.0,0.025687383060137875,-0.025687383060137875,True
431,0.28707269042320904,0.28606722545285485,0.0010054649703541974,False
432,0.8989068538178253,0.851209965574928,0.047696888242897306,False
433,0.6831158129224019,0.5775047789616329,0.10561103396076899,False
434,0.7593201580865937,0.7178179847634022,0.041502173323191505,False
435,0.5436928825129496,0.5328567508248877,0.010836131688061856,False
436,0.6451662131196102,0.6054042895669588,0.0397619235526514,False
437,0.9913524986251145,0.9909745284301038,0.00037797019501073503,False
438,0.1354943489839947,0.13539484437944532,9.950460454938304e-05,True
439,0.4339959220278748,0.24671391097448023,0.18728201105339456,False
440,0.5044419283658313,0.2672048779818974,0.23723705038393395,False
441,0.06944207618720165,0.06727141025145958,0.0021706659357420693,True
442,0.0,0.0195331613909404,-0.0195331613909404,True
443,0.0,0.0442604519281613,-0.0442604519281613,True
444,0.20292884449168364,0.19856497789335775,0.004363866598325883,False
445,0.438261820935112,0.4313972622372968,0.006864558697815215,False
446,0.41516165535735067,0.39388940657959776,0.02127224877775291,False
447,0.18677265113049604,0.18370722323871339,0.003065427891782657,True
448,0.6430737260599187,0.48441914781868267,0.15865457824123608,False
449,0.5911310465549269,0.5781658042232173,0.012965242331709592,False
450,0.3808264741336307,0.37938790576516734,0.0014385683684633443,False
451,0.041122227322686764,0.0359200457447594,0.005202181577927366,True
452,0.0,0.01228137267981186,-0.01228137267981186,True
453,0.6038895304004918,0.4453730994408285,0.15851643095966328,False
454,0.09740589550533892,0.06403755547962026,0.03336834002571866,True
455,0.5050508438062598,0.48447613167435494,0.020574712131904815,False
456,0.34248600345896696,0.3343598109300014,0.00812619252896557,False
457,0.6642344034923063,0.5585946488097727,0.10563975468253362,False
458,0.5190367923880025,0.4921457124689302,0.026891079919072303,False
459,0.0,0.010351833597581505,-0.010351833597581505,True
460,0.7696094815525633,0.6952709342341502,0.07433854731841305,False
461,0.5174559299404738,0.5104835481186439,0.006972381821829909,False
462,0.6262841044766871,0.43601444346556456,0.19026966101112258,False
463,0.19270360212367177,0.16370398920117907,0.0289996129224927,True
464,0.26858536392469917,0.24630999814889248,0.022275365775806688,False
465,0.6000843826651072,0.574674981864351,0.025409400800756266,False
466,0.3339201636991803,0.33030791746239124,0.003612246236789074,False
467,0.0,0.0,0.0,True
468,0.6150762132426725,0.5912310871158298,0.023845126126842642,False
469,0.5463898042725662,0.5112134999269706,0.0351763043455956,False
470,0.0,0.0,0.0,True
471,0.6789467992425627,0.6652415588470102,0.013705240395552543,False
472,0.20068325201009493,0.19717127480113122,0.003511977208963707,False
473,0.0,0.020393230190908374,-0.020393230190908374,True
474,0.6331919579733645,0.6217789150216738,0.011413042951690655,False
475,0.046412248452905605,0.04013756420580275,0.006274684247102855,True
476,0.06324237413154442,0.059110183082972896,0.004132191048571522,True
477,0.3041551177235636,0.1610372363680796,0.14311788135548398,False
478,0.25407452526058627,0.20539972497293293,0.048674800287653336,False
479,0.0,0.0,0.0,True
480,0.49041117568083203,0.40857725005846907,0.08183392562236297,False
481,0.12701182261545302,0.12579276084223961,0.0012190617732134035,True
482,0.12419392241191339,0.12172721795991868,0.0024667044519947057,True
483,0.47146738709586056,0.4680580679334072,0.0034093191624533503,False
484,0.026088937769875954,0.012259181271553161,0.013829756498322793,True
485,0.0,0.052764865189108584,-0.052764865189108584,True
486,0.7439761247789283,0.6831040731674859,0.06087205161144238,False
487,0.6522471761101226,0.6456457169154575,0.006601459194665149,False
488,0.0,0.0,0.0,True
489,0.604086786559683,0.3833047786256238,0.22078200793405917,False
490,0.0,0.0,0.0,True
491,0.0978019237792008,0.09297595903933416,0.004825964739866642,True
492,0.18258755029019247,0.1721228674331681,0.010464682857024371,True
493,0.19343354986155883,0.10965226222485933,0.08378128763669951,True
494,0.0,0.0022939762021236217,-0.0022939762021236217,True
495,0.19174309467655395,0.08621357098256689,0.10552952369398706,True
496,0.3081869244793816,0.30536948474409864,0.0028174397352829783,False
497,0.0848813338025808,0.0840252415002167,0.0008560923023640948,True
498,0.3055056254307397,0.2894738910352053,0.016031734395534403,False
499,0.4653730285467303,0.45054546214255176,0.014827566404178538,False
500,0.6610759622607202,0.6545629110273425,0.0065130512333776425,False
501,0.11590733327045354,0.1157627193221075,0.00014461394834604235,True
502,0.043641704602684656,0.031023497762274053,0.012618206840410602,True
503,0.0,0.0,0.0,True
504,0.4091945038080066,0.3320855292234808,0.07710897458452581,False
505,0.9845205499541704,0.9709786010743473,0.013541948879823074,False
506,0.3628756463170872,0.35186099110324054,0.011014655213846647,False
507,0.794444374800277,0.7808217000736125,0.013622674726664452,False
508,0.7192362577489211,0.6954038601148208,0.023832397634100277,False
509,0.4622395503450552,0.45835655006139303,0.0038830002836621746,False
510,0.651599005879258,0.6238209141051473,0.027778091774110725,False
511,0.0,0.05107271599237838,-0.05107271599237838,True
512,0.8110279098635315,0.7994100383553076,0.01161787150822391,False
513,0.07292220393610307,0.07177332783788835,0.0011488760982147211,True
514,0.16494456296622562,0.16439186334885647,0.0005526996173691456,True
515,0.4619893891057399,0.4420676031496973,0.019921785956042604,False
516,0.2365885649112635,0.2344204549787583,0.0021681099325052133,False
517,0.5276172219301807,0.41935338436888175,0.10826383756129893,False
518,0.0,0.0,0.0,True
519,0.02699128975410483,0.01361765511368522,0.013373634640419609,True
520,0.46977974880117684,0.40173932031769055,0.06804042848348629,False
521,0.4608446083150859,0.4331987442347916,0.02764586408029429,False
522,0.13172849897880703,0.12229445841888485,0.009434040559922183,True
523,0.6724371651148233,0.6496865401521805,0.022750624962642796,False
524,0.6769738772418171,0.6623947397196359,0.014579137522181207,False
525,0.0,0.0011343575658159918,-0.0011343575658159918,True
526,0.9445632456384627,0.9155350754853872,0.029028170153075572,False
527,0.6591796651208479,0.6401438029591993,0.019035862161648653,False
528,0.5393689298627172,0.3801289985652315,0.1592399312974857,False
529,0.6749054185712272,0.6279785003308884,0.04692691824033879,False
530,0.0,0.0,0.0,True
531,0.21428033280167227,0.2118297438671791,0.002450588934493181,False
532,0.35896053727602034,0.357019086197704,0.0019414510783163363,False
533,0.30906875776672493,0.2944617671237743,0.014606990642950624,False
534,0.195744085079188,0.1901803793949426,0.0055637056842454125,True
535,0.37368857234222475,0.36367182626129685,0.010016746080927896,False
536,0.6320253581987647,0.46299501424986744,0.16903034394889727,False
537,0.10174320632938591,0.0912124969506694,0.010530709378716516,True
538,0.38405529078828377,0.3638777253510023,0.02017756543728144,False
539,0.47602135793618683,0.4448945001278058,0.031126857808381037,False
540,0.0,0.0,0.0,True
541,0.86682976219288,0.8556809278709099,0.011148834321970114,False
542,0.06568123329342182,0.065945228040551,-0.0002639947471291815,True
543,0.2574977201920207,0.25254049056932254,0.004957229622698178,False
544,0.39810950582711924,0.21096940081503981,0.18714010501207942,False
545,0.5504114246664135,0.53766071972767,0.012750704938743418,False
546,0.2718655864680838,0.26853154625439085,0.003334040213692935,False
547,0.8930874039300033,0.8655768083086104,0.027510595621392908,False
548,0.6236025166936455,0.608315517217541,0.015286999476104568,False
549,0.8993310478895283,0.8775433172196726,0.02178773066985573,False
550,0.21801126558342668,0.21133698305877355,0.00667428252465313,False
551,0.6053480958088399,0.5385005112447488,0.06684758456409101,False
552,0.8552707295553647,0.8014766962531915,0.05379403330217314,False
553,0.0,0.0,0.0,True
554,0.0,0.0,0.0,True
555,0.652639887674056,0.5307262999271568,0.1219135877468992,False
556,0.19762201900734616,0.1969023774627164,0.000719641544629751,True
557,0.5687625440161116,0.5336062714947121,0.03515627252139952,False
558,0.14193960298685201,0.10656889685949536,0.035370706127356655,True
559,0.0,0.0,0.0,True
560,0.5516566358914513,0.5367941853026507,0.014862450588800646,False
561,0.2652243327317377,0.25483200108609627,0.010392331645641406,False
562,0.6492405218638027,0.6450626359302097,0.0041778859335929175,False
563,0.9060017684456604,0.8870726695199904,0.018929098925669963,False
564,0.0,0.04714933240717813,-0.04714933240717813,True
565,0.0,0.0,0.0,True
566,0.7471308755523711,0.7109743206099965,0.036156554942374575,False
567,0.3061084405905028,0.1593454252722596,0.1467630153182432,False
568,0.5384038335539564,0.5139236456359145,0.02448018791804185,False
569,0.0,0.0,0.0,True
570,0.34335866036753726,0.16723228506414708,0.17612637530339018,False
571,0.627425174108479,0.6089607301270024,0.01846444398147662,False
572,0.0,0.0,0.0,True
573,0.0,0.02639258739949345,-0.02639258739949345,True
574,0.3023198647169535,0.23537592880447658,0.06694393591247691,False
575,0.09748616286931545,0.09710453245008956,0.0003816304192258979,True
576,0.050036779104013496,0.0466547319324496,0.003382047171563894,True
577,0.0,0.0,0.0,True
578,0.08799757103321171,0.08686399278944176,0.0011335782437699449,True
579,0.06101529350201681,0.060340680033727584,0.0006746134682892244,True
580,0.0,0.0,0.0,True
581,0.2422021724955602,0.22988885339505102,0.012313319100509174,False
582,0.7879116009469266,0.6577129426295304,0.1301986583173962,False
583,0.3523153389564939,0.34496448828080417,0.007350850675689746,False
584,0.6414621823815613,0.5692482835771712,0.07221389880439011,False
585,0.026388595324722285,0.012615400272716798,0.013773195052005487,True
586,0.35737064855606443,0.35691492730837787,0.000455721247686558,False
587,0.04650149112023353,0.04207945218992991,0.004422038930303622,True
588,0.23723502425066817,0.23444221341050242,0.002792810840165749,False
589,0.0,0.0,0.0,True
590,0.20009833959726495,0.19922811959584327,0.0008702200014216732,False
591,0.7793289993392414,0.741764099541083,0.03756489979815836,False
592,0.07495828498587795,0.07539766485923727,-0.00043937987335931905,True
593,0.0,0.019241892082579235,-0.019241892082579235,True
594,0.33924294243986675,0.3336218110170621,0.005621131422804626,False
595,0.0,0.0,0.0,True
596,0.6392145011641187,0.6269866690944215,0.012227832069697242,False
597,0.4801359382142715,0.4754403105997718,0.004695627614499653,False
598,0.8550518753800469,0.8348183819392423,0.020233493440804606,False
599,0.0,0.0,0.0,True
600,0.17958927371239683,0.17493229991818005,0.004656973794216784,True
601,0.06332482132385142,0.041406316432898896,0.021918504890952525,True
602,0.7996344764440066,0.7840278154020073,0.01560666104199937,False
603,0.30777534374374593,0.10906901773242826,0.19870632601131766,False
604,0.9021025649313068,0.9005992093163839,0.0015033556149228744,False
605,0.07268334635177368,0.06970962126884732,0.0029737250829263567,True
606,0.0,0.004576589397908724,-0.004576589397908724,True
607,0.3112664468847453,0.12538788379430282,0.18587856309044248,False
608,0.18016560124193834,0.16760579094517164,0.0125598102967667,True
609,0.0,0.06818758720977443,-0.06818758720977443,True
610,0.0,0.0,0.0,True
611,0.70997686933112,0.6908653436055897,0.01911152572553032,False
612,0.10426575194725875,0.1037309743720657,0.0005347775751930461,True
613,0.4482434460516151,0.21615539097817202,0.23208805507344307,False
614,0.10558546388720337,0.0985627091429734,0.007022754744229975,True
615,0.34630846035616586,0.33354756657470713,0.012760893781458726,False
616,0.09164017170157497,0.0903296401236248,0.0013105315779501775,True
617,0.05982666566503083,0.05849620307213754,0.0013304625928932876,True
618,0.09715675363085412,0.09551208514306517,0.00164466848778895,True
619,0.44421889996527,0.4317732965796435,0.012445603385626502,False
620,0.2906196342211936,0.2811781217991033,0.009441512422090292,False
621,0.3486272254916736,0.3444210623357138,0.004206163155959786,False
622,0.021940720966090177,0.005223593440751668,0.016717127525338507,True
623,0.45327051874706786,0.4216203944627213,0.03165012428434655,False
624,0.39722965882652017,0.21007111807357604,0.18715854075294414,False
625,0.6509647685193534,0.6278649974867281,0.023099771032625283,False
626,0.02350332035955304,0.00790681498381398,0.015596505375739061,True
627,0.43152988531514896,0.41543311781185666,0.01609676750329231,False
628,0.2112031250386083,0.2089430099254162,0.0022601151131921016,False
629,0.0,0.0,0.0,True
630,0.2543969985796541,0.1343818478272491,0.12001515075240499,False
631,0.5637074523098496,0.394627439695137,0.16908001261471267,False
632,0.0,0.0,0.0,True
633,0.03768183810796353,0.030642661579686384,0.007039176528277145,True
634,0.72395356166834,0.6326952704810151,0.09125829118732487,False
635,0.7950077805414748,0.77078002335219,0.024227757189284826,False
636,0.19662956261609194,0.10171864938327575,0.09491091323281618,True
637,0.0,0.014343295651370524,-0.014343295651370524,True
638,0.43402724084786726,0.37060253152759276,0.0634247093202745,False
639,0.6068401039878498,0.5956865422430521,0.011153561744797758,False
640,0.7328507857948865,0.7189221079632436,0.013928677831642866,False
641,0.07211751456764282,0.0713305267804577,0.0007869877871851116,True
642,0.8304707273637465,0.6924261756556166,0.1380445517081299,False
643,0.06053969814423672,0.0388033499774279,0.02173634816680882,True
644,0.4734457773725121,0.32676393631121614,0.14668184106129595,False
645,0.05268086619604142,0.04844319267941598,0.004237673516625441,True
646,0.578240531382944,0.5726014888615159,0.005639042521428106,False
647,0.82356406869736,0.7180451910866799,0.10551887761068013,False
648,0.3420182962523603,0.13842044347601468,0.20359785277634562,False
649,0.9881021322905793,0.9840274629457697,0.0040746693448096005,False
650,0.7531268336445162,0.7045472401483953,0.04857959349612084,False
651,0.0,0.004031571247164812,-0.004031571247164812,True
652,0.22335555607911434,0.10640966373330044,0.1169458923458139,False
653,0.570550449695649,0.53011697695121,0.04043347274443909,False
654,0.8881213324051935,0.8780187129020082,0.010102619503185362,False
655,0.4347506391219859,0.4248126093751956,0.009938029746790311,False
656,0.6317238951397733,0.4350116165003749,0.19671227863939844,False
657,0.6261872133197569,0.5975518789707184,0.028635334349038533,False
658,0.11716816562669628,0.10251226993043196,0.014655895696264326,True
659,0.3874179114671438,0.3698947695564094,0.017523141910734452,False
660,0.1242696773003691,0.05869275275962146,0.06557692454074765,True
661,0.875456787742909,0.8674049861600213,0.008051801582887763,False
662,0.32999930956296225,0.2986327570114628,0.03136655255149945,False
663,0.29645086528774683,0.17948796484897866,0.11696290043876817,False
664,0.658469349929455,0.6199332155124937,0.038536134416961354,False
665,0.0,0.02664033941897944,-0.02664033941897944,True
666,0.2887669631825393,0.280714376908174,0.008052586274365281,False
667,0.03499907220850828,0.022634950453080494,0.012364121755427785,True
668,0.6497530793255503,0.4650486335834024,0.18470444574214784,False
669,0.6974187679242987,0.5845146107844362,0.11290415713986246,False
670,0.45386475091246686,0.44063286933369594,0.013231881578770921,False
671,0.545438131675553,0.4894881078918645,0.05595002378368852,False
672,0.0,0.002744385748284501,-0.002744385748284501,True
673,0.3562366827811881,0.35450365735248085,0.0017330254287072355,False
674,0.45504666268216615,0.4007014715726961,0.05434519110947006,False
675,0.768949446921661,0.7580340859116252,0.010915361010035762,False
676,0.46664188632778486,0.3804153658039039,0.08622652052388097,False
677,0.0,0.0,0.0,True
678,0.5115234168237898,0.29307863080504076,0.218444786018749,False
679,0.881462536211677,0.815004426282769,0.066458109928908,False
680,0.34367837341421026,0.2837259513917151,0.05995242202249518,False
681,0.4839624702485647,0.4284255016584676,0.0555369685900971,False
682,0.0,0.0,0.0,True
683,0.08027740133548765,0.08077843935379272,-0.000501038018305075,True
684,0.3349376195847327,0.31775233388106516,0.017185285703667563,False
685,0.10496218781942994,0.10040678906323044,0.004555398756199494,True
686,0.8412879428691485,0.8099216104957934,0.03136633237335518,False
687,0.023782541558883066,0.008270141200788535,0.01551240035809453,True
688,0.0,0.09409813449205677,-0.09409813449205677,True
689,0.2762302956000867,0.2694087800565789,0.0068215155435077945,False
690,0.4449237839178988,0.34694736301982765,0.09797642089807113,False
691,0.3072454162342822,0.2915110581363568,0.015734358097925394,False
692,0.15288590687960027,0.14317797081841588,0.009707936061184391,True
693,0.38248714902247416,0.374373511577074,0.008113637445400168,False
694,0.42581065234604765,0.4282754625231271,-0.002464810177079446,False
695,0.21822893741064292,0.2066397560936381,0.011589181317004815,False
696,0.2248505666707399,0.2189747246202917,0.005875842050448221,False
697,0.0,0.05869238124291409,-0.05869238124291409,True
698,0.0,0.0,0.0,True
699,0.24697031497028235,0.12902412791186976,0.11794618705841259,False
700,0.637062741818403,0.6356548161409413,0.00140792567746173,False
701,0.2209183358673091,0.2126202614956688,0.008298074371640318,False
702,0.6165603084887447,0.5276752465619161,0.08888506192682855,False
703,0.4842147687346675,0.4743893133315455,0.009825455403122019,False
704,0.782006097741791,0.7480247376013306,0.03398136014046038,False
705,0.0,0.010596008889557357,-0.010596008889557357,True
706,0.411065524909458,0.36107535112673944,0.04999017378271858,False
707,0.4350919561887023,0.29888086444027323,0.13621109174842905,False
708,0.0,0.03962995992668311,-0.03962995992668311,True
709,0.49512005159090394,0.4352367331696752,0.05988331842122874,False
710,0.15192688855120443,0.07530381710281085,0.07662307144839357,True
711,0.0,0.029632565107435345,-0.029632565107435345,True
712,0.18387773964491488,0.17964288004804663,0.004234859596868257,True
713,0.11982849200387426,0.09769996878286051,0.022128523221013746,True
714,0.12139786516175785,0.055029472510015005,0.06636839265174285,True
715,0.18236494495068467,0.18294124076062798,-0.0005762958099433113,True
716,0.9392772398187905,0.9078280221547913,0.03144921766399922,False
717,0.7693193388544322,0.7302244435367214,0.03909489531771071,False
718,0.04680287981598451,0.0440647092451497,0.002738170570834808,True
719,0.45291439725401755,0.422410834151677,0.030503563102340536,False
720,0.0,0.04841094627083381,-0.04841094627083381,True
721,0.4371605008599474,0.42368152316747376,0.013478977692473637,False
722,0.23666185951846586,0.22928435189324956,0.007377507625216301,False
723,0.2604338419910828,0.13150690549197616,0.12892693649910666,False
724,0.0,0.0,0.0,True
725,0.8460962999142916,0.7856841514096641,0.060412148504627505,False
726,0.4416191296484275,0.43757304506344935,0.004046084584978127,False
727,0.6924246969218282,0.6741318940758739,0.018292802845954248,False
728,0.4104958136985582,0.40751272021344354,0.002983093485114663,False
729,0.03822250285953581,0.03012887030028721,0.008093632559248599,True
730,0.0,0.0,0.0,True
731,0.6290534315274167,0.5952066866743208,0.03384674485309591,False
732,0.05452608945601938,0.04179925403560396,0.012726835420415424,True
733,0.3168608949671703,0.3145356606999974,0.0023252342671729043,False
734,0.3519942739234235,0.19357605072434075,0.15841822319908272,False
735,0.0,0.0,0.0,True
736,0.8925611356352835,0.8600800590438148,0.032481076591468705,False
737,0.04747978393843147,0.043759193465996445,0.0037205904724350244,True
738,0.22512321779513195,0.09190302550123072,0.13322019229390122,False
739,0.8256961586139951,0.7714347981574003,0.0542613604565948,False
740,0.871722807833483,0.8216814994456519,0.05004130838783105,False
741,0.0,0.0,0.0,True
742,0.062453836239305574,0.06248320398912853,-2.936774982295609e-05,True
743,0.11125856494702788,0.07878895377497898,0.0324696111720489,True
744,0.46488091885527383,0.33506704687591987,0.12981387197935396,False
745,0.0696317944056268,0.06564444806433913,0.003987346341287681,True
746,0.3493866325050507,0.3442862447070444,0.005100387798006312,False
747,0.7583462891623256,0.643010576768323,0.11533571239400264,False
748,0.8509680633180929,0.7974429021709665,0.053525161147126465,False
749,0.3356352849134278,0.31698914469951317,0.01864614021391464,False
750,0.042881112645236426,0.028788144429031635,0.014092968216204791,True
751,0.4588159409644053,0.4142938155893065,0.04452212537509881,False
752,0.039352131961305215,0.03225010277236967,0.007102029188935544,True
753,0.0,0.0,0.0,True
754,0.7569051262822487,0.591453663337688,0.1654514629445607,False
755,0.29587159623188924,0.27054094805334133,0.02533064817854791,False
756,0.4248608861452628,0.3951002887316418,0.02976059741362097,False
757,0.1510648830466721,0.14825666659509149,0.0028082164515806085,True
758,0.20995802381203815,0.09511200020059886,0.1148460236114393,False
759,0.15584026560876832,0.1539813402965773,0.0018589253121910065,True
760,0.4850542562009793,0.4485291360364045,0.03652512016457482,False
761,0.14048177032305384,0.10092020142700023,0.03956156889605361,True
762,0.9724686310094244,0.9643268548866889,0.008141776122735478,False
763,0.33977804040431814,0.18725403007542063,0.1525240103288975,False
764,0.5306587320388302,0.5151068724788768,0.015551859559953418,False
765,0.0,0.07368505096317882,-0.07368505096317882,True
766,0.31471057397515795,0.3051631629988784,0.009547410976279536,False
767,0.2081951454663309,0.2060027750825198,0.002192370383811093,False
768,0.1021893476996507,0.10070737236259322,0.0014819753370574756,True
769,0.02844467903466935,0.015837160454539773,0.012607518580129578,True
770,0.10786063116891617,0.09172309446575319,0.01613753670316298,True
771,0.43505500740986763,0.26780833224383505,0.1672466751660326,False
772,0.07602000601418081,0.07523432579019707,0.0007856802239837452,True
773,0.0,0.06912484582037487,-0.06912484582037487,True
774,0.5329078317984891,0.5328305638400372,7.72679584518654e-05,False
775,0.07114783280650502,0.06821756760078075,0.0029302652057242723,True
776,0.10860902512350908,0.10729793484328964,0.0013110902802194319,True
777,0.7451902488352835,0.7317498159513965,0.013440432883886966,False
778,0.0,0.0,0.0,True
779,0.0,0.0,0.0,True
780,0.9459796397984369,0.9266552319927098,0.019324407805727084,False
781,0.7628477500004267,0.7043851995439601,0.058462550456466644,False
782,0.23027100211352647,0.1741330238284403,0.05613797828508618,False
783,0.4404664964858549,0.3603267546796619,0.08013974180619299,False
784,0.06217407992332451,0.0393101792669577,0.022863900656366808,True
785,0.46768089887680875,0.4610060415892638,0.006674857287544966,False
786,0.5904114704318238,0.5434765809809495,0.04693488945087432,False
787,0.24280396820046005,0.23798179178837184,0.004822176412088208,False
788,0.7318133743339619,0.7142398514860498,0.017573522847912026,False
789,0.6047045962409233,0.5899189288892756,0.014785667351647769,False
790,0.7987686442261132,0.6854966791888465,0.11327196503726666,False
791,0.0,0.049532004619343206,-0.049532004619343206,True
792,0.13574773337712825,0.13650403490749702,-0.0007563015303687637,True
793,0.9858687889808243,0.984598328577731,0.0012704604030933098,False
794,0.16906954105858485,0.1247245644303087,0.04434497662827615,True
795,0.0,0.03852442191810587,-0.03852442191810587,True
796,0.42683168260029564,0.38210243089852397,0.044729251701771666,False
797,0.2377546858180784,0.15215894062543614,0.08559574519264226,False
798,0.061123517888401105,0.059464792842069916,0.0016587250463311887,True
799,0.07753687409111655,0.07811259296131626,-0.0005757188701997068,True
800,0.0,0.0,0.0,True
801,0.6013470510868099,0.426680670159951,0.17466638092685888,False
802,0.7209180928368066,0.70206991377049,0.01884817906631664,False
803,0.5861377241745663,0.5749754075234907,0.011162316651075588,False
804,0.7448112069676941,0.7349435649930606,0.009867641974633523,False
805,0.09424054595141805,0.08594750816366223,0.008293037787755822,True
806,0.10256772247481862,0.08064610840856877,0.021921614066249845,True
807,0.5008922981855221,0.317039215465877,0.18385308271964507,False
808,0.0,0.0,0.0,True
809,0.7727871066070023,0.7085284441518108,0.06425866245519152,False
810,0.33525834686942035,0.17296847034228868,0.16228987652713167,False
811,0.440253663269949,0.25270737454448416,0.18754628872546486,False
812,0.3851957110158694,0.3720672706148036,0.01312844040106581,False
813,0.7289614289115667,0.708368004296133,0.020593424615433675,False
814,0.06631148088015179,0.06709259788144065,-0.0007811170012888558,True
815,0.38168682085856215,0.3726532625611886,0.009033558297373567,False
816,0.031332586344617164,0.02089394837265971,0.010438637971957453,True
817,0.0,0.0,0.0,True
818,0.47324370917616304,0.33159339930641557,0.14165030986974747,False
819,0.48924116041977067,0.4531543334825721,0.03608682693719856,False
820,0.7598546053699176,0.7393902313333789,0.02046437403653867,False
821,0.820234397963752,0.7775094340659017,0.0427249638978503,False
822,0.5496319765628493,0.5189350421343256,0.030696934428523726,False
823,0.0,0.018704266471793816,-0.018704266471793816,True
824,0.2338945339612404,0.22334160892054858,0.01055292504069183,False
825,0.6819855444779831,0.6388304047151985,0.04315513976278462,False
826,0.4042558316517294,0.39577790266466484,0.008477928987064565,False
827,0.2668599710264649,0.2498285509313864,0.01703142009507852,False
828,0.47985501709391126,0.27396996462304957,0.2058850524708617,False
829,0.09439129591334491,0.07455556907597127,0.01983572683737364,True
830,0.32674502029662433,0.299930206927705,0.026814813368919332,False
831,0.4069699334923896,0.2764301568230042,0.13053977666938538,False
832,0.030746798271749434,0.01821828226307136,0.012528516008678076,True
833,0.4920110314728682,0.47398915055171975,0.018021880921148425,False
834,0.5931606286122604,0.38109227554132574,0.21206835307093463,False
835,0.0,0.09215919448162095,-0.09215919448162095,True
836,0.49409131540797185,0.43293863794280707,0.061152677465164784,False
837,0.23334531393279695,0.22940555924853168,0.003939754684265273,False
838,0.2776021533637062,0.15102844062674978,0.12657371273695642,False
839,0.6294918439767666,0.6072639296358746,0.022227914340891997,False
840,0.3200490482293852,0.31868433256676565,0.0013647156626195311,False
841,0.0,0.015049298398779373,-0.015049298398779373,True
842,0.03517782266164948,0.025312798554676212,0.00986502410697327,True
843,0.49680174345370476,0.4906152646920226,0.006186478761682157,False
844,0.0,0.035136978752680764,-0.035136978752680764,True
845,0.28298858157418355,0.2789906630211396,0.003997918553043933,False
846,0.45110730167785823,0.4366676365710044,0.01443966510685385,False
847,0.3007971706470069,0.30061174209587155,0.00018542855113534706,False
848,0.6960191527273254,0.6826654258751121,0.013353726852213255,False
849,0.5935905408614157,0.5829514644246185,0.010639076436797179,False
850,0.0,0.0,0.0,True
851,0.3405057577680496,0.1424804325641248,0.1980253252039248,False
852,0.966926886843537,0.9380188411157139,0.02890804572782313,False
853,0.06464143814940274,0.06333488246163362,0.0013065556877691203,True
854,0.4833502988858651,0.4453437653099407,0.03800653357592443,False
855,0.7335839906859559,0.7203250953321014,0.013258895353854494,False
856,0.08700182194551329,0.08520666327670758,0.0017951586688057103,True
857,0.38987062976361775,0.3452775541078218,0.044593075655795955,False
858,0.1478440734833179,0.14439905346937482,0.0034450200139430898,True
859,0.0,0.021439848006006925,-0.021439848006006925,True
860,0.3180384392160169,0.31025119751377944,0.007787241702237435,False
861,0.3328519102755111,0.3121686945495956,0.02068321572591547,False
862,0.5446236775457364,0.5409818787340372,0.0036417988116991262,False
863,0.08788774617005898,0.06994276745796459,0.017944978712094398,True
864,0.13945812583469555,0.06351867786667571,0.07593944796801984,True
865,0.6607987082693827,0.6366443581016432,0.02415435016773948,False
866,0.22826241840423883,0.21557490225700598,0.012687516147232847,False
867,0.468774876226924,0.4265186802023406,0.04225619602458336,False
868,0.10432375024029375,0.07568842083404395,0.0286353294062498,True
869,0.8401752658973803,0.8232800515386212,0.01689521435875918,False
870,0.0,0.0,0.0,True
871,0.05547943237581581,0.054461609597114824,0.0010178227787009872,True
872,0.0,0.0003395731555502415,-0.0003395731555502415,True
873,0.652435716149632,0.5989569653043891,0.053478750845242895,False
874,0.0,0.020367095677373864,-0.020367095677373864,True
875,0.4272761742030506,0.4186912668900334,0.008584907313017198,False
876,0.8595163421514167,0.8426071196685384,0.016909222482878294,False
877,0.9189431010466014,0.8999719326175288,0.018971168429072538,False
878,0.6711395873568453,0.6583734375624088,0.012766149794436465,False
879,0.3488926950671795,0.15408526737882403,0.1948074276883555,False
880,0.35741517799087114,0.20595485469327926,0.15146032329759188,False
881,0.5250668159166259,0.5166180105556456,0.00844880536098025,False
882,0.4828783973657912,0.45625657024303834,0.02662182712275285,False
883,0.0,0.0014561200144879488,-0.0014561200144879488,True
884,0.023949705502393896,0.008526292858512417,0.015423412643881479,True
885,0.7234341138372301,0.6303899233687424,0.09304419046848766,False
886,0.5326484724973491,0.40199190854492756,0.1306565639524216,False
887,0.2783833438732764,0.20016429578277103,0.07821904809050537,False
888,0.18597373504401285,0.1253176202038419,0.060656114840170944,True
889,0.5870467280290981,0.5638829582182583,0.023163769810839785,False
890,0.22614748846624863,0.21373197034259836,0.012415518123650271,False
891,0.15457783367045894,0.14757689080161474,0.007000942868844201,True
892,0.20233754202258927,0.07421577413869504,0.12812176788389423,False
893,0.31571377070321366,0.3095347031472238,0.006179067555989848,False
894,0.5427234646605019,0.5411880123651557,0.0015354522953462402,False
895,0.9640800119188483,0.9428190409980236,0.021260970920824684,False
896,0.2141035929955383,0.2133422056863778,0.000761387309160505,False
897,0.7088849292730857,0.5225890666702939,0.18629586260279174,False
898,0.3357517460314982,0.32592009719188286,0.009831648839615348,False
899,0.677603261187932,0.6712272314032218,0.006376029784710191,False
900,0.08043566351920492,0.07585378549945612,0.004581878019748797,True
901,0.5519428612749072,0.3712283233624673,0.1807145379124399,False
902,0.04169369215344091,0.029641472356677776,0.012052219796763134,True
903,0.4155923052386742,0.24470587348111358,0.1708864317575606,False
904,0.0,0.0,0.0,True
905,0.0,0.037475986689733856,-0.037475986689733856,True
906,0.3764807164533322,0.33696309364343,0.039517622809902175,False
907,0.4639490595184343,0.26978565736054166,0.19416340215789263,False
908,0.5006528742877571,0.4942149938076912,0.006437880480065883,False
909,0.3541582149673247,0.33589359571501753,0.018264619252307157,False
910,0.4695718714374484,0.4200122645189612,0.04955960691848721,False
911,0.41303744963257494,0.4094786136011609,0.0035588360314140477,False
912,0.6982632910471878,0.6788410094908877,0.019422281556300103,False
913,0.07304730672371836,0.07168367257896426,0.0013636341447541,True
914,0.6611929416269865,0.6569433379580346,0.004249603668951885,False
915,0.3673933534022362,0.16703045479009204,0.20036289861214418,False
916,0.6380841270033704,0.5286942665849584,0.10938986041841192,False
917,0.0,0.0,0.0,True
918,0.9125483046041393,0.8376082863202109,0.07494001828392838,False
919,0.41200186269959543,0.40665292051476953,0.0053489421848259,False
920,0.2858953860476594,0.2759659984705194,0.009929387577140014,False
921,0.5488304397129156,0.5252025141788037,0.02362792553411186,False
922,0.0,0.0,0.0,True
923,0.2791672711628714,0.2277284260622054,0.051438845100665986,False
924,0.4102659489479513,0.1923609441612329,0.21790500478671843,False
925,0.7265597937830782,0.7074442432402449,0.019115550542833315,False
926,0.5479343203381162,0.33328227102917346,0.21465204930894272,False
927,0.2519326120013872,0.24154802913931944,0.010384582862067782,False
928,0.34402621103556313,0.2494420158531356,0.09458419518242753,False
929,0.05089898437999973,0.04945156317628274,0.001447421203716985,True
930,0.37989057122290815,0.37584936718404965,0.0040412040388584924,False
931,0.2891719262097101,0.2854900091644798,0.0036819170452302985,False
932,0.34702121656920354,0.30028533790976997,0.04673587865943357,False
933,0.09146092212389761,0.08483872431206359,0.006622197811834027,True
934,0.8134165109944096,0.7906046973804415,0.022811813613968113,False
935,0.0,0.012800493978415164,-0.012800493978415164,True
936,0.29937386938507354,0.2987728189393779,0.0006010504456956389,False
937,0.9172155284159154,0.9109246653682412,0.006290863047674122,False
938,0.1670199177175303,0.1662523305638169,0.0007675871537133894,True
939,0.3814306069948653,0.3363562437389078,0.045074363255957484,False
940,0.39324718435316014,0.3651093950003829,0.02813778935277722,False
941,0.23401090410238987,0.12500282488254785,0.10900807921984201,False
942,0.0,0.025322655335873592,-0.025322655335873592,True
943,0.8036494402043609,0.6489771434539561,0.15467229675040484,False
944,0.26230769703216805,0.14875928899542334,0.11354840803674471,False
945,0.9538257668590648,0.9355203666871211,0.01830540017194371,False
946,0.6683037458550722,0.6338170486643032,0.03448669719076902,False
947,0.24480997065726884,0.24129354419244725,0.003516426464821587,False
948,0.5021357202211076,0.37131836378195326,0.13081735643915438,False
949,0.0,0.04452756379783126,-0.04452756379783126,True
950,0.4063372841384191,0.3958451522358572,0.010492131902561874,False
951,0.4783722266148685,0.4294026103590937,0.048969616255774784,False
952,0.8949522737143546,0.8923870538305093,0.002565219883845282,False
953,0.28406114123688175,0.23906801474660325,0.04499312649027851,False
954,0.0,0.0,0.0,True
955,0.7918353128956256,0.7733041031774107,0.01853120971821487,False
956,0.9605027843705829,0.9381756889647841,0.022327095405798802,False
957,0.3019947066274836,0.09781889697391119,0.20417580965357243,False
958,0.8284300491897822,0.8052484399401445,0.023181609249637747,False
959,0.33808752641113254,0.31518931135339073,0.02289821505774181,False
960,0.13767070279838434,0.13539070399145478,0.0022799988069295563,True
961,0.17107828937158787,0.16993827184534627,0.001140017526241599,True
962,0.5974780460731915,0.5794784221342671,0.017999623938924403,False
963,0.18288547124972393,0.10767931632181241,0.07520615492791152,True
964,0.4275197993129531,0.22112504666639504,0.20639475264655804,False
965,0.5836273357608527,0.5579519941670329,0.02567534159381979,False
966,0.20885801209503013,0.20513537876730117,0.003722633327728958,False
967,0.0,0.01980103806112967,-0.01980103806112967,True
968,0.026653506072161774,0.01307760675605538,0.013575899316106393,True
969,0.47989206755332564,0.472539549933758,0.007352517619567622,False
970,0.6416668713506989,0.6114512844966633,0.03021558685403558,False
971,0.3464606684092367,0.28756164629714315,0.05889902211209358,False
972,0.0,0.0,0.0,True
973,0.514585342339603,0.5025467466341087,0.01203859570549426,False
974,0.28123225589035783,0.2359729029622386,0.04525935292811922,False
975,0.33377180746135005,0.3259588895601059,0.007812917901244165,False
976,0.21470266643309466,0.20972949889607223,0.004973167537022427,False
977,0.27976445379749965,0.24647526697099476,0.03328918682650489,False
978,0.5073722566532418,0.26477532724740405,0.24259692940583777,False
979,0.41599734938439586,0.3988823907250847,0.017114958659311175,False
980,0.4201578354363825,0.26410325715219746,0.15605457828418506,False
981,0.6333611615048749,0.6122376658292871,0.0211234956755878,False
982,0.8908472769096552,0.8622627482777566,0.02858452863189853,False
983,0.7452982233893742,0.7148115442620256,0.030486679127348593,False
984,0.0,0.0,0.0,True
985,0.5082397891160395,0.3375517779854008,0.1706880111306387,False
986,0.0805309112843711,0.05200828140898212,0.028522629875388984,True
987,0.0,0.0,0.0,True
988,0.25044028867567014,0.11862863160606356,0.13181165706960657,False
989,0.28623636876059366,0.2818281970705314,0.004408171690062246,False
990,0.2702426920676314,0.20838551213921128,0.06185717992842013,False
991,0.48718034380944786,0.40495625014136605,0.08222409366808181,False
992,0.2814333239177538,0.2701852491737322,0.011248074744021563,False
993,0.0,0.018051135759370167,-0.018051135759370167,True
994,0.23602406594598604,0.22920100340574168,0.006823062540244368,False
995,0.9595476254223827,0.939723807631738,0.019823817790644682,False
996,0.5042777431465127,0.4956739767754963,0.008603766371016452,False
997,0.18808475537826244,0.18667882625474233,0.001405929123520111,True
998,0.0,0.0,0.0,True
999,0.9072974928256238,0.8763940148019532,0.03090347802367055,False
1000,0.5026435885242942,0.330213654449102,0.17242993407519225,False
1001,0.19714609806443267,0.19737641884572973,-0.0002303207812970609,True
1002,0.48239115012042477,0.46354308328083305,0.018848066839591726,False
1003,0.16274319831073894,0.1594558705577379,0.003287327753001029,True
1004,0.32440198967345973,0.2742261572137275,0.05017583245973223,False
1005,0.40602663616212564,0.3108757807005624,0.09515085546156327,False
1006,0.0,0.06863365355666488,-0.06863365355666488,True
1007,0.09104748242308026,0.07805189199013952,0.01299559043294074,True
1008,0.3280531000378309,0.33203561090225014,-0.003982510864419253,False
1009,0.09078082238050639,0.08677297649080518,0.0040078458897012115,True
1010,0.703479855473975,0.6815089892594287,0.021970866214546247,False
1011,0.46313068241903654,0.28811199835488577,0.17501868406415078,False
1012,0.24633409737426024,0.24599621716801368,0.00033788020624656023,False
1013,0.05464440191502491,0.043941651853708054,0.010702750061316858,True
1014,0.4525508441845811,0.44199137613527095,0.010559468049310128,False
1015,0.7966923402198175,0.7934014297305242,0.0032909104892933083,False
1016,0.0,0.0,0.0,True
1017,0.42070016202909855,0.4110048040639449,0.00969535796515364,False
1018,0.0,0.040065349815611564,-0.040065349815611564,True
1019,0.17304513370590852,0.16842878364899308,0.004616350056915436,True
1020,0.37232397881756923,0.34721330414123025,0.025110674676338984,False
1021,0.8978324998846279,0.8958452027581988,0.0019872971264290884,False
1022,0.0,0.0,0.0,True
1023,0.22726653983426276,0.22052182674129625,0.006744713092966509,False
1024,0.5763632999359649,0.45873302754181144,0.11763027239415347,False
1025,0.3919995893892919,0.28512956556028607,0.10687002382900584,False
1026,0.5218443658433826,0.4923245593530736,0.029519806490308942,False
1027,0.8918144681814808,0.8828827860676695,0.008931682113811346,False
1028,0.07832251569168586,0.07576286909498034,0.002559646596705517,True
1029,0.0,0.006695390466240841,-0.006695390466240841,True
1030,0.8374090517019385,0.8156176032678242,0.02179144843411429,False
1031,0.0,0.0,0.0,True
1032,0.42148058826730944,0.3330428464457806,0.08843774182152886,False
1033,0.08884697515734435,0.056236937053208674,0.03261003810413568,True
1034,0.5556720789689404,0.5474116529001427,0.008260426068797733,False
1035,0.2485109270271965,0.24080307392424888,0.007707853102947609,False
1036,0.18329960677048632,0.17808689239234252,0.005212714378143801,True
1037,0.11306242734649072,0.07325201750546007,0.03981040984103065,True
1038,0.0,0.0,0.0,True
1039,0.19020869436022578,0.190796595866722,-0.0005879015064962356,True
1040,0.25862814680859825,0.15207692860341593,0.10655121820518232,False
1041,0.0,0.009882237317642728,-0.009882237317642728,True
1042,0.9707448579285062,0.9597426718094566,0.011002186119049573,False
1043,0.7580929780105884,0.7527642761278854,0.0053287018827029575,False
1044,0.24863245706813392,0.24312649671320302,0.005505960354930894,False
1045,0.4708051757460289,0.23357216858708826,0.23723300715894066,False
1046,0.28190704798368293,0.27919145107659155,0.002715596907091389,False
1047,0.4119771645811221,0.2760229049025397,0.13595425967858238,False
1048,0.0,0.0937279530954376,-0.0937279530954376,True
1049,0.0947186764918827,0.05252992202934953,0.04218875446253317,True
1050,0.1997807606306804,0.19573468257091242,0.004046078059767977,True
1051,0.673310788327041,0.5591681934463224,0.11414259488071865,False
1052,0.0,0.09523525045694048,-0.09523525045694048,True
1053,0.09976448718016064,0.09723652031031949,0.00252796686984115,True
1054,0.1399341179989617,0.136193601444212,0.00374051655474969,True
1055,0.5062395315310694,0.48435984260853887,0.021879688922530505,False
1056,0.14027657462207524,0.12013406286328245,0.020142511758792794,True
1057,0.13897418337351317,0.13615225999132635,0.002821923382186814,True
1058,0.2763221987041575,0.26252241697091644,0.013799781733241034,False
1059,0.0,0.010134786211865995,-0.010134786211865995,True
1060,0.36023208260346096,0.35920061100788314,0.0010314715955778153,False
1061,0.03458759183868212,0.025517139629386308,0.00907045220929581,True
1062,0.11667966349469268,0.11620006337656728,0.00047960011812539505,True
1063,0.6836306780615855,0.6747756714236065,0.008855006637979002,False
1064,0.20358683660140034,0.20371659335830303,-0.00012975675690268806,False
1065,0.6748616414178802,0.617952568286961,0.0569090731309192,False
1066,0.5068907924467277,0.4925625565008701,0.014328235945857637,False
1067,0.0,0.042430135120605963,-0.042430135120605963,True
1068,0.6813453623743754,0.642558369701288,0.038786992673087384,False
1069,0.20372589633447202,0.15835219454245347,0.04537370179201855,False
1070,0.0,0.036270429525692774,-0.036270429525692774,True
1071,0.4929371781478677,0.47000992073973064,0.02292725740813706,False
1072,0.0,0.0,0.0,True
1073,0.9254099976498626,0.9084825950887608,0.016927402561101812,False
1074,0.06205149480792235,0.05933931455615287,0.002712180251769482,True
1075,0.2172861515833104,0.20581080493441603,0.01147534664889438,False
1076,0.04084960330809067,0.03454135703024138,0.006308246277849289,True
1077,0.08616805929156052,0.08501428578486009,0.0011537735067004284,True
1078,0.5423807353143468,0.49602004583084486,0.04636068948350197,False
1079,0.6120565646439688,0.5732121853012799,0.03884437934268892,False
1080,0.0,0.017285663963355697,-0.017285663963355697,True
1081,0.10111152639669554,0.0949871970067839,0.0061243293899116424,True
1082,0.3832814982166895,0.36652455769402686,0.016756940522662633,False
1083,0.6299174079716501,0.6200992126075467,0.009818195364103333,False
1084,0.8637801809621896,0.8436211424800522,0.020159038482137404,False
1085,0.4095439895737809,0.39376166291442477,0.01578232665935614,False
1086,0.0,0.0,0.0,True
1087,0.04031678910093539,0.03422865641833163,0.006088132682603761,True
1088,0.2177277236845779,0.13674894061204132,0.08097878307253659,False
1089,0.023256999680857468,0.007550773736014481,0.015706225944842986,True
1090,0.0,0.0015257360129743304,-0.0015257360129743304,True
1091,0.7296130703142268,0.53787485300671,0.19173821730751683,False
1092,0.052034774815338795,0.04226889961200249,0.009765875203336306,True
1093,0.15133281372555468,0.15012235189786552,0.0012104618276891632,True
1094,0.0,0.0,0.0,True
1095,0.0,0.0,0.0,True
1096,0.5308615503502674,0.5235121467971177,0.007349403553149725,False
1097,0.05800787871014409,0.058034056320574436,-2.6177610430347387e-05,True
1098,0.3697881103442263,0.31800431091598913,0.05178379942823719,False
1099,0.33094936847068207,0.3002762356988077,0.03067313277187439,False
1100,0.6779950702544425,0.5519463190947713,0.12604875115967118,False
1101,0.0,0.0,0.0,True
1102,0.19637703808650456,0.16918509071163743,0.02719194737486713,True
1103,0.0,0.0039433961448266976,-0.0039433961448266976,True
1104,0.0,0.02822475981483889,-0.02822475981483889,True
1105,0.0,0.050559479111749676,-0.050559479111749676,True
1106,0.2096648427643958,0.16734214117530502,0.042322701589090767,False
1107,0.03439566587853074,0.022417398485047133,0.011978267393483608,True
1108,0.13909585197025473,0.13969812984331165,-0.0006022778730569167,True
1109,0.8207143134399992,0.8104495215977551,0.010264791842244159,False
1110,0.4600497721868657,0.4523666309297914,0.007683141257074311,False
1111,0.38007263019454585,0.3544280676345311,0.02564456256001474,False
1112,0.4009477494250356,0.341915906678579,0.059031842746456564,False
1113,0.13274308386481867,0.13047625082233022,0.002266833042488453,True
1114,0.05355500666020752,0.05220703985845746,0.0013479668017500612,True
1115,0.10738457565187122,0.10202776118927873,0.0053568144625924935,True
1116,0.39022533145976385,0.3695820235010227,0.02064330795874114,False
1117,0.3114092852583003,0.2146463555767812,0.09676292968151912,False
1118,0.0,0.058631721161563684,-0.058631721161563684,True
1119,0.0,0.015896183431884075,-0.015896183431884075,True
1120,0.8952640388801593,0.8728025879861494,0.02246145089400986,False
1121,0.32241624144523345,0.2934322043445111,0.028984037100722337,False
1122,0.4203171121832824,0.21646756812697107,0.2038495440563113,False
1123,0.27465633988176247,0.13495226377703956,0.1397040761047229,False
1124,0.29717948764057245,0.19592039136769057,0.10125909627288188,False
1125,0.6271601098755321,0.613390200583441,0.013769909292091098,False
1126,0.657469803585091,0.6518608705001111,0.005608933084979895,False
1127,0.11243948314287835,0.11063078653980311,0.001808696603075241,True
1128,0.1504268033180647,0.10958448677859195,0.04084231653947276,True
1129,0.6546532822229778,0.4791623615902435,0.1754909206327343,False
1130,0.0,0.0,0.0,True
1131,0.5219201903537876,0.37377820169652365,0.1481419886572639,False
1132,0.0,0.0,0.0,True
1133,0.4612056462679314,0.38830107939144903,0.07290456687648239,False
1134,0.0,0.0058587124376725955,-0.0058587124376725955,True
1135,0.3764853332663786,0.3735020493874875,0.0029832838788911298,False
1136,0.37338732866682817,0.3634262368733512,0.009961091793476984,False
1137,0.3664862591696784,0.3441979062942395,0.0222883528754389,False
1138,0.1595441783475772,0.1411122364422875,0.01843194190528971,True
1139,0.23386119764233654,0.19076747332259378,0.04309372431974276,False
1140,0.3975107894836552,0.37624320539109074,0.021267584092564462,False
1141,0.1530720828061204,0.14891030951306178,0.004161773293058613,True
1142,0.37090231238255067,0.28272392511620403,0.08817838726634664,False
1143,0.7610192512463042,0.7459711906989461,0.015048060547358078,False
1144,0.7503844120733234,0.6572504427822613,0.0931339692910621,False
1145,0.8281963033145809,0.8208709673875544,0.007325335927026555,False
1146,0.46727219695282873,0.46037367872087487,0.006898518231953865,False
1147,0.06402228700760304,0.05179095314630888,0.012231333861294158,True
1148,0.4826870954173141,0.47930083501699006,0.003386260400324026,False
1149,0.02927419692745642,0.017466585763542996,0.011807611163913424,True
1150,0.20074523124775454,0.19467683173542563,0.006068399512328904,False
1151,0.0,0.0,0.0,True
1152,0.04935440254670177,0.044968602484746656,0.004385800061955117,True
1153,0.21262261322651335,0.20779594393394699,0.004826669292566366,False
1154,0.3399909169420516,0.3319075259814179,0.008083390960633707,False
1155,0.0,0.0,0.0,True
1156,0.2992536784117193,0.29313158978813847,0.006122088623580824,False
1157,0.30012347257193894,0.10542266037196593,0.194700812199973,False
1158,0.19289597613920353,0.177879105430544,0.015016870708659535,True
1159,0.36703944908187297,0.3588272262014854,0.008212222880387587,False
1160,0.7468820996560925,0.7453442432824186,0.0015378563736739848,False
1161,0.7398348597532929,0.7279533167891925,0.011881542964100378,False
1162,0.0,0.0,0.0,True
1163,0.1532846528583494,0.14444227190423078,0.008842380954118628,True
1164,0.09252261634233845,0.08955891622865184,0.0029637001136866153,True
1165,0.7110476918540056,0.5934114979339471,0.11763619392005853,False
1166,0.28637371786331983,0.28423965334450596,0.002134064518813872,False
1167,0.21179993054582763,0.14238639411795379,0.06941353642787385,False
1168,0.0,0.0,0.0,True
1169,0.4319149336671862,0.4267466963437099,0.005168237323476321,False
1170,0.46431296271450057,0.27293268926951114,0.19138027344498942,False
1171,0.3495317985195197,0.2526633063046234,0.0968684922148963,False
1172,0.9609167872005748,0.9519818875045962,0.008934899695978604,False
1173,0.2350958279570574,0.23404058734386962,0.0010552406131877912,False
1174,0.7009727437102565,0.6971149965872294,0.003857747123027111,False
1175,0.8277841068602125,0.8110264100306176,0.016757696829594937,False
1176,0.0,0.007647475985448878,-0.007647475985448878,True
1177,0.6759419178828122,0.655229918082877,0.02071199979993521,False
1178,0.7824113423703419,0.6413598186041493,0.14105152376619268,False
1179,0.3051751151941364,0.2142603543480435,0.09091476084609293,False
1180,0.27034625797258593,0.254352731752085,0.01599352622050093,False
1181,0.2498824530523528,0.24991444226591564,-3.198921356284412e-05,False
1182,0.0,0.0056241545718251525,-0.0056241545718251525,True
1183,0.8532558821194797,0.8388243447171752,0.014431537402304517,False
1184,0.4309794367757774,0.425792821387833,0.005186615387944404,False
1185,0.3612151636882377,0.22671856930050652,0.13449659438773118,False
1186,0.12012410086874253,0.10414227636139797,0.01598182450734456,True
1187,0.8208388059776622,0.759504618529554,0.06133418744810826,False
1188,0.2799082592292221,0.1713420484865938,0.10856621074262829,False
1189,0.0,0.04415814849641534,-0.04415814849641534,True
1190,0.18745606677380994,0.16932669997466887,0.018129366799141067,True
1191,0.12344452967030906,0.11746108756608345,0.005983442104225606,True
1192,0.0,0.016585162738398426,-0.016585162738398426,True
1193,0.0,0.019041369344480443,-0.019041369344480443,True
1194,0.3211130519900264,0.2978217661625575,0.023291285827468866,False
1195,0.10559498444315882,0.10537455251242311,0.00022043193073570388,True
1196,0.31189395110265217,0.1347088913330962,0.17718505976955598,False
1197,0.46063153644684784,0.22513002314093178,0.23550151330591607,False
1198,0.1431544132852678,0.1222186799195441,0.020935733365723685,True
1199,0.818869131829758,0.8097102125779598,0.009158919251798125,False
1200,0.5467208840799177,0.5214052457110703,0.025315638368847426,False
1201,0.5275498559835822,0.5242873655804076,0.0032624904031746116,False
1202,0.2704826110483194,0.2654296571120089,0.0050529539363105,False
1203,0.611517652034211,0.5824175470956167,0.029100104938594384,False
1204,0.18845621150207464,0.15503939481105217,0.03341681669102248,True
1205,0.4771783086627515,0.4008168777811228,0.07636143088162872,False
1206,0.9678983391384046,0.9539085772431368,0.013989761895267794,False
1207,0.5477588240241096,0.5359521472472124,0.011806676776897174,False
1208,0.7373390502864274,0.7340491214571896,0.0032899288292378426,False
1209,0.6132548359783249,0.5918822783462124,0.021372557632112432,False
1210,0.24766615431866643,0.1208528978887171,0.12681325642994934,False
1211,0.7094326926531374,0.6073673948363267,0.10206529781681062,False
1212,0.5272896482074133,0.522844830182971,0.0044448180244422986,False
1213,0.0,0.0009695613065831951,-0.0009695613065831951,True
1214,0.3415793574826654,0.14193590297614544,0.19964345450651994,False
1215,0.7671787840873631,0.633796503165213,0.1333822809221501,False
1216,0.4411317906576146,0.4393280185327344,0.0018037721248801986,False
1217,0.0,0.00520597419117783,-0.00520597419117783,True
1218,0.0,0.026222678971796545,-0.026222678971796545,True
1219,0.0374565910633015,0.02970205713685353,0.007754533926447971,True
1220,0.807519241603379,0.8021422457042436,0.005376995899135317,False
1221,0.5458476999200694,0.4397288798679646,0.10611882005210482,False
1222,0.02687547805386695,0.013706537849280767,0.013168940204586184,True
1223,0.0,0.009176332546129626,-0.009176332546129626,True
1224,0.9507236411544997,0.9363401981151607,0.014383443039339028,False
1225,0.16262189137750618,0.1584935377067119,0.0041283536707942825,True
1226,0.4022771240268148,0.38972918841965026,0.012547935607164551,False
1227,0.5097311076201851,0.49652469853489245,0.013206409085292692,False
1228,0.0,0.0,0.0,True
1229,0.0,0.0,0.0,True
1230,0.5864945430124764,0.5758424339359434,0.010652109076533023,False
1231,0.8412406777279137,0.8168035424991563,0.024437135228757345,False
1232,0.18833600959540506,0.18494845341877525,0.003387556176629808,True
1233,0.8189454025632279,0.8170867376583412,0.001858664904886731,False
1234,0.19896912807160125,0.19334825249442744,0.005620875577173806,True
1235,0.5027528280073216,0.397595440766812,0.10515738724050955,False
1236,0.692911206690807,0.6866212281492615,0.006289978541545449,False
1237,0.6634856003403998,0.6225092429927568,0.040976357347643044,False
1238,0.48895345083974356,0.41768175341836455,0.07127169742137901,False
1239,0.8522672866964481,0.8377718317052225,0.01449545499122562,False
1240,0.25849007289936293,0.25755535516520944,0.0009347177341534896,False
1241,0.9262841072330275,0.9205754651252667,0.005708642107760786,False
1242,0.5685699960814227,0.33439170272315244,0.23417829335827023,False
1243,0.4361170840742976,0.33617353161725977,0.09994355245703784,False
1244,0.13878764202786872,0.10048053837848986,0.038307103649378865,True
1245,0.03943175124884238,0.032620950034842076,0.006810801214000302,True
1246,0.23588489817347758,0.2269113219485532,0.008973576224924368,False
1247,0.12299198633430382,0.11905319867178991,0.003938787662513904,True
1248,0.9925165434383062,0.988977193592323,0.003539349845983253,False
1249,0.0,0.0,0.0,True
1250,0.0,0.0,0.0,True
1251,0.8042412177778671,0.7361267573595462,0.06811446041832081,False
1252,0.2591077885341417,0.2552146150661364,0.003893173468005273,False
1253,0.6911530294356809,0.6579532515727431,0.03319977786293782,False
1254,0.10687006950798666,0.09237112686140218,0.014498942646584481,True
1255,0.8091979092073758,0.7408110076643319,0.06838690154304383,False
1256,0.5789124464095957,0.495332131728932,0.08358031468066374,False
1257,0.514117657111955,0.5034174203066017,0.010700236805353258,False
1258,0.624122230153455,0.42425014393751315,0.19987208621594188,False
1259,0.3025501285448092,0.11159734858962878,0.19095277995518045,False
1260,0.10876748244833638,0.10752447430065207,0.001243008147684313,True
1261,0.08842706443301596,0.08757204996150512,0.0008550144715108315,True
1262,0.0,0.023642387963511174,-0.023642387963511174,True
1263,0.4744695173895895,0.359709739425664,0.1147597779639255,False
1264,0.10827058666160103,0.10502623484728695,0.003244351814314081,True
1265,0.13328010764861717,0.13216745918150932,0.0011126484671078463,True
1266,0.20953768096386863,0.176640546457668,0.03289713450620063,False
1267,0.18754676516412547,0.18322302971010465,0.004323735454020816,True
1268,0.15878475090915695,0.06286603689226818,0.09591871401688877,True
1269,0.4175138966023409,0.3177350942783205,0.09977880232402042,False
1270,0.38034297160641767,0.2798785747302983,0.10046439687611936,False
1271,0.3420924506879633,0.3245365682908605,0.017555882397102762,False
1272,0.9701399539532338,0.9543569532439194,0.015783000709314376,False
1273,0.0,0.03618430435372992,-0.03618430435372992,True
1274,0.3335671476120287,0.3306128330468133,0.002954314565215388,False
1275,0.8199405143374898,0.8123715643463175,0.007568949991172302,False
1276,0.0,0.027608250542738,-0.027608250542738,True
1277,0.2962300686049965,0.29556442081359885,0.0006656477913976611,False
1278,0.03182237889600871,0.019284925684334226,0.012537453211674484,True
1279,0.23701743906973616,0.230517508163503,0.006499930906233159,False
1280,0.5232194383031452,0.5077499469966056,0.015469491306539629,False
1281,0.6784013506402514,0.6584908221942527,0.01991052844599872,False
1282,0.13106336639687735,0.1126499601349611,0.018413406261916246,True
1283,0.05540462726676162,0.05250525415383849,0.002899373112923126,True
1284,0.0,0.0,0.0,True
1285,0.7959863406198368,0.7490980128780579,0.04688832774177887,False
1286,0.14589257987171425,0.14321420335649912,0.0026783765152151306,True
1287,0.29187570326878115,0.2901039567814901,0.0017717464872910593,False
1288,0.19923934128258014,0.128289008311162,0.07095033297141815,True
1289,0.7836119877507308,0.7797992349862268,0.0038127527645039905,False
1290,0.5295111876949845,0.5049680972405272,0.02454309045445735,False
1291,0.35779005324139923,0.2410596432372019,0.11673041000419734,False
1292,0.5227805682066496,0.5072778207916313,0.015502747415018336,False
1293,0.22681004718058584,0.11299418975189979,0.11381585742868605,False
1294,0.7353322426942469,0.7131312377941048,0.022201004900142096,False
1295,0.8144818090387326,0.6861180564976149,0.12836375254111765,False
1296,0.0,0.0,0.0,True
1297,0.6119844267086261,0.48537854650308376,0.1266058802055423,False
1298,0.0,0.003987520032696885,-0.003987520032696885,True
1299,0.9521515198460004,0.9203034836380244,0.03184803620797605,False
1300,0.030632711781926055,0.01985608996715484,0.010776621814771216,True
1301,0.055741699219098946,0.05413438906953487,0.001607310149564077,True
1302,0.07090578639182653,0.07016470678501538,0.0007410796068111486,True
1303,0.6857417434315594,0.5806830501237255,0.1050586933078339,False
1304,0.18160192016095802,0.1774483081560545,0.004153612004903523,True
1305,0.47713768501116244,0.4341497433997528,0.04298794161140962,False
1306,0.07989592890350011,0.07926516225860832,0.0006307666448917976,True
1307,0.0,0.018837133582205096,-0.018837133582205096,True
1308,0.21370894075789182,0.18608025829323524,0.02762868246465658,False
1309,0.6712413702732029,0.622946200873521,0.048295169399681814,False
1310,0.7126580421225643,0.5294802909282688,0.18317775119429558,False
1311,0.0,0.0,0.0,True
1312,0.0,0.006499148107491054,-0.006499148107491054,True
1313,0.682200958468666,0.6527556364501637,0.029445322018502362,False
1314,0.3191428985147793,0.30720118995763057,0.011941708557148711,False
1315,0.29147615907594904,0.2877855827727038,0.003690576303245263,False
1316,0.11913165182996878,0.10208823891196218,0.017043412918006595,True
1317,0.4678684510080121,0.4534148026624441,0.014453648345568004,False
1318,0.2816222900685336,0.2780191756657782,0.003603114402755403,False
1319,0.9256723677824968,0.8727859268010398,0.052886440981457006,False
1320,0.25366652160662706,0.25041875709650296,0.003247764510124096,False
1321,0.33486648006295855,0.27781806202262455,0.057048418040334004,False
1322,0.31845378802309915,0.1622539079598927,0.15619988006320645,False
1323,0.37785080291324225,0.16226094649349077,0.21558985641975148,False
1324,0.13360116787538487,0.13171037634209054,0.0018907915332943281,True
1325,0.44206159356278746,0.42802828275211424,0.014033310810673216,False
1326,0.21555805798434194,0.10706393091739799,0.10849412706694395,False
1327,0.0,0.04152360269958548,-0.04152360269958548,True
1328,0.3044394173188324,0.2966018675758265,0.007837549743005878,False
1329,0.46673295930788755,0.4431292228713156,0.02360373643657193,False
1330,0.6270436401700793,0.6186852759598401,0.008358364210239166,False
1331,0.5032895721035267,0.45669488357930865,0.046594688524218,False
1332,0.0,0.0,0.0,True
1333,0.43922731254461866,0.43065248385905436,0.008574828685564306,False
1334,0.0,0.0,0.0,True
1335,0.0,0.0,0.0,True
1336,0.6281936446657238,0.44270565932612316,0.18548798533960065,False
1337,0.6126305066006318,0.5114368205620542,0.10119368603857759,False
1338,0.25710785303669276,0.24622892394738255,0.010878929089310208,False
1339,0.1905250665227879,0.18843384541587477,0.0020912211069131215,True
1340,0.4470751601715627,0.34002053618741324,0.10705462398414944,False
1341,0.2274994793313652,0.22699050111970728,0.0005089782116579067,False
1342,0.06903366352959849,0.06775412478213111,0.0012795387474673764,True
1343,0.2473464171669359,0.22516309730528955,0.022183319861646345,False
1344,0.31407055355639,0.3115515748235817,0.002518978732808319,False
1345,0.18512057400730783,0.1590620460856918,0.02605852792161603,True
1346,0.0,0.0,0.0,True
1347,0.04851844766382931,0.045453811343893286,0.0030646363199360246,True
1348,0.1463974581590422,0.1408622507640098,0.00553520739503241,True
1349,0.8418467190540369,0.7521766451811969,0.08967007387283998,False
1350,0.15163815286978338,0.06916746761309725,0.08247068525668613,True
1351,0.40857747841962005,0.40607532411435826,0.0025021543052617945,False
1352,0.38726178612285844,0.1748046112595833,0.21245717486327514,False
1353,0.0,0.0,0.0,True
1354,0.030968900940991747,0.019817311202401912,0.011151589738589835,True
1355,0.5104843925970193,0.5007021468594385,0.009782245737580797,False
1356,0.2971011443605534,0.29268258879965015,0.004418555560903259,False
1357,0.0,0.030009551347523936,-0.030009551347523936,True
1358,0.7720918790807364,0.7355214736471912,0.03657040543354517,False
1359,0.4379931171504079,0.42970096558528054,0.00829215156512736,False
1360,0.05119301858834072,0.047914302050433295,0.003278716537907428,True
1361,0.568531576211136,0.44440735104204926,0.12412422516908678,False
1362,0.9295892547071919,0.9171025039268494,0.012486750780342448,False
1363,0.3080624537689179,0.3027044432613289,0.005358010507588995,False
1364,0.9272380178065622,0.8819602677624829,0.0452777500440793,False
1365,0.0,0.03248824941608915,-0.03248824941608915,True
1366,0.33016861210926635,0.315281114016995,0.014887498092271356,False
1367,0.0,0.08189886353835653,-0.08189886353835653,True
1368,0.5832758401874926,0.5209059039817696,0.06236993620572295,False
1369,0.7169799939472514,0.705406386138908,0.011573607808343378,False
1370,0.5906704446246194,0.5907298837970282,-5.943917240880392e-05,False
1371,0.2885344977829335,0.28599284989757684,0.002541647885356657,False
1372,0.720965567579533,0.5348660306032866,0.18609953697624637,False
1373,0.42231937261802255,0.39618369191335595,0.026135680704666597,False
1374,0.6305223990644419,0.5995281922162741,0.030994206848167782,False
1375,0.1812940254793996,0.1012540894474526,0.080039936031947,True
1376,0.30764552670189826,0.2982343828648704,0.009411143837027847,False
1377,0.939676626930841,0.9048691475901935,0.03480747934064743,False
1378,0.0,6.446188736461123e-05,-6.446188736461123e-05,True
1379,0.12871815767511677,0.11341048215246115,0.01530767552265562,True
1380,0.7922176614292327,0.6862927812128997,0.10592488021633295,False
1381,0.5970913149017318,0.5607758576125074,0.03631545728922447,False
1382,0.0,0.0508490378664327,-0.0508490378664327,True
1383,0.8179631425921018,0.7994364959238544,0.018526646668247437,False
1384,0.0555672313254021,0.055526614262484654,4.0617062917448765e-05,True
1385,0.33673393508316735,0.3182217602861047,0.01851217479706263,False
1386,0.7875829806349186,0.7831488929725149,0.004434087662403718,False
1387,0.4958144822164603,0.382868332121782,0.11294615009467829,False
1388,0.7937091802886833,0.7675339129177136,0.026175267370969757,False
1389,0.15497844676433725,0.1449881167465906,0.009990330017746657,True
1390,0.2921414090717361,0.13599407667615318,0.1561473323955829,False
1391,0.296956574483231,0.1708373045314122,0.1261192699518188,False
1392,0.22931607872456464,0.12936300258208738,0.09995307614247725,False
1393,0.1447216878968603,0.14360343417344162,0.0011182537234186718,True
1394,0.23537368178824078,0.23504356220572187,0.0003301195825189118,False
1395,0.4427903240699782,0.4120745913540814,0.030715732715896782,False
1396,0.8701090709698508,0.847752228473997,0.02235684249585379,False
1397,0.42992161500481363,0.4193749254783517,0.010546689526461928,False
1398,0.4161596616600333,0.31205796569768296,0.10410169596235036,False
1399,0.7670426181437732,0.7063467555133524,0.060695862630420816,False
1400,0.5920521261305857,0.5401840103392663,0.051868115791319336,False
1401,0.2240268322410646,0.21675337132222705,0.007273460918837543,False
1402,0.5538144094609228,0.4186482738211436,0.13516613563977914,False
1403,0.350173227309733,0.18034153657115765,0.16983169073857535,False
1404,0.6865326170673872,0.6662713483832883,0.020261268684098943,False
1405,0.16873308192569458,0.16764848863297047,0.0010845932927241175,True
1406,0.11950156570265227,0.08835879943353225,0.03114276626912002,True
1407,0.46853718882605827,0.4607448024256268,0.00779238640043145,False
1408,0.0,0.0,0.0,True
1409,0.6918266697755528,0.6765008330981552,0.01532583667739762,False
1410,0.6225747226720153,0.5320352955969632,0.09053942707505214,False
1411,0.3533951826751636,0.31038828422937614,0.04300689844578748,False
1412,0.5977866065869292,0.4244508301443849,0.17333577644254428,False
1413,0.6435322988376181,0.6326717031010674,0.010860595736550738,False
1414,0.057203794893460315,0.05711461372483239,8.91811686279248e-05,True
1415,0.25608876555257093,0.20581620102461085,0.050272564527960084,False
1416,0.0,0.0,0.0,True
1417,0.0,0.008225854197228415,-0.008225854197228415,True
1418,0.8465265804481363,0.808841296491156,0.03768528395698034,False
1419,0.0,0.0186330705780998,-0.0186330705780998,True
1420,0.07812181575925277,0.0781452991813563,-2.3483422103537377e-05,True
1421,0.0,0.04254482161422469,-0.04254482161422469,True
1422,0.8017179494382976,0.7912020883338172,0.010515861104480329,False
1423,0.5183669521531329,0.41655672447321695,0.10181022767991593,False
1424,0.2585431089260072,0.2000375798958373,0.058505529030169895,False
1425,0.42270118013856284,0.4094226768285159,0.01327850331004693,False
1426,0.44872912357558725,0.4448262053502435,0.0039029182253437766,False
1427,0.8339508154092777,0.7846412559207937,0.049309559488484034,False
1428,0.8025036501203832,0.6499233672980046,0.15258028282237857,False
1429,0.0,0.02451484526952524,-0.02451484526952524,True
1430,0.824019057319245,0.7003763599796331,0.12364269733961186,False
1431,0.25820053654439606,0.2547204986483214,0.0034800378960746503,False
1432,0.03252781438209,0.022679194744585813,0.009848619637504188,True
1433,0.0,0.0,0.0,True
1434,0.49744917804052824,0.47332932387004634,0.024119854170481903,False
1435,0.5902634556183382,0.46380405850620066,0.1264593971121375,False
1436,0.08985079173787981,0.08789411660222275,0.00195667513565706,True
1437,0.32209362086299004,0.30909848444257015,0.012995136420419884,False
1438,0.3511899261373358,0.3407557288551978,0.010434197282138014,False
1439,0.8175985362200809,0.7939660186256038,0.023632517594477154,False
1440,0.15428926613924177,0.1470894396936375,0.007199826445604268,True
1441,0.9184387752882374,0.8955073825362635,0.022931392751973867,False
1442,0.0,0.0,0.0,True
1443,0.7911666470415315,0.7032742363708836,0.0878924106706479,False
1444,0.041639090075188616,0.028499260258459655,0.013139829816728961,True
1445,0.6230858587208885,0.6065126906020198,0.016573168118868664,False
1446,0.21495420999313294,0.21224287015975243,0.0027113398333805105,False
1447,0.8010682409109624,0.6441869675418911,0.15688127336907132,False
1448,0.18896248215922845,0.18406078518819718,0.004901696971031266,True
1449,0.6035610894973882,0.5730168363989714,0.030544253098416796,False
1450,0.7081460114849928,0.6867188102394325,0.0214272012455603,False
1451,0.39391404571920213,0.3087406738952952,0.08517337182390694,False
1452,0.8478386502639361,0.8447494662021071,0.003089184061829009,False
1453,0.3984547039513069,0.387572119036854,0.010882584914452875,False
1454,0.40664967824835374,0.3739652559164412,0.032684422331912544,False
1455,0.0,0.03229392145061947,-0.03229392145061947,True
1456,0.06687652847671954,0.06471705231467283,0.0021594761620467168,True
1457,0.34802119689859906,0.19917467162254066,0.1488465252760584,False
1458,0.8368109627274047,0.7841099139908695,0.05270104873653525,False
1459,0.4861557078387093,0.30148889588562044,0.18466681195308887,False
1460,0.42304642537911435,0.4221433959203263,0.0009030294587880627,False
1461,0.18882360906686502,0.17705965353133507,0.011763955535529946,True
1462,0.5853434752028527,0.5511807087920126,0.03416276641084004,False
1463,0.37928190155664704,0.3792036191033789,7.828245326813033e-05,False
1464,0.5290127661404316,0.517965481708587,0.01104728443184455,False
1465,0.34432595283625766,0.3413044546174381,0.003021498218819585,False
1466,0.9621390554598774,0.9402315493325313,0.021907506127346155,False
1467,0.07583403730287384,0.06326697947469996,0.012567057828173883,True
1468,0.40062331624277303,0.39414518192409564,0.0064781343186773865,False
1469,0.6256775399780808,0.5918457955925281,0.0338317443855527,False
1470,0.5407135604015746,0.5404325782244359,0.0002809821771386778,False
1471,0.037185044170022094,0.029640617539436462,0.007544426630585632,True
1472,0.2924492196972984,0.150861541370895,0.14158767832640343,False
1473,0.7457457037385549,0.6891302091242613,0.056615494614293604,False
1474,0.8457742354529177,0.7629336703473998,0.08284056510551796,False
1475,0.4778891455010333,0.4123966933174417,0.06549245218359157,False
1476,0.24152500531971222,0.21461499951770766,0.02691000580200456,False
1477,0.3274677073029108,0.25867336433640215,0.06879434296650866,False
1478,0.07135317728631291,0.07221725559526596,-0.0008640783089530479,True
1479,0.4830302856814677,0.2872287532316317,0.195801532449836,False
1480,0.26483376031095696,0.21534929089308932,0.04948446941786763,False
1481,0.8719881430393553,0.8261433275305838,0.04584481550877151,False
1482,0.24179315308667793,0.22271643971299632,0.01907671337368161,False
1483,0.8015818507303644,0.6949560167762634,0.10662583395410097,False
1484,0.5130629674669667,0.5119578269382343,0.0011051405287323401,False
1485,0.7700398558817718,0.7308614211752705,0.039178434706501286,False
1486,0.5696141638449526,0.5647827087332808,0.004831455111671712,False
1487,0.6534988120893767,0.4942480263282012,0.15925078576117546,False
1488,0.6054787858647986,0.590970863342973,0.014507922521825645,False
1489,0.0,0.028566230710900573,-0.028566230710900573,True
1490,0.7416631073959693,0.6079078112662659,0.13375529612970338,False
1491,0.22150429797196333,0.12011341685474007,0.10139088111722326,False
1492,0.28522659262215705,0.2831532227638545,0.0020733698583025317,False
1493,0.3689984472218521,0.23888015751477848,0.13011828970707362,False
1494,0.3761694570187845,0.2536687729008047,0.12250068411797982,False
1495,0.5047178579852248,0.2688097329633246,0.23590812502190023,False
1496,0.42658824179072447,0.42235667793066084,0.004231563860063625,False
1497,0.21142016730941798,0.20182098213193966,0.00959918517747832,False
1498,0.22908665082758436,0.22951029950157,-0.00042364867398564376,False
1499,0.13842789004329994,0.13864801681168493,-0.00022012676838498169,True
1500,0.48343723446267334,0.3541249199464715,0.12931231451620184,False
1501,0.15781613397203517,0.14579739660195673,0.012018737370078442,True
1502,0.0,0.003390760228761101,-0.003390760228761101,True
1503,0.67983914596992,0.5219407064083283,0.15789843956159166,False
1504,0.5835626795241268,0.4732080180887992,0.11035466143532757,False
1505,0.8940046226319128,0.8249855212033961,0.06901910142851675,False
1506,0.3996151073174579,0.26645032957387715,0.13316477774358076,False
1507,0.818483152824904,0.8156318339915982,0.002851318833305805,False
1508,0.7199176498632933,0.7053535180561584,0.014564131807134895,False
1509,0.0,0.0,0.0,True
1510,0.6400833796061666,0.6281507464017833,0.011932633204383314,False
1511,0.12816033016171846,0.12716109917419263,0.0009992309875258287,True
1512,0.6000098272910652,0.48995100550292475,0.11005882178814047,False
1513,0.3031275503664785,0.3030306739423143,9.687642416417175e-05,False
1514,0.0,0.0,0.0,True
1515,0.5411925778947542,0.5386983084086081,0.0024942694861460613,False
1516,0.0,0.04219712752278246,-0.04219712752278246,True
1517,0.0,0.0,0.0,True
1518,0.1987764436072814,0.19295170070133597,0.005824742905945424,True
1519,0.5244169412212385,0.45169129407355013,0.07272564714768837,False
1520,0.45606151119303323,0.427889674362461,0.028171836830572228,False
1521,0.3787229880061435,0.20944974235812414,0.16927324564801938,False
1522,0.08527203086947303,0.08367147258111596,0.0016005582883570763,True
1523,0.2393422852242572,0.09357413231765821,0.145768152906599,False
1524,0.7315275976590193,0.6788123761973306,0.05271522146168872,False
1525,0.30878707936622396,0.30312218856501544,0.005664890801208522,False
1526,0.93301305181282,0.913830146272382,0.019182905540438,False
1527,0.2615563569132224,0.25522003270095384,0.00633632421226854,False
1528,0.22221006864793205,0.19001113001694728,0.032198938630984775,False
1529,0.06651541020254396,0.06426325103047864,0.002252159172065324,True
1530,0.18397742441407777,0.1808203370394259,0.003157087374651868,True
1531,0.0,0.0,0.0,True
1532,0.6567963319854228,0.6519730501346401,0.004823281850782624,False
1533,0.16755667476296018,0.15586930382243372,0.011687370940526465,True
1534,0.0,0.0,0.0,True
1535,0.3676167869554369,0.3621538186873339,0.005462968268103052,False
1536,0.0,0.0003689324574759518,-0.0003689324574759518,True
1537,0.42751687141121264,0.43467408732608925,-0.0071572159148766135,False
1538,0.6353192758655154,0.6333791713007341,0.0019401045647813309,False
1539,0.48864581444735894,0.46665300488891415,0.021992809558444792,False
1540,0.0,0.0,0.0,True
1541,0.8358003012173177,0.7616880047973118,0.07411229642000594,False
1542,0.20183039718170379,0.15682738402991425,0.045003013151789534,False
1543,0.06029291286795682,0.05953170594834087,0.0007612069196159532,True
1544,0.08412084242380044,0.0824826522270763,0.0016381901967241347,True
1545,0.0,0.0,0.0,True
1546,0.7462885127881898,0.7390658365623304,0.00722267622585937,False
1547,0.20691100012734673,0.20136443584304486,0.005546564284301864,False
1548,0.07887725462705825,0.07777147802058507,0.00110577660647318,True
1549,0.14646291025030966,0.13856143423099065,0.00790147601931901,True
1550,0.43264923137982153,0.3080862347860139,0.12456299659380765,False
1551,0.08203995479039879,0.06900608282160726,0.013033871968791522,True
1552,0.0,0.035818151576337554,-0.035818151576337554,True
1553,0.0,0.0,0.0,True
1554,0.3304654182046087,0.3182412477505063,0.012224170454102401,False
1555,0.8197140219699103,0.6803720067580228,0.1393420152118875,False
1556,0.659131364177484,0.6226929228988373,0.036438441278646705,False
1557,0.5559253430393443,0.5496006640919869,0.006324678947357332,False
1558,0.29695874130781724,0.2891210783294816,0.007837662978335658,False
1559,0.0,0.003148906185948913,-0.003148906185948913,True
1560,0.0,0.0,0.0,True
1561,0.3059159529078396,0.29113494996518685,0.014781002942652721,False
1562,0.20855263641930308,0.1937739073731487,0.014778729046154376,False
1563,0.42705031866412235,0.41741324484079795,0.009637073823324405,False
1564,0.3859324956308319,0.17955776251941705,0.20637473311141483,False
1565,0.38029818771524493,0.37742661661208676,0.002871571103158166,False
1566,0.3441223862352992,0.33909696267161127,0.0050254235636879585,False
1567,0.7553214119508488,0.6774942268880385,0.07782718506281028,False
1568,0.5365586006529282,0.50456536597533,0.03199323467759818,False
1569,0.0,0.00703205156994827,-0.00703205156994827,True
1570,0.7589729860605633,0.731145416823031,0.027827569237532268,False
1571,0.14888466613721923,0.14585191189823588,0.0030327542389833595,True
1572,0.92354866399712,0.8623231657505321,0.06122549824658785,False
1573,0.32333854390841504,0.23227987886066725,0.09105866504774779,False
1574,0.3565623412678835,0.3407918055954471,0.015770535672436414,False
1575,0.22430683183509476,0.2222377703797868,0.002069061455307969,False
1576,0.49890854766111864,0.48894448990337747,0.009964057757741174,False
1577,0.6881892472129904,0.6525699712312323,0.03561927598175807,False
1578,0.09602554323075412,0.09553838072275375,0.0004871625080003633,True
1579,0.5122541638809158,0.47221350150752706,0.04004066237338877,False
1580,0.14936738632075824,0.1441116513297015,0.005255734991056749,True
1581,0.0,0.0,0.0,True
1582,0.8975910566528161,0.8536250509649218,0.04396600568789433,False
1583,0.4879843406439731,0.48715086994306256,0.0008334707009105546,False
1584,0.0,0.0,0.0,True
1585,0.5954497656563985,0.5789764849393698,0.016473280717028693,False
1586,0.0,0.0,0.0,True
1587,0.0583225887832244,0.0426719374641106,0.0156506513191138,True
1588,0.150116073146435,0.14829550284480697,0.0018205703016280217,True
1589,0.06690558179219075,0.059225170527255074,0.007680411264935676,True
1590,0.1695910462770721,0.1630222510402434,0.006568795236828712,True
1591,0.5293081948445565,0.46071268608784105,0.06859550875671544,False
1592,0.612382262857001,0.40292582389708254,0.2094564389599185,False
1593,0.2434554994134822,0.23165044461535061,0.011805054798131598,False
1594,0.3214294734483864,0.3140486832191681,0.007380790229218281,False
1595,0.32164674310678326,0.17798349980816477,0.1436632432986185,False
1596,0.0,0.020040075724061506,-0.020040075724061506,True
1597,0.20271336406454915,0.19197009899938824,0.010743265065160906,False
1598,0.0,0.0,0.0,True
1599,0.9797085714102735,0.974852295753488,0.00485627565678548,False
1600,0.53030702758405,0.5227412031672086,0.0075658244168413935,False
1601,0.0,0.0,0.0,True
1602,0.44567507061445855,0.31657677624672065,0.1290982943677379,False
1603,0.4462348596645886,0.4157216047875863,0.030513254877002294,False
1604,0.45836845018481326,0.31268881974158713,0.14567963044322613,False
1605,0.44226311276496816,0.28886672225470755,0.1533963905102606,False
1606,0.3547432085242079,0.34040201670760173,0.014341191816606147,False
1607,0.2280167164279555,0.22766763413682034,0.0003490822911351721,False
1608,0.2482114979808051,0.2417275288824541,0.006483969098351,False
1609,0.5510803807260237,0.3797051717009274,0.17137520902509634,False
1610,0.2153320946849427,0.13979270367994245,0.07553939100500023,False
1611,0.7214698983929023,0.70951128908768,0.0119586093052223,False
1612,0.0,0.033667464709085916,-0.033667464709085916,True
1613,0.04565609317342047,0.04220446747326409,0.003451625700156377,True
1614,0.0,0.007072848611311277,-0.007072848611311277,True
1615,0.15216438098979676,0.10161511810074433,0.050549262889052426,True
1616,0.7193277440049198,0.6758729094307379,0.04345483457418198,False
1617,0.5132690093514415,0.4847148557651989,0.02855415358624258,False
1618,0.1397714460064476,0.13829515711051382,0.0014762888959337916,True
1619,0.7141371315213784,0.6918138562069269,0.02232327531445144,False
1620,0.034814712885668814,0.02626096413027944,0.008553748755389372,True
1621,0.44177269407935876,0.4337424221419532,0.008030271937405575,False
1622,0.0,0.007550346755261293,-0.007550346755261293,True
1623,0.9318422836165439,0.8763484071646325,0.055493876451911395,False
1624,0.6449509984524732,0.433541317517264,0.21140968093520918,False
1625,0.0,0.0,0.0,True
1626,0.0972406969874241,0.09444916508565741,0.002791531901766689,True
1627,0.1036781561995744,0.10132893209079079,0.002349224108783618,True
1628,0.3105243588113701,0.2987441469519716,0.011780211859398482,False
1629,0.4187415079535265,0.3857482993897852,0.03299320856374127,False
1630,0.9375174002191995,0.9090448588205,0.02847254139869948,False
1631,0.09406682721256544,0.0931128769854634,0.0009539502271020406,True
1632,0.9188857061635645,0.9019086956653115,0.016977010498252953,False
1633,0.0,0.001584355069092864,-0.001584355069092864,True
1634,0.25430799150208616,0.08276953598076141,0.17153845552132474,False
1635,0.7487601209408364,0.7492528063204577,-0.0004926853796212161,False
1636,0.3545717366376087,0.3595922564231478,-0.005020519785539079,False
1637,0.7532473684228146,0.7248830106189351,0.02836435780387947,False
1638,0.3717306271061461,0.3491674800067151,0.022563147099431025,False
1639,0.31240766701752093,0.0970281963209873,0.21537947069653363,False
1640,0.98048668010999,0.9721907854692573,0.00829589464073266,False
1641,0.0,0.0052039305220488346,-0.0052039305220488346,True
1642,0.0,0.003996568015235077,-0.003996568015235077,True
1643,0.7050275500961489,0.6873277509703809,0.017699799125768023,False
1644,0.21631134617733214,0.21479689047111547,0.0015144557062166664,False
1645,0.4594836468223769,0.4576148815272359,0.0018687652951410172,False
1646,0.06993514600091016,0.06796051292482701,0.001974633076083157,True
1647,0.294801967890775,0.29153204821979506,0.0032699196709799483,False
1648,0.0,0.03945311328446465,-0.03945311328446465,True
1649,0.562205849364399,0.554554210414746,0.007651638949653039,False
1650,0.4873525916413751,0.44126263731107496,0.046089954330300165,False
1651,0.0,0.024254856412510153,-0.024254856412510153,True
1652,0.29418101957568127,0.2866433791483637,0.007537640427317582,False
1653,0.3866263225241362,0.32299247589868835,0.06363384662544785,False
1654,0.08234969738770669,0.07163551381008466,0.010714183577622022,True
1655,0.054971046916480845,0.05300993877536027,0.0019611081411205766,True
1656,0.21283310576583142,0.11091296824776715,0.10192013751806427,False
1657,0.15198983802102567,0.14745938952224955,0.004530448498776124,True
1658,0.0,0.0,0.0,True
1659,0.09394406027615222,0.08826942434075538,0.005674635935396841,True
1660,0.0,0.0,0.0,True
1661,0.17990170486247184,0.1746774426281437,0.0052242622343281475,True
1662,0.2225398866625613,0.18643767867450978,0.03610220798805153,False
1663,0.15146289761447,0.12338082740773815,0.02808207020673184,True
1664,0.4877701006970187,0.48217423548275956,0.005595865214259144,False
1665,0.28285775408600006,0.21323882854064374,0.06961892554535631,False
1666,0.26746815475664104,0.1041601036516657,0.16330805110497534,False
1667,0.11900546334546531,0.0800072291939126,0.03899823415155272,True
1668,0.35171043163819793,0.3123141726586954,0.03939625897950255,False
1669,0.4603865309476422,0.45951733870069694,0.0008691922469452606,False
1670,0.25028754104960094,0.24754174953785998,0.0027457915117409526,False
1671,0.05322446581869662,0.04706961782897128,0.006154847989725341,True
1672,0.0,0.06470880128025007,-0.06470880128025007,True
1673,0.5549418117118881,0.547562177984001,0.0073796337278870805,False
1674,0.0,0.007486248580273888,-0.007486248580273888,True
1675,0.18485806318423903,0.14050452672975713,0.044353536454481896,True
1676,0.4546589769580688,0.4524467720632631,0.0022122048948056694,False
1677,0.27715984432385066,0.26993884181227046,0.007221002511580199,False
1678,0.46618778150162765,0.4124060149112592,0.05378176659036843,False
1679,0.033183490283582195,0.023249897405218878,0.009933592878363318,True
1680,0.0,0.010302696536642328,-0.010302696536642328,True
1681,0.5926917600421285,0.528632024053474,0.06405973598865455,False
1682,0.31343562267959246,0.17339503762833738,0.14004058505125508,False
1683,0.21999128492506836,0.1329033465675363,0.08708793835753206,False
1684,0.8794275170416904,0.8552312611897138,0.0241962558519766,False
1685,0.0,0.028443363203984547,-0.028443363203984547,True
1686,0.3385885796924859,0.25121975068916896,0.08736882900331694,False
1687,0.633942861793896,0.47566655651544026,0.15827630527845576,False
1688,0.8501177767956628,0.839771806095976,0.01034597069968679,False
1689,0.6420342480956023,0.6292486672279725,0.01278558086762982,False
1690,0.15029935240904416,0.13278184190480258,0.01751751050424158,True
1691,0.365581110141017,0.21798788194545846,0.14759322819555856,False
1692,0.5727500998097624,0.39979449844798437,0.17295560136177807,False
1693,0.09202291642306051,0.08057708555464113,0.011445830868419382,True
1694,0.055875997784802844,0.05296881680427203,0.0029071809805308116,True
1695,0.0,0.00660014483380885,-0.00660014483380885,True
1696,0.3759236466081432,0.3701587431418346,0.005764903466308591,False
1697,0.17176102292765721,0.164354244573396,0.0074067783542612065,True
1698,0.4996552604333265,0.49040954670563836,0.00924571372768812,False
1699,0.4865769199498675,0.4851601865824678,0.001416733367399725,False
1700,0.33641502672804785,0.300877447516091,0.03553757921195683,False
1701,0.0,0.0,0.0,True
1702,0.48828508857799574,0.42378881236161814,0.0644962762163776,False
1703,0.39656533876053696,0.3952458669661929,0.0013194717943440515,False
1704,0.5713601070655128,0.3903036677382667,0.18105643932724608,False
1705,0.0,0.0,0.0,True
1706,0.6694736125055932,0.5169542654137608,0.15251934709183246,False
1707,0.5717723268484719,0.5578119045798373,0.013960422268634587,False
1708,0.3719483582476242,0.3696051592580002,0.0023431989896239847,False
1709,0.28677939659884766,0.16753802735476406,0.1192413692440836,False
1710,0.18362513529480873,0.1385732053024985,0.045051929992310225,True
1711,0.5664621637349588,0.4197805763384858,0.14668158739647302,False
1712,0.3342353077724055,0.3199668148404045,0.014268492932000998,False
1713,0.7208169642325177,0.5612867156511822,0.15953024858133558,False
1714,0.0,0.0,0.0,True
1715,0.0,0.002674398742628962,-0.002674398742628962,True
1716,0.7990803197349937,0.7829683889590551,0.016111930775938643,False
1717,0.4145417235280091,0.40260161303694714,0.011940110491061973,False
1718,0.29300141742896507,0.23210333611024403,0.06089808131872104,False
1719,0.24592262958278643,0.2415728692260316,0.004349760356754828,False
1720,0.4012414499470303,0.3156584844788571,0.08558296546817323,False
1721,0.5370707019183202,0.3473816750456984,0.1896890268726218,False
1722,0.0,0.005975970683375425,-0.005975970683375425,True
1723,0.4969775788455499,0.4698867916752289,0.027090787170320985,False
1724,0.8451587634492859,0.8006016910088635,0.044557072440422396,False
1725,0.7559026457515274,0.7418921175004437,0.014010528251083731,False
1726,0.29042830333061226,0.14180474510588398,0.14862355822472828,False
1727,0.0,0.022807293802880553,-0.022807293802880553,True
1728,0.058428241841064696,0.057527557687932655,0.0009006841531320406,True
1729,0.6758918945497592,0.6575074856435499,0.018384408906209293,False
1730,0.4352827938062563,0.42434771015213113,0.010935083654125155,False
1731,0.3497342710416224,0.3417410507224711,0.00799322031915134,False
1732,0.09883559657361868,0.06526962532421417,0.03356597124940451,True
1733,0.785122898931144,0.642425434841972,0.14269746408917194,False
1734,0.45038191859946913,0.43857375060975523,0.011808167989713902,False
1735,0.27414063713503006,0.1428807354555384,0.13125990167949167,False
1736,0.47865053706925154,0.4651326957036293,0.01351784136562223,False
1737,0.5413292852606976,0.3929132440063211,0.14841604125437646,False
1738,0.06671872248882085,0.06751979023316355,-0.0008010677443427011,True
1739,0.0476736684629817,0.04435411381907598,0.003319554643905716,True
1740,0.13966030919478345,0.13537099817889403,0.004289311015889419,True
1741,0.6555202552392964,0.6515403643418125,0.003979890897483851,False
1742,0.6157401303454398,0.6066207912655722,0.009119339079867617,False
1743,0.08450910148012561,0.08490385937773552,-0.00039475789760991253,True
1744,0.0,0.011130996609500862,-0.011130996609500862,True
1745,0.7131612789320468,0.7120656014860843,0.0010956774459625063,False
1746,0.7474780802560321,0.7309464085747792,0.016531671681252913,False
1747,0.14009946845341467,0.13084757421620125,0.009251894237213426,True
1748,0.8806800538870165,0.860697867572618,0.01998218631439852,False
1749,0.5582387383551033,0.5575271631360189,0.0007115752190843816,False
1750,0.3661998034050498,0.34970544102526097,0.01649436237978885,False
1751,0.3905194450999048,0.3432768082977637,0.047242636802141136,False
1752,0.3431162196985872,0.16861000510657315,0.17450621459201404,False
1753,0.35792864871646946,0.3079910451349572,0.04993760358151228,False
1754,0.4152494909803872,0.39773183440070686,0.017517656579680352,False
1755,0.2663716024194162,0.25873832071900843,0.007633281700407779,False
1756,0.20591250642676914,0.12841728803573815,0.07749521839103099,False
1757,0.7218811296941745,0.6820033687309026,0.03987776096327189,False
1758,0.18650617812829806,0.17951382290203705,0.006992355226261016,True
1759,0.14862034558490195,0.14480106316106992,0.003819282423832032,True
1760,0.5010169558322521,0.2914801680842696,0.20953678774798257,False
1761,0.6973024222652574,0.6799298956520023,0.017372526613255057,False
1762,0.3855092979888585,0.2895870962728563,0.09592220171600224,False
1763,0.5849576622106698,0.4970171149205908,0.087940547290079,False
1764,0.39941380388542036,0.3948520967712388,0.004561707114181579,False
1765,0.5037558271665724,0.48846383191652787,0.015291995250044543,False
1766,0.9350821695612979,0.9002881555092705,0.03479401405202731,False
1767,0.0,0.05917166340948039,-0.05917166340948039,True
1768,0.08724995353933737,0.08350928381686254,0.003740669722474832,True
1769,0.17637158077585854,0.17260275301498354,0.0037688277608750043,True
1770,0.058650104162284764,0.05899675060999492,-0.0003466464477101597,True
1771,0.17003371957641558,0.16962824919506464,0.00040547038135094193,True
1772,0.14868414059180377,0.14498798587844938,0.0036961547133543826,True
1773,0.3944798341638085,0.3866415535574786,0.007838280606329906,False
1774,0.08820347871482784,0.050848284224114505,0.03735519449071333,True
1775,0.0,0.0,0.0,True
1776,0.7697762882799823,0.7462937614270265,0.02348252685295582,False
1777,0.06129541574486624,0.05734722347818058,0.003948192266685656,True
1778,0.29649730314354167,0.2865664645984348,0.009930838545106846,False
1779,0.41234472912295694,0.4039145605196496,0.008430168603307364,False
1780,0.38603444634356215,0.3768226435227416,0.00921180282082057,False
1781,0.851584738823358,0.8319848381493148,0.019599900674043158,False
1782,0.0,0.0,0.0,True
1783,0.0,0.0,0.0,True
1784,0.0,0.03944384119702957,-0.03944384119702957,True
1785,0.0,0.0036636534751041416,-0.0036636534751041416,True
1786,0.3608259678764053,0.3465824543863425,0.014243513490062809,False
1787,0.5766080756995013,0.4600555291693793,0.11655254653012204,False
1788,0.7604403243868795,0.7570139243771532,0.0034264000097262715,False
1789,0.36987838585558014,0.14439792047336417,0.22548046538221597,False
1790,0.8346182473462523,0.8269656639944307,0.007652583351821618,False
1791,0.0,0.0,0.0,True
1792,0.0,0.0,0.0,True
1793,0.438881301976541,0.4303417683596495,0.008539533616891526,False
1794,0.24577926063549244,0.2246642086097143,0.021115052025778125,False
1795,0.23246968432154866,0.23242862183800275,4.1062483545906137e-05,False
1796,0.2747673622969843,0.2675752094272968,0.007192152869687496,False
1797,0.5209080333344159,0.42018275585545617,0.10072527747895976,False
1798,0.13872063626774886,0.0860336118455535,0.05268702442219536,True
1799,0.0,0.03977978098687736,-0.03977978098687736,True
1800,0.6195019525527167,0.5938222430864344,0.025679709466282286,False
1801,0.1810958301208287,0.1768629375426583,0.0042328925781703886,True
1802,0.857127977934716,0.7390254112950876,0.11810256663962837,False
1803,0.3293434149812546,0.3259536186991449,0.0033897962821096694,False
1804,0.8157581971400163,0.8022754872231465,0.01348270991686984,False
1805,0.15859993998293737,0.06252439527887983,0.09607554470405753,True
1806,0.0,0.0,0.0,True
1807,0.0,0.0,0.0,True
1808,0.0,0.0,0.0,True
1809,0.1662305280596624,0.14534132599102148,0.020889202068640922,True
1810,0.1598573235920767,0.0908654115214837,0.06899191207059299,True
1811,0.40509239283912923,0.382381723846111,0.022710668993018213,False
1812,0.3746690230169805,0.33707433894555766,0.03759468407142286,False
1813,0.18322049110110353,0.17554394240619567,0.007676548694907859,True
1814,0.8232180120408976,0.7819692178079085,0.041248794232989106,False
1815,0.0,0.0,0.0,True
1816,0.0,0.009024756581996548,-0.009024756581996548,True
1817,0.4717669555542551,0.4608201243426632,0.010946831211591901,False
1818,0.13009592245019627,0.12864029949053482,0.0014556229596614512,True
1819,0.7864633827442419,0.7463895153083453,0.04007386743589658,False
1820,0.19210052757164078,0.14926307144348952,0.04283745612815126,True
1821,0.22023885886932468,0.10118710653233484,0.11905175233698984,False
1822,0.9688661264894599,0.9510952294706102,0.017770897018849707,False
1823,0.6766925100098032,0.6591746056697296,0.01751790434007361,False
1824,0.7864126483957172,0.7606469716760635,0.025765676719653685,False
1825,0.024822665127068533,0.010125444235330692,0.014697220891737842,True
1826,0.5480936508489419,0.5170440978351729,0.031049553013768993,False
1827,0.1312051664320712,0.07053398440133068,0.06067118203074051,True
1828,0.33127735868710984,0.32912359325371027,0.002153765433399568,False
1829,0.03637252033036229,0.02513757938307331,0.011234940947288982,True
1830,0.04480210524186449,0.039652018417317934,0.005150086824546554,True
1831,0.0875481744599923,0.07529462085591121,0.012253553604081091,True
1832,0.2940237667684585,0.24166378012603257,0.052359986642425915,False
1833,0.105031183367359,0.10372733943888103,0.001303843928477974,True
1834,0.19136186413195508,0.17726840719884812,0.014093456933106957,True
1835,0.38496131705879294,0.16394824245774595,0.221013074601047,False
1836,0.2484120469103333,0.10272920742976085,0.14568283948057245,False
1837,0.21015616541803595,0.12389870992845889,0.08625745548957706,False
1838,0.11380716361258934,0.08546883772266403,0.02833832588992531,True
1839,0.3892375851269372,0.3798344998286268,0.009403085298310354,False
1840,0.23313029962953052,0.19168710659156984,0.04144319303796068,False
1841,0.0,0.005887986241679838,-0.005887986241679838,True
1842,0.10615664536349723,0.10379568480958318,0.002360960553914049,True
1843,0.2170453556627198,0.20737245309209326,0.00967290257062653,False
1844,0.6775022869336692,0.507295344913667,0.1702069420200022,False
1845,0.10033450164869097,0.09701102307715787,0.0033234785715331033,True
1846,0.028454197072843006,0.016221733101001515,0.012232463971841492,True
1847,0.4709993477795785,0.4159543531246547,0.05504499465492385,False
1848,0.0,0.04862557313521959,-0.04862557313521959,True
1849,0.696970197944887,0.6950066525093404,0.0019635454355466653,False
1850,0.5319513285719553,0.361014472736448,0.17093685583550727,False
1851,0.47690622725325255,0.46454541528249127,0.012360811970761276,False
1852,0.17858331411502912,0.17666188571818295,0.0019214283968461698,True
1853,0.9673703611365716,0.9621490833563145,0.00522127778025705,False
1854,0.8560174800697528,0.8433584487361189,0.012659031333633886,False
1855,0.6048642463889059,0.5834822229562588,0.021382023432647057,False
1856,0.3279198176859422,0.2561742938623094,0.0717455238236328,False
1857,0.6230119603566295,0.592923412393518,0.030088547963111556,False
1858,0.7071942790662119,0.7012347365101362,0.00595954255607567,False
1859,0.18177074166312523,0.1298620051867239,0.051908736476401346,True
1860,0.737487693722919,0.5882389091714907,0.14924878455142832,False
1861,0.2385004029217945,0.23313740323793397,0.005362999683860531,False
1862,0.5321717294990175,0.41584923689796255,0.11632249260105493,False
1863,0.5442017318467794,0.4497029628527017,0.09449876899407772,False
1864,0.04370848993601261,0.02919316892637945,0.01451532100963316,True
1865,0.15844331874863338,0.15441251201875875,0.004030806729874631,True
1866,0.45002397093663166,0.4059257522122947,0.044098218724336946,False
1867,0.3728096829759384,0.37256958768129517,0.00024009529464324997,False
1868,0.039093885511157035,0.03031023950077272,0.008783646010384314,True
1869,0.22383593705254776,0.21749168193278076,0.006344255119766995,False
1870,0.6871644757906622,0.6865081703834669,0.0006563054071953012,False
1871,0.5848545285113459,0.5722644207076598,0.01259010780368608,False
1872,0.4015901592579017,0.3659640825526561,0.03562607670524559,False
1873,0.7347853359092045,0.730992889807962,0.0037924461012425192,False
1874,0.1329222302035379,0.13134550673467885,0.0015767234688590648,True
1875,0.7734211722862601,0.6174893111051503,0.1559318611811098,False
1876,0.33692880268808556,0.32894523526441694,0.007983567423668625,False
1877,0.49547593035803095,0.4251564635194541,0.07031946683857687,False
1878,0.2450769143979535,0.24397574346592346,0.001101170932030049,False
1879,0.0316051598336731,0.02004662093569587,0.011558538897977227,True
1880,0.0,0.0,0.0,True
1881,0.0,0.0,0.0,True
1882,0.06788806924173929,0.0662702730972791,0.0016177961444601846,True
1883,0.19760927611896864,0.12863282361283107,0.06897645250613757,True
1884,0.22281868105731872,0.08110200680001488,0.14171667425730383,False
1885,0.0,0.00519930683170086,-0.00519930683170086,True
1886,0.6792441128217972,0.6438540177879818,0.035390095033815405,False
1887,0.0,0.0,0.0,True
1888,0.5070514059811833,0.5050893855906284,0.0019620203905548195,False
1889,0.046283973315696156,0.04214853125108634,0.004135442064609814,True
1890,0.08597992147981968,0.08529314551738444,0.0006867759624352432,True
1891,0.17475222963060005,0.16596305006713488,0.008789179563465171,True
1892,0.28251748609493677,0.271602524585479,0.010914961509457755,False
1893,0.16009870180500912,0.15367604427578677,0.006422657529222359,True
1894,0.12653591403531755,0.11918732324361865,0.007348590791698903,True
1895,0.0,0.04273685559529991,-0.04273685559529991,True
1896,0.5146687988773793,0.5038898568706652,0.010778942006714032,False
1897,0.7813129511478444,0.7646636227306405,0.0166493284172039,False
1898,0.0,0.05141807467594517,-0.05141807467594517,True
1899,0.0,0.02447104649893599,-0.02447104649893599,True
1900,0.402406210790886,0.2363904799162101,0.16601573087467592,False
1901,0.0,0.016430483444410383,-0.016430483444410383,True
1902,0.2804318993395953,0.28038701266491994,4.488667467533736e-05,False
1903,0.40722316449809176,0.40014046952681365,0.007082694971278114,False
1904,0.24910630331766268,0.1607417599643194,0.08836454335334329,False
1905,0.6901491336361772,0.6729677390037208,0.017181394632456493,False
1906,0.26899629951085824,0.2644859274046736,0.004510372106184657,False
1907,0.0,0.05607318943293611,-0.05607318943293611,True
1908,0.4844634926259536,0.46958021489529544,0.014883277730658173,False
1909,0.4587160361091507,0.45629007027092344,0.0024259658382272398,False
1910,0.48529302001796093,0.4710811713347193,0.014211848683241657,False
1911,0.0,0.04740163163521086,-0.04740163163521086,True
1912,0.4934806476949944,0.4749041373356881,0.018576510359306297,False
1913,0.686932469243723,0.6710288084154697,0.01590366082825323,False
1914,0.1256862335042974,0.10158886123494808,0.024097372269349313,True
1915,0.43736973829086206,0.3663789962825575,0.07099074200830457,False
1916,0.04079179472171247,0.03452819846777604,0.006263596253936424,True
1917,0.44363319771891196,0.42641963862246085,0.017213559096451114,False
1918,0.9898797186798565,0.9825485207280519,0.007331197951804591,False
1919,0.07924265063274467,0.07824848917423441,0.0009941614585102648,True
1920,0.21860892392063033,0.2147297475331493,0.0038791763874810314,False
1921,0.6309749369063399,0.6177747195521769,0.01320021735416299,False
1922,0.11150270822822116,0.0894607676296985,0.022041940598522658,True
1923,0.7158455601011345,0.5181448281059369,0.19770073199519766,False
1924,0.0,0.00829391581031143,-0.00829391581031143,True
1925,0.10205868651667316,0.07958362827530172,0.022475058241371443,True
1926,0.04226386113382372,0.03730651255206217,0.004957348581761556,True
1927,0.8121882408610168,0.6699369299383261,0.14225131092269072,False
1928,0.16059451800173957,0.11389958124717814,0.046694936754561434,True
1929,0.4303332017428441,0.41723120531736985,0.013101996425474272,False
1930,0.5788910153942247,0.5134886593704419,0.06540235602378286,False
1931,0.7305040309838048,0.7257268579980323,0.004777172985772515,False
1932,0.16231232700215462,0.15073769938272666,0.011574627619427957,True
1933,0.4555221708874978,0.4491166127829148,0.006405558104582987,False
1934,0.08173534425393032,0.0446229751213988,0.03711236913253152,True
1935,0.0,0.0,0.0,True
1936,0.0,0.0,0.0,True
1937,0.0,0.0066122278595624456,-0.0066122278595624456,True
1938,0.0,0.04496024482580567,-0.04496024482580567,True
1939,0.5303487423477151,0.524780250228704,0.005568492119011115,False
1940,0.37476928582873315,0.3456235459047555,0.02914573992397762,False
1941,0.3745444407825766,0.3542347098786524,0.020309730903924184,False
1942,0.1766499118537185,0.17214559358902812,0.004504318264690388,True
1943,0.33762613091033833,0.33700373956284574,0.0006223913474925902,False
1944,0.16719649062204653,0.13871699723988468,0.028479493382161852,True
1945,0.21645819309434783,0.14679580300423492,0.06966239009011291,False
1946,0.0,0.0,0.0,True
1947,0.7584486142822094,0.7470589887183935,0.011389625563815953,False
1948,0.5609303008446468,0.5552319837983217,0.005698317046325063,False
1949,0.20218710223072414,0.13546537665970934,0.0667217255710148,False
1950,0.21235785583109618,0.19927897072094694,0.013078885110149235,False
1951,0.07782959632605198,0.07598714485548946,0.0018424514705625145,True
1952,0.0,0.029571470980036364,-0.029571470980036364,True
1953,0.23297812008294042,0.15316022628846165,0.07981789379447876,False
1954,0.6735721506895666,0.5920874566904741,0.08148469399909242,False
1955,0.3243771925455597,0.3164687103897622,0.00790848215579748,False
1956,0.6054170273989532,0.371986664659078,0.23343036273987522,False
1957,0.6798955855417684,0.6789780754540045,0.000917510087763973,False
1958,0.37765686301100043,0.3767306016691701,0.0009262613418303256,False
1959,0.6057597978324061,0.5868428011288779,0.0189169967035282,False
1960,0.07147755468359329,0.06293447820979162,0.008543076473801675,True
1961,0.08322067156706543,0.08243613089282868,0.00078454067423675,True
1962,0.157712446001347,0.14217533074128583,0.015537115260061185,True
1963,0.0,0.0,0.0,True
1964,0.24615714081048704,0.24405642756099716,0.0021007132494898773,False
1965,0.512907725149488,0.4876192230301181,0.025288502119369893,False
1966,0.5442948077380183,0.5226657388543936,0.021629068883624702,False
1967,0.5732878808442646,0.5556871690645366,0.017600711779727995,False
1968,0.6185884267658751,0.512193504281339,0.10639492248453608,False
1969,0.13750266391713023,0.12895285510194698,0.008549808815183246,True
1970,0.8260860402386562,0.7303494331789452,0.09573660705971099,False
1971,0.30047647694073115,0.28763463753204926,0.012841839408681888,False
1972,0.7018823529029905,0.6963560716794386,0.005526281223551921,False
1973,0.0,0.0,0.0,True
1974,0.3595377240606448,0.3267195095768616,0.03281821448378325,False
1975,0.6720922327068259,0.662894386199609,0.009197846507216889,False
1976,0.5963312697074739,0.580139220072045,0.016192049635428862,False
1977,0.5280776191355431,0.5199655873693372,0.008112031766205896,False
1978,0.2657223318566598,0.2529295025443088,0.012792829312350984,False
1979,0.455657292059009,0.36685699682919815,0.08880029522981087,False
1980,0.1568132668838277,0.09638241758304922,0.060430849300778494,True
1981,0.1292977045071485,0.11293805931573471,0.016359645191413794,True
1982,0.21983730157383788,0.19207088522282684,0.027766416351011042,False
1983,0.7840231409059808,0.7531040139905141,0.03091912691546672,False
1984,0.4286858654534399,0.37147649291955004,0.05720937253388986,False
1985,0.187799497682521,0.18320635404994412,0.004593143632576874,True
1986,0.5822056885418507,0.44029072722693136,0.14191496131491937,False
1987,0.9723772994317084,0.9492957639869025,0.023081535444805845,False
1988,0.18539811570212464,0.18371226313694747,0.0016858525651771705,True
1989,0.12063503848213487,0.11698307756539535,0.0036519609167395273,True
1990,0.5441141287074426,0.538595933338139,0.005518195369303536,False
1991,0.714855900644536,0.6984408663671028,0.016415034277433183,False
1992,0.0,0.042745508468384534,-0.042745508468384534,True
1993,0.6874140017844178,0.6632923422583763,0.024121659526041506,False
1994,0.9427327150896474,0.9029736682758213,0.03975904681382614,False
1995,0.6520312658642706,0.5981353681554425,0.05389589770882808,False
1996,0.6952385847692757,0.5289515778996168,0.16628700686965892,False
1997,0.5010749973033214,0.4809119955433603,0.020163001759961108,False
1998,0.5075123242667782,0.4325693225473415,0.07494300171943669,False
1999,0.24689271173364577,0.23846390070907555,0.008428811024570215,False
2000,0.1684237676729026,0.1583864691473634,0.010037298525539196,True
2001,0.1491648258776168,0.14512192545731875,0.004042900420298062,True
2002,0.04450424805764845,0.02998710105745294,0.014517147000195511,True
2003,0.4019167508148469,0.40158530251217095,0.0003314483026759518,False
2004,0.5952029827696041,0.5905705124302817,0.004632470339322459,False
2005,0.0,0.0,0.0,True
2006,0.0,0.0,0.0,True
2007,0.09834226732189051,0.062038555037009065,0.03630371228488145,True
2008,0.0,0.015694218396363206,-0.015694218396363206,True
2009,0.0,0.03973306322859937,-0.03973306322859937,True
2010,0.9540099523697468,0.9304904201606887,0.023519532209058114,False
2011,0.38378834793529376,0.3768024533944703,0.006985894540823434,False
2012,0.821380486972968,0.8205191375501006,0.000861349422867308,False
2013,0.0,0.02902308159754767,-0.02902308159754767,True
2014,0.4330438530909643,0.4190293912189655,0.01401446187199884,False
2015,0.0,0.019390500395738697,-0.019390500395738697,True
2016,0.448880062114959,0.30929237704342194,0.13958768507153707,False
2017,0.11625259953500328,0.11335430418281714,0.0028982953521861365,True
2018,0.0,0.0,0.0,True
2019,0.21931573286988357,0.20498909878656996,0.01432663408331361,False
2020,0.20712054025682947,0.07414258265692075,0.1329779575999087,False
2021,0.8151939340268249,0.7627111571482343,0.0524827768785906,False
2022,0.4211519923863143,0.27387412116132925,0.14727787122498504,False
2023,0.0,0.00986467943179662,-0.00986467943179662,True
2024,0.0,0.0,0.0,True
2025,0.3257100618197576,0.2879071731408203,0.037802888678937274,False
2026,0.0,0.01963438852188681,-0.01963438852188681,True
2027,0.6009380583160479,0.5383058094305302,0.06263224888551766,False
2028,0.7612618555035812,0.7245813553577365,0.036680500145844674,False
2029,0.06256558371458835,0.06089229723681266,0.001673286477775697,True
2030,0.08216666510463097,0.07522903133078902,0.0069376337738419475,True
2031,0.6664875659975774,0.6530149832526304,0.013472582744947004,False
2032,0.0,0.061011614512642046,-0.061011614512642046,True
2033,0.8176833957941958,0.7562159179263863,0.061467477867809484,False
2034,0.04207962963836503,0.03726530016715792,0.004814329471207107,True
2035,0.3247590468388526,0.15694783555742414,0.16781121128142845,False
2036,0.76805392338247,0.7075452753369805,0.0605086480454895,False
2037,0.4157390335805963,0.3942238156000657,0.021515217980530577,False
2038,0.7477139884443653,0.7027388563465414,0.04497513209782389,False
2039,0.8968044492018039,0.8667189798579729,0.03008546934383105,False
2040,0.21281077861653838,0.21106000397687674,0.0017507746396616397,False
2041,0.39360620467017904,0.38622385557268696,0.00738234909749208,False
2042,0.47307338748192435,0.4703682186514777,0.002705168830446636,False
2043,0.36164542061326127,0.35155250213756684,0.010092918475694435,False
2044,0.7269169789689869,0.5780052838494374,0.1489116951195495,False
2045,0.31254892458576244,0.15954499495851854,0.1530039296272439,False
2046,0.5467790214032837,0.3727807205755659,0.17399830082771783,False
2047,0.17914618267870666,0.12698326531020548,0.05216291736850118,True
2048,0.4287997805518976,0.3720549265428079,0.056744854009089685,False
2049,0.9767204134670073,0.9645238870513975,0.012196526415609865,False
2050,0.0,0.0,0.0,True
2051,0.05706303628761456,0.05599890163390717,0.001064134653707395,True
2052,0.0,0.0,0.0,True
2053,0.2168914191599207,0.21366552293259236,0.0032258962273283287,False
2054,0.23617822849941988,0.16382520206419102,0.07235302643522887,False
2055,0.0,0.0,0.0,True
2056,0.7157962963127318,0.7002422234577066,0.015554072855025192,False
2057,0.03261705327083462,0.022499858617126976,0.010117194653707643,True
2058,0.16181842569604804,0.07359228980570316,0.08822613589034488,True
2059,0.1438467781166179,0.0726739664220623,0.0711728116945556,True
2060,0.25542763995904993,0.25285956507009766,0.0025680748889522764,False
2061,0.09945124239354422,0.09621058906783028,0.003240653325713938,True
2062,0.7638606070319884,0.7335392274303567,0.030321379601631726,False
2063,0.814758688525923,0.8037219811367814,0.011036707389141642,False
2064,0.36985232683695196,0.22306759131264442,0.14678473552430754,False
2065,0.8102023312697805,0.7849901064299238,0.025212224839856634,False
2066,0.0,0.005841582989875421,-0.005841582989875421,True
2067,0.0,0.0,0.0,True
2068,0.36242653314948114,0.22793922843884867,0.13448730471063247,False
2069,0.21638647229886673,0.21430476259089756,0.0020817097079691704,False
2070,0.0,0.023983097807342688,-0.023983097807342688,True
2071,0.27550164252010156,0.1313545402544806,0.14414710226562097,False
2072,0.0,0.0,0.0,True
2073,0.24920777015121395,0.24003640176206906,0.009171368389144896,False
2074,0.8259680183012352,0.6944562815102523,0.13151173679098294,False
2075,0.9769607039413392,0.9697353134183672,0.007225390522971997,False
2076,0.3544792201929066,0.35183845579969464,0.0026407643932119806,False
2077,0.12488414290453197,0.11405921349992051,0.010824929404611452,True
2078,0.0,0.05958069210776656,-0.05958069210776656,True
2079,0.7888051062923914,0.6704649660160706,0.11834014027632078,False
2080,0.1005907631708044,0.08521545090578839,0.015375312265016011,True
2081,0.2212672454350387,0.1639132343687213,0.057354011066317406,False
2082,0.5072877190731273,0.3884345092669152,0.11885320980621211,False
2083,0.8052979115604464,0.7218990169704929,0.08339889458995353,False
2084,0.25244727637014275,0.2184056063307813,0.034041670039361455,False
2085,0.0,0.0,0.0,True
2086,0.05624648958886424,0.050520239149566055,0.005726250439298183,True
2087,0.11847810578618011,0.11620402355902915,0.0022740822271509614,True
2088,0.09535425553218702,0.09341589265917379,0.0019383628730132302,True
2089,0.44635702266524474,0.2768864935616766,0.16947052910356813,False
2090,0.5372037825944944,0.5226914907977572,0.014512291796737187,False
2091,0.0,0.0027535262067921156,-0.0027535262067921156,True
2092,0.40791546995086314,0.20566363442330296,0.20225183552756018,False
2093,0.3047786747753399,0.28830031390605343,0.016478360869286446,False
2094,0.15275278213574306,0.06213055379951075,0.09062222833623232,True
2095,0.0,0.0,0.0,True
2096,0.5317043295990393,0.5186991853232954,0.013005144275743952,False
2097,0.5635844906777268,0.55268807470673,0.010896415970996776,False
2098,0.32718132555598917,0.322284316416874,0.0048970091391151715,False
2099,0.806931947604965,0.8033077581008305,0.0036241895041344563,False
2100,0.0,0.012097659049578482,-0.012097659049578482,True
2101,0.24543877317292287,0.12156713236997181,0.12387164080295106,False
2102,0.5062956451321725,0.3379987442673878,0.16829690086478472,False
2103,0.0,0.008250148453962805,-0.008250148453962805,True
2104,0.6229256276559982,0.619932984011529,0.0029926436444692728,False
2105,0.8559395097969186,0.8404630717825881,0.015476438014330518,False
2106,0.2743811468167615,0.268802847293394,0.005578299523367525,False
2107,0.9312695865206307,0.8782104580092195,0.05305912851141126,False
2108,0.0,0.05445617063517358,-0.05445617063517358,True
2109,0.5933920930703408,0.5852536545891314,0.008138438481209431,False
2110,0.2523132796545507,0.2439569368418594,0.008356342812691292,False
2111,0.3878610967596748,0.30580063837144733,0.08206045838822745,False
2112,0.3094126967003853,0.2916555516020353,0.01775714509834997,False
2113,0.43130028742635346,0.2672598732725107,0.16404041415384274,False
2114,0.3604777413535434,0.3551433839879008,0.0053343573656425836,False
2115,0.4808948270536218,0.3702512204807956,0.11064360657282618,False
2116,0.1641652083419157,0.06692659383737036,0.09723861450454534,True
2117,0.14712990181581698,0.14251936512954136,0.004610536686275618,True
2118,0.37087306001927517,0.30238961717427837,0.0684834428449968,False
2119,0.818360674360482,0.7906691927232495,0.02769148163723245,False
2120,0.43914008879243527,0.40605855934017104,0.033081529452264224,False
2121,0.0762705025211479,0.059476878631304714,0.016793623889843193,True
2122,0.6286868041146402,0.43355910207317994,0.19512770204146024,False
2123,0.05009068094518835,0.04505698114165603,0.00503369980353232,True
2124,0.12442920315319154,0.12276102536791446,0.0016681777852770863,True
2125,0.0,0.0564840270381784,-0.0564840270381784,True
2126,0.4665594332917637,0.23734020519527302,0.22921922809649067,False
2127,0.0488555327234166,0.04667822866258586,0.0021773040608307342,True
2128,0.03537400354717462,0.026980434030264455,0.008393569516910164,True
2129,0.0,0.08467754238523141,-0.08467754238523141,True
2130,0.0,0.016075537678953974,-0.016075537678953974,True
2131,0.6877550095776768,0.6726464478092165,0.015108561768460316,False
2132,0.06197032500135573,0.04660473033002586,0.01536559467132987,True
2133,0.14302159863807382,0.1416861680860159,0.0013354305520579257,True
2134,0.050196566460233696,0.04732136557348176,0.002875200886751937,True
2135,0.6379733859870145,0.4613552914864858,0.17661809450052868,False
2136,0.14343934673127337,0.13878939216583738,0.0046499545654359875,True
2137,0.6554641328209345,0.6358241061667207,0.019640026654213827,False
2138,0.4204632706661472,0.4089485851325159,0.011514685533631275,False
2139,0.6646825718251514,0.563726138770855,0.10095643305429647,False
2140,0.5262512195814573,0.44667569216468833,0.07957552741676893,False
2141,0.10230067148752899,0.10106983715264796,0.0012308343348810258,True
2142,0.28075217522034696,0.2718878340754093,0.00886434114493767,False
2143,0.2042037690456939,0.1992970883527366,0.004906680692957299,False
2144,0.0,0.008319164839235907,-0.008319164839235907,True
2145,0.6266149653920348,0.4639999386664853,0.16261502672554945,False
2146,0.0,0.0,0.0,True
2147,0.0,0.03015749147973047,-0.03015749147973047,True
2148,0.0,0.0012053409971704884,-0.0012053409971704884,True
2149,0.6728622404995498,0.4789873085976076,0.19387493190194222,False
2150,0.0,0.0,0.0,True
2151,0.26542956815266777,0.25699104551748747,0.008438522635180301,False
2152,0.8087578440118652,0.7097993088723442,0.09895853513952102,False
2153,0.06367973912598827,0.06327078320174206,0.00040895592424620986,True
2154,0.8129600826954935,0.7919770173137001,0.020983065381793398,False
2155,0.3084852881888037,0.25399953901154815,0.05448574917725557,False
2156,0.6709388853071697,0.6275848270826169,0.04335405822455285,False
2157,0.6937641058582247,0.6747119323771607,0.019052173481064028,False
2158,0.9664893961767659,0.9376290160985605,0.02886038007820535,False
2159,0.2116921972153438,0.20603065129454556,0.005661545920798233,False
2160,0.045385546696225125,0.04135842377407576,0.004027122922149365,True
2161,0.8096489390043983,0.7858078290141254,0.02384110999027289,False
2162,0.0,0.004771949288530264,-0.004771949288530264,True
2163,0.15390997590388447,0.11995405187131283,0.03395592403257164,True
2164,0.8746741402671382,0.8439086783164069,0.030765461950731265,False
2165,0.06707480952285366,0.06769540681989408,-0.0006205972970404205,True
2166,0.8583031477370349,0.8428132711622954,0.015489876574739436,False
2167,0.4096724165630572,0.2632940489530318,0.14637836761002537,False
2168,0.037301509528049774,0.029566027933258247,0.0077354815947915274,True
2169,0.0434290866347791,0.03577789056474521,0.007651196070033894,True
2170,0.5339817627294388,0.5095611749404363,0.024420587789002468,False
2171,0.24721817084419803,0.2437939869300858,0.0034241839141122277,False
2172,0.1497084902895534,0.14601984031093665,0.0036886499786167593,True
2173,0.07656817581164992,0.07616437041078832,0.000403805400861601,True
2174,0.2911339595918813,0.2782348138777534,0.012899145714127924,False
2175,0.8965651644368915,0.8106147463725369,0.08595041806435455,False
2176,0.9587159391834288,0.9511589719185815,0.007556967264847336,False
2177,0.3253866407312703,0.319078308277502,0.006308332453768328,False
2178,0.8086102084372694,0.7887261892177581,0.01988401921951133,False
2179,0.06376468729138705,0.06276243968137375,0.0010022476100133015,True
2180,0.0,0.02106661870050847,-0.02106661870050847,True
2181,0.3724946450817956,0.24511697544789737,0.1273776696338982,False
2182,0.31057442246499256,0.29397657258050935,0.016597849884483207,False
2183,0.23227951539566002,0.2254249773575725,0.0068545380380875265,False
2184,0.7970406002644941,0.7680727334715516,0.028967866792942498,False
2185,0.11288119717125741,0.08280929655988446,0.03007190061137295,True
2186,0.0,0.0,0.0,True
2187,0.5363811153100396,0.3176815128677715,0.2186996024422681,False
2188,0.0,0.003648906944445173,-0.003648906944445173,True
2189,0.5880580807600863,0.5690701246827455,0.018987956077340717,False
2190,0.3190824982515189,0.31032046551006387,0.00876203274145504,False
2191,0.8232805717986862,0.7825862464231883,0.040694325375497886,False
2192,0.5508631620704574,0.3893146406140432,0.16154852145641418,False
2193,0.6660289363537035,0.5941880962399434,0.07184084011376013,False
2194,0.13400432515952285,0.11436001738417521,0.019644307775347633,True
2195,0.6253649855665816,0.6223738818856126,0.0029911036809689984,False
2196,0.8030685635050814,0.6888836402113006,0.11418492329378083,False
2197,0.21587208405727246,0.2048591844168297,0.011012899640442747,False
2198,0.5023441217662886,0.4781534349965756,0.024190686769713032,False
2199,0.0,0.08519382869583103,-0.08519382869583103,True
2200,0.20303645588552663,0.1667172306080378,0.03631922527748882,False
2201,0.2445677807139668,0.23183009197659013,0.012737688737376657,False
2202,0.637494523118679,0.4753448497139882,0.16214967340469083,False
2203,0.09681900802932783,0.0955509018995036,0.0012681061298242258,True
2204,0.0,0.05101438926627026,-0.05101438926627026,True
2205,0.7618939284154667,0.7071930125862541,0.05470091582921255,False
2206,0.5611376995490348,0.5441088547724131,0.0170288447766217,False
2207,0.0,0.003303939050058367,-0.003303939050058367,True
2208,0.8406724181418787,0.8354253656904754,0.005247052451403222,False
2209,0.0,0.08493949131295665,-0.08493949131295665,True
2210,0.33528121682714956,0.1585963372321006,0.17668487959504897,False
2211,0.0,0.0,0.0,True
2212,0.045327276571213514,0.040913263136155224,0.004414013435058289,True
2213,0.0,0.0001903690779573834,-0.0001903690779573834,True
2214,0.06341315765057078,0.06316486060856623,0.00024829704200454716,True
2215,0.37030494698326105,0.3040722395585883,0.06623270742467274,False
2216,0.4756433593137109,0.4728847885078167,0.0027585708058942005,False
2217,0.09806979748888808,0.052496675934078134,0.04557312155480995,True
2218,0.0,0.0,0.0,True
2219,0.4958625807197469,0.493801286545434,0.0020612941743129443,False
2220,0.14948883008848032,0.13561031334363005,0.013878516744850272,True
2221,0.4712753530521718,0.46117287710454946,0.010102475947622314,False
2222,0.0,0.02245209205449564,-0.02245209205449564,True
2223,0.12821656821115443,0.127563221433489,0.0006533467776654311,True
2224,0.9215006243469509,0.8621794801252203,0.059321144221730626,False
2225,0.16508860272708875,0.153017772701356,0.012070830025732754,True
2226,0.0,0.03508672350176556,-0.03508672350176556,True
2227,0.0,0.0,0.0,True
2228,0.34227725405806225,0.3389593654262033,0.003317888631858945,False
2229,0.7923600293613121,0.6336164732577199,0.15874355610359225,False
2230,0.0,0.0,0.0,True
2231,0.2206139868516635,0.20047265319764404,0.02014133365401946,False
2232,0.8690607359130517,0.7549956454306082,0.11406509048244351,False
2233,0.13034421406638155,0.12693522795017295,0.003408986116208601,True
2234,0.7683652798514958,0.7486160843005827,0.019749195550913146,False
2235,0.22999248019146873,0.07887667221260541,0.15111580797886331,False
2236,0.45739547883702936,0.40738090039136204,0.05001457844566731,False
2237,0.10955682169146745,0.10442800168644119,0.005128820005026263,True
2238,0.6104532988117501,0.48331515465954294,0.1271381441522072,False
2239,0.8121940272299113,0.8063991095508646,0.005794917679046718,False
2240,0.7848533716535944,0.7616880354632349,0.02316533619035943,False
2241,0.5125527851364444,0.5039158498756678,0.00863693526077658,False
2242,0.11062080124996385,0.1108305266228251,-0.0002097253728612497,True
2243,0.6563174036568622,0.6373215700037156,0.01899583365314661,False
2244,0.5969697004209968,0.3933543736891892,0.20361532673180766,False
2245,0.7982954919207558,0.7499871377383204,0.0483083541824354,False
2246,0.03237904784248118,0.02263212821691831,0.009746919625562872,True
2247,0.0,0.0,0.0,True
2248,0.16565847244156406,0.16141925762704581,0.0042392148145182496,True
2249,0.27818974639554267,0.26696888605257896,0.011220860342963712,False
2250,0.04740608849132136,0.04406595355670622,0.003340134934615137,True
2251,0.5171217012614648,0.47811181616631826,0.03900988509514658,False
2252,0.07502162997516819,0.07486818308401401,0.00015344689115417975,True
2253,0.8301907080050525,0.7191309941547179,0.11105971385033453,False
2254,0.6751420440067429,0.6153504741502395,0.05979156985650347,False
2255,0.9495877492593898,0.9155344611325039,0.034053288126885906,False
2256,0.9594328478593137,0.9358349406165537,0.023597907242760008,False
2257,0.46448946368090344,0.4037781092436688,0.06071135443723463,False
2258,0.9129391740076832,0.906273956971161,0.006665217036522231,False
2259,0.3484497303010927,0.34036806977173467,0.008081660529358048,False
2260,0.6678506000527047,0.6387804210361753,0.02907017901652942,False
2261,0.8445682979536554,0.8240011215529844,0.02056717640067096,False
2262,0.729506983745566,0.711726346118079,0.01778063762748705,False
2263,0.0,0.0,0.0,True
2264,0.7976152508168749,0.7970007986844168,0.0006144521324581431,False
2265,0.08358613323973821,0.08376394000472277,-0.00017780676498456438,True
2266,0.2465082075730415,0.2462584006896738,0.0002498068833677036,False
2267,0.4994640631141655,0.49646949847239263,0.00299456464177289,False
2268,0.07518807454589636,0.07437676141574544,0.0008113131301509258,True
2269,0.6610832349352614,0.593696096011902,0.06738713892335946,False
2270,0.0,0.0,0.0,True
2271,0.33950189803925207,0.3293112007408112,0.010190697298440854,False
2272,0.10104579561128423,0.06924486844084708,0.03180092717043714,True
2273,0.6135646316826767,0.5453379694789884,0.06822666220368834,False
2274,0.5593415054071533,0.5522199791580652,0.007121526249088128,False
2275,0.0,0.0,0.0,True
2276,0.0,0.0005825022221604886,-0.0005825022221604886,True
2277,0.8265389789694726,0.7983248041791373,0.028214174790335278,False
2278,0.27929046288108705,0.27445097067976426,0.0048394922013227926,False
2279,0.9076002803948734,0.902200950677038,0.0053993297178354105,False
2280,0.0,0.002043328119674839,-0.002043328119674839,True
2281,0.41884146857751725,0.34702387420184483,0.07181759437567242,False
2282,0.0,0.007491911288049078,-0.007491911288049078,True
2283,0.3927435781569491,0.3922368922479563,0.0005066859089927767,False
2284,0.7369060324712341,0.722736234549823,0.014169797921411043,False
2285,0.025068949833969588,0.010477080281034525,0.014591869552935063,True
2286,0.732738445120213,0.7262962389886385,0.006442206131574535,False
2287,0.8818882841410229,0.8605493674040594,0.02133891673696353,False
2288,0.47055272843234364,0.31018824192515726,0.16036448650718638,False
2289,0.049262977034954136,0.04391254036350493,0.005350436671449209,True
2290,0.0,0.006397336848196575,-0.006397336848196575,True
2291,0.7078468305115405,0.6887022430258821,0.019144587485658393,False
2292,0.8329056380846822,0.8330016042560988,-9.596617141660602e-05,False
2293,0.0,0.043714472633024914,-0.043714472633024914,True
2294,0.8401070162043298,0.7956826630225595,0.04442435318177029,False
2295,0.036099694655550026,0.028142573765041038,0.007957120890508988,True
2296,0.40310321706379737,0.35757743633753913,0.045525780726258236,False
2297,0.37225651463879783,0.30760182327232855,0.06465469136646929,False
2298,0.5295398230803012,0.4126216512356139,0.11691817184468734,False
2299,0.19309968500064875,0.188696487270872,0.004403197729776764,True
2300,0.0,0.0,0.0,True
2301,0.0,0.05362280382286413,-0.05362280382286413,True
2302,0.4498775838049782,0.4405932331131462,0.009284350691832033,False
2303,0.14423841159318487,0.1407020940841616,0.003536317509023279,True
2304,0.6848078310981297,0.5815733476193713,0.10323448347875841,False
2305,0.4674562851730194,0.41395650852713817,0.053499776645881236,False
2306,0.5491355656301679,0.3685482552031647,0.18058731042700316,False
2307,0.9094365016004456,0.887338148945249,0.022098352655196662,False
2308,0.0,0.04759458853982754,-0.04759458853982754,True
2309,0.04588627926050832,0.042755706982113846,0.0031305722783944723,True
2310,0.8273222906700051,0.6944382892628506,0.1328840014071545,False
2311,0.3944722652079539,0.2270233511211582,0.1674489140867957,False
2312,0.11045204096590572,0.08639857616735808,0.02405346479854764,True
2313,0.0,0.0,0.0,True
2314,0.933835342110894,0.9310165882175644,0.0028187538933296397,False
2315,0.7271458868375303,0.7123295547580185,0.01481633207951183,False
2316,0.0,0.0,0.0,True
2317,0.1309961585219598,0.10671393076719526,0.024282227754764546,True
2318,0.5890204360409235,0.46559677506365266,0.12342366097727081,False
2319,0.48689322490690157,0.4843242821922489,0.002568942714652689,False
2320,0.2455363488190546,0.24449729595661965,0.0010390528624349415,False
2321,0.7345388080850359,0.7017107603055768,0.032828047779459135,False
2322,0.5746592132033788,0.5681352413176505,0.006523971885728286,False
2323,0.8386779780677661,0.8031273771839647,0.035550600883801464,False
2324,0.24026075151631004,0.23712397714833783,0.003136774367972217,False
2325,0.20344572901385016,0.19867355480795357,0.0047721742058965955,False
2326,0.35927727385896824,0.23702293991496584,0.1222543339440024,False
2327,0.19387033926432953,0.18810300581776712,0.0057673334465624115,True
2328,0.04254680762949746,0.03450170371920571,0.00804510391029175,True
2329,0.5818770233934152,0.39656121521528415,0.18531580817813104,False
2330,0.07020299976607253,0.054313877921616766,0.01588912184445576,True
2331,0.30710979555781953,0.29968085457278826,0.007428940985031274,False
2332,0.22456024662869936,0.17800262158656047,0.046557625042138895,False
2333,0.7425118927981192,0.7258096630086875,0.0167022297894317,False
2334,0.2899356152304189,0.19379339411545995,0.09614222111495893,False
2335,0.6019803001504569,0.5929530261821876,0.0090272739682693,False
2336,0.12081301510268327,0.08187572629533303,0.03893728880735024,True
2337,0.4217199202169698,0.30988580031984264,0.11183411989712716,False
2338,0.5630235420627611,0.4131140528200548,0.14990948924270625,False
2339,0.9742345721172615,0.9679345707926823,0.006300001324579196,False
2340,0.0,0.06842983662612162,-0.06842983662612162,True
2341,0.8821710580814529,0.832879892716686,0.049291165364766854,False
2342,0.0882944934046333,0.08602959041418771,0.002264902990445586,True
2343,0.08506414383867957,0.0839318069259061,0.0011323369127734656,True
2344,0.8650604686656512,0.8174524249617756,0.04760804370387561,False
2345,0.6003915833718885,0.5307487951137108,0.06964278825817771,False
2346,0.5530562446603594,0.5441034656450195,0.008952779015339862,False
2347,0.7364395250477076,0.7253771383721647,0.011062386675542935,False
2348,0.06435668764274399,0.06319406254917855,0.0011626250935654475,True
2349,0.7883500303948541,0.7873729959877946,0.0009770344070594295,False
2350,0.26213632003750015,0.2584643316673801,0.0036719883701200606,False
2351,0.050613164151854406,0.047589259110688044,0.0030239050411663623,True
2352,0.3850381699631687,0.3749419440613016,0.010096225901867095,False
2353,0.6700611923283054,0.6614318028170423,0.00862938951126313,False
2354,0.9150823505092314,0.9048059525209781,0.010276397988253305,False
2355,0.48125447990374043,0.3906498851809537,0.0906045947227867,False
2356,0.03678434113336689,0.0237363068585483,0.013048034274818592,True
2357,0.041280685244657146,0.03404754270623429,0.007233142538422853,True
2358,0.9955843631781948,0.9934095136084693,0.0021748495697254677,False
2359,0.3713576706388385,0.36643729768357136,0.004920372955267149,False
2360,0.10147877253139864,0.07538936488100977,0.026089407650388877,True
2361,0.963636698877647,0.9325965463905317,0.031040152487115336,False
2362,0.7759049190287163,0.62225948109756,0.15364543793115626,False
2363,0.3225553276406762,0.3188715255825717,0.0036838020581044795,False
2364,0.5646480793456533,0.5204143647894725,0.04423371455618086,False
2365,0.9676898589471733,0.9402920778843393,0.02739778106283397,False
2366,0.18427109943265488,0.15695724425208812,0.027313855180566754,True
2367,0.7383398401457786,0.703164516876584,0.03517532326919459,False
2368,0.0,0.028863167260017444,-0.028863167260017444,True
2369,0.6293501636468603,0.6158679803168507,0.0134821833300095,False
2370,0.3240394213183528,0.2114146837129266,0.11262473760542618,False
2371,0.5118270383110897,0.5008514999758291,0.010975538335260548,False
2372,0.7317345499985319,0.6981358762259355,0.0335986737725964,False
2373,0.32868851491688716,0.19837094710706046,0.1303175678098267,False
2374,0.13725051283045578,0.13422278404877666,0.0030277287816791176,True
2375,0.8372492915581088,0.8300662775866009,0.00718301397150789,False
2376,0.1222383238714055,0.1170300175958038,0.005208306275601704,True
2377,0.24473629423554416,0.07721711437800885,0.1675191798575353,False
2378,0.8601515822071405,0.7751956461780353,0.08495593602910523,False
2379,0.9523154460454025,0.9462954153009773,0.006020030744425253,False
2380,0.0,0.0039452349724811925,-0.0039452349724811925,True
2381,0.41742264523896355,0.4033850785971808,0.01403756664178274,False
2382,0.0,0.01309268301689159,-0.01309268301689159,True
2383,0.17763777957351867,0.07410736014456504,0.10353041942895364,True
2384,0.564241828922102,0.5339691995539032,0.030272629368198745,False
2385,0.2917010978498167,0.28444913533178545,0.00725196251803123,False
2386,0.42979975747106636,0.2728973613169736,0.15690239615409274,False
2387,0.08292095893123487,0.07980978678975781,0.0031111721414770616,True
2388,0.7951465434797933,0.6457540055720977,0.14939253790769558,False
2389,0.31668171375214843,0.20707526284992442,0.10960645090222401,False
2390,0.3039907507860859,0.22660415364754416,0.07738659713854174,False
2391,0.6479658373881172,0.6217346657799959,0.026231171608121273,False
2392,0.6814689828593694,0.6610936330904134,0.020375349768956053,False
2393,0.3049146005174362,0.3021711621673589,0.0027434383500772874,False
2394,0.0,0.013943105996775694,-0.013943105996775694,True
2395,0.2555570862088865,0.2516488744510002,0.003908211757886304,False
2396,0.39708549218213435,0.3093331210839344,0.08775237109819994,False
2397,0.0,0.015692867283443105,-0.015692867283443105,True
2398,0.20648871230539206,0.1826088603269546,0.023879851978437477,False
2399,0.0,0.0,0.0,True
2400,0.585703523377525,0.4108648042331142,0.17483871914441074,False
2401,0.2671017140858588,0.2611861464852907,0.005915567600568106,False
2402,0.0,0.0,0.0,True
2403,0.40567521941213514,0.2807589444134046,0.12491627499873054,False
2404,0.20152101228433877,0.1918571330771033,0.009663879207235465,False
2405,0.052886483745267755,0.051210462362027684,0.0016760213832400714,True
2406,0.7420864976994984,0.6426322005464272,0.09945429715307119,False
2407,0.39550698866431006,0.38718981655689433,0.008317172107415727,False
2408,0.3567996398766686,0.3396181515673661,0.017181488309302495,False
2409,0.3934497233912259,0.38198699916435525,0.011462724226870669,False
2410,0.38707653931112757,0.15294678565344813,0.23412975365767943,False
2411,0.10091731986994834,0.09785248408512594,0.0030648357848224034,True
2412,0.02226401450492673,0.005761631319449092,0.01650238318547764,True
2413,0.0,0.059343031172344525,-0.059343031172344525,True
2414,0.5341761361340525,0.5276828242761396,0.006493311857912909,False
2415,0.6617511995629277,0.6580782667199883,0.003672932842939458,False
2416,0.9343369184399614,0.9098279536873032,0.02450896475265818,False
2417,0.08375853972935082,0.059831707442471245,0.023926832286879578,True
2418,0.7719019466354011,0.6112236808752919,0.16067826576010924,False
2419,0.973536612834517,0.9617082546017498,0.011828358232767178,False
2420,0.7589538745342308,0.6255939289586302,0.1333599455756006,False
2421,0.19103645186017545,0.18448668673711677,0.006549765123058687,True
2422,0.05344402414969196,0.05176890210062286,0.0016751220490690971,True
2423,0.5078873826270369,0.42636053001676244,0.08152685261027448,False
2424,0.5003677254732003,0.48912699233927803,0.011240733133922265,False
2425,0.9160897125379762,0.8469520360904632,0.06913767644751301,False
2426,0.29510236939898377,0.27755470273278504,0.017547666666198725,False
2427,0.4028680145960981,0.25035506455961076,0.15251295003648735,False
2428,0.03570968175374354,0.027069906413519418,0.008639775340224122,True
2429,0.3015792654356594,0.21107587410411793,0.09050339133154145,False
2430,0.12785356986458532,0.12246563064812478,0.005387939216460538,True
2431,0.048028651337369374,0.04347269320411112,0.0045559581332582574,True
2432,0.07474123117686461,0.07064595287397964,0.004095278302884975,True
2433,0.0,0.00035780663659491026,-0.00035780663659491026,True
2434,0.7032009602133537,0.6795711636954421,0.023629796517911528,False
2435,0.8530033627925838,0.8471396398406064,0.005863722951977457,False
2436,0.5738882441555276,0.529445802067066,0.0444424420884616,False
2437,0.633072381305593,0.47336193398441656,0.1597104473211764,False
2438,0.5152820679764043,0.45288501306621864,0.062397054910185656,False
2439,0.4672336586628863,0.4395578063197755,0.02767585234311082,False
2440,0.488759999518549,0.422929658379532,0.06583034113901698,False
2441,0.07023818532484932,0.06810723969504998,0.0021309456297993468,True
2442,0.30147338363960924,0.2796872045824365,0.021786179057172728,False
2443,0.5862196811829751,0.41840138313701797,0.1678182980459571,False
2444,0.0,0.00934220293274506,-0.00934220293274506,True
2445,0.4168490503923036,0.32924597149515344,0.08760307889715013,False
2446,0.09149466734620358,0.08632733676650438,0.005167330579699203,True
2447,0.03394080701625681,0.025156584143019203,0.008784222873237608,True
2448,0.3765631653853447,0.31428177875875984,0.062281386626584834,False
2449,0.0,0.0031638883640382055,-0.0031638883640382055,True
2450,0.8551751963536945,0.8357490310149341,0.019426165338760404,False
2451,0.48578262511616394,0.48551541116096714,0.0002672139551967989,False
2452,0.45499408587815365,0.44381525603736194,0.011178829840791715,False
2453,0.6520138725077621,0.48364959393071755,0.16836427857704456,False
2454,0.3032995829314888,0.29587785583087556,0.007421727100613229,False
2455,0.0,0.0,0.0,True
2456,0.5907109886140864,0.4345241447291032,0.15618684388498322,False
2457,0.21103272142201868,0.2073443844246864,0.0036883369973322866,False
2458,0.1850419298322736,0.08588299342713873,0.09915893640513487,True
2459,0.9265257360911385,0.9036786313051486,0.022847104785989947,False
2460,0.36261362837105043,0.3242310656820152,0.03838256268903523,False
2461,0.9469265024912021,0.9347579065193686,0.012168595971833507,False
2462,0.7152566730659732,0.6837881990698499,0.03146847399612329,False
2463,0.8513464994145558,0.8299341808030135,0.021412318611542247,False
2464,0.8127214019075146,0.7953606659619867,0.017360735945527894,False
2465,0.03876181282830033,0.030781106343906114,0.007980706484394216,True
2466,0.0,0.0,0.0,True
2467,0.04454886921105786,0.03981559633946455,0.004733272871593308,True
2468,0.5633423685065394,0.3265191764571214,0.23682319204941799,False
2469,0.045964014777834655,0.0426466035042662,0.003317411273568452,True
2470,0.0,0.0,0.0,True
2471,0.10806398758427674,0.10422378677489112,0.003840200809385616,True
2472,0.0,0.013141703266162336,-0.013141703266162336,True
2473,0.13056787663192831,0.13047492814088021,9.294849104810043e-05,True
2474,0.35748173870881494,0.346823667909254,0.010658070799560937,False
2475,0.5839326876940031,0.5654191862265143,0.018513501467488758,False
2476,0.2538097118272295,0.08897241213174385,0.16483729969548566,False
2477,0.7781980528217246,0.6216000785400798,0.1565979742816448,False
2478,0.09996451552550199,0.09937332447228657,0.000591191053215423,True
2479,0.6855199111425961,0.6683962760649591,0.017123635077637034,False
2480,0.2050839863874002,0.10439800066333241,0.10068598572406778,False
2481,0.34588297363436443,0.3351183311405053,0.010764642493859111,False
2482,0.16975997736916848,0.16808709492324003,0.0016728824459284475,True
2483,0.2612875299084649,0.25981053952000677,0.0014769903884581104,False
2484,0.19681519410221537,0.19215665273792215,0.004658541364293223,True
2485,0.0,0.0,0.0,True
2486,0.28607009628961816,0.2547918443786965,0.03127825191092165,False
2487,0.1403380949948319,0.08974923844838836,0.050588856546443545,True
2488,0.2714089349852725,0.26532810886915115,0.006080826116121374,False
2489,0.027226021318749762,0.014088663119107605,0.013137358199642157,True
2490,0.531497064557141,0.5209838388653839,0.010513225691757055,False
2491,0.45054109165613376,0.4368461314328879,0.013694960223245844,False
2492,0.9690812366513728,0.9652470063899027,0.0038342302614701174,False
2493,0.9907784099273741,0.9874067332307312,0.0033716766966428446,False
2494,0.5376475222984713,0.5299161173544007,0.007731404944070652,False
2495,0.8509820747091819,0.8129629052363381,0.03801916947284378,False
2496,0.6746351345069401,0.6492346091147614,0.02540052539217874,False
2497,0.21903556602901758,0.20483862079796203,0.014196945231055552,False
2498,0.218238168050796,0.12329892933681946,0.09493923871397653,False
2499,0.35295718520265357,0.30281299052949334,0.050144194673160225,False
2500,0.8041222528483296,0.7190044108139363,0.08511784203439332,False
2501,0.9584838265491448,0.9434679987898469,0.015015827759297884,False
2502,0.3402410120290434,0.2645186048301032,0.07572240719894019,False
2503,0.45729130226878895,0.4448240017397189,0.012467300529070025,False
2504,0.9814423406696566,0.9804673653345595,0.0009749753350971613,False
2505,0.11482833285278811,0.09146917592882513,0.02335915692396298,True
2506,0.9533156649561959,0.9227635237990348,0.030552141157161095,False
2507,0.15608220173527387,0.14650975816703282,0.009572443568241051,True
2508,0.19743544785345568,0.09250185488084435,0.10493359297261133,True
2509,0.0,0.0662339571378422,-0.0662339571378422,True
2510,0.0,0.0017363620361684794,-0.0017363620361684794,True
2511,0.302205392233762,0.2985156971896038,0.0036896950441582255,False
2512,0.2778087845137382,0.19512360633872636,0.08268517817501184,False
2513,0.29844408118577226,0.2889262360464434,0.009517845139328851,False
2514,0.6407023213833661,0.5916324287565493,0.049069892626816825,False
2515,0.0,0.0,0.0,True
2516,0.051650967199562775,0.04991859535613649,0.0017323718434262836,True
2517,0.2108647232245517,0.1492290290849344,0.06163569413961728,False
2518,0.43632711260295465,0.3955973050686167,0.04072980753433797,False
2519,0.46906486901240385,0.3346033513206392,0.13446151769176468,False
2520,0.2204847779684138,0.16631782689336103,0.05416695107505276,False
2521,0.11803524353282564,0.1154760635627353,0.002559179970090336,True
2522,0.41087721151320844,0.40760610654551693,0.003271104967691507,False
2523,0.8002577946730649,0.7615459046141733,0.03871189005889164,False
2524,0.18566772759036873,0.17093105851069043,0.0147366690796783,True
2525,0.3187950241279522,0.262002648105055,0.05679237602289716,False
2526,0.0,0.0,0.0,True
2527,0.6216899364498587,0.4554097686969688,0.1662801677528899,False
2528,0.0,0.0,0.0,True
2529,0.545631346165383,0.48857233889591933,0.05705900726946367,False
2530,0.07059603191874936,0.064939065799934,0.00565696611881536,True
2531,0.046956871019752086,0.0436160494574329,0.003340821562319185,True
2532,0.7538736602561943,0.7366679999690161,0.01720566028717818,False
2533,0.30887377718869086,0.10427116917099961,0.20460260801769126,False
2534,0.38430952023976445,0.24218602040490014,0.1421234998348643,False
2535,0.7047035423768496,0.6708630885004758,0.0338404538763738,False
2536,0.3236887462842368,0.30031558785529927,0.0233731584289375,False
2537,0.224344395272239,0.15186111939876543,0.07248327587347358,False
2538,0.7856772712528274,0.7247412210804559,0.06093605017237147,False
2539,0.17597288076441692,0.1755366177564338,0.00043626300798310647,True
2540,0.45706976762895846,0.2249298500695038,0.23213991755945465,False
2541,0.7061679788904406,0.6895734585725103,0.016594520317930295,False
2542,0.30645951318304,0.22773831211023213,0.07872120107280786,False
2543,0.2729552680242703,0.2060476641192928,0.06690760390497749,False
2544,0.2678516225256388,0.26746181983846923,0.00038980268716959365,False
2545,0.13396677997927872,0.05903324606009757,0.07493353391918114,True
2546,0.14817647409930879,0.14016325593141507,0.008013218167893715,True
2547,0.7432267588846232,0.729077045437452,0.014149713447171197,False
2548,0.5497491467837617,0.42832546790969905,0.12142367887406269,False
2549,0.11338083742985224,0.11187969836107009,0.0015011390687821452,True
2550,0.21720448656207286,0.17795248366067412,0.03925200290139874,False
2551,0.11570266639231319,0.11464253719466015,0.0010601291976530397,True
2552,0.049922129342884626,0.04087814232605364,0.009043987016830984,True
2553,0.4349901833533709,0.2592711368053656,0.1757190465480053,False
2554,0.033443672449133335,0.02378122364728224,0.009662448801851097,True
2555,0.5989596578231352,0.4440394646396423,0.15492019318349293,False
2556,0.8348885116353846,0.833823214225198,0.001065297410186572,False
2557,0.7419368283998953,0.7250986067231384,0.01683822167675686,False
2558,0.35820224091259945,0.342187564373763,0.016014676538836425,False
2559,0.0,0.05553028628097314,-0.05553028628097314,True
2560,0.407417431196112,0.3863508670686936,0.02106656412741842,False
2561,0.9753876532157757,0.956832685920705,0.018554967295070668,False
2562,0.0,0.01701977655171662,-0.01701977655171662,True
2563,0.26671178864612244,0.14872416247188672,0.11798762617423572,False
2564,0.0938271403945663,0.09165040978047197,0.0021767306140943327,True
2565,0.0,0.0,0.0,True
2566,0.0,0.00490463397126009,-0.00490463397126009,True
2567,0.7415088278141887,0.7097988908909478,0.03170993692324087,False
2568,0.18451503290390134,0.1836011063538212,0.0009139265500801297,True
2569,0.2674482430436146,0.23029898987430666,0.03714925316930792,False
2570,0.7087615992574877,0.5447796122059508,0.16398198705153688,False
2571,0.4980444919291285,0.4820502018151976,0.015994290113930887,False
2572,0.7451974895103023,0.6343032241623219,0.11089426534798041,False
2573,0.0,1.5801706084126595e-05,-1.5801706084126595e-05,True
2574,0.55709529473215,0.3899411569711994,0.16715413776095062,False
2575,0.0,0.0065221993124644955,-0.0065221993124644955,True
2576,0.6750535292740344,0.6206475813366688,0.05440594793736564,False
2577,0.022728406209955983,0.006642047036697235,0.01608635917325875,True
2578,0.03750460263832005,0.030426079760621637,0.007078522877698411,True
2579,0.42604844919167995,0.4227778921383938,0.0032705570532861605,False
2580,0.0,0.0,0.0,True
2581,0.0,0.011488122941591185,-0.011488122941591185,True
2582,0.557663727191567,0.5437324007253597,0.013931326466207317,False
2583,0.11375405133346174,0.05480513081868638,0.058948920514775356,True
2584,0.0,0.0,0.0,True
2585,0.0,0.05789755480772406,-0.05789755480772406,True
2586,0.4006249969631256,0.40257359406812854,-0.0019485971050029471,False
2587,0.5163890146516255,0.4865694840131405,0.02981953063848497,False
2588,0.10579579298702108,0.10396786121807015,0.0018279317689509217,True
2589,0.26843184408266785,0.26842328825174433,8.55583092351786e-06,False
2590,0.7799279631340367,0.7774398840612801,0.0024880790727566104,False
2591,0.0,0.0,0.0,True
2592,0.8247071230001994,0.8041017484297761,0.02060537457042333,False
2593,0.612397002446914,0.38825514743423456,0.22414185501267941,False
2594,0.0,0.049429330568879805,-0.049429330568879805,True
2595,0.25109911645088884,0.2493859575245102,0.0017131589263786329,False
2596,0.5671164502041827,0.3618561116329019,0.2052603385712808,False
2597,0.7980057819762515,0.6563311552253744,0.14167462675087705,False
2598,0.5648084635213332,0.3456129435365922,0.21919551998474096,False
2599,0.8648792987342162,0.8284879940602627,0.03639130467395346,False
2600,0.0,0.0,0.0,True
2601,0.3700803061714218,0.35997303777709005,0.010107268394331737,False
2602,0.09586627799840278,0.09448375694716284,0.0013825210512399405,True
2603,0.0,0.03406131858797494,-0.03406131858797494,True
2604,0.5579448132008649,0.5552096516383621,0.0027351615625027526,False
2605,0.08457347732709614,0.08459183127097163,-1.8353943875490386e-05,True
2606,0.9018940720337036,0.8847622381353486,0.017131833898355042,False
2607,0.0,0.0,0.0,True
2608,0.5502079899908543,0.3298605005532416,0.22034748943761268,False
2609,0.0,0.02894461980021996,-0.02894461980021996,True
2610,0.0,0.0,0.0,True
2611,0.1834192756319182,0.08961274223074817,0.09380653340117004,True
2612,0.34460166894257294,0.3436928232438561,0.0009088456987168536,False
2613,0.4192838917911092,0.39859849398386604,0.020685397807243155,False
2614,0.4804967445279633,0.45111702935110165,0.029379715176861665,False
2615,0.2666229901918411,0.2615806668782066,0.0050423233136345225,False
2616,0.0,0.07242042763524238,-0.07242042763524238,True
2617,0.08473997093885476,0.08447058301912409,0.00026938791973066256,True
2618,0.6244771790304496,0.5930636990679073,0.03141347996254229,False
2619,0.5094763349026138,0.5012143894160758,0.008261945486538025,False
2620,0.33940984849436223,0.1509892043956788,0.18842064409868342,False
2621,0.6318325362524032,0.48412092694605,0.1477116093063532,False
2622,0.37507175054569925,0.36647776139274324,0.008593989152956005,False
2623,0.09764454349272762,0.08007832523465006,0.017566218258077568,True
2624,0.09789276801783345,0.05264218462208202,0.04525058339575143,True
2625,0.07310549445420814,0.06235557510068186,0.010749919353526274,True
2626,0.0,0.041984291679288674,-0.041984291679288674,True
2627,0.0,0.0,0.0,True
2628,0.5380090330340138,0.34464682496653654,0.19336220806747728,False
2629,0.6182790655612843,0.594861837119987,0.023417228441297344,False
2630,0.26310046640507445,0.24833135413481372,0.014769112270260731,False
2631,0.0,0.0,0.0,True
2632,0.1819091997377973,0.18038288101404884,0.0015263187237484488,True
2633,0.4864441142096087,0.48069183321036624,0.005752280999242465,False
2634,0.16787290477670302,0.15738904587120955,0.01048385890549347,True
2635,0.45980422419506356,0.27204629811147496,0.1877579260835886,False
2636,0.12888795266449748,0.1173241947532056,0.011563757911291883,True
2637,0.1162615937823737,0.11542779733898549,0.0008337964433882128,True
2638,0.49870512554527985,0.33708128340532706,0.1616238421399528,False
2639,0.33737362022288875,0.33655873368983813,0.0008148865330506183,False
2640,0.7934365831522304,0.669885843048822,0.12355074010340839,False
2641,0.05591286683184655,0.05518850422293769,0.0007243626089088601,True
2642,0.17980578551124077,0.10653355544309379,0.07327223006814698,True
2643,0.0,0.0,0.0,True
2644,0.19540147081569795,0.19367711258683065,0.0017243582288672954,True
2645,0.7940731773903412,0.7046695777763443,0.08940359961399691,False
2646,0.8500291763394211,0.7255358159909748,0.12449336034844627,False
2647,0.3186341603643224,0.23261882495167463,0.08601533541264778,False
2648,0.0,0.0,0.0,True
2649,0.7435222041852201,0.7062285254909241,0.037293678694296006,False
2650,0.3068900688260428,0.2997191103838747,0.007170958442168085,False
2651,0.25798429080491186,0.2472031146851299,0.010781176119781966,False
2652,0.5244824550944186,0.38249256181315694,0.14198989328126166,False
2653,0.0,0.01581935540384063,-0.01581935540384063,True
2654,0.44738627044857765,0.4203621608458671,0.027024109602710567,False
2655,0.578583688011101,0.4332808395606672,0.14530284845043384,False
2656,0.33088073796990175,0.3169980397131284,0.013882698256773351,False
2657,0.3949386655005196,0.3843007135391612,0.010637951961358416,False
2658,0.0,0.002087312835258071,-0.002087312835258071,True
2659,0.0,0.05572005254670625,-0.05572005254670625,True
2660,0.293506035372127,0.22341854022558863,0.07008749514653836,False
2661,0.7333110271175127,0.727751422761996,0.005559604355516723,False
2662,0.3000886094361323,0.09035620647976844,0.20973240295636386,False
2663,0.03981744286998464,0.0315992211592669,0.00821822171071774,True
2664,0.42847292783604174,0.27112276416544195,0.15735016367059979,False
2665,0.6484171308129383,0.5229451951521618,0.12547193566077652,False
2666,0.0,0.025930626411249363,-0.025930626411249363,True
2667,0.34958891035122264,0.31039834272042566,0.03919056763079698,False
2668,0.643666524590393,0.612445820946635,0.031220703643757952,False
2669,0.11832190232742656,0.07240087088234448,0.04592103144508208,True
2670,0.19508851047134257,0.1407271057956956,0.05436140467564696,True
2671,0.986799961860794,0.9866550746281829,0.0001448872326110795,False
2672,0.27900987955623935,0.23636556709222023,0.04264431246401912,False
2673,0.507496925071127,0.4952128072956078,0.012284117775519188,False
2674,0.6016356534092658,0.5780652013558235,0.023570452053442326,False
2675,0.5827441746199026,0.5731859613953533,0.009558213224549306,False
2676,0.4922168210909443,0.3621824487424021,0.1300343723485422,False
2677,0.07663715907187496,0.052281116780405895,0.024356042291469066,True
2678,0.0,0.0,0.0,True
2679,0.5874455085000434,0.49918346245440365,0.08826204604563975,False
2680,0.0,0.017987122044332286,-0.017987122044332286,True
2681,0.34126117247505405,0.32629557488920574,0.014965597585848311,False
2682,0.3735009799974266,0.24674248649248837,0.12675849350493823,False
2683,0.6727696700799861,0.6629545105168596,0.009815159563126508,False
2684,0.9147751379280967,0.8676051242378043,0.04717001369029239,False
2685,0.2871693618828147,0.28080115667718747,0.006368205205627253,False
2686,0.6848741333583591,0.6532691756032316,0.031604957755127505,False
2687,0.908748668780174,0.8990015006962975,0.009747168083876545,False
2688,0.3902101570045219,0.3866563581376194,0.003553798866902491,False
2689,0.2650036656138256,0.25399458919197704,0.011009076421848563,False
2690,0.43567642742112694,0.3827166785960306,0.05295974882509635,False
2691,0.5547010469391103,0.5506447012008219,0.004056345738288392,False
2692,0.3689432601223639,0.33710913074017146,0.03183412938219243,False
2693,0.0,0.007256386257915117,-0.007256386257915117,True
2694,0.5947152858063061,0.5870571363793065,0.007658149426999605,False
2695,0.22308453046999163,0.21908758284364527,0.003996947626346364,False
2696,0.5239659891677053,0.5070612995985989,0.0169046895691064,False
2697,0.8795879654537383,0.8044978292748163,0.07509013617892202,False
2698,0.5300048233511264,0.5247613983482368,0.005243425002889657,False
2699,0.23727741248125997,0.14509917941207498,0.09217823306918499,False
2700,0.0,0.009063468051355019,-0.009063468051355019,True
2701,0.10328394112527899,0.10123416964150479,0.002049771483774193,True
2702,0.11324214748218452,0.11136345091321398,0.0018786965689705365,True
2703,0.5415196865334612,0.5324578194975975,0.009061867035863647,False
2704,0.4251919622007932,0.3652840566797698,0.059907905521023375,False
2705,0.6180337310700043,0.5823596173191341,0.03567411375087015,False
2706,0.0,0.0,0.0,True
2707,0.8045367624093467,0.7908246297372641,0.0137121326720826,False
2708,0.20210409958838219,0.1950389307611021,0.007065168827280088,False
2709,0.9156894191274215,0.9030943595748221,0.01259505955259943,False
2710,0.3403539638103008,0.3324147153458042,0.007939248464496618,False
2711,0.09455501219110599,0.06724365165481107,0.027311360536294918,True
2712,0.046197445871355734,0.040998418528119175,0.005199027343236559,True
2713,0.11361645475006275,0.10790479592717644,0.005711658822886309,True
2714,0.0,0.0,0.0,True
2715,0.37935480684452805,0.31654542200297375,0.0628093848415543,False
2716,0.14832198114199716,0.14590642276352953,0.0024155583784676304,True
2717,0.3468885606001054,0.27003692562673787,0.07685163497336756,False
2718,0.3383595518562976,0.2930383816740902,0.04532117018220744,False
2719,0.4285093375389996,0.29369017611578496,0.13481916142321465,False
2720,0.10397093403741384,0.10228626471038045,0.0016846693270333862,True
2721,0.8173402685938073,0.8098105529912775,0.007529715602529796,False
2722,0.0,0.0,0.0,True
2723,0.47774230970151826,0.46205197967445827,0.015690330027059995,False
2724,0.0770068627802287,0.05520475872969825,0.021802104050530444,True
2725,0.25572830972440835,0.25104904956993035,0.004679260154478004,False
2726,0.580853137249304,0.5538752277602437,0.026977909489060314,False
2727,0.9367909363217908,0.9237614927414425,0.013029443580348299,False
2728,0.16991982543438441,0.15017110544732812,0.019748719987056296,True
2729,0.060333081904581705,0.060178803423922386,0.00015427848065931865,True
2730,0.9044662228239718,0.8329062587949813,0.07155996402899056,False
2731,0.3752716177700937,0.14761830114037236,0.22765331662972135,False
2732,0.8860859103364919,0.8372563584959256,0.048829551840566254,False
2733,0.8632536553716654,0.8317417846049676,0.031511870766697814,False
2734,0.8424563068782334,0.8174269672811381,0.0250293395970953,False
2735,0.49851129056817645,0.43571242354478823,0.06279886702338822,False
2736,0.0,0.0,0.0,True
2737,0.11220468281392304,0.09309411048573817,0.019110572328184874,True
2738,0.7680801203298349,0.6115976497527891,0.15648247057704578,False
2739,0.855710528306788,0.8048592456673337,0.050851282639454265,False
2740,0.04247347932386638,0.03702277854583978,0.005450700778026597,True
2741,0.24671239593703534,0.24119149289142527,0.005520903045610065,False
2742,0.8485289194467533,0.8121638216465931,0.036365097800160284,False
2743,0.9102107934184823,0.9002569894359174,0.009953803982564957,False
2744,0.49153354752711353,0.47979596454448015,0.011737582982633388,False
2745,0.343403879219202,0.32458117238504086,0.01882270683416115,False
2746,0.07728764431995323,0.07693501470621916,0.00035262961373407065,True
2747,0.39179957313972935,0.3870250757680084,0.004774497371720976,False
2748,0.2886751801535888,0.09059577341314472,0.19807940674044405,False
2749,0.29531154099674495,0.2955444948108049,-0.0002329538140599663,False
2750,0.09294176789652289,0.08957170367541323,0.0033700642211096643,True
2751,0.5228428001814999,0.5058611911588778,0.016981609022622024,False
2752,0.39956683832506756,0.37590114921180473,0.023665689113262833,False
2753,0.17431596925406997,0.17039202464398132,0.003923944610088659,True
2754,0.41822555871623324,0.3455440017007276,0.07268155701550566,False
2755,0.470253167302643,0.4592403429527934,0.01101282434984957,False
2756,0.8383245863288192,0.8090435819152304,0.02928100441358883,False
2757,0.18940170227405684,0.18169536629811975,0.00770633597593709,True
2758,0.23972575976172358,0.1571881275142225,0.08253763224750107,False
2759,0.9001106344187106,0.8765176216620463,0.023593012756664367,False
2760,0.09923374886252659,0.09099112993839638,0.00824261892413021,True
2761,0.42758867734598094,0.4015099705699709,0.02607870677601004,False
2762,0.5066894514635233,0.5047755437705947,0.0019139076929285403,False
2763,0.08952696819572749,0.07817028618420757,0.011356682011519917,True
2764,0.048829018198337015,0.04575775770937441,0.003071260488962606,True
2765,0.7389343203147881,0.728539003434394,0.010395316880394079,False
2766,0.656960100465599,0.5835719785138405,0.07338812195175859,False
2767,0.8441948749300047,0.8245007389022825,0.019694136027722187,False
2768,0.3631484289869246,0.3239876460007883,0.039160782986136344,False
2769,0.562467531249859,0.5469117297949098,0.01555580145494928,False
2770,0.12032917202042265,0.11773081106992823,0.0025983609504944133,True
2771,0.3810933431385088,0.28060034540755596,0.10049299773095283,False
2772,0.2639983622527417,0.26177588891363246,0.0022224733391092433,False
2773,0.710891789344199,0.7076678979686237,0.0032238913755753273,False
2774,0.0,0.0,0.0,True
2775,0.28417327562006905,0.18945559638769086,0.0947176792323782,False
2776,0.30300078285667875,0.15719956354977918,0.14580121930689957,False
2777,0.510304394420931,0.500068659220415,0.010235735200516016,False
2778,0.5108124595403886,0.43900325155422526,0.0718092079861633,False
2779,0.12789022133179653,0.07804052525892136,0.04984969607287518,True
2780,0.43113272935203834,0.41612323731253203,0.0150094920395063,False
2781,0.7661202854107412,0.7304158842739734,0.03570440113676776,False
2782,0.07121665874508844,0.07041475514099527,0.000801903604093171,True
2783,0.02806336402637387,0.01532393216612749,0.012739431860246378,True
2784,0.6382922532953459,0.6164502805880753,0.021841972707270618,False
2785,0.5199003221756487,0.5051791113120289,0.014721210863619882,False
2786,0.19789730304756023,0.19314637020505232,0.00475093284250791,True
2787,0.8778994862973898,0.8411957068484468,0.036703779448942986,False
2788,0.6107904392437694,0.5649225142906967,0.04586792495307268,False
2789,0.29330932167698215,0.2655722089324144,0.02773711274456775,False
2790,0.027764578123224196,0.014754026157670368,0.013010551965553828,True
2791,0.43804010601112625,0.24487881913814943,0.19316128687297682,False
2792,0.29947529527176847,0.24590647952713693,0.05356881574463154,False
2793,0.7536218955728905,0.724381210802416,0.02924068477047448,False
2794,0.33647435456693925,0.2422549477043809,0.09421940686255834,False
2795,0.9072554848778368,0.8790915204641238,0.02816396441371305,False
2796,0.0,0.0,0.0,True
2797,0.39543196195124264,0.36460522649544075,0.03082673545580189,False
2798,0.39632354493329763,0.3386995063770103,0.05762403855628734,False
2799,0.0,0.0,0.0,True
2800,0.0,0.0017423638958039699,-0.0017423638958039699,True
2801,0.43967125768347726,0.43656000582526727,0.0031112518582099846,False
2802,0.8684557139272127,0.8630149717565359,0.0054407421706768044,False
2803,0.0,0.03952249869297522,-0.03952249869297522,True
2804,0.9423645683360675,0.9016538108730592,0.04071075746300834,False
2805,0.7562606724796137,0.7071812075906133,0.04907946488900039,False
2806,0.21246538227980363,0.1522982938043164,0.06016708847548724,False
2807,0.19261727745002807,0.18356994244827166,0.009047335001756418,True
2808,0.4152741199993518,0.36354808506065023,0.05172603493870159,False
2809,0.5539673588412978,0.4541936031235779,0.09977375571771985,False
2810,0.13715480107515496,0.08417718436344766,0.052977616711707295,True
2811,0.06766287912513472,0.06396644872140848,0.0036964304037262335,True
2812,0.3672263696540537,0.3361833634026948,0.031043006251358918,False
2813,0.5461408869168736,0.43834714210550685,0.10779374481136672,False
2814,0.0,0.0,0.0,True
2815,0.46378658107859794,0.29064508378251136,0.17314149729608658,False
2816,0.5431051658461813,0.5357625744409823,0.007342591405198995,False
2817,0.386143826976067,0.33207090305026526,0.05407292392580171,False
2818,0.8902773341428653,0.8852469621542599,0.005030371988605342,False
2819,0.20989058963032958,0.19854898547774535,0.011341604152584228,False
2820,0.0,0.007133597397762834,-0.007133597397762834,True
2821,0.6098054617218757,0.601422060648697,0.008383401073178698,False
2822,0.03959115066081714,0.03343962046261348,0.006151530198203664,True
2823,0.17711434258521552,0.17590718453933887,0.0012071580458766495,True
2824,0.3599633096020641,0.338655110733587,0.02130819886847707,False
2825,0.5314242098537859,0.5065828862584147,0.024841323595371168,False
2826,0.15173060608606515,0.14280129041868178,0.008929315667383364,True
2827,0.8939215357812096,0.8928203193551596,0.001101216426049989,False
2828,0.7201922069049262,0.6212212316046082,0.09897097530031806,False
2829,0.0,0.0070656238791024254,-0.0070656238791024254,True
2830,0.22975646145621642,0.20189193727256902,0.027864524183647404,False
2831,0.0,0.02220941570792265,-0.02220941570792265,True
2832,0.0,0.004522738293097358,-0.004522738293097358,True
2833,0.478871732206087,0.4256488867651223,0.05322284544096467,False
2834,0.8822232950330052,0.8683228011224192,0.01390049391058601,False
2835,0.6933481386924634,0.6902953462185532,0.0030527924739102152,False
2836,0.0,0.0,0.0,True
2837,0.636327380008485,0.5740195985250998,0.06230778148338523,False
2838,0.058545690369926136,0.05045909255793624,0.008086597811989893,True
2839,0.7403473469977887,0.740284097191751,6.32498060376685e-05,False
2840,0.1602270015351589,0.09396870999975715,0.06625829153540175,True
2841,0.4530523079607902,0.4400986495356818,0.012953658425108427,False
2842,0.3198928100165221,0.2841385939404666,0.0357542160760555,False
2843,0.865509090350941,0.8013402518672679,0.06416883848367316,False
2844,0.6489438494662575,0.6196654014439055,0.02927844802235202,False
2845,0.0,0.0,0.0,True
2846,0.7236334131989842,0.6682758226994621,0.05535759049952216,False
2847,0.7296207023345636,0.7057558827135846,0.023864819620978972,False
2848,0.5383760070376303,0.3237267347295717,0.21464927230805864,False
2849,0.6377547638451916,0.6208999287400443,0.016854835105147292,False
2850,0.09494978327384174,0.08869987590416298,0.006249907369678759,True
2851,0.17567882374509872,0.17188746227783885,0.0037913614672598628,True
2852,0.7360238058580847,0.7292815371670018,0.006742268691082853,False
2853,0.0,0.0,0.0,True
2854,0.06623941797044294,0.04813336382878662,0.018106054141656322,True
2855,0.0,0.0,0.0,True
2856,0.6692212159412271,0.6534680272269665,0.01575318871426057,False
2857,0.2635056331998813,0.26015404177866547,0.003351591421215827,False
2858,0.16540868425447103,0.1614889884687601,0.003919695785710942,True
2859,0.6988088760094406,0.6347184764886211,0.06409039952081952,False
2860,0.05428582648235068,0.05364174317740725,0.0006440833049434352,True
2861,0.0,0.060857274673450916,-0.060857274673450916,True
2862,0.5703314129192666,0.5622518367867901,0.008079576132476451,False
2863,0.6892464219579394,0.6031521445274551,0.08609427743048426,False
2864,0.0,0.05675343083057114,-0.05675343083057114,True
2865,0.2380529722093507,0.23296335173977392,0.005089620469576783,False
2866,0.0,0.0,0.0,True
2867,0.4171535472836722,0.3880767912339319,0.029076756049740304,False
2868,0.0,0.04099791838110879,-0.04099791838110879,True
2869,0.5208851882408458,0.49251558743000096,0.028369600810844886,False
2870,0.747650252863232,0.6885987406418648,0.059051512221367175,False
2871,0.0,0.05405151858315391,-0.05405151858315391,True
2872,0.048185962268472285,0.031759963341196816,0.01642599892727547,True
2873,0.23749912048905872,0.12482774415741957,0.11267137633163915,False
2874,0.05624287710107723,0.054826891889253236,0.0014159852118239905,True
2875,0.30868700238928276,0.30477775705818416,0.003909245331098599,False
2876,0.0,0.005602322663149768,-0.005602322663149768,True
2877,0.0,0.03302371350679859,-0.03302371350679859,True
2878,0.0,0.0,0.0,True
2879,0.1643337860676411,0.1624025536861242,0.0019312323815169063,True
2880,0.9165546723945548,0.8775285470853839,0.039026125309170934,False
2881,0.42850229691116604,0.41876624657273087,0.009736050338435165,False
2882,0.5883391430132899,0.4242727085597017,0.16406643445358826,False
2883,0.7197550382338727,0.5836723623225143,0.13608267591135836,False
2884,0.048493244544403465,0.04469893707707854,0.0037943074673249255,True
2885,0.0,0.021942845459279117,-0.021942845459279117,True
2886,0.8302587196152476,0.7262699154738911,0.10398880414135647,False
2887,0.4895735616252154,0.48189175979632715,0.0076818018288882794,False
2888,0.0,0.002603376929038073,-0.002603376929038073,True
2889,0.7000857896085789,0.6962519621911921,0.0038338274173868037,False
2890,0.5362905547749974,0.421606743893476,0.11468381088152141,False
2891,0.6905298938290451,0.6337597634723828,0.05677013035666223,False
2892,0.48981762529070866,0.38435300243203124,0.10546462285867741,False
2893,0.7026396607153464,0.6522134849852107,0.05042617573013575,False
2894,0.5201680222152283,0.4887314153547354,0.03143660686049288,False
2895,0.3868794106320014,0.38302486234110866,0.003854548290892712,False
2896,0.3587216946680284,0.3471851259619383,0.0115365687060901,False
2897,0.0,0.03437471912319269,-0.03437471912319269,True
2898,0.1993216995864952,0.1743386260122049,0.024983073574290304,True
2899,0.43232480588195144,0.42216077411643665,0.01016403176551478,False
2900,0.6693538607132355,0.5891458334488354,0.08020802726440013,False
2901,0.48072418282056395,0.4691106528729617,0.01161352994760223,False
2902,0.6829698052778714,0.6722591303749846,0.010710674902886796,False
2903,0.26311515865287805,0.2627851452765945,0.00033001337628352223,False
2904,0.33046286780072504,0.3069400292873081,0.02352283851341691,False
2905,0.2557490054307427,0.14434609722908004,0.11140290820166265,False
2906,0.5653771770706849,0.48331600434692756,0.08206117272375735,False
2907,0.6687376928927176,0.6430265789153574,0.025711113977360145,False
2908,0.33874897966024464,0.33242706890918994,0.006321910751054705,False
2909,0.4485809303878275,0.3691028851665097,0.0794780452213178,False
2910,0.11162830317267174,0.11231079130051172,-0.0006824881278399836,True
2911,0.1344101030689956,0.13416232140556272,0.00024778166343286667,True
2912,0.0950395404043793,0.07941082018703306,0.015628720217346237,True
2913,0.0,0.0,0.0,True
2914,0.9388786437033216,0.900403158527931,0.03847548517539068,False
2915,0.7254590263741904,0.709904028144901,0.015554998229289407,False
2916,0.06499181565667288,0.05979769653828024,0.00519411911839264,True
2917,0.0,0.0,0.0,True
2918,0.5603594016266965,0.5250757395189822,0.035283662107714275,False
2919,0.1170629576202977,0.07994132465079011,0.03712163296950759,True
2920,0.1868551536506848,0.10269329689242064,0.08416185675826417,True
2921,0.610251716846246,0.5886488040741672,0.02160291277207882,False
2922,0.20601817465052663,0.15680833551019116,0.04920983914033547,False
2923,0.0,0.00939380053623733,-0.00939380053623733,True
2924,0.5018746415231482,0.45558848214234265,0.04628615938080555,False
2925,0.3151046356304231,0.2751963830032521,0.039908252627171015,False
2926,0.6708756324152036,0.6094343117010493,0.06144132071415431,False
2927,0.32179440919545,0.2528812370316294,0.06891317216382059,False
2928,0.11105574635983283,0.1093146623010546,0.0017410840587782223,True
2929,0.043276198106493226,0.037926672258403696,0.00534952584808953,True
2930,0.5036476848375722,0.4451675923257808,0.05848009251179137,False
2931,0.5832577610254843,0.49408267748784956,0.08917508353763476,False
2932,0.0,0.0,0.0,True
2933,0.1152979184862191,0.11301279038959643,0.0022851280966226795,True
2934,0.0,0.0,0.0,True
2935,0.8202105482986242,0.763125931294443,0.057084617004181215,False
2936,0.451932229791683,0.4375010043890338,0.01443122540264924,False
2937,0.27069418380575455,0.2657221125699653,0.004972071235789244,False
2938,0.0,0.0,0.0,True
2939,0.39606984022025654,0.361917770333344,0.03415206988691255,False
2940,0.4514711761851808,0.32299888809473215,0.12847228809044864,False
2941,0.21338521128416815,0.14694995769641328,0.06643525358775487,False
2942,0.10534658156314032,0.10326044382130102,0.0020861377418393,True
2943,0.03659084648505373,0.028354133739373944,0.008236712745679785,True
2944,0.6638532618628724,0.5688563983890494,0.09499686347382297,False
2945,0.4036625209766177,0.38188754608884945,0.02177497488776825,False
2946,0.8568098460353144,0.8345889981215306,0.02222084791378376,False
2947,0.0,0.0,0.0,True
2948,0.0,0.10333465803629048,-0.10333465803629048,True
2949,0.0,0.10083547090268086,-0.10083547090268086,True
2950,0.034612275394439874,0.024116511519947086,0.010495763874492789,True
2951,0.6770947359598195,0.46794745059505877,0.20914728536476074,False
2952,0.2679498397036188,0.26242063615165206,0.005529203551966733,False
2953,0.07049850202081749,0.05028955502046773,0.02020894700034976,True
2954,0.25147124865717474,0.1488783827467277,0.10259286591044703,False
2955,0.22502904165601598,0.2223915180639208,0.002637523592095181,False
2956,0.7258210508750099,0.5701385972869324,0.15568245358807753,False
2957,0.3435865170267479,0.3070748553712112,0.03651166165553671,False
2958,0.38052487681096353,0.3501218594390037,0.03040301737195983,False
2959,0.03640220186481488,0.028760919172186178,0.007641282692628704,True
2960,0.7510634086546115,0.5820157733589676,0.16904763529564393,False
2961,0.12160546298146066,0.11681420394838145,0.004791259033079212,True
2962,0.23434681003521035,0.20384058652365708,0.03050622351155327,False
2963,0.6620535272114153,0.604849116398824,0.05720441081259131,False
2964,0.0,0.031177771215481282,-0.031177771215481282,True
2965,0.12000073365368485,0.11427191619211893,0.0057288174615659215,True
2966,0.8648035235148267,0.8526616839919603,0.012141839522866404,False
2967,0.4446380238776339,0.4349251378241173,0.009712886053516612,False
2968,0.398792036501908,0.3908987602180143,0.007893276283893691,False
2969,0.36143483254714337,0.3486713849644579,0.012763447582685494,False
2970,0.03473857791649393,0.02596531638859762,0.008773261527896307,True
2971,0.37847048657342763,0.36506826650345686,0.013402220069970772,False
2972,0.06913803303317964,0.06951112340580294,-0.0003730903726232998,True
2973,0.0,0.0,0.0,True
2974,0.05732012856762585,0.05734374089265073,-2.3612325024881253e-05,True
2975,0.2510059769334304,0.24517134995462544,0.005834626978804963,False
2976,0.27001080784628717,0.2235562909262533,0.046454516920033884,False
2977,0.28203049160487487,0.2771749691201645,0.004855522484710384,False
2978,0.4682205012003015,0.4264868035237329,0.04173369767656859,False
2979,0.10133877409599608,0.09438109955186195,0.006957674544134124,True
2980,0.6864708973935498,0.6716721435963792,0.01479875379717066,False
2981,0.7637523146196341,0.7509189676874468,0.012833346932187295,False
2982,0.9200793697663431,0.9020955490031793,0.017983820763163738,False
2983,0.04839403750286575,0.03707816913324124,0.011315868369624511,True
2984,0.771277080898375,0.7252553073746419,0.046021773523733045,False
2985,0.5297452423898973,0.5207649022763062,0.008980340113591057,False
2986,0.1422128230937404,0.13860424892030476,0.0036085741734356303,True
2987,0.0,0.0008805412548950884,-0.0008805412548950884,True
2988,0.0,0.0,0.0,True
2989,0.1314118886000392,0.13020470281508198,0.0012071857849572099,True
2990,0.31785693632167705,0.30200480040852157,0.015852135913155485,False
2991,0.9399727933754572,0.9090710684885367,0.030901724886920556,False
2992,0.43439597212407643,0.3676925481881763,0.06670342393590012,False
2993,0.07330597724445315,0.048549704728906753,0.024756272515546393,True
2994,0.5886947137116263,0.5524639046939177,0.03623080901770859,False
2995,0.28768440342874363,0.28651968677188366,0.0011647166568599654,False
2996,0.13535443046357168,0.13229285498486099,0.003061575478710693,True
2997,0.39524701070150725,0.16696772934956142,0.22827928135194583,False
2998,0.4839918119002825,0.44766107406149386,0.03633073783878865,False
2999,0.7543652769649706,0.7468163995274552,0.007548877437515422,False
3000,0.5270678992163336,0.3709020469425211,0.15616585227381247,False
3001,0.942221477841011,0.9178231321016559,0.024398345739355065,False
3002,0.7769975208150719,0.7642157345520898,0.012781786262982098,False
3003,0.0,0.08040202845155756,-0.08040202845155756,True
3004,0.0,0.0,0.0,True
3005,0.5464682009227203,0.42507135695852294,0.12139684396419737,False
3006,0.7117733327371446,0.5579809136292372,0.15379241910790742,False
3007,0.08926295159068899,0.05373880748074744,0.03552414410994155,True
3008,0.3548422684444288,0.35087995000924427,0.00396231843518452,False
3009,0.5796206633316071,0.38424328248229495,0.19537738084931217,False
3010,0.17087544760497,0.16947975899345258,0.001395688611517426,True
3011,0.780587481888947,0.6326482595363196,0.14793922235262735,False
3012,0.1479026576711231,0.07885543837261152,0.06904721929851157,True
3013,0.046079701545646785,0.04152204823293203,0.004557653312714759,True
3014,0.8293790436760217,0.8084049292848805,0.020974114391141163,False
3015,0.8743792604581321,0.8618991449108298,0.012480115547302328,False
3016,0.35260058861392324,0.2647114167219013,0.08788917189202194,False
3017,0.11187488471899934,0.10866871780875513,0.0032061669102442097,True
3018,0.41368768606916767,0.37780908852652206,0.03587859754264561,False
3019,0.13794580793497999,0.12493601109500217,0.013009796839977814,True
3020,0.0,0.0,0.0,True
3021,0.3768020336031162,0.3272282522133097,0.049573781389806504,False
3022,0.20670083386208848,0.08313700737471752,0.12356382648737096,False
3023,0.2346495465353836,0.1884898608746369,0.04615968566074671,False
3024,0.5213497420373089,0.5107907950348504,0.010558947002458519,False
3025,0.49236607316754144,0.3107513030365792,0.18161477013096222,False
3026,0.9508241690096217,0.9225165442686,0.028307624741021775,False
3027,0.40439099280203294,0.3885852192796215,0.01580577352241147,False
3028,0.2778707279187339,0.2665267920993079,0.011343935819425999,False
3029,0.11206192858900163,0.11273519226734209,-0.0006732636783404605,True
3030,0.928866409250091,0.9028236304855567,0.026042778764534313,False
3031,0.32591737885654526,0.1495668189935855,0.17635055986295975,False
3032,0.7894649770593547,0.6263992925780332,0.16306568448132153,False
3033,0.6630199060211912,0.6224499432280484,0.040569962793142844,False
3034,0.4945141285275577,0.2832742792375158,0.21123984929004191,False
3035,0.9296012411436827,0.8968963161127872,0.032704925030895504,False
3036,0.6763807092360132,0.6744974002104044,0.001883309025608848,False
3037,0.0,0.0,0.0,True
3038,0.8297548565835582,0.7269423731662867,0.10281248341727145,False
3039,0.7577969825316405,0.6896070911948811,0.06818989133675946,False
3040,0.0,0.025143835509106944,-0.025143835509106944,True
3041,0.026793200604555256,0.013656470684201895,0.013136729920353361,True
3042,0.1453973539260847,0.10445399529370726,0.04094335863237743,True
3043,0.22691819468242752,0.1639057135120624,0.06301248117036512,False
3044,0.0,0.012100901030798836,-0.012100901030798836,True
3045,0.6218512023709634,0.5493219958696682,0.07252920650129513,False
3046,0.2877795401574691,0.17247116781441746,0.11530837234305163,False
3047,0.1550545355484185,0.11054825582584792,0.04450627972257058,True
3048,0.5484619601887507,0.43096409134896985,0.11749786883978086,False
3049,0.9526060817860144,0.9420309579693492,0.010575123816665144,False
3050,0.30572321687608645,0.20444236778777097,0.10128084908831547,False
3051,0.0,0.023346640723280087,-0.023346640723280087,True
3052,0.2356157769005745,0.23411780613102595,0.0014979707695485511,False
3053,0.18065113909588523,0.16619761621174814,0.014453522884137093,True
3054,0.0,0.048217885534196,-0.048217885534196,True
3055,0.37562852902069305,0.26077383031841506,0.11485469870227799,False
3056,0.29862088087905564,0.26792979966632813,0.03069108121272751,False
3057,0.23177197187452667,0.08020464423442344,0.15156732764010322,False
3058,0.0,0.0,0.0,True
3059,0.28790199549638595,0.20234720295528819,0.08555479254109777,False
3060,0.878437736427224,0.8725522767502154,0.005885459677008598,False
3061,0.359860803204286,0.243369012132012,0.11649179107227398,False
3062,0.5913608078377388,0.3993184544009156,0.1920423534368232,False
3063,0.6246143713486535,0.607540978933531,0.017073392415122512,False
3064,0.15649259652129816,0.15206025117327002,0.004432345348028138,True
3065,0.7076776347802338,0.6838870565657718,0.023790578214462066,False
3066,0.6851268505969003,0.6716163951754047,0.013510455421495537,False
3067,0.4908312184935748,0.4889402107738295,0.001891007719745319,False
3068,0.32912812430933397,0.32528611781762096,0.0038420064917130126,False
3069,0.27550694102009976,0.25897304884434025,0.016533892175759513,False
3070,0.22585569758657184,0.22058601052882576,0.005269687057746081,False
3071,0.15256467477129296,0.1510698403676142,0.0014948344036787575,True
3072,0.09519296534554794,0.09293879251533373,0.0022541728302142156,True
3073,0.0,0.0012490044983335196,-0.0012490044983335196,True
3074,0.5196172494283785,0.5032047357451346,0.016412513683243923,False
3075,0.0,0.053398484150946994,-0.053398484150946994,True
3076,0.5554495907041531,0.5240479816158199,0.03140160908833323,False
3077,0.08976845604851877,0.08877299078764354,0.0009954652608752251,True
3078,0.3808411522455428,0.17215259716060574,0.20868855508493708,False
3079,0.1933537093546574,0.15512612955805366,0.03822757979660374,True
3080,0.47082241795857366,0.2942570872776253,0.17656533068094837,False
3081,0.2526196314068159,0.16885339121977266,0.08376624018704326,False
3082,0.5994147602102032,0.5976832128914661,0.0017315473187371477,False
3083,0.23305843643718654,0.22818601568989372,0.004872420747292827,False
3084,0.5751480492183151,0.4878027402591728,0.08734530895914228,False
3085,0.03369266079831435,0.02469859088059799,0.008994069917716362,True
3086,0.09013921275458321,0.08891814660391618,0.0012210661506670273,True
3087,0.5819421432005694,0.5793275162931056,0.002614626907463724,False
3088,0.24242113189790757,0.23839789759878352,0.0040232342991240455,False
3089,0.1344308495049484,0.13362549922119316,0.0008053502837552518,True
3090,0.683256191926439,0.6300756724824664,0.05318051944397262,False
3091,0.1416402517730201,0.1152675725612427,0.026372679211777383,True
3092,0.5778208837964613,0.4540021477973498,0.12381873599911153,False
3093,0.04862055514794738,0.04466986342502145,0.003950691722925927,True
3094,0.8244130466854273,0.8083262464421017,0.01608680024332554,False
3095,0.31362727221992914,0.3040326893662572,0.009594582853671929,False
3096,0.7556939324366758,0.6986273532126985,0.05706657922397729,False
3097,0.34922681482359014,0.3457225461624305,0.0035042686611596596,False
3098,0.8345228194443878,0.7910699918319104,0.043452827612477374,False
3099,0.23074084363275127,0.15515889256779342,0.07558195106495785,False
3100,0.7801583594899208,0.6405012288661626,0.13965713062375829,False
3101,0.6297636649027051,0.4582345047721428,0.1715291601305623,False
3102,0.26964946955098246,0.2315591798694912,0.03809028968149125,False
3103,0.31595550479708756,0.12584815661201884,0.19010734818506872,False
3104,0.0,0.0,0.0,True
3105,0.12593700604303756,0.10271248056928892,0.023224525473748647,True
3106,0.7706957629957517,0.7494209970625383,0.021274765933213424,False
3107,0.175410779989846,0.15651008762022395,0.018900692369622052,True
3108,0.340767952841807,0.23932240423188592,0.10144554860992108,False
3109,0.4368007262179839,0.2458749362367109,0.190925789981273,False
3110,0.7407556381831334,0.6993953445703412,0.04136029361279214,False
3111,0.5233983378837354,0.2983216783373104,0.22507665954642497,False
3112,0.3132100314255141,0.30936515828825406,0.003844873137260063,False
3113,0.3102008963946559,0.24186406939404753,0.06833682700060839,False
3114,0.5897667613507555,0.581722186662519,0.008044574688236494,False
3115,0.15598460481668838,0.12504152605352087,0.030943078763167514,True
3116,0.7632527917518463,0.5904335083181435,0.1728192834337029,False
3117,0.20166701419966124,0.1955457230969159,0.006121291102745341,False
3118,0.6144890484580365,0.6027735096663882,0.011715538791648328,False
3119,0.08189158037761618,0.08250990922092062,-0.0006183288433044415,True
3120,0.0,0.0,0.0,True
3121,0.0,0.011283574160223037,-0.011283574160223037,True
3122,0.15994705557888161,0.15281736728920695,0.007129688289674668,True
3123,0.3148470126695806,0.2684227895527292,0.046424223116851404,False
3124,0.7231208715239392,0.7068464105340608,0.016274460989878392,False
3125,0.5512944652060557,0.5452198984114371,0.006074566794618597,False
3126,0.21440184155866884,0.15217680377384568,0.06222503778482316,False
3127,0.6572709052534679,0.6385240421203745,0.018746863133093372,False
3128,0.6705704483558552,0.6647083156966183,0.005862132659236963,False
3129,0.8163317483432329,0.6889021927800063,0.12742955556322655,False
3130,0.08123544498752301,0.08170191571485927,-0.0004664707273362573,True
3131,0.23106877858317312,0.20909458200885347,0.02197419657431965,False
3132,0.5408834308696434,0.5346283273759058,0.0062551034937375904,False
3133,0.37175834769366495,0.3253912524139837,0.04636709527968125,False
3134,0.1596811651060506,0.107846743016196,0.0518344220898546,True
3135,0.32742676330425347,0.30995044758659657,0.0174763157176569,False
3136,0.0738685085197194,0.0647440487299439,0.00912445978977551,True
3137,0.31167337953111174,0.26760146736127866,0.04407191216983308,False
3138,0.3648237656772974,0.3616956114803603,0.0031281541969371274,False
3139,0.7724303242330846,0.6593629655091614,0.11306735872392315,False
3140,0.4961491614719029,0.4778124622711366,0.018336699200766304,False
3141,0.5876240043744921,0.5249847099337227,0.06263929444076943,False
3142,0.0,0.02261596208528985,-0.02261596208528985,True
3143,0.30356244527359283,0.13084979042764186,0.17271265484595097,False
3144,0.3066007455939835,0.28547226162151285,0.021128483972470635,False
3145,0.12962356225643196,0.07061554052193746,0.0590080217344945,True
3146,0.6769628612300777,0.5743176011581337,0.10264526007194397,False
3147,0.0,0.0,0.0,True
3148,0.8827306326201988,0.868959397263112,0.013771235357086797,False
3149,0.30186910508886095,0.29845569358639995,0.0034134115024609946,False
3150,0.0,0.0,0.0,True
3151,0.03136498463263932,0.020040517332997693,0.011324467299641629,True
3152,0.9141717481106482,0.906039403048025,0.00813234506262317,False
3153,0.061492719851291976,0.04157046720102806,0.019922252650263914,True
3154,0.5475898951270525,0.46346031458874887,0.0841295805383036,False
3155,0.0,0.0,0.0,True
3156,0.0,0.015291702646017683,-0.015291702646017683,True
3157,0.7491364782023215,0.7017540508555661,0.04738242734675546,False
3158,0.028600633587831614,0.01592293252050922,0.012677701067322394,True
3159,0.1862622266034221,0.17635114667445517,0.00991107992896692,True
3160,0.2641045614493235,0.2594375367370689,0.004667024712254608,False
3161,0.0,0.008584914336371811,-0.008584914336371811,True
3162,0.0,0.0,0.0,True
3163,0.0,0.0,0.0,True
3164,0.38285967006934857,0.3285190695987036,0.054340600470644984,False
3165,0.5940859464678078,0.5854213343078241,0.008664612159983709,False
3166,0.3720436771470796,0.3629359561074203,0.009107721039659289,False
3167,0.6596028616603866,0.6292462102145223,0.030356651445864302,False
3168,0.8808968426368372,0.8334937497452273,0.04740309289160993,False
3169,0.0,0.0,0.0,True
3170,0.0,0.0,0.0,True
3171,0.4953972484659748,0.46256133479508904,0.032835913670885786,False
3172,0.2598403016484074,0.2567557267577994,0.003084574890607983,False
3173,0.0,0.0,0.0,True
3174,0.6069944080520357,0.5017126554911312,0.10528175256090455,False
3175,0.6559738538827666,0.6460760419347452,0.009897811948021418,False
3176,0.0,0.023718123906699064,-0.023718123906699064,True
3177,0.777123899800093,0.774525528355949,0.0025983714441439876,False
3178,0.5813566889254337,0.5709610699698987,0.01039561895553498,False
3179,0.6990390738920824,0.695215872169431,0.0038232017226513815,False
3180,0.8391816779828383,0.7323718800611696,0.10680979792166867,False
3181,0.6552408689463003,0.6040817350328596,0.051159133913440735,False
3182,0.7413834401102731,0.6987156495669286,0.042667790543344575,False
3183,0.49568177782856265,0.2924275817323157,0.20325419609624695,False
3184,0.6499002650140133,0.5072749874544041,0.1426252775596092,False
3185,0.2606177819434939,0.24754214241811912,0.013075639525374771,False
3186,0.6324267280161456,0.5928436349314219,0.03958309308472374,False
3187,0.038041359471300704,0.030703463022084904,0.0073378964492158,True
3188,0.8590852627350848,0.8322641126200121,0.02682115011507269,False
3189,0.3972997672945382,0.1723351714766775,0.22496459581786069,False
3190,0.0,0.04426784049725245,-0.04426784049725245,True
3191,0.5283844805964278,0.49349624408091297,0.03488823651551487,False
3192,0.4167852627221064,0.41502389952844854,0.0017613631936578833,False
3193,0.0,0.0,0.0,True
3194,0.24534025834575746,0.22412424610804327,0.021216012237714188,False
3195,0.25988843559376723,0.2594999831744196,0.0003884524193476513,False
3196,0.4032536807255274,0.31426572220619997,0.08898795851932745,False
3197,0.5434963122102339,0.5313477210650075,0.012148591145226373,False
3198,0.23043730212102176,0.21941752355835167,0.011019778562670085,False
3199,0.13682859800945263,0.12908663299652032,0.007741965012932311,True
3200,0.5492018094596306,0.5422580533105938,0.0069437561490367505,False
3201,0.0,0.0,0.0,True
3202,0.029930043292663428,0.017510754070501445,0.012419289222161983,True
3203,0.09131396882308679,0.08550502887584362,0.005808939947243172,True
3204,0.04056053895482537,0.02883618140904357,0.011724357545781803,True
3205,0.45318032495934246,0.31697575378827286,0.1362045711710696,False
3206,0.38939076768428815,0.31803728333780173,0.07135348434648642,False
3207,0.08081859387706303,0.07978986930079386,0.001028724576269166,True
3208,0.8342494678941845,0.8321716499142302,0.0020778179799543217,False
3209,0.588551224560536,0.3758767564441573,0.2126744681163787,False
3210,0.7571094058447192,0.7312760896538004,0.025833316190918776,False
3211,0.5343728806311295,0.5189031163588678,0.015469764272261766,False
3212,0.1045719529418715,0.10367213378211973,0.0008998191597517635,True
3213,0.45467921438243086,0.46014982536639615,-0.005470610983965285,False
3214,0.0,0.0021826871453330186,-0.0021826871453330186,True
3215,0.559046327644969,0.5396112813321675,0.019435046312801463,False
3216,0.054552053160612,0.05131759545478524,0.0032344577058267612,True
3217,0.62155466314984,0.6072278653854198,0.01432679776442014,False
3218,0.323175617548462,0.3119223878368921,0.011253229711569945,False
3219,0.42226149349682024,0.21086045148713112,0.21140104200968912,False
3220,0.17806148077475892,0.08076559266650003,0.09729588810825889,True
3221,0.4013933976981869,0.240210771045866,0.1611826266523209,False
3222,0.7720471565104321,0.7410053069396726,0.031041849570759505,False
3223,0.24297958291219804,0.22626022918719552,0.016719353725002523,False
3224,0.39972536111672713,0.3918765831518539,0.00784877796487321,False
3225,0.12538489368293815,0.1222444803859638,0.0031404132969743426,True
3226,0.0,0.0,0.0,True
3227,0.4180448903905845,0.4070127791285506,0.011032111262033906,False
3228,0.0,0.0,0.0,True
3229,0.0736053156393011,0.07357163098473946,3.368465456164704e-05,True
3230,0.0,0.0,0.0,True
3231,0.03997098521464327,0.03186960503487123,0.008101380179772036,True
3232,0.7499860434735587,0.7391568770239416,0.010829166449617067,False
3233,0.9530792582510424,0.926751865494487,0.02632739275655549,False
3234,0.0843384835110371,0.08066172295023769,0.003676760560799408,True
3235,0.6060903345874987,0.5286092847273004,0.07748104986019833,False
3236,0.39920843190544725,0.3984825610092551,0.0007258708961921378,False
3237,0.2530837287144811,0.22481382610025977,0.028269902614221326,False
3238,0.6353811539974689,0.5491293920774539,0.08625176192001494,False
3239,0.12584722203243082,0.11756683957098572,0.008280382461445093,True
3240,0.39731287510453445,0.38245190369840204,0.014860971406132406,False
3241,0.6860824745250979,0.575552402771271,0.1105300717538269,False
3242,0.4446906076358611,0.4332906386353131,0.011399969000548016,False
3243,0.09822691143559482,0.09815388749706197,7.302393853285405e-05,True
3244,0.18700935014949133,0.17956378821390956,0.007445561935581768,True
3245,0.0,0.0,0.0,True
3246,0.753183178272712,0.734777206709304,0.018405971563407952,False
3247,0.5168125651358653,0.4348594552414408,0.08195310989442445,False
3248,0.0,0.023876331305423625,-0.023876331305423625,True
3249,0.16042035949921588,0.15441368992302834,0.006006669576187534,True
3250,0.11675338768168451,0.10301955301050202,0.013733834671182499,True
3251,0.28500206180447346,0.2627518134535258,0.022250248350947688,False
3252,0.41030546571298215,0.37335086228992986,0.03695460342305229,False
3253,0.4495319170453573,0.4234504579385342,0.02608145910682308,False
3254,0.8318140248227529,0.8064941450204309,0.025319879802321976,False
3255,0.43200008523314337,0.4192496805198087,0.012750404713334662,False
3256,0.5534319612724143,0.4142359668928658,0.13919599437954855,False
3257,0.3431101058899795,0.3368019226016222,0.006308183288357305,False
3258,0.433759486572661,0.3526459985334285,0.08111348803923252,False
3259,0.23852870887504313,0.2314759517479863,0.00705275712705683,False
3260,0.16859645368373088,0.08700513893222103,0.08159131475150985,True
3261,0.3228392930562376,0.3142083601114369,0.008630932944800718,False
3262,0.6029922770092713,0.5511869227072514,0.051805354302019824,False
3263,0.0,0.0,0.0,True
3264,0.3533081034190074,0.32455202805867234,0.028756075360335087,False
3265,0.8686852131682958,0.842793245942067,0.025891967226228885,False
3266,0.4956384602910649,0.49559283556486,4.562472620489588e-05,False
3267,0.38982760225496543,0.21722870209684292,0.17259890015812251,False
3268,0.3480933229338458,0.344449904381381,0.0036434185524648055,False
3269,0.5799938055817702,0.5426726547657316,0.037321150816038595,False
3270,0.25937415793333485,0.13704898126464132,0.12232517666869352,False
3271,0.0,0.0,0.0,True
3272,0.6447416846315093,0.629470448351467,0.015271236280042233,False
3273,0.07248079762578316,0.0719670862649255,0.0005137113608576632,True
3274,0.5515337068705138,0.5354282262721446,0.01610548059836925,False
3275,0.4018194202788219,0.24116569002576388,0.160653730253058,False
3276,0.7220523148893783,0.7098579817560223,0.012194333133355939,False
3277,0.4534561639849799,0.30306566673170376,0.15039049725327613,False
3278,0.16191669863517907,0.15676672014453155,0.005149978490647522,True
3279,0.45676996049407415,0.43679642265854224,0.019973537835531907,False
3280,0.4903378948503365,0.4855394214897307,0.004798473360605793,False
3281,0.027116569432953465,0.01379668081484094,0.013319888618112525,True
3282,0.2077749678149243,0.20660904339441216,0.0011659244205121377,False
3283,0.0,0.0,0.0,True
3284,0.5470264199380864,0.4440821771444459,0.1029442427936405,False
3285,0.2371421063747241,0.22620729668911857,0.010934809685605534,False
3286,0.5607519450897925,0.39237715125501343,0.1683747938347791,False
3287,0.05884936545279944,0.05804747338023026,0.0008018920725691783,True
3288,0.17141873935386368,0.1642912227178041,0.0071275166360595665,True
3289,0.26650769778017785,0.25082140907453604,0.015686288705641815,False
3290,0.13486946345808837,0.08607205555343339,0.04879740790465498,True
3291,0.2925846445151866,0.11339659820426769,0.17918804631091895,False
3292,0.4010285751063285,0.39236302626949154,0.008665548836836956,False
3293,0.0,0.00017379353625105143,-0.00017379353625105143,True
3294,0.4607295782253902,0.283886779832833,0.17684279839255718,False
3295,0.9310966389601446,0.9082714888055166,0.02282515015462805,False
3296,0.2932430483911619,0.2841372644418919,0.009105783949269974,False
3297,0.09847087826607621,0.09696212604440958,0.0015087522216666316,True
3298,0.3176756141816817,0.31503680549691243,0.0026388086847692893,False
3299,0.042691643437567095,0.038195301900128674,0.004496341537438421,True
3300,0.09181112780991972,0.08946173034991707,0.00234939746000265,True
3301,0.16741575885780552,0.15227381301187498,0.015141945845930538,True
3302,0.21040955383646698,0.20749787548667692,0.002911678349790059,False
3303,0.0,0.013408602287956057,-0.013408602287956057,True
3304,0.0,0.0,0.0,True
3305,0.27202926887638257,0.26822506557612136,0.003804203300261211,False
3306,0.052523698562501275,0.05176958209166412,0.0007541164708371531,True
3307,0.6885269771682738,0.6868225075336023,0.0017044696346715238,False
3308,0.36292464770109323,0.3342965862357349,0.028628061465358345,False
3309,0.6517444605173706,0.5326835815304152,0.11906087898695539,False
3310,0.20635003965327411,0.14035401360111974,0.06599602605215438,False
3311,0.6660321404697853,0.5750909298191388,0.09094121065064653,False
3312,0.2677119841698574,0.2639810538123028,0.003730930357554618,False
3313,0.10041252751370665,0.09743485915086297,0.0029776683628436745,True
3314,0.7074028894456132,0.6575296997079448,0.04987318973766841,False
3315,0.08418089338504307,0.08084800558453986,0.003332887800503212,True
3316,0.4164898169965574,0.4071855043952829,0.009304312601274511,False
3317,0.5600334005252395,0.3606684006764455,0.19936499984879402,False
3318,0.6475974252251226,0.630765284776192,0.016832140448930666,False
3319,0.5093084766422442,0.45043739968630914,0.058871076955935076,False
3320,0.7273856107240351,0.7038741180961972,0.023511492627837915,False
3321,0.7336450618609324,0.6346658403493667,0.09897922151156568,False
3322,0.2659086106109004,0.2564214470166812,0.009487163594219195,False
3323,0.559886449543951,0.5539430303986973,0.005943419145253648,False
3324,0.5005839279742335,0.2693095732726982,0.23127435470153523,False
3325,0.5638495727968746,0.5565658853328566,0.007283687464018085,False
3326,0.03270534569771102,0.02271544864703452,0.009989897050676499,True
3327,0.2296345457210046,0.2097615984394707,0.01987294728153391,False
3328,0.39894827854752646,0.2623025118207831,0.13664576672674333,False
3329,0.07996349679685315,0.051228244946912645,0.028735251849940503,True
3330,0.35508980683379027,0.3411222069111958,0.013967599922594442,False
3331,0.0,0.0,0.0,True
3332,0.7748963794455397,0.7299551611020774,0.04494121834346232,False
3333,0.0,0.0,0.0,True
3334,0.03427621933941163,0.025051419744619174,0.009224799594792454,True
3335,0.4700358065729529,0.40776738942800467,0.06226841714494824,False
3336,0.7664838399838044,0.7424855849975598,0.023998254986244638,False
3337,0.0993622508389956,0.09835979633804819,0.0010024545009474084,True
3338,0.29345338170158225,0.18265792575590598,0.11079545594567627,False
3339,0.0,0.014923777168429667,-0.014923777168429667,True
3340,0.4992450799339216,0.25601304839678524,0.24323203153713635,False
3341,0.12391888585981803,0.10571291152584243,0.018205974333975597,True
3342,0.1858616452880138,0.18495286920730009,0.0009087760807137135,True
3343,0.26087159157411605,0.26060929919713116,0.00026229237698488506,False
3344,0.7973955704928566,0.6993972027280778,0.09799836776477877,False
3345,0.596589122120231,0.5943338962361485,0.0022552258840824457,False
3346,0.5845521177371591,0.49233039985326105,0.09222171788389805,False
3347,0.28652436811740306,0.27986009626653563,0.0066642718508674315,False
3348,0.9484088345486535,0.9024295122115665,0.045979322337087014,False
3349,0.671636636949248,0.6644680268938935,0.0071686100553545185,False
3350,0.03303812979181976,0.023751701056905796,0.009286428734913966,True
3351,0.26817532874196026,0.2616791932771244,0.0064961354648358505,False
3352,0.5921878349473417,0.5230200245926121,0.06916781035472963,False
3353,0.6732421433962178,0.6510565306920475,0.0221856127041703,False
3354,0.9153398570885283,0.8632051948548903,0.05213466223363794,False
3355,0.5000021813232898,0.3448660265073007,0.15513615481598908,False
3356,0.16408032521645446,0.13433502023249053,0.02974530498396394,True
3357,0.5390068531379265,0.527109051350989,0.011897801786937556,False
3358,0.6146789796826633,0.5641423819073506,0.05053659777531272,False
3359,0.17514479097465135,0.09087831302730015,0.0842664779473512,True
3360,0.0,0.0,0.0,True
3361,0.6739963377702067,0.630724269051717,0.043272068718489765,False
3362,0.21060847479842842,0.08529185838522177,0.12531661641320666,False
3363,0.21612800549687514,0.21266921557439297,0.003458789922482164,False
3364,0.6871677209695555,0.6042851266617391,0.08288259430781642,False
3365,0.7829177743727032,0.7507785934951057,0.032139180877597484,False
3366,0.2312164624254746,0.209757520985557,0.02145894143991761,False
3367,0.476111496964765,0.2454123946837647,0.23069910228100032,False
3368,0.6131217052188082,0.4802510051697151,0.13287070004909307,False
3369,0.0,0.037623856946184454,-0.037623856946184454,True
3370,0.7056498641931052,0.6068227740412264,0.09882709015187874,False
3371,0.029493399484078905,0.017727466529085842,0.011765932954993064,True
3372,0.935495107586264,0.9000475939822811,0.035447513603982905,False
3373,0.06846754085104655,0.06915343063004908,-0.0006858897790025381,True
3374,0.0,0.0,0.0,True
3375,0.49118352467804993,0.440395825795046,0.05078769888300394,False
3376,0.12208282302103893,0.12034353536446356,0.0017392876565753695,True
3377,0.0,0.011346658382785646,-0.011346658382785646,True
3378,0.608299847911427,0.5832240970612074,0.025075750850219625,False
3379,0.6080476713669275,0.4271864055521759,0.1808612658147516,False
3380,0.6941593801455156,0.6819334722916391,0.01222590785387645,False
3381,0.3506364340298389,0.33571476546541784,0.014921668564421064,False
3382,0.7916412378081404,0.7819713363614228,0.009669901446717644,False
3383,0.0,0.057626161817109244,-0.057626161817109244,True
3384,0.43337202584755663,0.43086376366593304,0.0025082621816235884,False
3385,0.0,0.0013486713561559557,-0.0013486713561559557,True
3386,0.10939746936190224,0.05308341875115701,0.05631405061074523,True
3387,0.31622182659994236,0.1596548036988653,0.15656702290107705,False
3388,0.45936228180801575,0.4349138820693384,0.02444839973867735,False
3389,0.5597085197862757,0.380574390662828,0.17913412912344767,False
3390,0.0,0.011860774217458857,-0.011860774217458857,True
3391,0.3229101111315027,0.2175021027301067,0.105408008401396,False
3392,0.4425555615679853,0.44207348514911604,0.00048207641886927055,False
3393,0.0,0.0,0.0,True
3394,0.3037110813954938,0.28546024241979623,0.01825083897569757,False
3395,0.0,0.037669327674242435,-0.037669327674242435,True
3396,0.5416286791619135,0.5344514263118277,0.007177252850085747,False
3397,0.0,0.033096839776326464,-0.033096839776326464,True
3398,0.6089505117285348,0.48317664228951657,0.1257738694390182,False
3399,0.436537116795121,0.3041096540522775,0.1324274627428435,False
3400,0.0,0.06264623300146172,-0.06264623300146172,True
3401,0.1625109049968621,0.11957452421946155,0.04293638077740056,True
3402,0.17069842062698753,0.1529087952749131,0.01778962535207443,True
3403,0.130875866083323,0.12578093905278073,0.005094927030542262,True
3404,0.3666955995968855,0.3485241610336316,0.018171438563253928,False
3405,0.34505517190130935,0.33709137644713616,0.007963795454173195,False
3406,0.8604584077133105,0.8471634302059314,0.013294977507379069,False
3407,0.8526477440288023,0.8358467910494319,0.016800952979370343,False
3408,0.11768328416491251,0.11467395361570092,0.0030093305492115974,True
3409,0.6443979459222833,0.6290784319662293,0.01531951395605402,False
3410,0.4941011985572628,0.282949582573666,0.21115161598359683,False
3411,0.3282658789263832,0.18036563661694394,0.14790024230943927,False
3412,0.6142073427230756,0.4143709094198837,0.19983643330319195,False
3413,0.5551037623491512,0.49847394776025,0.05662981458890115,False
3414,0.7175789456363167,0.6141072464878305,0.1034716991484862,False
3415,0.14185186533929056,0.1163589828743914,0.025492882464899155,True
3416,0.6443055892862566,0.4988570042947551,0.14544858499150148,False
3417,0.2529155368594299,0.2468579823095789,0.006057554549851019,False
3418,0.6256524090383846,0.5666422983016307,0.059010110736753885,False
3419,0.3110948083188183,0.3045851185641763,0.006509689754642001,False
3420,0.9012566844710328,0.8788204031054717,0.022436281365561084,False
3421,0.7530367570359007,0.7326084907519673,0.02042826628393335,False
3422,0.6084237703227057,0.5396242786831088,0.06879949163959687,False
3423,0.1473519662737962,0.14723674657536795,0.00011521969842825941,True
3424,0.02266649083392895,0.006452154734366143,0.01621433609956281,True
3425,0.10915579519989878,0.10764189590729348,0.0015138992926053002,True
3426,0.11601036510351204,0.11179176546435472,0.004218599639157314,True
3427,0.41378357030337426,0.4082870681996158,0.0054965021037584605,False
3428,0.3321684976596298,0.3205541020547455,0.011614395604884309,False
3429,0.4708945307382971,0.46067831114584823,0.010216219592448894,False
3430,0.6459575694148522,0.6041369506982343,0.04182061871661791,False
3431,0.3100934873388905,0.2391196957610655,0.07097379157782502,False
3432,0.0,0.018641031214239944,-0.018641031214239944,True
3433,0.0,0.009382487736114246,-0.009382487736114246,True
3434,0.0,0.0,0.0,True
3435,0.7249172739367454,0.7044451604588118,0.02047211347793365,False
3436,0.07525329356117363,0.07494171459024256,0.00031157897093107845,True
3437,0.8998785302934534,0.859375812085003,0.04050271820845042,False
3438,0.6110398121819611,0.5913609584704036,0.01967885371155753,False
3439,0.6383719395846009,0.4466771309533852,0.19169480863121574,False
3440,0.05129095633997545,0.03552731046342086,0.015763645876554593,True
3441,0.8056709492576666,0.6539583517010682,0.15171259755659838,False
3442,0.40395759554491906,0.39780574872440905,0.00615184682051001,False
3443,0.9007499247137501,0.8418559759202315,0.05889394879351861,False
3444,0.5382259434900795,0.3819074148777895,0.15631852861228995,False
3445,0.5057734605050185,0.3840939091187618,0.12167955138625669,False
3446,0.0,0.0,0.0,True
3447,0.049766417360070044,0.046346816899948455,0.0034196004601215885,True
3448,0.6371854525717351,0.558417998511984,0.07876745405975105,False
3449,0.023311336354590702,0.007467527846263823,0.01584380850832688,True
3450,0.12514129446261246,0.11755523506064604,0.007586059401966425,True
3451,0.42340021219039986,0.38649570197904526,0.0369045102113546,False
3452,0.2191515717560007,0.21892513135225117,0.00022644040374952823,False
3453,0.8800733735931439,0.8560414725554354,0.02403190103770847,False
3454,0.0,0.0,0.0,True
3455,0.0,0.0,0.0,True
3456,0.049038915627044086,0.046483759903681796,0.00255515572336229,True
3457,0.9149372916616053,0.8864990710318689,0.028438220629736444,False
3458,0.08392834379370777,0.07381803920731406,0.010110304586393712,True
3459,0.05243123759805536,0.03646152626495068,0.01596971133310468,True
3460,0.12142672649214761,0.12224376296845992,-0.0008170364763123023,True
3461,0.14984726944590215,0.08380428716149049,0.06604298228441166,True
3462,0.21326978415503683,0.20797551940391,0.005294264751126848,False
3463,0.05367099644757151,0.05257949874141272,0.001091497706158795,True
3464,0.2353468903533412,0.2306901985207158,0.004656691832625404,False
3465,0.6954205474115182,0.6586022686984412,0.03681827871307697,False
3466,0.8608311106588201,0.8366300548924434,0.024201055766376767,False
3467,0.3889183759533979,0.3773610743427074,0.011557301610690518,False
3468,0.47368754909069544,0.46867369805446984,0.005013851036225592,False
3469,0.29823288390245256,0.29002523268654856,0.008207651215904,False
3470,0.4719657964907592,0.455547894761111,0.016417901729648188,False
3471,0.10182619849700614,0.09313042017798395,0.008695778319022185,True
3472,0.0,0.0,0.0,True
3473,0.674385661268906,0.5239562927680625,0.15042936850084343,False
3474,0.21838467361171618,0.1674045291923805,0.05098014441933568,False
3475,0.0,0.0,0.0,True
3476,0.10017313645823314,0.07619416722465608,0.023978969233577063,True
3477,0.232717633908725,0.07728378654910811,0.15543384735961688,False
3478,0.0,0.021105651332533944,-0.021105651332533944,True
3479,0.3563350459523997,0.3158707339716629,0.0404643119807368,False
3480,0.7064639650186955,0.6550907802963467,0.05137318472234875,False
3481,0.6257755045660541,0.6175950324788964,0.008180472087157775,False
3482,0.16769887095495506,0.15100401327187582,0.01669485768307924,True
3483,0.0,0.000687346349759338,-0.000687346349759338,True
3484,0.0,0.0,0.0,True
3485,0.6335731702295889,0.6206295645426405,0.012943605686948412,False
3486,0.5956739548286237,0.5902738839807717,0.00540007084785199,False
3487,0.14507717971914186,0.11273461177436579,0.032342567944776066,True
3488,0.037878637019933444,0.031050383748421867,0.0068282532715115765,True
3489,0.09635524229589508,0.09349128991892482,0.0028639523769702635,True
3490,0.2808212125252737,0.27113219918017145,0.009689013345102249,False
3491,0.0,0.056564119703116436,-0.056564119703116436,True
3492,0.4258794782126986,0.36565709734511187,0.060222380867586744,False
3493,0.5141626338908177,0.4886194364146588,0.025543197476158908,False
3494,0.2732493813520285,0.2688672899783167,0.004382091373711761,False
3495,0.4132811585566584,0.4073386476791722,0.005942510877486207,False
3496,0.23143008755932398,0.22157082053012392,0.009859267029200064,False
3497,0.0,0.0,0.0,True
3498,0.22712061716643614,0.22646144071870014,0.0006591764477359985,False
3499,0.0,0.0,0.0,True
3500,0.0,0.0,0.0,True
3501,0.5348907218040334,0.38780986763823233,0.14708085416580108,False
3502,0.261138632295841,0.10410765777149163,0.1570309745243494,False
3503,0.0,0.020994250838044903,-0.020994250838044903,True
3504,0.8155759009991785,0.7967128720545993,0.018863028944579252,False
3505,0.46108810644661724,0.22710416460479688,0.23398394184182036,False
3506,0.5359314290706372,0.3136328987611711,0.22229853030946606,False
3507,0.8023937391593877,0.7871570209481351,0.015236718211252609,False
3508,0.45138975586598884,0.44217508163209673,0.009214674233892106,False
3509,0.6210894886317601,0.5646779318911732,0.05641155674058684,False
3510,0.11097304705461838,0.05404451068886542,0.056928536365752964,True
3511,0.2404250913391191,0.19572473489877323,0.04470035644034587,False
3512,0.6644350795544619,0.6278718383647358,0.03656324118972609,False
3513,0.1361329284169048,0.12080516395219333,0.015327764464711471,True
3514,0.5550290052302542,0.510252531056764,0.04477647417349018,False
3515,0.5985143120123274,0.5925258366381039,0.005988475374223534,False
3516,0.22532419251930655,0.2001146037041552,0.02520958881515134,False
3517,0.0,0.0,0.0,True
3518,0.43434568135422,0.4244478899359529,0.009897791418267132,False
3519,0.6826550620431482,0.6816145321431432,0.0010405299000050272,False
3520,0.6537000258593747,0.5504619233272449,0.10323810253212984,False
3521,0.35932884089813155,0.3298203943103585,0.029508446587773074,False
3522,0.5744857885694611,0.5456016575023624,0.02888413106709864,False
3523,0.08550953985336408,0.0802945061067305,0.005215033746633582,True
3524,0.0,0.0,0.0,True
3525,0.29267981071096133,0.17596606854000857,0.11671374217095276,False
3526,0.4218348220663334,0.4190379424846587,0.0027968795816746828,False
3527,0.23361488805462718,0.09904760819924528,0.13456727985538192,False
3528,0.37903080186685045,0.355148598827187,0.02388220303966343,False
3529,0.3281782251770918,0.31766840258344364,0.010509822593648133,False
3530,0.18043858700862564,0.13675517138299795,0.04368341562562769,True
3531,0.47660590945974896,0.46923817569619947,0.007367733763549489,False
3532,0.4175907306960826,0.41541172756707767,0.0021790031290049305,False
3533,0.14748050346034366,0.059974570883443386,0.08750593257690029,True
3534,0.09674679390439495,0.08891736925134874,0.007829424653046202,True
3535,0.0,0.006785545501473455,-0.006785545501473455,True
3536,0.0,0.006165868971802009,-0.006165868971802009,True
3537,0.4453378110173588,0.43412111862029107,0.01121669239706774,False
3538,0.3558423336089129,0.23368360443525688,0.122158729173656,False
3539,0.5527921616751408,0.4128270493903494,0.13996511228479136,False
3540,0.8680061789038376,0.8653210954755332,0.0026850834283044245,False
3541,0.04312424085927919,0.03399398579978097,0.009130255059498223,True
3542,0.2092919586369954,0.11136798490964674,0.09792397372734866,False
3543,0.389971604275911,0.37451331541939714,0.015458288856513847,False
3544,0.2402926941652709,0.120967214410682,0.1193254797545889,False
3545,0.8644011599529198,0.8271994194602241,0.037201740492695645,False
3546,0.8944071916425423,0.8702161350164634,0.0241910566260789,False
3547,0.33523014397847767,0.27044067286625745,0.06478947111222022,False
3548,0.9680483987973544,0.9464853602987586,0.021563038498595755,False
3549,0.3498598900240561,0.3433391043023706,0.006520785721685518,False
3550,0.20524165067065883,0.1520989731674431,0.05314267750321572,False
3551,0.14895821095293643,0.13991949698089326,0.009038713972043172,True
3552,0.1786932576695854,0.15653823914064893,0.022155018528936476,True
3553,0.1988546731252496,0.175346154155323,0.02350851896992659,True
3554,0.8697267495682395,0.840354792020833,0.029371957547406513,False
3555,0.0,0.0472034586968767,-0.0472034586968767,True
3556,0.34152708119085856,0.33281934471335595,0.008707736477502614,False
3557,0.10683076870177492,0.08544299851998344,0.021387770181791485,True
3558,0.19553428861154773,0.16776657996038752,0.02776770865116021,True
3559,0.346016704818414,0.3456813644669814,0.00033534035143262253,False
3560,0.3941581767052176,0.38521717403906774,0.008941002666149833,False
3561,0.0,0.037370708097713666,-0.037370708097713666,True
3562,0.0,0.0542650719538323,-0.0542650719538323,True
3563,0.35131889439849345,0.1967094532181317,0.15460944118036174,False
3564,0.31960297196868914,0.3055145717718185,0.014088400196870632,False
3565,0.0,0.013486768671046055,-0.013486768671046055,True
3566,0.621762420079259,0.6201440746195587,0.0016183454597002989,False
3567,0.3635824692146732,0.3591228508442715,0.004459618370401708,False
3568,0.1745072300085456,0.1705591406220793,0.003948089386466291,True
3569,0.4396262861611432,0.39482276077307193,0.04480352538807125,False
3570,0.0,0.05263240981587858,-0.05263240981587858,True
3571,0.5855492523736303,0.41895029092194713,0.16659896145168318,False
3572,0.3795564840934948,0.36550855723711606,0.014047926856378734,False
3573,0.5526497556796812,0.3831632189802873,0.1694865366993939,False
3574,0.43365348699951173,0.4129345646728932,0.02071892232661854,False
3575,0.029304482496921094,0.0175744740147863,0.011730008482134794,True
3576,0.4682923029884763,0.267940588478155,0.2003517145103213,False
3577,0.896994363053633,0.8727995246903002,0.024194838363332805,False
3578,0.4563995215051246,0.4422737549244113,0.014125766580713295,False
3579,0.6741234207496088,0.4784160592035135,0.19570736154609536,False
3580,0.5914753848572457,0.5623194877092593,0.029155897147986387,False
3581,0.08061314414670309,0.08075321875580073,-0.00014007460909763736,True
3582,0.0,0.012114561635263114,-0.012114561635263114,True
3583,0.5976227082247973,0.545949426315582,0.051673281909215385,False
3584,0.6118713609637456,0.608607369543371,0.00326399142037459,False
3585,0.1263549540054389,0.11938854013439096,0.006966413871047933,True
3586,0.16215583655904756,0.1574649697373625,0.004690866821685069,True
3587,0.06718981242502932,0.06597090341103623,0.0012189090139930886,True
3588,0.22746955346386663,0.14760874440714758,0.07986080905671905,False
3589,0.050336939959168096,0.04668516490428091,0.003651775054887188,True
3590,0.6287900342039398,0.5452148530827997,0.08357518112114004,False
3591,0.04915374921083485,0.04624860060529088,0.0029051486055439724,True
3592,0.06545713117262647,0.05712206752708001,0.00833506364554646,True
3593,0.44950540672427425,0.42619196231238704,0.023313444411887208,False
3594,0.08265002778016428,0.08229031095773498,0.00035971682242930125,True
3595,0.0,0.016163059889396387,-0.016163059889396387,True
3596,0.6579898003089605,0.5944042049208702,0.06358559538809028,False
3597,0.0517327469673962,0.05008837060786834,0.0016443763595278618,True
3598,0.1630740502514144,0.1272548018442487,0.03581924840716569,True
3599,0.34558571290495793,0.34072884709823614,0.0048568658067217885,False
3600,0.5203719944607802,0.4745625775071587,0.04580941695362151,False
3601,0.45318651477197625,0.27979419601429323,0.17339231875768302,False
3602,0.5571333468044837,0.5432159401696128,0.013917406634870844,False
3603,0.13206369565934242,0.07979360390708637,0.052270091752256054,True
3604,0.36426924309035225,0.3559743371944855,0.008294905895866733,False
3605,0.3610709985741221,0.35891400673698554,0.0021569918371365793,False
3606,0.38574052733220404,0.3789797834665503,0.006760743865653729,False
3607,0.20696059731368016,0.1198438218021029,0.08711677551157726,False
3608,0.5448555622400236,0.4848703742663103,0.05998518797371333,False
3609,0.657170376373841,0.6288950185084967,0.028275357865344297,False
3610,0.14098228728624113,0.10078379615449021,0.04019849113175092,True
3611,0.46521777277693543,0.2612228298807829,0.20399494289615255,False
3612,0.0,0.0,0.0,True
3613,0.6796524363973211,0.639615342607406,0.040037093789915046,False
3614,0.0,0.007503027047058196,-0.007503027047058196,True
3615,0.2763637724743887,0.10292494038056715,0.17343883209382155,False
3616,0.2166674361135391,0.120109717081663,0.09655771903187611,False
3617,0.9625939710670108,0.9394861746995777,0.023107796367433098,False
3618,0.3836565346310726,0.37374795987897147,0.009908574752101107,False
3619,0.052757198074533086,0.050020728353852247,0.0027364697206808397,True
3620,0.6602589112243074,0.6584924952205514,0.0017664160037559329,False
3621,0.7525543037533997,0.7466261715184164,0.005928132234983341,False
3622,0.8566581825100269,0.807548443034368,0.04910973947565889,False
3623,0.5712656557533302,0.3651124866646595,0.2061531690886707,False
3624,0.0,0.0,0.0,True
3625,0.0,0.0,0.0,True
3626,0.6621066806947767,0.6420244542930126,0.02008222640176416,False
3627,0.11031943779539995,0.08517580946280454,0.02514362833259541,True
3628,0.05228922239740787,0.04244035542592272,0.009848866971485147,True
3629,0.5451497093603621,0.3787211949319861,0.16642851442837603,False
3630,0.15349313343274215,0.1455268583252469,0.007966275107495258,True
3631,0.74442596223263,0.6527199699306354,0.09170599230199461,False
3632,0.033740323421663165,0.023173487780830015,0.01056683564083315,True
3633,0.1953909032679556,0.13885777802733643,0.05653312524061918,True
3634,0.275863552326776,0.2735607728660382,0.002302779460737814,False
3635,0.5692355841090586,0.5481998853028348,0.0210356988062238,False
3636,0.5631341676392698,0.5523864424277452,0.010747725211524672,False
3637,0.4753550970611915,0.46077937935876495,0.01457571770242655,False
3638,0.7931609582611582,0.7297260219253686,0.06343493633578956,False
3639,0.09256623334501493,0.08941956297921665,0.0031466703657982847,True
3640,0.6596952905772776,0.6476161210398862,0.01207916953739141,False
3641,0.0,0.0,0.0,True
3642,0.13745588185863197,0.060198670700202905,0.07725721115842907,True
3643,0.7620861288959635,0.7535007820875779,0.00858534680838563,False
3644,0.42497413924227284,0.3290579390924229,0.09591620014984992,False
3645,0.6319690621301193,0.6144026223854113,0.01756643974470795,False
3646,0.15748945782878587,0.15301193397298068,0.004477523855805188,True
3647,0.0,0.0,0.0,True
3648,0.5165475965578515,0.4340816095287797,0.08246598702907182,False
3649,0.5522451345410432,0.5349313591947877,0.017313775346255444,False
3650,0.20025220873701832,0.12513100173799077,0.07512120699902755,False
3651,0.39117528044077393,0.26562779565087447,0.12554748478989947,False
3652,0.5421872937600574,0.5293015843700133,0.012885709390044076,False
3653,0.5681243963317884,0.503487927615973,0.0646364687158153,False
3654,0.3650719950550975,0.33577035651326503,0.029301638541832487,False
3655,0.07418477105425249,0.07199453076832213,0.002190240285930359,True
3656,0.9267721879212043,0.8669462402932637,0.05982594762794058,False
3657,0.5404534643551162,0.48924316079943414,0.05121030355568207,False
3658,0.16604964363460925,0.1253311670935128,0.04071847654109645,True
3659,0.2672157808727911,0.10556117346936578,0.1616546074034253,False
3660,0.0,0.0,0.0,True
3661,0.42558504164588806,0.27627133361557465,0.1493137080303134,False
3662,0.06783658771377807,0.05837177123349173,0.00946481648028634,True
3663,0.0,0.006698603829564698,-0.006698603829564698,True
3664,0.35212814077060345,0.2849052873568605,0.06722285341374296,False
3665,0.5293255196410804,0.4315345557947917,0.09779096384628871,False
3666,0.5250095954341936,0.524031002549355,0.0009785928848385916,False
3667,0.09910386443922456,0.078639929354128,0.020463935085096557,True
3668,0.8527450770514841,0.8347937463664142,0.017951330685069822,False
3669,0.0,0.02444495018303924,-0.02444495018303924,True
3670,0.4200453072766575,0.40760227075177197,0.012443036524885542,False
3671,0.9211515400864295,0.8926247384292765,0.028526801657153045,False
3672,0.02787291221667728,0.015055350258299242,0.012817561958378038,True
3673,0.28931413667655187,0.216919076076149,0.07239506060040288,False
3674,0.06577804719399426,0.04306565870158081,0.02271238849241345,True
3675,0.41483950477709364,0.3130009400411695,0.10183856473592412,False
3676,0.0,0.0,0.0,True
3677,0.04753651661738565,0.044354147203399336,0.003182369413986315,True
3678,0.2752421589218329,0.15773096314352003,0.11751119577831287,False
3679,0.24884329532713492,0.24819110947251732,0.0006521858546175985,False
3680,0.17393634890426343,0.15838427044105197,0.015552078463211466,True
3681,0.14369601559700731,0.14198630767482462,0.001709707922182696,True
3682,0.1421027200976475,0.13824828115991988,0.0038544389377276056,True
3683,0.5045481939095209,0.28625489622679534,0.21829329768272554,False
3684,0.6577463457558778,0.4398445556530004,0.21790179010287736,False
3685,0.15698865376662496,0.1563099632946594,0.0006786904719655595,True
3686,0.06593809528916673,0.048253759416288386,0.01768433587287835,True
3687,0.10292507181061089,0.09972033872404872,0.0032047330865621754,True
3688,0.4468579091917501,0.35998932918622,0.0868685800055301,False
3689,0.5676578742951791,0.4411739099277165,0.12648396436746262,False
3690,0.39677419310057954,0.38894576928167995,0.007828423818899588,False
3691,0.30957916921192713,0.2993983637836929,0.01018080542823424,False
3692,0.1962829452483321,0.1862330549529366,0.010049890295395492,True
3693,0.0,0.009018134827421542,-0.009018134827421542,True
3694,0.5088970284418997,0.5031040491528488,0.00579297928905087,False
3695,0.5256115517684823,0.5147896876202342,0.01082186414824804,False
3696,0.35190126229976304,0.29576453743204073,0.05613672486772231,False
3697,0.07842375550909737,0.07187216189159809,0.006551593617499282,True
3698,0.05660533121559371,0.05629846897826638,0.0003068622373273294,True
3699,0.5600331343518565,0.5579882340782308,0.002044900273625694,False
3700,0.0,0.034058351023493916,-0.034058351023493916,True
3701,0.17269788173893982,0.11355638906633603,0.059141492672603796,True
3702,0.28888888647728617,0.21084452058426192,0.07804436589302424,False
3703,0.7517607605389063,0.7209621598004832,0.03079860073842311,False
3704,0.0,0.020839823360356603,-0.020839823360356603,True
3705,0.8428183973752003,0.7816489867953919,0.0611694105798084,False
3706,0.32507334582411607,0.2727190269483576,0.05235431887575848,False
3707,0.6598624716787204,0.5214088657851415,0.1384536058935789,False
3708,0.5662686481868854,0.5459605763544116,0.02030807183247374,False
3709,0.9090430030429618,0.892358161769573,0.016684841273388762,False
3710,0.29981836446198695,0.19570656435647485,0.1041118001055121,False
3711,0.455760358102153,0.4240414619537454,0.03171889614840756,False
3712,0.63629844325641,0.5286465689528905,0.10765187430351952,False
3713,0.0,0.0,0.0,True
3714,0.4148679852846561,0.2606973138929886,0.1541706713916675,False
3715,0.2715506700901366,0.2579839032859332,0.013566766804203434,False
3716,0.19642980784463268,0.12053938750003201,0.07589042034460067,True
3717,0.0,0.0,0.0,True
3718,0.0,0.0,0.0,True
3719,0.46344965845393665,0.4198414053859643,0.043608253067972336,False
3720,0.42371925181975045,0.27640714030179925,0.1473121115179512,False
3721,0.5254303268794733,0.31071561376560547,0.21471471311386786,False
3722,0.17661931292123495,0.172518589889177,0.00410072303205794,True
3723,0.6429849468276219,0.5785162433176007,0.06446870351002121,False
3724,0.8598804526006488,0.848450816834387,0.01142963576626188,False
3725,0.5703166643094152,0.5554324909945193,0.014884173314895888,False
3726,0.47739006564205116,0.4494838225172769,0.027906243124774244,False
3727,0.0,0.0,0.0,True
3728,0.702792831498227,0.6963072357381679,0.006485595760059137,False
3729,0.21975098056148684,0.15525560407912595,0.0644953764823609,False
3730,0.0,0.030896135263740233,-0.030896135263740233,True
3731,0.0,0.0029776207897384394,-0.0029776207897384394,True
3732,0.41417469800134626,0.17997265246318606,0.2342020455381602,False
3733,0.6130992750292471,0.395582005241999,0.2175172697872481,False
3734,0.4118204211863173,0.39907535147705275,0.012745069709264534,False
3735,0.2938211678730719,0.2859624632320161,0.007858704641055814,False
3736,0.04509673395917822,0.04030577688156465,0.004790957077613574,True
3737,0.0,0.0,0.0,True
3738,0.5949423565055743,0.562988993032007,0.03195336347356725,False
3739,0.6614650494133337,0.6508705880377358,0.010594461375597941,False
3740,0.6020129023549998,0.40977331099010406,0.19223959136489577,False
3741,0.06276181290298524,0.0552811834230862,0.00748062947989904,True
3742,0.27096023524808305,0.24554107987112284,0.025419155376960212,False
3743,0.31909084108223834,0.3135385129028793,0.005552328179359023,False
3744,0.27408857656962354,0.08935149137436595,0.1847370851952576,False
3745,0.8351750498589304,0.8301147139779296,0.005060335881000855,False
3746,0.24197513359343376,0.2206708924420738,0.021304241151359954,False
3747,0.15467820078511313,0.10998444194919099,0.04469375883592214,True
3748,0.7104846635818679,0.7020649016602596,0.008419761921608315,False
3749,0.23939166219640562,0.18906732873584126,0.05032433346056436,False
3750,0.44590420758422544,0.42572561500369616,0.020178592580529287,False
3751,0.409922068007368,0.38795743379879144,0.021964634208576583,False
3752,0.789342112529231,0.6322178210473348,0.15712429148189622,False
3753,0.20579800019737643,0.2036334676433644,0.0021645325540120275,False
3754,0.3452474221591512,0.3282718402211965,0.01697558193795473,False
3755,0.509883032953601,0.5097634552835766,0.00011957767002446218,False
3756,0.0,0.0,0.0,True
3757,0.728618176195818,0.6616483554538543,0.06696982074196378,False
3758,0.04496244454162741,0.03483699935297336,0.010125445188654048,True
3759,0.443315452365303,0.3253283439100892,0.11798710845521382,False
3760,0.16923717284373888,0.1183216574404756,0.05091551540326328,True
3761,0.7385388688736405,0.6953629973204661,0.04317587155317437,False
3762,0.7310128108271776,0.7202909096905068,0.01072190113667082,False
3763,0.037107468070737726,0.029377751862740928,0.007729716207996798,True
3764,0.8777184184794147,0.8518481499473075,0.025870268532107166,False
3765,0.3128003216158168,0.20270280066776214,0.11009752094805464,False
3766,0.0,0.0,0.0,True
3767,0.1794703229687066,0.17495989213454974,0.004510430834156864,True
3768,0.943252325965864,0.8940717790482552,0.04918054691760876,False
3769,0.32763894950509015,0.27608885179533416,0.05155009770975599,False
3770,0.472855593029884,0.4248061721923169,0.04804942083756708,False
3771,0.3352187711855118,0.3353499803457234,-0.00013120916021158724,False
3772,0.07076773693546477,0.04119719192095774,0.02957054501450703,True
3773,0.3929857406039404,0.3821908157167587,0.0107949248871817,False
3774,0.44671637093289196,0.24470583905337018,0.20201053187952178,False
3775,0.3613440152309032,0.3504372678226805,0.010906747408222728,False
3776,0.4454171788242814,0.432905005682369,0.012512173141912386,False
3777,0.6531352105674374,0.6327860103426494,0.020349200224788033,False
3778,0.0,0.0590371169699973,-0.0590371169699973,True
3779,0.13425130197100305,0.12872592720351525,0.005525374767487795,True
3780,0.0,0.0,0.0,True
3781,0.15447807934881533,0.14699084671108448,0.007487232637730851,True
3782,0.43752639328523185,0.4313522981335503,0.006174095151681547,False
3783,0.31519752886704083,0.31575953085832426,-0.0005620019912834229,False
3784,0.7872082054286966,0.7622661649674843,0.02494204046121229,False
3785,0.11194799604070012,0.10088574403941826,0.011062252001281858,True
3786,0.5216175180800123,0.5009283090100691,0.020689209069943204,False
3787,0.12671319329756545,0.07069531097683236,0.056017882320733084,True
3788,0.061501093463361585,0.043719672536601785,0.0177814209267598,True
3789,0.22148278731749016,0.21617096483463177,0.005311822482858386,False
3790,0.0,0.047650660367098314,-0.047650660367098314,True
3791,0.1735351311505413,0.09057804645152606,0.08295708469901525,True
3792,0.4378140389330597,0.43088082198104705,0.006933216952012655,False
3793,0.11080107153312135,0.10437395599342421,0.006427115539697145,True
3794,0.0,0.03401931429898959,-0.03401931429898959,True
3795,0.9116864799520035,0.9032521862282163,0.008434293723787123,False
3796,0.6762604252654526,0.5824251960940171,0.0938352291714355,False
3797,0.5445208576891372,0.3548780490668635,0.18964280862227367,False
3798,0.37386050438182794,0.26196504279265276,0.11189546158917518,False
3799,0.6942012170208308,0.6622833836779344,0.03191783334289644,False
3800,0.27665284102515236,0.2728666620551364,0.0037861789700159854,False
3801,0.07197190829888025,0.0664298749985471,0.005542033300333149,True
3802,0.07570292070327245,0.06921220956082583,0.00649071114244662,True
3803,0.10896214408452454,0.10389904472757344,0.005063099356951095,True
3804,0.49186225573255854,0.48303974859910676,0.008822507133451785,False
3805,0.1048318199369384,0.09719014209035494,0.007641677846583456,True
3806,0.33910067568827196,0.33718427815785695,0.0019163975304150038,False
3807,0.2406683056990834,0.23561915201535663,0.00504915368372677,False
3808,0.3634814555236045,0.357461767872777,0.006019687650827499,False
3809,0.37056595664114533,0.3540703396868528,0.016495616954292525,False
3810,0.5849136539241103,0.520422397961109,0.06449125596300131,False
3811,0.028982249476353295,0.01674092127539944,0.012241328200953853,True
3812,0.5236187060465259,0.4927154613128368,0.03090324473368916,False
3813,0.15920394441567357,0.15631732862722056,0.0028866157884530064,True
3814,0.033874848072240296,0.024457889739170336,0.00941695833306996,True
3815,0.21873724895195124,0.07521935384775211,0.14351789510419913,False
3816,0.7489684329277748,0.6567638856033032,0.09220454732447159,False
3817,0.0,0.0259808312626006,-0.0259808312626006,True
3818,0.025912202578027278,0.01181199312380736,0.014100209454219918,True
3819,0.31397908308781064,0.15551061755062456,0.15846846553718608,False
3820,0.20323434926699374,0.19123577861609023,0.011998570650903512,False
3821,0.32639122983422164,0.1405065314133442,0.18588469842087743,False
3822,0.8337309889251657,0.7643425624935607,0.06938842643160503,False
3823,0.4178596823004497,0.2715752281380549,0.14628445416239477,False
3824,0.7313353951576347,0.6330827911389031,0.09825260401873159,False
3825,0.17495527500500432,0.17198634266698062,0.0029689323380237,True
3826,0.43028098358929306,0.38164966921258786,0.048631314376705204,False
3827,0.06483684176194969,0.06468634517647753,0.00015049658547215683,True
3828,0.36292929556569203,0.3156113581051774,0.04731793746051466,False
3829,0.7634017264973697,0.7525181212476303,0.010883605249739414,False
3830,0.0,0.0,0.0,True
3831,0.04668562599161566,0.04116645178463283,0.005519174206982828,True
3832,0.2711368422243865,0.2650866176543206,0.006050224570065876,False
3833,0.2348962851957077,0.22232646084181087,0.012569824353896836,False
3834,0.8503705272966618,0.7400001529615756,0.11037037433508623,False
3835,0.2847871062323085,0.2831412912887887,0.001645814943519841,False
3836,0.48022109714000444,0.46548104299128745,0.014740054148716986,False
3837,0.606499248132294,0.5986048744577455,0.007894373674548594,False
3838,0.0,0.0,0.0,True
3839,0.1879998626299518,0.16692312016202637,0.02107674246792543,True
3840,0.6398794181727135,0.45883579038740957,0.18104362778530397,False
3841,0.8229514228147699,0.8209647817289769,0.0019866410857929395,False
3842,0.0,0.0,0.0,True
3843,0.22841343170708744,0.20799187710477587,0.02042155460231157,False
3844,0.3162198745798626,0.28231216730963044,0.03390770727023218,False
3845,0.0,0.0037054574010858387,-0.0037054574010858387,True
3846,0.16105808262778162,0.1308558709932604,0.03020221163452122,True
3847,0.9713091769019243,0.9451510595700902,0.026158117331834152,False
3848,0.3819136300071268,0.37374819264907966,0.008165437358047145,False
3849,0.3537882012821601,0.14285253736171033,0.21093566392044977,False
3850,0.06437004139120875,0.06297379504740766,0.0013962463438010886,True
3851,0.3685979719352426,0.3544841206226577,0.014113851312584857,False
3852,0.2195971179515599,0.2154002711773347,0.004196846774225188,False
3853,0.22293775449577008,0.20159194038936648,0.0213458141064036,False
3854,0.0,0.0,0.0,True
3855,0.0,0.00891859705701684,-0.00891859705701684,True
3856,0.03583776287155645,0.02680108376460625,0.009036679106950198,True
3857,0.02823127708704436,0.014516403672695124,0.013714873414349236,True
3858,0.05396228807230733,0.05245126458321701,0.001511023489090324,True
3859,0.932780010522846,0.879768561615075,0.053011448907770986,False
3860,0.19436905729288767,0.14127757300283802,0.053091484290049645,True
3861,0.7921238324859746,0.7058790617037672,0.08624477078220738,False
3862,0.3553889324005748,0.29654380193953317,0.05884513046104162,False
3863,0.3982550933313868,0.3876706452936881,0.010584448037698702,False
3864,0.2479029009342517,0.22711506383258023,0.02078783710167148,False
3865,0.0,0.0013260908250121938,-0.0013260908250121938,True
3866,0.44492227024773334,0.21215014485120837,0.23277212539652498,False
3867,0.34093298165629576,0.3363534560051927,0.004579525651103089,False
3868,0.5174890094184885,0.32972816512379527,0.18776084429469325,False
3869,0.0,0.027670123872280152,-0.027670123872280152,True
3870,0.399936663186484,0.39504223031198316,0.004894432874500865,False
3871,0.41392108405837785,0.23577908269550654,0.1781420013628713,False
3872,0.06656955158418434,0.06600283068927466,0.0005667208949096808,True
3873,0.3742286832311919,0.3672626876725145,0.006965995558677385,False
3874,0.16341824725412257,0.15333448710244518,0.01008376015167739,True
3875,0.698016640877798,0.6762558257779225,0.021760815099875486,False
3876,0.05191909741791694,0.04834811003389957,0.003570987384017371,True
3877,0.3354420666854517,0.29929784388015884,0.036144222805292836,False
3878,0.8275858302266793,0.798546618066065,0.029039212160614336,False
3879,0.4602194234818738,0.4474261304890516,0.01279329299282217,False
3880,0.18961112949766626,0.10691231198348937,0.08269881751417689,True
3881,0.5284281371811729,0.3902426889041455,0.1381854482770274,False
3882,0.0,9.604631891572302e-05,-9.604631891572302e-05,True
3883,0.14490713540749844,0.1332166064748478,0.011690528932650657,True
3884,0.06236594784051296,0.04803149994036907,0.01433444790014389,True
3885,0.05675374161041112,0.03676371174910653,0.01999002986130459,True
3886,0.04391490905075549,0.03950114526034992,0.004413763790405575,True
3887,0.9361541432526788,0.9032167810004483,0.03293736225223043,False
3888,0.7243420744201315,0.5660460538454261,0.1582960205747055,False
3889,0.17256329315308802,0.07859365530223145,0.09396963785085657,True
3890,0.6172355234615637,0.5406418616801023,0.07659366178146143,False
3891,0.0,0.05345711181681851,-0.05345711181681851,True
3892,0.817080024857135,0.7260849262846601,0.0909950985724749,False
3893,0.907888680816388,0.9045265748611667,0.0033621059552212396,False
3894,0.15939700631922715,0.15321395810179758,0.006183048217429571,True
3895,0.0,0.0,0.0,True
3896,0.4640280657473119,0.42394362796185553,0.040084437785456395,False
3897,0.3652931671987754,0.34162648744007923,0.023666679758696185,False
3898,0.3844627548334089,0.3620962557164579,0.02236649911695099,False
3899,0.14145341779243292,0.14163966471293268,-0.00018624692049976077,True
3900,0.525817352655473,0.4697933129060308,0.0560240397494422,False
3901,0.6546420799853245,0.6563505412082926,-0.001708461222968083,False
3902,0.07714597947530405,0.07691095566756158,0.000235023807742471,True
3903,0.2148780306999715,0.20536537574834116,0.00951265495163034,False
3904,0.29043158542060077,0.2716847831621922,0.01874680225840858,False
3905,0.4491139682375583,0.32925670152309783,0.11985726671446045,False
3906,0.8807778258333424,0.8628722390804389,0.017905586752903546,False
3907,0.0,0.07493914838771386,-0.07493914838771386,True
3908,0.13637369455806353,0.12479682980334636,0.01157686475471717,True
3909,0.12476976716270212,0.055839134139166455,0.06893063302353566,True
3910,0.7811457896901087,0.7594958562570742,0.021649933433034563,False
3911,0.23790948972440354,0.10978963020429246,0.12811985952011107,False
3912,0.35594559603846065,0.3516318331359951,0.0043137629024655455,False
3913,0.6442110247413058,0.5579956201420307,0.08621540459927501,False
3914,0.6092758397464388,0.5775218200026552,0.03175401974378367,False
3915,0.2388765116134506,0.2338480375434803,0.005028474069970312,False
3916,0.0,0.0,0.0,True
3917,0.12280927084706719,0.08074007078655819,0.042069200060509,True
3918,0.0,0.002002840258511726,-0.002002840258511726,True
3919,0.15806737182225353,0.15515489615389044,0.002912475668363085,True
3920,0.12398133503478906,0.12071616218704376,0.0032651728477453013,True
3921,0.40847730769188784,0.20167912319337983,0.206798184498508,False
3922,0.06301119241374976,0.05386785211730868,0.009143340296441087,True
3923,0.16929412929061638,0.12530565364025362,0.04398847565036276,True
3924,0.6808455674408701,0.6513727288499455,0.029472838590924644,False
3925,0.14123887797359713,0.1029973864104192,0.03824149156317794,True
3926,0.09318089335979952,0.08953295005042185,0.003647943309377677,True
3927,0.0,0.06925103548608717,-0.06925103548608717,True
3928,0.40015471352231785,0.22197855376318343,0.17817615975913442,False
3929,0.24319496422318565,0.20079614942759014,0.04239881479559551,False
3930,0.14672436402815484,0.13339435938683264,0.013330004641322196,True
3931,0.338701792263324,0.18028766635009977,0.1584141259132242,False
3932,0.674122596639607,0.5279228028570395,0.14619979378256753,False
3933,0.2725294740632363,0.18176303832539292,0.09076643573784338,False
3934,0.13154520456156307,0.09480546855102377,0.0367397360105393,True
3935,0.2585655625547974,0.13227492017282952,0.12629064238196788,False
3936,0.3234989666162571,0.22193083905453415,0.10156812756172295,False
3937,0.09553517901350354,0.09223925913655737,0.0032959198769461767,True
3938,0.17280272517720685,0.16877607873235412,0.004026646444852733,True
3939,0.3923840359945041,0.3907792127063984,0.0016048232881056834,False
3940,0.4905880005949238,0.4906127633017241,-2.4762706800296463e-05,False
3941,0.5796031131041589,0.5769335463241251,0.0026695667800338274,False
3942,0.5982085152067045,0.5052290922082311,0.0929794229984734,False
3943,0.549780844882865,0.38446515072631254,0.1653156941565525,False
3944,0.4269867481776695,0.381143372201027,0.04584337597664251,False
3945,0.0,0.021680587731683323,-0.021680587731683323,True
3946,0.373032946370753,0.3554219441519456,0.017611002218807403,False
3947,0.28831823285949926,0.2884245733686479,-0.00010634050914865023,False
3948,0.9859469330889097,0.9832487660137954,0.0026981670751142772,False
3949,0.6485835061925758,0.4623533865990527,0.1862301195935231,False
3950,0.734288344725857,0.7064071209780651,0.027881223747791894,False
3951,0.3201929241901483,0.25305162220596633,0.06714130198418194,False
3952,0.38254429490621567,0.21139623323235296,0.1711480616738627,False
3953,0.31272462554064095,0.12661617442580322,0.18610845111483773,False
3954,0.4749017893857709,0.46065285349706625,0.014248935888704628,False
3955,0.18296575518637187,0.14283730195748334,0.04012845322888853,True
3956,0.06290714834843517,0.04680065857260202,0.016106489775833142,True
3957,0.0,0.0,0.0,True
3958,0.031952608195074846,0.021674391833715785,0.01027821636135906,True
3959,0.13193516821976883,0.12450192573016519,0.007433242489603642,True
3960,0.3475663976712811,0.3385292607773808,0.009037136893900288,False
3961,0.15522281537495708,0.15439497485878928,0.0008278405161677993,True
3962,0.42452134828071797,0.28814284233886894,0.13637850594184903,False
3963,0.06538123548104997,0.06153808773647831,0.0038431477445716664,True
3964,0.6450453065109045,0.48418537010587515,0.16085993640502938,False
3965,0.2898044346989431,0.2762766055725664,0.013527829126376734,False
3966,0.0,0.0,0.0,True
3967,0.7753354331647967,0.6817404881385655,0.09359494502623122,False
3968,0.4114192877003211,0.4012246219873088,0.010194665713012308,False
3969,0.8621881559242578,0.8260636501786602,0.03612450574559756,False
3970,0.8694201555986649,0.8550367552161171,0.014383400382547817,False
3971,0.05478957422114917,0.05126586301489508,0.003523711206254089,True
3972,0.3074958898016842,0.30362047174648166,0.0038754180552025286,False
3973,0.26132181012684996,0.13125101904577818,0.13007079108107178,False
3974,0.08314368709328894,0.0834326988034665,-0.00028901171017756133,True
3975,0.42951218054656054,0.2842270724326737,0.14528510811388684,False
3976,0.0,0.01675873239495714,-0.01675873239495714,True
3977,0.666762363721457,0.6429297378101168,0.023832625911340277,False
3978,0.0,0.07724387012783258,-0.07724387012783258,True
3979,0.2782511585155253,0.11162080806682113,0.16663035044870417,False
3980,0.3907202615780573,0.35555391354459714,0.03516634803346014,False
3981,0.04355406754423156,0.0322879759630186,0.011266091581212959,True
3982,0.8499840063186158,0.8239124142786104,0.02607159204000542,False
3983,0.17317351699568836,0.13786363149970524,0.03530988549598313,True
3984,0.1345879642919814,0.13112535484782156,0.0034626094441598254,True
3985,0.234131630564715,0.21763419175544402,0.016497438809270987,False
3986,0.0,0.029032649611392344,-0.029032649611392344,True
3987,0.4369266564366556,0.38522242753579383,0.05170422890086179,False
3988,0.44849889287021427,0.44629871314270153,0.002200179727512741,False
3989,0.27238402673234036,0.26616225352549727,0.006221773206843084,False
3990,0.1960726451499788,0.1865486228803553,0.009524022269623483,True
3991,0.46412001826161575,0.44723450703933715,0.016885511222278604,False
3992,0.32686361765841904,0.3248447844213969,0.002018833237022122,False
3993,0.6134065334805971,0.5475662302642992,0.06584030321629797,False
3994,0.43997404066062784,0.4356092101623999,0.004364830498227945,False
3995,0.9125603133133836,0.8761102969994762,0.03645001631390743,False
3996,0.8253316612914432,0.726543516386034,0.09878814490540921,False
3997,0.3677761375622066,0.33704104863497797,0.03073508892722865,False
3998,0.5661756657341627,0.5418636927895522,0.024311972944610516,False
3999,0.0,0.013432974690645213,-0.013432974690645213,True
4000,0.08299385535208822,0.0830282253393379,-3.4369987249677214e-05,True
4001,0.8021672468979975,0.7814850097028879,0.020682237195109532,False
4002,0.1428273822226093,0.05897196949441729,0.083855412728192,True
4003,0.2628981933777351,0.13175781378906265,0.13114037958867247,False
4004,0.4281711919942129,0.31713356949620314,0.11103762249800975,False
4005,0.5778260521404978,0.4954790364259546,0.08234701571454317,False
4006,0.9330105865147147,0.9205466537956284,0.012463932719086301,False
4007,0.2694579613017784,0.2514544518040662,0.018003509497712178,False
4008,0.1581361408428145,0.15376903072078882,0.004367110122025675,True
4009,0.8816204371372895,0.8618104780751329,0.019809959062156657,False
4010,0.8666109478992383,0.8431649668189662,0.02344598108027207,False
4011,0.904318301616997,0.9030788524735042,0.0012394491434928323,False
4012,0.0,0.04130800924151915,-0.04130800924151915,True
4013,0.0,0.0,0.0,True
4014,0.0,0.0,0.0,True
4015,0.23962286613473202,0.18983703241634417,0.04978583371838785,False
4016,0.9052191369683106,0.8899542241437749,0.015264912824535681,False
4017,0.0,0.0025528733831629443,-0.0025528733831629443,True
4018,0.0,0.01129657274568737,-0.01129657274568737,True
4019,0.5588744882018767,0.49730553489020213,0.06156895331167456,False
4020,0.9612059689816541,0.9312084951486034,0.029997473833050736,False
4021,0.0,0.0,0.0,True
4022,0.34905427229938024,0.3461321655792826,0.002922106720097628,False
4023,0.5015365667560464,0.49593778335602184,0.005598783400024565,False
4024,0.7262720042444191,0.7259570327619823,0.00031497148243675444,False
4025,0.38967222844083993,0.3736246951919174,0.016047533248922552,False
4026,0.33089244679629914,0.3285906915184291,0.002301755277870021,False
4027,0.7368150649881728,0.6997005878091427,0.03711447717903016,False
4028,0.12914078120537983,0.07390382977699053,0.0552369514283893,True
4029,0.0,0.06935572170896584,-0.06935572170896584,True
4030,0.22033673755929256,0.13639585072048113,0.08394088683881143,False
4031,0.7394654926317275,0.7081206851423477,0.031344807489379733,False
4032,0.17196343981184997,0.17256946636190573,-0.0006060265500557604,True
4033,0.27259845598419835,0.26485484069126436,0.007743615292933992,False
4034,0.3149907268454877,0.22030667961376504,0.09468404723172263,False
4035,0.0,0.0,0.0,True
4036,0.5586749576661271,0.36996005829228634,0.18871489937384073,False
4037,0.5984761275645415,0.48301393062656767,0.11546219693797383,False
4038,0.5705161704812113,0.37186864225616345,0.19864752822504783,False
4039,0.03859285408902446,0.02600056711877155,0.012592286970252907,True
4040,0.4966350923757695,0.4791932339581363,0.017441858417633238,False
4041,0.05768740257501282,0.05698938708583495,0.0006980154891778681,True
4042,0.6795965325465005,0.4858480111750789,0.19374852137142162,False
4043,0.6097757317840437,0.39786845505792495,0.2119072767261187,False
4044,0.7129431325621854,0.7004443490243432,0.012498783537842284,False
4045,0.4325246047974854,0.4194001432352512,0.01312446156223418,False
4046,0.08685131947686822,0.08481661935177937,0.0020347001250888563,True
4047,0.25086724400346605,0.11088303975034554,0.13998420425312053,False
4048,0.07621507535928042,0.07563038602221472,0.0005846893370656941,True
4049,0.06490731612595335,0.06474595569225762,0.0001613604336957314,True
4050,0.7023426264742263,0.5097387388569086,0.19260388761731773,False
4051,0.3932424777763509,0.19658515017552286,0.19665732760082805,False
4052,0.7740050435428943,0.6589645659952797,0.1150404775476146,False
4053,0.1916308758886863,0.1116241607973456,0.08000671509134069,True
4054,0.25668692785523517,0.16257132600453147,0.0941156018507037,False
4055,0.2587418929603811,0.09186151758800307,0.16688037537237801,False
4056,0.3078532794266171,0.1565547429879062,0.1512985364387109,False
4057,0.04278754226015123,0.03667104484370666,0.006116497416444572,True
4058,0.06114521264642496,0.05870363527947898,0.002441577366945981,True
4059,0.0,0.021724557898476153,-0.021724557898476153,True
4060,0.06582260014285993,0.06457655114956598,0.0012460489932939467,True
4061,0.2956109020811126,0.1257638440189669,0.16984705806214573,False
4062,0.8300675906699165,0.8243772573104508,0.005690333359465782,False
4063,0.19957397680525082,0.19540145856832664,0.004172518236924189,True
4064,0.0865248417812953,0.08654280504309297,-1.79632617976766e-05,True
4065,0.0,0.1088743853062669,-0.1088743853062669,True
4066,0.1703021449817895,0.16682360150285225,0.0034785434789372516,True
4067,0.3426566323147982,0.26610702998100194,0.07654960233379626,False
4068,0.13922988390040972,0.07861020275376535,0.06061968114664437,True
4069,0.0,0.0023352336701721248,-0.0023352336701721248,True
4070,0.0,0.0,0.0,True
4071,0.0,0.0,0.0,True
4072,0.2768853726996972,0.19728640944772285,0.07959896325197435,False
4073,0.6656866001835946,0.48337586056300863,0.18231073962058597,False
4074,0.9510667788990113,0.9408213732820201,0.010245405616991166,False
4075,0.9457330087245845,0.9164910023020252,0.029242006422559363,False
4076,0.5337257925964618,0.31611242558442215,0.21761336701203965,False
4077,0.5873903613337995,0.41577475202827213,0.17161560930552738,False
4078,0.24147569775153863,0.23785861205440514,0.003617085697133482,False
4079,0.971549956859493,0.9478323567115794,0.023717600147913576,False
4080,0.2507717596682938,0.2370160719226386,0.013755687745655193,False
4081,0.3952337382297012,0.22743370549147013,0.16780003273823108,False
4082,0.4198464862535262,0.36541130974663644,0.05443517650688978,False
4083,0.9565095954489202,0.9456811581221913,0.01082843732672889,False
4084,0.4005879996385378,0.19255690288169772,0.2080310967568401,False
4085,0.23327216548672378,0.12335315916640936,0.10991900632031441,False
4086,0.0,0.0,0.0,True
4087,0.17924397815448523,0.17534146297670639,0.0039025151777788425,True
4088,0.027454285918733865,0.014679787425044104,0.012774498493689761,True
4089,0.0,0.00025305868548248167,-0.00025305868548248167,True
4090,0.9557265040966507,0.918543030164499,0.03718347393215171,False
4091,0.19850243985677785,0.197904463440813,0.000597976415964846,True
4092,0.3419127751827728,0.33617347164852274,0.005739303534250062,False
4093,0.3113690438772709,0.15220342949127869,0.1591656143859922,False
4094,0.0,0.026970557570142897,-0.026970557570142897,True
4095,0.0,0.0003382285906206192,-0.0003382285906206192,True
4096,0.027988998667101167,0.01501369646559347,0.012975302201507697,True
4097,0.0,0.0002879842365197958,-0.0002879842365197958,True
4098,0.7678587682374427,0.7577739339832944,0.0100848342541483,False
4099,0.7467171175823865,0.746976958446674,-0.0002598408642875416,False
4100,0.678124586434732,0.6469513076739325,0.03117327876079945,False
4101,0.07236017144044858,0.07208061940231172,0.00027955203813685714,True
4102,0.17113432137230034,0.16379637807522737,0.007337943297072963,True
4103,0.5368682278654453,0.5135755595863604,0.023292668279084938,False
4104,0.6396294126248776,0.5935881864630405,0.046041226161837145,False
4105,0.42420806477096434,0.4148714497532139,0.00933661501775046,False
4106,0.8421974712926844,0.8420811864580324,0.0001162848346519807,False
4107,0.6282427057739949,0.6264539948201154,0.0017887109538794466,False
4108,0.8500093132215257,0.8337689157183439,0.016240397503181847,False
4109,0.662328013142108,0.6463241254661045,0.01600388767600347,False
4110,0.3426005214580247,0.14634301637603742,0.1962575050819873,False
4111,0.22185382007463897,0.16498642054419033,0.05686739953044864,False
4112,0.6540227176547038,0.647379196651764,0.006643521002939745,False
4113,0.7614532201132633,0.7422516438762743,0.019201576236989037,False
4114,0.04718499893789853,0.04365033027299056,0.0035346686649079667,True
4115,0.6986962109178506,0.6841078237387752,0.014588387179075402,False
4116,0.108566087711781,0.10631664210651105,0.002249445605269948,True
4117,0.0,0.04101429942331895,-0.04101429942331895,True
4118,0.24414524555028877,0.241305115704465,0.002840129845823769,False
4119,0.12176479695067571,0.1171295626676133,0.004635234283062409,True
4120,0.6054477136445072,0.47872695457297093,0.1267207590715363,False
4121,0.37289952281899014,0.34579159225618744,0.027107930562802696,False
4122,0.08343032428275252,0.08273086283406425,0.0006994614486882655,True
4123,0.5027202883820537,0.5024858642576702,0.00023442412438356985,False
4124,0.7223018600463177,0.6724295813252709,0.049872278721046825,False
4125,0.5722084842648503,0.5719955755521741,0.00021290871267620748,False
4126,0.48158491226543104,0.3910680765389031,0.09051683572652797,False
4127,0.24126422704302866,0.08091346029534874,0.16035076674767992,False
4128,0.1776317566703475,0.1647590749094283,0.012872681760919213,True
4129,0.25143276935452286,0.2431810740102929,0.008251695344229953,False
4130,0.3739743811134811,0.3645266191473986,0.00944776196608249,False
4131,0.0,0.025463442597258808,-0.025463442597258808,True
4132,0.0,0.0,0.0,True
4133,0.44077516962463303,0.42694277753784765,0.013832392086785383,False
4134,0.13509562855284774,0.0617511924419591,0.07334443611088864,True
4135,0.7067948275820276,0.6368710055541578,0.06992382202786984,False
4136,0.20038580287075491,0.19566350008453468,0.004722302786220239,False
4137,0.27906936660117815,0.1659043996714489,0.11316496692972924,False
4138,0.0,0.09985137766947887,-0.09985137766947887,True
4139,0.2738160779981187,0.16465352185382234,0.10916255614429635,False
4140,0.16582920777586072,0.1053563014544286,0.06047290632143211,True
4141,0.8409076351836046,0.813502423104174,0.027405212079430585,False
4142,0.04138177942662836,0.03613556195836363,0.00524621746826473,True
4143,0.472262764277707,0.2677069689795046,0.20455579529820245,False
4144,0.25787278072943526,0.2520003689770734,0.005872411752361861,False
4145,0.9490768180747412,0.9269563545288587,0.022120463545882485,False
4146,0.07042123608594934,0.06826303536431914,0.002158200721630199,True
4147,0.4717222497759978,0.4659532329642239,0.005769016811773886,False
4148,0.988445071777297,0.9826988129172205,0.005746258860076514,False
4149,0.3774866709631673,0.3223432906963787,0.05514338026678861,False
4150,0.8480276798014099,0.8292808749832679,0.01874680481814206,False
4151,0.7895440986262816,0.7744728892647676,0.01507120936151396,False
4152,0.33308249222637454,0.2815499497436667,0.05153254248270783,False
4153,0.5895033375864563,0.5590490250848864,0.030454312501569936,False
4154,0.1916830130269207,0.18544730377471896,0.006235709252201738,True
4155,0.0,0.0021414194823345515,-0.0021414194823345515,True
4156,0.3346241888591009,0.3178601782049244,0.016764010654176487,False
4157,0.3924741661914732,0.2303578746347127,0.1621162915567605,False
4158,0.06933786195629707,0.06462626523497692,0.004711596721320155,True
4159,0.08158650323982512,0.07126402639700471,0.010322476842820408,True
4160,0.547111107224201,0.5415473166891324,0.005563790535068613,False
4161,0.7935846860090827,0.6596848938277692,0.13389979218131354,False
4162,0.18474558784598002,0.18148837280820798,0.0032572150377720432,True
4163,0.22857803874781188,0.14241526564425186,0.08616277310356002,False
4164,0.13021885378021814,0.12308762877839897,0.007131225001819161,True
4165,0.4540684727358515,0.25112861258622915,0.20293986014962234,False
4166,0.09299079012816647,0.078953371961792,0.014037418166374466,True
4167,0.49334874063649586,0.4830714183317112,0.010277322304784675,False
4168,0.024526993731228932,0.009607356686089807,0.014919637045139125,True
4169,0.289606070609562,0.28385805236249106,0.005748018247070941,False
4170,0.7908273458860929,0.7801064425027264,0.010720903383366509,False
4171,0.20097438395682482,0.20112808021685183,-0.00015369626002700865,False
4172,0.7756138091864326,0.7579483923686242,0.01766541681780842,False
4173,0.4431125265863028,0.4317443631036376,0.011368163482665172,False
4174,0.9016542319037367,0.8747124088101103,0.02694182309362647,False
4175,0.776560911010175,0.7590955584245095,0.017465352585665506,False
4176,0.2120220963953742,0.21116321523500642,0.0008588811603677804,False
4177,0.05430530066511406,0.05422741442324165,7.788624187241022e-05,True
4178,0.12728772565967233,0.12203726092372838,0.005250464735943955,True
4179,0.060705531137402846,0.0579986518659886,0.0027068792714142476,True
4180,0.06952722096578651,0.05706719376537153,0.012460027200414975,True
4181,0.0,0.0069143416530019555,-0.0069143416530019555,True
4182,0.20868315755594788,0.20390463710451953,0.0047785204514283475,False
4183,0.6022676465026628,0.586222723657426,0.016044922845236842,False
4184,0.19071048418856434,0.16722836414492848,0.023482120043635868,True
4185,0.7182317001939408,0.6405922822965069,0.0776394178974339,False
4186,0.4143286783140406,0.18791808817575134,0.22641059013828924,False
4187,0.6465797879351154,0.5453602903714325,0.10121949756368287,False
4188,0.4263013024507209,0.39258590957181344,0.03371539287890746,False
4189,0.17019644416832383,0.10618258068114597,0.06401386348717786,True
4190,0.09115518380893531,0.0695646450473091,0.021590538761626213,True
4191,0.0,0.04987619316093555,-0.04987619316093555,True
4192,0.0,0.0,0.0,True
4193,0.5983195241753069,0.373269021295462,0.22505050287984485,False
4194,0.16084623030766146,0.15743148365040216,0.003414746657259299,True
4195,0.27672531096719866,0.24817272437498814,0.02855258659221052,False
4196,0.26431899660358393,0.2457484834558323,0.018570513147751627,False
4197,0.0,0.021722949931389044,-0.021722949931389044,True
4198,0.10623173704946763,0.10624875747363895,-1.7020424171315662e-05,True
4199,0.0,0.0,0.0,True
4200,0.17591128268681958,0.17267987437091414,0.003231408315905432,True
4201,0.7445027728068944,0.7239579309267234,0.020544841880170917,False
4202,0.0723237421987832,0.05812755326060359,0.014196188938179602,True
4203,0.041020088768009916,0.033244624638446844,0.007775464129563071,True
4204,0.09370856575351724,0.09172094939367989,0.001987616359837352,True
4205,0.0,0.0,0.0,True
4206,0.36456923972639227,0.3605551456595593,0.004014094066832952,False
4207,0.641065911006471,0.6278493804898784,0.013216530516592662,False
4208,0.4629469555496328,0.44032904172770304,0.022617913821929736,False
4209,0.26739134843101353,0.15342394393314257,0.11396740449787096,False
4210,0.0,0.0,0.0,True
4211,0.04816136260671932,0.04478174987425408,0.0033796127324652384,True
4212,0.6059305111578499,0.5942120633750464,0.01171844778280351,False
4213,0.5185400447776137,0.5118731215585175,0.006666923219096232,False
4214,0.0,0.03288195384820966,-0.03288195384820966,True
4215,0.294408077360114,0.20667448353625736,0.08773359382385662,False
4216,0.0,0.0,0.0,True
4217,0.3974372905356216,0.38896675418222443,0.008470536353397173,False
4218,0.32996024929161594,0.14513909169208203,0.1848211575995339,False
4219,0.5359774703631373,0.48752858567022794,0.04844888469290931,False
4220,0.5060489596702689,0.47286695775442167,0.03318200191584719,False
4221,0.06731398992478974,0.06169538107098929,0.005618608853800444,True
4222,0.3641095590773138,0.3358544267242451,0.0282551323530687,False
4223,0.9780689275893659,0.9592124988000751,0.018856428789290836,False
4224,0.24534710758497977,0.18649228051803143,0.058854827066948334,False
4225,0.0,0.0,0.0,True
4226,0.0,0.05258246783748227,-0.05258246783748227,True
4227,0.2949344686153694,0.28870327748340385,0.006231191131965574,False
4228,0.058772574864852274,0.038236467989615754,0.02053610687523652,True
4229,0.35696098434461676,0.35295337981914376,0.004007604525472996,False
4230,0.875278371918819,0.8718803296789464,0.0033980422398726118,False
4231,0.22784210104589142,0.1810480077528035,0.046794093293087924,False
4232,0.1933990626432855,0.1924614446417108,0.000937618001574686,True
4233,0.06816987456067139,0.06276353787919717,0.005406336681474222,True
4234,0.09187184325167215,0.09241994141966285,-0.0005480981679907015,True
4235,0.465794049504806,0.45589841631218486,0.009895633192621156,False
4236,0.606123183530269,0.5657776421549944,0.040345541375274574,False
4237,0.46646786896554987,0.43322744319339523,0.033240425772154636,False
4238,0.0,0.0,0.0,True
4239,0.2532699216482363,0.1907873221457622,0.06248259950247412,False
4240,0.57824992291756,0.49132226066502827,0.08692766225253179,False
4241,0.0,0.045115427344686466,-0.045115427344686466,True
4242,0.8770782666294347,0.846188059862212,0.03089020676722265,False
4243,0.45651905757096756,0.4431308942771078,0.013388163293859778,False
4244,0.0,0.04314585426160755,-0.04314585426160755,True
4245,0.46127758790996376,0.43243449014584845,0.02884309776411531,False
4246,0.0,0.0,0.0,True
4247,0.29104349587105327,0.11685634470324166,0.1741871511678116,False
4248,0.18074442189043438,0.17288033297024666,0.007864088920187723,True
4249,0.6605863176774041,0.6454352155354472,0.015151102141956807,False
4250,0.8616019620786939,0.817809607823465,0.04379235425522887,False
4251,0.7232612807048258,0.6811950232427317,0.042066257462094025,False
4252,0.51616800610233,0.5037901212973235,0.012377884805006567,False
4253,0.04792933423893385,0.04504746985701645,0.0028818643819173984,True
4254,0.6730746239737307,0.5183667860101154,0.1547078379636153,False
4255,0.09350181262526239,0.08934542476734067,0.004156387857921717,True
4256,0.0,0.0,0.0,True
4257,0.33539897875392705,0.30933440530537437,0.026064573448552675,False
4258,0.30409863481865806,0.23710169076194187,0.06699694405671619,False
4259,0.5605209406315396,0.31772843915141374,0.24279250148012582,False
4260,0.08781268182404339,0.08665972928734415,0.0011529525366992394,True
4261,0.584542476234262,0.5735525014794108,0.010989974754851195,False
4262,0.48547607634504464,0.47444373036168613,0.011032345983358505,False
4263,0.24707939121011444,0.17159664977753816,0.07548274143257627,False
4264,0.6592724554619784,0.617051547811004,0.042220907650974415,False
4265,0.1143387406871727,0.11181200249320798,0.00252673819396472,True
4266,0.07798948448591489,0.05597613468635562,0.022013349799559268,True
4267,0.9104022701127973,0.8987699599961417,0.011632310116655553,False
4268,0.09699425600259146,0.050790511334832915,0.04620374466775854,True
4269,0.5651887170296176,0.4757781273292738,0.08941058970034377,False
4270,0.30449886547574045,0.23541853109414498,0.06908033438159547,False
4271,0.03929737018640056,0.030960439612640677,0.008336930573759883,True
4272,0.4721867249243332,0.4397356587183519,0.032451066205981316,False
4273,0.5278465811994146,0.4053340818206153,0.12251249937879932,False
4274,0.0,0.026408086133106096,-0.026408086133106096,True
4275,0.1980419251329675,0.1894872052420438,0.008554719890923712,True
4276,0.42378926618693197,0.31785724365822077,0.1059320225287112,False
4277,0.2686145268051276,0.23952996724671416,0.029084559558413436,False
4278,0.6439230688171446,0.6277096033206335,0.016213465496511037,False
4279,0.6146559991315094,0.5891980460144374,0.025457953117071996,False
4280,0.25040260673502185,0.1791301073015445,0.07127249943347735,False
4281,0.33470378340825724,0.267994104819225,0.06670967858903226,False
4282,0.1633256451364878,0.1589327472959743,0.004392897840513499,True
4283,0.040205448309287475,0.03263103423972958,0.007574414069557896,True
4284,0.6934406950995863,0.6853484778183313,0.008092217281254976,False
4285,0.5336666066642083,0.3308364498907935,0.20283015677341476,False
4286,0.0,0.0,0.0,True
4287,0.8973962434562868,0.8777787125560075,0.01961753090027929,False
4288,0.0,0.0,0.0,True
4289,0.3207004366673225,0.3074071983061361,0.013293238361186399,False
4290,0.45815814015794387,0.433398862986022,0.02475927717192189,False
4291,0.3515820960613213,0.34812811364508944,0.003453982416231849,False
4292,0.35419391954229,0.24474515394446236,0.10944876559782765,False
4293,0.29771505311746377,0.2684317636917959,0.02928328942566788,False
4294,0.0,0.0,0.0,True
4295,0.06742808266183804,0.05521808649296018,0.012209996168877864,True
4296,0.8812155845086576,0.8673713144442723,0.013844270064385267,False
4297,0.6834503159436324,0.6783725592153274,0.005077756728305016,False
4298,0.09056166773223823,0.07508105057200819,0.01548061716023004,True
4299,0.0,0.0,0.0,True
4300,0.47510677160726555,0.46808267170299545,0.007024099904270109,False
4301,0.5160549909119977,0.5121029792198526,0.0039520116921450965,False
4302,0.28004585053787234,0.23864769481474848,0.04139815572312386,False
4303,0.08970911894831499,0.0645494991796956,0.025159619768619385,True
4304,0.06399541434047719,0.0622137771415024,0.0017816371989747906,True
4305,0.7036777819860505,0.509746424734484,0.19393135725156652,False
4306,0.6690855178702173,0.6588337476071254,0.010251770263091875,False
4307,0.5164905959596621,0.49256150055862286,0.023929095401039213,False
4308,0.0,0.0,0.0,True
4309,0.11935145474507863,0.10962500709372633,0.009726447651352305,True
4310,0.3081517513188996,0.18149908787324132,0.1266526634456583,False
4311,0.30397816883340234,0.2882323767620264,0.01574579207137594,False
4312,0.0,0.0,0.0,True
4313,0.5706930830308821,0.4465837134647441,0.12410936956613794,False
4314,0.4513095417606957,0.44435363297406394,0.00695590878663177,False
4315,0.5655835871231379,0.4934071967690753,0.07217639035406265,False
4316,0.7818439207821221,0.7705302063942923,0.011313714387829799,False
4317,0.07004495832789413,0.07069799186543123,-0.0006530335375370955,True
4318,0.0,0.0,0.0,True
4319,0.0,0.0,0.0,True
4320,0.5182357898675998,0.5102380773371874,0.00799771253041237,False
4321,0.8300691387683379,0.7682313443070583,0.06183779446127957,False
4322,0.07172278661790805,0.06311329026219094,0.008609496355717117,True
4323,0.0688860358140791,0.06931773356490091,-0.00043169775082181616,True
4324,0.15652556603276738,0.1537736431435079,0.0027519228892594894,True
4325,0.17154761226099205,0.16762029960173036,0.003927312659261689,True
4326,0.25759254197855413,0.2532377833775775,0.004354758600976616,False
4327,0.6457302968696788,0.6331924127104298,0.012537884159248947,False
4328,0.40339332617580664,0.3967803147102042,0.0066130114656024475,False
4329,0.41261885530860093,0.273094828056853,0.13952402725174795,False
4330,0.09344001085289771,0.09123812696481988,0.002201883888077835,True
4331,0.0,0.0541002844117969,-0.0541002844117969,True
4332,0.19466020953647803,0.10390183217768578,0.09075837735879225,True
4333,0.8981450852548202,0.8703752220114062,0.027769863243414017,False
4334,0.5536036273662495,0.5387178200635461,0.014885807302703391,False
4335,0.8431988607776889,0.7358173676342692,0.10738149314341972,False
4336,0.7292694380232048,0.6780834304890431,0.05118600753416169,False
4337,0.30200775989076223,0.1761853934023482,0.12582236648841402,False
4338,0.5225345128377521,0.5139567647149664,0.008577748122785667,False
4339,0.0,0.0,0.0,True
4340,0.6278415562330539,0.60603901173069,0.021802544502363963,False
4341,0.02450442800126924,0.009645388184670419,0.01485903981659882,True
4342,0.19393210525476878,0.1905441133275813,0.0033879919271874726,True
4343,0.16679026541346173,0.14808296759254383,0.0187072978209179,True
4344,0.5693212376428007,0.3427639190902844,0.22655731855251632,False
4345,0.38459575122917217,0.25146617239852326,0.1331295788306489,False
4346,0.3229388823300932,0.30655357722174714,0.01638530510834607,False
4347,0.2424716395201086,0.24196180986841453,0.000509829651694077,False
4348,0.748391900629899,0.6050788098384275,0.14331309079147148,False
4349,0.0,0.0,0.0,True
4350,0.13221802730795995,0.10094167486471993,0.03127635244324002,True
4351,0.12468887920450894,0.1142840644030379,0.01040481480147104,True
4352,0.34729652034012104,0.23908544526038267,0.10821107507973837,False
4353,0.10266598861241039,0.09595570084515963,0.006710287767250758,True
4354,0.8957642939616791,0.8681098586985181,0.027654435263161026,False
4355,0.33620580484989443,0.2732012840375119,0.0630045208123825,False
4356,0.3943250442545311,0.3721049005145204,0.02222014374001069,False
4357,0.20474421352166072,0.196277614447229,0.00846659907443173,False
4358,0.7436998396126859,0.7238045607034425,0.019895278909243475,False
4359,0.11300067700359626,0.11006389240111311,0.0029367846024831445,True
4360,0.7739905826935141,0.6873427886876382,0.08664779400587586,False
4361,0.5566685316212542,0.5298758217587972,0.026792709862456965,False
4362,0.22119975640652362,0.21432388858251158,0.006875867824012033,False
4363,0.8889460862482592,0.8440091404403427,0.04493694580791652,False
4364,0.8305553973070242,0.8252417932498458,0.0053136040571784005,False
4365,0.1031397002826379,0.09149600727619116,0.011643693006446743,True
4366,0.0,0.015223175842356775,-0.015223175842356775,True
4367,0.4089274246955526,0.24137818810864498,0.16754923658690762,False
4368,0.6644321025441496,0.5464976964340171,0.1179344061101325,False
4369,0.7083486725186426,0.6964288728191413,0.011919799699501299,False
4370,0.502502805611315,0.39445914162510465,0.10804366398621035,False
4371,0.1972534883968058,0.19476568193251895,0.0024878064642868403,True
4372,0.0,0.03263617962616646,-0.03263617962616646,True
4373,0.5700262360300632,0.5229151633070853,0.047111072722977876,False
4374,0.5476184783162229,0.518044744633781,0.02957373368244187,False
4375,0.0,0.014024507481519951,-0.014024507481519951,True
4376,0.0,0.0,0.0,True
4377,0.0,0.006686286727664129,-0.006686286727664129,True
4378,0.10797678275797809,0.08176199810279737,0.02621478465518072,True
4379,0.9515707690840145,0.9198690661675895,0.031701702916425045,False
4380,0.7180643674129836,0.6634490707444926,0.054615296668491076,False
4381,0.16641265677751885,0.12773036927260076,0.03868228750491809,True
4382,0.4242799577680374,0.221618080321282,0.2026618774467554,False
4383,0.63582703873874,0.4591575669087822,0.17666947182995785,False
4384,0.1059797932553962,0.09610285032323873,0.009876942932157476,True
4385,0.7410691776340624,0.6283453089683803,0.11272386866568218,False
4386,0.4361121857700137,0.37636257425018577,0.05974961151982794,False
4387,0.33408504625644625,0.21344694195144817,0.12063810430499808,False
4388,0.556250370219213,0.5554467356208803,0.0008036345983326587,False
4389,0.8467202764564307,0.8199334670739525,0.026786809382478127,False
4390,0.0,0.0,0.0,True
4391,0.9308129151591199,0.910634993852354,0.020177921306765878,False
4392,0.3306632605168368,0.23279117469875604,0.09787208581808077,False
4393,0.16528383728475612,0.14416029123556381,0.02112354604919231,True
4394,0.1809445494398703,0.15816008080638022,0.022784468633490068,True
4395,0.17817662267133338,0.17212551534451004,0.006051107326823346,True
4396,0.861278406820023,0.7526176202195057,0.10866078660051726,False
4397,0.43056278284718646,0.23753243489295361,0.19303034795423285,False
4398,0.894795366651527,0.8491740156440971,0.04562135100742992,False
4399,0.07962123841092407,0.0804566445413244,-0.0008354061304003263,True
4400,0.22561751552785564,0.15278524838629054,0.0728322671415651,False
4401,0.23214622388480471,0.10960009701259751,0.1225461268722072,False
4402,0.8391046294040939,0.8194523334792476,0.019652295924846297,False
4403,0.16821293169259924,0.16008793827241066,0.008124993420188575,True
4404,0.71642617200204,0.6717251533180406,0.04470101868399934,False
4405,0.0,0.011173574140404544,-0.011173574140404544,True
4406,0.6903871834114622,0.570650408644269,0.11973677476719324,False
4407,0.2794970916610165,0.27517955303032304,0.0043175386306934516,False
4408,0.6470555024138174,0.6233559446470288,0.02369955776678856,False
4409,0.1636344454936948,0.15399921937433442,0.00963522611936038,True
4410,0.0863555763995677,0.08572596171319993,0.0006296146863677687,True
4411,0.37736477658785156,0.1584971814398411,0.21886759514801046,False
4412,0.8577090824068029,0.8357119259323715,0.021997156474431345,False
4413,0.10909926978747635,0.10669830824731792,0.002400961540158425,True
4414,0.33791407736259216,0.18524238190090822,0.15267169546168394,False
4415,0.5582996998813692,0.5421299556518036,0.01616974422956563,False
4416,0.7465125351978061,0.6108197067853787,0.13569282841242747,False
4417,0.0,0.0,0.0,True
4418,0.38713793171451955,0.322977032133994,0.06416089958052557,False
4419,0.4055132686904875,0.39444695421950626,0.01106631447098122,False
4420,0.0,0.022664109932801747,-0.022664109932801747,True
4421,0.8869005845398684,0.8637176206107635,0.023182963929104905,False
4422,0.43204257957583037,0.37019355993532876,0.0618490196405016,False
4423,0.6576955565304545,0.6526660865267767,0.005029470003677816,False
4424,0.44290612830005,0.41698410426998733,0.025922024030062663,False
4425,0.12351372886648966,0.08622256928906569,0.037291159577423974,True
4426,0.3263710197053745,0.21061996922341586,0.11575105048195866,False
4427,0.0,0.0,0.0,True
4428,0.0,0.0,0.0,True
4429,0.7982248364597645,0.7505987830335029,0.04762605342626158,False
4430,0.041547323233439876,0.03610787983618269,0.005439443397257188,True
4431,0.09558195861005346,0.09411433320130036,0.001467625408753101,True
4432,0.4319043064314186,0.20156820120965016,0.23033610522176842,False
4433,0.7904926738249943,0.7806153216219971,0.009877352202997236,False
4434,0.45334693736880444,0.44605696187062177,0.007289975498182666,False
4435,0.4831346268953224,0.42488506078075694,0.05824956611456544,False
4436,0.5345842578987614,0.5315515694349547,0.0030326884638066653,False
4437,0.291313139496535,0.2780037586127816,0.013309380883753386,False
4438,0.6802151809218847,0.6269408079087501,0.053274373013134646,False
4439,0.12271853274234039,0.10053905637758247,0.022179476364757922,True
4440,0.9408470960686911,0.9136857416477417,0.027161354420949357,False
4441,0.5667509267108544,0.5523838493536907,0.014367077357163693,False
4442,0.07892909130274543,0.061113265463199125,0.017815825839546308,True
4443,0.440893815161379,0.4407245046318123,0.0001693105295667019,False
4444,0.0,0.004610274002160316,-0.004610274002160316,True
4445,0.4616774135121695,0.4260172812158128,0.03566013229635673,False
4446,0.7912673234211499,0.6426098388560363,0.14865748456511363,False
4447,0.8332964152717036,0.8209498774535595,0.012346537818144099,False
4448,0.8588281977044654,0.8116270635616257,0.04720113414283966,False
4449,0.6426481777697673,0.4328922724094336,0.20975590536033373,False
4450,0.1275677654839092,0.12630548052282597,0.0012622849610832154,True
4451,0.18248222231309985,0.1377226679622725,0.044759554350827346,True
4452,0.026479589825692637,0.012140979778345133,0.014338610047347504,True
4453,0.0,0.0,0.0,True
4454,0.0,0.01563466019434185,-0.01563466019434185,True
4455,0.23057944082646487,0.11860793233520485,0.11197150849126002,False
4456,0.22174829913576857,0.21516262900313496,0.006585670132633614,False
4457,0.8640452906885842,0.8535218015589793,0.01052348912960488,False
4458,0.6588283446416069,0.6257732991005587,0.03305504554104821,False
4459,0.801376433442606,0.7814690789795214,0.01990735446308456,False
4460,0.1231310812199028,0.11619570124618595,0.006935379973716849,True
4461,0.48359507958236664,0.47340015063542135,0.010194928946945292,False
4462,0.4210288812980438,0.19050496925180954,0.23052391204623424,False
4463,0.3760921541883234,0.3656349432674703,0.01045721092085311,False
4464,0.07426591112855749,0.06992215277965087,0.004343758348906615,True
4465,0.7806612467380514,0.7684142871901406,0.012246959547910774,False
4466,0.23288056555712844,0.11660994135419007,0.11627062420293836,False
4467,0.23203079982328856,0.2326210948241558,-0.0005902950008672414,False
4468,0.0,0.02289253927176529,-0.02289253927176529,True
4469,0.2633006202965792,0.25615572266409425,0.007144897632484937,False
4470,0.1333725557889013,0.10094940406446228,0.032423151724439034,True
4471,0.8625622290519096,0.8067276167835621,0.05583461226834752,False
4472,0.49020415642249143,0.4847806010228402,0.005423555399651225,False
4473,0.0,0.0,0.0,True
4474,0.7597105123064589,0.6910584278235905,0.06865208448286841,False
4475,0.0,0.023437582775876577,-0.023437582775876577,True
4476,0.6190438447818841,0.5778338790641631,0.041209965717721064,False
4477,0.22776423225412645,0.21960970273028352,0.008154529523842935,False
4478,0.6548739671925647,0.6500696714458993,0.00480429574666541,False
4479,0.0,0.0,0.0,True
4480,0.5034347179863456,0.4647965751422595,0.03863814284408612,False
4481,0.0,0.06414371889074354,-0.06414371889074354,True
4482,0.5814212527651151,0.5665263624519149,0.014894890313200237,False
4483,0.47143761785219457,0.4133571618151767,0.05808045603701789,False
4484,0.0,0.0,0.0,True
4485,0.0,0.0459048984722252,-0.0459048984722252,True
4486,0.3297583702317483,0.2811478437707853,0.04861052646096303,False
4487,0.7392675596421511,0.6993589054917609,0.03990865415039013,False
4488,0.43321303655253235,0.4067303565346571,0.026482680017875238,False
4489,0.0,0.0,0.0,True
4490,0.35581463009546727,0.24837165400658567,0.10744297608888159,False
4491,0.5803072806749247,0.5521782909674509,0.028128989707473795,False
4492,0.18356412883722217,0.09318223815873028,0.0903818906784919,True
4493,0.0,0.005422111924934777,-0.005422111924934777,True
4494,0.3260051258362487,0.3014568393865304,0.024548286449718293,False
4495,0.7460101925260791,0.7072458207939316,0.03876437173214753,False
4496,0.0,0.0,0.0,True
4497,0.7021894525956296,0.6915046879541596,0.010684764641469946,False
4498,0.4926179617338245,0.49156539184177217,0.001052569892052324,False
4499,0.12969693419047118,0.09938741892427876,0.030309515266192424,True
4500,0.08583298843584102,0.08655733780554375,-0.0007243493697027398,True
4501,0.42216536365502805,0.20589227051841663,0.21627309313661142,False
4502,0.586679033908461,0.5781262235418189,0.008552810366642127,False
4503,0.7226596941170318,0.6762121558473102,0.04644753826972159,False
4504,0.0,0.0,0.0,True
4505,0.7736175829305744,0.7427486914873234,0.030868891443251,False
4506,0.0,0.03766883749894394,-0.03766883749894394,True
4507,0.5880385101502932,0.45920002693485307,0.1288384832154401,False
4508,0.0581485791388475,0.058072088221575516,7.649091727198604e-05,True
4509,0.7383999826371384,0.5904113467596739,0.14798863587746447,False
4510,0.7624720465684988,0.687424825020526,0.07504722154797272,False
4511,0.04181650383981774,0.03698661177191781,0.004829892067899931,True
4512,0.406019281590713,0.2800967759833648,0.1259225056073482,False
4513,0.25414727516711283,0.25066196310221084,0.003485312064901991,False
4514,0.12052377474516345,0.1176085367668091,0.002915237978354343,True
4515,0.5075660098219822,0.4679556007429015,0.0396104090790807,False
4516,0.41409722175473146,0.33810483984410344,0.07599238191062802,False
4517,0.13254265796760945,0.13143659518536638,0.0011060627822430669,True
4518,0.10354857389373921,0.1017887120463533,0.001759861847385913,True
4519,0.9145599531879001,0.9041638593898367,0.010396093798063388,False
4520,0.0,0.0,0.0,True
4521,0.2549847376061709,0.15632370433535983,0.09866103327081108,False
4522,0.5530442053746206,0.48387552424272917,0.06916868113189145,False
4523,0.7301247425927411,0.7259049341802598,0.004219808412481263,False
4524,0.48919893103718526,0.47583475147662485,0.013364179560560407,False
4525,0.22547794625547038,0.22204278056299942,0.0034351656924709595,False
4526,0.6153492242344236,0.603566088306816,0.011783135927607602,False
4527,0.08110411380333411,0.08099165935522784,0.00011245444810627225,True
4528,0.2266513530574647,0.22103179505111203,0.005619558006352665,False
4529,0.7992042058494015,0.7546613472697635,0.04454285857963802,False
4530,0.8723354811186792,0.8522127296669637,0.020122751451715493,False
4531,0.31701196250211017,0.31062857614606204,0.006383386356048126,False
4532,0.3693734459375007,0.345587288983962,0.023786156953538695,False
4533,0.0,0.04875370584837141,-0.04875370584837141,True
4534,0.30259460008439537,0.19986459960058306,0.10273000048381231,False
4535,0.667644948003493,0.6452027671875719,0.022442180815921198,False
4536,0.9046555251755306,0.8302575818203496,0.07439794335518102,False
4537,0.18979994471542982,0.08060887096373509,0.10919107375169473,True
4538,0.0,0.0,0.0,True
4539,0.0,0.01647135601826684,-0.01647135601826684,True
4540,0.0400572880864986,0.03357284947063702,0.006484438615861586,True
4541,0.0,0.0,0.0,True
4542,0.0,0.013781334434078965,-0.013781334434078965,True
4543,0.20639747547457823,0.12119867554506962,0.08519879992950861,False
4544,0.410873541625004,0.2694424585163697,0.14143108310863428,False
4545,0.15556895014187633,0.11738458970178176,0.03818436044009457,True
4546,0.5629250192928461,0.5627216830569468,0.0002033362358992985,False
4547,0.0793485209096415,0.07844591302915689,0.0009026078804846155,True
4548,0.0,0.01483720685034153,-0.01483720685034153,True
4549,0.0,0.0,0.0,True
4550,0.2577129812186657,0.1765426234846975,0.08117035773396822,False
4551,0.5137209912650792,0.48199013190475626,0.03173085936032294,False
4552,0.3152362118135783,0.11065508653880143,0.20458112527477687,False
4553,0.5611264693717631,0.4584717443312316,0.10265472504053152,False
4554,0.38644861807357855,0.3847097133934013,0.0017389046801772334,False
4555,0.9087391210921564,0.8398468603963681,0.06889226069578824,False
4556,0.0,0.07571037256830757,-0.07571037256830757,True
4557,0.05967650063585908,0.056755233786551,0.002921266849308081,True
4558,0.31665317978726715,0.3075280085022215,0.009125171285045641,False
4559,0.14406920125841896,0.14047524766623415,0.003593953592184812,True
4560,0.9939942419099707,0.992314832623762,0.0016794092862086885,False
4561,0.12101985522557925,0.1182044252065813,0.0028154300189979498,True
4562,0.28269860783701206,0.2762010436928584,0.006497564144153645,False
4563,0.8851172159426391,0.8143701095560689,0.07074710638657022,False
4564,0.26159089182967477,0.2534100938315466,0.008180797998128153,False
4565,0.8295370359426665,0.7126489060234671,0.11688812991919939,False
4566,0.36188025275261015,0.35070889077309725,0.011171361979512906,False
4567,0.0,0.032991447856443694,-0.032991447856443694,True
4568,0.06831392329714961,0.06864037035533009,-0.0003264470581804818,True
4569,0.9400905549424425,0.9378901608610317,0.002200394081410817,False
4570,0.13699536777102622,0.13243695599589114,0.0045584117751350794,True
4571,0.41155428609161815,0.3702286846243923,0.04132560146722586,False
4572,0.11006363304750055,0.10805311846446129,0.0020105145830392607,True
4573,0.15374716564162108,0.1383278337004358,0.015419331941185277,True
4574,0.5754946926621451,0.5623381545182009,0.01315653814394424,False
4575,0.7061934538265089,0.6742737109662005,0.03191974286030841,False
4576,0.0859289960081055,0.08347628264165206,0.0024527133664534323,True
4577,0.09968215847090278,0.09815189474722291,0.00153026372367987,True
4578,0.0,0.030488675135758547,-0.030488675135758547,True
4579,0.036724992731332035,0.02941366995691359,0.007311322774418445,True
4580,0.0,0.0,0.0,True
4581,0.30991365389269876,0.3099032005870432,1.0453305655577783e-05,False
4582,0.23086564964019793,0.2189875020130742,0.01187814762712372,False
4583,0.6388851281554178,0.5112321207938217,0.12765300736159602,False
4584,0.0,0.0,0.0,True
4585,0.8004769443550274,0.7831245025564847,0.017352441798542673,False
4586,0.20547066753198215,0.20397555678695334,0.0014951107450288104,False
4587,0.0,0.004247995490006617,-0.004247995490006617,True
4588,0.9681392850595711,0.9377840739686377,0.03035521109093342,False
4589,0.9314366297895662,0.901909565789018,0.029527064000548164,False
4590,0.0,0.0,0.0,True
4591,0.9109759570687992,0.8832557782249515,0.027720178843847698,False
4592,0.5958172991968751,0.5802581231278807,0.015559176068994374,False
4593,0.8776008946308496,0.8184128039157111,0.05918809071513842,False
4594,0.13806745265355502,0.0789007919600308,0.05916666069352422,True
4595,0.0,0.0,0.0,True
4596,0.18644349703085797,0.18367951853162348,0.0027639784992344874,True
4597,0.6965963305878816,0.6686262720036157,0.027970058584265933,False
4598,0.5104527803091203,0.2928380689663831,0.21761471134273724,False
4599,0.20842798683063746,0.20294266761564875,0.00548531921498871,False
4600,0.0,0.024013874499945524,-0.024013874499945524,True
4601,0.22247587065253133,0.220687713680688,0.0017881569718433132,False
4602,0.7686746407352968,0.6290357033504222,0.13963893738487454,False
4603,0.08767994270464499,0.048948428211276096,0.038731514493368896,True
4604,0.9803076281918217,0.9625974038413608,0.01771022435046088,False
4605,0.11933700098219555,0.11171199321539865,0.007625007766796893,True
4606,0.7322908781551566,0.6971967632904565,0.03509411486470004,False
4607,0.05379908221487982,0.04228031089150112,0.011518771323378703,True
4608,0.8048921414638927,0.7647520151319985,0.04014012633189412,False
4609,0.7445009900448079,0.718022422265593,0.026478567779214868,False
4610,0.5176803662651072,0.42460564033443043,0.09307472593067673,False
4611,0.2773255603891372,0.21103485057042878,0.06629070981870841,False
4612,0.5178159841125924,0.38474773768846016,0.13306824642413229,False
4613,0.5822817285284158,0.5370545223128645,0.04522720621555121,False
4614,0.17334052245293827,0.1570841213983476,0.01625640105459067,True
4615,0.508015443294323,0.49603190308831263,0.01198354020601039,False
4616,0.10661320168866782,0.10419149391360359,0.00242170777506423,True
4617,0.0,0.034049667943315,-0.034049667943315,True
4618,0.5057528022177741,0.49115196327631727,0.014600838941456806,False
4619,0.2988347484367351,0.29288854969331285,0.005946198743422226,False
4620,0.5498988032537808,0.4236967818231846,0.12620202143059622,False
4621,0.45075524102008313,0.42168178058752304,0.029073460432560094,False
4622,0.024012952331751505,0.008651457266017069,0.015361495065734436,True
4623,0.0,0.0013537929192810826,-0.0013537929192810826,True
4624,0.3365379871700003,0.2013200893084685,0.13521789786153177,False
4625,0.08932233386094697,0.08914063837315228,0.00018169548779468914,True
4626,0.0,0.015806875668358592,-0.015806875668358592,True
4627,0.0,0.0,0.0,True
4628,0.02865133736665295,0.016112350852202507,0.012538986514450443,True
4629,0.2072861434256255,0.2047633900380328,0.0025227533875927244,False
4630,0.5418276444948902,0.5312198239298056,0.01060782056508458,False
4631,0.27529788519896725,0.23111517465812004,0.044182710540847214,False
4632,0.025280659216328032,0.011118486369118807,0.014162172847209225,True
4633,0.19080867444705243,0.1864681954537243,0.004340478993328123,True
4634,0.050561016790517,0.03596459539782163,0.014596421392695368,True
4635,0.1443793021477238,0.14327012227703634,0.0011091798706874545,True
4636,0.09335858557808736,0.09255834716628022,0.0008002384118071387,True
4637,0.0,0.03933015430866747,-0.03933015430866747,True
4638,0.0,0.022600715635338678,-0.022600715635338678,True
4639,0.7265801157626183,0.6045594812689493,0.12202063449366896,False
4640,0.17734117229042484,0.1708645491827122,0.006476623107712631,True
4641,0.7929300822002595,0.7912556746745864,0.0016744075256731605,False
4642,0.8018987691788122,0.7604418785334573,0.04145689064535485,False
4643,0.240022402132685,0.21696045764462274,0.023061944488062258,False
4644,0.46312487288069876,0.3382332390361894,0.12489163384450935,False
4645,0.14675086834119555,0.14703210272046036,-0.0002812343792648053,True
4646,0.9495785758197114,0.9189354765160918,0.030643099303619636,False
4647,0.042938127981191114,0.031130868252828646,0.011807259728362468,True
4648,0.0,0.0,0.0,True
4649,0.2530169096364241,0.17136496992578615,0.08165193971063794,False
4650,0.16151882342868942,0.10707754052186431,0.05444128290682511,True
4651,0.1306151686089738,0.1297333392346652,0.0008818293743085848,True
4652,0.03880921468086062,0.031795226498250645,0.0070139881826099745,True
4653,0.03627749436040228,0.02790159088510001,0.008375903475302267,True
4654,0.30513178169295174,0.3048729809793371,0.0002588007136146153,False
4655,0.4529983228211034,0.33300882412420013,0.11998949869690329,False
4656,0.32043946172585946,0.3177442497827123,0.0026952119431471466,False
4657,0.7595915208121995,0.7360853175342018,0.023506203277997684,False
4658,0.05638287647052033,0.03743378898878996,0.018949087481730367,True
4659,0.4075497662597639,0.4002566115328166,0.007293154726947304,False
4660,0.30272350983983065,0.29010080205586836,0.012622707783962295,False
4661,0.8878304067221006,0.8847110566815839,0.0031193500405166663,False
4662,0.24308281891852554,0.21133215049460796,0.03175066842391758,False
4663,0.10336327708384578,0.08790009080377902,0.015463186280066765,True
4664,0.05913298378452325,0.048210553195701736,0.010922430588821516,True
4665,0.9841079963336384,0.9732553297042519,0.010852666629386554,False
4666,0.0,0.0,0.0,True
4667,0.0,0.0035885447793387384,-0.0035885447793387384,True
4668,0.2214061036460969,0.11947434968308031,0.10193175396301658,False
4669,0.2697596748274535,0.26636195019368275,0.003397724633770749,False
4670,0.18139251342075616,0.17933051664414723,0.0020619967766089264,True
4671,0.7513085735837878,0.7150295301083986,0.03627904347538913,False
4672,0.6620258060140688,0.5202774707635077,0.14174833525056107,False
4673,0.0,0.0,0.0,True
4674,0.0,0.012069335893621627,-0.012069335893621627,True
4675,0.42532797900707675,0.29448711304121106,0.1308408659658657,False
4676,0.0,0.018556104194435562,-0.018556104194435562,True
4677,0.5038955612273986,0.48520830339191545,0.018687257835483195,False
4678,0.25479153661422,0.21632786831531214,0.03846366829890785,False
4679,0.9159607740420415,0.846065853463043,0.06989492057899849,False
4680,0.8141310266728863,0.7721248864803902,0.042006140192496044,False
4681,0.622455994624374,0.6048716117184918,0.017584382905882157,False
4682,0.49742107823155307,0.48737992569167365,0.010041152539879417,False
4683,0.0,0.045333446132898685,-0.045333446132898685,True
4684,0.700488282745874,0.6429450122807862,0.05754327046508789,False
4685,0.5756593058384871,0.46283653643469574,0.11282276940379138,False
4686,0.11870972255760447,0.10885030068056258,0.00985942187704189,True
4687,0.0,0.007444177189978454,-0.007444177189978454,True
4688,0.1614706888476375,0.1574423096838382,0.004028379163799278,True
4689,0.31406203116188247,0.3054146109524607,0.008647420209421774,False
4690,0.11469165776537675,0.0691194800942177,0.04557217767115905,True
4691,0.9056403823726098,0.8900905324596772,0.015549849912932623,False
4692,0.7650891544765308,0.6436124084142657,0.1214767460622651,False
4693,0.0,0.05445477742438111,-0.05445477742438111,True
4694,0.9702849202566459,0.9573305634973167,0.01295435675932921,False
4695,0.8548410730047309,0.8194077484005405,0.03543332460419035,False
4696,0.261797721994821,0.26193230435768117,-0.00013458236286018055,False
4697,0.14238281437982991,0.139100569413893,0.0032822449659369035,True
4698,0.7791503457408689,0.7583545482067293,0.020795797534139626,False
4699,0.18859493304562364,0.18504721578871816,0.003547717256905475,True
4700,0.0,0.03277603310447262,-0.03277603310447262,True
4701,0.0,0.06024608154711954,-0.06024608154711954,True
4702,0.1768734157671964,0.17319912053532044,0.003674295231875957,True
4703,0.04555327441851035,0.040958069306628576,0.004595205111881773,True
4704,0.2833547243107255,0.1625841229423948,0.1207706013683307,False
4705,0.5653508356506084,0.5082941104741588,0.05705672517644955,False
4706,0.12711815176291358,0.1270427692720795,7.538249083408055e-05,True
4707,0.7228361332467844,0.7043335550395488,0.018502578207235665,False
4708,0.0,0.0,0.0,True
4709,0.46705936988463054,0.2783420727279033,0.18871729715672725,False
4710,0.0,0.002130196076975356,-0.002130196076975356,True
4711,0.0,0.0,0.0,True
4712,0.7557267765508068,0.7212094237971307,0.03451735275367607,False
4713,0.0,0.0,0.0,True
4714,0.0,0.0,0.0,True
4715,0.5373159293823877,0.37655373925018687,0.16076219013220083,False
4716,0.6413273759115685,0.6338247595004379,0.0075026164111305915,False
4717,0.0,0.06186128917640052,-0.06186128917640052,True
4718,0.34635359119511694,0.3259697140665452,0.02038387712857176,False
4719,0.0,0.07449626814794258,-0.07449626814794258,True
4720,0.15406968447235309,0.10616406110381593,0.047905623368537154,True
4721,0.612819771709527,0.6074578477449167,0.005361923964610216,False
4722,0.4046315630223278,0.2251298003988894,0.17950176262343837,False
4723,0.0,0.0,0.0,True
4724,0.9158305049788238,0.8999278106735797,0.015902694305244047,False
4725,0.2989223586217133,0.29895447127233943,-3.211265062613711e-05,False
4726,0.24711709531420686,0.10777617193746457,0.1393409233767423,False
4727,0.7006688667296656,0.6993220561984856,0.0013468105311799095,False
4728,0.619974292697819,0.3925602176840511,0.22741407501376792,False
4729,0.46533919446225613,0.2838692298916875,0.18146996457056863,False
4730,0.412626349351415,0.40547892022415644,0.0071474291272585755,False
4731,0.2823087800413014,0.27337643382152,0.008932346219781395,False
4732,0.1275858712510803,0.12557635758562752,0.0020095136654527945,True
4733,0.9133070376744858,0.9038759056983037,0.009431131976182172,False
4734,0.1736678198682606,0.10870365952986409,0.06496416033839651,True
4735,0.0,0.0,0.0,True
4736,0.3251238847156236,0.152233347254316,0.1728905374613076,False
4737,0.3092704541210438,0.2960133179967793,0.01325713612426449,False
4738,0.0745782741437805,0.0630254810422694,0.011552793101511097,True
4739,0.12994171577098698,0.09328010618703049,0.03666160958395649,True
4740,0.7187158294876952,0.6430247327554037,0.07569109673229146,False
4741,0.618954646503776,0.5433208888996378,0.07563375760413815,False
4742,0.0,0.06002248159182941,-0.06002248159182941,True
4743,0.7113532236495749,0.5788801305098049,0.13247309313976996,False
4744,0.877252585181092,0.7998480219364897,0.07740456324460221,False
4745,0.4048810583901934,0.3919907540327042,0.012890304357489168,False
4746,0.381266821819273,0.3333914774096984,0.04787534440957464,False
4747,0.36385229274101405,0.34856306364117523,0.01528922909983882,False
4748,0.25450515370252735,0.24880128630173132,0.005703867400796037,False
4749,0.33058543481975555,0.21842667251809245,0.1121587623016631,False
4750,0.10972538150360651,0.09302257831906798,0.01670280318453854,True
4751,0.36493217726155025,0.35641743658712716,0.008514740674423094,False
4752,0.05687681537699047,0.055626171226248425,0.001250644150742046,True
4753,0.3781652512316349,0.3728459995901391,0.005319251641495826,False
4754,0.0,0.0,0.0,True
4755,0.9503143489332229,0.9334535901643594,0.016860758768863504,False
4756,0.5564079285395962,0.5033092904771365,0.053098638062459735,False
4757,0.07380953473078089,0.07446337144787066,-0.0006538367170897674,True
4758,0.2435590704122704,0.2265596871863648,0.016999383225905607,False
4759,0.17620727129064678,0.1541511425019953,0.022056128788651486,True
4760,0.0,0.00033757658100034546,-0.00033757658100034546,True
4761,0.1749420917456219,0.17026350925573827,0.00467858248988362,True
4762,0.31638162637747824,0.18672577271197677,0.12965585366550147,False
4763,0.23418300383396326,0.17902313159599684,0.05515987223796642,False
4764,0.6619608202178366,0.5907155477438986,0.07124527247393808,False
4765,0.17843116821775734,0.1766556771312651,0.001775491086492248,True
4766,0.07190872093670955,0.06880233566416158,0.0031063852725479735,True
4767,0.25037838933760365,0.2023012939630435,0.04807709537456015,False
4768,0.036995310748852595,0.028967349164220273,0.008027961584632322,True
4769,0.8669741161554121,0.865785122488569,0.0011889936668431078,False
4770,0.2139537516334975,0.12917370882432744,0.08478004280917006,False
4771,0.20953109497660852,0.15254335982357684,0.05698773515303168,False
4772,0.0,0.0,0.0,True
4773,0.0,0.0,0.0,True
4774,0.0,0.0,0.0,True
4775,0.7503247327098831,0.5782454537802386,0.17207927892964447,False
4776,0.9440816065767023,0.9089301497527372,0.03515145682396503,False
4777,0.11651174762187003,0.0705794880534264,0.04593225956844363,True
4778,0.38668776273265665,0.37198835299286725,0.014699409739789393,False
4779,0.3233896027089482,0.28712263050503006,0.03626697220391811,False
4780,0.0,0.0,0.0,True
4781,0.0,0.005018946116719468,-0.005018946116719468,True
4782,0.49637827917569993,0.29134751505018935,0.20503076412551058,False
4783,0.04213889753943241,0.0370927952899003,0.005046102249532107,True
4784,0.9390055517981805,0.9318971099915031,0.007108441806677357,False
4785,0.571918975076376,0.5696860363093615,0.0022329387670144696,False
4786,0.1612515409212927,0.15489826619000668,0.006353274731286024,True
4787,0.6327705328146126,0.6073703497188491,0.02540018309576353,False
4788,0.5221641648842975,0.4580208455007242,0.06414331938357332,False
4789,0.36881432148563853,0.2841861310767725,0.08462819040886604,False
4790,0.9099219396510086,0.8785005842067786,0.03142135544423008,False
4791,0.3030560116747143,0.2706831810824284,0.032372830592285906,False
4792,0.9283896752584504,0.8949693468371636,0.03342032842128684,False
4793,0.5760623936151482,0.5622662804653066,0.013796113149841638,False
4794,0.03793489201481069,0.028839164924478543,0.00909572709033215,True
4795,0.2716585662527015,0.25642571973930034,0.015232846513401177,False
4796,0.05943419868278237,0.05585952464839894,0.0035746740343834335,True
4797,0.0,0.0,0.0,True
4798,0.9633216826475457,0.9526700868751807,0.010651595772364963,False
4799,0.6755310484999071,0.5535735007195288,0.12195754778037826,False
4800,0.4796521210880526,0.2445258006766492,0.2351263204114034,False
4801,0.2923448300986235,0.2835863314179422,0.008758498680681293,False
4802,0.34783076892301956,0.33251317715365986,0.015317591769359706,False
4803,0.8032638200338684,0.7509108730273121,0.05235294700655635,False
4804,0.7011496844856766,0.6082821861238061,0.09286749836187047,False
4805,0.4544087907100645,0.44606525331044844,0.008343537399616074,False
4806,0.48472782944800974,0.4226859735978436,0.06204185585016614,False
4807,0.0,0.0,0.0,True
4808,0.43210292653297255,0.31309219297474056,0.119010733558232,False
4809,0.23000895726232107,0.08418650799933698,0.1458224492629841,False
4810,0.11265297172062048,0.10947414046319329,0.0031788312574271976,True
4811,0.954479952439108,0.9363889078513173,0.01809104458779065,False
4812,0.8714946111520832,0.8202768643857218,0.05121774676636137,False
4813,0.1959196054017849,0.1902441528141824,0.00567545258760252,True
4814,0.28907812399289373,0.1523362891377546,0.13674183485513913,False
4815,0.2967705497059235,0.28651560584901636,0.010254943856907117,False
4816,0.5107961008663097,0.4956218366860577,0.015174264180251973,False
4817,0.9374143574779347,0.9088447651438596,0.028569592334075078,False
4818,0.7887364699171995,0.7564418096684029,0.03229466024879657,False
4819,0.7252183592068953,0.7059671577648086,0.019251201442086696,False
4820,0.16649534664690047,0.15360347400117336,0.01289187264572711,True
4821,0.8078085015642953,0.7828106556254116,0.024997845938883656,False
4822,0.16453993643392384,0.15657590312738204,0.007964033306541801,True
4823,0.5874756071234268,0.5155265014494292,0.0719491056739976,False
4824,0.526917460057372,0.33010550485609835,0.1968119552012736,False
4825,0.0,0.0,0.0,True
4826,0.0,0.0,0.0,True
4827,0.5729716704907607,0.5710441936683612,0.0019274768223994654,False
4828,0.37876781927491027,0.37118779774071586,0.007580021534194403,False
4829,0.763743375726319,0.7401838787232449,0.023559497003074137,False
4830,0.955018232272395,0.9296517515687854,0.025366480703609584,False
4831,0.20909027351123735,0.20755824300886655,0.0015320305023708014,False
4832,0.05138023308337039,0.050080556859425904,0.0012996762239444876,True
4833,0.2604144788080921,0.21978985524106742,0.040624623567024676,False
4834,0.24800496985070536,0.11672877740587168,0.13127619244483368,False
4835,0.38852232132775333,0.38476251561220104,0.003759805715552289,False
4836,0.5992291243926964,0.4807344007634999,0.1184947236291965,False
4837,0.44384788171144124,0.43278383220091876,0.011064049510522478,False
4838,0.21063397384402716,0.2046968820421364,0.005937091801890754,False
4839,0.24446165513620738,0.124437022506361,0.12002463262984638,False
4840,0.6043692136042269,0.593741824437741,0.010627389166485868,False
4841,0.3056745740133844,0.1686462642832252,0.13702830973015917,False
4842,0.03036109943136473,0.018913922363565396,0.011447177067799335,True
4843,0.5052319137015049,0.4514575734168417,0.053774340284663213,False
4844,0.9054684143131616,0.8897413650929774,0.015727049220184197,False
4845,0.0,0.0,0.0,True
4846,0.0,0.038619113831228215,-0.038619113831228215,True
4847,0.17713624497321007,0.17139880318460007,0.005737441788609993,True
4848,0.0,0.06842364226158454,-0.06842364226158454,True
4849,0.13602601575232057,0.1331494445994949,0.0028765711528256632,True
4850,0.0,0.0002833364026379704,-0.0002833364026379704,True
4851,0.17785669805237458,0.16542683846989195,0.012429859582482633,True
4852,0.9028566428685385,0.887726345856419,0.015130297012119542,False
4853,0.040738474191138185,0.03504326786508227,0.005695206326055913,True
4854,0.2390707245230388,0.23318115866061478,0.005889565862424007,False
4855,0.0,0.024235896210433414,-0.024235896210433414,True
4856,0.1406963163855832,0.10524831653375631,0.03544799985182688,True
4857,0.48758034741149,0.39751571999197094,0.09006462741951904,False
4858,0.02997296652969644,0.018566360501461775,0.011406606028234664,True
4859,0.8923010831738971,0.8476486915266135,0.04465239164728363,False
4860,0.39011627135068294,0.3737895410112273,0.016326730339455642,False
4861,0.5193676436231667,0.5139053197538109,0.005462323869355745,False
4862,0.31190070851135604,0.30380744971974777,0.008093258791608271,False
4863,0.6223869274491036,0.6187729905075933,0.003613936941510354,False
4864,0.3241323721508945,0.31838489377909296,0.005747478371801562,False
4865,0.43178416727783686,0.27708642723430704,0.15469774004352982,False
4866,0.8673578730740983,0.8506225122756964,0.016735360798401877,False
4867,0.712412935348104,0.5991268002846317,0.11328613506347229,False
4868,0.9790289888569048,0.9647098937323808,0.014319095124524006,False
4869,0.10413335441684379,0.08650050031508189,0.017632854101761908,True
4870,0.1359505324412803,0.13533404392804374,0.0006164885132365627,True
4871,0.5206458951844761,0.31753796224463854,0.2031079329398376,False
4872,0.21761815655341643,0.19833576343583004,0.019282393117586394,False
4873,0.8677843019736312,0.8427629527283533,0.02502134924527788,False
4874,0.2939407755935593,0.18514818022056034,0.10879259537299896,False
4875,0.5613779145580478,0.5291958360901349,0.03218207846791288,False
4876,0.5092735398173481,0.36743460232775643,0.1418389374895917,False
4877,0.2873429171599675,0.27229338105692974,0.015049536103037775,False
4878,0.1983029709100055,0.1405216961937884,0.05778127471621711,True
4879,0.0,0.0,0.0,True
4880,0.40777522684604334,0.19658526018598427,0.21118996666005907,False
4881,0.3693287055922967,0.2735625599287703,0.09576614566352637,False
4882,0.6035901550657227,0.41360570565351135,0.18998444941221132,False
4883,0.12898733193481832,0.10593325535228795,0.023054076582530364,True
4884,0.0,0.04442872548823088,-0.04442872548823088,True
4885,0.0,0.021049128349083745,-0.021049128349083745,True
4886,0.04490089066489012,0.04127224051969463,0.0036286501451954917,True
4887,0.3662087336878782,0.3516346882733981,0.014574045414480097,False
4888,0.4293773479060617,0.35093178480180387,0.07844556310425782,False
4889,0.17183297368120787,0.16346589147267995,0.008367082208527915,True
4890,0.32179759392273694,0.20079846501692233,0.1209991289058146,False
4891,0.6533601874448326,0.6401079047103143,0.013252282734518284,False
4892,0.04230309154208022,0.03174743096149789,0.010555660580582334,True
4893,0.35371000105127853,0.347197504874074,0.006512496177204508,False
4894,0.0,0.0031109397521762007,-0.0031109397521762007,True
4895,0.8125817239890956,0.8076394664097424,0.004942257579353182,False
4896,0.1385839402635881,0.1066019054923358,0.03198203477125232,True
4897,0.647901645266185,0.5019295903791282,0.14597205488705678,False
4898,0.6888649516035329,0.6793942229334426,0.009470728670090245,False
4899,0.331435873360863,0.32557197907856505,0.005863894282297943,False
4900,0.0,0.03133347822437687,-0.03133347822437687,True
4901,0.6170414982070084,0.5751591590194158,0.04188233918759254,False
4902,0.8037112014468267,0.788539428758325,0.015171772688501783,False
4903,0.8355398281392629,0.8093160716118684,0.026223756527394504,False
4904,0.8064687572430266,0.7973286277471291,0.009140129495897487,False
4905,0.10009487418282938,0.0987042514388614,0.0013906227439679786,True
4906,0.44011526466675355,0.350368110486623,0.08974715418013057,False
4907,0.022900461962640013,0.006939647662128491,0.015960814300511522,True
4908,0.598395399890174,0.39195865946160574,0.20643674042856824,False
4909,0.14279753212223095,0.13604611373702824,0.006751418385202712,True
4910,0.1531230379157356,0.15259651199351376,0.0005265259222218266,True
4911,0.4823938036389751,0.4709445263990469,0.011449277239928224,False
4912,0.4950540236329345,0.4811069546677135,0.013947068965220966,False
4913,0.9759568185460052,0.9669411064264833,0.009015712119521901,False
4914,0.9566834688261238,0.9356950657770562,0.020988403049067572,False
4915,0.0,0.03736785310299036,-0.03736785310299036,True
4916,0.8268779579506117,0.825262003150339,0.0016159548002726565,False
4917,0.22629268014373555,0.09232117580840563,0.13397150433532992,False
4918,0.6627190940568604,0.6219151805570763,0.04080391349978407,False
4919,0.32079416734287536,0.3154469894978551,0.005347177845020257,False
4920,0.5398776484740445,0.5384357951411708,0.0014418533328737215,False
4921,0.7258827615234015,0.6402041413828753,0.08567862014052618,False
4922,0.11253025231469435,0.10961164851341888,0.0029186038012754684,True
4923,0.0,0.03384528767054404,-0.03384528767054404,True
4924,0.44236720998487206,0.39588733397765546,0.04647987600721659,False
4925,0.0,0.0,0.0,True
4926,0.5716429417640617,0.5680804278895301,0.0035625138745316587,False
4927,0.5616106500013991,0.534192738302188,0.02741791169921104,False
4928,0.2151218746368069,0.20760774288755074,0.007514131749256164,False
4929,0.043866155093489706,0.03842159590450527,0.005444559188984434,True
4930,0.22365433120353842,0.20697800024317053,0.016676330960367886,False
4931,0.32194050192495743,0.31381363345098323,0.008126868473974203,False
4932,0.0,0.03456408250637351,-0.03456408250637351,True
4933,0.36728050687649655,0.3496209357001546,0.017659571176341926,False
4934,0.0,0.005045580649531683,-0.005045580649531683,True
4935,0.0,0.035082487572793475,-0.035082487572793475,True
4936,0.1789043376486788,0.10893019273654564,0.06997414491213316,True
4937,0.3454837630018695,0.21153517398901917,0.13394858901285034,False
4938,0.3668504451254663,0.3553953418728301,0.011455103252636156,False
4939,0.0,0.0,0.0,True
4940,0.5779736588711807,0.5356460423318229,0.04232761653935779,False
4941,0.07697067242494782,0.07607843852376175,0.0008922339011860625,True
4942,0.7541499316021555,0.743921346937274,0.010228584664881524,False
4943,0.19118561738372555,0.18734811591126932,0.003837501472456234,True
4944,0.22638043693330198,0.22519534759506118,0.0011850893382407968,False
4945,0.2945963386975771,0.14264208333796666,0.15195425535961046,False
4946,0.18411150322588665,0.1428053899664637,0.04130611325942296,True
4947,0.03416702805003762,0.02437756748769354,0.00978946056234408,True
4948,0.802017342199606,0.7956149223498735,0.006402419849732444,False
4949,0.40053390909593956,0.3774551707138539,0.02307873838208563,False
4950,0.03403989503637329,0.024777142487534768,0.009262752548838519,True
4951,0.0,0.0,0.0,True
4952,0.268872436706245,0.2561541304999907,0.012718306206254304,False
4953,0.8999409825196222,0.8755427156298858,0.024398266889736342,False
4954,0.4385457203232451,0.4380235286495052,0.0005221916737399024,False
4955,0.42322362823282883,0.23128537219545445,0.19193825603737438,False
4956,0.8054236134478652,0.7894748706094508,0.01594874283841441,False
4957,0.5258039530814719,0.35323344444626065,0.17257050863521123,False
4958,0.15056665900492347,0.10332268972437028,0.04724396928055319,True
4959,0.08496304277596525,0.08427312003728735,0.0006899227386779061,True
4960,0.12126430519569031,0.12219758634462723,-0.0009332811489369125,True
4961,0.25181061419473516,0.1162325709413186,0.13557804325341655,False
4962,0.49136156939345693,0.4117133799950253,0.07964818939843166,False
4963,0.07871547595382375,0.07610048701487422,0.002614988938949528,True
4964,0.5824025236307873,0.5708168576280548,0.011585666002732475,False
4965,0.23173963802302147,0.128522660910506,0.10321697711251548,False
4966,0.0887526644516828,0.08520784086320608,0.0035448235884767143,True
4967,0.0,0.002053247581688454,-0.002053247581688454,True
4968,0.31226074086549077,0.30318052399710693,0.009080216868383839,False
4969,0.0,0.038319828545635454,-0.038319828545635454,True
4970,0.5437024030209909,0.3182298691519444,0.22547253386904653,False
4971,0.3171077435679836,0.29208328566219455,0.025024457905789055,False
4972,0.0819482573982423,0.07886947422889379,0.003078783169348509,True
4973,0.27851091598721495,0.25227310202699404,0.0262378139602209,False
4974,0.7527263203792481,0.5725979904609276,0.1801283299183205,False
4975,0.35508520602140936,0.23065438658795748,0.12443081943345188,False
4976,0.2661203626207949,0.2525479392183253,0.013572423402469613,False
4977,0.0,0.0,0.0,True
4978,0.15682592028991618,0.14878491421282253,0.008041006077093654,True
4979,0.18991706993560337,0.17778982368109367,0.0121272462545097,True
4980,0.18021552736617513,0.17721409194919624,0.0030014354169788926,True
4981,0.9519199019433328,0.9061565831479711,0.04576331879536166,False
4982,0.32282995850062757,0.1400024071516123,0.18282755134901527,False
4983,0.31548821759025136,0.14118140510394656,0.1743068124863048,False
4984,0.4942707272887609,0.4767065700443719,0.017564157244389034,False
4985,0.6471958113411492,0.6139517681810668,0.03324404316008245,False
4986,0.6761937561697,0.5977500067210264,0.0784437494486736,False
4987,0.0,0.032191103036600555,-0.032191103036600555,True
4988,0.0,0.04459421685629362,-0.04459421685629362,True
4989,0.14556618065695826,0.1389542460717403,0.006611934585217943,True
4990,0.6176819408274353,0.6090358545339288,0.008646086293506494,False
4991,0.9124984055671287,0.8914084777249547,0.021089927842174006,False
4992,0.8071787393849575,0.6893441864525358,0.11783455293242173,False
4993,0.7767900088222067,0.7342413533751314,0.04254865544707531,False
4994,0.0,0.0,0.0,True
4995,0.0,0.0,0.0,True
4996,0.476782426409804,0.29536219516842416,0.18142023124137985,False
4997,0.31440941455610594,0.25734940802680245,0.057060006529303486,False
4998,0.0,0.0,0.0,True
4999,0.33882987092546296,0.20507108642289476,0.1337587845025682,False
