idx,reaction,minimum,maximum,flux_at_opt
2,r_0001,0.0,0.9999999999999992,0.0
2,r_0002,0.0,1.000000000000001,0.0
2,r_0004,0.0,1.0000000000000728,0.0
2,r_0091,0.0,19.739303267828124,0.0
2,r_0111,0.0,12.379992883249832,0.0
2,r_0112,0.0,14.097624552755617,0.0
2,r_0113,0.0,23.262833171256727,-3.93530285494064e-16
2,r_0114,0.0,0.0,0.0
2,r_0163,0.0,1000.0,0.0
2,r_0164,0.0,0.0,0.0
2,r_0165,0.0,1000.0,0.7937450061570198
2,r_0173,0.0,13.453742784999278,0.0
2,r_0174,0.0,8.066183741136788,0.0
2,r_0175,0.0,8.579004253957914,0.0
2,r_0280,-1000.0000000000002,1000.0,0.0
2,r_0300,0.0,8.238017253958125,0.0
2,r_0301,0.0,1.1428571428570624,0.0
2,r_0302,-1000.0,1000.0,0.0
2,r_0303,-1000.0,1000.0000000000001,0.0
2,r_0322,0.0,0.0,0.0
2,r_0332,0.0,0.0,0.0
2,r_0356,0.0,0.0,0.0
2,r_0366,1.7088589130029403,38.48545828594242,5.622423959334052
2,r_0449,0.0,26.59941432270711,0.0
2,r_0450,1.4915602009536604,46.15805663234223,3.1271251463336927
2,r_0451,-1.1428571428571432,1.0000000000000002,0.0
2,r_0452,-13.703879872462101,14.523246636175017,0.05698382534029612
2,r_0454,-8.492839104568271e-07,1.142857142857134,0.0
2,r_0466,0.0,19.739303267827687,0.0
2,r_0467,-1.456045632389785,19.225308976304216,2.793791813000362
2,r_0470,0.0,22.958197869022445,2.6709514760209068
2,r_0471,0.0,20.682217289212673,0.0
2,r_0472,0.0,0.0,0.0
2,r_0476,0.0,26.59941432270768,0.0
2,r_0486,2.9688803569617765,38.4854582859422,5.622423959334051
2,r_0487,0.0,0.0,0.0
2,r_0488,0.0,26.599414322706263,0.0
2,r_0489,0.0,27.8979073227079,1.298493
2,r_0490,0.0,1.1428571428571421,0.0
2,r_0491,0.0,21.8484787635356,1.2984930000000001
2,r_0492,0.0,21.84847876353891,0.0
2,r_0533,0.0,0.0,0.0
2,r_0534,1.4717675189389894,37.83557551330917,2.79379181300036
2,r_0535,0.0,0.0,0.0
2,r_0543,0.0,0.0,0.0
2,r_0553,0.0,1000.0,0.0
2,r_0554,0.0,0.0,0.0
2,r_0658,0.0,23.87162814649142,0.0
2,r_0659,-25.21778199264374,8.238017253958233,-0.3929392964355861
2,r_0661,0.0,0.2000000000000001,0.0
2,r_0688,0.0,10.94940915311146,0.0
2,r_0696,0.0,10.949409153111514,0.0
2,r_0697,0.0,1000.0,0.0
2,r_0713,-49.73131956340197,1000.0,0.7937450061570198
2,r_0714,-1000.0,18.367793205504995,0.0
2,r_0715,-1.0000000000000078,-5.387677950567733e-15,-0.3438218843811379
2,r_0716,0.0,4.190844504516572,0.0
2,r_0717,0.0,1.1428571428586083,0.392939296435586
2,r_0718,0.0,49.575069563402025,0.0
2,r_0719,0.0,19.490275242013468,0.0
2,r_0831,0.0,1.1428571428571457,0.0
2,r_0832,0.0,1.1428571428571421,0.0
2,r_0884,0.0,26.599414322707887,1.4499231217758881
2,r_0886,1.4915602009535456,46.15805663234639,3.1271251463336927
2,r_0888,0.0,13.95769990275448,-2.363390618188097e-15
2,r_0889,4.3225233686533317e-14,19.739303267827932,0.0
2,r_0892,2.9688803569628543,38.4854582859422,5.622423959334051
2,r_0893,1.70885891300242,38.485458285941334,5.622423959334051
2,r_0907,-26.5994143227061,13.957699902754625,6.016332727156412e-15
2,r_0916,0.0,13.957699902754218,0.0
2,r_0958,0.0,63.14759947208165,0.0
2,r_0959,0.0,37.63375478469252,7.288627441511975
2,r_0960,0.0,17.10012684480049,0.7837196395979643
2,r_0961,0.0,12.277697121012611,0.0
2,r_0962,1.7088589130027674,65.0848726086502,7.07234708110994
2,r_0969,2.9311454854609572e-31,26.599414322706913,0.0
2,r_0982,1.8729138075730434e-15,6.746434422609217,0.16666666666666233
2,r_0984,-2.4525575748584156,13.492868845218942,0.33333333333333665
2,r_0990,-26.599414322708434,0.0,0.0
2,r_1021,-1.1428571428571426,1.0000000000000002,1.5529760481461465e-16
2,r_1022,0.0,24.759985766494648,-3.93530285494064e-16
2,r_1048,-0.9302915595127442,26.821636544929348,0.16666666666666832
2,r_1049,-0.9302915595129319,6.746434422608825,0.16666666666666832
2,r_1050,-2.7950975905654745,6.746434422608644,0.1666666666666683
2,r_1054,-3.820433567097603,18.260149309637317,1.8286321463336928
2,r_1171,0.0,28.4327476560385,0.0
2,r_1172,1.2984930000000106,29.731240656039965,1.2984930000000003
2,r_1654,-10.783370623458287,12.264705882352679,4.170951476020899
2,r_1664,0.0,0.0,0.0
2,r_1665,-1000.0,1000.0,0.0
2,r_1667,-999.9999999999999,1000.0,0.0
2,r_1668,0.0,1000.0,3.6709514760208948
2,r_1714,-19.22530897630422,-1.471767518939025,-2.7937918130003645
2,r_1761,7.004907801914005,7.004907801914006,7.004907801914006
2,r_1808,1.298493,21.39233841265824,1.298493
2,r_1809,-21.392338412657647,1.1428571428571448,0.0
2,r_1838,0.0,0.0279753821477466,0.0
2,r_2111,0.0,0.0849283931911545,0.0
2,r_2115,0.0,1000.0,6.211162795756992
2,r_2116,0.0,8.738365719566072,0.0
2,r_2126,0.0,26.5994143227072,0.0
2,r_2131,0.0,16.96535259361085,0.0
2,r_2305,-1000.0,1000.0,0.0
2,r_4039,-24.66249828236633,0.9999999999999998,3.93530285494064e-16
2,r_4046,4.725696135225169,4.725696135225169,4.725696135225169
2,r_4185,0.0,26.59941432270731,0.0
2,r_4232,0.0,26.599414322708373,0.0
2,r_4236,-17.860021732521933,1000.0,0.0
2,r_4254,0.0,0.0,0.0
2,r_4255,0.0,0.0,0.0
2,r_4273,0.0,0.0,0.0
2,r_4283,0.0,0.0,0.0
2,r_4284,0.0,0.0,0.0
2,r_4285,0.0,0.0,0.0
2,r_4286,0.0,0.0,0.0
2,r_4287,0.0,0.0,0.0
2,r_4288,0.0,0.0,0.0
2,r_4384,0.0,0.0,0.0
2,r_4567,0.0,26.59941432270391,0.0
2,r_4750,0.0,0.0,0.0
2,r_4755,0.0,0.0,0.0
8,_nonviable,,,
29,r_0001,0.0,0.9999999999999996,0.0
29,r_0002,0.0,0.9999999999999977,0.0
29,r_0004,0.0,0.9999999999999999,0.0
29,r_0091,0.0,21.502320579279285,0.0
29,r_0111,0.0,13.476910961856317,0.0
29,r_0112,0.0,15.451316482797694,0.0
29,r_0113,0.0,25.54194530466026,0.0
29,r_0114,0.0,0.0,0.0
29,r_0163,0.0,1000.0,1000.0
29,r_0164,0.0,0.0,0.0
29,r_0165,0.0,1000.0,11.30486245397821
29,r_0173,0.0,14.50884485639229,0.0
29,r_0174,0.0,8.625290605808823,0.0
29,r_0175,0.0,9.096419328328459,0.0
29,r_0280,-1000.0,1000.0,0.0
29,r_0300,0.0,8.793489719173618,0.0
29,r_0301,0.0,1.1428571428571423,0.0
29,r_0302,-1000.0,1000.0,-1.1368683772161603e-13
29,r_0303,-1000.0,1000.0,999.4999999999999
29,r_0322,0.0,0.0,0.0
29,r_0332,0.0,0.0,0.0
29,r_0356,0.0,0.0,0.0
29,r_0366,0.8335987539390122,40.310347333335514,40.31034733333334
29,r_0449,0.0,29.2977177362826,0.0
29,r_0450,1.6515211211492418,49.6310510696154,20.333333333333332
29,r_0451,-1.1428571428571426,1.0000000000000002,0.0
29,r_0452,-14.790940848134639,15.395453345061792,0.0
29,r_0454,-1.0669897407485592e-06,1.1428571428571412,0.9999999999999999
29,r_0466,0.0,21.5023205792785,0.0
29,r_0467,-2.4166784538737955,19.999999999999996,19.999999999999996
29,r_0470,0.0,24.3210208516588,1.000000000000195
29,r_0471,0.0,22.348434713075346,0.0
29,r_0472,0.0,0.0,0.0
29,r_0476,0.0,29.297717736282337,0.0
29,r_0486,4.156876453978197,40.31034733333375,40.31034733333333
29,r_0487,0.0,0.0,0.0
29,r_0488,0.0,29.297717736283467,0.0
29,r_0489,0.0,30.32070373628217,1.0229859999999997
29,r_0490,0.0,1.142857142857141,0.9999999999999999
29,r_0491,0.0,23.289383830388054,2.0229859999999995
29,r_0492,0.0,23.289383830388857,0.0
29,r_0533,0.0,0.0,0.0
29,r_0534,1.9323162593871641,40.43355624372975,19.999999999999996
29,r_0535,0.0,0.0,0.0
29,r_0543,0.0,0.0,0.0
29,r_0553,0.0,999.9999999999998,1000.0
29,r_0554,0.0,0.0,0.0
29,r_0658,0.0,25.54894874050375,0.0
29,r_0659,-26.895102586656407,8.793489719174184,-0.4999999999999999
29,r_0661,0.0,0.19999999999999993,0.0
29,r_0688,0.0,11.828272134315782,0.0
29,r_0696,0.0,11.828272134316352,0.0
29,r_0697,0.0,1000.0,1000.0
29,r_0713,-53.835398574264254,1000.0,11.804862453978203
29,r_0714,-1000.0,20.57704873562966,-25.54611189365619
29,r_0715,-0.9999999999999138,0.0,0.0
29,r_0716,0.0,4.491774445612309,0.0
29,r_0717,0.0,1.1428571428571415,0.0
29,r_0718,0.0,53.67914857426174,0.0
29,r_0719,0.0,19.76423543967759,13.74124943967769
29,r_0831,0.0,1.1428571428571404,0.0
29,r_0832,0.0,1.142857142857155,0.0
29,r_0884,0.0,29.297717736282227,0.0
29,r_0886,1.6515211211501244,49.63105106961589,20.33333333333333
29,r_0888,0.0,15.325167182797147,0.0
29,r_0889,0.0,21.502320579279267,0.0
29,r_0892,4.156876453978349,40.31034733333327,40.31034733333333
29,r_0893,0.8335987539402924,40.31034733333332,40.31034733333333
29,r_0907,-29.297717736281772,15.325167182796912,-2.8393064271298178e-15
29,r_0916,0.0,15.325167182797182,0.0
29,r_0958,0.0,67.70931001393885,12.74124943967775
29,r_0959,0.0,39.26506602612964,11.304862453978208
29,r_0960,0.0,17.29665627538799,0.0
29,r_0961,0.0,12.89611404276442,0.0
29,r_0962,0.8335987539389151,69.60806506961707,40.31034733333334
29,r_0969,0.0,29.29771773628221,0.0
29,r_0982,0.0,7.334106859759575,0.16666666666666846
29,r_0984,-2.6326120586094226,14.668213719518919,0.3333333333333312
29,r_0990,-29.297717736280575,0.0,0.0
29,r_1021,-1.1428571428571426,1.0,1.0
29,r_1022,0.0,26.95382192371042,0.0
29,r_1048,-0.9974889688515426,29.519939958504306,0.16666666666666563
29,r_1049,-0.9974889688515057,7.3341068597593795,0.16666666666666563
29,r_1050,-2.986901318396918,7.334106859760215,0.1666666666666656
29,r_1054,-4.854856865275305,19.310347333333546,19.310347333333333
29,r_1171,0.0,31.13105106961594,0.0
29,r_1172,1.0229859999999977,32.154037069614596,1.022986
29,r_1654,-11.893671564024629,12.264705882352796,3.5000000000002527
29,r_1664,0.0,0.0,0.0
29,r_1665,-1000.0000000000001,1000.0,-987.2587505603221
29,r_1667,-1000.0,1000.0,1000.0
29,r_1668,0.0,1000.0,1000.0
29,r_1714,-20.0,-1.9323162593872745,-20.0
29,r_1761,8.28187645397814,8.281876453978143,8.281876453978143
29,r_1808,1.022986,22.83324347951158,1.022986
29,r_1809,-22.8332434795106,1.1428571428570757,0.9999999999999997
29,r_1838,0.0,0.03514660454253735,0.0
29,r_2111,0.0,0.1066989767702985,0.0
29,r_2115,0.0,1000.0,1000.0
29,r_2116,0.0,9.344064822960737,0.0
29,r_2126,0.0,29.29771773628373,0.0
29,r_2131,0.0,17.14778648507544,0.499999999999805
29,r_2305,-1000.0,1000.0,999.4999999999999
29,r_4039,-26.880386637993563,1.0000000000000033,0.0
29,r_4046,3.7614773039327205,3.7614773039327205,3.7614773039327205
29,r_4185,0.0,29.2977177362822,0.0
29,r_4232,0.0,29.29771773628368,29.297717736282085
29,r_4236,-18.514235439677332,1000.0,1000.0
29,r_4254,0.0,0.0,0.0
29,r_4255,0.0,0.0,0.0
29,r_4273,0.0,0.0,0.0
29,r_4283,0.0,0.0,0.0
29,r_4284,0.0,0.0,0.0
29,r_4285,0.0,0.0,0.0
29,r_4286,0.0,0.0,0.0
29,r_4287,0.0,0.0,0.0
29,r_4288,0.0,0.0,0.0
29,r_4384,0.0,0.0,0.0
29,r_4567,0.0,29.297717736285417,29.297717736282088
29,r_4750,0.0,0.0,0.0
29,r_4755,0.0,0.0,0.0
54,_nonviable,,,
66,r_0001,0.0,1.0,0.0
66,r_0002,0.0,1.0,0.0
66,r_0004,0.0,0.9999999999999999,0.0
66,r_0091,0.0,17.108936586980093,0.0
66,r_0111,0.0,10.668848314776376,0.0
66,r_0112,0.0,12.086192620588704,0.0
66,r_0113,0.0,19.936200200983087,0.0
66,r_0114,0.0,0.0,0.0
66,r_0163,0.0,1000.0,987.3739317871634
66,r_0164,0.0,0.0,0.0
66,r_0165,0.0,1000.0,0.0
66,r_0173,0.0,11.67817706044444,0.0
66,r_0174,0.0,7.0944965794610315,0.0
66,r_0175,0.0,7.6008838874132625,0.0
66,r_0280,-1000.0,1000.0,0.0
66,r_0300,0.0,7.2232653282263035,0.0
66,r_0301,0.0,1.142857142857143,0.0
66,r_0302,-1000.0,1000.0,-1.1368683772161603e-13
66,r_0303,-1000.0,1000.0000000000002,999.4999999999999
66,r_0322,0.0,0.0,0.0
66,r_0332,0.0,0.0,0.0
66,r_0356,0.0,0.0,0.0
66,r_0366,1.9600149897106054,32.898432693564615,32.89843269356383
66,r_0449,0.0,22.79414309181969,0.0
66,r_0450,1.6121124240512743,39.40475110526653,16.610608013448545
66,r_0451,-1.1428571428571421,1.0000000000000002,1.2398151574389916e-16
66,r_0452,-11.810778198620909,13.04209351305511,0.0
66,r_0454,-7.838986490592513e-07,1.142857142857138,0.9999999999999999
66,r_0466,0.0,17.10893658697767,0.0
66,r_0467,-1.4542626282828905,16.27727468011509,16.27727468011509
66,r_0470,0.0,20.643896114148898,0.0
66,r_0471,0.0,17.996571320472956,0.0
66,r_0472,0.0,0.0,0.0
66,r_0476,0.0,22.794143091818945,0.0
66,r_0486,3.5770743271759864,32.898432693563954,32.89843269356382
66,r_0487,0.0,0.0,0.0
66,r_0488,0.0,22.794143091819596,0.0
66,r_0489,0.0,23.783593091820105,0.9894499999999681
66,r_0490,0.0,1.1428571428571406,0.9999999999999999
66,r_0491,0.0,18.550327857470638,1.9894500000000004
66,r_0492,0.0,18.55032785747295,0.0
66,r_0533,0.0,0.0,0.0
66,r_0534,1.6206005053916406,32.22623484089934,16.27727468011509
66,r_0535,0.0,0.0,0.0
66,r_0543,0.0,0.0,0.0
66,r_0553,0.0,1000.0,1000.0
66,r_0554,0.0,0.0,0.0
66,r_0658,0.0,21.023256755875725,0.0
66,r_0659,-22.369410602028896,7.223265328227025,-0.4999999999999999
66,r_0661,0.0,0.2,0.0
66,r_0688,0.0,9.527596581427957,0.0
66,r_0696,0.0,9.527596581426817,0.0
66,r_0697,0.0,1000.0,1000.0
66,r_0713,-42.378371382912405,1000.0,8.891457240363819
66,r_0714,-1000.0,16.531425724653445,-18.28291448072764
66,r_0715,-1.0000000000000058,0.0,0.0
66,r_0716,0.0,3.707497702463039,0.0
66,r_0717,0.0,1.1428571428571428,0.0
66,r_0718,0.0,42.22234117457999,0.0
66,r_0719,0.0,16.38090724036425,9.39145724036382
66,r_0831,0.0,1.1428571428571428,0.0
66,r_0832,0.0,1.1428571428571423,0.0
66,r_0884,0.0,22.79414309182164,0.0
66,r_0886,1.6121124240512394,39.404751105267664,16.61060801344854
66,r_0888,0.0,11.96172012058843,0.0
66,r_0889,0.0,17.108936586980114,0.0
66,r_0892,3.5770743271756573,32.89843269356259,32.89843269356382
66,r_0893,1.9600149897100678,32.898432693564516,32.89843269356382
66,r_0907,-22.79414309181859,11.961720120586383,1.8015221837930872e-13
66,r_0916,0.0,11.96172012058773,0.0
66,r_0958,0.0,52.89109216493949,8.39145724036375
66,r_0959,0.0,33.16590579881373,12.626068212836467
66,r_0960,0.0,14.285248950749125,0.0
66,r_0961,0.0,10.705136979682827,0.0
66,r_0962,1.9600149897115573,55.69257578538441,32.89843269356382
66,r_0969,0.0,22.794143091814902,0.0
66,r_0982,-3.229500477188432e-13,5.869645528992409,0.1666666666665465
66,r_0984,-2.154827913085852,11.739291057984309,0.33333333333345333
66,r_0990,-22.79414309181707,0.0,0.0
66,r_1021,-1.1428571428571448,1.0,1.0000000000000002
66,r_1022,0.0,21.337696629550898,0.0
66,r_1048,-0.8322090149346791,23.016365314039408,0.16666666666672666
66,r_1049,-0.8322090149347455,5.869645528992375,0.16666666666672666
66,r_1050,-2.42567955960119,5.869645528992682,0.16666666666672666
66,r_1054,-3.1642557104103006,15.621158013448026,15.621158013448543
66,r_1171,0.0,24.627476425152278,0.49999999999963735
66,r_1172,0.9894500000000092,25.616926425152506,1.4894499999996373
66,r_1654,-9.168905247738396,12.26470588235288,3.500000000000269
66,r_1664,0.0,0.0,0.0
66,r_1665,-1000.0,1000.0,-991.6085427596363
66,r_1667,-1000.0,1000.0,1000.0
66,r_1668,0.0,1000.0,1000.0
66,r_1714,-16.27727468011509,-1.6206005053902803,-16.27727468011509
66,r_1761,7.636618212836355,7.636618212836355,7.636618212836355
66,r_1808,0.98945,18.094187506593094,0.98945
66,r_1809,-18.09418750659498,1.1428571428571423,0.9999999999999999
66,r_1838,0.0,0.0258215939364009,0.0
66,r_2111,0.0,0.07838986688621984,0.0
66,r_2115,0.0,1000.0,1000.0
66,r_2116,0.0,7.708443398837647,0.0
66,r_2126,0.0,22.794143091819357,0.0
66,r_2131,0.0,14.436652458957605,0.4999999999998252
66,r_2305,-1000.0,1000.0,999.4999999999999
66,r_4039,-21.266456450981313,0.9999999999999993,0.0
66,r_4046,5.119868108168392,5.119868108168392,5.119868108168392
66,r_4185,0.0,22.79414309181985,0.0
66,r_4232,0.0,22.794143091820022,22.79414309182001
66,r_4236,-14.863490526490635,1000.0,1000.0
66,r_4254,0.0,0.0,0.0
66,r_4255,0.0,0.0,0.0
66,r_4273,0.0,0.0,0.0
66,r_4283,0.0,0.0,0.0
66,r_4284,0.0,0.0,0.0
66,r_4285,0.0,0.0,0.0
66,r_4286,0.0,0.0,0.0
66,r_4287,0.0,0.0,0.0
66,r_4288,0.0,0.0,0.0
66,r_4384,0.0,0.0,0.0
66,r_4567,0.0,22.7941430918216,22.79414309182001
66,r_4750,0.0,0.0,0.0
66,r_4755,0.0,0.0,0.0
86,_infeasible,,,
115,r_0001,0.0,1.0000000000000002,0.0
115,r_0002,0.0,1.0,0.0
115,r_0004,0.0,1.0,0.0
115,r_0091,6.449519257820678e-15,18.77946262085756,0.33939060739438554
115,r_0111,0.0,11.855662887063765,0.0
115,r_0112,0.0,13.611248707333445,0.0
115,r_0113,0.0,22.539903345549295,0.0
115,r_0114,0.0,0.0,0.0
115,r_0163,0.0,1000.0,1000.0
115,r_0164,0.0,0.0,0.0
115,r_0165,0.0,1000.0,4.535254916679246
115,r_0173,0.0,12.70936365043621,0.0
115,r_0174,0.0,7.567137186617658,0.0
115,r_0175,0.0,8.079957699437033,0.0
115,r_0280,-1000.0,1000.0,0.0
115,r_0300,0.0,7.765954263540706,0.0
115,r_0301,0.0,1.1428571428571428,0.0
115,r_0302,-1000.0,1000.0,0.0
115,r_0303,-1000.0,1000.0000000000001,999.9999999999998
115,r_0322,0.0,0.0,0.0
115,r_0332,0.0,0.0,0.0
115,r_0356,0.0,0.0,0.0
115,r_0366,3.503769798135264,41.0871993333325,4.1389513462576
115,r_0449,0.0,25.489238253123084,0.0
115,r_0450,1.5416185657341113,45.82257158645771,2.135977571896406
115,r_0451,-1.1428571428570466,0.9999999999999998,0.3212187852108696
115,r_0452,-13.94390939025343,13.744734011123636,0.6787812147886267
115,r_0454,-5.682072434911933e-07,1.142857142857134,5.037723018427597e-13
115,r_0466,0.0,18.779462620859025,0.33939060739438554
115,r_0467,0.1337156434943624,19.999999999999996,1.9097171669668227
115,r_0470,0.0,21.741771892379763,1.321218785211376
115,r_0471,0.0,19.435408539117617,0.0
115,r_0472,0.0,0.0,0.0
115,r_0476,0.0,25.489238253123226,0.0
115,r_0486,3.5729994648016437,41.087199333333416,4.138951346257599
115,r_0487,0.0,0.0,0.0
115,r_0488,0.0,25.489238253120625,0.0
115,r_0489,0.0,25.735372253120886,0.24613399999999988
115,r_0490,0.0,1.1428571428571463,5.037723018427597e-13
115,r_0491,0.0,21.17511373899565,0.24613400000050373
115,r_0492,0.0,21.175113738997183,0.0
115,r_0533,0.0,0.0,0.0
115,r_0534,1.2429000657341578,38.031922676441525,2.2491077743612093
115,r_0535,0.0,0.0,0.0
115,r_0543,0.0,0.0,0.0
115,r_0553,0.0,1000.0,1000.0
115,r_0554,0.0,0.0,0.0
115,r_0658,0.0,22.37448848292882,0.0
115,r_0659,-23.720642329083315,7.765954263540868,-0.6787812147888012
115,r_0661,0.0,0.2000000000000001,0.0
115,r_0688,0.0,10.289333932474973,0.0
115,r_0696,0.0,10.289333932474054,0.0
115,r_0697,0.0,1000.0,1000.0
115,r_0713,-49.03718446624281,1000.0,4.214036131468378
115,r_0714,-1000.0,15.017160604151172,-5.214036131468447
115,r_0715,-1.000000000000001,0.0,3.914584444672043e-18
115,r_0716,0.0,4.024708001705661,0.0
115,r_0717,0.0,1.1428571428571432,0.0
115,r_0718,0.0,48.896640007907834,0.7499999999997916
115,r_0719,0.0,22.07782042311606,1.249999999999788
115,r_0831,-1.0522880741831822e-13,1.1428571428571404,0.3212187852108693
115,r_0832,0.0,1.1428571428571423,0.3212187852108692
115,r_0884,0.0,25.489238253120064,0.0
115,r_0886,1.5416185657344554,45.822571586454245,2.1359775718964054
115,r_0888,0.0,13.523942007332485,0.0
115,r_0889,-1.481874257021894e-13,18.779462620855647,0.33939060739438554
115,r_0892,3.5729994648014896,41.08719933333411,4.138951346257599
115,r_0893,3.5037697981369496,41.08719933333304,4.138951346257599
115,r_0907,-25.48923825311872,13.523942007330762,-2.353536649863422e-14
115,r_0916,0.0,13.523942007332783,-9.073431193979871e-15
115,r_0958,0.0,65.72687668102215,0.0
115,r_0959,0.0,38.35752043869426,4.5352549166792455
115,r_0960,0.0,19.061118149680897,0.0
115,r_0961,0.0,12.04421897225215,0.0
115,r_0962,3.5037697981353326,66.57643758645473,4.1389513462576
115,r_0969,8.897114131125797e-32,25.489238253120753,0.0
115,r_0982,2.2881262060773786e-13,6.4264875402855965,0.11313020246480598
115,r_0984,-2.3364223437243865,12.852975080572001,0.22626040492958302
115,r_0990,-25.489238253121098,0.0,0.0
115,r_1021,-1.1428571428578882,1.0,1.0000000000000002
115,r_1022,0.0,23.711325774122052,0.3212187852108693
115,r_1048,-0.9068054923109157,25.711460475342243,0.11313020246479151
115,r_1049,-0.9068054923109423,6.426487540285119,0.11313020246479151
115,r_1050,-2.618807355667449,6.426487540285815,0.11313020246479151
115,r_1054,-1.813938751969562,20.08719933333324,1.8898435718964055
115,r_1171,0.0,27.322571586453684,0.0
115,r_1172,0.24613400000000463,27.56870558645375,0.24613400000000002
115,r_1654,-10.242135034781459,12.264705882352951,3.3212187852113613
115,r_1664,0.0,0.0,0.0
115,r_1665,-1000.0,1000.0,-999.9999999999999
115,r_1667,-1000.0,1000.0,999.9999999999999
115,r_1668,1.2814247781235199e-28,1000.0,997.3718682517617
115,r_1714,-20.0,-1.2429000657340445,-2.2491077743612102
115,r_1761,4.431558487100964,4.431558487100964,4.431558487100964
115,r_1808,0.246134,20.718973388120833,0.246134
115,r_1809,-20.71897338811976,1.1428571428571248,5.037723018427597e-13
115,r_1838,0.0,0.018716726621176065,0.0
115,r_2111,0.0,0.05682072578453157,0.0
115,r_2115,0.0,1000.0,1000.0
115,r_2116,0.0,8.19773195216827,0.0
115,r_2126,0.0,25.489238253121005,0.0
115,r_2131,0.0,18.4275261117849,0.0
115,r_2305,-1000.0,1000.0,999.9999999999998
115,r_4039,-23.653359095549803,1.0000000000000038,0.0
115,r_4046,7.063369464801551,7.063369464801551,7.063369464801551
115,r_4185,0.0,25.489238253121187,0.0
115,r_4232,0.0,25.489238253120927,2.4001848090361685e-14
115,r_4236,-18.75709993426786,1000.0,1000.0
115,r_4254,0.0,0.0,0.0
115,r_4255,0.0,0.0,0.0
115,r_4273,0.0,0.0,0.0
115,r_4283,0.0,0.0,0.0
115,r_4284,0.0,0.0,0.0
115,r_4285,0.0,0.0,0.0
115,r_4286,0.0,0.0,0.0
115,r_4287,0.0,0.0,0.0
115,r_4288,0.0,0.0,0.0
115,r_4384,0.0,0.0,0.0
115,r_4567,0.0,25.4892382531213,0.0
115,r_4750,0.0,0.0,0.0
115,r_4755,0.0,0.0,0.0
119,_nonviable,,,
154,r_0001,0.0,0.9999999999999998,0.0
154,r_0002,0.0,0.9999999999999998,0.0
154,r_0004,0.0,1.0,0.0
154,r_0091,0.0,15.383537661565533,0.0
154,r_0111,0.0,9.66018508912368,0.0
154,r_0112,0.0,10.920973321231617,0.0
154,r_0113,0.0,18.02190803538261,0.0
154,r_0114,0.0,0.0,0.0
154,r_0163,0.0,1000.0,1000.0
154,r_0164,0.0,0.0,0.0
154,r_0165,0.0,1000.0,8.559734525220664
154,r_0173,0.0,10.496251575890325,0.0
154,r_0174,0.0,6.4336566058627955,0.0
154,r_0175,0.0,6.97198099473039,0.0
154,r_0280,-1000.0,1000.0,0.0
154,r_0300,0.0,6.520530063357839,0.0
154,r_0301,0.0,1.1428571428571639,0.0
154,r_0302,-1000.0,1000.0,0.0
154,r_0303,-1000.0,1000.0,999.4999999999999
154,r_0322,0.0,0.0,0.0
154,r_0332,0.0,0.0,0.0
154,r_0356,0.0,0.0,0.0
154,r_0366,4.3639651259153975,34.31016439640334,34.31016439640238
154,r_0449,0.0,20.336627646757844,0.0
154,r_0450,2.2006237896942116,37.48666151162632,17.150033864867847
154,r_0451,-1.1428571428571832,0.9999999999999998,0.0
154,r_0452,-11.337328792360594,12.037551152833455,1.6158389674171546e-13
154,r_0454,-5.199892932009633e-07,1.1428571428571852,1.0000000000000002
154,r_0466,0.0,15.383537661562178,0.0
154,r_0467,0.7464681297983934,16.816700531534508,16.81670053153452
154,r_0470,0.0,19.07429867630298,0.5000000000001863
154,r_0471,0.0,16.197952134875422,0.0
154,r_0472,0.0,0.0,0.0
154,r_0476,0.0,20.33662764675853,0.0
154,r_0486,4.466563246054782,34.31016439640187,34.31016439640237
154,r_0487,0.0,0.0,0.0
154,r_0488,0.0,20.33662764675872,0.0
154,r_0489,0.0,20.993197646757864,0.6565699999999782
154,r_0490,0.0,1.1428571428571415,0.9999999999999999
154,r_0491,0.0,17.469896163377776,1.6565700000000014
154,r_0492,0.0,17.469896163378987,0.0
154,r_0533,0.0,0.0,0.0
154,r_0534,1.8948999563632594,31.234226959845323,16.816700531534504
154,r_0535,0.0,0.0,0.0
154,r_0543,0.0,0.0,0.0
154,r_0553,0.0,1000.0,1000.0
154,r_0554,0.0,0.0,0.0
154,r_0658,0.0,19.091444524680462,0.0
154,r_0659,-20.437598370831203,6.520530063358677,-0.4999999999999999
154,r_0661,0.0,0.19999999999999998,0.0
154,r_0688,0.0,8.575386424347583,0.0
154,r_0696,0.0,8.575386424346469,0.0
154,r_0697,0.0,1000.0,1000.0
154,r_0713,-39.624369562937424,1000.0,9.059734525220662
154,r_0714,-1000.0,12.684007284977724,-21.356664460811658
154,r_0715,-1.000000000000002,6.756395170395077e-16,0.0
154,r_0716,0.0,3.419743446798657,0.0
154,r_0717,0.0,1.1428571428571426,0.0
154,r_0718,0.0,39.475274354604956,0.0
154,r_0719,0.0,18.45349993559103,12.296929935590992
154,r_0831,0.0,1.142857142857142,0.0
154,r_0832,0.0,1.1428571428571423,0.0
154,r_0884,0.0,20.33662764675845,0.0
154,r_0886,2.200623789694336,37.48666151162642,17.150033864867847
154,r_0888,0.0,10.813144821231694,-6.663480453226277e-46
154,r_0889,-5.658807369066589e-17,15.383537661564658,0.0
154,r_0892,4.466563246055967,34.31016439640202,34.31016439640237
154,r_0893,4.3639651259152865,34.31016439639948,34.31016439640237
154,r_0907,-20.336627646759748,10.813144821233545,3.9330852823810316e-30
154,r_0916,0.0,10.813144821231655,2.911043175199246e-15
154,r_0958,0.0,52.424668040195996,11.296929935591018
154,r_0959,0.0,33.35975568612433,8.559734525220664
154,r_0960,0.0,16.07295816117341,0.0
154,r_0961,0.0,10.279365276051639,0.0
154,r_0962,4.363965125915897,54.64679204316112,34.31016439640237
154,r_0969,7.568618954941706e-32,20.336627646756128,0.0
154,r_0982,-3.8248263503956173e-13,5.294512553854136,0.16666666666666852
154,r_0984,-1.9692708235073082,10.5890251077089,0.3333333333333312
154,r_0990,-20.336627646759258,0.0,0.0
154,r_1021,-1.142857142857139,1.0,1.0000000000000002
154,r_1022,0.0,19.320370178246193,0.0
154,r_1048,-0.7757679682833357,20.55884986898129,0.1666666666666656
154,r_1049,-0.7757679682833263,5.2945125538539175,0.1666666666666656
154,r_1050,-2.1906658947343423,5.294512553853831,0.16666666666666557
154,r_1054,-0.9031617582849736,16.493463864867845,16.493463864867845
154,r_1171,0.0,22.16996098009228,0.0
154,r_1172,0.656570000000068,22.826530980092187,0.65657
154,r_1654,-8.116953666082818,12.264705882353615,3.4999999999998597
154,r_1664,0.0,0.0,0.0
154,r_1665,-1000.0,1000.0,-988.7030700644088
154,r_1667,-999.9999999999999,1000.0,1000.0
154,r_1668,0.0,1000.0,1000.0
154,r_1714,-16.816700531534508,-1.8948999563583815,-16.816700531534508
154,r_1761,4.903164525220313,4.903164525220313,4.903164525220313
154,r_1808,0.65657,17.0137558124993,0.65657
154,r_1809,-17.01375581250033,1.1428571428571412,0.9999999999999999
154,r_1838,0.0,0.017128429034065716,0.0
154,r_2111,0.0,0.05199893063369983,0.0
154,r_2115,0.0,1000.0,1000.0
154,r_2116,0.0,6.990415350600488,0.0
154,r_2126,0.0,20.336627646758615,0.0
154,r_2131,0.0,15.819344288429122,0.4999999999998258
154,r_2305,-1000.0,1000.0,999.4999999999999
154,r_4039,-19.25507428538722,0.9999999999999998,0.0
154,r_4046,7.71834679258222,7.71834679258222,7.71834679258222
154,r_4185,0.0,20.33662764675987,0.0
154,r_4232,0.0,20.336627646759588,20.336627646759545
154,r_4236,-14.921800575172808,1000.0,1000.0
154,r_4254,0.0,0.0,0.0
154,r_4255,0.0,0.0,0.0
154,r_4273,0.0,0.0,0.0
154,r_4283,0.0,0.0,0.0
154,r_4284,0.0,0.0,0.0
154,r_4285,0.0,0.0,0.0
154,r_4286,0.0,0.0,0.0
154,r_4287,0.0,0.0,0.0
154,r_4288,0.0,0.0,0.0
154,r_4384,0.0,0.0,0.0
154,r_4567,0.0,20.336627646757893,20.336627646759545
154,r_4750,0.0,0.0,0.0
154,r_4755,0.0,0.0,0.0
159,_infeasible,,,
187,_infeasible,,,
218,_infeasible,,,
231,_nonviable,,,
253,r_0001,0.0,1.0,0.0
253,r_0002,0.0,1.0,0.0
253,r_0004,0.0,0.9999999999999997,0.0
253,r_0091,3.6072197969404175e-15,20.229874547109834,1.410646590048491
253,r_0111,0.0,12.7239963244313,0.0
253,r_0112,0.0,14.595834360739882,0.0
253,r_0113,0.0,24.145624934573245,1.322446740827932e-06
253,r_0114,0.0,0.0,0.0
253,r_0163,0.0,1000.0,1000.0
253,r_0164,0.0,0.0,0.0
253,r_0165,0.0,1000.0,6.058691793566627
253,r_0173,0.0,13.672595584433854,0.0
253,r_0174,0.0,8.131705588756061,0.0
253,r_0175,0.0,8.644526101576885,7.001188794498097e-07
253,r_0280,-1000.0,1000.0,0.0
253,r_0300,0.0,8.318185628677353,0.0
253,r_0301,0.0,1.1428571428571428,-5.89988245615705e-15
253,r_0302,-1000.0,1000.0,0.0
253,r_0303,-1000.0,1000.0,1000.0
253,r_0322,0.0,0.0,0.0
253,r_0332,0.0,0.0,0.0
253,r_0356,0.0,0.0,0.0
253,r_0366,1.8112114132367885,40.66414533333413,34.68347036361799
253,r_0449,0.0,27.512647329050296,0.0
253,r_0450,1.0640287744201662,47.845980662382985,18.184544854686596
253,r_0451,-1.1428571428571435,0.9999999999999987,0.0
253,r_0452,-14.428377600486117,14.625460718457878,0.0
253,r_0454,-7.779098090350357e-07,1.1428571428571412,-7.779098090350311e-07
253,r_0466,0.0,20.22987454711302,1.4106465900484912
253,r_0467,-1.3574219487588033,19.999999999999996,17.96297885782228
253,r_0470,0.0,23.117907372591517,1.2477211509072144
253,r_0471,0.0,20.98804058973672,0.0
253,r_0472,0.0,0.0,0.0
253,r_0476,0.0,27.51264732905033,0.0
253,r_0486,2.3308127675635535,40.66414533333333,34.68347036361798
253,r_0487,0.0,0.0,0.0
253,r_0488,0.0,27.512647329050445,0.0
253,r_0489,0.0,28.181835329050188,0.6624912825623134
253,r_0490,0.0,1.14285714285714,0.0
253,r_0491,0.0,22.363117544628047,1.1649578161476273
253,r_0492,0.0,22.363117544627727,0.0
253,r_0533,0.0,0.0,0.0
253,r_0534,0.8333337171150963,39.31649994765919,19.999999999999996
253,r_0535,0.0,0.0,0.0
253,r_0543,0.0,0.0,0.0
253,r_0553,0.0,1000.0,1000.0
253,r_0554,0.0,0.0,0.0
253,r_0658,0.0,24.068193689342568,0.0
253,r_0659,-25.41434753549626,8.318185628677785,0.0
253,r_0661,0.0,0.1999999999999999,0.0
253,r_0688,0.0,11.111315606331713,0.0
253,r_0696,0.0,11.111315606331578,0.0
253,r_0697,0.0,1000.0,1000.0
253,r_0713,-51.69195568686302,1000.0,20.267480741460165
253,r_0714,-1000.0,17.84869396231909,-34.52139506153435
253,r_0715,-0.9999999999999992,0.0,5.89988245615705e-15
253,r_0716,0.0,4.274998083893933,0.0
253,r_0717,0.0,1.142857142857143,0.0
253,r_0718,0.0,51.54259760352647,0.0
253,r_0719,0.0,21.052726886569808,14.253914320074381
253,r_0831,-2.4884542759869244e-16,1.142857142857143,0.0
253,r_0832,0.0,1.1428571428571426,0.0
253,r_0884,0.0,27.51264732905177,0.0
253,r_0886,1.06402877441996,47.8459806623846,18.184544854686596
253,r_0888,0.0,14.487374960744956,0.11509487079351001
253,r_0889,-3.695909155434742e-16,20.229874547107727,1.4106465900484912
253,r_0892,2.3308127675638466,40.66414533333391,34.683470363617985
253,r_0893,1.811211413236198,40.66414533333414,34.683470363617985
253,r_0907,-27.5126473290497,14.487374960744054,-0.3347855951429357
253,r_0916,0.0,14.487374960743676,0.008816887261656645
253,r_0958,0.0,67.08333199009732,14.2539143200745
253,r_0959,0.0,38.90272550752248,6.058692493685598
253,r_0960,0.0,18.35341362854686,0.0
253,r_0961,0.0,12.556645646692116,0.0
253,r_0962,1.8112114132355632,68.17679266238476,32.08338407454014
253,r_0969,0.0,27.512647329047454,0.0
253,r_0982,-4.974460656613808e-13,6.9099581823696985,1.1326315664655346
253,r_0984,-2.4971724076165644,13.819916364739013,0.2780150235829604
253,r_0990,-27.512647329050637,0.0,0.0
253,r_1021,-1.1428571428571495,1.0,0.0
253,r_1022,0.0,25.44799264886036,0.0
253,r_1048,-0.9563198178907559,27.73486955127275,0.7890290840609423
253,r_1049,-0.9563198178908829,6.909958182370315,0.7890290840609423
253,r_1050,-2.8336775537369627,6.909958182368984,-0.5110140604779819
253,r_1054,-3.473864783958967,19.66414533333247,17.009939569409376
253,r_1171,0.0,29.34598066238409,0.0
253,r_1172,0.669188,30.015168662383967,0.669188
253,r_1654,-11.12174920750845,12.264705882352917,4.144471415605065
253,r_1664,0.0,0.0,0.0
253,r_1665,-1000.0,1000.0,-985.4126804645938
253,r_1667,-1000.0,1000.0,1000.0
253,r_1668,0.0,1000.0,1000.0
253,r_1714,-20.0,-0.8333337171150497,-20.0
253,r_1761,6.058691560193386,6.058691560193387,6.058691560193387
253,r_1808,0.669188,21.906977193749437,0.669188
253,r_1809,-21.90697719375053,1.1428571428571417,-1.7533901334910588e-16
253,r_1838,0.0,0.025624321756583943,0.0
253,r_2111,0.0,0.07779098286866866,0.07779098286866866
253,r_2115,0.0,1000.0,1000.0
253,r_2116,0.0,8.809347721151774,0.0
253,r_2126,0.0,27.512647329050377,0.0
253,r_2131,0.0,18.131406575922647,2.9180699921819046e-14
253,r_2305,-1000.0,1000.0,999.9999999999999
253,r_4039,-25.382471434574803,0.9999999999999991,-6.223278613781224e-07
253,r_4046,5.159284079902912,5.159284079902912,5.159284079902912
253,r_4185,0.0,27.51264732904928,0.0
253,r_4232,0.0,27.512647329050438,0.0
253,r_4236,-19.16666628288198,1000.0,1000.0
253,r_4254,0.0,0.0,0.0
253,r_4255,0.0,0.0,0.0
253,r_4273,0.0,0.0,0.0
253,r_4283,0.0,0.0,0.0
253,r_4284,0.0,0.0,0.0
253,r_4285,0.0,0.0,0.0
253,r_4286,0.0,0.0,0.0
253,r_4287,0.0,0.0,0.0
253,r_4288,0.0,0.0,0.0
253,r_4384,0.0,0.0,0.0
253,r_4567,0.0,27.51264732904905,0.0
253,r_4750,0.0,0.0,0.0
253,r_4755,0.0,0.0,0.0
281,r_0001,0.0,0.9999999999999999,0.0
281,r_0002,0.0,1.0,0.0
281,r_0004,0.0,0.9999999999992172,0.0
281,r_0091,0.0,21.419746769737326,0.0
281,r_0111,0.0,13.443714464621369,0.0
281,r_0112,0.0,15.486092600399623,0.0
281,r_0113,0.0,25.645719833997664,0.0
281,r_0114,0.0,0.0,0.0
281,r_0163,0.0,1000.0,1000.0
281,r_0164,0.0,0.0,0.0
281,r_0165,0.0,1000.0,12.143538682538336
281,r_0173,0.0,14.328520816644291,0.0
281,r_0174,0.0,8.509766415690871,0.0
281,r_0175,0.0,9.001757817544298,0.0
281,r_0280,-1000.0000000000001,1000.0000000000001,0.0
281,r_0300,0.0,8.682244202762286,0.0
281,r_0301,0.0,1.1428571428571426,0.0
281,r_0302,-1000.0,1000.0,-1.1368683772161603e-13
281,r_0303,-1000.0,1000.0,999.4999999999999
281,r_0322,0.0,0.0,0.0
281,r_0332,0.0,0.0,0.0
281,r_0356,0.0,0.0,0.0
281,r_0366,0.7416478518197864,40.86011933333392,40.86011933333336
281,r_0449,0.0,29.346884912438874,0.0
281,r_0450,1.1979422694830004,49.68021824577283,20.33333333333334
281,r_0451,-1.1428571428571421,1.0000000000000009,0.0
281,r_0452,-15.009934836853617,15.21523560847785,0.0
281,r_0454,-9.889671510245897e-07,1.1428571428571483,1.0000000000000002
281,r_0466,0.0,21.41974676973626,0.0
281,r_0467,-2.41610430313832,19.999999999999996,19.999999999999996
281,r_0470,0.0,24.039430638246493,3.959379896448755e-13
281,r_0471,0.0,22.116507793478668,0.0
281,r_0472,0.0,0.0,0.0
281,r_0476,0.0,29.34688491243599,0.0
281,r_0486,3.5453246825388125,40.86011933333641,40.86011933333335
281,r_0487,0.0,0.0,0.0
281,r_0488,0.0,29.346884912437964,0.0
281,r_0489,0.0,29.820098912438304,0.4732140000000038
281,r_0490,0.0,1.1428571428571423,1.0000000000000002
281,r_0491,0.0,23.085391812571242,1.4732140000000038
281,r_0492,0.0,23.08539181257642,0.0
281,r_0533,0.0,0.0,0.0
281,r_0534,1.353927547089434,40.51657586719771,19.999999999999996
281,r_0535,0.0,0.0,0.0
281,r_0543,0.0,0.0,0.0
281,r_0553,0.0,1000.0000000000001,1000.0
281,r_0554,0.0,0.0,0.0
281,r_0658,0.0,25.202376170145616,0.0
281,r_0659,-26.548530016303832,8.682244202763966,-0.4999999999999999
281,r_0661,0.0,0.20000000000003465,0.0
281,r_0688,0.0,11.681765785627661,0.0
281,r_0696,0.0,11.681765785629443,0.0
281,r_0697,0.0,1000.0,1000.0
281,r_0713,-54.02815540636247,1000.0,25.515222007936018
281,r_0714,-1000.0,19.909669922071203,-39.38690533333374
281,r_0715,-1.0000000000000009,0.0,0.0
281,r_0716,0.0,4.472160224899181,0.0
281,r_0717,0.0,1.1428571428571423,0.0
281,r_0718,0.0,53.882880114689506,0.0
281,r_0719,0.0,20.344897325397238,13.871683325397674
281,r_0831,0.0,1.142857142857142,0.0
281,r_0832,0.0,1.1428571428571426,0.0
281,r_0884,0.0,29.346884912439045,0.0
281,r_0886,1.1979422694828543,49.68021824577206,20.33333333333334
281,r_0888,0.0,15.3874319003992,0.0
281,r_0889,0.0,21.419746769734566,0.0
281,r_0892,3.5453246825379856,40.860119333333046,40.86011933333336
281,r_0893,0.7416478518207965,40.86011933333327,40.86011933333336
281,r_0907,-29.346884912439155,15.387431900398411,1.986078254385644e-14
281,r_0916,0.0,15.38743190039838,1.0787983531620742e-14
281,r_0958,0.0,68.83826869008512,12.871683325397674
281,r_0959,0.0,39.343223431777844,12.143538682538335
281,r_0960,0.0,17.717809085208746,0.0
281,r_0961,0.0,12.83190878234281,0.0
281,r_0962,0.7416478518211139,70.20700424576938,40.860119333333365
281,r_0969,0.0,29.346884912438476,0.0
281,r_0982,-2.301665414397363e-13,7.306582256577662,0.16666666666666055
281,r_0984,-2.6046796017832654,14.613164513154997,0.33333333333333925
281,r_0990,-29.346884912439474,0.0,0.0
281,r_1021,-1.142857142857195,1.0,1.0000000000000002
281,r_1022,0.0,26.887428929236503,0.0
281,r_1048,-1.0005486601343279,29.56910713466065,0.16666666666666966
281,r_1049,-1.0005486601342235,7.306582256577256,0.16666666666666966
281,r_1050,-2.9516352653596973,7.3065822565767995,0.16666666666666963
281,r_1054,-4.539635045197398,19.860119333333458,19.860119333333333
281,r_1171,0.0,31.180218245770952,0.0
281,r_1172,0.47321399999961145,31.65343224577176,0.473214
281,r_1654,-11.87589698660365,12.26470588235276,3.0000000000004037
281,r_1664,0.0,0.0,0.0
281,r_1665,-1000.0000000000001,1000.0,-987.1283166746026
281,r_1667,-999.9999999999999,1000.0,1000.0
281,r_1668,0.0,1000.0,1000.0
281,r_1714,-20.0,-1.35392754708964,-20.0
281,r_1761,7.670324682538864,7.6703246825388645,7.6703246825388645
281,r_1808,0.473214,22.629251461704104,0.473214
281,r_1809,-22.629251461696064,1.1428571428571475,1.0
281,r_1838,0.0,0.03257654327558055,0.0
281,r_2111,0.0,0.09889671788951354,0.0
281,r_2115,0.0,1000.0,1000.0
281,r_2116,0.0,9.218913616997842,0.0
281,r_2126,0.0,29.346884912439517,0.0
281,r_2131,0.0,17.539013060317313,0.499999999999805
281,r_2305,-1000.0,1000.0,999.4999999999999
281,r_4039,-26.825407250666785,1.0,0.0
281,r_4046,4.058231537296335,4.058231537296335,4.058231537296335
281,r_4185,0.0,29.34688491243854,0.0
281,r_4232,0.0,29.34688491243983,29.34688491243871
281,r_4236,-19.094897325395646,1000.0,1000.0
281,r_4254,0.0,0.0,0.0
281,r_4255,0.0,0.0,0.0
281,r_4273,0.0,0.0,0.0
281,r_4283,0.0,0.0,0.0
281,r_4284,0.0,0.0,0.0
281,r_4285,0.0,0.0,0.0
281,r_4286,0.0,0.0,0.0
281,r_4287,0.0,0.0,0.0
281,r_4288,0.0,0.0,0.0
281,r_4384,0.0,0.0,0.0
281,r_4567,0.0,29.34688491243965,29.346884912438714
281,r_4750,0.0,0.0,0.0
281,r_4755,0.0,0.0,0.0
284,r_0001,0.0,0.9999999999999999,0.0
284,r_0002,0.0,1.0,0.0
284,r_0004,0.0,0.9999999999999999,0.0
284,r_0091,0.0,17.248887916832878,0.0
284,r_0111,0.0,10.919152033958284,0.0
284,r_0112,0.0,12.435860997889206,0.0
284,r_0113,0.0,20.54925516315068,0.0
284,r_0114,0.0,0.0,0.0
284,r_0163,0.0,1000.0,991.8225544586106
284,r_0164,0.0,0.0,0.0
284,r_0165,0.0,1000.0,0.0
284,r_0173,0.0,11.745408099343447,0.0
284,r_0174,0.0,7.089382324543021,0.0
284,r_0175,0.0,7.618397595498956,0.0
284,r_0280,-1000.0,1000.0,0.0
284,r_0300,0.0,7.249654712483528,0.0
284,r_0301,0.0,1.1428571428571361,0.0
284,r_0302,-1000.0000000000001,1000.0,0.0
284,r_0303,-1000.0,1000.0,999.4999999999999
284,r_0322,0.0,0.0,0.0
284,r_0332,0.0,0.0,0.0
284,r_0356,0.0,0.0,0.0
284,r_0366,6.1279511750511295,40.70717533333326,40.70717533333342
284,r_0449,0.0,23.109120469383303,0.0
284,r_0450,2.9688335754388855,43.44245380271295,20.33333333333336
284,r_0451,-1.14285714285723,1.0000000000000002,1.2398151574389916e-16
284,r_0452,-13.048106109168227,13.02470024897783,0.0
284,r_0454,-4.5763279032047254e-07,1.1428571428571423,0.9999999999999999
284,r_0466,0.0,17.24888791683539,0.0
284,r_0467,1.855466647960773,19.999999999999996,19.99999999999999
284,r_0470,0.0,20.61671913902844,3.89219041604263e-13
284,r_0471,0.0,18.031637868477148,0.0
284,r_0472,0.0,0.0,0.0
284,r_0476,0.0,23.109120469384052,0.0
284,r_0486,6.127951175051389,40.707175333333126,40.70717533333341
284,r_0487,0.0,0.0,0.0
284,r_0488,0.0,23.10912046938773,0.0
284,r_0489,0.0,23.735278469384397,0.6261579999999997
284,r_0490,0.0,1.14285714285762,0.9999999999999999
284,r_0491,0.0,20.140711505704175,1.6261579999999995
284,r_0492,0.0,20.140711505704974,0.0
284,r_0533,0.0,0.0,0.0
284,r_0534,2.7103879208594956,36.439404130520636,19.999999999999996
284,r_0535,0.0,0.0,0.0
284,r_0543,0.0,0.0,0.0
284,r_0553,0.0,1000.0,1000.0
284,r_0554,0.0,0.0,0.0
284,r_0658,0.0,20.989808171110464,0.0
284,r_0659,-22.335962017263157,7.249654712484986,-0.4999999999999999
284,r_0661,0.0,0.20000000000000015,0.0
284,r_0688,0.0,9.54616122448945,0.0
284,r_0696,0.0,9.54616122448763,0.0
284,r_0697,0.0,1000.0,1000.0
284,r_0713,-45.710827027059125,1000.0,0.5000000000000001
284,r_0714,-1000.0,12.844354615644647,-16.201785895972307
284,r_0715,-0.9999999999999996,0.0,0.0
284,r_0716,0.0,3.7705105188895365,0.0
284,r_0717,0.0,1.142857142857143,0.0
284,r_0718,0.0,45.56236540206182,0.0
284,r_0719,0.0,22.32794389597147,15.701785895972286
284,r_0831,0.0,1.142857142857239,0.0
284,r_0832,0.0,1.1428571428571426,0.0
284,r_0884,0.0,23.109120469385726,0.0
284,r_0886,2.9688335754390773,43.442453802715534,20.33333333333336
284,r_0888,0.0,12.329553097891084,-4.6890075134594445e-32
284,r_0889,0.0,17.248887916834164,0.0
284,r_0892,6.1279511750529565,40.707175333333986,40.70717533333341
284,r_0893,6.127951175052796,40.70717533333294,40.70717533333341
284,r_0907,-23.109120469381605,12.329553097894504,1.0477725768891933e-13
284,r_0916,0.0,12.329553097889855,3.4703040015030194e-14
284,r_0958,0.0,62.40521054802894,14.701785895972217
284,r_0959,0.0,37.92408986166979,8.177445541389206
284,r_0960,0.0,19.26291882670352,0.0
284,r_0961,0.0,11.369479426018943,0.0
284,r_0962,6.1279511750523765,63.81629580271382,40.70717533333342
284,r_0969,-4.555322435136408e-29,23.10912046938276,0.0
284,r_0982,1.6050022214602173e-13,5.916295972277665,0.16666666666661673
284,r_0984,-2.1759406185367633,11.832591944555357,0.33333333333337356
284,r_0990,-23.109120469381498,0.0,0.0
284,r_1021,-1.1428571428572794,1.0,1.0000000000000002
284,r_1022,0.0,21.83830406791241,0.0
284,r_1048,-0.8462940232328645,23.331342691606274,0.16666666666668675
284,r_1049,-0.8462940232328771,5.916295972277552,0.16666666666668678
284,r_1050,-2.4423284923963546,5.916295972277528,0.16666666666668675
284,r_1054,-0.4174021872598306,19.707175333333442,19.707175333333364
284,r_1171,0.0,24.94245380271795,0.0
284,r_1172,0.6261579999996986,25.568611802718276,0.626158
284,r_1654,-9.262985807538406,12.264705882352523,3.500000000000459
284,r_1664,0.0,0.0,0.0
284,r_1665,-1000.0,1000.0,-985.2982141040277
284,r_1667,-1000.0,1000.0,1000.0
284,r_1668,0.0,1000.0,1000.0
284,r_1714,-20.0,-2.7103879208585546,-20.0
284,r_1761,3.5512875413893643,3.5512875413893643,3.5512875413893643
284,r_1808,0.626158,19.684571154827683,0.626158
284,r_1809,-19.684571154825225,1.1428571428572205,1.0
284,r_1838,0.0,0.015074408021774953,0.0
284,r_2111,0.0,0.04576328018812497,0.0
284,r_2115,0.0,1000.0,1000.0
284,r_2116,0.0,7.697708506234887,0.0
284,r_2126,0.0,23.10912046938124,0.0
284,r_2131,0.0,18.441584093440426,0.499999999999805
284,r_2305,-1000.0,1000.0,999.4999999999999
284,r_4039,-21.773551246482384,0.9999999999997726,0.0
284,r_4046,8.770039599968774,8.770039599968774,8.770039599968774
284,r_4185,0.0,23.10912046938388,0.0
284,r_4232,0.0,23.109120469380986,23.109120469383445
284,r_4236,-17.289612079140674,1000.0,1000.0
284,r_4254,0.0,0.0,0.0
284,r_4255,0.0,0.0,0.0
284,r_4273,0.0,0.0,0.0
284,r_4283,0.0,0.0,0.0
284,r_4284,0.0,0.0,0.0
284,r_4285,0.0,0.0,0.0
284,r_4286,0.0,0.0,0.0
284,r_4287,0.0,0.0,0.0
284,r_4288,0.0,0.0,0.0
284,r_4384,0.0,0.0,0.0
284,r_4567,0.0,23.109120469385424,23.109120469383445
284,r_4750,0.0,0.0,0.0
284,r_4755,0.0,0.0,0.0
335,r_0001,0.0,1.000000000000001,0.0
335,r_0002,0.0,0.9999999999999998,0.0
335,r_0004,0.0,0.9999999999999999,0.0
335,r_0091,0.0,16.059916484184157,0.0
335,r_0111,0.0,9.972797012417091,0.0
335,r_0112,0.0,11.19308297918537,0.0
335,r_0113,0.0,18.412163381978793,0.0
335,r_0114,0.0,0.0,0.0
335,r_0163,0.0,1000.0,1000.0
335,r_0164,0.0,0.0,0.0
335,r_0165,0.0,1000.0,14.069038455583838
335,r_0173,0.0,11.005708050185039,0.0
335,r_0174,0.0,6.787287985551595,0.0
335,r_0175,0.0,7.254386207198092,0.0
335,r_0280,-1000.0,1000.0,-1.1368683772161603e-13
335,r_0300,0.0,6.845316189876534,0.0
335,r_0301,0.0,1.1428571428583918,0.0
335,r_0302,-1000.0000000000001,1000.0000000000001,0.0
335,r_0303,-1000.0,1000.0000000000002,999.5
335,r_0322,0.0,0.0,0.0
335,r_0332,0.0,0.0,0.0
335,r_0356,0.0,0.0,0.0
335,r_0366,2.155699949186939,30.064322131993702,30.06432213199277
335,r_0449,0.0,21.113743235824334,0.0
335,r_0450,2.086366043392747,36.52042046848874,15.40667723266306
335,r_0451,-1.142857142857227,0.9999999999999998,-8.591919041052211e-14
335,r_0452,-10.798780046595034,12.590599204897112,-0.25000000000002204
335,r_0454,-7.988009713105968e-07,1.1428571428571423,1.000000000000086
335,r_0466,0.0,16.059916484183926,0.0
335,r_0467,-1.4111278490529842,15.073343899329796,15.073343899329796
335,r_0470,0.0,19.93843625765156,0.0
335,r_0471,0.0,17.081535749811092,0.0
335,r_0472,0.0,0.0,0.0
335,r_0476,0.0,21.113743235827783,0.0
335,r_0486,4.3131481475805975,30.064322131993613,30.06432213199276
335,r_0487,0.0,0.0,0.0
335,r_0488,0.0,21.113743235824483,0.0
335,r_0489,0.0,22.529442235824703,1.4156990000000003
335,r_0490,0.0,1.1428571428571423,1.000000000000086
335,r_0491,0.0,17.378685038481148,2.4156990000000866
335,r_0492,0.0,17.378685038483372,0.0
335,r_0533,0.0,0.0,0.0
335,r_0534,2.207994458297269,29.803074604910854,15.073343899329792
335,r_0535,0.0,0.0,0.0
335,r_0543,0.0,0.0,0.0
335,r_0553,0.0,1000.0,1000.0
335,r_0554,0.0,0.0,0.0
335,r_0658,0.0,20.154998470954236,0.0
335,r_0659,-21.501152317110346,6.845316189875491,-0.4999999999999999
335,r_0661,0.0,0.20000000000000007,0.0
335,r_0688,0.0,9.043165985192525,0.0
335,r_0696,0.0,9.043165985193733,0.0
335,r_0697,0.0,1000.0,1000.0
335,r_0713,-39.08210606450886,1000.0,20.358830793788147
335,r_0714,-1000.0,16.345782641391224,-27.39862313199228
335,r_0715,-0.9999999999999993,0.0,0.0
335,r_0716,0.0,3.5212754486482245,0.0
335,r_0717,0.0,1.1428571428571423,0.0
335,r_0718,0.0,38.92585606451147,0.0
335,r_0719,0.0,14.580491338204487,6.789792338203877
335,r_0831,0.0,1.1428571428571601,0.0
335,r_0832,0.0,1.1428571428571426,0.0
335,r_0884,0.0,21.113743235820852,0.0
335,r_0886,2.086366043392359,36.52042046849203,15.406677232663062
335,r_0888,0.0,11.047298029187424,0.0
335,r_0889,0.0,16.059916484182043,0.0
335,r_0892,4.313148147581795,30.064322131993254,30.064322131992764
335,r_0893,2.155699949185043,30.064322131994434,30.064322131992764
335,r_0907,-21.113743235825755,11.047298029186438,-9.349585727404644e-14
335,r_0916,0.0,11.047298029186162,0.0
335,r_0958,0.0,47.51046473604362,6.039792338204002
335,r_0959,0.09367674734600638,31.23964102051008,14.069038455583838
335,r_0960,0.0,12.573899644676683,0.0
335,r_0961,0.0,10.127050698658058,0.0
335,r_0962,2.1556999491874578,51.17806536781859,30.064322131992768
335,r_0969,4.7309946605957646e-29,21.1137432358251,0.0
335,r_0982,1.4203939823042747e-13,5.519972161394207,0.16666666666672825
335,r_0984,-2.038536682512407,11.039944322789093,0.3333333333332694
335,r_0990,-21.113743235816212,0.0,0.0
335,r_1021,-1.142857142857219,1.0,1.0
335,r_1022,0.0,19.945594024834936,-2.1371553692478115e-13
335,r_1048,-0.7872742684284679,21.33596545804662,0.16666666666663474
335,r_1049,-0.7872742684285359,5.51997216139352,0.16666666666663477
335,r_1050,-2.2858009930993983,5.519972161394377,0.1666666666666347
335,r_1054,-3.1656031583304447,13.990978232663736,13.99097823266306
335,r_1171,0.0,22.9470765691602,0.0
335,r_1172,1.4156990000000138,24.362775569159314,1.415699
335,r_1654,-8.49522035452922,12.264705882353779,2.9999999999994733
335,r_1664,0.0,0.0,0.0
335,r_1665,-1000.0000000000008,1000.0,-993.9602076617961
335,r_1667,-1000.0000000000001,1000.0,1000.0
335,r_1668,0.0,1000.0,1000.0
335,r_1714,-15.073343899329796,-2.207994458297321,-15.073343899329796
335,r_1761,8.40333945558353,8.40333945558353,8.40333945558353
335,r_1808,1.415699,16.922544687605047,1.415699
335,r_1809,-16.92254468760558,1.142857142856419,1.0000000000000857
335,r_1838,0.0,0.02631248048739942,0.0
335,r_2111,0.0,0.07988011305319881,0.0
335,r_2115,0.0,1000.0,1000.0
335,r_2116,0.0,7.374649445839219,0.0
335,r_2126,0.0,21.1137432358246,0.0
335,r_2131,0.0,13.05315293723044,0.5000000000002153
335,r_2305,-1000.0,1000.0,999.4999999999999
335,r_4039,-19.837874270864177,1.0,0.0
335,r_4046,5.0243516706972216,5.0243516706972216,5.0243516706972216
335,r_4185,0.0,21.11374323582493,0.0
335,r_4232,0.0,21.113743235825734,21.113743235825616
335,r_4236,-13.153080545103487,1000.0,1000.0
335,r_4254,0.0,0.0,0.0
335,r_4255,0.0,0.0,0.0
335,r_4273,0.0,0.0,0.0
335,r_4283,0.0,0.0,0.0
335,r_4284,0.0,0.0,0.0
335,r_4285,0.0,0.0,0.0
335,r_4286,0.0,0.0,0.0
335,r_4287,0.0,0.0,0.0
335,r_4288,0.0,0.0,0.0
335,r_4384,0.0,0.0,0.0
335,r_4567,0.0,21.113743235825996,21.113743235825616
335,r_4750,0.0,0.0,0.0
335,r_4755,0.0,0.0,0.0
339,_nonviable,,,
410,_nonviable,,,
414,_infeasible,,,
425,_infeasible,,,
436,_infeasible,,,
472,r_0001,0.0,0.9999999999999896,0.0
472,r_0002,0.0,1.0000000000000002,0.0
472,r_0004,0.0,0.9999999999999999,0.0
472,r_0091,0.0,11.920613011581862,0.0
472,r_0111,0.0,7.459789353080509,0.0
472,r_0112,0.0,8.175167866554595,0.0
472,r_0113,0.0,13.380888944261097,0.0
472,r_0114,0.0,0.0,1.9492022011013975e-15
472,r_0163,0.0,1000.0,1000.0
472,r_0164,0.0,0.0,0.0
472,r_0165,0.0,1000.0,6.415468574471468
472,r_0173,0.0,8.230063550743752,0.0
472,r_0174,0.0,5.245592700619501,0.0
472,r_0175,0.0,5.5951973168102,0.0
472,r_0280,-1000.0000000000001,1000.0000000000001,0.0
472,r_0300,0.0,5.223392553561668,0.0
472,r_0301,0.0,1.142857142857144,0.0
472,r_0302,-1000.0,1000.0,0.0
472,r_0303,-1000.0,1000.0000000000002,1000.0
472,r_0322,0.0,0.0,0.0
472,r_0332,0.0,0.0,0.0
472,r_0356,0.0,0.0,0.0
472,r_0366,7.131029751940083,29.30221512428453,7.717881280952689
472,r_0449,0.0,14.97640742456426,0.0
472,r_0450,3.8945357857546132,30.010526653374363,4.452044738316187
472,r_0451,-1.142857142857229,1.0000000000000002,0.3151386467597141
472,r_0452,-8.814574211788802,10.387275072842993,0.18486135324004654
472,r_0454,-4.276676612095055e-07,1.1428571428571928,0.5000000000002393
472,r_0466,0.0,11.920613011580555,0.0
472,r_0467,2.521365327052491,14.700785895474766,4.32880383615599
472,r_0470,0.0,16.495742301317957,1.3151386467598023
472,r_0471,0.0,12.998159394154152,0.0
472,r_0472,0.0,0.0,0.0
472,r_0476,0.0,14.976407424565766,0.0
472,r_0486,7.131029751941778,29.30221512428315,7.71788128095269
472,r_0487,0.0,0.0,0.0
472,r_0488,0.0,14.976407424565966,0.0
472,r_0489,0.0,16.409097424564603,1.4326899999999991
472,r_0490,0.0,1.1428571428571426,0.5000000000002393
472,r_0491,0.0,14.262719457211212,1.9326900000002383
472,r_0492,0.0,14.262719457208936,0.0
472,r_0533,0.0,0.0,0.0
472,r_0534,3.615193209304602,25.40549705087893,4.328803836156101
472,r_0535,0.0,0.0,0.0
472,r_0543,0.0,0.0,0.0
472,r_0553,0.0,1000.0,1000.0
472,r_0554,0.0,0.0,0.0
472,r_0658,0.0,15.917836678545717,0.0
472,r_0659,-17.26399052469802,5.223392553561231,-0.1848613532402197
472,r_0661,0.0,0.2000000000000001,0.0
472,r_0688,0.0,6.8813785027862675,0.0
472,r_0696,0.0,6.881378502788468,0.0
472,r_0697,0.0,1000.0,1000.0
472,r_0713,-30.638102200922024,1000.0,6.600329927712057
472,r_0714,-1000.0,9.585929373916656,-7.60032992771221
472,r_0715,-1.000000000000001,0.0,-2.646785645446912e-29
472,r_0716,0.0,2.820290860439663,0.0
472,r_0717,0.0,1.1428571428571401,0.0
472,r_0718,0.0,30.48185220091905,0.499999999999792
472,r_0719,0.0,16.094579628146423,1.0000000000000107
472,r_0831,0.0,1.142857142857142,0.31513864675962794
472,r_0832,0.0,1.1428571428571426,0.31513864675962794
472,r_0884,0.0,14.97640742456373,0.0
472,r_0886,3.8945357857538263,30.010526653373912,4.452044738316187
472,r_0888,0.0,8.028533366554585,0.0
472,r_0889,1.5573424860066305e-13,11.920613011581844,0.0
472,r_0892,7.131029751941482,29.30221512428238,7.717881280952689
472,r_0893,7.131029751942782,29.302215124275822,7.717881280952689
472,r_0907,-14.976407424563053,8.028533366553784,7.370864840820822e-14
472,r_0916,0.0,8.028533366554013,0.0
472,r_0958,0.0,40.569221829066414,0.0
472,r_0959,0.0,29.534740689938605,6.415468574471468
472,r_0960,0.0,14.015385927696176,0.0
472,r_0961,0.0,8.62216153421253,0.0
472,r_0962,7.131029751941324,44.27862254884671,7.71788128095269
472,r_0969,0.0,14.97640742456423,0.0
472,r_0982,1.4683644251372672e-13,4.140204337193847,0.06162045108002446
472,r_0984,-1.555432854244158,8.280408674388148,0.12324090216019633
472,r_0990,-14.976407424564153,0.0,0.0
472,r_1021,-1.1428571428572132,1.0000000000000002,1.0
472,r_1022,0.0,14.919578706162186,0.3151386467598417
472,r_1048,-0.6367250238667185,15.198629646788453,0.06162045108009817
472,r_1049,-0.6367250238667324,4.140204337193523,0.06162045108009817
472,r_1050,-1.7192111154960616,4.140204337194419,0.06162045108009816
472,r_1054,0.7044466303329731,13.601429228807449,3.0193547383161876
472,r_1171,0.0,16.809740757898638,0.0
472,r_1172,1.4326899999999783,18.24243075789956,1.43269
472,r_1654,-5.92728845679555,12.264705882353026,3.0000000000007434
472,r_1664,0.0,0.0,0.0
472,r_1665,-1000.0,1000.0,-999.9999999999999
472,r_1667,-1000.0000000000001,1000.0,999.9999999999999
472,r_1668,0.0,1000.0,999.2478286467602
472,r_1714,-14.700785895474768,-3.615193209304886,-4.328803836156101
472,r_1761,4.613055867989829,4.613055867989829,4.613055867989829
472,r_1808,1.43269,13.806579106332475,1.43269
472,r_1809,-13.806579106332826,1.142857142857203,0.5000000000002388
472,r_1838,0.0,0.014087357722499964,0.0
472,r_2111,0.0,0.04276676720133,0.0
472,r_2115,0.0,1000.0,1000.0
472,r_2116,0.0,5.753230703905729,0.0
472,r_2126,0.0,14.976407424565554,0.0
472,r_2131,0.0,14.063699815713603,0.0
472,r_2305,-1000.0,1000.0,999.9999999999999
472,r_4039,-14.810375610922847,1.0,0.0
472,r_4046,9.384524614286043,9.384524614286043,9.384524614286043
472,r_4185,0.0,14.976407424567062,0.0
472,r_4232,0.0,14.97640742456552,-7.180494089820075e-15
472,r_4236,-11.085592686171838,1000.0,1000.0
472,r_4254,0.0,0.0,0.0
472,r_4255,0.0,0.0,0.0
472,r_4273,0.0,0.0,0.0
472,r_4283,0.0,0.0,0.0
472,r_4284,0.0,0.0,0.0
472,r_4285,0.0,0.0,0.0
472,r_4286,0.0,0.0,0.0
472,r_4287,0.0,0.0,0.0
472,r_4288,0.0,0.0,0.0
472,r_4384,0.0,0.0,0.0
472,r_4567,0.0,14.976407424566409,0.0
472,r_4750,0.0,0.0,0.0
472,r_4755,0.0,0.0,0.0
476,_infeasible,,,
486,r_0001,0.0,1.0000000000000002,0.0
486,r_0002,0.0,0.9999999999999998,0.0
486,r_0004,0.0,1.0000000000000562,0.0
486,r_0091,6.766929327610373e-16,19.09567817570328,0.1591700167053165
486,r_0111,0.0,12.004399756586706,0.0
486,r_0112,0.0,13.807837236472787,0.0
486,r_0113,0.0,22.87866756078615,0.08196523912604786
486,r_0114,0.0,0.0,0.0
486,r_0163,0.0,1000.0,1000.0
486,r_0164,0.0,0.0,0.0
486,r_0165,0.0,1000.0,8.023077982934163
486,r_0173,0.0,12.88815035131437,0.0
486,r_0174,0.0,7.653581820752843,0.08196412676801082
486,r_0175,0.0,8.166402333573018,5.561790217133902e-07
486,r_0280,-1000.0,1000.0,0.0
486,r_0300,0.0,7.855819410496765,0.0
486,r_0301,0.0,1.1428571428571426,0.0
486,r_0302,-1000.0000000000001,1000.0,0.0
486,r_0303,-1000.0,1000.0,1000.0
486,r_0322,0.0,0.0,0.0
486,r_0332,0.0,0.0,0.0
486,r_0356,0.0,0.0,0.0
486,r_0366,2.146600967149326,39.15656035390155,37.31664283385847
486,r_0449,0.0,25.99723166770421,0.0
486,r_0450,0.9169260714040328,45.29854551132307,18.705092366350396
486,r_0451,-1.142857142857577,1.0000000000000002,6.952237614909724e-07
486,r_0452,-13.859570025459892,13.879587640374472,0.0
486,r_0454,-6.952237614909695e-07,1.1428571428567753,-6.952237614909723e-07
486,r_0466,0.0,19.09567817569967,0.1591700167053165
486,r_0467,-1.209070217533845,18.967980510284193,18.69586076647496
486,r_0470,0.0,21.952480688083984,0.4053278577804628
486,r_0471,0.0,19.70984118587907,0.0
486,r_0472,0.0,0.0,0.0
486,r_0476,0.0,25.99723166770514,0.0
486,r_0486,2.5565515237607603,39.156560353901845,37.31664283385846
486,r_0487,0.0,0.0,0.0
486,r_0488,0.0,25.997231667705194,0.0
486,r_0489,0.0,26.109965667704543,0.10890726111093049
486,r_0490,0.0,1.1428571428572292,0.0
486,r_0491,0.0,20.908546320901827,0.11309755973393013
486,r_0492,0.0,20.9085463209021,0.0
486,r_0533,0.0,0.0,0.0
486,r_0534,0.6679760952138256,37.27091455891216,18.967980510284193
486,r_0535,0.0,0.0,0.0
486,r_0543,0.0,0.0,0.0
486,r_0553,0.0,1000.0,1000.0
486,r_0554,0.0,0.0,0.0
486,r_0658,0.0,22.63382238533455,0.0
486,r_0659,-23.97997623148823,7.8558194104961006,0.0
486,r_0661,0.0,0.2000000000000001,0.0
486,r_0688,0.0,10.434621804289185,0.0
486,r_0696,0.0,10.434621804289291,0.0
486,r_0697,0.0,1000.0,1000.0
486,r_0713,-48.92971441583696,1000.0,22.54180535872088
486,r_0714,-1000.0,16.45977247767621,-37.6399484702888
486,r_0715,-1.000000000000484,0.0,0.0
486,r_0716,0.0,4.063704558869935,0.0
486,r_0717,0.0,1.1428571428571366,0.0
486,r_0718,0.0,48.79194912417605,0.0
486,r_0719,0.0,20.42227507856906,15.098143806791269
486,r_0831,-3.884002726603755e-16,1.1428571428559497,0.0
486,r_0832,0.0,1.1428571428566978,0.0
486,r_0884,0.0,25.997231667709137,0.0
486,r_0886,0.9169260714041447,45.298545511323645,18.705092366350392
486,r_0888,0.0,13.72720053647149,0.10286113900612628
486,r_0889,0.0,19.095678175701696,0.15917001670531647
486,r_0892,2.5565515237605854,39.156560353901824,37.31664283385846
486,r_0893,2.1466009671493027,39.15656035390215,37.31664283385846
486,r_0907,-25.99723166770597,13.727200536475204,-8.342685702360623e-08
486,r_0916,0.0,13.727200536470306,0.0638511373612496
486,r_0958,0.0,64.05001545274828,14.207809437925395
486,r_0959,0.0,37.33973453625088,8.105042665881049
486,r_0960,0.0,17.7295290671098,0.0
486,r_0961,0.0,11.887231763355382,0.0
486,r_0962,2.146600967151286,65.1537920216058,37.29345073060442
486,r_0969,-3.4754352074710143e-34,25.99723166770471,0.0
486,r_0982,-2.898821548121229e-14,6.531892725234077,0.09948950330285103
486,r_0984,-2.36267475631045,13.06378545046652,0.05968051340246546
486,r_0990,-25.997231667705986,0.0,0.0
486,r_1021,-1.1428571428571426,1.0,0.0
486,r_1022,0.0,24.008799513164735,0.0
486,r_1048,-0.918964809327036,26.21945388992776,0.03563828251474439
486,r_1049,-0.9189648093269758,6.5318927252330266,0.035638282514744386
486,r_1050,-2.6518597157779125,6.531892725233822,0.024042230887721068
486,r_1054,-2.8198261358434387,19.188579843619106,18.587508236620344
486,r_1171,0.0,27.830565001040362,0.0
486,r_1172,0.11273400000000071,27.94329900104035,0.11273399999999999
486,r_1654,-10.448566791131231,12.264705882352752,2.71688266747396
486,r_1664,0.0,0.0,0.0
486,r_1665,-1000.0,1000.0,-985.7333807602405
486,r_1667,-1000.0,1000.0,1000.0
486,r_1668,0.0,1000.0,1000.0
486,r_1714,-18.967980510284196,-0.6679760952132376,-18.967980510284196
486,r_1761,5.812010196760938,5.812010196760939,5.812010196760939
486,r_1808,0.112734,20.45240597002487,0.112734
486,r_1809,-20.452405970024316,1.1428571428571423,1.712295052237362e-17
486,r_1838,0.0,0.022900646257906925,0.0
486,r_2111,0.0,0.06952237790538,0.06952237790538
486,r_2115,0.0,1000.0,1000.0
486,r_2116,0.0,8.291380305815629,0.0
486,r_2126,0.0,25.997231667706505,0.0
486,r_2131,0.0,17.439847617383283,0.0
486,r_2305,-1000.0,1000.0,999.9999999999999
486,r_4039,-23.95321497745647,1.0,-5.561790885622031e-07
486,r_4046,5.772900633815406,5.772900633815406,5.772900633815406
486,r_4185,0.0,25.997231667707066,0.0
486,r_4232,0.0,25.997231667706092,-5.897596959346013e-14
486,r_4236,-18.300004415070926,1000.0,1000.0
486,r_4254,0.0,0.0,0.0
486,r_4255,0.0,0.0,0.0
486,r_4273,0.0,0.0,0.0
486,r_4283,0.0,0.0,0.0
486,r_4284,0.0,0.0,0.0
486,r_4285,0.0,0.0,0.0
486,r_4286,0.0,0.0,0.0
486,r_4287,0.0,0.0,0.0
486,r_4288,0.0,0.0,0.0
486,r_4384,0.0,0.0,0.0
486,r_4567,0.0,25.99723166770455,0.0
486,r_4750,0.0,0.0,0.0
486,r_4755,0.0,0.0,0.0
501,r_0001,0.0,0.9999999999999996,0.0
501,r_0002,0.0,0.9999999999999998,0.0
501,r_0004,0.0,0.9999999999999999,0.0
501,r_0091,0.0,14.270959365961534,0.0
501,r_0111,0.0,8.93477380754057,0.0
501,r_0112,0.0,10.013551519049477,0.0
501,r_0113,0.0,16.48686311508146,0.0
501,r_0114,0.0,0.0,0.0
501,r_0163,0.0,1000.0,1000.0
501,r_0164,0.0,0.0,0.0
501,r_0165,0.0,1000.0,10.398577630933652
501,r_0173,0.0,9.769833442567117,0.0
501,r_0174,0.0,6.0783526363808775,0.0
501,r_0175,0.0,6.561869743821025,0.0
501,r_0280,-1000.0000000000001,1000.0,-1.1368683772161603e-13
501,r_0300,0.0,6.105566261160137,0.0
501,r_0301,0.0,1.1428571428571874,0.0
501,r_0302,-1000.0,1000.0,0.0
501,r_0303,-1000.0,999.9999999999998,999.4999999999999
501,r_0322,0.0,0.0,0.0
501,r_0332,0.0,0.0,0.0
501,r_0356,0.0,0.0,0.0
501,r_0366,4.554413952020333,31.776110953574943,31.77611095357477
501,r_0449,0.0,18.607740394011216,0.0
501,r_0450,2.423805624784601,34.62679903746364,16.01905864345405
501,r_0451,-1.1428571428572594,0.9999999999998759,0.0
501,r_0452,-10.401625728705627,11.51310882184333,-0.2500000000001466
501,r_0454,-5.163495056413886e-07,1.1428571428572283,1.0000000000000002
501,r_0466,0.0,14.270959365956411,0.0
501,r_0467,0.8668078479465999,15.685725310120718,15.685725310120713
501,r_0470,0.0,18.254857534131055,-8.350857022619017e-14
501,r_0471,0.0,15.176373188598795,0.0
501,r_0472,0.0,0.0,0.0
501,r_0476,0.0,18.607740394007333,0.0
501,r_0486,4.661562452013494,31.77611095357433,31.776110953574765
501,r_0487,0.0,0.0,0.0
501,r_0488,0.0,18.60774039401765,0.0
501,r_0489,0.0,19.53641339400777,0.9286729999999995
501,r_0490,0.0,1.1428571428572272,0.9999999999999999
501,r_0491,0.0,16.264573273393342,1.9286729999999996
501,r_0492,0.0,16.264573273395246,0.0
501,r_0533,0.0,0.0,0.0
501,r_0534,2.128451059342543,28.875215802184503,15.685725310120716
501,r_0535,0.0,0.0,0.0
501,r_0543,0.0,0.0,0.0
501,r_0553,0.0,1000.0,1000.0
501,r_0554,0.0,0.0,0.0
501,r_0658,0.0,18.08290158047026,0.0
501,r_0659,-19.42905542662088,6.105566261159939,-0.4999999999999999
501,r_0661,0.0,0.2000000000000001,0.0
501,r_0688,0.0,8.034550511612874,0.0
501,r_0696,0.0,8.034550511611851,0.0
501,r_0697,0.0,1000.0,1000.0
501,r_0713,-36.4033724841715,1000.0,19.623007792253855
501,r_0714,-1000.0,12.118219218754007,-29.597437953574286
501,r_0715,-0.9999999999996949,1.3512504069498956e-17,0.0
501,r_0716,0.0,3.2224257369886593,0.0
501,r_0717,0.0,1.142857142857143,0.0
501,r_0718,0.0,36.248608463341995,0.0
501,r_0719,0.0,17.0281031613209,9.724430161320212
501,r_0831,0.0,1.1428571428571423,0.0
501,r_0832,0.0,1.1428571428571423,0.0
501,r_0884,0.0,18.607740394008363,0.0
501,r_0886,2.4238056247844075,34.62679903746309,16.01905864345405
501,r_0888,-9.603087387564942e-29,9.89211786904977,0.0
501,r_0889,-2.981316829364355e-13,14.270959365957413,0.0
501,r_0892,4.66156245201902,31.776110953575728,31.776110953574765
501,r_0893,4.554413952019459,31.776110953575895,31.776110953574765
501,r_0907,-18.607740394005813,9.892117869048771,5.872156569121306e-15
501,r_0916,0.0,9.892117869048167,3.740547754342081e-15
501,r_0958,0.0,47.60254099966156,8.974430161320361
501,r_0959,0.0,31.53676889978016,10.398577630933652
501,r_0960,0.0,14.893643601866843,0.0
501,r_0961,0.0,9.713811889910522,0.0
501,r_0962,4.554413952018624,50.383851347583196,31.77611095357477
501,r_0969,-3.501146460033222e-16,18.60774039400634,1.2999128514674846e-30
501,r_0982,6.921934775527973e-13,4.923653121985704,0.16666666666666521
501,r_0984,-1.8407838697845385,9.847306243971184,0.3333333333333346
501,r_0990,-18.60774039401054,0.0,0.0
501,r_1021,-1.1428571428571426,1.0,1.0000000000000002
501,r_1022,0.0,17.86954761508159,0.0
501,r_1048,-0.7305086585935512,18.829962616232294,0.1666666666666673
501,r_1049,-0.7305086585937773,4.923653121985736,0.16666666666666732
501,r_1050,-2.0419638958119073,4.923653121985494,0.16666666666666727
501,r_1054,-0.7345160786775433,15.090385643453605,15.090385643454047
501,r_1171,0.0,20.441073727342438,0.0
501,r_1172,0.9286729999999916,21.36974672734171,0.928673
501,r_1654,-7.412217350981078,12.264705882352251,2.9999999999999147
501,r_1664,0.0,0.0,0.0
501,r_1665,-1000.0,1000.0,-991.0255698386796
501,r_1667,-1000.0,1000.0,1000.0
501,r_1668,0.0,1000.0,1000.0
501,r_1714,-15.68572531012072,-2.128451059341188,-15.68572531012072
501,r_1761,5.219904630932992,5.219904630932992,5.219904630932992
501,r_1808,0.928673,15.808432922516078,0.928673
501,r_1809,-15.808432922514601,1.1428571428572047,0.9999999999999999
501,r_1838,0.0,0.01700855621623592,0.0
501,r_2111,0.0,0.05163501761360902,0.0
501,r_2115,0.0,1000.0,1000.0
501,r_2116,0.0,6.606978996521463,0.0
501,r_2126,0.0,18.607740394008953,0.0
501,r_2131,0.0,14.85775544497858,0.5000000000000373
501,r_2305,-1000.0,1000.0,999.4999999999999
501,r_4039,-17.79939274007984,1.0,0.0
501,r_4046,7.772744118683963,7.772744118683963,7.772744118683963
501,r_4185,0.0,18.607740394010392,0.0
501,r_4232,0.0,18.607740394008616,18.607740394010488
501,r_4236,-13.557274250777393,1000.0,1000.0
501,r_4254,0.0,0.0,0.0
501,r_4255,0.0,0.0,0.0
501,r_4273,0.0,0.0,0.0
501,r_4283,0.0,0.0,0.0
501,r_4284,0.0,0.0,0.0
501,r_4285,0.0,0.0,0.0
501,r_4286,0.0,0.0,0.0
501,r_4287,0.0,0.0,0.0
501,r_4288,0.0,0.0,0.0
501,r_4384,0.0,0.0,0.0
501,r_4567,0.0,18.6077403940154,18.607740394010488
501,r_4750,0.0,0.0,0.0
501,r_4755,0.0,0.0,0.0
502,_infeasible,,,
506,r_0001,0.0,0.9999999999999999,0.0
506,r_0002,0.0,0.9999999999999998,0.0
506,r_0004,0.0,1.0,0.0
506,r_0091,3.502971363450775e-33,14.13086628619373,2.879670913690299e-14
506,r_0111,0.0,8.949438114369894,0.0
506,r_0112,0.0,10.034570858673101,0.0
506,r_0113,0.0,16.523996681118618,0.0
506,r_0114,0.0,0.0,-3.3637757757756505e-31
506,r_0163,0.0,1000.0,1000.0
506,r_0164,0.0,0.0,0.0
506,r_0165,0.0,1000.0,7.390412728750543
506,r_0173,0.0,9.6740004330858,0.0
506,r_0174,0.0,6.024233904934755,0.0
506,r_0175,0.0,6.5027194085632045,0.0
506,r_0280,-1000.0,1000.0,0.0
506,r_0300,0.0,6.048650073015914,0.11111111111126028
506,r_0301,0.0,1.1428571428571563,0.0
506,r_0302,-1000.0000000000001,1000.0000000000001,0.0
506,r_0303,-1000.0,1000.0,1000.0
506,r_0322,0.0,0.0,0.0
506,r_0332,0.0,0.0,0.0
506,r_0356,0.0,0.0,0.0
506,r_0366,9.442477782175173,37.053977529271236,35.720644195937936
506,r_0449,0.0,18.407666498063545,0.0
506,r_0450,4.756300724420121,37.05305042936697,18.31205059796896
506,r_0451,-1.142857142857228,0.9999999999999984,-8.599088395196034e-14
506,r_0452,-10.908076906322114,11.432004459303204,0.22222222222217275
506,r_0454,-3.706021411610069e-07,1.1428571428571423,8.647593212577929e-14
506,r_0466,0.0,14.130866286193278,2.879670913690299e-14
506,r_0467,3.6473912244211624,18.312050597966753,18.312050597968913
506,r_0470,0.0,18.12813196766154,0.0
506,r_0471,0.0,15.030849554264892,0.0
506,r_0472,0.0,0.0,0.0
506,r_0476,0.0,18.407666498063936,0.0
506,r_0486,9.442477782175624,37.05397752927221,35.72064419593793
506,r_0487,0.0,0.0,0.0
506,r_0488,0.0,18.407666498066646,0.0
506,r_0489,0.0,19.311123498064614,0.9034570000000122
506,r_0490,0.0,1.1428571428572358,8.648371939782409e-14
506,r_0491,0.0,17.153563650219528,0.9034570000001033
506,r_0492,0.0,17.153563650218807,0.0
506,r_0533,0.0,0.0,0.0
506,r_0534,4.506300724419044,31.531247942863352,18.312050597968945
506,r_0535,0.0,0.0,0.0
506,r_0543,0.0,0.0,0.0
506,r_0553,0.0,999.9999999999998,1000.0
506,r_0554,0.0,0.0,0.0
506,r_0658,0.0,17.926931652505832,0.0
506,r_0659,-19.273085498661587,6.048650073017271,0.0
506,r_0661,0.0,0.2,0.0
506,r_0688,0.0,7.957508587539256,0.0
506,r_0696,0.0,7.957508587552633,0.0
506,r_0697,0.0,1000.0,1000.0
506,r_0713,-37.917529954173304,1000.0,20.270466629010944
506,r_0714,-1000.0,9.611088605019404,-34.31718719593789
506,r_0715,-1.0,0.0,-0.111111111111474
506,r_0716,0.0,3.226043381861724,0.0
506,r_0717,0.0,1.142857142857142,0.0
506,r_0718,0.0,37.76329126666823,0.0
506,r_0719,0.0,20.672399789148912,14.3800539002604
506,r_0831,0.0,1.1428571428571428,0.0
506,r_0832,0.0,1.1428571428571423,0.0
506,r_0884,0.0,18.407666498068803,0.0
506,r_0886,4.756300724420895,37.05305042936533,18.31205059796896
506,r_0888,0.0,9.914398008672071,0.0
506,r_0889,0.0,14.13086628619412,2.877127559970272e-14
506,r_0892,9.442477782175557,37.05397752927099,35.720644195937936
506,r_0893,9.442477782174176,37.053977529272544,35.720644195937936
506,r_0907,-18.407666498064955,9.914398008671705,3.589011352865775e-14
506,r_0916,0.0,9.914398008673478,0.0
506,r_0958,0.0,52.777280430825044,13.268942789149552
506,r_0959,0.0,35.018472154446606,7.390412728750543
506,r_0960,0.0,17.868571530757666,0.0
506,r_0961,0.0,9.710421311774466,0.0
506,r_0962,9.442477782173121,55.46164402733813,35.720644195937936
506,r_0969,-4.555322435136408e-29,18.40766649806439,0.0
506,r_0982,1.426619172899068e-13,4.876955428731359,-1.4314146465416274e-14
506,r_0984,-1.8241073196630422,9.753910857463165,4.3151934126482957e-14
506,r_0990,-18.40766649806514,0.0,0.0
506,r_1021,-1.1428571428570953,1.0,4.850481738189688e-16
506,r_1022,0.0,17.89887622873556,0.0
506,r_1048,-0.7267655324367321,18.629888720287354,2.1575967063241478e-14
506,r_1049,-0.7267655324366411,4.876955428731398,2.1575967063241478e-14
506,r_1050,-2.0214406989109577,4.87695542873134,2.1575967063241475e-14
506,r_1054,1.420673934634039,17.741926931302537,17.40859359796894
506,r_1171,0.0,20.240999831398632,0.1666666666666736
506,r_1172,0.9034570000030703,21.14445683140106,1.0701236666666736
506,r_1654,-7.326706231748759,12.26470588235282,2.499999999999818
506,r_1664,0.0,0.0,0.0
506,r_1665,-1000.0,1000.0,-986.7310572108505
506,r_1667,-1000.0,1000.0,1000.0
506,r_1668,0.0,1000.0,1000.0
506,r_1714,-18.31205059796895,-4.506300724420637,-18.31205059796895
506,r_1761,3.209177950973147,3.209177950973147,3.209177950973147
506,r_1808,0.903457,16.697423299340667,0.903457
506,r_1809,-16.69742329934088,1.1428571428571426,9.100094792818595e-14
506,r_1838,0.0,0.012207621498652342,0.0
506,r_2111,0.0,0.03706021505232049,0.0
506,r_2115,0.0,1000.0,1000.0
506,r_2116,0.0,6.548975196613321,0.0
506,r_2126,0.0,18.407666498063993,0.0
506,r_2131,0.0,17.029493111849174,0.11111111111108521
506,r_2305,-1000.0,1000.0,999.9999999999999
506,r_4039,-17.829171639452056,1.0,-2.2737367544323206e-13
506,r_4046,10.829558838439405,10.829558838439405,10.829558838439405
506,r_4185,0.0,18.407666498065716,0.0
506,r_4232,0.0,18.40766649806606,-1.3715341765920961e-14
506,r_4236,-13.805749873548583,1000.0,1000.0
506,r_4254,0.0,0.0,0.0
506,r_4255,0.0,0.0,0.0
506,r_4273,0.0,0.0,0.0
506,r_4283,0.0,0.0,0.0
506,r_4284,0.0,0.0,0.0
506,r_4285,0.0,0.0,0.0
506,r_4286,0.0,0.0,0.0
506,r_4287,0.0,0.0,0.0
506,r_4288,0.0,0.0,0.0
506,r_4384,0.0,0.0,0.0
506,r_4567,0.0,18.40766649806626,0.0
506,r_4750,0.0,0.0,0.0
506,r_4755,0.0,0.0,0.0
516,_infeasible,,,
520,_nonviable,,,
525,r_0001,0.0,0.9999999999999999,0.0
525,r_0002,0.0,0.9999999999999998,0.0
525,r_0004,0.0,1.0,0.0
525,r_0091,0.0,12.40100217720387,0.5272791217824649
525,r_0111,0.0,7.837774255167725,0.0
525,r_0112,0.0,8.689913191914531,0.0
525,r_0113,0.0,14.2763543198574,2.8200342129174565e-07
525,r_0114,0.0,0.0,0.0
525,r_0163,0.0,1000.0,1000.0
525,r_0164,0.0,0.0,0.0
525,r_0165,0.0,1000.0,3.3232539353976494
525,r_0173,0.0,8.51926858847463,0.0
525,r_0174,0.0,5.383168873414131,0.0
525,r_0175,0.0,5.7676041837443215,0.0
525,r_0280,-1000.0,1000.0,0.0
525,r_0300,0.0,5.376433167530844,0.8884284380847096
525,r_0301,0.0,1.1428571428571421,0.0
525,r_0302,-1000.0000000000001,1000.0000000000001,0.0
525,r_0303,-999.9999999999998,1000.0000000000005,1000.0
525,r_0322,0.0,0.0,0.0
525,r_0332,0.0,0.0,0.0
525,r_0356,0.0,0.0,0.0
525,r_0366,10.258710514110616,33.99115446345019,29.67160286628497
525,r_0449,0.0,15.821629299561792,0.0
525,r_0450,5.203694590387941,32.9748791979583,16.244196903600958
525,r_0451,-1.1428571428571432,0.9999999999999681,0.0
525,r_0452,-9.645338681931566,10.529310867841483,0.0
525,r_0454,-3.5250437353583923e-07,1.1428571428570393,0.0
525,r_0466,4.571134337720314e-16,12.401002177202052,0.5272791217824649
525,r_0467,4.0816925903892285,16.819916565062076,16.235367736534762
525,r_0470,0.0,16.71767323100264,0.0
525,r_0471,0.0,13.344647533042133,0.0
525,r_0472,0.0,0.0,0.0
525,r_0476,0.0,15.821629299566709,0.0
525,r_0486,10.258710514108401,33.991154463454265,29.671602866284964
525,r_0487,0.0,0.0,0.0
525,r_0488,0.0,15.82162929956311,0.0
525,r_0489,0.0,16.803641299563346,2.3733340215836196
525,r_0490,0.0,1.1428571428569758,3.5250426859966294e-07
525,r_0491,0.0,15.267008124736284,2.3747529671801195
525,r_0492,0.0,15.267008124734234,0.0
525,r_0533,0.0,0.0,0.0
525,r_0534,4.953694590388604,28.241000020938817,16.819916565060147
525,r_0535,0.0,0.0,0.0
525,r_0543,0.0,0.0,0.0
525,r_0553,0.0,1000.0,1000.0
525,r_0554,0.0,0.0,0.0
525,r_0658,0.0,16.190982438160347,0.0
525,r_0659,-17.537136284313792,5.376433167531339,0.0
525,r_0661,0.0,0.20000000000000018,0.0
525,r_0688,0.0,7.064813399841959,0.0
525,r_0696,0.0,7.064813399845914,0.0
525,r_0697,0.0,1000.0,1000.0
525,r_0713,-33.26879783135492,1000.0,15.100592211748346
525,r_0714,-1000.0,8.214003590729135,-27.23449157375103
525,r_0715,-1.0000000000000007,0.0,-0.06362719985386037
525,r_0716,0.0,2.9172904942446074,0.0
525,r_0717,0.0,1.1428571428571421,0.0
525,r_0718,0.0,33.11292258135504,0.0
525,r_0719,0.0,19.083950264028253,12.197526561856483
525,r_0831,0.0,1.142857142857596,0.0
525,r_0832,0.0,1.1428571428571426,0.0
525,r_0884,0.0,15.821629299560481,0.0
525,r_0886,5.203694590388505,32.97487919795563,16.24419690360096
525,r_0888,0.0,8.56581259191557,0.052154417873925954
525,r_0889,-2.9948150603125906e-13,12.401002177201846,0.5272791217824649
525,r_0892,10.258710514108767,33.99115446345233,29.671602866284964
525,r_0893,10.258710514108511,33.99115446345311,29.671602866284964
525,r_0907,-15.821629299563835,8.565812591915842,-0.01723145895497458
525,r_0916,0.0,8.56581259191376,0.0002140123960388359
525,r_0958,0.0,46.48936534537875,12.112970858289291
525,r_0959,0.0,32.59822659878859,3.323253935397589
525,r_0960,0.0,16.527284744454807,0.0
525,r_0961,0.0,8.770115487336533,0.8248012382308494
525,r_0962,10.258710514110536,49.81278376301198,27.838720104339064
525,r_0969,0.0,15.821629299561085,0.0
525,r_0982,1.5673254681814667e-13,4.300334059066891,0.4928704818191479
525,r_0984,-1.6158440332977995,8.600668118136541,0.03440863996331709
525,r_0990,-15.821629299564897,0.0,0.0
525,r_1021,-1.1428571428575298,1.0000000000000002,0.0
525,r_1022,0.0,15.675548510343257,0.0
525,r_1048,-0.6605524883670156,16.043851521788497,0.47542501046813446
525,r_1049,-0.6605524883671856,4.300334059067636,0.47542501046813446
525,r_1050,-1.7770914483157618,4.300334059067117,-0.44101637050481735
525,r_1054,2.047942929588782,16.171237898392928,13.868422333188832
525,r_1171,0.0,17.654962632897796,0.0
525,r_1172,0.9820120000035923,18.6369746328947,2.3733340215836196
525,r_1654,-6.249659613770006,12.264705882352214,1.989040965154056
525,r_1664,0.0,0.0,0.0
525,r_1665,-1000.0,1000.0,-987.8714118217816
525,r_1667,-1000.0,1000.0,1000.0
525,r_1668,0.0,1000.0,1000.0
525,r_1714,-16.81991656506015,-4.953694590383849,-16.81991656506015
525,r_1761,3.323253935397544,3.323253935397544,3.323253935397544
525,r_1808,0.982012,14.791848211565657,2.3733340215836196
525,r_1809,-14.791848211564554,1.14285714285713,3.525042686092518e-07
525,r_1838,0.0,0.011611481669437063,0.0
525,r_2111,0.0,0.0352504382440849,0.0352504382440849
525,r_2115,0.0,1000.0,1000.0
525,r_2116,0.0,5.889728226357929,0.0
525,r_2126,0.0,15.821629299561376,0.0
525,r_2131,0.0,15.822624580076262,0.8884284380847125
525,r_2305,-1000.0,1000.0,999.9999999999999
525,r_4039,-15.604441153190919,1.0,-2.8200338419992477e-07
525,r_4046,11.385554321205328,11.385554321205328,11.385554321205328
525,r_4185,0.0,15.821629299566183,0.0
525,r_4232,0.0,15.821629299564423,-3.7014278590779195e-13
525,r_4236,-11.866221974669774,1000.0,1000.0
525,r_4254,0.0,0.0,0.0
525,r_4255,0.0,0.0,0.0
525,r_4273,0.0,0.0,0.0
525,r_4283,0.0,0.0,0.0
525,r_4284,0.0,0.0,0.0
525,r_4285,0.0,0.0,0.0
525,r_4286,0.0,0.0,0.0
525,r_4287,0.0,0.0,0.0
525,r_4288,0.0,0.0,0.0
525,r_4384,0.0,0.0,0.0
525,r_4567,0.0,15.8216292995647,0.0
525,r_4750,0.0,0.0,0.0
525,r_4755,0.0,0.0,0.0
536,_infeasible,,,
548,r_0001,0.0,0.9999999999999902,0.0
548,r_0002,0.0,0.9999999999999994,0.0
548,r_0004,0.0,0.9999999999999997,0.0
548,r_0091,9.145214557878823e-15,11.50456264714155,0.3562181734099381
548,r_0111,0.0,7.391166485759396,0.0
548,r_0112,0.0,8.141859290055862,0.0
548,r_0113,0.0,13.355486233421042,0.0
548,r_0114,0.0,0.0,0.0
548,r_0163,0.0,1000.0,1000.0
548,r_0164,0.0,0.0,0.0
548,r_0165,0.0,1000.0,4.427379875686658
548,r_0173,0.0,7.924438851332213,0.0
548,r_0174,0.0,5.041696493977362,0.02053024535083152
548,r_0175,0.0,5.389053364362993,4.837640832904617e-06
548,r_0280,-1000.0000000000001,1000.0000000000002,0.0
548,r_0300,0.0,5.031895234173344,0.0
548,r_0301,0.0,1.1428571428571435,0.0
548,r_0302,-1000.0,1000.0,0.0
548,r_0303,-1000.0,1000.0,1000.0
548,r_0322,0.0,0.0,0.0
548,r_0332,0.0,0.0,0.0
548,r_0356,0.0,0.0,0.0
548,r_0366,18.56133245079504,40.26198233333398,38.117669009272234
548,r_0449,0.0,14.46709992169302,0.0
548,r_0450,9.399675058731082,34.80043325502379,19.593598918901748
548,r_0451,-1.1428571428572556,1.0000000000000002,0.027375468474429433
548,r_0452,-8.98354996084498,10.073842331807686,0.3873278365483815
548,r_0454,-2.4432522504330017e-07,1.1428571428571395,0.0
548,r_0466,0.0,11.50456264714391,0.35621817340993805
548,r_0467,8.262783225395982,19.999999999999996,19.6042966551617
548,r_0470,0.0,16.006003643449432,0.4070574793117145
548,r_0471,0.0,12.484643021866834,0.0
548,r_0472,0.0,0.0,0.0
548,r_0476,0.0,14.467099921694704,0.0
548,r_0486,18.561332450795938,40.26198233333428,38.11766900927223
548,r_0487,0.0,0.0,0.0
548,r_0488,0.0,14.467099921692904,0.0
548,r_0489,0.0,15.538450921692373,0.9016110095403137
548,r_0490,0.0,1.142857142857229,2.443253187067719e-07
548,r_0491,0.0,15.59518512844225,0.9016112538656239
548,r_0492,0.0,15.595185128441342,0.0
548,r_0533,0.0,0.0,0.0
548,r_0534,9.149675058732342,30.684388986737996,19.999999999999996
548,r_0535,0.0,0.0,0.0
548,r_0543,0.0,0.0,0.0
548,r_0553,0.0,1000.0,1000.0
548,r_0554,0.0,0.0,0.0
548,r_0658,0.0,15.315081407324698,0.0
548,r_0659,-16.661235253477294,5.031895234173342,0.0
548,r_0661,0.0,0.19999999999999996,0.0
548,r_0688,0.0,6.609516893931102,0.0
548,r_0696,0.0,6.609516893930726,0.0
548,r_0697,0.0,1000.0,1000.0
548,r_0713,-33.17926277896616,1000.0,21.21976748017793
548,r_0714,-1000.0,4.567197793475543,-38.114620192634334
548,r_0715,-1.0,0.0,7.324146622761488e-16
548,r_0716,0.0,2.771584105728308,0.0
548,r_0717,0.0,1.1428571428571437,-7.324146622761486e-16
548,r_0718,0.0,33.02301277897376,0.0
548,r_0719,0.0,22.915604376201745,17.309556017479512
548,r_0831,0.0,1.1428571428571423,0.0205352784518339
548,r_0832,0.0,1.1428571428571423,0.020535278451833897
548,r_0884,0.0,14.467099921691773,0.0
548,r_0886,9.399675058732551,34.80043325502198,19.593598918901748
548,r_0888,0.0,8.013291740052859,0.036148909117140006
548,r_0889,2.040101503580458e-13,11.504562647141867,0.35621817340993805
548,r_0892,18.56133245079457,40.261982333334096,38.11766900927223
548,r_0893,18.56133245079612,40.26198233333385,38.11766900927223
548,r_0907,-14.467099921692222,8.013291740052553,-0.3429013757827341
548,r_0916,0.0,8.013291740052386,0.0027692012173707826
548,r_0958,0.0,50.17229982183789,16.302192423576578
548,r_0959,0.0,36.676106516288016,4.447914958678322
548,r_0960,0.0,18.828744626328803,0.0
548,r_0961,0.0,8.295669095635114,0.0
548,r_0962,18.56133245079591,54.72908225502539,38.11766900927223
548,r_0969,-1.4598939923724402e-16,14.46709992169302,0.0
548,r_0982,3.465567279519804e-14,4.001520882380719,0.3491864424700507
548,r_0984,-1.5076270386955224,8.00304176476149,0.007031730939887412
548,r_0990,-14.467099921695022,0.0,0.0
548,r_1021,-1.1428571428571075,1.0000000000000002,0.029996549907378583
548,r_1022,0.0,14.78233297151821,0.0
548,r_1048,-0.6232718632882068,14.689322143918401,0.003515865469943706
548,r_1049,-0.6232718632882005,4.001520882380405,0.003515865469943706
548,r_1050,-1.651597540097183,4.001520882380773,0.003515865469943705
548,r_1054,5.480215132052791,19.261982333333613,18.52055422490053
548,r_1171,0.0,16.300433255025798,0.0
548,r_1172,1.0713509999995852,17.371784255025673,1.071351
548,r_1654,-5.688880269542824,12.264705882351697,3.2982026368045805
548,r_1664,0.0,0.0,0.0
548,r_1665,-1000.0,1000.0,-983.4695067663438
548,r_1667,-1000.0,1000.0,1000.0
548,r_1668,0.0,1000.0,1000.0
548,r_1714,-20.0,-9.149675058730788,-20.0
548,r_1761,1.9307735809307585,1.9307735809307587,1.9307735809307587
548,r_1808,1.071351,14.848140586949938,1.071351
548,r_1809,-14.848140586945233,1.142857142857144,2.443253101151602e-07
548,r_1838,0.0,0.008048067407182407,0.0
548,r_2111,0.0,0.024432532487894888,0.024432532487894888
548,r_2115,0.0,1000.0,1000.0
548,r_2116,0.0,5.529602606297017,0.0
548,r_2126,0.0,14.467099921695183,0.0
548,r_2131,0.0,16.66123525347927,0.0
548,r_2305,-1000.0,1000.0,999.9999999999999
548,r_4039,-14.704675344530187,1.0,0.020535082991727904
548,r_4046,16.426695827506602,16.426695827506602,16.426695827506602
548,r_4185,0.0,14.467099921692764,0.0
548,r_4232,0.0,14.467099921693148,1.5772643030809105e-13
548,r_4236,-10.850324941268926,1000.0,1000.0
548,r_4254,0.0,0.0,0.0
548,r_4255,0.0,0.0,0.0
548,r_4273,0.0,0.0,0.0
548,r_4283,0.0,0.0,0.0
548,r_4284,0.0,0.0,0.0
548,r_4285,0.0,0.0,0.0
548,r_4286,0.0,0.0,0.0
548,r_4287,0.0,0.0,0.0
548,r_4288,0.0,0.0,0.0
548,r_4384,0.0,0.0,0.0
548,r_4567,0.0,14.467099921694935,0.0
548,r_4750,0.0,0.0,0.0
548,r_4755,0.0,0.0,0.0
554,r_0001,0.0,0.9999999999999998,0.0
554,r_0002,0.0,0.9999999999999998,0.0
554,r_0004,0.0,1.0000000000000315,0.0
554,r_0091,0.0,19.409062243362097,0.0
554,r_0111,0.0,12.219011068098308,0.0
554,r_0112,0.0,13.904876046003018,0.0
554,r_0113,0.0,22.94184949334063,0.0
554,r_0114,0.0,0.0,0.0
554,r_0163,0.0,1000.0,1000.0
554,r_0164,0.0,0.0,0.0
554,r_0165,0.0,1000.0,8.765290611428993
554,r_0173,0.0,13.243682102465389,0.0
554,r_0174,0.0,7.952766690038711,0.0
554,r_0175,0.0,8.465587202859684,0.0
554,r_0280,-1000.0000000000001,1000.0000000000001,0.0
554,r_0300,0.0,8.124681382345608,0.0
554,r_0301,0.0,1.1428571428571426,0.0
554,r_0302,-1000.0,1000.0,0.0
554,r_0303,-1000.0000000000001,1000.0000000000003,999.4999999999999
554,r_0322,0.0,0.0,0.0
554,r_0332,0.0,0.0,0.0
554,r_0356,0.0,0.0,0.0
554,r_0366,2.7198472136411653,40.038006333333016,40.03800633333307
554,r_0449,0.0,26.11110643461031,0.0
554,r_0450,1.7083575519007872,46.4444397679484,20.33333333333322
554,r_0451,-1.1428571428571312,0.9999999999998997,1.4476361048116822e-16
554,r_0452,-13.79984024574849,14.346316036460463,-1.6342841984519633e-13
554,r_0454,-6.993983326586847e-07,1.1428571428572285,1.0000000000001632
554,r_0466,0.0,19.40906224336375,0.0
554,r_0467,-0.507550992629763,19.999999999999996,19.99999999999995
554,r_0470,0.0,22.6817438069695,1.000000000000174
554,r_0471,0.0,20.355154326778987,0.0
554,r_0472,0.0,0.0,0.0
554,r_0476,0.0,26.111106434611287,0.0
554,r_0486,3.0483240085626675,40.038006333333115,40.038006333333065
554,r_0487,0.0,0.0,0.0
554,r_0488,0.0,26.11110643461296,0.0
554,r_0489,0.0,27.40643343461213,1.2953270000001096
554,r_0490,0.0,1.1428571428571423,1.0000000000001634
554,r_0491,0.0,21.996829142411375,2.2953270000001655
554,r_0492,0.0,21.996829142404554,0.0
554,r_0533,0.0,0.0,0.0
554,r_0534,1.5051588376207727,38.353479594671036,19.999999999999996
554,r_0535,0.0,0.0,0.0
554,r_0543,0.0,0.0,0.0
554,r_0553,0.0,1000.0,1000.0
554,r_0554,0.0,0.0,0.0
554,r_0658,0.0,23.53137699319074,0.0
554,r_0659,-24.877530839345784,8.124681382346354,-0.4999999999999999
554,r_0661,0.0,0.20000000000000037,0.0
554,r_0688,0.0,10.776258172999848,0.0
554,r_0696,0.0,10.77625817300072,0.0
554,r_0697,0.0,1000.0,1000.0
554,r_0713,-49.76980737405576,1000.0,24.003984972380835
554,r_0714,-1000.0,16.928188604817024,-38.742679333332944
554,r_0715,-0.9999999999999998,-5.835240319445207e-29,0.0
554,r_0716,0.0,4.1458597432576525,0.0
554,r_0717,0.0,1.1428571428571996,0.0
554,r_0718,0.0,49.61355737405816,0.0
554,r_0719,0.0,21.03402136095262,14.738694360951849
554,r_0831,5.086882184484113e-16,1.1428571428571428,0.0
554,r_0832,0.0,1.1428571428571421,0.0
554,r_0884,0.0,26.111106434610537,0.0
554,r_0886,1.708357551900979,46.44443976794539,20.333333333333215
554,r_0888,0.0,13.765109696004687,0.0
554,r_0889,0.0,19.409062243360545,0.0
554,r_0892,3.04832400856375,40.03800633333214,40.038006333333065
554,r_0893,2.719847213641882,40.03800633333201,40.038006333333065
554,r_0907,-26.11110643461186,13.765109696006423,4.652726230192867e-14
554,r_0916,0.0,13.765109696003496,1.508687594251304e-13
554,r_0958,0.0,64.73194406834408,13.73869436095191
554,r_0959,0.0,38.502019426153886,8.765290611428991
554,r_0960,0.0,18.425698434765717,0.0
554,r_0961,0.0,12.411855835480344,0.0
554,r_0962,2.719847213641892,66.14911276794903,40.038006333333065
554,r_0969,5.409445391724484e-29,26.111106434609844,2.906349678697615e-29
554,r_0982,5.145759991076528e-13,6.636354081121051,0.16666666666673624
554,r_0984,-2.4250901223647614,13.272708162241384,0.3333333333332637
554,r_0990,-26.111106434612775,0.0,0.0
554,r_1021,-1.1428571428571461,1.0000000000000002,1.0
554,r_1022,0.0,24.438022136201155,0.0
554,r_1048,-0.9208276672895633,26.333328656832332,0.16666666666663185
554,r_1049,-0.9208276672894051,6.6363540811207535,0.16666666666663185
554,r_1050,-2.7662539305052065,6.63635408112089,0.16666666666663185
554,r_1054,-2.9541588221608803,19.038006333333204,19.038006333333215
554,r_1171,0.0,27.94443976794444,0.0
554,r_1172,1.295327000000259,29.23976676794483,1.295327
554,r_1654,-10.578741786581201,12.264705882351654,4.000000000000021
554,r_1664,0.0,0.0,0.0
554,r_1665,-1000.0,1000.0,-986.261305639048
554,r_1667,-1000.0,1000.0,1000.0
554,r_1668,0.0,1000.0,1000.0
554,r_1714,-20.0,-1.5051588376152871,-20.0
554,r_1761,5.469963611428378,5.469963611428378,5.469963611428378
554,r_1808,1.295327,21.540688791533444,1.295327
554,r_1809,-21.540688791533658,1.1428571428571954,1.0000000000001634
554,r_1838,0.0,0.02303815635638496,0.0
554,r_2111,0.0,0.06993983503211638,0.0
554,r_2115,0.0,1000.0,1000.0
554,r_2116,0.0,8.615497247541967,0.0
554,r_2126,0.0,26.111106434612026,0.0
554,r_2131,0.0,18.174602267609238,0.49999999999998934
554,r_2305,-1000.0,1000.0,999.4999999999999
554,r_4039,-24.340811048895375,1.0,0.0
554,r_4046,5.738443324752258,5.738443324752258,5.738443324752258
554,r_4185,0.0,26.111106434610754,0.0
554,r_4232,0.0,26.11110643461052,26.111106434612488
554,r_4236,-18.494841162387768,1000.0,1000.0
554,r_4254,0.0,0.0,0.0
554,r_4255,0.0,0.0,0.0
554,r_4273,0.0,0.0,0.0
554,r_4283,0.0,0.0,0.0
554,r_4284,0.0,0.0,0.0
554,r_4285,0.0,0.0,0.0
554,r_4286,0.0,0.0,0.0
554,r_4287,0.0,0.0,0.0
554,r_4288,0.0,0.0,0.0
554,r_4384,0.0,0.0,0.0
554,r_4567,0.0,26.111106434613255,26.11110643461249
554,r_4750,0.0,0.0,0.0
554,r_4755,0.0,0.0,0.0
564,_infeasible,,,
594,r_0001,0.0,0.9999999999999999,0.0
594,r_0002,0.0,0.9999999999999998,0.0
594,r_0004,0.0,0.9999999999999997,0.0
594,r_0091,0.0,9.092293866015659,0.0
594,r_0111,0.0,5.920399092268398,0.0
594,r_0112,0.0,6.418304946435816,0.0
594,r_0113,0.0,10.50829616072694,0.0
594,r_0114,0.0,0.0,0.0
594,r_0163,0.0,1000.0,0.0
594,r_0164,0.0,0.0,0.0
594,r_0165,0.0,1000.0,0.0
594,r_0173,0.0,6.294914944259203,0.0
594,r_0174,0.0,4.067852320357751,0.0
594,r_0175,0.0,4.331949480392307,0.0
594,r_0280,-1000.0000000000002,1000.0000000000001,0.0
594,r_0300,0.0,4.057792769459968,0.025316455696203527
594,r_0301,0.0,1.1428571428571415,0.05063291139240676
594,r_0302,-1000.0,1000.0,0.0
594,r_0303,-1000.0,1000.0,0.07594936708861029
594,r_0322,0.0,0.0,0.0
594,r_0332,0.0,0.0,0.0
594,r_0356,0.0,0.0,0.0
594,r_0366,24.054382267969917,40.56678833333548,39.10687272151906
594,r_0449,0.0,11.008270710243538,0.0
594,r_0450,11.993796967318344,31.34160404357531,19.962025316455726
594,r_0451,-1.1428571428571423,1.0000000000000002,0.0
594,r_0452,-7.254135355121052,8.718933655687035,0.0
594,r_0454,-1.999418393519442e-07,1.1428571428571346,2.5327678865291003e-15
594,r_0466,0.0,9.092293866015336,0.0
594,r_0467,10.907706133984993,19.999999999999996,19.999999999999996
594,r_0470,0.0,13.888958837011703,0.0
594,r_0471,0.0,10.031998436456348,0.0
594,r_0472,0.0,0.0,0.0
594,r_0476,0.0,11.00827071024303,0.0
594,r_0486,24.05438226796999,40.56678833333379,39.10687272151905
594,r_0487,0.0,0.0,0.0
594,r_0488,0.0,11.008270710242035,0.0
594,r_0489,0.0,11.774815710242684,0.7665449999999999
594,r_0490,0.0,1.1428571428571388,2.5327678865291007e-15
594,r_0491,0.0,12.774815710241437,0.7665450000000025
594,r_0492,0.0,12.774815710241338,0.0
594,r_0533,0.0,0.0,0.0
594,r_0534,11.743796967318307,28.256203032680926,19.99999999999998
594,r_0535,0.0,0.0,0.0
594,r_0543,0.0,0.0,0.0
594,r_0553,0.0,1000.0,0.0
594,r_0554,0.0,0.0,0.0
594,r_0658,0.0,12.709487799400337,0.0
594,r_0659,-13.859902073350035,4.003101516342074,0.07594936708861008
594,r_0661,0.0,0.19999999999999665,0.0
594,r_0688,0.0,5.240759810115983,0.0
594,r_0696,0.0,5.240759810117118,0.0
594,r_0697,0.0,1000.0,0.0
594,r_0713,-28.06135899758313,1000.0,0.0
594,r_0714,-1000.0,0.890612100583553,-16.826426357583188
594,r_0715,-1.0,1.9822186967609938e-31,-0.07594936708861029
594,r_0716,0.0,2.3027625564084993,0.0
594,r_0717,0.0,1.1428571428571987,0.0
594,r_0718,0.0,27.909972643418936,0.0
594,r_0719,0.0,23.24381523943922,16.902375724671806
594,r_0831,0.0,1.1428571428571226,0.0
594,r_0832,0.0,1.142857142857142,0.0
594,r_0884,0.0,11.008270710243172,0.0
594,r_0886,11.993796967318149,31.341604043575863,19.962025316455726
594,r_0888,0.0,6.304977696435109,-1.122730520464831e-14
594,r_0889,-6.354065755326204e-14,9.09229386601628,0.0
594,r_0892,24.054382267970627,40.56678833333449,39.10687272151906
594,r_0893,24.054382267970226,40.566788333333925,39.10687272151906
594,r_0907,-11.008270710242083,6.304977696436179,-0.025316455696172826
594,r_0916,0.0,6.3049776964359046,0.0
594,r_0958,0.0,45.58094725785685,15.97832509176041
594,r_0959,0.0,35.940097573895805,5.535576272175458
594,r_0960,0.0,17.411337101599898,3.9437601898734043
594,r_0961,0.0,6.884305891339536,0.0
594,r_0962,24.054382267971068,51.57505904357614,38.980290443038044
594,r_0969,-1.1882537907957946e-44,11.008270710242163,-2.31190384012054e-16
594,r_0982,-3.4847257119465455e-14,3.1974312886716314,0.03797468354428479
594,r_0984,-1.2192244973193378,6.394862577343726,-0.037974683544284786
594,r_0990,-11.008270710243194,0.0,0.0
594,r_1021,-1.1428571428571368,1.0000000000000002,2.5327678865291007e-15
594,r_1022,0.0,11.840798184535087,0.0
594,r_1048,-0.5280747290280245,11.230492932465408,0.012658227848111742
594,r_1049,-0.528074729027991,3.197431288671478,0.012658227848111742
594,r_1050,-1.303579645400779,3.1974312886720857,-0.050632911392396535
594,r_1054,8.502962067536718,19.56678833333332,19.195480316455726
594,r_1171,0.0,12.841604043576199,0.0
594,r_1172,0.7665450000000075,13.608149043576505,0.766545
594,r_1654,-4.219732739171454,12.264705882353375,2.715189873417763
594,r_1664,0.0,0.0,0.0
594,r_1665,-1000.0,1000.0,0.0
594,r_1667,-999.9999999999999,1000.0,15.990983319608512
594,r_1668,0.0,1000.0,4.993670886075915
594,r_1714,-20.0,-11.743796967318183,-20.0
594,r_1761,1.5791578544539526,1.5791578544539526,1.5791578544539526
594,r_1808,0.766545,11.774815710243937,0.766545
594,r_1809,-11.774815710241464,1.1428571428571457,2.4547461868874832e-15
594,r_1838,0.0,0.006586077157855625,0.0
594,r_2111,0.0,0.019994184440290007,0.0
594,r_2115,0.0,1000.0,1.5918160823020544
594,r_2116,0.0,4.461515448134407,0.0
594,r_2126,0.0,11.008270710244547,0.0
594,r_2131,0.0,13.859902073351336,1.9351318336741603e-16
594,r_2305,-1000.0,1000.0,0.07594936708861029
594,r_4039,-11.773538452389527,1.000000000000005,0.0
594,r_4046,20.073125796797992,20.073125796797992,20.073125796797992
594,r_4185,0.0,11.008270710242257,0.0
594,r_4232,0.0,11.008270710241963,0.0
594,r_4236,-8.256203032680215,1000.0,0.0
594,r_4254,0.0,0.0,0.0
594,r_4255,0.0,0.0,0.0
594,r_4273,0.0,0.0,0.0
594,r_4283,0.0,0.0,0.0
594,r_4284,0.0,0.0,0.0
594,r_4285,0.0,0.0,0.0
594,r_4286,0.0,0.0,0.0
594,r_4287,0.0,0.0,0.0
594,r_4288,0.0,0.0,0.0
594,r_4384,0.0,0.0,0.0
594,r_4567,0.0,11.008270710241922,0.0
594,r_4750,0.0,0.0,0.0
594,r_4755,0.0,0.0,0.0
631,_nonviable,,,
685,r_0001,0.0,1.0000000000000002,0.0
685,r_0002,0.0,1.0,0.0
685,r_0004,0.0,0.9999999999999999,0.0
685,r_0091,0.0,19.107153075510183,0.0
685,r_0111,0.0,12.044210296837147,0.0
685,r_0112,0.0,13.754165899061089,0.0
685,r_0113,0.0,22.72692516510045,0.0
685,r_0114,0.0,0.0,0.0
685,r_0163,0.0,1000.0,1000.0
685,r_0164,0.0,0.0,0.0
685,r_0165,0.0,1000.0,7.82225652346267
685,r_0173,0.0,12.998760858016812,0.0
685,r_0174,0.0,7.778890829233789,0.0
685,r_0175,0.0,8.291711342054624,0.0
685,r_0280,-999.9999999999999,1000.0,0.0
685,r_0300,0.0,7.961962213850221,0.0
685,r_0301,0.0,1.1428571428571426,0.0
685,r_0302,-1000.0,1000.0,0.0
685,r_0303,-1000.0,999.9999999999999,999.4999999999999
685,r_0322,0.0,0.0,0.0
685,r_0332,0.0,0.0,0.0
685,r_0356,0.0,0.0,0.0
685,r_0366,3.0700390255836867,40.4731173333324,40.473117333333334
685,r_0449,0.0,25.792755371125953,0.0
685,r_0450,1.631794179458507,46.126088704462205,20.33333333333333
685,r_0451,-1.142857142857142,1.0000000000000002,1.2398151574389916e-16
685,r_0452,-13.84428984140138,14.075069693604297,-1.5737686860689737e-13
685,r_0454,-6.347798624407224e-07,1.142857142857142,0.9999999999999999
685,r_0466,0.0,19.107153075508695,0.0
685,r_0467,-0.19626919501107054,19.999999999999996,19.999999999999982
685,r_0470,0.0,22.257921396257984,1.0000000000001608
685,r_0471,0.0,19.933422395565287,0.0
685,r_0472,0.0,0.0,0.0
685,r_0476,0.0,25.792755371121036,0.0
685,r_0486,3.2622400014716515,40.473117333335125,40.47311733333332
685,r_0487,0.0,0.0,0.0
685,r_0488,0.0,25.792755371126397,0.0
685,r_0489,0.0,26.652971371125638,0.8602159999999994
685,r_0490,0.0,1.1428571428571426,0.9999999999999999
685,r_0491,0.0,21.631901714493214,1.8602159999999994
685,r_0492,0.0,21.631901714492887,0.0
685,r_0533,0.0,0.0,0.0
685,r_0534,1.3945613340688465,38.18154013207934,19.999999999999996
685,r_0535,0.0,0.0,0.0
685,r_0543,0.0,0.0,0.0
685,r_0553,0.0,999.9999999999998,1000.0
685,r_0554,0.0,0.0,0.0
685,r_0658,0.0,23.00974941077931,0.0
685,r_0659,-24.355903256933345,7.961962213848929,-0.4999999999999999
685,r_0661,0.0,0.19999999999999984,0.0
685,r_0688,0.0,10.552988327064515,0.0
685,r_0696,0.0,10.552988327064703,0.0
685,r_0697,0.0,1000.0,1000.0
685,r_0713,-49.39821975915508,1000.0,23.96757892839778
685,r_0714,-1000.0,16.05398567479051,-39.61290133333341
685,r_0715,-0.9999999999999992,0.0,0.0
685,r_0716,0.0,4.088886674200122,0.0
685,r_0717,0.0,1.1428571428571437,0.0
685,r_0718,0.0,49.24488192582622,0.0
685,r_0719,0.0,21.50553840493576,15.645322404935287
685,r_0831,-2.087065790281066e-16,1.1428571428571408,0.0
685,r_0832,0.0,1.1428571428571423,0.0
685,r_0884,0.0,25.79275537112665,0.0
685,r_0886,1.6317941794541697,46.12608870445911,20.33333333333333
685,r_0888,0.0,13.63615509906056,0.0
685,r_0889,0.0,19.10715307551038,0.0
685,r_0892,3.2622400014712447,40.473117333334564,40.47311733333333
685,r_0893,3.0700390255835837,40.47311733333371,40.47311733333333
685,r_0907,-25.792755371124986,13.636155099059701,0.0
685,r_0916,0.0,13.636155099060323,-2.0245527882329124e-14
685,r_0958,0.0,65.11903533075623,14.645322404935348
685,r_0959,0.0,38.48284790122997,7.822256523462671
685,r_0960,0.0,18.744962751509135,0.0
685,r_0961,0.0,12.263908442506521,0.0
685,r_0962,3.0700390255838848,66.26587270445985,40.47311733333333
685,r_0969,3.00215909664926e-13,25.792755371124926,0.0
685,r_0982,7.770963053328039e-13,6.535717691836574,0.1666666666666531
685,r_0984,-2.386226066060606,13.071435383673057,0.33333333333334664
685,r_0990,-25.79275537112671,0.0,0.0
685,r_1021,-1.142857142857144,1.0,1.0000000000000002
685,r_1022,0.0,24.088420593672776,0.0
685,r_1048,-0.914490832058659,26.014977593347506,0.16666666666667332
685,r_1049,-0.9144908320587715,6.53571769183657,0.16666666666667335
685,r_1050,-2.6997719837269254,6.535717691836651,0.16666666666667332
685,r_1054,-2.4435309059051593,19.473117333333374,19.47311733333333
685,r_1171,0.0,27.626088704457445,0.0
685,r_1172,0.8602159999999992,28.48630470445854,0.860216
685,r_1654,-10.415121969308915,12.264705882352828,4.0000000000006715
685,r_1664,0.0,0.0,0.0
685,r_1665,-1000.0,1000.0,-985.3546775950648
685,r_1667,-1000.0000000000001,1000.0,1000.0
685,r_1668,0.0,1000.0,1000.0
685,r_1714,-20.0,-1.3945613340664096,-20.0
685,r_1761,4.962040523462064,4.962040523462064,4.962040523462064
685,r_1808,0.860216,21.17576136361599,0.860216
685,r_1809,-21.175761363615845,1.1428571428571423,0.9999999999999999
685,r_1838,0.0,0.020909626348532995,0.0
685,r_2111,0.0,0.0634779878476611,0.0
685,r_2115,0.0,1000.0,1000.0
685,r_2116,0.0,8.42713173167034,0.0
685,r_2126,0.0,25.792755371126052,0.0
685,r_2131,0.0,18.296531078257075,0.49999999999982436
685,r_2305,-1000.0,1000.0,999.4999999999999
685,r_4039,-24.019488165100977,1.0000000000000004,0.0
685,r_4046,6.322597692250422,6.322597692250422,6.322597692250422
685,r_4185,0.0,25.79275537112535,0.0
685,r_4232,0.0,25.792755371125658,25.79275537112583
685,r_4236,-18.60543866593076,1000.0,1000.0
685,r_4254,0.0,0.0,0.0
685,r_4255,0.0,0.0,0.0
685,r_4273,0.0,0.0,0.0
685,r_4283,0.0,0.0,0.0
685,r_4284,0.0,0.0,0.0
685,r_4285,0.0,0.0,0.0
685,r_4286,0.0,0.0,0.0
685,r_4287,0.0,0.0,0.0
685,r_4288,0.0,0.0,0.0
685,r_4384,0.0,0.0,0.0
685,r_4567,0.0,25.792755371126933,25.792755371125832
685,r_4750,0.0,0.0,0.0
685,r_4755,0.0,0.0,0.0
711,_infeasible,,,
713,_infeasible,,,
756,_infeasible,,,
777,r_0001,0.0,0.34694696149178217,0.0
777,r_0002,0.0,0.3469469614933128,0.0
777,r_0004,0.0,0.27206093483805865,0.0
777,r_0091,0.0,1.3203437333257517,0.060105764100408854
777,r_0111,0.0,0.6302291555519892,0.0
777,r_0112,0.0,0.5041833244419025,0.0
777,r_0113,0.0,0.8403055407366833,0.0
777,r_0114,0.0,0.0,0.0
777,r_0163,0.0,1000.0,1000.0
777,r_0164,0.0,0.0,0.0
777,r_0165,0.0,994.436935521028,9.933490560441014
777,r_0173,0.0,1.6539164212925492,0.0
777,r_0174,0.0,0.6302291555489324,0.0
777,r_0175,0.0,0.8403055407358555,0.0
777,r_0280,-1000.0000000000001,1000.0,0.0
777,r_0300,0.0,0.4201527703680222,0.0
777,r_0301,0.0,0.26681307355425193,0.0
777,r_0302,-1000.0,1000.0,-1.1368683772161603e-13
777,r_0303,-999.9999999999998,1000.0,999.9999999999998
777,r_0322,0.0,0.0,0.0
777,r_0332,0.0,0.0,0.0
777,r_0356,0.0,0.0,0.0
777,r_0366,23.54296804658889,24.803426357693667,24.783391102992738
777,r_0449,0.0,0.840305540735724,0.0
777,r_0450,12.036385856628307,13.590253886251006,12.729913090813044
777,r_0451,-0.18073354164284391,1.0000000000000002,0.0
777,r_0452,-2.1701527703682815,1.7847499851803126,-0.2500000000001483
777,r_0454,-4.603226251429267e-08,1.0225916927052412,1.0000000000000002
777,r_0466,0.0,1.3203437333279477,0.06010576410040885
777,r_0467,11.096271278853509,12.416615012180158,12.356509248079748
777,r_0470,0.0,6.508964266660331,0.0
777,r_0471,0.0,1.1518214095173687,0.0
777,r_0472,0.0,0.0,0.0
777,r_0476,0.0,0.8403055407357612,0.0
777,r_0486,23.542968046591135,24.803426357693656,24.783391102992734
777,r_0487,0.0,0.0,0.0
777,r_0488,0.0,0.8403055407359472,0.0
777,r_0489,1.1110453377787743,2.203442540736981,1.363137000000002
777,r_0490,0.0,1.0225916927052465,1.0000000000000002
777,r_0491,0.0,3.2034425407388363,2.3631370000000023
777,r_0492,0.0,3.203442540735357,0.0
777,r_0533,0.0,0.0,0.0
777,r_0534,11.786385856627298,13.0468441677319,12.416615012180156
777,r_0535,0.0,0.0,0.0
777,r_0543,0.0,0.0,0.0
777,r_0553,0.0,1000.0,1000.0
777,r_0554,0.0,0.0,0.0
777,r_0658,0.0,2.015687466655718,0.0
777,r_0659,-3.1406874666551134,0.19011457777558124,-1.953199500643116e-13
777,r_0661,0.0,0.09340187559127759,0.0
777,r_0688,0.0,0.420152770368029,0.0
777,r_0696,0.0,0.42015277036657556,0.0
777,r_0697,0.0,1000.0,1000.0
777,r_0713,-2.520916622209134,994.4369355210233,14.86676656761642
777,r_0714,-1000.0,-5.563064478970091,-20.429831046591516
777,r_0715,-0.43479072477000424,7.309399942166718e-32,0.0
777,r_0716,0.0,0.4201527703703144,0.0
777,r_0717,0.0,0.3384575735525851,0.0
777,r_0718,0.0,2.5209166221997674,0.0
777,r_0719,5.313064478973119,13.086078254604784,5.313064478974979
777,r_0831,0.0,1.0137532474473032,0.0
777,r_0832,0.0,1.0137532474474014,0.0
777,r_0884,0.0,0.840305540739791,0.0
777,r_0886,12.036385856627112,13.59025388625109,12.729913090813044
777,r_0888,0.0,0.5041833244415569,0.0
777,r_0889,-2.3462572473836305e-15,1.3203437333308745,0.06010576410040885
777,r_0892,23.54296804658863,24.803426357694672,24.783391102992734
777,r_0893,23.54296804658694,24.803426357694374,24.783391102992734
777,r_0907,-0.8403055407364569,0.5041833244430691,-4.637288421796011e-13
777,r_0916,0.0,0.5041833244438348,0.0
777,r_0958,5.1131526157239415,12.057239882378529,5.18327600717545
777,r_0959,1.8983724836716305,17.287050616891477,9.933490560441012
777,r_0960,0.0,7.353560056405904,0.0
777,r_0961,0.0,1.9008283740708076,0.0
777,r_0962,23.542968046589266,25.64373189843064,24.783391102992734
777,r_0969,6.405922174410573e-30,0.8403055407377938,0.0
777,r_0982,0.06583000177841711,0.6067812444430303,0.18670192136711206
777,r_0984,0.13166000355679272,1.2135624888871828,0.37340384273329663
777,r_0990,-0.8403055407357181,0.0,0.0
777,r_1021,-0.18073354164185562,1.0,1.0000000000000002
777,r_1022,0.0,2.0047125883563224,0.0
777,r_1048,0.06583000177842482,1.0625277629611303,0.18670192136664832
777,r_1049,0.06583000177816728,0.6067812444436766,0.18670192136664832
777,r_1050,0.04369512411983426,0.6067812444437259,0.18670192136664832
777,r_1054,10.49095024922316,11.386811345513863,11.366776090813042
777,r_1171,0.0,2.6736388740710635,0.0
777,r_1172,1.3631369999999932,4.0367758740685185,1.363137000000002
777,r_1654,0.49477084444883584,10.148833320630358,3.6202115282001586
777,r_1664,0.0,0.0,0.0
777,r_1665,-994.8868473842757,1000.0,-994.8167239928248
777,r_1667,-994.8868473842754,1000.0,1000.0
777,r_1668,0.0,1000.0,1000.0
777,r_1714,-12.416615012180156,-11.786385856627755,-12.416615012180156
777,r_1761,2.5799305040399383,2.5799305040399383,2.5799305040399383
777,r_1808,1.363137,2.2034425407368885,1.363137
777,r_1809,-2.2034425407358342,1.0225916927053722,1.0
777,r_1838,0.0,0.0038007601303074547,0.0
777,r_2111,0.0,0.011715073480443396,0.0
777,r_2115,0.0,1000.0,1000.0
777,r_2116,0.0,0.8403055407373178,0.0
777,r_2126,0.0,0.8403055407367324,0.0
777,r_2131,0.0,3.1406874666533207,0.0
777,r_2305,-1000.0,1000.0,999.9999999999998
777,r_4039,-1.8806540962964928,0.6302291555546301,0.0
777,r_4046,19.866909865739693,19.866909865739693,19.866909865739693
777,r_4185,0.0,0.8403055407362657,0.0
777,r_4232,0.0,0.8403055407388529,0.0
777,r_4236,-0.6302291555535646,1000.0,1000.0
777,r_4254,0.0,0.0,0.0
777,r_4255,0.0,0.0,0.0
777,r_4273,0.0,0.0,0.0
777,r_4283,0.0,0.0,0.0
777,r_4284,0.0,0.0,0.0
777,r_4285,0.0,0.0,0.0
777,r_4286,0.0,0.0,0.0
777,r_4287,0.0,0.0,0.0
777,r_4288,0.0,0.0,0.0
777,r_4384,0.0,0.0,0.0
777,r_4567,0.0,0.8403055407376578,0.0
777,r_4750,0.0,0.0,0.0
777,r_4755,0.0,0.0,0.0
836,r_0001,0.0,1.0,0.0
836,r_0002,0.0,0.9999999999999998,0.0
836,r_0004,0.0,0.9999999999999999,0.0
836,r_0091,0.0,10.982037418844316,0.0
836,r_0111,0.0,6.944184182553065,0.0
836,r_0112,0.0,7.568611704776143,0.0
836,r_0113,0.0,12.37743484129423,0.0
836,r_0114,0.0,0.0,0.0
836,r_0163,0.0,1000.0,993.4963924135972
836,r_0164,0.0,0.0,0.0
836,r_0165,0.0,1000.0,0.0
836,r_0173,0.0,7.59383130824117,0.0
836,r_0174,0.0,4.86741353680247,0.0
836,r_0175,0.0,5.184759233912038,0.0
836,r_0280,-1000.0,1000.0,0.0
836,r_0300,0.0,4.848290438764316,0.0
836,r_0301,0.0,1.1428571428571423,0.0
836,r_0302,-1000.0,1000.0,1.1368683772161603e-13
836,r_0303,-1000.0,1000.0000000000002,999.4999999999999
836,r_0322,0.0,0.0,0.0
836,r_0332,0.0,0.0,0.0
836,r_0356,0.0,0.0,0.0
836,r_0366,12.044680993507276,32.46342370205911,32.46342370206206
836,r_0449,0.0,13.612495139031793,0.0
836,r_0450,6.27718183008766,30.18238165672755,16.56988651769745
836,r_0451,-1.1428571428571448,1.0000000000000013,0.0
836,r_0452,-8.556247569516616,9.863984010050965,0.0
836,r_0454,-3.236229883816323e-07,1.142857142857229,1.0000000000000002
836,r_0466,0.0,10.98203741884517,0.0
836,r_0467,5.095012496756456,16.23655318436314,16.23655318436314
836,r_0470,0.0,15.678100015704233,2.5000000000003086
836,r_0471,0.0,12.045708166759416,0.0
836,r_0472,0.0,0.0,0.0
836,r_0476,0.0,13.612495139028365,0.0
836,r_0486,12.044680993510841,32.463423702060595,32.46342370206205
836,r_0487,0.0,0.0,0.0
836,r_0488,0.0,13.612495139031308,0.0
836,r_0489,0.0,14.955511139030735,1.3430159999999998
836,r_0490,0.0,1.1428571428571423,0.9999999999999999
836,r_0491,0.0,14.056116710760199,2.343016
836,r_0492,0.0,14.056116710759243,0.0
836,r_0533,0.0,0.0,0.0
836,r_0534,6.027181830088238,26.13850105739815,16.236553184363135
836,r_0535,0.0,0.0,0.0
836,r_0543,0.0,0.0,0.0
836,r_0553,0.0,1000.0,1000.0
836,r_0554,0.0,0.0,0.0
836,r_0658,0.0,14.91150771164082,0.0
836,r_0659,-16.257661557793785,4.848290438764729,-0.5
836,r_0661,0.0,0.20000000000000004,0.0
836,r_0688,0.0,6.377139617696971,0.0
836,r_0696,0.0,6.377139617697691,0.0
836,r_0697,0.0,1000.0,1000.0
836,r_0713,-29.719497070800355,1000.0,-1.4614160202054332e-17
836,r_0714,-1000.0,6.780216410980415,-12.058400057830113
836,r_0715,-0.9999999999999939,0.0,0.0
836,r_0716,0.0,2.6730272497496594,0.0
836,r_0717,0.0,1.1428571428571446,0.0
836,r_0718,0.0,29.563247070796987,0.0
836,r_0719,0.0,18.401416057828293,12.058400057830113
836,r_0831,0.0,1.1428571428571548,0.0
836,r_0832,0.0,1.1428571428571426,0.0
836,r_0884,0.0,13.612495139030896,0.0
836,r_0886,6.277181830088529,30.1823816567271,16.56988651769745
836,r_0888,0.0,7.426460904776206,0.0
836,r_0889,0.0,10.98203741884832,0.0
836,r_0892,12.044680993513413,32.46342370206056,32.46342370206205
836,r_0893,12.04468099351093,32.463423702059984,32.46342370206205
836,r_0907,-13.612495139032498,7.42646090477616,1.4682307652153843e-12
836,r_0916,0.0,7.42646090477749,0.0
836,r_0958,0.0,42.017235795291306,11.058400057830044
836,r_0959,0.0,31.43339446083423,6.503607586402644
836,r_0960,0.0,15.94951192934017,0.0
836,r_0961,0.0,8.077066677137024,0.0
836,r_0962,12.044680993512038,46.07591884108913,32.46342370206206
836,r_0969,-4.555322435136408e-29,13.612495139032053,0.0
836,r_0982,5.787003110899399e-13,3.8273458062823575,0.16666666666568777
836,r_0984,-1.4432296238850129,7.654691612564627,0.333333333334312
836,r_0990,-13.612495139030864,0.0,0.0
836,r_1021,-1.1428571428571657,1.0000000000000002,1.0000000000000002
836,r_1022,0.0,13.888368365107194,0.0
836,r_1048,-0.599750630737977,13.83471736125508,0.166666666667156
836,r_1049,-0.599750630737848,3.827345806282143,0.166666666667156
836,r_1050,-1.5835566003830983,3.8273458062819703,0.16666666666715596
836,r_1054,2.9144354928260823,15.226870517696392,15.22687051769745
836,r_1171,0.0,15.445828472366182,0.0
836,r_1172,1.3430160000000129,16.788844472368183,1.343016
836,r_1654,-5.350092104710754,12.264705882354065,5.500000000001776
836,r_1664,0.0,0.0,0.0
836,r_1665,-1000.0,1000.0,-988.9415999421699
836,r_1667,-1000.0,1000.0,1000.0
836,r_1668,0.0,1000.0,1000.0
836,r_1714,-16.23655318436314,-6.0271818300889315,-16.23655318436314
836,r_1761,3.160591586403044,3.160591586403044,3.160591586403044
836,r_1808,1.343016,13.486546105538944,1.343016
836,r_1809,-13.486546105539034,1.1428571428571423,0.9999999999999999
836,r_1838,0.0,0.010660130453959438,0.0
836,r_2111,0.0,0.03236229965570369,0.0
836,r_2115,0.0,1000.0,1000.0
836,r_2116,0.0,5.338453556493331,0.0
836,r_2126,0.0,13.612495139031934,0.0
836,r_2131,0.0,15.28591838584694,0.49999999999969086
836,r_2305,-1000.0,1000.0,999.4999999999999
836,r_4039,-13.786993952405995,0.999999999999434,0.0
836,r_4046,12.401645857808726,12.401645857808726,12.401645857808726
836,r_4185,0.0,13.612495139031845,0.0
836,r_4232,0.0,13.612495139031997,13.612495139036524
836,r_4236,-10.209371354271667,1000.0,1000.0
836,r_4254,0.0,0.0,0.0
836,r_4255,0.0,0.0,0.0
836,r_4273,0.0,0.0,0.0
836,r_4283,0.0,0.0,0.0
836,r_4284,0.0,0.0,0.0
836,r_4285,0.0,0.0,0.0
836,r_4286,0.0,0.0,0.0
836,r_4287,0.0,0.0,0.0
836,r_4288,0.0,0.0,0.0
836,r_4384,0.0,0.0,0.0
836,r_4567,0.0,13.61249513903679,13.612495139036525
836,r_4750,0.0,0.0,0.0
836,r_4755,0.0,0.0,0.0
838,r_0001,0.0,0.9999999999999998,0.0
838,r_0002,0.0,1.0,0.0
838,r_0004,0.0,1.0000000000000004,0.0
838,r_0091,0.0,11.509938933471478,0.0
838,r_0111,0.0,7.222254098972922,0.0
838,r_0112,0.0,8.08138702591171,0.0
838,r_0113,0.0,13.342028793185285,0.0
838,r_0114,0.0,0.0,0.0
838,r_0163,0.0,1000.0,993.8328422693529
838,r_0164,0.0,0.0,0.0
838,r_0165,0.0,1000.0,0.0
838,r_0173,0.0,7.851151538176772,0.0
838,r_0174,0.0,4.92565293959782,0.0
838,r_0175,0.0,5.296735643428686,0.0
838,r_0280,-1000.0,1000.0,0.0
838,r_0300,0.0,4.95181095430316,0.0
838,r_0301,0.0,1.1428571428571435,0.0
838,r_0302,-1000.0000000000001,1000.0000000000001,0.0
838,r_0303,-999.9999999999999,1000.0000000000005,999.4999999999999
838,r_0322,0.0,0.0,0.0
838,r_0332,0.0,0.0,0.0
838,r_0356,0.0,0.0,0.0
838,r_0366,8.162125723216375,30.340481130932236,30.340481130932268
838,r_0449,0.0,14.785570271813036,0.0
838,r_0450,3.6760936949415415,29.634175003942765,14.848604732132799
838,r_0451,-1.1428571428571423,1.0000000000000013,0.0
838,r_0452,-9.071761413269446,9.8112274978519,0.0
838,r_0454,-3.793125265717789e-07,1.1428571428571437,1.0000000000000002
838,r_0466,0.0,11.50993893347159,0.0
838,r_0467,2.7138611949413765,14.515271398799463,14.515271398799461
838,r_0470,0.0,15.5956679653927,1.0000000000003997
838,r_0471,0.0,12.192385181207063,0.0
838,r_0472,0.0,0.0,0.0
838,r_0476,0.0,14.785570271812412,0.0
838,r_0486,8.162125723216608,30.340481130932062,30.340481130932265
838,r_0487,0.0,0.0,0.0
838,r_0488,0.0,14.785570271811077,0.0
838,r_0489,0.0,14.808965271810887,0.023394999999992522
838,r_0490,0.0,1.1428571428571574,1.0000000000000002
838,r_0491,0.0,13.350118617052322,1.023394999999999
838,r_0492,0.0,13.350118617055577,0.0
838,r_0533,0.0,0.0,0.0
838,r_0534,3.4260936949421628,25.18889443334734,14.515271398799461
838,r_0535,0.0,0.0,0.0
838,r_0543,0.0,0.0,0.0
838,r_0553,0.0,1000.0,1000.0
838,r_0554,0.0,0.0,0.0
838,r_0658,0.0,14.810052880482415,0.0
838,r_0659,-16.156206726636913,4.951810954302635,-0.5000000000001947
838,r_0661,0.0,0.2000000000000036,0.0
838,r_0688,0.0,6.454792154757371,0.0
838,r_0696,0.0,6.454792154756855,0.0
838,r_0697,0.0,1000.0,1000.0
838,r_0713,-30.297345945292307,1000.0,0.4999999999999983
838,r_0714,-1000.0,8.038983920572718,-12.324964200142631
838,r_0715,-0.9999999999999934,-1.1885233993977952e-32,-3.234762250586191e-31
838,r_0716,0.0,2.727470374242696,0.0
838,r_0717,0.0,1.142857142857143,0.0
838,r_0718,0.0,30.161441882786104,0.0
838,r_0719,0.0,16.848359200142134,11.824964200142539
838,r_0831,0.0,1.1428571428571983,0.0
838,r_0832,0.0,1.1428571428571426,0.0
838,r_0884,0.0,14.785570271811094,0.0
838,r_0886,3.67609369494181,29.634175003945632,14.848604732132797
838,r_0888,0.0,8.005217275910399,0.0
838,r_0889,0.0,11.509938933474812,0.0
838,r_0892,8.16212572321763,30.340481130933117,30.34048113093226
838,r_0893,8.162125723215821,30.340481130931526,30.34048113093226
838,r_0907,-14.785570271810247,8.005217275911113,4.82064510155145e-15
838,r_0916,0.0,8.005217275908999,0.0
838,r_0958,0.0,41.9014292079279,10.82496420014247
838,r_0959,0.0,29.502781095649773,6.167157730646873
838,r_0960,0.0,14.475088094440862,0.0
838,r_0961,0.0,8.022111976928656,0.0
838,r_0962,8.162125723216427,45.1260514027417,30.340481130932265
838,r_0969,0.0,14.785570271810272,0.0
838,r_0982,5.16027220444952e-13,4.003312977824016,0.16666666666666338
838,r_0984,-1.514566868885741,8.006625955647195,0.33333333333333637
838,r_0990,-14.78557027181049,0.0,0.0
838,r_1021,-1.1428571428559833,1.0000000000000002,1.0000000000000002
838,r_1022,0.0,14.444508197943817,0.0
838,r_1048,-0.6320371022822204,15.007792494031994,0.16666666666666818
838,r_1049,-0.6320371022819885,4.003312977824157,0.16666666666666818
838,r_1050,-1.627599846479678,4.003312977823523,0.16666666666666816
838,r_1054,1.6893572160378587,14.825209732132501,14.8252097321328
838,r_1171,0.0,16.618903605143675,0.4999999999980848
838,r_1172,0.0233950000002472,16.64229860514267,0.5233949999980848
838,r_1654,-5.749080230060019,12.264705882352672,3.500000000000405
838,r_1664,0.0,0.0,0.0
838,r_1665,-1000.0,1000.0,-989.1750357998575
838,r_1667,-1000.0,1000.0,1000.0
838,r_1668,0.0,1000.0,1000.0
838,r_1714,-14.515271398799463,-3.426093694939704,-14.515271398799463
838,r_1761,4.143762730647849,4.1437627306478495,4.1437627306478495
838,r_1808,0.023395,12.866450803249423,0.023395
838,r_1809,-12.866450803249853,1.1428571428571415,1.0
838,r_1838,0.0,0.012494541287806632,0.0
838,r_2111,0.0,0.03793125361540169,0.0
838,r_2115,0.0,1000.0,1000.0
838,r_2116,0.0,5.389920366067172,0.0
838,r_2126,0.0,14.785570271810633,0.0
838,r_2131,0.0,14.078855742224757,0.49999999999999983
838,r_2305,-1000.0,1000.0,999.4999999999997
838,r_4039,-14.39051900151771,0.9999999999999998,0.0
838,r_4046,10.58087305902695,10.58087305902695,10.58087305902695
838,r_4185,0.0,14.785570271811276,0.0
838,r_4232,0.0,14.785570271811126,14.78557027181047
838,r_4236,-11.089177703858546,1000.0,1000.0
838,r_4254,0.0,0.0,0.0
838,r_4255,0.0,0.0,0.0
838,r_4273,0.0,0.0,0.0
838,r_4283,0.0,0.0,0.0
838,r_4284,0.0,0.0,0.0
838,r_4285,0.0,0.0,0.0
838,r_4286,0.0,0.0,0.0
838,r_4287,0.0,0.0,0.0
838,r_4288,0.0,0.0,0.0
838,r_4384,0.0,0.0,0.0
838,r_4567,0.0,14.785570271811007,14.78557027181047
838,r_4750,0.0,0.0,0.0
838,r_4755,0.0,0.0,0.0
866,r_0001,0.0,1.0,0.0
866,r_0002,0.0,0.9999999999999651,0.0
866,r_0004,0.0,0.9999999999999999,0.0
866,r_0091,0.0,18.038711794735892,0.0
866,r_0111,0.0,11.390170605641964,0.0
866,r_0112,0.0,12.911288876770069,0.0
866,r_0113,0.0,21.286498044619567,0.0
866,r_0114,0.0,0.0,0.0
866,r_0163,0.0,1000.0,1000.0
866,r_0164,0.0,0.0,0.0
866,r_0165,0.0,1000.0,7.535428160021451
866,r_0173,0.0,12.323817210306759,0.0
866,r_0174,0.0,7.468505210527323,0.0
866,r_0175,0.0,7.995869152047747,0.0
866,r_0280,-1000.0,1000.0,0.0
866,r_0300,0.0,7.61128313519226,0.0
866,r_0301,0.0,1.1428571428571326,0.0
866,r_0302,-1000.0000000000001,1000.0,0.0
866,r_0303,-1000.0000000000001,1000.0,999.4999999999999
866,r_0322,0.0,0.0,0.0
866,r_0332,0.0,0.0,0.0
866,r_0356,0.0,0.0,0.0
866,r_0366,4.465470805948668,40.045532333332545,40.04553233333374
866,r_0449,0.0,24.083187547762204,0.0
866,r_0450,2.5705404040109228,44.41652088109643,20.33333333333349
866,r_0451,-1.1428571428571688,0.9999999999999998,0.0
866,r_0452,-13.166929049584857,13.61355587719451,0.0
866,r_0454,-5.448298237911543e-07,1.1428571428571535,0.9999999999999999
866,r_0466,0.0,18.038711794739278,0.0
866,r_0467,1.0146425058467035,19.999999999999996,19.999999999999996
866,r_0470,0.0,21.536806058115946,0.9999999999999999
866,r_0471,0.0,18.999584772581997,0.0
866,r_0472,0.0,0.0,0.0
866,r_0476,0.0,24.083187547760947,0.0
866,r_0486,4.596206508020531,40.045532333334286,40.04553233333373
866,r_0487,0.0,0.0,0.0
866,r_0488,0.0,24.083187547763202,0.0
866,r_0489,0.0,25.37098854776355,1.2878009999999998
866,r_0490,0.0,1.1428571428571446,0.9999999999999999
866,r_0491,0.0,20.989969674784632,2.287800999999993
866,r_0492,0.0,20.98996967478506,0.0
866,r_0533,0.0,0.0,0.0
866,r_0534,2.275337087344463,37.02919843569311,19.999999999999996
866,r_0535,0.0,0.0,0.0
866,r_0543,0.0,0.0,0.0
866,r_0553,0.0,1000.0,1000.0
866,r_0554,0.0,0.0,0.0
866,r_0658,0.0,22.122222840757363,0.0
866,r_0659,-23.4683766869118,7.611283135192453,-0.4999999999999999
866,r_0661,0.0,0.2000000000000005,0.0
866,r_0688,0.0,10.05860370313051,0.0
866,r_0696,0.0,10.058603703132427,0.0
866,r_0697,0.0,1000.0,1000.0
866,r_0713,-47.03319957330475,1000.0,23.396579746677542
866,r_0714,-1000.0,14.613871411571608,-38.75773133333382
866,r_0715,-1.0000000000000009,-1.4920139330723474e-16,0.0
866,r_0716,0.0,3.9144137426598524,0.0
866,r_0717,0.0,1.1428571428571426,0.0
866,r_0718,0.0,46.8769495733014,0.0
866,r_0719,0.0,21.64895258665565,15.36115158665629
866,r_0831,0.0,1.1428571428571428,0.0
866,r_0832,0.0,1.1428571428571428,0.0
866,r_0884,0.0,24.083187547761195,0.0
866,r_0886,2.570540404011093,44.416520881096986,20.33333333333349
866,r_0888,-6.001929617228089e-30,12.771898826770228,0.0
866,r_0889,-1.365760956428222e-13,18.038711794740088,0.0
866,r_0892,4.596206508023034,40.045532333333014,40.04553233333373
866,r_0893,4.465470805947987,40.0455323333335,40.04553233333373
866,r_0907,-24.083187547762307,12.771898826770036,3.6529403796985713e-13
866,r_0916,0.0,12.771898826770181,1.188786480860481e-13
866,r_0958,0.0,62.61528482663068,14.361151586656186
866,r_0959,0.0,38.08909082460524,7.53542816002145
866,r_0960,0.0,18.896262062585055,0.0
866,r_0961,0.0,11.943327403841357,0.0
866,r_0962,4.465470805948632,64.12871988109745,40.04553233333373
866,r_0969,0.0,24.083187547763757,0.0
866,r_0982,-3.535397646025153e-13,6.179570598246647,0.16666666666649935
866,r_0984,-2.2765641077487158,12.359141196493422,0.3333333333334915
866,r_0990,-24.08318754775979,0.0,0.0
866,r_1021,-1.1428571428571388,0.9999999999999939,1.0
866,r_1022,0.0,22.780341211283616,0.0
866,r_1048,-0.8710584404798379,24.305409769985847,0.16666666666674576
866,r_1049,-0.8710584404797097,6.179570598246622,0.16666666666674576
866,r_1050,-2.5823081574879656,6.179570598246987,0.16666666666674573
866,r_1054,-1.5615798223258979,19.04553233333358,19.045532333333497
866,r_1171,0.0,25.916520881097398,0.0
866,r_1172,1.287800999998714,27.204321881097762,1.287801
866,r_1654,-9.729320438598522,12.26470588235367,3.5000000000004423
866,r_1664,0.0,0.0,0.0
866,r_1665,-1000.0,1000.0,-985.6388484133438
866,r_1667,-1000.0,1000.0,1000.0
866,r_1668,0.0,1000.0,1000.0
866,r_1714,-20.0,-2.2753370873446954,-20.0
866,r_1761,4.247627160021308,4.247627160021308,4.247627160021308
866,r_1808,1.287801,20.53382932390609,1.287801
866,r_1809,-20.533829323903355,1.142857142857144,0.9999999999999999
866,r_1838,0.0,0.01794667609603585,0.0
866,r_2111,0.0,0.054482983755471386,0.0
866,r_2115,0.0,1000.0,1000.0
866,r_2116,0.0,8.10663602582998,0.0
866,r_2126,0.0,24.083187547762712,0.0
866,r_2131,0.0,18.331950946930014,0.499999999999805
866,r_2305,-1000.0,1000.0,999.4999999999999
866,r_4039,-22.683787155727515,0.9999999999999998,0.0
866,r_4046,7.366442727799718,7.366442727799718,7.366442727799718
866,r_4185,0.0,24.083187547762797,0.0
866,r_4232,0.0,24.083187547762265,24.083187547763806
866,r_4236,-17.724662912652715,1000.0,1000.0
866,r_4254,0.0,0.0,0.0
866,r_4255,0.0,0.0,0.0
866,r_4273,0.0,0.0,0.0
866,r_4283,0.0,0.0,0.0
866,r_4284,0.0,0.0,0.0
866,r_4285,0.0,0.0,0.0
866,r_4286,0.0,0.0,0.0
866,r_4287,0.0,0.0,0.0
866,r_4288,0.0,0.0,0.0
866,r_4384,0.0,0.0,0.0
866,r_4567,0.0,24.083187547763547,24.083187547763806
866,r_4750,0.0,0.0,0.0
866,r_4755,0.0,0.0,0.0
870,r_0001,0.0,0.9999999999999997,0.0
870,r_0002,0.0,1.0,0.0
870,r_0004,0.0,0.9999999999999999,0.0
870,r_0091,0.0,14.226180432763973,0.0
870,r_0111,0.0,8.875388967474938,0.0
870,r_0112,0.0,9.866879796683458,0.0
870,r_0113,0.0,16.196105911139835,0.0
870,r_0114,0.0,0.0,0.0
870,r_0163,0.0,1000.0,988.5052638419578
870,r_0164,0.0,0.0,0.0
870,r_0165,0.0,1000.0,0.0
870,r_0173,0.0,9.780564179212735,0.0
870,r_0174,0.0,6.142310065861609,0.0
870,r_0175,0.0,6.59072572376997,0.0
870,r_0280,-1000.0,1000.0,0.0
870,r_0300,0.0,6.131586444221866,0.0
870,r_0301,0.0,1.142857142857162,0.0
870,r_0302,-1000.0000000000001,1000.0000000000001,0.0
870,r_0303,-1000.0,999.9999999999998,999.4999999999999
870,r_0322,0.0,0.0,0.0
870,r_0332,0.0,0.0,0.0
870,r_0356,0.0,0.0,0.0
870,r_0366,4.0776451171467025,30.1399658361785,30.139965836177403
870,r_0449,0.0,18.376763604094755,0.0
870,r_0450,2.4341982530181134,33.85557568885223,15.478812084755317
870,r_0451,-1.1428571428571401,0.9999999999995416,0.0
870,r_0452,-10.002449292891994,11.629991897474556,-2.7430683531841934e-13
870,r_0454,-5.74069360364623e-07,1.1428571428571408,0.0
870,r_0466,0.0,14.22618043276493,0.0
870,r_0467,0.4071852150158548,15.14547875142171,15.145478751421798
870,r_0470,0.0,18.437487339803784,0.0
870,r_0471,0.0,15.289924810138242,0.0
870,r_0472,0.0,0.0,0.0
870,r_0476,0.0,18.376763604096883,0.0
870,r_0486,4.293857527749973,30.13996583617727,30.139965836177396
870,r_0487,0.0,0.0,0.0
870,r_0488,0.0,18.376763604096546,0.0
870,r_0489,0.0,19.8610886040979,1.484325
870,r_0490,0.0,1.1428571428571421,0.0
870,r_0491,0.0,16.189946690530746,1.4843250000000001
870,r_0492,0.0,16.189946690531226,0.0
870,r_0533,0.0,0.0,0.0
870,r_0534,2.222424597208129,28.10236348033168,15.145478751421708
870,r_0535,0.0,0.0,0.0
870,r_0543,0.0,0.0,0.0
870,r_0553,0.0,1000.0,1000.0
870,r_0554,0.0,0.0,0.0
870,r_0658,0.0,18.307676725912074,0.0
870,r_0659,-19.653830572068085,6.13158644422085,-0.5000000000000013
870,r_0661,0.0,0.20000000000000026,0.0
870,r_0688,0.0,8.094666075956344,0.0
870,r_0696,0.0,8.094666075955626,0.0
870,r_0697,0.0,1000.0,1000.0
870,r_0713,-35.61379553401129,1000.0,1.4999999999999998
870,r_0714,-1000.0,13.016648252903337,-9.830452339068188
870,r_0715,-0.9999999999999968,3.950966406066638e-30,0.0
870,r_0716,0.0,3.2163140031050648,0.0
870,r_0717,0.0,1.1428571428571432,0.0
870,r_0718,0.0,35.457545534012425,0.0
870,r_0719,0.0,15.814777339068097,8.330452339067827
870,r_0831,0.0,1.1428571428571443,0.0
870,r_0832,0.0,1.142857142856969,0.0
870,r_0884,0.0,18.376763604097185,0.0
870,r_0886,2.43419825301761,33.855575688851964,15.478812084755317
870,r_0888,0.0,9.71766354668383,0.0
870,r_0889,0.0,14.226180432767057,0.0
870,r_0892,4.293857527751482,30.139965836176906,30.139965836177396
870,r_0893,4.077645117146465,30.139965836176767,30.139965836177396
870,r_0907,-18.376763604097192,9.71766354668377,4.0921177091586403e-13
870,r_0916,0.0,9.717663546683685,1.3741094424380272e-13
870,r_0958,0.0,45.23068953974625,7.330452339067725
870,r_0959,0.0,30.73587452967004,11.494736158042025
870,r_0960,0.0,13.761559245505124,0.0
870,r_0961,0.0,9.670616793305658,0.0
870,r_0962,4.077645117148376,48.516729440273394,30.1399658361774
870,r_0969,0.0,18.37676360409609,0.0
870,r_0982,5.13031798389679e-13,4.908726810921554,0.16666666666649207
870,r_0984,-1.8320677697016194,9.817453621843994,0.3333333333335277
870,r_0990,-18.376763604096134,0.0,0.0
870,r_1021,-1.1428571428566512,1.0,0.0
870,r_1022,0.0,17.750777934949003,0.0
870,r_1048,-0.7219359646198928,18.59898582631842,0.16666666666676383
870,r_1049,-0.7219359646199451,4.908726810921208,0.16666666666676383
870,r_1050,-2.0485170908695847,4.908726810922001,0.1666666666667638
870,r_1054,-1.3498742268703225,13.994487084754606,13.994487084755315
870,r_1171,0.0,20.21009693743087,0.49999999999947237
870,r_1172,1.4843249999993924,21.694421937429503,1.9843249999994725
870,r_1654,-7.354295811017005,12.264705882352464,3.0000000000006617
870,r_1664,0.0,0.0,0.0
870,r_1665,-1000.0,1000.0,-992.6695476609323
870,r_1667,-1000.0,1000.0,1000.0
870,r_1668,0.0,1000.0,1000.0
870,r_1714,-15.14547875142171,-2.222424597208404,-15.14547875142171
870,r_1761,6.010411158041011,6.010411158041011,6.010411158041011
870,r_1808,1.484325,15.733806339653963,1.484325
870,r_1809,-15.733806339652617,1.1428571428571246,0.0
870,r_1838,0.0,0.01890983009097262,0.0
870,r_2111,0.0,0.057406932844296744,0.0
870,r_2115,0.0,1000.0,1000.0
870,r_2116,0.0,6.680584060678408,0.0
870,r_2126,0.0,18.376763604096702,0.0
870,r_2131,0.0,14.049731871254206,0.4999999999998065
870,r_2305,-1000.0,1000.0,999.4999999999999
870,r_4039,-17.637067022248914,0.9999999999999998,0.0
870,r_4046,6.99124233936834,6.99124233936834,6.99124233936834
870,r_4185,0.0,18.37676360409659,0.0
870,r_4232,0.0,18.37676360409684,18.37676360409751
870,r_4236,-12.92305415421543,1000.0,1000.0
870,r_4254,0.0,0.0,0.0
870,r_4255,0.0,0.0,0.0
870,r_4273,0.0,0.0,0.0
870,r_4283,0.0,0.0,0.0
870,r_4284,0.0,0.0,0.0
870,r_4285,0.0,0.0,0.0
870,r_4286,0.0,0.0,0.0
870,r_4287,0.0,0.0,0.0
870,r_4288,0.0,0.0,0.0
870,r_4384,0.0,0.0,0.0
870,r_4567,0.0,18.376763604097803,18.37676360409751
870,r_4750,0.0,0.0,0.0
870,r_4755,0.0,0.0,0.0
929,r_0001,0.0,1.000000000000099,0.0
929,r_0002,0.0,0.9999999999998687,0.0
929,r_0004,0.0,0.999999999999869,0.0
929,r_0091,0.0,21.006514230461146,0.0
929,r_0111,0.0,13.201601520108726,0.0
929,r_0112,0.0,15.256755116984106,0.0
929,r_0113,0.0,25.30106844497497,0.0
929,r_0114,0.0,0.0,0.0
929,r_0163,0.0,1000.0,1000.0
929,r_0164,0.0,0.0,0.0
929,r_0165,0.0,1000.0,8.69333089001032
929,r_0173,0.0,13.985641861525703,0.0
929,r_0174,0.0,8.292170155711347,0.0
929,r_0175,0.0,8.804990668532781,0.0
929,r_0280,-1000.0000000000001,1000.0,0.0
929,r_0300,0.0,8.47270706352499,0.0
929,r_0301,0.0,1.1428571428571428,0.0
929,r_0302,-1000.0,1000.0,0.0
929,r_0303,-1000.0000000000002,1000.0000000000001,999.5000000000002
929,r_0322,0.0,0.0,0.0
929,r_0332,0.0,0.0,0.0
929,r_0356,0.0,0.0,0.0
929,r_0366,0.996530899695355,41.31105233333448,41.3110523333334
929,r_0449,0.0,28.854900785864885,0.0
929,r_0450,0.7066878714579603,49.188234119195336,20.33333333333336
929,r_0451,-1.1428571428568841,1.0000000000000002,0.0
929,r_0452,-15.038613883111683,14.875785442910797,0.0
929,r_0454,-8.597704861569088e-07,1.142857142857142,1.0000000000000002
929,r_0466,0.0,21.006514230458333,0.0
929,r_0467,-2.1028085403658396,19.999999999999996,20.000000000000014
929,r_0470,0.0,23.509039754548024,1.000000000000174
929,r_0471,0.0,21.57140248687089,0.0
929,r_0472,0.0,0.0,0.0
929,r_0476,0.0,28.854900785863013,0.0
929,r_0486,2.6082257098057418,41.31105233333348,41.31105233333339
929,r_0487,0.0,0.0,0.0
929,r_0488,0.0,28.854900785862334,0.0
929,r_0489,0.0,28.877181785863964,0.02228099999999994
929,r_0490,0.0,1.1428571428571346,0.9999999999999999
929,r_0491,0.0,22.67974151719543,1.0222809999999998
929,r_0492,0.0,22.67974151719419,0.0
929,r_0533,0.0,0.0,0.0
929,r_0534,0.6486152562417606,40.240854755983385,19.999999999999996
929,r_0535,0.0,0.0,0.0
929,r_0543,0.0,0.0,0.0
929,r_0553,0.0,1000.0,1000.0
929,r_0554,0.0,0.0,0.0
929,r_0658,0.0,24.549587390213414,0.0
929,r_0659,-25.895741236366632,8.472707063524417,-0.4999999999999999
929,r_0661,0.0,0.20000000000000007,0.0
929,r_0688,0.0,11.384161298991588,0.0
929,r_0696,0.0,11.384161298991252,0.0
929,r_0697,0.0,1000.0,1000.0
929,r_0713,-53.51181460212323,1000.0,25.241051111671897
929,r_0714,-1000.0,18.7008195518722,-41.288771333333784
929,r_0715,-1.0000000000000004,0.0,0.0
929,r_0716,0.0,4.396104496198876,0.0
929,r_0717,0.0,1.1428571428570855,0.0
929,r_0718,0.0,53.37593374795879,0.0
929,r_0719,0.0,21.07000122166067,16.047720221661752
929,r_0831,0.0,1.1428571428571428,0.0
929,r_0832,0.0,1.1428571428571421,0.0
929,r_0884,0.0,28.854900785862526,0.0
929,r_0886,0.7066878714577791,49.1882341191967,20.33333333333336
929,r_0888,0.0,15.180641066987373,0.0
929,r_0889,0.0,21.00651423045831,0.0
929,r_0892,2.60822570980589,41.311052333334146,41.3110523333334
929,r_0893,0.9965308996953569,41.31105233333201,41.3110523333334
929,r_0907,-28.85490078586344,15.180641066987906,5.223323315844249e-14
929,r_0916,0.0,15.18064106698639,2.7785675857717276e-14
929,r_0958,0.0,69.33825934461728,15.047720221661681
929,r_0959,0.0,39.29627456231822,8.69333089001032
929,r_0960,0.0,18.27696912494466,0.0
929,r_0961,0.0,12.679452400075837,0.0
929,r_0962,0.9965308996959767,70.16595311919738,41.31105233333341
929,r_0969,0.0,28.854900785863283,0.0
929,r_0982,-2.470905518397169e-13,7.168838076818943,0.16666666666665034
929,r_0984,-2.5456141493914424,14.33767615363896,0.3333333333333495
929,r_0990,-28.85490078587008,0.0,0.0
929,r_1021,-1.1428571428566612,1.0000000000000002,1.0000000000000002
929,r_1022,0.0,26.40320304021672,0.0
929,r_1048,-0.9903869484186762,29.0771230080854,0.16666666666667476
929,r_1049,-0.9903869484186821,7.168838076819239,0.1666666666666748
929,r_1050,-2.884212188716805,7.1688380768194175,0.16666666666667473
929,r_1054,-3.9325096881192523,20.311052333333663,20.31105233333336
929,r_1171,0.0,30.68823411919572,0.5000000000006755
929,r_1172,0.02228099999999731,30.710515119196078,0.5222810000006756
929,r_1654,-11.638489701058615,12.264705882352828,3.5000000000003744
929,r_1664,0.0,0.0,0.0
929,r_1665,-1000.0,1000.0,-984.9522797783385
929,r_1667,-1000.0,1000.0,1000.0
929,r_1668,0.0,1000.0,1000.0
929,r_1714,-20.0,-0.6486152562414098,-20.0
929,r_1761,6.671049890010179,6.671049890010179,6.671049890010179
929,r_1808,0.022281,22.223601166315955,0.022281
929,r_1809,-22.22360116631577,1.1428571428579002,0.9999999999999997
929,r_1838,0.0,0.02832080958257604,0.0
929,r_2111,0.0,0.08597705078765391,0.0
929,r_2115,0.0,1000.0,1000.0
929,r_2116,0.0,8.983184335354993,0.0
929,r_2126,0.0,28.854900785861087,0.0
929,r_2131,0.0,18.058971777329386,0.499999999999821
929,r_2305,-1000.0,1000.0,999.5
929,r_4039,-26.34923373664803,1.0000000000000027,0.0
929,r_4046,4.668057066362581,4.668057066362581,4.668057066362581
929,r_4185,0.0,28.85490078586298,0.0
929,r_4232,0.0,28.85490078586313,28.85490078586319
929,r_4236,-19.634165866277407,1000.0,1000.0
929,r_4254,0.0,0.0,0.0
929,r_4255,0.0,0.0,0.0
929,r_4273,0.0,0.0,0.0
929,r_4283,0.0,0.0,0.0
929,r_4284,0.0,0.0,0.0
929,r_4285,0.0,0.0,0.0
929,r_4286,0.0,0.0,0.0
929,r_4287,0.0,0.0,0.0
929,r_4288,0.0,0.0,0.0
929,r_4384,0.0,0.0,0.0
929,r_4567,0.0,28.854900785863126,28.854900785863194
929,r_4750,0.0,0.0,0.0
929,r_4755,0.0,0.0,0.0
956,_nonviable,,,
982,r_0001,0.0,0.9999999999999999,0.0
982,r_0002,0.0,1.0,0.0
982,r_0004,0.0,0.9999999999999999,0.0
982,r_0091,0.0,21.132097462057168,0.0
982,r_0111,0.0,13.273979875139217,0.0
982,r_0112,0.0,15.324455785879483,0.0
982,r_0113,0.0,25.402142059800887,0.0
982,r_0114,0.0,0.0,0.0
982,r_0163,0.0,1000.0,1000.0
982,r_0164,0.0,0.0,0.0
982,r_0165,0.0,1000.0,11.124129098585993
982,r_0173,0.0,14.089709841430075,0.0
982,r_0174,0.0,8.358213296805367,0.0
982,r_0175,0.0,8.87103380962608,0.0
982,r_0280,-1000.0,1000.0,0.0
982,r_0300,0.0,8.536304162355886,0.0
982,r_0301,0.0,1.1428571428571435,0.0
982,r_0302,-1000.0,1000.0,0.0
982,r_0303,-1000.0,999.9999999999998,999.4999999999999
982,r_0322,0.0,0.0,0.0
982,r_0332,0.0,0.0,0.0
982,r_0356,0.0,0.0,0.0
982,r_0366,0.9033999353655374,41.16992233333475,41.169922333333375
982,r_0449,0.0,28.99995773059983,0.0
982,r_0450,0.852544279844438,49.33329106393301,20.33333333333335
982,r_0451,-1.1428571428571224,1.0000000000000002,0.0
982,r_0452,-15.0284184776423,14.978812743015455,0.0
982,r_0454,-8.96175850695017e-07,1.1428571428571443,1.0000000000000002
982,r_0466,0.0,21.132097462054205,0.0
982,r_0467,-2.1966016738732996,19.999999999999996,20.000000000000007
982,r_0470,0.0,23.670019910962242,3.501078047629046e-13
982,r_0471,0.0,21.736058598177728,0.0
982,r_0472,0.0,0.0,0.0
982,r_0476,0.0,28.999957730603146,0.0
982,r_0486,2.8760310247654175,41.169922333333346,41.16992233333337
982,r_0487,0.0,0.0,0.0
982,r_0488,0.0,28.999957730598027,0.0
982,r_0489,0.0,29.163368730599572,0.1634109999999889
982,r_0490,0.0,1.1428571428571417,0.9999999999999999
982,r_0491,0.0,22.80477350855785,1.1634109999999993
982,r_0492,0.0,22.804773508557336,0.0
982,r_0533,0.0,0.0,0.0
982,r_0534,0.8550095559343538,40.32171364783985,19.999999999999996
982,r_0535,0.0,0.0,0.0
982,r_0543,0.0,0.0,0.0
982,r_0553,0.0,1000.0,1000.0
982,r_0554,0.0,0.0,0.0
982,r_0658,0.0,24.74771681349227,0.0
982,r_0659,-26.093870659646463,8.536304162355593,-0.5000000000000012
982,r_0661,0.0,0.20000000000000004,0.0
982,r_0688,0.0,11.47432991020009,0.0
982,r_0696,0.0,11.474329910200012,0.0
982,r_0697,0.0,1000.0,1000.0
982,r_0713,-53.6658035920905,1000.0,11.624129098585993
982,r_0714,-1000.0,19.063418196963653,-26.315320215960128
982,r_0715,-1.000000000000001,4.961884366628699e-16,0.0
982,r_0716,0.0,4.418960039352896,0.0
982,r_0717,0.0,1.1428571428574914,0.0
982,r_0718,0.0,53.52698252958884,0.0
982,r_0719,0.0,20.854602117373183,14.691191117373862
982,r_0831,2.1120474254787588e-14,1.1428571428571423,0.0
982,r_0832,0.0,1.1428571428571421,0.0
982,r_0884,0.0,28.99995773059944,0.0
982,r_0886,0.8525442798443569,49.33329106393381,20.33333333333335
982,r_0888,-5.243288876006993e-29,15.241285235879234,0.0
982,r_0889,0.0,21.13209746205636,0.0
982,r_0892,2.8760310247653775,41.169922333334824,41.16992233333337
982,r_0893,0.9033999353633837,41.169922333333524,41.16992233333337
982,r_0907,-28.999957730596698,15.241285235879332,0.0
982,r_0916,-1.9338631889948557e-13,15.241285235878914,-1.1006927287807085e-14
982,r_0958,0.0,69.18570277195815,13.69119111737379
982,r_0959,0.0,39.30602859181697,11.124129098585993
982,r_0960,0.0,18.111877808378296,0.0
982,r_0961,0.0,12.726860118878998,0.0
982,r_0962,0.9033999353656216,70.16988006393048,41.16992233333337
982,r_0969,0.0,28.99995773059834,0.0
982,r_0982,-4.027053645712965e-13,7.210699154018466,0.16666666666665925
982,r_0984,-2.5635707297678767,14.421398308036597,0.33333333333334053
982,r_0990,-28.9999577306004,0.0,0.0
982,r_1021,-1.1428571428570655,1.0000000000000002,1.0000000000000002
982,r_1022,0.0,26.547959750275638,0.0
982,r_1048,-0.993367005858173,29.222179952822362,0.16666666666667027
982,r_1049,-0.9933670058578904,7.210699154018324,0.16666666666667027
982,r_1050,-2.9047649673329103,7.210699154018768,0.16666666666667024
982,r_1054,-4.11797478699771,20.169922333333332,20.16992233333335
982,r_1171,0.0,30.833291063929973,0.0
982,r_1172,0.16341100000000858,30.996702063931682,0.163411
982,r_1654,-11.709057491879314,12.264705882352347,3.00000000000036
982,r_1664,0.0,0.0,0.0
982,r_1665,-1000.0,1000.0,-986.3088088826263
982,r_1667,-1000.0,1000.0,1000.0
982,r_1668,0.0,1000.0,1000.0
982,r_1714,-20.0,-0.8550095559337159,-20.0
982,r_1761,6.960718098586144,6.9607180985861445,6.9607180985861445
982,r_1808,0.163411,22.34863315768018,0.163411
982,r_1809,-22.348633157680283,1.1428571428571412,0.9999999999999999
982,r_1838,0.0,0.02952000315608229,0.0
982,r_2111,0.0,0.08961759384744705,0.0
982,r_2115,0.0,1000.0,1000.0
982,r_2116,0.0,9.054731071538134,0.0
982,r_2126,0.0,28.999957730598823,0.0
982,r_2131,0.0,17.905469827232015,0.4999999999998272
982,r_2305,-1000.0,1000.0,999.4999999999999
982,r_4039,-26.491470268131398,1.000000000000002,0.0
982,r_4046,4.478426191150808,4.478426191150808,4.478426191150808
982,r_4185,0.0,28.99995773060002,0.0
982,r_4232,0.0,28.999957730600244,28.999957730600293
982,r_4236,-19.498952414617364,1000.0,1000.0
982,r_4254,0.0,0.0,0.0
982,r_4255,0.0,0.0,0.0
982,r_4273,0.0,0.0,0.0
982,r_4283,0.0,0.0,0.0
982,r_4284,0.0,0.0,0.0
982,r_4285,0.0,0.0,0.0
982,r_4286,0.0,0.0,0.0
982,r_4287,0.0,0.0,0.0
982,r_4288,0.0,0.0,0.0
982,r_4384,0.0,0.0,0.0
982,r_4567,0.0,28.99995773060217,28.999957730600297
982,r_4750,0.0,0.0,0.0
982,r_4755,0.0,0.0,0.0
983,_infeasible,,,
