#id: 2442218754
#name: B.subtilis - Whole organism, SC (Chi,mcp,2011)
#score: 5.41
#weight:  10%
#description: abundance based on Spectral counting, Interaction consistency score: 5.41, Coverage: 95
#organ: WHOLE_ORGANISM
#integrated: false
#coverage: 95
#link: http://www.ncbi.nlm.nih.gov/pubmed/21749987
#publication_year: 2011
#filename: 224308-BacillusSubtilisSubsp_PRIDE.txt
#
#internal_id	string_external_id	abundance	raw_spectral_count
11135503	224308.BSU09100	30584	3690
11137439	224308.BSU27960	22996	2940
11136827	224308.BSU21930	19933	2535
11134698	224308.BSU01170	15801	4243
11134686	224308.BSU01050	15573	2598
11136214	224308.BSU15990	12522	1992
11134722	224308.BSU01400	12379	471
11134708	224308.BSU01270	11603	1266
11138750	224308.BSU40910	10298	2018
11134701	224308.BSU01200	9699	2227
11134712	224308.BSU01310	8768	2069
11134715	224308.BSU01340	7858	758
11134706	224308.BSU01250	7824	1259
11136915	224308.BSU22790	7790	1808
11134710	224308.BSU01290	7418	305
11136219	224308.BSU16040	7110	1677
11136284	224308.BSU16680	6469	558
11137181	224308.BSU25410	6467	462
11137473	224308.BSU28290	6429	4167
11134702	224308.BSU01210	6427	1349
11134697	224308.BSU01160	6382	2340
11134716	224308.BSU01350	6354	1384
11134731	224308.BSU01490	6224	1672
11134705	224308.BSU01240	6112	850
11134704	224308.BSU01230	6106	1348
11135999	224308.BSU13900	5517	1105
11134711	224308.BSU01300	5344	1204
11134699	224308.BSU01180	5241	1033
11137529	224308.BSU28860	5231	688
11137437	224308.BSU27940	4981	958
11134713	224308.BSU01320	4911	830
11134692	224308.BSU01110	4901	1860
11138766	224308.BSU41060	4798	173
11134707	224308.BSU01260	4740	1358
11134709	224308.BSU01280	4729	2286
11134724	224308.BSU01420	4707	1067
11134723	224308.BSU01410	4534	1216
11137610	224308.BSU29660	4263	2217
11134684	224308.BSU01030	4142	2324
11138187	224308.BSU35360	4103	2307
11134694	224308.BSU01130	4084	4602
11134703	224308.BSU01220	3958	2374
11137467	224308.BSU28230	3748	3416
11136123	224308.BSU15080	3713	282
11134683	224308.BSU01020	3610	1244
11137195	224308.BSU25550	3601	470
11138045	224308.BSU33940	3490	2766
11134726	224308.BSU01440	3442	1036
11134700	224308.BSU01190	3414	1903
11134691	224308.BSU01100	3366	611
11134714	224308.BSU01330	3311	1516
11135240	224308.BSU06460	3274	579
11138748	224308.BSU40890	3273	504
11138043	224308.BSU33920	3189	1643
11135195	224308.BSU06020	3030	752
11137129	224308.BSU24900	2989	327
11137528	224308.BSU28850	2946	665
11137784	224308.BSU31390	2853	915
11136207	224308.BSU15920	2778	495
11134696	224308.BSU01150	2721	750
11135196	224308.BSU06030	2716	3654
11136265	224308.BSU16490	2673	1586
11134654	224308.BSU00730	2624	1407
11136266	224308.BSU16500	2576	1987
11134685	224308.BSU01040	2490	1062
11138664	224308.BSU40090	2429	1258
11134630	224308.BSU00490	2400	790
11138364	224308.BSU37120	2267	1286
11138041	224308.BSU33900	2162	1684
11135615	224308.BSU10230	2126	147
11136926	224308.BSU22880	2075	2193
11137530	224308.BSU28870	1997	658
11137141	224308.BSU25020	1973	1104
11135826	224308.BSU12280	1931	735
11136074	224308.BSU14610	1917	1833
11138341	224308.BSU36900	1885	1426
11137187	224308.BSU25470	1839	2533
11137371	224308.BSU27320	1800	694
11134693	224308.BSU01120	1767	2926
11137619	224308.BSU29750	1745	1231
11135968	224308.BSU13620	1739	803
11134644	224308.BSU00630	1728	326
11138358	224308.BSU37070	1674	250
11136175	224308.BSU15600	1669	770
11136197	224308.BSU15820	1636	196
11138539	224308.BSU38850	1616	500
11138708	224308.BSU40500	1612	697
11136972	224308.BSU23360	1604	484
11137554	224308.BSU29120	1599	860
11136073	224308.BSU14600	1589	1529
11134592	224308.BSU00110	1555	1347
11134618	224308.BSU00370	1522	445
11137180	224308.BSU25400	1469	517
11138044	224308.BSU33930	1444	1807
11138141	224308.BSU34900	1441	509
11134590	224308.BSU00090	1437	1586
11136065	224308.BSU14540	1436	194
11134732	224308.BSU01500	1426	410
11135923	224308.BSU13180	1391	2882
11137493	224308.BSU28500	1384	384
11134721	224308.BSU01390	1318	206
11138406	224308.BSU37540	1313	194
11137697	224308.BSU30550	1283	1063
11137560	224308.BSU29180	1281	1584
11136268	224308.BSU16520	1276	635
11137555	224308.BSU29130	1272	1209
11134871	224308.BSU02900	1265	745
11138418	224308.BSU37660	1261	797
11137037	224308.BSU23980	1235	813
11135216	224308.BSU06240	1228	776
11138714	224308.BSU40550	1218	990
11136359	224308.BSU17460	1213	1217
11135480	224308.BSU08880	1205	227
11138363	224308.BSU37110	1201	894
11134611	224308.BSU00300	1191	194
11137411	224308.BSU27700	1182	118
11136072	224308.BSU14590	1164	915
11134640	224308.BSU00590	1160	186
11136035	224308.BSU14240	1148	312
11135102	224308.BSU05120	1140	264
11135070	224308.BSU04830	1132	140
11137074	224308.BSU24350	1132	216
11136174	224308.BSU15590	1125	1322
11137070	224308.BSU24310	1111	676
11135762	224308.BSU11690	1093	684
11137206	224308.BSU25650	1092	262
11137712	224308.BSU30700	1092	246
11138550	224308.BSU38960	1082	965
11137084	224308.BSU24450	1075	315
11135471	224308.BSU08790	1057	1537
11136277	224308.BSU16610	1057	166
11135586	224308.BSU09950	1044	755
11136225	224308.BSU16100	1043	456
11135246	224308.BSU06520	1024	1240
11135026	224308.BSU04400	1016	237
11136561	224308.BSU19360	1009	964
11137920	224308.BSU32730	994	722
11134629	224308.BSU00480	990	259
11138340	224308.BSU36890	982	597
11136855	224308.BSU22180	981	205
11137866	224308.BSU32220	980	330
11137474	224308.BSU28300	980	540
11134725	224308.BSU01430	958	644
11138217	224308.BSU35670	956	739
11137869	224308.BSU32250	950	872
11135758	224308.BSU11650	950	677
11137835	224308.BSU31910	925	208
11136224	224308.BSU16090	924	982
11137870	224308.BSU32260	919	927
11134682	224308.BSU01010	907	408
11138181	224308.BSU35310	906	332
11136944	224308.BSU23070	903	1137
11135592	224308.BSU10000	902	232
11136461	224308.BSU18440	884	851
11136029	224308.BSU14180	881	395
11138700	224308.BSU40420	876	994
11136555	224308.BSU19300	868	142
11137995	224308.BSU33440	862	1028
11135827	224308.BSU12290	859	609
11137564	224308.BSU29220	856	649
11137917	224308.BSU32710	855	761
11137593	224308.BSU29490	854	407
11136580	224308.BSU19550	850	398
11134601	224308.BSU00200	837	223
11134859	224308.BSU02780	835	898
11135779	224308.BSU11850	832	368
11138368	224308.BSU37160	831	287
11136071	224308.BSU14580	831	727
11138749	224308.BSU40900	826	401
11136874	224308.BSU22370	822	635
11136078	224308.BSU14640	821	104
11135571	224308.BSU09800	818	354
11134924	224308.BSU03420	811	290
11135595	224308.BSU10020	810	635
11134718	224308.BSU01370	806	577
11135967	224308.BSU13610	802	273
11134894	224308.BSU03130	800	424
11137621	224308.BSU29770	800	308
11137589	224308.BSU29450	797	829
11135242	224308.BSU06480	796	1168
11137188	224308.BSU25480	792	243
11134971	224308.BSU03870	787	246
11136820	224308.BSU21860	784	265
11137472	224308.BSU28280	774	921
11136279	224308.BSU16630	772	1302
11138336	224308.BSU36850	766	358
11136157	224308.BSU15420	765	395
11138104	224308.BSU34540	764	292
11136000	224308.BSU13910	742	1047
11136144	224308.BSU15290	740	659
11136404	224308.BSU17890	738	1137
11137994	224308.BSU33430	736	1052
11138332	224308.BSU36810	733	927
11136878	224308.BSU22410	733	266
11138200	224308.BSU35490	730	573
11138002	224308.BSU33510	727	135
11137916	224308.BSU32700	725	585
11134681	224308.BSU01000	721	62
11136275	224308.BSU16590	720	216
11135239	224308.BSU06450	718	532
11135439	224308.BSU08480	715	380
11137780	224308.BSU31350	705	695
11137661	224308.BSU30200	703	535
11136291	224308.BSU16750	696	565
11137471	224308.BSU28270	685	526
11135241	224308.BSU06470	682	275
11135765	224308.BSU11720	681	504
11136067	224308.BSU14560	672	356
11138334	224308.BSU36830	669	830
11137038	224308.BSU23990	669	325
11135042	224308.BSU04550	657	256
11138292	224308.BSU36410	654	602
11136206	224308.BSU15910	653	405
11136098	224308.BSU14840	651	162
11137341	224308.BSU27020	651	242
11136843	224308.BSU22070	648	313
11136927	224308.BSU22890	643	449
11134610	224308.BSU00290	642	126
11135839	224308.BSU12410	641	360
11136232	224308.BSU16170	638	408
11135262	224308.BSU06670	636	155
11138650	224308.BSU39960	632	228
11135238	224308.BSU06440	629	858
11136171	224308.BSU15560	629	235
11138288	224308.BSU36370	626	173
11137025	224308.BSU23860	623	785
11136153	224308.BSU15380	618	283
11137625	224308.BSU29820	618	357
11136293	224308.BSU16770	617	536
11135718	224308.BSU11250	611	480
11137377	224308.BSU27380	610	68
11134872	224308.BSU02910	603	359
11138042	224308.BSU33910	602	752
11136897	224308.BSU22600	591	600
11136276	224308.BSU16600	591	554
11137470	224308.BSU28260	588	740
11136986	224308.BSU23490	587	232
11135815	224308.BSU12180	583	309
11134633	224308.BSU00520	572	192
11137466	224308.BSU28220	570	592
11138270	224308.BSU36200	569	77
11136462	224308.BSU18450	569	2344
11137262	224308.BSU26230	565	425
11137709	224308.BSU30670	564	173
11137561	224308.BSU29190	564	438
11137101	224308.BSU24620	561	399
11138737	224308.BSU40780	557	25
11137855	224308.BSU32110	557	521
11134772	224308.BSU01910	555	130
11135230	224308.BSU06360	552	685
11138161	224308.BSU35100	551	18
11137429	224308.BSU27860	550	462
11138054	224308.BSU34030	550	322
11137178	224308.BSU25380	548	417
11135713	224308.BSU11200	547	536
11136158	224308.BSU15430	546	1170
11136285	224308.BSU16690	543	957
11136913	224308.BSU22770	543	105
11136093	224308.BSU14790	542	68
11137745	224308.BSU31030	542	196
11136907	224308.BSU22710	540	472
11137507	224308.BSU28640	540	459
11136096	224308.BSU14820	539	206
11135474	224308.BSU08820	539	618
11134650	224308.BSU00690	538	741
11135247	224308.BSU06530	534	506
11138575	224308.BSU39220	531	201
11137952	224308.BSU33040	530	521
11135998	224308.BSU13890	527	612
11136821	224308.BSU21870	526	584
11136837	224308.BSU22020	523	70
11137543	224308.BSU29010	522	140
11137475	224308.BSU28310	521	676
11136021	224308.BSU14100	521	138
11134649	224308.BSU00680	508	206
11135463	224308.BSU08720	505	235
11136005	224308.BSU13960	502	320
11134688	224308.BSU01070	501	1492
11137024	224308.BSU23850	500	485
11135045	224308.BSU04580	500	626
11137402	224308.BSU27610	500	216
11137863	224308.BSU32190	499	16
11136962	224308.BSU23250	495	181
11135694	224308.BSU11020	495	202
11135791	224308.BSU11950	489	128
11136649	224308.BSU20200	488	67
11136899	224308.BSU22620	487	393
11136992	224308.BSU23540	483	61
11135709	224308.BSU11160	482	83
11137536	224308.BSU28940	481	270
11134981	224308.BSU03970	477	93
11135253	224308.BSU06580	476	169
11135761	224308.BSU11680	474	114
11138005	224308.BSU33540	472	258
11135764	224308.BSU11710	467	276
11138331	224308.BSU36800	466	195
11136183	224308.BSU15680	465	214
11138509	224308.BSU38550	464	522
11136914	224308.BSU22780	463	266
11134689	224308.BSU01080	462	1685
11135889	224308.BSU12850	461	282
11136990	224308.BSU23520	460	132
11137186	224308.BSU25460	460	346
11137488	224308.BSU28440	459	767
11135591	224308.BSU09990	458	196
11136949	224308.BSU23120	458	260
11136172	224308.BSU15570	454	281
11134866	224308.BSU02850	453	309
11137110	224308.BSU24710	452	89
11137396	224308.BSU27550	450	651
11134632	224308.BSU00510	447	357
11137928	224308.BSU32810	446	134
11136562	224308.BSU19370	446	922
11135456	224308.BSU08650	444	351
11137913	224308.BSU32670	443	590
11135465	224308.BSU08740	443	73
11137428	224308.BSU27850	443	459
11135243	224308.BSU06490	443	394
11138224	224308.BSU35740	440	186
11136167	224308.BSU15520	440	1178
11138056	224308.BSU34050	440	196
11138413	224308.BSU37610	440	88
11137469	224308.BSU28250	436	179
11137927	224308.BSU32800	436	123
11137706	224308.BSU30650	433	190
11137722	224308.BSU30800	433	268
11136315	224308.BSU17020	431	128
11138402	224308.BSU37500	431	263
11136776	224308.BSU21420	430	35
11137627	224308.BSU29840	429	125
11138596	224308.BSU39420	429	267
11137786	224308.BSU31410	429	220
11137203	224308.BSU25620	428	159
11136165	224308.BSU15500	427	396
11136198	224308.BSU15830	427	115
11134680	224308.BSU00990	424	40
11137491	224308.BSU28470	423	567
11136249	224308.BSU16330	423	115
11135381	224308.BSU07890	422	100
11135312	224308.BSU07150	421	123
11136100	224308.BSU14860	421	1324
11137542	224308.BSU29000	420	137
11134870	224308.BSU02890	419	201
11137100	224308.BSU24610	419	148
11134813	224308.BSU02330	413	420
11135905	224308.BSU13010	412	273
11138515	224308.BSU38610	411	23
11135989	224308.BSU13810	411	102
11136311	224308.BSU16980	411	92
11136873	224308.BSU22360	410	464
11137228	224308.BSU25880	410	163
11135444	224308.BSU08530	407	102
11135596	224308.BSU10030	406	192
11137446	224308.BSU28030	406	414
11138690	224308.BSU40320	403	201
11136811	224308.BSU21770	402	427
11136554	224308.BSU19290	401	132
11136162	224308.BSU15470	399	227
11138318	224308.BSU36670	398	32
11137699	224308.BSU30570	398	124
11137877	224308.BSU32330	398	346
11134672	224308.BSU00910	397	172
11135058	224308.BSU04710	397	132
11137480	224308.BSU28360	396	189
11135727	224308.BSU11340	396	304
11136023	224308.BSU14120	394	67
11135236	224308.BSU06420	392	173
11135486	224308.BSU08930	392	136
11136547	224308.BSU19230	391	244
11137093	224308.BSU24540	391	119
11137008	224308.BSU23690	391	132
11135546	224308.BSU09540	388	198
11138055	224308.BSU34040	387	514
11138143	224308.BSU34920	387	298
11138490	224308.BSU38370	387	116
11136572	224308.BSU19470	385	103
11135962	224308.BSU13560	380	344
11137133	224308.BSU24940	378	116
11137753	224308.BSU31110	377	68
11134663	224308.BSU00820	377	530
11137171	224308.BSU25310	377	17
11136909	224308.BSU22730	375	164
11136059	224308.BSU14480	375	155
11136307	224308.BSU16940	373	321
11137585	224308.BSU29410	373	181
11137030	224308.BSU23910	372	353
11136166	224308.BSU15510	372	349
11138765	224308.BSU41050	372	128
11138040	224308.BSU33890	371	133
11137911	224308.BSU32660	371	97
11136589	224308.BSU19630	370	205
11138011	224308.BSU33600	370	130
11136227	224308.BSU16120	368	664
11135845	224308.BSU12470	367	154
11137487	224308.BSU28430	367	265
11134687	224308.BSU01060	365	186
11138249	224308.BSU35990	364	218
11134931	224308.BSU03490	364	3957
11135929	224308.BSU13240	364	106
11138271	224308.BSU36210	363	137
11136424	224308.BSU18080	362	89
11136267	224308.BSU16510	362	149
11134593	224308.BSU00120	362	215
11135526	224308.BSU09340	358	152
11138139	224308.BSU34880	355	276
11136887	224308.BSU22500	353	70
11137830	224308.BSU31850	353	77
11135264	224308.BSU06690	353	561
11136817	224308.BSU21830	352	85
11138480	224308.BSU38270	352	334
11136168	224308.BSU15530	352	226
11136388	224308.BSU17730	351	147
11136215	224308.BSU16000	351	50
11135693	224308.BSU11010	349	549
11136409	224308.BSU17940	349	102
11134667	224308.BSU00860	348	782
11137964	224308.BSU33150	348	119
11137227	224308.BSU25870	346	140
11138540	224308.BSU38860	346	258
11137035	224308.BSU23960	345	182
11136667	224308.BSU20380	345	104
11135636	224308.BSU10440	344	44
11134613	224308.BSU00320	342	278
11137537	224308.BSU28950	342	579
11136125	224308.BSU15100	341	122
11136273	224308.BSU16570	341	513
11134583	224308.BSU00020	340	335
11134933	224308.BSU03510	340	1002
11135346	224308.BSU07520	339	231
11134918	224308.BSU03360	339	302
11138131	224308.BSU34800	338	298
11134603	224308.BSU00220	338	36
11137892	224308.BSU32470	337	101
11138072	224308.BSU34210	336	97
11136415	224308.BSU18000	336	715
11136803	224308.BSU21690	336	145
11138180	224308.BSU35300	336	831
11136953	224308.BSU23160	334	186
11135281	224308.BSU06840	332	213
11135343	224308.BSU07490	330	160
11135066	224308.BSU04790	330	129
11134673	224308.BSU00920	329	401
11135400	224308.BSU08080	329	270
11138367	224308.BSU37150	327	431
11137506	224308.BSU28630	326	637
11135365	224308.BSU07720	326	24
11137380	224308.BSU27410	326	752
11137821	224308.BSU31760	324	154
11135626	224308.BSU10340	324	206
11135886	224308.BSU12820	324	23
11138268	224308.BSU36180	324	118
11136830	224308.BSU21960	323	32
11135059	224308.BSU04720	323	153
11137412	224308.BSU27710	323	311
11138137	224308.BSU34860	322	219
11137569	224308.BSU29250	322	181
11135375	224308.BSU07830	321	201
11134659	224308.BSU00780	320	118
11134967	224308.BSU03830	320	307
11137159	224308.BSU25200	319	307
11134930	224308.BSU03480	319	3559
11135398	224308.BSU08060	318	218
11137509	224308.BSU28660	317	30
11137484	224308.BSU28400	317	100
11138373	224308.BSU37210	316	73
11135735	224308.BSU11430	315	484
11135210	224308.BSU06180	315	203
11135961	224308.BSU13550	315	305
11138469	224308.BSU38170	315	198
11136114	224308.BSU15000	313	67
11137999	224308.BSU33480	313	172
11135263	224308.BSU06680	313	445
11136386	224308.BSU17710	313	41
11136170	224308.BSU15550	313	233
11138130	224308.BSU34790	312	239
11135266	224308.BSU06710	311	572
11135399	224308.BSU08070	311	294
11138333	224308.BSU36820	311	201
11134759	224308.BSU01770	310	365
11138195	224308.BSU35440	309	98
11136804	224308.BSU21700	309	139
11137562	224308.BSU29200	308	246
11137620	224308.BSU29760	307	92
11136934	224308.BSU22960	306	286
11138404	224308.BSU37520	305	158
11136056	224308.BSU14450	305	282
11137378	224308.BSU27390	304	167
11138125	224308.BSU34740	303	60
11137875	224308.BSU32310	302	104
11135981	224308.BSU13750	302	127
11136467	224308.BSU18500	301	240
11135618	224308.BSU10260	300	162
11138142	224308.BSU34910	300	280
11136413	224308.BSU17980	300	27
11137118	224308.BSU24790	299	98
11136213	224308.BSU15980	299	420
11135781	224308.BSU11870	298	296
11137452	224308.BSU28090	298	756
11136091	224308.BSU14770	297	492
11136231	224308.BSU16160	297	450
11136281	224308.BSU16650	296	128
11137834	224308.BSU31900	296	78
11138177	224308.BSU35270	295	47
11137045	224308.BSU24060	294	336
11137673	224308.BSU30320	292	590
11138257	224308.BSU36070	291	84
11134631	224308.BSU00500	291	295
11137704	224308.BSU30630	290	115
11135467	224308.BSU08760	290	216
11136400	224308.BSU17850	289	132
11138763	224308.BSU41030	289	219
11137086	224308.BSU24470	288	83
11135963	224308.BSU13570	288	205
11136203	224308.BSU15880	286	127
11136508	224308.BSU18870	285	76
11135603	224308.BSU10100	285	103
11136217	224308.BSU16020	284	137
11137042	224308.BSU24030	284	250
11137664	224308.BSU30230	283	299
11137525	224308.BSU28820	283	239
11137332	224308.BSU26940	282	83
11136081	224308.BSU14670	282	259
11138611	224308.BSU39570	282	57
11138454	224308.BSU38020	281	140
11137435	224308.BSU27920	281	316
11137782	224308.BSU31370	281	283
11134594	224308.BSU00130	281	254
11137907	224308.BSU32620	281	113
11138282	224308.BSU36310	281	91
11136188	224308.BSU15730	279	253
11136999	224308.BSU23610	279	162
11138576	224308.BSU39230	278	1549
11138129	224308.BSU34780	278	105
11137397	224308.BSU27560	278	355
11137611	224308.BSU29670	278	312
11138004	224308.BSU33530	278	237
11135313	224308.BSU07160	277	74
11136070	224308.BSU14570	277	117
11135244	224308.BSU06500	277	212
11136942	224308.BSU23040	277	34
11135746	224308.BSU11540	276	480
11137369	224308.BSU27300	276	108
11135530	224308.BSU09380	276	113
11134656	224308.BSU00750	275	95
11134619	224308.BSU00380	275	637
11138343	224308.BSU36920	273	121
11137005	224308.BSU23660	273	51
11138378	224308.BSU37260	273	99
11136579	224308.BSU19540	272	91
11137633	224308.BSU29900	271	168
11138196	224308.BSU35450	271	152
11136471	224308.BSU18540	271	109
11136587	224308.BSU19610	271	24
11138175	224308.BSU35250	271	137
11137481	224308.BSU28370	270	208
11138197	224308.BSU35460	269	49
11136314	224308.BSU17010	269	340
11136154	224308.BSU15390	269	108
11136974	224308.BSU23380	268	342
11136880	224308.BSU22430	268	180
11138335	224308.BSU36840	268	161
11138447	224308.BSU37950	267	70
11136294	224308.BSU16780	267	442
11136045	224308.BSU14340	267	70
11137946	224308.BSU32990	266	120
11134978	224308.BSU03940	266	86
11135348	224308.BSU07550	266	85
11138609	224308.BSU39550	265	126
11136309	224308.BSU16960	265	350
11137665	224308.BSU30240	265	181
11137608	224308.BSU29640	264	84
11138751	224308.BSU40920	263	241
11138549	224308.BSU38950	263	260
11137442	224308.BSU27990	263	238
11136822	224308.BSU21880	262	283
11136184	224308.BSU15690	262	50
11137291	224308.BSU26540	262	78
11138582	224308.BSU39290	262	127
11135523	224308.BSU09310	261	389
11136292	224308.BSU16760	261	206
11134591	224308.BSU00100	260	327
11138039	224308.BSU33880	258	413
11137146	224308.BSU25070	257	355
11138166	224308.BSU35150	257	168
11135435	224308.BSU08440	257	223
11135752	224308.BSU11590	257	78
11135633	224308.BSU10410	256	48
11136713	224308.BSU20840	256	24
11138067	224308.BSU34160	256	179
11137991	224308.BSU33400	255	190
11134719	224308.BSU01380	255	171
11135276	224308.BSU06811	253	115
11135464	224308.BSU08730	253	102
11137172	224308.BSU25320	253	78
11135441	224308.BSU08500	253	21
11134942	224308.BSU03610	252	210
11137275	224308.BSU26350	252	93
11138632	224308.BSU39780	252	226
11135726	224308.BSU11330	252	179
11135409	224308.BSU08170	251	83
11135440	224308.BSU08490	250	58
11135749	224308.BSU11560	250	102
11136138	224308.BSU15230	250	204
11135558	224308.BSU09670	250	206
11134652	224308.BSU00710	249	184
11134760	224308.BSU01780	249	397
11136987	224308.BSU23500	249	203
11137434	224308.BSU27910	248	75
11137591	224308.BSU29470	248	326
11137276	224308.BSU26360	247	33
11136905	224308.BSU22690	246	74
11136064	224308.BSU14530	245	375
11135793	224308.BSU11970	245	77
11136506	224308.BSU18850	245	80
11134896	224308.BSU03150	244	135
11135714	224308.BSU11210	244	187
11137153	224308.BSU25140	244	305
11135039	224308.BSU04530	244	39
11136140	224308.BSU15250	244	59
11137799	224308.BSU31540	244	254
11138761	224308.BSU41010	244	364
11135652	224308.BSU10600	243	84
11137064	224308.BSU24250	243	95
11136416	224308.BSU18010	243	109
11138641	224308.BSU39870	242	84
11138594	224308.BSU39400	241	246
11136618	224308.BSU19890	241	56
11138037	224308.BSU33860	241	160
11136906	224308.BSU22700	240	236
11138327	224308.BSU36760	240	269
11138003	224308.BSU33520	240	63
11135782	224308.BSU11880	239	208
11137791	224308.BSU31460	239	116
11135056	224308.BSU04690	239	101
11137922	224308.BSU32750	238	207
11136205	224308.BSU15900	238	196
11137393	224308.BSU27520	237	88
11137073	224308.BSU24340	237	285
11138546	224308.BSU38920	237	252
11138636	224308.BSU39820	237	406
11134875	224308.BSU02940	236	283
11134588	224308.BSU00070	236	577
11134879	224308.BSU02980	236	178
11137868	224308.BSU32240	235	180
11136730	224308.BSU20990	235	20
11134881	224308.BSU03000	235	161
11136876	224308.BSU22390	235	56
11136244	224308.BSU16290	234	130
11137366	224308.BSU27270	234	124
11136108	224308.BSU14940	233	92
11136282	224308.BSU16660	233	117
11138176	224308.BSU35260	233	124
11135547	224308.BSU09550	233	213
11138179	224308.BSU35290	233	255
11138385	224308.BSU37330	231	364
11137598	224308.BSU29540	231	163
11137313	224308.BSU26760	231	109
11137556	224308.BSU29140	230	210
11136135	224308.BSU15200	230	275
11136241	224308.BSU16260	230	106
11136349	224308.BSU17360	230	43
11135634	224308.BSU10420	230	191
11135379	224308.BSU07870	229	55
11137677	224308.BSU30360	229	117
11137390	224308.BSU27490	229	109
11135117	224308.BSU05270	229	76
11138114	224308.BSU34640	229	74
11135792	224308.BSU11960	228	115
11137563	224308.BSU29210	228	175
11135220	224308.BSU06270	227	48
11136062	224308.BSU14510	227	121
11136353	224308.BSU17400	227	176
11137759	224308.BSU31170	227	189
11136033	224308.BSU14220	226	104
11138361	224308.BSU37090	226	149
11137696	224308.BSU30540	226	452
11138386	224308.BSU37340	225	79
11137486	224308.BSU28420	225	80
11136385	224308.BSU17700	225	35
11137218	224308.BSU25780	225	77
11136194	224308.BSU15790	224	112
11137047	224308.BSU24080	223	192
11134584	224308.BSU00030	223	48
11135821	224308.BSU12230	222	215
11137618	224308.BSU29740	222	159
11136680	224308.BSU20510	222	50
11135965	224308.BSU13590	222	224
11135043	224308.BSU04560	221	173
11138665	224308.BSU40100	221	286
11136220	224308.BSU16050	220	241
11137622	224308.BSU29780	220	98
11136871	224308.BSU22340	220	92
11136688	224308.BSU20590	219	93
11138337	224308.BSU36860	219	34
11136406	224308.BSU17910	219	46
11134627	224308.BSU00460	219	127
11136489	224308.BSU18700	218	63
11136054	224308.BSU14430	218	360
11138482	224308.BSU38290	218	109
11136412	224308.BSU17970	217	64
11137204	224308.BSU25630	217	134
11137292	224308.BSU26550	217	32
11136208	224308.BSU15930	217	186
11135918	224308.BSU13140	216	75
11135366	224308.BSU07735	216	60
11135849	224308.BSU12510	216	77
11135000	224308.BSU04140	216	350
11136473	224308.BSU18560	216	195
11134602	224308.BSU00210	216	59
11136802	224308.BSU21680	215	71
11135717	224308.BSU11240	215	563
11137152	224308.BSU25130	215	118
11137071	224308.BSU24320	214	66
11138115	224308.BSU34650	214	39
11135695	224308.BSU11030	214	171
11137711	224308.BSU30690	213	131
11138721	224308.BSU40620	212	138
11137820	224308.BSU31750	212	295
11138352	224308.BSU37010	211	232
11135495	224308.BSU09020	211	62
11138366	224308.BSU37140	211	116
11134665	224308.BSU00840	211	101
11137374	224308.BSU27350	210	149
11137860	224308.BSU32160	209	74
11136122	224308.BSU15070	209	107
11137972	224308.BSU33222	209	40
11138287	224308.BSU36360	209	38
11136106	224308.BSU14920	208	20
11135284	224308.BSU06870	208	93
11134803	224308.BSU02230	208	193
11137161	224308.BSU25220	207	92
11134925	224308.BSU03430	207	96
11137165	224308.BSU25260	207	478
11138188	224308.BSU35370	207	58
11134899	224308.BSU03180	207	177
11135160	224308.BSU05660	207	115
11137266	224308.BSU26260	206	152
11137628	224308.BSU29850	206	112
11135024	224308.BSU04380	206	93
11135237	224308.BSU06430	206	202
11137091	224308.BSU24520	205	101
11138365	224308.BSU37130	205	102
11137463	224308.BSU28190	205	97
11137943	224308.BSU32940	205	82
11137432	224308.BSU27890	205	102
11134587	224308.BSU00060	205	319
11134988	224308.BSU04030	205	48
11136164	224308.BSU15490	204	154
11136025	224308.BSU14140	203	158
11138303	224308.BSU36520	203	70
11135893	224308.BSU12890	203	146
11135209	224308.BSU06170	203	170
11136898	224308.BSU22610	203	195
11137942	224308.BSU32930	203	58
11135768	224308.BSU11750	202	60
11138272	224308.BSU36220	202	71
11136358	224308.BSU17450	202	81
11135078	224308.BSU04900	202	35
11135734	224308.BSU11420	202	146
11137915	224308.BSU32690	202	224
11137407	224308.BSU27660	202	66
11136380	224308.BSU17660	201	126
11137597	224308.BSU29530	201	141
11136886	224308.BSU22490	201	164
11138144	224308.BSU34930	201	200
11138506	224308.BSU38520	201	43
11138012	224308.BSU33610	201	395
11135396	224308.BSU08040	200	69
11134991	224308.BSU04050	200	145
11136929	224308.BSU22910	200	90
11136204	224308.BSU15890	200	202
11134675	224308.BSU00940	199	263
11138401	224308.BSU37490	199	140
11135786	224308.BSU11920	199	51
11134980	224308.BSU03960	198	101
11137909	224308.BSU32640	197	14
11135725	224308.BSU11320	197	20
11138407	224308.BSU37550	196	75
11137553	224308.BSU29110	196	148
11136964	224308.BSU23270	196	134
11137028	224308.BSU23890	195	70
11137694	224308.BSU30520	195	56
11138080	224308.BSU34300	195	159
11136862	224308.BSU22250	195	18
11137971	224308.BSU33221	195	85
11136844	224308.BSU22080	194	282
11138128	224308.BSU34770	194	189
11138136	224308.BSU34850	194	141
11135257	224308.BSU06620	193	435
11138682	224308.BSU40250	193	105
11138098	224308.BSU34480	193	125
11138671	224308.BSU40150	193	127
11135493	224308.BSU09000	193	57
11137979	224308.BSU33280	193	160
11135938	224308.BSU13330	192	19
11138189	224308.BSU35380	192	44
11136150	224308.BSU15350	192	162
11136133	224308.BSU15180	191	276
11137674	224308.BSU30330	191	33
11138699	224308.BSU40410	191	112
11135131	224308.BSU05400	191	89
11137044	224308.BSU24050	191	176
11134767	224308.BSU01870	190	64
11137548	224308.BSU29060	190	138
11138717	224308.BSU40580	190	59
11137823	224308.BSU31780	190	48
11136681	224308.BSU20520	190	29
11137512	224308.BSU28690	189	136
11137747	224308.BSU31050	189	111
11135625	224308.BSU10330	189	178
11138468	224308.BSU38160	189	113
11137838	224308.BSU31945	189	80
11138648	224308.BSU39940	189	125
11134717	224308.BSU01360	189	115
11137169	224308.BSU25290	188	138
11138124	224308.BSU34730	188	75
11137672	224308.BSU30310	188	67
11137914	224308.BSU32680	188	57
11135602	224308.BSU10090	188	61
11137873	224308.BSU32290	187	114
11137586	224308.BSU29420	187	129
11136585	224308.BSU19590	186	294
11135426	224308.BSU08340	186	103
11135802	224308.BSU12060	186	72
11135012	224308.BSU04260	186	361
11138029	224308.BSU33780	186	16
11138423	224308.BSU37710	186	175
11138235	224308.BSU35850	186	140
11137068	224308.BSU24290	186	47
11134999	224308.BSU04130	185	74
11138604	224308.BSU39500	185	148
11137588	224308.BSU29440	185	250
11135763	224308.BSU11700	185	141
11135928	224308.BSU13230	184	40
11138676	224308.BSU40200	184	374
11135549	224308.BSU09570	184	247
11138118	224308.BSU34680	183	150
11134920	224308.BSU03380	183	119
11136636	224308.BSU20070	183	40
11136234	224308.BSU16190	183	51
11136161	224308.BSU15460	183	115
11136210	224308.BSU15950	183	173
11136212	224308.BSU15970	183	64
11136540	224308.BSU19160	182	79
11138419	224308.BSU37670	182	140
11138017	224308.BSU33660	182	78
11136052	224308.BSU14410	182	111
11135533	224308.BSU09410	181	227
11138316	224308.BSU36650	181	77
11136169	224308.BSU15540	181	85
11138014	224308.BSU33630	181	36
11136824	224308.BSU21900	181	56
11137062	224308.BSU24230	180	205
11137191	224308.BSU25510	180	276
11135616	224308.BSU10240	180	81
11135778	224308.BSU11840	180	55
11135027	224308.BSU04410	179	109
11137682	224308.BSU30410	179	178
11134990	224308.BSU04040	178	107
11138026	224308.BSU33750	178	77
11136403	224308.BSU17880	178	21
11137120	224308.BSU24810	177	26
11137817	224308.BSU31720	177	25
11134821	224308.BSU02410	177	124
11135585	224308.BSU09940	176	29
11136656	224308.BSU20270	175	76
11138357	224308.BSU37060	175	61
11135730	224308.BSU11370	175	134
11137209	224308.BSU25680	175	84
11137315	224308.BSU26780	174	68
11137026	224308.BSU23870	174	239
11136420	224308.BSU18040	174	72
11138674	224308.BSU40180	174	36
11135007	224308.BSU04210	174	126
11136584	224308.BSU19580	173	107
11136834	224308.BSU22000	173	6
11136875	224308.BSU22380	173	65
11137406	224308.BSU27650	173	267
11138163	224308.BSU35120	173	160
11137061	224308.BSU24220	173	169
11136422	224308.BSU18060	173	39
11138088	224308.BSU34380	173	83
11138578	224308.BSU39250	173	62
11134963	224308.BSU03790	173	205
11137456	224308.BSU28120	173	133
11136860	224308.BSU22230	173	53
11136752	224308.BSU21200	172	64
11136260	224308.BSU16440	172	74
11138193	224308.BSU35420	172	73
11137327	224308.BSU26890	171	131
11136632	224308.BSU20030	171	28
11135724	224308.BSU11310	171	24
11137921	224308.BSU32740	171	68
11135658	224308.BSU10660	171	44
11138522	224308.BSU38680	171	5
11137798	224308.BSU31530	170	104
11137874	224308.BSU32300	170	68
11137360	224308.BSU27210	170	64
11136351	224308.BSU17380	170	461
11135458	224308.BSU08670	170	48
11136670	224308.BSU20410	170	60
11138001	224308.BSU33500	169	195
11137683	224308.BSU30420	169	92
11137096	224308.BSU24570	169	185
11136879	224308.BSU22420	169	110
11137144	224308.BSU25050	169	86
11136139	224308.BSU15240	169	76
11137559	224308.BSU29170	169	8
11137087	224308.BSU24480	169	43
11138222	224308.BSU35720	168	394
11136421	224308.BSU18050	168	62
11137459	224308.BSU28150	168	128
11136530	224308.BSU19060	168	75
11135665	224308.BSU10730	168	17
11138548	224308.BSU38940	168	59
11137626	224308.BSU29830	168	138
11137742	224308.BSU31000	167	78
11137065	224308.BSU24260	167	110
11137948	224308.BSU33010	167	108
11135488	224308.BSU08950	167	114
11135993	224308.BSU13840	167	81
11135362	224308.BSU07690	167	142
11138443	224308.BSU37910	167	78
11137430	224308.BSU27870	166	223
11135052	224308.BSU04650	166	44
11137085	224308.BSU24460	166	165
11137002	224308.BSU23630	166	52
11137605	224308.BSU29610	166	274
11138134	224308.BSU34830	166	63
11136426	224308.BSU18100	166	433
11135966	224308.BSU13600	166	115
11137464	224308.BSU28200	165	335
11137395	224308.BSU27540	165	112
11136918	224308.BSU22820	165	11
11135336	224308.BSU07410	165	28
11137021	224308.BSU23820	165	129
11134768	224308.BSU01880	164	47
11137983	224308.BSU33320	164	112
11137170	224308.BSU25300	164	62
11136869	224308.BSU22320	164	443
11135401	224308.BSU08090	163	132
11137301	224308.BSU26630	163	155
11138019	224308.BSU33680	163	71
11137004	224308.BSU23650	163	32
11138449	224308.BSU37970	163	93
11138523	224308.BSU38690	163	30
11136957	224308.BSU23200	162	82
11136596	224308.BSU19680	162	19
11137576	224308.BSU29320	162	42
11135785	224308.BSU11910	162	201
11136684	224308.BSU20550	162	57
11136262	224308.BSU16460	162	89
11136046	224308.BSU14350	162	172
11135245	224308.BSU06510	162	97
11136967	224308.BSU23310	162	103
11136283	224308.BSU16670	161	133
11136347	224308.BSU17340	161	60
11135185	224308.BSU05920	161	115
11135964	224308.BSU13580	161	130
11137837	224308.BSU31930	161	180
11136177	224308.BSU15620	160	108
11135008	224308.BSU04220	160	72
11137103	224308.BSU24640	160	103
11136248	224308.BSU16320	160	100
11137132	224308.BSU24930	160	50
11138198	224308.BSU35470	159	223
11134873	224308.BSU02920	159	123
11136671	224308.BSU20420	159	74
11134606	224308.BSU00250	159	60
11137967	224308.BSU33180	159	146
11137317	224308.BSU26800	159	117
11136523	224308.BSU18990	158	72
11134626	224308.BSU00450	158	38
11135524	224308.BSU09320	158	105
11138644	224308.BSU39900	158	27
11134761	224308.BSU01800	158	146
11136230	224308.BSU16150	158	63
11136396	224308.BSU17810	158	43
11137857	224308.BSU32130	158	197
11135692	224308.BSU11000	157	44
11137743	224308.BSU31010	157	255
11137849	224308.BSU32050	157	192
11135331	224308.BSU07360	157	128
11138242	224308.BSU35920	157	87
11136041	224308.BSU14300	156	86
11136863	224308.BSU22260	156	27
11137279	224308.BSU26400	156	18
11138038	224308.BSU33870	156	62
11136137	224308.BSU15220	156	220
11135357	224308.BSU07640	156	35
11137156	224308.BSU25170	156	148
11136893	224308.BSU22560	156	64
11138284	224308.BSU36330	155	78
11137776	224308.BSU31321	155	35
11137094	224308.BSU24550	155	158
11135324	224308.BSU07290	155	94
11137288	224308.BSU26500	155	37
11138167	224308.BSU35160	155	356
11136324	224308.BSU17110	155	75
11134614	224308.BSU00330	155	60
11135067	224308.BSU04800	155	169
11137060	224308.BSU24210	154	153
11134755	224308.BSU01730	154	69
11136113	224308.BSU14990	154	45
11137379	224308.BSU27400	153	30
11135894	224308.BSU12900	153	159
11138159	224308.BSU35080	153	78
11138201	224308.BSU35500	153	179
11137036	224308.BSU23970	153	77
11136565	224308.BSU19400	152	60
11137662	224308.BSU30210	152	125
11137154	224308.BSU25150	152	71
11137166	224308.BSU25270	152	159
11137590	224308.BSU29460	152	66
11135062	224308.BSU04750	152	57
11138232	224308.BSU35820	151	121
11138322	224308.BSU36710	151	89
11138728	224308.BSU40690	151	32
11134970	224308.BSU03860	151	60
11134762	224308.BSU01810	151	96
11136920	224308.BSU22840	151	179
11136588	224308.BSU19620	151	111
11137861	224308.BSU32170	151	87
11135258	224308.BSU06630	150	158
11137567	224308.BSU29240	150	50
11135754	224308.BSU11610	150	102
11136381	224308.BSU17670	150	38
11137751	224308.BSU31090	150	79
11138140	224308.BSU34890	150	98
11135337	224308.BSU07420	150	190
11138398	224308.BSU37460	150	210
11135715	224308.BSU11220	149	129
11135982	224308.BSU13760	149	57
11136318	224308.BSU17050	149	185
11137961	224308.BSU33120	149	79
11134643	224308.BSU00620	149	36
11135029	224308.BSU04430	148	70
11137117	224308.BSU24780	148	12
11138215	224308.BSU35650	148	121
11136341	224308.BSU17280	148	60
11134853	224308.BSU02720	148	172
11137149	224308.BSU25100	148	57
11137483	224308.BSU28390	148	104
11137864	224308.BSU32200	147	151
11135891	224308.BSU12870	147	114
11138569	224308.BSU39160	147	31
11134781	224308.BSU02010	147	114
11137443	224308.BSU28000	147	130
11137155	224308.BSU25160	147	130
11136705	224308.BSU20760	147	28
11138199	224308.BSU35480	147	97
11135053	224308.BSU04660	146	63
11138379	224308.BSU37270	146	129
11136522	224308.BSU18980	146	109
11135175	224308.BSU05810	146	43
11135712	224308.BSU11190	146	94
11134901	224308.BSU03200	146	105
11135751	224308.BSU11580	145	92
11137261	224308.BSU26220	145	51
11138138	224308.BSU34870	145	152
11135919	224308.BSU13150	145	76
11135860	224308.BSU12600	145	75
11137865	224308.BSU32210	145	30
11134737	224308.BSU01550	144	58
11137594	224308.BSU29500	144	59
11136319	224308.BSU17060	144	15
11135438	224308.BSU08470	144	110
11136201	224308.BSU15860	144	93
11135729	224308.BSU11360	144	113
11137137	224308.BSU24980	144	44
11137550	224308.BSU29080	144	99
11136050	224308.BSU14390	144	64
11135953	224308.BSU13480	144	93
11137373	224308.BSU27340	144	148
11138760	224308.BSU41000	143	110
11137208	224308.BSU25670	143	151
11138321	224308.BSU36700	143	120
11135954	224308.BSU13490	143	53
11137128	224308.BSU24890	143	70
11136149	224308.BSU15340	143	107
11138013	224308.BSU33620	143	105
11136012	224308.BSU14020	142	78
11135716	224308.BSU11230	142	100
11138408	224308.BSU37560	142	292
11137351	224308.BSU27120	142	57
11136849	224308.BSU22130	142	114
11136774	224308.BSU21400	141	130
11135061	224308.BSU04740	141	87
11138759	224308.BSU40990	141	150
11134628	224308.BSU00470	141	106
11137623	224308.BSU29790	141	129
11137051	224308.BSU24120	141	121
11136885	224308.BSU22480	140	62
11137222	224308.BSU25820	140	75
11137445	224308.BSU28020	140	96
11138420	224308.BSU37680	140	87
11134846	224308.BSU02650	140	66
11138561	224308.BSU39080	140	113
11135590	224308.BSU09980	139	37
11138218	224308.BSU35680	139	324
11136782	224308.BSU21480	139	5
11137125	224308.BSU24860	139	33
11135979	224308.BSU13730	139	60
11136764	224308.BSU21310	139	40
11135010	224308.BSU04240	139	34
11137831	224308.BSU31860	139	390
11137779	224308.BSU31340	139	11
11135491	224308.BSU08980	139	129
11135184	224308.BSU05910	138	52
11138495	224308.BSU38420	138	89
11135580	224308.BSU09890	138	101
11138724	224308.BSU40650	138	46
11137936	224308.BSU32870	137	88
11138517	224308.BSU38630	137	180
11137199	224308.BSU25580	137	70
11134915	224308.BSU03340	137	96
11137795	224308.BSU31500	137	50
11136022	224308.BSU14110	137	41
11135739	224308.BSU11470	137	102
11135044	224308.BSU04570	137	134
11135191	224308.BSU05980	137	26
11136541	224308.BSU19170	137	114
11136327	224308.BSU17140	137	89
11136616	224308.BSU19870	137	50
11136548	224308.BSU19240	137	47
11134625	224308.BSU00440	137	16
11137833	224308.BSU31890	136	139
11137829	224308.BSU31840	136	97
11137092	224308.BSU24530	136	125
11138757	224308.BSU40970	136	72
11137401	224308.BSU27600	136	316
11135388	224308.BSU07970	136	18
11138597	224308.BSU39430	134	141
11135926	224308.BSU13210	134	63
11136970	224308.BSU23340	134	3
11137258	224308.BSU26190	134	143
11135920	224308.BSU13160	134	49
11138430	224308.BSU37780	134	173
11135565	224308.BSU09740	134	4
11135584	224308.BSU09930	134	106
11138756	224308.BSU40960	134	122
11135888	224308.BSU12840	133	32
11136196	224308.BSU15810	133	7
11136537	224308.BSU19130	133	62
11136037	224308.BSU14260	133	56
11135122	224308.BSU05320	133	72
11135868	224308.BSU12660	133	100
11135395	224308.BSU08030	133	170
11135927	224308.BSU13220	133	158
11138168	224308.BSU35170	133	237
11135090	224308.BSU05020	133	14
11136034	224308.BSU14230	133	51
11137072	224308.BSU24330	132	58
11135212	224308.BSU06200	132	76
11136917	224308.BSU22810	132	85
11137853	224308.BSU32090	132	14
11136191	224308.BSU15760	132	94
11136808	224308.BSU21740	132	72
11135766	224308.BSU11730	132	73
11135410	224308.BSU08180	131	157
11135589	224308.BSU09965	131	29
11136846	224308.BSU22100	131	57
11134690	224308.BSU01090	131	46
11136807	224308.BSU21730	131	63
11137771	224308.BSU31280	131	54
11134647	224308.BSU00660	131	86
11136009	224308.BSU14000	131	133
11136780	224308.BSU21460	130	119
11134819	224308.BSU02390	130	130
11137102	224308.BSU24630	130	60
11137489	224308.BSU28450	130	83
11138425	224308.BSU37730	130	81
11135332	224308.BSU07370	130	223
11137425	224308.BSU27820	130	76
11136784	224308.BSU21500	130	128
11134635	224308.BSU00540	130	28
11136800	224308.BSU21650	129	59
11137898	224308.BSU32530	129	157
11137716	224308.BSU30740	129	10
11137043	224308.BSU24040	129	105
11135011	224308.BSU04250	129	63
11137641	224308.BSU29980	129	158
11138312	224308.BSU36610	129	20
11134605	224308.BSU00240	129	33
11138463	224308.BSU38110	128	88
11135479	224308.BSU08870	128	71
11138202	224308.BSU35510	128	75
11136742	224308.BSU21100	128	138
11135775	224308.BSU11810	128	26
11138764	224308.BSU41040	128	74
11136202	224308.BSU15870	128	241
11137164	224308.BSU25250	128	83
11136442	224308.BSU18250	128	153
11138718	224308.BSU40590	128	35
11136350	224308.BSU17370	128	42
11134856	224308.BSU02750	128	77
11136187	224308.BSU15720	128	46
11138308	224308.BSU36570	128	21
11135082	224308.BSU04940	128	267
11136828	224308.BSU21940	128	25
11136143	224308.BSU15280	127	155
11136973	224308.BSU23370	127	100
11135522	224308.BSU09300	127	197
11136301	224308.BSU16860	127	163
11136472	224308.BSU18550	127	161
11134844	224308.BSU02630	127	18
11136474	224308.BSU18570	127	218
11136189	224308.BSU15740	127	215
11136931	224308.BSU22930	127	94
11136602	224308.BSU19730	127	44
11136246	224308.BSU16300	127	60
11135431	224308.BSU08390	127	67
11138584	224308.BSU39310	127	39
11136336	224308.BSU17230	126	164
11138275	224308.BSU36250	126	70
11134773	224308.BSU01920	126	93
11138220	224308.BSU35700	126	158
11137416	224308.BSU27740	126	83
11137504	224308.BSU28610	125	37
11138476	224308.BSU38230	125	8
11136556	224308.BSU19310	125	210
11137382	224308.BSU27430	125	93
11136659	224308.BSU20300	125	24
11138359	224308.BSU37080	125	167
11137151	224308.BSU25120	125	32
11138730	224308.BSU40710	125	63
11137939	224308.BSU32900	125	34
11136269	224308.BSU16530	125	88
11138348	224308.BSU36970	125	71
11138555	224308.BSU39010	125	80
11135517	224308.BSU09250	125	220
11137245	224308.BSU26060	124	100
11135459	224308.BSU08680	124	68
11135201	224308.BSU06090	124	98
11137231	224308.BSU25910	124	43
11138692	224308.BSU40340	124	116
11135851	224308.BSU12520	124	110
11137221	224308.BSU25810	124	29
11135124	224308.BSU05330	124	26
11134809	224308.BSU02290	124	67
11137925	224308.BSU32780	124	41
11135915	224308.BSU13110	124	82
11137345	224308.BSU27060	124	61
11137163	224308.BSU25240	124	127
11135852	224308.BSU12530	124	98
11135361	224308.BSU07680	124	34
11135292	224308.BSU06950	123	151
11135753	224308.BSU11600	123	110
11137884	224308.BSU32400	123	15
11138285	224308.BSU36340	123	37
11136813	224308.BSU21790	123	12
11137635	224308.BSU29920	123	52
11135344	224308.BSU07500	123	28
11134880	224308.BSU02990	123	46
11138633	224308.BSU39790	123	40
11138028	224308.BSU33770	123	57
11136919	224308.BSU22830	123	137
11136601	224308.BSU19720	123	57
11137906	224308.BSU32610	123	82
11135079	224308.BSU04910	123	126
11137336	224308.BSU26980	122	15
11134854	224308.BSU02730	122	52
11135213	224308.BSU06210	122	97
11137052	224308.BSU24130	122	152
11137490	224308.BSU28460	122	32
11135087	224308.BSU04990	122	48
11138313	224308.BSU36620	122	90
11137217	224308.BSU25770	121	166
11135289	224308.BSU06920	121	63
11138237	224308.BSU35870	121	29
11138572	224308.BSU39190	121	51
11137643	224308.BSU30000	121	98
11136961	224308.BSU23240	121	50
11137804	224308.BSU31590	121	17
11138252	224308.BSU36020	121	79
11134623	224308.BSU00420	121	128
11136517	224308.BSU18930	121	66
11135135	224308.BSU05420	121	77
11137732	224308.BSU30900	120	108
11135202	224308.BSU06100	120	156
11134662	224308.BSU00810	120	140
11136179	224308.BSU15640	120	215
11134664	224308.BSU00830	120	47
11137749	224308.BSU31070	120	77
11138113	224308.BSU34630	120	107
11136466	224308.BSU18490	120	43
11136079	224308.BSU14650	120	78
11138389	224308.BSU37370	120	133
11138696	224308.BSU40380	120	84
11135628	224308.BSU10360	119	132
11135698	224308.BSU11070	119	61
11134972	224308.BSU03880	119	34
11136872	224308.BSU22350	119	74
11134620	224308.BSU00390	119	73
11134609	224308.BSU00280	119	126
11134634	224308.BSU00530	119	81
11137095	224308.BSU24560	119	86
11135380	224308.BSU07880	119	31
11136941	224308.BSU23030	119	124
11137502	224308.BSU28590	119	211
11135995	224308.BSU13860	119	116
11135657	224308.BSU10650	119	405
11137007	224308.BSU23680	119	59
11137533	224308.BSU28910	119	14
11135189	224308.BSU05960	119	45
11137400	224308.BSU27590	118	25
11135871	224308.BSU12680	118	293
11136574	224308.BSU19480	118	25
11136103	224308.BSU14890	118	93
11138416	224308.BSU37640	118	89
11137883	224308.BSU32390	118	96
11134582	224308.BSU00010	118	207
11135393	224308.BSU08020	118	150
11137448	224308.BSU28050	118	53
11138269	224308.BSU36190	118	204
11135780	224308.BSU11860	118	76
11135004	224308.BSU04180	118	73
11138338	224308.BSU36870	118	38
11137479	224308.BSU28350	118	59
11136119	224308.BSU15050	118	110
11137256	224308.BSU26170	118	85
11135095	224308.BSU05070	118	48
11134878	224308.BSU02970	118	29
11136306	224308.BSU16930	118	145
11135973	224308.BSU13670	117	51
11136061	224308.BSU14500	117	103
11136741	224308.BSU21090	117	47
11138460	224308.BSU38080	117	30
11134679	224308.BSU00980	117	94
11137335	224308.BSU26970	117	109
11137698	224308.BSU30560	117	161
11135173	224308.BSU05790	117	62
11136544	224308.BSU19200	117	51
11136760	224308.BSU21270	117	25
11135153	224308.BSU05590	117	20
11138655	224308.BSU40010	117	47
11135060	224308.BSU04730	116	96
11136564	224308.BSU19390	116	95
11136258	224308.BSU16420	116	209
11135306	224308.BSU07090	116	251
11136423	224308.BSU18070	116	30
11135489	224308.BSU08960	116	63
11135688	224308.BSU10960	116	30
11136958	224308.BSU23210	116	64
11136066	224308.BSU14550	116	87
11138405	224308.BSU37530	116	36
11135119	224308.BSU05290	115	35
11138614	224308.BSU39600	115	13
11136278	224308.BSU16620	115	47
11137600	224308.BSU29560	115	206
11138079	224308.BSU34290	115	115
11135390	224308.BSU07990	115	75
11138670	224308.BSU40140	115	54
11137290	224308.BSU26530	115	89
11135759	224308.BSU11660	114	78
11137363	224308.BSU27240	114	9
11138223	224308.BSU35730	114	282
11138295	224308.BSU36440	114	58
11136644	224308.BSU20150	114	9
11135235	224308.BSU06410	114	26
11136864	224308.BSU22270	114	48
11135391	224308.BSU08000	114	133
11134946	224308.BSU03651	114	25
11137501	224308.BSU28580	114	233
11138374	224308.BSU37220	114	30
11136933	224308.BSU22950	114	98
11135800	224308.BSU12040	113	46
11135217	224308.BSU06250	113	30
11136088	224308.BSU14740	113	36
11136352	224308.BSU17390	113	114
11136960	224308.BSU23230	113	68
11134645	224308.BSU00640	113	221
11138514	224308.BSU38600	113	195
11135158	224308.BSU05640	113	32
11137905	224308.BSU32600	113	135
11135074	224308.BSU04860	113	158
11135564	224308.BSU09730	113	56
11136695	224308.BSU20660	113	13
11135360	224308.BSU07670	113	7
11136468	224308.BSU18510	113	44
11135856	224308.BSU12560	113	54
11137826	224308.BSU31810	112	25
11135510	224308.BSU09180	112	70
11135917	224308.BSU13130	112	176
11135130	224308.BSU05390	112	91
11135035	224308.BSU04490	112	107
11138496	224308.BSU38430	112	105
11138090	224308.BSU34400	112	51
11138306	224308.BSU36550	112	91
11137880	224308.BSU32360	112	13
11136650	224308.BSU20210	111	22
11137285	224308.BSU26470	111	67
11136453	224308.BSU18360	111	98
11136317	224308.BSU17040	111	275
11137226	224308.BSU25860	111	181
11137651	224308.BSU30090	111	39
11136598	224308.BSU19690	111	128
11136343	224308.BSU17300	111	8
11138450	224308.BSU37980	111	94
11135614	224308.BSU10220	111	96
11137497	224308.BSU28540	111	86
11135532	224308.BSU09400	111	138
11137082	224308.BSU24430	111	79
11138362	224308.BSU37100	111	137
11135899	224308.BSU12950	111	93
11138598	224308.BSU39440	110	73
11138520	224308.BSU38660	110	84
11136365	224308.BSU17520	110	58
11137687	224308.BSU30460	110	64
11137158	224308.BSU25190	110	29
11135600	224308.BSU10070	110	104
11138032	224308.BSU33810	110	103
11136288	224308.BSU16720	110	36
11137212	224308.BSU25710	110	86
11136006	224308.BSU13970	110	77
11136036	224308.BSU14250	110	89
11134911	224308.BSU03300	110	240
11135499	224308.BSU09060	110	53
11135760	224308.BSU11670	110	122
11137001	224308.BSU23620	110	95
11137872	224308.BSU32280	110	31
11135630	224308.BSU10380	109	133
11134795	224308.BSU02150	109	2
11137638	224308.BSU29950	109	104
11136818	224308.BSU21840	109	43
11135358	224308.BSU07650	109	77
11136325	224308.BSU17120	109	168
11134886	224308.BSU03050	109	67
11137919	224308.BSU32720	109	17
11135283	224308.BSU06860	109	61
11138300	224308.BSU36490	109	47
11135501	224308.BSU09080	109	80
11135679	224308.BSU10870	109	16
11134617	224308.BSU00360	109	79
11138663	224308.BSU40080	109	157
11138472	224308.BSU38200	109	118
11136865	224308.BSU22280	108	24
11137438	224308.BSU27950	108	22
11134637	224308.BSU00560	108	49
11134653	224308.BSU00720	108	87
11138643	224308.BSU39890	108	54
11134651	224308.BSU00700	108	50
11135742	224308.BSU11500	108	40
11137766	224308.BSU31240	108	261
11136097	224308.BSU14830	108	95
11138478	224308.BSU38250	108	74
11138370	224308.BSU37180	108	176
11137358	224308.BSU27190	108	16
11136236	224308.BSU16210	107	121
11136854	224308.BSU22170	107	136
11137846	224308.BSU32020	107	42
11136696	224308.BSU20670	107	74
11137671	224308.BSU30300	107	132
11136209	224308.BSU15940	107	405
11138744	224308.BSU40850	107	40
11137757	224308.BSU31150	107	78
11137526	224308.BSU28830	107	120
11137976	224308.BSU33250	107	27
11135171	224308.BSU05770	107	97
11136720	224308.BSU20910	107	28
11137337	224308.BSU26990	107	23
11137112	224308.BSU24730	106	199
11136425	224308.BSU18090	106	170
11137545	224308.BSU29030	106	51
11137069	224308.BSU24300	106	132
11135025	224308.BSU04390	106	107
11135447	224308.BSU08560	106	41
11136857	224308.BSU22200	106	3
11138678	224308.BSU40220	106	136
11138677	224308.BSU40210	106	57
11136190	224308.BSU15750	106	139
11135178	224308.BSU05840	106	149
11134975	224308.BSU03910	106	107
11134595	224308.BSU00140	106	62
11138258	224308.BSU36080	106	57
11137183	224308.BSU25430	106	126
11135531	224308.BSU09390	106	134
11137551	224308.BSU29090	106	310
11137968	224308.BSU33190	106	61
11134660	224308.BSU00790	105	53
11136129	224308.BSU15140	105	103
11136312	224308.BSU16990	105	48
11135377	224308.BSU07850	105	53
11137372	224308.BSU27330	105	74
11136904	224308.BSU22680	105	160
11135770	224308.BSU11770	105	22
11136016	224308.BSU14060	105	78
11137413	224308.BSU27720	105	126
11137179	224308.BSU25390	105	90
11136152	224308.BSU15370	105	75
11136979	224308.BSU23420	105	67
11138186	224308.BSU35350	105	32
11137640	224308.BSU29970	105	77
11135080	224308.BSU04920	105	15
11136870	224308.BSU22330	104	66
11135935	224308.BSU13300	104	115
11137457	224308.BSU28130	104	95
11136994	224308.BSU23560	104	46
11136378	224308.BSU17640	104	68
11138479	224308.BSU38260	104	107
11135799	224308.BSU12030	104	15
11138606	224308.BSU39520	104	99
11134882	224308.BSU03010	104	111
11134910	224308.BSU03290	104	26
11135330	224308.BSU07350	104	185
11136221	224308.BSU16060	104	55
11137321	224308.BSU26830	104	62
11136736	224308.BSU21040	104	294
11137184	224308.BSU25440	104	80
11135936	224308.BSU13310	104	32
11138192	224308.BSU35410	104	120
11136155	224308.BSU15400	103	21
11138504	224308.BSU38500	103	138
11134668	224308.BSU00870	103	113
11136995	224308.BSU23570	103	98
11137708	224308.BSU30660	103	37
11137495	224308.BSU28520	103	85
11136891	224308.BSU22540	103	46
11137910	224308.BSU32650	103	21
11135911	224308.BSU13070	103	39
11134736	224308.BSU01540	103	88
11137947	224308.BSU33000	103	67
11136339	224308.BSU17260	103	70
11135065	224308.BSU04780	103	262
11136707	224308.BSU20780	103	20
11135112	224308.BSU05220	103	61
11136290	224308.BSU16740	103	40
11137540	224308.BSU28980	103	132
11136963	224308.BSU23260	102	131
11136704	224308.BSU20750	102	5
11138214	224308.BSU35640	102	17
11137629	224308.BSU29860	102	124
11136310	224308.BSU16970	102	100
11136911	224308.BSU22750	102	51
11137663	224308.BSU30220	102	102
11136503	224308.BSU18830	102	280
11135783	224308.BSU11890	102	81
11137498	224308.BSU28550	102	65
11136328	224308.BSU17150	102	74
11138501	224308.BSU38480	102	69
11136182	224308.BSU15670	102	36
11136729	224308.BSU20980	102	136
11135925	224308.BSU13200	102	100
11136345	224308.BSU17320	102	14
11135268	224308.BSU06730	101	122
11136976	224308.BSU23401	101	54
11134639	224308.BSU00580	101	123
11138191	224308.BSU35400	101	83
11138395	224308.BSU37430	101	17
11136147	224308.BSU15320	101	63
11137346	224308.BSU27070	101	41
11137951	224308.BSU33030	101	66
11135681	224308.BSU10890	101	37
11138314	224308.BSU36630	101	41
11138293	224308.BSU36420	101	19
11135069	224308.BSU04820	101	37
11134833	224308.BSU02530	101	17
11138317	224308.BSU36660	101	30
11134612	224308.BSU00310	101	83
11136528	224308.BSU19040	101	36
11134600	224308.BSU00190	101	210
11137138	224308.BSU24990	100	55
11137249	224308.BSU26100	100	27
11135449	224308.BSU08580	100	24
11137996	224308.BSU33450	100	198
11137736	224308.BSU30940	100	165
11138280	224308.BSU36290	100	66
11134908	224308.BSU03270	100	98
11137496	224308.BSU28530	100	76
11136042	224308.BSU14310	100.0	10
11135176	224308.BSU05820	100.0	31
11138713	224308.BSU40540	99.9	68
11136901	224308.BSU22640	99.8	96
11136847	224308.BSU22110	99.8	88
11137201	224308.BSU25600	99.7	82
11137539	224308.BSU28970	99.6	46
11137368	224308.BSU27290	99.6	29
11137009	224308.BSU23700	99.5	25
11137124	224308.BSU24850	99.5	77
11137295	224308.BSU26580	99.4	92
11137998	224308.BSU33470	99.4	25
11137162	224308.BSU25230	99.4	54
11137644	224308.BSU30010	99.3	54
11138471	224308.BSU38190	99.3	151
11135317	224308.BSU07220	99.2	43
11137192	224308.BSU25520	98.7	20
11136199	224308.BSU15840	98.6	114
11136856	224308.BSU22190	98.6	47
11134994	224308.BSU04080	98.5	39
11135951	224308.BSU13460	98.4	100
11137886	224308.BSU32420	98.3	145
11135275	224308.BSU06800	98.3	13
11136192	224308.BSU15770	98.2	153
11137612	224308.BSU29680	98.1	166
11136928	224308.BSU22900	97.9	14
11135402	224308.BSU08100	97.9	139
11134966	224308.BSU03820	97.8	60
11137518	224308.BSU28750	97.7	66
11135916	224308.BSU13120	97.6	87
11135805	224308.BSU12080	97.6	27
11135342	224308.BSU07480	97.5	141
11135623	224308.BSU10310	97.4	35
11137046	224308.BSU24070	97.4	156
11136542	224308.BSU19180	97.3	43
11136271	224308.BSU16550	97.2	95
11138083	224308.BSU34330	97.2	76
11136346	224308.BSU17330	97.2	73
11138762	224308.BSU41020	97.2	100
11136226	224308.BSU16110	97.2	99
11136305	224308.BSU16920	97.0	42
11137328	224308.BSU26900	97.0	33
11135372	224308.BSU07800	97.0	38
11138666	224308.BSU40110	96.9	89
11135286	224308.BSU06890	96.8	23
11134958	224308.BSU03760	96.8	116
11138203	224308.BSU35520	96.8	94
11134848	224308.BSU02670	96.7	32
11138516	224308.BSU38620	96.7	67
11137350	224308.BSU27110	96.6	63
11136228	224308.BSU16130	96.4	94
11136193	224308.BSU15780	96.4	92
11134775	224308.BSU01950	96.2	68
11137259	224308.BSU26200	96.2	78
11134621	224308.BSU00400	96.2	118
11137356	224308.BSU27170	96.1	46
11136414	224308.BSU17990	96.1	13
11136643	224308.BSU20140	96.0	10
11135006	224308.BSU04200	96.0	48
11138746	224308.BSU40870	96.0	59
11135641	224308.BSU10490	96.0	36
11138082	224308.BSU34320	95.9	65
11138034	224308.BSU33830	95.8	129
11137053	224308.BSU24140	95.8	101
11137056	224308.BSU24170	95.8	77
11137544	224308.BSU29020	95.7	81
11134840	224308.BSU02600	95.6	42
11135407	224308.BSU08150	95.6	68
11134742	224308.BSU01600	95.6	53
11137929	224308.BSU32820	95.6	148
11135612	224308.BSU10200	95.5	91
11137040	224308.BSU24010	95.4	37
11135597	224308.BSU10040	95.2	66
11138590	224308.BSU39360	95.1	130
11138383	224308.BSU37310	95.1	56
11137701	224308.BSU30595	95.0	58
11137019	224308.BSU23800	95.0	77
11135902	224308.BSU12980	95.0	60
11136186	224308.BSU15710	94.9	216
11138599	224308.BSU39450	94.9	42
11134757	224308.BSU01750	94.9	58
11137691	224308.BSU30490	94.8	47
11135516	224308.BSU09240	94.7	56
11135190	224308.BSU05970	94.6	76
11136080	224308.BSU14660	94.6	15
11136259	224308.BSU16430	94.5	167
11136571	224308.BSU19460	94.5	69
11138151	224308.BSU35000	94.4	109
11136779	224308.BSU21450	94.4	111
11136430	224308.BSU18140	94.3	17
11136479	224308.BSU18610	94.3	107
11138685	224308.BSU40270	94.3	109
11137613	224308.BSU29690	94.3	66
11138035	224308.BSU33840	94.2	80
11138431	224308.BSU37790	94.2	127
11136229	224308.BSU16140	94.2	78
11138695	224308.BSU40370	94.1	51
11135991	224308.BSU13820	94.0	78
11134674	224308.BSU00930	93.9	64
11134847	224308.BSU02660	93.9	82
11136838	224308.BSU22030	93.8	395
11138562	224308.BSU39090	93.8	35
11137207	224308.BSU25660	93.6	84
11138649	224308.BSU39950	93.6	4
11135063	224308.BSU04760	93.4	44
11138152	224308.BSU35010	93.4	81
11134599	224308.BSU00180	93.4	33
11137177	224308.BSU25370	93.3	40
11136304	224308.BSU16910	93.3	68
11135318	224308.BSU07230	93.3	83
11138739	224308.BSU40800	93.3	47
11138320	224308.BSU36690	93.0	161
11135111	224308.BSU05210	93.0	60
11134677	224308.BSU00960	92.9	76
11137316	224308.BSU26790	92.9	92
11135300	224308.BSU07030	92.9	34
11137828	224308.BSU31830	92.9	38
11136428	224308.BSU18120	92.8	59
11137571	224308.BSU29270	92.8	122
11135689	224308.BSU10970	92.7	86
11135738	224308.BSU11460	92.7	116
11136435	224308.BSU18190	92.7	16
11135605	224308.BSU10120	92.6	105
11135582	224308.BSU09910	92.6	68
11136937	224308.BSU22990	92.5	36
11136257	224308.BSU16410	92.5	59
11136631	224308.BSU20020	92.4	71
11136635	224308.BSU20060	92.4	410
11134864	224308.BSU02830	92.4	62
11136781	224308.BSU21470	92.2	223
11138438	224308.BSU37860	92.2	64
11137485	224308.BSU28410	91.9	15
11137272	224308.BSU26320	91.9	38
11135089	224308.BSU05010	91.8	157
11136801	224308.BSU21660	91.8	209
11136750	224308.BSU21180	91.8	25
11135487	224308.BSU08940	91.7	52
11135218	224308.BSU06260	91.7	145
11135051	224308.BSU04640	91.6	106
11136128	224308.BSU15130	91.6	31
11135574	224308.BSU09840	91.5	100
11136740	224308.BSU21080	91.3	73
11134825	224308.BSU02450	91.3	71
11135550	224308.BSU09590	91.3	98
11135807	224308.BSU12100	91.3	153
11135267	224308.BSU06720	91.2	83
11134827	224308.BSU02470	91.2	115
11135334	224308.BSU07390	91.2	31
11138216	224308.BSU35660	91.1	100
11135900	224308.BSU12960	91.0	136
11137848	224308.BSU32040	90.9	60
11138424	224308.BSU37720	90.8	27
11135091	224308.BSU05030	90.6	89
11136908	224308.BSU22720	90.6	103
11138618	224308.BSU39640	90.5	96
11135707	224308.BSU11140	90.4	48
11135412	224308.BSU08200	90.4	38
11135581	224308.BSU09900	90.4	75
11134616	224308.BSU00350	90.2	26
11136051	224308.BSU14400	90.2	106
11135741	224308.BSU11490	90.2	62
11135428	224308.BSU08360	90.0	34
11138455	224308.BSU38030	90.0	27
11137695	224308.BSU30530	89.8	55
11136429	224308.BSU18130	89.8	190
11137660	224308.BSU30190	89.7	108
11134849	224308.BSU02680	89.6	64
11138185	224308.BSU35340	89.5	110
11138410	224308.BSU37580	89.4	45
11135840	224308.BSU12420	89.4	78
11138465	224308.BSU38130	89.3	2
11137789	224308.BSU31440	89.3	79
11137264	224308.BSU26250	89.3	36
11135653	224308.BSU10610	89.2	33
11135408	224308.BSU08160	89.2	91
11137761	224308.BSU31190	89.2	35
11135251	224308.BSU06560	89.1	99
11136509	224308.BSU18880	89.0	73
11136985	224308.BSU23480	89.0	108
11136984	224308.BSU23470	88.9	33
11135484	224308.BSU08910	88.9	106
11137710	224308.BSU30680	88.9	16
11134799	224308.BSU02190	88.9	74
11138621	224308.BSU39670	88.9	106
11134912	224308.BSU03310	88.8	169
11138344	224308.BSU36930	88.8	34
11136520	224308.BSU18960	88.8	18
11137794	224308.BSU31490	88.8	133
11135607	224308.BSU10140	88.7	112
11137252	224308.BSU26130	88.7	22
11135556	224308.BSU09650	88.7	65
11135538	224308.BSU09460	88.7	46
11136645	224308.BSU20160	88.6	35
11138061	224308.BSU34100	88.6	52
11136912	224308.BSU22760	88.6	65
11135108	224308.BSU05180	88.5	105
11136965	224308.BSU23280	88.5	104
11135429	224308.BSU08370	88.4	62
11135232	224308.BSU06380	88.4	45
11137595	224308.BSU29510	88.4	81
11137729	224308.BSU30870	88.4	86
11135548	224308.BSU09560	88.3	43
11136470	224308.BSU18530	88.3	42
11136662	224308.BSU20330	88.2	56
11134802	224308.BSU02220	88.2	57
11135794	224308.BSU11980	88.2	47
11138369	224308.BSU37170	88.1	68
11135421	224308.BSU08290	88.1	70
11137768	224308.BSU31260	88.0	208
11135227	224308.BSU06330	88.0	82
11138117	224308.BSU34670	87.9	41
11138307	224308.BSU36560	87.9	43
11136945	224308.BSU23080	87.8	76
11135260	224308.BSU06650	87.8	70
11137066	224308.BSU24270	87.7	124
11136549	224308.BSU19250	87.7	42
11138105	224308.BSU34550	87.6	53
11135508	224308.BSU09150	87.5	46
11135161	224308.BSU05670	87.5	41
11135188	224308.BSU05950	87.5	136
11136910	224308.BSU22740	87.5	92
11135703	224308.BSU11110	87.4	74
11136082	224308.BSU14680	87.3	32
11135443	224308.BSU08520	87.2	68
11136131	224308.BSU15160	87.2	181
11136272	224308.BSU16560	87.0	96
11136321	224308.BSU17080	87.0	58
11138298	224308.BSU36470	87.0	32
11137859	224308.BSU32150	86.9	49
11136951	224308.BSU23140	86.9	83
11136563	224308.BSU19380	86.7	288
11135606	224308.BSU10130	86.7	64
11137944	224308.BSU32950	86.6	33
11134904	224308.BSU03230	86.6	96
11136947	224308.BSU23100	86.5	46
11137343	224308.BSU27040	86.5	43
11136148	224308.BSU15330	86.5	47
11135252	224308.BSU06570	86.4	60
11136717	224308.BSU20880	86.4	38
11137135	224308.BSU24960	86.3	83
11135974	224308.BSU13680	86.3	68
11136519	224308.BSU18950	86.2	43
11137679	224308.BSU30380	86.1	57
11138705	224308.BSU40470	86.0	12
11135666	224308.BSU10740	86.0	90
11135502	224308.BSU09090	86.0	44
11137541	224308.BSU28990	86.0	122
11136115	224308.BSU15010	86.0	41
11137893	224308.BSU32480	86.0	163
11136237	224308.BSU16220	85.9	79
11136666	224308.BSU20370	85.9	82
11135667	224308.BSU10750	85.7	95
11136622	224308.BSU19930	85.7	13
11138574	224308.BSU39210	85.6	39
11136559	224308.BSU19340	85.6	44
11135505	224308.BSU09120	85.6	40
11138414	224308.BSU37620	85.6	54
11137122	224308.BSU24830	85.5	95
11136039	224308.BSU14280	85.5	93
11134735	224308.BSU01530	85.3	72
11134666	224308.BSU00850	85.3	83
11135341	224308.BSU07460	85.3	67
11135841	224308.BSU12430	85.3	104
11136539	224308.BSU19150	85.2	65
11138225	224308.BSU35750	85.2	78
11138583	224308.BSU39300	85.1	138
11134913	224308.BSU03320	85.1	143
11137505	224308.BSU28620	85.1	85
11134816	224308.BSU02360	84.9	54
11136600	224308.BSU19710	84.9	77
11137403	224308.BSU27620	84.8	191
11137244	224308.BSU26050	84.8	8
11138467	224308.BSU38150	84.7	25
11136446	224308.BSU18290	84.7	27
11135490	224308.BSU08970	84.7	195
11136007	224308.BSU13980	84.7	198
11135164	224308.BSU05700	84.6	55
11135521	224308.BSU09290	84.5	135
11138552	224308.BSU38980	84.5	32
11136274	224308.BSU16580	84.4	357
11136786	224308.BSU21520	84.2	22
11136753	224308.BSU21210	84.2	69
11136938	224308.BSU23000	84.2	35
11136094	224308.BSU14800	84.1	64
11136884	224308.BSU22470	84.0	64
11135228	224308.BSU06340	84.0	63
11137355	224308.BSU27160	83.9	310
11135676	224308.BSU10840	83.9	46
11136063	224308.BSU14520	83.8	93
11134929	224308.BSU03470	83.8	23
11135944	224308.BSU13390	83.7	111
11136701	224308.BSU20720	83.7	16
11135073	224308.BSU04850	83.6	29
11135325	224308.BSU07300	83.6	99
11136690	224308.BSU20610	83.6	46
11138178	224308.BSU35280	83.5	47
11138586	224308.BSU39330	83.4	93
11136493	224308.BSU18730	83.4	30
11134934	224308.BSU03520	83.3	47
11136438	224308.BSU18220	83.3	62
11135518	224308.BSU09260	83.3	109
11137011	224308.BSU23720	83.1	10
11137847	224308.BSU32030	83.0	50
11138535	224308.BSU38810	83.0	102
11138301	224308.BSU36500	82.9	29
11137309	224308.BSU26710	82.8	27
11135969	224308.BSU13630	82.8	9
11137210	224308.BSU25690	82.8	24
11136348	224308.BSU17350	82.8	10
11135541	224308.BSU09490	82.8	35
11138148	224308.BSU34970	82.7	40
11135816	224308.BSU12190	82.7	38
11135869	224308.BSU12671	82.7	32
11137902	224308.BSU32570	82.7	52
11136678	224308.BSU20490	82.7	76
11138057	224308.BSU34060	82.6	52
11136488	224308.BSU18690	82.6	42
11138459	224308.BSU38070	82.5	54
11137310	224308.BSU26720	82.5	48
11135256	224308.BSU06610	82.3	214
11137454	224308.BSU28100	82.2	70
11138658	224308.BSU40030	82.2	104
11136655	224308.BSU20260	81.9	6
11134658	224308.BSU00770	81.8	93
11135737	224308.BSU11450	81.8	54
11135047	224308.BSU04600	81.7	77
11136842	224308.BSU22060	81.6	36
11136634	224308.BSU20050	81.5	31
11136851	224308.BSU22150	81.5	157
11136882	224308.BSU22450	81.4	93
11135858	224308.BSU12580	81.3	85
11135083	224308.BSU04950	81.3	26
11135960	224308.BSU13540	81.3	44
11136770	224308.BSU21360	81.3	55
11138525	224308.BSU38710	81.3	22
11136124	224308.BSU15090	81.2	58
11135648	224308.BSU10560	81.1	45
11134754	224308.BSU01720	81.1	35
11136543	224308.BSU19190	81.1	71
11136566	224308.BSU19410	81.1	99
11135224	224308.BSU06310	81.1	22
11136816	224308.BSU21820	81.1	60
11137098	224308.BSU24590	81.0	74
11135627	224308.BSU10350	80.9	85
11137097	224308.BSU24580	80.8	115
11138513	224308.BSU38590	80.8	16
11137885	224308.BSU32410	80.8	73
11138534	224308.BSU38800	80.8	43
11134678	224308.BSU00970	80.8	37
11137788	224308.BSU31430	80.8	21
11138000	224308.BSU33490	80.7	113
11135976	224308.BSU13700	80.7	212
11135813	224308.BSU12160	80.7	202
11138579	224308.BSU39260	80.7	112
11135836	224308.BSU12380	80.7	93
11135461	224308.BSU08700	80.7	34
11137420	224308.BSU27785	80.4	47
11134986	224308.BSU04010	80.3	44
11136364	224308.BSU17510	80.0	71
11138601	224308.BSU39470	80.0	56
11138545	224308.BSU38910	80.0	51
11137016	224308.BSU23770	79.9	110
11136763	224308.BSU21300	79.9	89
11136181	224308.BSU15660	79.9	87
11135744	224308.BSU11520	79.8	45
11137364	224308.BSU27250	79.7	61
11135519	224308.BSU09270	79.7	49
11138510	224308.BSU38560	79.7	88
11135134	224308.BSU05410	79.6	45
11137417	224308.BSU27750	79.5	31
11136185	224308.BSU15700	79.5	113
11138046	224308.BSU33950	79.4	87
11135093	224308.BSU05050	79.4	40
11136787	224308.BSU21530	79.4	18
11137819	224308.BSU31740	79.4	128
11137492	224308.BSU28490	79.3	119
11137176	224308.BSU25360	79.2	19
11137720	224308.BSU30780	79.1	132
11138442	224308.BSU37900	79.1	106
11135221	224308.BSU06280	79.1	27
11135833	224308.BSU12350	79.1	35
11134622	224308.BSU00410	79.1	29
11137842	224308.BSU31980	79.0	121
11134730	224308.BSU01480	79.0	63
11135848	224308.BSU12500	78.9	46
11135199	224308.BSU06060	78.9	109
11135978	224308.BSU13720	78.8	56
11136762	224308.BSU21290	78.7	24
11138273	224308.BSU36230	78.7	110
11134876	224308.BSU02950	78.7	51
11137897	224308.BSU32520	78.6	90
11138074	224308.BSU34230	78.6	83
11138240	224308.BSU35900	78.6	66
11137200	224308.BSU25590	78.5	35
11135959	224308.BSU13530	78.5	175
11138502	224308.BSU38490	78.5	29
11136877	224308.BSU22400	78.4	180
11138556	224308.BSU39020	78.2	33
11138704	224308.BSU40460	78.2	18
11134974	224308.BSU03900	78.2	75
11138653	224308.BSU39990	78.1	51
11136858	224308.BSU22210	78.1	80
11138084	224308.BSU34340	78.1	63
11136295	224308.BSU16790	78.0	50
11137785	224308.BSU31400	77.9	60
11136567	224308.BSU19420	77.9	76
11134657	224308.BSU00760	77.8	65
11135103	224308.BSU05130	77.8	26
11138267	224308.BSU36170	77.8	31
11136545	224308.BSU19210	77.7	65
11134948	224308.BSU03660	77.7	66
11137391	224308.BSU27500	77.7	99
11137773	224308.BSU31300	77.6	66
11138234	224308.BSU35840	77.6	64
11138434	224308.BSU37820	77.6	55
11135684	224308.BSU10920	77.6	200
11138126	224308.BSU34750	77.6	102
11136993	224308.BSU23550	77.6	68
11137409	224308.BSU27680	77.5	35
11138588	224308.BSU39340	77.4	48
11135654	224308.BSU10620	77.4	241
11138289	224308.BSU36380	77.3	81
11137449	224308.BSU28060	77.3	119
11134957	224308.BSU03750	76.9	44
11136223	224308.BSU16080	76.9	20
11135776	224308.BSU11820	76.9	171
11135387	224308.BSU07955	76.9	62
11136145	224308.BSU15300	76.8	304
11135411	224308.BSU08190	76.8	60
11137652	224308.BSU30100	76.8	97
11137173	224308.BSU25330	76.6	147
11138281	224308.BSU36300	76.6	58
11137433	224308.BSU27900	76.6	34
11137511	224308.BSU28680	76.5	98
11135038	224308.BSU04520	76.5	73
11138133	224308.BSU34820	76.4	139
11137354	224308.BSU27150	76.4	21
11137282	224308.BSU26430	76.4	45
11135570	224308.BSU09790	76.4	118
11138745	224308.BSU40860	76.4	20
11137666	224308.BSU30250	76.3	70
11138640	224308.BSU39860	76.2	77
11136612	224308.BSU19830	76.2	49
11135909	224308.BSU13050	76.1	16
11135156	224308.BSU05620	76.1	62
11136402	224308.BSU17870	76.1	45
11137108	224308.BSU24690	76.0	22
11135669	224308.BSU10770	76.0	158
11136494	224308.BSU18740	75.9	25
11136988	224308.BSU23510	75.9	73
11138411	224308.BSU37590	75.8	45
11138638	224308.BSU39840	75.8	63
11138315	224308.BSU36640	75.8	92
11136030	224308.BSU14190	75.7	50
11135932	224308.BSU13270	75.7	84
11136546	224308.BSU19220	75.6	110
11135265	224308.BSU06700	75.6	61
11135466	224308.BSU08750	75.5	75
11135370	224308.BSU07780	75.5	76
11134902	224308.BSU03210	75.4	136
11136316	224308.BSU17030	75.4	33
11136796	224308.BSU21610	75.4	85
11137237	224308.BSU25970	75.4	45
11137450	224308.BSU28070	75.4	36
11137813	224308.BSU31680	75.3	69
11137392	224308.BSU27510	75.2	63
11137811	224308.BSU31660	75.2	30
11135305	224308.BSU07080	75.2	111
11135197	224308.BSU06040	75.1	33
11134615	224308.BSU00340	75.1	47
11137014	224308.BSU23750	75.1	34
11136955	224308.BSU23180	75.0	34
11136710	224308.BSU20810	75.0	66
11138330	224308.BSU36790	74.8	29
11137031	224308.BSU23920	74.8	80
11138565	224308.BSU39120	74.7	131
11135994	224308.BSU13850	74.7	84
11135854	224308.BSU12540	74.7	25
11135075	224308.BSU04870	74.7	92
11138507	224308.BSU38530	74.6	91
11136630	224308.BSU20010	74.6	45
11137427	224308.BSU27840	74.6	28
11137609	224308.BSU29650	74.6	108
11138227	224308.BSU35770	74.6	115
11136004	224308.BSU13950	74.5	167
11135645	224308.BSU10530	74.5	59
11135003	224308.BSU04170	74.5	58
11134936	224308.BSU03540	74.5	37
11138009	224308.BSU33580	74.3	34
11135359	224308.BSU07660	74.3	8
11135433	224308.BSU08410	74.2	48
11138251	224308.BSU36010	74.2	103
11138564	224308.BSU39110	74.1	100
11138075	224308.BSU34240	74.0	36
11137783	224308.BSU31380	74.0	8
11135500	224308.BSU09070	73.9	47
11135279	224308.BSU06830	73.9	69
11135329	224308.BSU07340	73.9	55
11135677	224308.BSU10850	73.8	66
11138347	224308.BSU36960	73.7	31
11134822	224308.BSU02420	73.7	47
11136303	224308.BSU16880	73.7	16
11134790	224308.BSU02100	73.7	90
11136280	224308.BSU16640	73.6	31
11136812	224308.BSU21780	73.6	77
11137508	224308.BSU28650	73.6	32
11134952	224308.BSU03700	73.5	68
11135307	224308.BSU07100	73.5	129
11136791	224308.BSU21560	73.5	42
11136657	224308.BSU20280	73.4	24
11137167	224308.BSU25280	73.4	52
11136531	224308.BSU19070	73.3	44
11135624	224308.BSU10320	73.3	75
11135534	224308.BSU09420	73.3	74
11138605	224308.BSU39510	73.3	39
11137510	224308.BSU28670	73.3	69
11138089	224308.BSU34390	73.2	87
11137326	224308.BSU26880	73.2	51
11138488	224308.BSU38350	73.2	11
11137104	224308.BSU24650	73.1	20
11138558	224308.BSU39050	73.1	113
11136254	224308.BSU16380	73.0	76
11137174	224308.BSU25340	73.0	95
11134921	224308.BSU03390	73.0	59
11136889	224308.BSU22520	73.0	64
11134756	224308.BSU01740	73.0	36
11135081	224308.BSU04930	72.8	20
11136697	224308.BSU20680	72.7	32
11137632	224308.BSU29890	72.7	48
11138121	224308.BSU34710	72.6	89
11135297	224308.BSU07000	72.6	57
11134928	224308.BSU03460	72.6	50
11136156	224308.BSU15410	72.5	43
11135034	224308.BSU04480	72.4	33
11136120	224308.BSU15060	72.4	93
11137746	224308.BSU31040	72.3	30
11136298	224308.BSU16810	72.3	43
11137067	224308.BSU24280	72.2	59
11136799	224308.BSU21640	72.2	22
11138158	224308.BSU35070	72.1	50
11137136	224308.BSU24970	72.1	32
11135617	224308.BSU10250	72.0	92
11134636	224308.BSU00550	72.0	339
11135732	224308.BSU11400	71.9	55
11135907	224308.BSU13030	71.9	39
11136465	224308.BSU18480	71.8	55
11134812	224308.BSU02320	71.8	65
11137675	224308.BSU30340	71.7	61
11134996	224308.BSU04100	71.6	55
11137956	224308.BSU33070	71.6	54
11136743	224308.BSU21110	71.6	94
11137832	224308.BSU31875	71.6	277
11138755	224308.BSU40950	71.5	38
11135569	224308.BSU09780	71.5	78
11134916	224308.BSU03350	71.5	37
11136703	224308.BSU20740	71.5	14
11137931	224308.BSU32840	71.5	170
11134797	224308.BSU02170	71.4	27
11138508	224308.BSU38540	71.4	46
11135745	224308.BSU11530	71.4	66
11138560	224308.BSU39070	71.4	40
11138616	224308.BSU39620	71.4	18
11138160	224308.BSU35090	71.4	17
11138250	224308.BSU36000	71.3	52
11137615	224308.BSU29710	71.3	75
11136625	224308.BSU19970	71.3	19
11136694	224308.BSU20650	71.3	14
11135107	224308.BSU05170	71.3	58
11138593	224308.BSU39390	71.2	34
11136902	224308.BSU22650	71.2	46
11134874	224308.BSU02930	71.2	102
11136515	224308.BSU18910	71.1	86
11135254	224308.BSU06590	71.0	96
11135857	224308.BSU12570	71.0	66
11137361	224308.BSU27220	71.0	156
11136287	224308.BSU16710	71.0	78
11136200	224308.BSU15850	71.0	54
11137690	224308.BSU30480	70.9	83
11138262	224308.BSU36120	70.9	17
11138499	224308.BSU38460	70.8	92
11137017	224308.BSU23780	70.8	90
11135883	224308.BSU12790	70.8	15
11136532	224308.BSU19080	70.8	35
11137331	224308.BSU26930	70.7	10
11135608	224308.BSU10150	70.7	67
11135831	224308.BSU12330	70.7	72
11138376	224308.BSU37240	70.7	96
11135207	224308.BSU06150	70.7	55
11136737	224308.BSU21050	70.6	27
11138049	224308.BSU33980	70.6	55
11135180	224308.BSU05860	70.6	51
11138356	224308.BSU37050	70.6	105
11134985	224308.BSU04000	70.6	46
11137388	224308.BSU27470	70.6	38
11137692	224308.BSU30500	70.5	59
11134877	224308.BSU02960	70.5	13
11137741	224308.BSU30990	70.5	8
11135084	224308.BSU04960	70.4	175
11137248	224308.BSU26090	70.4	27
11135952	224308.BSU13470	70.3	15
11138024	224308.BSU33730	70.3	97
11137114	224308.BSU24750	70.3	63
11135876	224308.BSU12730	70.3	70
11136300	224308.BSU16845	70.2	91
11137841	224308.BSU31970	70.2	50
11134798	224308.BSU02180	70.2	15
11137157	224308.BSU25180	70.1	46
11136498	224308.BSU18780	70.0	47
11135683	224308.BSU10910	70.0	57
11137049	224308.BSU24100	69.9	159
11137684	224308.BSU30430	69.9	34
11135997	224308.BSU13880	69.9	48
11135896	224308.BSU12920	69.9	47
11137531	224308.BSU28890	69.8	40
11136930	224308.BSU22920	69.7	112
11136826	224308.BSU21920	69.7	91
11136376	224308.BSU17620	69.6	67
11135462	224308.BSU08710	69.6	73
11138500	224308.BSU38470	69.6	78
11138033	224308.BSU33820	69.5	27
11136011	224308.BSU14010	69.5	66
11135301	224308.BSU07040	69.5	13
11134745	224308.BSU01630	69.5	54
11136715	224308.BSU20860	69.4	104
11135537	224308.BSU09450	69.4	46
11138686	224308.BSU40280	69.4	41
11137975	224308.BSU33240	69.4	64
11136014	224308.BSU14040	69.4	34
11138675	224308.BSU40190	69.3	166
11136334	224308.BSU17210	69.1	923
11137656	224308.BSU30150	69.1	161
11134655	224308.BSU00740	69.1	87
11135819	224308.BSU12220	69.0	93
11137599	224308.BSU29550	69.0	145
11137426	224308.BSU27830	69.0	35
11137023	224308.BSU23840	69.0	65
11136357	224308.BSU17440	68.9	68
11137763	224308.BSU31210	68.7	51
11137876	224308.BSU32320	68.6	31
11135561	224308.BSU09700	68.5	8
11135980	224308.BSU13740	68.5	71
11137139	224308.BSU25000	68.5	167
11137522	224308.BSU28790	68.5	101
11136240	224308.BSU16250	68.4	36
11135950	224308.BSU13450	68.3	43
11136833	224308.BSU21990	68.3	32
11136047	224308.BSU14360	68.3	40
11135922	224308.BSU13170	68.3	13
11136374	224308.BSU17600	68.2	85
11137969	224308.BSU33200	68.2	85
11135050	224308.BSU04630	68.2	58
11137812	224308.BSU31670	68.2	25
11137076	224308.BSU24370	68.2	36
11136410	224308.BSU17950	68.1	20
11135767	224308.BSU11740	68.0	13
11137334	224308.BSU26960	68.0	36
11137523	224308.BSU28800	67.9	105
11135320	224308.BSU07250	67.9	275
11137106	224308.BSU24670	67.9	37
11134993	224308.BSU04070	67.9	40
11136738	224308.BSU21060	67.8	17
11136332	224308.BSU17190	67.7	772
11138106	224308.BSU34560	67.7	107
11137980	224308.BSU33290	67.6	45
11135933	224308.BSU13280	67.6	26
11136952	224308.BSU23150	67.5	24
11136375	224308.BSU17610	67.5	73
11135032	224308.BSU04460	67.4	41
11135147	224308.BSU05530	67.4	48
11135814	224308.BSU12170	67.4	62
11138122	224308.BSU34720	67.4	47
11135719	224308.BSU11260	67.4	8
11136083	224308.BSU14690	67.4	60
11137223	224308.BSU25830	67.3	117
11138622	224308.BSU39680	67.3	56
11136418	224308.BSU18020	67.1	6
11136825	224308.BSU21910	67.1	51
11137235	224308.BSU25950	67.1	54
11135389	224308.BSU07980	67.0	49
11136599	224308.BSU19700	66.9	44
11135790	224308.BSU11940	66.9	126
11137312	224308.BSU26740	66.8	73
11135096	224308.BSU05080	66.8	29
11137680	224308.BSU30390	66.7	53
11135169	224308.BSU05750	66.6	39
11135049	224308.BSU04620	66.6	41
11137717	224308.BSU30750	66.6	60
11138483	224308.BSU38300	66.5	51
11137323	224308.BSU26850	66.4	69
11136689	224308.BSU20600	66.4	11
11136966	224308.BSU23300	66.4	21
11138412	224308.BSU37600	66.4	103
11136218	224308.BSU16030	66.4	46
11137205	224308.BSU25640	66.3	34
11138642	224308.BSU39880	66.2	60
11137800	224308.BSU31550	66.2	111
11134624	224308.BSU00430	66.1	93
11135259	224308.BSU06640	66.1	54
11136982	224308.BSU23450	66.1	34
11135418	224308.BSU08260	66.1	50
11138127	224308.BSU34760	66.1	49
11135705	224308.BSU11130	66.1	22
11137614	224308.BSU29700	66.0	52
11138260	224308.BSU36100	65.9	93
11136829	224308.BSU21950	65.9	23
11137596	224308.BSU29520	65.9	21
11135321	224308.BSU07260	65.8	106
11135326	224308.BSU07310	65.8	45
11134791	224308.BSU02110	65.8	17
11136895	224308.BSU22580	65.8	33
11137330	224308.BSU26920	65.7	11
11137993	224308.BSU33420	65.7	78
11135116	224308.BSU05260	65.7	22
11137678	224308.BSU30370	65.5	91
11136397	224308.BSU17820	65.5	35
11137362	224308.BSU27230	65.5	30
11135261	224308.BSU06660	65.4	95
11136002	224308.BSU13930	65.4	50
11137607	224308.BSU29630	65.4	52
11135272	224308.BSU06770	65.4	174
11137630	224308.BSU29870	65.4	26
11135685	224308.BSU10930	65.3	41
11135975	224308.BSU13690	65.3	36
11136745	224308.BSU21130	65.3	98
11138243	224308.BSU35930	65.3	30
11135543	224308.BSU09510	65.3	76
11136176	224308.BSU15610	65.1	61
11138206	224308.BSU35550	65.1	78
11136394	224308.BSU17790	65.1	45
11138660	224308.BSU40050	65.1	42
11137985	224308.BSU33340	65.1	20
11137160	224308.BSU25210	65.1	129
11136405	224308.BSU17900	65.1	30
11134792	224308.BSU02120	64.9	43
11135187	224308.BSU05940	64.9	45
11135298	224308.BSU07010	64.9	178
11138153	224308.BSU35020	64.8	38
11138297	224308.BSU36460	64.8	72
11136366	224308.BSU17530	64.8	37
11135680	224308.BSU10880	64.7	90
11135671	224308.BSU10790	64.7	127
11137815	224308.BSU31700	64.7	16
11136575	224308.BSU19490	64.7	34
11137930	224308.BSU32830	64.7	61
11136441	224308.BSU18240	64.6	109
11135001	224308.BSU04150	64.6	50
11136651	224308.BSU20220	64.5	16
11137527	224308.BSU28840	64.5	7
11135105	224308.BSU05150	64.5	53
11138673	224308.BSU40170	64.5	68
11137978	224308.BSU33270	64.5	52
11134843	224308.BSU02620	64.4	91
11138154	224308.BSU35030	64.4	34
11135314	224308.BSU07190	64.4	12
11135055	224308.BSU04680	64.4	8
11134863	224308.BSU02820	64.4	83
11136654	224308.BSU20250	64.2	91
11134900	224308.BSU03190	64.2	52
11136702	224308.BSU20730	64.2	22
11137908	224308.BSU32630	64.2	63
11137376	224308.BSU27370	64.2	66
11138734	224308.BSU40750	64.1	31
11137419	224308.BSU27770	64.0	43
11136373	224308.BSU17590	64.0	57
11136744	224308.BSU21120	64.0	75
11136682	224308.BSU20530	63.9	19
11138570	224308.BSU39170	63.9	12
11136433	224308.BSU18170	63.9	15
11134926	224308.BSU03440	63.8	78
11137306	224308.BSU26680	63.8	33
11137900	224308.BSU32550	63.7	54
11135583	224308.BSU09920	63.7	183
11136570	224308.BSU19450	63.7	49
11136510	224308.BSU18890	63.7	34
11137196	224308.BSU25560	63.7	70
11134598	224308.BSU00170	63.6	28
11135205	224308.BSU06130	63.6	23
11135356	224308.BSU07630	63.6	74
11138720	224308.BSU40610	63.5	31
11135430	224308.BSU08380	63.5	25
11137896	224308.BSU32510	63.5	40
11135649	224308.BSU10570	63.5	36
11136077	224308.BSU14630	63.5	65
11138631	224308.BSU39770	63.4	43
11138174	224308.BSU35240	63.4	119
11138628	224308.BSU39740	63.3	55
11136769	224308.BSU21350	63.2	438
11136536	224308.BSU19120	63.2	10
11137882	224308.BSU32380	63.2	25
11135846	224308.BSU12480	63.1	46
11135046	224308.BSU04590	63.1	26
11138417	224308.BSU37650	63.0	57
11136653	224308.BSU20240	63.0	36
11135847	224308.BSU12490	63.0	55
11136443	224308.BSU18260	63.0	61
11137957	224308.BSU33080	62.9	41
11134959	224308.BSU03770	62.9	97
11135535	224308.BSU09430	62.8	39
11137731	224308.BSU30890	62.8	43
11134830	224308.BSU02500	62.8	56
11137431	224308.BSU27880	62.7	42
11138283	224308.BSU36320	62.7	18
11137234	224308.BSU25940	62.7	30
11134766	224308.BSU01860	62.7	27
11135166	224308.BSU05720	62.7	65
11134868	224308.BSU02870	62.5	15
11135942	224308.BSU13370	62.5	40
11134997	224308.BSU04110	62.4	38
11135553	224308.BSU09620	62.4	48
11135731	224308.BSU11390	62.3	33
11135880	224308.BSU12760	62.3	34
11137689	224308.BSU30470	62.3	16
11137194	224308.BSU25540	62.3	67
11137850	224308.BSU32060	62.3	16
11138244	224308.BSU35940	62.2	89
11137468	224308.BSU28240	62.1	53
11136322	224308.BSU17090	62.1	37
11136481	224308.BSU18630	62.1	35
11138529	224308.BSU38750	62.1	42
11137455	224308.BSU28110	62.0	150
11137592	224308.BSU29480	62.0	69
11135808	224308.BSU12110	61.9	31
11134750	224308.BSU01680	61.9	38
11135682	224308.BSU10900	61.9	75
11137941	224308.BSU32920	61.9	28
11136687	224308.BSU20580	61.9	16
11137034	224308.BSU23950	61.8	46
11138261	224308.BSU36110	61.7	36
11134695	224308.BSU01140	61.6	57
11135014	224308.BSU04280	61.6	40
11135818	224308.BSU12210	61.6	33
11137230	224308.BSU25900	61.5	40
11134862	224308.BSU02810	61.5	57
11136038	224308.BSU14270	61.4	49
11135422	224308.BSU08300	61.4	44
11138615	224308.BSU39610	61.4	68
11136959	224308.BSU23220	61.3	51
11138247	224308.BSU35970	61.3	14
11138207	224308.BSU35560	61.2	33
11137889	224308.BSU32450	61.2	69
11137063	224308.BSU24240	61.2	103
11135193	224308.BSU06000	61.2	2
11135832	224308.BSU12340	61.2	53
11137048	224308.BSU24090	61.2	44
11136242	224308.BSU16270	61.2	80
11134851	224308.BSU02700	61.2	50
11138190	224308.BSU35390	61.1	37
11136437	224308.BSU18210	61.1	65
11138351	224308.BSU37000	61.1	55
11138461	224308.BSU38090	61.0	92
11136297	224308.BSU16800	60.9	133
11135755	224308.BSU11620	60.8	37
11138391	224308.BSU37390	60.8	53
11135392	224308.BSU08010	60.6	50
11138380	224308.BSU37280	60.6	263
11135512	224308.BSU09200	60.6	40
11137719	224308.BSU30770	60.6	51
11138229	224308.BSU35790	60.6	65
11138309	224308.BSU36580	60.6	26
11138623	224308.BSU39690	60.5	62
11136529	224308.BSU19050	60.5	57
11135674	224308.BSU10820	60.5	27
11136055	224308.BSU14440	60.4	57
11135613	224308.BSU10210	60.4	27
11137375	224308.BSU27360	60.3	60
11134820	224308.BSU02400	60.3	31
11136638	224308.BSU20090	60.3	7
11136163	224308.BSU15480	60.3	50
11137012	224308.BSU23730	60.3	28
11137984	224308.BSU33330	60.3	25
11137997	224308.BSU33460	60.2	15
11137764	224308.BSU31220	60.2	110
11137989	224308.BSU33380	60.2	51
11137193	224308.BSU25530	60.1	55
11136263	224308.BSU16470	60.0	47
11135139	224308.BSU05460	60.0	70
11136775	224308.BSU21410	60.0	58
11136132	224308.BSU15170	60.0	119
11137728	224308.BSU30860	59.9	74
11135335	224308.BSU07400	59.9	18
11137624	224308.BSU29805	59.9	207
11136105	224308.BSU14910	59.9	11
11136013	224308.BSU14030	59.8	48
11136751	224308.BSU21190	59.8	34
11134784	224308.BSU02040	59.8	50
11134860	224308.BSU02790	59.8	72
11135708	224308.BSU11150	59.8	44
11135159	224308.BSU05650	59.8	109
11137721	224308.BSU30790	59.7	57
11136127	224308.BSU15120	59.7	90
11136706	224308.BSU20770	59.7	26
11136086	224308.BSU14720	59.7	16
11135157	224308.BSU05630	59.6	30
11136772	224308.BSU21380	59.6	52
11136739	224308.BSU21070	59.5	76
11135450	224308.BSU08590	59.5	71
11135610	224308.BSU10170	59.5	97
11136469	224308.BSU18520	59.4	40
11134785	224308.BSU02050	59.4	71
11135094	224308.BSU05060	59.4	29
11138108	224308.BSU34580	59.4	26
11135810	224308.BSU12130	59.3	47
11136450	224308.BSU18330	59.2	369
11136180	224308.BSU15650	59.2	113
11138530	224308.BSU38760	59.2	24
11136557	224308.BSU19320	59.1	71
11135647	224308.BSU10550	59.1	58
11136261	224308.BSU16450	59.1	22
11136663	224308.BSU20340	59.1	217
11138353	224308.BSU37020	59.0	27
11138726	224308.BSU40670	59.0	57
11135141	224308.BSU05480	59.0	37
11136581	224308.BSU19560	59.0	34
11138437	224308.BSU37850	59.0	44
11137552	224308.BSU29100	59.0	97
11138645	224308.BSU39910	58.9	29
11136835	224308.BSU22010	58.9	50
11137297	224308.BSU26600	58.9	27
11135996	224308.BSU13870	58.8	48
11135704	224308.BSU11120	58.8	44
11137289	224308.BSU26510	58.8	51
11134800	224308.BSU02200	58.7	82
11138246	224308.BSU35960	58.7	38
11135200	224308.BSU06070	58.7	49
11136797	224308.BSU21620	58.7	22
11138719	224308.BSU40600	58.7	40
11135572	224308.BSU09810	58.6	80
11134752	224308.BSU01700	58.6	51
11137089	224308.BSU24500	58.6	20
11137851	224308.BSU32070	58.6	49
11137269	224308.BSU26290	58.5	55
11137243	224308.BSU26030	58.5	262
11136788	224308.BSU21540	58.5	19
11137357	224308.BSU27180	58.5	29
11136369	224308.BSU17559	58.5	4
11138058	224308.BSU34070	58.5	46
11137881	224308.BSU32370	58.3	70
11137220	224308.BSU25800	58.3	27
11136333	224308.BSU17200	58.3	640
11137734	224308.BSU30920	58.2	49
11136463	224308.BSU18460	58.2	72
11136815	224308.BSU21810	58.1	29
11138070	224308.BSU34190	58.0	84
11137814	224308.BSU31690	58.0	108
11136427	224308.BSU18110	58.0	23
11135203	224308.BSU06110	57.9	110
11138050	224308.BSU33990	57.9	66
11135030	224308.BSU04440	57.9	44
11134648	224308.BSU00670	57.8	58
11135420	224308.BSU08280	57.8	67
11135977	224308.BSU13710	57.8	20
11137602	224308.BSU29580	57.8	53
11136401	224308.BSU17860	57.7	36
11134867	224308.BSU02860	57.7	44
11138311	224308.BSU36600	57.7	61
11135673	224308.BSU10810	57.7	55
11138589	224308.BSU39350	57.7	88
11137987	224308.BSU33360	57.7	89
11138571	224308.BSU39180	57.4	23
11138526	224308.BSU38720	57.4	23
11135940	224308.BSU13350	57.4	51
11135642	224308.BSU10500	57.4	88
11135424	224308.BSU08320	57.3	47
11136946	224308.BSU23090	57.3	60
11136049	224308.BSU14380	57.2	36
11135140	224308.BSU05470	57.2	43
11136075	224308.BSU14620	57.2	10
11138729	224308.BSU40700	57.2	50
11134956	224308.BSU03740	57.1	38
11135085	224308.BSU04970	57.1	41
11135662	224308.BSU10700	57.1	23
11135333	224308.BSU07380	57.0	35
11135835	224308.BSU12370	57.0	44
11135948	224308.BSU13430	57.0	21
11136608	224308.BSU19780	57.0	15
11137041	224308.BSU24020	57.0	51
11138702	224308.BSU40440	56.9	79
11134810	224308.BSU02300	56.9	17
11137579	224308.BSU29350	56.9	26
11135721	224308.BSU11280	56.8	54
11134897	224308.BSU03160	56.8	38
11135844	224308.BSU12460	56.8	44
11138573	224308.BSU39200	56.8	25
11137646	224308.BSU30035	56.8	42
11137202	224308.BSU25610	56.7	31
11137894	224308.BSU32490	56.7	61
11135064	224308.BSU04770	56.6	31
11137836	224308.BSU31920	56.6	50
11135651	224308.BSU10590	56.5	81
11135620	224308.BSU10280	56.5	21
11136302	224308.BSU16870	56.5	31
11135168	224308.BSU05740	56.4	45
11135137	224308.BSU05440	56.3	38
11137570	224308.BSU29260	56.3	4
11137739	224308.BSU30970	56.3	45
11138087	224308.BSU34370	56.3	23
11136728	224308.BSU20970	56.2	35
11138672	224308.BSU40160	56.2	26
11138707	224308.BSU40490	56.1	71
11134815	224308.BSU02350	56.1	59
11138627	224308.BSU39730	56.1	82
11137637	224308.BSU29940	56.0	74
11136058	224308.BSU14470	56.0	83
11137639	224308.BSU29960	56.0	32
11135120	224308.BSU05300	56.0	28
11137255	224308.BSU26160	56.0	42
11137389	224308.BSU27480	55.9	120
11135824	224308.BSU12260	55.9	31
11137797	224308.BSU31520	55.9	81
11136389	224308.BSU17740	55.9	8
11135274	224308.BSU06790	55.9	18
11137055	224308.BSU24160	55.8	33
11134857	224308.BSU02760	55.8	62
11136978	224308.BSU23410	55.8	23
11135327	224308.BSU07320	55.8	15
11137901	224308.BSU32560	55.8	51
11134898	224308.BSU03170	55.8	63
11134607	224308.BSU00260	55.7	65
11137461	224308.BSU28170	55.7	83
11135338	224308.BSU07430	55.7	65
11138511	224308.BSU38570	55.6	28
11137410	224308.BSU27690	55.5	8
11134661	224308.BSU00800	55.5	10
11137899	224308.BSU32540	55.5	107
11137584	224308.BSU29400	55.4	61
11137988	224308.BSU33370	55.3	48
11135181	224308.BSU05870	55.3	72
11134941	224308.BSU03600	55.3	24
11135567	224308.BSU09760	55.2	16
11136809	224308.BSU21750	55.2	24
11134758	224308.BSU01760	55.2	69
11135033	224308.BSU04470	55.2	54
11135118	224308.BSU05280	55.2	28
11135451	224308.BSU08600	55.2	33
11136032	224308.BSU14210	55.1	42
11137760	224308.BSU31180	55.1	96
11136591	224308.BSU19640	55.1	32
11135339	224308.BSU07440	55.0	20
11138543	224308.BSU38890	55.0	20
11138568	224308.BSU39150	55.0	19
11137273	224308.BSU26330	55.0	16
11136286	224308.BSU16700	54.9	83
11138743	224308.BSU40840	54.9	26
11134953	224308.BSU03710	54.8	74
11138101	224308.BSU34510	54.8	18
11138563	224308.BSU39100	54.8	17
11137822	224308.BSU31770	54.8	22
11137010	224308.BSU23710	54.8	57
11136646	224308.BSU20170	54.8	27
11134733	224308.BSU01510	54.8	32
11136019	224308.BSU14080	54.8	35
11137519	224308.BSU28760	54.8	56
11135468	224308.BSU08770	54.7	14
11136458	224308.BSU18410	54.7	81
11136130	224308.BSU15150	54.7	14
11135784	224308.BSU11900	54.6	36
11134909	224308.BSU03280	54.6	93
11137039	224308.BSU24000	54.6	41
11134779	224308.BSU01990	54.6	72
11135828	224308.BSU12300	54.6	74
11134796	224308.BSU02160	54.5	36
11136392	224308.BSU17770	54.5	58
11138291	224308.BSU36400	54.5	47
11134938	224308.BSU03560	54.5	48
11137099	224308.BSU24600	54.5	14
11137801	224308.BSU31560	54.4	34
11137965	224308.BSU33160	54.3	56
11138484	224308.BSU38310	54.2	46
11138078	224308.BSU34280	54.1	60
11134841	224308.BSU02610	54.1	42
11136017	224308.BSU14071	54.1	66
11136790	224308.BSU21550	54.1	27
11138286	224308.BSU36350	54.0	36
11135293	224308.BSU06960	54.0	54
11135796	224308.BSU12000	53.9	135
11137294	224308.BSU26570	53.8	6
11138403	224308.BSU37510	53.8	107
11138715	224308.BSU40560	53.8	27
11135186	224308.BSU05930	53.7	30
11138635	224308.BSU39810	53.7	32
11137958	224308.BSU33090	53.6	40
11135211	224308.BSU06190	53.5	56
11135385	224308.BSU07930	53.5	46
11138440	224308.BSU37880	53.5	52
11136178	224308.BSU15630	53.5	23
11135352	224308.BSU07590	53.5	32
11135609	224308.BSU10160	53.4	125
11137723	224308.BSU30810	53.4	54
11135115	224308.BSU05250	53.4	50
11136533	224308.BSU19090	53.3	27
11138183	224308.BSU35320	53.3	19
11137740	224308.BSU30980	53.3	129
11136981	224308.BSU23440	53.2	11
11138256	224308.BSU36060	53.2	75
11137131	224308.BSU24920	53.2	18
11134787	224308.BSU02070	53.1	23
11135057	224308.BSU04700	53.1	50
11136099	224308.BSU14850	53.1	54
11138255	224308.BSU36050	53.1	51
11137238	224308.BSU25980	53.1	55
11135984	224308.BSU13780	53.1	57
11137888	224308.BSU32440	53.0	26
11135506	224308.BSU09130	53.0	35
11136831	224308.BSU21970	52.9	55
11137774	224308.BSU31310	52.9	46
11136499	224308.BSU18790	52.8	28
11138691	224308.BSU40330	52.7	49
11138661	224308.BSU40060	52.7	83
11138538	224308.BSU38840	52.7	33
11135354	224308.BSU07610	52.7	73
11138652	224308.BSU39980	52.6	69
11138646	224308.BSU39920	52.6	119
11138325	224308.BSU36740	52.6	39
11134817	224308.BSU02370	52.6	34
11138377	224308.BSU37250	52.6	38
11138551	224308.BSU38970	52.6	35
11138022	224308.BSU33710	52.5	76
11137844	224308.BSU32000	52.5	48
11138068	224308.BSU34170	52.5	49
11134983	224308.BSU03982	52.4	26
11137198	224308.BSU25570	52.3	54
11135206	224308.BSU06140	52.3	142
11138048	224308.BSU33970	52.3	47
11135797	224308.BSU12010	52.2	38
11137465	224308.BSU28210	52.2	71
11137738	224308.BSU30960	52.2	48
11138155	224308.BSU35040	52.2	254
11136859	224308.BSU22220	52.2	99
11135817	224308.BSU12200	52.2	9
11136665	224308.BSU20360	52.1	82
11135436	224308.BSU08450	52.1	39
11138015	224308.BSU33640	52.1	29
11135097	224308.BSU05090	52.0	16
11138211	224308.BSU35600	52.0	38
11135255	224308.BSU06600	52.0	21
11137513	224308.BSU28700	52.0	7
11136060	224308.BSU14490	51.9	99
11134995	224308.BSU04090	51.9	40
11134788	224308.BSU02080	51.8	2
11135031	224308.BSU04450	51.8	90
11135619	224308.BSU10270	51.8	85
11137296	224308.BSU26590	51.7	38
11134945	224308.BSU03640	51.7	57
11137737	224308.BSU30950	51.7	69
11135271	224308.BSU06760	51.7	144
11138162	224308.BSU35110	51.7	8
11137271	224308.BSU26310	51.6	13
11137229	224308.BSU25890	51.6	28
11136256	224308.BSU16400	51.5	64
11136335	224308.BSU17220	51.5	447
11138233	224308.BSU35830	51.5	36
11135460	224308.BSU08690	51.5	93
11138219	224308.BSU35690	51.4	62
11135655	224308.BSU10630	51.4	207
11137659	224308.BSU30180	51.3	51
11135214	224308.BSU06220	51.3	42
11135136	224308.BSU05430	51.3	67
11136382	224308.BSU17680	51.3	47
11134829	224308.BSU02490	51.3	62
11137075	224308.BSU24360	51.3	39
11135310	224308.BSU07130	51.2	77
11138698	224308.BSU40400	51.2	130
11134746	224308.BSU01640	51.2	68
11137054	224308.BSU24150	51.2	51
11137973	224308.BSU33230	51.2	35
11138305	224308.BSU36540	51.1	18
11138624	224308.BSU39700	51.1	49
11138342	224308.BSU36910	51.1	37
11138059	224308.BSU34080	51.1	12
11138448	224308.BSU37960	51.1	48
11137631	224308.BSU29880	51.0	71
11136146	224308.BSU15310	51.0	41
11137520	224308.BSU28770	51.0	36
11138135	224308.BSU34840	51.0	106
11138279	224308.BSU36280	51.0	114
11135231	224308.BSU06370	51.0	30
11137347	224308.BSU27080	50.9	167
11135863	224308.BSU12620	50.8	16
11138474	224308.BSU38220	50.8	38
11135229	224308.BSU06350	50.8	117
11134884	224308.BSU03030	50.7	37
11136126	224308.BSU15110	50.7	54
11138524	224308.BSU38700	50.7	32
11137977	224308.BSU33260	50.6	24
11135129	224308.BSU05380	50.6	20
11138031	224308.BSU33800	50.6	36
11134982	224308.BSU03981	50.5	40
11136031	224308.BSU14200	50.5	12
11135404	224308.BSU08120	50.5	4
11135769	224308.BSU11760	50.5	14
11137803	224308.BSU31580	50.4	30
11135477	224308.BSU08850	50.4	34
11136518	224308.BSU18940	50.4	23
11138435	224308.BSU37830	50.4	56
11138253	224308.BSU36030	50.3	26
11138421	224308.BSU37690	50.3	41
11138394	224308.BSU37420	50.3	60
11135016	224308.BSU04300	50.3	46
11136344	224308.BSU17310	50.2	13
11136968	224308.BSU23320	50.2	13
11136434	224308.BSU18180	50.1	53
11138630	224308.BSU39760	50.1	77
11138679	224308.BSU40230	50.1	36
11137954	224308.BSU33050	50.0	58
11135691	224308.BSU10990	50.0	70
11137781	224308.BSU31360	49.9	52
11135903	224308.BSU12990	49.8	56
11137405	224308.BSU27640	49.8	15
11136700	224308.BSU20710	49.7	17
11136507	224308.BSU18860	49.7	22
11136940	224308.BSU23020	49.7	57
11137185	224308.BSU25450	49.7	54
11136043	224308.BSU14320	49.6	59
11136447	224308.BSU18300	49.6	254
11135328	224308.BSU07330	49.5	29
11137305	224308.BSU26670	49.5	53
11135363	224308.BSU07700	49.5	52
11136664	224308.BSU20350	49.4	82
11137499	224308.BSU28560	49.4	95
11136553	224308.BSU19280	49.4	4
11136238	224308.BSU16230	49.4	50
11135599	224308.BSU10060	49.4	33
11137572	224308.BSU29280	49.3	38
11137418	224308.BSU27760	49.3	32
11135939	224308.BSU13340	49.3	25
11135701	224308.BSU11090	49.2	6
11138094	224308.BSU34440	49.1	56
11136679	224308.BSU20500	49.0	56
11135992	224308.BSU13830	49.0	28
11135912	224308.BSU13080	49.0	13
11135492	224308.BSU08990	49.0	28
11138173	224308.BSU35220	48.9	66
11136746	224308.BSU21140	48.9	28
11136116	224308.BSU15020	48.8	15
11136331	224308.BSU17180	48.8	609
11135946	224308.BSU13410	48.8	46
11138290	224308.BSU36390	48.8	27
11135319	224308.BSU07240	48.7	49
11134807	224308.BSU02270	48.7	6
11138025	224308.BSU33740	48.7	46
11137636	224308.BSU29930	48.6	103
11134852	224308.BSU02710	48.6	14
11138086	224308.BSU34360	48.5	26
11137730	224308.BSU30880	48.5	100
11138076	224308.BSU34250	48.5	40
11137081	224308.BSU24420	48.5	25
11136475	224308.BSU18580	48.4	19
11138553	224308.BSU38990	48.4	24
11136329	224308.BSU17160	48.3	21
11135455	224308.BSU08640	48.3	8
11136922	224308.BSU22850	48.3	32
11137190	224308.BSU25500	48.3	57
11136674	224308.BSU20450	48.3	68
11135167	224308.BSU05730	48.2	25
11135028	224308.BSU04420	48.1	24
11134793	224308.BSU02130	48.1	46
11138600	224308.BSU39460	48.1	69
11136761	224308.BSU21280	48.1	53
11137750	224308.BSU31080	48.1	27
11137724	224308.BSU30820	48.1	125
11136881	224308.BSU22440	48.1	46
11135204	224308.BSU06120	48.1	24
11136620	224308.BSU19910	48.0	10
11135563	224308.BSU09720	48.0	87
11138477	224308.BSU38240	48.0	28
11134671	224308.BSU00900	48.0	33
11135269	224308.BSU06740	48.0	42
11136464	224308.BSU18470	47.9	41
11135643	224308.BSU10510	47.9	36
11136916	224308.BSU22800	47.9	63
11135054	224308.BSU04670	47.8	41
11137257	224308.BSU26180	47.7	121
11136948	224308.BSU23110	47.7	88
11137333	224308.BSU26950	47.7	8
11138731	224308.BSU40720	47.7	14
11135179	224308.BSU05850	47.6	26
11138457	224308.BSU38050	47.5	31
11137521	224308.BSU28780	47.5	24
11137325	224308.BSU26870	47.5	51
11136956	224308.BSU23190	47.4	55
11138498	224308.BSU38450	47.4	32
11136451	224308.BSU18340	47.3	537
11135631	224308.BSU10390	47.3	61
11137115	224308.BSU24760	47.3	33
11136867	224308.BSU22300	47.2	53
11136390	224308.BSU17750	47.2	58
11134940	224308.BSU03590	47.2	45
11136408	224308.BSU17930	47.1	14
11136551	224308.BSU19260	47.1	19
11137843	224308.BSU31990	47.1	71
11135865	224308.BSU12640	47.1	23
11136823	224308.BSU21890	47.1	55
11136111	224308.BSU14970	47.1	19
11135897	224308.BSU12930	47.1	34
11137267	224308.BSU26270	47.0	37
11135017	224308.BSU04310	46.9	83
11138112	224308.BSU34620	46.9	84
11135576	224308.BSU09860	46.9	26
11135454	224308.BSU08630	46.8	43
11138375	224308.BSU37230	46.8	88
11138241	224308.BSU35910	46.8	50
11136639	224308.BSU20100	46.8	9
11138119	224308.BSU34690	46.8	75
11138064	224308.BSU34130	46.6	82
11135544	224308.BSU09520	46.6	37
11136894	224308.BSU22570	46.6	26
11137458	224308.BSU28140	46.6	22
11136255	224308.BSU16390	46.6	42
11138209	224308.BSU35580	46.5	70
11134676	224308.BSU00950	46.3	21
11138006	224308.BSU33550	46.3	54
11138093	224308.BSU34430	46.3	23
11135350	224308.BSU07570	46.3	38
11135748	224308.BSU11550	46.2	37
11136633	224308.BSU20040	46.2	64
11137277	224308.BSU26370	46.2	35
11137148	224308.BSU25090	46.1	24
11135303	224308.BSU07060	46.0	72
11135504	224308.BSU09110	46.0	28
11135496	224308.BSU09030	45.9	20
11135442	224308.BSU08510	45.9	31
11136395	224308.BSU17800	45.9	40
11138205	224308.BSU35540	45.9	61
11137352	224308.BSU27130	45.9	26
11138354	224308.BSU37030	45.9	29
11137657	224308.BSU30160	45.9	91
11136521	224308.BSU18970	45.8	203
11134865	224308.BSU02840	45.8	62
11135473	224308.BSU08810	45.8	11
11138278	224308.BSU36270	45.8	65
11138254	224308.BSU36040	45.7	26
11137667	224308.BSU30260	45.7	49
11138030	224308.BSU33790	45.6	20
11135483	224308.BSU08900	45.6	23
11138265	224308.BSU36150	45.6	31
11138439	224308.BSU37870	45.6	49
11136110	224308.BSU14960	45.5	59
11134585	224308.BSU00040	45.5	47
11135403	224308.BSU08110	45.5	10
11135183	224308.BSU05900	45.4	36
11136383	224308.BSU17690	45.4	38
11137367	224308.BSU27280	45.4	16
11135947	224308.BSU13420	45.4	98
11136819	224308.BSU21850	45.4	26
11137733	224308.BSU30910	45.4	65
11137574	224308.BSU29300	45.4	41
11137254	224308.BSU26150	45.4	53
11137700	224308.BSU30580	45.4	30
11136767	224308.BSU21330	45.4	20
11134955	224308.BSU03730	45.3	27
11138741	224308.BSU40820	45.3	60
11135472	224308.BSU08800	45.2	42
11136749	224308.BSU21170	45.2	19
11138709	224308.BSU40510	45.2	79
11135371	224308.BSU07790	45.2	67
11136216	224308.BSU16010	45.2	28
11137408	224308.BSU27670	45.2	26
11134883	224308.BSU03020	45.1	30
11135971	224308.BSU13650	45.1	11
11137342	224308.BSU27030	45.0	73
11137253	224308.BSU26140	45.0	34
11137825	224308.BSU31800	45.0	16
11137283	224308.BSU26440	45.0	64
11135296	224308.BSU06990	45.0	23
11138595	224308.BSU39410	45.0	55
11137765	224308.BSU31230	44.9	131
11135837	224308.BSU12390	44.9	71
11135163	224308.BSU05690	44.9	19
11137033	224308.BSU23940	44.9	36
11136892	224308.BSU22550	44.9	26
11138733	224308.BSU40740	44.8	21
11136569	224308.BSU19440	44.8	21
11138602	224308.BSU39480	44.8	33
11137856	224308.BSU32120	44.8	14
11137792	224308.BSU31470	44.7	31
11136525	224308.BSU19010	44.7	40
11138429	224308.BSU37770	44.6	70
11137318	224308.BSU26810	44.5	46
11137383	224308.BSU27440	44.5	33
11137415	224308.BSU27730	44.5	50
11137399	224308.BSU27580	44.5	55
11137903	224308.BSU32580	44.4	28
11138626	224308.BSU39720	44.4	41
11136777	224308.BSU21430	44.4	20
11138230	224308.BSU35800	44.3	41
11135825	224308.BSU12270	44.3	17
11135986	224308.BSU13790	44.3	25
11134895	224308.BSU03140	44.2	33
11135273	224308.BSU06780	44.2	52
11137725	224308.BSU30830	44.2	65
11136614	224308.BSU19850	44.2	12
11136027	224308.BSU14160	44.2	34
11137216	224308.BSU25750	44.2	12
11135945	224308.BSU13400	44.2	74
11138536	224308.BSU38820	44.2	67
11138085	224308.BSU34350	44.2	75
11135509	224308.BSU09165	44.2	45
11135020	224308.BSU04340	44.0	71
11136558	224308.BSU19330	44.0	36
11137451	224308.BSU28080	44.0	58
11138236	224308.BSU35860	43.9	50
11136773	224308.BSU21390	43.9	82
11136367	224308.BSU17540	43.7	20
11136613	224308.BSU19840	43.7	5
11138489	224308.BSU38360	43.7	61
11137090	224308.BSU24510	43.7	31
11138610	224308.BSU39560	43.7	18
11137616	224308.BSU29720	43.6	30
11137787	224308.BSU31420	43.6	46
11137111	224308.BSU24720	43.5	39
11137606	224308.BSU29620	43.4	30
11138688	224308.BSU40300	43.4	57
11137057	224308.BSU24180	43.4	35
11135155	224308.BSU05610	43.4	69
11137949	224308.BSU33020	43.4	46
11135864	224308.BSU12630	43.2	12
11136975	224308.BSU23390	43.2	54
11137324	224308.BSU26860	43.2	30
11137394	224308.BSU27530	43.2	56
11137515	224308.BSU28720	43.1	83
11135970	224308.BSU13640	43.1	9
11136449	224308.BSU18320	43.1	446
11136407	224308.BSU17920	43.1	4
11134951	224308.BSU03690	43.1	26
11136247	224308.BSU16310	43.0	36
11134641	224308.BSU00600	43.0	22
11137365	224308.BSU27260	42.9	32
11137535	224308.BSU28930	42.9	56
11135507	224308.BSU09140	42.9	10
11134845	224308.BSU02640	42.9	12
11138485	224308.BSU38320	42.9	9
11138274	224308.BSU36240	42.9	27
11138723	224308.BSU40640	42.8	15
11135884	224308.BSU12800	42.8	8
11136771	224308.BSU21370	42.8	91
11137654	224308.BSU30120	42.8	38
11135877	224308.BSU12740	42.7	33
11137338	224308.BSU27000	42.7	16
11134832	224308.BSU02520	42.7	38
11137867	224308.BSU32230	42.7	81
11138557	224308.BSU39040	42.6	17
11138266	224308.BSU36160	42.6	57
11136954	224308.BSU23170	42.6	98
11138382	224308.BSU37300	42.6	8
11136379	224308.BSU17650	42.6	7
11135830	224308.BSU12320	42.6	36
11138111	224308.BSU34610	42.5	58
11134932	224308.BSU03500	42.5	9
11138008	224308.BSU33570	42.5	4
11135015	224308.BSU04290	42.4	73
11136582	224308.BSU19570	42.4	38
11137852	224308.BSU32080	42.4	12
11137250	224308.BSU26110	42.4	9
11137006	224308.BSU23670	42.3	46
11138319	224308.BSU36680	42.3	13
11135177	224308.BSU05830	42.3	32
11137601	224308.BSU29570	42.3	17
11135002	224308.BSU04160	42.2	89
11137575	224308.BSU29310	42.2	57
11134922	224308.BSU03400	42.1	10
11136677	224308.BSU20480	42.1	6
11137955	224308.BSU33060	42.1	41
11135485	224308.BSU08920	42.1	27
11135881	224308.BSU12770	42.0	7
11138071	224308.BSU34200	41.9	64
11135022	224308.BSU04360	41.9	22
11135162	224308.BSU05680	41.9	17
11136527	224308.BSU19030	41.9	78
11136387	224308.BSU17720	41.9	8
11138544	224308.BSU38900	41.8	37
11137686	224308.BSU30450	41.8	46
11136141	224308.BSU15260	41.8	18
11138619	224308.BSU39650	41.7	36
11137878	224308.BSU32340	41.7	44
11136340	224308.BSU17270	41.6	21
11136758	224308.BSU21250	41.6	46
11135304	224308.BSU07070	41.6	34
11137020	224308.BSU23810	41.6	82
11135295	224308.BSU06980	41.5	27
11136391	224308.BSU17760	41.4	17
11137370	224308.BSU27310	41.4	92
11135340	224308.BSU07450	41.2	36
11135092	224308.BSU05040	41.2	29
11138422	224308.BSU37700	41.2	26
11138752	224308.BSU40930	41.1	86
11138559	224308.BSU39060	41.1	46
11138456	224308.BSU38040	41.0	56
11138441	224308.BSU37890	41.0	57
11138120	224308.BSU34700	40.9	62
11138542	224308.BSU38880	40.9	34
11137871	224308.BSU32270	40.9	36
11138132	224308.BSU34810	40.9	33
11136896	224308.BSU22590	40.8	60
11138171	224308.BSU35200	40.8	42
11138324	224308.BSU36730	40.7	30
11135598	224308.BSU10050	40.7	30
11136668	224308.BSU20390	40.7	56
11138053	224308.BSU34020	40.7	68
11135374	224308.BSU07820	40.7	42
11138184	224308.BSU35330	40.6	17
11135972	224308.BSU13660	40.6	75
11135937	224308.BSU13320	40.5	18
11134923	224308.BSU03410	40.5	51
11135906	224308.BSU13020	40.5	20
11137582	224308.BSU29380	40.4	34
11135635	224308.BSU10430	40.4	24
11134780	224308.BSU02000	40.4	22
11137879	224308.BSU32350	40.3	27
11138051	224308.BSU34000	40.3	16
11137353	224308.BSU27140	40.1	52
11135650	224308.BSU10580	40.1	16
11137578	224308.BSU29340	40.1	36
11138462	224308.BSU38100	40.1	33
11136455	224308.BSU18380	40.0	11
11135511	224308.BSU09190	39.9	106
11136095	224308.BSU14810	39.9	68
11138722	224308.BSU40630	39.9	24
11138651	224308.BSU39970	39.8	42
11136239	224308.BSU16240	39.7	65
11138107	224308.BSU34570	39.7	81
11136020	224308.BSU14090	39.7	47
11137482	224308.BSU28380	39.7	45
11136024	224308.BSU14130	39.7	12
11134906	224308.BSU03250	39.6	10
11138212	224308.BSU35620	39.6	49
11136535	224308.BSU19110	39.6	19
11138170	224308.BSU35190	39.6	85
11136795	224308.BSU21600	39.5	35
11134823	224308.BSU02430	39.5	56
11136308	224308.BSU16950	39.5	40
11135316	224308.BSU07210	39.5	50
11137748	224308.BSU31060	39.4	55
11135322	224308.BSU07270	39.4	31
11138693	224308.BSU40350	39.3	51
11138585	224308.BSU39320	39.2	16
11134786	224308.BSU02060	39.2	26
11137772	224308.BSU31290	39.1	60
11136683	224308.BSU20540	39.1	12
11137924	224308.BSU32770	39.1	13
11137840	224308.BSU31960	39.0	309
11136798	224308.BSU21630	39.0	24
11135277	224308.BSU06812	39.0	87
11136709	224308.BSU20800	39.0	61
11137003	224308.BSU23640	38.8	28
11134811	224308.BSU02310	38.8	59
11136757	224308.BSU21240	38.7	13
11136850	224308.BSU22140	38.6	31
11137022	224308.BSU23830	38.6	19
11136501	224308.BSU18810	38.6	12
11135291	224308.BSU06940	38.5	13
11137982	224308.BSU33310	38.5	35
11134944	224308.BSU03630	38.5	25
11134783	224308.BSU02030	38.4	16
11136733	224308.BSU21010	38.4	14
11136151	224308.BSU15360	38.4	12
11135740	224308.BSU11480	38.3	17
11138758	224308.BSU40980	38.3	21
11137718	224308.BSU30760	38.3	32
11135194	224308.BSU06010	38.3	18
11136883	224308.BSU22460	38.2	51
11136998	224308.BSU23600	38.1	31
11137693	224308.BSU30510	38.1	35
11136235	224308.BSU16200	38.1	9
11138527	224308.BSU38730	38.0	42
11134751	224308.BSU01690	38.0	49
11134589	224308.BSU00080	37.9	38
11138697	224308.BSU40390	37.9	41
11134890	224308.BSU03090	37.9	20
11138208	224308.BSU35570	37.9	30
11138612	224308.BSU39580	37.9	10
11136454	224308.BSU18370	37.9	36
11137359	224308.BSU27200	37.9	18
11135539	224308.BSU09470	37.8	47
11134850	224308.BSU02690	37.8	34
11135386	224308.BSU07940	37.8	33
11136793	224308.BSU21580	37.7	100
11138725	224308.BSU40660	37.7	14
11136725	224308.BSU20940	37.7	54
11138372	224308.BSU37200	37.7	47
11137240	224308.BSU26000	37.7	6
11137494	224308.BSU28510	37.7	66
11138747	224308.BSU40880	37.7	30
11135789	224308.BSU11930	37.7	11
11138027	224308.BSU33760	37.7	24
11136356	224308.BSU17430	37.6	49
11137281	224308.BSU26420	37.6	76
11136642	224308.BSU20130	37.6	12
11137140	224308.BSU25010	37.6	26
11138392	224308.BSU37400	37.6	45
11135823	224308.BSU12250	37.5	25
11134765	224308.BSU01845	37.4	84
11135943	224308.BSU13380	37.4	104
11137524	224308.BSU28810	37.4	26
11138662	224308.BSU40070	37.3	20
11136084	224308.BSU14700	37.3	91
11135804	224308.BSU12070	37.3	10
11135126	224308.BSU05350	37.3	22
11137340	224308.BSU27010	37.3	39
11134808	224308.BSU02280	37.3	12
11135452	224308.BSU08610	37.3	77
11135892	224308.BSU12880	37.2	48
11137926	224308.BSU32790	37.2	7
11135152	224308.BSU05580	37.2	20
11136270	224308.BSU16540	37.2	21
11138387	224308.BSU37350	37.1	2
11138681	224308.BSU40240	37.1	20
11134734	224308.BSU01520	37.1	22
11137278	224308.BSU26380	37.1	49
11138238	224308.BSU35880	37.1	35
11136568	224308.BSU19430	37.0	22
11136538	224308.BSU19140	37.0	12
11134889	224308.BSU03080	37.0	19
11137113	224308.BSU24740	37.0	28
11134976	224308.BSU03920	37.0	35
11135722	224308.BSU11290	36.9	22
11137239	224308.BSU25990	36.9	16
11137018	224308.BSU23790	36.8	18
11137441	224308.BSU27980	36.8	42
11136040	224308.BSU14290	36.7	16
11135604	224308.BSU10110	36.7	108
11137726	224308.BSU30840	36.7	28
11134749	224308.BSU01670	36.7	29
11135696	224308.BSU11040	36.6	19
11136445	224308.BSU18280	36.6	58
11136935	224308.BSU22970	36.5	11
11135234	224308.BSU06400	36.5	14
11135349	224308.BSU07560	36.4	33
11135113	224308.BSU05230	36.4	8
11134771	224308.BSU01900	36.4	7
11136313	224308.BSU17000	36.3	54
11138428	224308.BSU37760	36.3	76
11137549	224308.BSU29070	36.3	16
11135879	224308.BSU12750	36.3	58
11138493	224308.BSU38400	36.3	76
11134670	224308.BSU00890	36.2	35
11135949	224308.BSU13440	36.2	38
11137013	224308.BSU23740	36.2	4
11134969	224308.BSU03850	36.1	34
11135114	224308.BSU05240	36.1	58
11136997	224308.BSU23590	36.0	13
11135702	224308.BSU11100	36.0	100
11137322	224308.BSU26840	36.0	27
11137933	224308.BSU32850	35.9	39
11136355	224308.BSU17420	35.9	28
11137077	224308.BSU24380	35.9	25
11135419	224308.BSU08270	35.8	23
11134831	224308.BSU02510	35.8	64
11136861	224308.BSU22240	35.8	14
11136500	224308.BSU18800	35.7	46
11137302	224308.BSU26640	35.7	43
11136323	224308.BSU17100	35.7	44
11137232	224308.BSU25920	35.7	26
11135226	224308.BSU06320	35.7	34
11137816	224308.BSU31710	35.6	31
11138062	224308.BSU34110	35.6	32
11135373	224308.BSU07810	35.6	69
11135859	224308.BSU12590	35.5	79
11138577	224308.BSU39240	35.5	15
11138735	224308.BSU40760	35.5	16
11136251	224308.BSU16350	35.5	25
11135077	224308.BSU04890	35.5	12
11137134	224308.BSU24950	35.5	24
11137617	224308.BSU29730	35.4	28
11138263	224308.BSU36130	35.4	18
11136778	224308.BSU21440	35.4	13
11135710	224308.BSU11170	35.3	46
11136792	224308.BSU21570	35.3	23
11135423	224308.BSU08310	35.3	36
11135513	224308.BSU09210	35.2	31
11135172	224308.BSU05780	35.1	26
11137344	224308.BSU27050	35.1	8
11138304	224308.BSU36530	35.1	18
11136652	224308.BSU20230	35.1	18
11136008	224308.BSU13990	35.0	60
11136289	224308.BSU16730	35.0	19
11137211	224308.BSU25700	35.0	24
11136726	224308.BSU20950	35.0	15
11134789	224308.BSU02090	35.0	39
11137233	224308.BSU25930	34.9	6
11138326	224308.BSU36750	34.9	42
11135457	224308.BSU08660	34.9	8
11135299	224308.BSU07020	34.8	21
11136419	224308.BSU18030	34.8	5
11138532	224308.BSU38780	34.8	37
11137175	224308.BSU25350	34.7	51
11136794	224308.BSU21590	34.7	37
11137634	224308.BSU29910	34.7	7
11137583	224308.BSU29390	34.7	24
11135528	224308.BSU09360	34.6	11
11135302	224308.BSU07050	34.6	71
11136727	224308.BSU20960	34.6	57
11136048	224308.BSU14370	34.6	16
11137274	224308.BSU26340	34.6	8
11137959	224308.BSU33100	34.6	17
11138541	224308.BSU38870	34.6	11
11135988	224308.BSU13800	34.5	9
11137767	224308.BSU31250	34.4	99
11137440	224308.BSU27970	34.4	17
11135086	224308.BSU04980	34.4	14
11137547	224308.BSU29050	34.3	29
11136338	224308.BSU17250	34.3	28
11136372	224308.BSU17580	34.3	46
11134596	224308.BSU00150	34.2	30
11135644	224308.BSU10520	34.2	10
11135675	224308.BSU10830	34.2	32
11134728	224308.BSU01460	34.2	41
11137268	224308.BSU26280	34.2	24
11137895	224308.BSU32500	34.1	16
11135545	224308.BSU09530	34.1	28
11135437	224308.BSU08460	34.1	18
11137681	224308.BSU30400	34.1	29
11135855	224308.BSU12550	34.0	6
11137349	224308.BSU27100	34.0	14
11134669	224308.BSU00880	33.9	40
11138629	224308.BSU39750	33.9	25
11135562	224308.BSU09710	33.8	45
11138427	224308.BSU37750	33.8	15
11135568	224308.BSU09770	33.8	54
11135497	224308.BSU09040	33.7	2
11136448	224308.BSU18310	33.7	506
11138052	224308.BSU34010	33.7	20
11134888	224308.BSU03070	33.6	33
11137286	224308.BSU26480	33.6	16
11135415	224308.BSU08230	33.5	10
11138625	224308.BSU39710	33.5	22
11136026	224308.BSU14150	33.4	7
11136609	224308.BSU19790	33.3	17
11136810	224308.BSU21760	33.3	12
11135908	224308.BSU13040	33.2	32
11136832	224308.BSU21980	33.2	16
11137058	224308.BSU24190	33.1	33
11134646	224308.BSU00650	33.1	24
11138276	224308.BSU36260	33.1	15
11136734	224308.BSU21020	33.1	14
11135578	224308.BSU09880	33.0	29
11134935	224308.BSU03530	32.9	45
11134858	224308.BSU02770	32.9	37
11137145	224308.BSU25060	32.9	8
11137777	224308.BSU31322	32.8	32
11136264	224308.BSU16480	32.8	14
11138444	224308.BSU37920	32.7	4
11137436	224308.BSU27930	32.7	26
11135376	224308.BSU07840	32.7	143
11138505	224308.BSU38510	32.6	39
11134608	224308.BSU00270	32.6	30
11137854	224308.BSU32100	32.6	37
11136735	224308.BSU21030	32.6	2
11137805	224308.BSU31600	32.6	42
11137121	224308.BSU24820	32.6	41
11137577	224308.BSU29330	32.4	35
11138592	224308.BSU39380	32.3	22
11137573	224308.BSU29290	32.3	46
11135309	224308.BSU07120	32.2	17
11138063	224308.BSU34120	32.2	30
11138302	224308.BSU36510	32.2	5
11134774	224308.BSU01935	32.1	42
11135143	224308.BSU05500	32.1	6
11137150	224308.BSU25110	32.1	11
11136377	224308.BSU17630	32.0	32
11135560	224308.BSU09690	32.0	17
11136330	224308.BSU17170	32.0	22
11136983	224308.BSU23460	32.0	14
11138016	224308.BSU33650	32.0	5
11135686	224308.BSU10940	31.9	28
11135018	224308.BSU04320	31.7	30
11138531	224308.BSU38770	31.7	16
11137298	224308.BSU26610	31.7	36
11134586	224308.BSU00050	31.7	14
11138390	224308.BSU37380	31.7	8
11135128	224308.BSU05370	31.7	40
11138639	224308.BSU39850	31.7	41
11136173	224308.BSU15580	31.6	10
11137727	224308.BSU30850	31.6	23
11135249	224308.BSU06550	31.5	16
11137565	224308.BSU29230	31.5	113
11137143	224308.BSU25040	31.5	36
11137500	224308.BSU28570	31.4	6
11136685	224308.BSU20560	31.4	17
11136669	224308.BSU20400	31.4	35
11138481	224308.BSU38280	31.4	33
11135887	224308.BSU12830	31.4	41
11136626	224308.BSU19980	31.3	7
11135639	224308.BSU10470	31.3	13
11135323	224308.BSU07280	31.3	34
11135646	224308.BSU10540	31.3	40
11136524	224308.BSU19000	31.3	103
11136526	224308.BSU19020	31.3	27
11135068	224308.BSU04810	31.2	16
11135820	224308.BSU12229	31.2	20
11135005	224308.BSU04190	31.1	32
11137293	224308.BSU26560	31.1	14
11136996	224308.BSU23580	31.1	18
11137107	224308.BSU24680	30.9	20
11136603	224308.BSU19740	30.9	50
11137986	224308.BSU33350	30.9	8
11135446	224308.BSU08550	30.9	7
11137284	224308.BSU26450	30.9	12
11135941	224308.BSU13360	30.8	17
11136085	224308.BSU14710	30.8	56
11137810	224308.BSU31650	30.7	29
11135280	224308.BSU06839	30.7	3
11135406	224308.BSU08140	30.5	23
11136708	224308.BSU20790	30.5	34
11135144	224308.BSU05510	30.5	10
11138091	224308.BSU34410	30.4	9
11138259	224308.BSU36090	30.4	7
11136195	224308.BSU15800	30.4	22
11136606	224308.BSU19760	30.3	47
11135861	224308.BSU12610	30.3	25
11138069	224308.BSU34180	30.2	20
11135914	224308.BSU13100	30.2	2
11135397	224308.BSU08050	30.2	21
11134949	224308.BSU03670	30.2	37
11135174	224308.BSU05800	30.2	4
11138537	224308.BSU38830	30.2	61
11136848	224308.BSU22120	30.2	39
11138021	224308.BSU33700	30.2	22
11134907	224308.BSU03260	30.1	20
11137214	224308.BSU25730	30.1	25
11136109	224308.BSU14950	30.1	5
11136595	224308.BSU19670	30.0	14
11135536	224308.BSU09440	30.0	56
11138716	224308.BSU40570	29.9	18
11138248	224308.BSU35980	29.9	12
11135215	224308.BSU06230	29.9	38
11137653	224308.BSU30110	29.8	20
11134597	224308.BSU00160	29.6	38
11136431	224308.BSU18150	29.6	35
11138754	224308.BSU40940	29.5	8
11135434	224308.BSU08425	29.5	66
11136637	224308.BSU20080	29.5	7
11137123	224308.BSU24840	29.5	56
11137648	224308.BSU30060	29.4	38
11138310	224308.BSU36590	29.4	54
11135453	224308.BSU08620	29.4	13
11135019	224308.BSU04330	29.4	19
11136698	224308.BSU20690	29.4	10
11136586	224308.BSU19600	29.4	16
11138350	224308.BSU36990	29.4	4
11138580	224308.BSU39270	29.3	33
11136611	224308.BSU19820	29.3	6
11138433	224308.BSU37810	29.3	11
11135192	224308.BSU05990	29.3	12
11137558	224308.BSU29160	29.2	22
11137890	224308.BSU32460	29.1	7
11138221	224308.BSU35710	29.1	14
11135822	224308.BSU12240	29.1	20
11138381	224308.BSU37290	29.1	18
11135723	224308.BSU11300	28.9	30
11136756	224308.BSU21230	28.9	5
11136495	224308.BSU18750	28.9	15
11134801	224308.BSU02210	28.8	27
11135668	224308.BSU10760	28.8	10
11138213	224308.BSU35630	28.8	64
11136222	224308.BSU16070	28.7	81
11135525	224308.BSU09330	28.7	11
11135756	224308.BSU11630	28.7	26
11135013	224308.BSU04270	28.7	42
11135041	224308.BSU04540	28.6	41
11134973	224308.BSU03890	28.6	40
11138110	224308.BSU34600	28.5	12
11138426	224308.BSU37740	28.5	23
11137189	224308.BSU25490	28.5	56
11136673	224308.BSU20440	28.4	10
11137938	224308.BSU32890	28.3	8
11137477	224308.BSU28330	28.3	7
11136117	224308.BSU15030	28.3	22
11135222	224308.BSU06290	28.3	32
11134869	224308.BSU02880	28.2	25
11138647	224308.BSU39930	28.2	20
11135121	224308.BSU05310	28.2	14
11135687	224308.BSU10950	28.1	21
11134638	224308.BSU00570	28.1	45
11138591	224308.BSU39370	28.0	25
11136484	224308.BSU18660	28.0	50
11138620	224308.BSU39660	28.0	19
11134744	224308.BSU01620	27.9	14
11137762	224308.BSU31200	27.9	36
11137645	224308.BSU30020	27.9	7
11136452	224308.BSU18350	27.9	36
11138096	224308.BSU34460	27.9	51
11136552	224308.BSU19270	27.8	5
11137215	224308.BSU25740	27.7	25
11138157	224308.BSU35060	27.7	35
11135378	224308.BSU07860	27.7	12
11134814	224308.BSU02340	27.7	23
11138701	224308.BSU40430	27.7	5
11138073	224308.BSU34220	27.6	30
11138077	224308.BSU34265	27.6	33
11137604	224308.BSU29600	27.6	21
11135106	224308.BSU05160	27.6	15
11138147	224308.BSU34960	27.6	11
11134824	224308.BSU02440	27.6	35
11138245	224308.BSU35950	27.5	14
11136925	224308.BSU22870	27.4	30
11135882	224308.BSU12780	27.4	14
11136888	224308.BSU22510	27.4	13
11135829	224308.BSU12310	27.4	32
11137304	224308.BSU26660	27.3	18
11134794	224308.BSU02140	27.3	66
11138007	224308.BSU33560	27.3	4
11136003	224308.BSU13940	27.3	13
11138328	224308.BSU36770	27.2	14
11136101	224308.BSU14870	27.2	16
11135154	224308.BSU05600	27.2	23
11137668	224308.BSU30270	27.0	36
11137581	224308.BSU29370	27.0	27
11135425	224308.BSU08330	27.0	24
11134805	224308.BSU02250	26.9	15
11137756	224308.BSU31140	26.9	13
11135364	224308.BSU07710	26.9	83
11138521	224308.BSU38670	26.9	4
11135670	224308.BSU10780	26.9	10
11137858	224308.BSU32140	26.8	27
11136977	224308.BSU23402	26.8	1
11134747	224308.BSU01650	26.8	45
11138554	224308.BSU39000	26.8	11
11136716	224308.BSU20870	26.7	16
11137299	224308.BSU26619	26.7	6
11138371	224308.BSU37190	26.6	36
11136712	224308.BSU20830	26.6	12
11136326	224308.BSU17130	26.6	7
11135529	224308.BSU09370	26.6	64
11135924	224308.BSU13190	26.5	19
11134855	224308.BSU02740	26.5	17
11137329	224308.BSU26910	26.5	16
11137538	224308.BSU28960	26.4	15
11135632	224308.BSU10400	26.4	26
11137242	224308.BSU26020	26.4	24
11137311	224308.BSU26730	26.4	16
11138458	224308.BSU38060	26.4	5
11135700	224308.BSU11080	26.4	17
11137270	224308.BSU26300	26.4	4
11138393	224308.BSU37410	26.3	28
11134979	224308.BSU03950	26.3	33
11135728	224308.BSU11350	26.2	18
11138228	224308.BSU35780	26.2	73
11138497	224308.BSU38440	26.1	11
11135368	224308.BSU07760	26.1	17
11136496	224308.BSU18760	26.1	13
11137027	224308.BSU23880	26.1	9
11138103	224308.BSU34530	26.0	24
11136092	224308.BSU14780	26.0	6
11136615	224308.BSU19860	26.0	9
11137130	224308.BSU24910	25.9	28
11137385	224308.BSU27460	25.8	30
11136868	224308.BSU22310	25.7	32
11134740	224308.BSU01580	25.7	12
11137845	224308.BSU32010	25.7	39
11138617	224308.BSU39630	25.7	30
11137937	224308.BSU32880	25.6	32
11135101	224308.BSU05110	25.6	10
11138603	224308.BSU39490	25.6	10
11137462	224308.BSU28180	25.6	5
11135170	224308.BSU05760	25.6	13
11134977	224308.BSU03930	25.6	25
11135278	224308.BSU06820	25.5	22
11135621	224308.BSU10290	25.5	15
11138095	224308.BSU34450	25.4	29
11137827	224308.BSU31820	25.4	6
11138400	224308.BSU37480	25.3	6
11137603	224308.BSU29590	25.1	28
11135566	224308.BSU09750	25.0	16
11137676	224308.BSU30350	25.0	11
11136623	224308.BSU19940	24.9	18
11134885	224308.BSU03040	24.9	40
11138654	224308.BSU40000	24.9	22
11135750	224308.BSU11570	24.9	15
11138010	224308.BSU33590	24.9	10
11135311	224308.BSU07140	24.9	14
11138415	224308.BSU37630	24.8	19
11135957	224308.BSU13510	24.8	8
11134835	224308.BSU02550	24.7	24
11137219	224308.BSU25790	24.7	32
11135427	224308.BSU08350	24.7	20
11136460	224308.BSU18430	24.6	23
11138165	224308.BSU35140	24.6	3
11138102	224308.BSU34520	24.6	40
11134806	224308.BSU02260	24.6	23
11135697	224308.BSU11055	24.6	32
11137236	224308.BSU25960	24.5	5
11135867	224308.BSU12650	24.5	31
11134914	224308.BSU03330	24.4	11
11135720	224308.BSU11270	24.4	4
11135678	224308.BSU10860	24.3	12
11137348	224308.BSU27090	24.3	20
11136118	224308.BSU15040	24.3	20
11136371	224308.BSU17570	24.2	22
11137752	224308.BSU31100	24.2	16
11135109	224308.BSU05190	24.1	11
11135514	224308.BSU09220	24.1	19
11138150	224308.BSU34990	24.1	16
11138727	224308.BSU40680	24.1	9
11134861	224308.BSU02800	23.9	29
11135416	224308.BSU08240	23.9	20
11135233	224308.BSU06390	23.9	4
11135812	224308.BSU12150	23.9	11
11135223	224308.BSU06300	23.9	63
11136044	224308.BSU14330	23.9	46
11136624	224308.BSU19950	23.9	16
11138194	224308.BSU35430	23.9	8
11137260	224308.BSU26210	23.8	18
11136748	224308.BSU21160	23.8	16
11138409	224308.BSU37570	23.7	7
11135798	224308.BSU12020	23.7	27
11138397	224308.BSU37450	23.6	9
11137050	224308.BSU24110	23.6	6
11138738	224308.BSU40790	23.6	5
11135481	224308.BSU08890	23.6	6
11134826	224308.BSU02460	23.5	30
11137308	224308.BSU26700	23.5	12
11136840	224308.BSU22040	23.4	16
11134764	224308.BSU01830	23.3	15
11137246	224308.BSU26075	23.3	56
11137263	224308.BSU26240	23.3	6
11136089	224308.BSU14750	23.2	8
11135540	224308.BSU09480	23.2	27
11134642	224308.BSU00610	23.2	17
11135353	224308.BSU07600	23.2	18
11134729	224308.BSU01470	23.2	15
11136491	224308.BSU18710	23.1	12
11136939	224308.BSU23010	23.1	10
11137754	224308.BSU31120	23.1	14
11137647	224308.BSU30050	23.1	20
11138491	224308.BSU38380	23.1	8
11138346	224308.BSU36950	23.0	17
11137970	224308.BSU33210	23.0	46
11135414	224308.BSU08220	23.0	38
11137059	224308.BSU24200	22.9	4
11134891	224308.BSU03100	22.9	20
11136250	224308.BSU16340	22.9	15
11135149	224308.BSU05550	22.8	4
11137546	224308.BSU29040	22.8	8
11137703	224308.BSU30620	22.7	10
11135470	224308.BSU08780	22.6	8
11135733	224308.BSU11410	22.6	10
11135288	224308.BSU06910	22.6	10
11135248	224308.BSU06540	22.5	10
11136299	224308.BSU16825	22.4	9
11135931	224308.BSU13260	22.4	36
11136459	224308.BSU18420	22.3	20
11137685	224308.BSU30440	22.3	6
11137280	224308.BSU26410	22.3	10
11135843	224308.BSU12450	22.2	6
11137981	224308.BSU33300	22.2	12
11135345	224308.BSU07510	22.1	10
11136480	224308.BSU18620	22.1	26
11136393	224308.BSU17780	22.1	19
11137960	224308.BSU33110	22.1	20
11134804	224308.BSU02240	22.0	25
11136593	224308.BSU19660	22.0	8
11137015	224308.BSU23760	21.9	27
11138204	224308.BSU35530	21.9	16
11135476	224308.BSU08840	21.9	33
11136785	224308.BSU21510	21.9	22
11136478	224308.BSU18600	21.8	7
11136719	224308.BSU20900	21.8	4
11135795	224308.BSU11990	21.8	6
11136534	224308.BSU19100	21.8	22
11138065	224308.BSU34140	21.7	11
11137478	224308.BSU28340	21.6	28
11138116	224308.BSU34660	21.6	16
11137514	224308.BSU28710	21.6	14
11135554	224308.BSU09630	21.5	2
11138020	224308.BSU33690	21.4	28
11135384	224308.BSU07920	21.4	10
11136676	224308.BSU20470	21.3	34
11135208	224308.BSU06160	21.2	16
11137990	224308.BSU33390	21.2	4
11138694	224308.BSU40360	21.2	30
11134739	224308.BSU01570	21.2	15
11137758	224308.BSU31160	21.2	23
11138512	224308.BSU38580	21.1	17
11136932	224308.BSU22940	21.0	9
11135885	224308.BSU12810	21.0	43
11134727	224308.BSU01450	21.0	16
11135413	224308.BSU08210	21.0	30
11136436	224308.BSU18200	20.9	29
11137079	224308.BSU24400	20.9	20
11136903	224308.BSU22670	20.8	55
11136159	224308.BSU15440	20.8	8
11135872	224308.BSU12690	20.7	18
11134937	224308.BSU03550	20.7	22
11135009	224308.BSU04230	20.6	19
11135736	224308.BSU11440	20.6	14
11136814	224308.BSU21800	20.5	15
11137963	224308.BSU33140	20.4	32
11138396	224308.BSU37440	20.4	13
11136693	224308.BSU20640	20.3	13
11136439	224308.BSU18230	20.3	23
11138060	224308.BSU34090	20.2	23
11134748	224308.BSU01660	20.2	30
11136660	224308.BSU20310	20.1	2
11135347	224308.BSU07530	20.1	10
11136578	224308.BSU19530	20.1	12
11135690	224308.BSU10980	20.0	47
11136337	224308.BSU17240	20.0	6
11138466	224308.BSU38140	19.9	2
11136619	224308.BSU19900	19.9	1
11135294	224308.BSU06970	19.9	31
11135072	224308.BSU04840	19.7	5
11138446	224308.BSU37940	19.7	17
11134943	224308.BSU03620	19.7	24
11135308	224308.BSU07110	19.7	15
11135036	224308.BSU04500	19.7	13
11136411	224308.BSU17960	19.6	8
11135383	224308.BSU07910	19.6	28
11136686	224308.BSU20570	19.6	6
11135901	224308.BSU12970	19.6	12
11136691	224308.BSU20620	19.6	2
11136950	224308.BSU23130	19.5	10
11137649	224308.BSU30070	19.4	22
11135142	224308.BSU05490	19.2	19
11134763	224308.BSU01820	19.2	9
11136320	224308.BSU17070	19.1	15
11136747	224308.BSU21150	19.0	17
11138036	224308.BSU33850	19.0	13
11137790	224308.BSU31450	18.9	15
11138210	224308.BSU35590	18.9	34
11138740	224308.BSU40810	18.8	24
11137793	224308.BSU31480	18.8	10
11134777	224308.BSU01970	18.8	11
11137088	224308.BSU24490	18.8	25
11134837	224308.BSU02570	18.7	24
11135895	224308.BSU12910	18.6	16
11135448	224308.BSU08570	18.5	8
11135873	224308.BSU12700	18.5	21
11137940	224308.BSU32910	18.5	6
11136900	224308.BSU22630	18.4	17
11135573	224308.BSU09830	18.4	26
11138339	224308.BSU36880	18.4	7
11134828	224308.BSU02480	18.3	10
11136699	224308.BSU20700	18.3	6
11134905	224308.BSU03240	18.3	17
11135478	224308.BSU08860	18.2	32
11136607	224308.BSU19770	18.2	6
11136605	224308.BSU19750	18.1	18
11135898	224308.BSU12940	18.0	18
11137670	224308.BSU30290	17.9	11
11136018	224308.BSU14072	17.8	13
11137225	224308.BSU25850	17.7	3
11138226	224308.BSU35760	17.7	42
11138018	224308.BSU33670	17.7	9
11137182	224308.BSU25420	17.7	16
11137213	224308.BSU25720	17.6	12
11136486	224308.BSU18670	17.6	29
11135904	224308.BSU13000	17.5	18
11138608	224308.BSU39540	17.5	11
11134743	224308.BSU01610	17.4	7
11136754	224308.BSU21220	17.4	13
11138667	224308.BSU40120	17.4	6
11135557	224308.BSU09660	17.4	12
11134818	224308.BSU02380	17.3	4
11135910	224308.BSU13060	17.3	8
11138687	224308.BSU40290	17.3	8
11136923	224308.BSU22860	17.2	3
11135527	224308.BSU09350	17.2	8
11135577	224308.BSU09870	17.1	5
11138528	224308.BSU38740	17.1	37
11136497	224308.BSU18770	17.0	18
11137702	224308.BSU30610	17.0	17
11136342	224308.BSU17290	16.9	4
11135983	224308.BSU13770	16.7	12
11135351	224308.BSU07580	16.7	31
11135656	224308.BSU10640	16.7	23
11137424	224308.BSU27810	16.7	12
11135611	224308.BSU10180	16.6	13
11138384	224308.BSU37320	16.6	14
11137116	224308.BSU24770	16.5	4
11136112	224308.BSU14980	16.5	2
11137769	224308.BSU31270	16.5	17
11138668	224308.BSU40130	16.4	15
11135417	224308.BSU08250	16.4	22
11137516	224308.BSU28730	16.3	14
11136724	224308.BSU20930	16.2	2
11137887	224308.BSU32430	16.1	12
11135355	224308.BSU07620	16.0	9
11137935	224308.BSU32860	15.8	4
11137307	224308.BSU26690	15.8	18
11135125	224308.BSU05340	15.8	12
11135555	224308.BSU09640	15.7	9
11134950	224308.BSU03680	15.7	17
11137319	224308.BSU26820	15.7	11
11136104	224308.BSU14900	15.6	16
11135757	224308.BSU11640	15.5	28
11136134	224308.BSU15190	15.5	8
11138710	224308.BSU40520	15.4	6
11138613	224308.BSU39590	15.4	2
11137503	224308.BSU28600	15.4	8
11136658	224308.BSU20290	15.4	2
11135270	224308.BSU06750	15.3	7
11136233	224308.BSU16180	15.3	6
11134892	224308.BSU03110	15.3	17
11134987	224308.BSU04020	15.3	7
11136765	224308.BSU21320	15.2	16
11136560	224308.BSU19350	15.2	6
11137029	224308.BSU23900	15.2	8
11138169	224308.BSU35180	15.1	2
11136457	224308.BSU18400	15.1	4
11134770	224308.BSU01890	15.1	12
11136102	224308.BSU14880	14.9	6
11136936	224308.BSU22980	14.9	12
11136354	224308.BSU17410	14.9	12
11137862	224308.BSU32180	14.8	14
11137247	224308.BSU26089	14.8	4
11138659	224308.BSU40040	14.8	12
11138296	224308.BSU36450	14.8	18
11138703	224308.BSU40450	14.8	2
11138081	224308.BSU34310	14.7	9
11134964	224308.BSU03800	14.7	13
11138299	224308.BSU36480	14.7	6
11136087	224308.BSU14730	14.7	16
11136841	224308.BSU22050	14.6	23
11135930	224308.BSU13250	14.6	10
11134984	224308.BSU03990	14.5	37
11136160	224308.BSU15450	14.5	8
11134939	224308.BSU03580	14.5	4
11137802	224308.BSU31570	14.5	5
11137147	224308.BSU25080	14.3	4
11137078	224308.BSU24390	14.3	26
11137287	224308.BSU26490	14.3	8
11138066	224308.BSU34150	14.2	4
11135494	224308.BSU09010	14.2	6
11137126	224308.BSU24870	14.2	10
11138388	224308.BSU37360	14.2	2
11136647	224308.BSU20180	14.2	5
11135432	224308.BSU08400	14.1	15
11136980	224308.BSU23430	14.1	1
11137809	224308.BSU31640	14.0	7
11135182	224308.BSU05880	14.0	18
11135551	224308.BSU09600	13.9	2
11138567	224308.BSU39140	13.9	5
11138432	224308.BSU37800	13.9	6
11134989	224308.BSU04039	13.7	10
11135801	224308.BSU12050	13.7	4
11136711	224308.BSU20820	13.5	5
11135445	224308.BSU08540	13.5	6
11136718	224308.BSU20890	13.5	9
11138109	224308.BSU34590	13.5	10
11138100	224308.BSU34500	13.4	1
11134741	224308.BSU01590	13.3	3
11135622	224308.BSU10300	13.3	9
11136641	224308.BSU20120	13.2	4
11136432	224308.BSU18160	13.2	16
11137904	224308.BSU32590	13.1	20
11135640	224308.BSU10480	13.0	3
11134893	224308.BSU03120	13.0	12
11136483	224308.BSU18650	12.8	15
11138492	224308.BSU38390	12.7	9
11136675	224308.BSU20460	12.7	13
11135809	224308.BSU12120	12.6	2
11134903	224308.BSU03220	12.6	38
11135660	224308.BSU10680	12.5	4
11137642	224308.BSU29990	12.3	4
11135637	224308.BSU10450	12.0	14
11135405	224308.BSU08130	12.0	18
11135367	224308.BSU07750	11.9	17
11137300	224308.BSU26620	11.9	12
11134968	224308.BSU03840	11.8	7
11134965	224308.BSU03810	11.7	4
11137241	224308.BSU26010	11.7	18
11135148	224308.BSU05540	11.7	8
11138464	224308.BSU38120	11.7	4
11136513	224308.BSU18900	11.6	4
11136943	224308.BSU23050	11.5	4
11137808	224308.BSU31630	11.5	16
11134927	224308.BSU03450	11.4	5
11136610	224308.BSU19800	11.4	12
11137818	224308.BSU31730	11.3	4
11136971	224308.BSU23350	11.2	2
11134992	224308.BSU04060	11.2	10
11138486	224308.BSU38330	11.2	12
11138047	224308.BSU33960	11.2	20
11137404	224308.BSU27630	11.0	4
11138706	224308.BSU40480	11.0	12
11137109	224308.BSU24700	11.0	8
11136243	224308.BSU16280	10.8	3
11138097	224308.BSU34470	10.5	10
11137447	224308.BSU28040	10.5	8
11135099	224308.BSU05100	10.2	12
11136399	224308.BSU17840	10.2	8
11137744	224308.BSU31020	10.2	1
11138355	224308.BSU37040	10.1	5
11134842	224308.BSU02619	9.96	4
11135743	224308.BSU11510	9.87	2
11136492	224308.BSU18720	9.87	10
11135875	224308.BSU12720	9.73	8
11137714	224308.BSU30720	9.52	8
11138156	224308.BSU35050	9.5	4
11136398	224308.BSU17830	9.47	5
11137669	224308.BSU30280	9.39	6
11138736	224308.BSU40770	9.35	7
11138473	224308.BSU38210	9.14	6
11135672	224308.BSU10800	9.13	6
11136001	224308.BSU13920	9.1	2
11134947	224308.BSU03652	9.06	6
11134834	224308.BSU02540	9.02	3
11135315	224308.BSU07200	9.01	2
11138146	224308.BSU34950	8.85	12
11136759	224308.BSU21260	8.73	8
11136845	224308.BSU22090	8.69	4
11138581	224308.BSU39280	8.68	2
11135285	224308.BSU06880	8.66	5
11137534	224308.BSU28920	8.5	8
11135955	224308.BSU13500	8.46	6
11134738	224308.BSU01560	8.45	4
11136487	224308.BSU18680	8.38	4
11134919	224308.BSU03370	8.37	5
11136721	224308.BSU20920	8.27	2
11138231	224308.BSU35810	8.26	7
11138436	224308.BSU37840	8.11	10
11135958	224308.BSU13520	8.1	6
11136456	224308.BSU18390	8.05	6
11138323	224308.BSU36720	8.03	2
11137557	224308.BSU29150	8.0	4
11137532	224308.BSU28900	7.98	6
11137755	224308.BSU31130	7.9	14
11137992	224308.BSU33410	7.82	2
11136211	224308.BSU15960	7.72	2
11135110	224308.BSU05200	7.69	2
11138264	224308.BSU36140	7.58	2
11135890	224308.BSU12860	7.58	8
11136370	224308.BSU17560	7.53	4
11136768	224308.BSU21340	7.51	3
11137381	224308.BSU27420	7.26	6
11136692	224308.BSU20630	6.97	3
11138487	224308.BSU38340	6.96	3
11135834	224308.BSU12360	6.91	4
11134836	224308.BSU02560	6.88	8
11138145	224308.BSU34940	6.85	8
11137655	224308.BSU30135	6.82	9
11137966	224308.BSU33170	6.75	3
11136253	224308.BSU16370	6.68	4
11138023	224308.BSU33720	6.6	6
11137127	224308.BSU24880	6.51	8
11135913	224308.BSU13090	6.4	2
11135076	224308.BSU04880	6.35	2
11136362	224308.BSU17490	6.27	2
11136805	224308.BSU21710	6.25	8
11137314	224308.BSU26770	6.04	4
11136783	224308.BSU21490	6.03	2
11135552	224308.BSU09610	5.95	2
11138494	224308.BSU38410	5.94	6
11135151	224308.BSU05570	5.91	4
11136577	224308.BSU19520	5.91	6
11137032	224308.BSU23930	5.88	4
11135788	224308.BSU11929	5.66	6
11135575	224308.BSU09850	5.47	4
11136361	224308.BSU17480	5.44	4
11138634	224308.BSU39800	5.43	2
11137517	224308.BSU28740	5.39	4
11138149	224308.BSU34980	5.38	14
11135165	224308.BSU05710	5.38	9
11136136	224308.BSU15210	5.31	1
11137658	224308.BSU30170	5.28	5
11136015	224308.BSU14050	5.27	10
11138518	224308.BSU38640	5.18	2
11135594	224308.BSU10010	5.17	2
11136921	224308.BSU22849	5.12	6
11136991	224308.BSU23530	4.88	6
11136504	224308.BSU18840	4.86	4
11137713	224308.BSU30710	4.78	6
11136627	224308.BSU19990	4.78	2
11138452	224308.BSU38000	4.75	2
11138239	224308.BSU35890	4.69	8
11137444	224308.BSU28010	4.68	2
11138172	224308.BSU35210	4.63	2
11135806	224308.BSU12090	4.58	2
11137770	224308.BSU31279	4.55	8
11137303	224308.BSU26650	4.52	4
11135559	224308.BSU09680	4.5	2
11136502	224308.BSU18820	4.42	1
11135874	224308.BSU12710	4.4	1
11137580	224308.BSU29360	4.28	4
11135664	224308.BSU10720	4.14	3
11134753	224308.BSU01710	4.09	2
11135088	224308.BSU05000	3.98	6
11138712	224308.BSU40530	3.86	3
11138519	224308.BSU38650	3.83	2
11136852	224308.BSU22160	3.76	2
11136107	224308.BSU14930	3.56	2
11138475	224308.BSU38229	3.51	4
11137778	224308.BSU31330	3.39	2
11137423	224308.BSU27809	3.31	2
11137806	224308.BSU31610	3.16	2
11136890	224308.BSU22530	3.07	2
11134887	224308.BSU03060	3.06	6
11138742	224308.BSU40830	3.02	2
11136672	224308.BSU20430	2.94	2
11135777	224308.BSU11839	2.85	6
11134954	224308.BSU03720	2.82	2
11136440	224308.BSU18239	2.8	6
11137384	224308.BSU27450	2.78	4
11135048	224308.BSU04610	2.63	4
11135520	224308.BSU09280	2.54	1
11135866	224308.BSU12649	2.27	2
11135219	224308.BSU06269	1.9	2
11135663	224308.BSU10710	1.9	2
11138453	224308.BSU38018	1.82	6
11137142	224308.BSU25030	1.68	2
11136592	224308.BSU19650	1.66	5
11137974	224308.BSU33239	1.58	4
11137945	224308.BSU32980	1.45	2
11137339	224308.BSU27009	1.3	2
11135287	224308.BSU06900	1.23	4
11135699	224308.BSU11079	1.19	10
11135482	224308.BSU08899	1.12	2
11137251	224308.BSU26120	1.01	4
11134776	224308.BSU01960	0.577	2
