#id: 3749371266
#name: S.cerevisiae - Whole organism, SC (Peptideatlas,may,2009)
#score: 23.32
#weight:  60%
#description: abundance based on Spectral counting, Interaction consistency score: 23.32, Coverage: 62
#organ: WHOLE_ORGANISM
#integrated: false
#coverage: 62
#link: https://db.systemsbiology.net/sbeams/cgi/PeptideAtlas/defaultBuildsPepsProts?_subtab=3
#publication_year: 2009
#filename: 4932-Yeast_2009-0522.txt
#
#internal_id	string_external_id	abundance	raw_spectral_count
1862064	4932.YJL189W	30059	418
1861191	4932.YGR192C	29300	108316
1862335	4932.YKL060C	19345	75420
1861564	4932.YHR174W	18280	109875
1864248	4932.YOL086C	17240	44726
1858663	4932.YAL038W	16419	73279
1859281	4932.YCR012W	14489	58888
1862734	4932.YLR044C	13471	73205
1859701	4932.YDR050C	12810	21657
1858995	4932.YBR118W	11906	66858
1865141	4932.YPR080W	11906	66858
1862765	4932.YLR075W	9679	6778
1862800	4932.YLR109W	8858	17789
1861255	4932.YGR254W	8838	66165
1862113	4932.YJR009C	8208	61727
1862435	4932.YKL152C	6327	14745
1864293	4932.YOL127W	5610	3628
1864199	4932.YOL040C	5277	4689
1858840	4932.YBL092W	5219	2249
1862229	4932.YJR123W	5218	6754
1860836	4932.YGL123W	5047	10138
1862962	4932.YLR249W	4949	42913
1861107	4932.YGR118W	4915	4200
1865193	4932.YPR132W	4915	4200
1859672	4932.YDR025W	4819	6887
1858916	4932.YBR048W	4819	6887
1862877	4932.YLR167W	4778	7704
1863236	4932.YML028W	4757	9711
1859527	4932.YDL136W	4706	4050
1859586	4932.YDL191W	4706	4050
1863480	4932.YMR116C	4652	15658
1860741	4932.YGL031C	4418	2034
1861919	4932.YJL052W	4275	37494
1860815	4932.YGL103W	3989	2698
1858620	4932.YAL003W	3847	5921
1863907	4932.YNL178W	3820	8335
1861374	4932.YHR010W	3751	4677
1861140	4932.YGR148C	3679	1825
1859461	4932.YDL075W	3597	3592
1864731	4932.YOR369C	3558	5865
1859447	4932.YDL061C	3548	1728
1858622	4932.YAL005C	3516	41249
1863079	4932.YLR355C	3480	12223
1864439	4932.YOR096W	3472	5222
1861007	4932.YGR027C	3454	1718
1863055	4932.YLR333C	3406	1705
1863062	4932.YLR340W	3405	6494
1862718	4932.YLR029C	3266	3789
1860612	4932.YFL039C	3261	12677
1860418	4932.YER074W	3243	3951
1861705	4932.YIL069C	3243	3951
1864404	4932.YOR063W	3242	9691
1859624	4932.YDL229W	3226	32411
1860848	4932.YGL135W	3225	9312
1864988	4932.YPL220W	3225	9312
1862643	4932.YLL024C	3186	39187
1859081	4932.YBR196C	3117	15373
1863790	4932.YNL069C	3113	3320
1862664	4932.YLL045C	3100	8799
1864033	4932.YNL301C	3090	3692
1864286	4932.YOL120C	3090	3692
1861319	4932.YHL015W	3086	3548
1860065	4932.YDR382W	3052	4072
1863276	4932.YML063W	3043	9650
1859810	4932.YDR155C	3031	5003
1863115	4932.YLR388W	3016	1495
1858899	4932.YBR031W	3008	17464
1861599	4932.YHR203C	2978	7192
1862253	4932.YJR145C	2978	7192
1860157	4932.YDR471W	2960	4264
1863047	4932.YLR325C	2943	1196
1859658	4932.YDR012W	2916	17093
1864895	4932.YPL131W	2909	7219
1863175	4932.YLR441C	2872	9415
1863938	4932.YNL209W	2816	30176
1861340	4932.YHL033C	2795	8209
1861790	4932.YIL148W	2786	5357
1862605	4932.YKR094C	2786	5357
1864823	4932.YPL061W	2756	13660
1865019	4932.YPL249C-A	2749	1938
1863134	4932.YLR406C	2745	3040
1862277	4932.YKL006W	2694	3527
1861301	4932.YHL001W	2639	3468
1863510	4932.YMR142C	2624	3705
1864198	4932.YOL039W	2612	4119
1860969	4932.YGL253W	2533	11937
1860279	4932.YEL034W	2525	6026
1860473	4932.YER117W	2503	6669
1858834	4932.YBL087C	2503	6669
1864852	4932.YPL090C	2449	6885
1859064	4932.YBR181C	2449	6885
1860378	4932.YER043C	2448	8629
1863067	4932.YLR344W	2440	2397
1860717	4932.YGL008C	2438	26520
1863234	4932.YML026C	2432	5205
1860134	4932.YDR450W	2432	5205
1860068	4932.YDR385W	2378	35800
1864477	4932.YOR133W	2378	35800
1862500	4932.YKL216W	2376	4866
1860102	4932.YDR418W	2340	7881
1860301	4932.YEL054C	2340	7881
1864908	4932.YPL143W	2331	1561
1858877	4932.YBR011C	2310	5519
1860445	4932.YER091C	2294	16246
1864034	4932.YNL302C	2276	5226
1860860	4932.YGL147C	2261	6414
1860396	4932.YER056C-A	2259	1620
1862980	4932.YLR264W	2256	1227
1864516	4932.YOR167C	2256	1227
1861686	4932.YIL052C	2247	1615
1862066	4932.YJL191W	2209	4408
1864287	4932.YOL121C	2208	5179
1862751	4932.YLR061W	2205	2311
1864798	4932.YPL037C	2169	2570
1864466	4932.YOR122C	2165	1994
1862465	4932.YKL180W	2151	4365
1863232	4932.YML024W	2142	4555
1860131	4932.YDR447C	2142	4555
1863688	4932.YMR303C	2119	11506
1858875	4932.YBR009C	2112	1903
1863748	4932.YNL030W	2112	1903
1859073	4932.YBR189W	2111	3684
1861017	4932.YGR034W	2084	2192
1862209	4932.YJR104C	2082	2822
1862926	4932.YLR216C	2080	5520
1863561	4932.YMR186W	2079	18422
1862009	4932.YJL136C	2077	2192
1862844	4932.YLR150W	2057	4520
1860268	4932.YEL026W	2043	2040
1864869	4932.YPL106C	2042	13546
1859441	4932.YDL055C	2008	8392
1862895	4932.YLR185W	1993	613
1863572	4932.YMR194W	1984	1583
1862052	4932.YJL177W	1975	4097
1862246	4932.YJR139C	1967	5581
1859715	4932.YDR064W	1960	2686
1864218	4932.YOL058W	1946	5189
1860788	4932.YGL076C	1936	6844
1863286	4932.YML073C	1932	3142
1862567	4932.YKR057W	1931	2105
1863486	4932.YMR121C	1919	2573
1862065	4932.YJL190C	1900	4393
1859891	4932.YDR226W	1892	3018
1861687	4932.YIL053W	1891	6041
1864966	4932.YPL198W	1882	6691
1858876	4932.YBR010W	1881	871
1863749	4932.YNL031C	1881	871
1860740	4932.YGL030W	1877	2362
1859468	4932.YDL082W	1870	3371
1863775	4932.YNL055C	1865	5183
1863094	4932.YLR367W	1832	4261
1859305	4932.YCR031C	1802	4286
1859469	4932.YDL083C	1795	4226
1863511	4932.YMR143W	1795	4226
1861473	4932.YHR089C	1794	1188
1863786	4932.YNL067W	1777	5759
1858819	4932.YBL072C	1764	5117
1860458	4932.YER102W	1764	5117
1858767	4932.YBL027W	1740	2939
1858956	4932.YBR084C-A	1740	2939
1861646	4932.YIL018W	1731	5784
1860676	4932.YFR031C-A	1731	5784
1859467	4932.YDL081C	1718	1940
1859519	4932.YDL130W	1703	2016
1861773	4932.YIL133C	1700	2238
1864797	4932.YPL036W	1690	20380
1864588	4932.YOR234C	1676	1296
1858954	4932.YBR082C	1641	1169
1861021	4932.YGR037C	1610	750
1864668	4932.YOR312C	1594	3023
1863621	4932.YMR242C	1594	3023
1863984	4932.YNL255C	1589	1846
1863182	4932.YLR448W	1586	2881
1860547	4932.YER177W	1575	6605
1863078	4932.YLR354C	1562	4487
1860718	4932.YGL009C	1555	10211
1863817	4932.YNL096C	1551	3056
1859688	4932.YDR037W	1542	6591
1864275	4932.YOL109W	1527	735
1860582	4932.YFL014W	1525	1041
1859889	4932.YDR224C	1492	1959
1858628	4932.YAL012W	1489	4405
1858738	4932.YBL002W	1486	1978
1864843	4932.YPL081W	1452	3369
1861214	4932.YGR214W	1445	7098
1862738	4932.YLR048W	1435	7081
1859813	4932.YDR158W	1418	4591
1862440	4932.YKL156W	1415	2284
1861385	4932.YHR021C	1415	2284
1861604	4932.YHR208W	1414	6233
1859753	4932.YDR099W	1409	5746
1863006	4932.YLR287C-A	1396	447
1864531	4932.YOR182C	1396	447
1865009	4932.YPL240C	1394	15290
1862973	4932.YLR259C	1382	8188
1861147	4932.YGR155W	1381	6392
1863433	4932.YMR072W	1368	840
1861587	4932.YHR193C	1356	2501
1865103	4932.YPR043W	1355	1774
1862199	4932.YJR094W-A	1355	1774
1862331	4932.YKL056C	1351	1865
1864652	4932.YOR298C-A	1351	827
1862210	4932.YJR105W	1346	5330
1861685	4932.YIL051C	1342	1975
1858893	4932.YBR025C	1334	5180
1861234	4932.YGR234W	1319	5574
1863783	4932.YNL064C	1308	4002
1860187	4932.YDR502C	1300	5988
1864737	4932.YOR375C	1275	6567
1860533	4932.YER165W	1259	6797
1860903	4932.YGL189C	1259	1521
1858771	4932.YBL030C	1258	4336
1861409	4932.YHR039C-A	1248	574
1860185	4932.YDR500C	1248	379
1863860	4932.YNL135C	1237	1874
1862890	4932.YLR180W	1234	5910
1863973	4932.YNL244C	1226	1371
1861209	4932.YGR209C	1224	1532
1862150	4932.YJR045C	1216	8691
1859075	4932.YBR191W	1213	2184
1860488	4932.YER131W	1166	1429
1859647	4932.YDR002W	1162	1418
1863800	4932.YNL079C	1145	1345
1859007	4932.YBR127C	1120	6429
1864691	4932.YOR332W	1109	1755
1862121	4932.YJR016C	1105	5585
1861577	4932.YHR183W	1088	6908
1862733	4932.YLR043C	1073	1164
1865094	4932.YPR035W	1067	2490
1864841	4932.YPL079W	1049	1998
1862358	4932.YKL081W	1036	4800
1859890	4932.YDR225W	1035	1564
1858739	4932.YBL003C	1035	1564
1865210	4932.YPR145W	1023	6059
1862467	4932.YKL182W	1019	20363
1861072	4932.YGR085C	1007	2898
1865162	4932.YPR102C	1007	2898
1860678	4932.YFR032C-A	1003	110
1859142	4932.YBR249C	991	3585
1864647	4932.YOR293W	953	2280
1859398	4932.YDL014W	951	2057
1863608	4932.YMR230W	945	2263
1865000	4932.YPL231W	944	17320
1860028	4932.YDR353W	944	3243
1859330	4932.YCR053W	939	5044
1858944	4932.YBR072W	938	2444
1861529	4932.YHR141C	930	296
1863890	4932.YNL162W	930	296
1861440	4932.YHR064C	928	5177
1862635	4932.YLL018C	924	4134
1863345	4932.YML126C	923	3937
1860817	4932.YGL105W	922	2713
1861115	4932.YGR124W	900	5723
1862748	4932.YLR058C	900	4238
1860736	4932.YGL026C	898	5962
1862012	4932.YJL138C	898	8295
1862569	4932.YKR059W	898	8295
1862669	4932.YLL050C	897	1729
1861240	4932.YGR240C	896	9687
1862227	4932.YJR121W	873	5346
1864789	4932.YPL028W	860	3894
1859670	4932.YDR023W	857	4181
1862907	4932.YLR197W	855	4030
1860961	4932.YGL245W	852	5703
1865134	4932.YPR074C	835	6041
1863445	4932.YMR083W	834	4020
1863583	4932.YMR205C	817	6404
1861074	4932.YGR087C	809	12726
1861570	4932.YHR179W	808	3023
1860459	4932.YER103W	800	14565
1859249	4932.YCL050C	797	2193
1858847	4932.YBL099W	796	3906
1861073	4932.YGR086C	782	2643
1860618	4932.YFL045C	777	2296
1863118	4932.YLR390W-A	773	1829
1864551	4932.YOR198C	770	2101
1859679	4932.YDR032C	765	1230
1861383	4932.YHR019C	764	3714
1859515	4932.YDL126C	761	6746
1863213	4932.YML008C	760	2845
1860703	4932.YFR053C	755	4181
1862826	4932.YLR134W	746	11923
1859241	4932.YCL043C	745	4548
1859580	4932.YDL185W	743	8806
1862182	4932.YJR077C	736	2627
1861384	4932.YHR020W	734	4742
1862716	4932.YLR027C	733	3079
1862977	4932.YLR262C-A	726	156
1861287	4932.YGR285C	725	2212
1864366	4932.YOR027W	723	3131
1863024	4932.YLR304C	722	4186
1861862	4932.YIR037W	719	390
1863604	4932.YMR226C	715	1842
1864920	4932.YPL154C	700	1993
1864480	4932.YOR136W	691	1508
1860291	4932.YEL046C	679	2949
1860917	4932.YGL202W	674	3094
1861284	4932.YGR282C	665	1557
1861341	4932.YHL034C	657	1688
1859471	4932.YDL085C-A	655	38
1864765	4932.YPL004C	651	2078
1860397	4932.YER057C	646	1116
1861900	4932.YJL034W	638	5051
1864358	4932.YOR020C	635	561
1862214	4932.YJR109C	634	7023
1862889	4932.YLR179C	627	1319
1858950	4932.YBR078W	627	2155
1860064	4932.YDR381W	621	494
1858823	4932.YBL076C	621	6267
1862645	4932.YLL026W	618	4709
1863023	4932.YLR303W	614	2735
1862750	4932.YLR060W	613	3258
1860588	4932.YFL018C	610	2814
1863012	4932.YLR293C	608	2304
1862343	4932.YKL067W	599	777
1860116	4932.YDR432W	598	1167
1860610	4932.YFL037W	586	1574
1859452	4932.YDL066W	585	2431
1861151	4932.YGR159C	581	1580
1861179	4932.YGR180C	580	2042
1859587	4932.YDL192W	578	1808
1860356	4932.YER023W	578	1525
1864666	4932.YOR310C	573	2551
1859898	4932.YDR233C	573	1818
1860319	4932.YEL071W	570	3404
1859470	4932.YDL084W	566	2622
1860358	4932.YER025W	563	2203
1861081	4932.YGR094W	561	5656
1859208	4932.YCL009C	554	2409
1863837	4932.YNL113W	553	885
1859513	4932.YDL124W	551	1839
1863595	4932.YMR217W	550	3160
1864534	4932.YOR185C	547	2231
1861372	4932.YHR008C	544	876
1865112	4932.YPR052C	542	208
1859722	4932.YDR071C	542	1229
1864309	4932.YOL143C	539	932
1858822	4932.YBL075C	539	13398
1861391	4932.YHR025W	539	1256
1860262	4932.YEL020W-A	535	268
1858981	4932.YBR106W	535	1277
1862658	4932.YLL039C	531	4828
1862309	4932.YKL035W	529	2776
1863727	4932.YNL010W	529	1232
1859180	4932.YBR286W	527	2513
1860593	4932.YFL022C	526	1886
1864557	4932.YOR204W	526	4339
1865258	4932.YPR183W	524	1424
1863680	4932.YMR295C	522	427
1860548	4932.YER178W	517	1791
1859528	4932.YDL137W	509	1655
1863291	4932.YML078W	507	717
1858998	4932.YBR121C	502	3623
1862362	4932.YKL085W	500	1700
1860199	4932.YDR513W	499	814
1859228	4932.YCL030C	498	3329
1860394	4932.YER055C	496	1612
1865266	4932.YPR191W	494	1753
1864533	4932.YOR184W	490	2028
1861368	4932.YHR005C-A	485	525
1862847	4932.YLR153C	479	2449
1860138	4932.YDR454C	479	943
1859110	4932.YBR221C	479	1295
1860861	4932.YGL148W	478	1912
1863792	4932.YNL071W	477	1354
1861715	4932.YIL078W	477	3036
1860466	4932.YER110C	476	5606
1864342	4932.YOR007C	475	1585
1858670	4932.YAL044C	472	525
1860747	4932.YGL037C	469	1245
1861512	4932.YHR128W	468	1071
1863164	4932.YLR432W	467	4340
1859238	4932.YCL040W	465	2607
1862111	4932.YJR007W	465	1558
1864074	4932.YNR001C	460	1858
1863732	4932.YNL015W	460	357
1858958	4932.YBR085C-A	456	289
1861184	4932.YGR185C	456	1767
1859968	4932.YDR298C	455	748
1859157	4932.YBR263W	455	1756
1862175	4932.YJR070C	451	1617
1864926	4932.YPL160W	451	5117
1863731	4932.YNL014W	450	8332
1863724	4932.YNL007C	444	938
1863888	4932.YNL160W	443	1276
1863472	4932.YMR108W	438	2594
1863489	4932.YMR123W	435	7
1863441	4932.YMR079W	435	1259
1862042	4932.YJL167W	435	1824
1864305	4932.YOL139C	434	930
1864127	4932.YNR050C	431	1879
1862494	4932.YKL210W	431	4277
1860016	4932.YDR341C	430	2594
1860818	4932.YGL106W	428	505
1859233	4932.YCL035C	424	592
1863828	4932.YNL104C	419	2643
1865237	4932.YPR165W	417	745
1860403	4932.YER062C	417	2325
1860950	4932.YGL234W	417	3079
1860611	4932.YFL038C	414	688
1861423	4932.YHR051W	409	397
1859534	4932.YDL143W	408	1526
1863397	4932.YMR038C	407	784
1864694	4932.YOR335C	407	3840
1864583	4932.YOR230W	406	1847
1865129	4932.YPR069C	403	1682
1858788	4932.YBL045C	400	1699
1861204	4932.YGR204W	399	3519
1859025	4932.YBR143C	398	1778
1861265	4932.YGR264C	397	3021
1862002	4932.YJL130C	396	8942
1859680	4932.YDR033W	392	1002
1865171	4932.YPR110C	392	1406
1865235	4932.YPR163C	390	1246
1861444	4932.YHR068W	389	1796
1863702	4932.YMR314W	387	905
1860339	4932.YER009W	386	514
1864986	4932.YPL218W	384	910
1865092	4932.YPR033C	381	1978
1860693	4932.YFR044C	380	1878
1858984	4932.YBR109C	380	625
1863514	4932.YMR146C	379	1555
1863267	4932.YML056C	377	3256
1863324	4932.YML106W	375	1123
1864874	4932.YPL111W	374	842
1861892	4932.YJL026W	373	1679
1863859	4932.YNL134C	372	1715
1859536	4932.YDL145C	367	3928
1861673	4932.YIL041W	366	1204
1860047	4932.YDR368W	366	1027
1861452	4932.YHR072W-A	364	105
1863863	4932.YNL138W	364	1745
1860429	4932.YER081W	364	2107
1864091	4932.YNR016C	363	8336
1860921	4932.YGL206C	363	6168
1860490	4932.YER133W	362	1372
1863641	4932.YMR260C	361	357
1861950	4932.YJL080C	359	4275
1863755	4932.YNL037C	359	1101
1860172	4932.YDR487C	358	890
1864306	4932.YOL140W	358	1454
1863836	4932.YNL112W	358	1360
1859407	4932.YDL022W	357	1483
1862885	4932.YLR175W	357	1542
1859137	4932.YBR244W	352	617
1864736	4932.YOR374W	352	2075
1859514	4932.YDL125C	351	659
1863230	4932.YML022W	348	546
1862152	4932.YJR047C	343	1456
1860219	4932.YDR529C	340	504
1861471	4932.YHR087W	340	332
1860331	4932.YER003C	336	1402
1863695	4932.YMR307W	332	2669
1859273	4932.YCR004C	328	779
1859576	4932.YDL182W	328	2309
1858903	4932.YBR035C	328	640
1863937	4932.YNL208W	326	786
1863614	4932.YMR235C	326	1569
1865214	4932.YPR149W	326	503
1858766	4932.YBL026W	325	225
1863949	4932.YNL220W	324	1354
1861254	4932.YGR253C	322	739
1859303	4932.YCR028C-A	321	513
1862433	4932.YKL150W	320	832
1861875	4932.YJL008C	319	1662
1859464	4932.YDL078C	319	1011
1861532	4932.YHR143W-A	319	189
1862287	4932.YKL016C	318	281
1860196	4932.YDR510W	317	219
1861779	4932.YIL138C	316	234
1863283	4932.YML070W	314	1679
1860390	4932.YER052C	314	1463
1864724	4932.YOR362C	312	988
1860369	4932.YER036C	312	1725
1861167	4932.YGR169C-A	308	89
1859361	4932.YCR088W	307	1417
1859829	4932.YDR172W	307	1875
1860269	4932.YEL027W	306	377
1863580	4932.YMR202W	305	395
1862896	4932.YLR186W	305	643
1865079	4932.YPR020W	304	240
1861047	4932.YGR061C	304	4027
1859783	4932.YDR127W	303	4462
1859831	4932.YDR174W	302	577
1861524	4932.YHR137W	301	1084
1859785	4932.YDR129C	300	1610
1860494	4932.YER136W	300	1242
1860082	4932.YDR399W	298	740
1864111	4932.YNR034W-A	294	396
1864486	4932.YOR142W	292	1001
1859686	4932.YDR035W	291	1019
1859278	4932.YCR009C	289	558
1860292	4932.YEL047C	289	1345
1862553	4932.YKR043C	287	568
1864810	4932.YPL048W	286	1509
1865101	4932.YPR041W	286	896
1863931	4932.YNL202W	286	725
1862280	4932.YKL009W	285	611
1863709	4932.YMR318C	284	1095
1862170	4932.YJR065C	284	943
1865095	4932.YPR036W	284	1505
1863299	4932.YML085C	283	1381
1863287	4932.YML074C	281	675
1864675	4932.YOR317W	281	1782
1859593	4932.YDL198C	280	622
1864612	4932.YOR259C	278	839
1863021	4932.YLR301W	278	835
1859488	4932.YDL100C	277	970
1865122	4932.YPR062W	275	511
1859521	4932.YDL131W	273	2156
1865044	4932.YPL271W	273	174
1858963	4932.YBR089C-A	272	98
1863682	4932.YMR297W	272	965
1861991	4932.YJL121C	270	540
1860413	4932.YER069W	270	2504
1858780	4932.YBL039C	269	1627
1864681	4932.YOR323C	269	1141
1863468	4932.YMR105C	268	1487
1864853	4932.YPL091W	268	1306
1858962	4932.YBR088C	268	889
1861711	4932.YIL074C	265	1816
1864910	4932.YPL145C	263	928
1859974	4932.YDR304C	263	854
1861675	4932.YIL043C	262	628
1858658	4932.YAL035W	260	2036
1860920	4932.YGL205W	259	1914
1858951	4932.YBR079C	259	2100
1863172	4932.YLR438W	255	1190
1860113	4932.YDR429C	254	586
1860342	4932.YER012W	254	459
1859004	4932.YBR126C	252	1218
1865245	4932.YPR170W-B	250	7
1863703	4932.YMR315W	249	828
1863485	4932.YMR120C	248	2196
1862357	4932.YKL080W	247	1097
1864537	4932.YOR187W	245	856
1864880	4932.YPL117C	245	742
1863306	4932.YML092C	244	511
1860780	4932.YGL068W	244	197
1863970	4932.YNL241C	243	1134
1864503	4932.YOR157C	243	276
1859850	4932.YDR190C	241	1376
1863462	4932.YMR099C	235	861
1862168	4932.YJR063W	235	301
1861382	4932.YHR018C	235	1262
1859608	4932.YDL213C	234	300
1860435	4932.YER086W	233	1329
1862510	4932.YKR001C	233	1477
1863733	4932.YNL016W	232	598
1860223	4932.YDR533C	232	633
1863423	4932.YMR062C	231	953
1862256	4932.YJR148W	231	1456
1865067	4932.YPR010C	230	2285
1864994	4932.YPL225W	229	466
1862398	4932.YKL117W	229	378
1863181	4932.YLR447C	228	1072
1860237	4932.YEL001C	227	88
1861730	4932.YIL094C	226	659
1860915	4932.YGL200C	226	696
1861958	4932.YJL088W	225	942
1862957	4932.YLR244C	225	1001
1864517	4932.YOR168W	224	1449
1860850	4932.YGL137W	224	2048
1861420	4932.YHR049W	224	622
1864840	4932.YPL078C	223	300
1861281	4932.YGR279C	223	678
1863581	4932.YMR203W	223	880
1858907	4932.YBR039W	221	584
1863367	4932.YMR012W	221	2953
1859603	4932.YDL208W	221	229
1862558	4932.YKR048C	220	935
1859121	4932.YBR230C	219	379
1864638	4932.YOR285W	218	372
1864120	4932.YNR043W	218	833
1860003	4932.YDR328C	218	493
1864197	4932.YOL038W	216	575
1864260	4932.YOL097C	216	1012
1863083	4932.YLR359W	215	989
1861211	4932.YGR211W	214	912
1865006	4932.YPL237W	213	523
1858987	4932.YBR111C	213	250
1860571	4932.YFL005W	213	496
1863620	4932.YMR241W	212	502
1859031	4932.YBR149W	211	817
1863070	4932.YLR347C	211	1401
1863220	4932.YML012W	211	507
1862523	4932.YKR014C	211	417
1859177	4932.YBR283C	210	890
1864563	4932.YOR210W	209	119
1862153	4932.YJR048W	209	300
1863845	4932.YNL121C	208	1227
1859107	4932.YBR218C	207	3363
1864658	4932.YOR303W	206	686
1862496	4932.YKL212W	206	1469
1858764	4932.YBL024W	206	1507
1859924	4932.YDR258C	205	1173
1861123	4932.YGR132C	204	427
1863904	4932.YNL175C	204	493
1860417	4932.YER073W	203	862
1864019	4932.YNL287W	203	1860
1861881	4932.YJL014W	202	1193
1863867	4932.YNL141W	202	558
1861620	4932.YHR216W	201	2501
1859590	4932.YDL195W	201	2293
1861424	4932.YHR052W	200	510
1863020	4932.YLR300W	199	957
1860450	4932.YER094C	199	412
1860477	4932.YER120W	198	616
1861784	4932.YIL142W	197	1137
1859807	4932.YDR152W	196	161
1859150	4932.YBR256C	196	427
1861412	4932.YHR042W	196	1335
1865256	4932.YPR181C	195	1909
1865120	4932.YPR060C	193	321
1862384	4932.YKL104C	192	1736
1864623	4932.YOR270C	191	1441
1862372	4932.YKL095W	190	349
1859226	4932.YCL028W	189	453
1862902	4932.YLR192C	189	366
1862048	4932.YJL173C	188	315
1859036	4932.YBR154C	188	404
1860020	4932.YDR345C	187	933
1862169	4932.YJR064W	187	882
1864995	4932.YPL226W	185	2047
1859466	4932.YDL080C	185	4814
1864289	4932.YOL123W	185	690
1864624	4932.YOR271C	183	391
1862297	4932.YKL024C	183	291
1859738	4932.YDR086C	183	117
1861488	4932.YHR104W	182	728
1865035	4932.YPL262W	182	699
1865168	4932.YPR108W	181	510
1861665	4932.YIL033C	181	737
1858710	4932.YAR015W	180	563
1860900	4932.YGL187C	180	272
1862178	4932.YJR073C	178	521
1860444	4932.YER090W	177	904
1863545	4932.YMR173W	177	399
1858922	4932.YBR054W	176	574
1861879	4932.YJL012C	175	926
1859848	4932.YDR188W	175	745
1864639	4932.YOR286W	175	137
1859041	4932.YBR159W	175	544
1864461	4932.YOR117W	175	764
1860346	4932.YER015W	174	1654
1862307	4932.YKL033W-A	174	372
1860335	4932.YER006W	173	931
1859052	4932.YBR169C	173	2425
1863064	4932.YLR342W	173	3715
1864701	4932.YOR341W	173	2726
1863456	4932.YMR093W	173	468
1865123	4932.YPR063C	172	306
1859743	4932.YDR091C	171	969
1863856	4932.YNL131W	171	240
1863697	4932.YMR309C	171	1314
1859387	4932.YDL004W	170	269
1859877	4932.YDR212W	170	873
1861408	4932.YHR039C	170	938
1862942	4932.YLR229C	170	302
1858793	4932.YBL050W	170	529
1862717	4932.YLR028C	169	1519
1860282	4932.YEL037C	168	491
1862518	4932.YKR009C	168	1685
1862482	4932.YKL196C	167	301
1861065	4932.YGR078C	167	213
1859485	4932.YDL097C	167	773
1862441	4932.YKL157W	165	1496
1864855	4932.YPL093W	165	1006
1860273	4932.YEL030W	165	2132
1865004	4932.YPL235W	164	1084
1859565	4932.YDL171C	164	3599
1860834	4932.YGL122C	163	509
1862918	4932.YLR208W	162	497
1860720	4932.YGL011C	160	513
1864614	4932.YOR261C	160	550
1859811	4932.YDR156W	159	110
1863419	4932.YMR058W	159	661
1865087	4932.YPR028W	159	275
1858902	4932.YBR034C	158	534
1862329	4932.YKL054C	158	493
1864577	4932.YOR224C	158	265
1858784	4932.YBL041W	158	293
1862728	4932.YLR038C	157	165
1860071	4932.YDR388W	157	606
1861490	4932.YHR106W	155	920
1860935	4932.YGL220W	154	66
1863918	4932.YNL189W	154	779
1860274	4932.YEL031W	154	1787
1859526	4932.YDL135C	153	290
1859141	4932.YBR248C	153	811
1860708	4932.YGL001C	153	342
1861257	4932.YGR256W	153	1886
1864219	4932.YOL059W	153	787
1864525	4932.YOR176W	153	503
1864625	4932.YOR272W	153	570
1860702	4932.YFR052W	153	478
1861706	4932.YIL070C	153	187
1863821	4932.YNL098C	152	528
1865074	4932.YPR016C	152	337
1863300	4932.YML086C	152	792
1861026	4932.YGR040W	152	668
1860263	4932.YEL021W	152	373
1862122	4932.YJR017C	152	153
1861748	4932.YIL109C	151	1207
1864380	4932.YOR039W	151	280
1861552	4932.YHR163W	151	286
1862189	4932.YJR085C	151	206
1860606	4932.YFL034C-A	151	321
1861126	4932.YGR135W	151	405
1860364	4932.YER031C	150	414
1862181	4932.YJR076C	150	622
1864586	4932.YOR232W	149	221
1860870	4932.YGL157W	149	688
1863343	4932.YML124C	149	783
1859474	4932.YDL086W	148	478
1862427	4932.YKL145W	148	409
1862424	4932.YKL142W	148	249
1861713	4932.YIL076W	148	432
1860067	4932.YDR384C	147	187
1861584	4932.YHR190W	147	496
1859235	4932.YCL037C	147	851
1862466	4932.YKL181W	146	651
1862115	4932.YJR010W	146	696
1858975	4932.YBR101C	146	451
1863976	4932.YNL247W	146	1021
1861596	4932.YHR200W	145	304
1860766	4932.YGL055W	145	658
1860886	4932.YGL173C	143	1845
1863607	4932.YMR229C	142	2118
1859060	4932.YBR177C	142	557
1860686	4932.YFR037C	140	852
1863988	4932.YNL259C	140	112
1862093	4932.YJL217W	140	303
1864497	4932.YOR151C	140	1249
1860773	4932.YGL062W	139	2869
1862174	4932.YJR069C	138	249
1863342	4932.YML123C	138	926
1861159	4932.YGR162W	137	1106
1864167	4932.YOL012C	137	287
1860645	4932.YFR004W	136	233
1861981	4932.YJL111W	136	940
1860680	4932.YFR033C	136	281
1861171	4932.YGR173W	136	462
1863780	4932.YNL061W	136	610
1860832	4932.YGL120C	135	884
1864821	4932.YPL059W	135	216
1859666	4932.YDR019C	133	361
1863349	4932.YML130C	133	707
1864723	4932.YOR361C	132	1044
1862302	4932.YKL029C	132	920
1861922	4932.YJL055W	132	303
1858917	4932.YBR049C	132	769
1859879	4932.YDR214W	131	403
1861765	4932.YIL125W	131	1213
1858735	4932.YAR073W	131	1510
1859385	4932.YDL002C	131	161
1858957	4932.YBR084W	130	1003
1862495	4932.YKL211C	130	541
1863262	4932.YML052W	129	205
1861393	4932.YHR027C	129	1484
1862888	4932.YLR178C	129	290
1858755	4932.YBL015W	128	558
1862986	4932.YLR270W	128	630
1858601	4932.Q0085	128	141
1861180	4932.YGR181W	128	113
1864452	4932.YOR108W	128	1260
1863152	4932.YLR420W	127	489
1859538	4932.YDL147W	127	502
1858705	4932.YAR007C	126	865
1861868	4932.YJL001W	126	255
1862284	4932.YKL013C	126	244
1859292	4932.YCR020W-B	126	95
1864011	4932.YNL281W	125	172
1861040	4932.YGR054W	125	776
1864472	4932.YOR128C	125	729
1862592	4932.YKR081C	125	264
1859755	4932.YDR101C	125	718
1859713	4932.YDR062W	124	545
1858777	4932.YBL036C	124	273
1863036	4932.YLR314C	124	624
1864200	4932.YOL041C	124	490
1861315	4932.YHL011C	123	434
1859553	4932.YDL160C	123	663
1860037	4932.YDR361C	123	294
1863712	4932.YMR321C	123	53
1858967	4932.YBR092C	123	704
1860021	4932.YDR346C	121	540
1863205	4932.YML001W	121	284
1860511	4932.YER148W	121	245
1859415	4932.YDL029W	121	442
1859271	4932.YCR002C	121	453
1860827	4932.YGL115W	120	452
1862552	4932.YKR042W	120	144
1861804	4932.YIL160C	120	693
1863627	4932.YMR246W	120	719
1858802	4932.YBL059C-A	119	60
1861858	4932.YIR034C	118	412
1861090	4932.YGR103W	118	515
1863513	4932.YMR145C	118	540
1860750	4932.YGL040C	118	381
1863277	4932.YML064C	117	403
1858920	4932.YBR052C	117	219
1865012	4932.YPL243W	116	490
1860168	4932.YDR483W	116	649
1859215	4932.YCL018W	116	425
1861441	4932.YHR065C	116	400
1860404	4932.YER063W	116	79
1860799	4932.YGL087C	116	166
1860809	4932.YGL097W	116	436
1864188	4932.YOL030W	115	542
1864771	4932.YPL010W	115	216
1862014	4932.YJL140W	114	196
1860652	4932.YFR010W	114	469
1860287	4932.YEL042W	114	436
1859145	4932.YBR252W	114	83
1863099	4932.YLR372W	114	428
1863685	4932.YMR300C	113	530
1859996	4932.YDR322C-A	112	63
1862697	4932.YLR008C	111	99
1861174	4932.YGR175C	111	642
1859562	4932.YDL168W	110	469
1859899	4932.YDR234W	110	765
1865008	4932.YPL239W	110	301
1864387	4932.YOR046C	110	595
1864464	4932.YOR120W	110	306
1863344	4932.YML125C	109	269
1860759	4932.YGL048C	109	352
1859800	4932.YDR145W	108	400
1864562	4932.YOR209C	108	569
1861535	4932.YHR146W	108	357
1864499	4932.YOR153W	107	2208
1861164	4932.YGR167W	107	203
1865179	4932.YPR118W	107	357
1861696	4932.YIL062C	107	177
1862401	4932.YKL120W	106	356
1864406	4932.YOR065W	105	207
1863673	4932.YMR290C	105	471
1860922	4932.YGL207W	105	982
1860782	4932.YGL070C	105	148
1864039	4932.YNL307C	105	417
1861756	4932.YIL116W	105	381
1862076	4932.YJL200C	105	591
1864432	4932.YOR089C	105	185
1860790	4932.YGL078C	104	567
1861277	4932.YGR275W	104	144
1864825	4932.YPL063W	103	553
1865046	4932.YPL273W	103	344
1863558	4932.YMR183C	103	258
1865003	4932.YPL234C	103	70
1864780	4932.YPL019C	103	865
1859995	4932.YDR321W	102	440
1864112	4932.YNR035C	102	310
1861491	4932.YHR107C	102	446
1862252	4932.YJR144W	102	273
1863258	4932.YML048W	102	433
1865262	4932.YPR187W	102	152
1859262	4932.YCL064C	101	461
1859897	4932.YDR232W	101	406
1864648	4932.YOR294W	101	117
1863153	4932.YLR421C	101	184
1863323	4932.YML105C	101	208
1863455	4932.YMR092C	101	684
1860284	4932.YEL039C	101	188
1864317	4932.YOL151W	100	349
1858642	4932.YAL023C	100.0	776
1861456	4932.YHR074W	99.9	775
1864550	4932.YOR197W	99.5	269
1859854	4932.YDR194C	99.0	403
1864607	4932.YOR254C	99.0	635
1860297	4932.YEL051W	99.0	254
1862130	4932.YJR025C	98.8	169
1860765	4932.YGL054C	98.3	89
1863968	4932.YNL239W	97.9	524
1864044	4932.YNL312W	97.9	365
1859739	4932.YDR087C	97.8	178
1863309	4932.YML094W	97.6	137
1861712	4932.YIL075C	97.4	818
1860062	4932.YDR380W	97.3	679
1858614	4932.Q0250	97.2	165
1864893	4932.YPL129W	97.1	297
1861207	4932.YGR207C	96.5	199
1860251	4932.YEL013W	96.3	517
1863097	4932.YLR370C	96.1	142
1861492	4932.YHR108W	95.7	444
1862314	4932.YKL040C	95.7	215
1858756	4932.YBL016W	95.6	291
1863719	4932.YNL002C	95.5	152
1864709	4932.YOR347C	95.4	1593
1860385	4932.YER048C	95.4	263
1864092	4932.YNR017W	94.9	233
1863691	4932.YMR305C	94.7	222
1859828	4932.YDR171W	94.5	231
1860910	4932.YGL195W	94.4	2998
1860700	4932.YFR051C	94.4	264
1860042	4932.YDR365C	94.1	475
1861396	4932.YHR029C	94.0	254
1858801	4932.YBL058W	93.9	304
1862061	4932.YJL186W	93.8	505
1859903	4932.YDR238C	93.5	1037
1859776	4932.YDR120C	93.4	403
1862764	4932.YLR074C	93.4	122
1864442	4932.YOR099W	92.8	389
1864618	4932.YOR265W	92.4	41
1859391	4932.YDL007W	92.4	366
1861370	4932.YHR007C	92.4	636
1862711	4932.YLR022C	92.1	162
1859631	4932.YDL236W	91.9	304
1862408	4932.YKL127W	91.4	613
1859328	4932.YCR051W	91.3	207
1864606	4932.YOR253W	90.8	173
1859695	4932.YDR044W	90.8	294
1861000	4932.YGR020C	90.7	124
1859834	4932.YDR177W	90.6	186
1862910	4932.YLR200W	90.5	128
1860285	4932.YEL040W	90.5	407
1860699	4932.YFR050C	90.3	261
1862706	4932.YLR017W	90.2	230
1863316	4932.YML100W	90.2	877
1858773	4932.YBL032W	90.2	206
1864224	4932.YOL064C	90.1	342
1859823	4932.YDR168W	90.0	445
1859437	4932.YDL051W	89.9	215
1862478	4932.YKL192C	89.4	109
1863357	4932.YMR002W	89.4	68
1859483	4932.YDL095W	89.3	857
1860936	4932.YGL221C	88.9	295
1858838	4932.YBL091C	88.0	335
1859721	4932.YDR070C	87.7	14
1863763	4932.YNL044W	87.4	95
1862403	4932.YKL122C	87.2	91
1863961	4932.YNL232W	86.6	160
1862047	4932.YJL172W	86.5	419
1860205	4932.YDR519W	86.4	175
1864160	4932.YOL005C	86.3	105
1859127	4932.YBR234C	86.1	382
1861282	4932.YGR280C	86.0	115
1859525	4932.YDL134C	86.0	515
1862971	4932.YLR257W	85.7	329
1862046	4932.YJL171C	85.2	321
1860077	4932.YDR394W	85.0	414
1861619	4932.YHR215W	85.0	611
1861652	4932.YIL022W	84.8	272
1861397	4932.YHR030C	84.8	350
1864891	4932.YPL127C	84.5	124
1860483	4932.YER126C	84.5	148
1861517	4932.YHR132C	84.2	433
1862395	4932.YKL114C	84.1	196
1861438	4932.YHR063C	84.1	381
1861651	4932.YIL021W	83.9	281
1861245	4932.YGR244C	83.8	319
1863897	4932.YNL168C	83.8	225
1860811	4932.YGL099W	83.3	411
1865195	4932.YPR133W-A	83.2	70
1858702	4932.YAR002C-A	82.7	212
1860203	4932.YDR517W	82.7	132
1864811	4932.YPL049C	82.6	493
1861992	4932.YJL122W	82.3	91
1864629	4932.YOR276W	82.2	122
1862906	4932.YLR196W	81.5	484
1859803	4932.YDR148C	81.5	340
1860137	4932.YDR453C	81.0	362
1864593	4932.YOR239W	80.7	278
1859522	4932.YDL132W	80.2	622
1860308	4932.YEL060C	79.6	338
1863285	4932.YML072C	79.5	1169
1865231	4932.YPR160W	79.4	857
1864392	4932.YOR051C	79.2	270
1861327	4932.YHL021C	79.1	339
1863977	4932.YNL248C	79.1	271
1863427	4932.YMR066W	79.0	663
1859356	4932.YCR084C	78.9	505
1862383	4932.YKL103C	78.3	450
1862882	4932.YLR172C	78.1	191
1864161	4932.YOL006C	77.7	421
1864718	4932.YOR356W	77.6	401
1860017	4932.YDR342C	77.5	778
1863696	4932.YMR308C	77.4	852
1859491	4932.YDL103C	77.3	447
1863105	4932.YLR378C	76.3	275
1859044	4932.YBR162C	76.2	252
1862165	4932.YJR060W	76.1	246
1861231	4932.YGR231C	76.1	187
1860059	4932.YDR378C	75.9	76
1863238	4932.YML030W	75.9	57
1859027	4932.YBR145W	75.7	776
1859159	4932.YBR265W	75.5	207
1859042	4932.YBR160W	75.4	200
1858659	4932.YAL036C	75.3	308
1863435	4932.YMR074C	75.3	94
1859725	4932.YDR074W	75.3	609
1860332	4932.YER004W	75.1	171
1864313	4932.YOL147C	75.1	159
1858894	4932.YBR026C	74.6	195
1864360	4932.YOR021C	74.4	137
1862575	4932.YKR065C	74.0	74
1864438	4932.YOR095C	74.0	262
1860698	4932.YFR049W	73.8	73
1862054	4932.YJL179W	73.8	59
1858978	4932.YBR103W	73.7	521
1861746	4932.YIL107C	73.2	646
1860377	4932.YER042W	73.1	138
1862278	4932.YKL007W	73.1	216
1862271	4932.YKL001C	73.0	167
1860387	4932.YER049W	72.8	479
1861121	4932.YGR130C	72.8	358
1861218	4932.YGR218W	72.6	849
1864123	4932.YNR046W	72.5	160
1859293	4932.YCR021C	72.4	195
1862479	4932.YKL193C	72.3	272
1865061	4932.YPR004C	72.0	273
1860521	4932.YER156C	72.0	297
1864568	4932.YOR215C	71.8	72
1858668	4932.YAL042W	71.7	198
1860575	4932.YFL010C	71.7	107
1859255	4932.YCL057C-A	71.7	87
1860181	4932.YDR496C	71.5	366
1864980	4932.YPL212C	71.5	338
1860018	4932.YDR343C	71.5	746
1861927	4932.YJL060W	71.5	309
1860958	4932.YGL242C	71.2	94
1864700	4932.YOR340C	71.1	175
1865194	4932.YPR133C	71.0	288
1862591	4932.YKR080W	70.9	188
1863960	4932.YNL231C	70.8	207
1862119	4932.YJR014W	70.8	154
1859432	4932.YDL046W	70.7	108
1861863	4932.YIR038C	70.6	108
1862556	4932.YKR046C	70.6	179
1860482	4932.YER125W	70.4	377
1863586	4932.YMR208W	70.3	313
1864180	4932.YOL022C	70.3	199
1862022	4932.YJL148W	70.1	171
1862961	4932.YLR248W	70.1	230
1858883	4932.YBR015C	69.9	478
1860414	4932.YER070W	69.8	851
1862374	4932.YKL096W	69.7	189
1859710	4932.YDR059C	69.6	164
1861697	4932.YIL063C	69.3	172
1858736	4932.YAR075W	69.3	399
1859696	4932.YDR045C	69.2	115
1864277	4932.YOL111C	69.1	166
1860944	4932.YGL228W	68.8	245
1858634	4932.YAL016W	68.8	377
1858689	4932.YAL062W	68.7	1115
1859568	4932.YDL174C	68.4	406
1863881	4932.YNL153C	68.3	106
1863593	4932.YMR215W	67.9	398
1862333	4932.YKL058W	67.7	87
1862714	4932.YLR025W	67.6	139
1861993	4932.YJL123C	67.6	357
1864978	4932.YPL210C	67.6	344
1863161	4932.YLR429W	67.5	412
1860111	4932.YDR427W	67.2	230
1862804	4932.YLR113W	66.5	267
1859058	4932.YBR175W	66.5	111
1864236	4932.YOL077C	66.5	202
1859425	4932.YDL040C	66.4	540
1861192	4932.YGR193C	66.3	221
1864430	4932.YOR086C	66.3	815
1863409	4932.YMR049C	66.1	426
1860755	4932.YGL043W	66.0	197
1863699	4932.YMR311C	66.0	128
1863432	4932.YMR071C	65.9	60
1863347	4932.YML128C	65.8	262
1863057	4932.YLR335W	65.8	348
1861560	4932.YHR170W	65.6	270
1863882	4932.YNL154C	65.4	373
1863726	4932.YNL009W	65.3	565
1861764	4932.YIL124W	65.2	207
1863470	4932.YMR106C	64.9	401
1858971	4932.YBR096W	64.8	137
1864684	4932.YOR326W	64.5	1310
1858959	4932.YBR085W	64.4	484
1860266	4932.YEL024W	64.3	128
1859359	4932.YCR087C-A	64.1	65
1859531	4932.YDL140C	63.6	1056
1861906	4932.YJL041W	63.4	305
1858888	4932.YBR020W	63.0	390
1864221	4932.YOL061W	62.6	397
1863389	4932.YMR031C	62.3	439
1861119	4932.YGR128C	62.1	424
1858746	4932.YBL007C	62.0	359
1864402	4932.YOR061W	62.0	193
1860305	4932.YEL058W	62.0	387
1863011	4932.YLR292C	61.9	59
1862431	4932.YKL148C	61.9	455
1863841	4932.YNL117W	61.7	340
1858734	4932.YAR071W	61.6	693
1865033	4932.YPL260W	61.5	347
1859085	4932.YBR198C	61.4	498
1861268	4932.YGR267C	61.4	151
1862746	4932.YLR056W	61.3	218
1860981	4932.YGR001C	61.3	132
1863877	4932.YNL149C	61.2	75
1858677	4932.YAL049C	61.1	184
1860650	4932.YFR009W	61.1	410
1861069	4932.YGR082W	61.1	112
1865213	4932.YPR148C	60.6	210
1863294	4932.YML081C-A	60.4	28
1865017	4932.YPL248C	60.3	647
1862498	4932.YKL214C	60.2	102
1865174	4932.YPR113W	59.8	138
1862779	4932.YLR089C	59.6	300
1863014	4932.YLR295C	59.6	82
1864003	4932.YNL274C	59.5	212
1864130	4932.YNR053C	59.4	229
1861229	4932.YGR229C	59.3	129
1860570	4932.YFL004W	59.3	504
1860442	4932.YER089C	59.3	317
1860960	4932.YGL244W	59.3	216
1864096	4932.YNR021W	59.1	345
1863683	4932.YMR298W	58.9	45
1861934	4932.YJL066C	58.8	172
1860238	4932.YEL002C	58.7	315
1859922	4932.YDR256C	58.3	300
1862244	4932.YJR137C	58.3	844
1859458	4932.YDL072C	58.2	154
1864428	4932.YOR084W	58.0	271
1861061	4932.YGR074W	57.9	60
1859509	4932.YDL120W	57.9	47
1864237	4932.YOL077W-A	57.4	21
1861015	4932.YGR032W	57.4	1895
1858623	4932.YAL007C	57.1	72
1861889	4932.YJL024C	57.1	82
1860468	4932.YER112W	56.8	53
1863282	4932.YML069W	56.7	317
1860988	4932.YGR008C	56.7	40
1862932	4932.YLR222C	56.7	527
1863659	4932.YMR276W	56.7	88
1860204	4932.YDR518W	56.5	279
1859621	4932.YDL226C	56.4	215
1858960	4932.YBR086C	56.2	493
1864446	4932.YOR103C	56.0	107
1861417	4932.YHR047C	55.9	595
1862180	4932.YJR075W	55.8	130
1862603	4932.YKR092C	55.4	49
1862457	4932.YKL172W	55.3	197
1864024	4932.YNL292W	55.2	126
1865036	4932.YPL263C	54.9	253
1862019	4932.YJL145W	54.9	209
1863269	4932.YML057W	54.8	330
1864513	4932.YOR164C	54.7	226
1859138	4932.YBR245C	54.7	569
1861365	4932.YHR003C	54.7	210
1862340	4932.YKL065C	54.5	82
1860151	4932.YDR465C	54.5	247
1863517	4932.YMR149W	54.5	127
1860999	4932.YGR019W	54.4	309
1860824	4932.YGL112C	54.1	261
1862217	4932.YJR112W	54.1	96
1864022	4932.YNL290W	54.0	197
1860492	4932.YER134C	54.0	78
1859446	4932.YDL060W	53.9	298
1859583	4932.YDL188C	53.9	418
1860647	4932.YFR006W	53.8	284
1864677	4932.YOR319W	53.7	118
1862476	4932.YKL190W	53.7	102
1863183	4932.YLR449W	53.7	264
1863000	4932.YLR284C	53.5	157
1861829	4932.YIR012W	53.4	195
1863857	4932.YNL132W	53.3	613
1860642	4932.YFR001W	53.2	31
1862809	4932.YLR118C	53.1	126
1862033	4932.YJL158C	53.1	112
1863911	4932.YNL182C	52.6	260
1863372	4932.YMR015C	52.4	399
1861869	4932.YJL002C	52.4	309
1863564	4932.YMR189W	52.2	471
1861114	4932.YGR123C	52.1	191
1862787	4932.YLR097C	52.0	173
1863598	4932.YMR220W	51.9	252
1861758	4932.YIL118W	51.9	154
1862451	4932.YKL166C	51.9	271
1863052	4932.YLR330W	51.8	301
1860166	4932.YDR481C	51.7	278
1862041	4932.YJL166W	51.6	47
1860887	4932.YGL174W	51.2	83
1863972	4932.YNL243W	51.1	426
1864605	4932.YOR252W	51.1	44
1862780	4932.YLR090W	51.0	89
1862525	4932.YKR016W	51.0	302
1861093	4932.YGR106C	50.8	57
1862545	4932.YKR035W-A	50.8	72
1860923	4932.YGL208W	50.7	188
1865029	4932.YPL257W-A	50.5	6205
1860496	4932.YER137C-A	50.5	6205
1862860	4932.YLR157C-A	50.5	6205
1860043	4932.YDR365W-A	50.5	6205
1864613	4932.YOR260W	50.4	352
1861936	4932.YJL068C	50.4	142
1860336	4932.YER007C-A	50.2	102
1863491	4932.YMR125W	50.2	468
1861974	4932.YJL104W	50.1	48
1861860	4932.YIR036C	50.0	159
1864311	4932.YOL145C	50.0	513
1859928	4932.YDR261C-C	50.0	6175
1859274	4932.YCR005C	49.9	353
1861657	4932.YIL027C	49.7	55
1859037	4932.YBR155W	49.6	117
1858790	4932.YBL047C	49.6	599
1864636	4932.YOR283W	49.6	120
1859596	4932.YDL201W	49.5	119
1860508	4932.YER146W	49.5	43
1863241	4932.YML032C	49.4	216
1858885	4932.YBR017C	49.1	576
1862944	4932.YLR231C	49.0	227
1861614	4932.YHR214C-C	49.0	5312
1861406	4932.YHR037W	48.9	258
1859702	4932.YDR051C	48.8	126
1860078	4932.YDR395W	48.6	500
1864773	4932.YPL012W	48.6	617
1859777	4932.YDR121W	48.3	90
1858989	4932.YBR112C	48.2	360
1860080	4932.YDR397C	48.1	74
1863266	4932.YML055W	48.1	103
1859970	4932.YDR300C	48.0	246
1862791	4932.YLR100W	48.0	175
1858708	4932.YAR010C	47.8	6005
1865199	4932.YPR137C-A	47.8	6005
1862223	4932.YJR117W	47.6	256
1864967	4932.YPL199C	47.6	84
1862758	4932.YLR068W	47.6	5
1859942	4932.YDR272W	47.6	128
1863754	4932.YNL036W	47.5	90
1864685	4932.YOR327C	47.2	42
1860599	4932.YFL028C	47.2	98
1861075	4932.YGR088W	47.2	281
1864208	4932.YOL049W	47.2	240
1859355	4932.YCR083W	47.0	26
1860428	4932.YER080W	47.0	202
1862609	4932.YKR097W	46.9	285
1862722	4932.YLR033W	46.8	282
1864185	4932.YOL027C	46.7	217
1861643	4932.YIL015W	46.7	216
1863454	4932.YMR091C	46.6	286
1858644	4932.YAL025C	46.6	122
1859487	4932.YDL099W	46.4	79
1861451	4932.YHR072W	46.4	304
1860674	4932.YFR030W	46.4	472
1859438	4932.YDL052C	46.4	131
1861823	4932.YIR006C	46.3	404
1861467	4932.YHR084W	46.3	291
1861249	4932.YGR248W	46.2	96
1862581	4932.YKR071C	46.1	134
1863292	4932.YML079W	46.1	102
1859363	4932.YCR090C	46.0	86
1859964	4932.YDR294C	45.9	281
1859329	4932.YCR052W	45.9	255
1862027	4932.YJL153C	45.8	199
1861944	4932.YJL076W	45.8	459
1859876	4932.YDR211W	45.8	407
1865229	4932.YPR159W	45.5	273
1859663	4932.YDR016C	45.4	26
1860880	4932.YGL167C	45.3	366
1862409	4932.YKL128C	45.2	142
1863615	4932.YMR236W	45.1	69
1859224	4932.YCL026C-B	45.1	48
1862576	4932.YKR066C	45.0	190
1858687	4932.YAL060W	44.6	188
1863623	4932.YMR243C	44.6	145
1861411	4932.YHR041C	44.6	83
1863328	4932.YML110C	44.4	117
1861985	4932.YJL115W	44.3	84
1859520	4932.YDL130W-A	44.1	17
1860585	4932.YFL016C	44.0	161
1864253	4932.YOL090W	43.9	490
1864460	4932.YOR116C	43.8	614
1862905	4932.YLR195C	43.8	206
1863497	4932.YMR131C	43.6	247
1862173	4932.YJR068W	43.5	169
1863111	4932.YLR384C	43.5	633
1862350	4932.YKL073W	43.4	366
1864559	4932.YOR206W	43.4	274
1860948	4932.YGL232W	43.4	93
1859016	4932.YBR135W	43.4	60
1862939	4932.YLR227W-A	43.4	5717
1863249	4932.YML040W	43.4	5717
1862131	4932.YJR026W	43.4	5717
1864144	4932.YNR067C	43.4	379
1859750	4932.YDR098C	43.3	191
1861994	4932.YJL124C	43.3	54
1864475	4932.YOR131C	43.1	97
1861077	4932.YGR090W	43.1	531
1861678	4932.YIL046W	43.1	288
1861097	4932.YGR109W-A	42.9	321
1862984	4932.YLR268W	42.8	104
1858808	4932.YBL064C	42.8	94
1862276	4932.YKL006C-A	42.8	30
1860672	4932.YFR028C	42.7	274
1863552	4932.YMR178W	42.6	126
1859572	4932.YDL178W	42.5	200
1858968	4932.YBR093C	42.4	320
1859498	4932.YDL110C	42.4	78
1863384	4932.YMR027W	42.2	215
1864268	4932.YOL103W-A	42.1	5237
1863653	4932.YMR272C	42.1	169
1863885	4932.YNL157W	42.0	36
1863600	4932.YMR222C	42.0	46
1861363	4932.YHR001W-A	42.0	35
1859706	4932.YDR055W	41.9	192
1865255	4932.YPR180W	41.8	122
1863681	4932.YMR296C	41.7	245
1862481	4932.YKL195W	41.7	143
1860621	4932.YFL048C	41.7	199
1865247	4932.YPR172W	41.6	76
1859173	4932.YBR279W	41.5	152
1860087	4932.YDR404C	41.5	104
1863453	4932.YMR090W	41.5	81
1862628	4932.YLL009C	41.5	19
1860833	4932.YGL121C	41.2	37
1862972	4932.YLR258W	41.2	223
1861008	4932.YGR027W-A	41.2	5547
1861105	4932.YGR116W	41.2	562
1865133	4932.YPR073C	41.2	47
1859112	4932.YBR222C	41.2	289
1861750	4932.YIL111W	41.1	45
1863774	4932.YNL054W-A	41.1	4802
1861149	4932.YGR157W	40.9	280
1858762	4932.YBL022C	40.8	404
1860447	4932.YER092W	40.8	65
1862133	4932.YJR028W	40.8	5517
1859816	4932.YDR161W	40.7	193
1864555	4932.YOR202W	40.7	69
1859259	4932.YCL059C	40.7	95
1861717	4932.YIL082W	40.6	321
1860052	4932.YDR372C	40.6	163
1863630	4932.YMR250W	40.5	232
1865149	4932.YPR088C	40.5	231
1862231	4932.YJR125C	40.5	113
1863346	4932.YML127W	40.4	256
1859433	4932.YDL047W	40.3	143
1863339	4932.YML120C	40.2	196
1864604	4932.YOR251C	40.0	122
1863642	4932.YMR261C	39.9	525
1863945	4932.YNL216W	39.9	368
1864117	4932.YNR040W	39.7	60
1860363	4932.YER030W	39.7	37
1860479	4932.YER122C	39.4	181
1864805	4932.YPL043W	39.4	186
1860515	4932.YER151C	39.3	273
1862049	4932.YJL174W	39.3	40
1859822	4932.YDR167W	39.2	83
1863392	4932.YMR033W	39.2	188
1861208	4932.YGR208W	39.1	137
1860729	4932.YGL019W	39.1	111
1861766	4932.YIL126W	38.9	500
1865093	4932.YPR034W	38.9	204
1861987	4932.YJL117W	38.9	130
1858997	4932.YBR120C	38.9	12
1860353	4932.YER021W	38.8	277
1862208	4932.YJR103W	38.7	286
1863217	4932.YML010W	38.7	372
1862976	4932.YLR262C	38.5	118
1863208	4932.YML004C	38.5	114
1864217	4932.YOL057W	38.4	266
1859751	4932.YDR098C-A	38.4	5426
1859630	4932.YDL235C	38.3	69
1861594	4932.YHR199C	38.1	128
1860526	4932.YER159C-A	38.1	5415
1861154	4932.YGR161C-C	38.1	5415
1863411	4932.YMR051C	38.1	5415
1859987	4932.YDR316W-A	38.1	5415
1859146	4932.YBR253W	38.0	39
1864434	4932.YOR091W	38.0	72
1861666	4932.YIL034C	37.8	90
1862251	4932.YJR143C	37.7	318
1861597	4932.YHR201C	37.7	136
1859256	4932.YCL057W	37.7	299
1858992	4932.YBR115C	37.5	557
1865039	4932.YPL266W	37.5	109
1861644	4932.YIL016W	37.2	48
1864861	4932.YPL098C	37.1	52
1864487	4932.YOR142W-A	37.0	5307
1858879	4932.YBR012W-A	37.0	5307
1865226	4932.YPR158W-A	37.0	5307
1859346	4932.YCR073W-A	37.0	118
1859210	4932.YCL011C	36.6	137
1861022	4932.YGR038C-A	36.6	5154
1863540	4932.YMR169C	36.5	310
1859871	4932.YDR210C-C	36.5	5151
1859018	4932.YBR137W	36.4	77
1861497	4932.YHR113W	36.4	180
1864882	4932.YPL119C	36.3	774
1865207	4932.YPR143W	36.3	53
1861767	4932.YIL127C	36.2	41
1860940	4932.YGL225W	36.2	138
1859973	4932.YDR303C	36.1	263
1863805	4932.YNL084C	36.0	119
1859033	4932.YBR151W	36.0	82
1864979	4932.YPL211W	35.9	53
1860431	4932.YER083C	35.9	86
1861667	4932.YIL035C	35.7	142
1862192	4932.YJR088C	35.6	99
1861910	4932.YJL045W	35.6	275
1859388	4932.YDL005C	35.5	106
1863107	4932.YLR380W	35.5	127
1863270	4932.YML058W	35.4	31
1861628	4932.YIL002W-A	35.3	19
1862512	4932.YKR003W	35.3	129
1863091	4932.YLR364W	35.1	37
1863764	4932.YNL045W	35.1	210
1859539	4932.YDL148C	34.9	110
1861186	4932.YGR187C	34.8	188
1865223	4932.YPR158C-C	34.7	5456
1862970	4932.YLR256W-A	34.7	5456
1864844	4932.YPL082C	34.7	798
1863779	4932.YNL059C	34.5	224
1864936	4932.YPL170W	34.4	47
1859754	4932.YDR100W	34.4	15
1860760	4932.YGL049C	34.3	422
1863652	4932.YMR271C	34.3	169
1865265	4932.YPR190C	34.2	208
1861136	4932.YGR145W	34.2	162
1859140	4932.YBR247C	34.2	184
1863832	4932.YNL108C	34.1	59
1861699	4932.YIL065C	34.0	50
1860022	4932.YDR347W	34.0	69
1858952	4932.YBR080C	33.9	220
1861825	4932.YIR008C	33.9	76
1859103	4932.YBR214W	33.7	195
1863171	4932.YLR438C-A	33.7	34
1861770	4932.YIL130W	33.6	285
1861844	4932.YIR022W	33.6	55
1863005	4932.YLR287C	33.6	100
1860884	4932.YGL171W	33.5	126
1861496	4932.YHR112C	33.5	106
1861797	4932.YIL155C	33.4	223
1864040	4932.YNL308C	33.4	164
1864020	4932.YNL288W	33.3	94
1858757	4932.YBL017C	33.3	559
1864251	4932.YOL088C	33.2	66
1862293	4932.YKL021C	33.2	132
1861885	4932.YJL020C	33.1	265
1860778	4932.YGL066W	33.1	160
1863280	4932.YML067C	33.0	72
1863145	4932.YLR413W	32.8	253
1863592	4932.YMR214W	32.8	125
1859344	4932.YCR072C	32.8	134
1864935	4932.YPL169C	32.7	186
1859086	4932.YBR199W	32.7	146
1860925	4932.YGL210W	32.7	186
1860088	4932.YDR405W	32.6	33
1864596	4932.YOR243C	32.5	209
1861362	4932.YHR001W	32.5	210
1858799	4932.YBL056W	32.5	129
1861672	4932.YIL040W	32.3	62
1861210	4932.YGR210C	32.2	96
1865201	4932.YPR137W	32.1	114
1862913	4932.YLR203C	32.0	121
1861376	4932.YHR012W	32.0	75
1860525	4932.YER159C	31.9	53
1862742	4932.YLR052W	31.9	73
1860437	4932.YER087C-B	31.8	34
1860580	4932.YFL013C	31.8	230
1861046	4932.YGR060W	31.8	127
1860410	4932.YER067W	31.8	52
1859744	4932.YDR092W	31.7	56
1862517	4932.YKR008W	31.7	258
1863914	4932.YNL185C	31.7	40
1861199	4932.YGR200C	31.7	307
1858988	4932.YBR111W-A	31.7	29
1861029	4932.YGR043C	31.5	124
1861592	4932.YHR197W	31.5	255
1862067	4932.YJL192C	31.4	65
1859214	4932.YCL017C	31.3	155
1864875	4932.YPL112C	31.3	179
1858872	4932.YBR006W	31.2	155
1859749	4932.YDR097C	31.2	416
1862909	4932.YLR199C	31.2	116
1861778	4932.YIL137C	31.1	280
1861700	4932.YIL066C	30.9	471
1863360	4932.YMR005W	30.9	109
1865147	4932.YPR086W	30.9	117
1861215	4932.YGR215W	30.8	24
1861505	4932.YHR121W	30.8	53
1864257	4932.YOL094C	30.8	109
1859094	4932.YBR205W	30.7	125
1864575	4932.YOR222W	30.6	99
1860767	4932.YGL056C	30.6	129
1861067	4932.YGR080W	30.6	75
1863043	4932.YLR321C	30.5	141
1859480	4932.YDL092W	30.5	41
1862992	4932.YLR276C	30.5	166
1860838	4932.YGL125W	30.4	154
1859047	4932.YBR164C	30.4	57
1863559	4932.YMR184W	30.4	40
1862627	4932.YLL008W	30.2	225
1863980	4932.YNL251C	30.2	172
1864308	4932.YOL142W	30.2	93
1862660	4932.YLL041C	30.0	75
1863150	4932.YLR418C	30.0	108
1862105	4932.YJR002W	29.9	130
1864975	4932.YPL207W	29.9	195
1859820	4932.YDR165W	29.9	152
1865001	4932.YPL232W	29.7	87
1863617	4932.YMR238W	29.6	145
1858657	4932.YAL034W-A	29.4	75
1860386	4932.YER048W-A	29.4	15
1860360	4932.YER027C	29.4	73
1860954	4932.YGL238W	29.4	294
1861602	4932.YHR206W	29.3	138
1863647	4932.YMR266W	29.2	114
1863481	4932.YMR117C	29.2	58
1864274	4932.YOL108C	29.1	38
1861916	4932.YJL050W	29.1	331
1860769	4932.YGL058W	29.0	28
1860456	4932.YER100W	29.0	70
1861951	4932.YJL081C	28.9	129
1861377	4932.YHR013C	28.9	65
1863834	4932.YNL110C	28.9	55
1859607	4932.YDL212W	28.9	33
1864418	4932.YOR074C	28.8	116
1860303	4932.YEL056W	28.7	142
1863139	4932.YLR410W	28.7	326
1860586	4932.YFL017C	28.7	62
1859541	4932.YDL150W	28.6	78
1863398	4932.YMR039C	28.5	78
1864015	4932.YNL284C-A	28.4	1477
1860379	4932.YER044C	28.3	84
1862497	4932.YKL213C	28.2	207
1861429	4932.YHR055C	28.2	29
1861426	4932.YHR053C	28.2	29
1859010	4932.YBR130C	28.1	113
1864560	4932.YOR207C	28.1	388
1860654	4932.YFR011C	28.0	48
1863896	4932.YNL167C	27.9	135
1860162	4932.YDR477W	27.9	173
1862330	4932.YKL055C	27.9	149
1859499	4932.YDL111C	27.9	69
1859547	4932.YDL156W	27.8	114
1861786	4932.YIL144W	27.8	199
1862919	4932.YLR209C	27.7	120
1863547	4932.YMR174C	27.7	3
1860118	4932.YDR434W	27.6	137
1865083	4932.YPR024W	27.5	188
1862740	4932.YLR050C	27.4	58
1860202	4932.YDR516C	27.4	179
1865190	4932.YPR129W	27.4	78
1861232	4932.YGR232W	27.4	83
1862633	4932.YLL014W	27.3	31
1863753	4932.YNL035C	27.3	156
1864937	4932.YPL171C	27.2	341
1862177	4932.YJR072C	27.2	89
1863929	4932.YNL200C	26.9	74
1863616	4932.YMR237W	26.9	209
1865163	4932.YPR103W	26.9	118
1862924	4932.YLR214W	26.8	251
1863879	4932.YNL151C	26.8	81
1863958	4932.YNL229C	26.7	95
1864892	4932.YPL128C	26.7	148
1863251	4932.YML042W	26.7	171
1862572	4932.YKR062W	26.7	83
1861521	4932.YHR135C	26.7	205
1863723	4932.YNL006W	26.7	65
1862715	4932.YLR026C	26.7	84
1859600	4932.YDL205C	26.6	87
1859155	4932.YBR261C	26.6	61
1863811	4932.YNL090W	26.6	67
1865082	4932.YPR023C	26.5	99
1863884	4932.YNL156C	26.5	48
1863541	4932.YMR170C	26.5	277
1860539	4932.YER171W	26.5	205
1864211	4932.YOL052C	26.5	95
1861849	4932.YIR026C	26.5	107
1863473	4932.YMR109W	26.4	362
1862394	4932.YKL113C	26.4	101
1859711	4932.YDR060W	26.3	326
1863049	4932.YLR327C	26.3	27
1858961	4932.YBR087W	26.2	114
1861185	4932.YGR186W	26.1	113
1863417	4932.YMR056C	26.1	240
1864339	4932.YOR004W	26.1	35
1860391	4932.YER053C	26.0	50
1861108	4932.YGR119C	26.0	92
1864955	4932.YPL188W	25.9	76
1860329	4932.YER001W	25.9	161
1863405	4932.YMR046C	25.8	1376
1860430	4932.YER082C	25.8	92
1864397	4932.YOR056C	25.8	95
1864783	4932.YPL022W	25.7	376
1860737	4932.YGL027C	25.7	253
1860941	4932.YGL226C-A	25.5	30
1861634	4932.YIL008W	25.4	40
1864299	4932.YOL133W	25.3	40
1859511	4932.YDL122W	25.3	231
1859826	4932.YDR170C	25.2	568
1864365	4932.YOR026W	25.1	110
1864573	4932.YOR220W	25.0	70
1865002	4932.YPL233W	25.0	58
1860092	4932.YDR408C	25.0	50
1863010	4932.YLR291C	24.9	101
1859954	4932.YDR284C	24.9	103
1859350	4932.YCR077C	24.9	127
1864485	4932.YOR141C	24.9	234
1863254	4932.YML045W-A	24.9	4691
1859308	4932.YCR034W	24.9	55
1860295	4932.YEL050C	24.8	34
1859450	4932.YDL064W	24.8	26
1862305	4932.YKL032C	24.8	31
1859827	4932.YDR170W-A	24.7	1361
1860968	4932.YGL252C	24.6	139
1860735	4932.YGL025C	24.5	48
1861205	4932.YGR205W	24.5	82
1859959	4932.YDR289C	24.5	68
1865118	4932.YPR058W	24.5	62
1858794	4932.YBL051C	24.5	98
1861253	4932.YGR252W	24.5	107
1859790	4932.YDR135C	24.4	410
1864128	4932.YNR051C	24.4	110
1863288	4932.YML075C	24.4	251
1862005	4932.YJL133C-A	24.4	16
1864890	4932.YPL126W	24.3	236
1863364	4932.YMR009W	24.3	40
1862884	4932.YLR174W	24.3	318
1861501	4932.YHR117W	24.3	123
1860749	4932.YGL039W	24.2	110
1859962	4932.YDR292C	24.2	179
1864042	4932.YNL310C	24.2	40
1865240	4932.YPR168W	24.1	17
1859632	4932.YDL237W	24.0	121
1865173	4932.YPR112C	24.0	193
1859980	4932.YDR310C	24.0	274
1863806	4932.YNL085W	23.9	190
1863075	4932.YLR351C	23.9	91
1861188	4932.YGR189C	23.9	103
1863129	4932.YLR401C	23.9	149
1864343	4932.YOR008C	23.9	50
1863474	4932.YMR110C	23.9	107
1865132	4932.YPR072W	23.9	122
1861979	4932.YJL109C	23.8	473
1860330	4932.YER002W	23.7	40
1863771	4932.YNL052W	23.7	44
1858923	4932.YBR055C	23.7	265
1859646	4932.YDR001C	23.6	179
1861719	4932.YIL083C	23.6	94
1862535	4932.YKR026C	23.6	82
1863212	4932.YML007W	23.5	119
1861591	4932.YHR196W	23.5	184
1864210	4932.YOL051W	23.5	170
1864179	4932.YOL021C	23.5	237
1864514	4932.YOR165W	23.5	190
1863936	4932.YNL207W	23.4	73
1859399	4932.YDL015C	23.3	129
1862619	4932.YLL001W	23.3	170
1864522	4932.YOR173W	23.1	113
1859445	4932.YDL059C	23.1	57
1862584	4932.YKR074W	23.0	45
1862515	4932.YKR006C	23.0	60
1859833	4932.YDR176W	22.9	158
1859714	4932.YDR063W	22.8	28
1861495	4932.YHR111W	22.8	82
1861482	4932.YHR098C	22.8	216
1865015	4932.YPL246C	22.7	30
1864793	4932.YPL032C	22.7	204
1861818	4932.YIR001C	22.6	25
1858925	4932.YBR056W	22.5	110
1864620	4932.YOR267C	22.4	108
1858650	4932.YAL030W	22.3	22
1862407	4932.YKL126W	22.2	195
1864958	4932.YPL190C	22.2	137
1864539	4932.YOR189W	22.2	24
1858671	4932.YAL044W-A	22.2	24
1860184	4932.YDR499W	22.2	175
1862474	4932.YKL188C	22.2	226
1860661	4932.YFR017C	22.1	34
1861743	4932.YIL105C	22.1	121
1859358	4932.YCR086W	22.1	39
1860823	4932.YGL111W	22.0	64
1865025	4932.YPL254W	22.0	99
1863072	4932.YLR348C	22.0	48
1860724	4932.YGL014W	21.9	125
1862570	4932.YKR060W	21.9	34
1862114	4932.YJR010C-A	21.9	33
1862017	4932.YJL143W	21.9	41
1861091	4932.YGR104C	21.9	62
1861068	4932.YGR081C	21.8	31
1859544	4932.YDL153C	21.8	111
1859975	4932.YDR305C	21.8	39
1860229	4932.YDR539W	21.8	74
1860879	4932.YGL166W	21.8	22
1859175	4932.YBR281C	21.8	166
1862916	4932.YLR206W	21.6	58
1860108	4932.YDR424C	21.5	18
1862300	4932.YKL027W	21.4	105
1864574	4932.YOR221C	21.4	69
1859209	4932.YCL010C	21.4	63
1863722	4932.YNL005C	21.3	53
1864774	4932.YPL013C	21.3	20
1859805	4932.YDR150W	21.3	584
1861170	4932.YGR172C	21.3	28
1859575	4932.YDL181W	21.3	6
1859252	4932.YCL054W	21.3	111
1863396	4932.YMR037C	21.2	53
1861485	4932.YHR101C	21.1	63
1863948	4932.YNL219C	21.1	129
1863002	4932.YLR285W	21.1	39
1863431	4932.YMR070W	21.1	30
1861668	4932.YIL036W	21.1	101
1859735	4932.YDR083W	21.1	63
1860939	4932.YGL224C	21.0	56
1864055	4932.YNL323W	21.0	69
1861777	4932.YIL136W	21.0	62
1861465	4932.YHR082C	21.0	208
1862179	4932.YJR074W	21.0	57
1862393	4932.YKL112W	21.0	133
1862648	4932.YLL029W	20.9	158
1860897	4932.YGL184C	20.9	80
1863124	4932.YLR397C	20.9	161
1861246	4932.YGR245C	20.9	141
1864235	4932.YOL076W	20.9	154
1865185	4932.YPR124W	20.9	94
1861150	4932.YGR158C	20.9	33
1859243	4932.YCL045C	20.8	163
1859078	4932.YBR193C	20.8	30
1859657	4932.YDR011W	20.8	255
1859366	4932.YCR093W	20.7	385
1863739	4932.YNL022C	20.7	59
1863116	4932.YLR389C	20.7	243
1862242	4932.YJR135W-A	20.7	22
1861390	4932.YHR024C	20.6	81
1863366	4932.YMR011W	20.5	121
1861483	4932.YHR099W	20.5	994
1861049	4932.YGR063C	20.5	20
1862051	4932.YJL176C	20.5	131
1860863	4932.YGL150C	20.5	260
1860419	4932.YER074W-A	20.5	31
1863809	4932.YNL088W	20.4	261
1864453	4932.YOR109W	20.3	255
1859439	4932.YDL053C	20.3	30
1865151	4932.YPR091C	20.2	124
1860643	4932.YFR002W	20.2	155
1860947	4932.YGL231C	20.2	47
1860536	4932.YER168C	20.2	113
1860992	4932.YGR012W	20.2	93
1863310	4932.YML095C	20.1	57
1860451	4932.YER095W	20.1	66
1863959	4932.YNL230C	20.1	74
1861458	4932.YHR076W	20.0	57
1864678	4932.YOR320C	20.0	91
1860075	4932.YDR392W	20.0	64
1861905	4932.YJL039C	20.0	357
1864292	4932.YOL126C	19.9	60
1859237	4932.YCL039W	19.9	162
1859053	4932.YBR170C	19.9	83
1863975	4932.YNL246W	19.8	35
1861648	4932.YIL020C	19.8	54
1861601	4932.YHR205W	19.7	105
1859840	4932.YDR182W	19.7	89
1860197	4932.YDR511W	19.7	22
1861194	4932.YGR195W	19.6	19
1862224	4932.YJR118C	19.6	34
1860866	4932.YGL153W	19.5	65
1858929	4932.YBR058C-A	19.5	10
1861518	4932.YHR132W-A	19.4	20
1860696	4932.YFR047C	19.4	56
1864437	4932.YOR094W	19.3	26
1859779	4932.YDR123C	19.3	31
1864812	4932.YPL050C	19.3	109
1862783	4932.YLR093C	19.3	34
1863791	4932.YNL070W	19.2	23
1861902	4932.YJL036W	19.2	71
1863086	4932.YLR361C-A	19.1	11
1864512	4932.YOR163W	19.0	30
1864081	4932.YNR006W	19.0	78
1864992	4932.YPL223C	18.9	25
1860926	4932.YGL211W	18.9	56
1863402	4932.YMR043W	18.9	27
1860730	4932.YGL020C	18.9	46
1864107	4932.YNR032C-A	18.9	20
1858841	4932.YBL093C	18.9	17
1864310	4932.YOL144W	18.9	67
1858649	4932.YAL029C	18.9	422
1862607	4932.YKR095W-A	18.8	8
1863080	4932.YLR356W	18.8	26
1862058	4932.YJL183W	18.8	82
1864444	4932.YOR101W	18.8	61
1864491	4932.YOR145C	18.8	48
1860463	4932.YER107C	18.8	67
1863003	4932.YLR286C	18.8	78
1861478	4932.YHR094C	18.8	138
1864229	4932.YOL069W	18.7	98
1864173	4932.YOL016C	18.7	65
1859849	4932.YDR189W	18.6	130
1859698	4932.YDR047W	18.5	65
1859585	4932.YDL190C	18.5	177
1864799	4932.YPL038W	18.5	28
1861937	4932.YJL069C	18.5	81
1858737	4932.YBL001C	18.5	9
1862759	4932.YLR069C	18.4	104
1865189	4932.YPR128C	18.4	68
1859966	4932.YDR296W	18.3	32
1863476	4932.YMR112C	18.3	21
1864262	4932.YOL098C	18.2	183
1862580	4932.YKR070W	18.2	54
1863668	4932.YMR285C	18.1	95
1862127	4932.YJR022W	18.1	17
1863495	4932.YMR129W	18.1	266
1860243	4932.YEL007W	18.1	38
1864732	4932.YOR370C	18.1	126
1859963	4932.YDR293C	18.1	223
1862872	4932.YLR163C	18.1	61
1862354	4932.YKL077W	18.0	78
1864085	4932.YNR010W	18.0	38
1859229	4932.YCL031C	18.0	29
1859799	4932.YDR144C	18.0	78
1859730	4932.YDR079C-A	17.9	19
1858640	4932.YAL021C	17.9	149
1862821	4932.YLR129W	17.9	174
1861547	4932.YHR158C	17.9	196
1865186	4932.YPR125W	17.8	63
1860668	4932.YFR024C-A	17.8	95
1863452	4932.YMR089C	17.8	76
1861878	4932.YJL011C	17.7	24
1858854	4932.YBL103C	17.7	104
1863459	4932.YMR096W	17.7	43
1862201	4932.YJR096W	17.6	56
1859000	4932.YBR122C	17.6	21
1862039	4932.YJL164C	17.6	118
1860089	4932.YDR406W	17.6	709
1858812	4932.YBL068W	17.6	77
1864820	4932.YPL058C	17.6	262
1859599	4932.YDL204W	17.6	49
1861801	4932.YIL157C	17.6	34
1861519	4932.YHR133C	17.6	31
1863081	4932.YLR357W	17.6	169
1863379	4932.YMR022W	17.5	15
1859817	4932.YDR162C	17.4	46
1864383	4932.YOR042W	17.4	54
1860030	4932.YDR354W	17.4	68
1859794	4932.YDR139C	17.4	11
1860812	4932.YGL100W	17.4	61
1859610	4932.YDL215C	17.4	201
1860885	4932.YGL172W	17.3	40
1859428	4932.YDL043C	17.3	33
1862034	4932.YJL159W	17.2	164
1860905	4932.YGL191W	17.2	14
1863965	4932.YNL236W	17.2	180
1864997	4932.YPL228W	17.2	68
1858826	4932.YBL079W	17.1	297
1860528	4932.YER161C	17.1	31
1858914	4932.YBR046C	17.1	78
1862147	4932.YJR042W	17.0	164
1863100	4932.YLR373C	17.0	217
1861305	4932.YHL004W	17.0	75
1862990	4932.YLR274W	17.0	118
1863176	4932.YLR442C	16.9	199
1864770	4932.YPL009C	16.9	189
1863089	4932.YLR363W-A	16.9	2
1865241	4932.YPR169W	16.9	60
1860161	4932.YDR476C	16.9	42
1864974	4932.YPL206C	16.8	53
1862611	4932.YKR099W	16.7	114
1859500	4932.YDL112W	16.7	279
1863944	4932.YNL215W	16.7	47
1863835	4932.YNL111C	16.6	18
1861670	4932.YIL038C	16.6	87
1859334	4932.YCR060W	16.6	15
1859097	4932.YBR208C	16.6	293
1861827	4932.YIR010W	16.6	74
1861582	4932.YHR188C	16.5	85
1859733	4932.YDR081C	16.5	154
1862655	4932.YLL036C	16.5	92
1862797	4932.YLR106C	16.5	862
1861442	4932.YHR066W	16.5	121
1861630	4932.YIL004C	16.4	23
1861723	4932.YIL087C	16.4	15
1862274	4932.YKL004W	16.4	19
1860864	4932.YGL151W	16.4	166
1859104	4932.YBR215W	16.4	70
1860074	4932.YDR391C	16.4	34
1865116	4932.YPR056W	16.4	78
1863307	4932.YML093W	16.3	95
1863895	4932.YNL166C	16.3	78
1864062	4932.YNL330C	16.3	100
1860132	4932.YDR448W	16.3	86
1861172	4932.YGR174C	16.3	16
1860531	4932.YER164W	16.3	218
1860246	4932.YEL009C	16.2	37
1860543	4932.YER174C	16.2	108
1862059	4932.YJL184W	16.2	24
1863467	4932.YMR104C	16.2	168
1860738	4932.YGL028C	16.2	37
1862565	4932.YKR055W	16.1	28
1864314	4932.YOL148C	16.1	108
1864815	4932.YPL053C	16.0	105
1864227	4932.YOL067C	16.0	37
1863434	4932.YMR073C	16.0	23
1864014	4932.YNL284C	16.0	31
1858953	4932.YBR081C	16.0	238
1861071	4932.YGR084C	15.9	61
1865208	4932.YPR144C	15.9	79
1860040	4932.YDR363W-A	15.9	18
1861899	4932.YJL033W	15.9	116
1863264	4932.YML054C	15.9	75
1860987	4932.YGR007W	15.9	63
1859397	4932.YDL013W	15.8	94
1859405	4932.YDL021W	15.8	35
1864077	4932.YNR003C	15.8	64
1862437	4932.YKL154W	15.8	34
1864594	4932.YOR241W	15.8	71
1863981	4932.YNL252C	15.8	35
1858742	4932.YBL005W-A	15.8	604
1859999	4932.YDR324C	15.7	125
1862137	4932.YJR032W	15.7	39
1864898	4932.YPL134C	15.7	39
1862667	4932.YLL048C	15.6	256
1864729	4932.YOR367W	15.6	36
1858946	4932.YBR074W	15.6	157
1863159	4932.YLR427W	15.6	96
1860657	4932.YFR013W	15.6	130
1864523	4932.YOR174W	15.6	53
1860221	4932.YDR531W	15.6	57
1863847	4932.YNL123W	15.5	145
1864963	4932.YPL195W	15.5	178
1865076	4932.YPR017C	15.5	25
1865016	4932.YPL247C	15.5	57
1863826	4932.YNL103W	15.4	74
1862745	4932.YLR055C	15.4	133
1861768	4932.YIL128W	15.4	198
1860846	4932.YGL133W	15.3	204
1863808	4932.YNL087W	15.3	152
1859460	4932.YDL074C	15.3	77
1865084	4932.YPR025C	15.3	56
1863126	4932.YLR399C	15.3	56
1859510	4932.YDL121C	15.3	19
1863574	4932.YMR196W	15.3	194
1859558	4932.YDL164C	15.2	76
1863862	4932.YNL137C	15.2	38
1861942	4932.YJL074C	15.2	148
1862692	4932.YLR003C	15.2	41
1861474	4932.YHR090C	15.1	43
1861338	4932.YHL031C	15.1	40
1863034	4932.YLR312W-A	15.1	35
1864352	4932.YOR014W	15.0	92
1864110	4932.YNR034W	15.0	44
1862488	4932.YKL204W	15.0	71
1862239	4932.YJR133W	14.9	29
1860395	4932.YER056C	14.9	37
1859099	4932.YBR210W	14.8	17
1858744	4932.YBL006C	14.8	27
1863823	4932.YNL100W	14.8	40
1859620	4932.YDL225W	14.8	65
1859135	4932.YBR242W	14.8	29
1858921	4932.YBR053C	14.8	54
1865130	4932.YPR070W	14.8	80
1862527	4932.YKR018C	14.8	103
1862139	4932.YJR034W	14.7	7
1861448	4932.YHR070W	14.7	63
1864660	4932.YOR304W	14.7	179
1863796	4932.YNL075W	14.6	33
1859819	4932.YDR164C	14.6	113
1860416	4932.YER072W	14.6	40
1861971	4932.YJL101C	14.6	83
1864326	4932.YOL159C-A	14.6	13
1861235	4932.YGR235C	14.6	32
1860367	4932.YER034W	14.6	21
1863710	4932.YMR319C	14.6	68
1860794	4932.YGL082W	14.5	39
1861754	4932.YIL115C	14.5	207
1859449	4932.YDL063C	14.5	63
1860614	4932.YFL041W	14.5	115
1862053	4932.YJL178C	14.4	37
1861821	4932.YIR004W	14.4	71
1862640	4932.YLL021W	14.4	196
1860144	4932.YDR460W	14.4	43
1862691	4932.YLR002C	14.4	121
1859969	4932.YDR299W	14.4	94
1859005	4932.YBR126W-A	14.3	23
1862773	4932.YLR083C	14.3	116
1864090	4932.YNR015W	14.3	45
1860713	4932.YGL006W	14.2	135
1862795	4932.YLR104W	14.2	2
1860982	4932.YGR002C	14.2	55
1859927	4932.YDR261C	14.2	96
1860658	4932.YFR014C	14.2	61
1861806	4932.YIL162W	14.1	55
1860182	4932.YDR497C	14.1	41
1864848	4932.YPL086C	14.1	57
1864985	4932.YPL217C	14.1	122
1862338	4932.YKL063C	14.1	10
1861676	4932.YIL044C	14.1	27
1859982	4932.YDR312W	14.1	106
1863590	4932.YMR212C	14.1	65
1861394	4932.YHR028C	14.0	149
1864641	4932.YOR288C	14.0	34
1862346	4932.YKL069W	14.0	29
1864454	4932.YOR110W	14.0	84
1862761	4932.YLR071C	14.0	165
1859285	4932.YCR016W	14.0	31
1859929	4932.YDR261C-D	14.0	7080
1864215	4932.YOL055C	14.0	122
1859862	4932.YDR201W	13.9	31
1859614	4932.YDL219W	13.9	30
1859981	4932.YDR311W	13.9	95
1861279	4932.YGR277C	13.8	53
1863520	4932.YMR152W	13.8	66
1859555	4932.YDL161W	13.8	27
1862756	4932.YLR066W	13.8	23
1860340	4932.YER010C	13.7	19
1863898	4932.YNL169C	13.7	67
1861930	4932.YJL062W-A	13.7	9
1861613	4932.YHR214C-B	13.7	6316
1862337	4932.YKL062W	13.7	72
1859551	4932.YDL159W	13.6	58
1860728	4932.YGL018C	13.6	18
1862593	4932.YKR082W	13.6	169
1860066	4932.YDR383C	13.6	27
1860302	4932.YEL055C	13.6	178
1859054	4932.YBR171W	13.5	29
1861747	4932.YIL108W	13.5	103
1858680	4932.YAL054C	13.5	195
1864386	4932.YOR045W	13.5	8
1862578	4932.YKR068C	13.5	28
1865030	4932.YPL257W-B	13.4	7210
1860918	4932.YGL203C	13.3	102
1862861	4932.YLR157C-B	13.3	7172
1859793	4932.YDR138W	13.3	106
1862768	4932.YLR078C	13.2	32
1862185	4932.YJR080C	13.2	46
1860283	4932.YEL038W	13.1	34
1864131	4932.YNR054C	13.1	33
1860264	4932.YEL022W	13.1	183
1864886	4932.YPL122C	13.1	83
1860498	4932.YER138C	13.1	7264
1860819	4932.YGL107C	13.0	79
1863601	4932.YMR223W	13.0	72
1859561	4932.YDL167C	13.0	65
1863059	4932.YLR337C	13.0	58
1859771	4932.YDR117C	13.0	57
1863244	4932.YML035C	13.0	98
1863831	4932.YNL107W	12.9	37
1860044	4932.YDR365W-B	12.9	7161
1860388	4932.YER050C	12.9	6
1858994	4932.YBR117C	12.9	100
1861317	4932.YHL013C	12.9	40
1860010	4932.YDR335W	12.9	225
1860753	4932.YGL041W-A	12.9	10
1864165	4932.YOL010W	12.9	70
1865097	4932.YPR037C	12.9	19
1864038	4932.YNL306W	12.8	20
1861144	4932.YGR152C	12.8	31
1861859	4932.YIR035C	12.8	42
1858966	4932.YBR091C	12.8	12
1859280	4932.YCR011C	12.8	126
1862371	4932.YKL094W	12.7	45
1863528	4932.YMR158W	12.7	21
1862472	4932.YKL186C	12.7	23
1860868	4932.YGL155W	12.7	32
1862606	4932.YKR095W	12.7	180
1861631	4932.YIL005W	12.7	68
1862129	4932.YJR024C	12.7	49
1860034	4932.YDR358W	12.6	64
1862511	4932.YKR002W	12.6	77
1859118	4932.YBR227C	12.6	47
1861481	4932.YHR097C	12.6	29
1861921	4932.YJL054W	12.6	58
1862690	4932.YLR001C	12.6	82
1864045	4932.YNL313C	12.6	136
1863321	4932.YML103C	12.6	192
1862490	4932.YKL206C	12.5	31
1863386	4932.YMR029C	12.5	49
1860928	4932.YGL213C	12.5	43
1862653	4932.YLL034C	12.5	114
1862790	4932.YLR099W-A	12.4	4
1863494	4932.YMR128W	12.3	132
1864809	4932.YPL047W	12.3	17
1861177	4932.YGR178C	12.3	88
1859705	4932.YDR054C	12.3	23
1864570	4932.YOR217W	12.3	101
1859978	4932.YDR308C	12.3	23
1865200	4932.YPR137C-B	12.3	7063
1859101	4932.YBR212W	12.2	33
1864772	4932.YPL011C	12.2	57
1862958	4932.YLR245C	12.2	21
1863165	4932.YLR433C	12.1	83
1859020	4932.YBR139W	12.1	51
1859304	4932.YCR030C	12.1	88
1863479	4932.YMR115W	12.1	44
1860035	4932.YDR359C	12.1	116
1859396	4932.YDL012C	12.1	3
1860239	4932.YEL003W	12.0	7
1863438	4932.YMR076C	12.0	144
1861373	4932.YHR009C	12.0	81
1859937	4932.YDR267C	12.0	54
1864911	4932.YPL146C	12.0	26
1860506	4932.YER145C	12.0	54
1863218	4932.YML011C	12.0	18
1861526	4932.YHR139C	11.9	20
1861109	4932.YGR120C	11.9	42
1864879	4932.YPL116W	11.9	89
1860911	4932.YGL196W	11.9	35
1858986	4932.YBR110W	11.9	48
1862464	4932.YKL179C	11.9	59
1864504	4932.YOR158W	11.9	29
1861286	4932.YGR284C	11.9	59
1863902	4932.YNL173C	11.9	39
1864972	4932.YPL204W	11.8	57
1863612	4932.YMR233W	11.8	19
1859496	4932.YDL108W	11.8	39
1860659	4932.YFR015C	11.8	78
1862963	4932.YLR250W	11.8	29
1861445	4932.YHR069C	11.8	52
1858593	4932.Q0045	11.8	36
1860222	4932.YDR532C	11.8	51
1862630	4932.YLL011W	11.8	42
1863993	4932.YNL264C	11.8	24
1858869	4932.YBR003W	11.8	54
1862344	4932.YKL068W	11.8	63
1860842	4932.YGL129C	11.7	35
1859901	4932.YDR236C	11.7	52
1859323	4932.YCR047C	11.6	25
1858853	4932.YBL102W	11.6	35
1863442	4932.YMR080C	11.6	109
1859857	4932.YDR196C	11.6	20
1859120	4932.YBR229C	11.6	96
1863223	4932.YML015C	11.6	46
1862411	4932.YKL130C	11.5	23
1862892	4932.YLR182W	11.5	92
1861931	4932.YJL063C	11.5	23
1863248	4932.YML039W	11.5	6776
1860721	4932.YGL012W	11.5	63
1860461	4932.YER105C	11.5	148
1862547	4932.YKR037C	11.4	28
1862273	4932.YKL003C	11.4	14
1860777	4932.YGL065C	11.4	58
1861771	4932.YIL131C	11.4	55
1863928	4932.YNL199C	11.4	42
1863669	4932.YMR286W	11.4	6
1865257	4932.YPR182W	11.4	23
1865242	4932.YPR169W-A	11.3	6
1864269	4932.YOL103W-B	11.3	6296
1862940	4932.YLR227W-B	11.3	6683
1864634	4932.YOR281C	11.3	43
1859049	4932.YBR166C	11.3	64
1864757	4932.YOR393W	11.3	240
1865052	4932.YPL281C	11.3	240
1862491	4932.YKL207W	11.3	27
1864856	4932.YPL094C	11.3	42
1862132	4932.YJR027W	11.3	6730
1863742	4932.YNL024C-A	11.3	10
1862000	4932.YJL128C	11.2	66
1863842	4932.YNL118C	11.2	96
1864456	4932.YOR112W	11.2	105
1858908	4932.YBR040W	11.2	35
1860785	4932.YGL073W	11.1	98
1862534	4932.YKR025W	11.1	35
1864093	4932.YNR018W	11.1	23
1859597	4932.YDL202W	11.1	19
1860349	4932.YER018C	11.1	39
1860069	4932.YDR386W	11.1	82
1862378	4932.YKL099C	11.1	14
1858618	4932.YAL001C	11.1	123
1861233	4932.YGR233C	11.0	148
1860943	4932.YGL227W	11.0	109
1858825	4932.YBL078C	11.0	13
1864047	4932.YNL315C	11.0	25
1862449	4932.YKL165C	11.0	122
1860964	4932.YGL248W	11.0	88
1861124	4932.YGR133W	10.9	30
1863636	4932.YMR255W	10.9	14
1861525	4932.YHR138C	10.9	16
1863289	4932.YML076C	10.9	113
1861273	4932.YGR271C-A	10.9	19
1861276	4932.YGR274C	10.9	80
1862502	4932.YKL218C	10.9	41
1859322	4932.YCR046C	10.9	13
1861378	4932.YHR014W	10.9	35
1860805	4932.YGL093W	10.9	130
1863363	4932.YMR008C	10.8	93
1859489	4932.YDL101C	10.8	45
1862595	4932.YKR084C	10.8	68
1860573	4932.YFL008W	10.8	126
1861691	4932.YIL057C	10.8	14
1864597	4932.YOR244W	10.8	47
1859417	4932.YDL031W	10.8	94
1864719	4932.YOR357C	10.8	15
1859317	4932.YCR042C	10.7	157
1860813	4932.YGL101W	10.7	18
1864524	4932.YOR175C	10.7	74
1860038	4932.YDR362C	10.7	69
1859309	4932.YCR035C	10.7	53
1861636	4932.YIL009W	10.7	95
1861009	4932.YGR027W-B	10.7	6534
1859535	4932.YDL144C	10.6	35
1864389	4932.YOR048C	10.6	79
1860178	4932.YDR493W	10.6	8
1859936	4932.YDR266C	10.6	56
1860193	4932.YDR508C	10.6	98
1862134	4932.YJR029W	10.6	6552
1864610	4932.YOR257W	10.6	18
1860779	4932.YGL067W	10.6	46
1863714	4932.YMR323W	10.5	240
1859752	4932.YDR098C-B	10.5	6343
1859988	4932.YDR316W-B	10.5	6460
1859786	4932.YDR130C	10.5	22
1863594	4932.YMR216C	10.5	59
1859832	4932.YDR175C	10.5	28
1860617	4932.YFL044C	10.5	30
1864529	4932.YOR180C	10.5	36
1861129	4932.YGR138C	10.4	49
1863030	4932.YLR309C	10.4	51
1862290	4932.YKL018W	10.4	40
1861182	4932.YGR183C	10.4	6
1860125	4932.YDR441C	10.4	13
1864429	4932.YOR085W	10.3	36
1861433	4932.YHR058C	10.3	36
1861430	4932.YHR056C	10.3	108
1863579	4932.YMR201C	10.3	26
1863333	4932.YML115C	10.3	59
1859692	4932.YDR041W	10.3	22
1865023	4932.YPL252C	10.3	5
1863744	4932.YNL026W	10.3	56
1865212	4932.YPR147C	10.3	29
1864590	4932.YOR236W	10.3	18
1864632	4932.YOR279C	10.3	23
1863359	4932.YMR004W	10.2	56
1862156	4932.YJR051W	10.2	72
1859910	4932.YDR245W	10.2	51
1862332	4932.YKL057C	10.2	120
1862455	4932.YKL170W	10.2	14
1860549	4932.YER179W	10.2	38
1864547	4932.YOR194C	10.2	15
1861586	4932.YHR192W	10.2	27
1859079	4932.YBR194W	10.2	4
1861023	4932.YGR038C-B	10.2	6093
1860014	4932.YDR339C	10.2	26
1859505	4932.YDL116W	10.1	79
1860183	4932.YDR498C	10.1	28
1861033	4932.YGR047C	10.1	125
1861416	4932.YHR046C	10.1	22
1863410	4932.YMR050C	10.1	6430
1859774	4932.YDR119W	10.1	45
1864554	4932.YOR201C	10.1	30
1865227	4932.YPR158W-B	10.1	6402
1865142	4932.YPR081C	10.0	107
1862522	4932.YKR013W	10.0	13
1859796	4932.YDR141C	9.99	193
1860258	4932.YEL018W	9.99	30
1860081	4932.YDR398W	9.98	70
1860595	4932.YFL024C	9.97	80
1859731	4932.YDR079W	9.96	9
1862694	4932.YLR005W	9.94	71
1864976	4932.YPL208W	9.92	47
1862162	4932.YJR057W	9.91	20
1861336	4932.YHL030W	9.9	213
1859872	4932.YDR210C-D	9.9	6106
1865248	4932.YPR173C	9.88	51
1864488	4932.YOR142W-B	9.86	6313
1859835	4932.YDR178W	9.83	10
1861042	4932.YGR056W	9.82	99
1863865	4932.YNL139C	9.8	151
1863675	4932.YMR291W	9.79	55
1861820	4932.YIR003W	9.78	71
1862365	4932.YKL088W	9.77	45
1861127	4932.YGR136W	9.76	13
1860660	4932.YFR016C	9.75	114
1859675	4932.YDR028C	9.74	78
1861877	4932.YJL010C	9.74	69
1860502	4932.YER141W	9.69	49
1864431	4932.YOR087W	9.67	58
1863131	4932.YLR403W	9.66	32
1860527	4932.YER160C	9.65	6346
1860171	4932.YDR486C	9.61	9
1863532	4932.YMR161W	9.61	16
1863293	4932.YML080W	9.61	30
1861155	4932.YGR161C-D	9.6	6338
1861201	4932.YGR202C	9.6	20
1859917	4932.YDR251W	9.59	93
1858703	4932.YAR002W	9.59	46
1865239	4932.YPR167C	9.59	26
1861805	4932.YIL161W	9.58	15
1864673	4932.YOR316C	9.58	28
1865224	4932.YPR158C-D	9.58	6473
1864468	4932.YOR124C	9.56	128
1859024	4932.YBR142W	9.56	82
1861267	4932.YGR266W	9.56	84
1860058	4932.YDR377W	9.52	11
1864900	4932.YPL135W	9.48	23
1865180	4932.YPR119W	9.47	48
1861800	4932.YIL156W-B	9.46	6
1861347	4932.YHL039W	9.44	63
1864846	4932.YPL084W	9.42	69
1864878	4932.YPL115C	9.42	136
1858637	4932.YAL019W	9.4	74
1858880	4932.YBR012W-B	9.38	6225
1864569	4932.YOR216C	9.37	43
1859770	4932.YDR116C	9.36	22
1862749	4932.YLR059C	9.33	33
1864847	4932.YPL085W	9.32	160
1861920	4932.YJL053W	9.3	35
1858681	4932.YAL055W	9.26	37
1862836	4932.YLR144C	9.25	70
1861464	4932.YHR081W	9.24	9
1863690	4932.YMR304W	9.18	131
1863645	4932.YMR264W	9.16	25
1861435	4932.YHR060W	9.16	19
1860722	4932.YGL013C	9.15	99
1862818	4932.YLR126C	9.15	16
1860455	4932.YER099C	9.13	48
1861070	4932.YGR083C	9.1	37
1865263	4932.YPR188C	9.1	14
1859231	4932.YCL033C	9.08	18
1864159	4932.YOL004W	9.04	124
1859798	4932.YDR143C	9.02	48
1864762	4932.YPL001W	9.01	48
1862516	4932.YKR007W	9.0	20
1863225	4932.YML017W	8.99	51
1858686	4932.YAL059W	8.98	16
1860772	4932.YGL061C	8.97	17
1861304	4932.YHL003C	8.97	39
1860894	4932.YGL181W	8.97	16
1859808	4932.YDR153C	8.96	29
1864603	4932.YOR250C	8.95	28
1864216	4932.YOL056W	8.95	28
1865100	4932.YPR040W	8.94	34
1863173	4932.YLR439W	8.94	23
1860592	4932.YFL021W	8.94	40
1858654	4932.YAL033W	8.92	13
1864971	4932.YPL203W	8.91	37
1862754	4932.YLR064W	8.9	24
1864230	4932.YOL070C	8.89	37
1860792	4932.YGL080W	8.88	10
1862587	4932.YKR076W	8.86	32
1860412	4932.YER068W	8.86	31
1862723	4932.YLR034C	8.84	38
1864715	4932.YOR353C	8.82	29
1864474	4932.YOR130C	8.79	25
1860350	4932.YER019C-A	8.79	7
1859427	4932.YDL042C	8.78	71
1860520	4932.YER155C	8.78	216
1864126	4932.YNR049C	8.78	18
1859100	4932.YBR211C	8.76	39
1859678	4932.YDR031W	8.75	9
1860406	4932.YER065C	8.73	48
1858774	4932.YBL033C	8.73	36
1863522	4932.YMR153W	8.73	30
1861928	4932.YJL061W	8.71	48
1864804	4932.YPL042C	8.7	55
1862499	4932.YKL215C	8.68	101
1860354	4932.YER022W	8.68	62
1860276	4932.YEL032W	8.67	83
1862204	4932.YJR099W	8.64	26
1861557	4932.YHR167W	8.61	20
1862604	4932.YKR093W	8.6	53
1864467	4932.YOR123C	8.59	37
1864424	4932.YOR080W	8.57	65
1861855	4932.YIR031C	8.57	104
1859232	4932.YCL034W	8.55	44
1863640	4932.YMR259C	8.55	128
1861367	4932.YHR005C	8.54	51
1858712	4932.YAR019C	8.54	121
1865078	4932.YPR019W	8.51	84
1862891	4932.YLR181C	8.51	29
1860962	4932.YGL246C	8.5	36
1864717	4932.YOR355W	8.49	31
1860620	4932.YFL047W	8.47	53
1862582	4932.YKR072C	8.46	41
1858887	4932.YBR019C	8.45	70
1863745	4932.YNL027W	8.44	46
1864919	4932.YPL153C	8.44	65
1860798	4932.YGL086W	8.39	54
1859205	4932.YCL005W-A	8.37	11
1861079	4932.YGR092W	8.36	54
1858927	4932.YBR057C	8.36	24
1861160	4932.YGR163W	8.36	21
1859172	4932.YBR278W	8.34	6
1858928	4932.YBR058C	8.33	79
1862566	4932.YKR056W	8.33	68
1861661	4932.YIL030C	8.31	121
1862825	4932.YLR133W	8.27	48
1860352	4932.YER020W	8.27	38
1861556	4932.YHR166C	8.25	63
1859284	4932.YCR015C	8.24	14
1859567	4932.YDL173W	8.21	19
1860179	4932.YDR494W	8.2	19
1864615	4932.YOR262W	8.19	29
1863578	4932.YMR200W	8.18	18
1861759	4932.YIL119C	8.18	34
1861413	4932.YHR043C	8.18	35
1862186	4932.YJR082C	8.18	13
1859560	4932.YDL166C	8.16	18
1863926	4932.YNL197C	8.15	41
1861148	4932.YGR156W	8.12	23
1863186	4932.YLR452C	8.12	45
1861434	4932.YHR059W	8.1	5
1863227	4932.YML019W	8.1	39
1865065	4932.YPR008W	8.1	45
1862416	4932.YKL135C	8.1	51
1863112	4932.YLR385C	8.09	12
1861690	4932.YIL056W	8.08	55
1859199	4932.YCL001W	8.08	13
1859532	4932.YDL141W	8.06	64
1862197	4932.YJR093C	8.06	26
1863350	4932.YML131W	8.06	27
1861476	4932.YHR092C	8.06	75
1864398	4932.YOR057W	8.05	34
1863387	4932.YMR030W	8.05	28
1860726	4932.YGL016W	8.05	103
1860804	4932.YGL092W	8.04	107
1859618	4932.YDL223C	8.03	82
1861247	4932.YGR246C	8.01	45
1863906	4932.YNL177C	8.0	16
1862323	4932.YKL049C	8.0	15
1859028	4932.YBR146W	7.95	23
1862313	4932.YKL039W	7.94	45
1859451	4932.YDL065C	7.94	37
1861262	4932.YGR261C	7.9	64
1860289	4932.YEL044W	7.86	14
1864496	4932.YOR150W	7.85	9
1859818	4932.YDR163W	7.83	8
1862562	4932.YKR052C	7.83	17
1862632	4932.YLL013C	7.82	42
1859444	4932.YDL058W	7.82	131
1862326	4932.YKL052C	7.8	28
1864784	4932.YPL023C	7.8	50
1862379	4932.YKL100C	7.77	36
1859997	4932.YDR322W	7.76	30
1860985	4932.YGR005C	7.74	30
1864722	4932.YOR360C	7.74	41
1863718	4932.YNL001W	7.73	31
1862473	4932.YKL187C	7.72	49
1865088	4932.YPR029C	7.71	80
1864282	4932.YOL116W	7.71	26
1862216	4932.YJR111C	7.71	18
1863721	4932.YNL004W	7.71	31
1859167	4932.YBR273C	7.71	28
1861346	4932.YHL038C	7.71	47
1864204	4932.YOL045W	7.69	90
1865160	4932.YPR100W	7.68	5
1858740	4932.YBL004W	7.67	216
1859158	4932.YBR264C	7.67	19
1861995	4932.YJL125C	7.67	19
1864697	4932.YOR337W	7.66	59
1862279	4932.YKL008C	7.66	39
1864549	4932.YOR196C	7.64	29
1864190	4932.YOL032W	7.64	12
1859787	4932.YDR131C	7.63	47
1864716	4932.YOR354C	7.63	48
1861309	4932.YHL007C	7.62	63
1863224	4932.YML016C	7.61	58
1863385	4932.YMR028W	7.6	26
1861785	4932.YIL143C	7.59	89
1862285	4932.YKL014C	7.57	165
1862801	4932.YLR110C	7.57	8
1863253	4932.YML045W	7.56	5786
1860607	4932.YFL034C-B	7.55	19
1862549	4932.YKR039W	7.54	41
1859868	4932.YDR207C	7.54	52
1862898	4932.YLR188W	7.52	33
1864579	4932.YOR226C	7.52	16
1863407	4932.YMR047C	7.51	44
1859001	4932.YBR123C	7.51	58
1862838	4932.YLR146C	7.5	23
1860217	4932.YDR527W	7.48	19
1863758	4932.YNL040W	7.46	40
1862282	4932.YKL011C	7.45	24
1862519	4932.YKR010C	7.44	45
1864046	4932.YNL314W	7.44	8
1864359	4932.YOR020W-A	7.43	4
1863624	4932.YMR244C-A	7.43	3
1859343	4932.YCR071C	7.41	7
1864114	4932.YNR037C	7.4	5
1860192	4932.YDR507C	7.4	58
1865172	4932.YPR111W	7.39	41
1862577	4932.YKR067W	7.38	49
1863648	4932.YMR267W	7.38	16
1861381	4932.YHR017W	7.38	32
1864582	4932.YOR229W	7.38	35
1861410	4932.YHR040W	7.37	20
1865264	4932.YPR189W	7.36	112
1862489	4932.YKL205W	7.36	79
1858897	4932.YBR029C	7.36	52
1863076	4932.YLR352W	7.35	72
1859181	4932.YBR287W	7.34	19
1862219	4932.YJR113C	7.33	15
1863526	4932.YMR157C	7.33	15
1862071	4932.YJL196C	7.33	27
1864016	4932.YNL284C-B	7.3	2336
1861949	4932.YJL079C	7.29	2
1862238	4932.YJR132W	7.28	89
1859896	4932.YDR231C	7.27	15
1862124	4932.YJR019C	7.26	24
1858909	4932.YBR041W	7.25	43
1859340	4932.YCR067C	7.25	58
1863575	4932.YMR197C	7.25	18
1859319	4932.YCR044C	7.23	14
1861472	4932.YHR088W	7.22	18
1859442	4932.YDL056W	7.19	58
1859126	4932.YBR233W-A	7.19	6
1859559	4932.YDL165W	7.18	8
1865164	4932.YPR104C	7.16	69
1862755	4932.YLR065C	7.13	10
1860745	4932.YGL035C	7.1	30
1862994	4932.YLR278C	7.1	96
1860904	4932.YGL190C	7.06	38
1862698	4932.YLR009W	7.05	7
1860882	4932.YGL169W	7.04	22
1864315	4932.YOL149W	7.03	18
1863789	4932.YNL068C	7.02	63
1863644	4932.YMR263W	7.02	9
1864501	4932.YOR155C	7.02	26
1864336	4932.YOR001W	7.01	46
1861637	4932.YIL010W	7.01	16
1864088	4932.YNR013C	7.0	46
1858783	4932.YBL040C	6.96	20
1864983	4932.YPL215W	6.95	15
1860298	4932.YEL052W	6.95	39
1860142	4932.YDR458C	6.95	39
1862164	4932.YJR059W	6.95	58
1862368	4932.YKL091C	6.92	35
1860155	4932.YDR469W	6.92	11
1861718	4932.YIL082W-A	6.9	321
1863660	4932.YMR277W	6.89	58
1864457	4932.YOR113W	6.89	52
1864905	4932.YPL140C	6.86	37
1858930	4932.YBR059C	6.86	68
1859176	4932.YBR282W	6.84	5
1863376	4932.YMR019W	6.83	67
1861727	4932.YIL091C	6.81	42
1863825	4932.YNL102W	6.79	75
1864410	4932.YOR069W	6.79	31
1862708	4932.YLR019W	6.79	29
1863332	4932.YML114C	6.78	24
1858798	4932.YBL055C	6.78	24
1859093	4932.YBR204C	6.77	22
1863875	4932.YNL147W	6.72	6
1860732	4932.YGL022W	6.7	78
1858669	4932.YAL043C	6.67	52
1860112	4932.YDR428C	6.64	25
1863597	4932.YMR219W	6.64	89
1860756	4932.YGL044C	6.62	8
1861058	4932.YGR071C	6.62	66
1858939	4932.YBR068C	6.61	43
1860348	4932.YER017C	6.59	46
1863102	4932.YLR375W	6.59	21
1863125	4932.YLR398C	6.58	72
1862410	4932.YKL129C	6.54	78
1863404	4932.YMR045C	6.52	2274
1859886	4932.YDR221W	6.52	30
1860250	4932.YEL012W	6.51	8
1863979	4932.YNL250W	6.49	60
1865259	4932.YPR184W	6.48	98
1862695	4932.YLR006C	6.47	45
1863174	4932.YLR440C	6.47	46
1860994	4932.YGR014W	6.47	21
1858664	4932.YAL039C	6.47	12
1865234	4932.YPR162C	6.45	40
1863781	4932.YNL062C	6.44	26
1865127	4932.YPR067W	6.44	7
1861098	4932.YGR109W-B	6.43	321
1862772	4932.YLR082C	6.43	32
1860843	4932.YGL130W	6.43	36
1859554	4932.YDL160C-A	6.43	5
1862434	4932.YKL151C	6.42	20
1861063	4932.YGR076C	6.41	3
1860024	4932.YDR349C	6.4	31
1861457	4932.YHR075C	6.38	23
1864379	4932.YOR038C	6.36	55
1864354	4932.YOR016C	6.35	12
1858724	4932.YAR042W	6.33	80
1862785	4932.YLR095C	6.32	46
1865249	4932.YPR174C	6.32	10
1862596	4932.YKR085C	6.31	8
1863162	4932.YLR430W	6.31	142
1863839	4932.YNL115C	6.31	30
1863985	4932.YNL256W	6.3	41
1862448	4932.YKL164C	6.29	115
1863422	4932.YMR061W	6.29	48
1858769	4932.YBL029C-A	6.28	5
1863687	4932.YMR302C	6.28	57
1858608	4932.Q0140	6.28	20
1865018	4932.YPL249C	6.27	62
1860810	4932.YGL098W	6.26	15
1859091	4932.YBR202W	6.25	49
1858845	4932.YBL097W	6.24	37
1862190	4932.YJR086W	6.23	7
1864301	4932.YOL135C	6.2	18
1865203	4932.YPR139C	6.2	22
1859129	4932.YBR236C	6.19	26
1864010	4932.YNL280C	6.18	20
1862637	4932.YLL019C	6.18	49
1861729	4932.YIL093C	6.17	15
1860165	4932.YDR480W	6.16	14
1860399	4932.YER059W	6.14	20
1863284	4932.YML071C	6.13	41
1864214	4932.YOL054W	6.13	27
1864240	4932.YOL080C	6.11	11
1863074	4932.YLR350W	6.1	11
1858814	4932.YBL069W	6.09	24
1863501	4932.YMR135C	6.09	34
1862418	4932.YKL137W	6.09	3
1861671	4932.YIL039W	6.08	35
1861437	4932.YHR062C	6.08	16
1864520	4932.YOR171C	6.06	32
1865188	4932.YPR127W	6.04	34
1859588	4932.YDL193W	6.04	20
1861957	4932.YJL087C	6.03	41
1865219	4932.YPR154W	6.03	8
1858932	4932.YBR061C	5.99	13
1862805	4932.YLR114C	5.99	50
1860133	4932.YDR449C	5.96	24
1860530	4932.YER163C	5.94	19
1863852	4932.YNL128W	5.94	35
1861824	4932.YIR007W	5.93	47
1863496	4932.YMR130W	5.92	24
1860957	4932.YGL241W	5.91	72
1862533	4932.YKR024C	5.91	38
1864792	4932.YPL031C	5.9	28
1863605	4932.YMR227C	5.88	30
1861162	4932.YGR165W	5.88	11
1860000	4932.YDR325W	5.87	63
1864094	4932.YNR019W	5.86	28
1859894	4932.YDR229W	5.86	26
1864962	4932.YPL194W	5.84	41
1864115	4932.YNR038W	5.84	39
1861954	4932.YJL084C	5.83	35
1859365	4932.YCR092C	5.83	63
1863910	4932.YNL181W	5.83	27
1864087	4932.YNR012W	5.82	21
1862281	4932.YKL010C	5.8	78
1863104	4932.YLR377C	5.79	20
1860032	4932.YDR356W	5.78	32
1862735	4932.YLR045C	5.76	47
1858886	4932.YBR018C	5.76	26
1861331	4932.YHL025W	5.75	13
1861016	4932.YGR033C	5.75	13
1863318	4932.YML101C	5.73	6
1860249	4932.YEL011W	5.72	48
1860023	4932.YDR348C	5.72	25
1863046	4932.YLR324W	5.7	30
1859950	4932.YDR280W	5.7	28
1864686	4932.YOR328W	5.69	339
1861278	4932.YGR276C	5.69	27
1862532	4932.YKR023W	5.67	23
1859801	4932.YDR146C	5.61	46
1860147	4932.YDR462W	5.61	5
1861303	4932.YHL002W	5.61	25
1861537	4932.YHR148W	5.61	5
1862389	4932.YKL108W	5.6	19
1860622	4932.YFL049W	5.56	29
1864949	4932.YPL183C	5.56	74
1863371	4932.YMR014W	5.53	17
1859604	4932.YDL209C	5.52	20
1864469	4932.YOR125C	5.48	11
1864105	4932.YNR030W	5.48	44
1863184	4932.YLR450W	5.48	84
1860008	4932.YDR333C	5.46	27
1864750	4932.YOR386W	5.44	37
1862946	4932.YLR233C	5.44	41
1862811	4932.YLR120C	5.43	8
1861251	4932.YGR250C	5.42	47
1863415	4932.YMR054W	5.4	49
1861014	4932.YGR031W	5.4	13
1862969	4932.YLR256W	5.39	70
1864696	4932.YOR336W	5.37	66
1864807	4932.YPL045W	5.37	42
1865157	4932.YPR097W	5.37	46
1864255	4932.YOL092W	5.36	9
1860253	4932.YEL015W	5.36	17
1860141	4932.YDR457W	5.36	156
1860362	4932.YER029C	5.33	4
1860114	4932.YDR430C	5.32	66
1864189	4932.YOL031C	5.32	24
1863909	4932.YNL180C	5.32	14
1863408	4932.YMR048W	5.31	16
1859902	4932.YDR237W	5.3	17
1860519	4932.YER154W	5.3	10
1860601	4932.YFL030W	5.28	24
1864101	4932.YNR026C	5.27	24
1859144	4932.YBR251W	5.27	15
1859953	4932.YDR283C	5.25	80
1863512	4932.YMR144W	5.23	19
1862679	4932.YLL060C	5.23	6
1861380	4932.YHR016C	5.22	18
1859080	4932.YBR195C	5.21	13
1862355	4932.YKL078W	5.21	43
1859332	4932.YCR057C	5.2	55
1863738	4932.YNL021W	5.2	32
1864868	4932.YPL105C	5.2	40
1864791	4932.YPL030W	5.19	27
1859824	4932.YDR169C	5.19	26
1864459	4932.YOR115C	5.19	15
1860480	4932.YER123W	5.19	20
1858717	4932.YAR028W	5.18	5
1863921	4932.YNL192W	5.17	65
1862237	4932.YJR131W	5.16	30
1859719	4932.YDR068W	5.15	18
1860537	4932.YER169W	5.14	37
1861403	4932.YHR034C	5.14	16
1863954	4932.YNL225C	5.14	14
1863935	4932.YNL206C	5.13	29
1862537	4932.YKR028W	5.13	58
1862840	4932.YLR147C	5.13	5
1859443	4932.YDL057W	5.13	16
1864250	4932.YOL087C	5.12	59
1863992	4932.YNL263C	5.12	21
1860594	4932.YFL023W	5.12	26
1858846	4932.YBL098W	5.08	21
1859617	4932.YDL222C	5.06	13
1859651	4932.YDR005C	5.06	14
1861252	4932.YGR251W	5.06	5
1863567	4932.YMR192W	5.05	33
1861698	4932.YIL064W	5.05	16
1859162	4932.YBR268W	5.05	4
1863569	4932.YMR193W	5.05	6
1863114	4932.YLR387C	5.05	13
1860170	4932.YDR485C	5.04	40
1859017	4932.YBR136W	5.03	157
1863348	4932.YML129C	5.0	7
1862301	4932.YKL028W	4.99	24
1861263	4932.YGR262C	4.99	11
1860513	4932.YER149C	4.96	19
1859034	4932.YBR152W	4.96	7
1863222	4932.YML014W	4.95	12
1860675	4932.YFR031C	4.95	54
1862477	4932.YKL191W	4.94	22
1860484	4932.YER127W	4.93	19
1864113	4932.YNR036C	4.93	6
1858941	4932.YBR070C	4.91	16
1861118	4932.YGR127W	4.89	16
1863058	4932.YLR336C	4.88	46
1864837	4932.YPL075W	4.87	47
1858910	4932.YBR042C	4.87	23
1861907	4932.YJL042W	4.87	61
1858743	4932.YBL005W-B	4.87	1525
1863661	4932.YMR278W	4.86	33
1860916	4932.YGL201C	4.85	56
1863009	4932.YLR290C	4.85	15
1864889	4932.YPL125W	4.82	49
1863822	4932.YNL099C	4.82	12
1859691	4932.YDR040C	4.81	160
1863054	4932.YLR332W	4.81	15
1861726	4932.YIL090W	4.8	29
1863506	4932.YMR139W	4.79	17
1864633	4932.YOR280C	4.78	15
1860096	4932.YDR412W	4.78	7
1858751	4932.YBL011W	4.76	37
1863320	4932.YML102W	4.75	25
1862956	4932.YLR243W	4.75	11
1862936	4932.YLR225C	4.75	18
1860802	4932.YGL090W	4.74	22
1865167	4932.YPR107C	4.72	10
1865091	4932.YPR032W	4.72	43
1864904	4932.YPL139C	4.72	27
1864433	4932.YOR090C	4.69	25
1865250	4932.YPR175W	4.68	28
1860972	4932.YGL256W	4.68	17
1863700	4932.YMR312W	4.67	13
1859664	4932.YDR017C	4.67	33
1862291	4932.YKL019W	4.66	11
1863830	4932.YNL106C	4.65	60
1862154	4932.YJR049C	4.65	17
1859286	4932.YCR017C	4.65	38
1864862	4932.YPL099C	4.64	8
1861176	4932.YGR177C	4.63	28
1861751	4932.YIL112W	4.62	43
1859102	4932.YBR213W	4.59	12
1859225	4932.YCL027W	4.59	11
1861407	4932.YHR038W	4.57	6
1862931	4932.YLR221C	4.56	13
1859185	4932.YBR291C	4.55	10
1860314	4932.YEL066W	4.55	5
1863050	4932.YLR328W	4.54	22
1861952	4932.YJL082W	4.54	29
1863613	4932.YMR234W	4.54	12
1863671	4932.YMR288W	4.53	45
1862387	4932.YKL106W	4.52	21
1864897	4932.YPL133C	4.52	16
1859476	4932.YDL088C	4.51	18
1862546	4932.YKR036C	4.5	35
1861178	4932.YGR179C	4.5	24
1862040	4932.YJL165C	4.49	32
1860281	4932.YEL036C	4.49	32
1860359	4932.YER026C	4.49	19
1863233	4932.YML025C	4.49	12
1861559	4932.YHR169W	4.48	25
1865108	4932.YPR048W	4.48	22
1861102	4932.YGR113W	4.48	10
1861741	4932.YIL103W	4.45	21
1861734	4932.YIL098C	4.45	3
1859913	4932.YDR247W	4.44	20
1859881	4932.YDR216W	4.43	55
1859856	4932.YDR195W	4.43	20
1858800	4932.YBL057C	4.43	14
1864484	4932.YOR140W	4.43	22
1861968	4932.YJL098W	4.41	55
1859690	4932.YDR039C	4.41	162
1859689	4932.YDR038C	4.41	162
1859762	4932.YDR108W	4.41	20
1861402	4932.YHR033W	4.4	20
1860123	4932.YDR439W	4.4	13
1863516	4932.YMR148W	4.4	4
1861763	4932.YIL123W	4.4	6
1858645	4932.YAL026C	4.38	54
1863146	4932.YLR414C	4.38	11
1862659	4932.YLL040C	4.38	121
1863358	4932.YMR003W	4.38	7
1863025	4932.YLR305C	4.37	84
1862548	4932.YKR038C	4.36	21
1861283	4932.YGR281W	4.36	62
1859307	4932.YCR033W	4.36	49
1862195	4932.YJR091C	4.35	37
1864376	4932.YOR035C	4.35	47
1860073	4932.YDR390C	4.35	36
1863383	4932.YMR026C	4.35	24
1859035	4932.YBR153W	4.35	7
1860544	4932.YER175C	4.35	15
1862188	4932.YJR084W	4.33	15
1863587	4932.YMR209C	4.33	23
1863138	4932.YLR409C	4.33	46
1862422	4932.YKL140W	4.32	31
1861034	4932.YGR048W	4.32	14
1859990	4932.YDR318W	4.31	20
1858778	4932.YBL037W	4.31	33
1860839	4932.YGL126W	4.31	20
1861106	4932.YGR117C	4.31	19
1862025	4932.YJL151C	4.31	8
1862146	4932.YJR041C	4.31	56
1860748	4932.YGL038C	4.31	21
1862073	4932.YJL197W	4.3	44
1860840	4932.YGL127C	4.29	10
1860271	4932.YEL029C	4.28	14
1862634	4932.YLL015W	4.28	60
1862423	4932.YKL141W	4.26	12
1861749	4932.YIL110W	4.22	19
1863563	4932.YMR188C	4.22	9
1862206	4932.YJR101W	4.21	10
1860136	4932.YDR452W	4.19	24
1862352	4932.YKL075C	4.19	9
1864463	4932.YOR119C	4.18	19
1863941	4932.YNL212W	4.18	37
1861131	4932.YGR140W	4.17	53
1858763	4932.YBL023C	4.17	44
1860427	4932.YER079W	4.16	5
1864909	4932.YPL144W	4.15	5
1860256	4932.YEL017W	4.14	18
1864599	4932.YOR246C	4.13	13
1862356	4932.YKL079W	4.12	23
1861498	4932.YHR114W	4.11	20
1861507	4932.YHR123W	4.1	8
1860260	4932.YEL020C	4.1	40
1862003	4932.YJL131C	4.09	7
1864548	4932.YOR195W	4.09	25
1859183	4932.YBR289W	4.09	23
1864455	4932.YOR111W	4.08	11
1862315	4932.YKL041W	4.08	3
1861695	4932.YIL061C	4.08	8
1864631	4932.YOR278W	4.08	18
1862480	4932.YKL194C	4.07	19
1858982	4932.YBR107C	4.06	14
1863518	4932.YMR150C	4.05	5
1864048	4932.YNL316C	4.05	7
1862425	4932.YKL143W	4.03	13
1861603	4932.YHR207C	4.03	15
1860140	4932.YDR456W	4.02	10
1861197	4932.YGR198W	4.02	44
1865197	4932.YPR135W	4.02	49
1862391	4932.YKL110C	4.0	12
1858945	4932.YBR073W	3.99	29
1862642	4932.YLL023C	3.99	16
1861100	4932.YGR111W	3.98	15
1862922	4932.YLR212C	3.98	13
1858627	4932.YAL011W	3.98	20
1864367	4932.YOR028C	3.97	14
1860711	4932.YGL004C	3.96	19
1863967	4932.YNL238W	3.96	21
1863475	4932.YMR111C	3.96	17
1859934	4932.YDR264C	3.95	34
1862272	4932.YKL002W	3.95	5
1864864	4932.YPL101W	3.95	12
1861272	4932.YGR270W	3.94	54
1864296	4932.YOL130W	3.94	21
1858776	4932.YBL035C	3.94	27
1858955	4932.YBR083W	3.93	13
1860351	4932.YER019W	3.93	23
1862011	4932.YJL137C	3.92	12
1864777	4932.YPL016W	3.91	37
1860150	4932.YDR464W	3.9	39
1859517	4932.YDL128W	3.9	13
1862084	4932.YJL208C	3.9	20
1862032	4932.YJL157C	3.9	37
1860091	4932.YDR407C	3.9	48
1862458	4932.YKL173W	3.89	38
1863634	4932.YMR253C	3.89	14
1863361	4932.YMR006C	3.88	22
1864106	4932.YNR031C	3.86	57
1864449	4932.YOR106W	3.84	8
1863628	4932.YMR247C	3.82	66
1864506	4932.YOR160W	3.82	32
1860095	4932.YDR411C	3.81	11
1863658	4932.YMR275C	3.81	25
1859926	4932.YDR260C	3.8	3
1858805	4932.YBL061C	3.8	22
1862444	4932.YKL161C	3.79	19
1863458	4932.YMR095C	3.79	8
1861080	4932.YGR093W	3.78	24
1859279	4932.YCR010C	3.78	7
1863274	4932.YML061C	3.77	29
1862657	4932.YLL038C	3.77	8
1859935	4932.YDR265W	3.76	15
1858969	4932.YBR094W	3.76	42
1862729	4932.YLR039C	3.76	37
1859253	4932.YCL055W	3.75	10
1859386	4932.YDL003W	3.74	21
1863278	4932.YML065W	3.73	31
1859992	4932.YDR320C	3.73	33
1863096	4932.YLR369W	3.72	91
1860127	4932.YDR443C	3.72	51
1863760	4932.YNL042W	3.71	13
1859168	4932.YBR274W	3.69	29
1863585	4932.YMR207C	3.69	218
1864098	4932.YNR023W	3.68	24
1860807	4932.YGL095C	3.67	24
1864065	4932.YNL333W	3.67	16
1860632	4932.YFL059W	3.67	16
1862250	4932.YJR142W	3.66	13
1863883	4932.YNL155W	3.66	7
1863450	4932.YMR087W	3.64	9
1865096	4932.YPR036W-A	3.61	2
1863768	4932.YNL049C	3.61	49
1864281	4932.YOL115W	3.6	18
1863643	4932.YMR262W	3.59	8
1861720	4932.YIL084C	3.58	7
1859748	4932.YDR096W	3.58	28
1859629	4932.YDL234C	3.57	21
1864052	4932.YNL320W	3.57	10
1861223	4932.YGR223C	3.55	15
1861745	4932.YIL106W	3.55	17
1864706	4932.YOR344C	3.55	7
1860858	4932.YGL145W	3.54	26
1861966	4932.YJL096W	3.53	4
1864252	4932.YOL089C	3.53	31
1863250	4932.YML041C	3.53	9
1860768	4932.YGL057C	3.52	6
1861680	4932.YIL047C	3.52	118
1858679	4932.YAL053W	3.51	31
1863892	4932.YNL163C	3.51	49
1859687	4932.YDR036C	3.5	19
1865233	4932.YPR161C	3.49	16
1860438	4932.YER087W	3.48	23
1862240	4932.YJR134C	3.48	27
1865031	4932.YPL258C	3.48	44
1862823	4932.YLR131C	3.45	33
1861003	4932.YGR023W	3.44	5
1859348	4932.YCR075W-A	3.44	3
1860504	4932.YER143W	3.43	17
1862559	4932.YKR049C	3.43	3
1861494	4932.YHR110W	3.43	17
1862426	4932.YKL144C	3.41	7
1859055	4932.YBR172C	3.41	19
1859453	4932.YDL067C	3.41	3
1861787	4932.YIL145C	3.41	14
1863853	4932.YNL129W	3.4	9
1862452	4932.YKL167C	3.39	3
1859728	4932.YDR077W	3.38	6
1863603	4932.YMR225C	3.38	3
1860597	4932.YFL026W	3.38	14
1862107	4932.YJR004C	3.38	11
1860690	4932.YFR041C	3.38	6
1859865	4932.YDR204W	3.37	9
1860546	4932.YER176W	3.35	26
1860534	4932.YER166W	3.34	43
1861909	4932.YJL044C	3.33	9
1858882	4932.YBR014C	3.33	6
1858832	4932.YBL085W	3.33	26
1860347	4932.YER016W	3.32	14
1859949	4932.YDR279W	3.31	14
1860009	4932.YDR334W	3.31	48
1862236	4932.YJR130C	3.31	16
1861826	4932.YIR009W	3.3	3
1863329	4932.YML111W	3.29	23
1859764	4932.YDR110W	3.29	23
1861134	4932.YGR143W	3.27	45
1859161	4932.YBR267W	3.26	9
1859163	4932.YBR269C	3.26	5
1860516	4932.YER152C	3.25	12
1858970	4932.YBR095C	3.25	14
1864482	4932.YOR138C	3.25	20
1862707	4932.YLR018C	3.24	7
1864829	4932.YPL067C	3.23	10
1863355	4932.YMR001C	3.22	25
1862062	4932.YJL187C	3.22	28
1861193	4932.YGR194C	3.22	21
1861024	4932.YGR038W	3.21	8
1864628	4932.YOR275C	3.21	18
1862104	4932.YJR001W	3.21	18
1864564	4932.YOR211C	3.21	22
1862171	4932.YJR066W	3.2	87
1859096	4932.YBR207W	3.2	16
1859123	4932.YBR231C	3.19	10
1861822	4932.YIR005W	3.19	3
1859911	4932.YDR246W	3.19	7
1864779	4932.YPL018W	3.18	11
1861261	4932.YGR260W	3.18	29
1863757	4932.YNL039W	3.18	18
1862848	4932.YLR154C	3.17	3
1859403	4932.YDL019C	3.17	37
1861929	4932.YJL062W	3.17	19
1861791	4932.YIL149C	3.16	34
1858673	4932.YAL046C	3.16	4
1864220	4932.YOL060C	3.16	14
1858747	4932.YBL008W	3.16	30
1860012	4932.YDR337W	3.14	5
1863969	4932.YNL240C	3.12	14
1860063	4932.YDR381C-A	3.11	3
1860669	4932.YFR025C	3.1	13
1862321	4932.YKL047W	3.1	20
1859938	4932.YDR268W	3.08	11
1864099	4932.YNR024W	3.08	4
1860572	4932.YFL007W	3.07	60
1864441	4932.YOR098C	3.07	16
1864384	4932.YOR043W	3.07	14
1858852	4932.YBL101C	3.06	31
1862841	4932.YLR148W	3.06	33
1859170	4932.YBR276C	3.05	28
1858811	4932.YBL067C	3.03	24
1864295	4932.YOL129W	3.01	3
1859564	4932.YDL170W	3.01	14
1864951	4932.YPL184C	3.01	13
1860529	4932.YER162C	3.01	26
1859852	4932.YDR192C	3.01	10
1860691	4932.YFR042W	3.01	9
1861569	4932.YHR178W	2.99	22
1862320	4932.YKL046C	2.98	15
1862442	4932.YKL159C	2.98	9
1865047	4932.YPL274W	2.97	11
1864943	4932.YPL177C	2.97	7
1861982	4932.YJL112W	2.96	23
1862275	4932.YKL005C	2.94	14
1862151	4932.YJR046W	2.93	21
1861139	4932.YGR147C	2.93	4
1860869	4932.YGL156W	2.93	37
1865115	4932.YPR055W	2.92	24
1863428	4932.YMR067C	2.91	11
1864580	4932.YOR227W	2.91	47
1862200	4932.YJR095W	2.91	11
1859761	4932.YDR107C	2.9	26
1861656	4932.YIL026C	2.89	37
1861590	4932.YHR195W	2.89	12
1862421	4932.YKL139W	2.87	10
1859353	4932.YCR081W	2.87	47
1859548	4932.YDL157C	2.86	4
1864881	4932.YPL118W	2.85	7
1861511	4932.YHR127W	2.85	7
1861967	4932.YJL097W	2.84	7
1864109	4932.YNR033W	2.83	25
1862930	4932.YLR220W	2.82	12
1862028	4932.YJL154C	2.82	36
1861538	4932.YHR149C	2.82	17
1861183	4932.YGR184C	2.82	60
1860695	4932.YFR046C	2.81	9
1859152	4932.YBR258C	2.81	4
1863245	4932.YML036W	2.81	6
1862045	4932.YJL170C	2.8	6
1862055	4932.YJL180C	2.79	23
1864887	4932.YPL123C	2.78	13
1863381	4932.YMR024W	2.78	14
1863637	4932.YMR256C	2.78	2
1859310	4932.YCR036W	2.76	8
1864082	4932.YNR007C	2.75	10
1863500	4932.YMR134W	2.75	5
1863477	4932.YMR113W	2.74	13
1863951	4932.YNL222W	2.74	4
1861082	4932.YGR095C	2.73	13
1860681	4932.YFR034C	2.73	5
1865014	4932.YPL245W	2.73	13
1863041	4932.YLR319C	2.72	18
1860997	4932.YGR017W	2.72	11
1862158	4932.YJR053W	2.72	12
1865246	4932.YPR171W	2.71	7
1858635	4932.YAL017W	2.71	35
1864679	4932.YOR321W	2.71	41
1863312	4932.YML097C	2.7	11
1860057	4932.YDR376W	2.7	13
1860106	4932.YDR422C	2.7	24
1863750	4932.YNL032W	2.7	7
1861011	4932.YGR029W	2.69	4
1858603	4932.Q0105	2.68	13
1860796	4932.YGL084C	2.68	22
1862741	4932.YLR051C	2.68	4
1860474	4932.YER118C	2.67	9
1864808	4932.YPL046C	2.67	2
1864001	4932.YNL272C	2.66	12
1862325	4932.YKL051W	2.66	8
1859668	4932.YDR021W	2.65	11
1858856	4932.YBL105C	2.65	26
1860424	4932.YER078C	2.65	12
1861414	4932.YHR044C	2.65	19
1864103	4932.YNR028W	2.64	10
1861647	4932.YIL019W	2.63	6
1862799	4932.YLR108C	2.61	10
1858707	4932.YAR009C	2.61	840
1862160	4932.YJR055W	2.6	4
1859501	4932.YDL113C	2.6	9
1859394	4932.YDL010W	2.6	9
1864768	4932.YPL007C	2.6	22
1863437	4932.YMR075W	2.59	18
1862786	4932.YLR096W	2.59	30
1862351	4932.YKL074C	2.59	14
1860776	4932.YGL064C	2.58	19
1860439	4932.YER088C	2.57	20
1863185	4932.YLR451W	2.56	16
1862359	4932.YKL082C	2.55	8
1864817	4932.YPL055C	2.54	11
1863252	4932.YML043C	2.54	10
1859477	4932.YDL089W	2.54	11
1863113	4932.YLR386W	2.54	25
1863305	4932.YML091C	2.53	40
1861285	4932.YGR283C	2.53	7
1862167	4932.YJR062C	2.53	12
1862629	4932.YLL010C	2.52	17
1859156	4932.YBR262C	2.52	3
1860375	4932.YER040W	2.51	13
1860761	4932.YGL050W	2.51	5
1859965	4932.YDR295C	2.51	15
1859615	4932.YDL220C	2.5	28
1863924	4932.YNL195C	2.49	4
1863950	4932.YNL221C	2.48	10
1864355	4932.YOR017W	2.47	14
1861389	4932.YHR023W	2.47	49
1859925	4932.YDR259C	2.46	10
1865150	4932.YPR089W	2.46	27
1863340	4932.YML121W	2.45	10
1865077	4932.YPR018W	2.45	8
1858891	4932.YBR023C	2.45	29
1863275	4932.YML062C	2.44	11
1864981	4932.YPL213W	2.44	7
1860345	4932.YER014W	2.43	13
1864999	4932.YPL230W	2.42	5
1862385	4932.YKL105C	2.42	15
1859712	4932.YDR061W	2.41	16
1860989	4932.YGR009C	2.4	12
1863994	4932.YNL265C	2.39	6
1858976	4932.YBR102C	2.39	24
1859014	4932.YBR133C	2.39	21
1859530	4932.YDL139C	2.38	4
1860566	4932.YFL002C	2.38	16
1863814	4932.YNL093W	2.38	19
1862035	4932.YJL160C	2.38	75
1865038	4932.YPL265W	2.38	13
1861475	4932.YHR091C	2.36	54
1861884	4932.YJL019W	2.36	15
1864642	4932.YOR289W	2.36	6
1864587	4932.YOR233W	2.34	14
1863996	4932.YNL267W	2.34	29
1863686	4932.YMR301C	2.34	9
1858936	4932.YBR065C	2.34	7
1862876	4932.YLR166C	2.33	21
1860949	4932.YGL233W	2.32	15
1859584	4932.YDL189W	2.32	4
1864769	4932.YPL008W	2.32	27
1863449	4932.YMR086W	2.31	15
1859431	4932.YDL045W-A	2.31	1
1862929	4932.YLR219W	2.3	12
1864859	4932.YPL096W	2.29	5
1863167	4932.YLR435W	2.29	5
1862725	4932.YLR035C-A	2.29	755
1862897	4932.YLR187W	2.28	24
1859032	4932.YBR150C	2.28	23
1864541	4932.YOR191W	2.28	31
1862947	4932.YLR234W	2.26	18
1861502	4932.YHR118C	2.26	10
1862778	4932.YLR088W	2.25	11
1863667	4932.YMR284W	2.24	14
1863296	4932.YML082W	2.24	15
1859429	4932.YDL044C	2.24	9
1859957	4932.YDR287W	2.24	5
1859741	4932.YDR089W	2.24	16
1864104	4932.YNR029C	2.24	11
1858979	4932.YBR104W	2.24	7
1862835	4932.YLR143W	2.23	18
1865059	4932.YPR002W	2.23	10
1861645	4932.YIL017C	2.23	18
1860500	4932.YER139C	2.22	4
1858905	4932.YBR037C	2.22	5
1863720	4932.YNL003C	2.21	8
1864944	4932.YPL178W	2.21	7
1859932	4932.YDR262W	2.2	7
1862429	4932.YKL146W	2.2	5
1862415	4932.YKL134C	2.19	16
1861897	4932.YJL031C	2.19	6
1862316	4932.YKL042W	2.19	6
1863889	4932.YNL161W	2.19	10
1864058	4932.YNL326C	2.18	7
1863221	4932.YML013W	2.18	12
1861469	4932.YHR086W	2.17	7
1863259	4932.YML049C	2.17	38
1861087	4932.YGR100W	2.17	24
1860554	4932.YER183C	2.15	5
1862776	4932.YLR086W	2.15	27
1863151	4932.YLR419W	2.15	29
1861202	4932.YGR203W	2.15	3
1862296	4932.YKL023W	2.15	4
1859166	4932.YBR272C	2.14	11
1862015	4932.YJL141C	2.13	14
1863802	4932.YNL081C	2.13	1
1859003	4932.YBR125C	2.13	11
1860169	4932.YDR484W	2.12	10
1864643	4932.YOR290C	2.12	39
1861468	4932.YHR085W	2.1	9
1864163	4932.YOL008W	2.08	3
1863843	4932.YNL119W	2.08	11
1861642	4932.YIL014W	2.08	13
1861392	4932.YHR026W	2.07	7
1864873	4932.YPL110C	2.05	32
1859986	4932.YDR316W	2.04	9
1861116	4932.YGR125W	2.04	20
1860467	4932.YER111C	2.03	23
1862941	4932.YLR228C	2.03	11
1862993	4932.YLR277C	2.02	20
1862813	4932.YLR121C	2.01	9
1864667	4932.YOR311C	2.01	8
1860201	4932.YDR515W	2.01	9
1861506	4932.YHR122W	2.01	4
1864916	4932.YPL151C	2.0	8
1863915	4932.YNL186W	2.0	16
1859087	4932.YBR200W	2.0	9
1860712	4932.YGL005C	2.0	4
1859182	4932.YBR288C	1.99	13
1859619	4932.YDL224C	1.99	11
1864989	4932.YPL221W	1.98	22
1861059	4932.YGR072W	1.98	7
1859384	4932.YDL001W	1.98	5
1860405	4932.YER064C	1.98	17
1859914	4932.YDR248C	1.97	4
1861703	4932.YIL068C	1.97	15
1863848	4932.YNL124W	1.96	5
1860877	4932.YGL164C	1.96	5
1863987	4932.YNL258C	1.95	16
1858810	4932.YBL066C	1.95	28
1861872	4932.YJL005W	1.95	41
1859283	4932.YCR014C	1.95	11
1864290	4932.YOL124C	1.94	9
1862624	4932.YLL006W	1.93	8
1865220	4932.YPR155C	1.92	14
1861716	4932.YIL079C	1.91	7
1864030	4932.YNL298W	1.9	17
1863861	4932.YNL136W	1.9	8
1864084	4932.YNR009W	1.89	4
1862470	4932.YKL184W	1.89	12
1864129	4932.YNR052C	1.89	8
1859893	4932.YDR228C	1.88	8
1864530	4932.YOR181W	1.88	8
1859154	4932.YBR260C	1.88	11
1863956	4932.YNL227C	1.88	10
1864043	4932.YNL311C	1.87	19
1864049	4932.YNL317W	1.87	9
1862774	4932.YLR084C	1.87	14
1861454	4932.YHR073W	1.86	19
1862775	4932.YLR085C	1.86	12
1863989	4932.YNL260C	1.85	2
1862366	4932.YKL089W	1.85	13
1864000	4932.YNL271C	1.84	30
1863037	4932.YLR315W	1.83	5
1859740	4932.YDR088C	1.83	3
1859795	4932.YDR140W	1.82	5
1862960	4932.YLR247C	1.81	31
1861912	4932.YJL047C	1.81	17
1860381	4932.YER045C	1.81	6
1860522	4932.YER157W	1.8	16
1860338	4932.YER008C	1.8	25
1858782	4932.YBL039W-B	1.79	1
1863068	4932.YLR345W	1.79	11
1858892	4932.YBR024W	1.79	5
1861487	4932.YHR103W	1.78	9
1864395	4932.YOR054C	1.77	11
1862043	4932.YJL168C	1.77	14
1863639	4932.YMR258C	1.77	8
1862447	4932.YKL163W	1.77	78
1859602	4932.YDL207W	1.76	7
1863740	4932.YNL023C	1.76	18
1864689	4932.YOR330C	1.76	14
1858607	4932.Q0130	1.76	2
1859778	4932.YDR122W	1.76	22
1864201	4932.YOL042W	1.75	6
1862590	4932.YKR079C	1.74	19
1859546	4932.YDL155W	1.74	10
1862641	4932.YLL022C	1.74	5
1862109	4932.YJR005W	1.74	14
1858629	4932.YAL013W	1.74	7
1859242	4932.YCL044C	1.74	9
1864489	4932.YOR143C	1.73	6
1864264	4932.YOL100W	1.73	13
1864256	4932.YOL093W	1.73	4
1862710	4932.YLR021W	1.73	5
1864175	4932.YOL018C	1.73	7
1865057	4932.YPR001W	1.72	39
1863599	4932.YMR221C	1.72	14
1861567	4932.YHR176W	1.71	8
1863794	4932.YNL073W	1.71	8
1859797	4932.YDR142C	1.71	7
1860402	4932.YER061C	1.71	6
1862241	4932.YJR135C	1.71	5
1861387	4932.YHR022C	1.71	6
1860831	4932.YGL119W	1.71	5
1864867	4932.YPL104W	1.7	9
1864827	4932.YPL065W	1.7	4
1860689	4932.YFR040W	1.7	23
1859839	4932.YDR181C	1.7	9
1865153	4932.YPR093C	1.7	6
1861955	4932.YJL085W	1.7	12
1859339	4932.YCR066W	1.69	9
1864996	4932.YPL227C	1.69	7
1863272	4932.YML059C	1.68	28
1859993	4932.YDR320C-A	1.68	2
1860971	4932.YGL255W	1.68	7
1861076	4932.YGR089W	1.67	11
1864592	4932.YOR238W	1.67	6
1860190	4932.YDR505C	1.67	16
1861761	4932.YIL121W	1.67	15
1860952	4932.YGL236C	1.66	9
1863978	4932.YNL249C	1.66	7
1862770	4932.YLR080W	1.65	6
1861796	4932.YIL154C	1.65	4
1864059	4932.YNL327W	1.65	11
1863400	4932.YMR041C	1.64	3
1864356	4932.YOR018W	1.63	13
1860148	4932.YDR463W	1.63	6
1859335	4932.YCR061W	1.63	9
1864927	4932.YPL161C	1.62	16
1861187	4932.YGR188C	1.62	20
1862626	4932.YLL007C	1.62	12
1863026	4932.YLR306W	1.61	2
1863793	4932.YNL072W	1.61	6
1864294	4932.YOL128C	1.61	8
1859331	4932.YCR054C	1.6	13
1863539	4932.YMR168C	1.59	14
1862443	4932.YKL160W	1.59	3
1862487	4932.YKL203C	1.59	47
1861415	4932.YHR045W	1.59	13
1862681	4932.YLL062C	1.58	5
1860872	4932.YGL159W	1.58	5
1858983	4932.YBR108W	1.57	8
1858797	4932.YBL054W	1.56	7
1859967	4932.YDR297W	1.56	7
1862187	4932.YJR083C	1.56	5
1865107	4932.YPR047W	1.56	7
1862988	4932.YLR272C	1.55	22
1864470	4932.YOR126C	1.55	5
1861035	4932.YGR049W	1.55	4
1861010	4932.YGR028W	1.54	5
1859217	4932.YCL020W	1.54	142
1860953	4932.YGL237C	1.54	2
1864231	4932.YOL071W	1.53	2
1860727	4932.YGL017W	1.53	9
1864320	4932.YOL155C	1.52	7
1859736	4932.YDR084C	1.52	6
1863336	4932.YML117W	1.51	12
1864851	4932.YPL089C	1.51	7
1861895	4932.YJL029C	1.51	13
1863912	4932.YNL183C	1.51	14
1861274	4932.YGR271W	1.51	31
1859134	4932.YBR241C	1.51	6
1862878	4932.YLR168C	1.51	5
1861702	4932.YIL067C	1.5	8
1861142	4932.YGR150C	1.5	12
1860688	4932.YFR039C	1.5	11
1862767	4932.YLR077W	1.5	8
1859463	4932.YDL077C	1.5	19
1864476	4932.YOR132W	1.5	9
1861198	4932.YGR199W	1.5	16
1860829	4932.YGL117W	1.5	7
1864018	4932.YNL286W	1.49	3
1862136	4932.YJR031C	1.49	16
1864083	4932.YNR008W	1.48	14
1860893	4932.YGL180W	1.48	11
1863759	4932.YNL041C	1.48	14
1862077	4932.YJL201W	1.47	10
1860072	4932.YDR389W	1.47	8
1859148	4932.YBR255C-A	1.47	2
1858855	4932.YBL104C	1.47	15
1861054	4932.YGR068C	1.46	6
1860852	4932.YGL139W	1.46	10
1861857	4932.YIR033W	1.46	13
1860158	4932.YDR472W	1.45	6
1860986	4932.YGR006W	1.45	4
1862600	4932.YKR089C	1.45	15
1861288	4932.YGR286C	1.44	3
1863946	4932.YNL217W	1.44	7
1863243	4932.YML034W	1.43	11
1863849	4932.YNL125C	1.43	7
1858631	4932.YAL015C	1.43	5
1864946	4932.YPL180W	1.43	12
1861733	4932.YIL097W	1.43	6
1858991	4932.YBR114W	1.42	10
1863240	4932.YML031W	1.42	9
1859221	4932.YCL024W	1.42	14
1861543	4932.YHR154W	1.42	16
1859212	4932.YCL014W	1.41	22
1864125	4932.YNR048W	1.41	7
1861084	4932.YGR097W	1.41	19
1861012	4932.YGR030C	1.41	2
1860568	4932.YFL002W-B	1.41	136
1861156	4932.YGR161W-A	1.41	136
1863140	4932.YLR410W-A	1.41	141
1860913	4932.YGL198W	1.4	3
1860048	4932.YDR369C	1.4	12
1863665	4932.YMR282C	1.39	8
1860470	4932.YER114C	1.39	10
1862341	4932.YKL065W-A	1.39	1
1861256	4932.YGR255C	1.39	9
1864764	4932.YPL003W	1.39	8
1865175	4932.YPR114W	1.39	6
1859490	4932.YDL102W	1.39	19
1861550	4932.YHR161C	1.38	5
1859410	4932.YDL025C	1.38	8
1859930	4932.YDR261W-A	1.38	139
1864543	4932.YOR192C-A	1.38	139
1859613	4932.YDL218W	1.38	4
1865217	4932.YPR152C	1.38	4
1859674	4932.YDR027C	1.38	12
1861166	4932.YGR169C	1.38	5
1862157	4932.YJR052W	1.37	9
1860056	4932.YDR375C	1.37	7
1864654	4932.YOR299W	1.37	8
1863122	4932.YLR395C	1.37	1
1862029	4932.YJL155C	1.36	5
1864244	4932.YOL083W	1.36	9
1865165	4932.YPR105C	1.36	15
1863290	4932.YML077W	1.36	3
1864498	4932.YOR152C	1.35	3
1861742	4932.YIL104C	1.35	8
1858884	4932.YBR016W	1.34	1
1860509	4932.YER147C	1.33	12
1864939	4932.YPL173W	1.33	2
1859655	4932.YDR009W	1.33	26
1859874	4932.YDR210W-A	1.33	138
1859569	4932.YDL175C	1.33	4
1862334	4932.YKL059C	1.32	5
1863507	4932.YMR140W	1.32	7
1861333	4932.YHL027W	1.32	9
1863457	4932.YMR094W	1.32	7
1863536	4932.YMR165C	1.32	10
1858843	4932.YBL095W	1.31	4
1859069	4932.YBR185C	1.31	4
1863778	4932.YNL058C	1.31	4
1861237	4932.YGR237C	1.31	10
1859884	4932.YDR219C	1.31	7
1864778	4932.YPL017C	1.3	7
1862650	4932.YLL031C	1.3	19
1859683	4932.YDR034C-C	1.3	137
1862501	4932.YKL217W	1.3	6
1859367	4932.YCR094W	1.29	5
1863886	4932.YNL158W	1.28	2
1858940	4932.YBR069C	1.28	17
1860898	4932.YGL185C	1.27	4
1861190	4932.YGR191W	1.27	6
1864029	4932.YNL297C	1.27	22
1862298	4932.YKL025C	1.27	7
1859295	4932.YCR023C	1.26	6
1862074	4932.YJL198W	1.26	7
1861242	4932.YGR241C	1.26	3
1864134	4932.YNR057C	1.26	5
1864164	4932.YOL009C	1.26	6
1861195	4932.YGR196C	1.25	9
1861269	4932.YGR268C	1.25	2
1861972	4932.YJL102W	1.25	6
1862574	4932.YKR064W	1.25	11
1864704	4932.YOR343W-A	1.24	133
1862202	4932.YJR097W	1.24	3
1863769	4932.YNL050C	1.23	3
1858624	4932.YAL008W	1.23	3
1861554	4932.YHR165C	1.23	30
1860938	4932.YGL223C	1.23	5
1864790	4932.YPL029W	1.23	4
1860055	4932.YDR374W-A	1.23	1
1863767	4932.YNL048W	1.23	7
1859222	4932.YCL025C	1.22	19
1860215	4932.YDR525W-A	1.22	2
1864102	4932.YNR027W	1.22	5
1865205	4932.YPR141C	1.21	7
1862622	4932.YLL004W	1.21	9
1860119	4932.YDR435C	1.2	5
1864422	4932.YOR078W	1.2	2
1859368	4932.YCR095C	1.2	4
1860874	4932.YGL161C	1.2	5
1862438	4932.YKL155C	1.2	8
1859700	4932.YDR049W	1.2	8
1861846	4932.YIR023W	1.2	12
1859311	4932.YCR037C	1.19	8
1864896	4932.YPL132W	1.18	4
1862859	4932.YLR157C	1.18	16
1862856	4932.YLR155C	1.18	16
1862868	4932.YLR160C	1.18	16
1862865	4932.YLR158C	1.18	16
1858765	4932.YBL025W	1.17	3
1861041	4932.YGR055W	1.17	5
1863651	4932.YMR270C	1.17	5
1864183	4932.YOL025W	1.16	6
1859923	4932.YDR257C	1.16	4
1863194	4932.YLR460C	1.16	22
1858688	4932.YAL061W	1.15	2
1863991	4932.YNL262W	1.15	34
1864041	4932.YNL309W	1.14	3
1861941	4932.YJL073W	1.14	7
1858678	4932.YAL051W	1.14	13
1858849	4932.YBL100W-A	1.14	126
1861459	4932.YHR077C	1.13	8
1863698	4932.YMR310C	1.13	3
1858716	4932.YAR027W	1.12	2
1863087	4932.YLR362W	1.12	10
1863676	4932.YMR292W	1.12	2
1862771	4932.YLR081W	1.12	21
1862193	4932.YJR089W	1.12	10
1865114	4932.YPR054W	1.11	25
1862194	4932.YJR090C	1.11	12
1860694	4932.YFR045W	1.11	4
1863544	4932.YMR172W	1.11	5
1862954	4932.YLR241W	1.1	10
1865027	4932.YPL256C	1.1	7
1861776	4932.YIL135C	1.1	5
1858904	4932.YBR036C	1.1	4
1864860	4932.YPL097W	1.09	5
1864222	4932.YOL062C	1.09	8
1860956	4932.YGL240W	1.09	2
1861480	4932.YHR096C	1.09	47
1864902	4932.YPL137C	1.09	15
1858709	4932.YAR014C	1.08	8
1863920	4932.YNL191W	1.08	4
1861811	4932.YIL169C	1.08	8
1859216	4932.YCL019W	1.08	469
1860653	4932.YFR010W-A	1.07	1
1858890	4932.YBR022W	1.07	2
1860841	4932.YGL128C	1.07	3
1859067	4932.YBR183W	1.07	3
1862106	4932.YJR003C	1.07	4
1863577	4932.YMR199W	1.06	5
1864572	4932.YOR219C	1.06	11
1863209	4932.YML005W	1.05	6
1863797	4932.YNL076W	1.05	3
1861427	4932.YHR054C	1.05	11
1863141	4932.YLR410W-B	1.05	466
1860567	4932.YFL002W-A	1.05	463
1861157	4932.YGR161W-B	1.05	463
1863163	4932.YLR431C	1.02	2
1865192	4932.YPR131C	1.02	2
1864291	4932.YOL125W	1.02	7
1863142	4932.YLR411W	1.02	4
1860692	4932.YFR043C	1.02	2
1863922	4932.YNL193W	1.02	6
1859227	4932.YCL029C	1.02	4
1859875	4932.YDR210W-B	1.01	463
1859230	4932.YCL032W	1.01	1
1858723	4932.YAR035W	1.01	8
1860503	4932.YER142C	1.0	2
1859248	4932.YCL049C	0.995	3
1860733	4932.YGL023C	0.993	5
1864097	4932.YNR022C	0.988	1
1858803	4932.YBL059W	0.988	2
1859139	4932.YBR246W	0.987	5
1863851	4932.YNL127W	0.981	12
1862538	4932.YKR029C	0.98	7
1860001	4932.YDR326C	0.978	11
1862369	4932.YKL092C	0.978	12
1863982	4932.YNL253W	0.976	5
1862900	4932.YLR190W	0.976	3
1860175	4932.YDR490C	0.969	11
1865140	4932.YPR079W	0.963	1
1865111	4932.YPR051W	0.952	2
1863618	4932.YMR239C	0.949	3
1860061	4932.YDR379W	0.943	8
1861580	4932.YHR186C	0.942	13
1859909	4932.YDR244W	0.941	9
1862460	4932.YKL175W	0.941	4
1861819	4932.YIR002C	0.939	9
1861141	4932.YGR149W	0.935	3
1860803	4932.YGL091C	0.931	4
1862536	4932.YKR027W	0.928	8
1862579	4932.YKR069W	0.921	3
1858837	4932.YBL090W	0.921	1
1860535	4932.YER167W	0.919	6
1865080	4932.YPR021C	0.919	8
1864226	4932.YOL066C	0.914	6
1862327	4932.YKL053C-A	0.912	1
1862788	4932.YLR098C	0.911	8
1863770	4932.YNL051W	0.909	5
1859931	4932.YDR261W-B	0.908	412
1862953	4932.YLR240W	0.907	8
1863007	4932.YLR288C	0.905	6
1862360	4932.YKL083W	0.904	1
1864371	4932.YOR032C	0.902	3
1859971	4932.YDR301W	0.899	13
1860220	4932.YDR530C	0.898	4
1864826	4932.YPL064C	0.895	2
1864420	4932.YOR076C	0.887	6
1860806	4932.YGL094C	0.88	8
1862083	4932.YJL207C	0.878	22
1862075	4932.YJL199C	0.875	1
1861222	4932.YGR222W	0.873	2
1862917	4932.YLR207W	0.872	8
1861781	4932.YIL140W	0.871	7
1863893	4932.YNL164C	0.87	5
1863678	4932.YMR294W	0.865	3
1860423	4932.YER077C	0.862	5
1861757	4932.YIL117C	0.861	2
1864053	4932.YNL321W	0.858	8
1863373	4932.YMR016C	0.857	5
1862420	4932.YKL138C-A	0.856	1
1862769	4932.YLR079W	0.855	2
1863551	4932.YMR177W	0.854	3
1865181	4932.YPR120C	0.854	4
1861890	4932.YJL025W	0.853	5
1861769	4932.YIL129C	0.85	20
1860687	4932.YFR038W	0.85	9
1858754	4932.YBL014C	0.85	13
1863237	4932.YML029W	0.849	6
1859494	4932.YDL106C	0.849	3
1858711	4932.YAR018C	0.848	3
1863229	4932.YML021C	0.848	3
1863776	4932.YNL056W	0.845	2
1865254	4932.YPR179C	0.844	4
1860609	4932.YFL036W	0.841	7
1860310	4932.YEL062W	0.839	8
1860665	4932.YFR021W	0.838	5
1865253	4932.YPR178W	0.835	6
1859300	4932.YCR026C	0.834	6
1862807	4932.YLR116W	0.834	2
1862196	4932.YJR092W	0.834	11
1862796	4932.YLR105C	0.831	3
1864969	4932.YPL201C	0.829	3
1861593	4932.YHR198C	0.828	3
1860448	4932.YER093C	0.828	12
1864538	4932.YOR188W	0.826	12
1861238	4932.YGR238C	0.825	5
1864544	4932.YOR192C-B	0.823	440
1859684	4932.YDR034C-D	0.821	433
1864781	4932.YPL020C	0.819	3
1863743	4932.YNL025C	0.818	3
1862288	4932.YKL017C	0.812	5
1859792	4932.YDR137W	0.81	5
1863840	4932.YNL116W	0.809	3
1859430	4932.YDL045C	0.807	4
1862483	4932.YKL197C	0.807	9
1858789	4932.YBL046W	0.806	5
1863123	4932.YLR396C	0.8	4
1864941	4932.YPL175W	0.797	5
1864705	4932.YOR343W-B	0.797	439
1859745	4932.YDR093W	0.796	21
1864249	4932.YOL086W-A	0.795	1
1862612	4932.YKR100C	0.792	2
1862925	4932.YLR215C	0.792	4
1858833	4932.YBL086C	0.791	3
1863314	4932.YML099C	0.79	8
1859333	4932.YCR059C	0.788	2
1858850	4932.YBL100W-B	0.788	424
1862140	4932.YJR035W	0.786	8
1862475	4932.YKL189W	0.785	4
1863930	4932.YNL201C	0.781	7
1860100	4932.YDR416W	0.777	7
1859009	4932.YBR129C	0.775	3
1860299	4932.YEL053C	0.775	8
1862747	4932.YLR057W	0.771	8
1860154	4932.YDR468C	0.769	1
1858666	4932.YAL041W	0.765	5
1859972	4932.YDR302W	0.762	2
1864324	4932.YOL158C	0.748	5
1861548	4932.YHR159W	0.748	2
1864598	4932.YOR245C	0.748	3
1862806	4932.YLR115W	0.748	8
1861366	4932.YHR004C	0.746	2
1860973	4932.YGL257C	0.745	3
1863537	4932.YMR166C	0.745	2
1859402	4932.YDL018C	0.744	2
1861432	4932.YHR057C	0.739	2
1858973	4932.YBR098W	0.735	5
1863737	4932.YNL020C	0.733	4
1860603	4932.YFL031W	0.73	1
1864137	4932.YNR060W	0.729	7
1860854	4932.YGL141W	0.728	8
1864228	4932.YOL068C	0.724	4
1859904	4932.YDR239C	0.724	6
1864849	4932.YPL087W	0.719	4
1862339	4932.YKL064W	0.719	4
1861721	4932.YIL085C	0.716	6
1864009	4932.YNL279W	0.713	9
1864735	4932.YOR373W	0.711	6
1864725	4932.YOR363C	0.706	9
1859059	4932.YBR176W	0.703	2
1861323	4932.YHL018W	0.702	1
1860553	4932.YER182W	0.702	2
1863990	4932.YNL261W	0.698	3
1863901	4932.YNL172W	0.692	9
1862721	4932.YLR032W	0.691	4
1863158	4932.YLR426W	0.691	3
1863672	4932.YMR289W	0.688	3
1859296	4932.YCR024C	0.687	4
1863108	4932.YLR381W	0.684	7
1864832	4932.YPL070W	0.682	5
1862810	4932.YLR119W	0.682	1
1864928	4932.YPL162C	0.681	2
1861724	4932.YIL088C	0.678	3
1862798	4932.YLR107W	0.678	4
1863785	4932.YNL066W	0.678	2
1865176	4932.YPR115W	0.676	10
1864443	4932.YOR100C	0.675	2
1862673	4932.YLL054C	0.672	7
1864626	4932.YOR273C	0.67	3
1858647	4932.YAL027W	0.669	2
1859459	4932.YDL073W	0.667	4
1859892	4932.YDR227W	0.663	7
1860120	4932.YDR436W	0.658	15
1861326	4932.YHL020C	0.656	2
1859301	4932.YCR027C	0.654	2
1864734	4932.YOR372C	0.654	2
1863168	4932.YLR436C	0.648	12
1862402	4932.YKL121W	0.646	5
1865221	4932.YPR156C	0.644	4
1861499	4932.YHR115C	0.637	1
1863196	4932.YLR462W	0.635	15
1862833	4932.YLR141W	0.634	2
1863962	4932.YNL233W	0.631	5
1863109	4932.YLR382C	0.631	6
1860795	4932.YGL083W	0.628	7
1862598	4932.YKR087C	0.627	2
1861259	4932.YGR258C	0.621	8
1860027	4932.YDR352W	0.62	2
1859681	4932.YDR034C	0.619	5
1860198	4932.YDR512C	0.617	1
1865011	4932.YPL242C	0.616	6
1863610	4932.YMR231W	0.615	8
1858949	4932.YBR077C	0.613	1
1859211	4932.YCL012C	0.611	1
1859861	4932.YDR200C	0.611	2
1860646	4932.YFR005C	0.609	3
1860107	4932.YDR423C	0.607	3
1859869	4932.YDR208W	0.606	6
1863953	4932.YNL224C	0.605	3
1862318	4932.YKL044W	0.605	1
1860990	4932.YGR010W	0.603	4
1862647	4932.YLL028W	0.601	3
1864664	4932.YOR308C	0.599	3
1864191	4932.YOL033W	0.598	4
1863377	4932.YMR020W	0.598	4
1859260	4932.YCL061C	0.598	5
1861536	4932.YHR147C	0.596	1
1858864	4932.YBL112C	0.595	6
1861623	4932.YHR218W-A	0.595	6
1859419	4932.YDL033C	0.593	2
1863019	4932.YLR299W	0.59	5
1861493	4932.YHR109W	0.589	3
1860159	4932.YDR473C	0.585	2
1859595	4932.YDL200C	0.579	1
1864721	4932.YOR359W	0.579	2
1865043	4932.YPL270W	0.578	4
1860486	4932.YER129W	0.577	4
1859504	4932.YDL115C	0.572	2
1861169	4932.YGR171C	0.569	4
1863261	4932.YML051W	0.567	4
1859056	4932.YBR173C	0.566	1
1862205	4932.YJR100C	0.562	2
1860844	4932.YGL131C	0.561	7
1860420	4932.YER075C	0.557	6
1862262	4932.YJR154W	0.556	2
1858867	4932.YBR001C	0.554	13
1864142	4932.YNR065C	0.554	30
1862999	4932.YLR283W	0.55	1
1864225	4932.YOL065C	0.549	2
1862983	4932.YLR267W	0.547	5
1864181	4932.YOL023W	0.547	3
1864419	4932.YOR075W	0.545	1
1860637	4932.YFL064C	0.544	13
1859105	4932.YBR216C	0.541	4
1862705	4932.YLR016C	0.541	1
1860053	4932.YDR373W	0.54	1
1863403	4932.YMR044W	0.539	2
1861539	4932.YHR150W	0.537	2
1859272	4932.YCR003W	0.537	1
1860605	4932.YFL033C	0.537	10
1861486	4932.YHR102W	0.535	3
1860006	4932.YDR331W	0.533	2
1863876	4932.YNL148C	0.533	1
1860764	4932.YGL053W	0.531	1
1862230	4932.YJR124C	0.53	3
1863663	4932.YMR280C	0.529	6
1859377	4932.YCR102C	0.528	14
1859414	4932.YDL028C	0.527	5
1862094	4932.YJL218W	0.525	1
1859707	4932.YDR056C	0.523	1
1863188	4932.YLR454W	0.522	11
1860822	4932.YGL110C	0.52	3
1861311	4932.YHL009C	0.519	1
1860561	4932.YER189W	0.518	9
1860323	4932.YEL075C	0.518	9
1860209	4932.YDR523C	0.517	2
1862370	4932.YKL093W	0.516	2
1858898	4932.YBR030W	0.515	4
1858604	4932.Q0110	0.513	11
1862662	4932.YLL043W	0.512	2
1864947	4932.YPL181W	0.51	3
1862459	4932.YKL174C	0.506	2
1860540	4932.YER172C	0.503	12
1859125	4932.YBR233W	0.502	1
1862513	4932.YKR004C	0.499	2
1862110	4932.YJR006W	0.498	3
1863120	4932.YLR393W	0.498	1
1863295	4932.YML081W	0.498	7
1860373	4932.YER039C	0.497	3
1861732	4932.YIL096C	0.495	1
1859732	4932.YDR080W	0.494	5
1859830	4932.YDR173C	0.493	2
1858785	4932.YBL042C	0.493	4
1859718	4932.YDR067C	0.49	1
1860565	4932.YFL001W	0.489	2
1861359	4932.YHL049C	0.489	15
1859920	4932.YDR254W	0.488	4
1863530	4932.YMR159C	0.488	1
1862753	4932.YLR063W	0.488	2
1860775	4932.YGL063W	0.487	5
1861030	4932.YGR044C	0.486	1
1864116	4932.YNR039C	0.486	2
1860826	4932.YGL114W	0.484	5
1859434	4932.YDL048C	0.482	2
1862112	4932.YJR008W	0.482	2
1861264	4932.YGR263C	0.48	3
1858605	4932.Q0115	0.479	11
1860663	4932.YFR019W	0.478	7
1864233	4932.YOL073C	0.477	1
1863471	4932.YMR107W	0.474	1
1860109	4932.YDR425W	0.473	2
1862822	4932.YLR130C	0.469	2
1860783	4932.YGL071W	0.465	3
1860259	4932.YEL019C	0.464	1
1864836	4932.YPL074W	0.462	3
1862138	4932.YJR033C	0.462	6
1864238	4932.YOL078W	0.46	6
1858720	4932.YAR031W	0.459	1
1864279	4932.YOL113W	0.458	5
1858606	4932.Q0120	0.457	11
1864511	4932.YOR162C	0.45	4
1859659	4932.YDR013W	0.449	1
1862528	4932.YKR019C	0.448	2
1864006	4932.YNL277W	0.445	2
1860004	4932.YDR329C	0.444	2
1860083	4932.YDR400W	0.44	2
1861562	4932.YHR172W	0.439	3
1863584	4932.YMR206W	0.439	1
1860288	4932.YEL043W	0.438	5
1858931	4932.YBR060C	0.438	5
1861322	4932.YHL017W	0.436	2
1861814	4932.YIL173W	0.436	32
1862098	4932.YJL222W	0.436	32
1861980	4932.YJL110C	0.436	3
1860857	4932.YGL144C	0.435	2
1863773	4932.YNL054W	0.432	2
1858626	4932.YAL010C	0.428	3
1864953	4932.YPL186C	0.428	1
1859506	4932.YDL117W	0.426	3
1861627	4932.YIL002C	0.425	5
1863330	4932.YML112W	0.42	1
1860341	4932.YER011W	0.418	1
1861503	4932.YHR119W	0.418	5
1862899	4932.YLR189C	0.417	4
1864471	4932.YOR127W	0.413	3
1865109	4932.YPR049C	0.413	6
1859789	4932.YDR133C	0.413	1
1864710	4932.YOR348C	0.412	1
1858829	4932.YBL082C	0.41	2
1861574	4932.YHR181W	0.41	1
1862704	4932.YLR015W	0.407	2
1859077	4932.YBR192W	0.406	2
1862306	4932.YKL033W	0.405	5
1865145	4932.YPR084W	0.403	1
1862573	4932.YKR063C	0.403	2
1864408	4932.YOR067C	0.403	4
1863031	4932.YLR310C	0.402	6
1859413	4932.YDL027C	0.398	1
1861369	4932.YHR006W	0.398	2
1860160	4932.YDR475C	0.395	3
1861873	4932.YJL006C	0.393	2
1864863	4932.YPL100W	0.39	1
1864266	4932.YOL102C	0.388	1
1861095	4932.YGR108W	0.388	4
1861335	4932.YHL029C	0.385	3
1861901	4932.YJL035C	0.383	1
1860945	4932.YGL229C	0.382	4
1864143	4932.YNR066C	0.382	2
1864012	4932.YNL282W	0.382	1
1861375	4932.YHR011W	0.38	1
1863327	4932.YML109W	0.379	2
1864714	4932.YOR352W	0.378	2
1864998	4932.YPL229W	0.376	1
1859821	4932.YDR166C	0.376	6
1862397	4932.YKL116C	0.374	3
1863801	4932.YNL080C	0.373	1
1862794	4932.YLR103C	0.373	3
1865032	4932.YPL259C	0.373	2
1865277	4932.YPR202W	0.373	13
1858863	4932.YBL111C	0.372	34
1862951	4932.YLR238W	0.369	1
1859169	4932.YBR275C	0.368	6
1862966	4932.YLR253W	0.365	2
1864515	4932.YOR166C	0.364	2
1861625	4932.YHR219W	0.364	33
1859071	4932.YBR187W	0.359	1
1859062	4932.YBR179C	0.359	3
1860326	4932.YEL076C-A	0.358	5
1863198	4932.YLR464W	0.358	5
1858674	4932.YAL047C	0.354	2
1864656	4932.YOR301W	0.353	2
1861004	4932.YGR024C	0.353	1
1862461	4932.YKL176C	0.35	2
1860005	4932.YDR330W	0.348	1
1860156	4932.YDR470C	0.347	2
1862568	4932.YKR058W	0.347	2
1863550	4932.YMR176W	0.343	5
1864303	4932.YOL137W	0.341	1
1863670	4932.YMR287C	0.339	3
1861125	4932.YGR134W	0.338	3
1865054	4932.YPL283C	0.336	89
1861300	4932.YGR296W	0.336	89
1864071	4932.YNL339C	0.336	89
1863352	4932.YML133C	0.332	74
1864977	4932.YPL209C	0.331	1
1861339	4932.YHL032C	0.33	3
1865280	4932.YPR204W	0.329	59
1862247	4932.YJR140C	0.328	6
1859788	4932.YDR132C	0.326	2
1859508	4932.YDL119C	0.326	1
1862406	4932.YKL125W	0.326	3
1860174	4932.YDR489W	0.323	1
1859977	4932.YDR307W	0.322	3
1860039	4932.YDR363W	0.322	1
1864912	4932.YPL147W	0.321	2
1862978	4932.YLR263W	0.321	3
1858871	4932.YBR005W	0.318	1
1863868	4932.YNL142W	0.318	1
1863465	4932.YMR102C	0.317	2
1863478	4932.YMR114C	0.317	1
1860231	4932.YDR541C	0.317	1
1861168	4932.YGR170W	0.316	4
1861816	4932.YIL177C	0.314	84
1863193	4932.YLR459W	0.313	2
1863986	4932.YNL257C	0.311	5
1860384	4932.YER047C	0.311	2
1862037	4932.YJL162C	0.311	2
1863646	4932.YMR265C	0.31	2
1862102	4932.YJL225C	0.309	82
1863255	4932.YML046W	0.307	2
1860757	4932.YGL045W	0.305	2
1859724	4932.YDR073W	0.304	1
1862685	4932.YLL066C	0.301	62
1864802	4932.YPL040C	0.301	4
1864151	4932.YNR074C	0.301	1
1862688	4932.YLL067C	0.301	60
1864733	4932.YOR371C	0.3	2
1860564	4932.YER190W	0.3	77
1864147	4932.YNR070W	0.297	14
1860600	4932.YFL029C	0.297	1
1864168	4932.YOL013C	0.294	1
1864124	4932.YNR047W	0.294	2
1861581	4932.YHR187W	0.293	1
1860469	4932.YER113C	0.287	2
1861622	4932.YHR218W	0.287	25
1864761	4932.YOR396W	0.286	81
1860236	4932.YDR545W	0.286	81
1863204	4932.YLR467W	0.286	81
1862503	4932.YKL219W	0.285	1
1862829	4932.YLR137W	0.285	1
1858912	4932.YBR044C	0.284	2
1865204	4932.YPR140W	0.282	1
1864176	4932.YOL019W	0.282	2
1864002	4932.YNL273W	0.281	5
1860662	4932.YFR018C	0.281	1
1864785	4932.YPL024W	0.281	1
1860337	4932.YER007W	0.28	2
1864241	4932.YOL081W	0.279	7
1862820	4932.YLR128W	0.278	1
1863818	4932.YNL097C	0.277	1
1858906	4932.YBR038W	0.277	2
1863795	4932.YNL074C	0.276	1
1864223	4932.YOL063C	0.276	2
1861250	4932.YGR249W	0.276	1
1862654	4932.YLL035W	0.274	2
1863588	4932.YMR210W	0.274	1
1864565	4932.YOR212W	0.273	1
1862709	4932.YLR020C	0.273	2
1860853	4932.YGL140C	0.271	4
1862651	4932.YLL032C	0.269	3
1860639	4932.YFL066C	0.268	22
1863202	4932.YLR466W	0.266	63
1863649	4932.YMR268C	0.266	1
1859636	4932.YDL240W	0.265	3
1860327	4932.YEL077C	0.263	63
1860026	4932.YDR351W	0.263	1
1863602	4932.YMR224C	0.262	1
1859389	4932.YDL006W	0.259	1
1864740	4932.YOR377W	0.255	2
1863311	4932.YML096W	0.253	1
1861504	4932.YHR120W	0.252	2
1863693	4932.YMR306W	0.252	19
1864192	4932.YOL034W	0.251	2
1858868	4932.YBR002C	0.244	1
1863606	4932.YMR228W	0.243	1
1862760	4932.YLR070C	0.241	1
1858865	4932.YBL113C	0.24	31
1860076	4932.YDR393W	0.238	1
1863338	4932.YML119W	0.237	1
1864061	4932.YNL329C	0.237	4
1861280	4932.YGR278W	0.235	1
1865251	4932.YPR176C	0.234	1
1863426	4932.YMR065W	0.233	1
1861318	4932.YHL014C	0.229	2
1861360	4932.YHL050C	0.228	33
1862520	4932.YKR011C	0.228	1
1864687	4932.YOR329C	0.227	1
1861558	4932.YHR168W	0.226	1
1863133	4932.YLR405W	0.224	1
1860325	4932.YEL076C	0.221	5
1860099	4932.YDR415C	0.218	1
1862887	4932.YLR177W	0.217	2
1859838	4932.YDR180W	0.217	5
1863149	4932.YLR417W	0.216	1
1860608	4932.YFL034W	0.213	2
1863421	4932.YMR060C	0.213	1
1861576	4932.YHR182W	0.213	2
1862713	4932.YLR024C	0.212	4
1860638	4932.YFL065C	0.212	2
1860574	4932.YFL009W	0.212	2
1864086	4932.YNR011C	0.211	4
1859021	4932.YBR140C	0.21	5
1864991	4932.YPL222W	0.209	3
1859625	4932.YDL230W	0.206	1
1861682	4932.YIL048W	0.206	2
1859213	4932.YCL016C	0.205	1
1862228	4932.YJR122W	0.203	1
1862292	4932.YKL020C	0.202	2
1859697	4932.YDR046C	0.202	1
1864259	4932.YOL096C	0.2	1
1864982	4932.YPL214C	0.199	1
1864831	4932.YPL069C	0.199	1
1865102	4932.YPR042C	0.198	1
1863302	4932.YML088W	0.198	1
1862283	4932.YKL012W	0.197	1
1865081	4932.YPR022C	0.193	3
1859900	4932.YDR235W	0.191	1
1858641	4932.YAL022C	0.189	1
1864037	4932.YNL305C	0.189	1
1862233	4932.YJR127C	0.185	3
1859456	4932.YDL070W	0.185	1
1864318	4932.YOL152W	0.184	1
1858684	4932.YAL058W	0.183	1
1864558	4932.YOR205C	0.181	1
1861101	4932.YGR112W	0.179	1
1862540	4932.YKR031C	0.178	3
1864245	4932.YOL084W	0.178	2
1863619	4932.YMR240C	0.176	1
1864337	4932.YOR002W	0.176	1
1863596	4932.YMR218C	0.176	3
1865069	4932.YPR011C	0.175	1
1863542	4932.YMR171C	0.174	1
1863425	4932.YMR064W	0.173	1
1859878	4932.YDR213W	0.171	2
1864108	4932.YNR032W	0.171	5
1862834	4932.YLR142W	0.17	1
1865278	4932.YPR203W	0.17	2
1864361	4932.YOR022C	0.169	1
1863850	4932.YNL126W	0.168	2
1864273	4932.YOL107W	0.165	1
1864427	4932.YOR083W	0.162	1
1860731	4932.YGL021W	0.162	2
1862145	4932.YJR040W	0.162	1
1864462	4932.YOR118W	0.16	1
1862506	4932.YKL222C	0.159	3
1863391	4932.YMR032W	0.158	1
1861969	4932.YJL099W	0.157	1
1864644	4932.YOR291W	0.156	2
1863228	4932.YML020W	0.152	1
1864755	4932.YOR391C	0.151	3
1863713	4932.YMR322C	0.151	3
1865051	4932.YPL280W	0.151	3
1858643	4932.YAL024C	0.148	2
1860366	4932.YER033C	0.147	1
1863816	4932.YNL095C	0.147	1
1865155	4932.YPR095C	0.146	2
1864307	4932.YOL141W	0.146	1
1862319	4932.YKL045W	0.145	1
1858759	4932.YBL019W	0.145	1
1858831	4932.YBL084C	0.145	1
1860746	4932.YGL036W	0.144	1
1864834	4932.YPL072W	0.143	1
1862696	4932.YLR007W	0.143	1
1858775	4932.YBL034C	0.142	2
1863095	4932.YLR368W	0.141	1
1860180	4932.YDR495C	0.139	1
1861709	4932.YIL072W	0.138	1
1858639	4932.YAL020C	0.138	1
1860616	4932.YFL042C	0.138	1
1860697	4932.YFR048W	0.137	2
1861053	4932.YGR067C	0.136	1
1865202	4932.YPR138C	0.133	1
1862808	4932.YLR117C	0.131	1
1863812	4932.YNL091W	0.131	1
1859866	4932.YDR205W	0.13	1
1860489	4932.YER132C	0.13	3
1862088	4932.YJL212C	0.129	1
1864743	4932.YOR380W	0.129	1
1859846	4932.YDR186C	0.129	1
1861343	4932.YHL035C	0.127	7
1862564	4932.YKR054C	0.126	6
1860899	4932.YGL186C	0.124	1
1860771	4932.YGL060W	0.123	2
1861086	4932.YGR099W	0.122	1
1864546	4932.YOR193W	0.122	1
1862974	4932.YLR260W	0.121	1
1858676	4932.YAL048C	0.121	1
1862530	4932.YKR021W	0.118	1
1862381	4932.YKL101W	0.117	2
1861793	4932.YIL151C	0.117	1
1859673	4932.YDR026C	0.116	2
1860993	4932.YGR013W	0.116	1
1861938	4932.YJL070C	0.116	1
1860983	4932.YGR003W	0.115	1
1862950	4932.YLR237W	0.113	1
1861163	4932.YGR166W	0.113	1
1865236	4932.YPR164W	0.112	1
1859132	4932.YBR239C	0.112	1
1864542	4932.YOR192C	0.111	1
1864348	4932.YOR011W	0.111	2
1859401	4932.YDL017W	0.11	1
1861110	4932.YGR121C	0.109	1
1862762	4932.YLR072W	0.109	1
1860357	4932.YER024W	0.109	1
1864872	4932.YPL109C	0.106	1
1863701	4932.YMR313C	0.105	1
1861798	4932.YIL156W	0.104	1
1864285	4932.YOL119C	0.103	1
1860912	4932.YGL197W	0.1	1
1859867	4932.YDR206W	0.098	1
1862245	4932.YJR138W	0.098	1
1864502	4932.YOR156C	0.096	1
1864374	4932.YOR034C	0.095	1
1864490	4932.YOR144C	0.095	1
1862294	4932.YKL022C	0.093	1
1859940	4932.YDR270W	0.093	1
1864399	4932.YOR058C	0.093	1
1861973	4932.YJL103C	0.092	1
1863440	4932.YMR078C	0.082	1
1864585	4932.YOR231W	0.075	1
1859758	4932.YDR104C	0.075	1
1864436	4932.YOR093C	0.074	1
1864945	4932.YPL179W	0.072	5
1863504	4932.YMR137C	0.071	1
1861663	4932.YIL031W	0.07	1
1862493	4932.YKL209C	0.069	1
1861965	4932.YJL095W	0.069	1
1860105	4932.YDR421W	0.067	1
1864008	4932.YNL278W	0.065	1
1859641	4932.YDL245C	0.055	3
1862266	4932.YJR158W	0.055	3
1860577	4932.YFL011W	0.054	7
1860317	4932.YEL069C	0.053	3
1864149	4932.YNR072W	0.053	3
1863098	4932.YLR371W	0.051	1
1863533	4932.YMR162C	0.049	1
1860318	4932.YEL070W	0.049	1
1864150	4932.YNR073C	0.049	1
1864322	4932.YOL156W	0.048	7
1862095	4932.YJL219W	0.048	7
1862090	4932.YJL214W	0.048	7
1858619	4932.YAL002W	0.045	1
1862215	4932.YJR110W	0.038	1
1862827	4932.YLR135W	0.033	1
1861976	4932.YJL106W	0.031	1
