#id: 3626693892
#name: S.cerevisiae - Whole organism, SC (Gpm,aug,2014)
#score: 25.89
#weight:  100%
#description: abundance based on Spectral counting, Interaction consistency score: 25.89, Coverage: 79
#organ: WHOLE_ORGANISM
#integrated: false
#coverage: 79
#link: http://www.thegpm.org/
#publication_year: 2014
#filename: 4932-GPM_201408.txt
#
#internal_id	string_external_id	abundance	raw_spectral_count
1861790	4932.YIL148W	19099	495796
1862605	4932.YKR094C	19099	495796
1862064	4932.YJL189W	19037	2499
1861191	4932.YGR192C	18273	935249
1862877	4932.YLR167W	12519	496376
1861564	4932.YHR174W	11063	723277
1858995	4932.YBR118W	10066	622973
1865141	4932.YPR080W	10066	622973
1862113	4932.YJR009C	9746	764088
1864248	4932.YOL086C	9310	343585
1862335	4932.YKL060C	8355	291206
1861255	4932.YGR254W	7157	535520
1862734	4932.YLR044C	6853	490085
1859281	4932.YCR012W	6739	295561
1858663	4932.YAL038W	6153	304531
1859701	4932.YDR050C	5819	117861
1861919	4932.YJL052W	5269	475239
1862643	4932.YLL024C	4277	635542
1858622	4932.YAL005C	4245	626296
1862658	4932.YLL039C	4230	490024
1862435	4932.YKL152C	3996	95388
1859624	4932.YDL229W	3686	403835
1863938	4932.YNL209W	3625	400424
1863688	4932.YMR303C	3618	185497
1860418	4932.YER074W	3612	61456
1861705	4932.YIL069C	3612	61456
1862765	4932.YLR075W	3568	32230
1859527	4932.YDL136W	3515	42671
1859586	4932.YDL191W	3515	42671
1859468	4932.YDL082W	3509	56791
1864293	4932.YOL127W	3469	29251
1858875	4932.YBR009C	3420	42382
1863748	4932.YNL030W	3420	42382
1860741	4932.YGL031C	3418	27588
1861140	4932.YGR148C	3324	27172
1863094	4932.YLR367W	3291	74279
1862065	4932.YJL190C	3291	74279
1862664	4932.YLL045C	3281	119275
1863510	4932.YMR142C	3259	55946
1864034	4932.YNL302C	3234	83595
1861599	4932.YHR203C	3229	96892
1862253	4932.YJR145C	3229	96892
1864287	4932.YOL121C	3227	83790
1859461	4932.YDL075W	3209	46321
1862277	4932.YKL006W	3195	47690
1862009	4932.YJL136C	3190	50530
1858876	4932.YBR010W	3188	21366
1863749	4932.YNL031C	3188	21366
1858767	4932.YBL027W	3133	59418
1858956	4932.YBR084C-A	3133	59418
1864275	4932.YOL109W	3129	23322
1862751	4932.YLR061W	3125	26151
1859305	4932.YCR031C	3113	75338
1861301	4932.YHL001W	3109	46759
1861007	4932.YGR027C	3099	25163
1861107	4932.YGR118W	3092	33300
1865193	4932.YPR132W	3092	33300
1858738	4932.YBL002W	3087	48997
1861340	4932.YHL033C	3071	114049
1860815	4932.YGL103W	3065	28356
1862567	4932.YKR057W	3039	49503
1862800	4932.YLR109W	3037	74303
1862066	4932.YJL191W	3036	75405
1863234	4932.YML026C	3030	82834
1860134	4932.YDR450W	3030	82834
1864199	4932.YOL040C	2996	28466
1863134	4932.YLR406C	2986	44240
1862229	4932.YJR123W	2978	49233
1864404	4932.YOR063W	2969	87869
1863055	4932.YLR333C	2967	24591
1863232	4932.YML024W	2894	73450
1860131	4932.YDR447C	2894	73450
1861017	4932.YGR034W	2891	38922
1864033	4932.YNL301C	2873	41669
1864286	4932.YOL120C	2873	41669
1858620	4932.YAL003W	2849	44393
1862465	4932.YKL180W	2838	70365
1863067	4932.YLR344W	2831	38569
1859810	4932.YDR155C	2802	59815
1863907	4932.YNL178W	2795	69577
1864852	4932.YPL090C	2779	95072
1859064	4932.YBR181C	2779	95072
1862052	4932.YJL177W	2755	68745
1864439	4932.YOR096W	2754	54231
1861374	4932.YHR010W	2753	48189
1859889	4932.YDR224C	2752	46812
1863480	4932.YMR116C	2748	87514
1865103	4932.YPR043W	2748	34274
1862199	4932.YJR094W-A	2748	34274
1860065	4932.YDR382W	2744	38060
1858840	4932.YBL092W	2734	15092
1859658	4932.YDR012W	2721	183573
1860157	4932.YDR471W	2710	47881
1860279	4932.YEL034W	2704	52241
1858899	4932.YBR031W	2691	182311
1865019	4932.YPL249C-A	2684	28773
1862718	4932.YLR029C	2635	43648
1860102	4932.YDR418W	2611	92776
1860301	4932.YEL054C	2611	92776
1861646	4932.YIL018W	2590	86249
1860676	4932.YFR031C-A	2590	86249
1864668	4932.YOR312C	2546	52950
1863621	4932.YMR242C	2546	52950
1863006	4932.YLR287C-A	2446	12672
1864531	4932.YOR182C	2446	12672
1860836	4932.YGL123W	2446	53210
1859753	4932.YDR099W	2445	77958
1862844	4932.YLR150W	2438	55362
1860068	4932.YDR385W	2395	392392
1864477	4932.YOR133W	2395	392392
1863062	4932.YLR340W	2392	49088
1863047	4932.YLR325C	2380	13355
1862962	4932.YLR249W	2310	244654
1863486	4932.YMR121C	2305	39574
1863572	4932.YMR194W	2282	25979
1864198	4932.YOL039W	2278	36167
1859073	4932.YBR189W	2270	48112
1861319	4932.YHL015W	2243	30509
1859672	4932.YDR025W	2241	52691
1858916	4932.YBR048W	2241	52691
1859519	4932.YDL130W	2201	22608
1865162	4932.YPR102C	2199	64410
1861072	4932.YGR085C	2195	64324
1864516	4932.YOR167C	2192	15389
1863079	4932.YLR355C	2187	88257
1859890	4932.YDR225W	2187	30685
1858739	4932.YBL003C	2184	30651
1859469	4932.YDL083C	2179	61256
1863511	4932.YMR143W	2179	61256
1863276	4932.YML063W	2144	83884
1864731	4932.YOR369C	2143	37309
1860848	4932.YGL135W	2121	80044
1864988	4932.YPL220W	2121	80044
1863175	4932.YLR441C	2083	83036
1862980	4932.YLR264W	2077	15000
1860788	4932.YGL076C	2041	87389
1863790	4932.YNL069C	2027	31575
1864966	4932.YPL198W	1985	85678
1860547	4932.YER177W	1983	79067
1858958	4932.YBR085C-A	1981	12413
1858819	4932.YBL072C	1975	70606
1860458	4932.YER102W	1975	70606
1859467	4932.YDL081C	1966	19156
1864908	4932.YPL143W	1956	20520
1863236	4932.YML028W	1952	44378
1860582	4932.YFL014W	1942	16363
1859075	4932.YBR191W	1923	34509
1861686	4932.YIL052C	1908	17034
1860396	4932.YER056C-A	1900	16992
1860860	4932.YGL147C	1900	61433
1860473	4932.YER117W	1884	54344
1858834	4932.YBL087C	1884	54344
1864841	4932.YPL079W	1843	33652
1860612	4932.YFL039C	1834	79389
1860740	4932.YGL030W	1816	24005
1862331	4932.YKL056C	1805	19989
1864843	4932.YPL081W	1798	44222
1861687	4932.YIL053W	1776	62025
1863561	4932.YMR186W	1745	218376
1859081	4932.YBR196C	1722	89228
1862209	4932.YJR104C	1717	24317
1864895	4932.YPL131W	1690	41501
1864798	4932.YPL037C	1686	20050
1858877	4932.YBR011C	1633	44292
1863786	4932.YNL067W	1625	57365
1863286	4932.YML073C	1612	39563
1859715	4932.YDR064W	1606	26712
1861074	4932.YGR087C	1600	218911
1863182	4932.YLR448W	1544	38991
1864588	4932.YOR234C	1496	18210
1860717	4932.YGL008C	1495	187778
1863817	4932.YNL096C	1494	41243
1862895	4932.YLR185W	1480	7250
1865009	4932.YPL240C	1471	203442
1860196	4932.YDR510W	1465	11006
1861529	4932.YHR141C	1449	6370
1863890	4932.YNL162W	1449	6370
1863775	4932.YNL055C	1440	49161
1859891	4932.YDR226W	1440	29920
1861385	4932.YHR021C	1439	22032
1862440	4932.YKL156W	1417	21882
1860678	4932.YFR032C-A	1374	2242
1861021	4932.YGR037C	1369	8950
1861587	4932.YHR193C	1360	24488
1864823	4932.YPL061W	1353	74240
1858988	4932.YBR111W-A	1353	12503
1862012	4932.YJL138C	1338	134450
1862569	4932.YKR059W	1338	134450
1864647	4932.YOR293W	1303	29986
1860903	4932.YGL189C	1297	20476
1862826	4932.YLR134W	1293	191651
1858944	4932.YBR072W	1291	31740
1863608	4932.YMR230W	1290	29814
1863115	4932.YLR388W	1284	9491
1861773	4932.YIL133C	1282	24476
1862150	4932.YJR045C	1276	103953
1860488	4932.YER131W	1261	20077
1859447	4932.YDL061C	1252	9303
1861409	4932.YHR039C-A	1214	8700
1864358	4932.YOR020C	1208	12535
1865029	4932.YPL257W-A	1205	2005682
1860496	4932.YER137C-A	1205	2005682
1862860	4932.YLR157C-A	1205	2005682
1860043	4932.YDR365W-A	1205	2005682
1860969	4932.YGL253W	1199	61118
1859928	4932.YDR261C-C	1184	1989316
1858708	4932.YAR010C	1177	1974696
1865199	4932.YPR137C-A	1177	1974696
1861209	4932.YGR209C	1176	19638
1861073	4932.YGR086C	1174	44689
1860459	4932.YER103W	1173	275681
1864466	4932.YOR122C	1142	11105
1862973	4932.YLR259C	1140	71186
1860378	4932.YER043C	1129	46555
1859441	4932.YDL055C	1122	46450
1862939	4932.YLR227W-A	1116	1947856
1863249	4932.YML040W	1116	1947856
1862131	4932.YJR026W	1116	1947856
1861008	4932.YGR027W-A	1108	1933236
1864797	4932.YPL036W	1105	157061
1862133	4932.YJR028W	1087	1916870
1863545	4932.YMR173W	1081	23479
1859751	4932.YDR098C-A	1080	1921166
1864268	4932.YOL103W-A	1066	1879162
1861994	4932.YJL124C	1066	10845
1860526	4932.YER159C-A	1064	1910823
1861154	4932.YGR161C-C	1064	1910823
1863411	4932.YMR051C	1064	1910823
1859987	4932.YDR316W-A	1064	1910823
1861022	4932.YGR038C-A	1062	1898285
1862970	4932.YLR256W-A	1061	1926156
1862733	4932.YLR043C	1061	17220
1865223	4932.YPR158C-C	1057	1925248
1862669	4932.YLL050C	1055	17782
1864869	4932.YPL106C	1049	84258
1860185	4932.YDR500C	1027	5017
1864487	4932.YOR142W-A	1025	1867044
1865226	4932.YPR158W-A	1025	1867044
1858879	4932.YBR012W-A	1021	1861611
1862890	4932.YLR180W	1020	65091
1862738	4932.YLR048W	1011	61380
1862748	4932.YLR058C	1010	44944
1861685	4932.YIL051C	1008	17200
1863774	4932.YNL054W-A	1007	1716497
1864652	4932.YOR298C-A	1007	8874
1861214	4932.YGR214W	1005	61269
1862227	4932.YJR121W	1003	69078
1858822	4932.YBL075C	989	263439
1864765	4932.YPL004C	974	37494
1863800	4932.YNL079C	968	13593
1862977	4932.YLR262C-A	967	2628
1862246	4932.YJR139C	966	32515
1863254	4932.YML045W-A	965	1842627
1863012	4932.YLR293C	964	32194
1860445	4932.YER091C	963	82367
1859871	4932.YDR210C-C	959	1721115
1860187	4932.YDR502C	955	63265
1859398	4932.YDL014W	938	22222
1858771	4932.YBL030C	921	41129
1864691	4932.YOR332W	907	20800
1863078	4932.YLR354C	907	31725
1860064	4932.YDR381W	893	10090
1858954	4932.YBR082C	891	6742
1861614	4932.YHR214C-C	877	1888814
1863024	4932.YLR304C	877	56542
1864074	4932.YNR001C	873	45709
1858628	4932.YAL012W	866	28151
1861862	4932.YIR037W	842	6265
1862358	4932.YKL081W	838	45524
1861577	4932.YHR183W	837	58140
1860533	4932.YER165W	837	54621
1862210	4932.YJR105W	834	32550
1863860	4932.YNL135C	809	13903
1860824	4932.YGL112C	807	31867
1859587	4932.YDL192W	797	29149
1863445	4932.YMR083W	792	40038
1861372	4932.YHR008C	785	11469
1863489	4932.YMR123W	767	138
1860262	4932.YEL020W-A	755	4401
1864737	4932.YOR375C	752	50414
1864736	4932.YOR374W	745	44682
1862362	4932.YKL085W	742	29718
1858766	4932.YBL026W	737	6466
1858847	4932.YBL099W	735	43203
1861147	4932.YGR155W	734	39415
1863583	4932.YMR205C	733	57788
1859647	4932.YDR002W	733	9522
1859528	4932.YDL137W	727	27487
1859007	4932.YBR127C	727	46692
1864534	4932.YOR185C	726	29929
1860703	4932.YFR053C	715	38360
1864366	4932.YOR027W	707	32729
1861440	4932.YHR064C	692	37520
1860268	4932.YEL026W	681	7042
1863164	4932.YLR432W	671	88258
1861473	4932.YHR089C	665	7070
1863937	4932.YNL208W	664	12433
1861234	4932.YGR234W	657	32673
1858893	4932.YBR025C	651	26923
1861900	4932.YJL034W	649	81068
1861570	4932.YHR179W	647	28032
1863433	4932.YMR072W	640	5603
1864551	4932.YOR198C	637	21130
1865210	4932.YPR145W	628	44585
1861287	4932.YGR285C	628	21563
1859470	4932.YDL084W	627	24504
1863291	4932.YML078W	626	14619
1861604	4932.YHR208W	623	33229
1862500	4932.YKL216W	622	15168
1864342	4932.YOR007C	608	19678
1864920	4932.YPL154C	608	19533
1861240	4932.YGR240C	606	67811
1860618	4932.YFL045C	601	18837
1861179	4932.YGR180C	601	24045
1863783	4932.YNL064C	600	21435
1859142	4932.YBR249C	592	20576
1863724	4932.YNL007C	591	14168
1859688	4932.YDR037W	586	29091
1862635	4932.YLL018C	584	29791
1860866	4932.YGL153W	582	24060
1858984	4932.YBR109C	582	11850
1860028	4932.YDR353W	580	21344
1859813	4932.YDR158W	578	20488
1862121	4932.YJR016C	576	32600
1861423	4932.YHR051W	573	6742
1863973	4932.YNL244C	572	7167
1864789	4932.YPL028W	567	26203
1861368	4932.YHR005C-A	567	7753
1861706	4932.YIL070C	565	7103
1865000	4932.YPL231W	564	116434
1859085	4932.YBR198C	562	42154
1859452	4932.YDL066W	562	32447
1860116	4932.YDR432W	560	10917
1863732	4932.YNL015W	559	4647
1864480	4932.YOR136W	556	13781
1864218	4932.YOL058W	550	16657
1859679	4932.YDR032C	549	10098
1858755	4932.YBL015W	549	27962
1860468	4932.YER112W	545	4403
1861452	4932.YHR072W-A	544	2273
1859241	4932.YCL043C	544	36451
1865134	4932.YPR074C	542	37425
1859898	4932.YDR233C	542	18391
1859575	4932.YDL181W	541	2187
1859238	4932.YCL040W	539	29128
1862907	4932.YLR197W	539	30286
1862433	4932.YKL150W	539	15704
1860818	4932.YGL106W	534	6912
1861284	4932.YGR282C	530	13064
1865266	4932.YPR191W	529	22566
1860397	4932.YER057C	529	9268
1862153	4932.YJR048W	528	7216
1860403	4932.YER062C	528	29951
1862728	4932.YLR038C	526	5321
1859822	4932.YDR167W	526	7415
1862287	4932.YKL016C	524	5871
1860548	4932.YER178W	521	20397
1860900	4932.YGL187C	517	8501
1858670	4932.YAL044C	516	6604
1861115	4932.YGR124W	516	42188
1859670	4932.YDR023W	514	27677
1860718	4932.YGL009C	513	33542
1862467	4932.YKL182W	509	116063
1859580	4932.YDL185W	509	63530
1861673	4932.YIL041W	508	16866
1860817	4932.YGL105W	508	17878
1861429	4932.YHR055C	507	5928
1861426	4932.YHR053C	507	5928
1861341	4932.YHL034C	501	12638
1859968	4932.YDR298C	494	10312
1861532	4932.YHR143W-A	494	2238
1863267	4932.YML056C	487	60787
1860339	4932.YER009W	486	6275
1864666	4932.YOR310C	485	26172
1859330	4932.YCR053W	481	28305
1858950	4932.YBR078W	481	14102
1861906	4932.YJL041W	479	26783
1864305	4932.YOL139C	475	9630
1862716	4932.YLR027C	474	20802
1860138	4932.YDR454C	473	10233
1861620	4932.YHR216W	463	71246
1862329	4932.YKL054C	463	13922
1859515	4932.YDL126C	459	42440
1858998	4932.YBR121C	458	33592
1865044	4932.YPL271W	458	4468
1863171	4932.YLR438C-A	457	3232
1862182	4932.YJR077C	455	18267
1862645	4932.YLL026W	447	38728
1862343	4932.YKL067W	442	7000
1859235	4932.YCL037C	441	22015
1859576	4932.YDL182W	440	37626
1859387	4932.YDL004W	440	6019
1859110	4932.YBR221C	439	14709
1860961	4932.YGL245W	439	34706
1859521	4932.YDL131W	438	36847
1860736	4932.YGL026C	437	33132
1860199	4932.YDR513W	437	7702
1860610	4932.YFL037W	436	14378
1863792	4932.YNL071W	434	15453
1860358	4932.YER025W	432	18250
1863615	4932.YMR236W	431	5801
1865094	4932.YPR035W	430	11686
1863604	4932.YMR226C	429	13370
1862309	4932.YKL035W	429	23033
1859520	4932.YDL130W-A	425	1863
1863213	4932.YML008C	424	20182
1862926	4932.YLR216C	424	14162
1859513	4932.YDL124W	424	16824
1863023	4932.YLR303W	422	20868
1862889	4932.YLR179C	419	8945
1864015	4932.YNL284C-A	418	355562
1861471	4932.YHR087W	415	4908
1865258	4932.YPR183W	415	12010
1861151	4932.YGR159C	413	14774
1864810	4932.YPL048W	411	26469
1859407	4932.YDL022W	408	16884
1860588	4932.YFL018C	406	21355
1861779	4932.YIL138C	405	4898
1858981	4932.YBR106W	404	10220
1863595	4932.YMR217W	404	24028
1860747	4932.YGL037C	403	10212
1864486	4932.YOR142W	399	14753
1863984	4932.YNL255C	399	6074
1864557	4932.YOR204W	399	37447
1863345	4932.YML126C	398	18107
1863828	4932.YNL104C	397	29857
1858788	4932.YBL045C	395	17985
1859361	4932.YCR088W	394	19860
1862042	4932.YJL167W	394	17041
1863472	4932.YMR108W	392	24808
1862847	4932.YLR153C	392	24272
1863755	4932.YNL037C	392	13467
1865112	4932.YPR052C	384	2076
1864583	4932.YOR230W	383	18573
1861383	4932.YHR019C	382	20935
1862398	4932.YKL117W	380	6639
1864840	4932.YPL078C	379	6665
1859680	4932.YDR033W	376	8482
1859929	4932.YDR261C-D	376	2310098
1863641	4932.YMR260C	375	4753
1859800	4932.YDR145W	374	13527
1861204	4932.YGR204W	374	37605
1859180	4932.YBR286W	369	17651
1865245	4932.YPR170W-B	368	82
1858953	4932.YBR081C	368	41942
1865030	4932.YPL257W-B	367	2358005
1859228	4932.YCL030C	367	27039
1862861	4932.YLR157C-B	366	2347168
1860477	4932.YER120W	364	12232
1858907	4932.YBR039W	364	10563
1859833	4932.YDR176W	363	21065
1859249	4932.YCL050C	363	12971
1862175	4932.YJR070C	361	13175
1864638	4932.YOR285W	361	6415
1860950	4932.YGL234W	360	27860
1860593	4932.YFL022C	359	16150
1861384	4932.YHR020W	359	26144
1860498	4932.YER138C	359	2367283
1864309	4932.YOL143C	358	5634
1864314	4932.YOL148C	358	21518
1858735	4932.YAR073W	357	41576
1865006	4932.YPL237W	357	9813
1862424	4932.YKL142W	356	6928
1863731	4932.YNL014W	355	72826
1860044	4932.YDR365W-B	355	2334974
1860778	4932.YGL066W	355	15908
1860780	4932.YGL068W	355	3333
1861892	4932.YJL026W	352	15670
1859303	4932.YCR028C-A	351	5621
1863485	4932.YMR120C	351	31627
1865200	4932.YPR137C-B	350	2342264
1865035	4932.YPL262W	346	12923
1859233	4932.YCL035C	346	5727
1863727	4932.YNL010W	345	8240
1860917	4932.YGL202W	343	19663
1861715	4932.YIL078W	341	26052
1865025	4932.YPL254W	341	15971
1862885	4932.YLR175W	338	14717
1863856	4932.YNL131W	337	4164
1861167	4932.YGR169C-A	337	1387
1859603	4932.YDL208W	337	2759
1859752	4932.YDR098C-B	337	2232993
1858823	4932.YBL076C	335	42234
1864533	4932.YOR184W	335	13905
1861023	4932.YGR038C-B	333	2231419
1863248	4932.YML039W	333	2309457
1862002	4932.YJL130C	333	86117
1863324	4932.YML106W	332	11157
1865129	4932.YPR069C	332	14220
1859988	4932.YDR316W-B	332	2270985
1862132	4932.YJR027W	331	2290106
1860861	4932.YGL148W	330	14797
1864809	4932.YPL047W	329	3523
1864091	4932.YNR016C	328	86332
1864269	4932.YOL103W-B	327	2240763
1861512	4932.YHR128W	326	7471
1860016	4932.YDR341C	325	22338
1861081	4932.YGR094W	324	37872
1860693	4932.YFR044C	323	16339
1861184	4932.YGR185C	323	13723
1859157	4932.YBR263W	323	15001
1862940	4932.YLR227W-B	321	2259666
1862478	4932.YKL192C	320	3856
1865235	4932.YPR163C	320	13433
1863733	4932.YNL016W	319	6832
1863405	4932.YMR046C	318	293606
1860466	4932.YER110C	317	41167
1859208	4932.YCL009C	317	13223
1864986	4932.YPL218W	317	9436
1863712	4932.YMR321C	316	1713
1864537	4932.YOR187W	316	15578
1860130	4932.YDR446W	315	8075
1862134	4932.YJR029W	315	2264248
1860611	4932.YFL038C	315	7379
1863837	4932.YNL113W	315	5349
1860404	4932.YER063W	315	2958
1861009	4932.YGR027W-B	314	2254423
1863410	4932.YMR050C	313	2255993
1859827	4932.YDR170W-A	313	291765
1865227	4932.YPR158W-B	312	2233307
1864926	4932.YPL160W	310	38841
1860331	4932.YER003C	310	14138
1862918	4932.YLR208W	308	10327
1863172	4932.YLR438W	308	14835
1862214	4932.YJR109C	307	38009
1861391	4932.YHR025W	307	8155
1865224	4932.YPR158C-D	305	2240460
1859872	4932.YDR210C-D	305	2049431
1863083	4932.YLR359W	305	15441
1863287	4932.YML074C	305	8947
1859488	4932.YDL100C	305	10285
1864488	4932.YOR142W-B	303	2208785
1860356	4932.YER023W	302	9604
1865101	4932.YPR041W	302	12252
1860075	4932.YDR392W	300	8221
1860527	4932.YER160C	299	2218231
1863253	4932.YML045W	299	2209675
1861155	4932.YGR161C-D	298	2221948
1862111	4932.YJR007W	296	10874
1860369	4932.YER036C	296	17872
1864618	4932.YOR265W	295	2636
1863360	4932.YMR005W	294	10479
1863949	4932.YNL220W	294	13303
1863859	4932.YNL134C	294	13249
1859025	4932.YBR143C	290	15030
1860291	4932.YEL046C	289	14196
1863468	4932.YMR105C	289	17190
1861000	4932.YGR020C	289	2660
1864694	4932.YOR335C	289	30775
1864386	4932.YOR045W	288	1464
1860292	4932.YEL047C	288	12658
1861613	4932.YHR214C-B	287	2214386
1860394	4932.YER055C	287	10835
1862152	4932.YJR047C	287	12961
1864167	4932.YOL012C	286	6948
1859722	4932.YDR071C	285	8264
1862357	4932.YKL080W	285	12736
1860575	4932.YFL010C	285	4147
1864568	4932.YOR215C	284	3789
1862494	4932.YKL210W	284	29159
1858880	4932.YBR012W-B	284	2162833
1860059	4932.YDR378C	284	2766
1858736	4932.YAR075W	283	17724
1859831	4932.YDR174W	282	5587
1860132	4932.YDR448W	282	11826
1862902	4932.YLR192C	282	6210
1860113	4932.YDR429C	281	6610
1861950	4932.YJL080C	281	37901
1858951	4932.YBR079C	279	24786
1861535	4932.YHR146W	278	8535
1858808	4932.YBL064C	277	6066
1864629	4932.YOR276W	277	3745
1861730	4932.YIL094C	276	9186
1860319	4932.YEL071W	274	17647
1863441	4932.YMR079W	273	10620
1863836	4932.YNL112W	271	17355
1861875	4932.YJL008C	270	16484
1860429	4932.YER081W	269	22095
1861180	4932.YGR181W	268	3016
1862609	4932.YKR097W	268	15891
1863702	4932.YMR314W	267	7661
1859785	4932.YDR129C	263	17203
1862745	4932.YLR055C	262	19500
1861444	4932.YHR068W	261	13383
1865068	4932.YPR010C-A	260	2039
1860003	4932.YDR328C	260	4643
1859514	4932.YDL125C	259	5741
1863230	4932.YML022W	259	5118
1860606	4932.YFL034C-A	258	4458
1858962	4932.YBR088C	257	9261
1864891	4932.YPL127C	256	4710
1862576	4932.YKR066C	256	10829
1862553	4932.YKR043C	255	5464
1863863	4932.YNL138W	255	11762
1861245	4932.YGR244C	254	11246
1859996	4932.YDR322C-A	254	2336
1865237	4932.YPR165W	252	5890
1863014	4932.YLR295C	252	3314
1859721	4932.YDR070C	252	586
1862482	4932.YKL196C	251	6032
1860108	4932.YDR424C	251	2492
1862750	4932.YLR060W	251	16454
1861711	4932.YIL074C	250	21404
1860490	4932.YER133W	250	9749
1863888	4932.YNL160W	249	7489
1864111	4932.YNR034W-A	249	3829
1865092	4932.YPR033C	249	14473
1860047	4932.YDR368W	248	10067
1863183	4932.YLR449W	248	7887
1860219	4932.YDR529C	248	4069
1858742	4932.YBL005W-A	246	205383
1859686	4932.YDR035W	244	9397
1864821	4932.YPL059W	244	4423
1863514	4932.YMR146C	243	10388
1863021	4932.YLR301W	242	7760
1864639	4932.YOR286W	241	2200
1863462	4932.YMR099C	240	10000
1863601	4932.YMR223W	240	14344
1860273	4932.YEL030W	239	34475
1862558	4932.YKR048C	239	10332
1862280	4932.YKL009W	237	5823
1862256	4932.YJR148W	236	14317
1860172	4932.YDR487C	236	6233
1859107	4932.YBR218C	236	49565
1859828	4932.YDR171W	236	6420
1858903	4932.YBR035C	236	5010
1860571	4932.YFL005W	234	7889
1859273	4932.YCR004C	234	6158
1861265	4932.YGR264C	233	20106
1861765	4932.YIL125W	233	22089
1864994	4932.YPL225W	233	5160
1864910	4932.YPL145C	232	8686
1859278	4932.YCR009C	232	5442
1864772	4932.YPL011C	231	8944
1861047	4932.YGR061C	230	32421
1858710	4932.YAR015W	230	7478
1859004	4932.YBR126C	229	10979
1862888	4932.YLR178C	228	4876
1858959	4932.YBR085W	228	16095
1861777	4932.YIL136W	227	7592
1864675	4932.YOR317W	227	17685
1863659	4932.YMR276W	227	3847
1862510	4932.YKR001C	227	17186
1863624	4932.YMR244C-A	226	1040
1860266	4932.YEL024W	226	4325
1863423	4932.YMR062C	226	10794
1859829	4932.YDR172W	225	13777
1863680	4932.YMR295C	225	2225
1861276	4932.YGR274C	225	15435
1859464	4932.YDL078C	224	9149
1861159	4932.YGR162W	224	18254
1864681	4932.YOR323C	224	11446
1863283	4932.YML070W	223	13633
1861257	4932.YGR256W	223	24369
1860773	4932.YGL062W	222	49383
1863306	4932.YML092C	222	5810
1864563	4932.YOR210W	221	1106
1863695	4932.YMR307W	219	15540
1864120	4932.YNR043W	219	9005
1862418	4932.YKL137W	217	1191
1863264	4932.YML054C	216	12178
1863703	4932.YMR315W	216	7544
1862603	4932.YKR092C	216	2096
1864197	4932.YOL038W	216	5735
1864586	4932.YOR232W	216	4105
1860364	4932.YER031C	215	8410
1862910	4932.YLR200W	215	3334
1860720	4932.YGL011C	213	8068
1864724	4932.YOR362C	212	6363
1863605	4932.YMR227C	212	7881
1859534	4932.YDL143W	211	9183
1861483	4932.YHR099W	211	86590
1861253	4932.YGR252W	210	10159
1862170	4932.YJR065C	210	7961
1864127	4932.YNR050C	210	10203
1863397	4932.YMR038C	210	4751
1860417	4932.YER073W	210	11627
1860040	4932.YDR363W-A	210	1746
1862660	4932.YLL041C	210	5948
1862957	4932.YLR244C	209	9191
1863407	4932.YMR047C	209	11514
1858780	4932.YBL039C	209	13831
1861784	4932.YIL142W	209	13047
1863821	4932.YNL098C	208	7870
1865095	4932.YPR036W	207	11642
1864517	4932.YOR168W	207	16649
1863153	4932.YLR421C	207	4306
1859209	4932.YCL010C	206	6048
1859396	4932.YDL012C	205	540
1864461	4932.YOR117W	205	10202
1859226	4932.YCL028W	204	4134
1861164	4932.YGR167W	204	3436
1862297	4932.YKL024C	204	4026
1863299	4932.YML085C	204	12745
1859031	4932.YBR149W	204	9160
1863709	4932.YMR318C	203	8549
1864011	4932.YNL281W	203	3349
1861675	4932.YIL043C	203	6358
1863614	4932.YMR235C	203	10647
1863581	4932.YMR203W	202	6583
1861991	4932.YJL121C	202	4339
1861254	4932.YGR253C	199	5517
1861108	4932.YGR119C	198	8347
1863763	4932.YNL044W	198	2667
1863223	4932.YML015C	198	8791
1865195	4932.YPR133W-A	197	1667
1860082	4932.YDR399W	197	5514
1864289	4932.YOL123W	196	6546
1862169	4932.YJR064W	195	9601
1859466	4932.YDL080C	195	50503
1860390	4932.YER052C	195	10885
1861879	4932.YJL012C	195	12357
1864648	4932.YOR294W	195	2717
1859137	4932.YBR244W	194	4491
1859052	4932.YBR169C	194	25297
1863970	4932.YNL241C	194	10560
1859803	4932.YDR148C	193	8320
1859974	4932.YDR304C	193	7056
1865171	4932.YPR110C	192	7922
1860988	4932.YGR008C	191	1357
1858658	4932.YAL035W	191	16466
1860335	4932.YER006W	191	11632
1860508	4932.YER146W	191	1945
1862556	4932.YKR046C	190	5779
1864260	4932.YOL097C	189	9425
1861881	4932.YJL014W	188	12732
1864995	4932.YPL226W	188	22491
1859593	4932.YDL198C	188	5283
1860905	4932.YGL191W	188	1946
1861488	4932.YHR104W	188	8971
1861126	4932.YGR135W	188	5653
1858963	4932.YBR089C-A	187	944
1862717	4932.YLR028C	187	20170
1864880	4932.YPL117C	187	6232
1865087	4932.YPR028W	186	3029
1859666	4932.YDR019C	186	6196
1860282	4932.YEL037C	185	5468
1860223	4932.YDR533C	185	5571
1859738	4932.YDR086C	184	1434
1859783	4932.YDR127W	184	31119
1859877	4932.YDR212W	183	10322
1859879	4932.YDR214W	183	6189
1864577	4932.YOR224C	183	2933
1860450	4932.YER094C	182	3840
1863367	4932.YMR012W	181	26387
1862431	4932.YKL148C	181	14335
1862441	4932.YKL157W	180	20487
1860645	4932.YFR004W	179	3691
1860759	4932.YGL048C	179	7484
1862231	4932.YJR125C	179	3894
1859526	4932.YDL135C	179	3602
1860435	4932.YER086W	178	11389
1860921	4932.YGL206C	178	35708
1863057	4932.YLR335W	178	12218
1863845	4932.YNL121C	177	11550
1861628	4932.YIL002W-A	177	1046
1861420	4932.YHR049W	176	5616
1859536	4932.YDL145C	176	20761
1859498	4932.YDL110C	175	2715
1859036	4932.YBR154C	173	3992
1860263	4932.YEL021W	173	4947
1863620	4932.YMR241W	173	5138
1863357	4932.YMR002W	173	1292
1863904	4932.YNL175C	173	4270
1863522	4932.YMR153W	172	6652
1864853	4932.YPL091W	172	8460
1860494	4932.YER136W	172	8382
1861092	4932.YGR105W	172	39
1860284	4932.YEL039C	172	3566
1859415	4932.YDL029W	171	6582
1860642	4932.YFR001W	171	1540
1863697	4932.YMR309C	171	14342
1864874	4932.YPL111W	170	4998
1859848	4932.YDR188W	170	8261
1860958	4932.YGL242C	170	2774
1861552	4932.YHR163W	169	4274
1865059	4932.YPR002W	167	9018
1861596	4932.YHR200W	166	3841
1859710	4932.YDR059C	166	2544
1859145	4932.YBR252W	166	1450
1864406	4932.YOR065W	166	4001
1864452	4932.YOR108W	166	18061
1863435	4932.YMR074C	165	2729
1861040	4932.YGR054W	165	9337
1858737	4932.YBL001C	165	1045
1858894	4932.YBR026C	165	5265
1863070	4932.YLR347C	164	11877
1865122	4932.YPR062W	164	3009
1864306	4932.YOL140W	163	7433
1859027	4932.YBR145W	163	21862
1860444	4932.YER090W	163	10378
1859121	4932.YBR230C	163	2061
1863719	4932.YNL002C	162	2980
1860463	4932.YER107C	162	6953
1860303	4932.YEL056W	162	6506
1858784	4932.YBL041W	162	3753
1861981	4932.YJL111W	161	11625
1860385	4932.YER048C	161	5223
1861696	4932.YIL062C	161	2966
1864992	4932.YPL223C	160	1974
1863841	4932.YNL117W	160	8276
1861412	4932.YHR042W	159	11518
1858801	4932.YBL058W	159	6544
1860812	4932.YGL100W	159	6021
1859590	4932.YDL195W	159	18254
1859437	4932.YDL051W	159	4293
1864383	4932.YOR042W	158	5265
1860410	4932.YER067W	158	2316
1864614	4932.YOR261C	158	6201
1862130	4932.YJR025C	157	3732
1864387	4932.YOR046C	156	9409
1861207	4932.YGR207C	155	3998
1862384	4932.YKL104C	155	13743
1858623	4932.YAL007C	155	1722
1859678	4932.YDR031W	155	1675
1861123	4932.YGR132C	155	4204
1859621	4932.YDL226C	155	6349
1860479	4932.YER122C	154	5898
1864219	4932.YOL059W	153	9320
1863918	4932.YNL189W	153	8440
1862174	4932.YJR069C	152	3358
1860850	4932.YGL137W	151	14350
1863036	4932.YLR314C	150	8089
1861192	4932.YGR193C	149	5911
1865079	4932.YPR020W	149	1653
1863682	4932.YMR297W	149	5886
1861665	4932.YIL033C	149	6978
1864277	4932.YOL111C	149	3682
1864623	4932.YOR270C	149	12043
1863342	4932.YML123C	149	9094
1864855	4932.YPL093W	149	9209
1863976	4932.YNL247W	149	11926
1865008	4932.YPL239W	148	3823
1860643	4932.YFR002W	147	14537
1863558	4932.YMR183C	147	4143
1864360	4932.YOR021C	147	3347
1860336	4932.YER007C-A	147	3406
1864723	4932.YOR361C	146	12727
1861490	4932.YHR106W	146	7387
1863943	4932.YNL214W	146	5090
1862641	4932.YLL022C	146	3496
1865256	4932.YPR181C	145	14099
1865168	4932.YPR108W	145	4636
1862591	4932.YKR080W	145	4026
1862523	4932.YKR014C	144	4604
1863181	4932.YLR447C	144	6090
1861090	4932.YGR103W	144	6890
1859355	4932.YCR083W	143	1943
1864039	4932.YNL307C	143	6547
1863580	4932.YMR202W	143	1775
1858764	4932.YBL024W	143	11197
1859553	4932.YDL160C	143	7798
1864562	4932.YOR209C	143	8189
1863205	4932.YML001W	143	4173
1860020	4932.YDR345C	142	10627
1861393	4932.YHR027C	142	16221
1861584	4932.YHR190W	142	6173
1858790	4932.YBL047C	142	15555
1859834	4932.YDR177W	141	3414
1860702	4932.YFR052W	141	5094
1862971	4932.YLR257W	141	5106
1862242	4932.YJR135W-A	141	2064
1859743	4932.YDR091C	141	8475
1861868	4932.YJL001W	141	3695
1861069	4932.YGR082W	140	2932
1862795	4932.YLR104W	140	270
1863347	4932.YML128C	140	6256
1863685	4932.YMR300C	140	6631
1863097	4932.YLR370C	140	1979
1863881	4932.YNL153C	140	1628
1859924	4932.YDR258C	139	10317
1861713	4932.YIL076W	139	4007
1861281	4932.YGR279C	138	4229
1859274	4932.YCR005C	138	12702
1858689	4932.YAL062W	138	20690
1859850	4932.YDR190C	137	8644
1860708	4932.YGL001C	137	3607
1860790	4932.YGL078C	137	9720
1865214	4932.YPR149W	137	2340
1862496	4932.YKL212W	137	10853
1864503	4932.YOR157C	137	2408
1864016	4932.YNL284C-B	137	614382
1860342	4932.YER012W	137	3220
1860698	4932.YFR049W	137	1896
1858960	4932.YBR086C	136	10211
1865074	4932.YPR016C	136	3053
1863780	4932.YNL061W	136	8986
1864612	4932.YOR259C	135	6188
1861858	4932.YIR034C	135	5662
1859141	4932.YBR248C	135	9918
1865067	4932.YPR010C	135	14596
1859750	4932.YDR098C	135	3702
1865262	4932.YPR187W	134	1709
1863771	4932.YNL052W	134	3445
1861370	4932.YHR007C	133	8856
1864019	4932.YNL287W	133	13210
1862714	4932.YLR025W	133	3187
1860162	4932.YDR477W	133	8192
1860071	4932.YDR388W	132	5151
1859091	4932.YBR202W	132	12134
1864112	4932.YNR035C	132	4648
1861382	4932.YHR018C	132	8025
1860804	4932.YGL092W	132	18015
1863607	4932.YMR229C	131	22524
1862427	4932.YKL145W	131	6064
1862314	4932.YKL040C	131	4127
1864762	4932.YPL001W	131	5361
1862408	4932.YKL127W	130	9420
1860413	4932.YER069W	130	13626
1865219	4932.YPR154W	130	1500
1862344	4932.YKL068W	130	6508
1860350	4932.YER019C-A	130	1130
1864464	4932.YOR120W	129	6298
1864780	4932.YPL019C	129	13042
1862457	4932.YKL172W	129	5015
1860363	4932.YER030W	129	1225
1861823	4932.YIR006C	128	12425
1863726	4932.YNL009W	128	13764
1864701	4932.YOR341W	128	23109
1864317	4932.YOL151W	127	4883
1862986	4932.YLR270W	126	6796
1860652	4932.YFR010W	126	7036
1860427	4932.YER079W	126	1861
1865046	4932.YPL273W	126	5273
1859060	4932.YBR177C	126	5774
1858793	4932.YBL050W	125	4601
1864979	4932.YPL211W	125	2360
1860700	4932.YFR051C	125	3324
1859450	4932.YDL064W	125	1199
1861944	4932.YJL076W	125	14114
1858746	4932.YBL007C	125	9146
1860018	4932.YDR343C	125	16142
1858920	4932.YBR052C	125	2974
1859755	4932.YDR101C	125	7949
1864525	4932.YOR176W	124	4456
1861885	4932.YJL020C	124	9559
1859215	4932.YCL018W	124	4462
1860885	4932.YGL172W	124	4540
1862119	4932.YJR014W	124	2596
1864593	4932.YOR239W	124	4807
1860017	4932.YDR342C	124	16090
1859391	4932.YDL007W	123	5808
1862122	4932.YJR017C	123	1658
1862896	4932.YLR186W	123	3839
1861424	4932.YHR052W	123	4650
1865057	4932.YPR001W	123	6885
1859471	4932.YDL085C-A	122	130
1863118	4932.YLR390W-A	122	3278
1862048	4932.YJL173C	122	2057
1862481	4932.YKL195W	122	4301
1860766	4932.YGL055W	122	5791
1860297	4932.YEL051W	122	2570
1858702	4932.YAR002C-A	122	2872
1863404	4932.YMR045C	122	588239
1860137	4932.YDR453C	121	4578
1863389	4932.YMR031C	121	9311
1858777	4932.YBL036C	121	3636
1863699	4932.YMR311C	121	2541
1860386	4932.YER048W-A	121	925
1860414	4932.YER070W	120	13034
1862302	4932.YKL029C	120	8809
1864092	4932.YNR017W	120	2604
1859811	4932.YDR156W	120	921
1865061	4932.YPR004C	120	5121
1859814	4932.YDR159W	120	13531
1864402	4932.YOR061W	119	4247
1859608	4932.YDL213C	119	1961
1861211	4932.YGR211W	119	5990
1863064	4932.YLR342W	119	31954
1864232	4932.YOL072W	119	4872
1864610	4932.YOR257W	118	2712
1863309	4932.YML094W	118	2157
1859173	4932.YBR279W	118	4584
1858975	4932.YBR101C	118	4211
1865213	4932.YPR148C	118	4558
1859823	4932.YDR168W	118	6140
1863977	4932.YNL248C	118	4703
1859485	4932.YDL097C	117	6390
1861121	4932.YGR130C	117	6873
1861922	4932.YJL055W	117	3044
1865231	4932.YPR160W	117	12424
1864236	4932.YOL077C	117	4020
1860755	4932.YGL043W	116	3435
1861363	4932.YHR001W-A	116	934
1859487	4932.YDL099W	116	2096
1864432	4932.YOR089C	115	3841
1863258	4932.YML048W	115	5372
1863409	4932.YMR049C	115	8456
1861992	4932.YJL122W	115	1150
1860750	4932.YGL040C	115	3895
1865120	4932.YPR060C	115	2881
1863673	4932.YMR290C	115	7224
1861619	4932.YHR215W	115	9071
1858680	4932.YAL054C	115	9164
1859538	4932.YDL147W	115	4917
1859439	4932.YDL053C	114	2150
1860077	4932.YDR394W	114	6434
1862884	4932.YLR174W	114	12787
1863339	4932.YML120C	114	5789
1861315	4932.YHL011C	113	4721
1863417	4932.YMR056C	113	8559
1858922	4932.YBR054W	113	3842
1861712	4932.YIL075C	112	11309
1861863	4932.YIR038C	112	2544
1858768	4932.YBL028C	112	434
1862165	4932.YJR060W	112	3604
1862559	4932.YKR049C	112	1486
1863020	4932.YLR300W	111	5821
1858773	4932.YBL032W	111	2804
1860922	4932.YGL207W	111	11566
1862383	4932.YKL103C	111	5924
1858743	4932.YBL005W-B	111	503726
1860377	4932.YER042W	111	2401
1864709	4932.YOR347C	110	15623
1859505	4932.YDL116W	110	8159
1864550	4932.YOR197W	110	3105
1863885	4932.YNL157W	110	1378
1865194	4932.YPR133C	110	5213
1863089	4932.YLR363W-A	110	199
1863152	4932.YLR420W	110	4400
1863343	4932.YML124C	110	8516
1861993	4932.YJL123C	110	6644
1863161	4932.YLR429W	110	8128
1858703	4932.YAR002W	109	7098
1861492	4932.YHR108W	109	5021
1858987	4932.YBR111C	109	2248
1862047	4932.YJL172W	109	5778
1862252	4932.YJR144W	109	3435
1860870	4932.YGL157W	108	5159
1859995	4932.YDR321W	108	5302
1860274	4932.YEL031W	108	13376
1860886	4932.YGL173C	108	15352
1865004	4932.YPL235W	108	7312
1863513	4932.YMR145C	108	6006
1863547	4932.YMR174C	108	310
1862027	4932.YJL153C	108	5256
1861697	4932.YIL063C	108	3175
1864200	4932.YOL041C	107	4768
1861928	4932.YJL061W	107	7961
1863316	4932.YML100W	107	11246
1861177	4932.YGR178C	107	7142
1858634	4932.YAL016W	106	5942
1858687	4932.YAL060W	106	4560
1861758	4932.YIL118W	106	3470
1862916	4932.YLR206W	106	4397
1861491	4932.YHR107C	106	5276
1858957	4932.YBR084W	106	11917
1861229	4932.YGR229C	106	2955
1860483	4932.YER126C	106	2349
1861330	4932.YHL024W	105	5532
1861748	4932.YIL109C	105	9991
1859903	4932.YDR238C	105	11371
1860809	4932.YGL097W	104	4024
1860521	4932.YER156C	104	4726
1861481	4932.YHR097C	104	3076
1863300	4932.YML086C	104	6791
1860021	4932.YDR346C	104	4816
1862307	4932.YKL033W-A	103	2883
1862906	4932.YLR196W	103	6744
1862495	4932.YKL211C	103	4727
1861666	4932.YIL034C	103	2959
1859476	4932.YDL088C	103	3961
1860308	4932.YEL060C	102	5654
1863471	4932.YMR107W	102	1447
1861652	4932.YIL022W	102	4035
1864438	4932.YOR095C	102	3783
1860437	4932.YER087C-B	102	1006
1865179	4932.YPR118W	102	4257
1864467	4932.YOR123C	101	4104
1860799	4932.YGL087C	101	1574
1861327	4932.YHL021C	101	5151
1863897	4932.YNL168C	101	2294
1864160	4932.YOL005C	101	1248
1862882	4932.YLR172C	101	3188
1863627	4932.YMR246W	101	7396
1862552	4932.YKR042W	101	1373
1858997	4932.YBR120C	101	749
1860360	4932.YER027C	100	2185
1864607	4932.YOR254C	100	6991
1859177	4932.YBR283C	100.0	4225
1858707	4932.YAR009C	99.7	289884
1859630	4932.YDL235C	99.6	1729
1863877	4932.YNL149C	99.5	1424
1860680	4932.YFR033C	99.5	1762
1859271	4932.YCR002C	99.4	3596
1863292	4932.YML079W	99.4	2257
1863540	4932.YMR169C	99.4	9936
1860168	4932.YDR483W	99.3	5414
1863968	4932.YNL239W	99.2	5962
1862697	4932.YLR008C	99.2	910
1862022	4932.YJL148W	99.2	2262
1859432	4932.YDL046W	98.8	1880
1859725	4932.YDR074W	98.8	9063
1863867	4932.YNL141W	98.7	4615
1862592	4932.YKR081C	98.6	2574
1864604	4932.YOR251C	98.4	4070
1864472	4932.YOR128C	98.3	6768
1859255	4932.YCL057C-A	98.2	1738
1863988	4932.YNL259C	97.9	717
1863046	4932.YLR324W	97.9	6743
1861934	4932.YJL066C	97.8	2926
1859217	4932.YCL020W	97.7	65862
1860406	4932.YER065C	97.3	5554
1864179	4932.YOL021C	97.2	10967
1861936	4932.YJL068C	97.2	3125
1863217	4932.YML010W	97.1	8767
1858677	4932.YAL049C	97.1	2516
1859438	4932.YDL052C	96.9	2597
1863805	4932.YNL084C	96.9	4074
1862033	4932.YJL158C	96.8	3005
1859150	4932.YBR256C	96.4	2680
1863344	4932.YML125C	96.2	3184
1861231	4932.YGR231C	96.2	3090
1865247	4932.YPR172W	96.1	1601
1859599	4932.YDL204W	95.8	3371
1862076	4932.YJL200C	95.5	6365
1858989	4932.YBR112C	95.0	6371
1858734	4932.YAR071W	94.9	9666
1859852	4932.YDR192C	94.9	3255
1862271	4932.YKL001C	94.7	2235
1859714	4932.YDR063W	94.5	1028
1864434	4932.YOR091W	94.3	2068
1864497	4932.YOR151C	94.3	9980
1860205	4932.YDR519W	94.0	2154
1862284	4932.YKL013C	93.9	2147
1864700	4932.YOR340C	93.9	2614
1864911	4932.YPL146C	93.8	1898
1860699	4932.YFR050C	93.7	2352
1859042	4932.YBR160W	93.5	3694
1862189	4932.YJR085C	93.5	1065
1862327	4932.YKL053C-A	93.5	1063
1863564	4932.YMR189W	93.4	9478
1864893	4932.YPL129W	93.4	2822
1862093	4932.YJL217W	93.3	2381
1862791	4932.YLR100W	93.1	3744
1863262	4932.YML052W	93.0	1632
1859565	4932.YDL171C	92.8	22308
1864224	4932.YOL064C	92.6	3558
1863497	4932.YMR131C	92.5	4737
1859491	4932.YDL103C	92.5	6217
1860332	4932.YER004W	92.5	2322
1859805	4932.YDR150W	92.5	28116
1864237	4932.YOL077W-A	92.3	473
1861764	4932.YIL124W	92.3	2813
1863208	4932.YML004C	92.2	2941
1859899	4932.YDR234W	92.0	6567
1863140	4932.YLR410W-A	91.8	66285
1859930	4932.YDR261W-A	91.7	66371
1864096	4932.YNR021W	91.7	4834
1864292	4932.YOL126C	91.6	2664
1865003	4932.YPL234C	91.5	557
1858802	4932.YBL059C-A	91.4	682
1864573	4932.YOR220W	91.4	2837
1860936	4932.YGL221C	91.4	3336
1863960	4932.YNL231C	91.3	3377
1860981	4932.YGR001C	91.2	2285
1861277	4932.YGR275W	91.2	1209
1864221	4932.YOL061W	91.1	5069
1861524	4932.YHR137W	91.1	4279
1863052	4932.YLR330W	90.9	4907
1864625	4932.YOR272W	90.9	4160
1859562	4932.YDL168W	90.4	3490
1859739	4932.YDR087C	90.3	1887
1861174	4932.YGR175C	90.2	4886
1860925	4932.YGL210W	90.1	6184
1859480	4932.YDL092W	90.1	1273
1862942	4932.YLR229C	90.0	1674
1859474	4932.YDL086W	90.0	3406
1861438	4932.YHR063C	89.7	4648
1859356	4932.YCR084C	89.4	6510
1861171	4932.YGR173W	89.2	3124
1861194	4932.YGR195W	89.1	1034
1863432	4932.YMR071C	89.1	932
1860999	4932.YGR019W	89.1	4645
1865188	4932.YPR127W	89.0	3230
1859683	4932.YDR034C-C	89.0	64716
1864130	4932.YNR053C	89.0	4583
1858644	4932.YAL025C	88.9	2025
1863220	4932.YML012W	88.8	1992
1862168	4932.YJR063W	88.8	1127
1863049	4932.YLR327C	88.7	736
1861029	4932.YGR043C	88.6	3094
1863882	4932.YNL154C	88.6	5224
1862466	4932.YKL181W	88.5	4067
1860287	4932.YEL042W	88.4	4017
1863313	4932.YML098W	88.4	520
1864543	4932.YOR192C-A	88.3	62814
1861797	4932.YIL155C	88.0	7308
1860568	4932.YFL002W-B	87.9	62343
1861156	4932.YGR161W-A	87.9	62343
1865033	4932.YPL260W	87.9	4906
1859163	4932.YBR269C	87.9	1077
1863453	4932.YMR090W	87.9	1907
1860202	4932.YDR516C	87.8	6067
1861537	4932.YHR148W	87.4	1307
1860239	4932.YEL003W	87.3	671
1863285	4932.YML072C	87.3	13160
1864499	4932.YOR153W	87.1	16361
1863929	4932.YNL200C	87.0	2476
1860330	4932.YER002W	87.0	1408
1863282	4932.YML069W	86.8	4980
1864185	4932.YOL027C	86.8	4122
1864441	4932.YOR098C	86.7	7098
1864559	4932.YOR206W	86.6	5924
1859359	4932.YCR087C-A	86.4	1336
1858849	4932.YBL100W-A	86.3	59052
1864123	4932.YNR046W	86.2	1531
1858838	4932.YBL091C	86.1	3958
1864825	4932.YPL063W	86.1	5001
1864040	4932.YNL308C	86.1	4369
1859744	4932.YDR092W	86.0	968
1859259	4932.YCL059C	85.8	2627
1862479	4932.YKL193C	85.8	3008
1864299	4932.YOL133W	85.8	949
1862139	4932.YJR034W	85.7	842
1864935	4932.YPL169C	85.6	4688
1860832	4932.YGL120C	85.5	6638
1860654	4932.YFR011C	85.3	1745
1863902	4932.YNL173C	84.9	3005
1862990	4932.YLR274W	84.9	6625
1861249	4932.YGR248W	84.9	1338
1863099	4932.YLR372W	84.9	3138
1863419	4932.YMR058W	84.7	3311
1861396	4932.YHR029C	84.0	2513
1861067	4932.YGR080W	84.0	2627
1859425	4932.YDL040C	83.9	7479
1862628	4932.YLL009C	83.9	532
1862177	4932.YJR072C	83.8	2731
1863398	4932.YMR039C	83.8	2156
1859874	4932.YDR210W-A	83.4	62851
1861754	4932.YIL115C	83.3	15816
1862746	4932.YLR056W	83.2	2810
1859568	4932.YDL174C	83.2	5458
1859047	4932.YBR164C	83.1	1771
1860092	4932.YDR408C	83.0	1624
1863270	4932.YML058W	82.9	756
1862976	4932.YLR262C	82.9	3476
1861560	4932.YHR170W	82.6	3625
1860672	4932.YFR028C	82.6	5479
1860767	4932.YGL056C	82.5	2757
1861082	4932.YGR095C	82.4	2042
1864980	4932.YPL212C	82.2	4311
1859807	4932.YDR152W	82.0	1281
1863455	4932.YMR092C	81.9	5937
1862779	4932.YLR089C	81.9	4231
1864606	4932.YOR253W	81.8	1681
1859328	4932.YCR051W	81.8	2133
1860023	4932.YDR348C	81.8	3697
1860910	4932.YGL195W	81.7	27289
1864392	4932.YOR051C	81.5	3610
1859631	4932.YDL236W	81.3	3287
1862972	4932.YLR258W	81.3	5730
1858884	4932.YBR016W	81.3	696
1860237	4932.YEL001C	81.1	521
1862472	4932.YKL186C	81.1	1546
1858994	4932.YBR117C	81.0	4578
1864704	4932.YOR343W-A	80.6	59466
1863150	4932.YLR418C	80.6	2601
1861750	4932.YIL111W	80.6	1837
1864685	4932.YOR327C	80.5	1008
1864757	4932.YOR393W	80.4	10795
1865052	4932.YPL281C	80.4	10795
1859509	4932.YDL120W	80.4	907
1860111	4932.YDR427W	80.3	3463
1861075	4932.YGR088W	80.3	4942
1861127	4932.YGR136W	80.2	1204
1863541	4932.YMR170C	80.0	8678
1861182	4932.YGR183C	80.0	448
1860238	4932.YEL002C	79.9	4545
1859256	4932.YCL057W	79.8	7377
1860482	4932.YER125W	79.8	5388
1861756	4932.YIL116W	79.8	3136
1858826	4932.YBL079W	79.7	15634
1864620	4932.YOR267C	79.5	4341
1860037	4932.YDR361C	79.2	2178
1859695	4932.YDR044W	79.2	2533
1863623	4932.YMR243C	79.1	2036
1863832	4932.YNL108C	78.8	1345
1862764	4932.YLR074C	78.8	1296
1859127	4932.YBR234C	78.7	3291
1860915	4932.YGL200C	78.6	2148
1864624	4932.YOR271C	78.4	2368
1859041	4932.YBR159W	78.2	3119
1864771	4932.YPL010W	78.2	1662
1860570	4932.YFL004W	78.1	9518
1858917	4932.YBR049C	78.0	4081
1862581	4932.YKR071C	78.0	3078
1860935	4932.YGL220W	77.9	557
1862374	4932.YKL096W	77.8	2535
1863431	4932.YMR070W	77.5	1005
1859458	4932.YDL072C	77.5	1997
1862401	4932.YKL120W	77.5	2926
1863961	4932.YNL232W	77.4	1874
1865190	4932.YPR129W	77.3	2369
1863914	4932.YNL185C	76.8	1055
1861676	4932.YIL044C	76.8	1674
1863323	4932.YML105C	76.7	1561
1862340	4932.YKL065C	76.4	1644
1863972	4932.YNL243W	76.3	6780
1862393	4932.YKL112W	76.1	4337
1864442	4932.YOR099W	76.1	3334
1860251	4932.YEL013W	76.0	4305
1860353	4932.YER021W	75.8	4713
1860269	4932.YEL027W	75.8	713
1859555	4932.YDL161W	75.5	2808
1863459	4932.YMR096W	75.4	2561
1860834	4932.YGL122C	75.4	2342
1859618	4932.YDL223C	75.3	8285
1862062	4932.YJL187C	75.1	6161
1858659	4932.YAL036C	75.1	3382
1862725	4932.YLR035C-A	75.0	254292
1861406	4932.YHR037W	74.8	4320
1859572	4932.YDL178W	74.6	4780
1859531	4932.YDL140C	74.6	13189
1862607	4932.YKR095W-A	74.6	563
1863791	4932.YNL070W	74.5	824
1862488	4932.YKL204W	74.5	3091
1860428	4932.YER080W	74.1	5011
1861417	4932.YHR047C	73.9	9367
1861505	4932.YHR121W	73.9	1573
1860972	4932.YGL256W	73.9	2315
1860387	4932.YER049W	73.8	4834
1862804	4932.YLR113W	73.8	3525
1864044	4932.YNL312W	73.7	2619
1860305	4932.YEL058W	73.6	4754
1862545	4932.YKR035W-A	73.3	1368
1859309	4932.YCR035C	73.3	2464
1858794	4932.YBL051C	73.3	2400
1860739	4932.YGL029W	73.3	136
1860760	4932.YGL049C	73.2	7351
1862593	4932.YKR082W	73.1	10785
1860668	4932.YFR024C-A	72.8	3941
1861518	4932.YHR132W-A	72.7	842
1863328	4932.YML110C	72.7	1997
1859567	4932.YDL173W	72.5	1971
1863105	4932.YLR378C	72.4	3029
1862403	4932.YKL122C	72.4	959
1859103	4932.YBR214W	72.3	3432
1863857	4932.YNL132W	72.2	8882
1860586	4932.YFL017C	72.2	2008
1862041	4932.YJL166W	72.1	1016
1864491	4932.YOR145C	72.1	1564
1860525	4932.YER159C	71.9	760
1865207	4932.YPR143W	71.9	1287
1860650	4932.YFR009W	71.7	5522
1865096	4932.YPR036W-A	71.5	257
1864936	4932.YPL170W	71.2	1336
1860585	4932.YFL016C	71.0	2968
1860052	4932.YDR372C	71.0	3042
1858763	4932.YBL023C	70.8	7094
1863714	4932.YMR323W	70.7	10423
1862769	4932.YLR079W	70.6	1743
1863251	4932.YML042W	70.6	4784
1860960	4932.YGL244W	70.6	2347
1862575	4932.YKR065C	70.2	859
1865123	4932.YPR063C	70.0	1133
1863835	4932.YNL111C	70.0	727
1863059	4932.YLR337C	69.8	2799
1864658	4932.YOR303W	69.7	3063
1858952	4932.YBR080C	69.7	5766
1861526	4932.YHR139C	69.6	1047
1862278	4932.YKL007W	69.6	2418
1859544	4932.YDL153C	69.6	3882
1861927	4932.YJL060W	69.6	3559
1863630	4932.YMR250W	69.5	4051
1863075	4932.YLR351C	69.5	2533
1861464	4932.YHR081W	69.5	878
1860080	4932.YDR397C	69.4	1065
1862014	4932.YJL140W	69.0	1403
1865012	4932.YPL243W	69.0	3891
1860696	4932.YFR047C	68.9	1606
1859140	4932.YBR247C	68.8	3653
1864003	4932.YNL274C	68.8	2657
1861958	4932.YJL088W	68.7	3315
1860442	4932.YER089C	68.7	4092
1861974	4932.YJL104W	68.5	838
1858705	4932.YAR007C	68.4	4760
1862200	4932.YJR095W	68.3	1465
1861860	4932.YIR036C	68.3	2444
1859410	4932.YDL025C	68.1	4549
1862034	4932.YJL159W	68.1	5671
1861185	4932.YGR186W	68.1	3072
1860430	4932.YER082C	68.0	2627
1859525	4932.YDL134C	68.0	4609
1860515	4932.YER151C	67.9	4783
1862105	4932.YJR002W	67.8	3584
1862698	4932.YLR009W	67.8	900
1863384	4932.YMR027W	67.7	3723
1859970	4932.YDR300C	67.6	4464
1864900	4932.YPL135W	67.6	1176
1861767	4932.YIL127C	67.1	1034
1864605	4932.YOR252W	67.0	825
1865163	4932.YPR103W	67.0	2558
1865078	4932.YPR019W	66.7	6227
1862476	4932.YKL190W	66.7	1323
1859897	4932.YDR232W	66.4	2941
1861232	4932.YGR232W	66.4	2340
1862046	4932.YJL171C	66.4	2471
1865001	4932.YPL232W	66.3	2575
1860379	4932.YER044C	66.3	1473
1858968	4932.YBR093C	66.3	4762
1864359	4932.YOR020W-A	66.2	536
1859942	4932.YDR272W	66.1	2277
1862809	4932.YLR118C	65.9	1474
1861218	4932.YGR218W	65.9	8121
1860042	4932.YDR365C	65.9	3450
1865133	4932.YPR073C	65.8	837
1859583	4932.YDL188C	65.8	4861
1858686	4932.YAL059W	65.8	954
1862527	4932.YKR018C	65.7	4167
1862525	4932.YKR016W	65.4	4602
1860827	4932.YGL115W	65.4	2743
1864444	4932.YOR101W	65.3	2364
1863548	4932.YMR175W	65.3	337
1860686	4932.YFR037C	65.2	4205
1859776	4932.YDR120C	65.1	3763
1861458	4932.YHR076W	65.1	2072
1864128	4932.YNR051C	64.7	3023
1864811	4932.YPL049C	64.7	3617
1864313	4932.YOL147C	64.6	1685
1864180	4932.YOL022C	64.4	2198
1859293	4932.YCR021C	64.3	1763
1862054	4932.YJL179W	63.9	716
1861408	4932.YHR039C	63.9	4559
1864773	4932.YPL012W	63.9	7654
1862025	4932.YJL151C	63.8	400
1863294	4932.YML081C-A	63.8	310
1859510	4932.YDL121C	63.7	804
1860811	4932.YGL099W	63.6	3451
1858914	4932.YBR046C	63.6	2572
1862147	4932.YJR042W	63.5	6093
1859560	4932.YDL166C	63.5	1383
1859854	4932.YDR194C	63.4	3389
1862378	4932.YKL099C	63.2	945
1864805	4932.YPL043W	63.2	3308
1863834	4932.YNL110C	63.1	1316
1858650	4932.YAL030W	63.0	740
1859620	4932.YDL225W	63.0	3358
1862606	4932.YKR095W	62.8	10775
1860511	4932.YER148W	62.6	1046
1861377	4932.YHR013C	62.6	1785
1859304	4932.YCR030C	62.6	4581
1859820	4932.YDR165W	62.5	3503
1865039	4932.YPL266W	62.5	2091
1863086	4932.YLR361C-A	62.4	514
1860944	4932.YGL228W	62.4	3156
1862961	4932.YLR248W	62.3	2555
1863456	4932.YMR093W	62.3	2943
1863681	4932.YMR296C	62.1	3708
1861208	4932.YGR208W	62.1	2246
1860492	4932.YER134C	62.0	1135
1860412	4932.YER068W	62.0	2167
1860203	4932.YDR517W	61.9	1297
1861011	4932.YGR029W	61.8	1134
1862758	4932.YLR068W	61.8	198
1864380	4932.YOR039W	61.8	1385
1864512	4932.YOR163W	61.7	1032
1862332	4932.YKL057C	61.6	8019
1860971	4932.YGL255W	61.5	1449
1861657	4932.YIL027C	61.4	924
1864971	4932.YPL203W	61.4	2690
1862706	4932.YLR017W	61.2	2039
1863050	4932.YLR328W	61.1	2908
1862407	4932.YKL126W	61.1	5254
1863912	4932.YNL183C	61.1	4880
1860745	4932.YGL035C	60.9	1666
1860621	4932.YFL048C	60.9	3169
1862208	4932.YJR103W	60.9	4869
1859969	4932.YDR299W	60.9	3940
1859483	4932.YDL095W	60.8	6028
1860058	4932.YDR377W	60.8	793
1861397	4932.YHR030C	60.7	3239
1858883	4932.YBR015C	60.7	4225
1860916	4932.YGL201C	60.6	6313
1864022	4932.YNL290W	60.5	2566
1861362	4932.YHR001W	60.2	2957
1862905	4932.YLR195C	60.2	3022
1861670	4932.YIL038C	60.2	3631
1859112	4932.YBR222C	60.2	3878
1860765	4932.YGL054C	60.2	658
1861268	4932.YGR267C	60.1	1933
1863696	4932.YMR308C	60.1	6402
1864208	4932.YOL049W	60.1	3175
1860947	4932.YGL231C	60.0	1455
1863552	4932.YMR178W	59.9	1936
1860166	4932.YDR481C	59.9	3522
1862992	4932.YLR276C	59.9	3587
1859711	4932.YDR060W	59.9	6574
1862498	4932.YKL214C	59.8	1093
1859596	4932.YDL201W	59.8	1763
1862619	4932.YLL001W	59.6	4873
1859541	4932.YDL150W	59.6	1655
1858925	4932.YBR056W	59.5	3053
1858967	4932.YBR092C	59.3	4450
1860644	4932.YFR003C	59.2	861
1863011	4932.YLR292C	59.2	960
1864513	4932.YOR164C	59.1	2638
1860431	4932.YER083C	59.0	1595
1861150	4932.YGR158C	59.0	1393
1862019	4932.YJL145W	58.8	1881
1863107	4932.YLR380W	58.8	2590
1860439	4932.YER088C	58.5	2531
1860276	4932.YEL032W	58.4	6540
1863796	4932.YNL075W	58.3	1541
1860647	4932.YFR006W	58.2	3341
1859252	4932.YCL054W	58.1	3613
1861985	4932.YJL115W	58.1	1173
1861065	4932.YGR078C	58.1	1327
1863139	4932.YLR410W	57.9	6586
1862434	4932.YKL151C	57.9	1763
1861905	4932.YJL039C	57.9	11519
1864522	4932.YOR173W	57.8	3248
1858642	4932.YAL023C	57.8	6085
1864107	4932.YNR032C-A	57.8	675
1863586	4932.YMR208W	57.8	2868
1864430	4932.YOR086C	57.7	7124
1859963	4932.YDR293C	57.6	7694
1860283	4932.YEL038W	57.6	1640
1863517	4932.YMR149W	57.5	1639
1859675	4932.YDR028C	57.5	4369
1862515	4932.YKR006C	57.4	1460
1861119	4932.YGR128C	57.3	4296
1864972	4932.YPL204W	57.3	3022
1861068	4932.YGR081C	57.1	866
1862115	4932.YJR010W	57.1	3011
1865174	4932.YPR113W	57.0	1433
1861015	4932.YGR032W	56.9	22372
1861517	4932.YHR132C	56.9	2970
1864217	4932.YOL057W	56.9	4342
1860599	4932.YFL028C	56.8	1545
1858902	4932.YBR034C	56.8	2159
1859285	4932.YCR016W	56.5	1563
1861026	4932.YGR040W	56.3	2504
1860461	4932.YER105C	56.2	9763
1861859	4932.YIR035C	56.1	1693
1863214	4932.YML009C	55.9	157
1862333	4932.YKL058W	55.8	691
1859808	4932.YDR153C	55.7	1472
1859037	4932.YBR155W	55.7	1389
1861472	4932.YHR088W	55.6	1691
1861910	4932.YJL045W	55.6	6499
1862711	4932.YLR022C	55.6	1301
1859706	4932.YDR055W	55.6	2393
1863402	4932.YMR043W	55.4	479
1862244	4932.YJR137C	55.4	8541
1864422	4932.YOR078W	55.3	831
1863936	4932.YNL207W	55.2	2253
1858668	4932.YAL042W	55.2	2517
1862572	4932.YKR062W	55.1	1576
1865201	4932.YPR137W	54.8	2277
1861441	4932.YHR065C	54.8	2804
1862991	4932.YLR275W	54.7	583
1861456	4932.YHR074W	54.7	4584
1861525	4932.YHR138C	54.6	805
1861445	4932.YHR069C	54.3	2285
1861105	4932.YGR116W	54.3	8381
1860728	4932.YGL018C	54.2	756
1862783	4932.YLR093C	54.2	1031
1863911	4932.YNL182C	54.1	3516
1862059	4932.YJL184W	54.0	863
1864937	4932.YPL171C	54.0	4005
1862181	4932.YJR076C	53.9	2704
1864539	4932.YOR189W	53.8	492
1863764	4932.YNL045W	53.7	3790
1864659	4932.YOR304C-A	53.6	309
1860753	4932.YGL041W-A	53.6	546
1859033	4932.YBR151W	53.6	1845
1865149	4932.YPR088C	53.5	3465
1865257	4932.YPR182W	53.5	354
1860181	4932.YDR496C	53.4	3177
1862627	4932.YLL008W	53.4	3806
1859346	4932.YCR073W-A	53.4	2028
1859539	4932.YDL148C	53.4	2266
1863348	4932.YML129C	53.2	471
1861547	4932.YHR158C	53.0	6758
1861869	4932.YJL002C	52.8	2561
1859044	4932.YBR162C	52.7	1823
1858812	4932.YBL068W	52.6	2781
1858825	4932.YBL078C	52.5	542
1859224	4932.YCL026C-B	52.5	678
1863495	4932.YMR129W	52.4	8826
1863104	4932.YLR377C	52.4	1791
1860724	4932.YGL014W	52.4	2016
1860022	4932.YDR347W	52.4	1893
1861651	4932.YIL021W	52.3	1982
1863307	4932.YML093W	52.1	3758
1859262	4932.YCL064C	52.1	2025
1864188	4932.YOL030W	52.0	2708
1861497	4932.YHR113W	51.9	2883
1864311	4932.YOL145C	51.9	5573
1859705	4932.YDR054C	51.8	924
1863669	4932.YMR286W	51.7	392
1861442	4932.YHR066W	51.7	3164
1862164	4932.YJR059W	51.6	4146
1859414	4932.YDL028C	51.6	4268
1862239	4932.YJR133W	51.5	1294
1861390	4932.YHR024C	51.4	2108
1864719	4932.YOR357C	51.3	652
1863225	4932.YML017W	51.3	2777
1861818	4932.YIR001C	51.2	780
1862359	4932.YKL082C	51.1	1105
1863321	4932.YML103C	51.1	9159
1863642	4932.YMR261C	51.0	6782
1865151	4932.YPR091C	50.9	3561
1861210	4932.YGR210C	50.9	1758
1858640	4932.YAL021C	50.9	3459
1861061	4932.YGR074W	50.7	572
1864967	4932.YPL199C	50.6	981
1864042	4932.YNL310C	50.6	806
1862944	4932.YLR231C	50.6	2251
1861637	4932.YIL010W	50.5	1056
1861829	4932.YIR012W	50.5	1687
1865063	4932.YPR006C	50.4	3079
1864792	4932.YPL031C	50.3	2407
1860388	4932.YER050C	50.2	312
1863126	4932.YLR399C	50.2	2056
1861987	4932.YJL117W	50.0	2126
1862173	4932.YJR068W	49.9	2401
1863754	4932.YNL036W	49.9	1230
1860729	4932.YGL019W	49.9	1638
1864684	4932.YOR326W	49.9	11064
1861820	4932.YIR003W	49.8	3601
1862707	4932.YLR018C	49.8	1605
1861286	4932.YGR284C	49.8	2095
1860155	4932.YDR469W	49.7	772
1863598	4932.YMR220W	49.6	2760
1860197	4932.YDR511W	49.5	765
1864793	4932.YPL032C	49.5	3257
1863895	4932.YNL166C	49.4	2205
1859155	4932.YBR261C	49.2	1072
1860730	4932.YGL020C	49.0	1141
1864847	4932.YPL085W	48.9	8452
1864890	4932.YPL126W	48.9	5082
1858762	4932.YBL022C	48.7	5214
1864882	4932.YPL119C	48.7	11618
1864131	4932.YNR054C	48.7	1307
1859214	4932.YCL017C	48.6	2679
1861482	4932.YHR098C	48.5	4245
1864718	4932.YOR356W	48.5	3032
1865132	4932.YPR072W	48.5	2388
1861236	4932.YGR236C	48.2	598
1859876	4932.YDR211W	48.2	4108
1864446	4932.YOR103C	48.2	886
1864636	4932.YOR283W	48.2	1280
1859451	4932.YDL065C	48.2	2215
1858799	4932.YBL056W	48.1	2381
1860178	4932.YDR493W	48.0	439
1861063	4932.YGR076C	48.0	402
1862201	4932.YJR096W	47.9	1695
1861380	4932.YHR016C	47.9	2367
1864958	4932.YPL190C	47.8	2623
1860658	4932.YFR014C	47.8	2338
1861205	4932.YGR205W	47.8	1391
1862932	4932.YLR222C	47.5	4479
1862984	4932.YLR268W	47.5	1100
1862963	4932.YLR250W	47.5	1175
1860823	4932.YGL111W	47.5	2300
1862535	4932.YKR026C	47.4	1894
1862338	4932.YKL063C	47.3	386
1865185	4932.YPR124W	47.3	1949
1863652	4932.YMR271C	47.3	2878
1859959	4932.YDR289C	47.2	1641
1860948	4932.YGL232W	47.2	1406
1859210	4932.YCL011C	47.0	2343
1863224	4932.YML016C	47.0	4303
1863980	4932.YNL251C	47.0	2252
1859735	4932.YDR083W	47.0	1539
1862759	4932.YLR069C	46.9	2688
1864047	4932.YNL315C	46.8	1377
1863467	4932.YMR104C	46.8	4304
1863349	4932.YML130C	46.7	3243
1860193	4932.YDR508C	46.7	2658
1862178	4932.YJR073C	46.7	1434
1861478	4932.YHR094C	46.7	5921
1864211	4932.YOL052C	46.5	2238
1863945	4932.YNL216W	46.5	3561
1862872	4932.YLR163C	46.5	1792
1862451	4932.YKL166C	46.5	3138
1861916	4932.YJL050W	46.3	5691
1861077	4932.YGR090W	46.2	6730
1864978	4932.YPL210C	46.2	2982
1864231	4932.YOL071W	46.0	763
1862640	4932.YLL021W	46.0	5853
1862630	4932.YLL011W	45.9	2077
1864024	4932.YNL292W	45.8	1688
1862741	4932.YLR051C	45.8	754
1859231	4932.YCL033C	45.7	727
1859950	4932.YDR280W	45.6	1518
1860985	4932.YGR005C	45.6	1199
1863269	4932.YML057W	45.6	3001
1863691	4932.YMR305C	45.5	1303
1864596	4932.YOR243C	45.5	3305
1860243	4932.YEL007W	45.4	978
1860253	4932.YEL015W	45.4	1639
1861699	4932.YIL065C	45.4	864
1861778	4932.YIL137C	45.4	4200
1864110	4932.YNR034W	45.4	1655
1859713	4932.YDR062W	45.3	2337
1863318	4932.YML101C	45.3	475
1862692	4932.YLR003C	45.2	1330
1864774	4932.YPL013C	45.2	528
1864251	4932.YOL088C	45.2	1097
1863473	4932.YMR109W	45.1	7176
1861201	4932.YGR202C	45.1	1337
1864336	4932.YOR001W	45.1	3334
1863002	4932.YLR285W	44.9	848
1859964	4932.YDR294C	44.9	2932
1859499	4932.YDL111C	44.9	1075
1860601	4932.YFL030W	44.8	2140
1863593	4932.YMR215W	44.8	2996
1862756	4932.YLR066W	44.8	775
1861273	4932.YGR271C-A	44.8	1007
1861519	4932.YHR133C	44.7	805
1862190	4932.YJR086W	44.7	493
1863449	4932.YMR086W	44.7	3477
1859511	4932.YDL122W	44.6	3438
1862058	4932.YJL183W	44.6	1881
1862223	4932.YJR117W	44.5	2712
1859777	4932.YDR121W	44.5	956
1859433	4932.YDL047W	44.5	1695
1861186	4932.YGR187C	44.5	2421
1859350	4932.YCR077C	44.2	2442
1860904	4932.YGL190C	44.2	2103
1864343	4932.YOR008C	44.1	766
1858921	4932.YBR053C	44.1	2226
1861691	4932.YIL057C	44.0	665
1860078	4932.YDR395W	43.9	4688
1859610	4932.YDL215C	43.8	5221
1862192	4932.YJR088C	43.8	1506
1861821	4932.YIR004W	43.7	2185
1859176	4932.YBR282W	43.7	460
1859719	4932.YDR068W	43.6	1272
1859982	4932.YDR312W	43.6	2748
1860884	4932.YGL171W	43.6	2095
1863030	4932.YLR309C	43.5	2814
1863909	4932.YNL180C	43.4	1407
1861644	4932.YIL016W	43.3	594
1861521	4932.YHR135C	42.9	3461
1861667	4932.YIL035C	42.9	1967
1864520	4932.YOR171C	42.8	2551
1864190	4932.YOL032W	42.7	632
1860416	4932.YER072W	42.6	945
1859922	4932.YDR256C	42.6	1763
1862919	4932.YLR209C	42.6	1724
1861597	4932.YHR201C	42.6	1730
1864161	4932.YOL006C	42.5	2279
1861407	4932.YHR038W	42.5	600
1864861	4932.YPL098C	42.5	586
1864099	4932.YNR024W	42.4	654
1862371	4932.YKL094W	42.4	1716
1864418	4932.YOR074C	42.3	1502
1861114	4932.YGR123C	42.3	2108
1864393	4932.YOR052C	42.2	579
1863364	4932.YMR009W	42.0	917
1860182	4932.YDR497C	42.0	1411
1859962	4932.YDR292C	41.9	2946
1863355	4932.YMR001C	41.9	3061
1862901	4932.YLR191W	41.9	1527
1862632	4932.YLL013C	41.8	2618
1861049	4932.YGR063C	41.8	456
1862410	4932.YKL129C	41.8	5748
1863636	4932.YMR255W	41.8	705
1863244	4932.YML035C	41.6	3274
1864114	4932.YNR037C	41.6	369
1863145	4932.YLR413W	41.5	2404
1862272	4932.YKL002W	41.5	460
1860249	4932.YEL011W	41.4	3026
1861376	4932.YHR012W	41.4	1128
1862395	4932.YKL114C	41.3	1407
1861601	4932.YHR205W	41.2	2696
1861734	4932.YIL098C	41.2	379
1859600	4932.YDL205C	41.2	1771
1859894	4932.YDR229W	41.2	1849
1862061	4932.YJL186W	41.1	2880
1861844	4932.YIR022W	41.0	755
1862409	4932.YKL128C	40.9	1501
1860455	4932.YER099C	40.9	2086
1864514	4932.YOR165W	40.8	4043
1859453	4932.YDL067C	40.8	316
1861373	4932.YHR009C	40.8	2584
1859054	4932.YBR171W	40.7	845
1863520	4932.YMR152W	40.7	1597
1861787	4932.YIL145C	40.6	1272
1863245	4932.YML036W	40.6	854
1859849	4932.YDR189W	40.5	3280
1862929	4932.YLR219W	40.5	2182
1861246	4932.YGR245C	40.5	2738
1861747	4932.YIL108W	40.4	3231
1861070	4932.YGR083C	40.4	2005
1863645	4932.YMR264W	40.4	951
1863091	4932.YLR364W	40.3	467
1863366	4932.YMR011W	40.3	3569
1859292	4932.YCR020W-B	40.3	404
1860661	4932.YFR017C	40.2	860
1859446	4932.YDL060W	40.1	2706
1860674	4932.YFR030W	40.1	5053
1860607	4932.YFL034C-B	40.0	761
1865173	4932.YPR112C	40.0	3730
1858885	4932.YBR017C	40.0	3691
1862825	4932.YLR133W	39.9	2141
1860395	4932.YER056C	39.8	902
1859005	4932.YBR126W-A	39.8	425
1859216	4932.YCL019W	39.7	171407
1863569	4932.YMR193W	39.7	673
1860544	4932.YER175C	39.7	1316
1862315	4932.YKL041W	39.6	403
1862005	4932.YJL133C-A	39.6	411
1858971	4932.YBR096W	39.6	917
1864985	4932.YPL217C	39.6	4641
1859646	4932.YDR001C	39.5	3942
1858769	4932.YBL029C-A	39.5	447
1861215	4932.YGR215W	39.4	380
1859417	4932.YDL031W	39.4	3949
1863379	4932.YMR022W	39.4	394
1863721	4932.YNL004W	39.3	1459
1862053	4932.YJL178C	39.3	1470
1863528	4932.YMR158W	39.2	700
1858992	4932.YBR115C	39.1	6032
1863806	4932.YNL085W	39.1	3316
1863592	4932.YMR214W	39.1	1592
1864856	4932.YPL094C	39.0	931
1863114	4932.YLR387C	39.0	1004
1863879	4932.YNL151C	39.0	1016
1859138	4932.YBR245C	38.9	4997
1859522	4932.YDL132W	38.9	3359
1861467	4932.YHR084W	38.9	2173
1858800	4932.YBL057C	38.8	1039
1860749	4932.YGL039W	38.8	1815
1862518	4932.YKR009C	38.7	4387
1861252	4932.YGR251W	38.7	484
1860543	4932.YER174C	38.7	2128
1862642	4932.YLL023C	38.6	1260
1858949	4932.YBR077C	38.6	487
1862112	4932.YJR008W	38.5	1709
1859663	4932.YDR016C	38.4	227
1863600	4932.YMR222C	38.3	434
1858930	4932.YBR059C	38.3	4699
1863111	4932.YLR384C	38.3	5509
1863575	4932.YMR197C	38.2	970
1863141	4932.YLR410W-B	38.1	169422
1860794	4932.YGL082W	38.1	1357
1864354	4932.YOR016C	37.9	772
1858872	4932.YBR006W	37.9	1953
1863371	4932.YMR014W	37.8	1216
1860567	4932.YFL002W-A	37.8	167952
1861157	4932.YGR161W-B	37.8	167952
1860096	4932.YDR412W	37.8	594
1861495	4932.YHR111W	37.7	1354
1863491	4932.YMR125W	37.7	3852
1860735	4932.YGL025C	37.7	820
1859363	4932.YCR090C	37.7	939
1859199	4932.YCL001W	37.6	657
1861763	4932.YIL123W	37.6	762
1858601	4932.Q0085	37.6	480
1862350	4932.YKL073W	37.5	3707
1861149	4932.YGR157W	37.5	3083
1864227	4932.YOL067C	37.5	670
1862051	4932.YJL176C	37.5	2448
1858961	4932.YBR087W	37.4	1656
1864634	4932.YOR281C	37.4	1300
1863981	4932.YNL252C	37.4	1031
1859816	4932.YDR161W	37.4	1999
1862801	4932.YLR110C	37.4	370
1860359	4932.YER026C	37.3	1235
1859698	4932.YDR047W	37.3	1221
1860030	4932.YDR354W	37.2	1711
1863350	4932.YML131W	37.2	1311
1860062	4932.YDR380W	37.2	2834
1864262	4932.YOL098C	37.2	4041
1863809	4932.YNL088W	37.1	4926
1860375	4932.YER040W	37.1	1575
1859322	4932.YCR046C	37.0	613
1864613	4932.YOR260W	37.0	2510
1864955	4932.YPL188W	36.8	1241
1861338	4932.YHL031C	36.8	1014
1861591	4932.YHR196W	36.8	2741
1864575	4932.YOR222W	36.7	1521
1863474	4932.YMR110C	36.7	1847
1861791	4932.YIL149C	36.7	6181
1862512	4932.YKR003W	36.6	1900
1859385	4932.YDL002C	36.5	556
1864159	4932.YOL004W	36.5	4588
1862584	4932.YKR074W	36.5	773
1863571	4932.YMR194C-B	36.5	310
1859770	4932.YDR116C	36.5	1065
1863266	4932.YML055W	36.4	855
1865265	4932.YPR190C	36.4	2098
1865229	4932.YPR159W	36.4	2198
1862786	4932.YLR096W	36.4	3983
1862219	4932.YJR113C	36.3	919
1861282	4932.YGR280C	36.3	769
1862455	4932.YKL170W	36.2	511
1860204	4932.YDR518W	36.2	2048
1862049	4932.YJL174W	36.2	434
1864496	4932.YOR150W	36.1	514
1860937	4932.YGL222C	36.1	502
1859308	4932.YCR034W	36.1	899
1859172	4932.YBR278W	36.1	284
1864257	4932.YOL094C	36.1	1425
1861668	4932.YIL036W	36.0	1434
1858966	4932.YBR091C	36.0	447
1862443	4932.YKL160W	36.0	638
1862299	4932.YKL026C	36.0	511
1863034	4932.YLR312W-A	36.0	907
1864420	4932.YOR076C	35.9	2385
1859875	4932.YDR210W-B	35.9	166493
1864437	4932.YOR094W	35.9	551
1861966	4932.YJL096W	35.8	449
1864544	4932.YOR192C-B	35.8	163503
1858673	4932.YAL046C	35.8	447
1859826	4932.YDR170C	35.8	8079
1860362	4932.YER029C	35.7	493
1860880	4932.YGL167C	35.7	3497
1863506	4932.YMR139W	35.7	1131
1859607	4932.YDL212W	35.7	343
1860087	4932.YDR404C	35.6	737
1859024	4932.YBR142W	35.6	3019
1864165	4932.YOL010W	35.5	1667
1861317	4932.YHL013C	35.5	1065
1859237	4932.YCL039W	35.4	2583
1859684	4932.YDR034C-D	35.4	155483
1860782	4932.YGL070C	35.3	457
1859162	4932.YBR268W	35.3	242
1859010	4932.YBR130C	35.3	1569
1859794	4932.YDR139C	35.3	226
1862276	4932.YKL006C-A	35.3	270
1862604	4932.YKR093W	35.2	1954
1864038	4932.YNL306W	35.2	606
1862137	4932.YJR032W	35.2	982
1863080	4932.YLR356W	35.2	535
1863842	4932.YNL118C	35.1	3246
1862636	4932.YLL018C-A	35.1	408
1858929	4932.YBR058C-A	35.1	238
1863372	4932.YMR015C	35.1	2607
1864308	4932.YOL142W	35.0	1081
1861899	4932.YJL033W	35.0	2610
1862293	4932.YKL021C	35.0	1538
1858858	4932.YBL107C	35.0	582
1861309	4932.YHL007C	35.0	3604
1863212	4932.YML007W	35.0	1687
1861937	4932.YJL069C	34.9	1747
1860133	4932.YDR449C	34.9	1577
1863010	4932.YLR291C	34.9	1298
1858837	4932.YBL090W	34.9	386
1862715	4932.YLR026C	34.7	1026
1862691	4932.YLR002C	34.7	2648
1858850	4932.YBL100W-B	34.7	151687
1865083	4932.YPR024W	34.6	3024
1862129	4932.YJR024C	34.6	1102
1860340	4932.YER010C	34.5	470
1860833	4932.YGL121C	34.5	312
1861520	4932.YHR134W	34.4	675
1865036	4932.YPL263C	34.3	1720
1860456	4932.YER100W	34.3	749
1863240	4932.YML031W	34.3	2609
1864126	4932.YNR049C	34.3	653
1859016	4932.YBR135W	34.3	587
1863875	4932.YNL147W	34.2	375
1864397	4932.YOR056C	34.2	1425
1865248	4932.YPR173C	34.1	2342
1862582	4932.YKR072C	34.1	1785
1864875	4932.YPL112C	34.1	1381
1859000	4932.YBR122C	34.0	459
1864705	4932.YOR343W-B	34.0	161923
1861592	4932.YHR197W	34.0	3294
1863653	4932.YMR272C	34.0	1303
1860737	4932.YGL027C	33.9	3528
1860154	4932.YDR468C	33.9	401
1859931	4932.YDR261W-B	33.9	154898
1859696	4932.YDR045C	33.9	489
1861594	4932.YHR199C	33.9	1181
1858671	4932.YAL044W-A	33.9	447
1860769	4932.YGL058W	33.8	343
1861979	4932.YJL109C	33.8	7684
1862124	4932.YJR019C	33.7	1040
1860659	4932.YFR015C	33.7	2998
1862892	4932.YLR182W	33.6	2348
1863005	4932.YLR287C	33.6	1227
1863594	4932.YMR216C	33.5	2340
1859323	4932.YCR047C	33.5	602
1859460	4932.YDL074C	33.4	2028
1862039	4932.YJL164C	33.4	2240
1862346	4932.YKL069W	33.4	844
1864081	4932.YNR006W	33.4	1955
1860367	4932.YER034W	33.3	505
1862251	4932.YJR143C	33.3	2545
1861188	4932.YGR189C	33.2	1631
1864812	4932.YPL050C	33.2	1482
1862913	4932.YLR203C	33.1	1699
1862224	4932.YJR118C	33.0	470
1860034	4932.YDR358W	33.0	1987
1862534	4932.YKR025W	33.0	1065
1859232	4932.YCL034W	33.0	1349
1859028	4932.YBR146W	32.9	839
1863718	4932.YNL001W	32.9	1368
1864997	4932.YPL228W	32.8	1850
1863454	4932.YMR091C	32.8	1702
1862667	4932.YLL048C	32.7	6121
1859229	4932.YCL031C	32.7	992
1865263	4932.YPR188C	32.6	628
1862497	4932.YKL213C	32.6	2629
1861413	4932.YHR043C	32.5	1734
1863616	4932.YMR237W	32.5	2632
1863288	4932.YML075C	32.4	3765
1863122	4932.YLR395C	32.4	209
1864904	4932.YPL139C	32.3	1473
1861849	4932.YIR026C	32.3	1580
1863637	4932.YMR256C	32.3	178
1864062	4932.YNL330C	32.2	1936
1860285	4932.YEL040W	32.2	1342
1864673	4932.YOR316C	32.2	838
1864097	4932.YNR022C	32.1	401
1865147	4932.YPR086W	32.1	1234
1860470	4932.YER114C	32.1	2383
1861448	4932.YHR070W	32.1	1640
1858939	4932.YBR068C	32.1	1363
1864640	4932.YOR287C	32.0	338
1863769	4932.YNL050C	31.9	640
1859211	4932.YCL012C	31.9	472
1860447	4932.YER092W	31.9	398
1862595	4932.YKR084C	31.8	2095
1865255	4932.YPR180W	31.8	1009
1864173	4932.YOL016C	31.8	1558
1861719	4932.YIL083C	31.6	1581
1864315	4932.YOL149W	31.6	883
1864570	4932.YOR217W	31.6	2767
1860943	4932.YGL227W	31.5	3058
1859279	4932.YCR010C	31.5	699
1863826	4932.YNL103W	31.5	1195
1861931	4932.YJL063C	31.4	646
1862000	4932.YJL128C	31.3	2083
1862067	4932.YJL192C	31.3	702
1861136	4932.YGR145W	31.2	1904
1863116	4932.YLR389C	31.2	4129
1861199	4932.YGR200C	31.2	3300
1860302	4932.YEL055C	31.1	4195
1860592	4932.YFL021W	31.1	994
1863136	4932.YLR407W	31.0	669
1862464	4932.YKL179C	31.0	1861
1863795	4932.YNL074C	31.0	1649
1861907	4932.YJL042W	31.0	3683
1863778	4932.YNL058C	30.9	785
1859653	4932.YDR007W	30.9	549
1860911	4932.YGL196W	30.8	1125
1861745	4932.YIL106W	30.8	1398
1863167	4932.YLR435W	30.7	609
1859602	4932.YDL207W	30.7	1619
1859835	4932.YDR178W	30.7	424
1861878	4932.YJL011C	30.6	529
1863683	4932.YMR298W	30.6	506
1862156	4932.YJR051W	30.6	1874
1861288	4932.YGR286C	30.6	948
1863392	4932.YMR033W	30.5	1478
1859348	4932.YCR075W-A	30.5	280
1860171	4932.YDR486C	30.5	346
1859161	4932.YBR267W	30.5	1051
1860165	4932.YDR480W	30.4	746
1861465	4932.YHR082C	30.3	2782
1865093	4932.YPR034W	30.3	1393
1861129	4932.YGR138C	30.3	884
1859243	4932.YCL045C	30.3	2195
1862437	4932.YKL154W	30.3	730
1859094	4932.YBR205W	30.2	1674
1858637	4932.YAL019W	30.2	2515
1861084	4932.YGR097W	30.2	3518
1862653	4932.YLL034C	30.2	2368
1862180	4932.YJR075W	30.1	1003
1864475	4932.YOR131C	30.1	734
1864939	4932.YPL173W	30.1	778
1859403	4932.YDL019C	30.0	3274
1862197	4932.YJR093C	30.0	904
1860531	4932.YER164W	29.9	3710
1862648	4932.YLL029W	29.9	2225
1859687	4932.YDR036C	29.9	1701
1861144	4932.YGR152C	29.8	804
1863847	4932.YNL123W	29.8	3005
1863994	4932.YNL265C	29.8	500
1862580	4932.YKR070W	29.8	1070
1859597	4932.YDL202W	29.8	768
1859405	4932.YDL021W	29.8	1117
1859817	4932.YDR162C	29.8	829
1864848	4932.YPL086C	29.8	1571
1859935	4932.YDR265W	29.7	1462
1858852	4932.YBL101C	29.7	2711
1864983	4932.YPL215W	29.7	767
1859009	4932.YBR129C	29.7	936
1862341	4932.YKL065W-A	29.6	177
1864721	4932.YOR359W	29.6	834
1859999	4932.YDR324C	29.5	3041
1861648	4932.YIL020C	29.5	853
1860894	4932.YGL181W	29.4	836
1862821	4932.YLR129W	29.3	3316
1859617	4932.YDL222C	29.3	776
1861855	4932.YIR031C	29.3	2730
1861630	4932.YIL004C	29.3	375
1864429	4932.YOR085W	29.3	957
1859614	4932.YDL219W	29.3	560
1860192	4932.YDR507C	29.3	2955
1861634	4932.YIL008W	29.2	429
1862891	4932.YLR181C	29.2	1019
1864770	4932.YPL009C	29.0	3177
1864352	4932.YOR014W	29.0	1802
1859517	4932.YDL128W	29.0	756
1862840	4932.YLR147C	29.0	332
1862930	4932.YLR220W	29.0	1008
1863494	4932.YMR128W	28.9	3017
1865240	4932.YPR168W	28.9	208
1860161	4932.YDR476C	28.7	820
1864453	4932.YOR109W	28.7	3576
1863924	4932.YNL195C	28.7	378
1863603	4932.YMR225C	28.7	297
1863811	4932.YNL090W	28.6	827
1864339	4932.YOR004W	28.6	760
1862909	4932.YLR199C	28.6	1167
1859551	4932.YDL159W	28.6	1044
1864433	4932.YOR090C	28.6	1794
1862596	4932.YKR085C	28.5	417
1863993	4932.YNL264C	28.5	827
1859790	4932.YDR135C	28.5	4898
1863854	4932.YNL130C	28.5	502
1861920	4932.YJL053W	28.4	1073
1859053	4932.YBR170C	28.4	1710
1863516	4932.YMR148W	28.4	183
1862570	4932.YKR060W	28.4	646
1861902	4932.YJL036W	28.3	1301
1864846	4932.YPL084W	28.3	2536
1861263	4932.YGR262C	28.2	492
1864230	4932.YOL070C	28.2	1400
1863074	4932.YLR350W	28.2	660
1860032	4932.YDR356W	28.1	2131
1859126	4932.YBR233W-A	28.1	405
1860660	4932.YFR016C	28.1	3825
1860357	4932.YER024W	28.0	2964
1864579	4932.YOR226C	28.0	602
1860813	4932.YGL101W	28.0	617
1860954	4932.YGL238W	28.0	3125
1864210	4932.YOL051W	27.9	2200
1861700	4932.YIL066C	27.8	4846
1862502	4932.YKL218C	27.8	1060
1864729	4932.YOR367W	27.8	759
1858756	4932.YBL016W	27.8	1093
1859399	4932.YDL015C	27.7	1473
1861743	4932.YIL105C	27.7	1528
1861235	4932.YGR235C	27.7	703
1860506	4932.YER145C	27.7	752
1859329	4932.YCR052W	27.7	1369
1858980	4932.YBR105C	27.7	1140
1860721	4932.YGL012W	27.6	1400
1863958	4932.YNL229C	27.6	955
1864398	4932.YOR057W	27.6	1228
1862448	4932.YKL164C	27.6	3746
1861148	4932.YGR156W	27.5	877
1861279	4932.YGR277C	27.5	1192
1862300	4932.YKL027W	27.5	1401
1860874	4932.YGL161C	27.5	609
1860968	4932.YGL252C	27.5	1886
1864310	4932.YOL144W	27.4	1362
1860520	4932.YER155C	27.4	6519
1860289	4932.YEL044W	27.4	318
1861501	4932.YHR117W	27.3	1670
1860838	4932.YGL125W	27.3	1763
1863574	4932.YMR196W	27.3	3521
1862017	4932.YJL143W	27.2	427
1860073	4932.YDR390C	27.2	1937
1864642	4932.YOR289W	27.2	756
1860504	4932.YER143W	27.2	1462
1863808	4932.YNL087W	27.2	3407
1865023	4932.YPL252C	27.2	167
1863383	4932.YMR026C	27.2	1336
1861921	4932.YJL054W	27.1	1342
1859086	4932.YBR199W	27.1	1406
1859344	4932.YCR072C	27.1	1520
1861500	4932.YHR116W	27.1	374
1862490	4932.YKL206C	27.0	619
1858593	4932.Q0045	26.9	726
1861952	4932.YJL082W	26.8	1615
1860229	4932.YDR539W	26.8	1303
1861162	4932.YGR165W	26.7	853
1864829	4932.YPL067C	26.6	794
1865241	4932.YPR169W	26.6	1070
1861416	4932.YHR046C	26.6	770
1863889	4932.YNL161W	26.6	951
1864944	4932.YPL178W	26.6	688
1860887	4932.YGL174W	26.6	484
1862425	4932.YKL143W	26.6	1019
1860081	4932.YDR398W	26.6	1745
1865118	4932.YPR058W	26.5	960
1862305	4932.YKL032C	26.5	483
1861038	4932.YGR052W	26.5	1089
1860391	4932.YER053C	26.4	677
1864881	4932.YPL118W	26.4	781
1861172	4932.YGR174C	26.4	375
1858757	4932.YBL017C	26.4	5846
1861480	4932.YHR096C	26.3	4575
1864055	4932.YNL323W	26.3	1110
1859657	4932.YDR011W	26.3	5118
1863785	4932.YNL066W	26.3	611
1864555	4932.YOR202W	26.3	586
1864549	4932.YOR196C	26.2	1021
1859018	4932.YBR137W	26.1	636
1859967	4932.YDR297W	26.1	785
1862742	4932.YLR052W	26.1	479
1859832	4932.YDR175C	26.1	785
1864594	4932.YOR241W	26.1	1563
1860118	4932.YDR434W	26.0	1259
1861643	4932.YIL015W	26.0	1300
1863096	4932.YLR369W	26.0	4316
1862394	4932.YKL113C	25.9	996
1859585	4932.YDL190C	25.9	2625
1862127	4932.YJR022W	25.9	332
1860842	4932.YGL129C	25.9	1200
1864569	4932.YOR216C	25.8	1170
1860179	4932.YDR494W	25.8	669
1863501	4932.YMR135C	25.8	1523
1865221	4932.YPR156C	25.7	1348
1863647	4932.YMR266W	25.7	1679
1862797	4932.YLR106C	25.7	14506
1859334	4932.YCR060W	25.7	230
1861079	4932.YGR092W	25.7	1366
1858717	4932.YAR028W	25.7	406
1859632	4932.YDL237W	25.6	1521
1860114	4932.YDR430C	25.6	3520
1864014	4932.YNL284C	25.6	628
1858832	4932.YBL085W	25.6	2205
1859055	4932.YBR172C	25.6	1818
1861498	4932.YHR114W	25.5	1586
1859966	4932.YDR296W	25.5	627
1862768	4932.YLR078C	25.5	749
1860484	4932.YER127W	25.5	812
1860992	4932.YGR012W	25.4	1365
1863129	4932.YLR401C	25.4	2006
1864641	4932.YOR288C	25.4	892
1863779	4932.YNL059C	25.4	1511
1859343	4932.YCR071C	25.4	381
1862084	4932.YJL208C	25.4	980
1862365	4932.YKL088W	25.4	1510
1859818	4932.YDR163W	25.4	339
1859071	4932.YBR187W	25.4	782
1861034	4932.YGR048W	25.4	996
1862204	4932.YJR099W	25.4	661
1860939	4932.YGL224C	25.4	639
1858932	4932.YBR061C	25.4	551
1861930	4932.YJL062W-A	25.3	169
1858888	4932.YBR020W	25.3	1935
1864427	4932.YOR083W	25.3	655
1859824	4932.YDR169C	25.3	1200
1860617	4932.YFL044C	25.3	765
1862206	4932.YJR101W	25.2	665
1859167	4932.YBR273C	25.2	862
1863661	4932.YMR278W	25.2	1877
1861877	4932.YJL010C	25.2	1783
1859366	4932.YCR093W	25.2	5483
1863381	4932.YMR024W	25.2	1302
1864045	4932.YNL313C	25.1	3011
1861434	4932.YHR059W	25.1	150
1861825	4932.YIR008C	25.0	887
1862577	4932.YKR067W	25.0	2041
1864319	4932.YOL154W	25.0	701
1862423	4932.YKL141W	24.9	752
1859917	4932.YDR251W	24.9	2201
1858897	4932.YBR029C	24.9	1763
1860690	4932.YFR041C	24.8	573
1858853	4932.YBL102W	24.8	790
1863396	4932.YMR037C	24.7	686
1861806	4932.YIL162W	24.7	1246
1862372	4932.YKL095W	24.7	497
1860551	4932.YER180C-A	24.7	245
1860997	4932.YGR017W	24.7	749
1859230	4932.YCL032W	24.6	295
1864214	4932.YOL054W	24.6	945
1863312	4932.YML097C	24.6	1081
1861723	4932.YIL087C	24.5	258
1862179	4932.YJR074W	24.5	849
1864240	4932.YOL080C	24.5	611
1862629	4932.YLL010C	24.5	929
1863975	4932.YNL246W	24.5	506
1860158	4932.YDR472W	24.5	755
1858978	4932.YBR103W	24.4	1507
1860597	4932.YFL026W	24.4	913
1861476	4932.YHR092C	24.4	3294
1860756	4932.YGL044C	24.4	456
1860256	4932.YEL017W	24.4	811
1861046	4932.YGR060W	24.4	944
1863862	4932.YNL137C	24.3	1046
1860923	4932.YGL208W	24.3	799
1860536	4932.YER168C	24.3	1465
1859101	4932.YBR212W	24.2	879
1863043	4932.YLR321C	24.2	926
1863280	4932.YML067C	24.2	651
1859548	4932.YDL157C	24.1	328
1861727	4932.YIL091C	24.1	1770
1863563	4932.YMR188C	24.1	634
1861804	4932.YIL160C	24.1	1265
1862722	4932.YLR033W	24.1	1243
1861942	4932.YJL074C	24.0	2750
1862368	4932.YKL091C	24.0	1538
1860761	4932.YGL050W	24.0	647
1862499	4932.YKL215C	24.0	3138
1862612	4932.YKR100C	23.9	655
1859310	4932.YCR036W	23.9	774
1862154	4932.YJR049C	23.8	954
1859896	4932.YDR231C	23.8	602
1862749	4932.YLR059C	23.8	910
1860250	4932.YEL012W	23.8	282
1863722	4932.YNL005C	23.7	745
1858709	4932.YAR014C	23.7	1479
1864504	4932.YOR158W	23.7	640
1864220	4932.YOL060C	23.7	1019
1863373	4932.YMR016C	23.7	1205
1859059	4932.YBR176W	23.7	798
1861305	4932.YHL004W	23.7	1051
1861303	4932.YHL002W	23.6	1003
1860513	4932.YER149C	23.6	943
1864963	4932.YPL195W	23.6	2730
1859997	4932.YDR322W	23.6	1039
1863428	4932.YMR067C	23.6	1115
1861326	4932.YHL020C	23.5	731
1864468	4932.YOR124C	23.5	3154
1860869	4932.YGL156W	23.5	2885
1861016	4932.YGR033C	23.5	401
1861024	4932.YGR038W	23.4	565
1864384	4932.YOR043W	23.4	1071
1860352	4932.YER020W	23.4	1140
1862422	4932.YKL140W	23.4	1716
1862316	4932.YKL042W	23.4	811
1862452	4932.YKL167C	23.4	347
1863386	4932.YMR029C	23.4	1221
1859691	4932.YDR040C	23.4	7778
1860151	4932.YDR465C	23.3	1014
1862511	4932.YKR002W	23.3	1527
1864954	4932.YPL187W	23.2	161
1862185	4932.YJR080C	23.2	1120
1860014	4932.YDR339C	23.2	479
1859554	4932.YDL160C-A	23.2	238
1864256	4932.YOL093W	23.1	646
1864463	4932.YOR119C	23.1	901
1863238	4932.YML030W	23.1	245
1861511	4932.YHR127W	23.1	701
1864633	4932.YOR280C	23.1	918
1863797	4932.YNL076W	23.1	1065
1859427	4932.YDL042C	23.1	1661
1863003	4932.YLR286C	23.0	866
1865097	4932.YPR037C	23.0	527
1860684	4932.YFR036W	23.0	87
1864117	4932.YNR040W	22.9	459
1859156	4932.YBR262C	22.8	371
1864030	4932.YNL298W	22.8	2140
1859775	4932.YDR119W-A	22.8	153
1865160	4932.YPR100W	22.8	312
1863675	4932.YMR291W	22.8	1282
1861889	4932.YJL024C	22.8	410
1863753	4932.YNL035C	22.8	1148
1860314	4932.YEL066W	22.8	278
1863906	4932.YNL177C	22.7	622
1859771	4932.YDR117C	22.7	1206
1861586	4932.YHR192W	22.7	583
1863363	4932.YMR008C	22.7	1557
1864716	4932.YOR354C	22.7	1586
1858969	4932.YBR094W	22.7	1992
1861262	4932.YGR261C	22.7	2062
1864565	4932.YOR212W	22.7	822
1858882	4932.YBR014C	22.7	535
1861001	4932.YGR021W	22.7	513
1863131	4932.YLR403W	22.6	602
1860074	4932.YDR391C	22.6	558
1861496	4932.YHR112C	22.5	1038
1863590	4932.YMR212C	22.5	1498
1864564	4932.YOR211C	22.5	1694
1859332	4932.YCR057C	22.5	2166
1862811	4932.YLR120C	22.5	401
1862655	4932.YLL036C	22.4	1295
1865189	4932.YPR128C	22.4	765
1863117	4932.YLR390W	22.4	329
1861951	4932.YJL081C	22.4	971
1865015	4932.YPL246C	22.4	240
1862936	4932.YLR225C	22.3	1009
1861202	4932.YGR203W	22.3	436
1864560	4932.YOR207C	22.3	2884
1861071	4932.YGR084C	22.3	936
1861474	4932.YHR090C	22.3	649
1863648	4932.YMR267W	22.3	596
1862391	4932.YKL110C	22.3	806
1862411	4932.YKL130C	22.3	569
1861267	4932.YGR266W	22.3	1767
1858724	4932.YAR042W	22.2	2898
1860519	4932.YER154W	22.2	451
1860402	4932.YER061C	22.2	1042
1862790	4932.YLR099W-A	22.1	104
1863928	4932.YNL199C	22.1	488
1860843	4932.YGL130W	22.1	1156
1861729	4932.YIL093C	22.1	592
1859778	4932.YDR122W	22.0	2917
1860962	4932.YGL246C	22.0	1025
1865238	4932.YPR166C	22.0	70
1864115	4932.YNR038W	21.9	1447
1863165	4932.YLR433C	21.9	1567
1863951	4932.YNL222W	21.9	405
1861435	4932.YHR060W	21.9	485
1862587	4932.YKR076W	21.9	987
1864868	4932.YPL105C	21.9	1699
1864582	4932.YOR229W	21.9	1117
1859358	4932.YCR086W	21.9	518
1860918	4932.YGL203C	21.9	1742
1861100	4932.YGR111W	21.9	1003
1861766	4932.YIL126W	21.9	2900
1863346	4932.YML127W	21.8	1327
1859049	4932.YBR166C	21.8	1297
1863277	4932.YML064C	21.8	716
1863481	4932.YMR117C	21.8	436
1859118	4932.YBR227C	21.8	1031
1861557	4932.YHR167W	21.6	465
1863452	4932.YMR089C	21.6	2041
1864090	4932.YNR015W	21.6	879
1860063	4932.YDR381C-A	21.6	289
1862477	4932.YKL191W	21.6	1059
1860614	4932.YFL041W	21.6	1646
1859690	4932.YDR039C	21.5	8012
1860553	4932.YER182W	21.5	558
1860732	4932.YGL022W	21.5	2202
1863559	4932.YMR184W	21.5	354
1863336	4932.YML117W	21.5	1598
1865176	4932.YPR115W	21.5	2708
1861631	4932.YIL005W	21.5	1629
1862708	4932.YLR019W	21.5	785
1859975	4932.YDR305C	21.4	423
1863173	4932.YLR439W	21.4	650
1861200	4932.YGR201C	21.4	417
1863944	4932.YNL215W	21.4	466
1864088	4932.YNR013C	21.4	1304
1859689	4932.YDR038C	21.3	7895
1865016	4932.YPL247C	21.3	815
1859902	4932.YDR237W	21.2	693
1859444	4932.YDL058W	21.2	3926
1861746	4932.YIL107C	21.1	1720
1859992	4932.YDR320C	21.1	1486
1863935	4932.YNL206C	21.1	1101
1859651	4932.YDR005C	21.1	566
1858798	4932.YBL055C	21.1	1040
1859104	4932.YBR215W	21.1	866
1864975	4932.YPL207W	21.1	1471
1859980	4932.YDR310C	21.0	2233
1865208	4932.YPR144C	21.0	1236
1858813	4932.YBL068W-A	21.0	511
1861954	4932.YJL084C	21.0	1631
1860502	4932.YER141W	21.0	1208
1861593	4932.YHR198C	20.9	641
1861120	4932.YGR129W	20.9	279
1858669	4932.YAL043C	20.9	1806
1864144	4932.YNR067C	20.9	1751
1858856	4932.YBL105C	20.9	2163
1860220	4932.YDR530C	20.9	808
1861636	4932.YIL009W	20.8	2238
1859856	4932.YDR195W	20.8	982
1859388	4932.YDL005C	20.8	580
1861965	4932.YJL095W	20.8	2499
1862773	4932.YLR083C	20.8	1556
1862460	4932.YKL175W	20.7	791
1863650	4932.YMR269W	20.7	305
1861506	4932.YHR122W	20.7	422
1862517	4932.YKR008W	20.6	1705
1863125	4932.YLR398C	20.6	2914
1858928	4932.YBR058C	20.6	2014
1862015	4932.YJL141C	20.6	1255
1864255	4932.YOL092W	20.5	329
1864947	4932.YPL181W	20.5	708
1864389	4932.YOR048C	20.5	2174
1860798	4932.YGL086W	20.4	1731
1862471	4932.YKL185W	20.4	826
1863931	4932.YNL202W	20.4	551
1859953	4932.YDR283C	20.4	3612
1864077	4932.YNR003C	20.4	745
1859559	4932.YDL165W	20.3	422
1864909	4932.YPL144W	20.3	306
1858774	4932.YBL033C	20.3	821
1859692	4932.YDR041W	20.3	483
1863124	4932.YLR397C	20.2	1820
1861251	4932.YGR250C	20.2	1783
1863333	4932.YML115C	20.2	1065
1862055	4932.YJL180C	20.2	1043
1861347	4932.YHL039W	20.2	1415
1862040	4932.YJL165C	20.1	1592
1862216	4932.YJR111C	20.1	531
1861035	4932.YGR049W	20.1	458
1864547	4932.YOR194C	20.1	214
1859936	4932.YDR266C	20.0	1334
1861170	4932.YGR172C	20.0	214
1863442	4932.YMR080C	20.0	2202
1864732	4932.YOR370C	19.9	1348
1865077	4932.YPR018W	19.9	801
1864215	4932.YOL055C	19.9	1821
1865018	4932.YPL249C	19.9	1654
1858940	4932.YBR069C	19.9	1019
1862172	4932.YJR067C	19.9	310
1864892	4932.YPL128C	19.9	774
1859097	4932.YBR208C	19.9	4385
1861367	4932.YHR005C	19.8	1161
1860594	4932.YFL023W	19.8	1236
1863915	4932.YNL186W	19.8	1692
1862114	4932.YJR010C-A	19.7	353
1860789	4932.YGL077C	19.7	577
1859830	4932.YDR173C	19.7	629
1863138	4932.YLR409C	19.7	2157
1861093	4932.YGR106C	19.7	289
1859020	4932.YBR139W	19.7	1100
1859003	4932.YBR125C	19.6	897
1862818	4932.YLR126C	19.6	484
1863781	4932.YNL062C	19.5	788
1864851	4932.YPL089C	19.5	636
1864460	4932.YOR116C	19.5	2958
1861776	4932.YIL135C	19.5	870
1859910	4932.YDR245W	19.5	1026
1864266	4932.YOL102C	19.5	319
1864530	4932.YOR181W	19.4	628
1864470	4932.YOR126C	19.4	509
1865186	4932.YPR125W	19.4	828
1860164	4932.YDR479C	19.4	1580
1864489	4932.YOR143C	19.3	863
1860012	4932.YDR337W	19.3	435
1861468	4932.YHR085W	19.3	701
1861414	4932.YHR044C	19.3	1386
1860095	4932.YDR411C	19.3	579
1858814	4932.YBL069W	19.3	1128
1863222	4932.YML014W	19.3	661
1861411	4932.YHR041C	19.3	439
1865203	4932.YPR139C	19.3	614
1862337	4932.YKL062W	19.3	1040
1862566	4932.YKR056W	19.2	1348
1863476	4932.YMR112C	19.2	236
1863009	4932.YLR290C	19.2	677
1862354	4932.YKL077W	19.2	765
1860112	4932.YDR428C	19.1	865
1865082	4932.YPR023C	19.1	1018
1860738	4932.YGL028C	19.0	391
1864524	4932.YOR175C	19.0	1359
1860217	4932.YDR527W	19.0	812
1863926	4932.YNL197C	19.0	800
1864501	4932.YOR155C	19.0	747
1864410	4932.YOR069W	19.0	1271
1864296	4932.YOL130W	19.0	1740
1859394	4932.YDL010W	19.0	520
1862519	4932.YKR010C	18.9	1170
1859144	4932.YBR251W	18.9	607
1861872	4932.YJL005W	18.9	3498
1863359	4932.YMR004W	18.9	1112
1861957	4932.YJL087C	18.8	1591
1860785	4932.YGL073W	18.8	1055
1865127	4932.YPR067W	18.8	328
1865249	4932.YPR174C	18.8	341
1858887	4932.YBR019C	18.8	1565
1861995	4932.YJL125C	18.8	743
1865259	4932.YPR184W	18.8	3209
1860573	4932.YFL008W	18.8	1724
1861536	4932.YHR147C	18.7	496
1864113	4932.YNR036C	18.6	239
1858909	4932.YBR041W	18.6	1400
1860005	4932.YDR330W	18.6	737
1864124	4932.YNR047W	18.6	1358
1862931	4932.YLR221C	18.6	477
1862578	4932.YKR068C	18.6	486
1860480	4932.YER123W	18.5	1079
1862162	4932.YJR057W	18.5	344
1861181	4932.YGR182C	18.5	100
1859072	4932.YBR188C	18.5	127
1858653	4932.YAL032C	18.5	756
1863910	4932.YNL181W	18.5	779
1859728	4932.YDR077W	18.4	225
1859129	4932.YBR236C	18.4	807
1860681	4932.YFR034C	18.4	382
1860419	4932.YER074W-A	18.4	246
1862822	4932.YLR130C	18.4	528
1859973	4932.YDR303C	18.4	1399
1859914	4932.YDR248C	18.3	374
1859932	4932.YDR262W	18.3	666
1861433	4932.YHR058C	18.3	567
1864093	4932.YNR018W	18.3	376
1859588	4932.YDL193W	18.3	725
1863668	4932.YMR285C	18.3	1011
1863898	4932.YNL169C	18.2	983
1863072	4932.YLR348C	18.2	526
1863822	4932.YNL099C	18.2	403
1860329	4932.YER001W	18.2	1516
1863823	4932.YNL100W	18.2	503
1865032	4932.YPL259C	18.2	547
1859280	4932.YCR011C	18.2	1680
1859185	4932.YBR291C	18.2	431
1860777	4932.YGL065C	18.1	1079
1863617	4932.YMR238W	18.1	746
1860088	4932.YDR405W	18.1	334
1862195	4932.YJR091C	18.1	1426
1860451	4932.YER095W	18.1	640
1860500	4932.YER139C	18.1	509
1862294	4932.YKL022C	18.0	1228
1864974	4932.YPL206C	18.0	783
1861671	4932.YIL039W	18.0	763
1860989	4932.YGR009C	18.0	1062
1861971	4932.YJL101C	18.0	1293
1858664	4932.YAL039C	18.0	390
1860928	4932.YGL213C	17.9	615
1862148	4932.YJR043C	17.9	252
1860298	4932.YEL052W	17.9	1061
1860897	4932.YGL184C	17.9	865
1862400	4932.YKL119C	17.9	421
1860057	4932.YDR376W	17.8	1054
1864459	4932.YOR115C	17.8	452
1859472	4932.YDL085W	17.8	969
1858716	4932.YAR027W	17.8	353
1865154	4932.YPR094W	17.8	219
1863948	4932.YNL219C	17.8	1115
1859702	4932.YDR051C	17.8	673
1860033	4932.YDR357C	17.7	243
1864951	4932.YPL184C	17.7	921
1859730	4932.YDR079C-A	17.7	177
1860779	4932.YGL067W	17.7	807
1863723	4932.YNL006W	17.7	677
1864020	4932.YNL288W	17.6	614
1863275	4932.YML062C	17.6	717
1864590	4932.YOR236W	17.6	379
1864667	4932.YOR311C	17.6	608
1864953	4932.YPL186C	17.6	630
1864964	4932.YPL196W	17.6	271
1860221	4932.YDR531W	17.5	781
1864889	4932.YPL125W	17.5	2196
1864456	4932.YOR112W	17.5	1751
1864101	4932.YNR026C	17.5	891
1861633	4932.YIL007C	17.5	346
1860566	4932.YFL002C	17.5	1056
1859840	4932.YDR182W	17.4	798
1865233	4932.YPR161C	17.4	1269
1859909	4932.YDR244W	17.4	1651
1860831	4932.YGL119W	17.4	686
1862620	4932.YLL002W	17.4	767
1862419	4932.YKL138C	17.3	113
1864485	4932.YOR141C	17.3	1389
1864104	4932.YNR029C	17.3	803
1862029	4932.YJL155C	17.3	902
1858846	4932.YBL098W	17.2	869
1862416	4932.YKL135C	17.2	1389
1863597	4932.YMR219W	17.2	2279
1865197	4932.YPR135W	17.1	2251
1860689	4932.YFR040W	17.1	1585
1859754	4932.YDR100W	17.1	87
1864631	4932.YOR278W	17.1	612
1865047	4932.YPL274W	17.1	702
1858744	4932.YBL006C	17.1	277
1859862	4932.YDR201W	17.0	367
1864898	4932.YPL134C	17.0	747
1864574	4932.YOR221C	17.0	754
1861796	4932.YIL154C	17.0	431
1860733	4932.YGL023C	17.0	925
1863526	4932.YMR157C	16.9	439
1864714	4932.YOR352W	16.9	667
1859223	4932.YCL026C-A	16.9	346
1864784	4932.YPL023C	16.9	1103
1861805	4932.YIL161W	16.9	274
1862290	4932.YKL018W	16.9	657
1861770	4932.YIL130W	16.9	1338
1863241	4932.YML032C	16.9	726
1859707	4932.YDR056C	16.9	437
1864065	4932.YNL333W	16.9	1287
1860632	4932.YFL059W	16.9	1287
1861146	4932.YGR154C	16.8	576
1859120	4932.YBR229C	16.8	1674
1860067	4932.YDR384C	16.8	297
1859938	4932.YDR268W	16.8	640
1864548	4932.YOR195W	16.8	1389
1863687	4932.YMR302C	16.7	1697
1864249	4932.YOL086W-A	16.7	111
1858723	4932.YAR035W	16.7	1353
1863233	4932.YML025C	16.7	457
1859774	4932.YDR119W	16.6	1053
1864264	4932.YOL100W	16.6	1728
1862442	4932.YKL159C	16.6	458
1858635	4932.YAL017W	16.6	2721
1861336	4932.YHL030W	16.6	3791
1863858	4932.YNL133C	16.6	170
1862516	4932.YKR007W	16.5	305
1862532	4932.YKR023W	16.5	844
1860485	4932.YER128W	16.5	240
1863422	4932.YMR061W	16.4	1446
1863618	4932.YMR239C	16.4	617
1859175	4932.YBR281C	16.4	1292
1863853	4932.YNL129W	16.4	506
1865100	4932.YPR040W	16.4	600
1858983	4932.YBR108W	16.4	849
1859532	4932.YDL141W	16.3	1534
1861741	4932.YIL103W	16.3	697
1865142	4932.YPR081C	16.3	1484
1862874	4932.YLR164W	16.3	166
1862379	4932.YKL100C	16.3	882
1863767	4932.YNL048W	16.3	807
1860792	4932.YGL080W	16.3	180
1860145	4932.YDR461C-A	16.2	117
1860345	4932.YER014W	16.2	1396
1862565	4932.YKR055W	16.2	352
1859221	4932.YCL024W	16.2	1429
1861041	4932.YGR055W	16.2	613
1862958	4932.YLR245C	16.2	367
1863284	4932.YML071C	16.2	1107
1859664	4932.YDR017C	16.1	1449
1863567	4932.YMR192W	16.1	1280
1859923	4932.YDR257C	16.1	572
1862659	4932.YLL040C	16.1	5172
1860089	4932.YDR406W	16.1	5945
1864946	4932.YPL180W	16.1	1514
1863434	4932.YMR073C	16.1	333
1864680	4932.YOR322C	16.0	836
1861365	4932.YHR003C	16.0	727
1859956	4932.YDR286C	16.0	156
1860140	4932.YDR456W	16.0	387
1865088	4932.YPR029C	16.0	1576
1861698	4932.YIL064W	16.0	562
1863884	4932.YNL156C	16.0	507
1864879	4932.YPL116W	16.0	1057
1859893	4932.YDR228C	15.9	866
1865107	4932.YPR047W	15.9	797
1859819	4932.YDR164C	15.9	1480
1864189	4932.YOL031C	15.9	822
1864235	4932.YOL076W	15.9	1490
1860820	4932.YGL108C	15.9	92
1861437	4932.YHR062C	15.9	566
1858688	4932.YAL061W	15.9	462
1859749	4932.YDR097C	15.9	2072
1865172	4932.YPR111W	15.9	1013
1864356	4932.YOR018W	15.9	1267
1860120	4932.YDR436W	15.9	2692
1860264	4932.YEL022W	15.9	2667
1863293	4932.YML080W	15.8	782
1858679	4932.YAL053W	15.8	1188
1859869	4932.YDR208W	15.8	1240
1862375	4932.YKL096W-A	15.8	52
1863742	4932.YNL024C-A	15.8	178
1859277	4932.YCR008W	15.8	801
1859489	4932.YDL101C	15.8	806
1859619	4932.YDL224C	15.7	1124
1863768	4932.YNL049C	15.7	2093
1862805	4932.YLR114C	15.7	1243
1864791	4932.YPL030W	15.7	936
1863532	4932.YMR161W	15.7	283
1859154	4932.YBR260C	15.7	1013
1862735	4932.YLR045C	15.7	1265
1864482	4932.YOR138C	15.6	893
1864176	4932.YOL019W	15.6	878
1860201	4932.YDR515W	15.6	740
1863839	4932.YNL115C	15.6	1117
1864250	4932.YOL087C	15.6	1756
1864781	4932.YPL020C	15.6	681
1863892	4932.YNL163C	15.6	1865
1863658	4932.YMR275C	15.6	1289
1864677	4932.YOR319W	15.5	369
1859892	4932.YDR227W	15.5	1961
1864808	4932.YPL046C	15.5	135
1862956	4932.YLR243W	15.5	346
1863490	4932.YMR124W	15.5	1519
1863883	4932.YNL155W	15.5	392
1860125	4932.YDR441C	15.5	306
1861272	4932.YGR270W	15.5	2258
1862807	4932.YLR116W	15.5	568
1864991	4932.YPL222W	15.5	1211
1861014	4932.YGR031W	15.5	598
1864592	4932.YOR238W	15.5	526
1860147	4932.YDR462W	15.5	252
1859125	4932.YBR233W	15.5	398
1859084	4932.YBR197C	15.5	326
1862296	4932.YKL023W	15.4	326
1862848	4932.YLR154C	15.4	99
1863941	4932.YNL212W	15.4	1424
1860864	4932.YGL151W	15.4	1571
1860807	4932.YGL095C	15.4	1029
1865084	4932.YPR025C	15.4	670
1864010	4932.YNL280C	15.3	569
1858970	4932.YBR095C	15.3	564
1859158	4932.YBR264C	15.3	461
1863087	4932.YLR362W	15.3	1104
1859625	4932.YDL230W	15.3	643
1859078	4932.YBR193C	15.3	253
1862313	4932.YKL039W	15.2	798
1861582	4932.YHR188C	15.2	853
1862785	4932.YLR095C	15.2	825
1858854	4932.YBL103C	15.2	777
1864678	4932.YOR320C	15.2	964
1861731	4932.YIL095W	15.2	1349
1863507	4932.YMR140W	15.2	805
1860748	4932.YGL038C	15.1	738
1864222	4932.YOL062C	15.1	666
1861242	4932.YGR241C	15.1	428
1859333	4932.YCR059C	15.1	269
1859318	4932.YCR043C	15.1	224
1863081	4932.YLR357W	15.1	1349
1864919	4932.YPL153C	15.1	1176
1863176	4932.YLR442C	15.0	1639
1861559	4932.YHR169W	15.0	819
1861826	4932.YIR009W	15.0	180
1861006	4932.YGR026W	15.0	476
1863041	4932.YLR319C	15.0	1135
1865076	4932.YPR017C	15.0	171
1865111	4932.YPR051W	14.9	322
1859431	4932.YDL045W-A	14.9	129
1864395	4932.YOR054C	14.9	1039
1859954	4932.YDR284C	14.9	522
1862900	4932.YLR190W	14.8	508
1861602	4932.YHR206W	14.8	626
1858905	4932.YBR037C	14.8	396
1859087	4932.YBR200W	14.8	872
1861403	4932.YHR034C	14.8	553
1865239	4932.YPR167C	14.7	392
1860713	4932.YGL006W	14.7	1570
1861949	4932.YJL079C	14.7	49
1864082	4932.YNR007C	14.7	405
1861220	4932.YGR220C	14.6	326
1862291	4932.YKL019W	14.6	403
1861117	4932.YGR126W	14.6	382
1860712	4932.YGL005C	14.6	331
1858896	4932.YBR028C	14.6	526
1863470	4932.YMR106C	14.6	777
1862594	4932.YKR083C	14.6	111
1861454	4932.YHR073W	14.6	1431
1859913	4932.YDR247W	14.5	710
1865264	4932.YPR189W	14.5	2399
1858869	4932.YBR003W	14.5	913
1858666	4932.YAL041W	14.5	1293
1859911	4932.YDR246W	14.5	354
1860072	4932.YDR389W	14.5	792
1861968	4932.YJL098W	14.5	1583
1862633	4932.YLL014W	14.5	144
1864204	4932.YOL045W	14.5	2108
1860534	4932.YER166W	14.5	2430
1860803	4932.YGL091C	14.5	354
1864523	4932.YOR174W	14.5	498
1862537	4932.YKR028W	14.4	1570
1864626	4932.YOR273C	14.4	736
1858740	4932.YBL004W	14.4	4399
1864776	4932.YPL015C	14.4	598
1859613	4932.YDL218W	14.4	378
1860060	4932.YDR379C-A	14.3	123
1859731	4932.YDR079W	14.3	129
1863757	4932.YNL039W	14.3	877
1863385	4932.YMR028W	14.3	491
1859668	4932.YDR021W	14.3	704
1863660	4932.YMR277W	14.3	1069
1863738	4932.YNL021W	14.2	960
1864001	4932.YNL272C	14.2	808
1859500	4932.YDL112W	14.2	2803
1862107	4932.YJR004C	14.2	482
1860295	4932.YEL050C	14.2	405
1864820	4932.YPL058C	14.2	2454
1863184	4932.YLR450W	14.2	2550
1860136	4932.YDR452W	14.2	1036
1862250	4932.YJR142W	14.2	609
1861237	4932.YGR237C	14.2	1012
1861106	4932.YGR117C	14.2	801
1859168	4932.YBR274W	14.2	1099
1860990	4932.YGR010W	14.2	1133
1859793	4932.YDR138W	14.2	1041
1862387	4932.YKL106W	14.2	871
1858890	4932.YBR022W	14.1	272
1860347	4932.YER016W	14.1	520
1863974	4932.YNL245C	14.1	213
1865166	4932.YPR106W	14.1	682
1862334	4932.YKL059C	14.1	504
1860190	4932.YDR505C	14.1	1212
1863690	4932.YMR304W	14.0	2047
1860398	4932.YER058W	14.0	172
1860281	4932.YEL036C	14.0	760
1859558	4932.YDL164C	14.0	912
1864175	4932.YOL018C	14.0	595
1861603	4932.YHR207C	14.0	715
1863146	4932.YLR414C	14.0	370
1859712	4932.YDR061W	14.0	981
1858910	4932.YBR042C	14.0	618
1859212	4932.YCL014W	13.9	2518
1858945	4932.YBR073W	13.9	1215
1861486	4932.YHR102W	13.9	859
1864129	4932.YNR052C	13.9	694
1863536	4932.YMR165C	13.9	901
1861233	4932.YGR233C	13.9	2040
1863437	4932.YMR075W	13.9	997
1859934	4932.YDR264C	13.8	1208
1863162	4932.YLR430W	13.8	2989
1864862	4932.YPL099C	13.8	221
1860982	4932.YGR002C	13.8	575
1862043	4932.YJL168C	13.8	973
1864706	4932.YOR344C	13.8	217
1863243	4932.YML034W	13.7	1172
1862928	4932.YLR218C	13.7	197
1859242	4932.YCL044C	13.7	709
1859058	4932.YBR175W	13.7	269
1861733	4932.YIL097W	13.7	1035
1862530	4932.YKR021W	13.7	1164
1862562	4932.YKR052C	13.7	350
1864253	4932.YOL090W	13.7	1660
1860882	4932.YGL169W	13.6	595
1859135	4932.YBR242W	13.6	386
1862897	4932.YLR187W	13.6	1233
1858776	4932.YBL035C	13.6	995
1860669	4932.YFR025C	13.6	572
1863840	4932.YNL116W	13.6	795
1860175	4932.YDR490C	13.6	1168
1859146	4932.YBR253W	13.6	198
1861331	4932.YHL025W	13.6	191
1865065	4932.YPR008W	13.6	746
1859584	4932.YDL189W	13.6	316
1862167	4932.YJR062C	13.5	694
1863744	4932.YNL026W	13.5	808
1860399	4932.YER059W	13.5	711
1859955	4932.YDR285W	13.5	966
1864585	4932.YOR231W	13.5	537
1860891	4932.YGL178W	13.4	814
1864859	4932.YPL096W	13.4	340
1862285	4932.YKL014C	13.4	3037
1863632	4932.YMR251W-A	13.4	135
1863479	4932.YMR115W	13.4	634
1861193	4932.YGR194C	13.4	864
1859846	4932.YDR186C	13.4	1094
1865014	4932.YPL245W	13.4	595
1862529	4932.YKR020W	13.3	246
1864085	4932.YNR010W	13.3	223
1862470	4932.YKL184W	13.3	638
1860580	4932.YFL013C	13.3	934
1862326	4932.YKL052C	13.3	427
1859886	4932.YDR221W	13.3	757
1859181	4932.YBR287W	13.3	382
1860819	4932.YGL107C	13.2	1118
1864454	4932.YOR110W	13.2	604
1860354	4932.YER022W	13.2	807
1862301	4932.YKL028W	13.2	727
1859798	4932.YDR143C	13.2	653
1859182	4932.YBR288C	13.2	864
1863997	4932.YNL268W	13.2	461
1861311	4932.YHL009C	13.2	405
1858996	4932.YBR119W	13.1	485
1861800	4932.YIL156W-B	13.1	152
1862548	4932.YKR038C	13.1	747
1862077	4932.YJL201W	13.1	744
1863739	4932.YNL022C	13.1	627
1864455	4932.YOR111W	13.1	469
1859799	4932.YDR144C	13.1	637
1861190	4932.YGR191W	13.1	585
1862491	4932.YKL207W	13.1	249
1861256	4932.YGR255C	13.1	661
1862363	4932.YKL086W	13.1	165
1864476	4932.YOR132W	13.0	596
1861742	4932.YIL104C	13.0	712
1865192	4932.YPR131C	13.0	343
1863189	4932.YLR455W	13.0	358
1863068	4932.YLR345W	13.0	711
1863644	4932.YMR263W	13.0	212
1861139	4932.YGR147C	12.9	317
1864290	4932.YOL124C	12.9	584
1861278	4932.YGR276C	12.9	682
1861466	4932.YHR083W	12.9	407
1864735	4932.YOR373W	12.9	913
1859857	4932.YDR196C	12.9	295
1863656	4932.YMR273C	12.8	665
1858629	4932.YAL013W	12.8	566
1858649	4932.YAL029C	12.8	3406
1859978	4932.YDR308C	12.8	238
1863496	4932.YMR130W	12.8	616
1864053	4932.YNL321W	12.8	977
1862240	4932.YJR134C	12.8	1003
1860152	4932.YDR466W	12.8	1055
1860535	4932.YER167W	12.8	664
1863330	4932.YML112W	12.8	380
1861897	4932.YJL031C	12.8	482
1863825	4932.YNL102W	12.8	2080
1860144	4932.YDR460W	12.8	460
1863896	4932.YNL167C	12.7	599
1861010	4932.YGR028W	12.7	521
1862356	4932.YKL079W	12.7	783
1863814	4932.YNL093W	12.7	1331
1861749	4932.YIL110W	12.6	534
1861064	4932.YGR077C	12.6	1169
1860863	4932.YGL150C	12.6	1377
1862298	4932.YKL025C	12.6	552
1860620	4932.YFL047W	12.6	1008
1863098	4932.YLR371W	12.6	1749
1862778	4932.YLR088W	12.5	602
1860348	4932.YER017C	12.5	1501
1859865	4932.YDR204W	12.5	324
1860772	4932.YGL061C	12.5	288
1861499	4932.YHR115C	12.5	512
1859159	4932.YBR265W	12.5	527
1860288	4932.YEL043W	12.5	974
1864484	4932.YOR140W	12.4	451
1858855	4932.YBL104C	12.4	1134
1864048	4932.YNL316C	12.4	410
1865175	4932.YPR114W	12.4	403
1861720	4932.YIL084C	12.4	351
1860852	4932.YGL139W	12.4	862
1863745	4932.YNL027W	12.4	609
1863700	4932.YMR312W	12.4	256
1864755	4932.YOR391C	12.4	904
1859535	4932.YDL144C	12.4	520
1861590	4932.YHR195W	12.3	484
1863058	4932.YLR336C	12.3	1090
1863045	4932.YLR323C	12.3	209
1860119	4932.YDR435C	12.3	498
1860920	4932.YGL205W	12.3	1068
1860927	4932.YGL212W	12.2	349
1863713	4932.YMR322C	12.2	952
1865051	4932.YPL280W	12.2	952
1860174	4932.YDR489W	12.2	448
1858630	4932.YAL014C	12.2	241
1863048	4932.YLR326W	12.2	229
1864341	4932.YOR006C	12.2	351
1859873	4932.YDR210W	12.2	66
1863737	4932.YNL020C	12.2	724
1862187	4932.YJR083C	12.1	444
1860726	4932.YGL016W	12.1	1614
1863992	4932.YNL263C	12.1	523
1861141	4932.YGR149W	12.1	530
1864469	4932.YOR125C	12.1	284
1864443	4932.YOR100C	12.1	432
1862274	4932.YKL004W	12.1	168
1864134	4932.YNR057C	12.1	356
1860987	4932.YGR007W	12.1	484
1861672	4932.YIL040W	11.9	276
1862637	4932.YLL019C	11.9	940
1862549	4932.YKR039W	11.9	687
1861394	4932.YHR028C	11.9	1260
1860953	4932.YGL237C	11.9	158
1863361	4932.YMR006C	11.9	759
1862086	4932.YJL210W	11.9	787
1863229	4932.YML021C	11.9	450
1860083	4932.YDR400W	11.9	356
1860522	4932.YER157W	11.9	882
1861304	4932.YHL003C	11.9	595
1860010	4932.YDR335W	11.8	2188
1864660	4932.YOR304W	11.8	1692
1859609	4932.YDL214C	11.8	733
1859449	4932.YDL063C	11.8	620
1863400	4932.YMR041C	11.8	366
1860940	4932.YGL225W	11.8	422
1862279	4932.YKL008C	11.7	603
1859611	4932.YDL216C	11.7	481
1865157	4932.YPR097W	11.7	1044
1861314	4932.YHL010C	11.7	468
1859373	4932.YCR098C	11.7	746
1863996	4932.YNL267W	11.7	1358
1860150	4932.YDR464W	11.7	1416
1862700	4932.YLR011W	11.6	269
1859389	4932.YDL006W	11.6	437
1862281	4932.YKL010C	11.6	1669
1862238	4932.YJR132W	11.6	1275
1864982	4932.YPL214C	11.6	616
1860941	4932.YGL226C-A	11.5	179
1864873	4932.YPL110C	11.5	1785
1860142	4932.YDR458C	11.5	877
1862924	4932.YLR214W	11.5	1067
1858946	4932.YBR074W	11.4	1177
1862480	4932.YKL194C	11.4	633
1864603	4932.YOR250C	11.4	490
1859741	4932.YDR089W	11.4	1101
1859901	4932.YDR236C	11.4	373
1861410	4932.YHR040W	11.4	556
1864162	4932.YOL007C	11.4	174
1864295	4932.YOL129W	11.3	246
1859740	4932.YDR088C	11.3	276
1864447	4932.YOR104W	11.3	315
1862489	4932.YKL205W	11.3	1264
1862780	4932.YLR090W	11.3	392
1863332	4932.YML114C	11.3	421
1863438	4932.YMR076C	11.3	1453
1859561	4932.YDL167C	11.3	712
1863221	4932.YML013W	11.3	667
1860438	4932.YER087W	11.3	789
1860565	4932.YFL001W	11.3	557
1859001	4932.YBR123C	11.3	674
1860183	4932.YDR498C	11.2	314
1859077	4932.YBR192W	11.2	461
1858751	4932.YBL011W	11.2	873
1862426	4932.YKL144C	11.2	205
1863395	4932.YMR036C	11.2	509
1863750	4932.YNL032W	11.2	340
1861451	4932.YHR072W	11.2	895
1859881	4932.YDR216W	11.2	1526
1862449	4932.YKL165C	11.2	1378
1859652	4932.YDR006C	11.2	903
1864216	4932.YOL056W	11.1	510
1858828	4932.YBL081W	11.1	191
1860338	4932.YER008C	11.1	1610
1862533	4932.YKR024C	11.1	890
1859496	4932.YDL108W	11.1	397
1865043	4932.YPL270W	11.1	768
1858711	4932.YAR018C	11.1	367
1864981	4932.YPL213W	11.1	350
1861757	4932.YIL117C	11.1	272
1863329	4932.YML111W	11.0	888
1862723	4932.YLR034C	11.0	467
1864804	4932.YPL042C	11.0	722
1863578	4932.YMR200W	11.0	193
1859462	4932.YDL076C	11.0	362
1860141	4932.YDR457W	11.0	3539
1862835	4932.YLR143W	11.0	891
1859748	4932.YDR096W	11.0	922
1859965	4932.YDR295C	11.0	714
1861605	4932.YHR209W	10.9	366
1862662	4932.YLL043W	10.9	486
1859569	4932.YDL175C	10.9	380
1862911	4932.YLR201C	10.9	294
1862601	4932.YKR090W	10.8	710
1860858	4932.YGL145W	10.8	948
1859796	4932.YDR141C	10.8	2517
1858891	4932.YBR023C	10.8	1199
1859921	4932.YDR255C	10.8	610
1864817	4932.YPL055C	10.7	454
1864722	4932.YOR360C	10.7	623
1860537	4932.YER169W	10.7	852
1861645	4932.YIL017C	10.7	994
1863812	4932.YNL091W	10.7	805
1864000	4932.YNL271C	10.7	1719
1865038	4932.YPL265W	10.7	599
1861795	4932.YIL153W	10.7	376
1862073	4932.YJL197W	10.7	1067
1858721	4932.YAR033W	10.6	173
1862838	4932.YLR146C	10.6	362
1861097	4932.YGR109W-A	10.6	863
1863985	4932.YNL256W	10.6	994
1862456	4932.YKL171W	10.6	984
1860528	4932.YER161C	10.6	195
1864864	4932.YPL101W	10.6	392
1864279	4932.YOL113W	10.6	779
1863546	4932.YMR173W-A	10.6	289
1859222	4932.YCL025C	10.6	551
1861484	4932.YHR100C	10.6	187
1864679	4932.YOR321W	10.6	1598
1862522	4932.YKR013W	10.5	149
1860595	4932.YFL024C	10.5	810
1861195	4932.YGR196C	10.5	801
1862273	4932.YKL003C	10.5	126
1859981	4932.YDR311W	10.4	698
1858805	4932.YBL061C	10.4	642
1861538	4932.YHR149C	10.4	598
1862458	4932.YKL173W	10.4	1254
1860424	4932.YER078C	10.4	511
1860516	4932.YER152C	10.4	481
1861661	4932.YIL030C	10.3	1443
1860415	4932.YER071C	10.3	214
1863758	4932.YNL040W	10.3	618
1864431	4932.YOR087W	10.2	596
1864777	4932.YPL016W	10.2	748
1859648	4932.YDR003W	10.2	194
1861118	4932.YGR127W	10.2	407
1863953	4932.YNL224C	10.2	515
1864018	4932.YNL286W	10.2	214
1860912	4932.YGL197W	10.2	1624
1863969	4932.YNL240C	10.2	465
1858892	4932.YBR024W	10.2	267
1864226	4932.YOL066C	10.2	580
1864888	4932.YPL124W	10.1	291
1861598	4932.YHR202W	10.1	761
1862028	4932.YJL154C	10.1	1269
1864849	4932.YPL087W	10.1	233
1859547	4932.YDL156W	10.1	528
1859927	4932.YDR261C	10.1	910
1860810	4932.YGL098W	10.0	266
1865130	4932.YPR070W	10.0	576
1863439	4932.YMR077C	10.0	138
1860893	4932.YGL180W	10.0	1114
1861909	4932.YJL044C	9.99	374
1863921	4932.YNL192W	9.99	1160
1859096	4932.YBR207W	9.96	331
1861580	4932.YHR186C	9.95	1769
1865242	4932.YPR169W-A	9.95	66
1864815	4932.YPL053C	9.94	597
1861801	4932.YIL157C	9.93	213
1861432	4932.YHR057C	9.92	234
1859123	4932.YBR231C	9.91	258
1861717	4932.YIL082W	9.91	863
1862196	4932.YJR092W	9.9	1387
1859629	4932.YDL234C	9.9	659
1864902	4932.YPL137C	9.89	1188
1858778	4932.YBL037W	9.87	1097
1865181	4932.YPR120C	9.86	463
1862003	4932.YJL131C	9.82	263
1864362	4932.YOR023C	9.79	382
1861059	4932.YGR072W	9.79	262
1863477	4932.YMR113W	9.78	493
1861550	4932.YHR161C	9.77	306
1863585	4932.YMR207C	9.73	6045
1865246	4932.YPR171W	9.73	448
1862925	4932.YLR215C	9.7	458
1864813	4932.YPL051W	9.7	243
1862937	4932.YLR226W	9.69	391
1861574	4932.YHR181W	9.69	247
1860796	4932.YGL084C	9.68	667
1863102	4932.YLR375W	9.68	292
1859183	4932.YBR289W	9.66	481
1861012	4932.YGR030C	9.66	161
1864976	4932.YPL208W	9.65	617
1862922	4932.YLR212C	9.64	324
1863421	4932.YMR060C	9.62	471
1864041	4932.YNL309W	9.6	365
1863331	4932.YML113W	9.6	65
1863789	4932.YNL068C	9.59	615
1860457	4932.YER101C	9.59	687
1861674	4932.YIL042C	9.57	402
1859429	4932.YDL044C	9.56	435
1865136	4932.YPR075C	9.56	248
1862934	4932.YLR223C	9.55	495
1861940	4932.YJL072C	9.53	195
1863403	4932.YMR044W	9.51	392
1864687	4932.YOR329C	9.5	610
1859093	4932.YBR204C	9.5	426
1861786	4932.YIL144W	9.49	655
1862217	4932.YJR112W	9.48	229
1860486	4932.YER129W	9.47	855
1862385	4932.YKL105C	9.46	896
1864580	4932.YOR227W	9.46	1180
1862355	4932.YKL078W	9.44	796
1862237	4932.YJR131W	9.44	667
1864281	4932.YOL115W	9.43	504
1861896	4932.YJL030W	9.41	291
1858868	4932.YBR002C	9.4	286
1863612	4932.YMR233W	9.37	184
1860106	4932.YDR422C	9.37	888
1864376	4932.YOR035C	9.37	944
1862079	4932.YJL203W	9.36	231
1861206	4932.YGR206W	9.36	94
1860600	4932.YFL029C	9.35	425
1859937	4932.YDR267C	9.35	381
1859039	4932.YBR157C	9.33	198
1859116	4932.YBR225W	9.33	985
1863031	4932.YLR310C	9.3	1592
1859745	4932.YDR093W	9.3	1700
1859868	4932.YDR207C	9.28	609
1860872	4932.YGL159W	9.28	376
1860938	4932.YGL223C	9.27	415
1858976	4932.YBR102C	9.27	858
1864887	4932.YPL123C	9.25	593
1864827	4932.YPL065W	9.24	248
1858797	4932.YBL054W	9.23	621
1864381	4932.YOR040W	9.22	338
1862146	4932.YJR041C	9.22	1333
1860758	4932.YGL047W	9.21	253
1865164	4932.YPR104C	9.21	786
1863831	4932.YNL107W	9.18	238
1863151	4932.YLR419W	9.18	1410
1859349	4932.YCR076C	9.17	175
1864098	4932.YNR023W	9.17	563
1863923	4932.YNL194C	9.16	236
1861054	4932.YGR068C	9.15	544
1860053	4932.YDR373W	9.15	206
1859301	4932.YCR027C	9.14	254
1864087	4932.YNR012W	9.14	401
1860539	4932.YER171W	9.13	697
1863000	4932.YLR284C	9.13	302
1861183	4932.YGR184C	9.12	1959
1860795	4932.YGL083W	9.11	969
1862447	4932.YKL163W	9.11	2732
1862876	4932.YLR166C	9.09	879
1863120	4932.YLR393W	9.09	273
1861091	4932.YGR104C	9.07	234
1859430	4932.YDL045C	9.07	391
1863843	4932.YNL119W	9.07	533
1862160	4932.YJR055W	9.06	143
1863326	4932.YML108W	9.05	99
1860572	4932.YFL007W	9.05	2006
1864597	4932.YOR244W	9.04	388
1861768	4932.YIL128W	9.01	1335
1861629	4932.YIL003W	9.0	352
1860913	4932.YGL198W	9.0	150
1861415	4932.YHR045W	8.99	667
1863818	4932.YNL097C	8.98	282
1865165	4932.YPR105C	8.95	889
1858833	4932.YBL086C	8.92	450
1859904	4932.YDR239C	8.92	714
1861248	4932.YGR247W	8.91	211
1862321	4932.YKL047W	8.9	681
1858927	4932.YBR057C	8.9	279
1859494	4932.YDL106C	8.9	312
1859598	4932.YDL203C	8.89	520
1864076	4932.YNR002C	8.89	295
1863865	4932.YNL139C	8.88	1609
1859034	4932.YBR152W	8.88	150
1864878	4932.YPL115C	8.86	1027
1863962	4932.YNL233W	8.85	729
1860934	4932.YGL219C	8.82	297
1862035	4932.YJL160C	8.82	2361
1863965	4932.YNL236W	8.82	1019
1858811	4932.YBL067C	8.81	677
1862444	4932.YKL161C	8.79	387
1859428	4932.YDL043C	8.79	220
1863340	4932.YML121W	8.77	350
1863686	4932.YMR301C	8.76	489
1859504	4932.YDL115C	8.76	319
1862397	4932.YKL116C	8.74	519
1860764	4932.YGL053W	8.71	239
1864863	4932.YPL100W	8.71	446
1864615	4932.YOR262W	8.7	376
1859080	4932.YBR195C	8.7	246
1863493	4932.YMR127C	8.69	432
1864831	4932.YPL069C	8.68	325
1860215	4932.YDR525W-A	8.68	102
1862421	4932.YKL139W	8.66	531
1859402	4932.YDL018C	8.66	190
1863365	4932.YMR010W	8.66	271
1862695	4932.YLR006C	8.65	666
1865150	4932.YPR089W	8.65	760
1860546	4932.YER176W	8.65	1019
1859148	4932.YBR255C-A	8.65	96
1864163	4932.YOL008W	8.63	190
1862810	4932.YLR119W	8.61	171
1863606	4932.YMR228W	8.59	371
1864242	4932.YOL082W	8.58	328
1859486	4932.YDL098C	8.57	211
1858986	4932.YBR110W	8.57	423
1862236	4932.YJR130C	8.56	602
1864949	4932.YPL183C	8.55	1111
1862104	4932.YJR001W	8.54	623
1865143	4932.YPR082C	8.53	186
1861955	4932.YJL085W	8.51	607
1860898	4932.YGL185C	8.51	371
1860008	4932.YDR333C	8.5	667
1862761	4932.YLR071C	8.49	1142
1858654	4932.YAL033W	8.48	177
1859736	4932.YDR084C	8.47	268
1860926	4932.YGL211W	8.46	372
1859258	4932.YCL058W-A	8.46	27
1863802	4932.YNL081C	8.46	79
1859983	4932.YDR313C	8.44	250
1862647	4932.YLL028W	8.4	364
1861581	4932.YHR187W	8.4	425
1864105	4932.YNR030W	8.39	749
1863320	4932.YML102W	8.37	374
1861283	4932.YGR281W	8.37	1365
1862352	4932.YKL075C	8.36	218
1865158	4932.YPR098C	8.36	110
1859700	4932.YDR049W	8.33	522
1864826	4932.YPL064C	8.32	247
1864411	4932.YOR070C	8.31	485
1863227	4932.YML019W	8.3	368
1865108	4932.YPR048W	8.3	548
1861716	4932.YIL079C	8.29	337
1862171	4932.YJR066W	8.28	2840
1861982	4932.YJL112W	8.28	713
1864844	4932.YPL082C	8.27	1870
1863954	4932.YNL225C	8.27	469
1865260	4932.YPR185W	8.26	598
1864029	4932.YNL297C	8.26	1620
1860877	4932.YGL164C	8.26	343
1862755	4932.YLR065C	8.26	141
1860648	4932.YFR007W	8.25	443
1858923	4932.YBR055C	8.22	837
1863628	4932.YMR247C	8.22	1596
1861781	4932.YIL140W	8.22	705
1859227	4932.YCL029C	8.21	340
1861197	4932.YGR198W	8.21	864
1859166	4932.YBR272C	8.2	475
1860184	4932.YDR499W	8.18	637
1860711	4932.YGL004C	8.18	406
1861595	4932.YHR199C-A	8.17	47
1863861	4932.YNL136W	8.14	217
1863113	4932.YLR386W	8.12	909
1858645	4932.YAL026C	8.11	1131
1860540	4932.YER172C	8.1	1914
1858758	4932.YBL018C	8.09	106
1860847	4932.YGL134W	8.09	231
1859442	4932.YDL056W	8.08	546
1860657	4932.YFR013W	8.08	571
1863475	4932.YMR111C	8.07	405
1862339	4932.YKL064W	8.06	616
1864083	4932.YNR008W	8.06	703
1861543	4932.YHR154W	8.04	918
1860310	4932.YEL062W	8.04	386
1861244	4932.YGR243W	8.03	271
1865115	4932.YPR055W	8.03	850
1864301	4932.YOL135C	8.02	232
1863186	4932.YLR452C	8.01	533
1861846	4932.YIR023W	8.01	661
1859317	4932.YCR042C	8.01	1005
1864587	4932.YOR233W	7.99	610
1861656	4932.YIL026C	7.97	823
1859501	4932.YDL113C	7.96	446
1862538	4932.YKR029C	7.93	612
1861430	4932.YHR056C	7.92	969
1859152	4932.YBR258C	7.91	124
1860530	4932.YER163C	7.9	276
1864094	4932.YNR019W	7.89	525
1862657	4932.YLL038C	7.89	183
1864506	4932.YOR160W	7.88	757
1859260	4932.YCL061C	7.87	731
1859993	4932.YDR320C-A	7.85	80
1863773	4932.YNL054W	7.84	432
1859957	4932.YDR287W	7.84	218
1860346	4932.YER015W	7.83	710
1864474	4932.YOR130C	7.82	312
1863054	4932.YLR332W	7.82	277
1862420	4932.YKL138C-A	7.81	94
1864696	4932.YOR336W	7.81	1256
1862136	4932.YJR031C	7.81	979
1861080	4932.YGR093W	7.79	495
1864917	4932.YPL152W	7.79	255
1863707	4932.YMR316W	7.78	219
1864664	4932.YOR308C	7.78	415
1864229	4932.YOL069W	7.77	366
1861469	4932.YHR086W	7.76	292
1862974	4932.YLR260W	7.76	472
1863587	4932.YMR209C	7.76	484
1860964	4932.YGL248W	7.76	325
1861682	4932.YIL048W	7.74	842
1862429	4932.YKL146W	7.71	364
1864749	4932.YOR385W	7.69	205
1863415	4932.YMR054W	7.67	756
1860159	4932.YDR473C	7.67	367
1861677	4932.YIL045W	7.66	366
1862074	4932.YJL198W	7.65	380
1863760	4932.YNL042W	7.64	328
1864643	4932.YOR290C	7.64	1095
1863025	4932.YLR305C	7.63	1493
1862694	4932.YLR005W	7.63	473
1861323	4932.YHL018W	7.62	109
1861160	4932.YGR163W	7.58	298
1860829	4932.YGL117W	7.57	285
1861761	4932.YIL121W	7.54	492
1863196	4932.YLR462W	7.54	2419
1862710	4932.YLR021W	7.53	168
1861507	4932.YHR123W	7.52	224
1859272	4932.YCR003W	7.51	154
1861389	4932.YHR023W	7.5	1517
1863450	4932.YMR087W	7.5	233
1864896	4932.YPL132W	7.49	238
1861751	4932.YIL112W	7.49	711
1864993	4932.YPL224C	7.46	364
1863296	4932.YML082W	7.46	417
1863144	4932.YLR412W	7.46	271
1859245	4932.YCL047C	7.45	292
1862767	4932.YLR077W	7.44	472
1860209	4932.YDR523C	7.43	257
1862836	4932.YLR144C	7.4	607
1859512	4932.YDL123W	7.4	80
1862898	4932.YLR188W	7.39	421
1863500	4932.YMR134W	7.37	164
1861109	4932.YGR120C	7.37	276
1859207	4932.YCL008C	7.36	172
1860351	4932.YER019W	7.35	439
1864303	4932.YOL137W	7.35	195
1863272	4932.YML059C	7.34	1233
1862117	4932.YJR012C	7.34	119
1861087	4932.YGR100W	7.34	916
1864102	4932.YNR027W	7.34	329
1864717	4932.YOR355W	7.33	287
1861695	4932.YIL061C	7.32	147
1862110	4932.YJR006W	7.31	428
1863260	4932.YML050W	7.31	273
1862319	4932.YKL045W	7.31	374
1862634	4932.YLL015W	7.3	1387
1864109	4932.YNR033W	7.3	735
1864225	4932.YOL065C	7.29	325
1862325	4932.YKL051W	7.29	264
1859479	4932.YDL091C	7.27	275
1859918	4932.YDR252W	7.27	53
1861678	4932.YIL046W	7.26	476
1859286	4932.YCR017C	7.24	634
1860957	4932.YGL241W	7.22	762
1859478	4932.YDL090C	7.21	203
1863123	4932.YLR396C	7.21	455
1863701	4932.YMR313C	7.2	471
1864322	4932.YOL156W	7.19	2154
1862095	4932.YJL219W	7.19	2154
1860822	4932.YGL110C	7.19	340
1864008	4932.YNL278W	7.19	699
1864498	4932.YOR152C	7.18	162
1860587	4932.YFL017W-A	7.18	60
1863498	4932.YMR132C	7.17	145
1863698	4932.YMR310C	7.15	194
1864996	4932.YPL227C	7.13	312
1858955	4932.YBR083W	7.13	252
1859331	4932.YCR054C	7.13	524
1862020	4932.YJL146W	7.12	366
1860163	4932.YDR478W	7.12	109
1860467	4932.YER111C	7.11	713
1859490	4932.YDL102W	7.11	860
1863640	4932.YMR259C	7.09	1373
1859131	4932.YBR238C	7.09	539
1862106	4932.YJR003C	7.09	415
1862381	4932.YKL101W	7.09	961
1860091	4932.YDR407C	7.08	1118
1861238	4932.YGR238C	7.05	537
1860727	4932.YGL017W	7.04	427
1863759	4932.YNL041C	7.03	783
1865031	4932.YPL258C	7.03	920
1860169	4932.YDR484W	7.03	351
1859949	4932.YDR279W	7.02	293
1861285	4932.YGR283C	7.01	248
1861487	4932.YHR103W	7.01	633
1863210	4932.YML006C	7.01	306
1860993	4932.YGR013W	6.99	430
1861933	4932.YJL065C	6.98	81
1864999	4932.YPL230W	6.97	176
1860384	4932.YER047C	6.96	774
1859284	4932.YCR015C	6.95	192
1863848	4932.YNL124W	6.95	216
1862787	4932.YLR097C	6.95	264
1861714	4932.YIL077C	6.93	195
1864312	4932.YOL146W	6.93	306
1864538	4932.YOR188W	6.91	792
1858831	4932.YBL084C	6.91	516
1858651	4932.YAL031C	6.89	408
1860554	4932.YER183C	6.87	171
1861176	4932.YGR177C	6.87	440
1862753	4932.YLR063W	6.87	363
1858886	4932.YBR018C	6.85	278
1862602	4932.YKR091W	6.83	144
1863956	4932.YNL227C	6.82	398
1863770	4932.YNL051W	6.81	338
1860061	4932.YDR379W	6.8	576
1860393	4932.YER054C	6.8	372
1864886	4932.YPL122C	6.79	505
1862600	4932.YKR089C	6.78	731
1860856	4932.YGL143C	6.77	247
1864867	4932.YPL104W	6.76	534
1863989	4932.YNL260C	6.75	157
1859416	4932.YDL030W	6.74	341
1862771	4932.YLR081W	6.74	1736
1863987	4932.YNL258C	6.74	595
1861116	4932.YGR125W	6.74	713
1859340	4932.YCR067C	6.74	559
1863413	4932.YMR052W	6.72	114
1861647	4932.YIL019W	6.72	151
1865091	4932.YPR032W	6.71	751
1861548	4932.YHR159W	6.71	239
1862283	4932.YKL012W	6.7	449
1865102	4932.YPR042C	6.69	439
1861895	4932.YJL029C	6.69	641
1864449	4932.YOR106W	6.68	200
1862952	4932.YLR239C	6.67	255
1862709	4932.YLR020C	6.67	428
1862823	4932.YLR131C	6.67	503
1860123	4932.YDR439W	6.66	210
1865105	4932.YPR045C	6.66	295
1864377	4932.YOR036W	6.65	152
1864627	4932.YOR274W	6.65	292
1864457	4932.YOR113W	6.64	424
1860366	4932.YER033C	6.64	498
1863671	4932.YMR288W	6.64	721
1862275	4932.YKL005C	6.6	357
1861533	4932.YHR144C	6.6	207
1859364	4932.YCR091W	6.59	443
1859863	4932.YDR202C	6.59	256
1858657	4932.YAL034W-A	6.59	168
1862841	4932.YLR148W	6.58	849
1861101	4932.YGR112W	6.58	261
1860722	4932.YGL013C	6.57	588
1858749	4932.YBL009W	6.56	530
1864860	4932.YPL097W	6.56	314
1864628	4932.YOR275C	6.55	458
1861135	4932.YGR144W	6.54	244
1861297	4932.YGR295C	6.54	941
1859986	4932.YDR316W	6.53	249
1862320	4932.YKL046C	6.53	342
1865010	4932.YPL241C	6.51	138
1861247	4932.YGR246C	6.51	389
1859795	4932.YDR140W	6.5	165
1862080	4932.YJL204C	6.47	559
1864775	4932.YPL014W	6.46	143
1862006	4932.YJL133W	6.46	248
1861359	4932.YHL049C	6.46	2739
1864832	4932.YPL070W	6.44	433
1860160	4932.YDR475C	6.44	593
1859612	4932.YDL217C	6.44	185
1859251	4932.YCL052C	6.44	327
1860066	4932.YDR383C	6.44	141
1864379	4932.YOR038C	6.43	598
1860665	4932.YFR021W	6.41	350
1862228	4932.YJR122W	6.41	336
1864419	4932.YOR075W	6.41	165
1861724	4932.YIL088C	6.39	266
1864713	4932.YOR351C	6.37	306
1861824	4932.YIR007W	6.37	451
1859801	4932.YDR146C	6.35	390
1864989	4932.YPL221W	6.34	527
1859368	4932.YCR095C	6.33	218
1862590	4932.YKR079C	6.33	707
1860035	4932.YDR359C	6.31	611
1861684	4932.YIL050W	6.31	289
1860871	4932.YGL158W	6.3	425
1859604	4932.YDL209C	6.3	292
1860271	4932.YEL029C	6.3	236
1864274	4932.YOL108C	6.3	84
1859786	4932.YDR130C	6.29	116
1859311	4932.YCR037C	6.27	379
1864049	4932.YNL317W	6.27	290
1861269	4932.YGR268C	6.26	90
1862598	4932.YKR087C	6.25	195
1861689	4932.YIL055C	6.22	348
1861771	4932.YIL131C	6.22	228
1858904	4932.YBR036C	6.2	192
1860349	4932.YER018C	6.19	164
1859069	4932.YBR185C	6.17	185
1864906	4932.YPL141C	6.17	536
1864554	4932.YOR201C	6.16	252
1864365	4932.YOR026W	6.16	266
1860762	4932.YGL051W	6.16	132
1864494	4932.YOR148C	6.15	100
1859174	4932.YBR280C	6.15	388
1861102	4932.YGR113W	6.14	119
1863512	4932.YMR144W	6.14	164
1864767	4932.YPL006W	6.12	744
1864961	4932.YPL193W	6.12	224
1863886	4932.YNL158W	6.11	105
1861459	4932.YHR077C	6.1	695
1860293	4932.YEL048C	6.09	96
1860649	4932.YFR008W	6.09	128
1862011	4932.YJL137C	6.06	193
1864715	4932.YOR353C	6.05	401
1860637	4932.YFL064C	6.04	1901
1863119	4932.YLR392C	6.03	352
1864151	4932.YNR074C	6.03	235
1858936	4932.YBR065C	6.01	244
1862740	4932.YLR050C	6.0	143
1863174	4932.YLR440C	5.97	516
1864238	4932.YOL078W	5.97	574
1859017	4932.YBR136W	5.95	1802
1861556	4932.YHR166C	5.95	425
1858906	4932.YBR038W	5.93	538
1859386	4932.YDL003W	5.93	390
1858841	4932.YBL093C	5.93	82
1860635	4932.YFL062W	5.92	1261
1864836	4932.YPL074W	5.92	553
1864905	4932.YPL140C	5.92	299
1859050	4932.YBR167C	5.92	69
1862546	4932.YKR036C	5.91	428
1861680	4932.YIL047C	5.88	696
1864156	4932.YOL001W	5.88	164
1864462	4932.YOR118W	5.87	491
1864068	4932.YNL336W	5.87	1261
1859908	4932.YDR243C	5.86	476
1863017	4932.YLR298C	5.86	111
1862364	4932.YKL087C	5.85	108
1859342	4932.YCR069W	5.84	282
1861042	4932.YGR056W	5.83	460
1861530	4932.YHR142W	5.82	191
1864783	4932.YPL022W	5.82	775
1864505	4932.YOR159C	5.82	30
1862993	4932.YLR277C	5.82	596
1863551	4932.YMR177W	5.81	232
1860646	4932.YFR005C	5.81	305
1860638	4932.YFL065C	5.81	684
1858779	4932.YBL038W	5.8	93
1862361	4932.YKL084W	5.77	97
1860046	4932.YDR367W	5.76	86
1864428	4932.YOR084W	5.74	220
1863478	4932.YMR114C	5.73	237
1860949	4932.YGL233W	5.72	481
1861134	4932.YGR143W	5.72	606
1862547	4932.YKR037C	5.71	184
1860984	4932.YGR004W	5.71	253
1865254	4932.YPR179C	5.7	434
1864036	4932.YNL304W	5.69	135
1863920	4932.YNL191W	5.69	256
1864819	4932.YPL057C	5.69	235
1860156	4932.YDR470C	5.68	287
1859307	4932.YCR033W	5.68	525
1863979	4932.YNL250W	5.68	632
1860768	4932.YGL057C	5.66	120
1862774	4932.YLR084C	5.66	488
1859718	4932.YDR067C	5.65	137
1861822	4932.YIR005W	5.65	75
1860846	4932.YGL133W	5.63	675
1861475	4932.YHR091C	5.6	1236
1862157	4932.YJR052W	5.6	263
1860616	4932.YFL042C	5.59	347
1861502	4932.YHR118C	5.58	178
1862770	4932.YLR080W	5.58	260
1864903	4932.YPL138C	5.56	228
1864288	4932.YOL122C	5.55	232
1858782	4932.YBL039W-B	5.54	36
1864733	4932.YOR371C	5.53	469
1862887	4932.YLR177W	5.53	417
1862681	4932.YLL062C	5.53	373
1860608	4932.YFL034W	5.51	420
1858785	4932.YBL042C	5.51	358
1859659	4932.YDR013W	5.5	128
1863846	4932.YNL122C	5.5	66
1860258	4932.YEL018W	5.5	197
1865253	4932.YPR178W	5.5	293
1860001	4932.YDR326C	5.5	726
1861627	4932.YIL002C	5.48	499
1865180	4932.YPR119W	5.47	313
1858624	4932.YAL008W	5.45	118
1864561	4932.YOR208W	5.45	468
1862651	4932.YLL032C	5.45	505
1859384	4932.YDL001W	5.45	247
1861089	4932.YGR102C	5.44	86
1859401	4932.YDL017W	5.43	298
1864471	4932.YOR127W	5.42	530
1860776	4932.YGL064C	5.42	386
1864291	4932.YOL125W	5.42	279
1862704	4932.YLR015W	5.42	330
1863515	4932.YMR147W	5.42	181
1863488	4932.YMR122W-A	5.41	75
1859014	4932.YBR133C	5.41	519
1864183	4932.YOL025W	5.39	286
1862094	4932.YJL218W	5.39	77
1863159	4932.YLR427W	5.36	349
1863579	4932.YMR201C	5.36	164
1865040	4932.YPL267W	5.36	86
1859198	4932.YBR302C	5.35	1067
1863351	4932.YML132W	5.35	1067
1859821	4932.YDR166C	5.34	665
1859062	4932.YBR179C	5.34	480
1863950	4932.YNL221C	5.34	415
1860128	4932.YDR444W	5.3	226
1859843	4932.YDR183W	5.29	149
1862438	4932.YKL155C	5.29	316
1862116	4932.YJR011C	5.28	169
1863440	4932.YMR078C	5.28	502
1864651	4932.YOR297C	5.28	81
1859139	4932.YBR246W	5.27	340
1862531	4932.YKR022C	5.27	101
1861842	4932.YIR021W	5.26	251
1865212	4932.YPR147C	5.26	155
1864598	4932.YOR245C	5.25	191
1863311	4932.YML096W	5.24	273
1859445	4932.YDL059C	5.23	122
1860260	4932.YEL020C	5.23	411
1864326	4932.YOL159C-A	5.21	58
1861847	4932.YIR024C	5.2	122
1861113	4932.YGR122W	5.2	260
1863088	4932.YLR363C	5.19	121
1861339	4932.YHL032C	5.19	456
1862245	4932.YJR138W	5.18	756
1864259	4932.YOL096C	5.17	177
1860041	4932.YDR364C	5.16	246
1859099	4932.YBR210W	5.16	67
1864752	4932.YOR388C	5.16	233
1865140	4932.YPR079W	5.15	140
1864854	4932.YPL092W	5.14	145
1863740	4932.YNL023C	5.14	498
1864998	4932.YPL229W	5.13	96
1863672	4932.YMR289W	5.13	237
1859475	4932.YDL087C	5.12	132
1859972	4932.YDR302W	5.12	130
1860605	4932.YFL033C	5.11	847
1862351	4932.YKL074C	5.1	299
1862071	4932.YJL196C	5.1	185
1863458	4932.YMR095C	5.08	118
1861457	4932.YHR075C	5.07	179
1863677	4932.YMR293C	5.07	290
1861732	4932.YIL096C	5.06	133
1858641	4932.YAL022C	5.06	155
1859764	4932.YDR110W	5.06	266
1859708	4932.YDR057W	5.05	335
1860622	4932.YFL049W	5.05	383
1859443	4932.YDL057W	5.04	188
1863112	4932.YLR385C	5.04	99
1859733	4932.YDR081C	5.02	445
1858810	4932.YBL066C	5.02	561
1862370	4932.YKL093W	5.01	170
1865251	4932.YPR176C	5.0	293
1863619	4932.YMR240C	5.0	211
1859767	4932.YDR113C	5.0	143
1862186	4932.YJR082C	4.99	72
1863377	4932.YMR020W	4.99	323
1861427	4932.YHR054C	4.99	450
1860056	4932.YDR375C	4.99	266
1862806	4932.YLR115W	4.98	501
1864440	4932.YOR097C	4.98	96
1860970	4932.YGL254W	4.98	99
1860311	4932.YEL063C	4.97	304
1861967	4932.YJL097W	4.96	157
1858720	4932.YAR031W	4.96	199
1862109	4932.YJR005W	4.95	417
1859336	4932.YCR063W	4.94	65
1864012	4932.YNL282W	4.93	92
1862830	4932.YLR138W	4.92	292
1859546	4932.YDL155W	4.92	243
1864686	4932.YOR328W	4.89	2892
1863793	4932.YNL072W	4.87	195
1863634	4932.YMR253C	4.87	185
1864294	4932.YOL128C	4.87	258
1863019	4932.YLR299W	4.86	370
1862690	4932.YLR001C	4.86	342
1864884	4932.YPL120W	4.85	272
1864927	4932.YPL161C	4.84	509
1862138	4932.YJR033C	4.84	802
1863868	4932.YNL142W	4.84	144
1863542	4932.YMR171C	4.84	259
1863382	4932.YMR025W	4.83	150
1864850	4932.YPL088W	4.83	217
1859351	4932.YCR079W	4.83	209
1863591	4932.YMR213W	4.82	277
1858627	4932.YAL011W	4.82	144
1861998	4932.YJL127C-B	4.8	46
1859765	4932.YDR111C	4.8	169
1859506	4932.YDL117W	4.79	422
1862969	4932.YLR256W	4.79	610
1862207	4932.YJR102C	4.78	119
1861222	4932.YGR222W	4.78	151
1864599	4932.YOR246C	4.77	206
1863465	4932.YMR102C	4.77	422
1863209	4932.YML005W	4.77	316
1863930	4932.YNL201C	4.77	381
1863710	4932.YMR319C	4.77	217
1861131	4932.YGR140W	4.76	533
1859105	4932.YBR216C	4.75	447
1861489	4932.YHR105W	4.75	79
1859971	4932.YDR301W	4.74	606
1861941	4932.YJL073W	4.74	332
1860662	4932.YFR018C	4.73	124
1859213	4932.YCL016C	4.72	212
1861198	4932.YGR199W	4.72	472
1860198	4932.YDR512C	4.71	100
1859477	4932.YDL089W	4.71	206
1858912	4932.YBR044C	4.71	332
1863327	4932.YML109W	4.7	264
1860109	4932.YDR425W	4.7	308
1863599	4932.YMR221C	4.69	304
1860853	4932.YGL140C	4.68	534
1864213	4932.YOL053W	4.67	200
1863991	4932.YNL262W	4.64	1199
1864164	4932.YOL009C	4.61	195
1861789	4932.YIL147C	4.6	610
1858843	4932.YBL095W	4.6	149
1860783	4932.YGL071W	4.58	170
1862032	4932.YJL157C	4.57	432
1861554	4932.YHR165C	4.56	1226
1859697	4932.YDR046C	4.55	200
1862036	4932.YJL161W	4.55	83
1862183	4932.YJR078W	4.54	208
1863830	4932.YNL106C	4.54	681
1864142	4932.YNR065C	4.53	2174
1864787	4932.YPL026C	4.52	210
1862215	4932.YJR110W	4.52	262
1859335	4932.YCR061W	4.5	204
1862624	4932.YLL006W	4.5	160
1858979	4932.YBR104W	4.49	181
1859339	4932.YCR066W	4.47	207
1861585	4932.YHR191C	4.46	66
1863338	4932.YML119W	4.46	175
1863946	4932.YNL217W	4.45	180
1861485	4932.YHR101C	4.44	132
1864116	4932.YNR039C	4.43	128
1864106	4932.YNR031C	4.42	739
1863016	4932.YLR297W	4.42	28
1865085	4932.YPR026W	4.42	525
1858863	4932.YBL111C	4.4	5141
1861076	4932.YGR089W	4.39	363
1864006	4932.YNL277W	4.39	244
1865114	4932.YPR054W	4.38	540
1859325	4932.YCR048W	4.38	272
1858655	4932.YAL034C	4.38	140
1865278	4932.YPR203W	4.37	684
1861884	4932.YJL019W	4.37	308
1858845	4932.YBL097W	4.36	271
1862288	4932.YKL017C	4.36	470
1861381	4932.YHR017W	4.35	211
1860731	4932.YGL021W	4.35	370
1859147	4932.YBR254C	4.34	84
1861726	4932.YIL090W	4.34	276
1865220	4932.YPR155C	4.34	354
1862921	4932.YLR211C	4.34	83
1864987	4932.YPL219W	4.33	256
1860004	4932.YDR329C	4.33	215
1860299	4932.YEL053C	4.31	291
1862415	4932.YKL134C	4.31	424
1861939	4932.YJL071W	4.31	285
1859792	4932.YDR137W	4.31	300
1864925	4932.YPL159C	4.3	151
1863610	4932.YMR231W	4.3	548
1864916	4932.YPL151C	4.3	199
1863237	4932.YML029W	4.29	443
1861223	4932.YGR223C	4.29	249
1861873	4932.YJL006C	4.29	156
1862453	4932.YKL168C	4.28	342
1860127	4932.YDR443C	4.28	518
1862899	4932.YLR189C	4.27	490
1858871	4932.YBR005W	4.27	114
1859779	4932.YDR123C	4.27	68
1858942	4932.YBR071W	4.27	106
1864870	4932.YPL107W	4.26	85
1862501	4932.YKL217W	4.25	244
1860757	4932.YGL045W	4.25	263
1864265	4932.YOL101C	4.25	92
1858931	4932.YBR060C	4.24	222
1862676	4932.YLL057C	4.24	188
1864576	4932.YOR223W	4.24	110
1860503	4932.YER142C	4.23	129
1863982	4932.YNL253W	4.23	218
1861153	4932.YGR161C	4.22	112
1860892	4932.YGL179C	4.22	262
1861264	4932.YGR263C	4.21	234
1864320	4932.YOL155C	4.21	211
1865234	4932.YPR162C	4.21	333
1862994	4932.YLR278C	4.21	478
1858681	4932.YAL055W	4.21	82
1859459	4932.YDL073W	4.2	501
1863631	4932.YMR251W	4.2	100
1861078	4932.YGR091W	4.19	242
1863109	4932.YLR382C	4.19	466
1865277	4932.YPR202W	4.18	1937
1862951	4932.YLR238W	4.17	148
1864977	4932.YPL209C	4.17	135
1863577	4932.YMR199W	4.16	170
1864425	4932.YOR081C	4.15	357
1861539	4932.YHR150W	4.14	334
1859035	4932.YBR153W	4.13	76
1861690	4932.YIL056W	4.12	232
1858618	4932.YAL001C	4.11	478
1859763	4932.YDR109C	4.11	341
1864839	4932.YPL077C	4.11	83
1859772	4932.YDR118W	4.1	384
1863794	4932.YNL073W	4.09	248
1859742	4932.YDR090C	4.09	77
1860805	4932.YGL093W	4.09	319
1863026	4932.YLR306W	4.09	92
1864108	4932.YNR032W	4.09	270
1861622	4932.YHR218W	4.08	4261
1861346	4932.YHL038C	4.08	283
1862762	4932.YLR072W	4.07	404
1860839	4932.YGL126W	4.07	168
1861938	4932.YJL070C	4.07	370
1859149	4932.YBR255W	4.06	277
1863310	4932.YML095C	4.05	102
1861915	4932.YJL049W	4.05	197
1865250	4932.YPR175W	4.04	295
1863639	4932.YMR258C	4.04	247
1863274	4932.YML061C	4.04	286
1861551	4932.YHR162W	4.03	164
1863807	4932.YNL086W	4.03	20
1859367	4932.YCR094W	4.02	174
1862151	4932.YJR046W	4.02	337
1861261	4932.YGR260W	4.01	311
1864802	4932.YPL040C	4.01	477
1862145	4932.YJR040W	4.0	302
1861168	4932.YGR170W	4.0	315
1859861	4932.YDR200C	4.0	212
1863278	4932.YML065W	3.99	355
1860688	4932.YFR039C	3.99	256
1859839	4932.YDR181C	3.99	198
1861857	4932.YIR033W	3.98	347
1859732	4932.YDR080W	3.98	437
1859079	4932.YBR194W	3.98	26
1859887	4932.YDR222W	3.97	236
1861827	4932.YIR010W	3.96	169
1861911	4932.YJL046W	3.95	161
1859761	4932.YDR107C	3.95	454
1861335	4932.YHL029C	3.95	245
1863824	4932.YNL101W	3.94	166
1863259	4932.YML049C	3.94	836
1864632	4932.YOR279C	3.94	72
1861515	4932.YHR131C	3.93	197
1862917	4932.YLR207W	3.93	353
1862966	4932.YLR253W	3.93	253
1862568	4932.YKR058W	3.92	200
1861953	4932.YJL083W	3.92	280
1864186	4932.YOL028C	3.91	39
1864799	4932.YPL038W	3.91	67
1861329	4932.YHL023C	3.9	372
1864307	4932.YOL141W	3.89	316
1864644	4932.YOR291W	3.89	632
1864244	4932.YOL083W	3.89	203
1863922	4932.YNL193W	3.89	461
1862611	4932.YKR099W	3.89	276
1864228	4932.YOL068C	3.88	284
1863584	4932.YMR206W	3.88	90
1859797	4932.YDR142C	3.85	163
1864304	4932.YOL138C	3.84	473
1859667	4932.YDR020C	3.84	95
1860854	4932.YGL141W	3.84	427
1862193	4932.YJR089W	3.83	324
1861274	4932.YGR271W	3.82	1018
1864649	4932.YOR295W	3.81	75
1862747	4932.YLR057W	3.81	388
1861762	4932.YIL122W	3.81	55
1861405	4932.YHR036W	3.8	192
1859724	4932.YDR073W	3.79	65
1864720	4932.YOR358W	3.79	105
1859784	4932.YDR128W	3.79	384
1864052	4932.YNL320W	3.78	143
1862324	4932.YKL050C	3.76	353
1860000	4932.YDR325W	3.74	408
1861044	4932.YGR058W	3.74	134
1862289	4932.YKL018C-A	3.74	35
1863100	4932.YLR373C	3.73	449
1861759	4932.YIL119C	3.73	109
1860246	4932.YEL009C	3.73	89
1864282	4932.YOL116W	3.73	86
1862941	4932.YLR228C	3.71	152
1864617	4932.YOR264W	3.71	110
1862675	4932.YLL056C	3.71	120
1860663	4932.YFR019W	3.71	670
1861124	4932.YGR133W	3.7	99
1862813	4932.YLR121C	3.7	172
1862721	4932.YLR032W	3.69	352
1863358	4932.YMR003W	3.67	60
1863544	4932.YMR172W	3.67	209
1862475	4932.YKL189W	3.67	188
1860026	4932.YDR351W	3.66	288
1862487	4932.YKL203C	3.65	1459
1860806	4932.YGL094C	3.65	514
1860986	4932.YGR006W	3.65	135
1864191	4932.YOL033W	3.64	243
1864201	4932.YOL042W	3.63	148
1864807	4932.YPL045W	3.62	361
1865017	4932.YPL248C	3.62	352
1860481	4932.YER124C	3.62	196
1862007	4932.YJL134W	3.62	231
1865027	4932.YPL256C	3.62	194
1863849	4932.YNL125C	3.61	169
1859102	4932.YBR213W	3.6	113
1860994	4932.YGR014W	3.58	128
1860200	4932.YDR514C	3.58	164
1858789	4932.YBL046W	3.58	182
1860942	4932.YGL226W	3.56	52
1860489	4932.YER132C	3.56	704
1860692	4932.YFR043C	3.55	92
1861503	4932.YHR119W	3.54	416
1863401	4932.YMR042W	3.52	43
1859100	4932.YBR211C	3.51	112
1861033	4932.YGR047C	3.5	428
1861642	4932.YIL014W	3.5	228
1862369	4932.YKL092C	3.49	446
1864086	4932.YNR011C	3.49	475
1860687	4932.YFR038W	3.49	267
1861976	4932.YJL106W	3.48	236
1862696	4932.YLR007W	3.48	137
1861798	4932.YIL156W	3.47	369
1858873	4932.YBR007C	3.47	262
1860038	4932.YDR362C	3.47	224
1864046	4932.YNL314W	3.46	51
1862760	4932.YLR070C	3.46	130
1863880	4932.YNL152W	3.46	149
1859655	4932.YDR009W	3.46	491
1863218	4932.YML011C	3.46	100
1864654	4932.YOR299W	3.45	264
1862155	4932.YJR050W	3.45	76
1862188	4932.YJR084W	3.44	153
1864833	4932.YPL071C	3.44	55
1863352	4932.YML133C	3.44	8254
1858775	4932.YBL034C	3.44	572
1861030	4932.YGR044C	3.44	139
1863133	4932.YLR405W	3.44	150
1864157	4932.YOL002C	3.43	122
1863290	4932.YML077W	3.42	95
1858867	4932.YBR001C	3.41	655
1861004	4932.YGR024C	3.41	131
1862459	4932.YKL174C	3.4	145
1863728	4932.YNL011C	3.4	158
1863990	4932.YNL261W	3.4	193
1858750	4932.YBL010C	3.4	96
1864734	4932.YOR372C	3.39	144
1859958	4932.YDR288W	3.39	109
1861769	4932.YIL129C	3.39	913
1859905	4932.YDR240C	3.38	167
1859703	4932.YDR052C	3.38	289
1863893	4932.YNL164C	3.38	148
1858933	4932.YBR062C	3.36	88
1863799	4932.YNL078W	3.36	100
1864370	4932.YOR031W	3.36	23
1865205	4932.YPR141C	3.36	266
1858898	4932.YBR030W	3.35	241
1860675	4932.YFR031C	3.34	397
1862772	4932.YLR082C	3.34	151
1861972	4932.YJL102W	3.34	271
1861057	4932.YGR070W	3.34	500
1862880	4932.YLR170C	3.33	79
1860609	4932.YFL036W	3.33	494
1859762	4932.YDR108W	3.33	204
1861752	4932.YIL113W	3.33	76
1861375	4932.YHR011W	3.32	168
1859051	4932.YBR168W	3.29	162
1859370	4932.YCR096C	3.29	87
1859056	4932.YBR173C	3.28	47
1860619	4932.YFL046W	3.27	74
1861703	4932.YIL068C	3.27	331
1862631	4932.YLL012W	3.27	225
1860241	4932.YEL005C	3.27	47
1863325	4932.YML107C	3.26	139
1859570	4932.YDL176W	3.25	252
1858678	4932.YAL051W	3.24	291
1864656	4932.YOR301W	3.24	176
1862819	4932.YLR127C	3.24	258
1864135	4932.YNR058W	3.24	175
1859296	4932.YCR024C	3.24	214
1865002	4932.YPL233W	3.23	91
1861814	4932.YIL173W	3.22	2290
1859867	4932.YDR206W	3.22	293
1863408	4932.YMR048W	3.21	93
1860639	4932.YFL066C	3.21	2998
1864663	4932.YOR307C	3.2	176
1861051	4932.YGR065C	3.2	236
1861358	4932.YHL048W	3.2	448
1860495	4932.YER137C	3.2	48
1863194	4932.YLR460C	3.2	485
1863076	4932.YLR352W	3.2	278
1861721	4932.YIL085C	3.2	210
1862831	4932.YLR139C	3.19	223
1858643	4932.YAL024C	3.19	433
1861980	4932.YJL110C	3.19	177
1861785	4932.YIL143C	3.18	386
1862202	4932.YJR097W	3.18	70
1864871	4932.YPL108W	3.18	41
1862205	4932.YJR100C	3.18	121
1859674	4932.YDR027C	3.18	313
1864932	4932.YPL166W	3.17	112
1860561	4932.YER189W	3.17	880
1860323	4932.YEL075C	3.17	880
1863188	4932.YLR454W	3.16	1007
1862469	4932.YKL183W	3.16	76
1860908	4932.YGL194C	3.15	178
1862754	4932.YLR064W	3.15	101
1864740	4932.YOR377W	3.15	219
1860574	4932.YFL009W	3.15	247
1863305	4932.YML091C	3.15	388
1863664	4932.YMR281W	3.14	105
1861166	4932.YGR169C	3.14	148
1862729	4932.YLR039C	3.14	291
1859195	4932.YBR299W	3.14	688
1861294	4932.YGR292W	3.14	688
1862098	4932.YJL222W	3.13	2279
1863772	4932.YNL053W	3.13	137
1861392	4932.YHR026W	3.11	72
1859397	4932.YDL013W	3.11	173
1859250	4932.YCL051W	3.11	157
1860167	4932.YDR482C	3.11	28
1862330	4932.YKL055C	3.1	114
1860055	4932.YDR374W-A	3.1	41
1859240	4932.YCL042W	3.1	32
1865116	4932.YPR056W	3.1	142
1859134	4932.YBR241C	3.09	134
1859456	4932.YDL070W	3.08	199
1860770	4932.YGL059W	3.08	191
1862282	4932.YKL011C	3.08	124
1861917	4932.YJL051W	3.08	153
1862257	4932.YJR149W	3.07	152
1859836	4932.YDR179C	3.07	56
1864572	4932.YOR219C	3.06	356
1862608	4932.YKR096W	3.05	501
1861811	4932.YIL169C	3.05	238
1859636	4932.YDL240W	3.05	380
1860333	4932.YER005W	3.03	212
1860474	4932.YER118C	3.03	90
1860956	4932.YGL240W	3.03	58
1862483	4932.YKL197C	3.02	358
1859413	4932.YDL027C	3.02	119
1862953	4932.YLR240W	3.02	258
1858712	4932.YAR019C	3.01	376
1865167	4932.YPR107C	3.0	81
1862776	4932.YLR086W	3.0	410
1860791	4932.YGL079W	3.0	33
1865204	4932.YPR140W	3.0	128
1859038	4932.YBR156C	3.0	136
1865026	4932.YPL255W	2.99	135
1860697	4932.YFR048W	2.99	269
1862463	4932.YKL178C	2.99	112
1860006	4932.YDR331W	2.99	143
1863851	4932.YNL127W	2.96	334
1858704	4932.YAR003W	2.96	166
1860449	4932.YER093C-A	2.96	47
1860420	4932.YER075C	2.95	319
1862088	4932.YJL212C	2.94	167
1860024	4932.YDR349C	2.94	197
1864778	4932.YPL017C	2.94	174
1862405	4932.YKL124W	2.94	166
1860039	4932.YDR363W	2.94	103
1859169	4932.YBR275C	2.93	697
1863538	4932.YMR167W	2.93	276
1863085	4932.YLR361C	2.92	243
1860222	4932.YDR532C	2.92	130
1863482	4932.YMR118C	2.92	62
1859757	4932.YDR103W	2.91	443
1860868	4932.YGL155W	2.91	116
1860840	4932.YGL127C	2.9	48
1862312	4932.YKL038W	2.9	280
1862083	4932.YJL207C	2.9	855
1861169	4932.YGR171C	2.89	220
1864037	4932.YNL305C	2.89	73
1863228	4932.YML020W	2.88	176
1862688	4932.YLL067C	2.88	6175
1863077	4932.YLR353W	2.88	124
1864637	4932.YOR284W	2.88	97
1862654	4932.YLL035W	2.88	183
1864025	4932.YNL293W	2.88	214
1858753	4932.YBL013W	2.88	113
1858827	4932.YBL080C	2.87	165
1858626	4932.YAL010C	2.86	192
1864897	4932.YPL133C	2.85	91
1859574	4932.YDL180W	2.85	91
1858783	4932.YBL040C	2.85	123
1863588	4932.YMR210W	2.84	135
1859492	4932.YDL104C	2.83	131
1860924	4932.YGL209W	2.82	39
1859300	4932.YCR026C	2.82	227
1859291	4932.YCR020C-A	2.81	40
1861494	4932.YHR110W	2.81	73
1859592	4932.YDL197C	2.8	140
1858674	4932.YAL047C	2.8	178
1859463	4932.YDL077C	2.8	302
1863798	4932.YNL077W	2.79	143
1860472	4932.YER116C	2.79	51
1862987	4932.YLR271W	2.79	83
1860148	4932.YDR463W	2.79	103
1862685	4932.YLL066C	2.79	6175
1862163	4932.YJR058C	2.78	37
1864945	4932.YPL179W	2.77	307
1862950	4932.YLR237W	2.77	266
1863589	4932.YMR211W	2.77	160
1863651	4932.YMR270C	2.77	89
1858864	4932.YBL112C	2.76	556
1861623	4932.YHR218W-A	2.76	556
1864915	4932.YPL150W	2.75	204
1863649	4932.YMR268C	2.75	133
1859866	4932.YDR205W	2.75	209
1863693	4932.YMR306W	2.74	2061
1863427	4932.YMR066W	2.73	250
1864837	4932.YPL075W	2.72	245
1859802	4932.YDR147W	2.72	157
1863255	4932.YML046W	2.72	238
1858991	4932.YBR114W	2.72	190
1861561	4932.YHR171W	2.71	255
1862432	4932.YKL149C	2.71	120
1864021	4932.YNL289W	2.71	84
1861318	4932.YHL014C	2.7	146
1861964	4932.YJL094C	2.69	161
1863720	4932.YNL003C	2.69	98
1859884	4932.YDR219C	2.69	171
1863801	4932.YNL080C	2.69	87
1860107	4932.YDR423C	2.67	106
1862295	4932.YKL023C-A	2.67	23
1864103	4932.YNR028W	2.67	79
1862650	4932.YLL031C	2.67	277
1860746	4932.YGL036W	2.67	206
1864942	4932.YPL176C	2.67	166
1864761	4932.YOR396W	2.67	8550
1860236	4932.YDR545W	2.67	8550
1863204	4932.YLR467W	2.67	8550
1858818	4932.YBL071W-A	2.66	25
1859878	4932.YDR213W	2.66	147
1858772	4932.YBL031W	2.66	91
1865280	4932.YPR204W	2.66	4941
1861923	4932.YJL056C	2.65	164
1859530	4932.YDL139C	2.65	47
1862845	4932.YLR151C	2.64	76
1862622	4932.YLL004W	2.64	220
1864181	4932.YOL023W	2.64	214
1863518	4932.YMR150C	2.63	51
1861856	4932.YIR032C	2.63	69
1864059	4932.YNL327W	2.63	208
1861402	4932.YHR033W	2.63	172
1860469	4932.YER113C	2.63	180
1862820	4932.YLR128W	2.62	106
1862102	4932.YJL225C	2.62	8224
1861816	4932.YIL177C	2.62	8224
1861871	4932.YJL004C	2.61	53
1859122	4932.YBR230W-A	2.6	10
1862588	4932.YKR077W	2.6	74
1859882	4932.YDR217C	2.6	358
1865145	4932.YPR084W	2.58	81
1861096	4932.YGR109C	2.57	119
1860326	4932.YEL076C-A	2.57	666
1863198	4932.YLR464W	2.57	666
1859571	4932.YDL177C	2.57	51
1862799	4932.YLR108C	2.56	142
1864125	4932.YNR048W	2.56	107
1864147	4932.YNR070W	2.56	1013
1862981	4932.YLR265C	2.55	80
1858821	4932.YBL074C	2.55	85
1863038	4932.YLR316C	2.55	90
1858765	4932.YBL025W	2.54	56
1859165	4932.YBR271W	2.53	122
1864689	4932.YOR330C	2.53	274
1863530	4932.YMR159C	2.53	35
1865144	4932.YPR083W	2.53	111
1860124	4932.YDR440W	2.52	137
1863776	4932.YNL056W	2.52	67
1862540	4932.YKR031C	2.52	430
1859524	4932.YDL133W	2.52	154
1861545	4932.YHR156C	2.52	87
1865054	4932.YPL283C	2.51	8332
1861300	4932.YGR296W	2.51	8332
1864071	4932.YNL339C	2.51	8332
1859205	4932.YCL005W-A	2.51	27
1863295	4932.YML081W	2.51	277
1858676	4932.YAL048C	2.5	229
1862269	4932.YJR161C	2.49	769
1860306	4932.YEL059C-A	2.48	29
1863602	4932.YMR224C	2.48	140
1863643	4932.YMR262W	2.48	103
1862705	4932.YLR016C	2.48	57
1859508	4932.YDL119C	2.48	90
1864273	4932.YOL107W	2.47	104
1864285	4932.YOL119C	2.45	146
1863565	4932.YMR190C	2.45	392
1864682	4932.YOR324C	2.44	111
1864325	4932.YOL159C	2.44	12
1862388	4932.YKL107W	2.44	98
1858747	4932.YBL008W	2.43	434
1861996	4932.YJL126W	2.43	95
1858684	4932.YAL058W	2.43	138
1863959	4932.YNL230C	2.42	95
1861848	4932.YIR025W	2.42	124
1858829	4932.YBL082C	2.42	141
1864529	4932.YOR180C	2.42	71
1864421	4932.YOR077W	2.41	54
1860709	4932.YGL002W	2.41	68
1861819	4932.YIR002C	2.4	183
1864241	4932.YOL081W	2.39	738
1859377	4932.YCR102C	2.39	445
1861986	4932.YJL116C	2.39	95
1864959	4932.YPL191C	2.37	88
1860231	4932.YDR541C	2.37	70
1862194	4932.YJR090C	2.37	291
1862555	4932.YKR045C	2.37	36
1863665	4932.YMR282C	2.37	142
1861003	4932.YGR023W	2.37	63
1863876	4932.YNL148C	2.36	55
1862336	4932.YKL061W	2.36	27
1860538	4932.YER170W	2.36	65
1859681	4932.YDR034C	2.36	125
1864361	4932.YOR022C	2.35	224
1864921	4932.YPL155C	2.35	122
1860099	4932.YDR415C	2.35	106
1860180	4932.YDR495C	2.34	221
1863678	4932.YMR294W	2.33	79
1859151	4932.YBR257W	2.33	56
1864355	4932.YOR017W	2.33	174
1859021	4932.YBR140C	2.33	748
1863250	4932.YML041C	2.32	72
1860051	4932.YDR371W	2.31	136
1862646	4932.YLL027W	2.31	47
1861870	4932.YJL003W	2.31	28
1863967	4932.YNL238W	2.3	177
1861853	4932.YIR030C	2.3	72
1864138	4932.YNR061C	2.3	67
1860170	4932.YDR485C	2.28	169
1859493	4932.YDL105W	2.27	90
1863766	4932.YNL047C	2.26	131
1858631	4932.YAL015C	2.26	106
1865261	4932.YPR186C	2.26	90
1860210	4932.YDR524C	2.26	91
1861360	4932.YHL050C	2.25	3183
1863667	4932.YMR284W	2.25	148
1859265	4932.YCL067C	2.24	129
1859314	4932.YCR039C	2.24	129
1865005	4932.YPL236C	2.24	105
1861280	4932.YGR278W	2.24	186
1859341	4932.YCR068W	2.24	107
1865161	4932.YPR101W	2.24	44
1862292	4932.YKL020C	2.23	252
1859132	4932.YBR239C	2.23	129
1858803	4932.YBL059W	2.23	49
1863952	4932.YNL223W	2.23	133
1863901	4932.YNL172W	2.23	378
1863337	4932.YML118W	2.23	124
1864527	4932.YOR178C	2.23	142
1861369	4932.YHR006W	2.22	90
1861322	4932.YHL017W	2.22	107
1864866	4932.YPL103C	2.22	176
1865125	4932.YPR065W	2.2	95
1863531	4932.YMR160W	2.2	186
1863235	4932.YML027W	2.19	68
1859769	4932.YDR115W	2.19	35
1860208	4932.YDR522C	2.19	160
1861062	4932.YGR075C	2.19	57
1864089	4932.YNR014W	2.18	30
1860564	4932.YER190W	2.18	6845
1862599	4932.YKR088C	2.18	92
1859844	4932.YDR184C	2.17	51
1863816	4932.YNL095C	2.17	114
1864436	4932.YOR093C	2.17	398
1860899	4932.YGL186C	2.16	106
1862037	4932.YJL162C	2.16	129
1865069	4932.YPR011C	2.16	98
1859170	4932.YBR276C	2.15	219
1862235	4932.YJR129C	2.14	108
1861948	4932.YJL078C	2.14	102
1862528	4932.YKR019C	2.14	158
1861513	4932.YHR129C	2.14	77
1860931	4932.YGL216W	2.14	141
1865109	4932.YPR049C	2.13	245
1865042	4932.YPL269W	2.12	102
1862964	4932.YLR251W	2.12	52
1862988	4932.YLR272C	2.11	342
1859365	4932.YCR092C	2.11	229
1858804	4932.YBL060W	2.11	149
1864541	4932.YOR191W	2.1	280
1863420	4932.YMR059W	2.1	62
1864002	4932.YNL273W	2.09	277
1863289	4932.YML076C	2.09	223
1860327	4932.YEL077C	2.08	5244
1860801	4932.YGL089C	2.08	23
1864619	4932.YOR266W	2.08	76
1862579	4932.YKR069W	2.07	141
1861421	4932.YHR050W	2.07	61
1861738	4932.YIL101C	2.06	112
1863302	4932.YML088W	2.05	149
1864233	4932.YOL073C	2.05	73
1860802	4932.YGL090W	2.05	370
1863121	4932.YLR394W	2.05	148
1864095	4932.YNR020C	2.05	59
1864435	4932.YOR092W	2.05	99
1863202	4932.YLR466W	2.04	5155
1864764	4932.YPL003W	2.03	96
1861883	4932.YJL016W	2.03	111
1861178	4932.YGR179C	2.03	86
1864507	4932.YOR161C	2.02	158
1864542	4932.YOR192C	2.02	230
1864324	4932.YOL158C	2.02	141
1865275	4932.YPR200C	2.02	24
1864602	4932.YOR249C	2.02	155
1861163	4932.YGR166W	2.01	139
1860837	4932.YGL124C	2.01	140
1863376	4932.YMR019W	2.01	289
1862999	4932.YLR283W	2.01	60
1862775	4932.YLR085C	2.0	109
1864400	4932.YOR059C	2.0	84
1862597	4932.YKR086W	2.0	341
1862225	4932.YJR119C	2.0	167
1860048	4932.YDR369C	2.0	176
1861924	4932.YJL057C	1.99	122
1860952	4932.YGL236C	1.99	166
1864078	4932.YNR003W-A	1.98	5
1864194	4932.YOL036W	1.98	100
1863149	4932.YLR417W	1.98	110
1862677	4932.YLL058W	1.98	99
1863460	4932.YMR097C	1.98	70
1864408	4932.YOR067C	1.97	195
1861324	4932.YHL019C	1.97	142
1859540	4932.YDL149W	1.97	165
1860959	4932.YGL243W	1.97	82
1863613	4932.YMR234W	1.96	58
1861310	4932.YHL008C	1.96	114
1863891	4932.YNL162W-A	1.96	17
1863193	4932.YLR459W	1.95	84
1862158	4932.YJR053W	1.95	121
1859537	4932.YDL146W	1.95	149
1861307	4932.YHL006C	1.95	30
1862539	4932.YKR030W	1.94	32
1863168	4932.YLR436C	1.94	319
1865081	4932.YPR022C	1.93	215
1863963	4932.YNL234W	1.93	89
1863246	4932.YML037C	1.92	47
1864374	4932.YOR034C	1.92	179
1859434	4932.YDL048C	1.92	92
1862389	4932.YKL108W	1.92	64
1862045	4932.YJL170C	1.92	28
1859128	4932.YBR235W	1.92	145
1863905	4932.YNL176C	1.91	63
1863670	4932.YMR287C	1.91	193
1864141	4932.YNR064C	1.91	65
1864528	4932.YOR179C	1.9	53
1863743	4932.YNL025C	1.9	69
1864043	4932.YNL311C	1.89	184
1861333	4932.YHL027W	1.89	126
1862621	4932.YLL003W	1.89	152
1863864	4932.YNL138W-A	1.88	11
1862834	4932.YLR142W	1.88	88
1860626	4932.YFL053W	1.88	101
1860228	4932.YDR538W	1.88	73
1859289	4932.YCR019W	1.88	104
1863525	4932.YMR156C	1.87	57
1862726	4932.YLR036C	1.87	47
1861562	4932.YHR172W	1.87	167
1861258	4932.YGR257C	1.86	91
1864278	4932.YOL112W	1.84	100
1860454	4932.YER098W	1.84	86
1861625	4932.YHR219W	1.84	1861
1863271	4932.YML058W-A	1.82	12
1861914	4932.YJL048C	1.82	95
1860787	4932.YGL075C	1.81	61
1860343	4932.YER013W	1.8	250
1859319	4932.YCR044C	1.8	41
1864768	4932.YPL007C	1.79	151
1862954	4932.YLR241W	1.79	163
1864337	4932.YOR002W	1.78	107
1861969	4932.YJL099W	1.78	154
1860560	4932.YER188W	1.77	37
1864143	4932.YNR066C	1.76	139
1860206	4932.YDR520C	1.76	178
1859870	4932.YDR209C	1.76	50
1861834	4932.YIR017C	1.75	25
1861792	4932.YIL150C	1.75	72
1864118	4932.YNR041C	1.74	32
1863391	4932.YMR032W	1.74	107
1861929	4932.YJL062W	1.73	116
1864750	4932.YOR386W	1.73	130
1860505	4932.YER144C	1.73	165
1863852	4932.YNL128W	1.73	95
1860100	4932.YDR416W	1.73	152
1860873	4932.YGL160W	1.72	101
1860177	4932.YDR492W	1.72	42
1864857	4932.YPL095C	1.72	108
1859113	4932.YBR223C	1.71	104
1859990	4932.YDR318W	1.71	57
1861558	4932.YHR168W	1.7	78
1859253	4932.YCL055W	1.7	64
1862903	4932.YLR193C	1.7	40
1863158	4932.YLR426W	1.69	67
1862616	4932.YKR104W	1.69	247
1861793	4932.YIL151C	1.69	174
1859726	4932.YDR075W	1.69	65
1859067	4932.YBR183W	1.68	47
1862886	4932.YLR176C	1.68	106
1864013	4932.YNL283C	1.68	55
1859421	4932.YDL035C	1.67	128
1861196	4932.YGR197C	1.67	75
1860325	4932.YEL076C	1.67	666
1864923	4932.YPL157W	1.67	53
1863429	4932.YMR068W	1.66	48
1860076	4932.YDR393W	1.66	56
1861522	4932.YHR136C	1.66	27
1859977	4932.YDR307W	1.65	135
1859673	4932.YDR026C	1.65	104
1858648	4932.YAL028W	1.65	48
1864845	4932.YPL083C	1.64	103
1865236	4932.YPR164W	1.64	255
1861259	4932.YGR258C	1.63	182
1862893	4932.YLR183C	1.63	80
1865106	4932.YPR046W	1.63	15
1860423	4932.YER077C	1.63	126
1864058	4932.YNL326C	1.62	56
1863533	4932.YMR162C	1.62	227
1861718	4932.YIL082W-A	1.62	863
1858625	4932.YAL009W	1.61	41
1862536	4932.YKR027W	1.61	130
1864031	4932.YNL299W	1.61	80
1860965	4932.YGL249W	1.6	110
1863163	4932.YLR431C	1.6	52
1863154	4932.YLR422W	1.58	302
1860694	4932.YFR045W	1.58	89
1860695	4932.YFR046C	1.58	37
1859594	4932.YDL199C	1.58	99
1865080	4932.YPR021C	1.57	195
1864184	4932.YOL026C	1.57	15
1863870	4932.YNL144C	1.57	72
1864057	4932.YNL325C	1.57	142
1861638	4932.YIL011W	1.57	14
1860549	4932.YER179W	1.56	66
1858647	4932.YAL027W	1.56	42
1859288	4932.YCR018C-A	1.55	104
1858915	4932.YBR047W	1.55	34
1858683	4932.YAL056W	1.53	137
1862859	4932.YLR157C	1.53	212
1862856	4932.YLR155C	1.53	212
1862868	4932.YLR160C	1.53	212
1862865	4932.YLR158C	1.53	212
1862222	4932.YJR116W	1.53	31
1860093	4932.YDR409W	1.53	124
1860716	4932.YGL007W	1.53	8
1864950	4932.YPL183W-A	1.53	13
1861583	4932.YHR189W	1.53	34
1861098	4932.YGR109W-B	1.53	863
1861753	4932.YIL114C	1.53	61
1863663	4932.YMR280C	1.52	191
1862670	4932.YLL051C	1.51	78
1863850	4932.YNL126W	1.51	159
1859926	4932.YDR260C	1.51	18
1858938	4932.YBR067C	1.5	9
1859109	4932.YBR220C	1.5	124
1859979	4932.YDR309C	1.49	56
1865196	4932.YPR134W	1.48	45
1862474	4932.YKL188C	1.48	170
1861663	4932.YIL031W	1.48	133
1859645	4932.YDL248W	1.48	353
1864876	4932.YPL113C	1.48	66
1864405	4932.YOR064C	1.48	35
1863387	4932.YMR030W	1.47	43
1859184	4932.YBR290W	1.47	41
1859190	4932.YBR296C	1.47	72
1862230	4932.YJR124C	1.47	75
1862203	4932.YJR098C	1.46	140
1864962	4932.YPL194W	1.46	102
1859838	4932.YDR180W	1.45	269
1863273	4932.YML060W	1.44	55
1859419	4932.YDL033C	1.44	61
1859013	4932.YBR132C	1.44	90
1864061	4932.YNL329C	1.44	462
1862233	4932.YJR127C	1.44	184
1861912	4932.YJL047C	1.43	197
1859723	4932.YDR072C	1.43	83
1862402	4932.YKL121W	1.43	108
1862788	4932.YLR098C	1.43	77
1863971	4932.YNL242W	1.43	220
1860945	4932.YGL229C	1.43	120
1859720	4932.YDR069C	1.42	147
1865177	4932.YPR116W	1.42	27
1864338	4932.YOR003W	1.42	69
1858619	4932.YAL002W	1.42	204
1858865	4932.YBL113C	1.41	1799
1860475	4932.YER119C	1.41	47
1861576	4932.YHR182W	1.4	143
1861569	4932.YHR178W	1.4	53
1859422	4932.YDL036C	1.4	73
1862323	4932.YKL049C	1.39	30
1859641	4932.YDL245C	1.39	708
1862266	4932.YJR158W	1.39	708
1862573	4932.YKR063C	1.39	76
1860027	4932.YDR352W	1.38	64
1858941	4932.YBR070C	1.38	48
1862626	4932.YLL007C	1.38	181
1865117	4932.YPR057W	1.38	46
1862306	4932.YKL033W	1.37	167
1862366	4932.YKL089W	1.37	70
1861961	4932.YJL091C	1.37	72
1862824	4932.YLR132C	1.37	42
1864245	4932.YOL084W	1.37	147
1858760	4932.YBL020W	1.37	125
1860529	4932.YER162C	1.36	84
1863378	4932.YMR021C	1.36	54
1859961	4932.YDR291W	1.35	160
1865217	4932.YPR152C	1.35	65
1860242	4932.YEL006W	1.35	60
1864790	4932.YPL029W	1.34	87
1860598	4932.YFL027C	1.34	96
1865202	4932.YPR138C	1.34	90
1864149	4932.YNR072W	1.34	708
1862345	4932.YKL068W-A	1.34	11
1862915	4932.YLR205C	1.34	49
1862097	4932.YJL221C	1.34	358
1861813	4932.YIL172C	1.34	358
1861803	4932.YIL159W	1.33	182
1863942	4932.YNL213C	1.33	19
1861461	4932.YHR079C	1.33	168
1861289	4932.YGR287C	1.33	353
1860629	4932.YFL056C	1.31	15
1864558	4932.YOR205C	1.31	98
1860317	4932.YEL069C	1.31	708
1862068	4932.YJL193W	1.3	58
1861540	4932.YHR151C	1.3	58
1862243	4932.YJR136C	1.3	55
1865066	4932.YPR009W	1.3	28
1862794	4932.YLR103C	1.29	67
1859694	4932.YDR043C	1.29	30
1860373	4932.YER039C	1.29	72
1862030	4932.YJL156C	1.29	104
1862808	4932.YLR117C	1.29	96
1861086	4932.YGR099W	1.28	144
1859204	4932.YCL005W	1.28	30
1859022	4932.YBR141C	1.28	46
1863443	4932.YMR081C	1.27	56
1862120	4932.YJR015W	1.27	75
1859345	4932.YCR073C	1.27	204
1863457	4932.YMR094W	1.26	46
1864515	4932.YOR166C	1.26	79
1862247	4932.YJR140C	1.26	231
1865011	4932.YPL242C	1.25	176
1861110	4932.YGR121C	1.25	98
1860318	4932.YEL070W	1.24	140
1864150	4932.YNR073C	1.24	140
1862978	4932.YLR263W	1.24	114
1863029	4932.YLR308W	1.24	66
1861142	4932.YGR150C	1.24	101
1862484	4932.YKL198C	1.23	86
1858639	4932.YAL020C	1.23	70
1860365	4932.YER032W	1.23	89
1863947	4932.YNL218W	1.22	89
1862493	4932.YKL209C	1.22	178
1864084	4932.YNR009W	1.22	31
1861832	4932.YIR015W	1.21	26
1863425	4932.YMR064W	1.21	60
1864166	4932.YOL011W	1.2	117
1864302	4932.YOL136C	1.2	47
1864872	4932.YPL109C	1.2	110
1860069	4932.YDR386W	1.19	94
1864769	4932.YPL008W	1.19	156
1858761	4932.YBL021C	1.19	12
1864540	4932.YOR190W	1.18	86
1862473	4932.YKL187C	1.18	96
1864646	4932.YOR293C-A	1.18	5
1861709	4932.YIL072W	1.18	83
1863676	4932.YMR292W	1.17	30
1864192	4932.YOL034W	1.17	140
1859354	4932.YCR082W	1.17	19
1861343	4932.YHL035C	1.17	692
1863461	4932.YMR098C	1.17	92
1864060	4932.YNL328C	1.17	24
1861553	4932.YHR164C	1.16	169
1863894	4932.YNL165W	1.16	29
1860930	4932.YGL215W	1.15	46
1863560	4932.YMR185W	1.15	169
1861567	4932.YHR176W	1.15	67
1862793	4932.YLR102C	1.14	21
1865153	4932.YPR093C	1.13	38
1859947	4932.YDR277C	1.13	34
1859392	4932.YDL008W	1.13	31
1859859	4932.YDR198C	1.12	86
1861541	4932.YHR152W	1.12	25
1864746	4932.YOR382W	1.11	21
1862023	4932.YJL149W	1.11	65
1864581	4932.YOR228C	1.11	34
1864754	4932.YOR390W	1.11	80
1865050	4932.YPL279C	1.11	80
1863582	4932.YMR204C	1.1	37
1858889	4932.YBR021W	1.1	54
1864178	4932.YOL020W	1.1	63
1861443	4932.YHR067W	1.1	39
1860577	4932.YFL011W	1.1	1332
1863155	4932.YLR423C	1.1	60
1859564	4932.YDL170W	1.09	48
1860361	4932.YER028C	1.09	25
1859046	4932.YBR163W	1.08	68
1864661	4932.YOR305W	1.08	35
1860448	4932.YER093C	1.08	155
1864407	4932.YOR066W	1.08	60
1862680	4932.YLL061W	1.08	48
1860309	4932.YEL061C	1.07	112
1862262	4932.YJR154W	1.06	36
1858973	4932.YBR098W	1.06	71
1864223	4932.YOL063C	1.06	122
1860719	4932.YGL010W	1.06	16
1858792	4932.YBL049W	1.06	22
1863177	4932.YLR443W	1.05	25
1860259	4932.YEL019C	1.05	28
1862367	4932.YKL090W	1.05	63
1864943	4932.YPL177C	1.05	35
1864323	4932.YOL157C	1.05	322
1860218	4932.YDR528W	1.05	43
1859040	4932.YBR158W	1.04	234
1859943	4932.YDR273W	1.04	20
1862090	4932.YJL214W	1.04	1354
1859290	4932.YCR020C	1.03	29
1863191	4932.YLR457C	1.03	52
1864424	4932.YOR080W	1.03	75
1864357	4932.YOR019W	1.02	81
1859669	4932.YDR022C	1.02	36
1862013	4932.YJL139C	1.02	58
1864252	4932.YOL089C	1.01	110
1865090	4932.YPR031W	1.01	68
1862739	4932.YLR049C	1.01	67
1860691	4932.YFR042W	1.0	30
1863917	4932.YNL188W	1.0	40
1859633	4932.YDL238C	0.996	73
1862960	4932.YLR247C	0.996	175
1864960	4932.YPL192C	0.987	8
1864203	4932.YOL044W	0.975	54
1858972	4932.YBR097W	0.974	196
1864280	4932.YOL114C	0.974	14
1864075	4932.YNR001W-A	0.973	36
1859615	4932.YDL220C	0.972	91
1864023	4932.YNL291C	0.969	46
1863940	4932.YNL211C	0.968	8
1862255	4932.YJR147W	0.967	32
1860173	4932.YDR488C	0.967	59
1863887	4932.YNL159C	0.965	31
1862837	4932.YLR145W	0.964	23
1863110	4932.YLR383W	0.963	103
1864367	4932.YOR028C	0.961	42
1858937	4932.YBR066C	0.956	16
1860857	4932.YGL144C	0.955	61
1862829	4932.YLR137W	0.954	39
1861133	4932.YGR142W	0.949	33
1864591	4932.YOR237W	0.948	39
1863037	4932.YLR315W	0.947	19
1864168	4932.YOL013C	0.946	37
1862796	4932.YLR105C	0.944	44
1865170	4932.YPR109W	0.934	29
1860105	4932.YDR421W	0.929	78
1860983	4932.YGR003W	0.929	120
1861702	4932.YIL067C	0.927	51
1858706	4932.YAR008W	0.926	36
1864267	4932.YOL103W	0.923	60
1861600	4932.YHR204W	0.923	103
1860009	4932.YDR334W	0.923	154
1860013	4932.YDR338C	0.922	41
1864378	4932.YOR037W	0.922	38
1865183	4932.YPR122W	0.917	136
1859709	4932.YDR058C	0.917	48
1861027	4932.YGR041W	0.916	45
1859495	4932.YDL107W	0.913	42
1864697	4932.YOR337W	0.909	85
1859518	4932.YDL129W	0.909	24
1863247	4932.YML038C	0.905	56
1861125	4932.YGR134W	0.904	136
1862672	4932.YLL053C	0.901	11
1862308	4932.YKL034W	0.9	66
1862492	4932.YKL208W	0.9	16
1860966	4932.YGL250W	0.896	23
1859236	4932.YCL038C	0.895	61
1860049	4932.YDR370C	0.894	82
1858741	4932.YBL005W	0.89	43
1860487	4932.YER130C	0.89	19
1860826	4932.YGL114W	0.887	81
1861463	4932.YHR080C	0.887	114
1864730	4932.YOR368W	0.882	40
1863226	4932.YML018C	0.881	30
1863156	4932.YLR424W	0.88	85
1862589	4932.YKR078W	0.879	57
1864364	4932.YOR025W	0.874	30
1861132	4932.YGR141W	0.87	55
1863368	4932.YMR013C	0.868	61
1861880	4932.YJL013C	0.865	56
1862827	4932.YLR135W	0.864	61
1862503	4932.YKL219W	0.861	49
1861028	4932.YGR042W	0.856	18
1861378	4932.YHR014W	0.855	23
1860518	4932.YER153C	0.853	21
1860523	4932.YER158C	0.852	47
1859261	4932.YCL063W	0.85	30
1860666	4932.YFR022W	0.846	60
1862935	4932.YLR224W	0.844	36
1859481	4932.YDL093W	0.841	82
1863666	4932.YMR283C	0.839	45
1864490	4932.YOR144C	0.839	90
1864064	4932.YNL332W	0.835	112
1863919	4932.YNL190W	0.835	15
1863596	4932.YMR218C	0.835	121
1863815	4932.YNL094W	0.831	57
1859952	4932.YDR282C	0.831	30
1862946	4932.YLR233C	0.827	63
1861493	4932.YHR109W	0.827	54
1865013	4932.YPL244C	0.827	23
1862798	4932.YLR107W	0.825	41
1862081	4932.YJL205C	0.821	7
1864546	4932.YOR193W	0.82	29
1863978	4932.YNL249C	0.82	56
1859640	4932.YDL244W	0.818	112
1862264	4932.YJR156C	0.818	112
1860631	4932.YFL058W	0.818	112
1863157	4932.YLR425W	0.817	101
1860460	4932.YER104W	0.815	16
1863725	4932.YNL008C	0.813	42
1863983	4932.YNL254C	0.812	39
1859788	4932.YDR132C	0.807	42
1859660	4932.YDR014W	0.807	58
1861227	4932.YGR227W	0.806	69
1862461	4932.YKL176C	0.802	68
1861997	4932.YJL127C	0.8	38
1863537	4932.YMR166C	0.798	40
1862839	4932.YLR146W-A	0.797	7
1859440	4932.YDL054C	0.797	36
1858759	4932.YBL019W	0.796	44
1864834	4932.YPL072W	0.795	47
1862781	4932.YLR091W	0.793	28
1860742	4932.YGL032C	0.793	8
1859465	4932.YDL079C	0.789	103
1863169	4932.YLR437C	0.788	20
1861925	4932.YJL058C	0.787	38
1859589	4932.YDL194W	0.786	65
1864922	4932.YPL156C	0.782	43
1862842	4932.YLR149C	0.776	62
1860771	4932.YGL060W	0.774	84
1862883	4932.YLR173W	0.773	29
1860446	4932.YER091C-A	0.772	8
1858839	4932.YBL091C-A	0.768	26
1865126	4932.YPR066W	0.765	57
1863261	4932.YML051W	0.765	38
1862513	4932.YKR004C	0.765	35
1862610	4932.YKR098C	0.764	53
1864412	4932.YOR071C	0.758	117
1861802	4932.YIL158W	0.758	15
1862585	4932.YKR075C	0.754	25
1860094	4932.YDR410C	0.754	29
1862286	4932.YKL015W	0.752	69
1863869	4932.YNL143C	0.751	6
1860596	4932.YFL025C	0.75	80
1859806	4932.YDR151C	0.748	17
1864566	4932.YOR213C	0.748	28
1860816	4932.YGL104C	0.74	37
1862878	4932.YLR168C	0.735	22
1865089	4932.YPR030W	0.728	72
1863399	4932.YMR040W	0.727	11
1859858	4932.YDR197W	0.727	49
1860623	4932.YFL050C	0.721	166
1860841	4932.YGL128C	0.715	18
1865155	4932.YPR095C	0.715	76
1860974	4932.YGL258W	0.714	8
1862191	4932.YJR087W	0.714	18
1859248	4932.YCL049C	0.705	22
1863007	4932.YLR288C	0.703	40
1863646	4932.YMR265C	0.69	38
1859533	4932.YDL142C	0.688	25
1860313	4932.YEL065W	0.685	29
1864914	4932.YPL149W	0.685	31
1862485	4932.YKL201C	0.685	96
1864174	4932.YOL017W	0.68	25
1863430	4932.YMR069W	0.68	17
1858908	4932.YBR040W	0.679	23
1859130	4932.YBR237W	0.677	73
1862241	4932.YJR135C	0.676	39
1864373	4932.YOR033C	0.676	22
1859622	4932.YDL227C	0.674	33
1864924	4932.YPL158C	0.674	33
1864399	4932.YOR058C	0.674	113
1861888	4932.YJL023C	0.672	20
1860370	4932.YER037W	0.672	32
1860673	4932.YFR029W	0.671	54
1862377	4932.YKL098W	0.668	37
1859045	4932.YBR162W-A	0.666	8
1859276	4932.YCR007C	0.662	17
1862159	4932.YJR054W	0.661	43
1860212	4932.YDR524C-B	0.659	10
1864027	4932.YNL295W	0.657	30
1863185	4932.YLR451W	0.655	111
1859295	4932.YCR023C	0.655	51
1860400	4932.YER060W	0.653	11
1860879	4932.YGL166W	0.652	11
1864609	4932.YOR256C	0.652	74
1860045	4932.YDR366C	0.651	104
1859338	4932.YCR065W	0.643	46
1861083	4932.YGR096W	0.639	23
1859353	4932.YCR081W	0.635	125
1859940	4932.YDR270W	0.635	75
1863390	4932.YMR031W-A	0.632	9
1862904	4932.YLR194C	0.632	14
1861962	4932.YJL092W	0.629	82
1859787	4932.YDR131C	0.627	35
1861039	4932.YGR053C	0.625	13
1864912	4932.YPL147W	0.621	69
1863784	4932.YNL065W	0.611	47
1860103	4932.YDR419W	0.61	41
1859320	4932.YCR045C	0.609	25
1859595	4932.YDL200C	0.608	11
1859375	4932.YCR100C	0.607	58
1863986	4932.YNL257C	0.606	85
1860775	4932.YGL063W	0.605	67
1861398	4932.YHR031C	0.602	91
1860440	4932.YER088C-A	0.601	14
1863555	4932.YMR181C	0.601	18
1860191	4932.YDR506C	0.598	40
1859900	4932.YDR235W	0.593	42
1859287	4932.YCR018C	0.593	7
1861217	4932.YGR217W	0.584	95
1862008	4932.YJL135W	0.582	5
1863451	4932.YMR088C	0.581	43
1861901	4932.YJL035C	0.579	10
1864779	4932.YPL018W	0.578	29
1861960	4932.YJL090C	0.578	35
1860382	4932.YER046W	0.578	12
1861788	4932.YIL146C	0.577	71
1862506	4932.YKL222C	0.575	116
1864814	4932.YPL052W	0.57	26
1864007	4932.YNL277W-A	0.569	19
1863483	4932.YMR119W	0.569	41
1864132	4932.YNR055C	0.568	25
1859716	4932.YDR065W	0.565	19
1864941	4932.YPL175W	0.562	28
1861707	4932.YIL071C	0.56	29
1863803	4932.YNL082W	0.559	44
1863334	4932.YML116W	0.557	31
1865182	4932.YPR121W	0.545	170
1864766	4932.YPL005W	0.544	32
1859032	4932.YBR150C	0.542	68
1861364	4932.YHR002W	0.542	27
1860963	4932.YGL247W	0.54	12
1863231	4932.YML023C	0.537	25
1862322	4932.YKL048C	0.537	42
1859758	4932.YDR104C	0.532	40
1860627	4932.YFL054C	0.528	26
1865062	4932.YPR005C	0.523	20
1860405	4932.YER064C	0.521	53
1860710	4932.YGL003C	0.519	29
1861970	4932.YJL100W	0.518	43
1859108	4932.YBR219C	0.518	26
1863999	4932.YNL270C	0.515	58
1861838	4932.YIR019C	0.511	12
1863008	4932.YLR289W	0.508	48
1859225	4932.YCL027W	0.504	17
1860849	4932.YGL136C	0.503	21
1861058	4932.YGR071C	0.502	48
1860509	4932.YER147C	0.501	41
1859090	4932.YBR201W	0.5	16
1864885	4932.YPL121C	0.499	45
1862730	4932.YLR040C	0.499	8
1861544	4932.YHR155W	0.493	88
1859283	4932.YCR014C	0.492	25
1861436	4932.YHR061C	0.491	21
1863394	4932.YMR035W	0.491	5
1859998	4932.YDR323C	0.488	22
1861366	4932.YHR004C	0.488	18
1863027	4932.YLR307C-A	0.486	5
1863095	4932.YLR368W	0.486	36
1860664	4932.YFR020W	0.485	8
1862118	4932.YJR013W	0.484	39
1864283	4932.YOL117W	0.477	34
1863281	4932.YML068W	0.473	20
1862713	4932.YLR024C	0.472	102
1860855	4932.YGL142C	0.471	51
1865024	4932.YPL253C	0.47	52
1863103	4932.YLR376C	0.47	9
1863416	4932.YMR055C	0.467	17
1862406	4932.YKL125W	0.463	25
1865276	4932.YPR201W	0.46	19
1861977	4932.YJL107C	0.457	8
1864493	4932.YOR147W	0.456	62
1858795	4932.YBL052C	0.452	45
1864727	4932.YOR365C	0.451	22
1864934	4932.YPL168W	0.449	23
1861831	4932.YIR014W	0.447	14
1862789	4932.YLR099C	0.446	23
1862737	4932.YLR047C	0.444	34
1859012	4932.YBR131W	0.443	41
1864500	4932.YOR154W	0.442	47
1864901	4932.YPL136W	0.442	6
1858982	4932.YBR107C	0.439	16
1858807	4932.YBL063W	0.438	64
1858597	4932.Q0065	0.435	53
1864795	4932.YPL034W	0.434	5
1860584	4932.YFL015W-A	0.433	6
1862075	4932.YJL199C	0.429	7
1860188	4932.YDR503C	0.428	29
1863179	4932.YLR445W	0.427	10
1859573	4932.YDL179W	0.425	64
1860996	4932.YGR016W	0.423	14
1858665	4932.YAL040C	0.422	21
1861607	4932.YHR211W	0.42	44
1864611	4932.YOR258W	0.419	7
1861342	4932.YHL034W-A	0.419	5
1861032	4932.YGR046W	0.418	22
1860825	4932.YGL113W	0.418	29
1862561	4932.YKR051W	0.416	35
1864816	4932.YPL054W	0.416	19
1865048	4932.YPL277C	0.413	33
1858857	4932.YBL106C	0.409	80
1864710	4932.YOR348C	0.409	25
1863524	4932.YMR155W	0.402	22
1864622	4932.YOR269W	0.4	28
1861973	4932.YJL103C	0.398	52
1860312	4932.YEL064C	0.398	25
1858726	4932.YAR050W	0.397	44
1862232	4932.YJR126C	0.396	93
1862833	4932.YLR141W	0.394	18
1859136	4932.YBR243C	0.394	27
1860389	4932.YER051W	0.39	16
1859577	4932.YDL183C	0.389	12
1859455	4932.YDL069C	0.387	10
1863523	4932.YMR154C	0.386	85
1860376	4932.YER041W	0.381	26
1863132	4932.YLR404W	0.379	17
1864473	4932.YOR129C	0.378	52
1864650	4932.YOR296W	0.377	52
1864738	4932.YOR376W	0.375	12
1858662	4932.YAL037W	0.375	14
1864348	4932.YOR011W	0.374	75
1864066	4932.YNL334C	0.371	20
1860633	4932.YFL060C	0.371	20
1863190	4932.YLR456W	0.369	12
1865071	4932.YPR013C	0.359	16
1864511	4932.YOR162C	0.354	27
1861568	4932.YHR177W	0.354	22
1859727	4932.YDR076W	0.352	15
1862554	4932.YKR044W	0.351	19
1860888	4932.YGL175C	0.349	23
1862571	4932.YKR061W	0.348	26
1860909	4932.YGL194C-A	0.345	5
1860973	4932.YGL257C	0.343	24
1859737	4932.YDR085C	0.339	17
1864502	4932.YOR156C	0.338	27
1863505	4932.YMR138W	0.335	16
1861479	4932.YHR095W	0.335	136
1862967	4932.YLR254C	0.335	8
1861990	4932.YJL120W	0.325	7
1862679	4932.YLL060C	0.323	6
1861137	4932.YGR146C	0.32	19
1861945	4932.YJL077C	0.32	10
1863689	4932.YMR304C-A	0.32	31
1861683	4932.YIL049W	0.32	10
1865060	4932.YPR003C	0.317	27
1860381	4932.YER045C	0.316	5
1859106	4932.YBR217W	0.314	7
1861221	4932.YGR221C	0.31	15
1864913	4932.YPL148C	0.308	6
1864122	4932.YNR045W	0.307	33
1860501	4932.YER140W	0.305	21
1865064	4932.YPR007C	0.305	28
1859306	4932.YCR032W	0.304	59
1861852	4932.YIR029W	0.303	16
1864616	4932.YOR263C	0.302	6
1859845	4932.YDR185C	0.298	7
1861693	4932.YIL059C	0.296	5
1862317	4932.YKL043W	0.295	22
1863539	4932.YMR168C	0.295	23
1862564	4932.YKR054C	0.289	169
1859606	4932.YDL211C	0.287	7
1863554	4932.YMR180C	0.286	7
1863535	4932.YMR164C	0.285	54
1862923	4932.YLR213C	0.285	14
1861531	4932.YHR143W	0.285	8
1863446	4932.YMR084W	0.283	159
1864158	4932.YOL003C	0.282	12
1864346	4932.YOR009W	0.28	6
1863393	4932.YMR034C	0.278	8
1864693	4932.YOR334W	0.276	22
1864725	4932.YOR363C	0.275	29
1860793	4932.YGL081W	0.274	7
1859312	4932.YCR038C	0.273	18
1863756	4932.YNL038W	0.27	30
1861165	4932.YGR168C	0.269	38
1865073	4932.YPR015C	0.266	10
1862140	4932.YJR035W	0.262	26
1861099	4932.YGR110W	0.261	15
1862674	4932.YLL055W	0.261	16
1861837	4932.YIR018W	0.26	6
1860906	4932.YGL192W	0.259	22
1861654	4932.YIL024C	0.257	5
1864970	4932.YPL202C	0.255	9
1860875	4932.YGL162W	0.255	5
1858911	4932.YBR043C	0.253	23
1860316	4932.YEL068C	0.252	5
1864928	4932.YPL162C	0.252	6
1860337	4932.YER007W	0.252	14
1859925	4932.YDR259C	0.252	9
1864753	4932.YOR389W	0.249	25
1859920	4932.YDR254W	0.249	15
1863380	4932.YMR023C	0.248	16
1864004	4932.YNL275W	0.243	9
1862673	4932.YLL054C	0.243	28
1860371	4932.YER038C	0.242	16
1859203	4932.YCL004W	0.241	20
1862261	4932.YJR153W	0.24	11
1862082	4932.YJL206C	0.24	15
1861772	4932.YIL132C	0.235	6
1861504	4932.YHR120W	0.232	25
1862703	4932.YLR014C	0.232	25
1863084	4932.YLR360W	0.229	10
1859234	4932.YCL036W	0.227	18
1864202	4932.YOL043C	0.226	10
1859626	4932.YDL231C	0.225	25
1864140	4932.YNR063W	0.222	13
1864234	4932.YOL075C	0.222	27
1862001	4932.YJL129C	0.222	23
1860286	4932.YEL041W	0.221	7
1864838	4932.YPL076W	0.22	5
1864801	4932.YPL039W	0.22	5
1859601	4932.YDL206W	0.219	16
1864371	4932.YOR032C	0.217	17
1864148	4932.YNR071C	0.216	7
1859851	4932.YDR191W	0.215	7
1859837	4932.YDR179W-A	0.215	19
1861043	4932.YGR057C	0.214	8
1864067	4932.YNL335W	0.213	10
1860634	4932.YFL061W	0.213	10
1862665	4932.YLL046C	0.209	19
1864137	4932.YNR060W	0.204	15
1865146	4932.YPR085C	0.199	19
1860465	4932.YER109C	0.198	25
1863576	4932.YMR198W	0.197	13
1864711	4932.YOR349W	0.197	23
1865045	4932.YPL272C	0.196	12
1863534	4932.YMR163C	0.196	9
1859662	4932.YDR015C	0.196	23
1864026	4932.YNL294C	0.194	7
1863782	4932.YNL063W	0.192	8
1860226	4932.YDR536W	0.192	22
1861890	4932.YJL025W	0.188	6
1862784	4932.YLR094C	0.186	12
1861187	4932.YGR188C	0.184	50
1863108	4932.YLR381W	0.183	66
1864478	4932.YOR134W	0.181	7
1860589	4932.YFL019C	0.181	18
1859193	4932.YBR298C	0.181	12
1860007	4932.YDR332W	0.181	66
1864708	4932.YOR346W	0.18	18
1861926	4932.YJL059W	0.176	5
1862069	4932.YJL194W	0.176	192
1859404	4932.YDL020C	0.175	5
1862666	4932.YLL047W	0.175	30
1861348	4932.YHL040C	0.174	17
1863180	4932.YLR446W	0.17	5
1865273	4932.YPR198W	0.168	8
1861095	4932.YGR108W	0.165	37
1864763	4932.YPL002C	0.165	5
1863463	4932.YMR100W	0.162	10
1864331	4932.YOL164W	0.162	10
1862983	4932.YLR267W	0.158	21
1860704	4932.YFR054C	0.157	7
1859729	4932.YDR078C	0.156	8
1864258	4932.YOL095C	0.156	20
1863804	4932.YNL083W	0.155	25
1858754	4932.YBL014C	0.153	14
1861864	4932.YIR039C	0.153	8
1863684	4932.YMR299C	0.153	6
1859781	4932.YDR125C	0.152	9
1858595	4932.Q0055	0.152	40
1864712	4932.YOR350C	0.152	20
1861387	4932.YHR022C	0.151	6
1865121	4932.YPR061C	0.151	6
1862060	4932.YJL185C	0.149	6
1863142	4932.YLR411W	0.148	24
1861528	4932.YHR140W	0.147	7
1861794	4932.YIL152W	0.147	20
1864662	4932.YOR306C	0.147	7
1860186	4932.YDR501W	0.142	5
1863414	4932.YMR053C	0.142	18
1864298	4932.YOL132W	0.14	8
1864957	4932.YPL189W	0.138	70
1861640	4932.YIL013C	0.138	28
1862445	4932.YKL162C	0.136	45
1860828	4932.YGL116W	0.133	7
1862267	4932.YJR159W	0.132	10
1862085	4932.YJL209W	0.132	11
1858604	4932.Q0110	0.131	32
1859642	4932.YDL246C	0.13	10
1861735	4932.YIL099W	0.128	5
1859984	4932.YDR314C	0.128	38
1864495	4932.YOR149C	0.128	5
1861216	4932.YGR216C	0.126	13
1863813	4932.YNL092W	0.125	6
1863566	4932.YMR191W	0.124	5
1860070	4932.YDR387C	0.122	6
1861250	4932.YGR249W	0.122	5
1863197	4932.YLR463C	0.122	16
1863504	4932.YMR137C	0.118	9
1859019	4932.YBR138C	0.118	6
1859976	4932.YDR306C	0.117	12
1865215	4932.YPR150W	0.116	13
1860324	4932.YEL075W-A	0.115	16
1864830	4932.YPL068C	0.115	6
1862414	4932.YKL133C	0.114	6
1863322	4932.YML104C	0.113	11
1864146	4932.YNR069C	0.112	7
1863562	4932.YMR187C	0.111	21
1860876	4932.YGL163C	0.11	24
1860135	4932.YDR451C	0.11	15
1861460	4932.YHR078W	0.109	8
1863035	4932.YLR313C	0.107	5
1862092	4932.YJL216C	0.106	70
1860569	4932.YFL003C	0.105	73
1858614	4932.Q0250	0.105	23
1864785	4932.YPL024W	0.105	5
1858598	4932.Q0070	0.104	38
1862757	4932.YLR067C	0.104	64
1864369	4932.YOR030W	0.103	6
1862144	4932.YJR039W	0.103	16
1863314	4932.YML099C	0.103	12
1863317	4932.YML100W-A	0.102	5
1858935	4932.YBR064W	0.1	11
1859164	4932.YBR270C	0.096	6
1859002	4932.YBR124W	0.091	9
1861850	4932.YIR027C	0.091	6
1859092	4932.YBR203W	0.09	17
1861356	4932.YHL047C	0.09	7
1862004	4932.YJL132W	0.09	19
1862693	4932.YLR004C	0.089	6
1859815	4932.YDR160W	0.086	30
1863137	4932.YLR408C	0.081	61
1863638	4932.YMR257C	0.081	8
1864828	4932.YPL066W	0.078	20
1862563	4932.YKR053C	0.078	14
1860098	4932.YDR414C	0.077	6
1859907	4932.YDR242W	0.072	7
1862989	4932.YLR273C	0.071	6
1862777	4932.YLR087C	0.069	40
1860290	4932.YEL045C	0.066	5
1863503	4932.YMR136W	0.065	6
1861332	4932.YHL026C	0.065	16
1860667	4932.YFR023W	0.064	53
1858596	4932.Q0060	0.063	30
1861045	4932.YGR059W	0.059	24
1863341	4932.YML122C	0.057	11
1861085	4932.YGR098C	0.056	8
1859070	4932.YBR186W	0.056	182
1861225	4932.YGR225W	0.055	62
1863553	4932.YMR179W	0.053	7
1859677	4932.YDR030C	0.053	6
1863844	4932.YNL120C	0.052	9
1864481	4932.YOR137C	0.052	6
1860628	4932.YFL055W	0.051	25
1862613	4932.YKR101W	0.051	8
1864930	4932.YPL164C	0.048	5
1860579	4932.YFL012W-A	0.047	6
1860104	4932.YDR420W	0.043	6
1861799	4932.YIL156W-A	0.043	9
1858786	4932.YBL043W	0.041	61
1864567	4932.YOR214C	0.041	5
1861626	4932.YIL001W	0.038	65
1862982	4932.YLR266C	0.038	5
1861983	4932.YJL113W	0.038	5
1858606	4932.Q0120	0.037	9
1864931	4932.YPL165C	0.037	9
1858594	4932.Q0050	0.035	30
1865128	4932.YPR068C	0.033	18
1861104	4932.YGR115C	0.03	12
1865041	4932.YPL268W	0.029	14
1860844	4932.YGL131C	0.029	19
1858835	4932.YBL088C	0.029	10
1864933	4932.YPL167C	0.029	6
1858605	4932.Q0115	0.029	6
1863550	4932.YMR176W	0.027	6
1859665	4932.YDR018C	0.024	6
1865271	4932.YPR196W	0.024	33
1860542	4932.YER173W	0.023	17
1863187	4932.YLR453C	0.021	61
1859545	4932.YDL154W	0.019	5
1864340	4932.YOR005C	0.018	18
1861959	4932.YJL089W	0.013	61
1861316	4932.YHL012W	0.013	12
1859529	4932.YDL138W	0.011	6
1859915	4932.YDR249C	0.01	6
1864676	4932.YOR318C	0.007	5
1862349	4932.YKL072W	0.007	9
1862724	4932.YLR035C	0.005	14
1862802	4932.YLR111W	0.004	10
1864532	4932.YOR183W	0.004	10
1861094	4932.YGR107W	0.003	10
1863042	4932.YLR320W	0.002	7
1862955	4932.YLR242C	0.001	10
1865178	4932.YPR117W	0.001	11
1864416	4932.YOR073W	0	10
