#id: 145622710
#name: S.cerevisiae - Whole organism, SC (Gpm,oct,2012)
#score: 18.35
#weight:  10%
#description: abundance based on Spectral counting, Interaction consistency score: 18.35, Coverage: 90
#organ: WHOLE_ORGANISM
#integrated: false
#coverage: 90
#link: http://www.thegpm.org/
#publication_year: 2012
#filename: 4932-GPM_2012_09_Saccharomyces_cerevisiae.txt
#
#internal_id	string_external_id	abundance	raw_spectral_count
1862064	4932.YJL189W	15453	10
1863489	4932.YMR123W	8451	8
1861017	4932.YGR034W	6225	319
1863067	4932.YLR344W	6010	312
1865245	4932.YPR170W-B	5795	5
1864275	4932.YOL109W	4864	125
1861181	4932.YGR182C	4309	102
1862335	4932.YKL060C	4146	679
1862765	4932.YLR075W	4029	150
1864248	4932.YOL086C	3994	582
1861191	4932.YGR192C	3916	741
1863171	4932.YLR438C-A	3826	85
1859701	4932.YDR050C	3716	327
1860582	4932.YFL014W	3642	101
1859281	4932.YCR012W	3615	676
1860443	4932.YER090C-A	3600	34
1862435	4932.YKL152C	3437	338
1861255	4932.YGR254W	3218	839
1861564	4932.YHR174W	3185	872
1858766	4932.YBL026W	3138	109
1860815	4932.YGL103W	3058	104
1858620	4932.YAL003W	3029	197
1864668	4932.YOR312C	2867	242
1863621	4932.YMR242C	2867	242
1861687	4932.YIL053W	2720	477
1860279	4932.YEL034W	2666	212
1863062	4932.YLR340W	2653	198
1858995	4932.YBR118W	2528	661
1865141	4932.YPR080W	2528	661
1860065	4932.YDR382W	2519	144
1861994	4932.YJL124C	2492	120
1862229	4932.YJR123W	2476	148
1860836	4932.YGL123W	2443	190
1864293	4932.YOL127W	2427	85
1862734	4932.YLR044C	2377	726
1861919	4932.YJL052W	2290	455
1862209	4932.YJR104C	2144	130
1859810	4932.YDR155C	2103	151
1862800	4932.YLR109W	2080	165
1862113	4932.YJR009C	2063	544
1863047	4932.YLR325C	2046	39
1864731	4932.YOR369C	2038	136
1864439	4932.YOR096W	1921	136
1864199	4932.YOL040C	1912	73
1864895	4932.YPL131W	1841	180
1864516	4932.YOR167C	1828	48
1861007	4932.YGR027C	1806	59
1863236	4932.YML028W	1806	165
1864404	4932.YOR063W	1804	243
1858840	4932.YBL092W	1776	45
1862980	4932.YLR264W	1726	47
1863055	4932.YLR333C	1705	57
1860612	4932.YFL039C	1701	299
1862844	4932.YLR150W	1673	159
1859081	4932.YBR196C	1656	344
1863079	4932.YLR355C	1639	254
1862331	4932.YKL056C	1623	77
1858663	4932.YAL038W	1615	398
1859461	4932.YDL075W	1603	96
1860468	4932.YER112W	1589	46
1860378	4932.YER043C	1585	225
1864798	4932.YPL037C	1562	73
1860739	4932.YGL029W	1556	14
1862643	4932.YLL024C	1544	713
1859891	4932.YDR226W	1539	128
1861452	4932.YHR072W-A	1497	21
1858738	4932.YBL002W	1484	92
1861587	4932.YHR193C	1478	94
1862977	4932.YLR262C-A	1473	18
1864652	4932.YOR298C-A	1466	53
1863907	4932.YNL178W	1458	152
1859889	4932.YDR224C	1434	89
1862718	4932.YLR029C	1432	96
1861319	4932.YHL015W	1421	76
1861140	4932.YGR148C	1403	49
1859467	4932.YDL081C	1398	67
1859519	4932.YDL130W	1394	63
1860740	4932.YGL030W	1392	64
1861409	4932.YHR039C-A	1389	43
1863790	4932.YNL069C	1385	77
1860059	4932.YDR378C	1376	58
1863800	4932.YNL079C	1361	86
1864823	4932.YPL061W	1349	294
1859527	4932.YDL136W	1346	67
1859586	4932.YDL191W	1346	67
1863510	4932.YMR142C	1333	94
1860418	4932.YER074W	1327	89
1861705	4932.YIL069C	1327	89
1861021	4932.YGR037C	1327	36
1860969	4932.YGL253W	1327	273
1861646	4932.YIL018W	1314	174
1860676	4932.YFR031C-A	1314	174
1858877	4932.YBR011C	1308	147
1863134	4932.YLR406C	1304	86
1860268	4932.YEL026W	1303	45
1864869	4932.YPL106C	1296	376
1862277	4932.YKL006W	1289	84
1861301	4932.YHL001W	1289	84
1864466	4932.YOR122C	1285	45
1858767	4932.YBL027W	1269	96
1858956	4932.YBR084C-A	1269	96
1860741	4932.YGL031C	1268	46
1863480	4932.YMR116C	1260	180
1864908	4932.YPL143W	1257	50
1861374	4932.YHR010W	1239	84
1862877	4932.YLR167W	1230	119
1859624	4932.YDL229W	1224	555
1859471	4932.YDL085C-A	1224	6
1860445	4932.YER091C	1219	394
1863938	4932.YNL209W	1213	555
1861599	4932.YHR203C	1210	152
1862253	4932.YJR145C	1210	152
1859603	4932.YDL208W	1204	30
1863006	4932.YLR287C-A	1203	27
1864531	4932.YOR182C	1203	27
1860533	4932.YER165W	1192	253
1860149	4932.YDR464C-A	1190	37
1860508	4932.YER146W	1185	49
1861107	4932.YGR118W	1185	58
1865193	4932.YPR132W	1185	58
1862500	4932.YKL216W	1182	117
1862465	4932.YKL180W	1179	119
1860678	4932.YFR032C-A	1177	8
1864198	4932.YOL039W	1160	78
1860703	4932.YFR053C	1157	267
1863688	4932.YMR303C	1140	262
1859715	4932.YDR064W	1140	66
1863276	4932.YML063W	1132	174
1863175	4932.YLR441C	1129	173
1858875	4932.YBR009C	1126	59
1863748	4932.YNL030W	1126	59
1859441	4932.YDL055C	1123	197
1862009	4932.YJL136C	1123	75
1858622	4932.YAL005C	1117	613
1862052	4932.YJL177W	1116	115
1858899	4932.YBR031W	1107	289
1862567	4932.YKR057W	1107	75
1858628	4932.YAL012W	1107	136
1864218	4932.YOL058W	1103	138
1863775	4932.YNL055C	1097	135
1863817	4932.YNL096C	1094	102
1863545	4932.YMR173W	1078	89
1863232	4932.YML024W	1076	116
1860131	4932.YDR447C	1076	116
1865019	4932.YPL249C-A	1066	44
1863115	4932.YLR388W	1061	33
1860157	4932.YDR471W	1059	78
1859658	4932.YDR012W	1055	281
1864034	4932.YNL302C	1054	92
1860321	4932.YEL073C	1051	5
1860547	4932.YER177W	1050	168
1862962	4932.YLR249W	1049	497
1862066	4932.YJL191W	1047	108
1859447	4932.YDL061C	1043	33
1860403	4932.YER062C	1042	272
1861209	4932.YGR209C	1038	66
1862973	4932.YLR259C	1037	246
1859468	4932.YDL082W	1037	86
1862664	4932.YLL045C	1025	157
1863486	4932.YMR121C	1020	76
1862246	4932.YJR139C	1017	142
1864852	4932.YPL090C	1013	128
1859064	4932.YBR181C	1013	128
1862150	4932.YJR045C	1011	272
1860718	4932.YGL009C	1011	246
1861790	4932.YIL148W	1005	106
1862605	4932.YKR094C	1005	106
1862895	4932.YLR185W	1001	23
1860788	4932.YGL076C	995	162
1863561	4932.YMR186W	991	440
1863286	4932.YML073C	989	83
1862733	4932.YLR043C	987	56
1862751	4932.YLR061W	987	41
1858944	4932.YBR072W	985	111
1861773	4932.YIL133C	979	65
1858771	4932.YBL030C	976	139
1859179	4932.YBR285W	973	65
1859753	4932.YDR099W	966	160
1861167	4932.YGR169C-A	966	17
1860068	4932.YDR385W	966	636
1864477	4932.YOR133W	966	636
1861340	4932.YHL033C	965	151
1864588	4932.YOR234C	960	43
1859305	4932.YCR031C	956	102
1859073	4932.YBR189W	953	81
1864966	4932.YPL198W	946	156
1865134	4932.YPR074C	940	239
1862176	4932.YJR071W	939	31
1864691	4932.YOR332W	936	80
1861529	4932.YHR141C	931	18
1863890	4932.YNL162W	931	18
1860717	4932.YGL008C	928	436
1865009	4932.YPL240C	927	429
1862669	4932.YLL050C	921	67
1863182	4932.YLR448W	920	82
1861685	4932.YIL051C	919	65
1862854	4932.YLR154W-E	919	4
1863234	4932.YML026C	916	98
1860134	4932.YDR450W	916	98
1861774	4932.YIL134C-A	913	13
1862748	4932.YLR058C	913	157
1863572	4932.YMR194W	909	40
1864342	4932.YOR007C	904	99
1860548	4932.YER178W	898	114
1864287	4932.YOL121C	895	88
1864551	4932.YOR198C	884	114
1864745	4932.YOR381W-A	883	14
1859142	4932.YBR249C	881	111
1863618	4932.YMR239C	874	163
1859890	4932.YDR225W	874	51
1858739	4932.YBL003C	874	51
1859679	4932.YDR032C	863	60
1858958	4932.YBR085C-A	858	22
1864057	4932.YNL325C	855	294
1863583	4932.YMR205C	851	276
1861341	4932.YHL034C	851	84
1862210	4932.YJR105W	850	134
1865210	4932.YPR145W	846	209
1862358	4932.YKL081W	843	149
1863732	4932.YNL015W	842	25
1861240	4932.YGR240C	837	353
1860199	4932.YDR513W	835	49
1864366	4932.YOR027W	831	163
1860185	4932.YDR500C	824	18
1863024	4932.YLR304C	823	210
1858954	4932.YBR082C	821	26
1859813	4932.YDR158W	820	107
1862065	4932.YJL190C	818	78
1863078	4932.YLR354C	817	116
1864737	4932.YOR375C	816	199
1863291	4932.YML078W	815	57
1862287	4932.YKL016C	810	39
1865000	4932.YPL231W	810	629
1859647	4932.YDR002W	809	45
1860514	4932.YER150W	806	17
1864840	4932.YPL078C	804	50
1860860	4932.YGL147C	795	98
1864358	4932.YOR020C	793	30
1863783	4932.YNL064C	790	103
1860102	4932.YDR418W	786	102
1860301	4932.YEL054C	786	102
1861151	4932.YGR159C	786	102
1861147	4932.YGR155W	785	163
1861686	4932.YIL052C	784	30
1860396	4932.YER056C-A	784	30
1861862	4932.YIR037W	782	29
1860961	4932.YGL245W	781	229
1864305	4932.YOL139C	781	60
1863094	4932.YLR367W	781	75
1863724	4932.YNL007C	777	68
1858876	4932.YBR010W	777	23
1863749	4932.YNL031C	777	23
1862227	4932.YJR121W	775	187
1862467	4932.YKL182W	774	657
1861287	4932.YGR285C	774	102
1861073	4932.YGR086C	772	106
1858819	4932.YBL072C	769	105
1860458	4932.YER102W	769	105
1860064	4932.YDR381W	768	33
1860817	4932.YGL105W	767	108
1864765	4932.YPL004C	766	98
1862161	4932.YJR056C	764	68
1863445	4932.YMR083W	763	144
1864843	4932.YPL081W	762	75
1863786	4932.YNL067W	761	97
1860618	4932.YFL045C	757	86
1860404	4932.YER063W	753	25
1858984	4932.YBR109C	752	48
1864033	4932.YNL301C	752	50
1864286	4932.YOL120C	752	50
1863433	4932.YMR072W	749	28
1861570	4932.YHR179W	748	120
1863604	4932.YMR226C	744	78
1863973	4932.YNL244C	742	37
1861234	4932.YGR234W	740	127
1859007	4932.YBR127C	738	183
1859688	4932.YDR037W	736	146
1859515	4932.YDL126C	731	247
1864480	4932.YOR136W	731	65
1861184	4932.YGR185C	729	96
1861779	4932.YIL138C	726	37
1861577	4932.YHR183W	722	194
1862902	4932.YLR192C	714	51
1862926	4932.YLR216C	710	75
1864841	4932.YPL079W	706	49
1860397	4932.YER057C	703	44
1860187	4932.YDR502C	700	146
1860050	4932.YDR371C-A	697	9
1862890	4932.YLR180W	697	140
1859488	4932.YDL100C	695	92
1859235	4932.YCL037C	694	134
1864647	4932.YOR293W	693	61
1864111	4932.YNR034W-A	693	38
1859398	4932.YDL014W	690	65
1862645	4932.YLL026W	687	226
1859238	4932.YCL040W	687	152
1858847	4932.YBL099W	686	141
1859330	4932.YCR053W	685	153
1860848	4932.YGL135W	684	110
1864988	4932.YPL220W	684	110
1863863	4932.YNL138W	683	127
1859580	4932.YDL185W	681	301
1861673	4932.YIL041W	680	71
1861440	4932.YHR064C	678	148
1863472	4932.YMR108W	677	149
1859452	4932.YDL066W	677	116
1860003	4932.YDR328C	668	50
1863875	4932.YNL147W	668	16
1859241	4932.YCL043C	667	169
1862121	4932.YJR016C	667	147
1859075	4932.YBR191W	662	47
1859469	4932.YDL083C	661	74
1863511	4932.YMR143W	661	74
1863837	4932.YNL113W	659	37
1860818	4932.YGL106W	658	38
1865112	4932.YPR052C	658	16
1860610	4932.YFL037W	657	87
1864797	4932.YPL036W	655	342
1862826	4932.YLR134W	654	312
1861604	4932.YHR208W	653	120
1860138	4932.YDR454C	652	52
1861072	4932.YGR085C	651	81
1865162	4932.YPR102C	651	81
1859110	4932.YBR221C	651	72
1858893	4932.YBR025C	649	104
1862214	4932.YJR109C	649	276
1862738	4932.YLR048W	647	119
1859794	4932.YDR139C	646	15
1861284	4932.YGR282C	646	62
1859215	4932.YCL018W	645	86
1865044	4932.YPL271W	645	21
1861115	4932.YGR124W	643	183
1859670	4932.YDR023W	642	132
1861900	4932.YJL034W	640	190
1860611	4932.YFL038C	638	54
1861214	4932.YGR214W	636	122
1858737	4932.YBL001C	636	15
1862907	4932.YLR197W	636	134
1860339	4932.YER009W	632	32
1863904	4932.YNL175C	631	67
1861532	4932.YHR143W-A	629	10
1862329	4932.YKL054C	626	72
1859672	4932.YDR025W	624	64
1858916	4932.YBR048W	624	64
1862343	4932.YKL067W	616	36
1861383	4932.YHR019C	615	123
1863608	4932.YMR230W	609	57
1862424	4932.YKL142W	608	49
1864583	4932.YOR230W	608	96
1861097	4932.YGR109W-A	608	167
1863755	4932.YNL037C	606	78
1859180	4932.YBR286W	606	117
1864309	4932.YOL143C	604	35
1863727	4932.YNL010W	601	52
1863213	4932.YML008C	597	109
1862494	4932.YKL210W	597	232
1862170	4932.YJR065C	593	83
1862012	4932.YJL138C	592	238
1862569	4932.YKR059W	592	238
1862949	4932.YLR236C	591	16
1860196	4932.YDR510W	590	17
1861512	4932.YHR128W	589	50
1860364	4932.YER031C	588	55
1863792	4932.YNL071W	588	82
1858670	4932.YAL044C	586	27
1860736	4932.YGL026C	586	179
1864386	4932.YOR045W	582	10
1859233	4932.YCL035C	581	39
1862182	4932.YJR077C	579	90
1862398	4932.YKL117W	579	36
1864920	4932.YPL154C	578	76
1860473	4932.YER117W	578	71
1858834	4932.YBL087C	578	71
1860266	4932.YEL024W	578	39
1863859	4932.YNL134C	575	95
1862309	4932.YKL035W	572	115
1859278	4932.YCR009C	569	48
1862716	4932.YLR027C	566	97
1863860	4932.YNL135C	564	38
1861265	4932.YGR264C	563	185
1861717	4932.YIL082W	563	167
1858667	4932.YAL042C-A	562	24
1860588	4932.YFL018C	561	120
1861385	4932.YHR021C	560	35
1858998	4932.YBR121C	560	153
1858788	4932.YBL045C	556	98
1863012	4932.YLR293C	555	76
1858981	4932.YBR106W	554	52
1860319	4932.YEL071W	554	128
1860028	4932.YDR353W	552	88
1864736	4932.YOR374W	552	132
1861473	4932.YHR089C	552	24
1860917	4932.YGL202W	548	119
1861524	4932.YHR137W	548	95
1862042	4932.YJL167W	548	79
1859513	4932.YDL124W	544	85
1864789	4932.YPL028W	544	94
1865266	4932.YPR191W	541	90
1865235	4932.YPR163C	541	88
1859587	4932.YDL192W	540	69
1860887	4932.YGL174W	536	39
1859898	4932.YDR233C	536	76
1860593	4932.YFL022C	534	87
1861439	4932.YHR063W-A	534	29
1862440	4932.YKL156W	534	34
1860016	4932.YDR341C	529	137
1860116	4932.YDR432W	528	45
1861179	4932.YGR180C	528	85
1860459	4932.YER103W	528	296
1863429	4932.YMR068W	527	50
1859228	4932.YCL030C	525	160
1862362	4932.YKL085W	524	82
1860747	4932.YGL037C	523	53
1860342	4932.YER012W	522	37
1864986	4932.YPL218W	522	60
1861384	4932.YHR020W	521	150
1860113	4932.YDR429C	521	43
1861372	4932.YHR008C	520	39
1863298	4932.YML084W	519	22
1861697	4932.YIL063C	517	62
1863595	4932.YMR217W	516	128
1860358	4932.YER025W	516	90
1865092	4932.YPR033C	514	110
1859968	4932.YDR298C	510	42
1858907	4932.YBR039W	509	60
1862847	4932.YLR153C	508	123
1858951	4932.YBR079C	505	175
1863680	4932.YMR295C	504	16
1863021	4932.YLR301W	502	63
1864666	4932.YOR310C	501	99
1859004	4932.YBR126C	500	87
1862050	4932.YJL175W	498	2
1858823	4932.YBL076C	496	252
1864994	4932.YPL225W	494	40
1860693	4932.YFR044C	494	91
1864874	4932.YPL111W	492	53
1863970	4932.YNL241C	491	111
1862482	4932.YKL196C	486	39
1864533	4932.YOR184W	486	86
1860699	4932.YFR050C	486	40
1863869	4932.YNL143C	483	15
1860903	4932.YGL189C	483	26
1865094	4932.YPR035W	482	54
1864197	4932.YOL038W	482	45
1862175	4932.YJR070C	482	70
1861552	4932.YHR163W	481	44
1861204	4932.YGR204W	480	181
1861074	4932.YGR087C	477	285
1863089	4932.YLR363W-A	476	4
1863347	4932.YML128C	474	80
1858784	4932.YBL041W	474	37
1863937	4932.YNL208W	472	37
1865258	4932.YPR183W	472	49
1864926	4932.YPL160W	471	226
1864534	4932.YOR185C	471	72
1861879	4932.YJL012C	470	111
1862556	4932.YKR046C	470	52
1863702	4932.YMR314W	469	53
1864074	4932.YNR001C	469	89
1859361	4932.YCR088W	469	101
1863172	4932.YLR438W	468	94
1859208	4932.YCL009C	468	71
1860645	4932.YFR004W	467	38
1865103	4932.YPR043W	466	30
1862199	4932.YJR094W-A	466	30
1861471	4932.YHR087W	464	19
1863345	4932.YML126C	463	81
1863699	4932.YMR311C	463	40
1865006	4932.YPL237W	463	45
1861906	4932.YJL041W	458	94
1860988	4932.YGR008C	457	12
1864486	4932.YOR142W	457	57
1860363	4932.YER030W	457	15
1861777	4932.YIL136W	456	61
1861159	4932.YGR162W	456	124
1858962	4932.YBR088C	455	63
1864810	4932.YPL048W	455	92
1864629	4932.YOR276W	454	23
1859470	4932.YDL084W	453	82
1860362	4932.YER029C	451	22
1865214	4932.YPR149W	450	33
1861423	4932.YHR051W	450	24
1864618	4932.YOR265W	448	16
1861081	4932.YGR094W	448	208
1861715	4932.YIL078W	447	136
1862523	4932.YKR014C	447	44
1860477	4932.YER120W	447	50
1863287	4932.YML074C	446	39
1860466	4932.YER110C	446	215
1860263	4932.YEL021W	445	47
1863468	4932.YMR105C	445	99
1863620	4932.YMR241W	444	47
1863828	4932.YNL104C	444	104
1864694	4932.YOR335C	443	176
1858950	4932.YBR078W	442	59
1863888	4932.YNL160W	442	52
1861892	4932.YJL026W	442	82
1865237	4932.YPR165W	441	32
1861950	4932.YJL080C	440	218
1860277	4932.YEL033W	440	14
1859828	4932.YDR171W	440	43
1864557	4932.YOR204W	440	141
1860390	4932.YER052C	439	91
1864091	4932.YNR016C	438	417
1864724	4932.YOR362C	438	56
1860488	4932.YER131W	437	25
1861391	4932.YHR025W	437	45
1860861	4932.YGL148W	436	74
1861868	4932.YJL001W	436	42
1861706	4932.YIL070C	436	20
1860575	4932.YFL010C	436	21
1863641	4932.YMR260C	435	22
1863514	4932.YMR146C	435	70
1861875	4932.YJL008C	433	93
1862002	4932.YJL130C	432	394
1862918	4932.YLR208W	432	51
1858658	4932.YAL035W	431	135
1859593	4932.YDL198C	431	47
1862297	4932.YKL024C	430	29
1859407	4932.YDL022W	429	68
1862401	4932.YKL120W	428	57
1863023	4932.YLR303W	428	82
1860900	4932.YGL187C	428	27
1863357	4932.YMR002W	427	7
1862153	4932.YJR048W	427	20
1860879	4932.YGL166W	426	21
1859829	4932.YDR172W	426	96
1863763	4932.YNL044W	425	21
1865129	4932.YPR069C	425	69
1859722	4932.YDR071C	424	42
1862889	4932.YLR179C	424	37
1858888	4932.YBR020W	424	94
1861444	4932.YHR068W	424	81
1864461	4932.YOR117W	423	83
1859437	4932.YDL051W	423	39
1859721	4932.YDR070C	423	4
1862750	4932.YLR060W	423	105
1860781	4932.YGL069C	422	13
1864639	4932.YOR286W	422	14
1859528	4932.YDL137W	420	61
1860494	4932.YER136W	420	78
1863441	4932.YMR079W	419	61
1864648	4932.YOR294W	418	21
1864300	4932.YOL134C	418	1
1862033	4932.YJL158C	418	24
1859025	4932.YBR143C	418	78
1863984	4932.YNL255C	417	28
1864011	4932.YNL281W	417	25
1859538	4932.YDL147W	416	67
1864152	4932.YNR075C-A	416	4
1862357	4932.YKL080W	415	71
1862479	4932.YKL193C	414	54
1859031	4932.YBR149W	414	64
1864614	4932.YOR261C	414	65
1863821	4932.YNL098C	414	62
1862635	4932.YLL018C	412	92
1860297	4932.YEL051W	412	26
1861393	4932.YHR027C	411	178
1863836	4932.YNL112W	411	76
1863719	4932.YNL002C	410	26
1862178	4932.YJR073C	410	47
1861675	4932.YIL043C	410	51
1860172	4932.YDR487C	409	40
1864625	4932.YOR272W	406	72
1860336	4932.YER007C-A	406	27
1859303	4932.YCR028C-A	405	20
1861164	4932.YGR167W	405	29
1862130	4932.YJR025C	405	32
1862852	4932.YLR154W-B	404	3
1858627	4932.YAL011W	404	66
1864752	4932.YOR388C	402	90
1861382	4932.YHR018C	402	89
1858780	4932.YBL039C	402	113
1863324	4932.YML106W	402	49
1865101	4932.YPR041W	402	67
1862510	4932.YKR001C	402	107
1864623	4932.YOR270C	399	121
1859226	4932.YCL028W	399	28
1864568	4932.YOR215C	399	19
1860432	4932.YER084W	399	15
1859011	4932.YBR131C-A	399	4
1859273	4932.YCR004C	398	40
1862553	4932.YKR043C	398	35
1860602	4932.YFL031C-A	398	2
1860413	4932.YER069W	397	153
1859948	4932.YDR278C	397	3
1864260	4932.YOL097C	396	71
1859686	4932.YDR035W	395	52
1862478	4932.YKL192C	394	16
1861730	4932.YIL094C	394	48
1860450	4932.YER094C	393	34
1859157	4932.YBR263W	393	67
1864880	4932.YPL117C	392	52
1860356	4932.YER023W	392	49
1859534	4932.YDL143W	392	64
1865095	4932.YPR036W	392	86
1864932	4932.YPL166W	392	67
1860219	4932.YDR529C	390	26
1861126	4932.YGR135W	390	43
1864677	4932.YOR319W	389	33
1859107	4932.YBR218C	389	240
1860042	4932.YDR365C	388	80
1860295	4932.YEL050C	387	29
1861665	4932.YIL033C	387	65
1863659	4932.YMR276W	387	27
1860331	4932.YER003C	384	67
1862433	4932.YKL150W	383	46
1860237	4932.YEL001C	383	8
1863181	4932.YLR447C	383	68
1859249	4932.YCL050C	383	55
1863733	4932.YNL016W	382	37
1860950	4932.YGL234W	382	118
1859680	4932.YDR033W	382	39
1865171	4932.YPR110C	382	58
1862181	4932.YJR076C	382	63
1860429	4932.YER081W	381	90
1861254	4932.YGR253C	381	42
1860108	4932.YDR424C	381	12
1863083	4932.YLR359W	381	76
1860773	4932.YGL062W	380	247
1860239	4932.YEL003W	379	13
1863070	4932.YLR347C	378	104
1864127	4932.YNR050C	378	75
1860047	4932.YDR368W	378	56
1859498	4932.YDL110C	377	23
1863230	4932.YML022W	376	23
1864517	4932.YOR168W	376	112
1859608	4932.YDL213C	376	25
1859576	4932.YDL182W	375	102
1860720	4932.YGL011C	373	53
1864120	4932.YNR043W	373	58
1860417	4932.YER073W	373	71
1864948	4932.YPL182C	372	9
1860071	4932.YDR388W	372	52
1860571	4932.YFL005W	371	38
1864995	4932.YPL226W	371	167
1862375	4932.YKL096W-A	371	5
1860921	4932.YGL206C	370	279
1860369	4932.YER036C	370	82
1862111	4932.YJR007W	369	52
1860910	4932.YGL195W	369	464
1863695	4932.YMR307W	368	86
1864306	4932.YOL140W	368	61
1863306	4932.YML092C	366	34
1860146	4932.YDR461W	366	6
1863216	4932.YML009W-B	366	19
1863367	4932.YMR012W	365	190
1858978	4932.YBR103W	365	93
1860223	4932.YDR533C	364	41
1862441	4932.YKL157W	364	146
1864219	4932.YOL059W	362	66
1864888	4932.YPL124W	361	29
1863267	4932.YML056C	360	116
1863949	4932.YNL220W	360	65
1860850	4932.YGL137W	359	134
1860922	4932.YGL207W	358	139
1862997	4932.YLR281C	357	9
1863283	4932.YML070W	357	83
1860394	4932.YER055C	357	52
1861596	4932.YHR200W	356	32
1862638	4932.YLL019W-A	356	6
1860385	4932.YER048C	356	44
1864299	4932.YOL133W	356	18
1863614	4932.YMR235C	355	79
1865087	4932.YPR028W	355	22
1859521	4932.YDL131W	354	97
1859536	4932.YDL145C	354	167
1859825	4932.YDR169C-A	353	2
1861123	4932.YGR132C	353	33
1863581	4932.YMR203W	353	47
1864525	4932.YOR176W	352	45
1862885	4932.YLR175W	351	61
1860700	4932.YFR051C	350	37
1865257	4932.YPR182W	349	9
1858903	4932.YBR035C	347	28
1860262	4932.YEL020W-A	347	9
1859974	4932.YDR304C	347	46
1862558	4932.YKR048C	346	53
1860082	4932.YDR399W	346	36
1859121	4932.YBR230C	345	15
1860077	4932.YDR394W	344	68
1863097	4932.YLR370C	344	17
1859450	4932.YDL064W	344	13
1862592	4932.YKR081C	344	31
1859173	4932.YBR279W	344	53
1860702	4932.YFR052W	344	48
1862372	4932.YKL095W	343	28
1861000	4932.YGR020C	343	15
1863845	4932.YNL121C	342	80
1860975	4932.YGL258W-A	342	7
1864289	4932.YOL123W	342	48
1860606	4932.YFL034C-A	341	14
1864612	4932.YOR259C	340	57
1859464	4932.YDL078C	339	56
1859505	4932.YDL116W	339	75
1860111	4932.YDR427W	339	54
1861784	4932.YIL142W	338	80
1863856	4932.YNL131W	338	20
1860444	4932.YER090W	337	78
1860642	4932.YFR001W	336	12
1861535	4932.YHR146W	335	48
1859526	4932.YDL135C	335	27
1859514	4932.YDL125C	333	28
1864317	4932.YOL151W	333	53
1861491	4932.YHR107C	333	58
1859485	4932.YDL097C	333	56
1860386	4932.YER048W-A	332	10
1859145	4932.YBR252W	332	13
1859823	4932.YDR168W	332	64
1863703	4932.YMR315W	332	51
1863020	4932.YLR300W	331	66
1862169	4932.YJR064W	331	57
1860490	4932.YER133W	330	56
1865201	4932.YPR137W	328	50
1863036	4932.YLR314C	328	72
1864853	4932.YPL091W	327	63
1861713	4932.YIL076W	327	33
1862552	4932.YKR042W	325	15
1861881	4932.YJL014W	324	76
1859738	4932.YDR086C	324	9
1865035	4932.YPL262W	323	50
1864891	4932.YPL127C	323	21
1859387	4932.YDL004W	323	15
1862099	4932.YJL222W-A	322	14
1861047	4932.YGR061C	321	183
1861843	4932.YIR021W-A	321	7
1861192	4932.YGR193C	321	42
1859785	4932.YDR129C	320	85
1865020	4932.YPL250C	320	11
1863164	4932.YLR432W	319	145
1864402	4932.YOR061W	318	39
1864855	4932.YPL093W	318	74
1864360	4932.YOR021C	318	30
1859474	4932.YDL086W	317	41
1861891	4932.YJL026C-A	317	7
1863011	4932.YLR292C	317	18
1862840	4932.YLR147C	316	14
1862456	4932.YKL171W	315	101
1863877	4932.YNL149C	315	18
1860291	4932.YEL046C	315	63
1863709	4932.YMR318C	314	47
1858963	4932.YBR089C-A	313	8
1864581	4932.YOR228C	313	23
1864586	4932.YOR232W	312	23
1862284	4932.YKL013C	312	25
1861712	4932.YIL075C	311	116
1859060	4932.YBR177C	311	55
1864092	4932.YNR017W	310	26
1859083	4932.YBR196C-B	310	2
1864681	4932.YOR323C	310	63
1859356	4932.YCR084C	309	86
1861488	4932.YHR104W	308	57
1860282	4932.YEL037C	306	35
1861420	4932.YHR049W	306	39
1862542	4932.YKR033C	306	4
1861518	4932.YHR132W-A	306	13
1864503	4932.YOR157C	305	22
1858822	4932.YBL075C	305	239
1859415	4932.YDL029W	304	45
1863558	4932.YMR183C	304	30
1863423	4932.YMR062C	304	55
1861638	4932.YIL011W	303	9
1859058	4932.YBR175W	303	27
1859743	4932.YDR091C	301	67
1861412	4932.YHR042W	300	85
1865046	4932.YPL273W	299	35
1862888	4932.YLR178C	299	26
1863057	4932.YLR335W	298	81
1864112	4932.YNR035C	297	39
1863697	4932.YMR309C	297	94
1859271	4932.YCR002C	296	45
1863389	4932.YMR031C	296	95
1863277	4932.YML064C	295	36
1862910	4932.YLR200W	295	17
1862660	4932.YLL041C	295	29
1864563	4932.YOR210W	295	6
1860020	4932.YDR345C	295	69
1862991	4932.YLR275W	294	12
1859395	4932.YDL011C	294	4
1858634	4932.YAL016W	294	60
1858710	4932.YAR015W	293	36
1858801	4932.YBL058W	293	50
1860652	4932.YFR010W	292	56
1863976	4932.YNL247W	292	85
1860759	4932.YGL048C	292	48
1860937	4932.YGL222C	292	18
1864606	4932.YOR253W	291	22
1863988	4932.YNL259C	291	8
1861863	4932.YIR038C	291	24
1859834	4932.YDR177W	291	22
1864550	4932.YOR197W	291	32
1865168	4932.YPR108W	290	41
1860251	4932.YEL013W	290	56
1859924	4932.YDR258C	290	85
1864723	4932.YOR361C	289	92
1864675	4932.YOR317W	289	92
1863485	4932.YMR120C	289	90
1861806	4932.YIL162W	288	59
1860654	4932.YFR011C	288	18
1860905	4932.YGL191W	288	13
1864638	4932.YOR285W	287	18
1860330	4932.YER002W	287	15
1863462	4932.YMR099C	286	43
1861090	4932.YGR103W	286	51
1861075	4932.YGR088W	285	78
1862427	4932.YKL145W	284	55
1860886	4932.YGL173C	283	160
1864021	4932.YNL289W	283	33
1861137	4932.YGR146C	282	21
1860162	4932.YDR477W	282	76
1860483	4932.YER126C	282	22
1859831	4932.YDR174W	282	22
1862383	4932.YKL103C	282	60
1861069	4932.YGR082W	281	22
1864747	4932.YOR383C	280	2
1860137	4932.YDR453C	280	24
1862189	4932.YJR085C	280	13
1861121	4932.YGR130C	279	68
1862961	4932.YLR248W	279	44
1864821	4932.YPL059W	278	19
1861711	4932.YIL074C	278	76
1864464	4932.YOR120W	278	43
1865067	4932.YPR010C	277	119
1859565	4932.YDL171C	277	255
1859458	4932.YDL072C	277	28
1863980	4932.YNL251C	277	51
1861696	4932.YIL062C	276	18
1860435	4932.YER086W	276	68
1861974	4932.YJL104W	276	14
1864297	4932.YOL131W	275	13
1862115	4932.YJR010W	275	58
1865003	4932.YPL234C	275	7
1858960	4932.YBR086C	275	87
1858764	4932.YBL024W	274	85
1861231	4932.YGR231C	274	28
1860518	4932.YER153C	274	33
1859391	4932.YDL007W	274	47
1864042	4932.YNL310C	274	14
1858755	4932.YBL015W	274	63
1862076	4932.YJL200C	273	67
1859996	4932.YDR322C-A	273	11
1859621	4932.YDL226C	273	45
1859177	4932.YBR283C	273	44
1863513	4932.YMR145C	272	53
1860780	4932.YGL068W	272	10
1860495	4932.YER137C	272	6
1862932	4932.YLR222C	272	97
1859877	4932.YDR212W	271	56
1859150	4932.YBR256C	269	29
1859127	4932.YBR234C	269	41
1861026	4932.YGR040W	269	44
1864387	4932.YOR046C	269	62
1864593	4932.YOR239W	269	40
1858975	4932.YBR101C	268	35
1859137	4932.YBR244W	268	21
1862174	4932.YJR069C	267	22
1862022	4932.YJL148W	267	19
1865001	4932.YPL232W	267	26
1862471	4932.YKL185W	266	49
1861584	4932.YHR190W	266	42
1865256	4932.YPR181C	266	94
1863682	4932.YMR297W	265	47
1864019	4932.YNL287W	265	105
1864904	4932.YPL139C	264	44
1861368	4932.YHR005C-A	264	15
1862717	4932.YLR028C	264	86
1862764	4932.YLR074C	264	17
1863397	4932.YMR038C	264	23
1863205	4932.YML001W	264	28
1859294	4932.YCR022C	263	9
1860021	4932.YDR346C	263	46
1861992	4932.YJL122W	262	9
1859666	4932.YDR019C	262	37
1864685	4932.YOR327C	262	11
1859848	4932.YDR188W	261	47
1864406	4932.YOR065W	260	23
1864022	4932.YNL290W	259	41
1864432	4932.YOR089C	259	28
1859037	4932.YBR155W	259	29
1864160	4932.YOL005C	259	14
1861652	4932.YIL022W	259	40
1862672	4932.YLL053C	258	10
1861061	4932.YGR074W	258	11
1862576	4932.YKR066C	258	42
1861211	4932.YGR211W	258	45
1860538	4932.YER170W	257	23
1862147	4932.YJR042W	257	86
1858987	4932.YBR111C	256	17
1860303	4932.YEL056W	256	49
1862697	4932.YLR008C	256	7
1858623	4932.YAL007C	255	13
1863791	4932.YNL070W	255	10
1863285	4932.YML072C	254	140
1863238	4932.YML030W	253	12
1861245	4932.YGR244C	253	47
1860274	4932.YEL031W	253	122
1861748	4932.YIL109C	253	87
1859396	4932.YDL012C	252	3
1863064	4932.YLR342W	251	206
1860292	4932.YEL047C	251	52
1861991	4932.YJL121C	251	22
1863282	4932.YML069W	251	54
1863014	4932.YLR295C	250	13
1861827	4932.YIR010W	250	37
1862027	4932.YJL153C	250	46
1860332	4932.YER004W	249	25
1861539	4932.YHR150W	249	63
1859052	4932.YBR169C	249	100
1861993	4932.YJL123C	249	72
1862122	4932.YJR017C	248	14
1859695	4932.YDR044W	248	30
1865213	4932.YPR148C	248	39
1863911	4932.YNL182C	247	61
1859027	4932.YBR145W	247	56
1861620	4932.YHR216W	247	122
1861229	4932.YGR229C	247	27
1864380	4932.YOR039W	246	21
1862256	4932.YJR148W	246	43
1863258	4932.YML048W	246	43
1859141	4932.YBR248C	246	68
1862152	4932.YJR047C	245	42
1859807	4932.YDR152W	245	19
1863731	4932.YNL014W	245	182
1863644	4932.YMR263W	244	12
1863344	4932.YML125C	244	30
1865174	4932.YPR113W	244	23
1863470	4932.YMR106C	244	53
1861418	4932.YHR048W	243	27
1863809	4932.YNL088W	243	128
1863207	4932.YML003W	243	20
1861171	4932.YGR173W	243	35
1859630	4932.YDL235C	243	15
1861922	4932.YJL055W	242	24
1862302	4932.YKL029C	242	70
1863153	4932.YLR421C	241	20
1859042	4932.YBR160W	241	35
1861885	4932.YJL020C	241	86
1864998	4932.YPL229W	241	16
1860766	4932.YGL055W	241	46
1862986	4932.YLR270W	241	50
1864774	4932.YPL013C	241	10
1864159	4932.YOL004W	241	121
1860350	4932.YER019C-A	241	9
1859520	4932.YDL130W-A	241	4
1865195	4932.YPR133W-A	240	7
1863807	4932.YNL086W	240	5
1864200	4932.YOL041C	240	41
1861981	4932.YJL111W	239	65
1863607	4932.YMR229C	239	160
1864607	4932.YOR254C	239	62
1863696	4932.YMR308C	239	92
1862593	4932.YKR082W	239	106
1862363	4932.YKL086W	239	7
1865194	4932.YPR133C	239	42
1862374	4932.YKL096W	239	24
1863918	4932.YNL189W	239	46
1862244	4932.YJR137C	238	148
1859553	4932.YDL160C	238	49
1863409	4932.YMR049C	238	65
1864365	4932.YOR026W	238	43
1862995	4932.YLR279W	238	5
1860799	4932.YGL087C	237	17
1862457	4932.YKL172W	237	33
1864185	4932.YOL027C	237	45
1860981	4932.YGR001C	237	21
1861958	4932.YJL088W	236	43
1865074	4932.YPR016C	236	17
1864237	4932.YOL077W-A	236	5
1861765	4932.YIL125W	236	87
1858638	4932.YAL019W-A	236	22
1861764	4932.YIL124W	235	29
1863152	4932.YLR420W	235	37
1862294	4932.YKL022C	235	56
1861281	4932.YGR279C	235	29
1861858	4932.YIR034C	234	42
1862481	4932.YKL195W	234	31
1865231	4932.YPR160W	234	100
1865008	4932.YPL239W	234	22
1860269	4932.YEL027W	233	15
1859590	4932.YDL195W	233	109
1860335	4932.YER006W	233	59
1864537	4932.YOR187W	233	48
1865133	4932.YPR073C	233	11
1864167	4932.YOL012C	233	11
1863960	4932.YNL231C	232	32
1860999	4932.YGR019W	232	45
1862093	4932.YJL217W	232	21
1859258	4932.YCL058W-A	232	4
1864263	4932.YOL099C	232	10
1864430	4932.YOR086C	231	103
1862496	4932.YKL212W	231	73
1864272	4932.YOL106W	231	8
1863419	4932.YMR058W	231	33
1863882	4932.YNL154C	231	51
1859262	4932.YCL064C	230	32
1865179	4932.YPR118W	230	34
1864825	4932.YPL063W	230	49
1864665	4932.YOR309C	230	8
1862276	4932.YKL006C-A	230	7
1860452	4932.YER096W	230	35
1862882	4932.YLR172C	229	26
1861040	4932.YGR054W	229	53
1859041	4932.YBR159W	229	32
1862944	4932.YLR231C	229	35
1858790	4932.YBL047C	228	106
1864674	4932.YOR316C-A	227	4
1859673	4932.YDR026C	227	43
1859783	4932.YDR127W	226	154
1864039	4932.YNL307C	226	41
1861315	4932.YHL011C	226	36
1863685	4932.YMR300C	226	45
1863316	4932.YML100W	225	99
1859355	4932.YCR083W	225	12
1862034	4932.YJL159W	225	54
1860492	4932.YER134C	225	15
1864277	4932.YOL111C	225	21
1860827	4932.YGL115W	224	37
1858997	4932.YBR120C	224	8
1860708	4932.YGL001C	224	26
1860414	4932.YER070W	224	91
1864497	4932.YOR151C	224	100
1859156	4932.YBR262C	223	14
1864958	4932.YPL190C	223	46
1863624	4932.YMR244C-A	223	5
1861986	4932.YJL116C	222	11
1863323	4932.YML105C	222	19
1862280	4932.YKL009W	222	22
1864522	4932.YOR173W	221	43
1863881	4932.YNL153C	221	10
1865120	4932.YPR060C	221	20
1861218	4932.YGR218W	221	97
1861807	4932.YIL163C	220	12
1860584	4932.YFL015W-A	220	10
1860465	4932.YER109C	220	52
1860750	4932.YGL040C	219	29
1858989	4932.YBR112C	219	64
1865262	4932.YPR187W	219	11
1862476	4932.YKL190W	218	16
1861657	4932.YIL027C	218	10
1860479	4932.YER122C	218	36
1862957	4932.YLR244C	218	36
1863220	4932.YML012W	218	19
1860868	4932.YGL155W	218	22
1860812	4932.YGL100W	218	26
1863262	4932.YML052W	217	17
1861177	4932.YGR178C	217	54
1862756	4932.YLR066W	216	14
1862603	4932.YKR092C	216	8
1859942	4932.YDR272W	216	25
1863968	4932.YNL239W	216	47
1864703	4932.YOR343C	216	9
1858746	4932.YBL007C	216	61
1862906	4932.YLR196W	216	60
1861396	4932.YHR029C	216	26
1860870	4932.YGL157W	215	40
1860960	4932.YGL244W	215	33
1865079	4932.YPR020W	215	9
1859491	4932.YDL103C	215	52
1862914	4932.YLR204W	215	4
1860353	4932.YER021W	215	52
1859509	4932.YDL120W	215	10
1864324	4932.YOL158C	215	36
1858883	4932.YBR015C	215	58
1858808	4932.YBL064C	214	23
1865033	4932.YPL260W	214	47
1860958	4932.YGL242C	214	16
1859854	4932.YDR194C	213	44
1864144	4932.YNR067C	213	62
1861782	4932.YIL141W	213	4
1864910	4932.YPL145C	213	33
1862332	4932.YKL057C	213	86
1864780	4932.YPL019C	213	75
1864072	4932.YNL339W-A	213	26
1865055	4932.YPL283W-A	213	26
1861298	4932.YGR296C-A	213	26
1860562	4932.YER190C-A	213	26
1863353	4932.YML133W-A	213	26
1859255	4932.YCL057C-A	213	12
1861917	4932.YJL051W	212	53
1858922	4932.YBR054W	212	27
1860811	4932.YGL099W	212	42
1859618	4932.YDL223C	212	92
1864434	4932.YOR091W	212	18
1860401	4932.YER060W-A	212	8
1863339	4932.YML120C	212	39
1861207	4932.YGR207C	212	23
1858894	4932.YBR026C	212	26
1859755	4932.YDR101C	211	53
1860816	4932.YGL104C	211	33
1859209	4932.YCL010C	211	23
1863156	4932.YLR424W	211	42
1864181	4932.YOL023W	211	47
1860570	4932.YFL004W	210	78
1864718	4932.YOR356W	210	47
1859510	4932.YDL121C	210	11
1862047	4932.YJL172W	210	41
1859522	4932.YDL132W	209	72
1859678	4932.YDR031W	209	8
1863435	4932.YMR074C	209	13
1860953	4932.YGL237C	209	12
1862575	4932.YKR065C	209	10
1864701	4932.YOR341W	209	139
1861750	4932.YIL111W	209	15
1861424	4932.YHR052W	209	30
1859631	4932.YDL236W	208	32
1863466	4932.YMR103C	208	7
1859425	4932.YDL040C	208	72
1865061	4932.YPR004C	208	31
1859047	4932.YBR164C	208	19
1863654	4932.YMR272W-A	208	5
1860428	4932.YER080W	207	49
1862495	4932.YKL211C	207	37
1859433	4932.YDL047W	206	29
1864359	4932.YOR020W-A	206	6
1861180	4932.YGR181W	206	11
1862972	4932.YLR258W	206	55
1860895	4932.YGL182C	206	9
1859036	4932.YBR154C	206	15
1863673	4932.YMR290C	205	50
1861651	4932.YIL021W	205	26
1863580	4932.YMR202W	205	10
1859010	4932.YBR130C	205	34
1864684	4932.YOR326W	205	167
1863328	4932.YML110C	205	23
1863105	4932.YLR378C	205	29
1861438	4932.YHR063C	204	41
1864254	4932.YOL091W	204	45
1858920	4932.YBR052C	204	19
1862843	4932.YLR149C-A	204	2
1859644	4932.YDL247W-A	204	2
1859739	4932.YDR087C	204	20
1858677	4932.YAL049C	204	22
1865219	4932.YPR154W	203	9
1863161	4932.YLR429W	203	51
1864472	4932.YOR128C	203	49
1864040	4932.YNL308C	202	37
1861720	4932.YIL084C	202	20
1858793	4932.YBL050W	202	30
1859259	4932.YCL059C	202	20
1858762	4932.YBL022C	202	84
1865123	4932.YPR063C	202	11
1863455	4932.YMR092C	202	51
1862409	4932.YKL128C	202	25
1862909	4932.YLR199C	201	25
1865122	4932.YPR062W	201	15
1865104	4932.YPR044C	201	6
1864445	4932.YOR102W	201	7
1860482	4932.YER125W	201	58
1862384	4932.YKL104C	200	69
1858886	4932.YBR018C	200	30
1858957	4932.YBR084W	200	76
1863299	4932.YML085C	200	40
1860360	4932.YER027C	200	17
1864107	4932.YNR032C-A	200	9
1861934	4932.YJL066C	200	23
1864003	4932.YNL274C	200	30
1862041	4932.YJL166W	200	10
1860650	4932.YFR009W	200	60
1863622	4932.YMR242W-A	200	1
1863805	4932.YNL084C	199	32
1860804	4932.YGL092W	199	92
1860410	4932.YER067W	199	14
1860464	4932.YER107W-A	199	8
1862614	4932.YKR102W	199	32
1865041	4932.YPL268W	198	56
1863183	4932.YLR449W	198	20
1859426	4932.YDL041W	198	5
1864890	4932.YPL126W	198	73
1864980	4932.YPL212C	198	44
1860790	4932.YGL078C	197	48
1862894	4932.YLR184W	197	4
1864582	4932.YOR229W	197	38
1864562	4932.YOR209C	197	47
1862795	4932.YLR104W	197	2
1863517	4932.YMR149W	196	18
1859140	4932.YBR247C	196	41
1859879	4932.YDR214W	196	27
1863101	4932.YLR374C	196	9
1859918	4932.YDR252W	196	5
1862232	4932.YJR126C	195	74
1859765	4932.YDR111C	195	22
1862048	4932.YJL173C	195	15
1863977	4932.YNL248C	195	25
1863091	4932.YLR364W	195	8
1863899	4932.YNL170W	195	14
1861800	4932.YIL156W-B	194	7
1859903	4932.YDR238C	194	86
1862314	4932.YKL040C	194	25
1864604	4932.YOR251C	194	30
1863799	4932.YNL078W	194	17
1861822	4932.YIR005W	194	10
1861492	4932.YHR108W	194	34
1859237	4932.YCL039W	193	56
1862224	4932.YJR118C	193	12
1862591	4932.YKR080W	193	22
1859525	4932.YDL134C	193	41
1859285	4932.YCR016W	193	18
1862168	4932.YJR063W	192	10
1865272	4932.YPR197C	192	10
1863147	4932.YLR415C	192	13
1862658	4932.YLL039C	192	93
1861249	4932.YGR248W	191	13
1865143	4932.YPR082C	191	13
1862017	4932.YJL143W	191	13
1862535	4932.YKR026C	191	25
1860671	4932.YFR027W	190	25
1863349	4932.YML130C	189	52
1861067	4932.YGR080W	189	21
1860944	4932.YGL228W	189	35
1863866	4932.YNL140C	189	10
1865152	4932.YPR092W	189	4
1863564	4932.YMR189W	189	73
1861458	4932.YHR076W	189	23
1863309	4932.YML094W	189	12
1860171	4932.YDR486C	189	6
1864224	4932.YOL064C	189	28
1861988	4932.YJL118W	188	5
1861818	4932.YIR001C	188	12
1862179	4932.YJR074W	188	23
1861280	4932.YGR278W	188	49
1864605	4932.YOR252W	187	10
1861560	4932.YHR170W	187	30
1862234	4932.YJR128W	187	10
1862466	4932.YKL181W	187	33
1865039	4932.YPL266W	187	25
1860915	4932.YGL200C	186	20
1863270	4932.YML058W	186	7
1862763	4932.YLR073C	186	20
1861108	4932.YGR119C	186	27
1864221	4932.YOL061W	186	43
1864514	4932.YOR165W	186	65
1863771	4932.YNL052W	186	16
1860529	4932.YER162C	186	44
1859568	4932.YDL174C	186	49
1861370	4932.YHR007C	185	47
1859328	4932.YCR051W	185	19
1861823	4932.YIR006C	185	66
1865023	4932.YPL252C	185	4
1861277	4932.YGR275W	185	8
1860254	4932.YEL016C	184	22
1862208	4932.YJR103W	184	56
1860287	4932.YEL042W	184	34
1859850	4932.YDR190C	184	44
1862971	4932.YLR257W	184	26
1858640	4932.YAL021C	184	61
1863566	4932.YMR191W	184	16
1863294	4932.YML081C-A	183	4
1861206	4932.YGR206W	183	7
1859462	4932.YDL076C	183	18
1860238	4932.YEL002C	183	35
1863811	4932.YNL090W	183	17
1864444	4932.YOR101W	183	29
1863269	4932.YML057W	183	50
1861464	4932.YHR081W	183	10
1864438	4932.YOR095C	183	24
1858923	4932.YBR055C	183	71
1864044	4932.YNL312W	182	21
1863691	4932.YMR305C	182	18
1864992	4932.YPL223C	182	10
1862127	4932.YJR022W	182	8
1864619	4932.YOR266W	182	20
1862324	4932.YKL050C	182	55
1864700	4932.YOR340C	182	21
1864452	4932.YOR108W	181	54
1865190	4932.YPR129W	181	23
1863497	4932.YMR131C	181	37
1865066	4932.YPR009W	181	24
1862201	4932.YJR096W	181	25
1859750	4932.YDR098C	181	16
1861194	4932.YGR195W	181	10
1861235	4932.YGR235C	181	17
1861149	4932.YGR157W	181	57
1859445	4932.YDL059C	180	18
1864577	4932.YOR224C	180	11
1859626	4932.YDL231C	180	68
1864276	4932.YOL110W	180	10
1862791	4932.YLR100W	180	30
1860729	4932.YGL019W	179	22
1864396	4932.YOR055W	179	5
1863459	4932.YMR096W	178	21
1860159	4932.YDR473C	178	29
1864062	4932.YNL330C	178	41
1860168	4932.YDR483W	178	36
1860599	4932.YFL028C	177	17
1863050	4932.YLR328W	177	33
1864089	4932.YNR014W	177	11
1860052	4932.YDR372C	177	28
1861758	4932.YIL118W	177	21
1863959	4932.YNL230C	177	27
1860738	4932.YGL028C	177	13
1862627	4932.YLL008W	177	48
1859252	4932.YCL054W	176	37
1861667	4932.YIL035C	176	30
1859947	4932.YDR277C	176	16
1858773	4932.YBL032W	176	19
1860643	4932.YFR002W	176	57
1863579	4932.YMR201C	176	21
1860834	4932.YGL122C	175	26
1859439	4932.YDL053C	175	13
1861105	4932.YGR116W	175	107
1864979	4932.YPL211W	175	12
1863780	4932.YNL061W	175	40
1859542	4932.YDL151C	175	11
1863912	4932.YNL183C	175	58
1859254	4932.YCL056C	175	10
1861495	4932.YHR111W	174	24
1862787	4932.YLR097C	174	27
1860387	4932.YER049W	174	42
1858885	4932.YBR017C	174	69
1862905	4932.YLR195C	174	35
1858629	4932.YAL013W	173	24
1858970	4932.YBR095C	173	21
1864311	4932.YOL145C	173	73
1861930	4932.YJL062W-A	173	4
1860515	4932.YER151C	173	48
1862177	4932.YJR072C	173	22
1859487	4932.YDL099W	173	14
1863857	4932.YNL132W	173	77
1861490	4932.YHR106W	172	33
1860062	4932.YDR380W	172	55
1863379	4932.YMR022W	172	7
1865012	4932.YPL243W	172	38
1864851	4932.YPL089C	172	19
1862498	4932.YKL214C	172	13
1865004	4932.YPL235W	172	48
1861096	4932.YGR109C	172	28
1859451	4932.YDL065C	172	29
1865158	4932.YPR098C	172	7
1863467	4932.YMR104C	172	57
1858702	4932.YAR002C-A	172	18
1860205	4932.YDR519W	171	15
1859397	4932.YDL013W	171	41
1859531	4932.YDL140C	171	112
1860246	4932.YEL009C	171	22
1858908	4932.YBR040W	171	22
1860140	4932.YDR456W	171	17
1863453	4932.YMR090W	171	16
1864499	4932.YOR153W	171	108
1864954	4932.YPL187W	171	4
1863208	4932.YML004C	171	20
1861205	4932.YGR205W	170	20
1861268	4932.YGR267C	170	22
1861208	4932.YGR208W	170	19
1863126	4932.YLR399C	170	27
1858887	4932.YBR019C	170	51
1859777	4932.YDR121W	170	14
1861350	4932.YHL042W	169	13
1859483	4932.YDL095W	169	64
1861456	4932.YHR074W	169	51
1863623	4932.YMR243C	169	18
1858820	4932.YBL073W	169	7
1863867	4932.YNL141W	169	28
1860521	4932.YER156C	168	30
1859935	4932.YDR265W	168	28
1859005	4932.YBR126W-A	168	9
1863266	4932.YML055W	168	12
1864559	4932.YOR206W	168	42
1859054	4932.YBR171W	168	14
1859995	4932.YDR321W	168	27
1864773	4932.YPL012W	167	77
1860698	4932.YFR049W	167	8
1859016	4932.YBR135W	167	10
1863150	4932.YLR418C	167	20
1864492	4932.YOR146W	167	4
1864575	4932.YOR222W	167	25
1861363	4932.YHR001W-A	167	5
1861127	4932.YGR136W	167	9
1863675	4932.YMR291W	167	38
1859714	4932.YDR063W	166	10
1859256	4932.YCL057W	166	58
1858705	4932.YAR007C	166	42
1863005	4932.YLR287C	166	22
1861826	4932.YIR009W	166	8
1858952	4932.YBR080C	166	47
1864096	4932.YNR021W	166	32
1860166	4932.YDR481C	166	38
1863669	4932.YMR286W	166	5
1862173	4932.YJR068W	166	30
1860774	4932.YGL063C-A	166	2
1858838	4932.YBL091C	166	28
1862408	4932.YKL127W	166	42
1865263	4932.YPR188C	166	12
1861174	4932.YGR175C	165	32
1863432	4932.YMR071C	165	8
1861049	4932.YGR063C	165	7
1862271	4932.YKL001C	165	15
1863214	4932.YML009C	165	2
1862607	4932.YKR095W-A	165	6
1861709	4932.YIL072W	165	33
1860755	4932.YGL043W	164	19
1862515	4932.YKR006C	164	17
1859710	4932.YDR059C	164	9
1861756	4932.YIL116W	164	26
1861746	4932.YIL107C	164	56
1860621	4932.YFL048C	164	30
1861666	4932.YIL034C	164	18
1865212	4932.YPR147C	163	17
1865163	4932.YPR103W	163	24
1863972	4932.YNL243W	163	55
1864861	4932.YPL098C	163	7
1861844	4932.YIR022W	163	10
1861257	4932.YGR256W	162	68
1862525	4932.YKR016W	162	44
1860442	4932.YER089C	162	32
1861228	4932.YGR228W	162	2
1864014	4932.YNL284C	162	16
1858777	4932.YBL036C	162	21
1861644	4932.YIL016W	162	9
1862239	4932.YJR133W	162	15
1863118	4932.YLR390W-A	161	18
1861927	4932.YJL060W	161	31
1862804	4932.YLR113W	161	29
1861869	4932.YJL002C	161	29
1859614	4932.YDL219W	161	10
1859038	4932.YBR156C	161	31
1863627	4932.YMR246W	161	47
1865187	4932.YPR126C	161	6
1862790	4932.YLR099W-A	161	4
1864746	4932.YOR382W	160	7
1862105	4932.YJR002W	160	30
1858769	4932.YBL029C-A	160	9
1862403	4932.YKL122C	160	9
1865164	4932.YPR104C	160	57
1864401	4932.YOR060C	160	11
1860686	4932.YFR037C	160	42
1860782	4932.YGL070C	160	9
1860833	4932.YGL121C	160	6
1860430	4932.YER082C	160	26
1865198	4932.YPR136C	159	4
1860549	4932.YER179W	159	23
1861541	4932.YHR152W	159	8
1860556	4932.YER185W	159	17
1864573	4932.YOR220W	159	19
1862728	4932.YLR038C	159	7
1863491	4932.YMR125W	159	58
1860247	4932.YEL009C-A	159	6
1863920	4932.YNL191W	159	21
1863728	4932.YNL011C	158	25
1863407	4932.YMR047C	158	30
1863520	4932.YMR152W	158	23
1863897	4932.YNL168C	158	17
1863398	4932.YMR039C	158	18
1859044	4932.YBR162C	158	18
1861406	4932.YHR037W	158	35
1859803	4932.YDR148C	158	23
1864161	4932.YOL006C	158	35
1860760	4932.YGL049C	158	49
1858736	4932.YAR075W	157	32
1861481	4932.YHR097C	156	18
1863630	4932.YMR250W	156	37
1860040	4932.YDR363W-A	156	5
1865149	4932.YPR088C	156	34
1861718	4932.YIL082W-A	156	227
1859770	4932.YDR116C	156	18
1862584	4932.YKR074W	156	11
1859897	4932.YDR232W	156	29
1859486	4932.YDL098C	155	14
1861723	4932.YIL087C	155	6
1862606	4932.YKR095W	155	103
1864284	4932.YOL118C	155	3
1862252	4932.YJR144W	155	18
1859725	4932.YDR074W	155	56
1862502	4932.YKL218C	155	22
1864658	4932.YOR303W	155	28
1861496	4932.YHR112C	155	27
1862695	4932.YLR006C	155	45
1860203	4932.YDR517W	155	13
1859274	4932.YCR005C	154	42
1862996	4932.YLR280C	154	4
1860517	4932.YER152W-A	154	13
1864709	4932.YOR347C	154	50
1860925	4932.YGL210W	154	28
1862613	4932.YKR101W	154	40
1862231	4932.YJR125C	154	20
1861821	4932.YIR004W	154	30
1861521	4932.YHR135C	154	41
1860032	4932.YDR356W	153	47
1862801	4932.YLR110C	153	6
1858925	4932.YBR056W	153	30
1863474	4932.YMR110C	153	32
1863300	4932.YML086C	153	39
1859336	4932.YCR063W	153	7
1860388	4932.YER050C	153	4
1862307	4932.YKL033W-A	153	16
1862410	4932.YKL129C	153	71
1861505	4932.YHR121W	153	12
1859964	4932.YDR294C	153	40
1860828	4932.YGL116W	153	36
1864236	4932.YOL077C	153	22
1860936	4932.YGL221C	152	23
1861699	4932.YIL065C	152	12
1862488	4932.YKL204W	152	26
1858659	4932.YAL036C	152	26
1863473	4932.YMR109W	152	88
1860308	4932.YEL060C	152	36
1860674	4932.YFR030W	152	73
1861837	4932.YIR018W	152	8
1859188	4932.YBR294W	152	38
1861199	4932.YGR200C	152	64
1860885	4932.YGL172W	152	15
1865172	4932.YPR111W	152	31
1860471	4932.YER115C	152	10
1864805	4932.YPL043W	152	33
1860943	4932.YGL227W	152	59
1863049	4932.YLR327C	152	4
1864620	4932.YOR267C	152	35
1858686	4932.YAL059W	151	9
1859539	4932.YDL148C	151	24
1859155	4932.YBR261C	151	13
1864479	4932.YOR135C	151	9
1864422	4932.YOR078W	151	10
1863132	4932.YLR404W	151	18
1859675	4932.YDR028C	150	52
1859818	4932.YDR163W	150	9
1864217	4932.YOL057W	150	45
1861232	4932.YGR232W	150	16
1863488	4932.YMR122W-A	150	5
1864307	4932.YOL141W	150	40
1864426	4932.YOR082C	150	5
1863552	4932.YMR178W	150	17
1859899	4932.YDR234W	149	44
1862014	4932.YJL140W	149	14
1861320	4932.YHL015W-A	149	1
1862221	4932.YJR115W	149	2
1864180	4932.YOL022C	149	23
1861859	4932.YIR035C	149	16
1859793	4932.YDR138W	149	47
1860273	4932.YEL030W	149	64
1861465	4932.YHR082C	149	58
1863122	4932.YLR395C	149	4
1861678	4932.YIL046W	149	41
1859350	4932.YCR077C	149	28
1861537	4932.YHR148W	149	9
1862916	4932.YLR206W	149	20
1863116	4932.YLR389C	149	78
1862639	4932.YLL020C	148	4
1863072	4932.YLR348C	148	13
1862522	4932.YKR013W	148	7
1859754	4932.YDR100W	148	3
1861213	4932.YGR213C	148	14
1860544	4932.YER175C	148	22
1863832	4932.YNL108C	148	13
1858802	4932.YBL059C-A	148	5
1864936	4932.YPL170W	148	11
1863217	4932.YML010W	147	57
1860202	4932.YDR516C	147	39
1860037	4932.YDR361C	147	17
1858929	4932.YBR058C-A	146	4
1863342	4932.YML123C	146	33
1864383	4932.YOR042W	146	24
1863145	4932.YLR413W	146	40
1864130	4932.YNR053C	146	31
1860585	4932.YFL016C	146	24
1865118	4932.YPR058W	146	16
1864811	4932.YPL049C	146	33
1864553	4932.YOR200W	145	8
1860463	4932.YER107C	145	20
1864188	4932.YOL030W	145	26
1861767	4932.YIL127C	145	7
1859975	4932.YDR305C	145	12
1860607	4932.YFL034C-B	145	13
1865230	4932.YPR160C-A	145	6
1860409	4932.YER067C-A	145	10
1858912	4932.YBR044C	145	26
1862714	4932.YLR025W	145	14
1863563	4932.YMR188C	145	16
1858825	4932.YBL078C	145	6
1862061	4932.YJL186W	145	40
1859820	4932.YDR165W	145	33
1863643	4932.YMR262W	144	13
1864173	4932.YOL016C	144	24
1860539	4932.YER171W	144	43
1860178	4932.YDR493W	144	6
1862863	4932.YLR157W-D	144	14
1861029	4932.YGR043C	144	19
1863331	4932.YML113W	144	4
1860405	4932.YER064C	144	34
1859919	4932.YDR253C	144	8
1861888	4932.YJL023C	143	17
1862419	4932.YKL138C	143	4
1860361	4932.YER028C	143	16
1862783	4932.YLR093C	143	11
1862706	4932.YLR017W	143	19
1862469	4932.YKL183W	142	7
1862545	4932.YKR035W-A	142	10
1864392	4932.YOR051C	142	22
1859086	4932.YBR199W	142	31
1862165	4932.YJR060W	142	19
1864437	4932.YOR094W	142	8
1861417	4932.YHR047C	142	64
1859657	4932.YDR011W	142	84
1860389	4932.YER051W	142	26
1862692	4932.YLR003C	142	16
1862350	4932.YKL073W	141	51
1860923	4932.YGL208W	141	23
1859572	4932.YDL178W	141	32
1859575	4932.YDL181W	141	3
1860832	4932.YGL120C	141	44
1861215	4932.YGR215W	141	5
1861753	4932.YIL114C	141	16
1862180	4932.YJR075W	141	14
1859822	4932.YDR167W	141	9
1860456	4932.YER100W	141	12
1862881	4932.YLR171W	141	8
1861098	4932.YGR109W-B	141	224
1859600	4932.YDL205C	141	22
1862490	4932.YKL206C	141	12
1858761	4932.YBL021C	140	8
1861556	4932.YHR166C	140	43
1863030	4932.YLR309C	140	43
1861380	4932.YHR016C	140	25
1862333	4932.YKL058W	140	8
1863060	4932.YLR338W	140	2
1862746	4932.YLR056W	139	16
1859030	4932.YBR148W	139	26
1862340	4932.YKL065C	139	11
1861690	4932.YIL056W	139	26
1864097	4932.YNR022C	139	7
1864919	4932.YPL153C	139	41
1863318	4932.YML101C	139	6
1861441	4932.YHR065C	139	28
1862059	4932.YJL184W	139	8
1863292	4932.YML079W	138	12
1862431	4932.YKL148C	138	37
1859998	4932.YDR323C	138	27
1861586	4932.YHR192W	138	14
1863225	4932.YML017W	138	31
1864783	4932.YPL022W	138	75
1862699	4932.YLR010C	138	5
1859097	4932.YBR208C	138	110
1859448	4932.YDL062W	138	8
1860511	4932.YER148W	138	8
1864467	4932.YOR123C	137	24
1864407	4932.YOR066W	137	39
1861342	4932.YHL034W-A	137	7
1861063	4932.YGR076C	137	4
1862452	4932.YKL167C	137	6
1860955	4932.YGL239C	137	5
1860092	4932.YDR408C	137	12
1861953	4932.YJL083W	137	31
1860906	4932.YGL192W	137	19
1858714	4932.YAR020C	137	4
1862619	4932.YLL001W	137	41
1863165	4932.YLR433C	136	34
1864250	4932.YOL087C	136	56
1864475	4932.YOR131C	136	13
1862192	4932.YJR088C	136	19
1862032	4932.YJL157C	136	51
1861408	4932.YHR039C	136	36
1862886	4932.YLR176C	136	34
1859210	4932.YCL011C	136	26
1858800	4932.YBL057C	135	12
1861143	4932.YGR151C	135	5
1863592	4932.YMR214W	135	22
1864967	4932.YPL199C	135	11
1859293	4932.YCR021C	135	12
1861660	4932.YIL029W-A	135	6
1858964	4932.YBR089W	135	7
1862744	4932.YLR054C	135	28
1862958	4932.YLR245C	135	10
1865076	4932.YPR017C	135	7
1860930	4932.YGL215W	135	14
1863593	4932.YMR215W	135	32
1859711	4932.YDR060W	135	60
1860232	4932.YDR542W	135	5
1862942	4932.YLR229C	135	9
1860018	4932.YDR343C	134	56
1860318	4932.YEL070W	134	60
1864150	4932.YNR073C	134	60
1860377	4932.YER042W	134	13
1858650	4932.YAL030W	134	6
1863343	4932.YML124C	134	29
1861497	4932.YHR113W	134	28
1861637	4932.YIL010W	134	11
1858988	4932.YBR111W-A	134	6
1861305	4932.YHL004W	134	22
1860167	4932.YDR482C	133	5
1862809	4932.YLR118C	133	11
1858653	4932.YAL032C	133	18
1860749	4932.YGL039W	133	24
1862609	4932.YKR097W	133	35
1859772	4932.YDR118W	133	50
1861792	4932.YIL150C	133	36
1863847	4932.YNL123W	132	72
1858687	4932.YAL060W	132	21
1864596	4932.YOR243C	132	34
1859009	4932.YBR129C	132	17
1858779	4932.YBL038W	132	7
1859747	4932.YDR095C	132	8
1865100	4932.YPR040W	132	25
1860737	4932.YGL027C	132	50
1859562	4932.YDL168W	132	21
1862524	4932.YKR015C	132	27
1858971	4932.YBR096W	132	12
1863824	4932.YNL101W	132	24
1864378	4932.YOR037W	132	11
1863075	4932.YLR351C	132	17
1860947	4932.YGL231C	131	14
1859544	4932.YDL153C	131	28
1863437	4932.YMR075W	131	37
1864208	4932.YOL049W	131	28
1859970	4932.YDR300C	131	28
1859432	4932.YDL046W	131	11
1859168	4932.YBR274W	131	31
1863341	4932.YML122C	131	3
1860372	4932.YER038W-A	131	4
1858642	4932.YAL023C	131	52
1858674	4932.YAL047C	131	24
1859656	4932.YDR010C	130	4
1861936	4932.YJL068C	130	17
1862919	4932.YLR209C	130	22
1863547	4932.YMR174C	130	2
1859849	4932.YDR189W	130	40
1861327	4932.YHL021C	130	27
1860615	4932.YFL041W-A	130	4
1860118	4932.YDR434W	130	22
1864824	4932.YPL062W	130	5
1862975	4932.YLR261C	129	2
1859444	4932.YDL058W	129	93
1859808	4932.YDR153C	129	15
1861172	4932.YGR174C	129	7
1864878	4932.YPL115C	129	64
1859826	4932.YDR170C	129	111
1862046	4932.YJL171C	129	18
1860017	4932.YDR342C	129	55
1860181	4932.YDR496C	129	28
1865089	4932.YPR030W	129	59
1865173	4932.YPR112C	129	47
1862874	4932.YLR164W	128	4
1859343	4932.YCR071C	128	8
1859567	4932.YDL173W	128	13
1862559	4932.YKR049C	128	7
1863754	4932.YNL036W	128	13
1864442	4932.YOR099W	128	26
1864893	4932.YPL129W	128	15
1862985	4932.YLR269C	128	7
1860753	4932.YGL041W-A	128	5
1864505	4932.YOR159C	127	3
1862896	4932.YLR186W	127	17
1861633	4932.YIL007C	127	12
1862155	4932.YJR050W	127	11
1861695	4932.YIL061C	127	10
1861985	4932.YJL115W	127	10
1863681	4932.YMR296C	127	28
1859428	4932.YDL043C	127	12
1860591	4932.YFL021C-A	127	11
1860809	4932.YGL097W	127	23
1860367	4932.YER034W	127	7
1859482	4932.YDL094C	127	5
1859663	4932.YDR016C	127	3
1863885	4932.YNL157W	127	6
1864664	4932.YOR308C	126	27
1862143	4932.YJR038C	126	5
1863820	4932.YNL097W-A	126	3
1863617	4932.YMR238W	126	21
1859324	4932.YCR047W-A	126	4
1865151	4932.YPR091C	126	38
1862588	4932.YKR077W	126	13
1863652	4932.YMR271C	126	17
1859620	4932.YDL225W	126	27
1860451	4932.YER095W	125	19
1864292	4932.YOL126C	125	18
1859599	4932.YDL204W	125	18
1863522	4932.YMR153W	125	14
1862005	4932.YJL133C-A	125	5
1860892	4932.YGL179C	125	25
1864093	4932.YNR018W	125	7
1863555	4932.YMR181C	125	12
1859118	4932.YBR227C	124	22
1859184	4932.YBR290W	124	9
1862124	4932.YJR019C	124	14
1863742	4932.YNL024C-A	124	5
1859610	4932.YDL215C	124	56
1863834	4932.YNL110C	124	13
1858794	4932.YBL051C	124	17
1860838	4932.YGL125W	124	31
1863052	4932.YLR330W	124	27
1862527	4932.YKR018C	124	35
1859713	4932.YDR062W	124	29
1859480	4932.YDL092W	124	6
1860866	4932.YGL153W	124	20
1859446	4932.YDL060W	124	35
1861070	4932.YGR083C	124	19
1864496	4932.YOR150W	124	7
1860862	4932.YGL149W	124	3
1864510	4932.YOR161W-B	123	5
1860078	4932.YDR395W	123	51
1859357	4932.YCR085W	123	4
1859780	4932.YDR124W	123	10
1859776	4932.YDR120C	123	28
1859895	4932.YDR230W	123	8
1861266	4932.YGR265W	123	4
1865015	4932.YPL246C	123	6
1859959	4932.YDR289C	122	18
1861778	4932.YIL137C	122	40
1864636	4932.YOR283W	122	12
1865132	4932.YPR072W	122	26
1862219	4932.YJR113C	122	13
1861077	4932.YGR090W	122	68
1861119	4932.YGR128C	122	36
1863908	4932.YNL179C	122	5
1861797	4932.YIL155C	122	39
1861362	4932.YHR001W	122	24
1858689	4932.YAL062W	122	60
1859706	4932.YDR055W	122	20
1863753	4932.YNL035C	122	24
1864771	4932.YPL010W	122	13
1860728	4932.YGL018C	121	7
1859112	4932.YBR222C	121	33
1859962	4932.YDR292C	121	36
1864421	4932.YOR077W	121	8
1862437	4932.YKL154W	121	12
1862987	4932.YLR271W	121	11
1861223	4932.YGR223C	121	27
1859805	4932.YDR150W	121	138
1859359	4932.YCR087C-A	121	8
1859410	4932.YDL025C	121	34
1862278	4932.YKL007W	121	15
1862667	4932.YLL048C	121	93
1858917	4932.YBR049C	120	27
1860501	4932.YER140W	120	21
1865240	4932.YPR168W	120	4
1861921	4932.YJL054W	120	22
1864513	4932.YOR164C	120	22
1860349	4932.YER018C	120	10
1860823	4932.YGL111W	120	19
1860305	4932.YEL058W	120	31
1861377	4932.YHR013C	120	14
1859224	4932.YCL026C-B	120	8
1862344	4932.YKL068W	120	22
1863823	4932.YNL100W	120	14
1863169	4932.YLR437C	120	8
1862884	4932.YLR174W	120	31
1862395	4932.YKL114C	119	14
1863929	4932.YNL200C	119	14
1860893	4932.YGL180W	119	47
1859511	4932.YDL122W	119	36
1860765	4932.YGL054C	119	5
1863080	4932.YLR356W	119	8
1860179	4932.YDR494W	119	13
1859969	4932.YDR299W	119	28
1859541	4932.YDL150W	119	13
1860966	4932.YGL250W	119	6
1859308	4932.YCR034W	119	11
1862434	4932.YKL151C	119	15
1860948	4932.YGL232W	119	14
1861848	4932.YIR025W	119	17
1864911	4932.YPL146C	118	10
1863111	4932.YLR384C	118	70
1858768	4932.YBL028C	118	2
1858735	4932.YAR073W	118	51
1863176	4932.YLR442C	118	58
1861478	4932.YHR094C	118	34
1862273	4932.YKL003C	118	6
1861700	4932.YIL066C	118	55
1863835	4932.YNL111C	118	5
1862497	4932.YKL213C	118	42
1863931	4932.YNL202W	118	14
1864418	4932.YOR074C	118	16
1865189	4932.YPR128C	118	15
1863796	4932.YNL075W	118	9
1859558	4932.YDL164C	118	32
1863148	4932.YLR416C	118	3
1859719	4932.YDR068W	118	15
1864257	4932.YOL094C	118	17
1862062	4932.YJL187C	118	42
1858644	4932.YAL025C	118	10
1862727	4932.YLR037C	118	5
1862768	4932.YLR078C	118	12
1862000	4932.YJL128C	117	27
1862261	4932.YJR153W	117	12
1859594	4932.YDL199C	117	22
1858994	4932.YBR117C	117	41
1864038	4932.YNL306W	117	9
1861467	4932.YHR084W	117	31
1863764	4932.YNL045W	117	33
1863574	4932.YMR196W	117	62
1859026	4932.YBR144C	117	6
1864024	4932.YNL292W	117	16
1859798	4932.YDR143C	117	24
1859953	4932.YDR283C	117	75
1864809	4932.YPL047W	117	4
1859138	4932.YBR245C	116	59
1865082	4932.YPR023C	116	24
1860882	4932.YGL169W	116	17
1861829	4932.YIR012W	116	16
1859088	4932.YBR200W-A	116	3
1861517	4932.YHR132C	116	25
1861942	4932.YJL074C	116	52
1862451	4932.YKL166C	116	25
1862963	4932.YLR250W	116	11
1861482	4932.YHR098C	116	39
1863452	4932.YMR089C	116	33
1864725	4932.YOR363C	116	34
1861185	4932.YGR186W	115	19
1862557	4932.YKR047W	115	4
1863864	4932.YNL138W-A	115	3
1862655	4932.YLL036C	115	27
1862892	4932.YLR182W	115	36
1859453	4932.YDL067C	115	4
1863454	4932.YMR091C	115	24
1861071	4932.YGR084C	114	18
1863979	4932.YNL250W	114	54
1861999	4932.YJL127W-A	114	3
1859950	4932.YDR280W	114	17
1862503	4932.YKL219W	114	21
1864934	4932.YPL168W	114	18
1862223	4932.YJR117W	114	26
1865188	4932.YPR127W	114	18
1859607	4932.YDL212W	114	4
1861188	4932.YGR189C	114	19
1859744	4932.YDR092W	114	5
1860603	4932.YFL031W	114	7
1863384	4932.YMR027W	113	27
1859731	4932.YDR079W	113	4
1858649	4932.YAL029C	113	87
1863142	4932.YLR411W	113	15
1861329	4932.YHL023C	113	30
1863346	4932.YML127W	113	24
1863902	4932.YNL173C	113	15
1864673	4932.YOR316C	113	12
1863766	4932.YNL047C	113	25
1859175	4932.YBR281C	113	37
1860711	4932.YGL004C	113	25
1862251	4932.YJR143C	113	32
1863571	4932.YMR194C-B	113	4
1862851	4932.YLR154W-A	113	2
1860528	4932.YER161C	112	11
1859000	4932.YBR122C	112	6
1860437	4932.YER087C-B	112	5
1862705	4932.YLR016C	112	8
1861977	4932.YJL107C	112	10
1863163	4932.YLR431C	112	13
1860824	4932.YGL112C	112	21
1862640	4932.YLL021W	112	56
1860197	4932.YDR511W	112	6
1861557	4932.YHR167W	111	12
1863971	4932.YNL242W	111	61
1865064	4932.YPR007C	111	33
1861874	4932.YJL007C	111	3
1861889	4932.YJL024C	111	7
1861407	4932.YHR038W	111	7
1861489	4932.YHR105W	111	7
1860034	4932.YDR358W	111	26
1863879	4932.YNL151C	111	11
1858831	4932.YBL084C	111	37
1861944	4932.YJL076W	111	47
1864262	4932.YOL098C	111	49
1861189	4932.YGR190C	111	2
1859170	4932.YBR276C	111	41
1862758	4932.YLR068W	111	1
1858884	4932.YBR016W	111	3
1862984	4932.YLR268W	111	10
1861916	4932.YJL050W	110	58
1859189	4932.YBR295W	110	41
1864762	4932.YPL001W	110	22
1864126	4932.YNR049C	110	9
1861182	4932.YGR183C	110	3
1859094	4932.YBR205W	110	23
1862779	4932.YLR089C	110	22
1863841	4932.YNL117W	110	23
1859243	4932.YCL045C	110	30
1864830	4932.YPL068C	110	9
1862581	4932.YKR071C	110	16
1859035	4932.YBR153W	110	8
1861987	4932.YJL117W	110	18
1862371	4932.YKL094W	110	16
1860918	4932.YGL203C	110	37
1860672	4932.YFR028C	109	24
1860087	4932.YDR404C	109	7
1860660	4932.YFR016C	109	61
1861263	4932.YGR262C	109	8
1860283	4932.YEL038W	109	13
1863936	4932.YNL207W	109	16
1862543	4932.YKR034W	109	10
1862407	4932.YKL126W	109	32
1861672	4932.YIL040W	109	10
1858680	4932.YAL054C	109	36
1864128	4932.YNR051C	109	18
1860705	4932.YFR055W	109	13
1861783	4932.YIL142C-A	109	3
1863642	4932.YMR261C	109	59
1861032	4932.YGR046W	109	21
1859698	4932.YDR047W	109	13
1863431	4932.YMR070W	108	9
1860453	4932.YER097W	108	3
1863107	4932.YLR380W	108	19
1863032	4932.YLR311C	108	7
1863471	4932.YMR107W	108	7
1860080	4932.YDR397C	108	7
1863264	4932.YML054C	108	25
1862636	4932.YLL018C-A	108	4
1859605	4932.YDL210W	108	10
1864227	4932.YOL067C	108	8
1859790	4932.YDR135C	108	77
1859502	4932.YDL114W	108	11
1861457	4932.YHR075C	107	14
1862380	4932.YKL100W-A	107	1
1859399	4932.YDL015C	107	18
1863162	4932.YLR430W	107	94
1864983	4932.YPL215W	107	11
1864729	4932.YOR367W	107	10
1859434	4932.YDL048C	107	13
1863003	4932.YLR286C	106	15
1859512	4932.YDL123W	106	4
1858967	4932.YBR092C	106	24
1862976	4932.YLR262C	106	10
1862119	4932.YJR014W	106	9
1859589	4932.YDL194W	106	26
1862766	4932.YLR076C	106	5
1862058	4932.YJL183W	106	18
1861308	4932.YHL006W-A	106	7
1864020	4932.YNL288W	106	15
1863010	4932.YLR291C	106	17
1863034	4932.YLR312W-A	105	8
1861989	4932.YJL119C	105	5
1864131	4932.YNR054C	105	12
1863179	4932.YLR445W	105	7
1863808	4932.YNL087W	105	51
1863895	4932.YNL166C	105	19
1858919	4932.YBR051W	105	5
1864610	4932.YOR257W	105	9
1860880	4932.YGL167C	105	42
1864719	4932.YOR357C	105	6
1864119	4932.YNR042W	105	4
1864743	4932.YOR380W	104	19
1859646	4932.YDR001C	104	38
1859231	4932.YCL033C	104	7
1864268	4932.YOL103W-A	104	294
1863059	4932.YLR337C	104	19
1860109	4932.YDR425W	104	30
1860314	4932.YEL066W	104	6
1861979	4932.YJL109C	104	87
1860243	4932.YEL007W	104	7
1863569	4932.YMR193W	104	8
1861525	4932.YHR138C	104	6
1863348	4932.YML129C	104	5
1862079	4932.YJL203W	104	9
1865252	4932.YPR177C	104	10
1861996	4932.YJL126W	104	12
1861028	4932.YGR042W	104	7
1858946	4932.YBR074W	104	44
1864947	4932.YPL181W	104	14
1863392	4932.YMR033W	103	20
1862819	4932.YLR127C	103	36
1861801	4932.YIL157C	103	8
1861832	4932.YIR015W	103	8
1864770	4932.YPL009C	103	43
1859583	4932.YDL188C	103	30
1863721	4932.YNL004W	103	16
1859855	4932.YDR194W-A	103	3
1863374	4932.YMR017W	103	13
1863042	4932.YLR320W	103	50
1859800	4932.YDR145W	103	13
1861269	4932.YGR268C	103	8
1861899	4932.YJL033W	103	32
1864937	4932.YPL171C	103	30
1863492	4932.YMR126C	103	13
1863487	4932.YMR122C	102	5
1860519	4932.YER154W	102	7
1864364	4932.YOR025W	102	14
1862206	4932.YJR101W	102	9
1865273	4932.YPR198W	102	10
1864985	4932.YPL217C	102	44
1863616	4932.YMR237W	102	32
1861619	4932.YHR215W	102	29
1861754	4932.YIL115C	102	67
1860284	4932.YEL039C	102	8
1861594	4932.YHR199C	102	14
1861210	4932.YGR210C	102	13
1861850	4932.YIR027C	102	17
1861015	4932.YGR032W	102	113
1861397	4932.YHR030C	102	21
1859190	4932.YBR296C	102	9
1861860	4932.YIR036C	101	15
1861411	4932.YHR041C	101	10
1864369	4932.YOR030W	101	28
1861547	4932.YHR158C	101	55
1859414	4932.YDL028C	101	26
1861139	4932.YGR147C	101	8
1864601	4932.YOR248W	101	3
1859705	4932.YDR054C	101	7
1863598	4932.YMR220W	101	23
1862129	4932.YJR024C	101	15
1862439	4932.YKL156C-A	101	1
1863506	4932.YMR139W	101	17
1861246	4932.YGR245C	101	26
1859876	4932.YDR211W	101	34
1864845	4932.YPL083C	101	15
1861928	4932.YJL061W	101	27
1860204	4932.YDR518W	101	24
1861279	4932.YGR277C	101	18
1859896	4932.YDR231C	100	9
1865247	4932.YPR172W	100	7
1864913	4932.YPL148C	100	7
1863981	4932.YNL252C	100	12
1861902	4932.YJL036W	100	19
1863779	4932.YNL059C	100	22
1862512	4932.YKR003W	100	18
1861694	4932.YIL060W	100	5
1864446	4932.YOR103C	100.0	8
1865169	4932.YPR108W-A	99.9	3
1859438	4932.YDL052C	99.9	14
1858914	4932.YBR046C	99.8	17
1860894	4932.YGL181W	99.8	10
1863600	4932.YMR222C	99.7	5
1860939	4932.YGL224C	99.7	12
1862578	4932.YKR068C	99.6	8
1860640	4932.YFL067W	99.4	10
1863280	4932.YML067C	99.3	12
1861501	4932.YHR117W	99.2	23
1863131	4932.YLR403W	99.1	11
1860182	4932.YDR497C	99.0	15
1863315	4932.YML099W-A	99.0	5
1858959	4932.YBR085W	99.0	26
1864512	4932.YOR163W	98.7	7
1864187	4932.YOL029C	98.7	7
1865238	4932.YPR166C	98.7	4
1861775	4932.YIL134W	98.6	9
1859304	4932.YCR030C	98.5	34
1862296	4932.YKL023W	98.5	8
1860427	4932.YER079W	98.5	5
1860696	4932.YFR047C	98.3	11
1865016	4932.YPL247C	98.3	16
1863307	4932.YML093W	98.1	26
1859692	4932.YDR041W	97.9	9
1863516	4932.YMR148W	97.9	4
1861747	4932.YIL108W	97.8	32
1859596	4932.YDL201W	97.5	11
1859457	4932.YDL071C	97.5	5
1861878	4932.YJL011C	97.4	7
1863338	4932.YML119W	97.2	14
1862183	4932.YJR078W	97.2	15
1863372	4932.YMR015C	97.2	25
1859144	4932.YBR251W	97.2	11
1859033	4932.YBR151W	97.1	15
1861655	4932.YIL025C	97.0	4
1858734	4932.YAR071W	96.8	33
1865186	4932.YPR125W	96.7	16
1860058	4932.YDR377W	96.5	6
1861734	4932.YIL098C	96.5	3
1861144	4932.YGR152C	96.5	11
1860669	4932.YFR025C	96.4	15
1861897	4932.YJL031C	96.3	15
1859072	4932.YBR188C	96.3	2
1859671	4932.YDR024W	96.3	8
1861202	4932.YGR203W	96.3	8
1859214	4932.YCL017C	96.2	21
1864978	4932.YPL210C	96.2	25
1865083	4932.YPR024W	96.2	34
1860093	4932.YDR409W	96.2	33
1861390	4932.YHR024C	95.9	18
1860096	4932.YDR412W	95.9	6
1862484	4932.YKL198C	95.9	16
1862310	4932.YKL036C	95.9	6
1864190	4932.YOL032W	95.8	7
1860391	4932.YER053C	95.8	10
1862848	4932.YLR154C	95.7	4
1859484	4932.YDL096C	95.7	3
1859937	4932.YDR267C	95.6	14
1863958	4932.YNL229C	95.6	13
1858703	4932.YAR002W	95.6	25
1859517	4932.YDL128W	95.6	7
1863842	4932.YNL118C	95.4	39
1863124	4932.YLR397C	95.3	33
1864935	4932.YPL169C	95.3	21
1862411	4932.YKL130C	95.2	10
1862546	4932.YKR036C	95.2	31
1863846	4932.YNL122C	95.2	2
1859282	4932.YCR013C	95.1	6
1864793	4932.YPL032C	95.0	47
1861978	4932.YJL108C	95.0	5
1858842	4932.YBL094C	95.0	4
1861963	4932.YJL093C	95.0	16
1863539	4932.YMR168C	95.0	19
1860835	4932.YGL123C-A	94.9	1
1863499	4932.YMR133W	94.8	13
1865242	4932.YPR169W-A	94.8	3
1864491	4932.YOR145C	94.7	14
1863963	4932.YNL234W	94.6	12
1864204	4932.YOL045W	94.6	51
1861273	4932.YGR271C-A	94.6	8
1864318	4932.YOL152W	94.6	30
1859871	4932.YDR210C-C	94.5	286
1860954	4932.YGL238W	94.4	43
1863952	4932.YNL223W	94.3	14
1864413	4932.YOR072W	94.3	2
1863765	4932.YNL046W	94.3	3
1861719	4932.YIL083C	94.0	18
1864803	4932.YPL041C	94.0	5
1864027	4932.YNL295W	93.9	17
1863586	4932.YMR208W	93.8	18
1860329	4932.YER001W	93.7	28
1863722	4932.YNL005C	93.7	16
1862382	4932.YKL102C	93.6	2
1862242	4932.YJR135W-A	93.6	5
1864343	4932.YOR008C	93.6	8
1864865	4932.YPL102C	93.5	6
1860029	4932.YDR354C-A	93.5	2
1859232	4932.YCL034W	93.4	14
1862833	4932.YLR141W	93.2	8
1859634	4932.YDL239C	93.2	20
1864315	4932.YOL149W	93.1	10
1862760	4932.YLR070C	93.0	13
1859816	4932.YDR161W	92.7	18
1863139	4932.YLR410W	92.7	43
1864535	4932.YOR186C-A	92.7	3
1865255	4932.YPR180W	92.6	12
1864271	4932.YOL105C	92.6	5
1862572	4932.YKR062W	92.5	12
1859460	4932.YDL074C	92.5	25
1861243	4932.YGR242W	92.4	3
1863364	4932.YMR009W	92.2	7
1861416	4932.YHR046C	92.2	10
1859358	4932.YCR086W	92.2	6
1861429	4932.YHR055C	92.2	4
1861426	4932.YHR053C	92.2	4
1865207	4932.YPR143W	92.2	7
1864196	4932.YOL038C-A	92.1	1
1863945	4932.YNL216W	92.1	31
1860792	4932.YGL080W	91.9	4
1860023	4932.YDR348C	91.9	14
1864678	4932.YOR320C	91.9	22
1862715	4932.YLR026C	91.8	12
1862051	4932.YJL176C	91.8	28
1860721	4932.YGL012W	91.7	18
1859870	4932.YDR209C	91.6	9
1860884	4932.YGL171W	91.6	17
1862641	4932.YLL022C	91.6	11
1861555	4932.YHR165W-A	91.4	5
1859158	4932.YBR264C	91.4	12
1861905	4932.YJL039C	91.4	66
1860218	4932.YDR528W	91.4	14
1859737	4932.YDR085C	91.4	13
1859581	4932.YDL186W	91.4	9
1860395	4932.YER056C	91.4	10
1863712	4932.YMR321C	91.2	3
1859516	4932.YDL127W	91.2	9
1859275	4932.YCR006C	91.1	5
1862825	4932.YLR133W	91.1	21
1863119	4932.YLR392C	90.9	18
1859677	4932.YDR030C	90.9	19
1862450	4932.YKL165C-A	90.8	3
1864010	4932.YNL280C	90.7	11
1862345	4932.YKL068W-A	90.7	2
1863350	4932.YML131W	90.7	13
1864972	4932.YPL204W	90.7	18
1863436	4932.YMR075C-A	90.6	5
1864790	4932.YPL029W	90.5	19
1859476	4932.YDL088C	90.5	13
1859321	4932.YCR045W-A	90.3	5
1863806	4932.YNL085W	90.2	30
1863961	4932.YNL232W	90.2	10
1861973	4932.YJL103C	90.1	17
1860658	4932.YFR014C	90.1	20
1861670	4932.YIL038C	90.1	26
1859103	4932.YBR214W	90.1	19
1865121	4932.YPR061C	90.0	11
1864005	4932.YNL276C	90.0	6
1858918	4932.YBR050C	90.0	7
1861016	4932.YGR033C	89.8	7
1860060	4932.YDR379C-A	89.7	3
1860440	4932.YER088C-A	89.7	5
1863914	4932.YNL185C	89.6	5
1865229	4932.YPR159W	89.6	22
1865178	4932.YPR117W	89.6	80
1858892	4932.YBR024W	89.5	8
1860176	4932.YDR491C	89.5	4
1859068	4932.YBR184W	89.4	13
1860730	4932.YGL020C	89.4	9
1863818	4932.YNL097C	89.3	11
1862338	4932.YKL063C	89.2	3
1862872	4932.YLR163C	89.1	13
1860340	4932.YER010C	89.1	7
1862849	4932.YLR154C-G	89.1	1
1860441	4932.YER088W-B	89.0	1
1860250	4932.YEL012W	89.0	4
1860555	4932.YER184C	89.0	33
1861768	4932.YIL128W	88.8	49
1861597	4932.YHR201C	88.8	17
1861743	4932.YIL105C	88.8	22
1861079	4932.YGR092W	88.7	16
1860412	4932.YER068W	88.7	12
1865203	4932.YPR139C	88.6	11
1863946	4932.YNL217W	88.6	13
1860647	4932.YFR006W	88.6	24
1862300	4932.YKL027W	88.5	19
1860680	4932.YFR033C	88.4	6
1859702	4932.YDR051C	88.3	13
1858902	4932.YBR034C	88.2	15
1863061	4932.YLR339C	88.2	4
1860302	4932.YEL055C	88.1	47
1862797	4932.YLR106C	88.1	202
1859412	4932.YDL026W	88.1	2
1862464	4932.YKL179C	88.0	23
1858671	4932.YAL044W-A	88.0	4
1860896	4932.YGL183C	88.0	4
1862162	4932.YJR057W	88.0	8
1861282	4932.YGR280C	87.9	8
1859065	4932.YBR182C	87.9	12
1861275	4932.YGR273C	87.8	4
1862448	4932.YKL164C	87.8	33
1864997	4932.YPL228W	87.8	18
1859417	4932.YDL031W	87.8	33
1864642	4932.YOR289W	87.7	11
1863540	4932.YMR169C	87.6	36
1858770	4932.YBL029W	87.6	7
1860968	4932.YGL252C	87.6	23
1864594	4932.YOR241W	87.5	19
1860668	4932.YFR024C-A	87.5	24
1863187	4932.YLR453C	87.4	11
1861787	4932.YIL145C	87.3	12
1864081	4932.YNR006W	87.3	20
1859360	4932.YCR087W	87.3	8
1863371	4932.YMR014W	87.3	12
1861762	4932.YIL122W	87.2	8
1864975	4932.YPL207W	87.1	25
1860540	4932.YER172C	87.1	80
1863321	4932.YML103C	87.0	57
1861048	4932.YGR062C	87.0	5
1864326	4932.YOL159C-A	86.9	4
1860802	4932.YGL090W	86.9	18
1858791	4932.YBL048W	86.6	4
1864631	4932.YOR278W	86.6	10
1864624	4932.YOR271C	86.6	11
1858657	4932.YAL034W-A	86.5	9
1860590	4932.YFL020C	86.5	4
1860586	4932.YFL017C	86.3	9
1858826	4932.YBL079W	86.3	63
1860825	4932.YGL113W	86.3	22
1862315	4932.YKL041W	86.1	4
1860002	4932.YDR327W	86.0	4
1864186	4932.YOL028C	85.9	4
1860461	4932.YER105C	85.9	52
1861704	4932.YIL068W-A	85.9	6
1863167	4932.YLR435W	85.9	8
1862425	4932.YKL143W	85.9	13
1864470	4932.YOR126C	85.8	8
1863983	4932.YNL254C	85.8	11
1860911	4932.YGL196W	85.7	14
1859405	4932.YDL021W	85.7	12
1858799	4932.YBL056W	85.6	15
1861851	4932.YIR028W	85.6	13
1864211	4932.YOL052C	85.4	16
1862204	4932.YJR099W	85.4	10
1858990	4932.YBR113W	85.4	3
1861966	4932.YJL096W	85.2	4
1861472	4932.YHR088W	85.1	10
1864570	4932.YOR217W	85.0	29
1861141	4932.YGR149W	85.0	13
1865127	4932.YPR067W	85.0	6
1864456	4932.YOR112W	84.9	30
1862871	4932.YLR162W-A	84.9	1
1862828	4932.YLR136C	84.9	9
1862703	4932.YLR014C	84.9	28
1859436	4932.YDL050C	84.9	3
1862148	4932.YJR043C	84.8	7
1863449	4932.YMR086W	84.7	30
1860249	4932.YEL011W	84.7	29
1859246	4932.YCL048W	84.6	20
1864251	4932.YOL088C	84.6	9
1864045	4932.YNL313C	84.6	36
1864812	4932.YPL050C	84.5	14
1860956	4932.YGL240W	84.5	7
1859388	4932.YDL005C	84.5	8
1862518	4932.YKR009C	84.4	34
1864148	4932.YNR071C	84.3	11
1861175	4932.YGR176W	84.2	2
1860897	4932.YGL184C	84.2	17
1863159	4932.YLR427W	84.2	22
1863855	4932.YNL130C-A	84.1	1
1860794	4932.YGL082W	84.0	11
1862454	4932.YKL169C	84.0	7
1865068	4932.YPR010C-A	83.9	3
1862711	4932.YLR022C	83.8	7
1861114	4932.YGR123C	83.7	18
1860871	4932.YGL158W	83.6	18
1864036	4932.YNL304W	83.5	8
1864993	4932.YPL224C	83.5	16
1863319	4932.YML101C-A	83.4	1
1863645	4932.YMR264W	83.4	9
1863532	4932.YMR161W	83.3	5
1862653	4932.YLL034C	83.1	26
1864963	4932.YPL195W	83.1	39
1860431	4932.YER083C	83.1	10
1862053	4932.YJL178C	83.1	10
1861578	4932.YHR184W	83.1	16
1860560	4932.YER188W	83.0	7
1861186	4932.YGR187C	83.0	18
1859835	4932.YDR178W	82.9	5
1859579	4932.YDL185C-A	82.9	2
1863476	4932.YMR112C	82.9	4
1864310	4932.YOL144W	82.8	16
1859559	4932.YDL165W	82.8	7
1859340	4932.YCR067C	82.8	29
1860454	4932.YER098W	82.8	17
1864846	4932.YPL084W	82.7	30
1860920	4932.YGL205W	82.7	32
1860712	4932.YGL005C	82.6	8
1862992	4932.YLR276C	82.6	21
1860985	4932.YGR005C	82.4	10
1861907	4932.YJL042W	82.4	41
1863551	4932.YMR177W	82.3	15
1862378	4932.YKL099C	82.3	5
1863650	4932.YMR269W	82.3	4
1861834	4932.YIR017C	82.2	5
1863438	4932.YMR076C	82.1	43
1864847	4932.YPL085W	82.0	64
1861527	4932.YHR139C-A	81.9	2
1863366	4932.YMR011W	81.9	17
1859886	4932.YDR221W	81.9	19
1862019	4932.YJL145W	81.8	10
1862845	4932.YLR151C	81.6	10
1865131	4932.YPR071W	81.6	5
1862491	4932.YKL207W	81.6	6
1864398	4932.YOR057W	81.6	15
1861120	4932.YGR129W	81.6	5
1861078	4932.YGR091W	81.5	20
1860125	4932.YDR441C	81.4	4
1864336	4932.YOR001W	81.4	22
1859032	4932.YBR150C	81.4	36
1865139	4932.YPR078C	81.4	10
1863046	4932.YLR324W	81.4	21
1860184	4932.YDR499W	81.4	20
1864971	4932.YPL203W	81.3	14
1864778	4932.YPL017C	81.3	20
1859555	4932.YDL161W	81.3	11
1859963	4932.YDR293C	81.2	43
1863478	4932.YMR114C	81.2	11
1862039	4932.YJL164C	81.2	17
1862893	4932.YLR183C	81.0	18
1859348	4932.YCR075W-A	81.0	3
1859585	4932.YDL190C	81.0	28
1864875	4932.YPL112C	81.0	16
1861611	4932.YHR213W-A	81.0	2
1862676	4932.YLL057C	80.8	13
1860200	4932.YDR514C	80.8	19
1860053	4932.YDR373W	80.8	6
1859211	4932.YCL012C	80.8	5
1864981	4932.YPL213W	80.8	10
1861820	4932.YIR003W	80.7	25
1863575	4932.YMR197C	80.6	9
1860670	4932.YFR026C	80.6	3
1859099	4932.YBR210W	80.5	4
1862243	4932.YJR136C	80.5	17
1864670	4932.YOR314W	80.5	4
1861082	4932.YGR095C	80.5	10
1864015	4932.YNL284C-A	80.4	128
1861948	4932.YJL078C	80.3	9
1863442	4932.YMR080C	80.3	36
1863794	4932.YNL073W	80.2	15
1862370	4932.YKL093W	80.2	11
1860767	4932.YGL056C	80.1	13
1860256	4932.YEL017W	80.1	14
1863854	4932.YNL130C	80.1	4
1859597	4932.YDL202W	80.1	8
1863553	4932.YMR179W	80.0	21
1859280	4932.YCR011C	80.0	30
1862682	4932.YLL063C	79.9	11
1863944	4932.YNL215W	79.9	7
1859394	4932.YDL010W	79.9	9
1860587	4932.YFL017W-A	79.9	3
1862577	4932.YKR067W	79.8	27
1863852	4932.YNL128W	79.8	17
1861576	4932.YHR182W	79.7	28
1862679	4932.YLL060C	79.6	4
1860904	4932.YGL190C	79.4	17
1861476	4932.YHR092C	79.4	23
1863588	4932.YMR210W	79.4	12
1863146	4932.YLR414C	79.2	7
1859292	4932.YCR020W-B	79.2	3
1858716	4932.YAR027W	79.0	6
1862817	4932.YLR125W	79.0	3
1861344	4932.YHL036W	79.0	16
1864278	4932.YOL112W	79.0	12
1863653	4932.YMR272C	78.9	13
1861772	4932.YIL132C	78.9	6
1859018	4932.YBR137W	78.9	7
1865045	4932.YPL272C	78.8	20
1861668	4932.YIL036W	78.8	11
1863647	4932.YMR266W	78.8	22
1862386	4932.YKL106C-A	78.7	2
1862341	4932.YKL065W-A	78.7	2
1863178	4932.YLR444C	78.7	2
1864509	4932.YOR161W-A	78.6	1
1861520	4932.YHR134W	78.5	6
1861825	4932.YIR008C	78.5	12
1864388	4932.YOR047C	78.5	7
1864134	4932.YNR057C	78.5	9
1864055	4932.YNL323W	78.5	14
1861508	4932.YHR124W	78.4	16
1863114	4932.YLR387C	78.3	8
1864640	4932.YOR287C	78.3	5
1858992	4932.YBR115C	78.1	52
1860455	4932.YER099C	78.1	14
1859716	4932.YDR065W	78.1	10
1864815	4932.YPL053C	78.1	19
1861504	4932.YHR120W	78.0	31
1860084	4932.YDR401W	78.0	5
1862858	4932.YLR156W	78.0	15
1862869	4932.YLR161W	78.0	15
1862867	4932.YLR159W	78.0	15
1863310	4932.YML095C	77.9	7
1862293	4932.YKL021C	77.8	16
1860379	4932.YER044C	77.7	6
1864602	4932.YOR249C	77.7	25
1862499	4932.YKL215C	77.5	46
1860229	4932.YDR539W	77.5	17
1864529	4932.YOR180C	77.3	7
1861849	4932.YIR026C	77.3	15
1864688	4932.YOR329W-A	77.3	4
1858999	4932.YBR121C-A	77.3	2
1859253	4932.YCL055W	77.3	9
1864856	4932.YPL094C	77.2	9
1858927	4932.YBR057C	77.2	10
1864548	4932.YOR195W	77.2	28
1860798	4932.YGL086W	77.1	24
1863942	4932.YNL213C	77.1	4
1863241	4932.YML032C	77.1	17
1861630	4932.YIL004C	77.0	5
1863844	4932.YNL120C	77.0	6
1859172	4932.YBR278W	77.0	2
1860419	4932.YER074W-A	76.9	5
1862680	4932.YLL061W	76.9	11
1864171	4932.YOL014W	76.8	2
1860286	4932.YEL041W	76.7	10
1860543	4932.YER174C	76.7	10
1861432	4932.YHR057C	76.7	6
1862724	4932.YLR035C	76.7	20
1860022	4932.YDR347W	76.6	10
1862359	4932.YKL082C	76.5	8
1864280	4932.YOL114C	76.5	5
1860147	4932.YDR462W	76.5	6
1864313	4932.YOL147C	76.5	8
1861500	4932.YHR116W	76.4	4
1861751	4932.YIL112W	76.4	31
1860875	4932.YGL162W	76.4	6
1859910	4932.YDR245W	76.3	16
1861004	4932.YGR024C	76.2	10
1863774	4932.YNL054W-A	76.2	286
1862648	4932.YLL029W	76.2	22
1864288	4932.YOL122C	76.1	10
1859402	4932.YDL018C	76.1	7
1863086	4932.YLR361C-A	76.1	3
1863529	4932.YMR158W-B	76.1	3
1861066	4932.YGR079W	76.1	7
1862698	4932.YLR009W	76.0	5
1862589	4932.YKR078W	76.0	15
1859771	4932.YDR117C	75.9	16
1859338	4932.YCR065W	75.8	18
1860183	4932.YDR498C	75.7	8
1861201	4932.YGR202C	75.7	8
1858872	4932.YBR006W	75.7	16
1861434	4932.YHR059W	75.7	2
1862137	4932.YJR032W	75.6	9
1864716	4932.YOR354C	75.6	21
1859938	4932.YDR268W	75.5	12
1859082	4932.YBR196C-A	75.4	1
1862108	4932.YJR005C-A	75.4	1
1861607	4932.YHR211W	75.4	16
1860289	4932.YEL044W	75.4	4
1859167	4932.YBR273C	75.3	12
1862365	4932.YKL088W	75.3	15
1864792	4932.YPL031C	75.2	12
1861677	4932.YIL045W	75.2	15
1864569	4932.YOR216C	75.2	14
1859185	4932.YBR291C	75.1	7
1858974	4932.YBR099C	75.1	3
1860341	4932.YER011W	75.1	5
1863099	4932.YLR372W	75.0	10
1862511	4932.YKR002W	75.0	23
1864266	4932.YOL102C	75.0	5
1859976	4932.YDR306C	75.0	14
1863212	4932.YML007W	74.9	15
1859347	4932.YCR075C	74.9	3
1858712	4932.YAR019C	74.9	37
1858685	4932.YAL059C-A	74.9	4
1863541	4932.YMR170C	74.8	33
1861554	4932.YHR165C	74.8	78
1859122	4932.YBR230W-A	74.8	1
1858897	4932.YBR029C	74.7	17
1859933	4932.YDR263C	74.6	16
1860525	4932.YER159C	74.6	6
1862674	4932.YLL055W	74.6	6
1860198	4932.YDR512C	74.6	6
1863865	4932.YNL139C	74.5	48
1863661	4932.YMR278W	74.5	23
1864179	4932.YOL021C	74.5	38
1861093	4932.YGR106C	74.4	4
1863565	4932.YMR190C	74.3	32
1865124	4932.YPR064W	74.3	3
1859926	4932.YDR260C	74.3	3
1859638	4932.YDL242W	74.2	3
1861336	4932.YHL030W	74.2	64
1865265	4932.YPR190C	74.2	20
1860614	4932.YFL041W	74.2	21
1864066	4932.YNL334C	74.1	17
1860633	4932.YFL060C	74.1	17
1863092	4932.YLR365W	74.1	3
1864804	4932.YPL042C	74.0	18
1864244	4932.YOL083W	74.0	12
1862225	4932.YJR119C	74.0	22
1865216	4932.YPR151C	73.9	3
1860112	4932.YDR428C	73.9	13
1864354	4932.YOR016C	73.9	8
1862158	4932.YJR053W	73.9	14
1859841	4932.YDR182W-A	73.8	2
1859615	4932.YDL220C	73.8	23
1861809	4932.YIL165C	73.7	1
1859374	4932.YCR099C	73.7	6
1864662	4932.YOR306C	73.7	9
1860952	4932.YGL236C	73.7	21
1860449	4932.YER093C-A	73.6	4
1863340	4932.YML121W	73.6	10
1862595	4932.YKR084C	73.6	19
1863839	4932.YNL115C	73.4	18
1861378	4932.YHR014W	73.4	7
1859632	4932.YDL237W	73.4	15
1859902	4932.YDR237W	73.3	9
1863015	4932.YLR296W	73.3	3
1863002	4932.YLR285W	73.2	7
1861046	4932.YGR060W	73.2	11
1863862	4932.YNL137C	73.2	12
1858909	4932.YBR041W	73.2	20
1861442	4932.YHR066W	73.1	17
1864371	4932.YOR032C	73.1	6
1864524	4932.YOR175C	73.1	21
1863326	4932.YML108W	73.1	4
1859427	4932.YDL042C	73.0	20
1864393	4932.YOR052C	73.0	5
1862473	4932.YKL187C	72.9	18
1862740	4932.YLR050C	72.9	6
1862389	4932.YKL108W	72.9	10
1860536	4932.YER168C	72.8	18
1858624	4932.YAL008W	72.7	6
1863090	4932.YLR364C-A	72.7	2
1865253	4932.YPR178W	72.7	14
1860992	4932.YGR012W	72.6	16
1864114	4932.YNR037C	72.6	3
1862773	4932.YLR083C	72.5	19
1858757	4932.YBL017C	72.5	51
1864799	4932.YPL038W	72.5	5
1864009	4932.YNL279W	72.5	16
1860625	4932.YFL052W	72.4	10
1862458	4932.YKL173W	72.4	32
1864526	4932.YOR177C	72.4	8
1861519	4932.YHR133C	72.3	7
1862587	4932.YKR076W	72.3	12
1862418	4932.YKL137W	72.2	2
1860510	4932.YER147C-A	72.2	3
1861752	4932.YIL113W	72.2	5
1861628	4932.YIL002W-A	72.1	2
1860726	4932.YGL016W	72.1	37
1860569	4932.YFL003C	72.1	22
1859366	4932.YCR093W	72.0	71
1864117	4932.YNR040W	71.9	7
1858928	4932.YBR058C	71.9	24
1865241	4932.YPR169W	71.8	12
1859181	4932.YBR287W	71.8	8
1863690	4932.YMR304W	71.7	42
1863127	4932.YLR399W-A	71.6	1
1864389	4932.YOR048C	71.6	29
1859551	4932.YDL159W	71.6	10
1864973	4932.YPL205C	71.5	3
1861933	4932.YJL065C	71.5	3
1860502	4932.YER141W	71.4	15
1863726	4932.YNL009W	71.4	24
1864455	4932.YOR111W	71.4	9
1863495	4932.YMR129W	71.2	49
1863826	4932.YNL103W	71.2	13
1865138	4932.YPR077C	71.2	4
1859604	4932.YDL209C	71.2	12
1864453	4932.YOR109W	71.1	38
1860935	4932.YGL220W	71.0	2
1865248	4932.YPR173C	71.0	17
1864347	4932.YOR010C	71.0	4
1864690	4932.YOR331C	71.0	5
1864914	4932.YPL149W	71.0	8
1860348	4932.YER017C	70.9	24
1863917	4932.YNL188W	70.9	11
1862422	4932.YKL140W	70.8	22
1860914	4932.YGL199C	70.8	5
1859912	4932.YDR246W-A	70.8	1
1859817	4932.YDR162C	70.8	8
1861909	4932.YJL044C	70.8	11
1861760	4932.YIL120W	70.8	19
1862460	4932.YKL175W	70.8	9
1861568	4932.YHR177W	70.7	13
1862423	4932.YKL141W	70.7	8
1864101	4932.YNR026C	70.5	14
1862630	4932.YLL011W	70.5	12
1860165	4932.YDR480W	70.5	6
1861445	4932.YHR069C	70.4	14
1862236	4932.YJR130C	70.4	17
1864962	4932.YPL194W	70.4	23
1862722	4932.YLR033W	70.3	14
1863501	4932.YMR135C	70.3	34
1860221	4932.YDR531W	70.3	12
1858812	4932.YBL068W	70.2	15
1861394	4932.YHR028C	70.2	30
1862376	4932.YKL097C	70.2	5
1863957	4932.YNL228W	70.1	5
1858870	4932.YBR004C	70.1	19
1864346	4932.YOR009W	70.0	5
1864742	4932.YOR379C	70.0	3
1864255	4932.YOL092W	69.9	4
1864912	4932.YPL147W	69.9	20
1864468	4932.YOR124C	69.9	42
1863658	4932.YMR275C	69.8	24
1865161	4932.YPR101W	69.8	5
1864088	4932.YNR013C	69.8	17
1864788	4932.YPL027W	69.6	5
1864881	4932.YPL118W	69.6	10
1860285	4932.YEL040W	69.6	10
1861893	4932.YJL027C	69.6	6
1863528	4932.YMR158W	69.5	5
1861317	4932.YHL013C	69.5	9
1863222	4932.YML014W	69.5	10
1860208	4932.YDR522C	69.5	17
1864433	4932.YOR090C	69.5	14
1863038	4932.YLR316C	69.4	6
1860597	4932.YFL026W	69.4	10
1862637	4932.YLL019C	69.4	22
1861766	4932.YIL126W	69.2	39
1863898	4932.YNL169C	69.2	12
1859735	4932.YDR083W	69.2	10
1864820	4932.YPL058C	69.1	42
1862505	4932.YKL221W	69.1	5
1864871	4932.YPL108W	69.1	4
1859560	4932.YDL166C	69.0	6
1863990	4932.YNL261W	69.0	13
1859853	4932.YDR193W	69.0	3
1864539	4932.YOR189W	69.0	4
1859832	4932.YDR175C	68.9	9
1860972	4932.YGL256W	68.9	8
1859811	4932.YDR156W	68.9	2
1860690	4932.YFR041C	68.9	6
1861309	4932.YHL007C	68.8	29
1860151	4932.YDR465C	68.8	13
1862164	4932.YJR059W	68.7	21
1864424	4932.YOR080W	68.6	20
1861267	4932.YGR266W	68.5	21
1859028	4932.YBR146W	68.4	6
1858949	4932.YBR077C	68.3	5
1865096	4932.YPR036W-A	68.3	1
1861195	4932.YGR196C	68.2	21
1860192	4932.YDR507C	68.2	30
1863363	4932.YMR008C	68.1	21
1862394	4932.YKL113C	68.1	10
1859079	4932.YBR194W	68.1	2
1858655	4932.YAL034C	68.0	13
1861877	4932.YJL010C	68.0	20
1864870	4932.YPL107W	68.0	4
1863009	4932.YLR290C	67.9	9
1862156	4932.YJR051W	67.9	18
1860865	4932.YGL152C	67.9	1
1859152	4932.YBR258C	67.9	4
1862368	4932.YKL091C	67.8	15
1859617	4932.YDL222C	67.8	8
1860573	4932.YFL008W	67.7	30
1862642	4932.YLL023C	67.6	10
1860732	4932.YGL022W	67.6	26
1861701	4932.YIL066W-A	67.6	3
1859291	4932.YCR020C-A	67.5	2
1863804	4932.YNL083W	67.5	9
1859053	4932.YBR170C	67.4	17
1858832	4932.YBL085W	67.4	25
1861738	4932.YIL101C	67.4	18
1862327	4932.YKL053C-A	67.3	4
1860808	4932.YGL096W	67.3	6
1859199	4932.YCL001W	67.2	5
1859654	4932.YDR008C	67.2	2
1861307	4932.YHL006C	67.2	2
1864474	4932.YOR130C	67.1	9
1860139	4932.YDR455C	67.0	3
1860594	4932.YFL023W	66.9	15
1863428	4932.YMR067C	66.9	12
1859049	4932.YBR166C	66.9	15
1862659	4932.YLL040C	66.8	94
1859554	4932.YDL160C-A	66.8	3
1860123	4932.YDR439W	66.8	9
1860316	4932.YEL068C	66.6	2
1865049	4932.YPL278C	66.5	2
1863242	4932.YML034C-A	66.5	5
1860484	4932.YER127W	66.4	9
1860724	4932.YGL014W	66.4	14
1858821	4932.YBL074C	66.4	7
1864351	4932.YOR013W	66.3	3
1861413	4932.YHR043C	66.2	11
1864308	4932.YOL142W	66.1	10
1861404	4932.YHR035W	66.1	10
1860971	4932.YGL255W	65.9	7
1862216	4932.YJR111C	65.9	8
1864136	4932.YNR059W	65.9	18
1860234	4932.YDR544C	65.9	2
1862644	4932.YLL025W	65.8	5
1864555	4932.YOR202W	65.8	5
1862808	4932.YLR117C	65.8	17
1864416	4932.YOR073W	65.7	10
1865029	4932.YPL257W-A	65.6	319
1860496	4932.YER137C-A	65.6	319
1862860	4932.YLR157C-A	65.6	319
1860043	4932.YDR365W-A	65.6	319
1860659	4932.YFR015C	65.6	22
1863668	4932.YMR285C	65.6	16
1864732	4932.YOR370C	65.6	18
1860010	4932.YDR335W	65.5	46
1864099	4932.YNR024W	65.5	4
1864900	4932.YPL135W	65.4	4
1858901	4932.YBR033W	65.4	20
1859403	4932.YDL019C	65.3	34
1864641	4932.YOR288C	65.2	10
1860012	4932.YDR337W	65.2	6
1859557	4932.YDL163W	65.2	2
1863054	4932.YLR332W	65.2	8
1858979	4932.YBR104W	65.1	9
1862549	4932.YKR039W	65.1	14
1861582	4932.YHR188C	65.1	15
1861036	4932.YGR050C	65.1	3
1860520	4932.YER155C	65.1	62
1859310	4932.YCR036W	65.0	10
1863103	4932.YLR376C	65.0	5
1862836	4932.YLR144C	65.0	21
1858708	4932.YAR010C	64.9	306
1865199	4932.YPR137C-A	64.9	306
1864320	4932.YOL155C	64.9	13
1862930	4932.YLR220W	64.8	10
1863760	4932.YNL042W	64.8	11
1862781	4932.YLR091W	64.7	8
1864564	4932.YOR211C	64.7	20
1859400	4932.YDL016C	64.7	2
1862904	4932.YLR194C	64.6	3
1863992	4932.YNL263C	64.6	12
1860713	4932.YGL006W	64.4	30
1859707	4932.YDR056C	64.4	6
1864504	4932.YOR158W	64.4	7
1862537	4932.YKR028W	64.4	28
1861068	4932.YGR081C	64.4	4
1862770	4932.YLR080W	64.4	10
1859080	4932.YBR195C	64.3	6
1858824	4932.YBL077W	64.3	6
1864909	4932.YPL144W	64.3	3
1863802	4932.YNL081C	64.2	2
1863479	4932.YMR115W	64.2	11
1860144	4932.YDR460W	64.2	10
1859928	4932.YDR261C-C	64.2	315
1862803	4932.YLR112W	64.1	8
1861498	4932.YHR114W	64.1	16
1861811	4932.YIL169C	64.1	18
1865072	4932.YPR014C	64.0	4
1863288	4932.YML075C	64.0	27
1859161	4932.YBR267W	64.0	8
1859796	4932.YDR141C	63.9	58
1860513	4932.YER149C	63.8	11
1864489	4932.YOR143C	63.8	9
1863767	4932.YNL048W	63.8	13
1862633	4932.YLL014W	63.7	3
1859781	4932.YDR125C	63.7	6
1859019	4932.YBR138C	63.6	5
1861870	4932.YJL003W	63.6	3
1864441	4932.YOR098C	63.5	19
1860015	4932.YDR340W	63.5	2
1861833	4932.YIR016W	63.5	7
1859165	4932.YBR271W	63.4	8
1860193	4932.YDR508C	63.3	16
1860601	4932.YFL030W	63.3	11
1861153	4932.YGR161C	63.3	6
1861288	4932.YGR286C	63.3	7
1860434	4932.YER085C	63.2	3
1860063	4932.YDR381C-A	63.1	3
1859779	4932.YDR123C	63.1	5
1864146	4932.YNR069C	63.0	13
1860789	4932.YGL077C	63.0	8
1862054	4932.YJL179W	63.0	3
1863910	4932.YNL181W	62.9	11
1859913	4932.YDR247W	62.9	12
1861034	4932.YGR048W	62.9	11
1862838	4932.YLR146C	62.8	9
1863493	4932.YMR127C	62.8	26
1860376	4932.YER041W	62.8	16
1864667	4932.YOR311C	62.7	8
1859773	4932.YDR118W-A	62.7	1
1863013	4932.YLR294C	62.7	2
1862114	4932.YJR010C-A	62.6	4
1862354	4932.YKL077W	62.6	9
1865185	4932.YPR124W	62.5	10
1859997	4932.YDR322W	62.5	11
1864634	4932.YOR281C	62.4	8
1863261	4932.YML051W	62.3	9
1859532	4932.YDL141W	62.3	20
1862089	4932.YJL213W	62.3	9
1861057	4932.YGR070W	62.2	26
1858890	4932.YBR022W	62.1	5
1859373	4932.YCR098C	62.1	11
1860345	4932.YER014W	62.0	20
1858668	4932.YAL042W	62.0	11
1859164	4932.YBR270C	62.0	12
1860133	4932.YDR449C	62.0	13
1862190	4932.YJR086W	62.0	3
1863975	4932.YNL246W	62.0	5
1864901	4932.YPL136W	61.9	4
1863096	4932.YLR369W	61.9	24
1861643	4932.YIL015W	61.8	12
1858921	4932.YBR053C	61.7	13
1864592	4932.YOR238W	61.6	9
1864560	4932.YOR207C	61.5	35
1860940	4932.YGL225W	61.5	7
1859564	4932.YDL170W	61.5	12
1862049	4932.YJL174W	61.5	3
1863233	4932.YML025C	61.5	7
1864925	4932.YPL159C	61.5	7
1860786	4932.YGL074C	61.5	1
1860617	4932.YFL044C	61.4	8
1862313	4932.YKL039W	61.4	12
1861251	4932.YGR250C	61.4	24
1861684	4932.YIL050W	61.3	10
1864523	4932.YOR174W	61.3	9
1858968	4932.YBR093C	61.3	15
1860480	4932.YER123W	61.3	13
1864357	4932.YOR019W	61.2	16
1862444	4932.YKL161C	61.1	12
1860506	4932.YER145C	61.1	9
1861011	4932.YGR029W	61.0	4
1864189	4932.YOL031C	61.0	13
1860074	4932.YDR391C	60.9	6
1862668	4932.YLL049W	60.9	2
1862393	4932.YKL112W	60.8	17
1858882	4932.YBR014C	60.8	5
1859787	4932.YDR131C	60.8	15
1861136	4932.YGR145W	60.8	15
1861755	4932.YIL115W-A	60.6	1
1863651	4932.YMR270C	60.6	8
1859499	4932.YDL111C	60.5	6
1860813	4932.YGL101W	60.4	6
1862789	4932.YLR099C	60.3	10
1858724	4932.YAR042W	60.3	30
1859908	4932.YDR243C	60.3	15
1859287	4932.YCR018C	60.3	5
1860843	4932.YGL130W	60.2	13
1862025	4932.YJL151C	60.2	4
1864352	4932.YOR014W	60.1	17
1859927	4932.YDR261C	60.1	19
1862316	4932.YKL042W	60.0	6
1864520	4932.YOR171C	60.0	15
1859643	4932.YDL247W	60.0	15
1864536	4932.YOR186W	59.9	4
1860383	4932.YER046W-A	59.9	1
1864779	4932.YPL018W	59.9	10
1860264	4932.YEL022W	59.9	39
1864135	4932.YNR058W	59.8	11
1858853	4932.YBL102W	59.8	8
1858697	4932.YAL067C	59.8	7
1860991	4932.YGR011W	59.8	1
1861763	4932.YIL123W	59.8	6
1863395	4932.YMR036C	59.7	10
1862691	4932.YLR002C	59.6	19
1861376	4932.YHR012W	59.6	6
1864759	4932.YOR394W	59.5	8
1865053	4932.YPL282C	59.5	8
1860869	4932.YGL156W	59.4	34
1860876	4932.YGL163C	59.4	19
1863297	4932.YML083C	59.4	8
1864633	4932.YOR280C	59.4	8
1860777	4932.YGL065C	59.3	14
1860170	4932.YDR485C	59.3	18
1863905	4932.YNL176C	59.2	6
1864786	4932.YPL025C	59.1	3
1860553	4932.YER182W	59.1	5
1862268	4932.YJR160C	59.1	15
1861631	4932.YIL005W	59.0	19
1862285	4932.YKL014C	59.0	54
1861841	4932.YIR020W-A	59.0	2
1859423	4932.YDL037C	58.9	2
1860572	4932.YFL007W	58.9	50
1864118	4932.YNR041C	58.9	5
1864047	4932.YNL315C	58.9	8
1859845	4932.YDR185C	58.9	2
1861106	4932.YGR117C	58.9	13
1861148	4932.YGR156W	58.8	8
1860756	4932.YGL044C	58.7	4
1861008	4932.YGR027W-A	58.7	293
1861352	4932.YHL044W	58.6	5
1861882	4932.YJL015C	58.6	2
1864256	4932.YOL093W	58.6	7
1859588	4932.YDL193W	58.6	8
1862081	4932.YJL205C	58.5	2
1863611	4932.YMR232W	58.5	12
1864795	4932.YPL034W	58.5	4
1861358	4932.YHL048W	58.5	8
1864429	4932.YOR085W	58.4	9
1864202	4932.YOL043C	58.4	6
1862818	4932.YLR126C	58.4	6
1859751	4932.YDR098C-A	58.2	303
1864110	4932.YNR034W	58.2	9
1863394	4932.YMR035W	58.2	3
1864630	4932.YOR277C	58.1	1
1863548	4932.YMR175W	58.1	1
1859703	4932.YDR052C	58.1	14
1863686	4932.YMR301C	58.1	13
1865099	4932.YPR039W	58.1	2
1859840	4932.YDR182W	58.0	12
1862489	4932.YKL205W	58.0	26
1861957	4932.YJL087C	57.9	22
1862939	4932.YLR227W-A	57.9	302
1863249	4932.YML040W	57.9	302
1862131	4932.YJR026W	57.9	302
1859954	4932.YDR284C	57.7	8
1862598	4932.YKR087C	57.7	7
1860416	4932.YER072W	57.7	5
1859435	4932.YDL049C	57.6	4
1861065	4932.YGR078C	57.6	6
1861480	4932.YHR096C	57.6	20
1862317	4932.YKL043W	57.6	4
1861022	4932.YGR038C-A	57.5	300
1865223	4932.YPR158C-C	57.4	290
1861437	4932.YHR062C	57.4	7
1862580	4932.YKR070W	57.4	10
1863076	4932.YLR352W	57.4	22
1861435	4932.YHR060W	57.3	5
1862891	4932.YLR181C	57.3	9
1859056	4932.YBR173C	57.2	4
1862133	4932.YJR028W	57.2	289
1863244	4932.YML035C	57.2	20
1862723	4932.YLR034C	57.2	10
1859322	4932.YCR046C	57.1	4
1859279	4932.YCR010C	57.1	4
1863637	4932.YMR256C	57.0	1
1860526	4932.YER159C-A	57.0	300
1861154	4932.YGR161C-C	57.0	300
1863411	4932.YMR051C	57.0	300
1859987	4932.YDR316W-A	57.0	300
1861914	4932.YJL048C	57.0	7
1859914	4932.YDR248C	56.9	5
1859283	4932.YCR014C	56.9	13
1859176	4932.YBR282W	56.9	3
1864613	4932.YOR260W	56.9	14
1859466	4932.YDL080C	56.9	59
1864460	4932.YOR116C	56.8	39
1862946	4932.YLR233C	56.8	17
1861365	4932.YHR003C	56.8	10
1862821	4932.YLR129W	56.8	26
1864590	4932.YOR236W	56.7	4
1859797	4932.YDR142C	56.7	9
1860995	4932.YGR015C	56.7	5
1861003	4932.YGR023W	56.7	6
1859932	4932.YDR262W	56.7	8
1862570	4932.YKR060W	56.7	6
1864376	4932.YOR035C	56.6	25
1860155	4932.YDR469W	56.6	5
1862571	4932.YKR061W	56.6	7
1862197	4932.YJR093C	56.6	7
1864328	4932.YOL161C	56.6	1
1865093	4932.YPR034W	56.6	11
1860847	4932.YGL134W	56.5	7
1859824	4932.YDR169C	56.5	8
1859242	4932.YCL044C	56.5	12
1862004	4932.YJL132W	56.5	18
1858910	4932.YBR042C	56.4	10
1864478	4932.YOR134W	56.4	9
1858744	4932.YBL006C	56.3	3
1859139	4932.YBR246W	56.1	13
1864924	4932.YPL158C	56.1	11
1865021	4932.YPL250W-A	56.1	2
1863671	4932.YMR288W	56.0	21
1861252	4932.YGR251W	56.0	3
1858774	4932.YBL033C	55.9	9
1864532	4932.YOR183W	55.9	3
1864822	4932.YPL060W	55.9	7
1864692	4932.YOR333C	55.9	1
1861791	4932.YIL149C	55.8	32
1863687	4932.YMR302C	55.8	24
1859024	4932.YBR142W	55.8	19
1862462	4932.YKL177W	55.8	4
1862829	4932.YLR137W	55.7	8
1864487	4932.YOR142W-A	55.7	294
1865226	4932.YPR158W-A	55.7	294
1865154	4932.YPR094W	55.7	3
1861595	4932.YHR199C-A	55.7	2
1860470	4932.YER114C	55.7	20
1863906	4932.YNL177C	55.7	6
1862759	4932.YLR069C	55.6	13
1860962	4932.YGL246C	55.5	9
1861152	4932.YGR160W	55.5	1
1860627	4932.YFL054C	55.4	12
1864220	4932.YOL060C	55.4	11
1864397	4932.YOR056C	55.4	8
1860532	4932.YER165C-A	55.3	3
1860104	4932.YDR420W	55.3	15
1858879	4932.YBR012W-A	55.2	291
1865088	4932.YPR029C	55.1	23
1864916	4932.YPL151C	55.1	11
1861804	4932.YIL160C	55.1	14
1863948	4932.YNL219C	55.0	13
1861614	4932.YHR214C-C	55.0	277
1860073	4932.YDR390C	55.0	15
1859973	4932.YDR303C	55.0	19
1864540	4932.YOR190W	55.0	10
1859385	4932.YDL002C	54.9	3
1865036	4932.YPL263C	54.9	13
1859055	4932.YBR172C	54.9	13
1865062	4932.YPR005C	54.8	5
1860542	4932.YER173W	54.8	12
1860516	4932.YER152C	54.8	13
1862379	4932.YKL100C	54.8	10
1863819	4932.YNL097C-B	54.8	1
1859720	4932.YDR069C	54.7	19
1862279	4932.YKL008C	54.7	10
1862447	4932.YKL163W	54.6	23
1862913	4932.YLR203C	54.6	11
1863386	4932.YMR029C	54.5	12
1858730	4932.YAR066W	54.5	3
1861617	4932.YHR214W	54.5	3
1863993	4932.YNL264C	54.5	7
1859130	4932.YBR237W	54.4	17
1861691	4932.YIL057C	54.3	4
1862067	4932.YJL192C	54.3	5
1859367	4932.YCR094W	54.3	8
1862299	4932.YKL026C	54.2	3
1859111	4932.YBR221W-A	54.2	1
1861526	4932.YHR139C	54.2	3
1860088	4932.YDR405W	54.1	5
1859307	4932.YCR033W	54.1	23
1864145	4932.YNR068C	54.0	5
1863245	4932.YML036W	54.0	6
1860130	4932.YDR446W	54.0	6
1865144	4932.YPR083W	54.0	13
1863894	4932.YNL165W	54.0	4
1860352	4932.YER020W	54.0	11
1864215	4932.YOL055C	54.0	18
1859851	4932.YDR191W	54.0	10
1862240	4932.YJR134C	53.9	16
1860651	4932.YFR009W-A	53.8	3
1865211	4932.YPR146C	53.8	2
1861088	4932.YGR101W	53.7	5
1859257	4932.YCL058C	53.6	3
1859518	4932.YDL129W	53.6	6
1863534	4932.YMR163C	53.5	12
1864410	4932.YOR069W	53.5	13
1862290	4932.YKL018W	53.5	9
1862731	4932.YLR041W	53.4	2
1861160	4932.YGR163W	53.3	7
1859852	4932.YDR192C	53.2	6
1864862	4932.YPL099C	53.2	4
1860485	4932.YER128W	53.2	3
1859120	4932.YBR229C	53.1	22
1862031	4932.YJL156W-A	53.1	2
1861824	4932.YIR007W	53.1	17
1860158	4932.YDR472W	53.0	7
1864501	4932.YOR155C	53.0	10
1863028	4932.YLR307W	52.9	5
1861373	4932.YHR009C	52.9	13
1860048	4932.YDR369C	52.8	18
1861967	4932.YJL097W	52.8	5
1864848	4932.YPL086C	52.7	13
1862413	4932.YKL132C	52.7	11
1859819	4932.YDR164C	52.6	18
1862011	4932.YJL137C	52.6	7
1864876	4932.YPL113C	52.6	10
1860129	4932.YDR445C	52.6	2
1859566	4932.YDL172C	52.6	3
1864572	4932.YOR219C	52.6	26
1863909	4932.YNL180C	52.5	6
1862562	4932.YKR052C	52.5	7
1862947	4932.YLR234W	52.5	15
1859989	4932.YDR317W	52.5	9
1860990	4932.YGR010W	52.4	13
1858982	4932.YBR107C	52.4	7
1861242	4932.YGR241C	52.4	6
1861971	4932.YJL101C	52.4	13
1862349	4932.YKL072W	52.4	9
1860076	4932.YDR393W	52.4	7
1862956	4932.YLR243W	52.4	5
1859332	4932.YCR057C	52.4	19
1859982	4932.YDR312W	52.3	14
1861592	4932.YHR197W	52.3	21
1864748	4932.YOR384W	52.3	13
1863443	4932.YMR081C	52.3	5
1863129	4932.YLR401C	52.2	15
1860531	4932.YER164W	52.2	30
1864102	4932.YNR027W	52.2	8
1860620	4932.YFL047W	52.2	14
1860054	4932.YDR374C	52.1	7
1862970	4932.YLR256W-A	52.1	293
1863964	4932.YNL235C	52.1	1
1859508	4932.YDL119C	52.1	8
1862582	4932.YKR072C	52.1	10
1864056	4932.YNL324W	52.1	3
1865197	4932.YPR135W	52.0	24
1860257	4932.YEL018C-A	51.9	4
1861674	4932.YIL042C	51.9	7
1858816	4932.YBL071C	51.9	3
1862898	4932.YLR188W	51.8	12
1860298	4932.YEL052W	51.8	12
1862328	4932.YKL053W	51.7	3
1859419	4932.YDL033C	51.7	11
1859548	4932.YDL157C	51.7	3
1860748	4932.YGL038C	51.6	10
1864791	4932.YPL030W	51.6	12
1858740	4932.YBL004W	51.6	63
1863405	4932.YMR046C	51.6	72
1861262	4932.YGR261C	51.5	22
1861924	4932.YJL057C	51.5	13
1859148	4932.YBR255C-A	51.5	2
1858798	4932.YBL055C	51.4	11
1862455	4932.YKL170W	51.4	3
1864031	4932.YNL299W	51.3	9
1862400	4932.YKL119C	51.2	5
1859584	4932.YDL189W	51.2	5
1860406	4932.YER065C	51.2	10
1862604	4932.YKR093W	51.1	9
1860909	4932.YGL194C-A	51.1	2
1861233	4932.YGR233C	51.1	29
1861591	4932.YHR196W	51.1	15
1863173	4932.YLR439W	51.0	6
1860400	4932.YER060W	51.0	4
1864052	4932.YNL320W	51.0	7
1861493	4932.YHR109W	51.0	14
1863422	4932.YMR061W	50.9	19
1860161	4932.YDR476C	50.9	5
1858673	4932.YAL046C	50.9	3
1864974	4932.YPL206C	50.8	8
1862449	4932.YKL165C	50.8	24
1859804	4932.YDR149C	50.8	4
1863368	4932.YMR013C	50.8	9
1862673	4932.YLL054C	50.8	16
1861010	4932.YGR028W	50.7	8
1864984	4932.YPL216W	50.7	16
1860215	4932.YDR525W-A	50.7	2
1865157	4932.YPR097W	50.6	19
1864696	4932.YOR336W	50.6	29
1860976	4932.YGL259W	50.5	2
1863985	4932.YNL256W	50.5	16
1860313	4932.YEL065W	50.4	8
1859382	4932.YCR107W	50.4	11
1862185	4932.YJR080C	50.3	9
1862778	4932.YLR088W	50.3	12
1859696	4932.YDR045C	50.3	3
1861286	4932.YGR284C	50.3	9
1863999	4932.YNL270C	50.2	12
1862835	4932.YLR143W	50.2	17
1859213	4932.YCL016C	50.2	7
1865119	4932.YPR059C	50.2	3
1862784	4932.YLR094C	50.1	9
1858965	4932.YBR090C	50.1	3
1861727	4932.YIL091C	50.1	14
1865264	4932.YPR189W	50.1	33
1859043	4932.YBR161W	50.1	7
1864123	4932.YNR046W	50.0	5
1864032	4932.YNL300W	50.0	2
1861898	4932.YJL032W	49.9	2
1862237	4932.YJR131W	49.8	15
1863333	4932.YML115C	49.7	11
1862749	4932.YLR059C	49.7	8
1861323	4932.YHL018W	49.7	3
1861998	4932.YJL127C-B	49.7	2
1859504	4932.YDL115C	49.7	5
1861681	4932.YIL047C-A	49.7	2
1861389	4932.YHR023W	49.6	43
1864339	4932.YOR004W	49.6	6
1862786	4932.YLR096W	49.6	23
1860878	4932.YGL165C	49.6	2
1864165	4932.YOL010W	49.6	8
1863998	4932.YNL269W	49.5	2
1861292	4932.YGR290W	49.5	1
1859799	4932.YDR144C	49.5	9
1859132	4932.YBR239C	49.5	16
1863590	4932.YMR212C	49.4	14
1860959	4932.YGL243W	49.4	7
1858869	4932.YBR003W	49.4	14
1864063	4932.YNL331C	49.3	13
1862520	4932.YKR011C	49.3	9
1861338	4932.YHL031C	49.3	6
1860842	4932.YGL129C	49.3	8
1858758	4932.YBL018C	49.3	4
1863679	4932.YMR294W-A	49.2	2
1862274	4932.YKL004W	49.1	3
1859192	4932.YBR297W	49.1	8
1858669	4932.YAL043C	49.1	18
1864291	4932.YOL125W	49.1	10
1859364	4932.YCR091W	49.0	13
1862811	4932.YLR120C	49.0	5
1863043	4932.YLR321C	49.0	8
1863313	4932.YML098W	49.0	2
1858776	4932.YBL035C	48.9	14
1863254	4932.YML045W-A	48.9	260
1863088	4932.YLR363C	48.9	3
1860307	4932.YEL059W	48.8	1
1864235	4932.YOL076W	48.8	18
1859687	4932.YDR036C	48.7	11
1858814	4932.YBL069W	48.7	9
1861698	4932.YIL064W	48.7	7
1863275	4932.YML062C	48.6	9
1863801	4932.YNL080C	48.6	6
1864162	4932.YOL007C	48.6	5
1864018	4932.YNL286W	48.6	5
1863830	4932.YNL106C	48.6	29
1859500	4932.YDL112W	48.6	43
1863913	4932.YNL184C	48.5	2
1859312	4932.YCR038C	48.5	21
1863718	4932.YNL001W	48.4	8
1864050	4932.YNL318C	48.4	11
1865047	4932.YPL274W	48.4	8
1860212	4932.YDR524C-B	48.4	1
1863935	4932.YNL206C	48.4	10
1863926	4932.YNL197C	48.4	8
1863434	4932.YMR073C	48.4	3
1865037	4932.YPL264C	48.2	4
1860270	4932.YEL028W	48.1	2
1860069	4932.YDR386W	48.1	15
1863716	4932.YMR325W	48.1	7
1861866	4932.YIR041W	48.1	7
1864996	4932.YPL227C	48.1	8
1859104	4932.YBR215W	48.0	8
1862741	4932.YLR051C	48.0	4
1858846	4932.YBL098W	48.0	10
1860467	4932.YER111C	48.0	19
1863707	4932.YMR316W	47.9	5
1861347	4932.YHL039W	47.8	13
1859992	4932.YDR320C	47.7	13
1864699	4932.YOR339C	47.7	3
1860030	4932.YDR354W	47.7	9
1861802	4932.YIL158W	47.7	4
1859090	4932.YBR201W	47.7	3
1859983	4932.YDR313C	47.6	6
1863337	4932.YML118W	47.6	10
1862045	4932.YJL170C	47.6	4
1865147	4932.YPR086W	47.6	7
1862927	4932.YLR217W	47.6	2
1864574	4932.YOR221C	47.5	8
1859163	4932.YBR269C	47.5	2
1861725	4932.YIL089W	47.4	3
1860271	4932.YEL029C	47.4	6
1864230	4932.YOL070C	47.4	9
1859694	4932.YDR043C	47.4	2
1863359	4932.YMR004W	47.3	12
1862566	4932.YKR056W	47.3	12
1864549	4932.YOR196C	47.2	8
1864940	4932.YPL174C	47.2	15
1863892	4932.YNL163C	47.0	23
1863074	4932.YLR350W	46.9	5
1864048	4932.YNL316C	46.9	6
1865145	4932.YPR084W	46.9	6
1861058	4932.YGR071C	46.9	15
1862321	4932.YKL047W	46.9	14
1859229	4932.YCL031C	46.9	5
1860145	4932.YDR461C-A	46.8	1
1859337	4932.YCR064C	46.8	3
1864784	4932.YPL023C	46.8	14
1864172	4932.YOL015W	46.8	9
1858905	4932.YBR037C	46.8	6
1864938	4932.YPL172C	46.8	3
1861506	4932.YHR122W	46.7	4
1859015	4932.YBR134W	46.7	2
1864026	4932.YNL294C	46.7	4
1860807	4932.YGL095C	46.7	12
1860581	4932.YFL013W-A	46.7	6
1864905	4932.YPL140C	46.7	9
1862035	4932.YJL160C	46.7	11
1865043	4932.YPL270W	46.6	16
1864530	4932.YOR181W	46.6	8
1861579	4932.YHR185C	46.6	3
1861328	4932.YHL022C	46.6	5
1864833	4932.YPL071C	46.6	3
1864353	4932.YOR015W	46.6	3
1864834	4932.YPL072W	46.6	7
1864175	4932.YOL018C	46.6	10
1858752	4932.YBL012C	46.6	2
1861729	4932.YIL093C	46.6	6
1859159	4932.YBR265W	46.5	7
1864106	4932.YNR031C	46.5	30
1862632	4932.YLL013C	46.4	12
1861162	4932.YGR165W	46.3	6
1863184	4932.YLR450W	46.3	24
1861100	4932.YGR111W	46.3	9
1863597	4932.YMR219W	46.3	25
1860928	4932.YGL213C	46.3	7
1859479	4932.YDL091C	46.3	7
1862222	4932.YJR116W	46.2	4
1859401	4932.YDL017W	46.2	11
1860919	4932.YGL204C	46.1	2
1862521	4932.YKR012C	46.1	2
1865018	4932.YPL249C	46.1	20
1862517	4932.YKR008W	46.0	14
1860926	4932.YGL211W	46.0	7
1864331	4932.YOL164W	46.0	14
1864077	4932.YNR003C	45.8	6
1861852	4932.YIR029W	45.8	6
1865153	4932.YPR093C	45.8	6
1859431	4932.YDL045W-A	45.8	2
1863065	4932.YLR342W-A	45.8	1
1861937	4932.YJL069C	45.8	7
1864469	4932.YOR125C	45.7	4
1863361	4932.YMR006C	45.6	12
1861122	4932.YGR131W	45.6	2
1859093	4932.YBR204C	45.6	8
1864105	4932.YNR030W	45.5	14
1860974	4932.YGL258W	45.5	2
1862554	4932.YKR044W	45.5	6
1860090	4932.YDR406W-A	45.5	2
1864053	4932.YNL321W	45.4	13
1859999	4932.YDR324C	45.4	19
1862876	4932.YLR166C	45.4	15
1860644	4932.YFR003C	45.4	3
1864702	4932.YOR342C	45.3	4
1862443	4932.YKL160W	45.3	3
1859736	4932.YDR084C	45.3	5
1864839	4932.YPL077C	45.3	4
1859323	4932.YCR047C	45.3	4
1864635	4932.YOR282W	45.2	1
1863915	4932.YNL186W	45.2	15
1859363	4932.YCR090C	45.1	5
1861676	4932.YIL044C	45.1	5
1859380	4932.YCR105W	45.0	4
1861880	4932.YJL013C	45.0	9
1864121	4932.YNR044W	45.0	1
1864417	4932.YOR073W-A	44.9	1
1863025	4932.YLR305C	44.9	35
1861920	4932.YJL053W	44.9	8
1860779	4932.YGL067W	44.9	8
1865167	4932.YPR107C	44.9	4
1862990	4932.YLR274W	44.9	17
1863335	4932.YML116W-A	44.8	2
1862813	4932.YLR121C	44.8	8
1859533	4932.YDL142C	44.8	5
1862805	4932.YLR114C	44.8	14
1862258	4932.YJR150C	44.8	2
1864868	4932.YPL105C	44.8	13
1861671	4932.YIL039W	44.7	9
1860908	4932.YGL194C	44.7	7
1858937	4932.YBR066C	44.6	3
1859101	4932.YBR212W	44.6	7
1861443	4932.YHR067W	44.6	3
1863526	4932.YMR157C	44.6	5
1860393	4932.YER054C	44.6	10
1860114	4932.YDR430C	44.5	25
1863692	4932.YMR306C-A	44.5	3
1859881	4932.YDR216W	44.5	42
1861053	4932.YGR067C	44.5	11
1860031	4932.YDR355C	44.4	1
1863615	4932.YMR236W	44.4	2
1865017	4932.YPL248C	44.3	12
1864712	4932.YOR350C	44.2	13
1860899	4932.YGL186C	44.2	8
1864829	4932.YPL067C	44.2	6
1859329	4932.YCR052W	44.2	10
1864527	4932.YOR178C	44.1	11
1863041	4932.YLR319C	44.1	14
1863290	4932.YML077W	44.0	4
1860194	4932.YDR509W	44.0	2
1864481	4932.YOR137C	43.9	11
1858660	4932.YAL037C-A	43.9	1
1862690	4932.YLR001C	43.9	16
1862931	4932.YLR221C	43.8	4
1859225	4932.YCL027W	43.8	8
1859936	4932.YDR266C	43.7	12
1863137	4932.YLR408C	43.7	3
1863412	4932.YMR052C-A	43.7	2
1859911	4932.YDR246W	43.7	4
1863312	4932.YML097C	43.6	9
1864944	4932.YPL178W	43.6	6
1858742	4932.YBL005W-A	43.6	43
1859990	4932.YDR318W	43.6	7
1864115	4932.YNR038W	43.5	11
1861733	4932.YIL097W	43.5	11
1860493	4932.YER135C	43.5	2
1861018	4932.YGR035C	43.4	2
1864787	4932.YPL026C	43.4	8
1864403	4932.YOR062C	43.4	5
1862159	4932.YJR054W	43.4	8
1859622	4932.YDL227C	43.3	10
1864653	4932.YOR298W	43.3	11
1860504	4932.YER143W	43.3	10
1865130	4932.YPR070W	43.3	10
1863017	4932.YLR298C	43.3	3
1858682	4932.YAL056C-A	43.2	2
1862472	4932.YKL186C	43.1	4
1861283	4932.YGR281W	43.1	27
1860085	4932.YDR402C	43.0	8
1865239	4932.YPR167C	43.0	5
1863951	4932.YNL222W	43.0	3
1862414	4932.YKL133C	43.0	10
1860810	4932.YGL098W	43.0	4
1860701	4932.YFR052C-A	43.0	2
1859960	4932.YDR290W	43.0	2
1862532	4932.YKR023W	43.0	10
1863125	4932.YLR398C	43.0	24
1860089	4932.YDR406W	42.9	42
1862959	4932.YLR246W	42.9	6
1862729	4932.YLR039C	42.9	18
1865077	4932.YPR018W	42.9	8
1864660	4932.YOR304W	42.8	21
1862911	4932.YLR201C	42.8	2
1862125	4932.YJR020W	42.8	2
1864782	4932.YPL021W	42.8	3
1861278	4932.YGR276C	42.8	8
1863456	4932.YMR093W	42.8	9
1861111	4932.YGR121W-A	42.8	1
1863768	4932.YNL049C	42.8	18
1860769	4932.YGL058W	42.7	1
1859602	4932.YDL207W	42.7	9
1862118	4932.YJR013W	42.7	15
1864964	4932.YPL196W	42.7	3
1865208	4932.YPR144C	42.7	11
1863858	4932.YNL133C	42.6	2
1858805	4932.YBL061C	42.6	9
1859334	4932.YCR060W	42.6	2
1862720	4932.YLR031W	42.6	5
1859449	4932.YDL063C	42.5	9
1859540	4932.YDL149W	42.5	14
1863425	4932.YMR064W	42.5	9
1863813	4932.YNL092W	42.5	8
1860359	4932.YER026C	42.4	5
1859979	4932.YDR309C	42.3	10
1864295	4932.YOL129W	42.3	2
1858915	4932.YBR047W	42.3	3
1862217	4932.YJR112W	42.2	4
1858690	4932.YAL063C	42.2	9
1861166	4932.YGR169C	42.2	9
1861603	4932.YHR207C	42.1	8
1864741	4932.YOR378W	42.1	2
1863151	4932.YLR419W	42.1	26
1863113	4932.YLR386W	42.1	18
1862539	4932.YKR030W	42.1	3
1858913	4932.YBR045C	42.1	9
1859085	4932.YBR198C	42.1	14
1861449	4932.YHR071C-A	42.0	2
1864892	4932.YPL128C	42.0	8
1863518	4932.YMR150C	42.0	2
1863447	4932.YMR085W	42.0	10
1864279	4932.YOL113W	42.0	14
1863421	4932.YMR060C	41.9	8
1863941	4932.YNL212W	41.9	17
1860320	4932.YEL072W	41.9	3
1863723	4932.YNL006W	41.9	7
1864337	4932.YOR002W	41.8	9
1860276	4932.YEL032W	41.8	19
1858891	4932.YBR023C	41.7	21
1858986	4932.YBR110W	41.7	9
1864340	4932.YOR005C	41.6	16
1860153	4932.YDR467C	41.6	2
1865221	4932.YPR156C	41.4	10
1861645	4932.YIL017C	41.4	18
1863426	4932.YMR065W	41.4	6
1859393	4932.YDL009C	41.4	2
1859857	4932.YDR196C	41.3	3
1859730	4932.YDR079C-A	41.3	2
1859991	4932.YDR319C	41.3	4
1859966	4932.YDR296W	41.3	4
1862026	4932.YJL152W	41.3	2
1859223	4932.YCL026C-A	41.2	4
1863224	4932.YML016C	41.2	14
1859205	4932.YCL005W-A	41.2	2
1864955	4932.YPL188W	41.1	5
1860141	4932.YDR457W	41.1	61
1859507	4932.YDL118W	41.1	2
1861600	4932.YHR204W	41.0	14
1861087	4932.YGR100W	41.0	20
1858717	4932.YAR028W	40.9	2
1859346	4932.YCR073W-A	40.9	8
1862211	4932.YJR106W	40.9	4
1865259	4932.YPR184W	40.9	33
1863464	4932.YMR101C	40.8	5
1863284	4932.YML071C	40.8	12
1862555	4932.YKR045C	40.8	3
1860252	4932.YEL014C	40.7	2
1862529	4932.YKR020W	40.7	3
1859002	4932.YBR124W	40.7	1
1859934	4932.YDR264C	40.7	14
1861761	4932.YIL121W	40.6	11
1864395	4932.YOR054C	40.6	9
1865108	4932.YPR048W	40.6	12
1859856	4932.YDR195W	40.5	8
1862200	4932.YJR095W	40.5	4
1859106	4932.YBR217W	40.5	4
1863186	4932.YLR452C	40.4	11
1863035	4932.YLR313C	40.3	8
1859349	4932.YCR076C	40.3	2
1863744	4932.YNL026W	40.3	11
1862634	4932.YLL015W	40.3	28
1864547	4932.YOR194C	40.3	2
1860346	4932.YER015W	40.3	14
1859034	4932.YBR152W	40.3	3
1859611	4932.YDL216C	40.2	6
1865032	4932.YPL259C	40.2	8
1863240	4932.YML031W	40.2	11
1861381	4932.YHR017W	40.2	7
1860081	4932.YDR398W	40.1	12
1860630	4932.YFL057C	40.1	8
1864767	4932.YPL006W	40.1	22
1863058	4932.YLR336C	40.1	15
1861575	4932.YHR182C-A	40.1	2
1861536	4932.YHR147C	40.0	4
1861605	4932.YHR209W	40.0	6
1864777	4932.YPL016W	40.0	17
1863279	4932.YML066C	40.0	3
1861602	4932.YHR206W	40.0	6
1859980	4932.YDR310C	39.9	17
1858948	4932.YBR076W	39.9	8
1863381	4932.YMR024W	39.9	9
1861448	4932.YHR070W	39.9	10
1863591	4932.YMR213W	39.9	8
1864098	4932.YNR023W	39.8	9
1858637	4932.YAL019W	39.8	15
1861024	4932.YGR038W	39.7	4
1859286	4932.YCR017C	39.6	12
1861466	4932.YHR083W	39.6	5
1862968	4932.YLR255C	39.6	1
1858635	4932.YAL017W	39.5	25
1859115	4932.YBR224W	39.5	3
1859628	4932.YDL233W	39.5	6
1864294	4932.YOL128C	39.5	8
1862900	4932.YLR190W	39.5	6
1862935	4932.YLR224W	39.5	7
1862073	4932.YJL197W	39.5	18
1859059	4932.YBR176W	39.5	5
1859623	4932.YDL228C	39.5	1
1859416	4932.YDL030W	39.4	7
1858726	4932.YAR050W	39.4	14
1861129	4932.YGR138C	39.4	9
1862084	4932.YJL208C	39.4	7
1864917	4932.YPL152W	39.4	7
1860554	4932.YER183C	39.3	4
1863160	4932.YLR428C	39.3	6
1865250	4932.YPR175W	39.3	13
1863355	4932.YMR001C	39.2	13
1864431	4932.YOR087W	39.2	10
1860265	4932.YEL023C	39.2	12
1862146	4932.YJR041C	39.2	21
1861634	4932.YIL008W	39.2	2
1863672	4932.YMR289W	39.2	7
1860253	4932.YEL015W	39.2	6
1860550	4932.YER180C	39.1	4
1862353	4932.YKL076C	39.1	2
1860066	4932.YDR383C	39.1	4
1859917	4932.YDR251W	39.1	14
1859985	4932.YDR315C	39.1	3
1859496	4932.YDL108W	39.1	7
1858932	4932.YBR061C	39.1	4
1858930	4932.YBR059C	39.1	21
1861248	4932.YGR247W	39.0	4
1865220	4932.YPR155C	39.0	11
1860067	4932.YDR384C	39.0	3
1859234	4932.YCL036W	38.9	9
1861402	4932.YHR033W	38.9	7
1863535	4932.YMR164C	38.9	7
1863496	4932.YMR130W	38.8	7
1864813	4932.YPL051W	38.8	4
1863336	4932.YML117W	38.7	14
1862696	4932.YLR007W	38.7	4
1864333	4932.YOL165C	38.7	6
1859693	4932.YDR042C	38.7	4
1863636	4932.YMR255W	38.7	2
1864898	4932.YPL134C	38.7	5
1862929	4932.YLR219W	38.7	11
1861842	4932.YIR021W	38.7	6
1862936	4932.YLR225C	38.6	8
1862387	4932.YKL106W	38.6	9
1861031	4932.YGR045C	38.5	3
1864004	4932.YNL275W	38.5	6
1864939	4932.YPL173W	38.5	4
1860557	4932.YER186C	38.5	3
1864265	4932.YOL101C	38.5	4
1865180	4932.YPR119W	38.5	12
1864764	4932.YPL003W	38.5	7
1864728	4932.YOR366W	38.4	2
1863967	4932.YNL238W	38.4	12
1863243	4932.YML034W	38.4	15
1858786	4932.YBL043W	38.4	3
1861572	4932.YHR180W	38.4	1
1862272	4932.YKL002W	38.3	7
1862055	4932.YJL180C	38.3	9
1862040	4932.YJL165C	38.3	12
1858961	4932.YBR087W	38.2	8
1863872	4932.YNL145W	38.2	1
1862166	4932.YJR061W	38.2	15
1858664	4932.YAL039C	38.1	4
1862416	4932.YKL135C	38.1	14
1861968	4932.YJL098W	38.0	20
1864384	4932.YOR043W	38.0	12
1865170	4932.YPR109W	38.0	3
1859726	4932.YDR075W	38.0	4
1864827	4932.YPL065W	38.0	4
1863281	4932.YML068W	37.9	6
1859020	4932.YBR139W	37.9	8
1863743	4932.YNL025C	37.9	6
1861326	4932.YHL020C	37.9	5
1860864	4932.YGL151W	37.8	18
1862628	4932.YLL009C	37.8	1
1859965	4932.YDR295C	37.8	12
1859619	4932.YDL224C	37.8	8
1861598	4932.YHR202W	37.7	9
1864722	4932.YOR360C	37.7	8
1861649	4932.YIL020C-A	37.6	5
1859105	4932.YBR216C	37.6	19
1864879	4932.YPL116W	37.6	9
1859577	4932.YDL183C	37.6	2
1860347	4932.YER016W	37.6	6
1864330	4932.YOL163W	37.6	2
1863965	4932.YNL236W	37.5	16
1861931	4932.YJL063C	37.5	3
1859642	4932.YDL246C	37.5	10
1865078	4932.YPR019W	37.5	17
1862116	4932.YJR011C	37.5	5
1861661	4932.YIL030C	37.5	21
1860100	4932.YDR416W	37.4	11
1861601	4932.YHR205W	37.4	9
1861995	4932.YJL125C	37.4	6
1859957	4932.YDR287W	37.3	4
1862267	4932.YJR159W	37.3	10
1861303	4932.YHL002W	37.3	8
1864800	4932.YPL038W-A	37.3	1
1859218	4932.YCL021W-A	37.3	2
1860322	4932.YEL074W	37.3	1
1859708	4932.YDR057W	37.3	10
1861302	4932.YHL002C-A	37.3	2
1863567	4932.YMR192W	37.2	12
1860858	4932.YGL145W	37.2	13
1859162	4932.YBR268W	37.2	4
1861375	4932.YHR011W	37.2	5
1858625	4932.YAL009W	37.2	2
1863631	4932.YMR251W	37.2	4
1858933	4932.YBR062C	37.1	3
1864816	4932.YPL054W	37.1	4
1861647	4932.YIL019W	37.1	4
1863974	4932.YNL245C	37.0	2
1864178	4932.YOL020W	37.0	6
1865270	4932.YPR195C	37.0	3
1864713	4932.YOR351C	36.9	8
1860830	4932.YGL118C	36.9	3
1863873	4932.YNL146C-A	36.8	1
1864240	4932.YOL080C	36.8	3
1863293	4932.YML080W	36.8	8
1864205	4932.YOL046C	36.8	4
1860745	4932.YGL035C	36.8	5
1862719	4932.YLR030W	36.8	3
1859222	4932.YCL025C	36.7	9
1862094	4932.YJL218W	36.7	3
1860075	4932.YDR392W	36.7	3
1859905	4932.YDR240C	36.7	6
1858785	4932.YBL042C	36.7	10
1860916	4932.YGL201C	36.6	20
1864139	4932.YNR062C	36.6	3
1860877	4932.YGL164C	36.6	6
1859248	4932.YCL049C	36.6	4
1862141	4932.YJR036C	36.6	12
1859972	4932.YDR302W	36.5	3
1862355	4932.YKL078W	36.5	14
1863037	4932.YLR315W	36.4	3
1862167	4932.YJR062C	36.4	7
1860735	4932.YGL025C	36.3	3
1861477	4932.YHR093W	36.3	2
1860091	4932.YDR407C	36.3	23
1863530	4932.YMR159C	36.3	2
1860646	4932.YFR005C	36.3	8
1863189	4932.YLR455W	36.3	4
1861102	4932.YGR113W	36.3	2
1862504	4932.YKL220C	36.2	6
1858756	4932.YBL016W	36.2	6
1861094	4932.YGR107W	36.1	2
1861134	4932.YGR143W	36.1	11
1862477	4932.YKL191W	36.1	8
1862534	4932.YKR025W	36.1	4
1860768	4932.YGL057C	36.1	3
1862250	4932.YJR142W	36.0	8
1861574	4932.YHR181W	36.0	3
1860688	4932.YFR039C	36.0	14
1859087	4932.YBR200W	36.0	7
1863360	4932.YMR005W	36.0	4
1862028	4932.YJL154C	35.9	19
1861145	4932.YGR153W	35.9	3
1860791	4932.YGL079W	35.9	1
1862793	4932.YLR102C	35.9	5
1862612	4932.YKR100C	35.9	12
1862013	4932.YJL139C	35.9	8
1863772	4932.YNL053W	35.9	6
1858654	4932.YAL033W	35.9	3
1861045	4932.YGR059W	35.9	8
1864083	4932.YNR008W	35.8	12
1861357	4932.YHL048C-A	35.8	1
1863738	4932.YNL021W	35.7	10
1864887	4932.YPL123C	35.7	9
1859320	4932.YCR045C	35.7	6
1862533	4932.YKR024C	35.7	9
1859102	4932.YBR213W	35.7	4
1863822	4932.YNL099C	35.7	3
1863919	4932.YNL190W	35.6	2
1861116	4932.YGR125W	35.6	15
1862426	4932.YKL144C	35.6	3
1858645	4932.YAL026C	35.6	21
1860534	4932.YER166W	35.6	24
1864603	4932.YOR250C	35.5	8
1860946	4932.YGL230C	35.5	2
1864651	4932.YOR297C	35.5	2
1861312	4932.YHL009W-A	35.5	6
1862841	4932.YLR148W	35.5	17
1858751	4932.YBL011W	35.4	14
1859546	4932.YDL155W	35.4	6
1862742	4932.YLR052W	35.4	2
1860845	4932.YGL132W	35.3	1
1859442	4932.YDL056W	35.3	10
1862347	4932.YKL070W	35.2	2
1863925	4932.YNL196C	35.2	4
1864669	4932.YOR313C	35.1	4
1864565	4932.YOR212W	35.0	6
1862207	4932.YJR102C	35.0	3
1863781	4932.YNL062C	35.0	6
1864253	4932.YOL090W	35.0	17
1859495	4932.YDL107W	35.0	5
1859901	4932.YDR236C	35.0	4
1859741	4932.YDR089W	35.0	15
1858647	4932.YAL027W	35.0	3
1862260	4932.YJR152W	34.9	7
1861771	4932.YIL131C	34.9	6
1860225	4932.YDR535C	34.9	4
1860941	4932.YGL226C-A	34.9	2
1862915	4932.YLR205C	34.9	4
1862548	4932.YKR038C	34.9	8
1862924	4932.YLR214W	34.8	12
1860505	4932.YER144C	34.8	13
1859375	4932.YCR100C	34.8	3
1864322	4932.YOL156W	34.7	10
1861507	4932.YHR123W	34.7	3
1865249	4932.YPR174C	34.7	2
1860462	4932.YER106W	34.7	4
1863136	4932.YLR407W	34.6	3
1864210	4932.YOL051W	34.6	11
1859443	4932.YDL057W	34.5	5
1861890	4932.YJL025W	34.5	7
1861515	4932.YHR131C	34.5	7
1863481	4932.YMR117C	34.4	3
1863889	4932.YNL161W	34.4	6
1861474	4932.YHR090C	34.4	5
1863916	4932.YNL187W	34.4	4
1861975	4932.YJL105W	34.4	7
1864459	4932.YOR115C	34.4	5
1859429	4932.YDL044C	34.4	6
1861170	4932.YGR172C	34.3	2
1864463	4932.YOR119C	34.3	5
1858691	4932.YAL063C-A	34.2	2
1860220	4932.YDR530C	34.2	6
1864163	4932.YOL008W	34.2	3
1864216	4932.YOL056W	34.1	6
1861059	4932.YGR072W	34.1	5
1861635	4932.YIL009C-A	34.0	2
1858939	4932.YBR068C	34.0	7
1864274	4932.YOL108C	34.0	9
1859944	4932.YDR274C	34.0	2
1863635	4932.YMR254C	33.8	1
1863757	4932.YNL039W	33.8	8
1860351	4932.YER019W	33.8	6
1863399	4932.YMR040W	33.8	2
1862897	4932.YLR187W	33.7	15
1859916	4932.YDR250C	33.7	1
1861109	4932.YGR120C	33.7	6
1861222	4932.YGR222W	33.7	5
1864269	4932.YOL103W-B	33.7	476
1860136	4932.YDR452W	33.6	10
1860487	4932.YER130C	33.6	3
1864946	4932.YPL180W	33.6	10
1862003	4932.YJL131C	33.6	4
1860984	4932.YGR004W	33.6	7
1859017	4932.YBR136W	33.5	40
1860580	4932.YFL013C	33.5	9
1864493	4932.YOR147W	33.5	8
1861499	4932.YHR115C	33.4	3
1862681	4932.YLL062C	33.4	5
1862412	4932.YKL131W	33.4	2
1859384	4932.YDL001W	33.4	6
1864717	4932.YOR355W	33.4	4
1863570	4932.YMR194C-A	33.4	2
1863188	4932.YLR454W	33.3	40
1859344	4932.YCR072C	33.3	8
1860649	4932.YFR008W	33.3	3
1859922	4932.YDR256C	33.3	6
1861272	4932.YGR270W	33.3	24
1863494	4932.YMR128W	33.2	17
1861656	4932.YIL026C	33.2	15
1864518	4932.YOR169C	33.1	2
1861150	4932.YGR158C	33.1	4
1861606	4932.YHR210C	33.1	5
1863816	4932.YNL095C	33.0	10
1860024	4932.YDR349C	33.0	8
1861528	4932.YHR140W	32.9	3
1862538	4932.YKR029C	32.9	12
1859943	4932.YDR273W	32.9	4
1863081	4932.YLR357W	32.9	12
1859266	4932.YCL068C	32.8	11
1861952	4932.YJL082W	32.8	9
1864381	4932.YOR040W	32.8	5
1862326	4932.YKL052C	32.8	4
1861089	4932.YGR102C	32.8	2
1860530	4932.YER163C	32.8	4
1861193	4932.YGR194C	32.7	10
1860629	4932.YFL056C	32.7	3
1863628	4932.YMR247C	32.7	27
1860820	4932.YGL108C	32.7	1
1864319	4932.YOL154W	32.6	4
1859023	4932.YBR141W-A	32.6	1
1860758	4932.YGL047W	32.6	4
1863155	4932.YLR423C	32.6	6
1864030	4932.YNL298W	32.6	14
1863385	4932.YMR028W	32.5	6
1863694	4932.YMR307C-A	32.5	1
1860290	4932.YEL045C	32.5	2
1862399	4932.YKL118W	32.4	2
1864506	4932.YOR160W	32.4	14
1863504	4932.YMR137C	32.4	8
1859734	4932.YDR082W	32.4	5
1859775	4932.YDR119W-A	32.4	1
1864001	4932.YNL272C	32.3	7
1860831	4932.YGL119W	32.3	5
1861741	4932.YIL103W	32.3	6
1862220	4932.YJR114W	32.3	1
1860421	4932.YER076C	32.3	4
1862163	4932.YJR058C	32.2	2
1859178	4932.YBR284W	32.2	8
1864889	4932.YPL125W	32.2	17
1863886	4932.YNL158W	32.2	2
1859284	4932.YCR015C	32.1	3
1863330	4932.YML112W	32.1	3
1862171	4932.YJR066W	32.1	40
1862074	4932.YJL198W	32.1	8
1865181	4932.YPR120C	32.0	5
1862154	4932.YJR049C	32.0	6
1863701	4932.YMR313C	32.0	9
1860826	4932.YGL114W	32.0	9
1862298	4932.YKL025C	32.0	7
1859096	4932.YBR207W	32.0	5
1861447	4932.YHR070C-A	32.0	2
1863922	4932.YNL193W	32.0	9
1860169	4932.YDR484W	32.0	7
1864854	4932.YPL092W	32.0	5
1862459	4932.YKL174C	32.0	4
1861710	4932.YIL073C	32.0	10
1864579	4932.YOR226C	31.9	2
1860135	4932.YDR451C	31.8	4
1860214	4932.YDR525W	31.8	1
1862565	4932.YKR055W	31.8	3
1864382	4932.YOR041C	31.8	2
1863759	4932.YNL041C	31.7	13
1860398	4932.YER058W	31.7	2
1865233	4932.YPR161C	31.7	8
1858969	4932.YBR094W	31.7	13
1861060	4932.YGR073C	31.7	1
1862475	4932.YKL189W	31.7	6
1860829	4932.YGL117W	31.6	4
1864659	4932.YOR304C-A	31.6	1
1863417	4932.YMR056C	31.6	8
1863396	4932.YMR037C	31.6	3
1861237	4932.YGR237C	31.5	10
1860057	4932.YDR376W	31.5	8
1862281	4932.YKL010C	31.5	18
1862629	4932.YLL010C	31.5	7
1859270	4932.YCR001W	31.5	2
1864140	4932.YNR063W	31.5	9
1862745	4932.YLR055C	31.4	9
1860854	4932.YGL141W	31.4	12
1862774	4932.YLR084C	31.4	12
1863782	4932.YNL063W	31.4	3
1860008	4932.YDR333C	31.4	10
1862351	4932.YKL074C	31.3	6
1861080	4932.YGR093W	31.3	8
1859893	4932.YDR228C	31.2	8
1861414	4932.YHR044C	31.2	7
1864679	4932.YOR321W	31.2	14
1860357	4932.YER024W	31.1	12
1860281	4932.YEL036C	31.1	9
1863304	4932.YML090W	31.1	1
1863093	4932.YLR366W	31.0	1
1860293	4932.YEL048C	31.0	2
1861799	4932.YIL156W-A	31.0	1
1862385	4932.YKL105C	31.0	9
1859949	4932.YDR279W	30.9	6
1858895	4932.YBR027C	30.9	1
1859129	4932.YBR236C	30.9	5
1861062	4932.YGR075C	30.9	4
1861415	4932.YHR045W	30.9	8
1859749	4932.YDR097C	30.8	22
1863825	4932.YNL102W	30.8	22
1863400	4932.YMR041C	30.8	4
1862662	4932.YLL043W	30.8	5
1864206	4932.YOL047C	30.8	3
1862295	4932.YKL023C-A	30.8	1
1859951	4932.YDR281C	30.8	1
1865140	4932.YPR079W	30.8	4
1859595	4932.YDL200C	30.7	2
1863144	4932.YLR412W	30.7	4
1859872	4932.YDR210C-D	30.6	450
1859251	4932.YCL052C	30.6	7
1862038	4932.YJL163C	30.6	5
1859892	4932.YDR227W	30.6	16
1862735	4932.YLR045C	30.6	10
1860190	4932.YDR505C	30.6	10
1861590	4932.YHR195W	30.6	4
1859833	4932.YDR176W	30.5	7
1859530	4932.YDL139C	30.5	2
1860163	4932.YDR478W	30.5	2
1862320	4932.YKL046C	30.4	6
1859882	4932.YDR217C	30.4	22
1860661	4932.YFR017C	30.4	3
1864249	4932.YOL086W-A	30.4	1
1859430	4932.YDL045C	30.4	6
1861513	4932.YHR129C	30.4	3
1864721	4932.YOR359W	30.3	4
1859827	4932.YDR170W-A	30.3	64
1864554	4932.YOR201C	30.3	4
1858940	4932.YBR069C	30.3	5
1862999	4932.YLR283W	30.3	3
1862875	4932.YLR165C	30.3	4
1859894	4932.YDR229W	30.2	6
1863609	4932.YMR230W-A	30.2	1
1862029	4932.YJL155C	30.2	6
1864246	4932.YOL085C	30.2	2
1862693	4932.YLR004C	30.2	5
1864270	4932.YOL104C	30.1	3
1864125	4932.YNR048W	30.1	5
1860399	4932.YER059W	30.1	6
1861669	4932.YIL037C	30.1	9
1859154	4932.YBR260C	30.1	8
1861903	4932.YJL037W	30.1	3
1861949	4932.YJL079C	30.1	1
1864302	4932.YOL136C	30.0	8
1859195	4932.YBR299W	30.0	15
1861294	4932.YGR292W	30.0	15
1860288	4932.YEL043W	30.0	12
1862352	4932.YKL075C	30.0	3
1859712	4932.YDR061W	30.0	8
1858763	4932.YBL023C	30.0	14
1859202	4932.YCL002C	30.0	3
1859740	4932.YDR088C	30.0	3
1864059	4932.YNL327W	30.0	7
1859884	4932.YDR219C	29.9	7
1861183	4932.YGR184C	29.9	26
1864650	4932.YOR296W	29.9	17
1863777	4932.YNL057W	29.9	1
1863138	4932.YLR409C	29.9	15
1861297	4932.YGR295C	29.9	6
1862305	4932.YKL032C	29.9	3
1863373	4932.YMR016C	29.9	7
1863762	4932.YNL043C	29.8	1
1861006	4932.YGR026W	29.8	3
1863848	4932.YNL124W	29.8	3
1860716	4932.YGL007W	29.8	1
1862077	4932.YJL201W	29.8	7
1864545	4932.YOR192C-C	29.8	1
1861742	4932.YIL104C	29.7	7
1860994	4932.YGR014W	29.7	4
1859759	4932.YDR105C	29.7	3
1863883	4932.YNL155W	29.7	3
1861531	4932.YHR143W	29.6	2
1861610	4932.YHR213W	29.6	1
1859069	4932.YBR185C	29.6	3
1863082	4932.YLR358C	29.6	2
1859200	4932.YCL001W-A	29.6	2
1858868	4932.YBR002C	29.5	4
1862291	4932.YKL019W	29.5	4
1858778	4932.YBL037W	29.5	15
1861585	4932.YHR191C	29.5	2
1860217	4932.YDR527W	29.5	6
1860613	4932.YFL040W	29.5	4
1860863	4932.YGL150C	29.5	13
1862110	4932.YJR006W	29.4	6
1863648	4932.YMR267W	29.4	4
1860094	4932.YDR410C	29.3	3
1865217	4932.YPR152C	29.3	4
1859309	4932.YCR035C	29.3	9
1859774	4932.YDR119W	29.3	7
1863619	4932.YMR240C	29.3	5
1863603	4932.YMR225C	29.3	1
1863415	4932.YMR054W	29.3	15
1861293	4932.YGR291C	29.2	2
1864000	4932.YNL271C	29.2	22
1858630	4932.YAL014C	29.2	3
1860689	4932.YFR040W	29.2	16
1863982	4932.YNL253W	29.2	7
1861970	4932.YJL100W	29.2	13
1860982	4932.YGR002C	29.1	5
1864643	4932.YOR290C	29.1	21
1864706	4932.YOR344C	29.1	2
1865192	4932.YPR131C	29.0	2
1862160	4932.YJR055W	29.0	2
1859147	4932.YBR254C	29.0	1
1863789	4932.YNL068C	29.0	8
1863016	4932.YLR297W	29.0	1
1858953	4932.YBR081C	29.0	14
1860675	4932.YFR031C	29.0	14
1861462	4932.YHR079C-A	28.9	1
1858854	4932.YBL103C	28.9	6
1861197	4932.YGR198W	28.9	13
1864714	4932.YOR352W	28.9	6
1859182	4932.YBR288C	28.8	7
1861014	4932.YGR031W	28.7	5
1864859	4932.YPL096W	28.7	3
1860160	4932.YDR475C	28.7	10
1859653	4932.YDR007W	28.6	2
1861483	4932.YHR099W	28.6	56
1862172	4932.YJR067C	28.6	2
1860245	4932.YEL008W	28.5	1
1863068	4932.YLR345W	28.5	8
1862508	4932.YKL224C	28.5	4
1859778	4932.YDR122W	28.5	14
1859748	4932.YDR096W	28.5	9
1858983	4932.YBR108W	28.4	5
1859409	4932.YDL024C	28.4	5
1859651	4932.YDR005C	28.3	3
1863831	4932.YNL107W	28.3	4
1863870	4932.YNL144C	28.3	10
1864394	4932.YOR053W	28.3	2
1860121	4932.YDR437W	28.2	1
1863997	4932.YNL268W	28.2	7
1864807	4932.YPL045W	28.2	9
1863741	4932.YNL024C	28.1	2
1861220	4932.YGR220C	28.1	3
1862075	4932.YJL199C	28.1	1
1860989	4932.YGR009C	28.1	6
1863278	4932.YML065W	28.1	12
1860997	4932.YGR017W	28.1	4
1863199	4932.YLR465C	28.1	5
1864090	4932.YNR015W	28.0	5
1860338	4932.YER008C	28.0	17
1862922	4932.YLR212C	28.0	3
1862925	4932.YLR215C	27.9	5
1865084	4932.YPR025C	27.9	6
1864067	4932.YNL335W	27.9	9
1860634	4932.YFL061W	27.9	9
1862596	4932.YKR085C	27.9	1
1864151	4932.YNR074C	27.9	4
1864029	4932.YNL297C	27.9	24
1860382	4932.YER046W	27.8	2
1860095	4932.YDR411C	27.8	4
1861044	4932.YGR058W	27.8	3
1860005	4932.YDR330W	27.8	4
1863117	4932.YLR390W	27.8	2
1860841	4932.YGL128C	27.7	3
1861304	4932.YHL003C	27.7	6
1863085	4932.YLR361C	27.7	10
1862112	4932.YJR008W	27.6	5
1861238	4932.YGR238C	27.6	8
1859629	4932.YDL234C	27.6	7
1858679	4932.YAL053W	27.6	10
1864626	4932.YOR273C	27.5	7
1861351	4932.YHL043W	27.5	3
1861091	4932.YGR104C	27.5	3
1864882	4932.YPL119C	27.5	21
1865007	4932.YPL238C	27.5	1
1863019	4932.YLR299W	27.4	9
1863660	4932.YMR277W	27.4	9
1859300	4932.YCR026C	27.4	9
1860924	4932.YGL209W	27.4	2
1859117	4932.YBR226C	27.3	1
1860056	4932.YDR375C	27.3	6
1863256	4932.YML047C	27.3	2
1861955	4932.YJL085W	27.3	8
1861454	4932.YHR073W	27.3	10
1860579	4932.YFL012W-A	27.3	1
1863301	4932.YML087C	27.2	3
1861654	4932.YIL024C	27.2	2
1862334	4932.YKL059C	27.2	4
1863255	4932.YML046W	27.2	7
1863562	4932.YMR187C	27.1	6
1864016	4932.YNL284C-B	27.1	256
1858818	4932.YBL071W-A	27.1	1
1861724	4932.YIL088C	27.1	5
1861043	4932.YGR057C	27.0	4
1861387	4932.YHR022C	27.0	4
1861511	4932.YHR127W	27.0	3
1861565	4932.YHR175W	27.0	2
1862526	4932.YKR017C	26.9	4
1863221	4932.YML013W	26.9	7
1861653	4932.YIL023C	26.8	1
1858621	4932.YAL004W	26.8	2
1862238	4932.YJR132W	26.8	15
1863180	4932.YLR446W	26.8	3
1860761	4932.YGL050W	26.8	3
1864017	4932.YNL285W	26.8	2
1859769	4932.YDR115W	26.8	1
1860000	4932.YDR325W	26.7	10
1863745	4932.YNL027W	26.7	4
1863259	4932.YML049C	26.7	22
1860324	4932.YEL075W-A	26.7	4
1862373	4932.YKL096C-B	26.7	1
1858955	4932.YBR083W	26.7	4
1863730	4932.YNL013C	26.7	1
1862325	4932.YKL051W	26.7	4
1863482	4932.YMR118C	26.6	2
1863031	4932.YLR310C	26.6	16
1861485	4932.YHR101C	26.6	3
1860742	4932.YGL032C	26.6	1
1862289	4932.YKL018C-A	26.6	1
1860439	4932.YER088C	26.6	7
1862391	4932.YKL110C	26.5	5
1862769	4932.YLR079W	26.5	3
1864580	4932.YOR227W	26.4	13
1862442	4932.YKL159C	26.4	3
1859187	4932.YBR293W	26.4	4
1862136	4932.YJR031C	26.3	15
1859298	4932.YCR024C-B	26.3	1
1861346	4932.YHL038C	26.3	7
1863849	4932.YNL125C	26.3	6
1859109	4932.YBR220C	26.2	4
1859929	4932.YDR261C-D	26.2	474
1863177	4932.YLR443W	26.2	4
1859149	4932.YBR255W	26.2	8
1863626	4932.YMR245W	26.2	3
1860898	4932.YGL185C	26.2	4
1865269	4932.YPR194C	26.2	8
1863296	4932.YML082W	26.1	8
1863007	4932.YLR288C	26.1	7
1862322	4932.YKL048C	26.1	8
1861379	4932.YHR015W	26.1	6
1863123	4932.YLR396C	26.1	6
1859745	4932.YDR093W	26.0	18
1862661	4932.YLL042C	26.0	5
1859389	4932.YDL006W	26.0	4
1863994	4932.YNL265C	26.0	4
1863271	4932.YML058W-A	26.0	1
1859227	4932.YCL029C	25.9	4
1859676	4932.YDR029W	25.9	1
1862940	4932.YLR227W-B	25.9	465
1862020	4932.YJL146W	25.9	6
1863667	4932.YMR284W	25.9	8
1860044	4932.YDR365W-B	25.9	483
1861400	4932.YHR032W	25.9	5
1864095	4932.YNR020C	25.9	3
1858996	4932.YBR119W	25.8	3
1863750	4932.YNL032W	25.8	3
1863048	4932.YLR326W	25.8	1
1860498	4932.YER138C	25.7	501
1861433	4932.YHR058C	25.7	3
1863969	4932.YNL240C	25.7	6
1859455	4932.YDL069C	25.7	3
1863933	4932.YNL204C	25.7	4
1859212	4932.YCL014W	25.7	19
1859151	4932.YBR257W	25.7	3
1860951	4932.YGL235W	25.6	1
1862186	4932.YJR082C	25.6	2
1863634	4932.YMR253C	25.6	4
1858811	4932.YBL067C	25.6	9
1865030	4932.YPL257W-B	25.6	495
1859866	4932.YDR205W	25.6	7
1862753	4932.YLR063W	25.6	5
1861648	4932.YIL020C	25.5	3
1858698	4932.YAL067W-A	25.5	6
1862861	4932.YLR157C-B	25.5	492
1865200	4932.YPR137C-B	25.5	489
1863388	4932.YMR030W-A	25.4	1
1861468	4932.YHR085W	25.4	4
1863676	4932.YMR292W	25.4	2
1865224	4932.YPR158C-D	25.4	452
1860691	4932.YFR042W	25.4	3
1863573	4932.YMR195W	25.3	1
1865176	4932.YPR115W	25.3	13
1861460	4932.YHR078W	25.3	5
1861337	4932.YHL030W-A	25.3	1
1863477	4932.YMR113W	25.3	5
1863393	4932.YMR034C	25.3	3
1859609	4932.YDL214C	25.3	5
1859379	4932.YCR104W	25.3	4
1859492	4932.YDL104C	25.2	3
1865014	4932.YPL245W	25.2	6
1863358	4932.YMR003W	25.2	2
1863612	4932.YMR233W	25.2	2
1864873	4932.YPL110C	25.2	18
1859489	4932.YDL101C	25.2	5
1862213	4932.YJR108W	25.2	1
1864213	4932.YOL053W	25.2	4
1864423	4932.YOR079C	25.1	1
1860913	4932.YGL198W	25.1	2
1860734	4932.YGL024W	25.1	3
1862106	4932.YJR003C	25.1	5
1859166	4932.YBR272C	25.0	5
1859786	4932.YDR130C	25.0	2
1864928	4932.YPL162C	25.0	2
1860979	4932.YGL262W	24.9	2
1864495	4932.YOR149C	24.9	3
1862356	4932.YKL079W	24.9	7
1859764	4932.YDR110W	24.9	5
1863795	4932.YNL074C	24.9	5
1859659	4932.YDR013W	24.9	2
1863227	4932.YML019W	24.9	8
1864157	4932.YOL002C	24.9	2
1859123	4932.YBR231C	24.9	3
1865091	4932.YPR032W	24.9	11
1860423	4932.YER077C	24.8	7
1860230	4932.YDR540C	24.8	1
1865111	4932.YPR051W	24.8	2
1861770	4932.YIL130W	24.8	9
1862078	4932.YJL202C	24.8	1
1863362	4932.YMR007W	24.8	1
1863953	4932.YNL224C	24.7	6
1862618	4932.YKR106W	24.7	7
1860522	4932.YER157W	24.7	10
1858852	4932.YBL101C	24.7	13
1864054	4932.YNL322C	24.6	1
1860420	4932.YER075C	24.6	10
1865251	4932.YPR176C	24.6	7
1864207	4932.YOL048C	24.6	1
1861593	4932.YHR198C	24.6	3
1859230	4932.YCL032W	24.6	1
1861632	4932.YIL006W	24.6	2
1862132	4932.YJR027W	24.6	477
1862594	4932.YKR083C	24.6	1
1859668	4932.YDR021W	24.6	5
1863853	4932.YNL129W	24.6	3
1860541	4932.YER172C-A	24.5	2
1861076	4932.YGR089W	24.5	8
1864201	4932.YOL042W	24.5	4
1859768	4932.YDR114C	24.5	1
1864060	4932.YNL328C	24.4	2
1860957	4932.YGL241W	24.4	12
1862337	4932.YKL062W	24.4	6
1861954	4932.YJL084C	24.4	8
1861212	4932.YGR212W	24.4	5
1864598	4932.YOR245C	24.4	5
1865274	4932.YPR199C	24.4	2
1863893	4932.YNL164C	24.3	4
1864835	4932.YPL073C	24.3	3
1859091	4932.YBR202W	24.3	10
1862675	4932.YLL056C	24.3	2
1858976	4932.YBR102C	24.3	12
1860764	4932.YGL053W	24.3	3
1861912	4932.YJL047C	24.3	10
1858665	4932.YAL040C	24.3	4
1864079	4932.YNR004W	24.3	1
1861216	4932.YGR216C	24.3	5
1862807	4932.YLR116W	24.3	3
1860778	4932.YGL066W	24.2	23
1862737	4932.YLR047C	24.2	7
1863729	4932.YNL012W	24.2	8
1863521	4932.YMR153C-A	24.2	1
1859952	4932.YDR282C	24.1	7
1861680	4932.YIL047C	24.1	12
1864129	4932.YNR052C	24.1	5
1858844	4932.YBL096C	24.1	1
1861276	4932.YGR274C	24.1	9
1862684	4932.YLL065W	24.1	1
1862866	4932.YLR159C-A	24.0	1
1862857	4932.YLR156C-A	24.0	1
1862862	4932.YLR157C-C	24.0	1
1862850	4932.YLR154C-H	24.0	1
1858931	4932.YBR060C	24.0	7
1863896	4932.YNL167C	23.9	4
1863683	4932.YMR298W	23.9	1
1859637	4932.YDL241W	23.9	1
1863536	4932.YMR165C	23.9	7
1862967	4932.YLR254C	23.8	2
1863956	4932.YNL227C	23.8	5
1861001	4932.YGR021W	23.8	2
1861033	4932.YGR047C	23.8	13
1863248	4932.YML039W	23.8	484
1858945	4932.YBR073W	23.7	8
1865165	4932.YPR105C	23.7	11
1863334	4932.YML116W	23.7	2
1863549	4932.YMR175W-A	23.7	1
1861484	4932.YHR100C	23.7	2
1861325	4932.YHL019W-A	23.7	2
1863303	4932.YML089C	23.6	1
1862600	4932.YKR089C	23.6	9
1862139	4932.YJR034W	23.6	1
1863735	4932.YNL018C	23.6	6
1862771	4932.YLR081W	23.6	6
1864457	4932.YOR113W	23.6	7
1863490	4932.YMR124W	23.5	10
1861133	4932.YGR142W	23.5	4
1862107	4932.YJR004C	23.5	3
1863508	4932.YMR141C	23.5	1
1861012	4932.YGR030C	23.5	1
1859988	4932.YDR316W-B	23.5	473
1863843	4932.YNL119W	23.5	5
1862599	4932.YKR088C	23.5	4
1862196	4932.YJR092W	23.5	14
1858803	4932.YBL059W	23.4	2
1859561	4932.YDL167C	23.4	7
1860722	4932.YGL013C	23.4	10
1859472	4932.YDL085W	23.4	5
1859756	4932.YDR102C	23.4	1
1863073	4932.YLR349W	23.4	1
1863578	4932.YMR200W	23.4	2
1861117	4932.YGR126W	23.3	3
1862624	4932.YLL006W	23.3	6
1860874	4932.YGL161C	23.3	3
1861726	4932.YIL090W	23.2	5
1862262	4932.YJR154W	23.2	3
1862071	4932.YJL196C	23.2	3
1861023	4932.YGR038C-B	23.2	461
1860272	4932.YEL030C-A	23.2	1
1861334	4932.YHL028W	23.1	2
1864844	4932.YPL082C	23.1	20
1863272	4932.YML059C	23.1	20
1862516	4932.YKR007W	23.1	2
1863063	4932.YLR341W	23.0	5
1861009	4932.YGR027W-B	23.0	451
1860987	4932.YGR007W	23.0	3
1859981	4932.YDR311W	23.0	6
1858941	4932.YBR070C	23.0	3
1862249	4932.YJR141W	23.0	3
1861559	4932.YHR169W	23.0	5
1860592	4932.YFL021W	22.9	3
1863778	4932.YNL058C	22.9	2
1861291	4932.YGR289C	22.9	3
1863594	4932.YMR216C	22.9	7
1858709	4932.YAR014C	22.9	6
1862275	4932.YKL005C	22.8	5
1860039	4932.YDR363W	22.8	3
1865227	4932.YPR158W-B	22.8	470
1860648	4932.YFR007W	22.8	4
1863657	4932.YMR274C	22.8	3
1858848	4932.YBL100C	22.7	1
1861854	4932.YIR030W-A	22.7	2
1863797	4932.YNL076W	22.7	3
1859535	4932.YDL144C	22.6	4
1864989	4932.YPL221W	22.6	9
1864065	4932.YNL333W	22.6	8
1860632	4932.YFL059W	22.6	8
1859986	4932.YDR316W	22.6	4
1861224	4932.YGR224W	22.6	3
1860438	4932.YER087W	22.6	7
1863785	4932.YNL066W	22.6	3
1861392	4932.YHR026W	22.6	2
1861938	4932.YJL070C	22.6	9
1864521	4932.YOR172W	22.6	7
1860226	4932.YDR536W	22.5	3
1859655	4932.YDR009W	22.5	12
1859869	4932.YDR208W	22.4	7
1859260	4932.YCL061C	22.4	9
1862657	4932.YLL038C	22.4	2
1862134	4932.YJR029W	22.4	458
1864258	4932.YOL095C	22.4	6
1864385	4932.YOR044W	22.4	1
1861796	4932.YIL154C	22.4	2
1859664	4932.YDR017C	22.3	8
1862301	4932.YKL028W	22.3	5
1861581	4932.YHR187W	22.3	4
1859302	4932.YCR028C	22.3	3
1862068	4932.YJL193W	22.3	4
1864808	4932.YPL046C	22.3	1
1862501	4932.YKL217W	22.3	6
1865057	4932.YPR001W	22.2	7
1862806	4932.YLR115W	22.2	9
1859392	4932.YDL008W	22.2	2
1863475	4932.YMR111C	22.2	5
1859752	4932.YDR098C-B	22.2	452
1860306	4932.YEL059C-A	22.2	1
1860337	4932.YER007W	22.1	3
1864498	4932.YOR152C	22.1	2
1862694	4932.YLR005W	22.1	5
1861982	4932.YJL112W	22.1	7
1860783	4932.YGL071W	22.1	4
1860035	4932.YDR359C	22.1	8
1864949	4932.YPL183C	22.1	12
1860852	4932.YGL139W	22.0	6
1863632	4932.YMR251W-A	22.0	1
1860776	4932.YGL064C	22.0	6
1864104	4932.YNR029C	22.0	5
1859789	4932.YDR133C	22.0	1
1860013	4932.YDR338C	22.0	3
1859029	4932.YBR147W	22.0	1
1863814	4932.YNL093W	22.0	3
1861613	4932.YHR214C-B	21.9	433
1860227	4932.YDR537C	21.9	2
1858675	4932.YAL047W-A	21.9	1
1861196	4932.YGR197C	21.9	5
1863000	4932.YLR284C	21.9	3
1859315	4932.YCR040W	21.8	3
1859264	4932.YCL066W	21.8	3
1861629	4932.YIL003W	21.8	4
1859240	4932.YCL042W	21.8	2
1863410	4932.YMR050C	21.8	463
1862104	4932.YJR001W	21.8	5
1863928	4932.YNL199C	21.7	2
1860354	4932.YER022W	21.7	7
1864927	4932.YPL161C	21.7	9
1864817	4932.YPL055C	21.7	4
1863542	4932.YMR171C	21.7	6
1858935	4932.YBR064W	21.7	1
1863226	4932.YML018C	21.6	3
1862390	4932.YKL109W	21.6	4
1859904	4932.YDR239C	21.6	8
1863737	4932.YNL020C	21.6	5
1862937	4932.YLR226W	21.6	4
1858985	4932.YBR109W-A	21.6	1
1864448	4932.YOR105W	21.6	3
1860180	4932.YDR495C	21.6	8
1864132	4932.YNR055C	21.6	2
1862974	4932.YLR260W	21.6	6
1862138	4932.YJR033C	21.6	15
1861855	4932.YIR031C	21.5	6
1860546	4932.YER176W	21.5	11
1860299	4932.YEL053C	21.5	7
1859371	4932.YCR097W	21.5	4
1862622	4932.YLL004W	21.5	9
1863253	4932.YML045W	21.5	437
1863639	4932.YMR258C	21.5	5
1861200	4932.YGR201C	21.4	2
1860763	4932.YGL052W	21.4	1
1865002	4932.YPL233W	21.4	3
1863039	4932.YLR317W	21.4	1
1863556	4932.YMR182C	21.4	1
1859967	4932.YDR297W	21.4	4
1864982	4932.YPL214C	21.4	6
1862109	4932.YJR005W	21.4	10
1864628	4932.YOR275C	21.3	6
1861794	4932.YIL152W	21.3	2
1865142	4932.YPR081C	21.3	6
1859843	4932.YDR183W	21.3	3
1864488	4932.YOR142W-B	21.3	454
1861459	4932.YHR077C	21.3	8
1863769	4932.YNL050C	21.3	2
1863640	4932.YMR259C	21.3	16
1860415	4932.YER071C	21.3	2
1863289	4932.YML076C	21.3	8
1859454	4932.YDL068W	21.2	1
1862721	4932.YLR032W	21.2	8
1859078	4932.YBR193C	21.2	1
1865059	4932.YPR002W	21.2	5
1863770	4932.YNL051W	21.2	5
1863884	4932.YNL156C	21.2	3
1860001	4932.YDR326C	21.2	12
1862470	4932.YKL184W	21.1	5
1863174	4932.YLR440C	21.1	8
1864744	4932.YOR381W	21.1	2
1860500	4932.YER139C	21.1	2
1863599	4932.YMR221C	21.0	6
1860083	4932.YDR400W	21.0	3
1860126	4932.YDR442W	21.0	1
1864482	4932.YOR138C	20.9	6
1863746	4932.YNL028W	20.9	1
1860619	4932.YFL046W	20.9	1
1862364	4932.YKL087C	20.9	2
1858704	4932.YAR003W	20.9	5
1861926	4932.YJL059W	20.8	1
1861929	4932.YJL062W	20.8	5
1859420	4932.YDL034W	20.8	1
1861322	4932.YHL017W	20.8	3
1863665	4932.YMR282C	20.8	5
1860785	4932.YGL073W	20.7	5
1859809	4932.YDR154C	20.7	1
1858676	4932.YAL048C	20.7	9
1861367	4932.YHR005C	20.7	5
1863793	4932.YNL072W	20.7	3
1859386	4932.YDL003W	20.6	5
1865175	4932.YPR114W	20.6	3
1864896	4932.YPL132W	20.6	3
1864264	4932.YOL100W	20.6	9
1864806	4932.YPL044C	20.6	1
1859478	4932.YDL090C	20.6	3
1861847	4932.YIR024C	20.5	2
1861509	4932.YHR125W	20.5	1
1859319	4932.YCR044C	20.5	2
1861002	4932.YGR022C	20.5	1
1862761	4932.YLR071C	20.4	13
1859742	4932.YDR090C	20.4	1
1863662	4932.YMR279C	20.4	2
1860027	4932.YDR352W	20.4	7
1863197	4932.YLR463C	20.4	3
1860867	4932.YGL154C	20.4	2
1860664	4932.YFR020W	20.4	1
1864281	4932.YOL115W	20.3	6
1860061	4932.YDR379W	20.3	8
1864961	4932.YPL193W	20.2	3
1863251	4932.YML042W	20.2	6
1864454	4932.YOR110W	20.2	4
1863752	4932.YNL034W	20.1	6
1860527	4932.YER160C	20.1	445
1859342	4932.YCR069W	20.1	4
1860733	4932.YGL023C	20.1	4
1860174	4932.YDR489W	20.1	3
1862941	4932.YLR228C	20.1	4
1862381	4932.YKL101W	20.1	11
1863087	4932.YLR362W	20.0	6
1859909	4932.YDR244W	20.0	6
1861258	4932.YGR257C	20.0	3
1864969	4932.YPL201C	20.0	3
1863840	4932.YNL116W	20.0	3
1859119	4932.YBR228W	19.9	2
1862796	4932.YLR105C	19.9	3
1859861	4932.YDR200C	19.9	4
1859490	4932.YDL102W	19.9	11
1862205	4932.YJR100C	19.9	3
1864476	4932.YOR132W	19.9	5
1859761	4932.YDR107C	19.8	7
1859424	4932.YDL039C	19.8	1
1864094	4932.YNR019W	19.8	4
1862945	4932.YLR232W	19.8	1
1859945	4932.YDR275W	19.8	2
1863987	4932.YNL258C	19.7	7
1864458	4932.YOR114W	19.7	3
1863758	4932.YNL040W	19.7	5
1863484	4932.YMR119W-A	19.7	1
1864595	4932.YOR242C	19.7	4
1858666	4932.YAL041W	19.7	7
1860381	4932.YER045C	19.7	3
1860231	4932.YDR541C	19.6	3
1860938	4932.YGL223C	19.6	3
1862195	4932.YJR091C	19.6	5
1861636	4932.YIL009W	19.6	9
1860796	4932.YGL084C	19.5	6
1860784	4932.YGL072C	19.5	1
1859971	4932.YDR301W	19.5	11
1862776	4932.YLR086W	19.5	12
1862647	4932.YLL028W	19.5	4
1862270	4932.YJR162C	19.4	1
1863158	4932.YLR426W	19.4	3
1864427	4932.YOR083W	19.4	3
1862951	4932.YLR238W	19.4	3
1862650	4932.YLL031C	19.4	8
1863450	4932.YMR087W	19.4	2
1861714	4932.YIL077C	19.3	2
1860772	4932.YGL061C	19.3	1
1862670	4932.YLL051C	19.3	6
1861155	4932.YGR161C-D	19.3	441
1858833	4932.YBL086C	19.3	5
1864085	4932.YNR010W	19.2	2
1864775	4932.YPL014W	19.2	2
1861538	4932.YHR149C	19.2	4
1861118	4932.YGR127W	19.2	3
1861884	4932.YJL019W	19.2	5
1861872	4932.YJL005W	19.2	17
1859700	4932.YDR049W	19.1	5
1861056	4932.YGR069W	19.1	1
1858837	4932.YBL090W	19.1	1
1858880	4932.YBR012W-B	19.1	430
1859475	4932.YDL087C	19.1	2
1861808	4932.YIL164C	19.1	2
1859463	4932.YDL077C	19.1	9
1861589	4932.YHR194W	19.0	3
1864735	4932.YOR373W	19.0	5
1861540	4932.YHR151C	19.0	3
1860424	4932.YER078C	19.0	4
1863751	4932.YNL033W	19.0	2
1863736	4932.YNL019C	19.0	2
1859612	4932.YDL217C	18.9	2
1858684	4932.YAL058W	18.9	4
1863734	4932.YNL017C	18.9	1
1859795	4932.YDR140W	18.9	2
1864831	4932.YPL069C	18.9	4
1863260	4932.YML050W	18.8	3
1862767	4932.YLR077W	18.8	4
1861642	4932.YIL014W	18.8	4
1860856	4932.YGL143C	18.8	2
1862142	4932.YJR037W	18.7	1
1861259	4932.YGR258C	18.7	10
1858841	4932.YBL093C	18.7	1
1864749	4932.YOR385W	18.7	1
1862782	4932.YLR092W	18.7	4
1863209	4932.YML005W	18.7	4
1859556	4932.YDL162C	18.6	1
1863390	4932.YMR031W-A	18.6	1
1861769	4932.YIL129C	18.6	22
1864006	4932.YNL277W	18.5	4
1858845	4932.YBL097W	18.5	5
1861247	4932.YGR246C	18.5	4
1861984	4932.YJL114W	18.5	2
1859956	4932.YDR286C	18.5	1
1864282	4932.YOL116W	18.5	3
1860873	4932.YGL160W	18.4	4
1862954	4932.YLR241W	18.4	7
1859689	4932.YDR038C	18.4	29
1859341	4932.YCR068W	18.4	3
1858720	4932.YAR031W	18.4	3
1861410	4932.YHR040W	18.4	3
1864028	4932.YNL296W	18.4	1
1859501	4932.YDL113C	18.4	4
1861781	4932.YIL140W	18.4	7
1861716	4932.YIL079C	18.4	3
1863498	4932.YMR132C	18.3	2
1862822	4932.YLR130C	18.3	2
1859494	4932.YDL106C	18.3	3
1863955	4932.YNL226W	18.3	1
1859690	4932.YDR039C	18.3	29
1861332	4932.YHL026C	18.3	2
1859727	4932.YDR076W	18.3	3
1859732	4932.YDR080W	18.2	11
1860375	4932.YER040W	18.2	4
1863610	4932.YMR231W	18.2	9
1863329	4932.YML111W	18.2	6
1864191	4932.YOL033W	18.2	3
1861908	4932.YJL043W	18.1	2
1864976	4932.YPL208W	18.1	4
1863577	4932.YMR199W	18.1	4
1864826	4932.YPL064C	18.1	2
1861469	4932.YHR086W	18.1	3
1859978	4932.YDR308C	18.0	1
1865115	4932.YPR055W	18.0	8
1863812	4932.YNL091W	18.0	7
1864632	4932.YOR279C	18.0	3
1865005	4932.YPL236C	18.0	4
1861099	4932.YGR110W	18.0	3
1859174	4932.YBR280C	18.0	6
1863587	4932.YMR209C	18.0	5
1860072	4932.YDR389W	17.9	4
1860942	4932.YGL226W	17.9	1
1860822	4932.YGL110C	17.9	3
1863133	4932.YLR405W	17.9	4
1864238	4932.YOL078W	17.9	9
1865254	4932.YPR179C	17.9	6
1862346	4932.YKL069W	17.9	2
1858855	4932.YBL104C	17.8	8
1864757	4932.YOR393W	17.8	14
1865052	4932.YPL281C	17.8	14
1862832	4932.YLR140W	17.8	2
1860304	4932.YEL057C	17.8	2
1859691	4932.YDR040C	17.8	27
1859941	4932.YDR271C	17.7	1
1860119	4932.YDR435C	17.7	3
1863387	4932.YMR030W	17.7	3
1860402	4932.YER061C	17.7	3
1860311	4932.YEL063C	17.7	4
1862397	4932.YKL116C	17.6	5
1861451	4932.YHR072W	17.6	6
1860710	4932.YGL003C	17.6	5
1864772	4932.YPL011C	17.6	3
1861745	4932.YIL106W	17.6	3
1864734	4932.YOR372C	17.6	2
1861567	4932.YHR176W	17.5	4
1860474	4932.YER118C	17.5	2
1863427	4932.YMR066W	17.5	7
1862015	4932.YJL141C	17.5	6
1858856	4932.YBL105C	17.5	9
1859143	4932.YBR250W	17.5	4
1865150	4932.YPR089W	17.5	7
1860201	4932.YDR515W	17.5	3
1860793	4932.YGL081W	17.5	3
1859171	4932.YBR277C	17.5	1
1865234	4932.YPR162C	17.5	5
1861895	4932.YJL029C	17.5	6
1858713	4932.YAR019W-A	17.5	1
1860927	4932.YGL212W	17.4	2
1863700	4932.YMR312W	17.4	2
1859067	4932.YBR183W	17.4	2
1860583	4932.YFL015C	17.4	2
1865025	4932.YPL254W	17.4	4
1861805	4932.YIL161W	17.4	1
1862755	4932.YLR065C	17.3	1
1864485	4932.YOR141C	17.3	5
1865071	4932.YPR013C	17.3	2
1861364	4932.YHR002W	17.3	3
1861253	4932.YGR252W	17.3	3
1864231	4932.YOL071W	17.3	1
1863404	4932.YMR045C	17.2	205
1862406	4932.YKL125W	17.1	4
1863192	4932.YLR458W	17.1	2
1861759	4932.YIL119C	17.1	2
1862920	4932.YLR210W	17.1	3
1862487	4932.YKL203C	17.1	23
1863923	4932.YNL194C	17.1	2
1864338	4932.YOR003W	17.1	3
1861910	4932.YJL045W	17.0	10
1863365	4932.YMR010W	17.0	3
1863523	4932.YMR154C	17.0	6
1864750	4932.YOR386W	17.0	5
1862762	4932.YLR072W	16.9	10
1861190	4932.YGR191W	16.9	3
1864447	4932.YOR104W	16.9	2
1858723	4932.YAR035W	16.9	6
1861951	4932.YJL081C	16.8	3
1863408	4932.YMR048W	16.8	2
1863861	4932.YNL136W	16.8	1
1865038	4932.YPL265W	16.8	4
1858809	4932.YBL065W	16.8	1
1862966	4932.YLR253W	16.8	4
1863206	4932.YML002W	16.7	7
1859839	4932.YDR181C	16.7	4
1859077	4932.YBR192W	16.7	3
1862626	4932.YLL007C	16.6	6
1860046	4932.YDR367W	16.6	1
1864656	4932.YOR301W	16.6	4
1862432	4932.YKL149C	16.6	4
1862230	4932.YJR124C	16.6	2
1861331	4932.YHL025W	16.6	1
1864273	4932.YOL107W	16.6	3
1864977	4932.YPL209C	16.5	3
1858743	4932.YBL005W-B	16.5	180
1860912	4932.YGL197W	16.5	11
1858789	4932.YBL046W	16.4	4
1859667	4932.YDR020C	16.4	2
1864494	4932.YOR148C	16.4	2
1863887	4932.YNL159C	16.4	1
1863714	4932.YMR323W	16.4	14
1864450	4932.YOR107W	16.4	2
1862859	4932.YLR157C	16.4	6
1862856	4932.YLR155C	16.4	6
1862868	4932.YLR160C	16.4	6
1862865	4932.YLR158C	16.4	6
1859569	4932.YDL175C	16.4	2
1861533	4932.YHR144C	16.4	3
1858797	4932.YBL054W	16.3	4
1863302	4932.YML088W	16.3	4
1861580	4932.YHR186C	16.3	11
1858813	4932.YBL068W-A	16.3	2
1859613	4932.YDL218W	16.2	2
1859014	4932.YBR133C	16.2	7
1862678	4932.YLL059C	16.2	2
1859728	4932.YDR077W	16.2	1
1859549	4932.YDL158C	16.1	1
1863418	4932.YMR057C	16.1	2
1862086	4932.YJL210W	16.1	3
1863710	4932.YMR319C	16.1	3
1861264	4932.YGR263C	16.1	4
1864046	4932.YNL314W	16.0	1
1863921	4932.YNL192W	16.0	7
1864585	4932.YOR231W	16.0	2
1863121	4932.YLR394W	16.0	4
1859766	4932.YDR112W	15.9	1
1860224	4932.YDR534C	15.9	2
1860933	4932.YGL218W	15.9	1
1861682	4932.YIL048W	15.9	8
1863544	4932.YMR172W	15.8	2
1860106	4932.YDR422C	15.8	6
1865085	4932.YPR026W	15.8	8
1859301	4932.YCR027C	15.8	2
1862492	4932.YKL208W	15.8	1
1859333	4932.YCR059C	15.8	1
1860622	4932.YFL049W	15.8	4
1859125	4932.YBR233W	15.7	2
1862547	4932.YKR037C	15.7	2
1863525	4932.YMR156C	15.7	2
1860033	4932.YDR357C	15.7	1
1859204	4932.YCL005W	15.7	1
1861041	4932.YGR055W	15.6	3
1860258	4932.YEL018W	15.6	2
1859135	4932.YBR242W	15.6	2
1862666	4932.YLL047W	15.6	1
1859003	4932.YBR125C	15.5	4
1861256	4932.YGR255C	15.5	4
1862083	4932.YJL207C	15.5	18
1861403	4932.YHR034C	15.5	2
1861911	4932.YJL046W	15.5	3
1859767	4932.YDR113C	15.5	2
1861550	4932.YHR161C	15.4	2
1864222	4932.YOL062C	15.4	5
1860963	4932.YGL247W	15.4	1
1864356	4932.YOR018W	15.4	7
1864363	4932.YOR024W	15.4	1
1862212	4932.YJR107W	15.4	3
1860448	4932.YER093C	15.4	8
1860142	4932.YDR458C	15.3	5
1864931	4932.YPL165C	15.3	3
1865246	4932.YPR171W	15.3	3
1861856	4932.YIR032C	15.3	2
1863413	4932.YMR052W	15.3	1
1864103	4932.YNR028W	15.3	2
1859221	4932.YCL024W	15.3	7
1861330	4932.YHL024W	15.3	3
1864420	4932.YOR076C	15.3	5
1859639	4932.YDL243C	15.3	6
1864999	4932.YPL230W	15.2	20
1864943	4932.YPL177C	15.2	2
1863868	4932.YNL142W	15.2	2
1864462	4932.YOR118W	15.2	5
1860574	4932.YFL009W	15.2	6
1860150	4932.YDR464W	15.2	6
1863045	4932.YLR323C	15.1	1
1861522	4932.YHR136C	15.1	1
1862319	4932.YKL045W	15.1	3
1862785	4932.YLR095C	15.1	4
1862485	4932.YKL201C	15.0	6
1863022	4932.YLR302C	15.0	1
1861873	4932.YJL006C	15.0	3
1860447	4932.YER092W	15.0	1
1864832	4932.YPL070W	15.0	5
1862151	4932.YJR046W	15.0	6
1863502	4932.YMR135W-A	14.9	1
1863218	4932.YML011C	14.9	1
1862853	4932.YLR154W-C	14.9	1
1863930	4932.YNL201C	14.9	6
1860986	4932.YGR006W	14.9	2
1861945	4932.YJL077C	14.8	2
1863656	4932.YMR273C	14.8	4
1860687	4932.YFR038W	14.8	5
1859186	4932.YBR292C	14.8	2
1862870	4932.YLR162W	14.8	1
1859625	4932.YDL230W	14.8	3
1864951	4932.YPL184C	14.8	3
1858783	4932.YBL040C	14.8	2
1862187	4932.YJR083C	14.8	2
1859021	4932.YBR140C	14.7	18
1862839	4932.YLR146W-A	14.7	1
1861757	4932.YIL117C	14.7	1
1860210	4932.YDR524C	14.7	2
1861030	4932.YGR044C	14.7	2
1862323	4932.YKL049C	14.7	1
1864137	4932.YNR060W	14.6	5
1863991	4932.YNL262W	14.6	13
1863773	4932.YNL054W	14.6	3
1862747	4932.YLR057W	14.6	5
1859268	4932.YCL073C	14.6	5
1864116	4932.YNR039C	14.6	2
1863978	4932.YNL249C	14.6	3
1861749	4932.YIL110W	14.5	3
1859836	4932.YDR179C	14.5	1
1864836	4932.YPL074W	14.5	6
1859524	4932.YDL133W	14.5	4
1862601	4932.YKR090W	14.5	4
1863876	4932.YNL148C	14.5	1
1858934	4932.YBR063C	14.5	2
1860551	4932.YER180C-A	14.5	1
1859830	4932.YDR173C	14.5	5
1863237	4932.YML029W	14.5	6
1863402	4932.YMR043W	14.5	1
1859846	4932.YDR186C	14.5	4
1863582	4932.YMR204C	14.4	2
1859925	4932.YDR259C	14.4	2
1861561	4932.YHR171W	14.4	5
1862611	4932.YKR099W	14.4	4
1860475	4932.YER119C	14.4	3
1859844	4932.YDR184C	14.4	2
1864113	4932.YNR036C	14.3	1
1860709	4932.YGL002W	14.3	2
1862901	4932.YLR191W	14.3	2
1858936	4932.YBR065C	14.3	2
1864043	4932.YNL311C	14.3	6
1860977	4932.YGL260W	14.3	5
1860695	4932.YFR046C	14.3	3
1859311	4932.YCR037C	14.2	4
1863602	4932.YMR224C	14.2	3
1864068	4932.YNL336W	14.2	5
1861487	4932.YHR103W	14.1	6
1864108	4932.YNR032W	14.1	2
1860993	4932.YGR013W	14.1	4
1864680	4932.YOR322C	14.1	3
1864884	4932.YPL120W	14.1	4
1860598	4932.YFL027C	14.1	3
1860697	4932.YFR048W	14.1	6
1860259	4932.YEL019C	14.1	1
1864867	4932.YPL104W	14.0	6
1864012	4932.YNL282W	14.0	1
1863901	4932.YNL172W	14.0	10
1861543	4932.YHR154W	14.0	6
1859724	4932.YDR073W	14.0	2
1862095	4932.YJL219W	14.0	7
1861039	4932.YGR053C	14.0	2
1864267	4932.YOL103W	14.0	2
1861289	4932.YGR287C	13.9	6
1862531	4932.YKR022C	13.8	1
1864341	4932.YOR006C	13.8	2
1864649	4932.YOR295W	13.8	1
1861436	4932.YHR061C	13.8	2
1860677	4932.YFR032C	13.8	1
1863546	4932.YMR173W-A	13.7	1
1859317	4932.YCR042C	13.7	8
1859276	4932.YCR007C	13.7	2
1858688	4932.YAL061W	13.6	1
1863962	4932.YNL233W	13.6	5
1862573	4932.YKR063C	13.6	3
1860907	4932.YGL193C	13.6	1
1863605	4932.YMR227C	13.6	2
1859126	4932.YBR233W-A	13.5	1
1862880	4932.YLR170C	13.5	2
1865177	4932.YPR116W	13.5	2
1861314	4932.YHL010C	13.5	3
1861430	4932.YHR056C	13.5	4
1864037	4932.YNL305C	13.5	2
1859084	4932.YBR197C	13.5	1
1865102	4932.YPR042C	13.5	3
1864698	4932.YOR338W	13.4	5
1859318	4932.YCR043C	13.4	1
1865204	4932.YPR140W	13.4	2
1863507	4932.YMR140W	13.4	4
1864872	4932.YPL109C	13.4	4
1858966	4932.YBR091C	13.4	1
1861052	4932.YGR066C	13.4	1
1863223	4932.YML015C	13.4	2
1863377	4932.YMR020W	13.3	4
1859146	4932.YBR253W	13.3	1
1865160	4932.YPR100W	13.3	1
1862579	4932.YKR069W	13.3	3
1864428	4932.YOR084W	13.3	3
1863246	4932.YML037C	13.2	1
1864556	4932.YOR203W	13.2	1
1862282	4932.YKL011C	13.2	2
1861941	4932.YJL073W	13.2	4
1861084	4932.YGR097W	13.2	7
1864377	4932.YOR036W	13.2	1
1861819	4932.YIR002C	13.2	6
1863112	4932.YLR385C	13.1	1
1861780	4932.YIL139C	13.1	2
1864041	4932.YNL309W	13.1	2
1858839	4932.YBL091C-A	13.1	1
1859574	4932.YDL180W	13.1	2
1861658	4932.YIL028W	13.1	1
1864290	4932.YOL124C	13.1	2
1860795	4932.YGL083W	13.1	6
1861776	4932.YIL135C	13.1	2
1865225	4932.YPR158W	13.1	2
1861236	4932.YGR236C	13.1	1
1860839	4932.YGL126W	13.1	2
1858858	4932.YBL107C	13.0	1
1859050	4932.YBR167C	13.0	1
1858792	4932.YBL049W	13.0	1
1864168	4932.YOL013C	13.0	2
1860819	4932.YGL107C	13.0	4
1862754	4932.YLR064W	12.9	3
1859821	4932.YDR166C	12.9	11
1864849	4932.YPL087W	12.9	2
1859697	4932.YDR046C	12.9	3
1864440	4932.YOR097C	12.9	1
1862799	4932.YLR108C	12.9	3
1860124	4932.YDR440W	12.9	3
1860949	4932.YGL233W	12.9	5
1865086	4932.YPR027C	12.9	2
1859718	4932.YDR067C	12.9	1
1858707	4932.YAR009C	12.9	138
1861324	4932.YHL019C	12.9	3
1864886	4932.YPL122C	12.8	4
1859792	4932.YDR137W	12.8	3
1864411	4932.YOR070C	12.8	5
1861274	4932.YGR271W	12.8	17
1861795	4932.YIL153W	12.8	2
1860655	4932.YFR012W	12.8	1
1863229	4932.YML021C	12.7	2
1861548	4932.YHR159W	12.7	2
1859652	4932.YDR006C	12.7	4
1864715	4932.YOR353C	12.7	5
1860566	4932.YFL002C	12.7	4
1863878	4932.YNL150W	12.6	1
1862540	4932.YKR031C	12.6	12
1858904	4932.YBR036C	12.6	2
1864902	4932.YPL137C	12.6	9
1861285	4932.YGR283C	12.6	2
1860872	4932.YGL159W	12.6	2
1864405	4932.YOR064C	12.6	1
1861789	4932.YIL147C	12.5	7
1860805	4932.YGL093W	12.5	3
1862339	4932.YKL064W	12.5	4
1862704	4932.YLR015W	12.4	3
1863235	4932.YML027W	12.4	2
1865236	4932.YPR164W	12.4	9
1861530	4932.YHR142W	12.4	3
1863403	4932.YMR044W	12.4	2
1864259	4932.YOL096C	12.4	2
1863274	4932.YML061C	12.4	8
1864953	4932.YPL186C	12.4	1
1862602	4932.YKR091W	12.3	1
1861558	4932.YHR168W	12.3	2
1860127	4932.YDR443C	12.3	6
1861915	4932.YJL049W	12.3	2
1860692	4932.YFR043C	12.3	1
1861732	4932.YIL096C	12.3	1
1861333	4932.YHL027W	12.3	4
1860241	4932.YEL005C	12.3	1
1863439	4932.YMR077C	12.2	1
1864591	4932.YOR237W	12.2	2
1861939	4932.YJL071W	12.2	3
1862036	4932.YJL161W	12.2	1
1862953	4932.YLR240W	12.2	4
1862157	4932.YJR052W	12.2	2
1863457	4932.YMR094W	12.2	3
1861803	4932.YIL159W	12.2	5
1858631	4932.YAL015C	12.2	2
1860457	4932.YER101C	12.1	4
1864176	4932.YOL019W	12.1	3
1862043	4932.YJL168C	12.1	4
1863458	4932.YMR095C	12.1	1
1863194	4932.YLR460C	12.1	7
1860209	4932.YDR523C	12.1	1
1863756	4932.YNL038W	12.1	1
1864686	4932.YOR328W	12.1	12
1864449	4932.YOR106W	12.1	1
1865222	4932.YPR157W	12.0	3
1864672	4932.YOR315W	12.0	3
1864229	4932.YOL069W	12.0	3
1864538	4932.YOR188W	12.0	5
1859062	4932.YBR179C	12.0	6
1862006	4932.YJL133W	12.0	1
1862194	4932.YJR090C	12.0	5
1861965	4932.YJL095W	12.0	7
1862651	4932.YLL032C	12.0	5
1864087	4932.YNR012W	12.0	3
1861198	4932.YGR199W	11.9	6
1864776	4932.YPL015C	11.9	2
1864435	4932.YOR092W	11.9	4
1865010	4932.YPL241C	11.8	1
1858973	4932.YBR098W	11.8	3
1862590	4932.YKR079C	11.8	6
1863576	4932.YMR198W	11.8	3
1861871	4932.YJL004C	11.8	1
1861703	4932.YIL068C	11.8	6
1864622	4932.YOR269W	11.8	3
1858828	4932.YBL081W	11.8	1
1864644	4932.YOR291W	11.7	9
1864567	4932.YOR214C	11.7	1
1860175	4932.YDR490C	11.7	5
1861964	4932.YJL094C	11.7	2
1862810	4932.YLR119W	11.6	1
1860004	4932.YDR329C	11.6	2
1864245	4932.YOL084W	11.6	5
1862369	4932.YKL092C	11.6	7
1858618	4932.YAL001C	11.6	5
1860616	4932.YFL042C	11.5	5
1861261	4932.YGR260W	11.5	4
1860635	4932.YFL062W	11.5	4
1859648	4932.YDR003W	11.5	1
1863747	4932.YNL029C	11.5	3
1863740	4932.YNL023C	11.5	5
1864654	4932.YOR299W	11.5	4
1858860	4932.YBL108C-A	11.4	2
1864361	4932.YOR022C	11.4	4
1860154	4932.YDR468C	11.3	1
1858810	4932.YBL066C	11.3	6
1858861	4932.YBL108W	11.3	5
1860486	4932.YER129W	11.3	8
1863100	4932.YLR373C	11.3	5
1863512	4932.YMR144W	11.3	1
1864615	4932.YOR262W	11.3	2
1863029	4932.YLR308W	11.3	2
1864710	4932.YOR348C	11.3	3
1860719	4932.YGL010W	11.2	1
1862288	4932.YKL017C	11.2	5
1859370	4932.YCR096C	11.2	1
1864801	4932.YPL039W	11.2	1
1861785	4932.YIL143C	11.2	5
1862887	4932.YLR177W	11.2	4
1861113	4932.YGR122W	11.1	2
1865205	4932.YPR141C	11.1	3
1863664	4932.YMR281W	11.1	2
1862388	4932.YKL107W	11.1	1
1864109	4932.YNR033W	11.1	5
1861546	4932.YHR157W	11.1	1
1863996	4932.YNL267W	11.1	6
1861335	4932.YHL029C	11.1	3
1862994	4932.YLR278C	11.1	4
1859923	4932.YDR257C	11.1	2
1864755	4932.YOR391C	11.0	3
1863713	4932.YMR322C	11.0	3
1865051	4932.YPL280W	11.0	3
1863295	4932.YML081W	11.0	6
1861846	4932.YIR023W	11.0	3
1861857	4932.YIR033W	11.0	3
1865097	4932.YPR037C	11.0	1
1864687	4932.YOR329C	11.0	3
1859907	4932.YDR242W	11.0	3
1860797	4932.YGL085W	11.0	1
1864226	4932.YOL066C	11.0	2
1859717	4932.YDR066C	11.0	1
1861838	4932.YIR019C	10.9	1
1864471	4932.YOR127W	10.9	4
1863026	4932.YLR306W	10.9	1
1859335	4932.YCR061W	10.9	2
1862955	4932.YLR242C	10.9	1
1861923	4932.YJL056C	10.9	2
1862709	4932.YLR020C	10.9	3
1859100	4932.YBR211C	10.8	2
1859299	4932.YCR025C	10.8	1
1864409	4932.YOR068C	10.8	1
1860657	4932.YFR013W	10.8	3
1860368	4932.YER035W	10.8	1
1860662	4932.YFR018C	10.8	1
1865116	4932.YPR056W	10.8	2
1860970	4932.YGL254W	10.8	1
1862585	4932.YKR075C	10.7	3
1858827	4932.YBL080C	10.7	3
1859900	4932.YDR235W	10.7	3
1862780	4932.YLR090W	10.7	2
1862361	4932.YKL084W	10.7	1
1861051	4932.YGR065C	10.7	3
1864863	4932.YPL100W	10.7	3
1863095	4932.YLR368W	10.6	3
1861523	4932.YHR137C-A	10.6	1
1864515	4932.YOR166C	10.6	2
1860565	4932.YFL001W	10.6	2
1863537	4932.YMR166C	10.6	1
1859802	4932.YDR147W	10.6	2
1860803	4932.YGL091C	10.6	1
1863210	4932.YML006C	10.5	1
1859782	4932.YDR126W	10.5	1
1859862	4932.YDR201W	10.5	1
1860006	4932.YDR331W	10.5	2
1859269	4932.YCL076W	10.5	1
1860665	4932.YFR021W	10.5	2
1862700	4932.YLR011W	10.4	1
1862830	4932.YLR138W	10.4	2
1859045	4932.YBR162W-A	10.4	1
1860407	4932.YER066C-A	10.4	1
1859039	4932.YBR157C	10.4	1
1864241	4932.YOL081W	10.4	21
1865080	4932.YPR021C	10.4	5
1865109	4932.YPR049C	10.3	9
1863500	4932.YMR134W	10.3	1
1859493	4932.YDL105W	10.3	2
1864233	4932.YOL073C	10.3	2
1862899	4932.YLR189C	10.3	5
1862519	4932.YKR010C	10.3	2
1860568	4932.YFL002W-B	10.3	18
1861156	4932.YGR161W-A	10.3	18
1862864	4932.YLR157W-E	10.3	1
1860310	4932.YEL062W	10.3	3
1860143	4932.YDR459C	10.3	1
1863900	4932.YNL171C	10.3	1
1862096	4932.YJL220W	10.3	1
1861812	4932.YIL171W-A	10.3	1
1862988	4932.YLR272C	10.3	5
1864002	4932.YNL273W	10.3	7
1859806	4932.YDR151C	10.3	1
1859930	4932.YDR261W-A	10.3	20
1864768	4932.YPL007C	10.2	3
1864214	4932.YOL054W	10.2	3
1860120	4932.YDR436W	10.2	8
1864819	4932.YPL057C	10.2	2
1859547	4932.YDL156W	10.2	2
1858836	4932.YBL089W	10.2	3
1859183	4932.YBR289W	10.2	2
1863666	4932.YMR283C	10.2	2
1859529	4932.YDL138W	10.2	2
1863033	4932.YLR312C	10.2	1
1863140	4932.YLR410W-A	10.1	21
1860191	4932.YDR506C	10.1	3
1862202	4932.YJR097W	10.1	1
1865105	4932.YPR045C	10.1	1
1860746	4932.YGL036W	10.1	3
1862438	4932.YKL155C	10.1	3
1860103	4932.YDR419W	10.1	2
1859733	4932.YDR081C	10.1	4
1864303	4932.YOL137W	10.1	1
1861142	4932.YGR150C	10.0	3
1858849	4932.YBL100W-A	10.0	20
1861431	4932.YHR056W-A	10.0	1
1864156	4932.YOL001W	10.0	1
1861035	4932.YGR049W	10.0	1
1861961	4932.YJL091C	9.99	2
1861503	4932.YHR119W	9.97	4
1865028	4932.YPL257W	9.97	1
1863168	4932.YLR436C	9.95	7
1859921	4932.YDR255C	9.9	4
1860503	4932.YER142C	9.88	1
1864301	4932.YOL135C	9.88	1
1864232	4932.YOL072W	9.86	2
1859001	4932.YBR123C	9.85	3
1860370	4932.YER037W	9.85	2
1861940	4932.YJL072C	9.84	1
1859290	4932.YCR020C	9.83	1
1862292	4932.YKL020C	9.83	4
1859368	4932.YCR095C	9.83	2
1864814	4932.YPL052W	9.78	1
1862198	4932.YJR094C	9.74	1
1862530	4932.YKR021W	9.73	3
1864008	4932.YNL278W	9.73	6
1864143	4932.YNR066C	9.7	2
1861865	4932.YIR040C	9.69	5
1862507	4932.YKL223W	9.69	5
1864058	4932.YNL326C	9.67	1
1858711	4932.YAR018C	9.62	2
1864753	4932.YOR389W	9.61	3
1860384	4932.YER047C	9.57	8
1863149	4932.YLR417W	9.56	3
1862802	4932.YLR111W	9.56	4
1859763	4932.YDR109C	9.52	3
1863391	4932.YMR032W	9.52	2
1861421	4932.YHR050W	9.52	2
1862145	4932.YJR040W	9.5	3
1863193	4932.YLR459W	9.43	2
1859296	4932.YCR024C	9.41	2
1860460	4932.YER104W	9.4	1
1863460	4932.YMR097C	9.38	2
1862402	4932.YKL121W	9.37	3
1862725	4932.YLR035C-A	9.34	108
1862308	4932.YKL034W	9.33	4
1861831	4932.YIR014W	9.32	1
1862646	4932.YLL027W	9.31	1
1864304	4932.YOL138C	9.31	4
1862193	4932.YJR089W	9.3	4
1861176	4932.YGR177C	9.26	3
1858906	4932.YBR038W	9.25	3
1864661	4932.YOR305W	9.25	1
1860605	4932.YFL033C	9.24	9
1864355	4932.YOR017W	9.23	2
1864794	4932.YPL033C	9.23	1
1861721	4932.YIL085C	9.22	3
1864541	4932.YOR191W	9.18	5
1862921	4932.YLR211C	9.17	1
1859709	4932.YDR058C	9.17	2
1859669	4932.YDR022C	9.15	1
1860343	4932.YER013W	9.14	5
1861486	4932.YHR102W	9.12	3
1861339	4932.YHL032C	9.09	4
1863098	4932.YLR371W	9.07	7
1863589	4932.YMR211W	9.06	2
1864192	4932.YOL034W	9.03	5
1860373	4932.YER039C	9.02	2
1865202	4932.YPR138C	9.02	2
1862429	4932.YKL146W	9.0	2
1863559	4932.YMR184W	8.99	1
1865069	4932.YPR011C	8.98	2
1858829	4932.YBL082C	8.98	2
1860228	4932.YDR538W	8.97	3
1864314	4932.YOL148C	8.95	2
1860242	4932.YEL006W	8.95	2
1860026	4932.YDR351W	8.93	2
1865107	4932.YPR047W	8.92	2
1863850	4932.YNL126W	8.89	4
1859681	4932.YDR034C	8.88	2
1865114	4932.YPR054W	8.87	3
1864968	4932.YPL200W	8.85	1
1862710	4932.YLR021W	8.83	1
1863924	4932.YNL195C	8.8	1
1862917	4932.YLR207W	8.79	4
1861027	4932.YGR041W	8.72	2
1863698	4932.YMR310C	8.7	1
1861013	4932.YGR031C-A	8.7	1
1859217	4932.YCL020W	8.69	15
1862677	4932.YLL058W	8.68	2
1860315	4932.YEL067C	8.68	1
1862037	4932.YJL162C	8.65	2
1863424	4932.YMR063W	8.65	1
1862415	4932.YKL134C	8.63	3
1859244	4932.YCL046W	8.63	1
1864704	4932.YOR343W-A	8.58	19
1863305	4932.YML091C	8.56	5
1859674	4932.YDR027C	8.54	3
1861896	4932.YJL030W	8.54	1
1864528	4932.YOR179C	8.5	1
1864942	4932.YPL176C	8.48	2
1860535	4932.YER167W	8.47	2
1861980	4932.YJL110C	8.47	2
1859365	4932.YCR092C	8.46	3
1863383	4932.YMR026C	8.46	2
1861840	4932.YIR020C-B	8.46	1
1862563	4932.YKR053C	8.44	1
1864082	4932.YNR007C	8.42	1
1864991	4932.YPL222W	8.39	4
1859887	4932.YDR222W	8.38	2
1860255	4932.YEL017C-A	8.35	1
1858747	4932.YBL008W	8.33	4
1864597	4932.YOR244W	8.33	2
1862405	4932.YKL124W	8.27	2
1863154	4932.YLR422W	8.27	8
1860148	4932.YDR463W	8.26	1
1860595	4932.YFL024C	8.26	3
1858850	4932.YBL100W-B	8.24	73
1863986	4932.YNL257C	8.24	6
1859636	4932.YDL240W	8.23	4
1858643	4932.YAL024C	8.22	5
1862798	4932.YLR107W	8.22	2
1864086	4932.YNR011C	8.21	3
1862631	4932.YLL012W	8.21	2
1864970	4932.YPL202C	8.18	1
1859297	4932.YCR024C-A	8.16	1
1862514	4932.YKR005C	8.15	1
1863601	4932.YMR223W	8.13	2
1860036	4932.YDR360W	8.09	1
1860638	4932.YFL065C	8.06	2
1865260	4932.YPR185W	8.05	2
1858871	4932.YBR005W	8.03	1
1862007	4932.YJL134W	8.02	2
1864587	4932.YOR233W	8.01	2
1859116	4932.YBR225W	7.96	3
1862824	4932.YLR132C	7.94	1
1864443	4932.YOR100C	7.92	1
1863596	4932.YMR218C	7.91	5
1862978	4932.YLR263W	7.9	3
1860014	4932.YDR339C	7.88	1
1862842	4932.YLR149C	7.87	2
1864864	4932.YPL101W	7.85	1
1862739	4932.YLR049C	7.84	1
1864923	4932.YPL157W	7.83	1
1860260	4932.YEL020C	7.82	2
1860325	4932.YEL076C	7.82	5
1862120	4932.YJR015W	7.8	2
1864124	4932.YNR047W	7.8	6
1861828	4932.YIR011C	7.8	2
1860608	4932.YFL034W	7.79	4
1864408	4932.YOR067C	7.79	4
1863776	4932.YNL056W	7.78	1
1862702	4932.YLR013W	7.77	1
1864866	4932.YPL103C	7.76	3
1860996	4932.YGR016W	7.76	1
1860889	4932.YGL176C	7.74	1
1863678	4932.YMR294W	7.71	1
1865031	4932.YPL258C	7.69	6
1859645	4932.YDL248W	7.68	1
1860469	4932.YER113C	7.67	2
1858750	4932.YBL010C	7.65	1
1861786	4932.YIL144W	7.64	3
1861405	4932.YHR036W	7.62	1
1861131	4932.YGR140W	7.61	4
1860107	4932.YDR423C	7.61	1
1861583	4932.YHR189W	7.6	1
1863378	4932.YMR021C	7.58	1
1862536	4932.YKR027W	7.57	3
1862608	4932.YKR096W	7.57	5
1860240	4932.YEL004W	7.55	1
1860609	4932.YFL036W	7.53	4
1862421	4932.YKL139W	7.53	2
1863739	4932.YNL022C	7.52	2
1858942	4932.YBR071W	7.52	1
1861867	4932.YIR042C	7.5	1
1864242	4932.YOL082W	7.5	1
1862708	4932.YLR019W	7.47	2
1864738	4932.YOR376W	7.47	1
1864897	4932.YPL133C	7.42	1
1863585	4932.YMR207C	7.39	16
1864076	4932.YNR002C	7.39	1
1863120	4932.YLR393W	7.37	1
1861124	4932.YGR133W	7.35	1
1862883	4932.YLR173W	7.35	2
1864682	4932.YOR324C	7.33	2
1863273	4932.YML060W	7.31	1
1859506	4932.YDL117W	7.3	3
1862950	4932.YLR237W	7.28	3
1858619	4932.YAL002W	7.27	8
1864084	4932.YNR009W	7.26	1
1863104	4932.YLR377C	7.25	1
1862846	4932.YLR152C	7.23	1
1859377	4932.YCR102C	7.21	4
1860775	4932.YGL063W	7.19	3
1863947	4932.YNL218W	7.12	2
1860891	4932.YGL178W	7.12	4
1859236	4932.YCL038C	7.11	2
1861110	4932.YGR121C	7.09	2
1864576	4932.YOR223W	7.08	1
1864754	4932.YOR390W	7.08	2
1865050	4932.YPL279C	7.08	2
1863670	4932.YMR287C	7.07	4
1863954	4932.YNL225C	7.05	2
1859863	4932.YDR202C	7.04	1
1859874	4932.YDR210W-A	7.04	18
1859134	4932.YBR241C	7.03	1
1862878	4932.YLR168C	7.02	1
1860509	4932.YER147C	7.01	1
1862820	4932.YLR128W	7.0	1
1865117	4932.YPR057W	6.99	1
1862082	4932.YJL206C	6.93	2
1864183	4932.YOL025W	6.93	2
1858867	4932.YBR001C	6.93	5
1863109	4932.YLR382C	6.91	3
1859601	4932.YDL206W	6.91	1
1859133	4932.YBR240C	6.88	1
1863102	4932.YLR375W	6.88	1
1864637	4932.YOR284W	6.86	1
1860326	4932.YEL076C-A	6.85	4
1863198	4932.YLR464W	6.85	4
1859113	4932.YBR223C	6.83	2
1859955	4932.YDR285W	6.79	3
1864425	4932.YOR081C	6.79	2
1859193	4932.YBR298C	6.78	2
1860156	4932.YDR470C	6.78	2
1864730	4932.YOR368W	6.77	3
1860051	4932.YDR371W	6.76	2
1864697	4932.YOR337W	6.74	3
1860666	4932.YFR022W	6.74	2
1863515	4932.YMR147W	6.74	1
1864921	4932.YPL155C	6.71	2
1860481	4932.YER124C	6.7	2
1865261	4932.YPR186C	6.7	1
1864987	4932.YPL219W	6.64	2
1863943	4932.YNL214W	6.61	1
1864013	4932.YNL283C	6.61	1
1860626	4932.YFL053W	6.6	1
1861101	4932.YGR112W	6.57	1
1859413	4932.YDL027C	6.55	1
1864484	4932.YOR140W	6.53	1
1863250	4932.YML041C	6.52	1
1864727	4932.YOR365C	6.52	1
1862463	4932.YKL178C	6.5	1
1864781	4932.YPL020C	6.47	1
1861545	4932.YHR156C	6.46	1
1859022	4932.YBR141C	6.45	1
1865196	4932.YPR134W	6.44	1
1864490	4932.YOR144C	6.44	3
1863880	4932.YNL152W	6.43	1
1864543	4932.YOR192C-A	6.4	13
1864075	4932.YNR001W-A	6.4	1
1862245	4932.YJR138W	6.38	4
1858706	4932.YAR008W	6.38	1
1865013	4932.YPL244C	6.37	1
1862348	4932.YKL071W	6.36	1
1861083	4932.YGR096W	6.36	1
1862330	4932.YKL055C	6.34	1
1858772	4932.YBL031W	6.34	1
1859207	4932.YCL008C	6.32	1
1863803	4932.YNL082W	6.32	2
1865278	4932.YPR203W	6.31	2
1862203	4932.YJR098C	6.3	2
1860681	4932.YFR034C	6.3	1
1860846	4932.YGL133W	6.29	3
1860366	4932.YER033C	6.29	2
1861972	4932.YJL102W	6.28	2
1859865	4932.YDR204W	6.28	1
1862969	4932.YLR256W	6.27	4
1861494	4932.YHR110W	6.27	1
1861369	4932.YHR006W	6.26	1
1864049	4932.YNL317W	6.24	1
1862788	4932.YLR098C	6.23	3
1862513	4932.YKR004C	6.21	1
1861310	4932.YHL008C	6.21	2
1859888	4932.YDR223W	6.2	1
1858980	4932.YBR105C	6.2	1
1863382	4932.YMR025W	6.2	1
1862257	4932.YJR149W	6.19	1
1858626	4932.YAL010C	6.19	2
1865042	4932.YPL269W	6.19	2
1864061	4932.YNL329C	6.18	6
1860600	4932.YFL029C	6.16	1
1859683	4932.YDR034C-C	6.15	13
1864312	4932.YOL146W	6.15	2
1863451	4932.YMR088C	6.14	2
1861627	4932.YIL002C	6.07	3
1864228	4932.YOL068C	6.07	2
1859814	4932.YDR159W	6.06	3
1865268	4932.YPR193C	6.05	1
1859169	4932.YBR275C	6.0	9
1864860	4932.YPL097W	5.98	4
1859477	4932.YDL089W	5.94	1
1860312	4932.YEL064C	5.94	1
1863613	4932.YMR234W	5.94	1
1860934	4932.YGL219C	5.92	1
1861427	4932.YHR054C	5.91	1
1860294	4932.YEL049W	5.9	2
1861815	4932.YIL176C	5.9	2
1862101	4932.YJL223C	5.9	2
1861296	4932.YGR294W	5.9	2
1859197	4932.YBR301W	5.9	2
1858699	4932.YAL068C	5.9	2
1860978	4932.YGL261C	5.9	2
1860727	4932.YGL017W	5.9	3
1859061	4932.YBR178W	5.89	1
1859331	4932.YCR054C	5.88	2
1859459	4932.YDL073W	5.88	2
1858678	4932.YAL051W	5.86	2
1864379	4932.YOR038C	5.86	2
1861502	4932.YHR118C	5.86	1
1862080	4932.YJL204C	5.85	3
1859762	4932.YDR108W	5.85	2
1859071	4932.YBR187W	5.84	1
1859128	4932.YBR235W	5.82	2
1865026	4932.YPL255W	5.82	1
1859289	4932.YCR019W	5.81	1
1863444	4932.YMR082C	5.8	2
1861663	4932.YIL031W	5.8	3
1863325	4932.YML107C	5.78	1
1860309	4932.YEL061C	5.76	3
1863327	4932.YML109W	5.75	1
1860853	4932.YGL140C	5.75	3
1859838	4932.YDR180W	5.74	5
1863649	4932.YMR268C	5.74	1
1862712	4932.YLR023C	5.68	1
1860567	4932.YFL002W-A	5.67	72
1861157	4932.YGR161W-B	5.67	72
1859788	4932.YDR132C	5.66	1
1860537	4932.YER169W	5.63	2
1862021	4932.YJL147C	5.63	1
1859858	4932.YDR197W	5.62	2
1864164	4932.YOL009C	5.62	1
1864138	4932.YNR061C	5.61	1
1862983	4932.YLR267W	5.6	2
1863185	4932.YLR451W	5.58	2
1860851	4932.YGL138C	5.58	1
1863332	4932.YML114C	5.57	1
1860771	4932.YGL060W	5.57	5
1861217	4932.YGR217W	5.52	5
1859598	4932.YDL203C	5.52	2
1860855	4932.YGL142C	5.51	2
1860857	4932.YGL144C	5.5	1
1862030	4932.YJL156C	5.48	2
1861798	4932.YIL156W	5.44	2
1864561	4932.YOR208W	5.43	2
1859915	4932.YDR249C	5.43	1
1863720	4932.YNL003C	5.4	1
1861250	4932.YGR249W	5.39	1
1859265	4932.YCL067C	5.39	1
1859314	4932.YCR039C	5.39	1
1859277	4932.YCR008W	5.38	1
1859216	4932.YCL019W	5.38	69
1859131	4932.YBR238C	5.37	2
1864400	4932.YOR059C	5.37	1
1860694	4932.YFR045W	5.36	1
1862831	4932.YLR139C	5.36	2
1864663	4932.YOR307C	5.36	1
1865267	4932.YPR192W	5.35	1
1859440	4932.YDL054C	5.34	1
1862228	4932.YJR122W	5.34	1
1862188	4932.YJR084W	5.33	2
1861064	4932.YGR077C	5.32	2
1863141	4932.YLR410W-B	5.31	71
1862568	4932.YKR058W	5.3	1
1861038	4932.YGR052W	5.3	1
1861731	4932.YIL095W	5.28	3
1861551	4932.YHR162W	5.25	1
1863314	4932.YML099C	5.25	1
1863538	4932.YMR167W	5.23	2
1864850	4932.YPL088W	5.21	1
1862707	4932.YLR018C	5.18	1
1862923	4932.YLR213C	5.17	1
1864689	4932.YOR330C	5.16	2
1864720	4932.YOR358W	5.16	1
1863320	4932.YML102W	5.15	1
1858731	4932.YAR068W	5.13	1
1861618	4932.YHR214W-A	5.13	1
1864362	4932.YOR023C	5.12	1
1860806	4932.YGL094C	5.04	3
1864733	4932.YOR371C	5.04	2
1864153	4932.YNR075W	5.01	1
1863252	4932.YML043C	5.01	1
1862528	4932.YKR019C	5.0	1
1864903	4932.YPL138C	4.99	1
1859883	4932.YDR218C	4.99	1
1862952	4932.YLR239C	4.98	1
1859051	4932.YBR168W	4.96	1
1862772	4932.YLR082C	4.95	1
1860964	4932.YGL248W	4.95	1
1859295	4932.YCR023C	4.91	2
1861864	4932.YIR039C	4.9	1
1859245	4932.YCL047C	4.89	1
1864203	4932.YOL044W	4.88	1
1863684	4932.YMR299C	4.88	1
1860009	4932.YDR334W	4.88	4
1860222	4932.YDR532C	4.87	1
1858843	4932.YBL095W	4.87	1
1858641	4932.YAL022C	4.86	1
1861728	4932.YIL092W	4.86	1
1858651	4932.YAL031C	4.84	1
1860762	4932.YGL051W	4.83	1
1862023	4932.YJL149W	4.81	1
1861244	4932.YGR243W	4.8	1
1859801	4932.YDR146C	4.79	1
1858896	4932.YBR028C	4.79	1
1863550	4932.YMR176W	4.79	3
1860408	4932.YER066W	4.78	1
1864959	4932.YPL191C	4.75	1
1860132	4932.YDR448W	4.74	1
1863531	4932.YMR160W	4.73	2
1858898	4932.YBR030W	4.72	1
1860186	4932.YDR501W	4.71	1
1864507	4932.YOR161C	4.71	2
1864298	4932.YOL132W	4.71	1
1864296	4932.YOL130W	4.7	2
1862827	4932.YLR135W	4.69	1
1861146	4932.YGR154C	4.67	1
1860041	4932.YDR364C	4.66	1
1859867	4932.YDR206W	4.66	2
1861135	4932.YGR144W	4.65	1
1858721	4932.YAR033W	4.64	1
1862493	4932.YKL209C	4.64	3
1859684	4932.YDR034C-D	4.59	62
1860663	4932.YFR019W	4.57	4
1861702	4932.YIL067C	4.57	1
1859537	4932.YDL146W	4.56	2
1859339	4932.YCR066W	4.56	1
1859931	4932.YDR261W-B	4.56	65
1861095	4932.YGR108W	4.55	2
1865065	4932.YPR008W	4.55	1
1859837	4932.YDR179W-A	4.55	1
1860787	4932.YGL075C	4.54	1
1862235	4932.YJR129C	4.5	1
1858972	4932.YBR097W	4.5	5
1864158	4932.YOL003C	4.44	2
1862823	4932.YLR131C	4.43	2
1861925	4932.YJL058C	4.43	2
1864609	4932.YOR256C	4.43	2
1860945	4932.YGL229C	4.42	2
1863784	4932.YNL065W	4.42	1
1865136	4932.YPR075C	4.39	1
1859875	4932.YDR210W-B	4.39	68
1861163	4932.YGR166W	4.36	1
1862461	4932.YKL176C	4.36	1
1861901	4932.YJL035C	4.35	1
1863066	4932.YLR343W	4.35	2
1859977	4932.YDR307W	4.34	2
1864740	4932.YOR377W	4.34	1
1861883	4932.YJL016W	4.33	1
1865182	4932.YPR121W	4.31	4
1863533	4932.YMR162C	4.28	3
1861168	4932.YGR170W	4.28	2
1861311	4932.YHL009C	4.28	1
1864147	4932.YNR070W	4.28	6
1864627	4932.YOR274W	4.27	1
1864599	4932.YOR246C	4.26	1
1862480	4932.YKL194C	4.26	1
1863950	4932.YNL221C	4.25	2
1863606	4932.YMR228W	4.22	1
1862993	4932.YLR277C	4.21	2
1865125	4932.YPR065W	4.2	1
1863311	4932.YML096W	4.19	2
1863110	4932.YLR383W	4.19	2
1859961	4932.YDR291W	4.19	2
1863815	4932.YNL094W	4.18	1
1863228	4932.YML020W	4.18	1
1862777	4932.YLR087C	4.18	4
1863077	4932.YLR353W	4.17	1
1862312	4932.YKL038W	4.16	2
1861735	4932.YIL099W	4.15	1
1859288	4932.YCR018C-A	4.15	1
1864941	4932.YPL175W	4.14	1
1859422	4932.YDL036C	4.12	1
1865183	4932.YPR122W	4.1	2
1864705	4932.YOR343W-B	4.08	67
1860038	4932.YDR362C	4.08	1
1860371	4932.YER038C	4.06	1
1863247	4932.YML038C	4.03	3
1858639	4932.YAL020C	4.03	1
1862736	4932.YLR046C	4.02	1
1859958	4932.YDR288W	4.02	1
1864617	4932.YOR264W	4.01	1
1861318	4932.YHL014C	4.0	1
1862934	4932.YLR223C	3.99	1
1862140	4932.YJR035W	3.98	4
1862233	4932.YJR127C	3.97	3
1860098	4932.YDR414C	3.94	1
1863440	4932.YMR078C	3.93	2
1864542	4932.YOR192C	3.88	2
1865027	4932.YPL256C	3.88	1
1861887	4932.YJL022W	3.88	1
1861475	4932.YHR091C	3.87	3
1864166	4932.YOL011W	3.86	2
1859136	4932.YBR243C	3.85	1
1860757	4932.YGL045W	3.85	1
1864544	4932.YOR192C-B	3.82	60
1861321	4932.YHL016C	3.82	1
1863376	4932.YMR019W	3.82	2
1863851	4932.YNL127W	3.81	2
1861569	4932.YHR178W	3.81	1
1861343	4932.YHL035C	3.78	8
1859660	4932.YDR014W	3.78	1
1860173	4932.YDR488C	3.74	1
1863677	4932.YMR293C	3.73	1
1865090	4932.YPR031W	3.72	4
1861997	4932.YJL127C	3.71	1
1860965	4932.YGL249W	3.7	4
1859012	4932.YBR131W	3.65	1
1863483	4932.YMR119W	3.65	1
1860623	4932.YFL050C	3.64	1
1863375	4932.YMR018W	3.63	1
1863380	4932.YMR023C	3.63	1
1859456	4932.YDL070W	3.62	2
1861054	4932.YGR068C	3.59	4
1861125	4932.YGR134W	3.58	2
1859250	4932.YCL051W	3.58	1
1861689	4932.YIL055C	3.57	1
1858804	4932.YBL060W	3.57	1
1862775	4932.YLR085C	3.57	1
1862597	4932.YKR086W	3.53	2
1865277	4932.YPR202W	3.49	4
1861239	4932.YGR239C	3.49	1
1860128	4932.YDR444W	3.49	1
1862453	4932.YKL168C	3.48	1
1864906	4932.YPL141C	3.46	1
1861960	4932.YJL090C	3.41	1
1862654	4932.YLL035W	3.41	1
1861356	4932.YHL047C	3.39	1
1861793	4932.YIL151C	3.39	5
1858991	4932.YBR114W	3.39	1
1860731	4932.YGL021W	3.39	1
1861463	4932.YHR080C	3.38	3
1862367	4932.YKL090W	3.36	1
1862263	4932.YJR155W	3.36	2
1864122	4932.YNR045W	3.33	1
1859815	4932.YDR160W	3.29	1
1862117	4932.YJR012C	3.28	1
1861313	4932.YHL009W-B	3.27	5
1865081	4932.YPR022C	3.26	3
1864711	4932.YOR349W	3.25	2
1858753	4932.YBL013W	3.25	1
1864766	4932.YPL005W	3.24	1
1864285	4932.YOL119C	3.22	1
1863966	4932.YNL237W	3.22	1
1861086	4932.YGR099W	3.21	1
1861227	4932.YGR227W	3.19	1
1859868	4932.YDR207C	3.19	1
1859198	4932.YBR302C	3.18	1
1863351	4932.YML132W	3.18	1
1858795	4932.YBL052C	3.17	1
1858873	4932.YBR007C	3.16	1
1862574	4932.YKR064W	3.15	2
1862564	4932.YKR054C	3.15	8
1863638	4932.YMR257C	3.15	4
1864857	4932.YPL095C	3.14	1
1859633	4932.YDL238C	3.14	1
1861553	4932.YHR164C	3.13	2
1863989	4932.YNL260C	3.12	1
1864174	4932.YOL017W	3.1	1
1862834	4932.YLR142W	3.1	1
1864194	4932.YOL036W	3.09	1
1861132	4932.YGR141W	3.08	1
1858760	4932.YBL020W	3.05	1
1859859	4932.YDR198C	3.03	1
1858775	4932.YBL034C	3.02	3
1862088	4932.YJL212C	3.01	1
1860086	4932.YDR403W	3.01	1
1862392	4932.YKL111C	3.01	1
1864348	4932.YOR011W	3.01	2
1862259	4932.YJR151C	2.99	1
1864608	4932.YOR255W	2.98	1
1860365	4932.YER032W	2.97	1
1862306	4932.YKL033W	2.96	1
1860152	4932.YDR466W	2.95	4
1862366	4932.YKL089W	2.95	1
1858857	4932.YBL106C	2.94	2
1858754	4932.YBL014C	2.94	1
1861817	4932.YIL177W-A	2.92	1
1862103	4932.YJL225W-A	2.92	1
1861169	4932.YGR171C	2.91	1
1863008	4932.YLR289W	2.89	1
1863663	4932.YMR280C	2.89	1
1861544	4932.YHR155W	2.88	2
1862483	4932.YKL197C	2.85	1
1862085	4932.YJL209W	2.85	1
1858749	4932.YBL009W	2.85	1
1863503	4932.YMR136W	2.82	1
1862615	4932.YKR103W	2.82	1
1859940	4932.YDR270W	2.82	2
1864025	4932.YNL293W	2.77	1
1860931	4932.YGL216W	2.77	1
1860596	4932.YFL025C	2.76	1
1860025	4932.YDR350C	2.73	1
1862912	4932.YLR202C	2.71	1
1862665	4932.YLL046C	2.71	1
1860673	4932.YFR029W	2.69	1
1865011	4932.YPL242C	2.69	2
1863524	4932.YMR155W	2.67	1
1865215	4932.YPR150W	2.67	1
1862960	4932.YLR247C	2.66	2
1861562	4932.YHR172W	2.65	1
1862087	4932.YJL211C	2.65	1
1858911	4932.YBR043C	2.63	1
1859662	4932.YDR015C	2.62	1
1859545	4932.YDL154W	2.61	1
1865279	4932.YPR204C-A	2.55	1
1860328	4932.YEL077W-A	2.55	1
1863200	4932.YLR466C-A	2.55	1
1865056	4932.YPL283W-B	2.55	1
1864760	4932.YOR396C-A	2.55	1
1861299	4932.YGR296C-B	2.55	1
1860563	4932.YER190C-B	2.55	1
1860235	4932.YDR545C-A	2.55	1
1863203	4932.YLR467C-A	2.55	1
1860049	4932.YDR370C	2.53	1
1859325	4932.YCR048W	2.51	1
1865060	4932.YPR003C	2.5	1
1863463	4932.YMR100W	2.45	1
1858681	4932.YAL055W	2.44	1
1864708	4932.YOR346W	2.43	1
1859362	4932.YCR089W	2.42	1
1864837	4932.YPL075W	2.41	2
1864436	4932.YOR093C	2.41	2
1860105	4932.YDR421W	2.37	2
1861221	4932.YGR221C	2.37	1
1860164	4932.YDR479C	2.36	1
1862269	4932.YJR161C	2.33	1
1862938	4932.YLR227C	2.3	1
1858614	4932.Q0250	2.3	2
1860333	4932.YER005W	2.29	1
1860637	4932.YFL064C	2.28	3
1863157	4932.YLR425W	2.28	1
1862001	4932.YJL129C	2.26	2
1863196	4932.YLR462W	2.26	3
1860973	4932.YGL257C	2.23	1
1859757	4932.YDR103W	2.22	2
1860770	4932.YGL059W	2.21	1
1864502	4932.YOR156C	2.2	1
1862688	4932.YLL067C	2.18	14
1864399	4932.YOR058C	2.17	1
1865063	4932.YPR006C	2.16	1
1864142	4932.YNR065C	2.16	4
1858683	4932.YAL056W	2.15	1
1863560	4932.YMR185W	2.12	1
1862685	4932.YLL066C	2.11	14
1864761	4932.YOR396W	2.08	19
1860236	4932.YDR545W	2.08	19
1863204	4932.YLR467W	2.08	19
1862506	4932.YKL222C	2.08	2
1864367	4932.YOR028C	2.03	1
1863693	4932.YMR306W	2.03	3
1859124	4932.YBR232C	2.02	1
1863465	4932.YMR102C	2.01	1
1859421	4932.YDL035C	1.96	1
1865155	4932.YPR095C	1.94	2
1861625	4932.YHR219W	1.92	7
1864373	4932.YOR033C	1.91	2
1861042	4932.YGR056W	1.9	1
1863195	4932.YLR461W	1.89	1
1863352	4932.YML133C	1.88	16
1859784	4932.YDR128W	1.86	1
1861395	4932.YHR028W-A	1.84	2
1858863	4932.YBL111C	1.79	7
1859699	4932.YDR048C	1.77	1
1864802	4932.YPL040C	1.77	1
1858807	4932.YBL063W	1.77	1
1864252	4932.YOL089C	1.77	1
1861622	4932.YHR218W	1.76	6
1861359	4932.YHL049C	1.75	3
1861354	4932.YHL046C	1.75	1
1860045	4932.YDR366C	1.73	1
1861962	4932.YJL092W	1.71	1
1861983	4932.YJL113W	1.7	3
1862247	4932.YJR140C	1.68	2
1862474	4932.YKL188C	1.66	1
1862144	4932.YJR039W	1.65	1
1862241	4932.YJR135C	1.65	1
1859878	4932.YDR213W	1.64	1
1862097	4932.YJL221C	1.64	2
1861813	4932.YIL172C	1.64	2
1860653	4932.YFR010W-A	1.62	1
1864769	4932.YPL008W	1.61	1
1864323	4932.YOL157C	1.57	2
1858636	4932.YAL018C	1.57	1
1864234	4932.YOL075C	1.54	1
1865280	4932.YPR204W	1.53	11
1864064	4932.YNL332W	1.5	1
1864051	4932.YNL319W	1.49	1
1859640	4932.YDL244W	1.47	1
1862264	4932.YJR156C	1.47	1
1860631	4932.YFL058W	1.47	1
1865054	4932.YPL283C	1.36	16
1861300	4932.YGR296W	1.36	16
1864071	4932.YNL339C	1.36	16
1861360	4932.YHL050C	1.36	7
1864141	4932.YNR064C	1.33	2
1858865	4932.YBL113C	1.32	6
1862726	4932.YLR036C	1.3	2
1861479	4932.YHR095W	1.28	2
1861969	4932.YJL099W	1.27	1
1858864	4932.YBL112C	1.26	1
1861623	4932.YHR218W-A	1.26	1
1859353	4932.YCR081W	1.26	1
1861814	4932.YIL173W	1.25	4
1862098	4932.YJL222W	1.25	4
1862102	4932.YJL225C	1.23	14
1861816	4932.YIL177C	1.23	14
1861165	4932.YGR168C	1.21	1
1864930	4932.YPL164C	1.2	2
1860007	4932.YDR332W	1.17	2
1860489	4932.YER132C	1.15	2
1860639	4932.YFL066C	1.13	4
1859758	4932.YDR104C	1.1	1
1865146	4932.YPR085C	1.08	1
1863202	4932.YLR466W	1.07	11
1862713	4932.YLR024C	1.06	2
1864957	4932.YPL189W	1.04	2
1860564	4932.YER190W	1.01	13
1859665	4932.YDR018C	1.01	1
1860821	4932.YGL109W	0.994	1
1863446	4932.YMR084W	0.97	2
1865271	4932.YPR196W	0.969	3
1860888	4932.YGL175C	0.951	1
1860561	4932.YER189W	0.944	1
1860323	4932.YEL075C	0.944	1
1861976	4932.YJL106W	0.931	1
1859582	4932.YDL187C	0.924	3
1859571	4932.YDL177C	0.918	1
1862616	4932.YKR104W	0.904	1
1864412	4932.YOR071C	0.882	1
1860177	4932.YDR492W	0.879	1
1860667	4932.YFR023W	0.81	2
1859013	4932.YBR132C	0.753	1
1860327	4932.YEL077C	0.743	8
1861290	4932.YGR288W	0.728	1
1865276	4932.YPR201W	0.672	1
1863190	4932.YLR456W	0.666	1
1861085	4932.YGR098C	0.658	1
1862436	4932.YKL153W	0.641	1
1860628	4932.YFL055W	0.577	1
1862377	4932.YKL098W	0.532	1
1859641	4932.YDL245C	0.485	1
1862266	4932.YJR158W	0.485	1
1858835	4932.YBL088C	0.484	1
1863430	4932.YMR069W	0.484	1
1862757	4932.YLR067C	0.483	1
1864149	4932.YNR072W	0.472	1
1860317	4932.YEL069C	0.465	1
1860844	4932.YGL131C	0.452	2
1861348	4932.YHL040C	0.44	1
1859573	4932.YDL179W	0.431	1
1863040	4932.YLR318W	0.421	1
1864945	4932.YPL179W	0.406	1
1859092	4932.YBR203W	0.331	1
1860122	4932.YDR438W	0.323	1
1859070	4932.YBR186W	0.318	5
1864283	4932.YOL117W	0.315	1
1859381	4932.YCR106W	0.308	2
1863584	4932.YMR206W	0.308	3
1862560	4932.YKR050W	0.295	1
1864223	4932.YOL063C	0.284	1
1862092	4932.YJL216C	0.283	4
1865048	4932.YPL277C	0.282	1
1862255	4932.YJR147W	0.276	1
1864511	4932.YOR162C	0.256	1
1859345	4932.YCR073C	0.253	5
1864500	4932.YOR154W	0.251	1
1859040	4932.YBR158W	0.226	1
1861225	4932.YGR225W	0.223	1
1862090	4932.YJL214W	0.22	1
1860577	4932.YFL011W	0.212	1
1859261	4932.YCL063W	0.206	3
1859984	4932.YDR314C	0.195	1
1862283	4932.YKL012W	0.184	1
1863084	4932.YLR360W	0.152	1
1862069	4932.YJL194W	0.147	2
1861626	4932.YIL001W	0.145	1
1860983	4932.YGR003W	0.122	1
1861640	4932.YIL013C	0.098	1
1863322	4932.YML104C	0.068	1
