#id: 3031402365
#name: S.cerevisiae - Whole organism, SC (Peptideatlas,march,2013)
#score: 24.48
#weight:  30%
#description: abundance based on Spectral counting, Interaction consistency score: 24.48, Coverage: 72
#organ: WHOLE_ORGANISM
#integrated: false
#coverage: 72
#link: http://www.peptideatlas.org/builds/
#publication_year: 2013
#filename: 4932-PA_201303.txt
#
#internal_id	string_external_id	abundance	raw_spectral_count
1862064	4932.YJL189W	28416	429
1861191	4932.YGR192C	27416	118546
1862335	4932.YKL060C	18003	80505
1861564	4932.YHR174W	15865	113219
1864248	4932.YOL086C	15773	48019
1858663	4932.YAL038W	14778	77891
1859281	4932.YCR012W	13183	64165
1862734	4932.YLR044C	12925	82808
1859701	4932.YDR050C	11485	22732
1858995	4932.YBR118W	11158	73536
1865141	4932.YPR080W	11158	73536
1862765	4932.YLR075W	9708	7673
1861255	4932.YGR254W	8226	71873
1862113	4932.YJR009C	8086	70043
1862800	4932.YLR109W	8055	19261
1862435	4932.YKL152C	5956	16520
1864293	4932.YOL127W	5416	4396
1858840	4932.YBL092W	5358	2777
1864199	4932.YOL040C	5256	5712
1862229	4932.YJR123W	5057	7870
1860836	4932.YGL123W	5045	11990
1860741	4932.YGL031C	4755	2750
1861107	4932.YGR118W	4618	4548
1865193	4932.YPR132W	4618	4548
1862962	4932.YLR249W	4587	46739
1859672	4932.YDR025W	4467	7992
1858916	4932.YBR048W	4467	7992
1864404	4932.YOR063W	4430	14502
1863480	4932.YMR116C	4399	16963
1863236	4932.YML028W	4320	10197
1861919	4932.YJL052W	4309	42628
1862877	4932.YLR167W	4198	8328
1859527	4932.YDL136W	4198	4463
1859586	4932.YDL191W	4198	4463
1861140	4932.YGR148C	4076	2514
1863907	4932.YNL178W	4063	10657
1860815	4932.YGL103W	3960	3252
1860065	4932.YDR382W	3728	5987
1864731	4932.YOR369C	3701	7194
1858620	4932.YAL003W	3629	6481
1862277	4932.YKL006W	3585	5307
1861301	4932.YHL001W	3551	5263
1861374	4932.YHR010W	3450	5419
1864439	4932.YOR096W	3428	5998
1862718	4932.YLR029C	3343	4807
1861599	4932.YHR203C	3340	9543
1862253	4932.YJR145C	3340	9543
1858622	4932.YAL005C	3255	44664
1863062	4932.YLR340W	3248	7425
1860418	4932.YER074W	3212	4907
1861705	4932.YIL069C	3212	4907
1863790	4932.YNL069C	3207	4118
1859461	4932.YDL075W	3183	3989
1858899	4932.YBR031W	3179	22019
1861007	4932.YGR027C	3170	1944
1860612	4932.YFL039C	3164	14307
1863079	4932.YLR355C	3156	13250
1864895	4932.YPL131W	3155	8975
1860848	4932.YGL135W	3130	10965
1864988	4932.YPL220W	3130	10965
1863055	4932.YLR333C	3128	1930
1864198	4932.YOL039W	3118	5682
1859658	4932.YDR012W	3092	21604
1859810	4932.YDR155C	3078	6194
1859447	4932.YDL061C	3049	1856
1862664	4932.YLL045C	3032	10389
1859624	4932.YDL229W	3031	35095
1863047	4932.YLR325C	2977	1547
1864033	4932.YNL301C	2959	4301
1864286	4932.YOL120C	2959	4301
1861319	4932.YHL015W	2958	4084
1862643	4932.YLL024C	2933	42383
1863276	4932.YML063W	2892	11175
1859081	4932.YBR196C	2844	16442
1860279	4932.YEL034W	2799	7277
1860157	4932.YDR471W	2797	4995
1863510	4932.YMR142C	2779	4726
1863175	4932.YLR441C	2767	10975
1865019	4932.YPL249C-A	2765	2446
1861340	4932.YHL033C	2728	9694
1863938	4932.YNL209W	2671	32855
1860582	4932.YFL014W	2667	2222
1863115	4932.YLR388W	2629	1625
1864908	4932.YPL143W	2545	2011
1859073	4932.YBR189W	2532	4976
1861790	4932.YIL148W	2517	5867
1862605	4932.YKR094C	2517	5867
1860717	4932.YGL008C	2509	31088
1864823	4932.YPL061W	2500	14720
1859715	4932.YDR064W	2496	4293
1863134	4932.YLR406C	2466	3411
1864852	4932.YPL090C	2442	8396
1859064	4932.YBR181C	2442	8396
1863234	4932.YML026C	2434	6638
1860134	4932.YDR450W	2434	6638
1862751	4932.YLR061W	2414	2860
1860473	4932.YER117W	2382	7474
1858834	4932.YBL087C	2382	7474
1862009	4932.YJL136C	2381	3086
1860969	4932.YGL253W	2361	12949
1862209	4932.YJR104C	2343	3575
1863232	4932.YML024W	2309	5988
1860131	4932.YDR447C	2309	5988
1858875	4932.YBR009C	2297	2504
1863748	4932.YNL030W	2297	2504
1860396	4932.YER056C-A	2271	1953
1860068	4932.YDR385W	2269	39912
1864477	4932.YOR133W	2269	39912
1861686	4932.YIL052C	2262	1948
1860378	4932.YER043C	2261	9398
1863067	4932.YLR344W	2246	2725
1860740	4932.YGL030W	2244	3324
1858877	4932.YBR011C	2237	6586
1862066	4932.YJL191W	2223	5509
1864034	4932.YNL302C	2202	6077
1858767	4932.YBL027W	2199	4429
1858956	4932.YBR084C-A	2199	4429
1862500	4932.YKL216W	2179	5051
1862567	4932.YKR057W	2168	2934
1860445	4932.YER091C	2148	18202
1860860	4932.YGL147C	2144	7312
1864287	4932.YOL121C	2137	6023
1863775	4932.YNL055C	2127	6964
1859468	4932.YDL082W	2122	4392
1863572	4932.YMR194W	2118	2074
1863486	4932.YMR121C	2116	3446
1860102	4932.YDR418W	2116	8549
1860301	4932.YEL054C	2116	8549
1862980	4932.YLR264W	2100	1411
1864516	4932.YOR167C	2092	1408
1860788	4932.YGL076C	2083	8938
1862465	4932.YKL180W	2083	5230
1859467	4932.YDL081C	2042	2967
1864798	4932.YPL037C	2024	2785
1864966	4932.YPL198W	2021	8724
1862844	4932.YLR150W	1980	5095
1861017	4932.YGR034W	1980	2538
1863286	4932.YML073C	1950	3963
1858771	4932.YBL030C	1942	7272
1864275	4932.YOL109W	1939	1273
1863561	4932.YMR186W	1928	20372
1862052	4932.YJL177W	1927	4936
1863688	4932.YMR303C	1919	12397
1862065	4932.YJL190C	1912	5202
1859305	4932.YCR031C	1911	5411
1859441	4932.YDL055C	1897	9377
1860268	4932.YEL026W	1886	2126
1862926	4932.YLR216C	1881	5764
1864466	4932.YOR122C	1853	2077
1863094	4932.YLR367W	1851	5060
1864218	4932.YOL058W	1841	5815
1864869	4932.YPL106C	1812	14342
1859891	4932.YDR226W	1810	3561
1859519	4932.YDL130W	1806	2518
1858876	4932.YBR010W	1806	937
1863749	4932.YNL031C	1806	937
1861773	4932.YIL133C	1792	2802
1862246	4932.YJR139C	1785	5937
1859469	4932.YDL083C	1764	5009
1863511	4932.YMR143W	1764	5009
1862895	4932.YLR185W	1750	655
1861646	4932.YIL018W	1745	6857
1860676	4932.YFR031C-A	1745	6857
1861687	4932.YIL053W	1726	6713
1864588	4932.YOR234C	1716	1604
1864668	4932.YOR312C	1713	3923
1863621	4932.YMR242C	1713	3923
1864797	4932.YPL036W	1712	23943
1863182	4932.YLR448W	1702	3798
1863786	4932.YNL067W	1700	6610
1861021	4932.YGR037C	1690	988
1864843	4932.YPL081W	1687	4418
1858819	4932.YBL072C	1666	6002
1860458	4932.YER102W	1666	6002
1861587	4932.YHR193C	1658	3420
1865103	4932.YPR043W	1645	2447
1862199	4932.YJR094W-A	1645	2447
1861473	4932.YHR089C	1626	1273
1862331	4932.YKL056C	1614	2553
1863817	4932.YNL096C	1577	3696
1861209	4932.YGR209C	1564	2516
1858954	4932.YBR082C	1516	1237
1863006	4932.YLR287C-A	1491	578
1864531	4932.YOR182C	1491	578
1860547	4932.YER177W	1481	7312
1863078	4932.YLR354C	1477	5069
1860718	4932.YGL009C	1452	11080
1861385	4932.YHR021C	1426	2597
1862440	4932.YKL156W	1424	2595
1861214	4932.YGR214W	1424	8382
1859688	4932.YDR037W	1418	7132
1862738	4932.YLR048W	1414	8360
1863984	4932.YNL255C	1386	2014
1858628	4932.YAL012W	1386	4785
1860903	4932.YGL189C	1347	1991
1865009	4932.YPL240C	1325	17179
1861685	4932.YIL051C	1319	2405
1861604	4932.YHR208W	1317	6851
1859753	4932.YDR099W	1315	6353
1859889	4932.YDR224C	1309	2111
1858738	4932.YBL002W	1305	2130
1861147	4932.YGR155W	1297	7181
1862973	4932.YLR259C	1292	9171
1859813	4932.YDR158W	1287	4936
1862210	4932.YJR105W	1282	5959
1860488	4932.YER131W	1276	1904
1859075	4932.YBR191W	1276	2623
1864652	4932.YOR298C-A	1248	963
1864737	4932.YOR375C	1245	7649
1860533	4932.YER165W	1229	7872
1860187	4932.YDR502C	1222	6678
1861234	4932.YGR234W	1213	6043
1858893	4932.YBR025C	1204	5569
1862733	4932.YLR043C	1185	1699
1863433	4932.YMR072W	1180	894
1862890	4932.YLR180W	1158	6559
1862467	4932.YKL182W	1148	26793
1862150	4932.YJR045C	1147	9688
1863783	4932.YNL064C	1144	4158
1863860	4932.YNL135C	1130	2058
1859890	4932.YDR225W	1126	1857
1858739	4932.YBL003C	1126	1857
1863973	4932.YNL244C	1107	1498
1859007	4932.YBR127C	1105	7579
1863800	4932.YNL079C	1102	1594
1861409	4932.YHR039C-A	1101	641
1860185	4932.YDR500C	1094	401
1864841	4932.YPL079W	1090	2383
1859647	4932.YDR002W	1090	1589
1862358	4932.YKL081W	1065	5710
1861577	4932.YHR183W	1055	8051
1858981	4932.YBR106W	1050	2784
1862121	4932.YJR016C	1042	6224
1865000	4932.YPL231W	1024	22184
1864691	4932.YOR332W	1020	2041
1865094	4932.YPR035W	1012	2792
1859398	4932.YDL014W	981	2446
1861072	4932.YGR085C	979	3364
1865162	4932.YPR102C	979	3364
1865210	4932.YPR145W	976	6756
1862182	4932.YJR077C	974	4271
1864647	4932.YOR293W	962	2662
1859142	4932.YBR249C	956	3904
1863608	4932.YMR230W	956	2645
1861240	4932.YGR240C	953	11957
1858944	4932.YBR072W	947	2903
1862669	4932.YLL050C	943	2121
1862748	4932.YLR058C	934	5142
1861440	4932.YHR064C	924	5950
1862635	4932.YLL018C	911	4827
1863583	4932.YMR205C	909	8228
1862012	4932.YJL138C	884	9906
1862569	4932.YKR059W	884	9906
1863345	4932.YML126C	883	4426
1862227	4932.YJR121W	882	6528
1861529	4932.YHR141C	875	324
1863890	4932.YNL162W	875	324
1859330	4932.YCR053W	871	5632
1860817	4932.YGL105W	866	3069
1860028	4932.YDR353W	865	3497
1860961	4932.YGL245W	854	6770
1860678	4932.YFR032C-A	847	110
1860736	4932.YGL026C	846	6663
1861115	4932.YGR124W	823	6165
1862907	4932.YLR197W	822	4666
1861570	4932.YHR179W	817	3620
1859670	4932.YDR023W	816	4762
1864789	4932.YPL028W	802	4216
1865134	4932.YPR074C	797	6610
1862826	4932.YLR134W	795	13920
1861074	4932.YGR087C	790	14256
1859679	4932.YDR032C	777	1432
1858847	4932.YBL099W	773	4545
1860703	4932.YFR053C	766	5020
1861073	4932.YGR086C	763	3111
1863445	4932.YMR083W	760	4183
1861383	4932.YHR019C	755	4359
1864358	4932.YOR020C	750	797
1860459	4932.YER103W	747	16014
1859587	4932.YDL192W	744	2578
1864920	4932.YPL154C	744	2573
1860397	4932.YER057C	734	1454
1863213	4932.YML008C	734	3267
1859249	4932.YCL050C	718	2387
1864366	4932.YOR027W	717	3720
1859580	4932.YDL185W	717	9959
1864551	4932.YOR198C	717	2352
1860618	4932.YFL045C	717	2491
1861384	4932.YHR020W	716	5556
1859515	4932.YDL126C	715	7479
1862716	4932.YLR027C	712	3541
1862889	4932.YLR179C	705	1749
1860610	4932.YFL037W	699	2250
1859241	4932.YCL043C	695	4904
1861287	4932.YGR285C	681	2462
1864765	4932.YPL004C	681	2596
1863024	4932.YLR304C	680	4655
1863118	4932.YLR390W-A	678	1910
1861284	4932.YGR282C	677	1874
1858950	4932.YBR078W	672	2684
1863545	4932.YMR173W	667	1696
1863604	4932.YMR226C	665	2068
1861862	4932.YIR037W	653	450
1860917	4932.YGL202W	648	3591
1860064	4932.YDR381W	645	629
1864480	4932.YOR136W	644	1691
1865258	4932.YPR183W	637	1991
1861900	4932.YJL034W	637	5815
1862977	4932.YLR262C-A	634	169
1863023	4932.YLR303W	634	3433
1859898	4932.YDR233C	634	2410
1863012	4932.YLR293C	627	2828
1860291	4932.YEL046C	622	3191
1862214	4932.YJR109C	619	7972
1858823	4932.YBL076C	614	7477
1862645	4932.YLL026W	606	5446
1862343	4932.YKL067W	602	960
1864666	4932.YOR310C	592	3178
1858670	4932.YAL044C	591	794
1861341	4932.YHL034C	590	1779
1859528	4932.YDL137W	580	2229
1864342	4932.YOR007C	576	2227
1859452	4932.YDL066W	574	2840
1861179	4932.YGR180C	574	2418
1860262	4932.YEL020W-A	572	351
1864534	4932.YOR185C	570	2749
1862750	4932.YLR060W	563	3499
1859470	4932.YDL084W	559	2944
1860588	4932.YFL018C	559	3090
1860548	4932.YER178W	558	2244
1859471	4932.YDL085C-A	557	38
1863291	4932.YML078W	557	1019
1860116	4932.YDR432W	550	1273
1863595	4932.YMR217W	547	3671
1860358	4932.YER025W	543	2560
1863837	4932.YNL113W	540	1031
1860319	4932.YEL071W	539	3786
1860356	4932.YER023W	537	1654
1865237	4932.YPR165W	529	1138
1859513	4932.YDL124W	526	2145
1860138	4932.YDR454C	526	1239
1861081	4932.YGR094W	525	6238
1864557	4932.YOR204W	522	5087
1861151	4932.YGR159C	522	1745
1858822	4932.YBL075C	519	14820
1864309	4932.YOL143C	518	1014
1861391	4932.YHR025W	517	1407
1858958	4932.YBR085C-A	512	406
1858998	4932.YBR121C	512	4384
1862309	4932.YKL035W	507	3183
1861372	4932.YHR008C	506	952
1862847	4932.YLR153C	506	3050
1860593	4932.YFL022C	504	2149
1859208	4932.YCL009C	503	2542
1859228	4932.YCL030C	501	3986
1859722	4932.YDR071C	499	1392
1862362	4932.YKL085W	498	2082
1859180	4932.YBR286W	495	2733
1863680	4932.YMR295C	485	440
1862658	4932.YLL039C	484	5331
1863792	4932.YNL071W	482	1593
1860199	4932.YDR513W	481	929
1860466	4932.YER110C	481	6600
1865266	4932.YPR191W	480	2081
1861368	4932.YHR005C-A	479	650
1861715	4932.YIL078W	479	3699
1865112	4932.YPR052C	478	232
1865214	4932.YPR149W	477	841
1863724	4932.YNL007C	477	1197
1859110	4932.YBR221C	475	1517
1864533	4932.YOR184W	472	2288
1859680	4932.YDR033W	471	1312
1863727	4932.YNL010W	470	1281
1863937	4932.YNL208W	469	1233
1863472	4932.YMR108W	468	3267
1860394	4932.YER055C	467	1811
1858984	4932.YBR109C	463	989
1863164	4932.YLR432W	457	5084
1859238	4932.YCL040W	456	3041
1860818	4932.YGL106W	455	654
1862111	4932.YJR007W	453	1814
1863888	4932.YNL160W	452	1519
1864074	4932.YNR001C	449	2180
1860861	4932.YGL148W	447	2126
1862002	4932.YJL130C	444	11910
1864926	4932.YPL160W	440	5876
1861512	4932.YHR128W	437	1178
1861423	4932.YHR051W	435	525
1864583	4932.YOR230W	434	2316
1860747	4932.YGL037C	432	1367
1859968	4932.YDR298C	432	879
1861184	4932.YGR185C	432	1966
1859157	4932.YBR263W	431	1982
1863828	4932.YNL104C	430	3154
1864091	4932.YNR016C	429	11631
1860403	4932.YER062C	427	2765
1860339	4932.YER009W	425	669
1863441	4932.YMR079W	425	1516
1862175	4932.YJR070C	422	1753
1863732	4932.YNL015W	420	388
1862042	4932.YJL167W	419	2043
1860950	4932.YGL234W	418	3664
1860016	4932.YDR341C	413	2977
1861204	4932.YGR204W	413	4373
1862494	4932.YKL210W	408	4701
1863731	4932.YNL014W	404	8716
1864305	4932.YOL139C	404	985
1864127	4932.YNR050C	404	2084
1864986	4932.YPL218W	402	1176
1863489	4932.YMR123W	401	7
1864694	4932.YOR335C	401	4514
1859233	4932.YCL035C	401	702
1858788	4932.YBL045C	400	2027
1859534	4932.YDL143W	399	1777
1864736	4932.YOR374W	397	2756
1862885	4932.YLR175W	390	1987
1860611	4932.YFL038C	388	770
1860269	4932.YEL027W	387	506
1861265	4932.YGR264C	387	3463
1860921	4932.YGL206C	387	7807
1861673	4932.YIL041W	386	1522
1863397	4932.YMR038C	385	877
1860693	4932.YFR044C	385	2239
1865129	4932.YPR069C	383	1889
1863859	4932.YNL134C	382	2065
1859025	4932.YBR143C	381	2011
1859536	4932.YDL145C	381	4792
1861779	4932.YIL138C	379	375
1859407	4932.YDL022W	378	1853
1863267	4932.YML056C	376	3821
1861532	4932.YHR143W-A	376	241
1865092	4932.YPR033C	368	2279
1863702	4932.YMR314W	364	1032
1861892	4932.YJL026W	364	1915
1865171	4932.YPR110C	360	1527
1860172	4932.YDR487C	360	1051
1863641	4932.YMR260C	359	431
1863580	4932.YMR202W	359	533
1861444	4932.YHR068W	357	1965
1863695	4932.YMR307W	356	3245
1863863	4932.YNL138W	356	1960
1863755	4932.YNL037C	354	1269
1865235	4932.YPR163C	354	1355
1863514	4932.YMR146C	352	1729
1861950	4932.YJL080C	352	4930
1859273	4932.YCR004C	352	987
1860047	4932.YDR368W	351	1209
1864874	4932.YPL111W	350	918
1863230	4932.YML022W	346	647
1861452	4932.YHR072W-A	345	125
1862398	4932.YKL117W	344	658
1863324	4932.YML106W	341	1238
1860196	4932.YDR510W	340	294
1859593	4932.YDL198C	340	943
1859575	4932.YDL181W	339	78
1860429	4932.YER081W	336	2343
1859514	4932.YDL125C	335	771
1860219	4932.YDR529C	329	579
1859137	4932.YBR244W	327	673
1863836	4932.YNL112W	327	1547
1860490	4932.YER133W	326	1451
1864675	4932.YOR317W	326	2475
1865044	4932.YPL271W	324	297
1863949	4932.YNL220W	323	1623
1860369	4932.YER036C	322	2087
1861254	4932.YGR253C	322	884
1861471	4932.YHR087W	322	379
1859783	4932.YDR127W	320	5602
1862287	4932.YKL016C	320	364
1860390	4932.YER052C	319	1756
1864306	4932.YOL140W	319	1520
1858951	4932.YBR079C	317	2913
1859121	4932.YBR230C	317	571
1859576	4932.YDL182W	316	2650
1859361	4932.YCR088W	315	1746
1858766	4932.YBL026W	314	274
1862433	4932.YKL150W	314	977
1859303	4932.YCR028C-A	314	595
1859831	4932.YDR174W	311	688
1860331	4932.YER003C	310	1551
1858903	4932.YBR035C	309	730
1859829	4932.YDR172W	309	2176
1861875	4932.YJL008C	308	1933
1862152	4932.YJR047C	305	1483
1859785	4932.YDR129C	304	1991
1863614	4932.YMR235C	304	1731
1863299	4932.YML085C	302	1769
1859686	4932.YDR035W	300	1217
1864810	4932.YPL048W	299	1852
1859226	4932.YCL028W	297	772
1861047	4932.YGR061C	295	4626
1861167	4932.YGR169C-A	295	112
1863620	4932.YMR241W	293	812
1859464	4932.YDL078C	293	1117
1863283	4932.YML070W	292	1862
1860292	4932.YEL047C	290	1585
1861675	4932.YIL043C	290	814
1859278	4932.YCR009C	290	672
1864111	4932.YNR034W-A	289	469
1860494	4932.YER136W	288	1438
1862896	4932.YLR186W	287	755
1863468	4932.YMR105C	284	1900
1863709	4932.YMR318C	282	1265
1859488	4932.YDL100C	281	1142
1864486	4932.YOR142W	281	1135
1864724	4932.YOR362C	281	1070
1858963	4932.YBR089C-A	281	129
1863287	4932.YML074C	279	754
1862280	4932.YKL009W	279	714
1865095	4932.YPR036W	278	1722
1865101	4932.YPR041W	278	1059
1860900	4932.YGL187C	277	494
1863733	4932.YNL016W	277	805
1865079	4932.YPR020W	276	261
1861524	4932.YHR137W	276	1145
1859004	4932.YBR126C	274	1562
1862170	4932.YJR065C	272	1062
1860082	4932.YDR399W	271	808
1860237	4932.YEL001C	271	121
1862553	4932.YKR043C	270	635
1864681	4932.YOR323C	270	1396
1861164	4932.YGR167W	270	497
1859521	4932.YDL131W	267	2466
1861711	4932.YIL074C	266	2112
1863485	4932.YMR120C	266	2797
1860413	4932.YER069W	266	2906
1862728	4932.YLR038C	265	292
1858780	4932.YBL039C	265	1886
1864638	4932.YOR285W	265	546
1865003	4932.YPL234C	264	193
1861991	4932.YJL121C	263	608
1858658	4932.YAL035W	262	2414
1864612	4932.YOR259C	260	951
1860113	4932.YDR429C	260	701
1863581	4932.YMR203W	259	1157
1863021	4932.YLR301W	259	929
1864624	4932.YOR271C	257	683
1858962	4932.YBR088C	256	1035
1864910	4932.YPL145C	256	1063
1862496	4932.YKL212W	255	2173
1865122	4932.YPR062W	251	548
1863423	4932.YMR062C	250	1241
1863970	4932.YNL241C	250	1421
1864853	4932.YPL091W	250	1443
1863682	4932.YMR297W	250	1021
1862510	4932.YKR001C	248	1888
1860003	4932.YDR328C	248	633
1864537	4932.YOR187W	246	1047
1862357	4932.YKL080W	245	1283
1863931	4932.YNL202W	245	725
1860223	4932.YDR533C	245	825
1863083	4932.YLR359W	245	1352
1863856	4932.YNL131W	243	399
1863306	4932.YML092C	242	602
1861730	4932.YIL094C	240	844
1860417	4932.YER073W	239	1247
1859974	4932.YDR304C	239	919
1860477	4932.YER120W	238	887
1861382	4932.YHR018C	238	1550
1863172	4932.YLR438W	238	1294
1864840	4932.YPL078C	238	395
1863462	4932.YMR099C	238	1051
1863703	4932.YMR315W	237	928
1859850	4932.YDR190C	236	1576
1859520	4932.YDL130W-A	236	106
1864994	4932.YPL225W	235	585
1864880	4932.YPL117C	235	840
1863367	4932.YMR012W	232	3612
1862256	4932.YJR148W	232	1689
1859811	4932.YDR156W	231	181
1860435	4932.YER086W	231	1579
1860780	4932.YGL068W	231	222
1865245	4932.YPR170W-B	230	7
1860342	4932.YER012W	230	492
1863220	4932.YML012W	228	618
1858907	4932.YBR039W	227	731
1862523	4932.YKR014C	226	533
1860571	4932.YFL005W	226	659
1859603	4932.YDL208W	225	255
1863845	4932.YNL121C	223	1550
1865067	4932.YPR010C	223	2578
1859041	4932.YBR159W	223	803
1860020	4932.YDR345C	223	1288
1861281	4932.YGR279C	223	788
1864503	4932.YOR157C	222	304
1862558	4932.YKR048C	222	1117
1864197	4932.YOL038W	222	697
1863181	4932.YLR447C	221	1221
1865195	4932.YPR133W-A	221	219
1864623	4932.YOR270C	220	1918
1859177	4932.YBR283C	220	1030
1860850	4932.YGL137W	220	2351
1864120	4932.YNR043W	219	991
1862957	4932.YLR244C	219	1171
1860450	4932.YER094C	219	536
1864517	4932.YOR168W	218	1702
1862482	4932.YKL196C	218	484
1860920	4932.YGL205W	218	1914
1862384	4932.YKL104C	216	2271
1864563	4932.YOR210W	216	143
1861879	4932.YJL012C	215	1369
1860915	4932.YGL200C	215	762
1861412	4932.YHR042W	214	1712
1865006	4932.YPL237W	213	625
1862168	4932.YJR063W	213	319
1859031	4932.YBR149W	211	1005
1864260	4932.YOL097C	211	1165
1864019	4932.YNL287W	210	2259
1859590	4932.YDL195W	209	2810
1861420	4932.YHR049W	208	700
1862902	4932.YLR192C	208	482
1860606	4932.YFL034C-A	207	431
1858987	4932.YBR111C	205	288
1863070	4932.YLR347C	205	1600
1859107	4932.YBR218C	205	3872
1858764	4932.YBL024W	204	1766
1859235	4932.YCL037C	204	1331
1861958	4932.YJL088W	204	996
1865256	4932.YPR181C	203	2303
1864289	4932.YOL123W	203	880
1860766	4932.YGL055W	203	991
1858922	4932.YBR054W	202	735
1862189	4932.YJR085C	202	309
1862942	4932.YLR229C	200	388
1861620	4932.YHR216W	200	2947
1859608	4932.YDL213C	200	314
1861881	4932.YJL014W	199	1389
1858710	4932.YAR015W	198	752
1861584	4932.YHR190W	198	818
1861211	4932.YGR211W	197	994
1860263	4932.YEL021W	197	616
1859743	4932.YDR091C	196	1283
1859738	4932.YDR086C	196	159
1861784	4932.YIL142W	194	1336
1862048	4932.YJL173C	193	390
1863020	4932.YLR300W	193	1089
1860404	4932.YER063W	193	169
1859877	4932.YDR212W	192	1150
1859848	4932.YDR188W	192	956
1859924	4932.YDR258C	192	1339
1863904	4932.YNL175C	191	540
1859036	4932.YBR154C	191	481
1863697	4932.YMR309C	190	1746
1860282	4932.YEL037C	190	638
1865035	4932.YPL262W	189	869
1862424	4932.YKL142W	188	391
1862169	4932.YJR064W	188	1033
1860444	4932.YER090W	188	1162
1864658	4932.YOR303W	187	715
1859807	4932.YDR152W	187	187
1863513	4932.YMR145C	186	976
1861123	4932.YGR132C	186	467
1861552	4932.YHR163W	186	405
1863064	4932.YLR342W	186	4649
1862153	4932.YJR048W	185	319
1864821	4932.YPL059W	185	382
1861488	4932.YHR104W	184	899
1864995	4932.YPL226W	184	2398
1865123	4932.YPR063C	183	364
1860575	4932.YFL010C	183	304
1861424	4932.YHR052W	181	556
1862329	4932.YKL054C	180	659
1859150	4932.YBR256C	179	477
1858784	4932.YBL041W	179	396
1863867	4932.YNL141W	179	583
1863821	4932.YNL098C	178	713
1865168	4932.YPR108W	177	588
1862297	4932.YKL024C	177	344
1864461	4932.YOR117W	177	940
1863342	4932.YML123C	174	1280
1864855	4932.YPL093W	174	1221
1859387	4932.YDL004W	173	311
1865087	4932.YPR028W	173	345
1860335	4932.YER006W	173	1112
1865120	4932.YPR060C	172	344
1858793	4932.YBL050W	172	655
1864577	4932.YOR224C	172	332
1862918	4932.YLR208W	172	642
1858614	4932.Q0250	172	368
1860274	4932.YEL031W	171	2281
1859466	4932.YDL080C	171	5084
1861408	4932.YHR039C	171	1151
1864639	4932.YOR286W	170	154
1859052	4932.YBR169C	170	2698
1864701	4932.YOR341W	169	3147
1862401	4932.YKL120W	168	651
1859565	4932.YDL171C	168	4303
1862717	4932.YLR028C	168	1824
1860720	4932.YGL011C	167	664
1862441	4932.YKL157W	167	1854
1862307	4932.YKL033W-A	167	430
1863627	4932.YMR246W	166	1170
1860071	4932.YDR388W	166	742
1860273	4932.YEL030W	166	2440
1861257	4932.YGR256W	164	2414
1863719	4932.YNL002C	164	293
1861159	4932.YGR162W	164	1498
1863099	4932.YLR372W	164	679
1862115	4932.YJR010W	164	918
1863153	4932.YLR421C	164	357
1861713	4932.YIL076W	164	568
1861126	4932.YGR135W	163	525
1861665	4932.YIL033C	162	778
1860168	4932.YDR483W	162	964
1863300	4932.YML086C	162	1032
1865074	4932.YPR016C	162	419
1863456	4932.YMR093W	161	538
1861706	4932.YIL070C	161	234
1862178	4932.YJR073C	161	559
1859485	4932.YDL097C	160	871
1864586	4932.YOR232W	160	302
1860708	4932.YGL001C	160	427
1860799	4932.YGL087C	159	273
1861748	4932.YIL109C	158	1496
1864167	4932.YOL012C	158	339
1859060	4932.YBR177C	158	762
1862372	4932.YKL095W	157	351
1859996	4932.YDR322C-A	157	117
1863918	4932.YNL189W	156	916
1861315	4932.YHL011C	155	653
1865004	4932.YPL235W	155	1218
1864497	4932.YOR151C	155	1645
1861040	4932.YGR054W	154	1073
1859141	4932.YBR248C	154	1026
1860834	4932.YGL122C	153	545
1864219	4932.YOL059W	153	914
1863343	4932.YML124C	153	966
1861180	4932.YGR181W	152	171
1858975	4932.YBR101C	151	563
1864614	4932.YOR261C	151	618
1863419	4932.YMR058W	150	684
1860702	4932.YFR052W	150	553
1860346	4932.YER015W	150	1668
1859526	4932.YDL135C	150	340
1861490	4932.YHR106W	148	1000
1859415	4932.YDL029W	148	651
1864618	4932.YOR265W	147	99
1864406	4932.YOR065W	147	362
1862427	4932.YKL145W	146	516
1862910	4932.YLR200W	146	243
1861065	4932.YGR078C	146	223
1860870	4932.YGL157W	146	782
1859666	4932.YDR019C	145	468
1862466	4932.YKL181W	145	775
1864432	4932.YOR089C	145	314
1863607	4932.YMR229C	145	2559
1864525	4932.YOR176W	145	547
1858902	4932.YBR034C	145	562
1861393	4932.YHR027C	144	1929
1860364	4932.YER031C	144	481
1862174	4932.YJR069C	143	313
1863205	4932.YML001W	142	387
1864625	4932.YOR272W	142	617
1864011	4932.YNL281W	141	251
1862518	4932.YKR009C	141	1685
1860886	4932.YGL173C	141	2138
1862888	4932.YLR178C	141	373
1863976	4932.YNL247W	141	1182
1864380	4932.YOR039W	140	293
1862302	4932.YKL029C	140	1148
1860773	4932.YGL062W	140	3353
1863349	4932.YML130C	140	899
1862122	4932.YJR017C	140	173
1863780	4932.YNL061W	139	772
1863763	4932.YNL044W	139	181
1860067	4932.YDR384C	139	193
1859538	4932.YDL147W	138	612
1859879	4932.YDR214W	138	499
1861765	4932.YIL125W	138	1475
1863262	4932.YML052W	137	245
1859474	4932.YDL086W	137	534
1862181	4932.YJR076C	136	652
1861535	4932.YHR146W	135	548
1860645	4932.YFR004W	134	271
1858735	4932.YAR073W	134	1809
1864386	4932.YOR045W	134	77
1860021	4932.YDR346C	134	682
1864723	4932.YOR361C	133	1259
1858601	4932.Q0085	133	174
1861696	4932.YIL062C	133	263
1863988	4932.YNL259C	133	126
1861981	4932.YJL111W	131	1083
1865012	4932.YPL243W	131	677
1865008	4932.YPL239W	131	426
1861922	4932.YJL055W	131	373
1864452	4932.YOR108W	131	1470
1860935	4932.YGL220W	131	66
1862986	4932.YLR270W	131	767
1860686	4932.YFR037C	131	946
1860750	4932.YGL040C	130	495
1862093	4932.YJL217W	130	341
1864472	4932.YOR128C	130	923
1861712	4932.YIL075C	129	1263
1861596	4932.YHR200W	129	327
1860363	4932.YER030W	129	163
1864825	4932.YPL063W	128	796
1861370	4932.YHR007C	128	995
1860832	4932.YGL120C	128	985
1861026	4932.YGR040W	128	652
1864648	4932.YOR294W	127	182
1861868	4932.YJL001W	127	315
1861171	4932.YGR173W	127	503
1858755	4932.YBL015W	127	653
1864387	4932.YOR046C	126	802
1864188	4932.YOL030W	126	690
1860251	4932.YEL013W	126	788
1862495	4932.YKL211C	126	615
1861858	4932.YIR034C	125	552
1861090	4932.YGR103W	125	642
1860680	4932.YFR033C	125	301
1860287	4932.YEL042W	124	571
1859553	4932.YDL160C	124	783
1858801	4932.YBL058W	124	535
1861174	4932.YGR175C	124	805
1858917	4932.YBR049C	123	833
1860652	4932.YFR010W	123	644
1864200	4932.YOL041C	123	581
1863685	4932.YMR300C	123	685
1858957	4932.YBR084W	122	1150
1859271	4932.YCR002C	122	540
1864550	4932.YOR197W	122	395
1859713	4932.YDR062W	122	621
1858777	4932.YBL036C	122	333
1859292	4932.YCR020W-B	121	115
1861231	4932.YGR231C	121	344
1861756	4932.YIL116W	121	529
1862971	4932.YLR257W	120	523
1863152	4932.YLR420W	120	532
1861277	4932.YGR275W	119	187
1863357	4932.YMR002W	119	95
1863712	4932.YMR321C	119	60
1862130	4932.YJR025C	119	282
1861069	4932.YGR082W	119	259
1859755	4932.YDR101C	119	802
1861396	4932.YHR029C	118	376
1862552	4932.YKR042W	118	163
1862284	4932.YKL013C	118	281
1864607	4932.YOR254C	118	898
1860037	4932.YDR361C	118	346
1858705	4932.YAR007C	118	936
1862478	4932.YKL192C	117	158
1863344	4932.YML125C	117	362
1861000	4932.YGR020C	117	182
1863105	4932.YLR378C	117	485
1863014	4932.YLR295C	116	186
1859721	4932.YDR070C	116	24
1861046	4932.YGR060W	116	404
1859328	4932.YCR051W	115	332
1863036	4932.YLR314C	115	687
1861491	4932.YHR107C	115	616
1863258	4932.YML048W	115	562
1860511	4932.YER148W	115	266
1860308	4932.YEL060C	115	601
1859432	4932.YDL046W	115	247
1859562	4932.YDL168W	115	546
1863673	4932.YMR290C	114	634
1860922	4932.YGL207W	114	1265
1863316	4932.YML100W	113	1287
1860385	4932.YER048C	113	380
1862408	4932.YKL127W	113	866
1858967	4932.YBR092C	113	732
1858920	4932.YBR052C	113	256
1859899	4932.YDR234W	112	916
1863558	4932.YMR183C	112	323
1859385	4932.YDL002C	112	164
1864771	4932.YPL010W	112	251
1860827	4932.YGL115W	112	507
1860759	4932.YGL048C	112	445
1859255	4932.YCL057C-A	111	170
1859498	4932.YDL110C	111	222
1860910	4932.YGL195W	111	4101
1859995	4932.YDR321W	111	571
1864562	4932.YOR209C	111	713
1862252	4932.YJR144W	110	360
1862592	4932.YKR081C	110	283
1864499	4932.YOR153W	109	2524
1863968	4932.YNL239W	108	699
1860809	4932.YGL097W	108	464
1864039	4932.YNL307C	108	502
1860782	4932.YGL070C	107	177
1859800	4932.YDR145W	107	463
1862714	4932.YLR025W	107	269
1864464	4932.YOR120W	107	380
1859903	4932.YDR238C	106	1356
1861441	4932.YHR065C	106	452
1862076	4932.YJL200C	106	721
1863238	4932.YML030W	106	91
1861652	4932.YIL022W	106	409
1865179	4932.YPR118W	105	413
1864442	4932.YOR099W	105	502
1858642	4932.YAL023C	105	976
1862697	4932.YLR008C	105	106
1864629	4932.YOR276W	104	180
1863455	4932.YMR092C	104	830
1860765	4932.YGL054C	104	115
1862014	4932.YJL140W	104	219
1859215	4932.YCL018W	104	442
1859145	4932.YBR252W	104	90
1864112	4932.YNR035C	104	383
1861804	4932.YIL160C	103	696
1861764	4932.YIL124W	103	374
1859828	4932.YDR171W	103	280
1858959	4932.YBR085W	103	876
1864044	4932.YNL312W	102	443
1865046	4932.YPL273W	102	412
1864780	4932.YPL019C	101	1003
1861492	4932.YHR108W	101	555
1859897	4932.YDR232W	101	469
1862061	4932.YJL186W	101	655
1863277	4932.YML064C	101	408
1859483	4932.YDL095W	101	1098
1863881	4932.YNL153C	100	164
1859834	4932.YDR177W	99.8	246
1862383	4932.YKL103C	99.4	649
1858802	4932.YBL059C-A	98.7	62
1859391	4932.YDL007W	98.7	464
1858702	4932.YAR002C-A	98.7	291
1865262	4932.YPR187W	98.4	168
1863435	4932.YMR074C	98.3	154
1862906	4932.YLR196W	98.1	680
1864593	4932.YOR239W	98.1	417
1861207	4932.YGR207C	98.0	241
1859776	4932.YDR120C	97.9	535
1865231	4932.YPR160W	97.9	1259
1864317	4932.YOL151W	97.7	416
1858971	4932.YBR096W	97.5	249
1861245	4932.YGR244C	97.5	452
1860790	4932.YGL078C	97.5	639
1864568	4932.YOR215C	97.4	118
1862119	4932.YJR014W	97.3	243
1859437	4932.YDL051W	97.2	285
1863097	4932.YLR370C	97.1	178
1859631	4932.YDL236W	97.1	393
1860297	4932.YEL051W	96.5	282
1862047	4932.YJL172W	96.2	573
1860284	4932.YEL039C	96.1	211
1860700	4932.YFR051C	95.5	311
1861456	4932.YHR074W	95.4	867
1858894	4932.YBR026C	95.3	300
1864224	4932.YOL064C	95.2	421
1859695	4932.YDR044W	95.0	347
1858838	4932.YBL091C	94.9	437
1863309	4932.YML094W	94.8	164
1864709	4932.YOR347C	94.7	1826
1859438	4932.YDL052C	94.4	300
1859803	4932.YDR148C	94.4	472
1859823	4932.YDR168W	94.2	551
1858756	4932.YBL016W	94.2	335
1862403	4932.YKL122C	93.9	122
1860205	4932.YDR519W	93.7	227
1863691	4932.YMR305C	93.3	266
1859854	4932.YDR194C	93.2	461
1859739	4932.YDR087C	92.9	204
1861723	4932.YIL087C	92.8	97
1862314	4932.YKL040C	92.7	259
1860699	4932.YFR050C	92.5	294
1858623	4932.YAL007C	92.3	138
1864893	4932.YPL129W	92.3	328
1864117	4932.YNR040W	92.2	170
1860988	4932.YGR008C	92.1	82
1864096	4932.YNR021W	91.7	598
1860755	4932.YGL043W	91.4	314
1859262	4932.YCL064C	91.4	471
1862165	4932.YJR060W	91.2	345
1862340	4932.YKL065C	91.1	169
1860017	4932.YDR342C	90.8	1055
1864092	4932.YNR017W	90.8	255
1863285	4932.YML072C	90.7	1583
1863681	4932.YMR296C	90.7	597
1860674	4932.YFR030W	90.0	1128
1862046	4932.YJL171C	89.9	385
1862556	4932.YKR046C	89.8	277
1863323	4932.YML105C	89.7	216
1862746	4932.YLR056W	89.6	356
1860936	4932.YGL221C	89.5	357
1861327	4932.YHL021C	89.3	483
1861906	4932.YJL041W	89.1	483
1859356	4932.YCR084C	88.9	693
1860042	4932.YDR365C	88.7	521
1860483	4932.YER126C	88.5	182
1861651	4932.YIL021W	88.1	347
1861438	4932.YHR063C	87.9	490
1864606	4932.YOR253W	87.5	197
1860811	4932.YGL099W	87.2	505
1858773	4932.YBL032W	87.0	237
1864980	4932.YPL212C	86.9	475
1862764	4932.YLR074C	86.8	139
1860077	4932.YDR394W	86.8	497
1865194	4932.YPR133C	86.7	443
1863637	4932.YMR256C	86.3	65
1860059	4932.YDR378C	86.3	113
1858808	4932.YBL064C	86.2	216
1864891	4932.YPL127C	86.2	153
1860062	4932.YDR380W	86.1	692
1861121	4932.YGR130C	86.0	507
1859710	4932.YDR059C	85.7	207
1861927	4932.YJL060W	84.7	455
1859127	4932.YBR234C	84.5	436
1860285	4932.YEL040W	84.4	439
1860018	4932.YDR343C	84.2	1015
1862706	4932.YLR017W	84.1	260
1863696	4932.YMR308C	83.9	1083
1864160	4932.YOL005C	83.9	122
1860414	4932.YER070W	83.7	1123
1862395	4932.YKL114C	83.6	237
1863882	4932.YNL154C	83.5	543
1859725	4932.YDR074W	83.3	822
1863897	4932.YNL168C	83.3	262
1862041	4932.YJL166W	83.2	101
1863977	4932.YNL248C	82.5	332
1863961	4932.YNL232W	82.1	190
1863270	4932.YML058W	81.9	74
1861697	4932.YIL063C	81.8	249
1859293	4932.YCR021C	81.7	242
1861992	4932.YJL122W	81.6	102
1862278	4932.YKL007W	81.4	292
1861397	4932.YHR030C	81.4	391
1862711	4932.YLR022C	81.3	174
1859491	4932.YDL103C	81.0	570
1863052	4932.YLR330W	80.7	523
1865061	4932.YPR004C	80.6	375
1865213	4932.YPR148C	80.1	336
1860111	4932.YDR427W	80.0	328
1863699	4932.YMR311C	79.8	199
1860137	4932.YDR453C	79.3	416
1862481	4932.YKL195W	79.2	320
1862575	4932.YKR065C	79.0	97
1863659	4932.YMR276W	78.7	148
1860958	4932.YGL242C	78.6	127
1859044	4932.YBR162C	78.6	303
1863347	4932.YML128C	78.3	392
1864811	4932.YPL049C	78.0	548
1859163	4932.YBR269C	78.0	89
1859487	4932.YDL099W	78.0	161
1862603	4932.YKR092C	77.9	78
1862271	4932.YKL001C	77.8	216
1858960	4932.YBR086C	77.6	736
1859425	4932.YDL040C	77.5	724
1859525	4932.YDL134C	77.3	543
1864221	4932.YOL061W	77.2	566
1859027	4932.YBR145W	77.2	902
1861619	4932.YHR215W	77.1	622
1859663	4932.YDR016C	77.1	49
1861517	4932.YHR132C	77.0	461
1858668	4932.YAL042W	76.8	273
1863409	4932.YMR049C	76.8	576
1864123	4932.YNR046W	76.8	189
1861218	4932.YGR218W	76.7	1025
1860266	4932.YEL024W	76.6	188
1862882	4932.YLR172C	76.2	231
1863885	4932.YNL157W	76.1	96
1859509	4932.YDL120W	76.0	82
1864685	4932.YOR327C	75.5	81
1860482	4932.YER125W	75.4	488
1864700	4932.YOR340C	75.2	215
1862027	4932.YJL153C	75.1	423
1860642	4932.YFR001W	74.6	57
1864360	4932.YOR021C	74.5	166
1864430	4932.YOR086C	74.4	1035
1864392	4932.YOR051C	74.3	303
1861119	4932.YGR128C	74.2	623
1864161	4932.YOL006C	74.0	464
1860238	4932.YEL002C	74.0	473
1864438	4932.YOR095C	73.7	310
1860181	4932.YDR496C	73.7	440
1861282	4932.YGR280C	73.5	120
1863057	4932.YLR335W	73.3	481
1859396	4932.YDL012C	73.3	22
1861560	4932.YHR170W	73.2	359
1861863	4932.YIR038C	72.9	144
1864180	4932.YOL022C	72.7	260
1863389	4932.YMR031C	72.7	606
1859522	4932.YDL132W	72.5	671
1858883	4932.YBR015C	72.5	577
1865174	4932.YPR113W	72.2	184
1859696	4932.YDR045C	72.2	137
1860203	4932.YDR517W	72.1	143
1859621	4932.YDL226C	72.0	320
1862791	4932.YLR100W	71.9	306
1862479	4932.YKL193C	71.7	320
1860521	4932.YER156C	71.7	354
1858634	4932.YAL016W	71.6	450
1864978	4932.YPL210C	71.4	436
1858689	4932.YAL062W	71.2	1358
1863586	4932.YMR208W	71.1	377
1864003	4932.YNL274C	70.9	305
1865033	4932.YPL260W	70.8	457
1864718	4932.YOR356W	70.8	435
1862961	4932.YLR248W	70.7	279
1862244	4932.YJR137C	70.5	1249
1859042	4932.YBR160W	70.3	228
1860944	4932.YGL228W	70.3	295
1858659	4932.YAL036C	70.3	336
1860305	4932.YEL058W	70.2	506
1862022	4932.YJL148W	70.1	201
1859458	4932.YDL072C	70.0	216
1861993	4932.YJL123C	69.7	446
1858736	4932.YAR075W	69.6	467
1859159	4932.YBR265W	69.5	225
1862779	4932.YLR089C	69.3	419
1858989	4932.YBR112C	69.2	573
1860166	4932.YDR481C	69.2	432
1860387	4932.YER049W	69.2	526
1859531	4932.YDL140C	69.1	1332
1861192	4932.YGR193C	69.1	287
1861746	4932.YIL107C	69.0	693
1858746	4932.YBL007C	68.9	489
1863593	4932.YMR215W	68.8	473
1862591	4932.YKR080W	68.5	222
1863161	4932.YLR429W	68.4	513
1862476	4932.YKL190W	68.4	154
1862740	4932.YLR050C	68.3	163
1858888	4932.YBR020W	68.3	509
1861429	4932.YHR055C	68.1	95
1861426	4932.YHR053C	68.1	95
1864277	4932.YOL111C	67.9	200
1863564	4932.YMR189W	67.9	717
1863339	4932.YML120C	67.8	392
1862758	4932.YLR068W	67.7	10
1862498	4932.YKL214C	67.5	139
1864559	4932.YOR206W	67.5	485
1861170	4932.YGR172C	67.4	101
1859355	4932.YCR083W	67.4	67
1862333	4932.YKL058W	67.3	103
1860332	4932.YER004W	67.3	186
1862054	4932.YJL179W	67.1	67
1864402	4932.YOR061W	67.0	242
1860698	4932.YFR049W	66.8	80
1863857	4932.YNL132W	66.8	885
1864236	4932.YOL077C	66.7	245
1862804	4932.YLR113W	66.7	319
1859754	4932.YDR100W	66.7	33
1860442	4932.YER089C	66.6	390
1863427	4932.YMR066W	66.6	664
1858978	4932.YBR103W	66.6	533
1862431	4932.YKL148C	66.4	600
1864313	4932.YOL147C	66.4	172
1858799	4932.YBL056W	66.3	268
1861015	4932.YGR032W	66.3	2437
1859568	4932.YDL174C	66.3	461
1862457	4932.YKL172W	65.9	274
1860377	4932.YER042W	65.7	155
1860336	4932.YER007C-A	65.3	156
1863726	4932.YNL009W	65.1	667
1864684	4932.YOR326W	64.9	1525
1863960	4932.YNL231C	64.7	237
1859359	4932.YCR087C-A	64.4	82
1861758	4932.YIL118W	64.3	236
1864299	4932.YOL133W	64.1	101
1861934	4932.YJL066C	64.1	227
1861594	4932.YHR199C	64.1	258
1860981	4932.YGR001C	64.0	173
1863432	4932.YMR071C	64.0	71
1859970	4932.YDR300C	63.9	372
1862374	4932.YKL096W	63.8	205
1862223	4932.YJR117W	63.1	380
1863615	4932.YMR236W	63.0	100
1860650	4932.YFR009W	62.8	499
1864773	4932.YPL012W	62.8	880
1858790	4932.YBL047C	62.7	904
1860360	4932.YER027C	62.7	154
1861869	4932.YJL002C	62.6	417
1863011	4932.YLR292C	62.6	72
1861268	4932.YGR267C	62.6	195
1864185	4932.YOL027C	62.5	346
1859964	4932.YDR294C	62.4	446
1863150	4932.YLR418C	62.4	237
1862576	4932.YKR066C	62.3	315
1862180	4932.YJR075W	62.3	183
1863517	4932.YMR149W	62.2	165
1860570	4932.YFL004W	62.2	624
1863972	4932.YNL243W	61.9	605
1861229	4932.YGR229C	61.9	169
1861417	4932.YHR047C	61.8	799
1861936	4932.YJL068C	61.7	213
1861061	4932.YGR074W	61.6	72
1859446	4932.YDL060W	61.6	405
1863877	4932.YNL149C	60.8	88
1861949	4932.YJL079C	60.7	20
1864130	4932.YNR053C	60.5	286
1860508	4932.YER146W	60.0	63
1862231	4932.YJR125C	59.8	195
1861628	4932.YIL002W-A	59.7	40
1859085	4932.YBR198C	59.7	563
1860492	4932.YER134C	59.6	105
1863282	4932.YML069W	59.6	390
1859058	4932.YBR175W	59.6	118
1860960	4932.YGL244W	59.6	252
1858677	4932.YAL049C	59.5	210
1861406	4932.YHR037W	59.5	374
1859777	4932.YDR121W	59.4	135
1862972	4932.YLR258W	59.3	410
1860940	4932.YGL225W	58.8	247
1863372	4932.YMR015C	58.6	508
1861823	4932.YIR006C	58.6	612
1863294	4932.YML081C-A	58.3	31
1861987	4932.YJL117W	58.1	240
1864861	4932.YPL098C	58.1	95
1862932	4932.YLR222C	58.0	628
1863470	4932.YMR106C	57.9	406
1862628	4932.YLL009C	57.9	34
1864636	4932.YOR283W	57.8	170
1860080	4932.YDR397C	57.7	107
1862525	4932.YKR016W	57.5	409
1861974	4932.YJL104W	57.4	66
1860202	4932.YDR516C	56.9	422
1863623	4932.YMR243C	56.8	205
1860647	4932.YFR006W	56.6	349
1862809	4932.YLR118C	56.5	160
1863328	4932.YML110C	56.5	184
1859596	4932.YDL201W	56.3	157
1860428	4932.YER080W	56.2	325
1859750	4932.YDR098C	56.0	266
1858734	4932.YAR071W	55.8	704
1863402	4932.YMR043W	55.7	61
1865029	4932.YPL257W-A	55.7	8359
1860496	4932.YER137C-A	55.7	8359
1862860	4932.YLR157C-A	55.7	8359
1860043	4932.YDR365W-A	55.7	8359
1864936	4932.YPL170W	55.7	107
1864024	4932.YNL292W	55.6	156
1861075	4932.YGR088W	55.4	395
1860621	4932.YFL048C	55.3	299
1861525	4932.YHR138C	55.3	88
1863183	4932.YLR449W	55.2	298
1861666	4932.YIL034C	55.2	173
1859928	4932.YDR261C-C	55.1	8311
1860479	4932.YER122C	55.1	288
1862722	4932.YLR033W	55.0	360
1864605	4932.YOR252W	54.9	59
1863683	4932.YMR298W	54.8	48
1859274	4932.YCR005C	54.6	443
1859138	4932.YBR245C	54.6	696
1859942	4932.YDR272W	54.6	181
1862017	4932.YJL143W	54.4	108
1864513	4932.YOR164C	54.3	269
1864022	4932.YNL290W	54.3	236
1861860	4932.YIR036C	54.2	213
1862984	4932.YLR268W	54.1	155
1862019	4932.YJL145W	54.1	239
1860204	4932.YDR518W	54.0	310
1860999	4932.YGR019W	54.0	352
1863269	4932.YML057W	53.9	374
1864237	4932.YOL077W-A	53.6	22
1860824	4932.YGL112C	53.5	296
1860468	4932.YER112W	53.4	59
1861365	4932.YHR003C	53.4	244
1858708	4932.YAR010C	53.3	8140
1865199	4932.YPR137C-A	53.3	8140
1861889	4932.YJL024C	53.3	86
1859224	4932.YCL026C-B	53.1	78
1863841	4932.YNL117W	53.1	341
1863598	4932.YMR220W	53.0	299
1861829	4932.YIR012W	53.0	219
1863547	4932.YMR174C	52.9	11
1865017	4932.YPL248C	52.9	647
1863217	4932.YML010W	52.9	585
1862545	4932.YKR035W-A	52.8	89
1862944	4932.YLR231C	52.8	288
1861657	4932.YIL027C	52.8	71
1859922	4932.YDR256C	52.4	300
1863348	4932.YML129C	52.2	45
1860599	4932.YFL028C	52.2	131
1861699	4932.YIL065C	52.0	90
1863653	4932.YMR272C	51.9	245
1860151	4932.YDR465C	51.9	266
1861614	4932.YHR214C-C	51.6	7436
1861944	4932.YJL076W	51.5	601
1863292	4932.YML079W	51.2	138
1859037	4932.YBR155W	51.2	140
1864446	4932.YOR103C	51.1	111
1861114	4932.YGR123C	51.1	232
1860948	4932.YGL232W	51.0	136
1860880	4932.YGL167C	50.9	494
1864208	4932.YOL049W	50.8	303
1859583	4932.YDL188C	50.6	452
1863911	4932.YNL182C	50.6	299
1863552	4932.YMR178W	50.5	183
1864311	4932.YOL145C	50.5	606
1862242	4932.YJR135W-A	50.4	73
1863000	4932.YLR284C	50.3	170
1865036	4932.YPL263C	50.3	276
1864268	4932.YOL103W-A	50.3	7358
1864604	4932.YOR251C	50.3	208
1864383	4932.YOR042W	50.1	198
1864428	4932.YOR084W	50.1	272
1862067	4932.YJL192C	49.7	119
1865229	4932.YPR159W	49.6	352
1858687	4932.YAL060W	49.6	237
1862059	4932.YJL184W	49.4	100
1862939	4932.YLR227W-A	49.3	7851
1863249	4932.YML040W	49.3	7851
1862131	4932.YJR026W	49.3	7851
1864967	4932.YPL199C	49.2	100
1863600	4932.YMR222C	49.1	67
1863497	4932.YMR131C	49.1	314
1861077	4932.YGR090W	49.0	713
1862905	4932.YLR195C	48.9	283
1860078	4932.YDR395W	48.6	577
1863453	4932.YMR090W	48.6	120
1864144	4932.YNR067C	48.6	492
1860585	4932.YFL016C	48.6	214
1863266	4932.YML055W	48.5	124
1862451	4932.YKL166C	48.4	286
1863642	4932.YMR261C	48.3	724
1861985	4932.YJL115W	48.3	111
1863540	4932.YMR169C	48.0	509
1863208	4932.YML004C	47.9	171
1861644	4932.YIL016W	47.9	74
1862305	4932.YKL032C	47.6	67
1862033	4932.YJL158C	47.5	118
1861249	4932.YGR248W	47.4	115
1861008	4932.YGR027W-A	47.4	7680
1864659	4932.YOR304C-A	47.3	38
1861377	4932.YHR013C	47.2	134
1862217	4932.YJR112W	47.1	100
1863091	4932.YLR364W	46.9	57
1865149	4932.YPR088C	46.9	325
1864613	4932.YOR260W	46.8	383
1862251	4932.YJR143C	46.8	434
1863945	4932.YNL216W	46.8	489
1862133	4932.YJR028W	46.8	7632
1863491	4932.YMR125W	46.7	516
1860923	4932.YGL208W	46.6	199
1860447	4932.YER092W	46.6	81
1862581	4932.YKR071C	46.5	171
1863771	4932.YNL052W	46.5	120
1861286	4932.YGR284C	46.3	190
1860515	4932.YER151C	46.3	371
1861186	4932.YGR187C	46.3	291
1859363	4932.YCR090C	46.2	104
1861750	4932.YIL111W	46.2	77
1861105	4932.YGR116W	46.2	743
1859256	4932.YCL057W	46.1	441
1864460	4932.YOR116C	46.0	745
1864677	4932.YOR319W	46.0	121
1863346	4932.YML127W	46.0	326
1863914	4932.YNL185C	45.9	66
1861093	4932.YGR106C	45.9	59
1860887	4932.YGL174W	45.9	87
1860431	4932.YER083C	45.8	133
1863398	4932.YMR039C	45.8	142
1863049	4932.YLR327C	45.6	54
1862409	4932.YKL128C	45.2	167
1859140	4932.YBR247C	45.1	284
1858885	4932.YBR017C	45.1	596
1861643	4932.YIL015W	45.1	241
1863111	4932.YLR384C	45.0	758
1859751	4932.YDR098C-A	45.0	7569
1858762	4932.YBL022C	44.9	504
1862787	4932.YLR097C	44.9	177
1859876	4932.YDR211W	44.9	465
1863384	4932.YMR027W	44.8	271
1860526	4932.YER159C-A	44.5	7543
1861154	4932.YGR161C-C	44.5	7543
1863411	4932.YMR051C	44.5	7543
1859987	4932.YDR316W-A	44.5	7543
1860525	4932.YER159C	44.5	81
1864805	4932.YPL043W	44.5	242
1863630	4932.YMR250W	44.4	307
1863774	4932.YNL054W-A	44.3	6382
1862780	4932.YLR090W	44.3	93
1865190	4932.YPR129W	44.2	149
1864573	4932.YOR220W	44.2	150
1860729	4932.YGL019W	44.2	152
1858644	4932.YAL025C	44.1	132
1859329	4932.YCR052W	44.1	279
1859016	4932.YBR135W	44.0	71
1860353	4932.YER021W	44.0	352
1862173	4932.YJR068W	44.0	205
1860456	4932.YER100W	44.0	123
1860386	4932.YER048W-A	43.9	29
1863754	4932.YNL036W	43.9	99
1860379	4932.YER044C	43.8	133
1863454	4932.YMR091C	43.7	317
1865255	4932.YPR180W	43.7	153
1864487	4932.YOR142W-A	43.5	7434
1865226	4932.YPR158W-A	43.5	7434
1864434	4932.YOR091W	43.5	96
1861029	4932.YGR043C	43.5	185
1863764	4932.YNL045W	43.4	307
1863805	4932.YNL084C	43.3	176
1861208	4932.YGR208W	43.3	187
1861022	4932.YGR038C-A	43.2	7280
1858879	4932.YBR012W-A	43.2	7366
1861451	4932.YHR072W	43.2	329
1859702	4932.YDR051C	43.1	131
1861363	4932.YHR001W-A	43.1	41
1859871	4932.YDR210C-C	43.1	7247
1860760	4932.YGL049C	43.0	587
1861467	4932.YHR084W	42.9	310
1865247	4932.YPR172W	42.9	91
1859706	4932.YDR055W	42.8	231
1864555	4932.YOR202W	42.8	87
1859714	4932.YDR063W	42.6	58
1860672	4932.YFR028C	42.6	313
1862192	4932.YJR088C	42.5	143
1861844	4932.YIR022W	42.5	84
1861149	4932.YGR157W	42.4	353
1865083	4932.YPR024W	42.4	344
1859259	4932.YCL059C	42.4	120
1862049	4932.YJL174W	42.3	49
1863241	4932.YML032C	42.2	219
1861521	4932.YHR135C	42.2	335
1862114	4932.YJR010C-A	42.2	71
1859173	4932.YBR279W	42.1	181
1865133	4932.YPR073C	42.1	60
1860833	4932.YGL121C	42.0	46
1858997	4932.YBR120C	42.0	19
1865001	4932.YPL232W	42.0	130
1862350	4932.YKL073W	42.0	422
1862976	4932.YLR262C	41.8	164
1861797	4932.YIL155C	41.6	343
1859112	4932.YBR222C	41.6	334
1861885	4932.YJL020C	41.5	410
1865223	4932.YPR158C-C	41.5	7579
1861067	4932.YGR080W	41.5	134
1860052	4932.YDR372C	41.4	199
1865207	4932.YPR143W	41.3	72
1862970	4932.YLR256W-A	41.3	7578
1859210	4932.YCL011C	41.2	196
1865219	4932.YPR154W	41.2	71
1862502	4932.YKL218C	41.0	191
1860330	4932.YER002W	41.0	73
1864253	4932.YOL090W	40.9	520
1859630	4932.YDL235C	40.8	85
1865093	4932.YPR034W	40.6	242
1858952	4932.YBR080C	40.5	325
1864437	4932.YOR094W	40.5	65
1859572	4932.YDL178W	40.5	234
1860022	4932.YDR347W	40.5	110
1862619	4932.YLL001W	40.5	333
1862208	4932.YJR103W	40.5	357
1864979	4932.YPL211W	40.5	71
1859744	4932.YDR092W	40.4	74
1859439	4932.YDL053C	40.4	78
1861411	4932.YHR041C	40.3	91
1859018	4932.YBR137W	40.3	110
1859086	4932.YBR199W	40.3	208
1862609	4932.YKR097W	40.2	286
1859480	4932.YDL092W	40.2	68
1863145	4932.YLR413W	40.2	339
1859711	4932.YDR060W	40.1	550
1860087	4932.YDR404C	40.1	118
1860654	4932.YFR011C	40.0	79
1859346	4932.YCR073W-A	39.9	167
1862627	4932.YLL008W	39.8	320
1863075	4932.YLR351C	39.5	189
1861994	4932.YJL124C	39.5	57
1861108	4932.YGR119C	39.5	153
1865039	4932.YPL266W	39.4	136
1862177	4932.YJR072C	39.4	150
1861592	4932.YHR197W	39.3	384
1864010	4932.YNL280C	39.2	128
1864040	4932.YNL308C	39.1	222
1864575	4932.YOR222W	39.1	155
1859816	4932.YDR161W	39.0	217
1859973	4932.YDR303C	38.9	325
1860040	4932.YDR363W-A	38.9	40
1859155	4932.YBR261C	38.9	97
1859822	4932.YDR167W	38.7	93
1858968	4932.YBR093C	38.7	333
1861338	4932.YHL031C	38.7	101
1861518	4932.YHR132W-A	38.5	45
1863392	4932.YMR033W	38.1	210
1861497	4932.YHR113W	38.1	219
1863139	4932.YLR410W	38.1	486
1862276	4932.YKL006C-A	37.8	32
1859862	4932.YDR201W	37.8	91
1860586	4932.YFL017C	37.8	109
1861215	4932.YGR215W	37.7	37
1864418	4932.YOR074C	37.7	173
1861597	4932.YHR201C	37.7	161
1861766	4932.YIL126W	37.6	566
1862512	4932.YKR003W	37.6	165
1862105	4932.YJR002W	37.5	185
1864475	4932.YOR131C	37.4	100
1863879	4932.YNL151C	37.4	125
1864217	4932.YOL057W	37.4	316
1859388	4932.YDL005C	37.3	126
1861818	4932.YIR001C	37.2	55
1861678	4932.YIL046W	37.1	291
1858757	4932.YBL017C	36.9	721
1861097	4932.YGR109W-A	36.8	321
1859433	4932.YDL047W	36.8	156
1865151	4932.YPR091C	36.8	269
1862418	4932.YKL137W	36.8	19
1862660	4932.YLL041C	36.7	109
1859033	4932.YBR151W	36.7	109
1863541	4932.YMR170C	36.6	461
1863832	4932.YNL108C	36.5	73
1865265	4932.YPR190C	36.4	254
1859451	4932.YDL065C	36.4	182
1859599	4932.YDL204W	36.4	124
1861210	4932.YGR210C	36.1	135
1861910	4932.YJL045W	36.1	362
1861185	4932.YGR186W	36.0	184
1859146	4932.YBR253W	35.8	45
1858992	4932.YBR115C	35.6	621
1863980	4932.YNL251C	35.5	231
1859308	4932.YCR034W	35.4	80
1863005	4932.YLR287C	35.3	129
1862742	4932.YLR052W	35.2	91
1864882	4932.YPL119C	35.2	886
1860430	4932.YER082C	35.1	148
1861717	4932.YIL082W	35.1	321
1864128	4932.YNR051C	35.1	181
1859047	4932.YBR164C	35.0	81
1863645	4932.YMR264W	35.0	81
1863929	4932.YNL200C	34.9	121
1858794	4932.YBL051C	34.9	159
1859511	4932.YDL122W	34.9	370
1862572	4932.YKR062W	34.8	110
1863417	4932.YMR056C	34.7	427
1861676	4932.YIL044C	34.7	83
1861778	4932.YIL137C	34.7	360
1864251	4932.YOL088C	34.6	79
1863107	4932.YLR380W	34.5	144
1862913	4932.YLR203C	34.5	160
1862916	4932.YLR206W	34.4	122
1863944	4932.YNL215W	34.4	92
1860925	4932.YGL210W	34.3	237
1863779	4932.YNL059C	34.3	260
1860968	4932.YGL252C	34.2	229
1860730	4932.YGL020C	34.1	93
1860838	4932.YGL125W	34.1	215
1860162	4932.YDR477W	34.1	254
1862790	4932.YLR099W-A	34.1	14
1861770	4932.YIL130W	34.1	342
1864429	4932.YOR085W	34.1	134
1864793	4932.YPL032C	34.1	336
1859544	4932.YDL153C	34.0	210
1860668	4932.YFR024C-A	34.0	204
1862992	4932.YLR276C	33.9	212
1863171	4932.YLR438C-A	33.9	38
1865201	4932.YPR137W	33.9	142
1860885	4932.YGL172W	33.9	94
1861496	4932.YHR112C	33.9	138
1860329	4932.YER001W	33.9	264
1859790	4932.YDR135C	33.8	652
1861849	4932.YIR026C	33.8	166
1859126	4932.YBR233W-A	33.8	42
1859554	4932.YDL160C-A	33.7	33
1860303	4932.YEL056W	33.7	184
1864596	4932.YOR243C	33.6	263
1860410	4932.YER067W	33.5	67
1859350	4932.YCR077C	33.5	196
1864935	4932.YPL169C	33.5	227
1864107	4932.YNR032C-A	33.5	42
1862534	4932.YKR025W	33.4	102
1864449	4932.YOR106W	33.4	84
1859103	4932.YBR214W	33.3	220
1859214	4932.YCL017C	33.3	201
1860092	4932.YDR408C	33.2	84
1862497	4932.YKL213C	33.2	289
1862437	4932.YKL154W	33.1	87
1863043	4932.YLR321C	33.1	174
1862300	4932.YKL027W	33.1	174
1861916	4932.YJL050W	33.0	438
1862783	4932.YLR093C	33.0	69
1860947	4932.YGL231C	32.9	79
1860749	4932.YGL039W	32.8	180
1864890	4932.YPL126W	32.8	359
1862517	4932.YKR008W	32.8	299
1861136	4932.YGR145W	32.7	187
1861199	4932.YGR200C	32.7	380
1860769	4932.YGL058W	32.6	37
1861825	4932.YIR008C	32.5	88
1863254	4932.YML045W-A	32.5	6786
1863280	4932.YML067C	32.4	84
1859094	4932.YBR205W	32.4	158
1859539	4932.YDL148C	32.4	120
1863473	4932.YMR109W	32.4	538
1863617	4932.YMR238W	32.3	177
1859820	4932.YDR165W	32.3	197
1859959	4932.YDR289C	32.2	110
1860738	4932.YGL028C	32.2	83
1860391	4932.YER053C	32.1	77
1861602	4932.YHR206W	32.0	166
1863592	4932.YMR214W	31.9	144
1861232	4932.YGR232W	31.9	117
1861376	4932.YHR012W	31.9	91
1859600	4932.YDL205C	31.8	133
1862516	4932.YKR007W	31.8	73
1863080	4932.YLR356W	31.8	48
1864844	4932.YPL082C	31.7	844
1859010	4932.YBR130C	31.7	154
1863652	4932.YMR271C	31.7	187
1861246	4932.YGR245C	31.6	248
1862607	4932.YKR095W-A	31.6	19
1864020	4932.YNL288W	31.5	106
1859334	4932.YCR060W	31.5	40
1865147	4932.YPR086W	31.5	140
1862919	4932.YLR209C	31.5	159
1863459	4932.YMR096W	31.4	136
1861362	4932.YHR001W	31.3	233
1863481	4932.YMR117C	31.3	73
1859344	4932.YCR072C	31.2	154
1862515	4932.YKR006C	31.2	97
1861767	4932.YIL127C	31.2	41
1860580	4932.YFL013C	31.2	269
1860118	4932.YDR434W	31.1	177
1861777	4932.YIL136W	31.1	110
1864560	4932.YOR207C	31.1	479
1860767	4932.YGL056C	31.0	151
1861667	4932.YIL035C	31.0	148
1860778	4932.YGL066W	31.0	179
1863360	4932.YMR005W	31.0	129
1862715	4932.YLR026C	30.9	116
1863474	4932.YMR110C	30.9	164
1862909	4932.YLR199C	30.9	136
1861547	4932.YHR158C	30.8	411
1862407	4932.YKL126W	30.8	302
1863575	4932.YMR197C	30.7	86
1862224	4932.YJR118C	30.6	60
1861505	4932.YHR121W	30.6	65
1859450	4932.YDL064W	30.5	42
1859541	4932.YDL150W	30.5	102
1865163	4932.YPR103W	30.4	155
1861719	4932.YIL083C	30.4	147
1865096	4932.YPR036W-A	30.4	22
1864522	4932.YOR173W	30.4	181
1863010	4932.YLR291C	30.3	143
1863307	4932.YML093W	30.3	215
1861071	4932.YGR084C	30.2	137
1860437	4932.YER087C-B	30.2	36
1860295	4932.YEL050C	30.1	53
1864343	4932.YOR008C	30.1	73
1859705	4932.YDR054C	30.1	65
1858872	4932.YBR006W	30.0	171
1859849	4932.YDR189W	30.0	241
1864975	4932.YPL207W	30.0	230
1861068	4932.YGR081C	29.9	52
1860884	4932.YGL171W	29.9	134
1860954	4932.YGL238W	29.9	351
1858961	4932.YBR087W	29.8	149
1862058	4932.YJL183W	29.8	144
1861951	4932.YJL081C	29.8	151
1859607	4932.YDL212W	29.7	37
1863958	4932.YNL229C	29.7	126
1860905	4932.YGL191W	29.6	33
1864812	4932.YPL050C	29.6	160
1859963	4932.YDR293C	29.6	466
1860536	4932.YER168C	29.5	196
1862393	4932.YKL112W	29.5	219
1861634	4932.YIL008W	29.5	52
1861668	4932.YIL036W	29.4	162
1863834	4932.YNL110C	29.4	68
1863647	4932.YMR266W	29.3	138
1861937	4932.YJL069C	29.2	147
1860737	4932.YGL027C	29.2	338
1862338	4932.YKL063C	29.1	27
1864539	4932.YOR189W	29.1	38
1863431	4932.YMR070W	29.1	41
1860155	4932.YDR469W	29.1	67
1861205	4932.YGR205W	29.0	113
1862293	4932.YKL021C	29.0	138
1859826	4932.YDR170C	28.9	747
1859646	4932.YDR001C	28.9	278
1861630	4932.YIL004C	28.9	47
1861070	4932.YGR083C	28.8	147
1861700	4932.YIL066C	28.8	510
1864015	4932.YNL284C-A	28.8	1803
1862535	4932.YKR026C	28.8	116
1864514	4932.YOR165W	28.8	267
1864992	4932.YPL223C	28.8	41
1864274	4932.YOL108C	28.7	45
1859954	4932.YDR284C	28.7	137
1864892	4932.YPL128C	28.7	174
1859632	4932.YDL237W	28.5	174
1861670	4932.YIL038C	28.5	190
1863636	4932.YMR255W	28.4	44
1858988	4932.YBR111W-A	28.4	31
1859817	4932.YDR162C	28.3	89
1864955	4932.YPL188W	28.3	98
1862344	4932.YKL068W	28.3	163
1860592	4932.YFL021W	28.2	117
1863616	4932.YMR237W	28.2	256
1862315	4932.YKL041W	28.2	30
1860735	4932.YGL025C	28.2	63
1862884	4932.YLR174W	28.2	411
1860243	4932.YEL007W	28.2	74
1864211	4932.YOL052C	28.1	123
1862570	4932.YKR060W	28.1	55
1861478	4932.YHR094C	28.1	232
1865173	4932.YPR112C	28.0	274
1863059	4932.YLR337C	28.0	149
1863742	4932.YNL024C-A	28.0	27
1862005	4932.YJL133C-A	28.0	23
1859749	4932.YDR097C	27.9	434
1863003	4932.YLR286C	27.9	127
1863405	4932.YMR046C	27.9	1650
1861481	4932.YHR097C	27.9	93
1864339	4932.YOR004W	27.9	51
1861979	4932.YJL109C	27.9	646
1860088	4932.YDR405W	27.7	35
1864055	4932.YNL323W	27.7	118
1864308	4932.YOL142W	27.6	102
1863559	4932.YMR184W	27.6	44
1859840	4932.YDR182W	27.6	168
1864958	4932.YPL190C	27.6	189
1863806	4932.YNL085W	27.5	249
1865015	4932.YPL246C	27.5	36
1861495	4932.YHR111W	27.4	117
1863896	4932.YNL167C	27.4	153
1859285	4932.YCR016W	27.4	74
1861482	4932.YHR098C	27.4	304
1864547	4932.YOR194C	27.4	44
1863364	4932.YMR009W	27.3	59
1861672	4932.YIL040W	27.3	62
1859199	4932.YCL001W	27.3	48
1859176	4932.YBR282W	27.3	22
1864257	4932.YOL094C	27.2	116
1859252	4932.YCL054W	27.1	174
1864179	4932.YOL021C	27.1	332
1863936	4932.YNL207W	26.9	103
1862034	4932.YJL159W	26.9	228
1859366	4932.YCR093W	26.9	589
1860866	4932.YGL153W	26.8	108
1864491	4932.YOR145C	26.8	72
1861127	4932.YGR136W	26.8	38
1863396	4932.YMR037C	26.7	87
1862488	4932.YKL204W	26.6	149
1863884	4932.YNL156C	26.6	62
1862527	4932.YKR018C	26.6	214
1863895	4932.YNL166C	26.6	151
1859499	4932.YDL111C	26.6	76
1859399	4932.YDL015C	26.5	159
1864937	4932.YPL171C	26.5	366
1861501	4932.YHR117W	26.5	162
1861120	4932.YGR129W	26.5	30
1862821	4932.YLR129W	26.4	300
1861188	4932.YGR189C	26.3	133
1859719	4932.YDR068W	26.2	98
1864453	4932.YOR109W	26.2	383
1858657	4932.YAL034W-A	26.1	77
1858640	4932.YAL021C	26.1	243
1858914	4932.YBR046C	26.0	144
1862745	4932.YLR055C	26.0	226
1862924	4932.YLR214W	26.0	274
1865118	4932.YPR058W	26.0	82
1860395	4932.YER056C	25.9	69
1859555	4932.YDL161W	25.9	75
1860939	4932.YGL224C	25.9	78
1859827	4932.YDR170W-A	25.9	1619
1860992	4932.YGR012W	25.9	149
1862584	4932.YKR074W	25.9	61
1858650	4932.YAL030W	25.8	32
1863823	4932.YNL100W	25.7	78
1860661	4932.YFR017C	25.7	52
1863288	4932.YML075C	25.7	312
1864397	4932.YOR056C	25.7	108
1863753	4932.YNL035C	25.6	169
1860197	4932.YDR511W	25.6	38
1865025	4932.YPL254W	25.6	137
1864042	4932.YNL310C	25.5	47
1863212	4932.YML007W	25.5	157
1860823	4932.YGL111W	25.5	100
1864210	4932.YOL051W	25.5	224
1864620	4932.YOR267C	25.4	152
1861820	4932.YIR003W	25.4	211
1858671	4932.YAL044W-A	25.4	34
1862379	4932.YKL100C	25.4	153
1864985	4932.YPL217C	25.3	270
1864512	4932.YOR163W	25.3	49
1859358	4932.YCR086W	25.3	56
1863796	4932.YNL075W	25.3	60
1863407	4932.YMR047C	25.3	139
1862330	4932.YKL055C	25.2	158
1860539	4932.YER171W	25.2	225
1864099	4932.YNR024W	25.2	45
1865132	4932.YPR072W	25.2	153
1859510	4932.YDL121C	25.1	34
1860753	4932.YGL041W-A	25.1	29
1859243	4932.YCL045C	25.1	215
1862394	4932.YKL113C	25.0	112
1863791	4932.YNL070W	25.0	34
1859962	4932.YDR292C	25.0	217
1863126	4932.YLR399C	25.0	113
1862051	4932.YJL176C	24.9	188
1859657	4932.YDR011W	24.8	383
1864081	4932.YNR006W	24.8	127
1858925	4932.YBR056W	24.7	141
1861150	4932.YGR158C	24.7	56
1859980	4932.YDR310C	24.7	327
1859833	4932.YDR176W	24.5	191
1861743	4932.YIL105C	24.5	161
1863835	4932.YNL111C	24.5	26
1859547	4932.YDL156W	24.5	118
1861253	4932.YGR252W	24.4	124
1864673	4932.YOR316C	24.4	79
1862179	4932.YJR074W	24.4	84
1863723	4932.YNL006W	24.3	72
1865082	4932.YPR023C	24.3	110
1860696	4932.YFR047C	24.3	81
1859304	4932.YCR030C	24.3	203
1860941	4932.YGL226C-A	24.2	32
1864354	4932.YOR016C	24.1	47
1859617	4932.YDL222C	24.1	66
1863948	4932.YNL219C	24.1	173
1864774	4932.YPL013C	24.0	29
1861754	4932.YIL115C	24.0	412
1859730	4932.YDR079C-A	23.9	29
1861591	4932.YHR196W	23.9	213
1864227	4932.YOL067C	23.9	60
1858826	4932.YBL079W	23.9	443
1865263	4932.YPR188C	23.9	54
1862633	4932.YLL014W	23.9	32
1863811	4932.YNL090W	23.8	70
1862648	4932.YLL029W	23.7	214
1860229	4932.YDR539W	23.7	100
1858812	4932.YBL068W	23.6	120
1863129	4932.YLR401C	23.6	181
1862371	4932.YKL094W	23.6	104
1863318	4932.YML101C	23.5	30
1859445	4932.YDL059C	23.5	69
1864574	4932.YOR221C	23.5	94
1859975	4932.YDR305C	23.4	51
1861786	4932.YIL144W	23.3	202
1860897	4932.YGL184C	23.2	116
1860161	4932.YDR476C	23.2	71
1861905	4932.YJL039C	23.1	476
1863574	4932.YMR196W	23.1	346
1865189	4932.YPR128C	23.0	94
1859835	4932.YDR178W	23.0	32
1864485	4932.YOR141C	23.0	251
1864365	4932.YOR026W	23.0	118
1860863	4932.YGL150C	22.9	322
1863251	4932.YML042W	22.9	175
1861458	4932.YHR076W	22.9	77
1860644	4932.YFR003C	22.9	48
1860350	4932.YER019C-A	22.9	24
1859053	4932.YBR170C	22.8	129
1861601	4932.YHR205W	22.8	147
1862755	4932.YLR065C	22.8	41
1864444	4932.YOR101W	22.8	97
1859678	4932.YDR031W	22.7	30
1865002	4932.YPL233W	22.7	64
1862190	4932.YJR086W	22.7	38
1858686	4932.YAL059W	22.7	35
1860419	4932.YER074W-A	22.7	40
1863086	4932.YLR361C-A	22.6	18
1862773	4932.YLR083C	22.6	198
1863116	4932.YLR389C	22.6	328
1863350	4932.YML131W	22.6	99
1860724	4932.YGL014W	22.5	149
1859969	4932.YDR299W	22.5	164
1859610	4932.YDL215C	22.5	307
1861390	4932.YHR024C	22.4	111
1861182	4932.YGR183C	22.4	14
1862472	4932.YKL186C	22.4	52
1861011	4932.YGR029W	22.3	48
1864038	4932.YNL306W	22.3	38
1861582	4932.YHR188C	22.2	135
1861902	4932.YJL036W	22.2	104
1864262	4932.YOL098C	22.2	265
1864610	4932.YOR257W	22.2	50
1860519	4932.YER154W	22.2	48
1864783	4932.YPL022W	22.2	379
1861859	4932.YIR035C	22.2	89
1863808	4932.YNL087W	22.1	276
1860075	4932.YDR392W	22.1	74
1864569	4932.YOR216C	22.0	115
1864570	4932.YOR217W	22.0	198
1862201	4932.YJR096W	22.0	87
1860794	4932.YGL082W	21.9	71
1860089	4932.YDR406W	21.9	867
1859999	4932.YDR324C	21.9	210
1860777	4932.YGL065C	21.9	141
1863363	4932.YMR008C	21.8	200
1862197	4932.YJR093C	21.8	86
1864770	4932.YPL009C	21.8	280
1862667	4932.YLL048C	21.7	423
1859175	4932.YBR281C	21.7	192
1861595	4932.YHR199C-A	21.7	12
1864062	4932.YNL330C	21.7	160
1863809	4932.YNL088W	21.5	319
1859805	4932.YDR150W	21.5	695
1860058	4932.YDR377W	21.5	28
1858923	4932.YBR055C	21.5	284
1860283	4932.YEL038W	21.5	73
1861801	4932.YIL157C	21.5	46
1859097	4932.YBR208C	21.4	486
1863722	4932.YNL005C	21.4	63
1861806	4932.YIL162W	21.3	100
1860812	4932.YGL100W	21.3	88
1860918	4932.YGL203C	21.2	186
1860178	4932.YDR493W	21.2	20
1861235	4932.YGR235C	21.2	54
1860367	4932.YER034W	21.2	37
1862464	4932.YKL179C	21.1	132
1864126	4932.YNR049C	21.0	45
1859078	4932.YBR193C	21.0	35
1860463	4932.YER107C	21.0	91
1860506	4932.YER145C	21.0	81
1863366	4932.YMR011W	20.9	137
1864310	4932.YOL144W	20.9	95
1862872	4932.YLR163C	20.9	85
1863002	4932.YLR285W	20.8	45
1863072	4932.YLR348C	20.8	55
1859517	4932.YDL128W	20.8	66
1859698	4932.YDR047W	20.8	84
1860340	4932.YER010C	20.8	36
1859735	4932.YDR083W	20.7	72
1861049	4932.YGR063C	20.6	24
1864846	4932.YPL084W	20.6	180
1863124	4932.YLR397C	20.6	191
1865240	4932.YPR168W	20.6	18
1864678	4932.YOR320C	20.6	114
1858929	4932.YBR058C-A	20.6	13
1860531	4932.YER164W	20.6	321
1864997	4932.YPL228W	20.5	102
1861821	4932.YIR004W	20.5	127
1859618	4932.YDL223C	20.5	261
1864820	4932.YPL058C	20.4	366
1861464	4932.YHR081W	20.4	24
1864594	4932.YOR241W	20.4	101
1860643	4932.YFR002W	20.3	191
1863476	4932.YMR112C	20.3	28
1864848	4932.YPL086C	20.3	107
1859118	4932.YBR227C	20.3	90
1862640	4932.YLL021W	20.2	319
1860451	4932.YER095W	20.2	79
1863467	4932.YMR104C	20.2	216
1860030	4932.YDR354W	20.2	93
1859873	4932.YDR210W	20.1	9
1863089	4932.YLR363W-A	20.1	3
1864090	4932.YNR015W	20.1	78
1863046	4932.YLR324W	20.1	130
1859585	4932.YDL190C	20.1	225
1859054	4932.YBR171W	20.1	50
1858921	4932.YBR053C	20.0	100
1862580	4932.YKR070W	20.0	75
1864974	4932.YPL206C	20.0	80
1858854	4932.YBL103C	20.0	137
1861519	4932.YHR133C	19.9	41
1864173	4932.YOL016C	19.9	92
1859229	4932.YCL031C	19.9	41
1861317	4932.YHL013C	19.9	70
1862565	4932.YKR055W	19.9	42
1863902	4932.YNL173C	19.9	83
1862797	4932.YLR106C	19.8	1206
1864235	4932.YOL076W	19.8	179
1859000	4932.YBR122C	19.8	28
1864972	4932.YPL204W	19.8	115
1858768	4932.YBL028C	19.8	6
1860145	4932.YDR461C-A	19.8	15
1859799	4932.YDR144C	19.8	99
1860660	4932.YFR016C	19.7	285
1859181	4932.YBR287W	19.7	66
1861091	4932.YGR104C	19.7	65
1863669	4932.YMR286W	19.7	13
1861586	4932.YHR192W	19.6	62
1860108	4932.YDR424C	19.6	20
1863495	4932.YMR129W	19.6	338
1863240	4932.YML031W	19.6	117
1864352	4932.YOR014W	19.6	136
1859237	4932.YCL039W	19.5	185
1860184	4932.YDR499W	19.5	176
1862137	4932.YJR032W	19.5	58
1860250	4932.YEL012W	19.4	24
1862139	4932.YJR034W	19.4	14
1859280	4932.YCR011C	19.4	203
1862990	4932.YLR274W	19.3	160
1861483	4932.YHR099W	19.3	1076
1864110	4932.YNR034W	19.3	79
1862691	4932.YLR002C	19.3	178
1859417	4932.YDL031W	19.2	190
1863981	4932.YNL252C	19.2	51
1861747	4932.YIL108W	19.2	178
1863379	4932.YMR022W	19.2	21
1864732	4932.YOR370C	19.2	153
1863739	4932.YNL022C	19.2	68
1861279	4932.YGR277C	19.2	89
1859209	4932.YCL010C	19.1	68
1861465	4932.YHR082C	19.1	224
1860074	4932.YDR391C	19.1	50
1860607	4932.YFL034C-B	19.1	48
1862039	4932.YJL164C	19.1	131
1862759	4932.YLR069C	19.1	129
1863975	4932.YNL246W	19.0	41
1860351	4932.YER019W	19.0	111
1860502	4932.YER141W	19.0	111
1860659	4932.YFR015C	18.9	165
1861648	4932.YIL020C	18.9	62
1862474	4932.YKL188C	18.9	226
1861380	4932.YHR016C	18.9	79
1862127	4932.YJR022W	18.9	22
1864315	4932.YOL149W	18.8	55
1862723	4932.YLR034C	18.8	85
1861172	4932.YGR174C	18.8	23
1865241	4932.YPR169W	18.8	82
1865097	4932.YPR037C	18.8	33
1865186	4932.YPR125W	18.7	81
1858742	4932.YBL005W-A	18.7	847
1864815	4932.YPL053C	18.7	137
1864047	4932.YNL315C	18.7	50
1862578	4932.YKR068C	18.6	52
1860543	4932.YER174C	18.6	138
1860879	4932.YGL166W	18.6	22
1861631	4932.YIL005W	18.6	126
1864292	4932.YOL126C	18.5	64
1860713	4932.YGL006W	18.5	204
1859779	4932.YDR123C	18.5	34
1861485	4932.YHR101C	18.4	64
1863030	4932.YLR309C	18.4	115
1862511	4932.YKR002W	18.4	132
1863668	4932.YMR285C	18.4	117
1864229	4932.YOL069W	18.3	110
1858853	4932.YBL102W	18.3	68
1860081	4932.YDR398W	18.3	128
1863906	4932.YNL177C	18.3	47
1862756	4932.YLR066W	18.2	34
1860819	4932.YGL107C	18.2	143
1864467	4932.YOR123C	18.2	92
1864504	4932.YOR158W	18.2	47
1863847	4932.YNL123W	18.2	200
1862354	4932.YKL077W	18.2	84
1862147	4932.YJR042W	18.1	207
1859162	4932.YBR268W	18.1	16
1863959	4932.YNL230C	18.1	80
1862963	4932.YLR250W	18.0	54
1864963	4932.YPL195W	18.0	241
1865016	4932.YPL247C	18.0	79
1861144	4932.YGR152C	18.0	52
1860461	4932.YER105C	18.0	282
1861476	4932.YHR092C	18.0	152
1860171	4932.YDR486C	17.9	21
1863310	4932.YML095C	17.9	59
1862582	4932.YKR072C	17.9	104
1862378	4932.YKL099C	17.9	26
1859500	4932.YDL112W	17.9	349
1860352	4932.YER020W	17.9	93
1862053	4932.YJL178C	17.9	63
1863452	4932.YMR089C	17.8	96
1865185	4932.YPR124W	17.8	95
1863225	4932.YML017W	17.8	110
1860023	4932.YDR348C	17.8	106
1862434	4932.YKL151C	17.8	62
1861433	4932.YHR058C	17.8	65
1864634	4932.YOR281C	17.8	69
1862185	4932.YJR080C	17.7	80
1864971	4932.YPL203W	17.7	67
1861878	4932.YJL011C	17.7	30
1861177	4932.YGR178C	17.7	147
1858703	4932.YAR002W	17.7	112
1860427	4932.YER079W	17.7	46
1859104	4932.YBR215W	17.6	88
1864255	4932.YOL092W	17.6	31
1858649	4932.YAL029C	17.6	460
1863965	4932.YNL236W	17.6	216
1863081	4932.YLR357W	17.5	198
1858737	4932.YBL001C	17.5	9
1859774	4932.YDR119W	17.5	125
1864314	4932.YOL148C	17.5	135
1863520	4932.YMR152W	17.4	95
1860728	4932.YGL018C	17.4	27
1859460	4932.YDL074C	17.4	103
1859567	4932.YDL173W	17.4	48
1862655	4932.YLL036C	17.4	113
1859558	4932.YDL164C	17.4	115
1860095	4932.YDR411C	17.4	52
1859597	4932.YDL202W	17.4	40
1860829	4932.YGL117W	17.3	59
1860034	4932.YDR358W	17.3	109
1860926	4932.YGL211W	17.3	62
1865084	4932.YPR025C	17.3	78
1862274	4932.YKL004W	17.3	24
1861194	4932.YGR195W	17.2	20
1862025	4932.YJL151C	17.2	17
1860144	4932.YDR460W	17.2	59
1859966	4932.YDR296W	17.1	37
1859620	4932.YDL225W	17.1	90
1861899	4932.YJL033W	17.1	148
1858909	4932.YBR041W	17.1	119
1860455	4932.YER099C	17.1	94
1860544	4932.YER175C	17.0	71
1859560	4932.YDL166C	17.0	51
1861921	4932.YJL054W	17.0	95
1864159	4932.YOL004W	17.0	257
1863862	4932.YNL137C	17.0	58
1860864	4932.YGL151W	16.9	200
1862272	4932.YKL002W	16.9	16
1862698	4932.YLR009W	16.9	22
1864900	4932.YPL135W	16.9	39
1862606	4932.YKR095W	16.9	285
1861416	4932.YHR046C	16.8	45
1862692	4932.YLR003C	16.8	53
1860221	4932.YDR531W	16.7	75
1861394	4932.YHR028C	16.7	208
1860894	4932.YGL181W	16.7	38
1859808	4932.YDR153C	16.7	70
1861526	4932.YHR139C	16.7	32
1860416	4932.YER072W	16.7	48
1861827	4932.YIR010W	16.7	85
1858841	4932.YBL093C	16.7	17
1863898	4932.YNL169C	16.7	98
1863442	4932.YMR080C	16.6	194
1863590	4932.YMR212C	16.6	103
1860264	4932.YEL022W	16.6	270
1862604	4932.YKR093W	16.6	112
1861305	4932.YHL004W	16.6	85
1863244	4932.YML035C	16.6	155
1863993	4932.YNL264C	16.6	47
1864131	4932.YNR054C	16.6	47
1865130	4932.YPR070W	16.5	101
1864077	4932.YNR003C	16.5	78
1860756	4932.YGL044C	16.5	33
1864105	4932.YNR030W	16.4	143
1858953	4932.YBR081C	16.4	267
1859322	4932.YCR046C	16.4	25
1860302	4932.YEL055C	16.4	256
1860721	4932.YGL012W	16.4	98
1862768	4932.YLR078C	16.3	50
1864847	4932.YPL085W	16.3	353
1862129	4932.YJR024C	16.3	74
1861367	4932.YHR005C	16.2	109
1864523	4932.YOR174W	16.2	61
1861971	4932.YJL101C	16.2	115
1859793	4932.YDR138W	16.2	141
1858669	4932.YAL043C	16.2	148
1858986	4932.YBR110W	16.1	81
1859929	4932.YDR261C-D	16.1	9867
1861273	4932.YGR271C-A	16.1	35
1863532	4932.YMR161W	16.1	27
1859020	4932.YBR139W	16.1	91
1862216	4932.YJR111C	16.1	44
1859896	4932.YDR231C	16.0	42
1862455	4932.YKL170W	16.0	26
1864454	4932.YOR110W	16.0	102
1864165	4932.YOL010W	16.0	99
1858825	4932.YBL078C	15.9	21
1858946	4932.YBR074W	15.9	182
1862930	4932.YLR220W	15.9	63
1864799	4932.YPL038W	15.9	29
1861805	4932.YIL161W	15.9	28
1860658	4932.YFR014C	15.9	82
1864398	4932.YOR057W	15.9	66
1862156	4932.YJR051W	15.8	119
1861537	4932.YHR148W	15.8	17
1864085	4932.YNR010W	15.8	38
1862958	4932.YLR245C	15.8	34
1862000	4932.YJL128C	15.8	117
1863245	4932.YML036W	15.7	38
1859428	4932.YDL043C	15.7	36
1859101	4932.YBR212W	15.6	59
1861448	4932.YHR070W	15.6	81
1864898	4932.YPL134C	15.6	49
1860132	4932.YDR448W	15.6	96
1861442	4932.YHR066W	15.6	132
1865076	4932.YPR017C	15.6	27
1864014	4932.YNL284C	15.6	37
1865030	4932.YPL257W-B	15.6	10156
1858593	4932.Q0045	15.6	52
1864660	4932.YOR304W	15.5	231
1862611	4932.YKR099W	15.5	125
1859733	4932.YDR081C	15.5	166
1863578	4932.YMR200W	15.5	38
1864215	4932.YOL055C	15.5	158
1861557	4932.YHR167W	15.5	41
1863100	4932.YLR373C	15.5	226
1862593	4932.YKR082W	15.5	225
1862861	4932.YLR157C-B	15.4	10070
1859771	4932.YDR117C	15.4	85
1863624	4932.YMR244C-A	15.4	8
1860614	4932.YFL041W	15.4	142
1863224	4932.YML016C	15.4	147
1859024	4932.YBR142W	15.4	151
1861129	4932.YGR138C	15.4	80
1861613	4932.YHR214C-B	15.3	9226
1860528	4932.YER161C	15.3	31
1860498	4932.YER138C	15.2	10218
1864911	4932.YPL146C	15.2	39
1862848	4932.YLR154C	15.2	11
1860846	4932.YGL133W	15.1	231
1863494	4932.YMR128W	15.1	187
1861768	4932.YIL128W	15.1	230
1863176	4932.YLR442C	15.1	209
1859832	4932.YDR175C	15.1	48
1859794	4932.YDR139C	15.1	11
1860182	4932.YDR497C	15.1	53
1861928	4932.YJL061W	15.1	101
1860911	4932.YGL196W	15.0	55
1862490	4932.YKL206C	15.0	42
1860044	4932.YDR365W-B	15.0	10061
1861920	4932.YJL053W	15.0	65
1860193	4932.YDR508C	15.0	139
1863165	4932.YLR433C	15.0	112
1861373	4932.YHR009C	15.0	116
1859323	4932.YCR047C	14.9	37
1862653	4932.YLL034C	14.9	152
1860804	4932.YGL092W	14.9	220
1864641	4932.YOR288C	14.9	48
1860987	4932.YGR007W	14.8	68
1860657	4932.YFR013W	14.8	142
1864875	4932.YPL112C	14.8	70
1859901	4932.YDR236C	14.8	70
1862630	4932.YLL011W	14.8	64
1859910	4932.YDR245W	14.8	85
1863333	4932.YML115C	14.8	99
1863909	4932.YNL180C	14.8	54
1859405	4932.YDL021W	14.8	42
1864524	4932.YOR175C	14.7	117
1861942	4932.YJL074C	14.7	170
1859535	4932.YDL144C	14.7	59
1860412	4932.YER068W	14.7	70
1862811	4932.YLR120C	14.6	32
1864729	4932.YOR367W	14.6	42
1865208	4932.YPR144C	14.6	83
1863842	4932.YNL118C	14.6	154
1859819	4932.YDR164C	14.6	135
1861500	4932.YHR116W	14.6	21
1860748	4932.YGL038C	14.5	80
1862596	4932.YKR085C	14.5	20
1862337	4932.YKL062W	14.5	91
1865200	4932.YPR137C-B	14.4	10004
1860928	4932.YGL213C	14.4	56
1860842	4932.YGL129C	14.4	55
1860289	4932.YEL044W	14.3	22
1861637	4932.YIL010W	14.3	36
1862595	4932.YKR084C	14.3	105
1860246	4932.YEL009C	14.3	37
1858744	4932.YBL006C	14.3	30
1862761	4932.YLR071C	14.3	190
1862892	4932.YLR182W	14.3	132
1863721	4932.YNL004W	14.2	67
1859917	4932.YDR251W	14.2	152
1862239	4932.YJR133W	14.2	40
1863528	4932.YMR158W	14.2	29
1861445	4932.YHR069C	14.2	77
1859449	4932.YDL063C	14.2	75
1858869	4932.YBR003W	14.1	81
1859232	4932.YCL034W	14.1	82
1864269	4932.YOL103W-B	14.1	9217
1862164	4932.YJR059W	14.1	156
1858884	4932.YBR016W	14.1	16
1864088	4932.YNR013C	14.0	106
1865116	4932.YPR056W	14.0	79
1860010	4932.YDR335W	14.0	278
1860485	4932.YER128W	14.0	22
1860962	4932.YGL246C	14.0	69
1859927	4932.YDR261C	14.0	118
1863479	4932.YMR115W	14.0	62
1861233	4932.YGR233C	13.9	201
1863781	4932.YNL062C	13.9	57
1859675	4932.YDR028C	13.9	128
1859049	4932.YBR166C	13.9	94
1859559	4932.YDL165W	13.9	26
1863264	4932.YML054C	13.9	76
1861636	4932.YIL009W	13.9	121
1859651	4932.YDR005C	13.9	46
1863710	4932.YMR319C	13.9	72
1864809	4932.YPL047W	13.8	21
1863769	4932.YNL050C	13.8	30
1863214	4932.YML009C	13.8	3
1863248	4932.YML039W	13.7	9710
1860982	4932.YGR002C	13.7	63
1863826	4932.YNL103W	13.7	77
1862940	4932.YLR227W-B	13.7	9573
1863034	4932.YLR312W-A	13.7	38
1863159	4932.YLR427W	13.7	99
1859397	4932.YDL013W	13.7	94
1864214	4932.YOL054W	13.7	65
1862577	4932.YKR067W	13.7	123
1860474	4932.YER118C	13.6	54
1859167	4932.YBR273C	13.6	56
1864045	4932.YNL313C	13.6	179
1863434	4932.YMR073C	13.5	23
1865023	4932.YPL252C	13.5	8
1859614	4932.YDL219W	13.5	33
1865091	4932.YPR032W	13.5	152
1859981	4932.YDR311W	13.5	108
1862365	4932.YKL088W	13.5	77
1864326	4932.YOL159C-A	13.5	14
1862132	4932.YJR027W	13.5	9637
1859028	4932.YBR146W	13.5	49
1864101	4932.YNR026C	13.4	72
1858994	4932.YBR117C	13.4	121
1861995	4932.YJL125C	13.3	41
1864093	4932.YNR018W	13.3	32
1863146	4932.YLR414C	13.3	36
1865257	4932.YPR182W	13.3	28
1859982	4932.YDR312W	13.3	115
1859005	4932.YBR126W-A	13.2	24
1860362	4932.YER029C	13.2	16
1864879	4932.YPL116W	13.2	116
1860779	4932.YGL067W	13.2	66
1861336	4932.YHL030W	13.1	318
1862346	4932.YKL069W	13.1	32
1859728	4932.YDR077W	13.1	21
1864410	4932.YOR069W	13.1	84
1861063	4932.YGR076C	13.1	8
1861262	4932.YGR261C	13.1	128
1864422	4932.YOR078W	13.1	29
1859231	4932.YCL033C	13.0	29
1864582	4932.YOR229W	13.0	72
1863227	4932.YML019W	13.0	71
1859752	4932.YDR098C-B	13.0	9234
1859988	4932.YDR316W-B	12.9	9389
1863386	4932.YMR029C	12.9	62
1862825	4932.YLR133W	12.9	88
1865248	4932.YPR173C	12.9	82
1861474	4932.YHR090C	12.9	43
1860066	4932.YDR383C	12.9	31
1860943	4932.YGL227W	12.9	154
1862410	4932.YKL129C	12.8	191
1862134	4932.YJR029W	12.8	9449
1861009	4932.YGR027W-B	12.8	9414
1862594	4932.YKR083C	12.8	19
1863321	4932.YML103C	12.8	232
1863718	4932.YNL001W	12.8	61
1865203	4932.YPR139C	12.7	51
1860276	4932.YEL032W	12.7	147
1860594	4932.YFL023W	12.7	76
1864468	4932.YOR124C	12.7	207
1864389	4932.YOR048C	12.7	122
1861148	4932.YGR156W	12.7	44
1862411	4932.YKL130C	12.7	33
1861023	4932.YGR038C-B	12.7	8977
1859135	4932.YBR242W	12.7	30
1859120	4932.YBR229C	12.6	125
1859099	4932.YBR210W	12.5	17
1862499	4932.YKL215C	12.5	180
1860520	4932.YER155C	12.5	360
1865227	4932.YPR158W-B	12.4	9338
1864456	4932.YOR112W	12.4	132
1860388	4932.YER050C	12.4	7
1859872	4932.YDR210C-D	12.4	8991
1859444	4932.YDL058W	12.4	245
1859309	4932.YCR035C	12.4	69
1863410	4932.YMR050C	12.4	9326
1862559	4932.YKR049C	12.4	16
1864953	4932.YPL186C	12.3	58
1861276	4932.YGR274C	12.3	102
1864886	4932.YPL122C	12.3	92
1859505	4932.YDL116W	12.3	110
1861930	4932.YJL062W-A	12.3	9
1858966	4932.YBR091C	12.3	14
1862657	4932.YLL038C	12.3	25
1862359	4932.YKL082C	12.3	36
1862449	4932.YKL165C	12.3	159
1860745	4932.YGL035C	12.3	58
1861309	4932.YHL007C	12.2	137
1859496	4932.YDL108W	12.2	50
1860573	4932.YFL008W	12.2	152
1863438	4932.YMR076C	12.2	172
1859551	4932.YDL159W	12.2	60
1863839	4932.YNL115C	12.1	87
1864488	4932.YOR142W-B	12.1	9205
1865224	4932.YPR158C-D	12.1	9362
1858887	4932.YBR019C	12.1	128
1860239	4932.YEL003W	12.1	9
1858680	4932.YAL054C	12.1	202
1859588	4932.YDL193W	12.1	52
1859091	4932.YBR202W	12.1	123
1860617	4932.YFL044C	12.1	40
1861413	4932.YHR043C	12.1	74
1860165	4932.YDR480W	12.1	31
1863223	4932.YML015C	12.0	59
1859561	4932.YDL167C	12.0	71
1862795	4932.YLR104W	12.0	2
1865078	4932.YPR019W	12.0	135
1858930	4932.YBR059C	12.0	155
1862273	4932.YKL003C	11.9	17
1862332	4932.YKL057C	11.9	162
1860785	4932.YGL073W	11.9	119
1860527	4932.YER160C	11.9	9219
1863831	4932.YNL107W	11.9	39
1863569	4932.YMR193W	11.9	18
1860805	4932.YGL093W	11.8	158
1863381	4932.YMR024W	11.8	53
1862443	4932.YKL160W	11.8	19
1859978	4932.YDR308C	11.8	27
1861155	4932.YGR161C-D	11.8	9208
1858637	4932.YAL019W	11.8	110
1858740	4932.YBL004W	11.8	380
1864433	4932.YOR090C	11.8	78
1864976	4932.YPL208W	11.8	71
1864719	4932.YOR357C	11.7	20
1864579	4932.YOR226C	11.7	23
1860125	4932.YDR441C	11.7	19
1863745	4932.YNL027W	11.7	70
1863594	4932.YMR216C	11.7	81
1859865	4932.YDR204W	11.7	35
1860732	4932.YGL022W	11.7	145
1865100	4932.YPR040W	11.7	53
1859692	4932.YDR041W	11.7	31
1860500	4932.YER139C	11.7	35
1859937	4932.YDR267C	11.7	61
1860551	4932.YER180C-A	11.7	15
1859489	4932.YDL101C	11.6	57
1861347	4932.YHL039W	11.6	93
1862219	4932.YJR113C	11.6	29
1858939	4932.YBR068C	11.6	86
1864431	4932.YOR087W	11.6	87
1861304	4932.YHL003C	11.5	58
1863935	4932.YNL206C	11.5	71
1858880	4932.YBR012W-B	11.5	9025
1863173	4932.YLR439W	11.5	37
1861267	4932.YGR266W	11.5	115
1863675	4932.YMR291W	11.5	78
1863910	4932.YNL181W	11.5	56
1863928	4932.YNL199C	11.5	48
1859532	4932.YDL141W	11.5	116
1861771	4932.YIL131C	11.5	61
1860868	4932.YGL155W	11.4	36
1861034	4932.YGR048W	11.4	50
1861661	4932.YIL030C	11.4	177
1863612	4932.YMR233W	11.4	23
1863744	4932.YNL026W	11.4	76
1862690	4932.YLR001C	11.4	85
1863822	4932.YNL099C	11.4	33
1861931	4932.YJL063C	11.3	27
1864772	4932.YPL011C	11.3	63
1865018	4932.YPL249C	11.3	120
1861472	4932.YHR088W	11.3	36
1862290	4932.YKL018W	11.3	52
1863601	4932.YMR223W	11.2	73
1861877	4932.YJL010C	11.2	90
1863074	4932.YLR350W	11.2	27
1859856	4932.YDR195W	11.2	54
1859770	4932.YDR116C	11.2	34
1862204	4932.YJR099W	11.2	39
1865142	4932.YPR081C	11.2	140
1864549	4932.YOR196C	11.1	51
1860904	4932.YGL190C	11.1	67
1860038	4932.YDR362C	11.1	79
1858928	4932.YBR058C	11.1	128
1860690	4932.YFR041C	11.1	28
1860916	4932.YGL201C	11.1	153
1864597	4932.YOR244W	11.1	56
1862186	4932.YJR082C	11.0	19
1859453	4932.YDL067C	11.0	11
1863054	4932.YLR332W	11.0	40
1862422	4932.YKL140W	11.0	100
1859857	4932.YDR196C	11.0	25
1863218	4932.YML011C	11.0	21
1860063	4932.YDR381C-A	11.0	13
1863785	4932.YNL066W	10.9	28
1864829	4932.YPL067C	10.9	39
1858886	4932.YBR018C	10.9	55
1861201	4932.YGR202C	10.9	28
1861109	4932.YGR120C	10.9	45
1860032	4932.YDR356W	10.9	75
1863501	4932.YMR135C	10.9	71
1862805	4932.YLR114C	10.8	93
1858681	4932.YAL055W	10.8	43
1863117	4932.YLR390W	10.8	14
1860620	4932.YFL047W	10.8	86
1860761	4932.YGL050W	10.8	29
1860035	4932.YDR359C	10.8	121
1862891	4932.YLR181C	10.7	48
1864603	4932.YOR250C	10.7	41
1861727	4932.YIL091C	10.7	81
1862549	4932.YKR039W	10.7	72
1860014	4932.YDR339C	10.7	32
1861434	4932.YHR059W	10.6	8
1863865	4932.YNL139C	10.6	189
1860964	4932.YGL248W	10.6	94
1862313	4932.YKL039W	10.6	71
1862491	4932.YKL207W	10.6	28
1862368	4932.YKL091C	10.6	65
1860192	4932.YDR507C	10.6	101
1859796	4932.YDR141C	10.6	245
1862416	4932.YKL135C	10.6	80
1860217	4932.YDR527W	10.5	39
1864220	4932.YOL060C	10.5	64
1862632	4932.YLL013C	10.5	73
1861498	4932.YHR114W	10.5	65
1863289	4932.YML076C	10.5	125
1858673	4932.YAL046C	10.5	15
1864757	4932.YOR393W	10.5	257
1865052	4932.YPL281C	10.5	257
1864856	4932.YPL094C	10.5	45
1863567	4932.YMR192W	10.4	86
1859852	4932.YDR192C	10.4	45
1861117	4932.YGR126W	10.4	46
1860874	4932.YGL161C	10.4	24
1859731	4932.YDR079W	10.4	11
1860989	4932.YGR009C	10.4	76
1861729	4932.YIL093C	10.4	30
1864983	4932.YPL215W	10.4	26
1863131	4932.YLR403W	10.4	39
1863858	4932.YNL133C	10.4	10
1861162	4932.YGR165W	10.3	30
1858618	4932.YAL001C	10.3	136
1861410	4932.YHR040W	10.3	33
1858783	4932.YBL040C	10.3	34
1862818	4932.YLR126C	10.3	25
1862522	4932.YKR013W	10.3	16
1859001	4932.YBR123C	10.3	81
1862694	4932.YLR005W	10.2	83
1864590	4932.YOR236W	10.2	22
1863687	4932.YMR302C	10.2	113
1860222	4932.YDR532C	10.2	51
1860985	4932.YGR005C	10.2	48
1859936	4932.YDR266C	10.2	69
1861415	4932.YHR045W	10.2	79
1863253	4932.YML045W	10.2	8690
1861430	4932.YHR056C	10.1	123
1863587	4932.YMR209C	10.1	61
1859317	4932.YCR042C	10.1	168
1859798	4932.YDR143C	10.1	62
1862285	4932.YKL014C	10.1	254
1858897	4932.YBR029C	10.0	84
1863690	4932.YMR304W	10.0	164
1864615	4932.YOR262W	9.99	44
1860154	4932.YDR468C	9.99	13
1863758	4932.YNL040W	9.99	66
1859997	4932.YDR322W	9.98	47
1861124	4932.YGR133W	9.97	33
1861303	4932.YHL002W	9.97	56
1858798	4932.YBL055C	9.95	49
1858717	4932.YAR028W	9.94	12
1858882	4932.YBR014C	9.88	27
1863714	4932.YMR323W	9.87	257
1861042	4932.YGR056W	9.87	112
1862836	4932.YLR144C	9.85	89
1860813	4932.YGL101W	9.83	20
1861082	4932.YGR095C	9.82	42
1863336	4932.YML117W	9.81	87
1863422	4932.YMR061W	9.8	88
1861437	4932.YHR062C	9.79	31
1863359	4932.YMR004W	9.79	64
1864114	4932.YNR037C	9.76	8
1858908	4932.YBR040W	9.72	35
1864599	4932.YOR246C	9.71	38
1865164	4932.YPR104C	9.71	107
1862708	4932.YLR019W	9.71	43
1860069	4932.YDR386W	9.67	85
1859129	4932.YBR236C	9.66	48
1860298	4932.YEL052W	9.66	64
1864667	4932.YOR311C	9.65	37
1864715	4932.YOR353C	9.62	44
1859818	4932.YDR163W	9.61	12
1864716	4932.YOR354C	9.61	74
1862547	4932.YKR037C	9.6	28
1864919	4932.YPL153C	9.6	85
1860810	4932.YGL098W	9.57	29
1863597	4932.YMR219W	9.55	158
1865160	4932.YPR100W	9.54	10
1865264	4932.YPR189W	9.54	171
1865239	4932.YPR167C	9.53	31
1861033	4932.YGR047C	9.53	137
1864501	4932.YOR155C	9.51	45
1859894	4932.YDR229W	9.51	57
1863951	4932.YNL222W	9.5	21
1863138	4932.YLR409C	9.49	118
1861378	4932.YHR014W	9.48	35
1861763	4932.YIL123W	9.47	22
1864554	4932.YOR201C	9.46	33
1862529	4932.YKR020W	9.45	18
1861288	4932.YGR286C	9.45	38
1864395	4932.YOR054C	9.45	71
1864520	4932.YOR171C	9.42	64
1864474	4932.YOR130C	9.41	34
1859205	4932.YCL005W-A	9.4	13
1860349	4932.YER018C	9.38	39
1862801	4932.YLR110C	9.38	12
1858800	4932.YBL057C	9.38	33
1859934	4932.YDR264C	9.37	97
1864190	4932.YOL032W	9.36	18
1863650	4932.YMR269W	9.36	14
1860112	4932.YDR428C	9.35	44
1860722	4932.YGL013C	9.34	117
1864717	4932.YOR355W	9.34	39
1865108	4932.YPR048W	9.33	52
1860843	4932.YGL130W	9.33	57
1863184	4932.YLR450W	9.33	157
1865157	4932.YPR097W	9.33	91
1864230	4932.YOL070C	9.32	48
1862162	4932.YJR057W	9.32	22
1864784	4932.YPL023C	9.3	67
1862679	4932.YLL060C	9.3	12
1861800	4932.YIL156W-B	9.3	8
1860183	4932.YDR498C	9.28	29
1862055	4932.YJL180C	9.28	44
1860798	4932.YGL086W	9.25	70
1860595	4932.YFL024C	9.25	89
1859071	4932.YBR187W	9.25	33
1863114	4932.YLR387C	9.25	31
1862003	4932.YJL131C	9.25	19
1862320	4932.YKL046C	9.24	52
1864336	4932.YOR001W	9.23	75
1863921	4932.YNL192W	9.2	128
1862749	4932.YLR059C	9.19	38
1863439	4932.YMR077C	9.18	18
1864792	4932.YPL031C	9.18	48
1864878	4932.YPL115C	9.17	150
1858654	4932.YAL033W	9.17	17
1863926	4932.YNL197C	9.16	50
1861160	4932.YGR163W	9.15	28
1863889	4932.YNL161W	9.14	38
1863892	4932.YNL163C	9.13	129
1858932	4932.YBR061C	9.09	26
1864632	4932.YOR279C	9.08	24
1861272	4932.YGR270W	9.08	141
1859786	4932.YDR130C	9.08	23
1860142	4932.YDR458C	9.06	63
1862327	4932.YKL053C-A	9.06	14
1861714	4932.YIL077C	9.05	23
1861079	4932.YGR092W	9.05	67
1862425	4932.YKL143W	9.05	48
1862279	4932.YKL008C	9.04	52
1858608	4932.Q0140	9.03	37
1865212	4932.YPR147C	9.03	29
1864359	4932.YOR020W-A	9.02	7
1865242	4932.YPR169W-A	9.01	6
1860140	4932.YDR456W	8.99	32
1864956	4932.YPL189C-A	8.99	1
1862587	4932.YKR076W	8.98	41
1862124	4932.YJR019C	8.97	34
1862566	4932.YKR056W	8.95	82
1863449	4932.YMR086W	8.94	84
1864564	4932.YOR211C	8.92	73
1861957	4932.YJL087C	8.9	77
1859824	4932.YDR169C	8.9	56
1863122	4932.YLR395C	8.89	7
1859442	4932.YDL056W	8.86	81
1859427	4932.YDL042C	8.85	83
1864048	4932.YNL316C	8.84	22
1864529	4932.YOR180C	8.84	36
1862326	4932.YKL052C	8.83	37
1860726	4932.YGL016W	8.82	130
1861691	4932.YIL057C	8.81	14
1860820	4932.YGL108C	8.81	4
1863579	4932.YMR201C	8.8	26
1863640	4932.YMR259C	8.8	161
1859332	4932.YCR057C	8.78	99
1860549	4932.YER179W	8.76	38
1861952	4932.YJL082W	8.76	72
1858814	4932.YBL069W	8.75	46
1863125	4932.YLR398C	8.73	122
1862281	4932.YKL010C	8.72	136
1863522	4932.YMR153W	8.71	35
1863516	4932.YMR148W	8.71	10
1862301	4932.YKL028W	8.7	47
1864950	4932.YPL183W-A	8.7	6
1860772	4932.YGL061C	8.69	20
1862898	4932.YLR188W	8.69	47
1860792	4932.YGL080W	8.68	11
1861407	4932.YHR038W	8.67	13
1862387	4932.YKL106W	8.65	54
1860354	4932.YER022W	8.64	70
1859992	4932.YDR320C	8.64	79
1864115	4932.YNR038W	8.63	71
1860253	4932.YEL015W	8.62	37
1862489	4932.YKL205W	8.61	109
1863284	4932.YML071C	8.61	73
1863385	4932.YMR028W	8.61	34
1861251	4932.YGR250C	8.61	91
1865172	4932.YPR111W	8.6	57
1864826	4932.YPL064C	8.58	24
1865188	4932.YPR127W	8.56	59
1859340	4932.YCR067C	8.56	78
1860258	4932.YEL018W	8.51	30
1860133	4932.YDR449C	8.49	39
1864459	4932.YOR115C	8.47	30
1861698	4932.YIL064W	8.47	35
1862659	4932.YLL040C	8.46	285
1861435	4932.YHR060W	8.46	21
1860399	4932.YER059W	8.45	36
1860306	4932.YEL059C-A	8.44	10
1862236	4932.YJR130C	8.44	52
1858774	4932.YBL033C	8.44	43
1860439	4932.YER088C	8.43	56
1864113	4932.YNR036C	8.43	12
1862754	4932.YLR064W	8.41	26
1863293	4932.YML080W	8.41	32
1861247	4932.YGR246C	8.36	58
1864905	4932.YPL140C	8.36	47
1859158	4932.YBR264C	8.36	25
1864457	4932.YOR113W	8.36	70
1864016	4932.YNL284C-B	8.35	3382
1862117	4932.YJR012C	8.32	26
1860712	4932.YGL005C	8.31	19
1864018	4932.YNL286W	8.3	21
1862956	4932.YLR243W	8.29	24
1859079	4932.YBR194W	8.29	4
1865065	4932.YPR008W	8.27	52
1859868	4932.YDR207C	8.26	66
1858926	4932.YBR056W-A	8.25	5
1865032	4932.YPL259C	8.24	28
1865127	4932.YPR067W	8.24	14
1863886	4932.YNL158W	8.2	14
1860348	4932.YER017C	8.19	70
1864441	4932.YOR098C	8.19	72
1864808	4932.YPL046C	8.19	7
1860601	4932.YFL030W	8.16	44
1864868	4932.YPL105C	8.14	77
1859152	4932.YBR258C	8.14	12
1861690	4932.YIL056W	8.13	65
1865088	4932.YPR029C	8.12	95
1863526	4932.YMR157C	8.11	20
1862735	4932.YLR045C	8.11	76
1861024	4932.YGR038W	8.11	21
1858970	4932.YBR095C	8.1	33
1865259	4932.YPR184W	8.08	149
1863186	4932.YLR452C	8.07	52
1859093	4932.YBR204C	8.04	34
1862636	4932.YLL018C-A	8.02	10
1859741	4932.YDR089W	8.01	84
1860406	4932.YER065C	8.0	52
1865180	4932.YPR119W	7.99	48
1865221	4932.YPR156C	7.99	58
1858712	4932.YAR019C	7.97	127
1863404	4932.YMR045C	7.96	3289
1860179	4932.YDR494W	7.96	23
1862533	4932.YKR024C	7.93	62
1862477	4932.YKL191W	7.92	40
1860073	4932.YDR390C	7.92	76
1862537	4932.YKR028W	7.91	102
1858769	4932.YBL029C-A	7.89	10
1859123	4932.YBR231C	7.89	24
1858927	4932.YBR057C	7.88	27
1859100	4932.YBR211C	7.88	42
1863825	4932.YNL102W	7.87	113
1861759	4932.YIL119C	7.87	37
1861252	4932.YGR251W	7.87	11
1860114	4932.YDR430C	7.86	116
1860141	4932.YDR457W	7.86	271
1863738	4932.YNL021W	7.85	58
1858949	4932.YBR077C	7.84	13
1859993	4932.YDR320C-A	7.84	11
1863992	4932.YNL263C	7.83	41
1864281	4932.YOL115W	7.83	46
1864633	4932.YOR280C	7.82	33
1864484	4932.YOR140W	7.81	41
1864204	4932.YOL045W	7.8	108
1862423	4932.YKL141W	7.8	25
1861193	4932.YGR194C	7.76	62
1861855	4932.YIR031C	7.74	108
1864804	4932.YPL042C	7.74	57
1864216	4932.YOL056W	7.73	29
1864881	4932.YPL118W	7.72	22
1864904	4932.YPL139C	7.69	48
1864762	4932.YPL001W	7.68	48
1860281	4932.YEL036C	7.67	56
1859508	4932.YDL119C	7.67	15
1863941	4932.YNL212W	7.67	80
1863162	4932.YLR430W	7.66	196
1859333	4932.YCR059C	7.66	17
1861796	4932.YIL154C	7.66	23
1863387	4932.YMR030W	7.63	30
1859284	4932.YCR015C	7.61	16
1861749	4932.YIL110W	7.59	40
1859664	4932.YDR017C	7.59	74
1863428	4932.YMR067C	7.59	37
1860215	4932.YDR525W-A	7.59	14
1862104	4932.YJR001W	7.58	59
1860869	4932.YGL156W	7.57	112
1860402	4932.YER061C	7.57	43
1864295	4932.YOL129W	7.56	16
1861468	4932.YHR085W	7.55	36
1863875	4932.YNL147W	7.54	7
1859185	4932.YBR291C	7.52	19
1865197	4932.YPR135W	7.52	102
1862154	4932.YJR049C	7.5	34
1858983	4932.YBR108W	7.47	47
1864469	4932.YOR125C	7.47	20
1862707	4932.YLR018C	7.45	20
1859613	4932.YDL218W	7.43	25
1861785	4932.YIL143C	7.42	100
1862391	4932.YKL110C	7.41	30
1863795	4932.YNL074C	7.38	57
1862936	4932.YLR225C	7.37	38
1864964	4932.YPL196W	7.36	11
1859172	4932.YBR278W	7.36	6
1859301	4932.YCR027C	7.36	22
1862238	4932.YJR132W	7.36	106
1864981	4932.YPL213W	7.35	26
1864697	4932.YOR337W	7.34	68
1859211	4932.YCL012C	7.34	12
1861346	4932.YHL038C	7.33	53
1864129	4932.YNR052C	7.31	39
1864424	4932.YOR080W	7.31	65
1859183	4932.YBR289W	7.3	49
1863648	4932.YMR267W	7.3	20
1864282	4932.YOL116W	7.29	27
1858724	4932.YAR042W	7.29	112
1864250	4932.YOL087C	7.28	101
1858664	4932.YAL039C	7.26	16
1864706	4932.YOR344C	7.25	13
1862785	4932.YLR095C	7.25	57
1862015	4932.YJL141C	7.23	57
1864722	4932.YOR360C	7.21	45
1860201	4932.YDR515W	7.21	44
1862741	4932.YLR051C	7.2	13
1861041	4932.YGR055W	7.16	33
1861556	4932.YHR166C	7.16	63
1863076	4932.YLR352W	7.16	81
1864189	4932.YOL031C	7.14	40
1861278	4932.YGR276C	7.13	42
1862206	4932.YJR101W	7.12	22
1861791	4932.YIL149C	7.12	94
1864001	4932.YNL272C	7.11	45
1864379	4932.YOR038C	7.11	74
1862568	4932.YKR058W	7.09	42
1858979	4932.YBR104W	7.09	27
1864463	4932.YOR119C	7.08	33
1862420	4932.YKL138C-A	7.08	10
1863768	4932.YNL049C	7.07	98
1859055	4932.YBR172C	7.06	53
1860375	4932.YER040W	7.05	38
1858945	4932.YBR073W	7.05	61
1862323	4932.YKL049C	7.01	15
1863789	4932.YNL068C	6.99	71
1858709	4932.YAR014C	6.98	56
1862562	4932.YKR052C	6.97	17
1860957	4932.YGL241W	6.95	91
1858751	4932.YBL011W	6.95	59
1861907	4932.YJL042W	6.93	100
1864631	4932.YOR278W	6.93	34
1861680	4932.YIL047C	6.93	164
1859911	4932.YDR246W	6.9	20
1860158	4932.YDR472W	6.9	23
1860136	4932.YDR452W	6.9	55
1858969	4932.YBR094W	6.89	85
1863563	4932.YMR188C	6.87	17
1862473	4932.YKL187C	6.85	49
1859902	4932.YDR237W	6.84	26
1862840	4932.YLR147C	6.84	9
1859886	4932.YDR221W	6.84	38
1859080	4932.YBR195C	6.83	23
1859476	4932.YDL088C	6.82	34
1863112	4932.YLR385C	6.82	12
1861242	4932.YGR241C	6.81	17
1861933	4932.YJL065C	6.81	8
1861381	4932.YHR017W	6.81	35
1863009	4932.YLR290C	6.79	26
1860256	4932.YEL017W	6.79	33
1861502	4932.YHR118C	6.79	28
1861480	4932.YHR096C	6.79	116
1861006	4932.YGR026W	6.79	19
1862629	4932.YLL010C	6.79	43
1863332	4932.YML114C	6.79	29
1862071	4932.YJL196C	6.77	28
1863661	4932.YMR278W	6.77	59
1859319	4932.YCR044C	6.76	15
1863373	4932.YMR016C	6.76	48
1860882	4932.YGL169W	6.75	27
1861824	4932.YIR007W	6.73	61
1860249	4932.YEL011W	6.73	69
1864496	4932.YOR150W	6.72	9
1860024	4932.YDR349C	6.71	39
1859625	4932.YDL230W	6.69	27
1864949	4932.YPL183C	6.67	101
1862928	4932.YLR218C	6.67	11
1863605	4932.YMR227C	6.67	40
1863376	4932.YMR019W	6.66	76
1859950	4932.YDR280W	6.66	36
1859748	4932.YDR096W	6.65	64
1863700	4932.YMR312W	6.65	22
1862994	4932.YLR278C	6.65	105
1864447	4932.YOR104W	6.65	15
1865136	4932.YPR075C	6.64	29
1860484	4932.YER127W	6.63	30
1863371	4932.YMR014W	6.63	25
1863415	4932.YMR054W	6.62	72
1862772	4932.YLR082C	6.62	39
1862838	4932.YLR146C	6.61	24
1862519	4932.YKR010C	6.61	48
1861457	4932.YHR075C	6.6	28
1862426	4932.YKL144C	6.6	13
1862282	4932.YKL011C	6.6	26
1861671	4932.YIL039W	6.59	44
1862146	4932.YJR041C	6.58	99
1865014	4932.YPL245W	6.58	32
1859787	4932.YDR131C	6.56	48
1862778	4932.YLR088W	6.55	35
1864301	4932.YOL135C	6.54	22
1864721	4932.YOR359W	6.54	23
1865249	4932.YPR174C	6.53	12
1861118	4932.YGR127W	6.53	26
1862352	4932.YKL075C	6.52	17
1860504	4932.YER143W	6.51	40
1860994	4932.YGR014W	6.5	25
1859286	4932.YCR017C	6.49	62
1863025	4932.YLR305C	6.48	140
1858743	4932.YBL005W-B	6.48	2509
1860537	4932.YER169W	6.48	56
1862348	4932.YKL071W	6.47	19
1858910	4932.YBR042C	6.47	35
1858936	4932.YBR065C	6.46	23
1863536	4932.YMR165C	6.46	51
1863671	4932.YMR288W	6.45	71
1862028	4932.YJL154C	6.44	92
1864807	4932.YPL045W	6.44	61
1859965	4932.YDR295C	6.42	44
1864176	4932.YOL019W	6.42	42
1864696	4932.YOR336W	6.41	97
1861494	4932.YHR110W	6.4	27
1862969	4932.YLR256W	6.4	94
1861403	4932.YHR034C	6.4	26
1862448	4932.YKL164C	6.4	127
1860516	4932.YER152C	6.35	28
1864791	4932.YPL030W	6.35	40
1862334	4932.YKL059C	6.34	26
1862695	4932.YLR006C	6.34	52
1860997	4932.YGR017W	6.31	29
1862532	4932.YKR023W	6.31	31
1863985	4932.YNL256W	6.31	52
1862195	4932.YJR091C	6.29	62
1863632	4932.YMR251W-A	6.27	8
1858645	4932.YAL026C	6.26	90
1858845	4932.YBL097W	6.26	42
1858624	4932.YAL008W	6.26	16
1864046	4932.YNL314W	6.25	8
1862336	4932.YKL061W	6.25	8
1863644	4932.YMR263W	6.24	10
1863660	4932.YMR277W	6.24	61
1860190	4932.YDR505C	6.23	71
1860008	4932.YDR333C	6.23	42
1863312	4932.YML097C	6.22	32
1863853	4932.YNL129W	6.22	20
1860147	4932.YDR462W	6.19	8
1858852	4932.YBL101C	6.18	70
1864548	4932.YOR195W	6.18	50
1862548	4932.YKR038C	6.18	37
1863848	4932.YNL124W	6.18	20
1861745	4932.YIL106W	6.18	35
1864746	4932.YOR382W	6.17	13
1858846	4932.YBL098W	6.17	32
1863174	4932.YLR440C	6.17	50
1861035	4932.YGR049W	6.16	16
1861100	4932.YGR111W	6.16	29
1864098	4932.YNR023W	6.13	46
1859740	4932.YDR088C	6.12	12
1863050	4932.YLR328W	6.11	35
1861283	4932.YGR281W	6.1	107
1860858	4932.YGL145W	6.09	57
1863102	4932.YLR375W	6.08	23
1862458	4932.YKL173W	6.08	69
1864087	4932.YNR012W	6.08	29
1862183	4932.YJR078W	6.07	25
1864476	4932.YOR132W	6.06	26
1858874	4932.YBR008C	6.06	30
1863408	4932.YMR048W	6.05	19
1858805	4932.YBL061C	6.04	39
1864862	4932.YPL099C	6.04	12
1860000	4932.YDR325W	6.03	73
1863628	4932.YMR247C	6.03	128
1860622	4932.YFL049W	6.01	38
1859343	4932.YCR071C	6.01	7
1859604	4932.YDL209C	6.01	27
1863496	4932.YMR130W	6.01	30
1862029	4932.YJL155C	6.0	28
1862325	4932.YKL051W	5.99	23
1858890	4932.YBR022W	5.99	14
1863979	4932.YNL250W	5.98	66
1864094	4932.YNR019W	5.97	35
1861331	4932.YHL025W	5.96	16
1862073	4932.YJL197W	5.96	76
1862642	4932.YLL023C	5.95	27
1861080	4932.YGR093W	5.95	41
1858763	4932.YBL023C	5.94	73
1861414	4932.YHR044C	5.91	53
1860807	4932.YGL095C	5.9	45
1862275	4932.YKL005C	5.9	34
1864489	4932.YOR143C	5.88	30
1861718	4932.YIL082W-A	5.87	321
1862172	4932.YJR067C	5.85	10
1859629	4932.YDL234C	5.85	40
1861058	4932.YGR071C	5.84	68
1864151	4932.YNR074C	5.84	23
1861751	4932.YIL112W	5.84	63
1861176	4932.YGR177C	5.8	42
1864065	4932.YNL333W	5.8	54
1860632	4932.YFL059W	5.8	54
1861954	4932.YJL084C	5.8	44
1860359	4932.YER026C	5.79	27
1859144	4932.YBR251W	5.78	20
1860553	4932.YER182W	5.78	18
1862291	4932.YKL019W	5.76	17
1859691	4932.YDR040C	5.76	211
1859707	4932.YDR056C	5.75	19
1862341	4932.YKL065W-A	5.74	5
1861178	4932.YGR179C	5.74	33
1864951	4932.YPL184C	5.72	33
1861016	4932.YGR033C	5.72	15
1863222	4932.YML014W	5.72	18
1860012	4932.YDR337W	5.71	11
1864405	4932.YOR064C	5.7	16
1864455	4932.YOR111W	5.69	21
1861195	4932.YGR196C	5.67	46
1861603	4932.YHR207C	5.67	30
1864384	4932.YOR043W	5.67	34
1863883	4932.YNL155W	5.66	14
1861741	4932.YIL103W	5.65	34
1861084	4932.YGR097W	5.64	76
1865234	4932.YPR162C	5.63	42
1859386	4932.YDL003W	5.62	37
1864749	4932.YOR385W	5.62	14
1860669	4932.YFR025C	5.61	27
1863634	4932.YMR253C	5.6	27
1864777	4932.YPL016W	5.59	58
1859182	4932.YBR288C	5.58	44
1859365	4932.YCR092C	5.58	69
1859034	4932.YBR152W	5.58	10
1864240	4932.YOL080C	5.56	12
1860513	4932.YER149C	5.55	24
1863361	4932.YMR006C	5.52	36
1863275	4932.YML062C	5.51	26
1860566	4932.YFL002C	5.51	47
1859403	4932.YDL019C	5.51	80
1863506	4932.YMR139W	5.5	23
1862240	4932.YJR134C	5.49	51
1860534	4932.YER166W	5.49	97
1861098	4932.YGR109W-B	5.48	321
1864249	4932.YOL086W-A	5.48	6
1864642	4932.YOR289W	5.47	19
1864873	4932.YPL110C	5.47	88
1861326	4932.YHL020C	5.47	21
1862637	4932.YLL019C	5.46	52
1861787	4932.YIL145C	5.45	27
1863233	4932.YML025C	5.44	18
1859477	4932.YDL089W	5.44	26
1860927	4932.YGL212W	5.44	15
1861966	4932.YJL096W	5.44	8
1862321	4932.YKL047W	5.44	40
1859242	4932.YCL044C	5.42	32
1862040	4932.YJL165C	5.41	46
1860530	4932.YER163C	5.41	20
1862419	4932.YKL138C	5.41	3
1861559	4932.YHR169W	5.39	35
1862237	4932.YJR131W	5.38	39
1859148	4932.YBR255C-A	5.38	9
1862356	4932.YKL079W	5.36	39
1862084	4932.YJL208C	5.35	31
1863757	4932.YNL039W	5.34	34
1862922	4932.YLR212C	5.34	22
1860170	4932.YDR485C	5.34	46
1861909	4932.YJL044C	5.33	19
1863802	4932.YNL081C	5.32	7
1863340	4932.YML121W	5.29	24
1864049	4932.YNL317W	5.27	26
1859501	4932.YDL113C	5.27	32
1864376	4932.YOR035C	5.26	67
1864889	4932.YPL125W	5.24	68
1864962	4932.YPL194W	5.24	43
1859953	4932.YDR283C	5.22	95
1863849	4932.YNL125C	5.21	29
1859689	4932.YDR038C	5.21	218
1859690	4932.YDR039C	5.2	218
1859156	4932.YBR262C	5.19	8
1865068	4932.YPR010C-A	5.18	5
1860167	4932.YDR482C	5.18	5
1860675	4932.YFR031C	5.17	65
1861116	4932.YGR125W	5.17	59
1863852	4932.YNL128W	5.16	35
1858716	4932.YAR027W	5.16	11
1861106	4932.YGR117C	5.15	30
1861469	4932.YHR086W	5.14	24
1862355	4932.YKL078W	5.14	50
1858778	4932.YBL037W	5.14	53
1864686	4932.YOR328W	5.13	354
1859801	4932.YDR146C	5.13	49
1858776	4932.YBL035C	5.12	43
1860711	4932.YGL004C	5.09	28
1864909	4932.YPL144W	5.09	8
1860649	4932.YFR008W	5.08	11
1862786	4932.YLR096W	5.07	69
1860953	4932.YGL237C	5.05	8
1864944	4932.YPL178W	5.05	17
1860972	4932.YGL256W	5.02	21
1859475	4932.YDL087C	5.01	12
1859348	4932.YCR075W-A	5.01	6
1862634	4932.YLL015W	5.0	84
1861986	4932.YJL116C	5.0	11
1863096	4932.YLR369W	4.98	105
1860839	4932.YGL126W	4.98	28
1862546	4932.YKR036C	4.97	46
1860150	4932.YDR464W	4.97	59
1860091	4932.YDR407C	4.95	72
1861834	4932.YIR017C	4.93	8
1862931	4932.YLR221C	4.93	17
1859087	4932.YBR200W	4.91	31
1864817	4932.YPL055C	4.91	23
1862389	4932.YKL108W	4.9	20
1861968	4932.YJL098W	4.9	69
1862296	4932.YKL023W	4.9	11
1862929	4932.YLR219W	4.89	37
1859096	4932.YBR207W	4.88	26
1863585	4932.YMR207C	4.87	324
1859077	4932.YBR192W	4.86	24
1863019	4932.YLR299W	4.85	46
1863104	4932.YLR377C	4.85	20
1861742	4932.YIL104C	4.84	30
1858679	4932.YAL053W	4.84	50
1863041	4932.YLR319C	4.82	37
1863058	4932.YLR336C	4.82	53
1861822	4932.YIR005W	4.82	7
1858856	4932.YBL105C	4.81	59
1864860	4932.YPL097W	4.8	24
1861197	4932.YGR198W	4.8	58
1861263	4932.YGR262C	4.8	12
1862946	4932.YLR233C	4.78	41
1860438	4932.YER087W	4.77	38
1862480	4932.YKL194C	4.76	27
1861507	4932.YHR123W	4.76	11
1859687	4932.YDR036C	4.75	29
1859718	4932.YDR067C	4.75	12
1858811	4932.YBL067C	4.73	47
1861776	4932.YIL135C	4.73	27
1860796	4932.YGL084C	4.73	45
1863915	4932.YNL186W	4.73	38
1865250	4932.YPR175W	4.72	34
1861014	4932.YGR031W	4.72	14
1862011	4932.YJL137C	4.72	18
1863969	4932.YNL240C	4.71	25
1860338	4932.YER008C	4.7	79
1862647	4932.YLL028W	4.69	24
1863113	4932.YLR386W	4.69	55
1860314	4932.YEL066W	4.68	6
1864106	4932.YNR031C	4.68	82
1860470	4932.YER114C	4.67	53
1864082	4932.YNR007C	4.67	19
1861574	4932.YHR181W	4.66	13
1858976	4932.YBR102C	4.66	56
1858635	4932.YAL017W	4.65	74
1864482	4932.YOR138C	4.64	33
1861695	4932.YIL061C	4.64	12
1863954	4932.YNL225C	4.61	15
1864750	4932.YOR386W	4.61	37
1863512	4932.YMR144W	4.59	19
1864580	4932.YOR227W	4.59	70
1859102	4932.YBR213W	4.59	14
1860347	4932.YER016W	4.58	22
1864565	4932.YOR212W	4.58	23
1863830	4932.YNL106C	4.57	71
1861734	4932.YIL098C	4.57	4
1863924	4932.YNL195C	4.56	9
1859443	4932.YDL057W	4.55	17
1864827	4932.YPL065W	4.55	18
1859764	4932.YDR110W	4.55	34
1861590	4932.YHR195W	4.54	20
1864837	4932.YPL075W	4.54	50
1860480	4932.YER123W	4.53	21
1859003	4932.YBR125C	4.52	28
1861955	4932.YJL085W	4.52	39
1859881	4932.YDR216W	4.5	65
1863613	4932.YMR234W	4.49	14
1861139	4932.YGR147C	4.49	9
1859307	4932.YCR033W	4.49	60
1861726	4932.YIL090W	4.47	31
1863221	4932.YML013W	4.47	26
1860123	4932.YDR439W	4.47	16
1862538	4932.YKR029C	4.46	39
1861131	4932.YGR140W	4.45	61
1860072	4932.YDR389W	4.45	34
1863331	4932.YML113W	4.44	4
1864506	4932.YOR160W	4.44	47
1863458	4932.YMR095C	4.43	13
1859017	4932.YBR136W	4.43	161
1861183	4932.YGR184C	4.43	108
1861261	4932.YGR260W	4.42	45
1863967	4932.YNL238W	4.41	29
1859584	4932.YDL189W	4.4	9
1858941	4932.YBR070C	4.4	17
1863167	4932.YLR435W	4.39	11
1862769	4932.YLR079W	4.39	12
1859830	4932.YDR173C	4.38	17
1861200	4932.YGR201C	4.37	11
1860764	4932.YGL053W	4.37	10
1861454	4932.YHR073W	4.37	58
1863421	4932.YMR060C	4.37	24
1859938	4932.YDR268W	4.37	18
1859222	4932.YCL025C	4.36	43
1859331	4932.YCR054C	4.35	38
1860260	4932.YEL020C	4.34	48
1860005	4932.YDR330W	4.34	21
1864052	4932.YNL320W	4.33	17
1863720	4932.YNL003C	4.32	17
1861846	4932.YIR023W	4.32	43
1861538	4932.YHR149C	4.31	30
1863643	4932.YMR262W	4.3	13
1859168	4932.YBR274W	4.3	47
1861134	4932.YGR143W	4.29	68
1860169	4932.YDR484W	4.28	25
1861311	4932.YHL009C	4.27	16
1859161	4932.YBR267W	4.27	14
1864982	4932.YPL214C	4.27	26
1860840	4932.YGL127C	4.26	11
1864714	4932.YOR352W	4.26	22
1864897	4932.YPL133C	4.26	18
1864134	4932.YNR057C	4.25	18
1859736	4932.YDR084C	4.23	19
1861826	4932.YIR009W	4.21	5
1864679	4932.YOR321W	4.2	69
1865246	4932.YPR171W	4.2	17
1863320	4932.YML102W	4.18	26
1864006	4932.YNL277W	4.18	28
1859712	4932.YDR061W	4.18	36
1860993	4932.YGR013W	4.17	26
1861012	4932.YGR030C	4.16	9
1862351	4932.YKL074C	4.16	28
1862681	4932.YLL062C	4.16	22
1863278	4932.YML065W	4.15	42
1859394	4932.YDL010W	4.14	15
1864356	4932.YOR018W	4.13	38
1858891	4932.YBR023C	4.13	62
1861982	4932.YJL112W	4.13	39
1860053	4932.YDR373W	4.11	12
1862167	4932.YJR062C	4.11	25
1864864	4932.YPL101W	4.11	16
1862043	4932.YJL168C	4.1	35
1864303	4932.YOL137W	4.09	15
1859866	4932.YDR205W	4.09	30
1859778	4932.YDR122W	4.07	56
1863383	4932.YMR026C	4.06	26
1863956	4932.YNL227C	4.05	28
1859564	4932.YDL170W	4.05	23
1860096	4932.YDR412W	4.04	7
1863767	4932.YNL048W	4.04	22
1860802	4932.YGL090W	4.04	22
1859619	4932.YDL224C	4.03	31
1863437	4932.YMR075W	4.02	34
1858871	4932.YBR005W	4.02	14
1864887	4932.YPL123C	4.02	29
1862415	4932.YKL134C	4.01	37
1864680	4932.YOR322C	4.01	33
1861656	4932.YIL026C	4.01	55
1859745	4932.YDR093W	4.0	70
1865167	4932.YPR107C	4.0	10
1860587	4932.YFL017W-A	4.0	4
1861113	4932.YGR122W	3.96	22
1862841	4932.YLR148W	3.96	52
1860393	4932.YER054C	3.95	22
1859310	4932.YCR036W	3.95	14
1860733	4932.YGL023C	3.94	27
1860877	4932.YGL164C	3.94	14
1859571	4932.YDL177C	3.94	7
1863658	4932.YMR275C	3.94	33
1860791	4932.YGL079W	3.93	4
1861102	4932.YGR113W	3.92	10
1861256	4932.YGR255C	3.92	28
1859410	4932.YDL025C	3.92	34
1863507	4932.YMR140W	3.92	25
1858837	4932.YBL090W	3.92	4
1865115	4932.YPR055W	3.91	42
1861967	4932.YJL097W	3.91	13
1860689	4932.YFR040W	3.9	53
1859225	4932.YCL027W	3.9	11
1863994	4932.YNL265C	3.89	12
1863475	4932.YMR111C	3.89	19
1860913	4932.YGL198W	3.87	10
1859762	4932.YDR108W	3.86	21
1859913	4932.YDR247W	3.86	20
1858955	4932.YBR083W	3.85	15
1863250	4932.YML041C	3.84	11
1860127	4932.YDR443C	3.84	61
1863996	4932.YNL267W	3.84	56
1864530	4932.YOR181W	3.83	17
1861872	4932.YJL005W	3.82	94
1863518	4932.YMR150C	3.82	6
1863450	4932.YMR087W	3.81	12
1864083	4932.YNR008W	3.81	41
1862188	4932.YJR084W	3.81	16
1860956	4932.YGL240W	3.81	7
1864104	4932.YNR029C	3.8	24
1863358	4932.YMR003W	3.8	7
1862250	4932.YJR142W	3.79	17
1861580	4932.YHR186C	3.78	67
1861432	4932.YHR057C	3.78	11
1863840	4932.YNL116W	3.77	16
1860522	4932.YER157W	3.77	34
1865233	4932.YPR161C	3.76	24
1861716	4932.YIL079C	3.76	16
1860271	4932.YEL029C	3.76	14
1859035	4932.YBR153W	3.72	7
1859990	4932.YDR318W	3.72	20
1862897	4932.YLR187W	3.72	48
1865031	4932.YPL258C	3.72	56
1861402	4932.YHR033W	3.72	20
1862767	4932.YLR077W	3.71	25
1863814	4932.YNL093W	3.71	35
1860345	4932.YER014W	3.71	29
1863151	4932.YLR419W	3.71	60
1862641	4932.YLL022C	3.7	12
1858707	4932.YAR009C	3.7	1434
1858627	4932.YAL011W	3.7	21
1861550	4932.YHR161C	3.69	15
1863599	4932.YMR221C	3.69	30
1861593	4932.YHR198C	3.68	14
1860597	4932.YFL026W	3.68	19
1863912	4932.YNL183C	3.67	42
1861897	4932.YJL031C	3.66	14
1863618	4932.YMR239C	3.64	16
1862710	4932.YLR021W	3.63	12
1862370	4932.YKL093W	3.63	16
1860546	4932.YER176W	3.63	35
1864296	4932.YOL130W	3.62	24
1860572	4932.YFL007W	3.62	86
1862077	4932.YJL201W	3.61	27
1860106	4932.YDR422C	3.61	38
1861087	4932.YGR100W	3.61	46
1863843	4932.YNL119W	3.61	26
1862187	4932.YJR083C	3.6	14
1860424	4932.YER078C	3.6	21
1864225	4932.YOL065C	3.6	16
1864222	4932.YOL062C	3.6	26
1864592	4932.YOR238W	3.59	13
1863490	4932.YMR124W	3.58	45
1863400	4932.YMR041C	3.58	11
1862696	4932.YLR007W	3.57	16
1862925	4932.YLR215C	3.57	22
1858813	4932.YBL068W-A	3.56	8
1862612	4932.YKR100C	3.56	19
1861141	4932.YGR149W	3.54	17
1862032	4932.YJL157C	3.53	39
1861059	4932.YGR072W	3.53	13
1860119	4932.YDR435C	3.53	17
1858797	4932.YBL054W	3.52	19
1859569	4932.YDL175C	3.52	15
1861732	4932.YIL096C	3.5	12
1861506	4932.YHR122W	3.5	9
1858982	4932.YBR107C	3.49	14
1862839	4932.YLR146W-A	3.49	3
1859059	4932.YBR176W	3.49	14
1859914	4932.YDR248C	3.47	8
1859821	4932.YDR166C	3.45	50
1859512	4932.YDL123W	3.45	8
1862160	4932.YJR055W	3.45	7
1858666	4932.YAL041W	3.45	35
1862579	4932.YKR069W	3.44	23
1861757	4932.YIL117C	3.43	10
1862813	4932.YLR121C	3.43	19
1860616	4932.YFL042C	3.42	23
1863274	4932.YML061C	3.42	31
1859147	4932.YBR254C	3.42	8
1858855	4932.YBL104C	3.41	46
1859279	4932.YCR010C	3.4	7
1858747	4932.YBL008W	3.4	37
1862725	4932.YLR035C-A	3.4	1338
1863760	4932.YNL042W	3.39	14
1859253	4932.YCL055W	3.39	11
1863610	4932.YMR231W	3.37	45
1864252	4932.YOL089C	3.37	35
1859986	4932.YDR316W	3.37	16
1862157	4932.YJR052W	3.37	21
1858892	4932.YBR024W	3.36	13
1862107	4932.YJR004C	3.36	13
1864367	4932.YOR028C	3.35	14
1863252	4932.YML043C	3.35	13
1859335	4932.YCR061W	3.35	21
1864000	4932.YNL271C	3.35	67
1864256	4932.YOL093W	3.34	9
1862444	4932.YKL161C	3.33	19
1862770	4932.YLR080W	3.32	17
1864849	4932.YPL087W	3.32	11
1860768	4932.YGL057C	3.31	7
1864628	4932.YOR275C	3.29	23
1859926	4932.YDR260C	3.28	3
1860027	4932.YDR352W	3.27	12
1862729	4932.YLR039C	3.27	37
1864999	4932.YPL230W	3.27	7
1863686	4932.YMR301C	3.27	14
1862421	4932.YKL139W	3.27	16
1862171	4932.YJR066W	3.26	112
1864320	4932.YOL155C	3.26	19
1864124	4932.YNR047W	3.26	27
1863530	4932.YMR159C	3.25	7
1859402	4932.YDL018C	3.25	7
1864776	4932.YPL015C	3.25	16
1858940	4932.YBR069C	3.25	28
1862062	4932.YJL187C	3.25	32
1860776	4932.YGL064C	3.24	28
1863272	4932.YML059C	3.24	61
1862136	4932.YJR031C	3.24	36
1860691	4932.YFR042W	3.23	11
1862228	4932.YJR122W	3.22	21
1863950	4932.YNL221C	3.22	20
1863329	4932.YML111W	3.21	27
1859761	4932.YDR107C	3.19	33
1858631	4932.YAL015C	3.19	13
1864764	4932.YPL003W	3.19	21
1858832	4932.YBL085W	3.19	30
1865111	4932.YPR051W	3.19	7
1861895	4932.YJL029C	3.18	35
1865176	4932.YPR115W	3.18	38
1859416	4932.YDL030W	3.17	15
1861248	4932.YGR247W	3.17	9
1860009	4932.YDR334W	3.16	55
1864109	4932.YNR033W	3.16	32
1864626	4932.YOR273C	3.15	20
1861003	4932.YGR023W	3.15	5
1865105	4932.YPR045C	3.15	17
1863701	4932.YMR313C	3.15	21
1862288	4932.YKL017C	3.14	21
1860727	4932.YGL017W	3.14	20
1859935	4932.YDR265W	3.14	15
1861486	4932.YHR102W	3.14	25
1863797	4932.YNL076W	3.14	16
1863962	4932.YNL233W	3.12	33
1859490	4932.YDL102W	3.12	48
1861323	4932.YHL018W	3.11	5
1862823	4932.YLR131C	3.11	35
1864643	4932.YOR290C	3.09	63
1861720	4932.YIL084C	3.08	7
1864916	4932.YPL151C	3.08	15
1861682	4932.YIL048W	3.08	37
1860006	4932.YDR331W	3.07	14
1860288	4932.YEL043W	3.07	31
1864411	4932.YOR070C	3.06	21
1861010	4932.YGR028W	3.06	12
1859949	4932.YDR279W	3.04	15
1863920	4932.YNL191W	3.03	13
1858629	4932.YAL013W	3.03	15
1861761	4932.YIL121W	3.03	32
1865238	4932.YPR166C	3.02	1
1864175	4932.YOL018C	3.02	14
1862600	4932.YKR089C	3.02	39
1864043	4932.YNL311C	3.02	34
1859154	4932.YBR260C	3.0	25
1861223	4932.YGR223C	3.0	15
1862205	4932.YJR100C	2.98	15
1865047	4932.YPL274W	2.98	13
1865150	4932.YPR089W	2.98	38
1862316	4932.YKL042W	2.97	10
1861389	4932.YHR023W	2.97	68
1860120	4932.YDR436W	2.97	59
1863477	4932.YMR113W	2.97	19
1859217	4932.YCL020W	2.96	225
1863237	4932.YML029W	2.96	28
1861884	4932.YJL019W	2.95	22
1862151	4932.YJR046W	2.95	25
1859932	4932.YDR262W	2.94	11
1860762	4932.YGL051W	2.94	6
1859429	4932.YDL044C	2.94	14
1859413	4932.YDL027C	2.94	11
1863243	4932.YML034W	2.93	26
1864231	4932.YOL071W	2.92	6
1859341	4932.YCR068W	2.92	14
1862590	4932.YKR079C	2.91	36
1858868	4932.YBR002C	2.91	9
1862075	4932.YJL199C	2.9	5
1860004	4932.YDR329C	2.89	15
1864029	4932.YNL297C	2.89	64
1863750	4932.YNL032W	2.89	10
1858789	4932.YBL046W	2.89	16
1863603	4932.YMR225C	2.88	3
1860467	4932.YER111C	2.88	39
1860415	4932.YER071C	2.88	6
1861222	4932.YGR222W	2.87	9
1862807	4932.YLR116W	2.87	12
1858721	4932.YAR033W	2.86	6
1865165	4932.YPR105C	2.86	37
1863305	4932.YML091C	2.86	49
1863355	4932.YMR001C	2.84	26
1864927	4932.YPL161C	2.84	29
1861190	4932.YGR191W	2.84	17
1863759	4932.YNL041C	2.82	32
1861929	4932.YJL062W	2.82	19
1861645	4932.YIL017C	2.82	26
1863026	4932.YLR306W	2.82	5
1862452	4932.YKL167C	2.81	3
1861627	4932.YIL002C	2.81	33
1860529	4932.YER162C	2.81	28
1863500	4932.YMR134W	2.81	6
1859170	4932.YBR276C	2.81	30
1864996	4932.YPL227C	2.8	14
1865038	4932.YPL265W	2.8	19
1862993	4932.YLR277C	2.8	33
1862988	4932.YLR272C	2.8	42
1865059	4932.YPR002W	2.78	15
1862624	4932.YLL006W	2.78	13
1862799	4932.YLR108C	2.77	13
1860852	4932.YGL139W	2.77	28
1860057	4932.YDR376W	2.76	17
1860175	4932.YDR490C	2.76	38
1862771	4932.YLR081W	2.76	33
1865192	4932.YPR131C	2.76	6
1862876	4932.YLR166C	2.76	29
1864226	4932.YOL066C	2.75	23
1864266	4932.YOL102C	2.75	7
1864946	4932.YPL180W	2.74	28
1863740	4932.YNL023C	2.73	32
1861285	4932.YGR283C	2.72	9
1859353	4932.YCR081W	2.72	52
1864393	4932.YOR052C	2.72	5
1862385	4932.YKL105C	2.72	22
1859957	4932.YDR287W	2.72	8
1864103	4932.YNR028W	2.71	12
1858803	4932.YBL059W	2.71	6
1859134	4932.YBR241C	2.71	12
1860742	4932.YGL032C	2.71	3
1858630	4932.YAL014C	2.7	6
1863189	4932.YLR455W	2.7	8
1864987	4932.YPL219W	2.69	18
1864290	4932.YOL124C	2.69	18
1864125	4932.YNR048W	2.69	15
1864813	4932.YPL051W	2.69	7
1861647	4932.YIL019W	2.69	7
1863296	4932.YML082W	2.68	20
1859956	4932.YDR286C	2.67	3
1864470	4932.YOR126C	2.67	10
1863997	4932.YNL268W	2.65	13
1864939	4932.YPL173W	2.65	7
1859668	4932.YDR021W	2.65	13
1859062	4932.YBR179C	2.64	23
1859775	4932.YDR119W-A	2.64	2
1861581	4932.YHR187W	2.64	17
1863922	4932.YNL193W	2.63	19
1860681	4932.YFR034C	2.63	6
1864779	4932.YPL018W	2.63	11
1861642	4932.YIL014W	2.63	20
1860033	4932.YDR357C	2.62	6
1862921	4932.YLR211C	2.61	7
1861198	4932.YGR199W	2.61	32
1864943	4932.YPL177C	2.6	7
1864769	4932.YPL008W	2.59	33
1860568	4932.YFL002W-B	2.59	199
1861156	4932.YGR161W-A	2.59	199
1865043	4932.YPL270W	2.58	20
1860048	4932.YDR369C	2.58	28
1862941	4932.YLR228C	2.58	15
1864859	4932.YPL096W	2.58	7
1858626	4932.YAL010C	2.58	19
1861569	4932.YHR178W	2.57	22
1864863	4932.YPL100W	2.57	19
1861076	4932.YGR089W	2.57	22
1864720	4932.YOR358W	2.57	7
1862966	4932.YLR253W	2.57	16
1859384	4932.YDL001W	2.56	11
1863953	4932.YNL224C	2.55	16
1864851	4932.YPL089C	2.55	12
1858720	4932.YAR031W	2.54	8
1860357	4932.YER024W	2.54	25
1864030	4932.YNL298W	2.53	26
1860912	4932.YGL197W	2.53	45
1859084	4932.YBR197C	2.53	6
1859230	4932.YCL032W	2.53	6
1864768	4932.YPL007C	2.52	25
1860893	4932.YGL180W	2.52	24
1860220	4932.YDR530C	2.52	12
1859967	4932.YDR297W	2.52	13
1859923	4932.YDR257C	2.51	11
1862200	4932.YJR095W	2.51	11
1865170	4932.YPR109W	2.5	8
1859843	4932.YDR183W	2.5	8
1860056	4932.YDR375C	2.5	14
1863087	4932.YLR362W	2.5	23
1864947	4932.YPL181W	2.5	13
1858818	4932.YBL071W-A	2.5	3
1862704	4932.YLR015W	2.49	17
1861487	4932.YHR103W	2.49	18
1863639	4932.YMR258C	2.49	14
1859548	4932.YDL157C	2.49	4
1860373	4932.YER039C	2.49	17
1860695	4932.YFR046C	2.49	9
1859373	4932.YCR098C	2.48	21
1859904	4932.YDR239C	2.48	23
1862442	4932.YKL159C	2.48	9
1864687	4932.YOR329C	2.47	21
1864587	4932.YOR233W	2.47	18
1859921	4932.YDR255C	2.47	15
1863031	4932.YLR310C	2.46	49
1865107	4932.YPR047W	2.46	14
1860795	4932.YGL083W	2.46	29
1859014	4932.YBR133C	2.46	25
1860503	4932.YER142C	2.45	8
1858829	4932.YBL082C	2.45	13
1861795	4932.YIL153W	2.44	11
1860055	4932.YDR374W-A	2.44	3
1863185	4932.YLR451W	2.44	19
1858905	4932.YBR037C	2.44	7
1864541	4932.YOR191W	2.44	39
1863987	4932.YNL258C	2.43	23
1860757	4932.YGL045W	2.43	16
1862601	4932.YKR090W	2.42	19
1862776	4932.YLR086W	2.4	34
1864781	4932.YPL020C	2.39	10
1862835	4932.YLR143W	2.39	23
1858603	4932.Q0105	2.39	13
1859212	4932.YCL014W	2.39	44
1861475	4932.YHR091C	2.39	64
1864654	4932.YOR299W	2.39	20
1861511	4932.YHR127W	2.39	7
1862045	4932.YJL170C	2.38	6
1863793	4932.YNL072W	2.38	11
1862158	4932.YJR053W	2.38	12
1860665	4932.YFR021W	2.37	16
1858758	4932.YBL018C	2.37	4
1863801	4932.YNL080C	2.36	7
1862806	4932.YLR115W	2.36	28
1860949	4932.YGL233W	2.36	19
1859681	4932.YDR034C	2.36	17
1864498	4932.YOR152C	2.35	6
1858625	4932.YAL009W	2.35	3
1859839	4932.YDR181C	2.34	15
1863880	4932.YNL152W	2.34	12
1863259	4932.YML049C	2.34	50
1859125	4932.YBR233W	2.34	8
1859930	4932.YDR261W-A	2.34	207
1860942	4932.YGL226W	2.33	4
1863698	4932.YMR310C	2.33	8
1863140	4932.YLR410W-A	2.32	211
1862475	4932.YKL189W	2.32	13
1859166	4932.YBR272C	2.31	14
1864084	4932.YNR009W	2.31	6
1860605	4932.YFL033C	2.31	44
1864543	4932.YOR192C-A	2.31	205
1862405	4932.YKL124W	2.3	16
1865220	4932.YPR155C	2.3	20
1864989	4932.YPL221W	2.29	30
1865077	4932.YPR018W	2.29	10
1862429	4932.YKL146W	2.28	7
1861853	4932.YIR030C	2.28	7
1863707	4932.YMR316W	2.28	7
1860938	4932.YGL223C	2.28	12
1863930	4932.YNL201C	2.27	24
1862035	4932.YJL160C	2.27	80
1864053	4932.YNL321W	2.27	22
1858688	4932.YAL061W	2.26	8
1862375	4932.YKL096W-A	2.26	1
1859874	4932.YDR210W-A	2.26	204
1860565	4932.YFL001W	2.26	13
1863068	4932.YLR345W	2.26	16
1859463	4932.YDL077C	2.25	31
1858651	4932.YAL031C	2.25	13
1858833	4932.YBL086C	2.25	13
1863330	4932.YML112W	2.24	6
1859349	4932.YCR076C	2.24	8
1858810	4932.YBL066C	2.24	35
1861567	4932.YHR176W	2.24	14
1863542	4932.YMR171C	2.23	15
1864041	4932.YNL309W	2.22	10
1862991	4932.YLR275W	2.22	3
1863123	4932.YLR396C	2.22	15
1861206	4932.YGR206W	2.22	2
1864319	4932.YOL154W	2.22	9
1864832	4932.YPL070W	2.21	19
1864902	4932.YPL137C	2.21	32
1859893	4932.YDR228C	2.2	13
1859795	4932.YDR140W	2.2	7
1860783	4932.YGL071W	2.2	10
1861499	4932.YHR115C	2.2	8
1863773	4932.YNL054W	2.2	20
1861972	4932.YJL102W	2.19	18
1860853	4932.YGL140C	2.18	31
1864734	4932.YOR372C	2.18	12
1862830	4932.YLR138W	2.17	18
1861333	4932.YHL027W	2.16	15
1863974	4932.YNL245C	2.16	4
1862774	4932.YLR084C	2.15	21
1864377	4932.YOR036W	2.15	11
1859367	4932.YCR094W	2.15	11
1860099	4932.YDR415C	2.15	11
1859615	4932.YDL220C	2.15	28
1864163	4932.YOL008W	2.14	4
1859069	4932.YBR185C	2.12	7
1861543	4932.YHR154W	2.12	27
1864233	4932.YOL073C	2.12	7
1861536	4932.YHR147C	2.11	5
1863548	4932.YMR175W	2.11	1
1864355	4932.YOR017W	2.11	14
1859602	4932.YDL207W	2.11	11
1864991	4932.YPL222W	2.11	19
1862947	4932.YLR234W	2.11	19
1859925	4932.YDR259C	2.1	10
1863737	4932.YNL020C	2.1	14
1861781	4932.YIL140W	2.1	20
1863120	4932.YLR393W	2.09	7
1860535	4932.YER167W	2.09	15
1863295	4932.YML081W	2.09	25
1864264	4932.YOL100W	2.09	20
1859633	4932.YDL238C	2.09	15
1863539	4932.YMR168C	2.09	17
1859032	4932.YBR150C	2.09	25
1862207	4932.YJR102C	2.08	5
1860688	4932.YFR039C	2.08	17
1862626	4932.YLL007C	2.08	18
1862298	4932.YKL025C	2.07	14
1859530	4932.YDL139C	2.07	4
1864733	4932.YOR371C	2.07	24
1859683	4932.YDR034C-C	2.06	198
1863851	4932.YNL127W	2.06	25
1860600	4932.YFL029C	2.05	9
1864325	4932.YOL159C	2.05	1
1859652	4932.YDR006C	2.05	16
1860061	4932.YDR379W	2.05	26
1864664	4932.YOR308C	2.04	13
1863794	4932.YNL073W	2.03	12
1859612	4932.YDL217C	2.02	5
1865069	4932.YPR011C	2.02	11
1863229	4932.YML021C	2.02	9
1862074	4932.YJL198W	2.02	13
1863401	4932.YMR042W	2.02	4
1859884	4932.YDR219C	2.02	13
1861911	4932.YJL046W	2.01	11
1864201	4932.YOL042W	2.01	8
1861375	4932.YHR011W	2.01	11
1863667	4932.YMR284W	2.01	15
1861703	4932.YIL068C	2.01	18
1860608	4932.YFL034W	1.99	23
1863399	4932.YMR040W	1.99	4
1859431	4932.YDL045W-A	1.98	1
1863488	4932.YMR122W-A	1.98	4
1861274	4932.YGR271W	1.98	54
1862899	4932.YLR189C	1.97	27
1864037	4932.YNL305C	1.97	6
1861054	4932.YGR068C	1.97	11
1859389	4932.YDL006W	1.96	12
1863440	4932.YMR078C	1.96	16
1859763	4932.YDR109C	1.96	17
1859216	4932.YCL019W	1.95	947
1859368	4932.YCR095C	1.95	8
1860148	4932.YDR463W	1.95	8
1859251	4932.YCL052C	1.95	10
1859861	4932.YDR200C	1.95	9
1864870	4932.YPL107W	1.95	3
1862438	4932.YKL155C	1.95	16
1863544	4932.YMR172W	1.94	11
1864371	4932.YOR032C	1.93	7
1861238	4932.YGR238C	1.93	13
1864058	4932.YNL326C	1.92	7
1859339	4932.YCR066W	1.92	12
1862109	4932.YJR005W	1.91	18
1863571	4932.YMR194C-B	1.91	2
1859797	4932.YDR142C	1.9	10
1860872	4932.YGL159W	1.9	8
1858933	4932.YBR062C	1.9	6
1864116	4932.YNR039C	1.9	7
1859462	4932.YDL076C	1.9	9
1861941	4932.YJL073W	1.89	14
1860554	4932.YER183C	1.88	5
1864767	4932.YPL006W	1.88	29
1861459	4932.YHR077C	1.87	18
1863471	4932.YMR107W	1.87	4
1860567	4932.YFL002W-A	1.87	921
1861157	4932.YGR161W-B	1.87	921
1860259	4932.YEL019C	1.86	4
1864538	4932.YOR188W	1.86	30
1861392	4932.YHR026W	1.85	7
1863991	4932.YNL262W	1.85	59
1859009	4932.YBR129C	1.85	7
1859697	4932.YDR046C	1.84	13
1862339	4932.YKL064W	1.84	18
1859892	4932.YDR227W	1.84	21
1862400	4932.YKL119C	1.84	5
1861264	4932.YGR263C	1.84	13
1859494	4932.YDL106C	1.84	7
1862469	4932.YKL183W	1.83	4
1862952	4932.YLR239C	1.83	6
1865057	4932.YPR001W	1.83	48
1860758	4932.YGL047W	1.82	7
1860152	4932.YDR466W	1.82	18
1863141	4932.YLR410W-B	1.82	931
1864867	4932.YPL104W	1.81	12
1861939	4932.YJL071W	1.81	14
1862241	4932.YJR135C	1.8	7
1862960	4932.YLR247C	1.8	35
1861427	4932.YHR054C	1.8	20
1862397	4932.YKL116C	1.8	12
1861202	4932.YGR203W	1.8	3
1859655	4932.YDR009W	1.79	35
1860826	4932.YGL114W	1.79	14
1861366	4932.YHR004C	1.79	6
1862598	4932.YKR087C	1.79	8
1862447	4932.YKL163W	1.78	85
1861857	4932.YIR033W	1.78	19
1862487	4932.YKL203C	1.78	68
1861237	4932.YGR237C	1.78	16
1861964	4932.YJL094C	1.78	11
1864025	4932.YNL293W	1.78	12
1859875	4932.YDR210W-B	1.77	924
1859221	4932.YCL024W	1.77	21
1859276	4932.YCR007C	1.76	5
1863209	4932.YML005W	1.75	12
1861912	4932.YJL047C	1.75	20
1860803	4932.YGL091C	1.75	9
1858792	4932.YBL049W	1.74	4
1865254	4932.YPR179C	1.74	12
1862622	4932.YLL004W	1.74	16
1864896	4932.YPL132W	1.74	7
1860898	4932.YGL185C	1.74	8
1859598	4932.YDL203C	1.74	12
1864307	4932.YOL141W	1.72	16
1864228	4932.YOL068C	1.72	13
1862709	4932.YLR020C	1.72	14
1865217	4932.YPR152C	1.71	7
1862145	4932.YJR040W	1.71	13
1860687	4932.YFR038W	1.7	20
1864291	4932.YOL125W	1.7	13
1860405	4932.YER064C	1.7	17
1864644	4932.YOR291W	1.7	32
1860156	4932.YDR470C	1.7	10
1859653	4932.YDR007W	1.69	6
1863778	4932.YNL058C	1.69	6
1864787	4932.YPL026C	1.69	7
1862917	4932.YLR207W	1.69	19
1862662	4932.YLL043W	1.68	8
1860366	4932.YER033C	1.68	20
1859674	4932.YDR027C	1.67	19
1863812	4932.YNL091W	1.67	17
1858607	4932.Q0130	1.67	2
1858849	4932.YBL100W-A	1.67	171
1859479	4932.YDL091C	1.66	6
1863457	4932.YMR094W	1.66	9
1864735	4932.YOR373W	1.66	17
1862020	4932.YJL146W	1.66	11
1863602	4932.YMR224C	1.66	10
1864420	4932.YOR076C	1.65	15
1864961	4932.YPL193W	1.65	8
1864884	4932.YPL120W	1.65	13
1862470	4932.YKL184W	1.65	12
1859283	4932.YCR014C	1.64	11
1859311	4932.YCR037C	1.64	13
1863861	4932.YNL136W	1.64	8
1860001	4932.YDR326C	1.64	25
1863037	4932.YLR315W	1.64	5
1864089	4932.YNR014W	1.64	4
1859636	4932.YDL240W	1.63	20
1863989	4932.YNL260C	1.63	2
1860841	4932.YGL128C	1.63	7
1864725	4932.YOR363C	1.63	20
1859909	4932.YDR244W	1.63	17
1859139	4932.YBR246W	1.63	11
1862775	4932.YLR085C	1.63	12
1864572	4932.YOR219C	1.63	21
1862483	4932.YKL197C	1.63	22
1858843	4932.YBL095W	1.62	6
1861322	4932.YHL017W	1.62	9
1863942	4932.YNL213C	1.62	2
1860124	4932.YDR440W	1.62	8
1864704	4932.YOR343W-A	1.61	170
1864544	4932.YOR192C-B	1.61	898
1865114	4932.YPR054W	1.61	34
1864097	4932.YNR022C	1.61	2
1863515	4932.YMR147W	1.6	7
1863109	4932.YLR382C	1.6	19
1863377	4932.YMR020W	1.6	12
1864790	4932.YPL029W	1.6	8
1864425	4932.YOR081C	1.59	15
1865085	4932.YPR026W	1.59	21
1860899	4932.YGL186C	1.58	8
1859486	4932.YDL098C	1.58	4
1862651	4932.YLL032C	1.58	18
1863818	4932.YNL097C	1.58	6
1861169	4932.YGR171C	1.58	13
1859931	4932.YDR261W-B	1.58	790
1862859	4932.YLR157C	1.57	24
1862856	4932.YLR155C	1.57	24
1862868	4932.YLR160C	1.57	24
1862865	4932.YLR158C	1.57	24
1860952	4932.YGL236C	1.57	11
1859684	4932.YDR034C-D	1.57	886
1859277	4932.YCR008W	1.57	11
1860831	4932.YGL119W	1.56	6
1862194	4932.YJR090C	1.56	21
1858782	4932.YBL039W-B	1.56	1
1864462	4932.YOR118W	1.56	12
1862366	4932.YKL089W	1.55	13
1864778	4932.YPL017C	1.55	10
1864338	4932.YOR003W	1.55	9
1860475	4932.YER119C	1.55	5
1860381	4932.YER045C	1.55	6
1861314	4932.YHL010C	1.54	11
1860013	4932.YDR338C	1.54	7
1864361	4932.YOR022C	1.54	15
1863978	4932.YNL249C	1.53	8
1860472	4932.YER116C	1.53	3
1861146	4932.YGR154C	1.52	5
1859546	4932.YDL155W	1.52	10
1861001	4932.YGR021W	1.52	4
1862106	4932.YJR003C	1.52	8
1862820	4932.YLR128W	1.52	7
1863670	4932.YMR287C	1.51	17
1860469	4932.YER113C	1.51	12
1863163	4932.YLR431C	1.51	5
1861762	4932.YIL122W	1.5	4
1858904	4932.YBR036C	1.49	7
1864619	4932.YOR266W	1.49	6
1858761	4932.YBL021C	1.49	1
1862138	4932.YJR033C	1.49	26
1860449	4932.YER093C-A	1.49	3
1862319	4932.YKL045W	1.49	7
1864689	4932.YOR330C	1.49	14
1863672	4932.YMR289W	1.49	8
1858850	4932.YBL100W-B	1.48	861
1861769	4932.YIL129C	1.48	38
1864059	4932.YNL327W	1.48	11
1859204	4932.YCL005W	1.48	5
1860971	4932.YGL255W	1.48	7
1860986	4932.YGR006W	1.48	5
1860648	4932.YFR007W	1.47	10
1864341	4932.YOR006C	1.47	7
1861387	4932.YHR022C	1.47	6
1859708	4932.YDR057W	1.46	12
1862650	4932.YLL031C	1.46	22
1862747	4932.YLR057W	1.45	15
1860990	4932.YGR010W	1.45	10
1864705	4932.YOR343W-B	1.44	869
1865153	4932.YPR093C	1.44	6
1861733	4932.YIL097W	1.44	8
1863403	4932.YMR044W	1.43	8
1859325	4932.YCR048W	1.43	8
1859227	4932.YCL029C	1.43	7
1865253	4932.YPR178W	1.42	11
1862753	4932.YLR063W	1.42	9
1865102	4932.YPR042C	1.41	10
1863465	4932.YMR102C	1.4	14
1861677	4932.YIL045W	1.4	9
1861187	4932.YGR188C	1.4	20
1859792	4932.YDR137W	1.39	12
1860984	4932.YGR004W	1.39	9
1860311	4932.YEL063C	1.39	6
1864419	4932.YOR075W	1.39	4
1861811	4932.YIL169C	1.39	11
1859669	4932.YDR022C	1.39	5
1860966	4932.YGL250W	1.38	4
1862460	4932.YKL175W	1.38	7
1864471	4932.YOR127W	1.38	15
1862080	4932.YJL204C	1.38	11
1865081	4932.YPR022C	1.37	17
1861142	4932.YGR150C	1.37	13
1860806	4932.YGL094C	1.37	19
1864008	4932.YNL278W	1.37	16
1864294	4932.YOL128C	1.37	8
1864511	4932.YOR162C	1.37	12
1862230	4932.YJR124C	1.37	7
1864242	4932.YOL082W	1.37	5
1864102	4932.YNR027W	1.37	7
1858828	4932.YBL081W	1.36	4
1859318	4932.YCR043C	1.36	3
1859336	4932.YCR063W	1.35	2
1861089	4932.YGR102C	1.35	2
1860107	4932.YDR423C	1.35	8
1859248	4932.YCL049C	1.35	5
1863665	4932.YMR282C	1.34	9
1859478	4932.YDL090C	1.34	4
1858991	4932.YBR114W	1.34	11
1863191	4932.YLR457C	1.34	3
1862196	4932.YJR092W	1.34	21
1860198	4932.YDR512C	1.33	3
1862900	4932.YLR190W	1.33	5
1864244	4932.YOL083W	1.33	10
1862953	4932.YLR240W	1.33	14
1863378	4932.YMR021C	1.33	6
1863119	4932.YLR392C	1.33	6
1860160	4932.YDR475C	1.32	14
1859700	4932.YDR049W	1.32	10
1863144	4932.YLR412W	1.32	6
1861702	4932.YIL067C	1.32	8
1862094	4932.YJL218W	1.32	3
1864108	4932.YNR032W	1.32	10
1859435	4932.YDL049C	1.31	2
1861554	4932.YHR165C	1.3	37
1863132	4932.YLR404W	1.3	3
1859272	4932.YCR003W	1.29	3
1864998	4932.YPL229W	1.29	4
1860384	4932.YER047C	1.29	13
1863194	4932.YLR460C	1.29	24
1862911	4932.YLR201C	1.29	3
1861324	4932.YHL019C	1.28	7
1861101	4932.YGR112W	1.27	7
1860908	4932.YGL194C	1.27	8
1863210	4932.YML006C	1.27	6
1862233	4932.YJR127C	1.27	20
1860423	4932.YER077C	1.27	9
1862574	4932.YKR064W	1.27	13
1863619	4932.YMR240C	1.26	7
1862878	4932.YLR168C	1.26	5
1864166	4932.YOL011W	1.26	12
1863551	4932.YMR177W	1.26	5
1864337	4932.YOR002W	1.25	8
1859105	4932.YBR216C	1.25	13
1859296	4932.YCR024C	1.25	9
1862954	4932.YLR241W	1.25	13
1861721	4932.YIL085C	1.25	11
1858723	4932.YAR035W	1.25	11
1864494	4932.YOR148C	1.24	3
1863946	4932.YNL217W	1.24	7
1865175	4932.YPR114W	1.23	6
1861731	4932.YIL095W	1.23	11
1863798	4932.YNL077W	1.23	7
1862083	4932.YJL207C	1.22	38
1859961	4932.YDR291W	1.22	15
1860509	4932.YER147C	1.22	13
1858996	4932.YBR119W	1.21	5
1859260	4932.YCL061C	1.21	13
1861548	4932.YHR159W	1.21	5
1859295	4932.YCR023C	1.21	7
1863982	4932.YNL253W	1.2	7
1864576	4932.YOR223W	1.2	4
1860789	4932.YGL077C	1.2	7
1862112	4932.YJR008W	1.2	7
1863246	4932.YML037C	1.2	4
1858653	4932.YAL032C	1.2	5
1859814	4932.YDR159W	1.2	14
1862675	4932.YLL056C	1.19	5
1864132	4932.YNR055C	1.19	3
1858619	4932.YAL002W	1.18	18
1859072	4932.YBR188C	1.18	1
1862817	4932.YLR125W	1.18	2
1860694	4932.YFR045W	1.18	5
1864259	4932.YOL096C	1.17	5
1861997	4932.YJL127C	1.17	6
1864515	4932.YOR166C	1.17	7
1858678	4932.YAL051W	1.17	16
1862822	4932.YLR130C	1.17	6
1863868	4932.YNL142W	1.16	4
1862501	4932.YKL217W	1.16	6
1861166	4932.YGR169C	1.15	5
1863290	4932.YML077W	1.15	3
1861318	4932.YHL014C	1.15	7
1858785	4932.YBL042C	1.15	10
1859971	4932.YDR301W	1.14	20
1862369	4932.YKL092C	1.14	17
1862485	4932.YKL201C	1.14	17
1862245	4932.YJR138W	1.14	21
1863169	4932.YLR437C	1.13	3
1861924	4932.YJL057C	1.13	9
1863770	4932.YNL051W	1.13	7
1862937	4932.YLR226W	1.12	5
1860540	4932.YER172C	1.12	32
1859732	4932.YDR080W	1.12	14
1863365	4932.YMR010W	1.12	5
1858942	4932.YBR071W	1.11	3
1860646	4932.YFR005C	1.11	6
1859245	4932.YCL047C	1.11	4
1861258	4932.YGR257C	1.11	5
1860697	4932.YFR048W	1.1	10
1862810	4932.YLR119W	1.1	2
1862887	4932.YLR177W	1.1	12
1862530	4932.YKR021W	1.09	11
1863038	4932.YLR316C	1.09	5
1862306	4932.YKL033W	1.09	17
1860854	4932.YGL141W	1.09	15
1861269	4932.YGR268C	1.09	2
1864245	4932.YOL084W	1.08	15
1863154	4932.YLR422W	1.08	28
1865140	4932.YPR079W	1.07	2
1860574	4932.YFL009W	1.07	10
1864164	4932.YOL009C	1.07	6
1862202	4932.YJR097W	1.06	3
1862007	4932.YJL134W	1.06	8
1862951	4932.YLR238W	1.06	4
1865080	4932.YPR021C	1.05	12
1861896	4932.YJL030W	1.05	3
1862262	4932.YJR154W	1.05	4
1864775	4932.YPL014W	1.04	4
1860891	4932.YGL178W	1.04	9
1862088	4932.YJL212C	1.04	7
1860448	4932.YER093C	1.04	17
1863413	4932.YMR052W	1.04	2
1860026	4932.YDR351W	1.04	11
1862608	4932.YKR096W	1.04	21
1865205	4932.YPR141C	1.04	7
1863188	4932.YLR454W	1.04	29
1864183	4932.YOL025W	1.03	6
1861915	4932.YJL049W	1.03	5
1863168	4932.YLR436C	1.02	21
1858641	4932.YAL022C	1.02	6
1858896	4932.YBR028C	1.02	4
1860174	4932.YDR489W	1.01	4
1865048	4932.YPL277C	1.01	11
1862193	4932.YJR089W	1.01	11
1862789	4932.YLR099C	1.01	4
1862110	4932.YJR006W	1.0	8
1862116	4932.YJR011C	0.998	4
1863651	4932.YMR270C	0.998	5
1861940	4932.YJL072C	0.997	3
1863676	4932.YMR292W	0.996	2
1860596	4932.YFL025C	0.993	11
1860100	4932.YDR416W	0.993	11
1860109	4932.YDR425W	0.99	8
1863478	4932.YMR114C	0.989	4
1860489	4932.YER132C	0.987	19
1863538	4932.YMR167W	0.986	11
1858765	4932.YBL025W	0.983	3
1864598	4932.YOR245C	0.982	5
1864802	4932.YPL040C	0.98	14
1864238	4932.YOL078W	0.977	15
1862999	4932.YLR283W	0.977	3
1859802	4932.YDR147W	0.975	6
1859056	4932.YBR173C	0.974	2
1861030	4932.YGR044C	0.973	4
1861969	4932.YJL099W	0.972	8
1859574	4932.YDL180W	0.968	4
1865027	4932.YPL256C	0.966	7
1863017	4932.YLR298C	0.966	2
1861358	4932.YHL048W	0.965	7
1861583	4932.YHR189W	0.965	2
1863606	4932.YMR228W	0.964	6
1859067	4932.YBR183W	0.963	3
1859291	4932.YCR020C-A	0.961	2
1865204	4932.YPR140W	0.961	5
1862808	4932.YLR117C	0.955	8
1864755	4932.YOR391C	0.952	14
1863713	4932.YMR322C	0.952	14
1865051	4932.YPL280W	0.952	14
1860653	4932.YFR010W-A	0.949	1
1862531	4932.YKR022C	0.948	2
1860663	4932.YFR019W	0.948	17
1862705	4932.YLR016C	0.945	2
1860609	4932.YFL036W	0.944	11
1859594	4932.YDL199C	0.942	7
1859726	4932.YDR075W	0.942	3
1864850	4932.YPL088W	0.935	4
1858906	4932.YBR038W	0.93	9
1862737	4932.YLR047C	0.93	9
1861513	4932.YHR129C	0.927	4
1862155	4932.YJR050W	0.924	3
1860486	4932.YER129W	0.924	9
1860970	4932.YGL254W	0.923	2
1859836	4932.YDR179C	0.922	2
1859456	4932.YDL070W	0.922	7
1863577	4932.YMR199W	0.921	5
1862283	4932.YKL012W	0.918	5
1862597	4932.YKR086W	0.915	11
1859908	4932.YDR243C	0.91	6
1862834	4932.YLR142W	0.91	4
1861724	4932.YIL088C	0.906	5
1863923	4932.YNL194C	0.9	4
1858867	4932.YBR001C	0.896	22
1864191	4932.YOL033W	0.895	7
1862788	4932.YLR098C	0.894	9
1862295	4932.YKL023C-A	0.894	1
1864381	4932.YOR040W	0.891	4
1861938	4932.YJL070C	0.891	11
1864954	4932.YPL187W	0.889	1
1863142	4932.YLR411W	0.888	4
1861259	4932.YGR258C	0.886	13
1860420	4932.YER075C	0.884	12
1864527	4932.YOR178C	0.884	5
1865260	4932.YPR185W	0.881	9
1860159	4932.YDR473C	0.878	4
1861562	4932.YHR172W	0.874	7
1863007	4932.YLR288C	0.873	7
1859919	4932.YDR253C	0.87	2
1860849	4932.YGL136C	0.868	2
1865251	4932.YPR176C	0.867	4
1859867	4932.YDR206W	0.866	10
1863990	4932.YNL261W	0.866	5
1861819	4932.YIR002C	0.865	10
1864917	4932.YPL152W	0.862	4
1860692	4932.YFR043C	0.861	2
1862589	4932.YKR078W	0.857	5
1859430	4932.YDL045C	0.856	5
1860959	4932.YGL243W	0.855	4
1862030	4932.YJL156C	0.853	7
1862829	4932.YLR137W	0.853	6
1859905	4932.YDR240C	0.852	4
1859506	4932.YDL117W	0.852	8
1861163	4932.YGR166W	0.846	7
1858775	4932.YBL034C	0.845	17
1864241	4932.YOL081W	0.842	31
1859724	4932.YDR073W	0.838	2
1860746	4932.YGL036W	0.837	8
1863155	4932.YLR423C	0.836	5
1860039	4932.YDR363W	0.834	3
1863971	4932.YNL242W	0.831	15
1860598	4932.YFL027C	0.827	6
1864845	4932.YPL083C	0.827	3
1858647	4932.YAL027W	0.825	3
1859300	4932.YCR026C	0.822	7
1859338	4932.YCR065W	0.822	7
1862782	4932.YLR092W	0.822	9
1864682	4932.YOR324C	0.821	6
1861689	4932.YIL055C	0.82	5
1859863	4932.YDR202C	0.815	4
1863876	4932.YNL148C	0.815	2
1862536	4932.YKR027W	0.812	8
1860310	4932.YEL062W	0.812	9
1863098	4932.YLR371W	0.809	12
1863555	4932.YMR181C	0.807	2
1864693	4932.YOR334W	0.806	5
1862721	4932.YLR032W	0.806	7
1860457	4932.YER101C	0.806	6
1862573	4932.YKR063C	0.792	5
1862081	4932.YJL205C	0.792	1
1865010	4932.YPL241C	0.792	2
1863854	4932.YNL130C	0.791	2
1863756	4932.YNL038W	0.791	2
1863196	4932.YLR462W	0.79	23
1861004	4932.YGR024C	0.787	4
1862360	4932.YKL083W	0.786	1
1863893	4932.YNL164C	0.778	5
1858898	4932.YBR030W	0.776	7
1862463	4932.YKL178C	0.775	4
1862602	4932.YKR091W	0.772	2
1861236	4932.YGR236C	0.772	1
1859236	4932.YCL038C	0.772	6
1861793	4932.YIL151C	0.77	8
1865125	4932.YPR065W	0.767	3
1863430	4932.YMR069W	0.765	2
1860822	4932.YGL110C	0.762	5
1858684	4932.YAL058W	0.76	6
1859169	4932.YBR275C	0.759	18
1862827	4932.YLR135W	0.758	5
1865144	4932.YPR083W	0.758	4
1862140	4932.YJR035W	0.757	9
1858674	4932.YAL047C	0.757	5
1860333	4932.YER005W	0.756	6
1865026	4932.YPL255W	0.755	4
1860495	4932.YER137C	0.754	1
1863678	4932.YMR294W	0.75	3
1862459	4932.YKL174C	0.75	4
1859492	4932.YDL104C	0.749	4
1863158	4932.YLR426W	0.746	4
1859900	4932.YDR235W	0.745	5
1862361	4932.YKL084W	0.745	2
1864162	4932.YOL007C	0.744	2
1863531	4932.YMR160W	0.743	8
1860228	4932.YDR538W	0.738	3
1861890	4932.YJL025W	0.737	5
1865181	4932.YPR120C	0.736	4
1858754	4932.YBL014C	0.734	13
1862934	4932.YLR223C	0.73	5
1862402	4932.YKL121W	0.725	7
1859351	4932.YCR079W	0.724	5
1860051	4932.YDR371W	0.723	6
1863776	4932.YNL056W	0.721	2
1864061	4932.YNL329C	0.721	17
1864969	4932.YPL201C	0.72	3
1863325	4932.YML107C	0.719	2
1862680	4932.YLL061W	0.717	5
1862796	4932.YLR105C	0.715	3
1858655	4932.YAL034C	0.711	3
1862294	4932.YKL022C	0.71	7
1863743	4932.YNL025C	0.709	3
1862987	4932.YLR271W	0.709	3
1860637	4932.YFL064C	0.707	21
1858696	4932.YAL066W	0.705	1
1863901	4932.YNL172W	0.704	11
1864819	4932.YPL057C	0.701	3
1858711	4932.YAR018C	0.701	3
1861605	4932.YHR209W	0.7	3
1858912	4932.YBR044C	0.699	6
1862793	4932.YLR102C	0.697	2
1864959	4932.YPL191C	0.696	2
1862833	4932.YLR141W	0.695	3
1862762	4932.YLR072W	0.694	8
1864836	4932.YPL074W	0.692	7
1864941	4932.YPL175W	0.69	5
1862381	4932.YKL101W	0.689	13
1861339	4932.YHL032C	0.688	8
1863314	4932.YML099C	0.688	8
1863588	4932.YMR210W	0.686	4
1859940	4932.YDR270W	0.684	10
1864440	4932.YOR097C	0.684	2
1864637	4932.YOR284W	0.683	3
1859972	4932.YDR302W	0.683	2
1864505	4932.YOR159C	0.682	1
1861561	4932.YHR171W	0.681	7
1864934	4932.YPL168W	0.677	5
1863311	4932.YML096W	0.674	4
1859419	4932.YDL033C	0.672	3
1864378	4932.YOR037W	0.67	3
1860299	4932.YEL053C	0.668	8
1862901	4932.YLR191W	0.664	3
1861980	4932.YJL110C	0.663	5
1859116	4932.YBR225W	0.663	8
1864324	4932.YOL158C	0.662	5
1864640	4932.YOR287C	0.658	1
1863537	4932.YMR166C	0.652	2
1864192	4932.YOL034W	0.649	7
1860242	4932.YEL006W	0.647	2
1859524	4932.YDL133W	0.642	4
1864362	4932.YOR023C	0.641	4
1860973	4932.YGL257C	0.64	3
1860603	4932.YFL031W	0.639	1
1859109	4932.YBR220C	0.638	6
1861463	4932.YHR080C	0.637	9
1859673	4932.YDR026C	0.636	5
1858972	4932.YBR097W	0.635	10
1861926	4932.YJL059W	0.635	2
1864546	4932.YOR193W	0.634	3
1864143	4932.YNR066C	0.634	4
1864009	4932.YNL279W	0.633	9
1864137	4932.YNR060W	0.633	7
1859540	4932.YDL149W	0.631	9
1861359	4932.YHL049C	0.628	24
1858973	4932.YBR098W	0.628	5
1865109	4932.YPR049C	0.627	11
1862831	4932.YLR139C	0.625	5
1860837	4932.YGL124C	0.624	6
1862588	4932.YKR077W	0.624	3
1862312	4932.YKL038W	0.624	8
1865202	4932.YPR138C	0.622	5
1862585	4932.YKR075C	0.619	3
1860240	4932.YEL004W	0.618	2
1858931	4932.YBR060C	0.616	7
1864928	4932.YPL162C	0.614	2
1863917	4932.YNL188W	0.61	3
1859250	4932.YCL051W	0.607	5
1865145	4932.YPR084W	0.607	2
1864871	4932.YPL108W	0.604	1
1862950	4932.YLR237W	0.604	7
1859784	4932.YDR128W	0.604	9
1865020	4932.YPL250C	0.601	1
1861873	4932.YJL006C	0.599	3
1864542	4932.YOR192C	0.598	7
1860857	4932.YGL144C	0.598	4
1864922	4932.YPL156C	0.598	2
1862539	4932.YKR030W	0.597	1
1864656	4932.YOR301W	0.593	4
1863803	4932.YNL082W	0.592	7
1864443	4932.YOR100C	0.592	2
1859648	4932.YDR003W	0.59	2
1861335	4932.YHL029C	0.59	5
1863133	4932.YLR405W	0.589	3
1864436	4932.YOR093C	0.588	12
1863663	4932.YMR280C	0.588	8
1862798	4932.YLR107W	0.586	4
1862513	4932.YKR004C	0.586	3
1861965	4932.YJL095W	0.586	8
1864168	4932.YOL013C	0.586	3
1863584	4932.YMR206W	0.584	2
1864278	4932.YOL112W	0.584	3
1863656	4932.YMR273C	0.584	4
1862037	4932.YJL162C	0.583	5
1863108	4932.YLR381W	0.582	7
1864609	4932.YOR256C	0.58	6
1859838	4932.YDR180W	0.578	12
1862673	4932.YLL054C	0.576	7
1862013	4932.YJL139C	0.576	4
1861585	4932.YHR191C	0.575	1
1862824	4932.YLR132C	0.574	2
1862974	4932.YLR260W	0.572	5
1859882	4932.YDR217C	0.568	11
1859459	4932.YDL073W	0.567	4
1863799	4932.YNL078W	0.567	2
1864060	4932.YNL328C	0.566	1
1859720	4932.YDR069C	0.564	7
1864095	4932.YNR020C	0.564	2
1863338	4932.YML119W	0.564	3
1860180	4932.YDR495C	0.563	6
1863677	4932.YMR293C	0.562	4
1861086	4932.YGR099W	0.56	5
1863824	4932.YNL101W	0.56	5
1864086	4932.YNR011C	0.56	10
1859920	4932.YDR254W	0.558	5
1859846	4932.YDR186C	0.556	7
1860371	4932.YER038C	0.553	4
1863137	4932.YLR408C	0.551	1
1860163	4932.YDR478W	0.55	1
1861901	4932.YJL035C	0.549	2
1859984	4932.YDR314C	0.547	3
1860105	4932.YDR421W	0.547	7
1861044	4932.YGR058W	0.546	3
1861832	4932.YIR015W	0.545	1
1860844	4932.YGL131C	0.542	8
1859377	4932.YCR102C	0.541	15
1859261	4932.YCL063W	0.54	3
1862528	4932.YKR019C	0.537	3
1861565	4932.YHR175W	0.537	1
1860454	4932.YER098W	0.535	5
1864147	4932.YNR070W	0.535	26
1861369	4932.YHR006W	0.534	4
1859414	4932.YDL028C	0.534	6
1865117	4932.YPR057W	0.534	2
1858864	4932.YBL112C	0.531	7
1861623	4932.YHR218W-A	0.531	7
1858648	4932.YAL028W	0.526	2
1859207	4932.YCL008C	0.525	2
1865011	4932.YPL242C	0.524	6
1859869	4932.YDR208W	0.522	6
1863591	4932.YMR213W	0.521	3
1859021	4932.YBR140C	0.52	15
1859149	4932.YBR255W	0.518	5
1862318	4932.YKL044W	0.516	1
1861493	4932.YHR109W	0.515	3
1864142	4932.YNR065C	0.515	32
1865158	4932.YPR098C	0.514	1
1858772	4932.YBL031W	0.512	2
1861466	4932.YHR083W	0.509	3
1864157	4932.YOL002C	0.509	2
1860561	4932.YER189W	0.503	11
1860323	4932.YEL075C	0.503	11
1865236	4932.YPR164W	0.503	8
1861503	4932.YHR119W	0.502	7
1864740	4932.YOR377W	0.501	5
1859131	4932.YBR238C	0.5	4
1863261	4932.YML051W	0.499	4
1860945	4932.YGL229C	0.497	6
1861110	4932.YGR121C	0.495	5
1859504	4932.YDL115C	0.495	2
1859595	4932.YDL200C	0.494	1
1865128	4932.YPR068C	0.494	4
1858858	4932.YBL107C	0.493	1
1860873	4932.YGL160W	0.493	3
1862363	4932.YKL086W	0.492	1
1865277	4932.YPR202W	0.49	21
1858831	4932.YBL084C	0.489	4
1864993	4932.YPL224C	0.488	3
1861663	4932.YIL031W	0.488	7
1864213	4932.YOL053W	0.487	2
1861168	4932.YGR170W	0.487	7
1858863	4932.YBL111C	0.486	57
1860173	4932.YDR488C	0.485	4
1863943	4932.YNL214W	0.482	2
1862700	4932.YLR011W	0.481	2
1858749	4932.YBL009W	0.48	3
1862983	4932.YLR267W	0.479	5
1863136	4932.YLR407W	0.479	2
1859174	4932.YBR280C	0.476	5
1864223	4932.YOL063C	0.475	6
1864203	4932.YOL044W	0.474	3
1862247	4932.YJR140C	0.472	9
1859184	4932.YBR290W	0.471	2
1864181	4932.YOL023W	0.47	3
1858980	4932.YBR105C	0.466	2
1861539	4932.YHR150W	0.466	2
1863394	4932.YMR035W	0.464	1
1860209	4932.YDR523C	0.462	2
1864279	4932.YOL113W	0.459	6
1863327	4932.YML109W	0.459	3
1864265	4932.YOL101C	0.458	1
1862842	4932.YLR149C	0.457	5
1861421	4932.YHR050W	0.454	2
1858683	4932.YAL056W	0.453	4
1861814	4932.YIL173W	0.453	36
1862098	4932.YJL222W	0.453	36
1860309	4932.YEL061C	0.45	5
1858604	4932.Q0110	0.45	11
1859289	4932.YCR019W	0.449	3
1859723	4932.YDR072C	0.447	3
1861217	4932.YGR217W	0.445	7
1861405	4932.YHR036W	0.445	3
1862631	4932.YLL012W	0.445	4
1862654	4932.YLL035W	0.444	4
1859186	4932.YBR292C	0.441	1
1863919	4932.YNL190W	0.439	1
1861310	4932.YHL008C	0.439	2
1863460	4932.YMR097C	0.435	2
1859213	4932.YCL016C	0.435	3
1862503	4932.YKL219W	0.435	3
1865013	4932.YPL244C	0.434	2
1862794	4932.YLR103C	0.433	4
1864013	4932.YNL283C	0.431	2
1863255	4932.YML046W	0.429	4
1862880	4932.YLR170C	0.428	1
1865161	4932.YPR101W	0.427	1
1860731	4932.YGL021W	0.427	5
1861348	4932.YHL040C	0.425	5
1861028	4932.YGR042W	0.424	1
1860370	4932.YER037W	0.422	3
1863302	4932.YML088W	0.421	3
1864591	4932.YOR237W	0.419	2
1859660	4932.YDR014W	0.418	4
1861622	4932.YHR218W	0.417	46
1864322	4932.YOL156W	0.417	13
1862095	4932.YJL219W	0.417	13
1858643	4932.YAL024C	0.417	7
1864753	4932.YOR389W	0.417	6
1861837	4932.YIR018W	0.416	1
1860775	4932.YGL063W	0.416	5
1858605	4932.Q0115	0.416	11
1859434	4932.YDL048C	0.415	2
1861078	4932.YGR091W	0.412	3
1863228	4932.YML020W	0.41	3
1859151	4932.YBR257W	0.409	1
1863952	4932.YNL223W	0.408	3
1861856	4932.YIR032C	0.407	2
1860855	4932.YGL142C	0.405	4
1862506	4932.YKL222C	0.404	9
1860206	4932.YDR520C	0.402	2
1860083	4932.YDR400W	0.401	2
1862713	4932.YLR024C	0.396	9
1863226	4932.YML018C	0.395	2
1859952	4932.YDR282C	0.394	2
1864348	4932.YOR011W	0.392	9
1862540	4932.YKR031C	0.391	9
1863190	4932.YLR456W	0.391	1
1862526	4932.YKR017C	0.39	4
1862308	4932.YKL034W	0.389	4
1864304	4932.YOL138C	0.389	5
1858606	4932.Q0120	0.388	11
1863077	4932.YLR353W	0.388	2
1858750	4932.YBL010C	0.387	1
1861280	4932.YGR278W	0.387	2
1860313	4932.YEL065W	0.383	2
1859203	4932.YCL004W	0.382	4
1859659	4932.YDR013W	0.382	1
1861996	4932.YJL126W	0.381	2
1861125	4932.YGR134W	0.381	5
1864914	4932.YPL149W	0.377	2
1861436	4932.YHR061C	0.377	2
1864138	4932.YNR061C	0.377	1
1861553	4932.YHR164C	0.375	5
1862215	4932.YJR110W	0.373	4
1858839	4932.YBL091C-A	0.369	1
1863963	4932.YNL234W	0.369	2
1863352	4932.YML133C	0.369	97
1861321	4932.YHL016C	0.367	2
1860662	4932.YFR018C	0.366	2
1864710	4932.YOR348C	0.365	1
1863493	4932.YMR127C	0.362	2
1862456	4932.YKL171W	0.358	3
1865089	4932.YPR030W	0.358	5
1861558	4932.YHR168W	0.358	2
1864002	4932.YNL273W	0.358	7
1859789	4932.YDR133C	0.358	1
1860931	4932.YGL216W	0.357	3
1864876	4932.YPL113C	0.357	2
1865054	4932.YPL283C	0.355	113
1861300	4932.YGR296W	0.355	113
1864071	4932.YNL339C	0.355	113
1864408	4932.YOR067C	0.354	4
1862726	4932.YLR036C	0.354	1
1863341	4932.YML122C	0.352	1
1861847	4932.YIR024C	0.351	1
1860341	4932.YER011W	0.351	1
1862674	4932.YLL055W	0.35	3
1859844	4932.YDR184C	0.35	1
1860639	4932.YFL066C	0.35	36
1863247	4932.YML038C	0.347	3
1864012	4932.YNL282W	0.344	1
1863368	4932.YMR013C	0.342	3
1860200	4932.YDR514C	0.342	2
1863550	4932.YMR176W	0.341	6
1863085	4932.YLR361C	0.341	2
1865280	4932.YPR204W	0.34	73
1863156	4932.YLR424W	0.338	3
1859113	4932.YBR223C	0.338	3
1863110	4932.YLR383W	0.337	4
1863850	4932.YNL126W	0.335	4
1861816	4932.YIL177C	0.334	107
1859742	4932.YDR090C	0.332	1
1862068	4932.YJL193W	0.331	2
1862102	4932.YJL225C	0.331	105
1861343	4932.YHL035C	0.327	21
1859851	4932.YDR191W	0.327	2
1861095	4932.YGR108W	0.326	4
1860210	4932.YDR524C	0.326	2
1864761	4932.YOR396W	0.325	105
1860236	4932.YDR545W	0.325	105
1863204	4932.YLR467W	0.325	105
1861020	4932.YGR036C	0.325	1
1863728	4932.YNL011C	0.322	3
1865146	4932.YPR085C	0.32	1
1864663	4932.YOR307C	0.319	2
1864711	4932.YOR349W	0.317	4
1860326	4932.YEL076C-A	0.316	6
1863198	4932.YLR464W	0.316	6
1858676	4932.YAL048C	0.312	4
1864872	4932.YPL109C	0.312	3
1862688	4932.YLL067C	0.312	75
1862903	4932.YLR193C	0.312	1
1862317	4932.YKL043W	0.312	1
1861625	4932.YHR219W	0.311	33
1862685	4932.YLL066C	0.311	77
1862886	4932.YLR176C	0.31	3
1862461	4932.YKL176C	0.3	2
1863202	4932.YLR466W	0.295	78
1860564	4932.YER190W	0.293	92
1862484	4932.YKL198C	0.289	2
1860186	4932.YDR501W	0.288	2
1860164	4932.YDR479C	0.288	2
1860518	4932.YER153C	0.287	1
1860218	4932.YDR528W	0.285	1
1864427	4932.YOR083W	0.285	2
1861329	4932.YHL023C	0.285	4
1863048	4932.YLR326W	0.284	1
1864267	4932.YOL103W	0.283	3
1863088	4932.YLR363C	0.283	1
1859788	4932.YDR132C	0.282	2
1859518	4932.YDL129W	0.282	1
1864977	4932.YPL209C	0.282	1
1859977	4932.YDR307W	0.281	3
1862406	4932.YKL125W	0.281	3
1862493	4932.YKL209C	0.28	4
1863193	4932.YLR459W	0.28	2
1859472	4932.YDL085W	0.279	2
1863596	4932.YMR218C	0.278	6
1863380	4932.YMR023C	0.278	2
1861220	4932.YGR220C	0.277	1
1862004	4932.YJL132W	0.277	3
1861504	4932.YHR120W	0.277	3
1864178	4932.YOL020W	0.276	2
1864912	4932.YPL147W	0.276	2
1862978	4932.YLR263W	0.274	3
1860231	4932.YDR541C	0.273	1
1859048	4932.YBR165W	0.272	1
1861330	4932.YHL024W	0.272	2
1860327	4932.YEL077C	0.271	77
1862299	4932.YKL026C	0.27	1
1861360	4932.YHL050C	0.269	46
1863986	4932.YNL257C	0.266	5
1861925	4932.YJL058C	0.265	2
1860983	4932.YGR003W	0.265	3
1863646	4932.YMR265C	0.263	2
1863693	4932.YMR306W	0.262	23
1862432	4932.YKL149C	0.262	2
1860856	4932.YGL143C	0.261	1
1859537	4932.YDL146W	0.258	2
1862023	4932.YJL149W	0.256	2
1864585	4932.YOR231W	0.256	2
1863947	4932.YNL218W	0.255	2
1860619	4932.YFL046W	0.255	1
1864945	4932.YPL179W	0.254	7
1861948	4932.YJL078C	0.253	3
1859342	4932.YCR069W	0.252	1
1863429	4932.YMR068W	0.252	1
1864748	4932.YOR384W	0.251	2
1859782	4932.YDR126W	0.25	2
1862292	4932.YKL020C	0.248	3
1859128	4932.YBR235W	0.246	2
1861831	4932.YIR014W	0.244	1
1859022	4932.YBR141C	0.243	1
1864785	4932.YPL024W	0.242	1
1862981	4932.YLR265C	0.239	1
1860787	4932.YGL075C	0.239	1
1862086	4932.YJL210W	0.238	1
1860337	4932.YER007W	0.238	2
1860638	4932.YFL065C	0.238	3
1863999	4932.YNL270C	0.237	3
1861484	4932.YHR100C	0.237	1
1858807	4932.YBL063W	0.235	3
1863008	4932.YLR289W	0.233	2
1861250	4932.YGR249W	0.233	1
1859983	4932.YDR313C	0.229	1
1864839	4932.YPL077C	0.227	1
1859495	4932.YDL107W	0.227	1
1859858	4932.YDR197W	0.225	1
1865042	4932.YPL269W	0.224	1
1863560	4932.YMR185W	0.224	2
1861530	4932.YHR142W	0.221	1
1863649	4932.YMR268C	0.221	1
1864194	4932.YOL036W	0.221	2
1861099	4932.YGR110W	0.219	1
1859757	4932.YDR103W	0.219	4
1864650	4932.YOR296W	0.217	3
1858639	4932.YAL020C	0.217	2
1859759	4932.YDR105C	0.216	1
1858821	4932.YBL074C	0.215	2
1860770	4932.YGL059W	0.214	2
1858827	4932.YBL080C	0.21	2
1859012	4932.YBR131W	0.209	2
1862760	4932.YLR070C	0.208	1
1858865	4932.YBL113C	0.207	31
1864400	4932.YOR059C	0.207	1
1860076	4932.YDR393W	0.206	1
1864923	4932.YPL157W	0.206	1
1860389	4932.YER051W	0.206	1
1861064	4932.YGR077C	0.205	2
1861852	4932.YIR029W	0.204	1
1864435	4932.YOR092W	0.203	2
1863426	4932.YMR065W	0.202	1
1862390	4932.YKL109W	0.202	1
1864174	4932.YOL017W	0.2	1
1861461	4932.YHR079C	0.199	3
1864970	4932.YPL202C	0.199	1
1860325	4932.YEL076C	0.198	6
1859132	4932.YBR239C	0.198	2
1861545	4932.YHR156C	0.197	1
1862520	4932.YKR011C	0.195	1
1863180	4932.YLR446W	0.195	1
1859570	4932.YDL176W	0.193	2
1861364	4932.YHR002W	0.192	1
1865090	4932.YPR031W	0.192	2
1864932	4932.YPL166W	0.191	1
1862388	4932.YKL107W	0.191	1
1862225	4932.YJR119C	0.191	2
1861443	4932.YHR067W	0.189	1
1861789	4932.YIL147C	0.189	3
1859667	4932.YDR020C	0.187	1
1863149	4932.YLR417W	0.187	1
1860128	4932.YDR444W	0.187	2
1865278	4932.YPR203W	0.187	3
1863664	4932.YMR281W	0.186	1
1859130	4932.YBR237W	0.185	2
1862677	4932.YLL058W	0.184	1
1860934	4932.YGL219C	0.184	1
1863395	4932.YMR036C	0.181	1
1861533	4932.YHR144C	0.181	1
1863666	4932.YMR283C	0.181	1
1864903	4932.YPL138C	0.18	1
1861576	4932.YHR182W	0.179	2
1863337	4932.YML118W	0.179	1
1863504	4932.YMR137C	0.177	2
1865126	4932.YPR066W	0.177	1
1864831	4932.YPL069C	0.176	1
1858760	4932.YBL020W	0.175	2
1861684	4932.YIL050W	0.175	2
1861635	4932.YIL009C-A	0.174	1
1861544	4932.YHR155W	0.173	3
1864004	4932.YNL275W	0.173	1
1864031	4932.YNL299W	0.172	1
1864288	4932.YOL122C	0.171	1
1859907	4932.YDR242W	0.168	1
1861083	4932.YGR096W	0.167	1
1862893	4932.YLR183C	0.167	1
1861460	4932.YHR078W	0.166	1
1864207	4932.YOL048C	0.166	1
1863524	4932.YMR155W	0.164	2
1864023	4932.YNL291C	0.164	1
1860771	4932.YGL060W	0.163	3
1859767	4932.YDR113C	0.163	1
1859717	4932.YDR066C	0.162	1
1864490	4932.YOR144C	0.161	2
1863334	4932.YML116W	0.161	1
1859645	4932.YDL248W	0.161	2
1863766	4932.YNL047C	0.159	1
1861914	4932.YJL048C	0.159	1
1862620	4932.YLL002W	0.158	1
1863905	4932.YNL176C	0.158	1
1861135	4932.YGR144W	0.158	1
1859985	4932.YDR315C	0.156	1
1863451	4932.YMR088C	0.156	1
1864318	4932.YOL152W	0.156	1
1864558	4932.YOR205C	0.153	1
1860093	4932.YDR409W	0.153	2
1863425	4932.YMR064W	0.151	1
1859878	4932.YDR213W	0.151	2
1864627	4932.YOR274W	0.149	1
1863966	4932.YNL237W	0.149	1
1862784	4932.YLR094C	0.148	1
1864866	4932.YPL103C	0.147	1
1861798	4932.YIL156W	0.147	2
1862203	4932.YJR098C	0.146	1
1861598	4932.YHR202W	0.145	1
1864057	4932.YNL325C	0.144	1
1864273	4932.YOL107W	0.144	1
1865045	4932.YPL272C	0.142	1
1862670	4932.YLL051C	0.142	2
1861356	4932.YHL047C	0.141	1
1864068	4932.YNL336W	0.141	3
1863157	4932.YLR425W	0.138	2
1861540	4932.YHR151C	0.138	1
1860041	4932.YDR364C	0.138	1
1859601	4932.YDL206W	0.137	1
1863391	4932.YMR032W	0.137	1
1862349	4932.YKL072W	0.134	1
1861883	4932.YJL016W	0.134	1
1863784	4932.YNL065W	0.134	1
1858857	4932.YBL106C	0.134	2
1864232	4932.YOL072W	0.133	1
1863815	4932.YNL094W	0.128	1
1865005	4932.YPL236C	0.128	1
1861297	4932.YGR295C	0.126	2
1862286	4932.YKL015W	0.126	1
1864122	4932.YNR045W	0.126	1
1862564	4932.YKR054C	0.125	7
1864834	4932.YPL072W	0.125	1
1865155	4932.YPR095C	0.124	2
1863816	4932.YNL095C	0.124	1
1858759	4932.YBL019W	0.124	1
1862082	4932.YJL206C	0.123	1
1864712	4932.YOR350C	0.123	1
1859703	4932.YDR052C	0.122	1
1863747	4932.YNL029C	0.122	1
1861738	4932.YIL101C	0.122	1
1863095	4932.YLR368W	0.122	1
1859481	4932.YDL093W	0.121	1
1864754	4932.YOR390W	0.119	1
1865050	4932.YPL279C	0.119	1
1860049	4932.YDR370C	0.117	1
1861709	4932.YIL072W	0.117	1
1860007	4932.YDR332W	0.116	1
1863553	4932.YMR179W	0.116	1
1861053	4932.YGR067C	0.116	1
1864602	4932.YOR249C	0.115	1
1864561	4932.YOR208W	0.114	1
1861589	4932.YHR194W	0.114	1
1858697	4932.YAL067C	0.113	1
1859265	4932.YCL067C	0.112	1
1859314	4932.YCR039C	0.112	1
1864258	4932.YOL095C	0.112	1
1864743	4932.YOR380W	0.112	1
1861289	4932.YGR287C	0.111	1
1863576	4932.YMR198W	0.111	1
1860025	4932.YDR350C	0.11	1
1859677	4932.YDR030C	0.109	1
1860191	4932.YDR506C	0.108	1
1859421	4932.YDL035C	0.106	1
1859302	4932.YCR028C	0.103	1
1860542	4932.YER173W	0.103	1
1864540	4932.YOR190W	0.101	3
1860673	4932.YFR029W	0.099	1
1861196	4932.YGR197C	0.099	1
1864407	4932.YOR066W	0.098	1
1858741	4932.YBL005W	0.097	1
1858795	4932.YBL052C	0.096	1
1864412	4932.YOR071C	0.096	2
1859401	4932.YDL017W	0.095	1
1864285	4932.YOL119C	0.094	1
1859611	4932.YDL216C	0.094	1
1861976	4932.YJL106W	0.09	3
1863535	4932.YMR164C	0.089	1
1861027	4932.YGR041W	0.089	1
1862703	4932.YLR014C	0.089	1
1860365	4932.YER032W	0.088	1
1859589	4932.YDL194W	0.088	1
1864502	4932.YOR156C	0.087	1
1862001	4932.YJL129C	0.084	1
1858804	4932.YBL060W	0.082	1
1864374	4932.YOR034C	0.082	1
1858873	4932.YBR007C	0.08	1
1861973	4932.YJL103C	0.08	1
1864399	4932.YOR058C	0.08	1
1863533	4932.YMR162C	0.078	2
1859188	4932.YBR294W	0.078	1
1860505	4932.YER144C	0.069	1
1863523	4932.YMR154C	0.068	1
1859641	4932.YDL245C	0.066	4
1862266	4932.YJR158W	0.066	4
1862166	4932.YJR061W	0.065	1
1864915	4932.YPL150W	0.065	1
1859758	4932.YDR104C	0.064	1
1861051	4932.YGR065C	0.064	1
1859306	4932.YCR032W	0.063	2
1864149	4932.YNR072W	0.063	4
1860317	4932.YEL069C	0.063	4
1861962	4932.YJL092W	0.061	1
1861515	4932.YHR131C	0.059	2
1863565	4932.YMR190C	0.059	1
1860343	4932.YER013W	0.058	1
1864473	4932.YOR129C	0.056	1
1860635	4932.YFL062W	0.056	1
1860577	4932.YFL011W	0.055	8
1858835	4932.YBL088C	0.053	2
1859765	4932.YDR111C	0.051	1
1862090	4932.YJL214W	0.05	8
1865183	4932.YPR122W	0.049	1
1864942	4932.YPL176C	0.045	1
1860318	4932.YEL070W	0.041	1
1864150	4932.YNR073C	0.041	1
1859465	4932.YDL079C	0.039	1
1865178	4932.YPR117W	0.032	1
1862777	4932.YLR087C	0.03	1
1865182	4932.YPR121W	0.029	1
1859198	4932.YBR302C	0.016	1
1863351	4932.YML132W	0.016	1
1862269	4932.YJR161C	0.015	1
1861640	4932.YIL013C	0.011	1
