#id: 3431758575
#name: S.cerevisiae - Whole organism, SC (Peptideatlas,april,2009)
#score: 20.43
#weight:  10%
#description: abundance based on Spectral counting, Interaction consistency score: 20.43, Coverage: 60
#organ: WHOLE_ORGANISM
#integrated: false
#coverage: 60
#link: http://www.peptideatlas.org/builds/yeast/index.php
#publication_year: 2009
#filename: 4932-peptidesatalas_build_April_2009_yeast.new.txt
#
#internal_id	string_external_id	abundance	raw_spectral_count
1861191	4932.YGR192C	31602	65915
1862064	4932.YJL189W	27624	464
1862335	4932.YKL060C	23198	50269
1858663	4932.YAL038W	22607	60169
1861564	4932.YHR174W	17476	68655
1862734	4932.YLR044C	13987	45332
1858995	4932.YBR118W	13403	48781
1865141	4932.YPR080W	13403	48781
1859281	4932.YCR012W	12496	31877
1859701	4932.YDR050C	12414	12467
1862765	4932.YLR075W	11985	6088
1862800	4932.YLR109W	11633	12440
1864248	4932.YOL086C	11110	22352
1861255	4932.YGR254W	9496	45124
1862113	4932.YJR009C	8025	35453
1864199	4932.YOL040C	7422	3367
1862877	4932.YLR167W	7085	4207
1862229	4932.YJR123W	6936	5490
1863236	4932.YML028W	6854	7639
1862435	4932.YKL152C	6584	9558
1859527	4932.YDL136W	6401	3580
1859586	4932.YDL191W	6401	3580
1859672	4932.YDR025W	6356	7001
1858916	4932.YBR048W	6356	7001
1863480	4932.YMR116C	5590	11173
1858620	4932.YAL003W	5300	4617
1862926	4932.YLR216C	5059	9507
1858840	4932.YBL092W	4870	1833
1860836	4932.YGL123W	4814	5494
1860848	4932.YGL135W	4549	8345
1864988	4932.YPL220W	4549	8345
1863907	4932.YNL178W	4511	6174
1863115	4932.YLR388W	4295	1571
1864404	4932.YOR063W	4291	7928
1861919	4932.YJL052W	4200	22054
1862718	4932.YLR029C	4157	3305
1864439	4932.YOR096W	4095	4087
1864293	4932.YOL127W	4019	1821
1863276	4932.YML063W	3990	8321
1863175	4932.YLR441C	3985	8298
1860741	4932.YGL031C	3985	1658
1860815	4932.YGL103W	3825	1888
1863079	4932.YLR355C	3820	7770
1862962	4932.YLR249W	3690	14520
1858622	4932.YAL005C	3640	28332
1860473	4932.YER117W	3592	5704
1858834	4932.YBL087C	3592	5704
1863510	4932.YMR142C	3562	3507
1860612	4932.YFL039C	3559	8464
1861007	4932.YGR027C	3472	1475
1863055	4932.YLR333C	3472	1475
1863047	4932.YLR325C	3464	910
1862643	4932.YLL024C	3435	26891
1863234	4932.YML026C	3415	5020
1860134	4932.YDR450W	3415	5020
1858899	4932.YBR031W	3414	10767
1862664	4932.YLL045C	3404	6655
1862500	4932.YKL216W	3404	4121
1860969	4932.YGL253W	3392	9063
1859658	4932.YDR012W	3284	10476
1861140	4932.YGR148C	3277	1486
1863062	4932.YLR340W	3228	3986
1860418	4932.YER074W	3183	2796
1861705	4932.YIL069C	3183	2796
1861374	4932.YHR010W	3163	3074
1860157	4932.YDR471W	3154	3071
1861599	4932.YHR203C	2986	5458
1862253	4932.YJR145C	2986	5458
1861319	4932.YHL015W	2977	2327
1862895	4932.YLR185W	2975	787
1861473	4932.YHR089C	2974	1128
1860068	4932.YDR385W	2973	25600
1864477	4932.YOR133W	2973	25600
1864823	4932.YPL061W	2860	8895
1859073	4932.YBR189W	2857	3341
1863790	4932.YNL069C	2852	2493
1859624	4932.YDL229W	2846	17466
1861340	4932.YHL033C	2815	5924
1863232	4932.YML024W	2795	3765
1860131	4932.YDR447C	2795	3765
1860268	4932.YEL026W	2776	1579
1859081	4932.YBR196C	2752	8110
1859715	4932.YDR064W	2744	2465
1862277	4932.YKL006W	2732	2270
1864908	4932.YPL143W	2724	1323
1860860	4932.YGL147C	2723	4666
1863984	4932.YNL255C	2701	2221
1860717	4932.YGL008C	2658	16993
1861301	4932.YHL001W	2642	2212
1864731	4932.YOR369C	2628	2834
1859461	4932.YDL075W	2599	1991
1863572	4932.YMR194W	2591	1541
1862009	4932.YJL136C	2584	1792
1860378	4932.YER043C	2553	5734
1860279	4932.YEL034W	2533	3129
1862209	4932.YJR104C	2485	2416
1863786	4932.YNL067W	2449	4435
1862844	4932.YLR150W	2435	3214
1863286	4932.YML073C	2435	2543
1858954	4932.YBR082C	2397	973
1859468	4932.YDL082W	2374	3179
1864516	4932.YOR167C	2351	1008
1859688	4932.YDR037W	2344	5586
1859891	4932.YDR226W	2344	2368
1863134	4932.YLR406C	2312	1799
1862065	4932.YJL190C	2307	3281
1865019	4932.YPL249C-A	2299	1439
1862465	4932.YKL180W	2275	2761
1863973	4932.YNL244C	2274	1257
1862567	4932.YKR057W	2262	1675
1860102	4932.YDR418W	2259	4505
1860301	4932.YEL054C	2259	4505
1859469	4932.YDL083C	2253	3557
1863511	4932.YMR143W	2253	3557
1862738	4932.YLR048W	2192	6447
1859305	4932.YCR031C	2178	3282
1859810	4932.YDR155C	2176	2514
1861214	4932.YGR214W	2176	6396
1860788	4932.YGL076C	2168	4839
1864869	4932.YPL106C	2164	8233
1863094	4932.YLR367W	2152	3111
1863938	4932.YNL209W	2151	15123
1862331	4932.YKL056C	2129	1714
1861687	4932.YIL053W	2128	4004
1858819	4932.YBL072C	2102	3632
1860458	4932.YER102W	2102	3632
1864966	4932.YPL198W	2100	4720
1863688	4932.YMR303C	2079	7354
1864852	4932.YPL090C	2072	3772
1859064	4932.YBR181C	2072	3772
1862066	4932.YJL191W	2064	3145
1863486	4932.YMR121C	2051	1982
1862052	4932.YJL177W	2045	2554
1864668	4932.YOR312C	2006	2578
1863621	4932.YMR242C	2006	2578
1861234	4932.YGR234W	2001	5183
1864798	4932.YPL037C	1999	1213
1858876	4932.YBR010W	1997	834
1863749	4932.YNL031C	1997	834
1864843	4932.YPL081W	1990	3101
1860718	4932.YGL009C	1971	7536
1862980	4932.YLR264W	1944	918
1858893	4932.YBR025C	1933	4558
1859467	4932.YDL081C	1924	1378
1863561	4932.YMR186W	1917	11431
1864588	4932.YOR234C	1909	1125
1859813	4932.YDR158W	1904	3452
1862751	4932.YLR061W	1833	955
1858875	4932.YBR009C	1821	1409
1863748	4932.YNL030W	1821	1409
1858767	4932.YBL027W	1820	2109
1858956	4932.YBR084C-A	1820	2109
1863783	4932.YNL064C	1811	3155
1861021	4932.YGR037C	1808	602
1860903	4932.YGL189C	1785	1431
1860547	4932.YER177W	1777	4555
1860185	4932.YDR500C	1765	481
1864275	4932.YOL109W	1760	594
1864797	4932.YPL036W	1751	12619
1864287	4932.YOL121C	1694	2936
1864034	4932.YNL302C	1690	2934
1858628	4932.YAL012W	1649	2904
1860740	4932.YGL030W	1628	1167
1859647	4932.YDR002W	1621	1090
1863817	4932.YNL096C	1614	2379
1862890	4932.YLR180W	1605	4008
1861385	4932.YHR021C	1601	1795
1860488	4932.YER131W	1599	1320
1859889	4932.YDR224C	1596	1662
1862440	4932.YKL156W	1594	1793
1861773	4932.YIL133C	1588	1802
1858738	4932.YBL002W	1577	1681
1860065	4932.YDR382W	1548	1432
1860187	4932.YDR502C	1529	3763
1861790	4932.YIL148W	1512	1890
1862605	4932.YKR094C	1512	1890
1863345	4932.YML126C	1509	3699
1861072	4932.YGR085C	1462	2429
1865162	4932.YPR102C	1462	2429
1864198	4932.YOL039W	1462	1276
1860817	4932.YGL105W	1406	2418
1864841	4932.YPL079W	1386	1678
1861577	4932.YHR183W	1386	5083
1859753	4932.YDR099W	1383	3491
1859007	4932.YBR127C	1353	4499
1863800	4932.YNL079C	1350	1072
1859249	4932.YCL050C	1313	2171
1863775	4932.YNL055C	1308	2641
1860533	4932.YER165W	1283	4133
1861115	4932.YGR124W	1282	4675
1861604	4932.YHR208W	1280	3407
1861147	4932.YGR155W	1278	3636
1862973	4932.YLR259C	1258	4517
1864612	4932.YOR259C	1255	2050
1859142	4932.YBR249C	1255	2691
1864647	4932.YOR293W	1246	1667
1863433	4932.YMR072W	1246	677
1861685	4932.YIL051C	1217	1136
1863608	4932.YMR230W	1210	1624
1860028	4932.YDR353W	1171	2249
1861587	4932.YHR193C	1162	1410
1865009	4932.YPL240C	1160	9134
1859075	4932.YBR191W	1154	1517
1859398	4932.YDL014W	1153	1719
1859441	4932.YDL055C	1153	2583
1863182	4932.YLR448W	1147	1630
1860582	4932.YFL014W	1143	467
1862358	4932.YKL081W	1124	3212
1862012	4932.YJL138C	1082	5632
1862569	4932.YKR059W	1082	5632
1860459	4932.YER103W	1082	12382
1862467	4932.YKL182W	1080	13048
1861529	4932.YHR141C	1069	340
1863890	4932.YNL162W	1069	340
1865210	4932.YPR145W	1057	4054
1861287	4932.YGR285C	1028	1848
1859447	4932.YDL061C	1025	460
1858771	4932.YBL030C	1023	2860
1859670	4932.YDR023W	1018	2798
1863727	4932.YNL010W	1015	1290
1862907	4932.YLR197W	1012	2675
1860736	4932.YGL026C	1012	3672
1862121	4932.YJR016C	1011	2970
1862635	4932.YLL018C	1011	2918
1858944	4932.YBR072W	1005	1607
1861341	4932.YHL034C	989	1419
1861440	4932.YHR064C	984	3180
1860356	4932.YER023W	980	1507
1859519	4932.YDL130W	977	610
1863012	4932.YLR293C	968	2074
1861151	4932.YGR159C	967	1509
1864789	4932.YPL028W	967	2411
1861384	4932.YHR020W	950	3516
1864737	4932.YOR375C	931	2908
1862750	4932.YLR060W	923	2833
1860618	4932.YFL045C	919	1798
1860610	4932.YFL037W	911	1360
1863680	4932.YMR295C	911	460
1863837	4932.YNL113W	911	835
1863213	4932.YML008C	908	2116
1862150	4932.YJR045C	907	4222
1862669	4932.YLL050C	883	988
1861240	4932.YGR240C	883	5558
1864534	4932.YOR185C	869	1987
1861383	4932.YHR019C	864	2307
1860961	4932.YGL245W	862	3561
1862826	4932.YLR134W	847	8435
1865000	4932.YPL231W	840	9580
1860291	4932.YEL046C	836	2086
1863445	4932.YMR083W	834	2566
1862748	4932.YLR058C	828	2549
1863067	4932.YLR344W	828	398
1865134	4932.YPR074C	827	3767
1864691	4932.YOR332W	826	829
1861570	4932.YHR179W	821	2024
1859580	4932.YDL185W	814	6139
1859330	4932.YCR053W	808	2632
1861074	4932.YGR087C	806	8154
1862182	4932.YJR077C	802	1625
1864366	4932.YOR027W	799	2232
1864480	4932.YOR136W	791	881
1860917	4932.YGL202W	780	2009
1860703	4932.YFR053C	777	2536
1861209	4932.YGR209C	766	554
1864218	4932.YOL058W	753	1562
1860358	4932.YER025W	751	1694
1860064	4932.YDR381W	749	474
1862227	4932.YJR121W	749	2614
1859470	4932.YDL084W	747	2082
1859898	4932.YDR233C	738	1475
1863078	4932.YLR354C	738	1507
1859515	4932.YDL126C	725	3486
1861423	4932.YHR051W	722	392
1864551	4932.YOR198C	712	1341
1865258	4932.YPR183W	711	1134
1863023	4932.YLR303W	710	1940
1858823	4932.YBL076C	698	4013
1863024	4932.YLR304C	685	2525
1859208	4932.YCL009C	683	1711
1860116	4932.YDR432W	669	865
1858822	4932.YBL075C	665	10605
1859241	4932.YCL043C	660	2483
1862716	4932.YLR027C	646	1454
1862847	4932.YLR153C	643	1983
1864895	4932.YPL131W	639	1065
1862210	4932.YJR105W	635	1619
1861512	4932.YHR128W	631	961
1865237	4932.YPR165W	628	599
1861254	4932.YGR253C	627	848
1859180	4932.YBR286W	627	1762
1864557	4932.YOR204W	620	3183
1861715	4932.YIL078W	607	2356
1862280	4932.YKL009W	605	694
1863514	4932.YMR146C	605	1406
1865171	4932.YPR110C	604	1236
1859679	4932.YDR032C	604	577
1862733	4932.YLR043C	601	416
1861073	4932.YGR086C	601	1172
1858847	4932.YBL099W	597	2016
1858998	4932.YBR121C	596	2620
1864342	4932.YOR007C	593	1120
1864358	4932.YOR020C	591	336
1861444	4932.YHR068W	589	1572
1863441	4932.YMR079W	588	918
1859238	4932.YCL040W	586	1767
1860394	4932.YER055C	583	1256
1859534	4932.YDL143W	582	1312
1862309	4932.YKL035W	576	1759
1862246	4932.YJR139C	571	1035
1861107	4932.YGR118W	566	324
1865193	4932.YPR132W	566	324
1860490	4932.YER133W	562	1218
1864466	4932.YOR122C	560	251
1863164	4932.YLR432W	560	2612
1860445	4932.YER091C	560	2275
1862175	4932.YJR070C	558	1175
1865235	4932.YPR163C	552	1136
1862896	4932.YLR186W	552	682
1861184	4932.YGR185C	549	1173
1860466	4932.YER110C	549	3695
1864694	4932.YOR335C	548	3106
1860548	4932.YER178W	543	1080
1863641	4932.YMR260C	542	385
1864926	4932.YPL160W	537	3616
1859722	4932.YDR071C	534	686
1861265	4932.YGR264C	531	2575
1860593	4932.YFL022C	519	1113
1863604	4932.YMR226C	519	785
1860269	4932.YEL027W	514	430
1865112	4932.YPR052C	510	132
1864583	4932.YOR230W	507	1405
1860138	4932.YDR454C	505	683
1863267	4932.YML056C	504	2283
1861991	4932.YJL121C	498	586
1863828	4932.YNL104C	494	1891
1863299	4932.YML085C	493	1293
1865079	4932.YPR020W	492	245
1862343	4932.YKL067W	486	414
1862885	4932.YLR175W	483	1251
1862042	4932.YJL167W	481	1225
1864666	4932.YOR310C	478	1308
1862362	4932.YKL085W	475	904
1860950	4932.YGL234W	471	2049
1865129	4932.YPR069C	468	1114
1859890	4932.YDR225W	468	379
1858739	4932.YBL003C	468	379
1863397	4932.YMR038C	465	534
1862645	4932.YLL026W	462	2349
1863836	4932.YNL112W	461	1170
1863695	4932.YMR307W	460	2246
1865094	4932.YPR035W	456	697
1865122	4932.YPR062W	456	493
1859587	4932.YDL192W	455	767
1861900	4932.YJL034W	452	2997
1860861	4932.YGL148W	447	1125
1860494	4932.YER136W	446	972
1860403	4932.YER062C	446	1689
1861211	4932.YGR211W	445	1095
1862889	4932.YLR179C	443	542
1859157	4932.YBR263W	443	1057
1864091	4932.YNR016C	442	6112
1860397	4932.YER057C	438	421
1864537	4932.YOR187W	433	857
1860082	4932.YDR399W	430	581
1860016	4932.YDR341C	428	1698
1861875	4932.YJL008C	425	1292
1864305	4932.YOL139C	423	606
1859137	4932.YBR244W	423	459
1861204	4932.YGR204W	419	2315
1860047	4932.YDR368W	417	591
1858987	4932.YBR111C	416	278
1864874	4932.YPL111W	416	508
1860331	4932.YER003C	415	903
1862168	4932.YJR063W	414	297
1859452	4932.YDL066W	413	1151
1860113	4932.YDR429C	412	622
1859513	4932.YDL124W	410	750
1861862	4932.YIR037W	406	218
1864765	4932.YPL004C	400	770
1862957	4932.YLR244C	394	1007
1860319	4932.YEL071W	393	1389
1864681	4932.YOR323C	392	952
1859686	4932.YDR035W	391	869
1862494	4932.YKL210W	391	2381
1860346	4932.YER015W	390	2034
1863614	4932.YMR235C	389	1080
1860172	4932.YDR487C	385	587
1862728	4932.YLR038C	382	241
1861950	4932.YJL080C	381	2902
1863859	4932.YNL134C	378	983
1861424	4932.YHR052W	378	523
1859407	4932.YDL022W	378	907
1864880	4932.YPL117C	377	639
1861892	4932.YJL026W	377	970
1861779	4932.YIL138C	377	207
1858788	4932.YBL045C	375	932
1863580	4932.YMR202W	374	317
1860693	4932.YFR044C	373	1107
1859528	4932.YDL137W	370	651
1862111	4932.YJR007W	364	726
1863702	4932.YMR314W	361	527
1859110	4932.YBR221C	359	633
1863732	4932.YNL015W	358	210
1861047	4932.YGR061C	357	2725
1863287	4932.YML074C	352	550
1860921	4932.YGL206C	352	3321
1860292	4932.YEL047C	351	1012
1864986	4932.YPL218W	350	482
1861673	4932.YIL041W	348	661
1863456	4932.YMR093W	347	542
1864853	4932.YPL091W	344	935
1865074	4932.YPR016C	344	366
1863583	4932.YMR205C	343	1655
1859603	4932.YDL208W	343	220
1859233	4932.YCL035C	340	264
1858981	4932.YBR106W	335	513
1858984	4932.YBR109C	335	340
1863181	4932.YLR447C	334	864
1863472	4932.YMR108W	333	1179
1862518	4932.YKR009C	333	1958
1859850	4932.YDR190C	332	1065
1862169	4932.YJR064W	331	956
1860369	4932.YER036C	331	1169
1859514	4932.YDL125C	327	326
1859785	4932.YDR129C	327	1028
1863595	4932.YMR217W	326	729
1863724	4932.YNL007C	324	459
1858951	4932.YBR079C	321	1640
1865101	4932.YPR041W	320	673
1859680	4932.YDR033W	319	577
1860611	4932.YFL038C	317	321
1863021	4932.YLR301W	316	522
1861081	4932.YGR094W	316	1518
1861065	4932.YGR078C	315	229
1863867	4932.YNL141W	315	511
1864533	4932.YOR184W	314	703
1863324	4932.YML106W	313	537
1865168	4932.YPR108W	312	546
1864910	4932.YPL145C	311	621
1863283	4932.YML070W	311	919
1861372	4932.YHR008C	310	275
1861179	4932.YGR180C	308	578
1858764	4932.YBL024W	307	1279
1864503	4932.YOR157C	307	205
1862384	4932.YKL104C	305	1604
1864736	4932.YOR374W	305	968
1865095	4932.YPR036W	302	997
1859488	4932.YDL100C	300	634
1865120	4932.YPR060C	300	303
1863485	4932.YMR120C	297	1442
1862256	4932.YJR148W	296	911
1861408	4932.YHR039C	293	923
1858877	4932.YBR011C	292	466
1858658	4932.YAL035W	292	1418
1865035	4932.YPL262W	292	621
1863949	4932.YNL220W	292	741
1864517	4932.YOR168W	291	1259
1862433	4932.YKL150W	290	413
1862214	4932.YJR109C	290	1912
1862093	4932.YJL217W	290	335
1863863	4932.YNL138W	289	899
1864120	4932.YNR043W	286	674
1861881	4932.YJL014W	283	1010
1859848	4932.YDR188W	282	708
1865006	4932.YPL237W	280	479
1863709	4932.YMR318C	280	609
1862553	4932.YKR043C	279	346
1859361	4932.YCR088W	278	829
1863343	4932.YML124C	277	750
1865067	4932.YPR010C	276	1693
1860390	4932.YER052C	275	769
1864074	4932.YNR001C	275	711
1864624	4932.YOR271C	274	335
1860435	4932.YER086W	272	877
1864380	4932.YOR039W	272	290
1864260	4932.YOL097C	272	769
1863083	4932.YLR359W	272	766
1859743	4932.YDR091C	271	903
1862510	4932.YKR001C	270	1156
1862466	4932.YKL181W	269	673
1863462	4932.YMR099C	268	618
1859807	4932.YDR152W	266	115
1860780	4932.YGL068W	265	121
1861284	4932.YGR282C	264	483
1864019	4932.YNL287W	262	1323
1865256	4932.YPR181C	261	1476
1863780	4932.YNL061W	261	652
1860342	4932.YER012W	259	315
1860747	4932.YGL037C	258	414
1860708	4932.YGL001C	257	327
1863755	4932.YNL037C	254	548
1859025	4932.YBR143C	254	710
1865214	4932.YPR149W	254	247
1859485	4932.YDL097C	252	677
1859278	4932.YCR009C	251	316
1859829	4932.YDR172W	250	793
1862357	4932.YKL080W	248	657
1860067	4932.YDR384C	248	249
1862558	4932.YKR048C	248	627
1860282	4932.YEL037C	248	425
1859052	4932.YBR169C	248	2102
1863468	4932.YMR105C	247	848
1859521	4932.YDL131W	244	1297
1860832	4932.YGL120C	244	867
1862427	4932.YKL145W	242	420
1862523	4932.YKR014C	241	247
1858962	4932.YBR088C	241	454
1864127	4932.YNR050C	240	710
1859783	4932.YDR127W	240	2187
1863792	4932.YNL071W	239	517
1859576	4932.YDL182W	239	1211
1860915	4932.YGL200C	239	337
1863230	4932.YML022W	237	223
1862398	4932.YKL117W	235	214
1859464	4932.YDL078C	235	434
1861257	4932.YGR256W	234	1415
1864033	4932.YNL301C	234	289
1864286	4932.YOL120C	234	289
1863703	4932.YMR315W	233	447
1859041	4932.YBR159W	232	408
1864577	4932.YOR224C	230	227
1863220	4932.YML012W	230	338
1861784	4932.YIL142W	230	796
1864701	4932.YOR341W	228	2201
1865123	4932.YPR063C	226	261
1860720	4932.YGL011C	225	447
1863627	4932.YMR246W	225	780
1860799	4932.YGL087C	225	165
1860686	4932.YFR037C	225	840
1861730	4932.YIL094C	225	450
1861981	4932.YJL111W	224	854
1860003	4932.YDR328C	223	300
1859974	4932.YDR304C	222	463
1859713	4932.YDR062W	222	567
1859466	4932.YDL080C	220	3357
1861391	4932.YHR025W	220	335
1864995	4932.YPL226W	220	1526
1861420	4932.YHR049W	220	360
1863904	4932.YNL175C	219	365
1858710	4932.YAR015W	219	435
1864586	4932.YOR232W	218	209
1860935	4932.YGL220W	217	74
1862902	4932.YLR192C	216	233
1859385	4932.YDL002C	213	175
1864614	4932.YOR261C	212	405
1862372	4932.YKL095W	212	235
1860766	4932.YGL055W	211	588
1861441	4932.YHR065C	210	406
1863262	4932.YML052W	210	210
1862302	4932.YKL029C	210	784
1861620	4932.YHR216W	209	1321
1860900	4932.YGL187C	208	186
1861171	4932.YGR173W	206	420
1861281	4932.YGR279C	206	419
1859562	4932.YDL168W	205	476
1860511	4932.YER148W	203	258
1861804	4932.YIL160C	201	608
1860285	4932.YEL040W	200	507
1860920	4932.YGL205W	200	849
1864709	4932.YOR347C	199	1988
1859262	4932.YCL064C	199	487
1864486	4932.YOR142W	197	440
1865092	4932.YPR033C	197	630
1862329	4932.YKL054C	197	389
1864723	4932.YOR361C	196	914
1858967	4932.YBR092C	196	684
1861382	4932.YHR018C	196	659
1862287	4932.YKL016C	196	129
1860477	4932.YER120W	196	364
1861665	4932.YIL033C	195	509
1865087	4932.YPR028W	194	213
1863845	4932.YNL121C	194	729
1861490	4932.YHR106W	194	661
1859107	4932.YBR218C	193	2133
1860809	4932.YGL097W	192	439
1863064	4932.YLR342W	191	2558
1864855	4932.YPL093W	191	765
1860263	4932.YEL021W	191	296
1860219	4932.YDR529C	191	163
1865266	4932.YPR191W	190	436
1865004	4932.YPL235W	190	769
1860652	4932.YFR010W	190	444
1862942	4932.YLR229C	190	233
1863070	4932.YLR347C	189	631
1864200	4932.YOL041C	189	457
1864625	4932.YOR272W	188	390
1862002	4932.YJL130C	188	2332
1862152	4932.YJR047C	188	570
1862711	4932.YLR022C	187	198
1858755	4932.YBL015W	187	534
1864563	4932.YOR210W	187	42
1863172	4932.YLR438W	186	504
1859755	4932.YDR101C	186	643
1865008	4932.YPL239W	185	294
1863152	4932.YLR420W	185	417
1863970	4932.YNL241C	184	522
1860834	4932.YGL122C	184	320
1863020	4932.YLR300W	182	494
1864497	4932.YOR151C	182	977
1864464	4932.YOR120W	182	274
1863291	4932.YML078W	182	262
1860287	4932.YEL042W	181	389
1861488	4932.YHR104W	180	418
1861040	4932.YGR054W	179	639
1860335	4932.YER006W	178	548
1859995	4932.YDR321W	178	415
1858903	4932.YBR035C	178	213
1860444	4932.YER090W	177	547
1863367	4932.YMR012W	177	1482
1862014	4932.YJL140W	177	164
1864994	4932.YPL225W	176	238
1864499	4932.YOR153W	175	2191
1863581	4932.YMR203W	175	447
1861412	4932.YHR042W	175	726
1862552	4932.YKR042W	174	138
1860273	4932.YEL030W	174	1328
1860782	4932.YGL070C	173	135
1858907	4932.YBR039W	173	273
1863976	4932.YNL247W	173	747
1863357	4932.YMR002W	173	88
1863342	4932.YML123C	172	693
1864638	4932.YOR285W	171	171
1860850	4932.YGL137W	171	829
1859877	4932.YDR212W	170	616
1863300	4932.YML086C	170	495
1864317	4932.YOL151W	169	326
1859228	4932.YCL030C	169	762
1861174	4932.YGR175C	169	587
1861017	4932.YGR034W	169	136
1861765	4932.YIL125W	168	908
1861090	4932.YGR103W	168	442
1862170	4932.YJR065C	168	406
1860364	4932.YER031C	167	288
1864771	4932.YPL010W	165	152
1864920	4932.YPL154C	165	322
1863961	4932.YNL232W	165	182
1859968	4932.YDR298C	164	187
1858670	4932.YAL044C	164	123
1864810	4932.YPL048W	163	659
1859141	4932.YBR248C	162	463
1863697	4932.YMR309C	162	780
1864675	4932.YOR317W	162	670
1859739	4932.YDR087C	162	170
1863607	4932.YMR229C	161	1509
1859536	4932.YDL145C	161	889
1861713	4932.YIL076W	160	243
1863918	4932.YNL189W	159	414
1861026	4932.YGR040W	158	417
1859031	4932.YBR149W	158	377
1858957	4932.YBR084W	158	797
1864452	4932.YOR108W	158	990
1859831	4932.YDR174W	158	214
1862482	4932.YKL196C	157	156
1862395	4932.YKL114C	156	208
1863349	4932.YML130C	156	463
1863344	4932.YML125C	156	224
1863685	4932.YMR300C	155	469
1863419	4932.YMR058W	155	393
1861277	4932.YGR275W	155	125
1859538	4932.YDL147W	155	390
1862181	4932.YJR076C	154	405
1858766	4932.YBL026W	154	85
1859159	4932.YBR265W	153	229
1859121	4932.YBR230C	152	176
1863673	4932.YMR290C	152	430
1859608	4932.YDL213C	152	130
1860827	4932.YGL115W	151	306
1864188	4932.YOL030W	151	391
1861282	4932.YGR280C	151	120
1859432	4932.YDL046W	150	120
1862658	4932.YLL039C	149	1067
1863586	4932.YMR208W	149	363
1859273	4932.YCR004C	148	227
1864428	4932.YOR084W	147	359
1863937	4932.YNL208W	147	200
1862918	4932.YLR208W	147	299
1859235	4932.YCL037C	146	467
1864219	4932.YOL059W	146	325
1859437	4932.YDL051W	145	200
1859474	4932.YDL086W	145	262
1864313	4932.YOL147C	144	179
1860168	4932.YDR483W	144	485
1860021	4932.YDR346C	144	354
1860698	4932.YFR049W	143	82
1860571	4932.YFL005W	143	232
1861706	4932.YIL070C	143	103
1864289	4932.YOL123W	143	328
1860203	4932.YDR517W	143	132
1860237	4932.YEL001C	141	33
1861393	4932.YHR027C	141	932
1860886	4932.YGL173C	140	1084
1861207	4932.YGR207C	140	149
1858950	4932.YBR078W	140	327
1862495	4932.YKL211C	139	378
1861119	4932.YGR128C	139	495
1860037	4932.YDR361C	139	211
1861858	4932.YIR034C	138	305
1860223	4932.YDR533C	138	175
1862424	4932.YKL142W	138	155
1859776	4932.YDR120C	136	339
1859328	4932.YCR051W	136	149
1864840	4932.YPL078C	136	124
1862717	4932.YLR028C	136	712
1860417	4932.YER073W	136	371
1860773	4932.YGL062W	136	1893
1863306	4932.YML092C	136	191
1859215	4932.YCL018W	135	257
1861619	4932.YHR215W	135	563
1864167	4932.YOL012C	135	104
1860750	4932.YGL040C	134	227
1859565	4932.YDL171C	134	1654
1862047	4932.YJL172W	134	347
1864123	4932.YNR046W	134	165
1865012	4932.YPL243W	134	307
1862441	4932.YKL157W	130	764
1858922	4932.YBR054W	130	338
1858668	4932.YAL042W	130	207
1858773	4932.YBL032W	130	183
1862252	4932.YJR144W	129	205
1864978	4932.YPL210C	129	377
1859415	4932.YDL029W	129	284
1865179	4932.YPR118W	129	246
1864593	4932.YOR239W	128	273
1860297	4932.YEL051W	128	183
1862284	4932.YKL013C	127	138
1862408	4932.YKL127W	127	576
1859696	4932.YDR045C	127	116
1859553	4932.YDL160C	127	348
1860274	4932.YEL031W	126	942
1864623	4932.YOR270C	126	603
1863841	4932.YNL117W	126	407
1864387	4932.YOR046C	126	380
1859526	4932.YDL135C	125	146
1864309	4932.YOL143C	125	110
1860811	4932.YGL099W	124	388
1860870	4932.YGL157W	124	338
1864550	4932.YOR197W	123	181
1860483	4932.YER126C	123	116
1860818	4932.YGL106W	122	103
1863277	4932.YML064C	122	229
1862130	4932.YJR025C	122	132
1864180	4932.YOL022C	122	199
1859854	4932.YDR194C	121	313
1858838	4932.YBL091C	120	265
1863719	4932.YNL002C	120	127
1860387	4932.YER049W	119	477
1860020	4932.YDR345C	119	401
1863763	4932.YNL044W	119	97
1862174	4932.YJR069C	119	133
1860936	4932.YGL221C	119	228
1862496	4932.YKL212W	118	535
1864224	4932.YOL064C	117	288
1863097	4932.YLR370C	117	97
1859834	4932.YDR177W	117	141
1862592	4932.YKR081C	117	149
1862910	4932.YLR200W	116	101
1859738	4932.YDR086C	116	60
1862076	4932.YJL200C	116	384
1864658	4932.YOR303W	115	203
1864438	4932.YOR095C	115	235
1859800	4932.YDR145W	114	283
1864472	4932.YOR128C	114	447
1860702	4932.YFR052W	114	219
1860071	4932.YDR388W	114	248
1861365	4932.YHR003C	114	240
1859590	4932.YDL195W	113	814
1864562	4932.YOR209C	113	379
1861000	4932.YGR020C	113	93
1863513	4932.YMR145C	112	293
1863699	4932.YMR311C	112	125
1863860	4932.YNL135C	111	132
1859044	4932.YBR162C	111	223
1865262	4932.YPR187W	111	94
1858975	4932.YBR101C	111	198
1861315	4932.YHL011C	111	245
1864236	4932.YOL077C	110	198
1861114	4932.YGR123C	110	234
1862431	4932.YKL148C	109	371
1864112	4932.YNR035C	109	180
1860647	4932.YFR006W	109	309
1859897	4932.YDR232W	108	245
1862706	4932.YLR017W	107	168
1864442	4932.YOR099W	107	281
1859903	4932.YDR238C	107	738
1860521	4932.YER156C	107	240
1861712	4932.YIL075C	106	586
1862746	4932.YLR056W	106	224
1861675	4932.YIL043C	105	169
1858780	4932.YBL039C	105	299
1863153	4932.YLR421C	105	132
1861535	4932.YHR146W	104	239
1863323	4932.YML105C	104	167
1860700	4932.YFR051C	103	185
1863856	4932.YNL131W	103	91
1861491	4932.YHR107C	103	273
1864461	4932.YOR117W	103	280
1862478	4932.YKL192C	103	96
1859721	4932.YDR070C	103	18
1862297	4932.YKL024C	102	104
1862048	4932.YJL173C	102	93
1860332	4932.YER004W	102	132
1860305	4932.YEL058W	102	390
1860308	4932.YEL060C	102	250
1863683	4932.YMR298W	102	52
1861922	4932.YJL055W	102	142
1865033	4932.YPL260W	100	324
1864606	4932.YOR253W	100	107
1863489	4932.YMR123W	100	2
1861370	4932.YHR007C	99.9	397
1862061	4932.YJL186W	99.7	292
1864306	4932.YOL140W	99.7	221
1860958	4932.YGL242C	99.6	80
1860910	4932.YGL195W	99.1	1989
1858959	4932.YBR085W	98.5	461
1859036	4932.YBR154C	98.4	129
1860377	4932.YER042W	98.3	98
1863977	4932.YNL248C	98.1	216
1859631	4932.YDL236W	98.1	180
1864629	4932.YOR276W	98.0	86
1863427	4932.YMR066W	98.0	453
1861596	4932.YHR200W	98.0	117
1864780	4932.YPL019C	97.6	541
1862189	4932.YJR085C	97.2	71
1861517	4932.YHR132C	96.7	269
1858642	4932.YAL023C	96.5	356
1863620	4932.YMR241W	96.5	151
1859425	4932.YDL040C	96.4	465
1862779	4932.YLR089C	96.2	296
1859522	4932.YDL132W	95.9	431
1863372	4932.YMR015C	95.8	418
1860062	4932.YDR380W	95.8	316
1859177	4932.YBR283C	95.7	268
1859027	4932.YBR145W	95.7	806
1863691	4932.YMR305C	95.4	140
1859483	4932.YDL095W	95.2	555
1864039	4932.YNL307C	95.2	216
1858734	4932.YAR071W	94.9	646
1858735	4932.YAR073W	94.7	613
1864648	4932.YOR294W	94.2	56
1862986	4932.YLR270W	94.1	237
1860077	4932.YDR394W	93.8	287
1859085	4932.YBR198C	93.7	435
1859138	4932.YBR245C	93.6	610
1860137	4932.YDR453C	93.2	317
1863888	4932.YNL160W	93.1	152
1860588	4932.YFL018C	92.9	303
1858917	4932.YBR049C	92.6	384
1859271	4932.YCR002C	92.6	197
1859777	4932.YDR121W	92.5	101
1862019	4932.YJL145W	92.5	224
1863712	4932.YMR321C	92.3	31
1859879	4932.YDR214W	91.7	193
1859042	4932.YBR160W	91.5	156
1859924	4932.YDR258C	91.1	327
1860790	4932.YGL078C	91.0	351
1859226	4932.YCL028W	90.7	141
1860404	4932.YER063W	90.5	43
1859391	4932.YDL007W	90.0	226
1864811	4932.YPL049C	89.4	298
1862591	4932.YKR080W	89.2	148
1862180	4932.YJR075W	89.0	137
1864011	4932.YNL281W	88.7	63
1862153	4932.YJR048W	88.6	42
1858659	4932.YAL036C	88.3	217
1862804	4932.YLR113W	88.3	181
1858634	4932.YAL016W	87.6	286
1865036	4932.YPL263C	87.3	231
1863754	4932.YNL036W	86.8	98
1862278	4932.YKL007W	86.8	152
1858971	4932.YBR096W	86.7	110
1861552	4932.YHR163W	86.5	110
1858801	4932.YBL058W	86.5	157
1861992	4932.YJL122W	86.3	82
1863309	4932.YML094W	86.2	80
1859491	4932.YDL103C	86.2	280
1864130	4932.YNR053C	86.1	207
1859127	4932.YBR234C	86.0	244
1860429	4932.YER081W	86.0	328
1858920	4932.YBR052C	85.6	76
1860151	4932.YDR465C	85.1	255
1859355	4932.YCR083W	84.5	28
1862780	4932.YLR090W	84.4	80
1863681	4932.YMR296C	84.0	286
1864360	4932.YOR021C	83.8	89
1860645	4932.YFR004W	83.6	109
1863183	4932.YLR449W	83.5	242
1859876	4932.YDR211W	83.1	441
1864460	4932.YOR116C	83.0	642
1864613	4932.YOR260W	82.6	343
1863014	4932.YLR295C	82.2	65
1861417	4932.YHR047C	82.1	532
1862498	4932.YKL214C	82.1	80
1862971	4932.YLR257W	81.1	182
1861093	4932.YGR106C	81.0	55
1859525	4932.YDL134C	80.9	314
1864044	4932.YNL312W	80.6	168
1860755	4932.YGL043W	80.0	142
1861245	4932.YGR244C	79.7	179
1859725	4932.YDR074W	79.7	400
1860880	4932.YGL167C	79.7	347
1865046	4932.YPL273W	79.6	154
1864980	4932.YPL212C	78.5	211
1860575	4932.YFL010C	78.3	76
1860196	4932.YDR510W	78.2	43
1862722	4932.YLR033W	78.2	267
1859363	4932.YCR090C	78.0	88
1862628	4932.YLL009C	77.8	23
1864221	4932.YOL061W	77.4	305
1858888	4932.YBR020W	77.2	267
1864700	4932.YOR340C	77.1	124
1863052	4932.YLR330W	76.9	252
1865061	4932.YPR004C	76.6	159
1861985	4932.YJL115W	76.6	94
1859446	4932.YDL060W	76.3	224
1861711	4932.YIL074C	75.6	329
1862217	4932.YJR112W	75.4	91
1864875	4932.YPL112C	75.3	236
1863481	4932.YMR117C	75.3	89
1864636	4932.YOR283W	75.1	96
1861696	4932.YIL062C	75.1	79
1859356	4932.YCR084C	75.0	313
1860482	4932.YER125W	74.6	266
1863409	4932.YMR049C	74.3	292
1859210	4932.YCL011C	74.1	152
1861456	4932.YHR074W	73.8	347
1863832	4932.YNL108C	73.7	88
1865017	4932.YPL248C	73.7	455
1859803	4932.YDR148C	73.7	161
1860087	4932.YDR404C	73.5	103
1859702	4932.YDR051C	73.5	97
1858736	4932.YAR075W	73.4	207
1861560	4932.YHR170W	73.4	189
1864684	4932.YOR326W	72.9	866
1862888	4932.YLR178C	72.8	89
1861327	4932.YHL021C	72.4	154
1860922	4932.YGL207W	72.4	449
1864392	4932.YOR051C	72.2	160
1861229	4932.YGR229C	72.0	88
1858992	4932.YBR115C	71.7	603
1859016	4932.YBR135W	71.5	58
1863615	4932.YMR236W	71.4	58
1860642	4932.YFR001W	71.3	29
1858644	4932.YAL025C	71.3	115
1862022	4932.YJL148W	71.1	102
1860672	4932.YFR028C	71.0	262
1859387	4932.YDL004W	70.6	85
1862906	4932.YLR196W	70.5	277
1863225	4932.YML017W	70.2	215
1863911	4932.YNL182C	70.0	206
1864024	4932.YNL292W	70.0	87
1863454	4932.YMR091C	69.9	260
1862609	4932.YKR097W	69.3	224
1863285	4932.YML072C	69.3	613
1864891	4932.YPL127C	69.1	64
1858708	4932.YAR010C	69.1	4555
1865199	4932.YPR137C-A	69.1	4555
1860447	4932.YER092W	68.7	69
1862033	4932.YJL158C	68.7	42
1859828	4932.YDR171W	68.3	114
1861268	4932.YGR267C	68.3	108
1865029	4932.YPL257W-A	68.3	4546
1859928	4932.YDR261C-C	68.3	4546
1860496	4932.YER137C-A	68.3	4546
1862860	4932.YLR157C-A	68.3	4546
1860043	4932.YDR365W-A	68.3	4546
1861651	4932.YIL021W	68.2	135
1863593	4932.YMR215W	68.0	203
1860251	4932.YEL013W	67.9	238
1858623	4932.YAL007C	67.7	68
1863432	4932.YMR071C	67.6	38
1859033	4932.YBR151W	67.6	89
1859259	4932.YCL059C	67.5	94
1862451	4932.YKL166C	67.4	201
1861164	4932.YGR167W	67.4	62
1859112	4932.YBR222C	67.3	285
1861944	4932.YJL076W	67.2	410
1862476	4932.YKL190W	66.7	71
1865231	4932.YPR160W	66.7	412
1860042	4932.YDR365C	66.4	192
1863392	4932.YMR033W	66.4	185
1863251	4932.YML042W	66.2	241
1860363	4932.YER030W	66.2	39
1862119	4932.YJR014W	66.0	86
1865093	4932.YPR034W	65.9	209
1864773	4932.YPL012W	65.8	528
1863857	4932.YNL132W	65.8	448
1859593	4932.YDL198C	65.6	103
1863960	4932.YNL231C	65.6	115
1862961	4932.YLR248W	65.5	147
1860181	4932.YDR496C	65.2	239
1863696	4932.YMR308C	65.1	392
1860088	4932.YDR405W	65.0	39
1863545	4932.YMR173W	64.9	84
1861786	4932.YIL144W	64.6	282
1862764	4932.YLR074C	64.6	50
1864432	4932.YOR089C	64.2	89
1864096	4932.YNR021W	64.2	234
1860765	4932.YGL054C	64.1	44
1863099	4932.YLR372W	64.1	141
1860059	4932.YDR378C	64.0	43
1861766	4932.YIL126W	63.7	495
1863540	4932.YMR169C	63.3	284
1860813	4932.YGL101W	63.2	71
1863779	4932.YNL059C	63.1	248
1863205	4932.YML001W	63.0	105
1862913	4932.YLR203C	63.0	135
1864607	4932.YOR254C	62.9	243
1859973	4932.YDR303C	62.8	283
1865044	4932.YPL271W	62.6	32
1864418	4932.YOR074C	62.5	142
1859621	4932.YDL226C	62.2	149
1863821	4932.YNL098C	62.2	148
1858968	4932.YBR093C	62.2	291
1863208	4932.YML004C	62.1	112
1861797	4932.YIL155C	61.8	248
1864160	4932.YOL005C	61.8	52
1861069	4932.YGR082W	61.7	67
1864274	4932.YOL108C	61.5	46
1860414	4932.YER070W	61.4	463
1863884	4932.YNL156C	61.3	67
1860981	4932.YGR001C	61.2	91
1864308	4932.YOL142W	61.1	105
1863931	4932.YNL202W	60.8	81
1861077	4932.YGR090W	60.7	459
1861015	4932.YGR032W	60.7	1274
1860944	4932.YGL228W	60.6	133
1861910	4932.YJL045W	60.5	196
1862481	4932.YKL195W	60.5	133
1859047	4932.YBR164C	60.4	63
1860508	4932.YER146W	60.1	34
1864882	4932.YPL119C	60.0	763
1861471	4932.YHR087W	60.0	40
1861770	4932.YIL130W	59.9	302
1860428	4932.YER080W	59.9	152
1861136	4932.YGR145W	59.7	161
1858902	4932.YBR034C	59.6	118
1860017	4932.YDR342C	59.5	380
1861879	4932.YJL012C	59.4	267
1861208	4932.YGR208W	59.4	115
1862139	4932.YJR034W	59.3	19
1860078	4932.YDR395W	59.2	314
1861492	4932.YHR108W	59.1	182
1863111	4932.YLR384C	58.7	519
1861592	4932.YHR197W	58.4	276
1860080	4932.YDR397C	57.9	52
1858799	4932.YBL056W	57.9	127
1859695	4932.YDR044W	57.7	107
1864161	4932.YOL006C	57.7	238
1860442	4932.YER089C	57.6	212
1859942	4932.YDR272W	57.6	102
1862165	4932.YJR060W	57.5	93
1862173	4932.YJR068W	57.4	131
1860410	4932.YER067W	57.3	54
1861849	4932.YIR026C	57.1	129
1861994	4932.YJL124C	57.1	45
1860580	4932.YFL013C	57.1	242
1865194	4932.YPR133C	57.1	200
1858689	4932.YAL062W	56.7	611
1862660	4932.YLL041C	56.7	82
1865002	4932.YPL233W	56.7	85
1860999	4932.YGR019W	56.7	173
1865229	4932.YPR159W	56.6	173
1863282	4932.YML069W	56.5	202
1860413	4932.YER069W	56.5	314
1864967	4932.YPL199C	56.4	72
1859750	4932.YDR098C	56.3	125
1860111	4932.YDR427W	56.0	128
1858808	4932.YBL064C	56.0	82
1861697	4932.YIL063C	55.8	88
1860759	4932.YGL048C	55.7	114
1858978	4932.YBR103W	55.4	205
1864605	4932.YOR252W	55.4	35
1864277	4932.YOL111C	55.1	85
1865147	4932.YPR086W	55.0	120
1861906	4932.YJL041W	54.8	184
1863161	4932.YLR429W	54.4	243
1859583	4932.YDL188C	54.4	279
1863559	4932.YMR184W	54.2	45
1864339	4932.YOR004W	54.0	44
1861105	4932.YGR116W	54.0	412
1862924	4932.YLR214W	53.9	301
1860923	4932.YGL208W	53.8	133
1858793	4932.YBL050W	53.7	105
1859004	4932.YBR126C	53.6	125
1863630	4932.YMR250W	53.6	178
1862556	4932.YKR046C	53.6	80
1864825	4932.YPL063W	53.6	168
1863774	4932.YNL054W-A	53.6	3696
1861429	4932.YHR055C	53.5	34
1861426	4932.YHR053C	53.5	34
1862271	4932.YKL001C	53.5	67
1864525	4932.YOR176W	53.4	120
1864485	4932.YOR141C	53.2	292
1861467	4932.YHR084W	53.1	202
1859666	4932.YDR019C	53.0	107
1862787	4932.YLR097C	52.9	103
1864821	4932.YPL059W	52.6	43
1864559	4932.YOR206W	52.6	196
1860884	4932.YGL171W	52.6	117
1860699	4932.YFR050C	52.5	85
1859329	4932.YCR052W	52.5	199
1864299	4932.YOL133W	52.4	51
1864639	4932.YOR286W	52.4	26
1862479	4932.YKL193C	52.4	122
1860887	4932.YGL174W	52.3	55
1858790	4932.YBL047C	52.1	372
1859899	4932.YDR234W	52.1	214
1863945	4932.YNL216W	52.0	270
1859094	4932.YBR205W	51.8	119
1864208	4932.YOL049W	51.7	153
1863346	4932.YML127W	51.7	208
1862333	4932.YKL058W	51.6	27
1863217	4932.YML010W	51.6	305
1863005	4932.YLR287C	51.6	86
1860650	4932.YFR009W	51.5	240
1861496	4932.YHR112C	51.5	80
1864677	4932.YOR319W	51.3	65
1863552	4932.YMR178W	51.2	92
1860166	4932.YDR481C	51.0	164
1864539	4932.YOR189W	51.0	35
1861123	4932.YGR132C	50.8	75
1861046	4932.YGR060W	50.7	128
1863269	4932.YML057W	50.7	205
1862932	4932.YLR222C	50.7	281
1864844	4932.YPL082C	50.6	718
1862293	4932.YKL021C	50.6	123
1862403	4932.YKL122C	50.5	31
1859822	4932.YDR167W	50.4	64
1862984	4932.YLR268W	50.4	54
1858762	4932.YBL022C	50.4	302
1862394	4932.YKL113C	50.4	109
1860450	4932.YER094C	50.2	61
1861411	4932.YHR041C	50.2	49
1864936	4932.YPL170W	50.1	32
1860052	4932.YDR372C	50.0	104
1862882	4932.YLR172C	49.9	83
1863043	4932.YLR321C	49.7	135
1863470	4932.YMR106C	49.4	169
1863258	4932.YML048W	49.3	143
1865213	4932.YPR148C	49.2	123
1863598	4932.YMR220W	49.1	143
1859334	4932.YCR060W	49.1	26
1860515	4932.YER151C	49.0	205
1862383	4932.YKL103C	48.9	179
1862740	4932.YLR050C	48.8	56
1862330	4932.YKL055C	48.8	155
1860295	4932.YEL050C	48.7	42
1861666	4932.YIL034C	48.3	60
1860018	4932.YDR343C	48.2	344
1863270	4932.YML058W	48.0	33
1858885	4932.YBR017C	48.0	358
1862474	4932.YKL188C	48.0	277
1861951	4932.YJL081C	47.8	138
1863036	4932.YLR314C	47.7	133
1859744	4932.YDR092W	47.6	54
1861652	4932.YIL022W	47.6	105
1859823	4932.YDR168W	47.6	143
1860661	4932.YFR017C	47.6	41
1861180	4932.YGR181W	47.5	34
1864434	4932.YOR091W	47.4	72
1861916	4932.YJL050W	47.3	319
1859596	4932.YDL201W	47.3	84
1862411	4932.YKL130C	47.2	42
1858705	4932.YAR007C	47.2	196
1864979	4932.YPL211W	47.1	42
1861186	4932.YGR187C	46.9	148
1863497	4932.YMR131C	46.8	152
1861150	4932.YGR158C	46.5	43
1863885	4932.YNL157W	46.5	24
1862581	4932.YKR071C	46.4	78
1860385	4932.YER048C	46.4	86
1864596	4932.YOR243C	46.3	177
1860824	4932.YGL112C	46.3	150
1862314	4932.YKL040C	46.2	62
1859439	4932.YDL053C	46.2	54
1863435	4932.YMR074C	46.2	38
1863364	4932.YMR009W	46.2	45
1863129	4932.YLR401C	46.0	168
1864604	4932.YOR251C	45.9	82
1859037	4932.YBR155W	45.7	72
1864092	4932.YNR017W	45.7	61
1862122	4932.YJR017C	45.6	36
1863049	4932.YLR327C	45.5	27
1861482	4932.YHR098C	45.5	259
1861827	4932.YIR010W	45.4	137
1863975	4932.YNL246W	45.3	47
1863647	4932.YMR266W	45.2	105
1859922	4932.YDR256C	45.2	134
1863739	4932.YNL022C	45.1	77
1860968	4932.YGL252C	45.1	151
1861218	4932.YGR218W	44.8	375
1860416	4932.YER072W	44.7	74
1863105	4932.YLR378C	44.7	118
1863731	4932.YNL014W	44.7	673
1862244	4932.YJR137C	44.7	400
1863000	4932.YLR284C	44.6	63
1861029	4932.YGR043C	44.4	118
1860570	4932.YFL004W	44.4	260
1860205	4932.YDR519W	44.3	69
1862795	4932.YLR104W	44.3	6
1861497	4932.YHR113W	44.3	109
1859358	4932.YCR086W	44.2	47
1859396	4932.YDL012C	44.2	7
1859058	4932.YBR175W	44.1	49
1863896	4932.YNL167C	44.0	135
1864560	4932.YOR207C	44.0	337
1859735	4932.YDR083W	43.9	79
1863145	4932.YLR413W	43.8	219
1862742	4932.YLR052W	43.6	75
1864179	4932.YOL021C	43.6	247
1862905	4932.YLR195C	43.5	122
1859970	4932.YDR300C	42.9	131
1860022	4932.YDR347W	42.7	54
1859816	4932.YDR161W	42.7	111
1859964	4932.YDR294C	42.6	171
1864229	4932.YOL069W	42.6	132
1859140	4932.YBR247C	42.5	151
1861602	4932.YHR206W	42.4	129
1863316	4932.YML100W	42.3	260
1859498	4932.YDL110C	42.2	42
1859146	4932.YBR253W	42.2	27
1861505	4932.YHR121W	42.2	44
1859438	4932.YDL052C	42.2	82
1862976	4932.YLR262C	42.2	93
1861159	4932.YGR162W	42.0	212
1859980	4932.YDR310C	41.9	276
1865039	4932.YPL266W	41.9	81
1862115	4932.YJR010W	41.8	85
1860238	4932.YEL002C	41.8	154
1864211	4932.YOL052C	41.5	73
1864343	4932.YOR008C	41.3	51
1864397	4932.YOR056C	41.2	121
1863723	4932.YNL006W	41.2	56
1859060	4932.YBR177C	41.2	111
1863057	4932.YLR335W	41.1	153
1863384	4932.YMR027W	40.6	136
1863453	4932.YMR090W	40.6	48
1863659	4932.YMR276W	40.5	35
1863882	4932.YNL154C	40.5	151
1863805	4932.YNL084C	40.4	74
1860926	4932.YGL211W	40.4	68
1859445	4932.YDL059C	40.4	60
1864402	4932.YOR061W	40.3	80
1861205	4932.YGR205W	40.3	90
1860823	4932.YGL111W	40.3	72
1864257	4932.YOL094C	40.1	82
1859646	4932.YDR001C	40.0	169
1864040	4932.YNL308C	40.0	118
1859657	4932.YDR011W	39.8	285
1861377	4932.YHR013C	39.7	50
1862133	4932.YJR028W	39.6	3757
1861008	4932.YGR027W-A	39.6	3757
1863726	4932.YNL009W	39.4	272
1860329	4932.YER001W	39.2	128
1861397	4932.YHR030C	39.2	102
1862580	4932.YKR070W	39.1	65
1861868	4932.YJL001W	39.1	53
1863968	4932.YNL239W	39.0	120
1864185	4932.YOL027C	38.8	91
1864015	4932.YNL284C-A	38.8	1274
1862457	4932.YKL172W	38.8	92
1862939	4932.YLR227W-A	38.8	3748
1863249	4932.YML040W	38.8	3748
1865223	4932.YPR158C-C	38.8	3748
1862970	4932.YLR256W-A	38.8	3748
1862131	4932.YJR026W	38.8	3748
1861495	4932.YHR111W	38.7	75
1861199	4932.YGR200C	38.7	232
1862884	4932.YLR174W	38.7	278
1861974	4932.YJL104W	38.7	28
1862525	4932.YKR016W	38.6	128
1863753	4932.YNL035C	38.6	124
1863292	4932.YML079W	38.6	63
1865082	4932.YPR023C	38.1	79
1862575	4932.YKR065C	38.1	23
1859710	4932.YDR059C	38.0	46
1861232	4932.YGR232W	38.0	55
1862909	4932.YLR199C	37.9	81
1860863	4932.YGL150C	37.9	301
1864893	4932.YPL129W	37.9	84
1861362	4932.YHR001W	37.9	164
1864020	4932.YNL288W	37.7	54
1864892	4932.YPL128C	37.6	124
1865149	4932.YPR088C	37.6	128
1864268	4932.YOL103W-A	37.5	3526
1859229	4932.YCL031C	37.5	37
1862354	4932.YKL077W	37.5	97
1860585	4932.YFL016C	37.5	81
1860654	4932.YFR011C	37.4	41
1858746	4932.YBL007C	37.4	169
1859449	4932.YDL063C	37.3	93
1863897	4932.YNL168C	37.2	52
1863764	4932.YNL045W	37.2	155
1863948	4932.YNL219C	37.2	130
1858737	4932.YBL001C	37.0	11
1860074	4932.YDR391C	37.0	44
1863366	4932.YMR011W	36.8	131
1864217	4932.YOL057W	36.8	150
1859433	4932.YDL047W	36.7	91
1861601	4932.YHR205W	36.7	113
1860674	4932.YFR030W	36.6	204
1864253	4932.YOL090W	36.5	271
1861979	4932.YJL109C	36.5	427
1864718	4932.YOR356W	36.5	134
1861597	4932.YHR201C	36.5	75
1861748	4932.YIL109C	36.3	192
1859779	4932.YDR123C	36.3	37
1864937	4932.YPL171C	36.2	303
1864620	4932.YOR267C	36.2	104
1859308	4932.YCR034W	36.2	44
1863379	4932.YMR022W	36.1	21
1865083	4932.YPR024W	36.1	126
1864491	4932.YOR145C	36.0	58
1859511	4932.YDL122W	36.0	190
1864430	4932.YOR086C	36.0	278
1863541	4932.YMR170C	35.9	220
1859663	4932.YDR016C	35.8	15
1861934	4932.YJL066C	35.8	56
1860539	4932.YER171W	35.6	162
1861438	4932.YHR063C	35.6	101
1859350	4932.YCR077C	35.6	113
1861210	4932.YGR210C	35.5	63
1863491	4932.YMR125W	35.3	175
1860353	4932.YER021W	35.3	157
1859827	4932.YDR170W-A	35.3	1083
1859405	4932.YDL021W	35.2	44
1864992	4932.YPL223C	35.2	28
1859999	4932.YDR324C	35.2	162
1859575	4932.YDL181W	35.2	8
1863124	4932.YLR397C	35.0	151
1862401	4932.YKL120W	34.9	88
1863288	4932.YML075C	34.9	210
1860960	4932.YGL244W	34.9	74
1862340	4932.YKL065C	34.7	42
1863360	4932.YMR005W	34.7	80
1859811	4932.YDR156W	34.6	16
1860161	4932.YDR476C	34.6	50
1859862	4932.YDR201W	34.6	40
1863558	4932.YMR183C	34.4	68
1864935	4932.YPL169C	34.4	114
1862231	4932.YJR125C	34.4	60
1863417	4932.YMR056C	34.4	190
1860379	4932.YER044C	34.3	60
1863398	4932.YMR039C	34.3	57
1863405	4932.YMR046C	34.3	1083
1860202	4932.YDR516C	34.2	152
1861126	4932.YGR135W	34.1	62
1858757	4932.YBL017C	34.0	357
1863929	4932.YNL200C	34.0	53
1858989	4932.YBR112C	34.0	157
1862714	4932.YLR025W	33.9	41
1860525	4932.YER159C	33.9	36
1865118	4932.YPR058W	33.8	42
1864799	4932.YPL038W	33.8	29
1861971	4932.YJL101C	33.7	101
1863339	4932.YML120C	33.7	97
1863791	4932.YNL070W	33.6	21
1860729	4932.YGL019W	33.6	52
1864512	4932.YOR163W	33.6	35
1859018	4932.YBR137W	33.5	31
1861927	4932.YJL060W	33.4	92
1859820	4932.YDR165W	33.3	106
1864197	4932.YOL038W	33.3	50
1863010	4932.YLR291C	33.1	84
1862393	4932.YKL112W	33.1	138
1862821	4932.YLR129W	33.0	187
1863564	4932.YMR189W	32.9	196
1862535	4932.YKR026C	32.9	74
1864809	4932.YPL047W	32.9	25
1860767	4932.YGL056C	32.8	74
1864262	4932.YOL098C	32.8	210
1859610	4932.YDL215C	32.8	253
1859733	4932.YDR081C	32.7	175
1861667	4932.YIL035C	32.7	74
1859274	4932.YCR005C	32.6	164
1861993	4932.YJL123C	32.6	109
1860339	4932.YER009W	32.5	19
1863988	4932.YNL259C	32.3	13
1859749	4932.YDR097C	32.3	254
1862611	4932.YKR099W	32.3	139
1864365	4932.YOR026W	32.2	81
1860089	4932.YDR406W	32.2	752
1863081	4932.YLR357W	32.1	195
1860925	4932.YGL210W	32.1	138
1862223	4932.YJR117W	32.0	99
1862990	4932.YLR274W	31.9	133
1861192	4932.YGR193C	31.8	70
1862300	4932.YKL027W	31.7	88
1859053	4932.YBR170C	31.7	63
1861756	4932.YIL116W	31.6	45
1861451	4932.YHR072W	31.5	124
1859256	4932.YCL057W	31.5	157
1861746	4932.YIL107C	31.5	151
1862472	4932.YKL186C	31.4	27
1863733	4932.YNL016W	31.4	44
1860621	4932.YFL048C	31.4	95
1861149	4932.YGR157W	31.3	117
1863944	4932.YNL215W	31.3	49
1864974	4932.YPL206C	31.3	58
1864568	4932.YOR215C	31.3	18
1861829	4932.YIR012W	31.2	66
1861758	4932.YIL118W	31.1	66
1861246	4932.YGR245C	30.9	108
1859135	4932.YBR242W	30.9	38
1860987	4932.YGR007W	30.9	68
1860988	4932.YGR008C	30.9	10
1859145	4932.YBR252W	30.9	23
1862251	4932.YJR143C	30.8	147
1859531	4932.YDL140C	30.7	303
1861958	4932.YJL088W	30.7	94
1862944	4932.YLR231C	30.7	77
1865185	4932.YPR124W	30.6	74
1863806	4932.YNL085W	30.5	148
1864898	4932.YPL134C	30.5	45
1862972	4932.YLR258W	30.5	118
1861778	4932.YIL137C	30.4	168
1861869	4932.YJL002C	30.4	98
1864732	4932.YOR370C	30.3	125
1862517	4932.YKR008W	30.2	136
1858921	4932.YBR053C	30.2	52
1864055	4932.YNL323W	30.1	63
1863473	4932.YMR109W	30.1	254
1859103	4932.YBR214W	29.9	91
1865208	4932.YPR144C	29.8	84
1865257	4932.YPR182W	29.8	33
1861700	4932.YIL066C	29.7	264
1864618	4932.YOR265W	29.7	14
1863811	4932.YNL090W	29.7	44
1860229	4932.YDR539W	29.6	55
1861643	4932.YIL015W	29.6	74
1863722	4932.YNL005C	29.6	44
1864062	4932.YNL330C	29.5	102
1865201	4932.YPR137W	29.5	70
1861584	4932.YHR190W	29.4	60
1860794	4932.YGL082W	29.4	47
1860492	4932.YER134C	29.4	35
1864958	4932.YPL190C	29.4	117
1860905	4932.YGL191W	29.4	16
1861591	4932.YHR196W	29.3	134
1859458	4932.YDL072C	29.3	41
1863347	4932.YML128C	29.3	70
1859840	4932.YDR182W	29.3	74
1863959	4932.YNL230C	29.2	62
1863547	4932.YMR174C	29.2	3
1864110	4932.YNR034W	29.1	44
1859500	4932.YDL112W	29.1	282
1861691	4932.YIL057C	29.0	21
1860868	4932.YGL155W	29.0	39
1860971	4932.YGL255W	29.0	50
1862512	4932.YKR003W	29.0	69
1860092	4932.YDR408C	28.9	33
1864573	4932.YOR220W	28.9	49
1860846	4932.YGL133W	28.7	231
1864311	4932.YOL145C	28.7	167
1858677	4932.YAL049C	28.7	54
1864513	4932.YOR164C	28.5	76
1863116	4932.YLR389C	28.5	199
1865132	4932.YPR072W	28.3	90
1863107	4932.YLR380W	28.3	82
1865255	4932.YPR180W	28.2	56
1859054	4932.YBR171W	28.2	40
1863455	4932.YMR092C	28.2	97
1862791	4932.YLR100W	28.2	74
1858812	4932.YBL068W	28.1	56
1860014	4932.YDR339C	28.1	40
1863834	4932.YNL110C	28.1	45
1861823	4932.YIR006C	28.0	154
1859572	4932.YDL178W	28.0	89
1861648	4932.YIL020C	28.0	46
1860393	4932.YER054C	28.0	92
1858923	4932.YBR055C	27.9	180
1859711	4932.YDR060W	27.8	217
1862809	4932.YLR118C	27.8	34
1860724	4932.YGL014W	27.8	86
1861231	4932.YGR231C	27.8	42
1862547	4932.YKR037C	27.8	45
1864890	4932.YPL126W	27.8	171
1860222	4932.YDR532C	27.5	68
1863835	4932.YNL111C	27.4	20
1860948	4932.YGL232W	27.4	35
1859901	4932.YDR236C	27.3	81
1862346	4932.YKL069W	27.3	36
1863474	4932.YMR110C	27.3	70
1859399	4932.YDL015C	27.3	97
1860954	4932.YGL238W	27.2	160
1859714	4932.YDR063W	27.2	20
1861764	4932.YIL124W	27.1	57
1862603	4932.YKR092C	27.1	24
1865116	4932.YPR056W	27.1	77
1859175	4932.YBR281C	27.1	113
1864660	4932.YOR304W	27.1	202
1863862	4932.YNL137C	27.0	42
1859231	4932.YCL033C	27.0	24
1862491	4932.YKL207W	26.9	33
1862290	4932.YKL018W	26.9	54
1864724	4932.YOR362C	26.8	58
1864641	4932.YOR288C	26.7	39
1860760	4932.YGL049C	26.5	184
1860657	4932.YFR013W	26.5	131
1861521	4932.YHR135C	26.4	124
1863139	4932.YLR410W	26.4	193
1860737	4932.YGL027C	26.4	157
1858961	4932.YBR087W	26.3	54
1859751	4932.YDR098C-A	26.2	3162
1860526	4932.YER159C-A	26.2	3162
1861154	4932.YGR161C-C	26.2	3162
1861022	4932.YGR038C-A	26.2	3162
1863411	4932.YMR051C	26.2	3162
1859987	4932.YDR316W-A	26.2	3162
1863293	4932.YML080W	26.2	45
1858854	4932.YBL103C	26.2	89
1863972	4932.YNL243W	26.2	145
1861406	4932.YHR037W	26.2	84
1863310	4932.YML095C	26.1	41
1859561	4932.YDL167C	26.1	82
1863254	4932.YML045W-A	26.1	3147
1863389	4932.YMR031C	26.0	134
1862497	4932.YKL213C	25.9	112
1863212	4932.YML007W	25.9	82
1861668	4932.YIL036W	25.9	76
1861636	4932.YIL009W	25.8	127
1861317	4932.YHL013C	25.8	43
1860992	4932.YGR012W	25.8	66
1863402	4932.YMR043W	25.7	24
1858687	4932.YAL060W	25.6	65
1863710	4932.YMR319C	25.6	69
1862274	4932.YKL004W	25.6	17
1859547	4932.YDL156W	25.5	61
1863002	4932.YLR285W	25.5	29
1864997	4932.YPL228W	25.5	58
1858952	4932.YBR080C	25.4	139
1862374	4932.YKL096W	25.3	39
1859480	4932.YDL092W	25.3	21
1860528	4932.YER161C	25.3	30
1858966	4932.YBR091C	25.2	15
1863877	4932.YNL149C	25.2	15
1864783	4932.YPL022W	25.2	196
1859558	4932.YDL164C	25.1	69
1863150	4932.YLR418C	25.0	60
1860066	4932.YDR383C	25.0	35
1863935	4932.YNL206C	25.0	107
1864812	4932.YPL050C	25.0	96
1859510	4932.YDL121C	25.0	19
1860599	4932.YFL028C	24.9	30
1863590	4932.YMR212C	24.9	72
1861885	4932.YJL020C	24.9	119
1861931	4932.YJL063C	24.7	28
1864446	4932.YOR103C	24.6	26
1861987	4932.YJL117W	24.4	48
1860805	4932.YGL093W	24.4	166
1860349	4932.YER018C	24.3	52
1860430	4932.YER082C	24.3	54
1863328	4932.YML110C	24.3	34
1864042	4932.YNL310C	24.2	30
1858680	4932.YAL054C	24.2	200
1864487	4932.YOR142W-A	24.1	3042
1858879	4932.YBR012W-A	24.1	3042
1865226	4932.YPR158W-A	24.1	3042
1859086	4932.YBR199W	24.0	62
1865084	4932.YPR025C	24.0	54
1865207	4932.YPR143W	23.9	22
1861124	4932.YGR133W	23.8	35
1862653	4932.YLL034C	23.8	129
1861396	4932.YHR029C	23.8	41
1864529	4932.YOR180C	23.7	44
1863936	4932.YNL207W	23.7	51
1864454	4932.YOR110W	23.7	80
1860451	4932.YER095W	23.6	48
1859155	4932.YBR261C	23.6	31
1865247	4932.YPR172W	23.6	26
1863528	4932.YMR158W	23.5	25
1864514	4932.YOR165W	23.5	111
1861390	4932.YHR024C	23.4	59
1859309	4932.YCR035C	23.4	70
1862619	4932.YLL001W	23.4	112
1862527	4932.YKR018C	23.4	104
1859237	4932.YCL039W	23.4	102
1859871	4932.YDR210C-C	23.3	2908
1859214	4932.YCL017C	23.3	57
1859600	4932.YDL205C	23.3	42
1863594	4932.YMR216C	23.3	73
1860777	4932.YGL065C	23.2	63
1864757	4932.YOR393W	23.2	283
1865052	4932.YPL281C	23.2	283
1859539	4932.YDL148C	23.1	59
1863218	4932.YML011C	23.1	20
1863244	4932.YML035C	23.0	114
1863623	4932.YMR243C	23.0	41
1862818	4932.YLR126C	23.0	25
1859010	4932.YBR130C	22.9	57
1864579	4932.YOR226C	22.9	30
1864165	4932.YOL010W	22.9	72
1859585	4932.YDL190C	22.9	128
1864574	4932.YOR221C	22.8	46
1861524	4932.YHR137W	22.8	41
1861818	4932.YIR001C	22.7	15
1860108	4932.YDR424C	22.6	10
1865097	4932.YPR037C	22.6	18
1860303	4932.YEL056W	22.5	67
1862694	4932.YLR005W	22.5	89
1864077	4932.YNR003C	22.5	55
1863495	4932.YMR129W	22.5	179
1861771	4932.YIL131C	22.4	60
1860812	4932.YGL100W	22.4	60
1858914	4932.YBR046C	22.4	61
1859243	4932.YCL045C	22.3	104
1862051	4932.YJL176C	22.3	87
1864774	4932.YPL013C	22.2	11
1864848	4932.YPL086C	22.2	62
1859319	4932.YCR044C	22.2	25
1862177	4932.YJR072C	22.1	41
1860184	4932.YDR499W	22.1	102
1860749	4932.YGL039W	22.0	60
1862105	4932.YJR002W	21.9	69
1861188	4932.YGR189C	21.8	78
1860819	4932.YGL107C	21.7	76
1861305	4932.YHL004W	21.7	58
1862338	4932.YKL063C	21.6	9
1864522	4932.YOR173W	21.6	65
1861253	4932.YGR252W	21.6	60
1858650	4932.YAL030W	21.6	12
1863075	4932.YLR351C	21.5	48
1861614	4932.YHR214C-C	21.5	3147
1859966	4932.YDR296W	21.5	24
1861121	4932.YGR130C	21.5	76
1860038	4932.YDR362C	21.4	79
1860302	4932.YEL055C	21.4	144
1865173	4932.YPR112C	21.4	97
1861434	4932.YHR059W	21.3	6
1864886	4932.YPL122C	21.3	75
1861442	4932.YHR066W	21.3	100
1862783	4932.YLR093C	21.3	16
1861537	4932.YHR148W	21.3	16
1859954	4932.YDR284C	21.3	51
1863592	4932.YMR214W	21.2	44
1859833	4932.YDR176W	21.2	88
1861049	4932.YGR063C	21.2	12
1863653	4932.YMR272C	21.2	50
1859161	4932.YBR267W	21.2	32
1863494	4932.YMR128W	21.2	128
1862058	4932.YJL183W	21.2	62
1860842	4932.YGL129C	21.1	42
1863714	4932.YMR323W	21.1	283
1860456	4932.YER100W	21.1	28
1861430	4932.YHR056C	21.1	133
1864301	4932.YOL135C	21.1	20
1859535	4932.YDL144C	21.1	37
1864022	4932.YNL290W	21.0	43
1859509	4932.YDL120W	20.9	13
1861483	4932.YHR099W	20.9	591
1859771	4932.YDR117C	20.8	53
1863091	4932.YLR364W	20.8	14
1859774	4932.YDR119W	20.7	52
1863898	4932.YNL169C	20.6	55
1858618	4932.YAL001C	20.6	142
1863652	4932.YMR271C	20.6	80
1862593	4932.YKR082W	20.5	149
1863796	4932.YNL075W	20.5	28
1861949	4932.YJL079C	20.3	5
1860162	4932.YDR477W	20.2	77
1859786	4932.YDR130C	20.1	29
1863928	4932.YNL199C	20.1	44
1863431	4932.YMR070W	20.1	21
1864045	4932.YNL313C	20.0	137
1861465	4932.YHR082C	20.0	107
1863965	4932.YNL236W	20.0	141
1859496	4932.YDL108W	19.9	39
1861805	4932.YIL161W	19.9	17
1862127	4932.YJR022W	19.9	10
1863442	4932.YMR080C	19.8	103
1864128	4932.YNR051C	19.8	55
1860785	4932.YGL073W	19.7	105
1859805	4932.YDR150W	19.7	334
1862046	4932.YJL171C	19.7	47
1863809	4932.YNL088W	19.7	172
1865025	4932.YPL254W	19.6	51
1861878	4932.YJL011C	19.5	15
1864793	4932.YPL032C	19.5	106
1862305	4932.YKL032C	19.5	17
1862565	4932.YKR055W	19.5	17
1863100	4932.YLR373C	19.4	179
1863159	4932.YLR427W	19.4	62
1864523	4932.YOR174W	19.4	40
1860391	4932.YER053C	19.3	20
1860468	4932.YER112W	19.3	11
1864406	4932.YOR065W	19.2	27
1860075	4932.YDR392W	19.2	35
1863241	4932.YML032C	19.1	58
1865212	4932.YPR147C	19.1	31
1863808	4932.YNL087W	19.1	115
1865190	4932.YPR129W	19.0	38
1862797	4932.YLR106C	19.0	617
1859614	4932.YDL219W	19.0	23
1858768	4932.YBL028C	18.9	4
1860680	4932.YFR033C	18.9	15
1860833	4932.YGL121C	18.9	9
1861863	4932.YIR038C	18.8	20
1864314	4932.YOL148C	18.8	66
1862455	4932.YKL170W	18.8	16
1861855	4932.YIR031C	18.7	131
1860125	4932.YDR441C	18.7	15
1861067	4932.YGR080W	18.7	30
1858649	4932.YAL029C	18.7	254
1860406	4932.YER065C	18.6	63
1859388	4932.YDL005C	18.6	34
1859929	4932.YDR261C-D	18.6	5148
1862745	4932.YLR055C	18.5	102
1861860	4932.YIR036C	18.5	36
1859826	4932.YDR170C	18.5	225
1859173	4932.YBR279W	18.5	44
1861582	4932.YHR188C	18.5	50
1864081	4932.YNR006W	18.5	38
1864772	4932.YPL011C	18.4	49
1859317	4932.YCR042C	18.4	157
1860778	4932.YGL066W	18.4	52
1860289	4932.YEL044W	18.4	24
1862350	4932.YKL073W	18.3	106
1862756	4932.YLR066W	18.3	16
1860536	4932.YER168C	18.3	58
1863176	4932.YLR442C	18.3	126
1859936	4932.YDR266C	18.2	61
1863517	4932.YMR149W	18.2	30
1863467	4932.YMR104C	18.2	101
1858681	4932.YAL055W	18.1	39
1865174	4932.YPR113W	18.1	29
1862570	4932.YKR060W	18.1	21
1863781	4932.YNL062C	18.0	45
1863289	4932.YML076C	18.0	112
1859427	4932.YDL042C	18.0	82
1861525	4932.YHR138C	18.0	15
1859551	4932.YDL159W	17.9	42
1865133	4932.YPR073C	17.9	13
1863642	4932.YMR261C	17.9	138
1861768	4932.YIL128W	17.8	144
1861942	4932.YJL074C	17.8	120
1861594	4932.YHR199C	17.8	39
1860069	4932.YDR386W	17.8	75
1861937	4932.YJL069C	17.8	45
1863640	4932.YMR259C	17.7	145
1861743	4932.YIL105C	17.7	50
1862630	4932.YLL011W	17.7	44
1861109	4932.YGR120C	17.7	34
1865186	4932.YPR125W	17.7	36
1859100	4932.YBR211C	17.7	47
1865030	4932.YPL257W-B	17.6	5205
1862861	4932.YLR157C-B	17.6	5205
1864985	4932.YPL217C	17.6	91
1861481	4932.YHR097C	17.6	24
1862323	4932.YKL049C	17.6	25
1862053	4932.YJL178C	17.6	32
1864976	4932.YPL208W	17.5	50
1865078	4932.YPR019W	17.5	101
1861042	4932.YGR056W	17.5	110
1862208	4932.YJR103W	17.5	85
1859981	4932.YDR311W	17.4	72
1864292	4932.YOL126C	17.4	32
1863601	4932.YMR223W	17.4	53
1860498	4932.YER138C	17.3	5244
1860882	4932.YGL169W	17.3	33
1864975	4932.YPL207W	17.3	65
1862416	4932.YKL135C	17.3	63
1863914	4932.YNL185C	17.3	15
1860246	4932.YEL009C	17.2	25
1864603	4932.YOR250C	17.1	32
1861376	4932.YHR012W	17.1	26
1865142	4932.YPR081C	17.1	115
1860044	4932.YDR365W-B	17.1	5187
1865200	4932.YPR137C-B	17.1	5241
1859568	4932.YDL174C	17.1	38
1860962	4932.YGL246C	17.1	43
1860133	4932.YDR449C	17.0	44
1863579	4932.YMR201C	17.0	24
1864383	4932.YOR042W	17.0	33
1858894	4932.YBR026C	17.0	30
1865163	4932.YPR103W	17.0	35
1865076	4932.YPR017C	16.9	18
1864963	4932.YPL195W	16.9	125
1859366	4932.YCR093W	16.9	201
1862039	4932.YJL164C	16.8	77
1859460	4932.YDL074C	16.8	54
1864266	4932.YOL102C	16.8	11
1861995	4932.YJL125C	16.7	25
1860769	4932.YGL058W	16.7	8
1858986	4932.YBR110W	16.7	39
1862147	4932.YJR042W	16.7	85
1860696	4932.YFR047C	16.6	30
1859209	4932.YCL010C	16.6	25
1860864	4932.YGL151W	16.6	88
1864093	4932.YNR018W	16.6	20
1860735	4932.YGL025C	16.5	14
1859982	4932.YDR312W	16.5	83
1859560	4932.YDL166C	16.5	26
1861777	4932.YIL136W	16.5	30
1861678	4932.YIL046W	16.4	65
1859963	4932.YDR293C	16.4	128
1863745	4932.YNL027W	16.4	56
1859397	4932.YDL013W	16.3	56
1858846	4932.YBL098W	16.3	42
1862337	4932.YKL062W	16.2	53
1862027	4932.YJL153C	16.1	44
1861631	4932.YIL005W	16.1	51
1858872	4932.YBR006W	16.1	47
1860573	4932.YFL008W	16.1	113
1858777	4932.YBL036C	16.0	30
1861276	4932.YGR274C	15.9	72
1860730	4932.YGL020C	15.9	26
1864475	4932.YOR131C	15.9	21
1862379	4932.YKL100C	15.9	38
1864632	4932.YOR279C	15.8	23
1864216	4932.YOL056W	15.8	29
1864235	4932.YOL076W	15.8	71
1864904	4932.YPL139C	15.7	41
1858744	4932.YBL006C	15.7	15
1861075	4932.YGR088W	15.7	62
1862892	4932.YLR182W	15.6	78
1862761	4932.YLR071C	15.6	113
1861061	4932.YGR074W	15.6	10
1862473	4932.YKL187C	15.6	62
1861933	4932.YJL065C	15.5	13
1861634	4932.YIL008W	15.5	15
1861448	4932.YHR070W	15.5	33
1861719	4932.YIL083C	15.4	37
1858928	4932.YBR058C	15.3	82
1861785	4932.YIL143C	15.3	107
1863847	4932.YNL123W	15.3	93
1861286	4932.YGR284C	15.3	52
1861754	4932.YIL115C	15.3	109
1864815	4932.YPL053C	15.2	66
1860531	4932.YER164W	15.2	135
1864820	4932.YPL058C	15.2	154
1864879	4932.YPL116W	15.2	69
1863958	4932.YNL229C	15.2	33
1864310	4932.YOL144W	15.1	34
1862418	4932.YKL137W	15.1	5
1864453	4932.YOR109W	15.1	109
1862578	4932.YKR068C	15.1	22
1858774	4932.YBL033C	15.1	39
1861247	4932.YGR246C	15.0	45
1862409	4932.YKL128C	15.0	27
1863104	4932.YLR377C	15.0	30
1864716	4932.YOR354C	14.9	55
1863386	4932.YMR029C	14.9	29
1863682	4932.YMR297W	14.9	34
1861410	4932.YHR040W	14.8	25
1862572	4932.YKR062W	14.8	30
1860947	4932.YGL231C	14.8	24
1862692	4932.YLR003C	14.7	27
1859794	4932.YDR139C	14.7	5
1864594	4932.YOR241W	14.7	46
1859489	4932.YDL101C	14.6	33
1862772	4932.YLR082C	14.4	39
1860330	4932.YER002W	14.4	16
1859599	4932.YDL204W	14.4	28
1863320	4932.YML102W	14.4	42
1861178	4932.YGR179C	14.4	48
1861877	4932.YJL010C	14.4	64
1862691	4932.YLR002C	14.3	68
1863616	4932.YMR237W	14.3	75
1862059	4932.YJL184W	14.3	12
1859442	4932.YDL056W	14.2	67
1858640	4932.YAL021C	14.2	70
1858883	4932.YBR015C	14.2	66
1862759	4932.YLR069C	14.2	37
1861367	4932.YHR005C	14.2	48
1858784	4932.YBL041W	14.2	15
1862566	4932.YKR056W	14.1	69
1863223	4932.YML015C	14.1	40
1858740	4932.YBL004W	14.1	235
1864697	4932.YOR337W	14.0	66
1859678	4932.YDR031W	14.0	9
1861033	4932.YGR047C	14.0	112
1858887	4932.YBR019C	13.9	60
1862407	4932.YKL126W	13.9	77
1861144	4932.YGR152C	13.8	22
1860659	4932.YFR015C	13.7	57
1860178	4932.YDR493W	13.7	6
1863333	4932.YML115C	13.7	48
1862519	4932.YKR010C	13.7	51
1865003	4932.YPL234C	13.7	7
1864047	4932.YNL315C	13.6	23
1864251	4932.YOL088C	13.6	19
1860171	4932.YDR486C	13.6	8
1863718	4932.YNL001W	13.6	30
1863744	4932.YNL026W	13.6	48
1864457	4932.YOR113W	13.5	61
1861747	4932.YIL108W	13.5	54
1862124	4932.YJR019C	13.5	26
1863280	4932.YML067C	13.4	16
1862916	4932.YLR206W	13.4	33
1860506	4932.YER145C	13.4	44
1863839	4932.YNL115C	13.4	35
1860431	4932.YER083C	13.4	18
1859444	4932.YDL058W	13.3	131
1861378	4932.YHR014W	13.3	24
1865180	4932.YPR119W	13.3	38
1864389	4932.YOR048C	13.3	51
1864282	4932.YOL116W	13.3	26
1860838	4932.YGL125W	13.3	43
1864784	4932.YPL023C	13.3	48
1860249	4932.YEL011W	13.3	68
1864501	4932.YOR155C	13.3	30
1862595	4932.YKR084C	13.3	48
1860463	4932.YER107C	13.3	30
1864467	4932.YOR123C	13.2	33
1860132	4932.YDR448W	13.2	41
1860264	4932.YEL022W	13.2	123
1862627	4932.YLL008W	13.2	59
1858845	4932.YBL097W	13.2	51
1860217	4932.YDR527W	13.2	21
1862239	4932.YJR133W	13.2	15
1863165	4932.YLR433C	13.1	59
1862137	4932.YJR032W	13.1	25
1864429	4932.YOR085W	13.1	29
1859597	4932.YDL202W	13.1	14
1860144	4932.YDR460W	13.1	25
1861671	4932.YIL039W	13.1	44
1861215	4932.YGR215W	13.1	6
1858826	4932.YBL079W	13.1	132
1859310	4932.YCR036W	13.1	13
1858654	4932.YAL033W	13.1	11
1862785	4932.YLR095C	13.0	62
1858953	4932.YBR081C	13.0	121
1862489	4932.YKL205W	13.0	79
1860388	4932.YER050C	13.0	5
1859417	4932.YDL031W	13.0	74
1860204	4932.YDR518W	13.0	42
1864554	4932.YOR201C	13.0	22
1861464	4932.YHR081W	13.0	7
1861729	4932.YIL093C	12.9	20
1864715	4932.YOR353C	12.9	25
1861472	4932.YHR088W	12.9	20
1864575	4932.YOR222W	12.9	36
1859567	4932.YDL173W	12.9	18
1862648	4932.YLL029W	12.8	56
1859428	4932.YDL043C	12.8	15
1865088	4932.YPR029C	12.8	79
1865188	4932.YPR127W	12.8	44
1862326	4932.YKL052C	12.8	26
1859910	4932.YDR245W	12.8	37
1860340	4932.YER010C	12.8	12
1865127	4932.YPR067W	12.8	8
1860537	4932.YER169W	12.7	46
1859937	4932.YDR267C	12.6	34
1860276	4932.YEL032W	12.6	74
1860779	4932.YGL067W	12.6	37
1863865	4932.YNL139C	12.6	118
1859705	4932.YDR054C	12.6	16
1860484	4932.YER127W	12.6	25
1864227	4932.YOL067C	12.6	15
1859150	4932.YBR256C	12.5	14
1861416	4932.YHR046C	12.5	19
1860985	4932.YGR005C	12.5	25
1861699	4932.YIL065C	12.5	12
1861723	4932.YIL087C	12.5	7
1864547	4932.YOR194C	12.5	11
1864159	4932.YOL004W	12.5	115
1861071	4932.YGR084C	12.4	26
1861644	4932.YIL016W	12.4	10
1859770	4932.YDR116C	12.3	18
1860243	4932.YEL007W	12.3	19
1863926	4932.YNL197C	12.3	32
1864003	4932.YNL274C	12.3	29
1862994	4932.YLR278C	12.3	106
1858932	4932.YBR061C	12.3	14
1859322	4932.YCR046C	12.3	10
1859001	4932.YBR123C	12.2	53
1864046	4932.YNL314W	12.2	9
1861787	4932.YIL145C	12.1	18
1860722	4932.YGL013C	12.1	85
1860123	4932.YDR439W	12.1	22
1863721	4932.YNL004W	12.1	30
1862698	4932.YLR009W	12.0	8
1861127	4932.YGR136W	12.0	11
1861433	4932.YHR058C	12.0	23
1859902	4932.YDR237W	11.9	21
1861905	4932.YJL039C	11.9	142
1858869	4932.YBR003W	11.9	30
1863789	4932.YNL068C	11.9	74
1865248	4932.YPR173C	11.9	33
1864897	4932.YPL133C	11.9	25
1860142	4932.YDR458C	11.9	38
1861068	4932.YGR081C	11.8	10
1865100	4932.YPR040W	11.8	25
1859832	4932.YDR175C	11.8	19
1859835	4932.YDR178W	11.8	7
1861185	4932.YGR186W	11.8	47
1864131	4932.YNR054C	11.8	21
1864900	4932.YPL135W	11.7	24
1864087	4932.YNR012W	11.7	24
1864354	4932.YOR016C	11.7	19
1864431	4932.YOR087W	11.7	34
1862238	4932.YJR132W	11.7	83
1859091	4932.YBR202W	11.7	54
1862200	4932.YJR095W	11.6	13
1859450	4932.YDL064W	11.6	8
1864615	4932.YOR262W	11.6	20
1864094	4932.YNR019W	11.6	34
1863438	4932.YMR076C	11.6	86
1862387	4932.YKL106W	11.6	32
1864686	4932.YOR328W	11.5	408
1859024	4932.YBR142W	11.5	60
1861921	4932.YJL054W	11.5	29
1861347	4932.YHL039W	11.5	47
1862285	4932.YKL014C	11.5	148
1863264	4932.YML054C	11.5	27
1862201	4932.YJR096W	11.5	23
1859080	4932.YBR195C	11.4	17
1862371	4932.YKL094W	11.4	24
1863186	4932.YLR452C	11.4	44
1860362	4932.YER029C	11.4	9
1858756	4932.YBL016W	11.4	54
1860199	4932.YDR513W	11.3	6
1865265	4932.YPR190C	11.3	45
1863603	4932.YMR225C	11.3	7
1864437	4932.YOR094W	11.3	6
1858841	4932.YBL093C	11.3	6
1865130	4932.YPR070W	11.3	34
1859559	4932.YDL165W	11.3	7
1859158	4932.YBR264C	11.2	16
1863423	4932.YMR062C	11.2	30
1861162	4932.YGR165W	11.2	14
1860081	4932.YDR398W	11.2	55
1860772	4932.YGL061C	11.2	17
1862735	4932.YLR045C	11.2	59
1863831	4932.YNL107W	11.2	18
1861727	4932.YIL091C	11.2	43
1865259	4932.YPR184W	11.2	93
1861176	4932.YGR177C	11.1	38
1860601	4932.YFL030W	11.1	31
1860032	4932.YDR356W	11.1	39
1861131	4932.YGR140W	11.1	82
1863985	4932.YNL256W	11.1	44
1860179	4932.YDR494W	11.1	17
1862272	4932.YKL002W	11.0	9
1864570	4932.YOR217W	11.0	54
1864770	4932.YPL009C	11.0	72
1863350	4932.YML131W	11.0	22
1863605	4932.YMR227C	11.0	31
1860455	4932.YER099C	10.9	33
1864856	4932.YPL094C	10.9	26
1864916	4932.YPL151C	10.9	22
1863895	4932.YNL166C	10.9	31
1862490	4932.YKL206C	10.9	17
1863248	4932.YML039W	10.9	4446
1863112	4932.YLR385C	10.9	10
1864367	4932.YOR028C	10.9	19
1861556	4932.YHR166C	10.9	44
1862499	4932.YKL215C	10.9	71
1862378	4932.YKL099C	10.8	11
1863648	4932.YMR267W	10.8	13
1859868	4932.YDR207C	10.8	47
1864972	4932.YPL204W	10.8	35
1864424	4932.YOR080W	10.8	56
1864215	4932.YOL055C	10.8	52
1860732	4932.YGL022W	10.8	76
1863496	4932.YMR130W	10.8	24
1859252	4932.YCL054W	10.8	42
1860957	4932.YGL241W	10.8	72
1864847	4932.YPL085W	10.7	117
1864210	4932.YOL051W	10.7	60
1859129	4932.YBR236C	10.7	29
1862132	4932.YJR027W	10.7	4435
1860614	4932.YFL041W	10.7	56
1865219	4932.YPR154W	10.7	7
1864269	4932.YOL103W-B	10.6	4224
1863771	4932.YNL052W	10.6	16
1861034	4932.YGR048W	10.6	18
1861759	4932.YIL119C	10.6	31
1863080	4932.YLR356W	10.6	9
1860622	4932.YFL049W	10.6	32
1858794	4932.YBL051C	10.6	28
1864762	4932.YPL001W	10.6	36
1860549	4932.YER179W	10.6	24
1863980	4932.YNL251C	10.6	36
1861698	4932.YIL064W	10.5	19
1862940	4932.YLR227W-B	10.5	4397
1861009	4932.YGR027W-B	10.5	4411
1863879	4932.YNL151C	10.5	18
1864878	4932.YPL115C	10.5	90
1862134	4932.YJR029W	10.5	4411
1862898	4932.YLR188W	10.5	27
1865239	4932.YPR167C	10.5	14
1859167	4932.YBR273C	10.5	22
1862606	4932.YKR095W	10.5	102
1865224	4932.YPR158C-D	10.5	4403
1860155	4932.YDR469W	10.5	8
1863617	4932.YMR238W	10.5	29
1861749	4932.YIL110W	10.5	28
1860260	4932.YEL020C	10.4	52
1864520	4932.YOR171C	10.4	28
1864634	4932.YOR281C	10.3	24
1865164	4932.YPR104C	10.3	60
1861063	4932.YGR076C	10.3	4
1860885	4932.YGL172W	10.3	23
1862301	4932.YKL028W	10.3	29
1863910	4932.YNL181W	10.2	31
1864805	4932.YPL043W	10.2	36
1859163	4932.YBR269C	10.2	9
1865234	4932.YPR162C	10.2	44
1861801	4932.YIL157C	10.2	16
1864456	4932.YOR112W	10.1	57
1864240	4932.YOL080C	10.1	10
1858800	4932.YBL057C	10.1	20
1861070	4932.YGR083C	10.1	22
1860982	4932.YGR002C	10.1	24
1858982	4932.YBR107C	10.1	22
1864779	4932.YPL018W	10.1	22
1860520	4932.YER155C	10.1	125
1861821	4932.YIR004W	10.0	26
1861445	4932.YHR069C	10.0	24
1861336	4932.YHL030W	10.0	127
1860360	4932.YER027C	10.0	31
1859172	4932.YBR278W	10.0	7
1859499	4932.YDL111C	10.0	14
1861249	4932.YGR248W	9.97	17
1864983	4932.YPL215W	9.96	14
1859664	4932.YDR017C	9.94	31
1859604	4932.YDL209C	9.93	20
1860928	4932.YGL213C	9.91	20
1861194	4932.YGR195W	9.9	5
1859618	4932.YDL223C	9.89	59
1859487	4932.YDL099W	9.86	11
1862548	4932.YKR038C	9.82	23
1859505	4932.YDL116W	9.79	47
1861968	4932.YJL098W	9.79	78
1860479	4932.YER122C	9.77	29
1859950	4932.YDR280W	9.75	27
1859990	4932.YDR318W	9.75	24
1859798	4932.YDR143C	9.74	31
1864837	4932.YPL075W	9.73	54
1862872	4932.YLR163C	9.69	17
1864919	4932.YPL153C	9.68	46
1863332	4932.YML114C	9.67	21
1864114	4932.YNR037C	9.65	4
1862054	4932.YJL179W	9.65	4
1862773	4932.YLR083C	9.64	54
1859285	4932.YCR016W	9.61	16
1862697	4932.YLR008C	9.58	6
1863575	4932.YMR197C	9.55	15
1863563	4932.YMR188C	9.55	9
1859541	4932.YDL150W	9.54	20
1863979	4932.YNL250W	9.53	52
1861957	4932.YJL087C	9.5	38
1864567	4932.YOR214C	9.49	11
1864398	4932.YOR057W	9.48	26
1864685	4932.YOR327C	9.48	8
1860345	4932.YER014W	9.46	31
1859796	4932.YDR141C	9.43	125
1862936	4932.YLR225C	9.41	21
1860012	4932.YDR337W	9.4	10
1859935	4932.YDR265W	9.4	22
1859453	4932.YDL067C	9.4	5
1862332	4932.YKL057C	9.39	71
1864496	4932.YOR150W	9.38	6
1858939	4932.YBR068C	9.38	39
1859304	4932.YCR030C	9.37	51
1859476	4932.YDL088C	9.35	22
1862188	4932.YJR084W	9.34	18
1864065	4932.YNL333W	9.33	25
1860632	4932.YFL059W	9.33	25
1862584	4932.YKR074W	9.33	9
1858664	4932.YAL039C	9.32	10
1859801	4932.YDR146C	9.31	43
1861413	4932.YHR043C	9.31	30
1862805	4932.YLR114C	9.31	42
1861506	4932.YHR122W	9.29	10
1864444	4932.YOR101W	9.29	22
1859849	4932.YDR189W	9.29	45
1860114	4932.YDR430C	9.29	68
1861177	4932.YGR178C	9.29	37
1864048	4932.YNL316C	9.28	9
1860118	4932.YDR434W	9.28	30
1859969	4932.YDR299W	9.27	31
1863387	4932.YMR030W	9.26	24
1864113	4932.YNR036C	9.21	7
1863138	4932.YLR409C	9.2	57
1858945	4932.YBR073W	9.2	40
1864016	4932.YNL284C-B	9.2	1823
1862511	4932.YKR002W	9.2	31
1860058	4932.YDR377W	9.19	7
1860726	4932.YGL016W	9.17	62
1859698	4932.YDR047W	9.17	31
1861108	4932.YGR119C	9.16	22
1859790	4932.YDR135C	9.13	99
1860141	4932.YDR457W	9.11	148
1863578	4932.YMR200W	9.1	12
1859632	4932.YDL237W	9.1	32
1863475	4932.YMR111C	9.1	24
1859787	4932.YDR131C	9.09	31
1859293	4932.YCR021C	9.09	18
1862477	4932.YKL191W	9.08	26
1861403	4932.YHR034C	9.07	14
1864633	4932.YOR280C	9.07	15
1859997	4932.YDR322W	8.97	20
1862515	4932.YKR006C	8.96	13
1863587	4932.YMR209C	8.95	27
1862969	4932.YLR256W	8.95	68
1864846	4932.YPL084W	8.94	43
1863954	4932.YNL225C	8.92	16
1863675	4932.YMR291W	8.91	29
1860675	4932.YFR031C	8.91	64
1863941	4932.YNL212W	8.9	48
1860354	4932.YER022W	8.88	33
1863376	4932.YMR019W	8.88	61
1863076	4932.YLR352W	8.88	50
1860943	4932.YGL227W	8.87	48
1862000	4932.YJL128C	8.86	29
1862192	4932.YJR088C	8.85	18
1864580	4932.YOR227W	8.83	94
1864115	4932.YNR038W	8.81	36
1861657	4932.YIL027C	8.81	7
1861279	4932.YGR277C	8.81	20
1860939	4932.YGL224C	8.8	13
1859225	4932.YCL027W	8.79	13
1859692	4932.YDR041W	8.74	10
1862179	4932.YJR074W	8.74	20
1860008	4932.YDR333C	8.73	26
1862679	4932.YLL060C	8.72	7
1865167	4932.YPR107C	8.71	11
1861102	4932.YGR113W	8.71	14
1865172	4932.YPR111W	8.69	28
1863233	4932.YML025C	8.69	14
1861304	4932.YHL003C	8.69	22
1864597	4932.YOR244W	8.68	19
1860250	4932.YEL012W	8.68	6
1861637	4932.YIL010W	8.63	11
1862443	4932.YKL160W	8.6	15
1860284	4932.YEL039C	8.59	6
1862344	4932.YKL068W	8.57	23
1861011	4932.YGR029W	8.57	9
1862559	4932.YKR049C	8.57	5
1863305	4932.YML091C	8.53	74
1861690	4932.YIL056W	8.53	41
1860165	4932.YDR480W	8.52	11
1864386	4932.YOR045W	8.51	3
1862922	4932.YLR212C	8.5	15
1863661	4932.YMR278W	8.49	36
1862963	4932.YLR250W	8.49	14
1864315	4932.YOL149W	8.48	15
1863612	4932.YMR233W	8.48	10
1863422	4932.YMR061W	8.47	38
1863969	4932.YNL240C	8.45	22
1859706	4932.YDR055W	8.44	21
1862604	4932.YKR093W	8.44	35
1863637	4932.YMR256C	8.42	3
1863396	4932.YMR037C	8.41	19
1859253	4932.YCL055W	8.4	13
1858637	4932.YAL019W	8.39	47
1864255	4932.YOL092W	8.38	9
1863875	4932.YNL147W	8.36	7
1863892	4932.YNL163C	8.35	73
1863404	4932.YMR045C	8.34	1662
1864052	4932.YNL320W	8.34	16
1861267	4932.YGR266W	8.3	47
1859069	4932.YBR185C	8.29	10
1863574	4932.YMR196W	8.29	61
1864792	4932.YPL031C	8.28	29
1863359	4932.YMR004W	8.28	24
1861082	4932.YGR095C	8.28	20
1864204	4932.YOL045W	8.23	64
1861928	4932.YJL061W	8.23	31
1859332	4932.YCR057C	8.22	55
1862273	4932.YKL003C	8.21	6
1859752	4932.YDR098C-B	8.21	3797
1858886	4932.YBR018C	8.21	20
1861559	4932.YHR169W	8.2	27
1863050	4932.YLR328W	8.2	28
1864949	4932.YPL183C	8.19	72
1862410	4932.YKL129C	8.19	72
1860193	4932.YDR508C	8.18	61
1861023	4932.YGR038C-B	8.17	3799
1859620	4932.YDL225W	8.12	24
1862315	4932.YKL041W	8.11	5
1861457	4932.YHR075C	8.1	16
1859764	4932.YDR110W	8.05	28
1861458	4932.YHR076W	8.04	13
1860359	4932.YER026C	8.04	22
1862577	4932.YKR067W	8.02	28
1861547	4932.YHR158C	8.01	51
1863383	4932.YMR026C	7.97	25
1858669	4932.YAL043C	7.95	33
1859988	4932.YDR316W-B	7.95	3804
1862313	4932.YKL039W	7.94	24
1862637	4932.YLL019C	7.89	32
1864582	4932.YOR229W	7.89	22
1863700	4932.YMR312W	7.87	14
1860030	4932.YDR354W	7.87	24
1862084	4932.YJL208C	7.87	23
1858925	4932.YBR056W	7.86	25
1863512	4932.YMR144W	7.86	18
1863822	4932.YNL099C	7.86	13
1863253	4932.YML045W	7.86	3822
1863131	4932.YLR403W	7.85	18
1862073	4932.YJL197W	7.83	46
1861494	4932.YHR110W	7.82	22
1858712	4932.YAR019C	7.79	63
1859762	4932.YDR108W	7.78	21
1862576	4932.YKR066C	7.78	15
1861661	4932.YIL030C	7.77	68
1863410	4932.YMR050C	7.76	3800
1860713	4932.YGL006W	7.75	43
1863738	4932.YNL021W	7.75	29
1861966	4932.YJL096W	7.73	6
1860283	4932.YEL038W	7.73	11
1863011	4932.YLR292C	7.71	7
1860000	4932.YDR325W	7.7	51
1861273	4932.YGR271C-A	7.69	9
1860728	4932.YGL018C	7.69	6
1861091	4932.YGR104C	7.66	19
1861079	4932.YGR092W	7.66	30
1863881	4932.YNL153C	7.65	6
1864459	4932.YOR115C	7.65	12
1862533	4932.YKR024C	7.64	30
1861012	4932.YGR030C	7.63	7
1863146	4932.YLR414C	7.62	10
1860546	4932.YER176W	7.61	32
1862452	4932.YKL167C	7.6	4
1858763	4932.YBL023C	7.59	51
1862825	4932.YLR133W	7.57	23
1865065	4932.YPR008W	7.52	29
1859555	4932.YDL161W	7.51	16
1859691	4932.YDR040C	7.51	141
1863096	4932.YLR369W	7.46	102
1861233	4932.YGR233C	7.45	54
1865227	4932.YPR158W-B	7.45	3717
1861331	4932.YHL025W	7.45	10
1862667	4932.YLL048C	7.42	91
1863452	4932.YMR089C	7.4	24
1859872	4932.YDR210C-D	7.37	3549
1860527	4932.YER160C	7.36	3753
1860095	4932.YDR411C	7.35	13
1859978	4932.YDR308C	7.33	8
1863628	4932.YMR247C	7.33	71
1861796	4932.YIL154C	7.29	9
1862129	4932.YJR024C	7.27	15
1862156	4932.YJR051W	7.27	29
1864488	4932.YOR142W-B	7.26	3664
1862025	4932.YJL151C	7.26	9
1864706	4932.YOR344C	7.25	10
1861155	4932.YGR161C-D	7.25	3731
1863981	4932.YNL252C	7.25	10
1864962	4932.YPL194W	7.24	29
1862695	4932.YLR006C	7.24	28
1865241	4932.YPR169W	7.24	17
1858673	4932.YAL046C	7.22	5
1860745	4932.YGL035C	7.2	20
1863479	4932.YMR115W	7.2	17
1859280	4932.YCR011C	7.17	41
1858969	4932.YBR094W	7.16	46
1863880	4932.YNL152W	7.15	11
1859913	4932.YDR247W	7.14	19
1864599	4932.YOR246C	7.14	14
1863758	4932.YNL040W	7.13	21
1863278	4932.YML065W	7.11	34
1863567	4932.YMR192W	7.1	31
1861613	4932.YHR214C-B	7.1	3767
1861197	4932.YGR198W	7.09	48
1858751	4932.YBL011W	7.07	29
1862389	4932.YKL108W	7.06	15
1860010	4932.YDR335W	7.06	71
1863687	4932.YMR302C	7.05	40
1861526	4932.YHR139C	7.05	6
1859176	4932.YBR282W	7.05	4
1858853	4932.YBL102W	7.03	14
1862219	4932.YJR113C	7.03	9
1862480	4932.YKL194C	7.02	19
1859690	4932.YDR039C	7.02	146
1862947	4932.YLR234W	7.02	32
1859689	4932.YDR038C	7.02	146
1864484	4932.YOR140W	7.01	20
1861095	4932.YGR108W	7.01	24
1859675	4932.YDR028C	7.0	35
1864506	4932.YOR160W	6.99	35
1860239	4932.YEL003W	6.99	4
1860658	4932.YFR014C	6.98	18
1861309	4932.YHL007C	6.98	33
1865080	4932.YPR021C	6.97	65
1862534	4932.YKR025W	6.96	14
1864911	4932.YPL146C	6.96	13
1863757	4932.YNL039W	6.96	24
1860543	4932.YER174C	6.95	34
1863671	4932.YMR288W	6.94	45
1864296	4932.YOL130W	6.94	20
1860620	4932.YFL047W	6.94	24
1862281	4932.YKL010C	6.93	54
1865249	4932.YPR174C	6.92	7
1863245	4932.YML036W	6.9	9
1861695	4932.YIL061C	6.86	9
1861272	4932.YGR270W	6.83	58
1858880	4932.YBR012W-B	6.83	3611
1863906	4932.YNL177C	6.81	11
1863114	4932.YLR387C	6.8	10
1864951	4932.YPL184C	6.79	18
1862532	4932.YKR023W	6.79	18
1861902	4932.YJL036W	6.79	14
1863532	4932.YMR161W	6.78	7
1860916	4932.YGL201C	6.74	50
1864469	4932.YOR125C	6.73	10
1862185	4932.YJR080C	6.71	13
1860911	4932.YGL196W	6.7	12
1859687	4932.YDR036C	6.7	26
1860412	4932.YER068W	6.64	17
1862444	4932.YKL161C	6.62	20
1859020	4932.YBR139W	6.61	22
1863348	4932.YML129C	6.61	5
1861024	4932.YGR038W	6.6	10
1864889	4932.YPL125W	6.59	42
1862715	4932.YLR026C	6.59	12
1859166	4932.YBR272C	6.59	23
1862368	4932.YKL091C	6.58	24
1862107	4932.YJR004C	6.56	14
1862958	4932.YLR245C	6.55	8
1864861	4932.YPL098C	6.54	5
1861058	4932.YGR071C	6.52	43
1862146	4932.YJR041C	6.51	57
1860843	4932.YGL130W	6.5	21
1863434	4932.YMR073C	6.49	8
1864944	4932.YPL178W	6.48	12
1862190	4932.YJR086W	6.47	4
1863643	4932.YMR262W	6.45	8
1864971	4932.YPL203W	6.44	24
1862195	4932.YJR091C	6.42	31
1862017	4932.YJL143W	6.41	7
1863321	4932.YML103C	6.4	69
1861557	4932.YHR167W	6.39	10
1863993	4932.YNL264C	6.39	7
1859279	4932.YCR010C	6.39	7
1861767	4932.YIL127C	6.38	7
1858814	4932.YBL069W	6.36	11
1860529	4932.YER162C	6.36	30
1859323	4932.YCR047C	6.36	7
1859120	4932.YBR229C	6.35	32
1859548	4932.YDL157C	6.35	5
1862919	4932.YLR209C	6.31	22
1864384	4932.YOR043W	6.31	16
1865014	4932.YPL245W	6.3	18
1864376	4932.YOR035C	6.28	39
1859049	4932.YBR166C	6.28	22
1859028	4932.YBR146W	6.26	9
1862355	4932.YKL078W	6.26	32
1859168	4932.YBR274W	6.26	26
1862642	4932.YLL023C	6.25	15
1862946	4932.YLR233C	6.25	29
1860253	4932.YEL015W	6.24	16
1862768	4932.YLR078C	6.24	9
1864463	4932.YOR119C	6.24	15
1859517	4932.YDL128W	6.23	18
1862241	4932.YJR135C	6.22	10
1859918	4932.YDR252W	6.22	2
1861183	4932.YGR184C	6.21	65
1860480	4932.YER123W	6.2	14
1860504	4932.YER143W	6.2	18
1863266	4932.YML055W	6.15	7
1862640	4932.YLL021W	6.15	53
1859914	4932.YDR248C	6.14	7
1865203	4932.YPR139C	6.13	13
1859343	4932.YCR071C	6.13	5
1860660	4932.YFR016C	6.12	38
1863058	4932.YLR336C	6.1	30
1859000	4932.YBR122C	6.1	5
1860035	4932.YDR359C	6.1	38
1860804	4932.YGL092W	6.09	55
1859564	4932.YDL170W	6.09	16
1863046	4932.YLR324W	6.09	17
1864468	4932.YOR124C	6.08	48
1859957	4932.YDR287W	6.07	7
1863068	4932.YLR345W	6.05	18
1861263	4932.YGR262C	6.04	7
1859170	4932.YBR276C	6.04	34
1860768	4932.YGL057C	6.03	6
1858955	4932.YBR083W	6.01	11
1863669	4932.YMR286W	5.97	2
1864010	4932.YNL280C	5.96	13
1859934	4932.YDR264C	5.96	32
1863037	4932.YLR315W	5.96	10
1861235	4932.YGR235C	5.95	7
1864336	4932.YOR001W	5.95	26
1863597	4932.YMR219W	5.94	45
1864290	4932.YOL124C	5.93	15
1862164	4932.YJR059W	5.92	30
1862708	4932.YLR019W	5.91	25
1860519	4932.YER154W	5.9	6
1859953	4932.YDR283C	5.89	53
1865091	4932.YPR032W	5.87	28
1861373	4932.YHR009C	5.86	15
1860595	4932.YFL024C	5.85	24
1860572	4932.YFL007W	5.84	76
1859544	4932.YDL153C	5.83	21
1859185	4932.YBR291C	5.82	7
1863668	4932.YMR285C	5.81	20
1859819	4932.YDR164C	5.81	28
1861338	4932.YHL031C	5.8	11
1859865	4932.YDR204W	5.77	9
1865108	4932.YPR048W	5.76	18
1861261	4932.YGR260W	5.75	30
1862582	4932.YKR072C	5.73	22
1862749	4932.YLR059C	5.72	12
1859962	4932.YDR292C	5.72	24
1861569	4932.YHR178W	5.72	25
1864678	4932.YOR320C	5.71	21
1858858	4932.YBL107C	5.7	6
1860351	4932.YER019W	5.67	23
1861170	4932.YGR172C	5.66	4
1862032	4932.YJL157C	5.66	29
1861751	4932.YIL112W	5.66	33
1860281	4932.YEL036C	5.65	24
1861256	4932.YGR255C	5.64	16
1864768	4932.YPL007C	5.62	29
1862587	4932.YKR076W	5.6	11
1861750	4932.YIL111W	5.6	9
1862641	4932.YLL022C	5.59	10
1859003	4932.YBR125C	5.59	19
1865154	4932.YPR094W	5.58	4
1863994	4932.YNL265C	5.57	8
1861676	4932.YIL044C	5.57	10
1863059	4932.YLR337C	5.56	14
1862823	4932.YLR131C	5.55	29
1860395	4932.YER056C	5.55	9
1861080	4932.YGR093W	5.54	17
1863162	4932.YLR430W	5.52	86
1861278	4932.YGR276C	5.52	13
1860972	4932.YGL256W	5.51	10
1862488	4932.YKL204W	5.51	13
1862178	4932.YJR073C	5.51	10
1859799	4932.YDR144C	5.5	16
1861402	4932.YHR033W	5.5	14
1862629	4932.YLL010C	5.49	25
1863318	4932.YML101C	5.48	3
1861822	4932.YIR005W	5.47	3
1859078	4932.YBR193C	5.47	5
1860438	4932.YER087W	5.47	18
1860792	4932.YGL080W	5.46	3
1858909	4932.YBR041W	5.46	22
1861251	4932.YGR250C	5.45	29
1859886	4932.YDR221W	5.44	18
1860796	4932.YGL084C	5.43	24
1860352	4932.YER020W	5.42	14
1858810	4932.YBL066C	5.42	42
1864250	4932.YOL087C	5.41	34
1860266	4932.YEL024W	5.4	5
1863428	4932.YMR067C	5.39	12
1860461	4932.YER105C	5.38	46
1861223	4932.YGR223C	5.37	13
1864082	4932.YNR007C	5.37	12
1864099	4932.YNR024W	5.36	4
1864524	4932.YOR175C	5.33	24
1863250	4932.YML041C	5.33	9
1860997	4932.YGR017W	5.32	13
1861920	4932.YJL053W	5.32	14
1865189	4932.YPR128C	5.32	14
1863173	4932.YLR439W	5.32	9
1860502	4932.YER141W	5.31	19
1860949	4932.YGL233W	5.31	22
1858758	4932.YBL018C	5.31	6
1858949	4932.YBR077C	5.3	4
1862062	4932.YJL187C	5.3	25
1859144	4932.YBR251W	5.3	9
1863660	4932.YMR277W	5.28	26
1862632	4932.YLL013C	5.28	26
1864090	4932.YNR015W	5.28	10
1862071	4932.YJL196C	5.28	15
1861502	4932.YHR118C	5.26	14
1864482	4932.YOR138C	5.25	14
1861160	4932.YGR163W	5.23	15
1862421	4932.YKL139W	5.23	11
1861501	4932.YHR117W	5.22	20
1860367	4932.YER034W	5.22	4
1863585	4932.YMR207C	5.21	183
1865059	4932.YPR002W	5.2	16
1863500	4932.YMR134W	5.2	5
1859629	4932.YDL234C	5.2	18
1859719	4932.YDR068W	5.2	5
1860802	4932.YGL090W	5.19	15
1859336	4932.YCR063W	5.19	3
1862464	4932.YKL179C	5.19	18
1863238	4932.YML030W	5.18	3
1860314	4932.YEL066W	5.18	3
1860756	4932.YGL044C	5.18	4
1864014	4932.YNL284C	5.17	9
1864881	4932.YPL118W	5.17	8
1859156	4932.YBR262C	5.16	4
1862891	4932.YLR181C	5.15	11
1862458	4932.YKL173W	5.14	28
1859451	4932.YDL065C	5.14	14
1861889	4932.YJL024C	5.14	7
1862366	4932.YKL089W	5.12	20
1859668	4932.YDR021W	5.12	10
1860592	4932.YFL021W	5.09	17
1865077	4932.YPR018W	5.08	11
1864098	4932.YNR023W	5.08	19
1862537	4932.YKR028W	5.06	36
1862801	4932.YLR110C	5.06	3
1860192	4932.YDR507C	5.04	32
1861741	4932.YIL103W	5.03	14
1858960	4932.YBR086C	5.02	26
1860798	4932.YGL086W	5.01	21
1863768	4932.YNL049C	5.0	36
1859925	4932.YDR259C	5.0	11
1863902	4932.YNL173C	4.99	9
1862776	4932.YLR086W	4.99	39
1860643	4932.YFR002W	4.99	25
1860711	4932.YGL004C	4.97	16
1864943	4932.YPL177C	4.96	7
1865140	4932.YPR079W	4.93	4
1862250	4932.YJR142W	4.92	11
1859017	4932.YBR136W	4.91	96
1862993	4932.YLR277C	4.91	27
1860474	4932.YER118C	4.9	10
1864173	4932.YOL016C	4.9	9
1859926	4932.YDR260C	4.89	3
1859245	4932.YCL047C	4.89	6
1861859	4932.YIR035C	4.88	9
1858703	4932.YAR002W	4.87	12
1861262	4932.YGR261C	4.85	25
1864750	4932.YOR386W	4.85	18
1863385	4932.YMR028W	4.84	10
1860009	4932.YDR334W	4.81	44
1859501	4932.YDL113C	4.81	10
1861538	4932.YHR149C	4.81	17
1863987	4932.YNL258C	4.8	24
1859182	4932.YBR288C	4.79	19
1861059	4932.YGR072W	4.79	8
1861414	4932.YHR044C	4.78	20
1863025	4932.YLR305C	4.77	51
1862799	4932.YLR108C	4.77	11
1864785	4932.YPL024W	4.76	6
1860073	4932.YDR390C	4.76	25
1863842	4932.YNL118C	4.76	29
1863720	4932.YNL003C	4.76	10
1861670	4932.YIL038C	4.75	19
1863690	4932.YMR304W	4.74	44
1860513	4932.YER149C	4.74	9
1863214	4932.YML009C	4.74	1
1860695	4932.YFR046C	4.74	9
1862836	4932.YLR144C	4.73	23
1861435	4932.YHR060W	4.73	6
1863457	4932.YMR094W	4.72	16
1863307	4932.YML093W	4.71	26
1863284	4932.YML071C	4.7	18
1862426	4932.YKL144C	4.68	7
1861054	4932.YGR068C	4.67	10
1862931	4932.YLR221C	4.66	9
1862109	4932.YJR005W	4.65	21
1863921	4932.YNL192W	4.65	35
1863102	4932.YLR375W	4.65	9
1863222	4932.YML014W	4.59	7
1863852	4932.YNL128W	4.59	15
1864719	4932.YOR357C	4.59	6
1865107	4932.YPR047W	4.58	12
1859123	4932.YBR231C	4.57	9
1864117	4932.YNR040W	4.57	4
1864419	4932.YOR075W	4.56	10
1859824	4932.YDR169C	4.56	14
1863501	4932.YMR135C	4.55	16
1863221	4932.YML013W	4.53	14
1862590	4932.YKR079C	4.53	28
1865018	4932.YPL249C	4.51	27
1861134	4932.YGR143W	4.49	24
1863355	4932.YMR001C	4.49	22
1862434	4932.YKL151C	4.48	6
1858897	4932.YBR029C	4.47	24
1858970	4932.YBR095C	4.45	12
1859183	4932.YBR289W	4.45	12
1858976	4932.YBR102C	4.45	23
1864106	4932.YNR031C	4.43	35
1859588	4932.YDL193W	4.43	10
1861014	4932.YGR031W	4.43	5
1865238	4932.YPR166C	4.43	1
1863539	4932.YMR168C	4.43	26
1864189	4932.YOL031C	4.42	13
1862351	4932.YKL074C	4.42	13
1864104	4932.YNR029C	4.41	12
1863371	4932.YMR014W	4.41	10
1859340	4932.YCR067C	4.4	36
1862992	4932.YLR276C	4.4	15
1861100	4932.YGR111W	4.39	10
1860402	4932.YER061C	4.38	9
1863312	4932.YML097C	4.36	10
1863381	4932.YMR024W	4.35	14
1864410	4932.YOR069W	4.34	15
1860259	4932.YEL019C	4.33	6
1864085	4932.YNR010W	4.33	7
1863569	4932.YMR193W	4.32	5
1860034	4932.YDR358W	4.31	20
1861187	4932.YGR188C	4.31	34
1860904	4932.YGL190C	4.31	11
1859301	4932.YCR027C	4.3	6
1861844	4932.YIR022W	4.3	5
1861380	4932.YHR016C	4.29	8
1863950	4932.YNL221C	4.29	9
1863072	4932.YLR348C	4.26	6
1864905	4932.YPL140C	4.26	12
1859307	4932.YCR033W	4.25	27
1859949	4932.YDR279W	4.24	10
1865240	4932.YPR168W	4.24	2
1861825	4932.YIR008C	4.23	8
1859429	4932.YDL044C	4.21	11
1859793	4932.YDR138W	4.21	21
1863883	4932.YNL155W	4.2	7
1860170	4932.YDR485C	4.19	20
1861166	4932.YGR169C	4.19	9
1862655	4932.YLL036C	4.18	14
1862729	4932.YLR039C	4.17	27
1860534	4932.YER166W	4.15	31
1862055	4932.YJL180C	4.15	22
1863825	4932.YNL102W	4.14	30
1863924	4932.YNL195C	4.14	4
1864909	4932.YPL144W	4.13	4
1864791	4932.YPL030W	4.13	15
1863224	4932.YML016C	4.12	22
1859097	4932.YBR208C	4.12	34
1861201	4932.YGR202C	4.1	5
1860150	4932.YDR464W	4.1	29
1864569	4932.YOR216C	4.1	9
1864729	4932.YOR367W	4.07	6
1863760	4932.YNL042W	4.07	8
1861936	4932.YJL068C	4.07	7
1861437	4932.YHR062C	4.06	9
1865023	4932.YPL252C	4.06	1
1860690	4932.YFR041C	4.06	4
1858843	4932.YBL095W	4.05	7
1859893	4932.YDR228C	4.04	14
1863956	4932.YNL227C	4.04	13
1862956	4932.YLR243W	4.03	7
1862158	4932.YJR053W	4.03	11
1858724	4932.YAR042W	4.01	38
1859965	4932.YDR295C	4.01	14
1860298	4932.YEL052W	4.01	14
1859731	4932.YDR079W	4.01	2
1861909	4932.YJL044C	4.01	8
1860347	4932.YER016W	4.01	10
1860136	4932.YDR452W	3.98	11
1860201	4932.YDR515W	3.97	10
1861806	4932.YIL162W	3.97	12
1858882	4932.YBR014C	3.96	4
1863506	4932.YMR139W	3.95	5
1862546	4932.YKR036C	3.94	17
1864433	4932.YOR090C	3.93	11
1861474	4932.YHR090C	3.93	7
1858825	4932.YBL078C	3.93	5
1863030	4932.YLR309C	3.9	12
1861967	4932.YJL097W	3.9	6
1864244	4932.YOL083W	3.88	14
1863026	4932.YLR306W	3.87	3
1864827	4932.YPL065W	3.86	6
1864804	4932.YPL042C	3.86	21
1860953	4932.YGL237C	3.85	3
1863946	4932.YNL217W	3.85	10
1864105	4932.YNR030W	3.85	21
1863613	4932.YMR234W	3.85	4
1859808	4932.YDR153C	3.84	9
1861952	4932.YJL082W	3.83	18
1859386	4932.YDL003W	3.82	15
1859967	4932.YDR297W	3.82	10
1859232	4932.YCL034W	3.81	12
1860107	4932.YDR423C	3.79	11
1862775	4932.YLR085C	3.78	13
1861285	4932.YGR283C	3.78	6
1859712	4932.YDR061W	3.78	12
1861533	4932.YHR144C	3.77	5
1863126	4932.YLR399C	3.77	9
1860803	4932.YGL091C	3.77	4
1861469	4932.YHR086W	3.76	6
1862659	4932.YLL040C	3.76	80
1861733	4932.YIL097W	3.75	11
1858798	4932.YBL055C	3.75	8
1862041	4932.YJL166W	3.74	3
1862960	4932.YLR247C	3.74	41
1864443	4932.YOR100C	3.74	8
1863476	4932.YMR112C	3.73	3
1859283	4932.YCR014C	3.7	13
1861389	4932.YHR023W	3.69	40
1863794	4932.YNL073W	3.68	10
1862160	4932.YJR055W	3.68	4
1864294	4932.YOL128C	3.65	9
1862162	4932.YJR057W	3.65	5
1864873	4932.YPL110C	3.65	34
1860522	4932.YER157W	3.64	17
1862723	4932.YLR034C	3.64	13
1859181	4932.YBR287W	3.61	5
1863526	4932.YMR157C	3.6	5
1858707	4932.YAR009C	3.6	698
1861475	4932.YHR091C	3.6	42
1860952	4932.YGL236C	3.59	12
1860617	4932.YFL044C	3.58	6
1859162	4932.YBR268W	3.57	1
1859365	4932.YCR092C	3.55	24
1859014	4932.YBR133C	3.55	19
1860405	4932.YER064C	3.54	16
1860381	4932.YER045C	3.53	7
1865175	4932.YPR114W	3.52	10
1862291	4932.YKL019W	3.51	5
1862941	4932.YLR228C	3.5	11
1861466	4932.YHR083W	3.49	4
1862767	4932.YLR077W	3.48	10
1860500	4932.YER139C	3.47	4
1862086	4932.YJL210W	3.47	8
1863477	4932.YMR113W	3.47	9
1863830	4932.YNL106C	3.46	25
1864549	4932.YOR196C	3.46	8
1863209	4932.YML005W	3.46	15
1859212	4932.YCL014W	3.45	31
1862320	4932.YKL046C	3.45	11
1864769	4932.YPL008W	3.44	24
1862786	4932.YLR096W	3.44	26
1862778	4932.YLR088W	3.43	11
1859975	4932.YDR305C	3.43	5
1863658	4932.YMR275C	3.42	16
1864355	4932.YOR017W	3.41	11
1860509	4932.YER147C	3.41	18
1862502	4932.YKL218C	3.41	7
1861035	4932.YGR049W	3.4	6
1859795	4932.YDR140W	3.4	5
1860603	4932.YFL031W	3.4	3
1864564	4932.YOR211C	3.38	17
1859532	4932.YDL141W	3.37	18
1859932	4932.YDR262W	3.37	6
1863826	4932.YNL103W	3.36	9
1860023	4932.YDR348C	3.35	11
1859403	4932.YDL019C	3.35	27
1863296	4932.YML082W	3.35	14
1862646	4932.YLL027W	3.35	2
1863778	4932.YNL058C	3.35	6
1859056	4932.YBR173C	3.35	3
1864058	4932.YNL326C	3.34	6
1860424	4932.YER078C	3.34	8
1862516	4932.YKR007W	3.33	6
1863802	4932.YNL081C	3.32	1
1861394	4932.YHR028C	3.31	23
1858627	4932.YAL011W	3.31	12
1859118	4932.YBR227C	3.31	10
1864868	4932.YPL105C	3.3	19
1862429	4932.YKL146W	3.3	4
1864476	4932.YOR132W	3.3	11
1859938	4932.YDR268W	3.29	6
1860761	4932.YGL050W	3.26	4
1863113	4932.YLR386W	3.25	19
1862848	4932.YLR154C	3.23	3
1864489	4932.YOR143C	3.23	7
1862067	4932.YJL192C	3.23	3
1861392	4932.YHR026W	3.22	7
1864088	4932.YNR013C	3.21	13
1862359	4932.YKL082C	3.2	6
1863759	4932.YNL041C	3.2	19
1863951	4932.YNL222W	3.2	3
1859546	4932.YDL155W	3.19	9
1864777	4932.YPL016W	3.19	19
1863252	4932.YML043C	3.17	8
1864084	4932.YNR009W	3.17	4
1859613	4932.YDL218W	3.15	5
1859748	4932.YDR096W	3.15	17
1863243	4932.YML034W	3.15	13
1860973	4932.YGL257C	3.14	7
1859615	4932.YDL220C	3.14	15
1858686	4932.YAL059W	3.14	4
1858779	4932.YBL038W	3.12	2
1864455	4932.YOR111W	3.11	4
1858994	4932.YBR117C	3.11	17
1859104	4932.YBR215W	3.1	8
1862015	4932.YJL141C	3.09	12
1862647	4932.YLL028W	3.09	6
1864504	4932.YOR158W	3.09	7
1862460	4932.YKL175W	3.09	6
1863520	4932.YMR152W	3.08	7
1864291	4932.YOL125W	3.08	10
1863363	4932.YMR008C	3.07	17
1861511	4932.YHR127W	3.07	5
1862206	4932.YJR101W	3.07	5
1858723	4932.YAR035W	3.07	14
1862077	4932.YJL201W	3.07	11
1862356	4932.YKL079W	3.06	11
1864097	4932.YNR022C	3.06	2
1864927	4932.YPL161C	3.05	18
1862930	4932.YLR220W	3.04	6
1859911	4932.YDR246W	3.02	4
1863275	4932.YML062C	3.01	9
1865165	4932.YPR105C	3.01	18
1861519	4932.YHR133C	3.01	4
1860467	4932.YER111C	3.01	22
1860874	4932.YGL161C	3.0	8
1861820	4932.YIR003W	3.0	11
1859992	4932.YDR320C	2.98	14
1861702	4932.YIL067C	2.97	9
1860807	4932.YGL095C	2.97	12
1858797	4932.YBL054W	2.96	10
1859102	4932.YBR213W	2.95	4
1861672	4932.YIL040W	2.94	4
1859009	4932.YBR129C	2.92	6
1863698	4932.YMR310C	2.91	5
1863240	4932.YML031W	2.91	10
1861791	4932.YIL149C	2.9	22
1863665	4932.YMR282C	2.9	9
1864222	4932.YOL062C	2.89	12
1863989	4932.YNL260C	2.88	2
1859923	4932.YDR257C	2.88	6
1862725	4932.YLR035C-A	2.87	591
1859199	4932.YCL001W	2.87	3
1859151	4932.YBR257W	2.87	4
1861326	4932.YHL020C	2.87	6
1862771	4932.YLR081W	2.85	25
1860554	4932.YER183C	2.85	4
1862334	4932.YKL059C	2.85	8
1864679	4932.YOR321W	2.84	21
1865205	4932.YPR141C	2.83	8
1863009	4932.YLR290C	2.82	4
1862574	4932.YKR064W	2.82	16
1861972	4932.YJL102W	2.82	8
1864643	4932.YOR290C	2.82	43
1863507	4932.YMR140W	2.82	15
1864654	4932.YOR299W	2.81	10
1859986	4932.YDR316W	2.8	8
1864859	4932.YPL096W	2.8	4
1863336	4932.YML117W	2.8	16
1859242	4932.YCL044C	2.8	9
1859920	4932.YDR254W	2.8	11
1860869	4932.YGL156W	2.76	24
1859125	4932.YBR233W	2.76	4
1862741	4932.YLR051C	2.72	3
1862596	4932.YKR085C	2.72	2
1858837	4932.YBL090W	2.71	2
1861484	4932.YHR100C	2.69	2
1859651	4932.YDR005C	2.68	6
1861680	4932.YIL047C	2.68	107
1862622	4932.YLL004W	2.68	12
1861645	4932.YIL017C	2.67	12
1861912	4932.YJL047C	2.66	14
1861487	4932.YHR103W	2.65	7
1863915	4932.YNL186W	2.65	14
1863750	4932.YNL032W	2.64	4
1860986	4932.YGR006W	2.64	4
1861907	4932.YJL042W	2.64	19
1861745	4932.YIL106W	2.64	8
1864610	4932.YOR257W	2.64	4
1862106	4932.YJR003C	2.64	9
1864379	4932.YOR038C	2.64	18
1862029	4932.YJL155C	2.63	5
1859881	4932.YDR216W	2.61	20
1862536	4932.YKR027W	2.61	13
1864538	4932.YOR188W	2.61	21
1859154	4932.YBR260C	2.6	10
1859630	4932.YDL235C	2.59	2
1863618	4932.YMR239C	2.58	5
1859035	4932.YBR153W	2.58	2
1863912	4932.YNL183C	2.58	14
1862151	4932.YJR046W	2.57	9
1862157	4932.YJR052W	2.57	13
1864281	4932.YOL115W	2.57	9
1860056	4932.YDR375C	2.56	8
1861142	4932.YGR150C	2.56	11
1861415	4932.YHR045W	2.55	12
1863167	4932.YLR435W	2.54	3
1862690	4932.YLR001C	2.54	6
1864103	4932.YNR028W	2.54	6
1862988	4932.YLR272C	2.53	24
1865217	4932.YPR152C	2.53	5
1860348	4932.YER017C	2.53	12
1859917	4932.YDR251W	2.53	15
1859959	4932.YDR289C	2.53	6
1862449	4932.YKL165C	2.53	21
1863996	4932.YNL267W	2.53	19
1864673	4932.YOR316C	2.52	5
1864041	4932.YNL309W	2.51	4
1863415	4932.YMR054W	2.51	14
1860748	4932.YGL038C	2.5	8
1864226	4932.YOL066C	2.5	9
1862193	4932.YJR089W	2.49	14
1861478	4932.YHR094C	2.48	51
1865153	4932.YPR093C	2.48	5
1862501	4932.YKL217W	2.47	7
1858891	4932.YBR023C	2.47	16
1861476	4932.YHR092C	2.47	20
1858639	4932.YAL020C	2.47	6
1862216	4932.YJR111C	2.46	4
1864181	4932.YOL023W	2.46	8
1861890	4932.YJL025W	2.46	6
1860048	4932.YDR369C	2.46	12
1864981	4932.YPL213W	2.46	4
1861716	4932.YIL079C	2.45	5
1865192	4932.YPR131C	2.45	4
1859569	4932.YDL175C	2.43	4
1864228	4932.YOL068C	2.42	8
1861899	4932.YJL033W	2.42	11
1860221	4932.YDR531W	2.42	5
1862391	4932.YKL110C	2.41	6
1859741	4932.YDR089W	2.41	8
1860566	4932.YFL002C	2.41	10
1863930	4932.YNL201C	2.41	12
1863814	4932.YNL093W	2.4	12
1863163	4932.YLR431C	2.39	3
1859863	4932.YDR202C	2.39	4
1864860	4932.YPL097W	2.38	7
1864183	4932.YOL025W	2.38	8
1864371	4932.YOR032C	2.38	5
1865157	4932.YPR097W	2.37	20
1859927	4932.YDR261C	2.37	11
1861387	4932.YHR022C	2.35	5
1859490	4932.YDL102W	2.34	19
1861485	4932.YHR101C	2.33	4
1860147	4932.YDR462W	2.33	2
1859700	4932.YDR049W	2.33	8
1858783	4932.YBL040C	2.32	4
1862442	4932.YKL159C	2.32	4
1859619	4932.YDL224C	2.32	6
1863437	4932.YMR075W	2.3	11
1860956	4932.YGL240W	2.3	3
1861955	4932.YJL085W	2.3	10
1865024	4932.YPL253C	2.3	14
1863920	4932.YNL191W	2.3	3
1864565	4932.YOR212W	2.29	7
1864999	4932.YPL230W	2.29	2
1863311	4932.YML096W	2.29	6
1861303	4932.YHL002W	2.28	7
1860938	4932.YGL223C	2.26	6
1864955	4932.YPL188W	2.26	5
1859887	4932.YDR222W	2.24	3
1863644	4932.YMR263W	2.24	2
1865264	4932.YPR189W	2.24	20
1863793	4932.YNL072W	2.24	5
1864696	4932.YOR336W	2.23	20
1863886	4932.YNL158W	2.23	2
1860565	4932.YFL001W	2.23	6
1861459	4932.YHR077C	2.22	11
1860100	4932.YDR416W	2.22	12
1863990	4932.YNL261W	2.21	7
1862917	4932.YLR207W	2.21	12
1861489	4932.YHR105W	2.21	2
1861857	4932.YIR033W	2.2	12
1861030	4932.YGR044C	2.2	3
1864230	4932.YOL070C	2.2	6
1862991	4932.YLR275W	2.19	1
1860829	4932.YGL117W	2.18	6
1858678	4932.YAL051W	2.17	14
1862255	4932.YJR147W	2.17	6
1859295	4932.YCR023C	2.16	6
1860182	4932.YDR497C	2.15	8
1865115	4932.YPR055W	2.15	9
1860228	4932.YDR538W	2.14	4
1858743	4932.YBL005W-B	2.14	815
1864710	4932.YOR348C	2.14	3
1862136	4932.YJR031C	2.13	15
1863109	4932.YLR382C	2.13	11
1862423	4932.YKL141W	2.12	5
1862204	4932.YJR099W	2.12	3
1865233	4932.YPR161C	2.12	6
1862710	4932.YLR021W	2.11	4
1864790	4932.YPL029W	2.11	5
1859856	4932.YDR195W	2.1	5
1864498	4932.YOR152C	2.1	3
1860586	4932.YFL017C	2.09	3
1863237	4932.YML029W	2.09	10
1863194	4932.YLR460C	2.08	22
1862043	4932.YJL168C	2.08	10
1864318	4932.YOL152W	2.08	8
1861381	4932.YHR017W	2.07	5
1865031	4932.YPL258C	2.07	15
1858765	4932.YBL025W	2.07	3
1862167	4932.YJR062C	2.07	5
1863174	4932.YLR440C	2.07	9
1860158	4932.YDR472W	2.06	7
1863651	4932.YMR270C	2.06	5
1862953	4932.YLR240W	2.06	9
1861499	4932.YHR115C	2.06	3
1862677	4932.YLL058W	2.05	14
1861004	4932.YGR024C	2.05	3
1860119	4932.YDR435C	2.05	5
1859817	4932.YDR162C	2.04	4
1861427	4932.YHR054C	2.04	12
1859394	4932.YDL010W	2.04	4
1861897	4932.YJL031C	2.04	4
1862438	4932.YKL155C	2.04	7
1862422	4932.YKL140W	2.04	9
1862562	4932.YKR052C	2.03	3
1864252	4932.YOL089C	2.03	12
1863122	4932.YLR395C	2.03	1
1861742	4932.YIL104C	2.02	7
1862806	4932.YLR115W	2.02	13
1864043	4932.YNL311C	2.01	11
1864902	4932.YPL137C	2.01	17
1859430	4932.YDL045C	2.01	6
1859368	4932.YCR095C	2.01	4
1859331	4932.YCR054C	2.0	10
1864764	4932.YPL003W	2.0	7
1861120	4932.YGR129W	1.99	1
1861982	4932.YJL112W	1.99	9
1860758	4932.YGL047W	1.99	3
1861734	4932.YIL098C	1.99	2
1860106	4932.YDR422C	1.97	11
1860694	4932.YFR045W	1.97	4
1864598	4932.YOR245C	1.97	5
1865253	4932.YPR178W	1.97	9
1863767	4932.YNL048W	1.96	7
1861182	4932.YGR183C	1.96	1
1858631	4932.YAL015C	1.96	4
1865015	4932.YPL246C	1.95	3
1864441	4932.YOR098C	1.95	9
1860099	4932.YDR415C	1.95	5
1859674	4932.YDR027C	1.95	11
1860609	4932.YFL036W	1.94	11
1859059	4932.YBR176W	1.94	4
1860594	4932.YFL023W	1.94	6
1862240	4932.YJR134C	1.93	7
1862197	4932.YJR093C	1.93	4
1862028	4932.YJL154C	1.93	14
1859797	4932.YDR142C	1.93	4
1865151	4932.YPR091C	1.92	8
1862385	4932.YKL105C	1.92	6
1862282	4932.YKL011C	1.91	4
1864256	4932.YOL093W	1.91	3
1861656	4932.YIL026C	1.91	14
1863982	4932.YNL253W	1.91	5
1865106	4932.YPR046W	1.91	3
1863843	4932.YNL119W	1.91	7
1860771	4932.YGL060W	1.9	18
1860689	4932.YFR040W	1.9	14
1860989	4932.YGR009C	1.9	7
1860918	4932.YGL203C	1.9	9
1863117	4932.YLR390W	1.9	2
1859486	4932.YDL098C	1.89	2
1858778	4932.YBL037W	1.89	15
1864399	4932.YOR058C	1.89	14
1862859	4932.YLR157C	1.89	14
1862856	4932.YLR155C	1.89	14
1862868	4932.YLR160C	1.89	14
1862865	4932.YLR158C	1.89	14
1865197	4932.YPR135W	1.88	14
1860841	4932.YGL128C	1.87	3
1859892	4932.YDR227W	1.87	9
1861593	4932.YHR198C	1.87	4
1863459	4932.YMR096W	1.87	3
1861375	4932.YHR011W	1.87	4
1864903	4932.YPL138C	1.87	4
1862876	4932.YLR166C	1.87	10
1859463	4932.YDL077C	1.86	11
1860688	4932.YFR039C	1.86	7
1864912	4932.YPL147W	1.86	6
1863599	4932.YMR221C	1.86	9
1863184	4932.YLR450W	1.85	20
1863992	4932.YNL263C	1.85	6
1860738	4932.YGL028C	1.84	2
1863672	4932.YMR289W	1.84	5
1861087	4932.YGR100W	1.83	15
1863823	4932.YNL100W	1.83	3
1858666	4932.YAL041W	1.83	9
1863667	4932.YMR284W	1.83	7
1861703	4932.YIL068C	1.82	12
1862624	4932.YLL006W	1.82	4
1863639	4932.YMR258C	1.81	6
1861493	4932.YHR109W	1.81	7
1861346	4932.YHL038C	1.8	6
1863108	4932.YLR381W	1.79	11
1864083	4932.YNR008W	1.79	8
1861407	4932.YHR038W	1.78	2
1861895	4932.YJL029C	1.78	10
1858747	4932.YBL008W	1.78	10
1864220	4932.YOL060C	1.78	4
1860128	4932.YDR444W	1.78	5
1861726	4932.YIL090W	1.78	6
1862083	4932.YJL207C	1.77	26
1864548	4932.YOR195W	1.76	8
1863853	4932.YNL129W	1.76	2
1860338	4932.YER008C	1.75	17
1861795	4932.YIL153W	1.75	3
1862154	4932.YJR049C	1.75	5
1858946	4932.YBR074W	1.75	11
1860783	4932.YGL071W	1.73	7
1858635	4932.YAL017W	1.73	17
1865111	4932.YPR051W	1.72	2
1863649	4932.YMR268C	1.71	4
1864163	4932.YOL008W	1.71	2
1862601	4932.YKR090W	1.7	7
1861468	4932.YHR085W	1.7	4
1865027	4932.YPL256C	1.69	6
1863740	4932.YNL023C	1.68	10
1862721	4932.YLR032W	1.68	6
1863377	4932.YMR020W	1.68	6
1858856	4932.YBL105C	1.68	14
1860553	4932.YER182W	1.68	3
1862194	4932.YJR090C	1.67	12
1858855	4932.YBL104C	1.67	11
1863142	4932.YLR411W	1.67	4
1863677	4932.YMR293C	1.66	4
1859286	4932.YCR017C	1.66	12
1860970	4932.YGL254W	1.66	1
1859894	4932.YDR229W	1.64	5
1865001	4932.YPL232W	1.64	8
1858997	4932.YBR120C	1.63	1
1858805	4932.YBL061C	1.63	6
1862838	4932.YLR146C	1.63	4
1864864	4932.YPL101W	1.62	3
1864408	4932.YOR067C	1.62	9
1863087	4932.YLR362W	1.62	6
1861274	4932.YGR271W	1.6	22
1864356	4932.YOR018W	1.6	7
1863038	4932.YLR316C	1.59	7
1861500	4932.YHR116W	1.58	2
1861724	4932.YIL088C	1.58	4
1863007	4932.YLR288C	1.58	6
1863041	4932.YLR319C	1.57	7
1865011	4932.YPL242C	1.55	9
1859972	4932.YDR302W	1.55	2
1862769	4932.YLR079W	1.55	2
1860806	4932.YGL094C	1.55	8
1864989	4932.YPL221W	1.55	9
1862747	4932.YLR057W	1.55	9
1864038	4932.YNL306W	1.55	2
1863401	4932.YMR042W	1.54	1
1863909	4932.YNL180C	1.53	3
1862049	4932.YJL174W	1.53	1
1859681	4932.YDR034C	1.52	7
1860001	4932.YDR326C	1.51	10
1858930	4932.YBR059C	1.51	7
1865038	4932.YPL265W	1.5	8
1859416	4932.YDL030W	1.5	5
1863770	4932.YNL051W	1.5	5
1864324	4932.YOL158C	1.5	6
1859077	4932.YBR192W	1.5	4
1864939	4932.YPL173W	1.49	1
1864851	4932.YPL089C	1.49	5
1862798	4932.YLR107W	1.49	5
1863645	4932.YMR264W	1.49	2
1860530	4932.YER163C	1.48	3
1865181	4932.YPR120C	1.48	4
1860299	4932.YEL053C	1.48	9
1861220	4932.YGR220C	1.48	2
1863776	4932.YNL056W	1.47	2
1858904	4932.YBR036C	1.47	3
1864126	4932.YNR049C	1.46	2
1861811	4932.YIL169C	1.45	6
1859789	4932.YDR133C	1.45	2
1862202	4932.YJR097W	1.44	2
1861633	4932.YIL007C	1.44	2
1859344	4932.YCR072C	1.44	5
1861757	4932.YIL117C	1.44	2
1863449	4932.YMR086W	1.43	6
1864190	4932.YOL032W	1.43	2
1861498	4932.YHR114W	1.42	6
1864725	4932.YOR363C	1.42	10
1858803	4932.YBL059W	1.42	2
1859494	4932.YDL106C	1.42	3
1860913	4932.YGL198W	1.42	2
1859414	4932.YDL028C	1.41	8
1864530	4932.YOR181W	1.41	5
1864030	4932.YNL298W	1.41	9
1862425	4932.YKL143W	1.41	4
1862835	4932.YLR143W	1.4	8
1859333	4932.YCR059C	1.4	2
1859099	4932.YBR210W	1.4	1
1864590	4932.YOR236W	1.4	1
1860669	4932.YFR025C	1.4	3
1865016	4932.YPL247C	1.39	3
1859838	4932.YDR180W	1.39	20
1862140	4932.YJR035W	1.39	9
1862966	4932.YLR253W	1.38	5
1863125	4932.YLR398C	1.37	12
1858648	4932.YAL028W	1.37	2
1863478	4932.YMR114C	1.37	3
1862316	4932.YKL042W	1.37	2
1865150	4932.YPR089W	1.36	9
1864225	4932.YOL065C	1.36	3
1863048	4932.YLR326W	1.36	3
1862538	4932.YKR029C	1.36	6
1858711	4932.YAR018C	1.36	3
1859221	4932.YCL024W	1.36	7
1859655	4932.YDR009W	1.36	15
1861106	4932.YGR117C	1.36	5
1864029	4932.YNL297C	1.35	16
1860831	4932.YGL119W	1.35	3
1863196	4932.YLR462W	1.35	18
1860898	4932.YGL185C	1.35	3
1863812	4932.YNL091W	1.35	7
1864631	4932.YOR278W	1.34	3
1861010	4932.YGR028W	1.34	3
1863373	4932.YMR016C	1.34	4
1863606	4932.YMR228W	1.33	3
1862657	4932.YLL038C	1.33	2
1863551	4932.YMR177W	1.33	3
1864667	4932.YOR311C	1.32	3
1858898	4932.YBR030W	1.32	6
1863045	4932.YLR323C	1.31	1
1863550	4932.YMR176W	1.31	12
1860448	4932.YER093C	1.3	11
1863889	4932.YNL161W	1.3	4
1861867	4932.YIR042C	1.3	1
1864969	4932.YPL201C	1.29	3
1859617	4932.YDL222C	1.29	3
1860112	4932.YDR428C	1.29	3
1865254	4932.YPR179C	1.29	5
1863577	4932.YMR199W	1.29	4
1860120	4932.YDR436W	1.28	14
1864259	4932.YOL096C	1.28	3
1861721	4932.YIL085C	1.28	6
1859101	4932.YBR212W	1.28	4
1860127	4932.YDR443C	1.27	11
1858742	4932.YBL005W-A	1.27	230
1864871	4932.YPL108W	1.26	1
1864998	4932.YPL229W	1.26	2
1864009	4932.YNL279W	1.25	9
1863314	4932.YML099C	1.25	7
1860420	4932.YER075C	1.25	7
1863537	4932.YMR166C	1.25	2
1860175	4932.YDR490C	1.25	10
1860096	4932.YDR412W	1.25	1
1861480	4932.YHR096C	1.24	43
1864592	4932.YOR238W	1.23	2
1858868	4932.YBR002C	1.22	3
1861630	4932.YIL004C	1.22	2
1862397	4932.YKL116C	1.22	5
1864829	4932.YPL067C	1.22	2
1860148	4932.YDR463W	1.21	4
1865221	4932.YPR156C	1.21	3
1862437	4932.YKL154W	1.21	2
1864175	4932.YOL018C	1.21	4
1858647	4932.YAL027W	1.21	2
1860637	4932.YFL064C	1.21	15
1860423	4932.YER077C	1.2	4
1864264	4932.YOL100W	1.2	6
1864137	4932.YNR060W	1.19	7
1860057	4932.YDR376W	1.19	4
1865047	4932.YPL274W	1.19	3
1861776	4932.YIL135C	1.19	3
1858645	4932.YAL026C	1.19	8
1859296	4932.YCR024C	1.19	4
1859745	4932.YDR093W	1.18	18
1863991	4932.YNL262W	1.18	21
1864849	4932.YPL087W	1.18	4
1859236	4932.YCL038C	1.17	3
1860608	4932.YFL034W	1.16	6
1862074	4932.YJL198W	1.16	5
1864862	4932.YPL099C	1.15	1
1862929	4932.YLR219W	1.15	4
1864714	4932.YOR352W	1.15	4
1860877	4932.YGL164C	1.15	3
1858905	4932.YBR037C	1.15	2
1864142	4932.YNR065C	1.14	34
1860544	4932.YER175C	1.14	3
1863259	4932.YML049C	1.14	11
1858931	4932.YBR060C	1.13	6
1864896	4932.YPL132W	1.13	2
1859724	4932.YDR073W	1.12	1
1863544	4932.YMR172W	1.12	3
1862707	4932.YLR018C	1.12	2
1864953	4932.YPL186C	1.12	3
1861259	4932.YGR258C	1.12	8
1861283	4932.YGR281W	1.11	9
1859602	4932.YDL207W	1.11	3
1861554	4932.YHR165C	1.11	17
1860561	4932.YER189W	1.11	10
1860323	4932.YEL075C	1.11	10
1860156	4932.YDR470C	1.11	4
1859971	4932.YDR301W	1.1	10
1861339	4932.YHL032C	1.1	5
1862172	4932.YJR067C	1.1	1
1862598	4932.YKR087C	1.1	2
1864722	4932.YOR360C	1.1	4
1862999	4932.YLR283W	1.1	2
1864420	4932.YOR076C	1.1	5
1861148	4932.YGR156W	1.09	3
1859577	4932.YDL183C	1.09	1
1859353	4932.YCR081W	1.09	10
1858867	4932.YBR001C	1.08	15
1861642	4932.YIL014W	1.08	4
1859736	4932.YDR084C	1.08	3
1864601	4932.YOR248W	1.08	1
1858674	4932.YAL047C	1.08	4
1862196	4932.YJR092W	1.08	9
1861248	4932.YGR247W	1.07	1
1859419	4932.YDL033C	1.07	2
1863588	4932.YMR210W	1.07	5
1858908	4932.YBR040W	1.07	2
1861198	4932.YGR199W	1.07	6
1862665	4932.YLL046C	1.06	1
1864863	4932.YPL100W	1.06	3
1861333	4932.YHL027W	1.06	4
1860644	4932.YFR003C	1.06	1
1863255	4932.YML046W	1.06	4
1861307	4932.YHL006C	1.06	1
1863403	4932.YMR044W	1.06	5
1862937	4932.YLR226W	1.06	3
1860854	4932.YGL141W	1.05	6
1861781	4932.YIL140W	1.05	5
1859595	4932.YDL200C	1.05	1
1862318	4932.YKL044W	1.05	1
1863227	4932.YML019W	1.05	6
1864191	4932.YOL033W	1.05	4
1859216	4932.YCL019W	1.05	260
1862205	4932.YJR100C	1.05	2
1858754	4932.YBL014C	1.04	10
1861938	4932.YJL070C	1.04	5
1861585	4932.YHR191C	1.04	1
1860567	4932.YFL002W-A	1.04	260
1861157	4932.YGR161W-B	1.04	260
1862681	4932.YLL062C	1.04	3
1860159	4932.YDR473C	1.03	2
1863302	4932.YML088W	1.03	4
1864832	4932.YPL070W	1.03	5
1863141	4932.YLR410W-B	1.03	258
1861543	4932.YHR154W	1.02	6
1863407	4932.YMR047C	1.02	2
1859977	4932.YDR307W	1.02	5
1861117	4932.YGR126W	1.02	2
1859875	4932.YDR210W-B	1.02	258
1864866	4932.YPL103C	1.02	4
1864143	4932.YNR066C	1.01	3
1865250	4932.YPR175W	1.01	5
1864352	4932.YOR014W	1.01	3
1858785	4932.YBL042C	1.0	5
1859093	4932.YBR204C	1.0	2
1860535	4932.YER167W	0.998	4
1863848	4932.YNL124W	0.99	1
1863901	4932.YNL172W	0.988	8
1861041	4932.YGR055W	0.988	4
1863795	4932.YNL074C	0.987	2
1861359	4932.YHL049C	0.985	18
1859132	4932.YBR239C	0.985	3
1865220	4932.YPR155C	0.984	7
1863003	4932.YLR286C	0.978	3
1859836	4932.YDR179C	0.977	1
1863747	4932.YNL029C	0.975	2
1863185	4932.YLR451W	0.975	6
1862475	4932.YKL189W	0.973	3
1865057	4932.YPR001W	0.972	6
1859062	4932.YBR179C	0.97	6
1861454	4932.YHR073W	0.97	6
1863465	4932.YMR102C	0.969	3
1860005	4932.YDR330W	0.964	2
1862370	4932.YKL093W	0.964	2
1858864	4932.YBL112C	0.964	8
1861623	4932.YHR218W-A	0.964	8
1864644	4932.YOR291W	0.956	5
1865032	4932.YPL259C	0.955	3
1864053	4932.YNL321W	0.955	4
1862261	4932.YJR153W	0.955	2
1860872	4932.YGL159W	0.954	2
1862705	4932.YLR016C	0.954	1
1864946	4932.YPL180W	0.953	4
1859821	4932.YDR166C	0.948	8
1860940	4932.YGL225W	0.947	2
1864558	4932.YOR205C	0.946	2
1859931	4932.YDR261W-B	0.939	239
1858679	4932.YAL053W	0.937	4
1858624	4932.YAL008W	0.935	1
1862406	4932.YKL125W	0.931	5
1860894	4932.YGL181W	0.93	2
1859919	4932.YDR253C	0.929	1
1859272	4932.YCR003W	0.929	1
1861872	4932.YJL005W	0.925	13
1862415	4932.YKL134C	0.923	4
1860011	4932.YDR336W	0.918	1
1864049	4932.YNL317W	0.916	4
1860516	4932.YER152C	0.914	2
1862230	4932.YJR124C	0.902	3
1864941	4932.YPL175W	0.901	2
1864109	4932.YNR033W	0.892	5
1861539	4932.YHR150W	0.886	2
1864511	4932.YOR162C	0.884	5
1864802	4932.YPL040C	0.882	7
1860866	4932.YGL153W	0.882	2
1858863	4932.YBL111C	0.882	45
1861169	4932.YGR171C	0.876	4
1860072	4932.YDR389W	0.875	3
1862369	4932.YKL092C	0.875	9
1863256	4932.YML047C	0.873	1
1861581	4932.YHR187W	0.873	2
1864361	4932.YOR022C	0.866	3
1862594	4932.YKR083C	0.858	1
1864018	4932.YNL286W	0.858	1
1864743	4932.YOR380W	0.857	6
1863450	4932.YMR087W	0.853	1
1860174	4932.YDR489W	0.853	1
1862237	4932.YJR131W	0.853	3
1860439	4932.YER088C	0.845	6
1862808	4932.YLR117C	0.845	4
1864147	4932.YNR070W	0.842	25
1860852	4932.YGL139W	0.84	5
1860597	4932.YFL026W	0.84	3
1860209	4932.YDR523C	0.84	2
1860004	4932.YDR329C	0.839	3
1861163	4932.YGR166W	0.838	4
1861504	4932.YHR120W	0.838	5
1859718	4932.YDR067C	0.837	1
1861814	4932.YIL173W	0.835	35
1862098	4932.YJL222W	0.835	35
1863840	4932.YNL116W	0.835	2
1861884	4932.YJL019W	0.835	3
1860200	4932.YDR514C	0.834	2
1864680	4932.YOR322C	0.834	2
1864395	4932.YOR054C	0.833	5
1860326	4932.YEL076C-A	0.832	7
1863198	4932.YLR464W	0.832	7
1864238	4932.YOL078W	0.831	6
1864233	4932.YOL073C	0.831	1
1860382	4932.YER046W	0.83	1
1863471	4932.YMR107W	0.829	1
1858991	4932.YBR114W	0.827	5
1860855	4932.YGL142C	0.825	2
1861603	4932.YHR207C	0.822	2
1859377	4932.YCR102C	0.817	13
1861605	4932.YHR209W	0.814	2
1860109	4932.YDR425W	0.814	2
1860687	4932.YFR038W	0.812	6
1860795	4932.YGL083W	0.812	5
1861280	4932.YGR278W	0.811	3
1862283	4932.YKL012W	0.811	3
1863492	4932.YMR126C	0.809	1
1859434	4932.YDL048C	0.809	2
1862306	4932.YKL033W	0.807	6
1862003	4932.YJL131C	0.802	1
1863686	4932.YMR301C	0.8	3
1863536	4932.YMR165C	0.798	4
1864836	4932.YPL074W	0.798	3
1864566	4932.YOR213C	0.797	2
1862321	4932.YKL047W	0.797	3
1862983	4932.YLR267W	0.797	4
1864740	4932.YOR377W	0.796	3
1864341	4932.YOR006C	0.795	1
1865277	4932.YPR202W	0.792	15
1858983	4932.YBR108W	0.791	2
1865054	4932.YPL283C	0.791	117
1861300	4932.YGR296W	0.791	117
1864071	4932.YNL339C	0.791	117
1859869	4932.YDR208W	0.788	4
1862447	4932.YKL163W	0.788	4
1859169	4932.YBR275C	0.784	8
1860486	4932.YER129W	0.778	3
1860908	4932.YGL194C	0.773	2
1864917	4932.YPL152W	0.77	1
1859055	4932.YBR172C	0.769	4
1862709	4932.YLR020C	0.769	4
1864279	4932.YOL113W	0.767	5
1863584	4932.YMR206W	0.767	1
1862207	4932.YJR102C	0.765	1
1859105	4932.YBR216C	0.76	4
1862110	4932.YJR006W	0.756	3
1863646	4932.YMR265C	0.756	3
1859584	4932.YDL189W	0.756	1
1863352	4932.YML133C	0.756	94
1862654	4932.YLL035W	0.755	3
1862887	4932.YLR177W	0.752	3
1864733	4932.YOR371C	0.749	4
1859867	4932.YDR206W	0.749	4
1860776	4932.YGL064C	0.749	4
1859384	4932.YDL001W	0.749	3
1858776	4932.YBL035C	0.747	4
1861562	4932.YHR172W	0.747	3
1861258	4932.YGR257C	0.746	2
1861574	4932.YHR181W	0.744	1
1860053	4932.YDR373W	0.743	1
1863329	4932.YML111W	0.743	4
1858651	4932.YAL031C	0.741	6
1861200	4932.YGR201C	0.74	1
1863136	4932.YLR407W	0.739	1
1859459	4932.YDL073W	0.738	3
1862841	4932.YLR148W	0.736	5
1861789	4932.YIL147C	0.733	4
1859251	4932.YCL052C	0.732	2
1862561	4932.YKR051W	0.732	2
1864102	4932.YNR027W	0.732	2
1860564	4932.YER190W	0.731	103
1860681	4932.YFR034C	0.728	2
1863953	4932.YNL224C	0.727	3
1859276	4932.YCR007C	0.724	1
1860169	4932.YDR484W	0.724	2
1864061	4932.YNL329C	0.722	7
1861622	4932.YHR218W	0.72	35
1863619	4932.YMR240C	0.72	2
1864996	4932.YPL227C	0.719	2
1863272	4932.YML059C	0.717	7
1860540	4932.YER172C	0.716	10
1864628	4932.YOR275C	0.715	3
1859697	4932.YDR046C	0.713	2
1864627	4932.YOR274W	0.713	2
1860337	4932.YER007W	0.709	3
1865246	4932.YPR171W	0.709	2
1859230	4932.YCL032W	0.708	1
1865109	4932.YPR049C	0.708	6
1859139	4932.YBR246W	0.706	2
1862298	4932.YKL025C	0.704	2
1864422	4932.YOR078W	0.703	1
1864241	4932.YOL081W	0.699	9
1858829	4932.YBL082C	0.697	2
1860183	4932.YDR498C	0.697	1
1864012	4932.YNL282W	0.697	1
1860646	4932.YFR005C	0.695	3
1860341	4932.YER011W	0.689	1
1860964	4932.YGL248W	0.686	2
1863582	4932.YMR204C	0.683	1
1860990	4932.YGR010W	0.68	3
1861873	4932.YJL006C	0.678	2
1858811	4932.YBL067C	0.677	2
1858709	4932.YAR014C	0.677	3
1862704	4932.YLR015W	0.676	2
1864027	4932.YNL295W	0.672	1
1859410	4932.YDL025C	0.671	3
1860993	4932.YGR013W	0.669	3
1858927	4932.YBR057C	0.664	1
1861627	4932.YIL002C	0.661	5
1862540	4932.YKR031C	0.658	6
1865081	4932.YPR022C	0.657	6
1862952	4932.YLR239C	0.651	1
1863701	4932.YMR313C	0.648	3
1861318	4932.YHL014C	0.645	2
1861590	4932.YHR195W	0.639	1
1860789	4932.YGL077C	0.638	1
1862685	4932.YLL066C	0.638	77
1861816	4932.YIL177C	0.637	103
1859684	4932.YDR034C-D	0.637	227
1862688	4932.YLL067C	0.637	74
1861871	4932.YJL004C	0.635	1
1864761	4932.YOR396W	0.633	104
1860236	4932.YDR545W	0.633	104
1863204	4932.YLR467W	0.633	104
1861625	4932.YHR219W	0.633	38
1862102	4932.YJL225C	0.63	101
1865280	4932.YPR204W	0.629	70
1864705	4932.YOR343W-B	0.628	235
1863202	4932.YLR466W	0.625	83
1864544	4932.YOR192C-B	0.624	233
1863797	4932.YNL076W	0.623	1
1860927	4932.YGL212W	0.622	1
1862112	4932.YJR008W	0.621	1
1862402	4932.YKL121W	0.62	2
1864176	4932.YOL019W	0.619	3
1863693	4932.YMR306W	0.619	26
1861006	4932.YGR026W	0.615	1
1862459	4932.YKL174C	0.614	1
1862568	4932.YKR058W	0.613	2
1859217	4932.YCL020W	0.613	16
1861941	4932.YJL073W	0.609	3
1863361	4932.YMR006C	0.608	2
1864970	4932.YPL202C	0.607	1
1858717	4932.YAR028W	0.602	1
1864337	4932.YOR002W	0.6	2
1861116	4932.YGR125W	0.6	4
1862448	4932.YKL164C	0.597	3
1861238	4932.YGR238C	0.595	3
1864867	4932.YPL104W	0.595	3
1863031	4932.YLR310C	0.594	7
1858789	4932.YBL046W	0.594	2
1864470	4932.YOR126C	0.593	1
1861761	4932.YIL121W	0.592	3
1864192	4932.YOL034W	0.59	3
1863193	4932.YLR459W	0.589	2
1862634	4932.YLL015W	0.587	7
1862275	4932.YKL005C	0.587	2
1862951	4932.YLR238W	0.585	1
1864977	4932.YPL209C	0.585	1
1859930	4932.YDR261W-A	0.579	16
1859874	4932.YDR210W-A	0.579	16
1864543	4932.YOR192C-A	0.579	16
1862381	4932.YKL101W	0.579	3
1860568	4932.YFL002W-B	0.578	16
1861156	4932.YGR161W-A	0.578	16
1861190	4932.YGR191W	0.577	2
1859778	4932.YDR122W	0.577	8
1863850	4932.YNL126W	0.576	4
1863330	4932.YML112W	0.574	1
1861969	4932.YJL099W	0.574	2
1864129	4932.YNR052C	0.573	2
1864000	4932.YNL271C	0.572	6
1861358	4932.YHL048W	0.572	1
1859896	4932.YDR231C	0.569	1
1859683	4932.YDR034C-C	0.568	16
1863140	4932.YLR410W-A	0.568	16
1863565	4932.YMR190C	0.566	2
1862288	4932.YKL017C	0.566	3
1861193	4932.YGR194C	0.565	2
1863460	4932.YMR097C	0.565	1
1860616	4932.YFL042C	0.561	2
1862978	4932.YLR263W	0.56	3
1859508	4932.YDL119C	0.556	1
1860639	4932.YFL066C	0.555	27
1862007	4932.YJL134W	0.554	2
1860327	4932.YEL077C	0.553	76
1863295	4932.YML081W	0.552	2
1858940	4932.YBR069C	0.552	2
1861720	4932.YIL084C	0.55	1
1862247	4932.YJR140C	0.548	6
1862292	4932.YKL020C	0.548	3
1864001	4932.YNL272C	0.547	3
1862145	4932.YJR040W	0.546	2
1864086	4932.YNR011C	0.545	6
1864059	4932.YNL327W	0.542	3
1862483	4932.YKL197C	0.541	5
1858871	4932.YBR005W	0.541	1
1860325	4932.YEL076C	0.54	7
1858892	4932.YBR024W	0.54	1
1862651	4932.YLL032C	0.54	3
1861242	4932.YGR241C	0.538	1
1860605	4932.YFL033C	0.535	6
1862506	4932.YKL222C	0.534	6
1864752	4932.YOR388C	0.532	1
1859207	4932.YCL008C	0.532	1
1862203	4932.YJR098C	0.532	2
1863290	4932.YML077W	0.532	1
1862600	4932.YKR089C	0.531	4
1862934	4932.YLR223C	0.531	2
1859612	4932.YDL217C	0.529	1
1863085	4932.YLR361C	0.527	2
1863400	4932.YMR041C	0.524	1
1863560	4932.YMR185W	0.523	4
1859481	4932.YDL093W	0.522	3
1862700	4932.YLR011W	0.52	1
1862487	4932.YKL203C	0.52	10
1858850	4932.YBL100W-B	0.52	213
1862138	4932.YJR033C	0.513	4
1860256	4932.YEL017W	0.513	2
1865261	4932.YPR186C	0.513	1
1860600	4932.YFL029C	0.509	1
1860091	4932.YDR407C	0.508	4
1864101	4932.YNR026C	0.505	2
1864717	4932.YOR355W	0.501	2
1862377	4932.YKL098W	0.5	1
1860160	4932.YDR475C	0.499	2
1864767	4932.YPL006W	0.496	3
1858973	4932.YBR098W	0.495	2
1862325	4932.YKL051W	0.494	1
1859203	4932.YCL004W	0.492	2
1858912	4932.YBR044C	0.491	2
1863177	4932.YLR443W	0.49	1
1861545	4932.YHR156C	0.487	1
1862794	4932.YLR103C	0.486	2
1860662	4932.YFR018C	0.485	1
1864945	4932.YPL179W	0.483	7
1862829	4932.YLR137W	0.482	1
1864642	4932.YOR289W	0.48	1
1863123	4932.YLR396C	0.48	2
1863095	4932.YLR368W	0.479	2
1860469	4932.YER113C	0.478	2
1862056	4932.YJL181W	0.475	4
1860697	4932.YFR048W	0.473	4
1859479	4932.YDL091C	0.472	2
1861486	4932.YHR102W	0.472	2
1864961	4932.YPL193W	0.472	1
1862880	4932.YLR170C	0.471	1
1858852	4932.YBL101C	0.468	4
1863151	4932.YLR419W	0.468	4
1862673	4932.YLL054C	0.465	3
1861432	4932.YHR057C	0.465	1
1860856	4932.YGL143C	0.462	1
1862650	4932.YLL031C	0.46	4
1864528	4932.YOR179C	0.458	1
1863602	4932.YMR224C	0.458	1
1859401	4932.YDL017W	0.457	2
1858941	4932.YBR070C	0.456	1
1859708	4932.YDR057W	0.455	2
1859227	4932.YCL029C	0.455	1
1859908	4932.YDR243C	0.455	2
1864307	4932.YOL141W	0.453	1
1861360	4932.YHL050C	0.445	40
1864462	4932.YOR118W	0.444	2
1863188	4932.YLR454W	0.443	8
1862528	4932.YKR019C	0.443	1
1863235	4932.YML027W	0.439	1
1861924	4932.YJL057C	0.436	1
1863663	4932.YMR280C	0.435	2
1864704	4932.YOR343W-A	0.435	12
1862470	4932.YKL184W	0.435	2
1863158	4932.YLR426W	0.435	1
1863426	4932.YMR065W	0.432	1
1858865	4932.YBL113C	0.429	36
1863589	4932.YMR211W	0.419	2
1864174	4932.YOL017W	0.419	2
1860094	4932.YDR410C	0.418	1
1864157	4932.YOL002C	0.417	1
1862365	4932.YKL088W	0.415	2
1859761	4932.YDR107C	0.413	1
1859495	4932.YDL107W	0.412	1
1862770	4932.YLR080W	0.41	1
1858910	4932.YBR042C	0.408	1
1859477	4932.YDL089W	0.407	1
1861289	4932.YGR287C	0.406	3
1859652	4932.YDR006C	0.406	2
1863133	4932.YLR405W	0.401	1
1860271	4932.YEL029C	0.399	1
1862900	4932.YLR190W	0.393	1
1859213	4932.YCL016C	0.391	1
1859032	4932.YBR150C	0.391	2
1864232	4932.YOL072W	0.39	1
1861939	4932.YJL071W	0.389	1
1860076	4932.YDR393W	0.388	1
1863670	4932.YMR287C	0.387	2
1862950	4932.YLR237W	0.386	2
1864687	4932.YOR329C	0.386	1
1861576	4932.YHR182W	0.384	2
1862520	4932.YKR011C	0.381	1
1863098	4932.YLR371W	0.381	3
1864735	4932.YOR373W	0.379	2
1865045	4932.YPL272C	0.379	2
1864542	4932.YOR192C	0.378	2
1862171	4932.YJR066W	0.377	6
1860844	4932.YGL131C	0.375	4
1863149	4932.YLR417W	0.375	1
1861330	4932.YHL024W	0.375	1
1862713	4932.YLR024C	0.372	4
1859851	4932.YDR191W	0.369	1
1861558	4932.YHR168W	0.368	1
1861530	4932.YHR142W	0.367	1
1862215	4932.YJR110W	0.366	2
1864991	4932.YPL222W	0.365	3
1863876	4932.YNL148C	0.363	1
1859335	4932.YCR061W	0.361	1
1863229	4932.YML021C	0.361	1
1865043	4932.YPL270W	0.359	2
1863074	4932.YLR350W	0.359	2
1862612	4932.YKR100C	0.358	1
1860083	4932.YDR400W	0.358	1
1860457	4932.YER101C	0.356	1
1861125	4932.YGR134W	0.355	2
1861078	4932.YGR091W	0.354	1
1859909	4932.YDR244W	0.352	2
1864320	4932.YOL155C	0.351	1
1863728	4932.YNL011C	0.351	1
1864778	4932.YPL017C	0.35	1
1861682	4932.YIL048W	0.35	2
1864938	4932.YPL172C	0.348	1
1859478	4932.YDL090C	0.347	1
1863849	4932.YNL125C	0.346	1
1862925	4932.YLR215C	0.346	1
1862833	4932.YLR141W	0.342	1
1859087	4932.YBR200W	0.342	1
1862549	4932.YKR039W	0.34	2
1864982	4932.YPL214C	0.338	1
1862631	4932.YLL012W	0.338	2
1862279	4932.YKL008C	0.337	1
1864819	4932.YPL057C	0.336	1
1865102	4932.YPR042C	0.335	1
1861600	4932.YHR204W	0.334	2
1863773	4932.YNL054W	0.334	1
1865085	4932.YPR026W	0.333	2
1861846	4932.YIR023W	0.331	1
1861113	4932.YGR122W	0.331	1
1864201	4932.YOL042W	0.33	1
1864711	4932.YOR349W	0.329	3
1861076	4932.YGR089W	0.329	1
1863923	4932.YNL194C	0.328	1
1859165	4932.YBR271W	0.326	1
1863893	4932.YNL164C	0.326	1
1861400	4932.YHR032W	0.326	1
1859884	4932.YDR219C	0.325	1
1862827	4932.YLR135W	0.324	6
1863785	4932.YNL066W	0.321	1
1859830	4932.YDR173C	0.321	1
1864303	4932.YOL137W	0.321	1
1861335	4932.YHL029C	0.321	1
1862762	4932.YLR072W	0.319	3
1860220	4932.YDR530C	0.317	1
1865069	4932.YPR011C	0.317	1
1860288	4932.YEL043W	0.316	1
1864656	4932.YOR301W	0.315	1
1863391	4932.YMR032W	0.315	2
1858641	4932.YAL022C	0.313	1
1861976	4932.YJL106W	0.313	6
1862104	4932.YJR001W	0.311	1
1861763	4932.YIL123W	0.311	2
1862754	4932.YLR064W	0.31	1
1861769	4932.YIL129C	0.309	5
1860826	4932.YGL114W	0.308	2
1861101	4932.YGR112W	0.304	1
1862040	4932.YJL165C	0.304	1
1862236	4932.YJR130C	0.304	1
1859174	4932.YBR280C	0.301	1
1860638	4932.YFL065C	0.299	2
1861398	4932.YHR031C	0.297	1
1863425	4932.YMR064W	0.296	1
1862085	4932.YJL209W	0.296	1
1860665	4932.YFR021W	0.296	1
1859765	4932.YDR111C	0.294	1
1864664	4932.YOR308C	0.292	1
1860470	4932.YER114C	0.29	2
1859633	4932.YDL238C	0.288	1
1864214	4932.YOL054W	0.287	1
1864273	4932.YOL107W	0.287	1
1862322	4932.YKL048C	0.286	1
1862183	4932.YJR078W	0.284	1
1862432	4932.YKL149C	0.282	1
1859802	4932.YDR147W	0.281	1
1860173	4932.YDR488C	0.28	1
1859339	4932.YCR066W	0.279	1
1863610	4932.YMR231W	0.278	2
1861586	4932.YHR192W	0.275	1
1863591	4932.YMR213W	0.275	1
1863978	4932.YNL249C	0.274	1
1863440	4932.YMR078C	0.274	1
1862834	4932.YLR142W	0.271	1
1858979	4932.YBR104W	0.269	1
1862617	4932.YKR105C	0.269	1
1864283	4932.YOL117W	0.268	1
1865176	4932.YPR115W	0.267	2
1860518	4932.YER153C	0.266	1
1860310	4932.YEL062W	0.264	1
1865105	4932.YPR045C	0.262	1
1862696	4932.YLR007W	0.261	1
1864125	4932.YNR048W	0.254	1
1859720	4932.YDR069C	0.254	1
1862626	4932.YLL007C	0.252	1
1863816	4932.YNL095C	0.252	1
1860746	4932.YGL036W	0.249	1
1865128	4932.YPR068C	0.248	1
1861053	4932.YGR067C	0.248	1
1862807	4932.YLR116W	0.245	1
1864258	4932.YOL095C	0.244	1
1863327	4932.YML109W	0.244	1
1864834	4932.YPL072W	0.244	1
1864124	4932.YNR047W	0.242	1
1865278	4932.YPR203W	0.242	2
1863154	4932.YLR422W	0.241	2
1860721	4932.YGL012W	0.24	1
1862319	4932.YKL045W	0.237	1
1862599	4932.YKR088C	0.236	1
1860124	4932.YDR440W	0.235	1
1860770	4932.YGL059W	0.234	1
1864223	4932.YOL063C	0.233	1
1859665	4932.YDR018C	0.232	1
1864144	4932.YNR067C	0.232	2
1864322	4932.YOL156W	0.231	8
1862095	4932.YJL219W	0.231	8
1864348	4932.YOR011W	0.23	3
1864245	4932.YOL084W	0.23	1
1860853	4932.YGL140C	0.229	3
1863168	4932.YLR436C	0.227	2
1859905	4932.YDR240C	0.227	1
1861322	4932.YHL017W	0.225	1
1859866	4932.YDR205W	0.224	1
1861264	4932.YGR263C	0.224	1
1860025	4932.YDR350C	0.222	1
1864108	4932.YNR032W	0.221	4
1862831	4932.YLR139C	0.22	1
1862088	4932.YJL212C	0.22	1
1864425	4932.YOR081C	0.219	1
1859421	4932.YDL035C	0.219	1
1861343	4932.YHL035C	0.219	7
1861003	4932.YGR023W	0.218	2
1865236	4932.YPR164W	0.214	2
1858684	4932.YAL058W	0.206	1
1863596	4932.YMR218C	0.206	2
1859788	4932.YDR132C	0.205	1
1861086	4932.YGR099W	0.205	1
1862530	4932.YKR021W	0.202	1
1859367	4932.YCR094W	0.201	1
1860983	4932.YGR003W	0.201	1
1858972	4932.YBR097W	0.198	1
1861793	4932.YIL151C	0.197	1
1865202	4932.YPR138C	0.194	1
1863461	4932.YMR098C	0.19	1
1864872	4932.YPL109C	0.19	1
1863119	4932.YLR392C	0.185	1
1858832	4932.YBL085W	0.185	2
1860026	4932.YDR351W	0.182	1
1859641	4932.YDL245C	0.18	6
1862266	4932.YJR158W	0.18	6
1860912	4932.YGL197W	0.178	1
1860574	4932.YFL009W	0.178	1
1860317	4932.YEL069C	0.177	6
1864149	4932.YNR072W	0.177	6
1858676	4932.YAL048C	0.175	1
1861561	4932.YHR171W	0.173	1
1860475	4932.YER119C	0.173	1
1864374	4932.YOR034C	0.172	1
1861580	4932.YHR186C	0.17	2
1861110	4932.YGR121C	0.17	1
1858831	4932.YBL084C	0.17	1
1860967	4932.YGL251C	0.17	1
1862899	4932.YLR189C	0.169	1
1861463	4932.YHR080C	0.168	1
1859703	4932.YDR052C	0.167	1
1858906	4932.YBR038W	0.167	1
1863054	4932.YLR332W	0.167	1
1861819	4932.YIR002C	0.167	1
1862897	4932.YLR187W	0.166	1
1864609	4932.YOR256C	0.166	1
1860357	4932.YER024W	0.165	1
1859940	4932.YDR270W	0.165	1
1863490	4932.YMR124W	0.161	1
1863483	4932.YMR119W	0.161	1
1862232	4932.YJR126C	0.158	1
1859021	4932.YBR140C	0.157	3
1864436	4932.YOR093C	0.155	3
1862294	4932.YKL022C	0.153	1
1858619	4932.YAL002W	0.152	2
1859456	4932.YDL070W	0.152	1
1862245	4932.YJR138W	0.149	1
1863870	4932.YNL144C	0.149	1
1863008	4932.YLR289W	0.148	1
1863446	4932.YMR084W	0.143	1
1863962	4932.YNL233W	0.142	1
1862080	4932.YJL204C	0.141	1
1861195	4932.YGR196C	0.138	1
1859878	4932.YDR213W	0.138	1
1859846	4932.YDR186C	0.132	1
1863971	4932.YNL242W	0.129	1
1863504	4932.YMR137C	0.127	1
1863553	4932.YMR179W	0.124	1
1860733	4932.YGL023C	0.124	1
1862493	4932.YKL209C	0.122	1
1859758	4932.YDR104C	0.121	1
1858741	4932.YBL005W	0.118	1
1860731	4932.YGL021W	0.117	1
1862001	4932.YJL129C	0.111	1
1858775	4932.YBL034C	0.111	1
1860190	4932.YDR505C	0.107	2
1858643	4932.YAL024C	0.097	1
1861084	4932.YGR097W	0.096	1
1862564	4932.YKR054C	0.095	3
1860577	4932.YFL011W	0.092	7
1859198	4932.YBR302C	0.085	2
1863351	4932.YML132W	0.085	2
1862597	4932.YKR086W	0.084	1
1863533	4932.YMR162C	0.083	1
1864068	4932.YNL336W	0.082	2
1864541	4932.YOR191W	0.082	1
1860635	4932.YFL062W	0.081	2
1859645	4932.YDL248W	0.081	2
1862090	4932.YJL214W	0.08	7
1862269	4932.YJR161C	0.078	2
1864002	4932.YNL273W	0.073	1
1860663	4932.YFR019W	0.072	1
1864746	4932.YOR382W	0.07	1
1865206	4932.YPR142C	0.067	1
1862097	4932.YJL221C	0.04	1
1861813	4932.YIL172C	0.04	1
1864323	4932.YOL157C	0.039	1
1861640	4932.YIL013C	0.036	1
1864166	4932.YOL011W	0.015	1
