a_sys	b_sys	a_sym	b_sym	system	type	pub
YGR198W	YLR305C	YPP1	STT4	Affinity Capture-MS	physical	PUBMED:14690591
YNL298W	YBR023C	CLA4	CHS3	Synthetic Lethality	genetic	PUBMED:12686605
YDR473C	YLR305C	PRP3	STT4	Affinity Capture-MS	physical	PUBMED:14759368
YJL115W	YJL026W	ASF1	RNR2	Affinity Capture-MS	physical	PUBMED:11805826
YJL115W	YGR180C	ASF1	RNR4	Affinity Capture-MS	physical	PUBMED:11805826
YOL123W	YDR023W	HRP1	SES1	Affinity Capture-MS	physical	PUBMED:11805826
YBR089C-A	YJL026W	NHP6B	RNR2	Affinity Capture-MS	physical	PUBMED:11805826
YER120W	YLR305C	SCS2	STT4	Affinity Capture-MS	physical	PUBMED:11805826
YBR069C	YGR218W	TAT1	CRM1	Affinity Capture-MS	physical	PUBMED:11805826
YBR069C	YDR171W	TAT1	HSP42	Affinity Capture-MS	physical	PUBMED:11805826
YBR069C	YER110C	TAT1	KAP123	Affinity Capture-MS	physical	PUBMED:11805826
YBR069C	YJR077C	TAT1	MIR1	Affinity Capture-MS	physical	PUBMED:11805826
YBR069C	YLR044C	TAT1	PDC1	Affinity Capture-MS	physical	PUBMED:11805826
YBR069C	YDL043C	TAT1	PRP11	Affinity Capture-MS	physical	PUBMED:11805826
YBR069C	YNL064C	TAT1	YDJ1	Affinity Capture-MS	physical	PUBMED:11805826
YBR069C	YHR020W	TAT1	YHR020W	Affinity Capture-MS	physical	PUBMED:11805826
YBR069C	YPL233W	TAT1	NSL1	Affinity Capture-MS	physical	PUBMED:11805826
YJL069C	YHR011W	UTP18	DIA4	Affinity Capture-MS	physical	PUBMED:11805826
YPL204W	YDR023W	HRR25	SES1	Affinity Capture-MS	physical	PUBMED:11805837
YDL047W	YJL026W	SIT4	RNR2	Affinity Capture-MS	physical	PUBMED:11805837
YGL237C	YBR085W	HAP2	AAC3	Affinity Capture-MS	physical	PUBMED:11805837
YDR129C	YDR353W	SAC6	TRR1	Affinity Capture-MS	physical	PUBMED:11805837
YNL180C	YDR353W	RHO5	TRR1	Affinity Capture-MS	physical	PUBMED:11805837
YHR135C	YBR085W	YCK1	AAC3	Affinity Capture-MS	physical	PUBMED:11805837
YKL193C	YGL008C	SDS22	PMA1	Affinity Capture-MS	physical	PUBMED:11805837
YKL193C	YPL036W	SDS22	PMA2	Affinity Capture-MS	physical	PUBMED:11805837
YLR216C	YDR353W	CPR6	TRR1	Affinity Capture-MS	physical	PUBMED:11805837
YOR229W	YJL026W	WTM2	RNR2	Affinity Capture-MS	physical	PUBMED:11805837
YBR217W	YMR056C	ATG12	AAC1	Affinity Capture-MS	physical	PUBMED:11805837
YBR217W	YBR085W	ATG12	AAC3	Affinity Capture-MS	physical	PUBMED:11805837
YBL036C	YDR023W	YBL036C	SES1	Affinity Capture-MS	physical	PUBMED:11805837
YGL137W	YBL030C	SEC27	PET9	Affinity Capture-MS	physical	PUBMED:11805837
YGL137W	YJL026W	SEC27	RNR2	Affinity Capture-MS	physical	PUBMED:11805837
YML058W	YBR085W	SML1	AAC3	Affinity Capture-MS	physical	PUBMED:11805837
YDR398W	YJL026W	UTP5	RNR2	Affinity Capture-MS	physical	PUBMED:11805837
YNL244C	YDR353W	SUI1	TRR1	Affinity Capture-MS	physical	PUBMED:11805837
YJL173C	YBR085W	RFA3	AAC3	Affinity Capture-MS	physical	PUBMED:11805837
YMR059W	YJL026W	SEN15	RNR2	Affinity Capture-MS	physical	PUBMED:11805837
YMR059W	YDR023W	SEN15	SES1	Affinity Capture-MS	physical	PUBMED:11805837
YGR262C	YBR085W	BUD32	AAC3	Affinity Capture-MS	physical	PUBMED:11805837
YGR262C	YHR011W	BUD32	DIA4	Affinity Capture-MS	physical	PUBMED:11805837
YOL128C	YDR353W	YGK3	TRR1	Affinity Capture-MS	physical	PUBMED:11805837
YDR075W	YHR011W	PPH3	DIA4	Affinity Capture-MS	physical	PUBMED:11805837
YAR003W	YJL026W	SWD1	RNR2	Affinity Capture-MS	physical	PUBMED:11805837
YHR082C	YNL192W	KSP1	CHS1	Affinity Capture-MS	physical	PUBMED:11805837
YBR017C	YBL030C	KAP104	PET9	Affinity Capture-MS	physical	PUBMED:11805837
YPR054W	YJL026W	SMK1	RNR2	Affinity Capture-MS	physical	PUBMED:11805837
YHR030C	YGL008C	SLT2	PMA1	Affinity Capture-MS	physical	PUBMED:11805837
YDL193W	YGL008C	NUS1	PMA1	Affinity Capture-MS	physical	PUBMED:11805837
YDL059C	YBR085W	RAD59	AAC3	Affinity Capture-MS	physical	PUBMED:11805837
YDL059C	YMR108W	RAD59	ILV2	Affinity Capture-MS	physical	PUBMED:11805837
YKL011C	YIL066C	CCE1	RNR3	Affinity Capture-MS	physical	PUBMED:11805837
YER171W	YMR056C	RAD3	AAC1	Affinity Capture-MS	physical	PUBMED:11805837
YER171W	YBR085W	RAD3	AAC3	Affinity Capture-MS	physical	PUBMED:11805837
YOL133W	YPL036W	HRT1	PMA2	Affinity Capture-MS	physical	PUBMED:11805837
YGR040W	YGL008C	KSS1	PMA1	Affinity Capture-MS	physical	PUBMED:11805837
YML095C	YJL026W	RAD10	RNR2	Affinity Capture-MS	physical	PUBMED:11805837
YER161C	YBR085W	SPT2	AAC3	Affinity Capture-MS	physical	PUBMED:11805837
YDR365C	YGL008C	ESF1	PMA1	Affinity Capture-MS	physical	PUBMED:11805837
YML064C	YBR252W	TEM1	DUT1	Affinity Capture-MS	physical	PUBMED:11805837
YJL005W	YJL026W	CYR1	RNR2	Affinity Capture-MS	physical	PUBMED:11805837
YML064C	YER070W	TEM1	RNR1	Affinity Capture-MS	physical	PUBMED:11805837
YML064C	YJL026W	TEM1	RNR2	Affinity Capture-MS	physical	PUBMED:11805837
YOL087C	YDR023W	DUF1	SES1	Affinity Capture-MS	physical	PUBMED:11805837
YDR388W	YDR023W	RVS167	SES1	Affinity Capture-MS	physical	PUBMED:11805837
YDL175C	YDR023W	AIR2	SES1	Affinity Capture-MS	physical	PUBMED:11805837
YPL170W	YGL008C	DAP1	PMA1	Affinity Capture-MS	physical	PUBMED:11805837
YBR055C	YDR353W	PRP6	TRR1	Affinity Capture-MS	physical	PUBMED:11805837
YMR106C	YMR108W	YKU80	ILV2	Affinity Capture-MS	physical	PUBMED:11805837
YOR181W	YBR085W	LAS17	AAC3	Affinity Capture-MS	physical	PUBMED:11805837
YIL063C	YHR011W	YRB2	DIA4	Affinity Capture-MS	physical	PUBMED:11805837
YIL066C	YGR155W	RNR3	CYS4	Affinity Capture-MS	physical	PUBMED:11805837
YIL066C	YCL028W	RNR3	RNQ1	Affinity Capture-MS	physical	PUBMED:11805837
YIL066C	YER070W	RNR3	RNR1	Affinity Capture-MS	physical	PUBMED:11805837
YIL066C	YDL029W	RNR3	ARP2	Affinity Capture-MS	physical	PUBMED:11805837
YIL066C	YDR224C	RNR3	HTB1	Affinity Capture-MS	physical	PUBMED:11805837
YIL066C	YFR052W	RNR3	RPN12	Affinity Capture-MS	physical	PUBMED:11805837
YIL066C	YNL134C	RNR3	YNL134C	Affinity Capture-MS	physical	PUBMED:11805837
YIL066C	YDR427W	RNR3	RPN9	Affinity Capture-MS	physical	PUBMED:11805837
YIL066C	YNL085W	RNR3	MKT1	Affinity Capture-MS	physical	PUBMED:11805837
YKR026C	YBL030C	GCN3	PET9	Affinity Capture-MS	physical	PUBMED:11805837
YIL066C	YLR163C	RNR3	MAS1	Affinity Capture-MS	physical	PUBMED:11805837
YIL066C	YHR024C	RNR3	MAS2	Affinity Capture-MS	physical	PUBMED:11805837
YHR169W	YER070W	DBP8	RNR1	Affinity Capture-MS	physical	PUBMED:11805837
YHR169W	YJL026W	DBP8	RNR2	Affinity Capture-MS	physical	PUBMED:11805837
YNL128W	YMR108W	TEP1	ILV2	Affinity Capture-MS	physical	PUBMED:11805837
YLR442C	YDR023W	SIR3	SES1	Affinity Capture-MS	physical	PUBMED:11805837
YLR442C	YJL026W	SIR3	RNR2	Affinity Capture-MS	physical	PUBMED:11805837
YER020W	YPL036W	GPA2	PMA2	Affinity Capture-MS	physical	PUBMED:11805837
YFR028C	YKL150W	CDC14	MCR1	Affinity Capture-MS	physical	PUBMED:11805837
YNL271C	YBR023C	BNI1	CHS3	Synthetic Lethality	genetic	PUBMED:11743205
YBR023C	YNL271C	CHS3	BNI1	Synthetic Lethality	genetic	PUBMED:11743205
YBR234C	YBR023C	ARC40	CHS3	Synthetic Lethality	genetic	PUBMED:11743205
YDL029W	YBR023C	ARP2	CHS3	Synthetic Lethality	genetic	PUBMED:11743205
YMR190C	YER070W	SGS1	RNR1	Synthetic Lethality	genetic	PUBMED:11743205
YHR030C	YBR023C	SLT2	CHS3	Synthetic Lethality	genetic	PUBMED:14764870
YNL192W	YBR093C	CHS1	PHO5	Synthetic Lethality	genetic	PUBMED:14764870
YNL192W	YBR121C	CHS1	GRS1	Synthetic Lethality	genetic	PUBMED:14764870
YNL192W	YDL206W	CHS1	YDL206W	Synthetic Lethality	genetic	PUBMED:14764870
YNL192W	YDL223C	CHS1	HBT1	Synthetic Lethality	genetic	PUBMED:14764870
YNL192W	YDR276C	CHS1	PMP3	Synthetic Lethality	genetic	PUBMED:14764870
YNL192W	YDR314C	CHS1	RAD34	Synthetic Lethality	genetic	PUBMED:14764870
YNL192W	YER149C	CHS1	PEA2	Synthetic Lethality	genetic	PUBMED:14764870
YNL192W	YFR045W	CHS1	YFR045W	Synthetic Lethality	genetic	PUBMED:14764870
YNL192W	YGL081W	CHS1	YGL081W	Synthetic Lethality	genetic	PUBMED:14764870
YNL192W	YGL110C	CHS1	CUE3	Synthetic Lethality	genetic	PUBMED:14764870
YNL192W	YJL095W	CHS1	BCK1	Synthetic Lethality	genetic	PUBMED:14764870
YNL192W	YJL121C	CHS1	RPE1	Synthetic Lethality	genetic	PUBMED:14764870
YNL192W	YJL214W	CHS1	HXT8	Synthetic Lethality	genetic	PUBMED:14764870
YNL192W	YJR055W	CHS1	HIT1	Synthetic Lethality	genetic	PUBMED:14764870
YNL192W	YLR044C	CHS1	PDC1	Synthetic Lethality	genetic	PUBMED:14764870
YNL192W	YLR074C	CHS1	BUD20	Synthetic Lethality	genetic	PUBMED:14764870
YNL192W	YMR003W	CHS1	AIM34	Synthetic Lethality	genetic	PUBMED:14764870
YNL192W	YNL087W	CHS1	TCB2	Synthetic Lethality	genetic	PUBMED:14764870
YNL192W	YNL200C	CHS1	YNL200C	Synthetic Lethality	genetic	PUBMED:14764870
YNL192W	YNL201C	CHS1	PSY2	Synthetic Lethality	genetic	PUBMED:14764870
YNL192W	YNL202W	CHS1	SPS19	Synthetic Lethality	genetic	PUBMED:14764870
YNL192W	YNL204C	CHS1	SPS18	Synthetic Lethality	genetic	PUBMED:14764870
YNL192W	YNL329C	CHS1	PEX6	Synthetic Lethality	genetic	PUBMED:14764870
YNL192W	YOR043W	CHS1	WHI2	Synthetic Lethality	genetic	PUBMED:14764870
YNL192W	YOR132W	CHS1	VPS17	Synthetic Lethality	genetic	PUBMED:14764870
YNL192W	YOR322C	CHS1	LDB19	Synthetic Lethality	genetic	PUBMED:14764870
YNL192W	YPL192C	CHS1	PRM3	Synthetic Lethality	genetic	PUBMED:14764870
YNL192W	YPL256C	CHS1	CLN2	Synthetic Lethality	genetic	PUBMED:14764870
YBR023C	YDR129C	CHS3	SAC6	Synthetic Lethality	genetic	PUBMED:14764870
YBR023C	YDR245W	CHS3	MNN10	Synthetic Lethality	genetic	PUBMED:14764870
YBR023C	YFR036W	CHS3	CDC26	Synthetic Lethality	genetic	PUBMED:14764870
YBR023C	YGR229C	CHS3	SMI1	Synthetic Lethality	genetic	PUBMED:14764870
YGR229C	YBR023C	SMI1	CHS3	Synthetic Lethality	genetic	PUBMED:14764870
YBR023C	YJL095W	CHS3	BCK1	Synthetic Lethality	genetic	PUBMED:14764870
YBR023C	YJR118C	CHS3	ILM1	Synthetic Lethality	genetic	PUBMED:14764870
YBR023C	YLR337C	CHS3	VRP1	Synthetic Lethality	genetic	PUBMED:14764870
YLR342W	YBR023C	FKS1	CHS3	Synthetic Lethality	genetic	PUBMED:14764870
YOL130W	YLR291C	ALR1	GCD7	Two-hybrid	physical	PUBMED:10688190
YOL130W	YGL025C	ALR1	PGD1	Two-hybrid	physical	PUBMED:10688190
YOL130W	YNL086W	ALR1	SNN1	Two-hybrid	physical	PUBMED:10688190
YDR376W	YCR093W	ARH1	CDC39	Two-hybrid	physical	PUBMED:10688190
YDR376W	YIR024C	ARH1	INA22	Two-hybrid	physical	PUBMED:10688190
YLR305C	YOR355W	STT4	GDS1	Two-hybrid	physical	PUBMED:10688190
YLR305C	YOR047C	STT4	STD1	Two-hybrid	physical	PUBMED:10688190
YHR098C	YGL008C	SFB3	PMA1	Affinity Capture-Western	physical	PUBMED:11086000
YGR180C	YJL026W	RNR4	RNR2	Affinity Capture-Western	physical	PUBMED:9315670
YIL109C	YGL008C	SEC24	PMA1	Affinity Capture-Western	physical	PUBMED:11086000
YKL051W	YLR305C	SFK1	STT4	Affinity Capture-Western	physical	PUBMED:12015967
YLR305C	YKL051W	STT4	SFK1	Affinity Capture-Western	physical	PUBMED:12015967
YER070W	YML058W	RNR1	SML1	Affinity Capture-Western	physical	PUBMED:9774971
YPL218W	YKR039W	SAR1	GAP1	Affinity Capture-Western	physical	PUBMED:9428766
YPL218W	YGR191W	SAR1	HIP1	Affinity Capture-Western	physical	PUBMED:9428766
YDL212W	YKR039W	SHR3	GAP1	Affinity Capture-Western	physical	PUBMED:10564255
YPR036W	YER005W	VMA13	YND1	Affinity Capture-Western	physical	PUBMED:10954728
YBR023C	YBR023C	CHS3	CHS3	Two-hybrid	physical	PUBMED:9314530
YBR023C	YBL061C	CHS3	SKT5	Two-hybrid	physical	PUBMED:9314530
YBL061C	YBR023C	SKT5	CHS3	Two-hybrid	physical	PUBMED:10708377
YJL124C	YMR056C	LSM1	AAC1	Two-hybrid	physical	PUBMED:10900456
YBL026W	YIL066C	LSM2	RNR3	Two-hybrid	physical	PUBMED:10900456
YNL307C	YAL038W	MCK1	CDC19	Two-hybrid	physical	PUBMED:9209064
YER070W	YML058W	RNR1	SML1	Two-hybrid	physical	PUBMED:11904430
YER070W	YML058W	RNR1	SML1	Two-hybrid	physical	PUBMED:11074005
YER070W	YML058W	RNR1	SML1	Two-hybrid	physical	PUBMED:9774971
YER070W	YER070W	RNR1	RNR1	Two-hybrid	physical	PUBMED:9774971
YJL026W	YJL026W	RNR2	RNR2	Two-hybrid	physical	PUBMED:9774971
YIL066C	YML058W	RNR3	SML1	Two-hybrid	physical	PUBMED:11074005
YKL110C	YAL038W	KTI12	CDC19	Two-hybrid	physical	PUBMED:12139626
YER005W	YPR036W	YND1	VMA13	Two-hybrid	physical	PUBMED:10954728
YGL008C	YGL008C	PMA1	PMA1	Affinity Capture-Western	physical	PUBMED:12244215
YKR039W	YMR307W	GAP1	GAS1	Affinity Capture-Western	physical	PUBMED:12885760
YML058W	YER070W	SML1	RNR1	Reconstituted Complex	physical	PUBMED:10593972
YDR023W	YGR239C	SES1	PEX21	Two-hybrid	physical	PUBMED:12204379
YDR023W	YGR239C	SES1	PEX21	Reconstituted Complex	physical	PUBMED:12204379
YNL004W	YGL008C	HRB1	PMA1	Affinity Capture-RNA	physical	PUBMED:14769921
YCL011C	YGL008C	GBP2	PMA1	Affinity Capture-RNA	physical	PUBMED:14769921
YPL151C	YBR069C	PRP46	TAT1	Two-hybrid	physical	PUBMED:12554883
YJL026W	YGR180C	RNR2	RNR4	Reconstituted Complex	physical	PUBMED:10716984
YJL026W	YJL026W	RNR2	RNR2	Co-crystal Structure	physical	PUBMED:15196016
YGR180C	YGR180C	RNR4	RNR4	Co-crystal Structure	physical	PUBMED:15196016
YPR154W	YKL150W	PIN3	MCR1	Two-hybrid	physical	PUBMED:11743162
YDR510W	YAL038W	SMT3	CDC19	Affinity Capture-MS	physical	PUBMED:15590687
YDR510W	YGL008C	SMT3	PMA1	Affinity Capture-MS	physical	PUBMED:15590687
YBR044C	YKL141W	TCM62	SDH3	Reconstituted Complex	physical	PUBMED:9822678
YKL035W	YKL035W	UGP1	UGP1	Protein-peptide	physical	PUBMED:11967834
YJL124C	YCR024C-A	LSM1	PMP1	Two-hybrid	physical	PUBMED:10900456
YJL100W	YOR181W	LSB6	LAS17	Two-hybrid	physical	PUBMED:10512884
YCL009C	YMR108W	ILV6	ILV2	Reconstituted Complex	physical	PUBMED:10213630
YPL240C	YGR180C	HSP82	RNR4	Affinity Capture-MS	physical	PUBMED:15766533
YKR039W	YDL212W	GAP1	SHR3	Co-localization	physical	PUBMED:15623581
YJL092W	YER141W	SRS2	COX15	Two-hybrid	physical	PUBMED:15964827
YNL124W	YPL036W	NAF1	PMA2	Affinity Capture-MS	physical	PUBMED:15798213
YNL124W	YGL008C	NAF1	PMA1	Affinity Capture-MS	physical	PUBMED:15798213
YPL240C	YJR069C	HSP82	HAM1	Two-hybrid	physical	PUBMED:15879519
YPL240C	YOR347C	HSP82	PYK2	Two-hybrid	physical	PUBMED:15879519
YPL240C	YKL035W	HSP82	UGP1	Two-hybrid	physical	PUBMED:15879519
YPL240C	YMR101C	HSP82	SRT1	Two-hybrid	physical	PUBMED:15879519
YER036C	YMR108W	ARB1	ILV2	Affinity Capture-MS	physical	PUBMED:16260602
YOR181W	YJL100W	LAS17	LSB6	Two-hybrid	physical	PUBMED:16216926
YDR103W	YLR305C	STE5	STT4	Co-localization	physical	PUBMED:16209942
YNL307C	YAL038W	MCK1	CDC19	Biochemical Activity	physical	PUBMED:9209064
YJL164C	YAL038W	TPK1	CDC19	Biochemical Activity	physical	PUBMED:12063246
YJL164C	YOR347C	TPK1	PYK2	Biochemical Activity	physical	PUBMED:12063246
YJL164C	YAL038W	TPK1	CDC19	Biochemical Activity	physical	PUBMED:11877433
YOL045W	YKL035W	PSK2	UGP1	Biochemical Activity	physical	PUBMED:12372297
YBR160W	YBR038W	CDC28	CHS2	Biochemical Activity	physical	PUBMED:14574415
YMR127C	YGL008C	SAS2	PMA1	Affinity Capture-MS	physical	PUBMED:15659401
YPL218W	YGR191W	SAR1	HIP1	Co-purification	physical	PUBMED:9428766
YOR153W	YGL008C	PDR5	PMA1	Co-fractionation	physical	PUBMED:12469340
YER070W	YER070W	RNR1	RNR1	Co-fractionation	physical	PUBMED:10593972
YER070W	YER070W	RNR1	RNR1	Co-fractionation	physical	PUBMED:11893751
YIL066C	YIL066C	RNR3	RNR3	Co-fractionation	physical	PUBMED:11893751
YNL243W	YGL008C	SLA2	PMA1	Dosage Lethality	genetic	PUBMED:7896828
YER070W	YLR176C	RNR1	RFX1	Dosage Lethality	genetic	PUBMED:9741624
YJL026W	YLR176C	RNR2	RFX1	Dosage Lethality	genetic	PUBMED:9741624
YDL185W	YER005W	VMA1	YND1	Dosage Lethality	genetic	PUBMED:10954728
YOR334W	YOL130W	MRS2	ALR1	Dosage Rescue	genetic	PUBMED:11544180
YGL008C	YBL069W	PMA1	AST1	Dosage Rescue	genetic	PUBMED:7822420
YJL026W	YOL139C	RNR2	CDC33	Dosage Rescue	genetic	PUBMED:10585489
YLL031C	YBR078W	GPI13	ECM33	Dosage Rescue	genetic	PUBMED:12441642
YLR305C	YLR099C	STT4	ICT1	Dosage Rescue	genetic	PUBMED:12015967
YAL038W	YNL307C	CDC19	MCK1	Dosage Rescue	genetic	PUBMED:9209064
YLR305C	YDR208W	STT4	MSS4	Dosage Rescue	genetic	PUBMED:8152413
YLL031C	YDL014W	GPI13	NOP1	Dosage Rescue	genetic	PUBMED:12441642
YLR305C	YBL105C	STT4	PKC1	Dosage Rescue	genetic	PUBMED:8288577
YLL031C	YNL169C	GPI13	PSD1	Dosage Rescue	genetic	PUBMED:12441642
YLL031C	YGR170W	GPI13	PSD2	Dosage Rescue	genetic	PUBMED:12441642
YKR039W	YFR029W	GAP1	PTR3	Dosage Rescue	genetic	PUBMED:11489133
YBR279W	YER070W	PAF1	RNR1	Dosage Rescue	genetic	PUBMED:12395202
YBR136W	YER070W	MEC1	RNR1	Dosage Rescue	genetic	PUBMED:9927443
YGR180C	YER070W	RNR4	RNR1	Dosage Rescue	genetic	PUBMED:9315670
YOR330C	YER070W	MIP1	RNR1	Dosage Rescue	genetic	PUBMED:8552025
YGR180C	YIL066C	RNR4	RNR3	Dosage Rescue	genetic	PUBMED:9315670
YER070W	YIL066C	RNR1	RNR3	Dosage Rescue	genetic	PUBMED:2199320
YLR305C	YKL051W	STT4	SFK1	Dosage Rescue	genetic	PUBMED:12015967
YBR002C	YMR101C	RER2	SRT1	Dosage Rescue	genetic	PUBMED:9858571
YBR002C	YMR101C	RER2	SRT1	Dosage Rescue	genetic	PUBMED:11442630
YLL031C	YDR293C	GPI13	SSD1	Dosage Rescue	genetic	PUBMED:12441642
YKR039W	YJL156C	GAP1	SSY5	Dosage Rescue	genetic	PUBMED:11489133
YLL031C	YBR233W	GPI13	PBP2	Dosage Rescue	genetic	PUBMED:12441642
YEL042W	YER005W	GDA1	YND1	Dosage Rescue	genetic	PUBMED:10409709
YBR023C	YKL104C	CHS3	GFA1	Phenotypic Enhancement	genetic	PUBMED:11895440
YBR252W	YML021C	DUT1	UNG1	Phenotypic Enhancement	genetic	PUBMED:8223452
YOR033C	YER070W	EXO1	RNR1	Phenotypic Enhancement	genetic	PUBMED:11438669
YLR305C	YNL267W	STT4	PIK1	Phenotypic Enhancement	genetic	PUBMED:10930462
YER005W	YEL042W	YND1	GDA1	Phenotypic Enhancement	genetic	PUBMED:10409709
YGL008C	YBL069W	PMA1	AST1	Synthetic Growth Defect	genetic	PUBMED:7822420
YKR039W	YCL025C	GAP1	AGP1	Synthetic Growth Defect	genetic	PUBMED:9891035
YKR039W	YDR160W	GAP1	SSY1	Synthetic Growth Defect	genetic	PUBMED:9891035
YGR204W	YGR191W	ADE3	HIP1	Synthetic Lethality	genetic	PUBMED:12684846
YGR191W	YGR204W	HIP1	ADE3	Synthetic Lethality	genetic	PUBMED:12684846
YBR085W	YDR129C	AAC3	SAC6	Synthetic Lethality	genetic	PUBMED:8243993
YJL014W	YBL030C	CCT3	PET9	Synthetic Lethality	genetic	PUBMED:7916460
YIL142W	YBL030C	CCT2	PET9	Synthetic Lethality	genetic	PUBMED:7916460
YOL139C	YJL026W	CDC33	RNR2	Synthetic Lethality	genetic	PUBMED:10585489
YBR038W	YBR023C	CHS2	CHS3	Synthetic Lethality	genetic	PUBMED:11839781
YBR023C	YJR076C	CHS3	CDC11	Synthetic Lethality	genetic	PUBMED:12802080
YBR023C	YMR307W	CHS3	GAS1	Synthetic Lethality	genetic	PUBMED:10940014
YBR023C	YEL036C	CHS3	ANP1	Synthetic Lethality	genetic	PUBMED:10500155
YBR023C	YLR342W	CHS3	FKS1	Synthetic Lethality	genetic	PUBMED:10500155
YBR023C	YER001W	CHS3	MNN1	Synthetic Lethality	genetic	PUBMED:10500155
YBR023C	YML115C	CHS3	VAN1	Synthetic Lethality	genetic	PUBMED:10500155
YBR023C	YMR307W	CHS3	GAS1	Synthetic Lethality	genetic	PUBMED:8990299
YKR039W	YFR029W	GAP1	PTR3	Synthetic Lethality	genetic	PUBMED:11489133
YKR039W	YDR160W	GAP1	SSY1	Synthetic Lethality	genetic	PUBMED:11489133
YKR039W	YJL156C	GAP1	SSY5	Synthetic Lethality	genetic	PUBMED:11489133
YGL043W	YLR305C	DST1	STT4	Synthetic Lethality	genetic	PUBMED:10913179
YKL051W	YLR305C	SFK1	STT4	Synthetic Lethality	genetic	PUBMED:12015967
YMR101C	YBR002C	SRT1	RER2	Synthetic Lethality	genetic	PUBMED:9858571
YLR305C	YNL267W	STT4	PIK1	Synthetic Lethality	genetic	PUBMED:12665577
YLR305C	YLR342W	STT4	FKS1	Synthetic Lethality	genetic	PUBMED:12015967
YDR212W	YBL030C	TCP1	PET9	Synthetic Lethality	genetic	PUBMED:7916460
YOR008C	YLR305C	SLG1	STT4	Synthetic Lethality	genetic	PUBMED:12015967
YGL008C	YIL005W	PMA1	EPS1	Synthetic Rescue	genetic	PUBMED:12881414
YGL008C	YIL005W	PMA1	EPS1	Synthetic Rescue	genetic	PUBMED:10545109
YER133W	YGL008C	GLC7	PMA1	Synthetic Rescue	genetic	PUBMED:11973298
YJR059W	YGL008C	PTK2	PMA1	Synthetic Rescue	genetic	PUBMED:11003661
YKL190W	YGL008C	CNB1	PMA1	Synthetic Rescue	genetic	PUBMED:9611198
YNL216W	YER070W	RAP1	RNR1	Synthetic Rescue	genetic	PUBMED:7791768
YLR305C	YKL212W	STT4	SAC1	Synthetic Rescue	genetic	PUBMED:11514624
YGL008C	YJL192C	PMA1	SOP4	Synthetic Rescue	genetic	PUBMED:12230471
YLR182W	YDR353W	SWI6	TRR1	Synthetic Rescue	genetic	PUBMED:9202020
YAL039C	YER141W	CYC3	COX15	Phenotypic Enhancement	genetic	PUBMED:11959116
YGL008C	YHR012W	PMA1	VPS29	Synthetic Rescue	genetic	PUBMED:9265642
YGL008C	YMR004W	PMA1	MVP1	Synthetic Rescue	genetic	PUBMED:9265642
YGL008C	YJL154C	PMA1	VPS35	Synthetic Rescue	genetic	PUBMED:9265642
YGL008C	YNR006W	PMA1	VPS27	Synthetic Rescue	genetic	PUBMED:9265642
YGL008C	YKR001C	PMA1	VPS1	Synthetic Rescue	genetic	PUBMED:9265642
YGL008C	YLR417W	PMA1	VPS36	Synthetic Rescue	genetic	PUBMED:9265642
YGL008C	YLR360W	PMA1	VPS38	Synthetic Rescue	genetic	PUBMED:9265642
YGL008C	YLL040C	PMA1	VPS13	Synthetic Rescue	genetic	PUBMED:9265642
YGL008C	YBR290W	PMA1	BSD2	Synthetic Rescue	genetic	PUBMED:9265642
YGL008C	YOR067C	PMA1	ALG8	Synthetic Rescue	genetic	PUBMED:9265642
YGL008C	YOR109W	PMA1	INP53	Synthetic Rescue	genetic	PUBMED:9265642
YDR162C	YOR347C	NBP2	PYK2	Synthetic Rescue	genetic	PUBMED:14573466
YIR019C	YHR011W	FLO11	DIA4	Phenotypic Suppression	genetic	PUBMED:11063681
YLR305C	YKR054C	STT4	DYN1	Synthetic Lethality	genetic	PUBMED:9624007
YLR305C	YMR294W	STT4	JNM1	Synthetic Lethality	genetic	PUBMED:9624007
YMR056C	YBL030C	AAC1	PET9	Synthetic Lethality	genetic	PUBMED:15016764
YER125W	YGL008C	RSP5	PMA1	Synthetic Rescue	genetic	PUBMED:10721705
YCL061C	YER070W	MRC1	RNR1	Dosage Rescue	genetic	PUBMED:11331602
YPL153C	YER070W	RAD53	RNR1	Dosage Rescue	genetic	PUBMED:11331602
YGL008C	YMR296C	PMA1	LCB1	Synthetic Rescue	genetic	PUBMED:12244215
YKR039W	YDR159W	GAP1	SAC3	Dosage Rescue	genetic	PUBMED:10517330
YGR282C	YBR023C	BGL2	CHS3	Phenotypic Enhancement	genetic	PUBMED:14574112
YDL090C	YBR023C	RAM1	CHS3	Dosage Rescue	genetic	PUBMED:2061313
YBR038W	YBR023C	CHS2	CHS3	Synthetic Lethality	genetic	PUBMED:12892896
YGR191W	YBR069C	HIP1	TAT1	Phenotypic Enhancement	genetic	PUBMED:9473505
YJL099W	YBR023C	CHS6	CHS3	Dosage Rescue	genetic	PUBMED:11879634
YJR148W	YMR108W	BAT2	ILV2	Phenotypic Enhancement	genetic	PUBMED:11341309
YHR208W	YMR108W	BAT1	ILV2	Phenotypic Enhancement	genetic	PUBMED:11341309
YDR353W	YPL091W	TRR1	GLR1	Dosage Rescue	genetic	PUBMED:12376468
YPL096C-A	YBR023C	ERI1	CHS3	Synthetic Growth Defect	genetic	PUBMED:15163411
YER164W	YOL130W	CHD1	ALR1	Synthetic Growth Defect	genetic	PUBMED:10811623
YOL045W	YKL035W	PSK2	UGP1	Dosage Growth Defect	genetic	PUBMED:12372297
YEL021W	YKR039W	URA3	GAP1	Synthetic Growth Defect	genetic	PUBMED:10207060
YBL030C	YBR085W	PET9	AAC3	Dosage Rescue	genetic	PUBMED:15238515
YBL030C	YNL083W	PET9	SAL1	Dosage Rescue	genetic	PUBMED:15238515
YBR136W	YGR180C	MEC1	RNR4	Synthetic Lethality	genetic	PUBMED:9315670
YDL101C	YGR180C	DUN1	RNR4	Synthetic Lethality	genetic	PUBMED:9315670
YGR180C	YPL153C	RNR4	RAD53	Synthetic Lethality	genetic	PUBMED:9315670
YML061C	YER070W	PIF1	RNR1	Dosage Rescue	genetic	PUBMED:15907372
YER125W	YAL038W	RSP5	CDC19	Dosage Lethality	genetic	PUBMED:15955809
YJL100W	YFL026W	LSB6	STE2	Phenotypic Suppression	genetic	PUBMED:16216926
YER016W	YGR180C	BIM1	RNR4	Synthetic Lethality	genetic	PUBMED:15525520
YPL075W	YCR024C-A	GCR1	PMP1	Synthetic Lethality	genetic	PUBMED:15817685
YAL007C	YGL008C	ERP2	PMA1	Affinity Capture-MS	physical	PUBMED:16554755
YBR159W	YGL008C	IFA38	PMA1	Affinity Capture-MS	physical	PUBMED:16554755
YCR008W	YLR305C	SAT4	STT4	Affinity Capture-MS	physical	PUBMED:16554755
YDL095W	YGL008C	PMT1	PMA1	Affinity Capture-MS	physical	PUBMED:16554755
YDL100C	YBR069C	GET3	TAT1	Affinity Capture-MS	physical	PUBMED:16554755
YDR353W	YHR106W	TRR1	TRR2	Affinity Capture-MS	physical	PUBMED:16554755
YDR427W	YBR069C	RPN9	TAT1	Affinity Capture-MS	physical	PUBMED:16554755
YER070W	YBR072W	RNR1	HSP26	Affinity Capture-MS	physical	PUBMED:16554755
YER070W	YIL066C	RNR1	RNR3	Affinity Capture-MS	physical	PUBMED:16554755
YER070W	YJL026W	RNR1	RNR2	Affinity Capture-MS	physical	PUBMED:16554755
YGL167C	YBL030C	PMR1	PET9	Affinity Capture-MS	physical	PUBMED:16554755
YGL167C	YBR085W	PMR1	AAC3	Affinity Capture-MS	physical	PUBMED:16554755
YGL167C	YGL008C	PMR1	PMA1	Affinity Capture-MS	physical	PUBMED:16554755
YGR180C	YGL058W	RNR4	RAD6	Affinity Capture-MS	physical	PUBMED:16554755
YGR180C	YJL026W	RNR4	RNR2	Affinity Capture-MS	physical	PUBMED:16554755
YGR180C	YLR347C	RNR4	KAP95	Affinity Capture-MS	physical	PUBMED:16554755
YGR180C	YNL189W	RNR4	SRP1	Affinity Capture-MS	physical	PUBMED:16554755
YGR180C	YPL191C	RNR4	YPL191C	Affinity Capture-MS	physical	PUBMED:16554755
YHL032C	YLR305C	GUT1	STT4	Affinity Capture-MS	physical	PUBMED:16554755
YHR039C	YGL008C	MSC7	PMA1	Affinity Capture-MS	physical	PUBMED:16554755
YHR064C	YBR069C	SSZ1	TAT1	Affinity Capture-MS	physical	PUBMED:16554755
YHR077C	YBR023C	NMD2	CHS3	Affinity Capture-MS	physical	PUBMED:16554755
YIL043C	YAR010C	CBR1	YAR010C	Affinity Capture-MS	physical	PUBMED:16554755
YIL043C	YBL003C	CBR1	HTA2	Affinity Capture-MS	physical	PUBMED:16554755
YIL043C	YBR189W	CBR1	RPS9B	Affinity Capture-MS	physical	PUBMED:16554755
YIL043C	YDL014W	CBR1	NOP1	Affinity Capture-MS	physical	PUBMED:16554755
YIL043C	YDR381W	CBR1	YRA1	Affinity Capture-MS	physical	PUBMED:16554755
YIL043C	YGL014W	CBR1	PUF4	Affinity Capture-MS	physical	PUBMED:16554755
YIL043C	YGR032W	CBR1	GSC2	Affinity Capture-MS	physical	PUBMED:16554755
YIL043C	YJR094W-A	CBR1	RPL43B	Affinity Capture-MS	physical	PUBMED:16554755
YIL043C	YLR075W	CBR1	RPL10	Affinity Capture-MS	physical	PUBMED:16554755
YIL043C	YLR150W	CBR1	STM1	Affinity Capture-MS	physical	PUBMED:16554755
YIL043C	YLR342W	CBR1	FKS1	Affinity Capture-MS	physical	PUBMED:16554755
YIL043C	YLR432W	CBR1	IMD3	Affinity Capture-MS	physical	PUBMED:16554755
YIL043C	YML072C	CBR1	TCB3	Affinity Capture-MS	physical	PUBMED:16554755
YIL043C	YNL055C	CBR1	POR1	Affinity Capture-MS	physical	PUBMED:16554755
YIL043C	YOL006C	CBR1	TOP1	Affinity Capture-MS	physical	PUBMED:16554755
YIL043C	YPL249C-A	CBR1	RPL36B	Affinity Capture-MS	physical	PUBMED:16554755
YJR010C-A	YGL008C	SPC1	PMA1	Affinity Capture-MS	physical	PUBMED:16554755
YJR069C	YBR127C	HAM1	VMA2	Affinity Capture-MS	physical	PUBMED:16554755
YKL035W	YDL014W	UGP1	NOP1	Affinity Capture-MS	physical	PUBMED:16554755
YKL035W	YDL148C	UGP1	NOP14	Affinity Capture-MS	physical	PUBMED:16554755
YKL035W	YDL153C	UGP1	SAS10	Affinity Capture-MS	physical	PUBMED:16554755
YKL035W	YJR002W	UGP1	MPP10	Affinity Capture-MS	physical	PUBMED:16554755
YKR071C	YDR023W	DRE2	SES1	Affinity Capture-MS	physical	PUBMED:16554755
YLR305C	YNL281W	STT4	HCH1	Affinity Capture-MS	physical	PUBMED:16554755
YMR108W	YAR062W	ILV2	YAR062W	Affinity Capture-MS	physical	PUBMED:16554755
YMR108W	YDL065C	ILV2	PEX19	Affinity Capture-MS	physical	PUBMED:16554755
YMR108W	YDL215C	ILV2	GDH2	Affinity Capture-MS	physical	PUBMED:16554755
YMR108W	YHR013C	ILV2	ARD1	Affinity Capture-MS	physical	PUBMED:16554755
YMR108W	YKL210W	ILV2	UBA1	Affinity Capture-MS	physical	PUBMED:16554755
YMR108W	YNL209W	ILV2	SSB2	Affinity Capture-MS	physical	PUBMED:16554755
YMR108W	YPL247C	ILV2	YPL247C	Affinity Capture-MS	physical	PUBMED:16554755
YNL292W	YHR011W	PUS4	DIA4	Affinity Capture-MS	physical	PUBMED:16554755
YOL117W	YDR023W	RRI2	SES1	Affinity Capture-MS	physical	PUBMED:16554755
YOR310C	YKL035W	NOP58	UGP1	Affinity Capture-MS	physical	PUBMED:16554755
YOR347C	YJR045C	PYK2	SSC1	Affinity Capture-MS	physical	PUBMED:16554755
YPR108W	YBR069C	RPN7	TAT1	Affinity Capture-MS	physical	PUBMED:16554755
YDR124W	YIL043C	YDR124W	CBR1	Affinity Capture-MS	physical	PUBMED:16554755
YHL014C	YIL043C	YLF2	CBR1	Affinity Capture-MS	physical	PUBMED:16554755
YKL035W	YGL242C	UGP1	YGL242C	Affinity Capture-MS	physical	PUBMED:16554755
YLR153C	YER070W	ACS2	RNR1	Affinity Capture-MS	physical	PUBMED:16429126
YDL066W	YAL038W	IDP1	CDC19	Affinity Capture-MS	physical	PUBMED:16429126
YER151C	YAL038W	UBP3	CDC19	Affinity Capture-MS	physical	PUBMED:16429126
YGL195W	YBL030C	GCN1	PET9	Affinity Capture-MS	physical	PUBMED:16429126
YDL055C	YAL038W	PSA1	CDC19	Affinity Capture-MS	physical	PUBMED:16429126
YJL074C	YAL038W	SMC3	CDC19	Affinity Capture-MS	physical	PUBMED:16429126
YOL098C	YAL038W	YOL098C	CDC19	Affinity Capture-MS	physical	PUBMED:16429126
YER171W	YAL038W	RAD3	CDC19	Affinity Capture-MS	physical	PUBMED:16429126
YIL128W	YAL038W	MET18	CDC19	Affinity Capture-MS	physical	PUBMED:16429126
YNL192W	YHR174W	CHS1	ENO2	Affinity Capture-MS	physical	PUBMED:16429126
YNL192W	YCR012W	CHS1	PGK1	Affinity Capture-MS	physical	PUBMED:16429126
YOR370C	YOR347C	MRS6	PYK2	Affinity Capture-MS	physical	PUBMED:16429126
YBR221C	YAL038W	PDB1	CDC19	Affinity Capture-MS	physical	PUBMED:16429126
YDR148C	YAL038W	KGD2	CDC19	Affinity Capture-MS	physical	PUBMED:16429126
YFR049W	YAL038W	YMR31	CDC19	Affinity Capture-MS	physical	PUBMED:16429126
YGR180C	YJL026W	RNR4	RNR2	Affinity Capture-MS	physical	PUBMED:16429126
YIL103W	YJL026W	DPH1	RNR2	Affinity Capture-MS	physical	PUBMED:16429126
YJL026W	YGR180C	RNR2	RNR4	Affinity Capture-MS	physical	PUBMED:16429126
YOR230W	YJL026W	WTM1	RNR2	Affinity Capture-MS	physical	PUBMED:16429126
YOR230W	YGR180C	WTM1	RNR4	Affinity Capture-MS	physical	PUBMED:16429126
YJL026W	YFL008W	RNR2	SMC1	Affinity Capture-MS	physical	PUBMED:16429126
YDR335W	YAL038W	MSN5	CDC19	Affinity Capture-MS	physical	PUBMED:16429126
YFL045C	YAL038W	SEC53	CDC19	Affinity Capture-MS	physical	PUBMED:16429126
YHR128W	YAL038W	FUR1	CDC19	Affinity Capture-MS	physical	PUBMED:16429126
YPR010C	YAL038W	RPA135	CDC19	Affinity Capture-MS	physical	PUBMED:16429126
YHR169W	YAL038W	DBP8	CDC19	Affinity Capture-MS	physical	PUBMED:16429126
YHR169W	YER070W	DBP8	RNR1	Affinity Capture-MS	physical	PUBMED:16429126
YJL101C	YAL038W	GSH1	CDC19	Affinity Capture-MS	physical	PUBMED:16429126
YKL029C	YAL038W	MAE1	CDC19	Affinity Capture-MS	physical	PUBMED:16429126
YLR153C	YAL038W	ACS2	CDC19	Affinity Capture-MS	physical	PUBMED:16429126
YLR180W	YAL038W	SAM1	CDC19	Affinity Capture-MS	physical	PUBMED:16429126
YOR136W	YAL038W	IDH2	CDC19	Affinity Capture-MS	physical	PUBMED:16429126
YER133W	YER070W	GLC7	RNR1	Affinity Capture-MS	physical	PUBMED:16429126
YOR160W	YAL038W	MTR10	CDC19	Affinity Capture-MS	physical	PUBMED:16429126
YCR009C	YBR023C	RVS161	CHS3	Synthetic Lethality	genetic	PUBMED:16394103
YDR388W	YBR023C	RVS167	CHS3	Synthetic Lethality	genetic	PUBMED:16394103
YPL031C	YAL038W	PHO85	CDC19	Biochemical Activity	physical	PUBMED:16330754
YPL031C	YKL035W	PHO85	UGP1	Biochemical Activity	physical	PUBMED:16330754
YNL289W	YAL038W	PCL1	CDC19	Biochemical Activity	physical	PUBMED:16330754
YNL289W	YKL035W	PCL1	UGP1	Biochemical Activity	physical	PUBMED:16330754
YNL294C	YBR023C	RIM21	CHS3	Synthetic Growth Defect	genetic	PUBMED:16524906
YOR229W	YJL026W	WTM2	RNR2	Affinity Capture-Western	physical	PUBMED:16452505
YOR229W	YGR180C	WTM2	RNR4	Affinity Capture-Western	physical	PUBMED:16452505
YOR230W	YJL026W	WTM1	RNR2	Affinity Capture-Western	physical	PUBMED:16452505
YOR230W	YGR180C	WTM1	RNR4	Affinity Capture-Western	physical	PUBMED:16452505
YJR059W	YGL008C	PTK2	PMA1	Biochemical Activity	physical	PUBMED:16510118
YGL008C	YIR026C	PMA1	YVH1	Phenotypic Suppression	genetic	PUBMED:16410553
YMR202W	YER005W	ERG2	YND1	Synthetic Rescue	genetic	PUBMED:16702413
YML008C	YER005W	ERG6	YND1	Synthetic Rescue	genetic	PUBMED:16702413
YLR256W	YER005W	HAP1	YND1	Synthetic Rescue	genetic	PUBMED:16702413
YER044C	YER005W	ERG28	YND1	Synthetic Rescue	genetic	PUBMED:16702413
YBR252W	YKL114C	DUT1	APN1	Synthetic Growth Defect	genetic	PUBMED:16617146
YBR252W	YBL019W	DUT1	APN2	Synthetic Growth Defect	genetic	PUBMED:16617146
YBR252W	YMR201C	DUT1	RAD14	Synthetic Growth Defect	genetic	PUBMED:16617146
YBR252W	YML021C	DUT1	UNG1	Synthetic Growth Defect	genetic	PUBMED:16617146
YBR252W	YPL167C	DUT1	REV3	Synthetic Growth Defect	genetic	PUBMED:16617146
YOL012C	YER070W	HTZ1	RNR1	Synthetic Growth Defect	genetic	PUBMED:16382141
YFR034C	YDR023W	PHO4	SES1	Affinity Capture-MS	physical	PUBMED:14660704
YFR053C	YAL038W	HXK1	CDC19	Synthetic Growth Defect	genetic	PUBMED:147195
YGL180W	YOL130W	ATG1	ALR1	Biochemical Activity	physical	PUBMED:16319894
YBL016W	YOL130W	FUS3	ALR1	Biochemical Activity	physical	PUBMED:16319894
YKL101W	YDR023W	HSL1	SES1	Biochemical Activity	physical	PUBMED:16319894
YJL057C	YDR023W	IKS1	SES1	Biochemical Activity	physical	PUBMED:16319894
YHR079C	YDR023W	IRE1	SES1	Biochemical Activity	physical	PUBMED:16319894
YHR079C	YNL192W	IRE1	CHS1	Biochemical Activity	physical	PUBMED:16319894
YCL024W	YDR023W	KCC4	SES1	Biochemical Activity	physical	PUBMED:16319894
YOR233W	YDR023W	KIN4	SES1	Biochemical Activity	physical	PUBMED:16319894
YHR082C	YBL030C	KSP1	PET9	Biochemical Activity	physical	PUBMED:16319894
YGR040W	YJR069C	KSS1	HAM1	Biochemical Activity	physical	PUBMED:16319894
YNL307C	YDR023W	MCK1	SES1	Biochemical Activity	physical	PUBMED:16319894
YKL116C	YDR023W	PRR1	SES1	Biochemical Activity	physical	PUBMED:16319894
YJR059W	YAL038W	PTK2	CDC19	Biochemical Activity	physical	PUBMED:16319894
YJR059W	YOL130W	PTK2	ALR1	Biochemical Activity	physical	PUBMED:16319894
YPL153C	YDR023W	RAD53	SES1	Biochemical Activity	physical	PUBMED:16319894
YCR073C	YDR023W	SSK22	SES1	Biochemical Activity	physical	PUBMED:16319894
YHL007C	YDR023W	STE20	SES1	Biochemical Activity	physical	PUBMED:16319894
YJL187C	YNL192W	SWE1	CHS1	Biochemical Activity	physical	PUBMED:16319894
YGL179C	YNL192W	TOS3	CHS1	Biochemical Activity	physical	PUBMED:16319894
YGL179C	YOL130W	TOS3	ALR1	Biochemical Activity	physical	PUBMED:16319894
YJL164C	YAL038W	TPK1	CDC19	Biochemical Activity	physical	PUBMED:16319894
YJL164C	YOL130W	TPK1	ALR1	Biochemical Activity	physical	PUBMED:16319894
YKL166C	YDR023W	TPK3	SES1	Biochemical Activity	physical	PUBMED:16319894
YHR135C	YDR023W	YCK1	SES1	Biochemical Activity	physical	PUBMED:16319894
YHR135C	YOL130W	YCK1	ALR1	Biochemical Activity	physical	PUBMED:16319894
YNL154C	YNL192W	YCK2	CHS1	Biochemical Activity	physical	PUBMED:16319894
YKL171W	YDR023W	NNK1	SES1	Biochemical Activity	physical	PUBMED:16319894
YOR267C	YDR023W	HRK1	SES1	Biochemical Activity	physical	PUBMED:16319894
YPL141C	YDR023W	FRK1	SES1	Biochemical Activity	physical	PUBMED:16319894
YOR065W	YKL141W	CYT1	SDH3	Co-localization	physical	PUBMED:14672930
YNL291C	YGL008C	MID1	PMA1	Co-fractionation	physical	PUBMED:14729456
YOL003C	YBR023C	PFA4	CHS3	Affinity Capture-Western	physical	PUBMED:16818716
YJL026W	YGR180C	RNR2	RNR4	Affinity Capture-Western	physical	PUBMED:10535923
YGL008C	YAL026C	PMA1	DRS2	Co-fractionation	physical	PUBMED:16452632
YBR023C	YJL099W	CHS3	CHS6	Affinity Capture-Western	physical	PUBMED:16498409
YBR023C	YOR299W	CHS3	BUD7	Affinity Capture-Western	physical	PUBMED:16498409
YBR023C	YMR237W	CHS3	BCH1	Affinity Capture-Western	physical	PUBMED:16498409
YBR023C	YKR027W	CHS3	BCH2	Affinity Capture-Western	physical	PUBMED:16498409
YNL294C	YBR023C	RIM21	CHS3	Phenotypic Enhancement	genetic	PUBMED:16524906
YDR328C	YBR085W	SKP1	AAC3	Affinity Capture-MS	physical	PUBMED:16432255
YDR328C	YBL030C	SKP1	PET9	Affinity Capture-MS	physical	PUBMED:16432255
YDR328C	YMR056C	SKP1	AAC1	Affinity Capture-MS	physical	PUBMED:16432255
YLR166C	YAL038W	SEC10	CDC19	Affinity Capture-MS	physical	PUBMED:16624861
YLR166C	YKL150W	SEC10	MCR1	Affinity Capture-MS	physical	PUBMED:16624861
YER026C	YBR069C	CHO1	TAT1	Dosage Rescue	genetic	PUBMED:10705462
YDR007W	YBR069C	TRP1	TAT1	Dosage Rescue	genetic	PUBMED:10705462
YGR163W	YKR039W	GTR2	GAP1	Reconstituted Complex	physical	PUBMED:16732272
YBR077C	YKR039W	SLM4	GAP1	Reconstituted Complex	physical	PUBMED:16732272
YOL130W	YOL130W	ALR1	ALR1	PCA	physical	PUBMED:16903865
YOL130W	YFL050C	ALR1	ALR2	PCA	physical	PUBMED:16903865
YFL050C	YOL130W	ALR2	ALR1	PCA	physical	PUBMED:16903865
YNL121C	YKL150W	TOM70	MCR1	Co-fractionation	physical	PUBMED:16689936
YKR039W	YGL167C	GAP1	PMR1	Co-localization	physical	PUBMED:17095607
YLR305C	YAL005C	STT4	SSA1	Synthetic Lethality	genetic	PUBMED:16847337
YLR305C	YLR372W	STT4	ELO3	Synthetic Lethality	genetic	PUBMED:16847337
YLR305C	YER120W	STT4	SCS2	Synthetic Lethality	genetic	PUBMED:16847337
YLR305C	YDR123C	STT4	INO2	Synthetic Lethality	genetic	PUBMED:16847337
YLR305C	YOL108C	STT4	INO4	Synthetic Lethality	genetic	PUBMED:16847337
YLR305C	YKR031C	STT4	SPO14	Synthetic Lethality	genetic	PUBMED:16847337
YLR305C	YNL169C	STT4	PSD1	Synthetic Lethality	genetic	PUBMED:16847337
YLR305C	YKR082W	STT4	NUP133	Synthetic Lethality	genetic	PUBMED:16847337
YLR305C	YDR159W	STT4	SAC3	Synthetic Lethality	genetic	PUBMED:16847337
YLR305C	YMR307W	STT4	GAS1	Synthetic Lethality	genetic	PUBMED:16847337
YLR305C	YNL322C	STT4	KRE1	Synthetic Lethality	genetic	PUBMED:16847337
YLR305C	YJL179W	STT4	PFD1	Synthetic Lethality	genetic	PUBMED:16847337
YLR305C	YNL153C	STT4	GIM3	Synthetic Lethality	genetic	PUBMED:16847337
YLR305C	YJL095W	STT4	BCK1	Synthetic Lethality	genetic	PUBMED:16847337
YBR036C	YLR305C	CSG2	STT4	Synthetic Rescue	genetic	PUBMED:16847337
YKL004W	YLR305C	AUR1	STT4	Synthetic Lethality	genetic	PUBMED:16847337
YLR330W	YBR023C	CHS5	CHS3	Affinity Capture-Western	physical	PUBMED:16855022
YJL099W	YBR023C	CHS6	CHS3	Affinity Capture-Western	physical	PUBMED:16855022
YKR039W	YDR160W	GAP1	SSY1	Synthetic Growth Defect	genetic	PUBMED:11356187
YKR039W	YJR090C	GAP1	GRR1	Synthetic Growth Defect	genetic	PUBMED:11356187
YER070W	YJL026W	RNR1	RNR2	Co-crystal Structure	physical	PUBMED:16537480
YER070W	YGR180C	RNR1	RNR4	Co-crystal Structure	physical	PUBMED:16537480
YGR180C	YJL026W	RNR4	RNR2	Co-localization	physical	PUBMED:16489218
YGR180C	YJL026W	RNR4	RNR2	Affinity Capture-Western	physical	PUBMED:16489218
YJL026W	YGR180C	RNR2	RNR4	Affinity Capture-Western	physical	PUBMED:16489218
YOR080W	YGR180C	DIA2	RNR4	Synthetic Lethality	genetic	PUBMED:16751663
YCL025C	YML125C	AGP1	PGA3	Positive Genetic	genetic	PUBMED:16269340
YOR067C	YML125C	ALG8	PGA3	Positive Genetic	genetic	PUBMED:16269340
YBR288C	YIL043C	APM3	CBR1	Positive Genetic	genetic	PUBMED:16269340
YJL024C	YGL008C	APS3	PMA1	Negative Genetic	genetic	PUBMED:16269340
YCR048W	YGL008C	ARE1	PMA1	Positive Genetic	genetic	PUBMED:16269340
YDL192W	YGL008C	ARF1	PMA1	Negative Genetic	genetic	PUBMED:16269340
YLR242C	YGL008C	ARV1	PMA1	Positive Genetic	genetic	PUBMED:16269340
YOR079C	YML125C	ATX2	PGA3	Positive Genetic	genetic	PUBMED:16269340
YIL124W	YGL008C	AYR1	PMA1	Negative Genetic	genetic	PUBMED:16269340
YHR101C	YER005W	BIG1	YND1	Negative Genetic	genetic	PUBMED:16269340
YNR051C	YML125C	BRE5	PGA3	Negative Genetic	genetic	PUBMED:16269340
YIL043C	YER083C	CBR1	GET2	Negative Genetic	genetic	PUBMED:16269340
YIL043C	YIL076W	CBR1	SEC28	Negative Genetic	genetic	PUBMED:16269340
YIL043C	YBR255W	CBR1	MTC4	Negative Genetic	genetic	PUBMED:16269340
YIL043C	YMR122W-A	CBR1	YMR122W-A	Negative Genetic	genetic	PUBMED:16269340
YIL043C	YJL079C	CBR1	PRY1	Negative Genetic	genetic	PUBMED:16269340
YIL043C	YDR196C	CBR1	CAB5	Negative Genetic	genetic	PUBMED:16269340
YIL043C	YMR307W	CBR1	GAS1	Positive Genetic	genetic	PUBMED:16269340
YIL043C	YML038C	CBR1	YMD8	Positive Genetic	genetic	PUBMED:16269340
YIL043C	YOL018C	CBR1	TLG2	Positive Genetic	genetic	PUBMED:16269340
YIL043C	YGR157W	CBR1	CHO2	Positive Genetic	genetic	PUBMED:16269340
YIL043C	YGL084C	CBR1	GUP1	Positive Genetic	genetic	PUBMED:16269340
YIL043C	YJR073C	CBR1	OPI3	Positive Genetic	genetic	PUBMED:16269340
YIL043C	YBR288C	CBR1	APM3	Positive Genetic	genetic	PUBMED:16269340
YDR270W	YGL008C	CCC2	PMA1	Negative Genetic	genetic	PUBMED:16269340
YGR157W	YIL043C	CHO2	CBR1	Positive Genetic	genetic	PUBMED:16269340
YKL179C	YML125C	COY1	PGA3	Positive Genetic	genetic	PUBMED:16269340
YOR042W	YML125C	CUE5	PGA3	Negative Genetic	genetic	PUBMED:16269340
YBR201W	YML125C	DER1	PGA3	Negative Genetic	genetic	PUBMED:16269340
YDR411C	YML125C	DFM1	PGA3	Positive Genetic	genetic	PUBMED:16269340
YOR245C	YGL008C	DGA1	PMA1	Negative Genetic	genetic	PUBMED:16269340
YMR299C	YML125C	DYN3	PGA3	Positive Genetic	genetic	PUBMED:16269340
YHR123W	YGL008C	EPT1	PMA1	Negative Genetic	genetic	PUBMED:16269340
YMR015C	YGL008C	ERG5	PMA1	Negative Genetic	genetic	PUBMED:16269340
YAR002C-A	YGL008C	ERP1	PMA1	Negative Genetic	genetic	PUBMED:16269340
YGL054C	YML125C	ERV14	PGA3	Negative Genetic	genetic	PUBMED:16269340
YML067C	YML125C	ERV41	PGA3	Positive Genetic	genetic	PUBMED:16269340
YDR518W	YML125C	EUG1	PGA3	Positive Genetic	genetic	PUBMED:16269340
YMR029C	YML125C	FAR8	PGA3	Positive Genetic	genetic	PUBMED:16269340
YCR034W	YML125C	ELO2	PGA3	Positive Genetic	genetic	PUBMED:16269340
YHR176W	YML125C	FMO1	PGA3	Negative Genetic	genetic	PUBMED:16269340
YMR307W	YIL043C	GAS1	CBR1	Positive Genetic	genetic	PUBMED:16269340
YOL030W	YML125C	GAS5	PGA3	Positive Genetic	genetic	PUBMED:16269340
YEL042W	YER005W	GDA1	YND1	Negative Genetic	genetic	PUBMED:16269340
YEL042W	YML125C	GDA1	PGA3	Positive Genetic	genetic	PUBMED:16269340
YEL022W	YML125C	GEA2	PGA3	Positive Genetic	genetic	PUBMED:16269340
YER122C	YGL008C	GLO3	PMA1	Negative Genetic	genetic	PUBMED:16269340
YER122C	YGR191W	GLO3	HIP1	Negative Genetic	genetic	PUBMED:16269340
YML048W	YML125C	GSF2	PGA3	Negative Genetic	genetic	PUBMED:16269340
YDR108W	YER005W	TRS85	YND1	Negative Genetic	genetic	PUBMED:16269340
YGL084C	YIL043C	GUP1	CBR1	Positive Genetic	genetic	PUBMED:16269340
YOR070C	YER005W	GYP1	YND1	Negative Genetic	genetic	PUBMED:16269340
YGR191W	YPL274W	HIP1	SAM3	Negative Genetic	genetic	PUBMED:16269340
YGR191W	YKL073W	HIP1	LHS1	Negative Genetic	genetic	PUBMED:16269340
YGR191W	YNL044W	HIP1	YIP3	Negative Genetic	genetic	PUBMED:16269340
YGR191W	YER122C	HIP1	GLO3	Negative Genetic	genetic	PUBMED:16269340
YOR311C	YGL008C	DGK1	PMA1	Positive Genetic	genetic	PUBMED:16269340
YOL065C	YML125C	INP54	PGA3	Negative Genetic	genetic	PUBMED:16269340
YMR065W	YGL008C	KAR5	PMA1	Negative Genetic	genetic	PUBMED:16269340
YNL238W	YGL008C	KEX2	PMA1	Negative Genetic	genetic	PUBMED:16269340
YHL003C	YGL008C	LAG1	PMA1	Negative Genetic	genetic	PUBMED:16269340
YJL062W	YML125C	LAS21	PGA3	Negative Genetic	genetic	PUBMED:16269340
YJL134W	YGL008C	LCB3	PMA1	Negative Genetic	genetic	PUBMED:16269340
YOR171C	YGL008C	LCB4	PMA1	Negative Genetic	genetic	PUBMED:16269340
YKL073W	YGR191W	LHS1	HIP1	Negative Genetic	genetic	PUBMED:16269340
YNR008W	YGL008C	LRO1	PMA1	Positive Genetic	genetic	PUBMED:16269340
YNL297C	YGL008C	MON2	PMA1	Negative Genetic	genetic	PUBMED:16269340
YPR149W	YML125C	NCE102	PGA3	Negative Genetic	genetic	PUBMED:16269340
YJR073C	YML125C	OPI3	PGA3	Negative Genetic	genetic	PUBMED:16269340
YJR073C	YIL043C	OPI3	CBR1	Positive Genetic	genetic	PUBMED:16269340
YGR038W	YGL008C	ORM1	PMA1	Negative Genetic	genetic	PUBMED:16269340
YLR350W	YGL008C	ORM2	PMA1	Negative Genetic	genetic	PUBMED:16269340
YGL226C-A	YML125C	OST5	PGA3	Positive Genetic	genetic	PUBMED:16269340
YML019W	YML125C	OST6	PGA3	Negative Genetic	genetic	PUBMED:16269340
YGR202C	YML125C	PCT1	PGA3	Negative Genetic	genetic	PUBMED:16269340
YCR044C	YML125C	PER1	PGA3	Negative Genetic	genetic	PUBMED:16269340
YMR123W	YER005W	PKR1	YND1	Positive Genetic	genetic	PUBMED:16269340
YGL008C	YGR038W	PMA1	ORM1	Negative Genetic	genetic	PUBMED:16269340
YGL008C	YLR350W	PMA1	ORM2	Negative Genetic	genetic	PUBMED:16269340
YGL008C	YEL031W	PMA1	SPF1	Negative Genetic	genetic	PUBMED:16269340
YGL008C	YLR064W	PMA1	PER33	Negative Genetic	genetic	PUBMED:16269340
YGL008C	YJL134W	PMA1	LCB3	Negative Genetic	genetic	PUBMED:16269340
YGL008C	YEL004W	PMA1	YEA4	Negative Genetic	genetic	PUBMED:16269340
YGL008C	YNL297C	PMA1	MON2	Negative Genetic	genetic	PUBMED:16269340
YGL008C	YER122C	PMA1	GLO3	Negative Genetic	genetic	PUBMED:16269340
YGL008C	YMR272C	PMA1	SCS7	Negative Genetic	genetic	PUBMED:16269340
YGL008C	YDR320C	PMA1	SWA2	Negative Genetic	genetic	PUBMED:16269340
YGL008C	YBL011W	PMA1	SCT1	Negative Genetic	genetic	PUBMED:16269340
YGL008C	YAR002C-A	PMA1	ERP1	Negative Genetic	genetic	PUBMED:16269340
YGL008C	YMR015C	PMA1	ERG5	Negative Genetic	genetic	PUBMED:16269340
YGL008C	YMR065W	PMA1	KAR5	Negative Genetic	genetic	PUBMED:16269340
YGL008C	YNL238W	PMA1	KEX2	Negative Genetic	genetic	PUBMED:16269340
YGL008C	YDL192W	PMA1	ARF1	Negative Genetic	genetic	PUBMED:16269340
YGL008C	YOR175C	PMA1	ALE1	Negative Genetic	genetic	PUBMED:16269340
YGL008C	YDR270W	PMA1	CCC2	Negative Genetic	genetic	PUBMED:16269340
YGL008C	YHR123W	PMA1	EPT1	Negative Genetic	genetic	PUBMED:16269340
YGL008C	YAL023C	PMA1	PMT2	Negative Genetic	genetic	PUBMED:16269340
YGL008C	YLR039C	PMA1	RIC1	Negative Genetic	genetic	PUBMED:16269340
YGL008C	YIL124W	PMA1	AYR1	Negative Genetic	genetic	PUBMED:16269340
YGL008C	YHL003C	PMA1	LAG1	Negative Genetic	genetic	PUBMED:16269340
YGL008C	YPR063C	PMA1	YPR063C	Negative Genetic	genetic	PUBMED:16269340
YGL008C	YEL001C	PMA1	IRC22	Negative Genetic	genetic	PUBMED:16269340
YGL008C	YOR245C	PMA1	DGA1	Negative Genetic	genetic	PUBMED:16269340
YGL008C	YJL024C	PMA1	APS3	Negative Genetic	genetic	PUBMED:16269340
YGL008C	YOR171C	PMA1	LCB4	Negative Genetic	genetic	PUBMED:16269340
YGL008C	YLR194C	PMA1	YLR194C	Positive Genetic	genetic	PUBMED:16269340
YGL008C	YDR357C	PMA1	CNL1	Positive Genetic	genetic	PUBMED:16269340
YGL008C	YPR003C	PMA1	YPR003C	Positive Genetic	genetic	PUBMED:16269340
YGL008C	YCR048W	PMA1	ARE1	Positive Genetic	genetic	PUBMED:16269340
YGL008C	YNR008W	PMA1	LRO1	Positive Genetic	genetic	PUBMED:16269340
YGL008C	YOR044W	PMA1	IRC23	Positive Genetic	genetic	PUBMED:16269340
YGL008C	YLR242C	PMA1	ARV1	Positive Genetic	genetic	PUBMED:16269340
YGL008C	YBL102W	PMA1	SFT2	Positive Genetic	genetic	PUBMED:16269340
YGL008C	YOR311C	PMA1	DGK1	Positive Genetic	genetic	PUBMED:16269340
YGL008C	YOR165W	PMA1	SEY1	Positive Genetic	genetic	PUBMED:16269340
YGL008C	YJL171C	PMA1	YJL171C	Positive Genetic	genetic	PUBMED:16269340
YGL167C	YER005W	PMR1	YND1	Negative Genetic	genetic	PUBMED:16269340
YGL167C	YML125C	PMR1	PGA3	Positive Genetic	genetic	PUBMED:16269340
YAL023C	YML125C	PMT2	PGA3	Negative Genetic	genetic	PUBMED:16269340
YAL023C	YGL008C	PMT2	PMA1	Negative Genetic	genetic	PUBMED:16269340
YJL079C	YIL043C	PRY1	CBR1	Negative Genetic	genetic	PUBMED:16269340
YLR039C	YGL008C	RIC1	PMA1	Negative Genetic	genetic	PUBMED:16269340
YLR039C	YML125C	RIC1	PGA3	Positive Genetic	genetic	PUBMED:16269340
YER083C	YIL043C	GET2	CBR1	Negative Genetic	genetic	PUBMED:16269340
YER083C	YER005W	GET2	YND1	Negative Genetic	genetic	PUBMED:16269340
YMR200W	YER005W	ROT1	YND1	Negative Genetic	genetic	PUBMED:16269340
YOR049C	YML125C	RSB1	PGA3	Negative Genetic	genetic	PUBMED:16269340
YDR233C	YML125C	RTN1	PGA3	Positive Genetic	genetic	PUBMED:16269340
YOR216C	YER005W	RUD3	YND1	Negative Genetic	genetic	PUBMED:16269340
YPL274W	YGR191W	SAM3	HIP1	Negative Genetic	genetic	PUBMED:16269340
YER019C-A	YML125C	SBH2	PGA3	Negative Genetic	genetic	PUBMED:16269340
YER120W	YML125C	SCS2	PGA3	Negative Genetic	genetic	PUBMED:16269340
YMR272C	YGL008C	SCS7	PMA1	Negative Genetic	genetic	PUBMED:16269340
YMR272C	YER005W	SCS7	YND1	Negative Genetic	genetic	PUBMED:16269340
YBL011W	YGL008C	SCT1	PMA1	Negative Genetic	genetic	PUBMED:16269340
YIL076W	YER005W	SEC28	YND1	Negative Genetic	genetic	PUBMED:16269340
YIL076W	YIL043C	SEC28	CBR1	Negative Genetic	genetic	PUBMED:16269340
YBR171W	YER005W	SEC66	YND1	Negative Genetic	genetic	PUBMED:16269340
YOR165W	YML125C	SEY1	PGA3	Negative Genetic	genetic	PUBMED:16269340
YOR165W	YGL008C	SEY1	PMA1	Positive Genetic	genetic	PUBMED:16269340
YBL102W	YGL008C	SFT2	PMA1	Positive Genetic	genetic	PUBMED:16269340
YEL031W	YER005W	SPF1	YND1	Negative Genetic	genetic	PUBMED:16269340
YEL031W	YGL008C	SPF1	PMA1	Negative Genetic	genetic	PUBMED:16269340
YLR372W	YML125C	ELO3	PGA3	Negative Genetic	genetic	PUBMED:16269340
YHR181W	YML125C	SVP26	PGA3	Negative Genetic	genetic	PUBMED:16269340
YDR320C	YGL008C	SWA2	PMA1	Negative Genetic	genetic	PUBMED:16269340
YAR042W	YML125C	SWH1	PGA3	Negative Genetic	genetic	PUBMED:16269340
YJL004C	YML125C	SYS1	PGA3	Positive Genetic	genetic	PUBMED:16269340
YBR067C	YML125C	TIP1	PGA3	Positive Genetic	genetic	PUBMED:16269340
YOL018C	YIL043C	TLG2	CBR1	Positive Genetic	genetic	PUBMED:16269340
YBR058C-A	YER005W	TSC3	YND1	Negative Genetic	genetic	PUBMED:16269340
YDL091C	YML125C	UBX3	PGA3	Positive Genetic	genetic	PUBMED:16269340
YBR255W	YIL043C	MTC4	CBR1	Negative Genetic	genetic	PUBMED:16269340
YCL056C	YML125C	PEX34	PGA3	Negative Genetic	genetic	PUBMED:16269340
YCR061W	YML125C	YCR061W	PGA3	Negative Genetic	genetic	PUBMED:16269340
YDR196C	YIL043C	CAB5	CBR1	Negative Genetic	genetic	PUBMED:16269340
YDR307W	YML125C	PMT7	PGA3	Negative Genetic	genetic	PUBMED:16269340
YDR357C	YGL008C	CNL1	PMA1	Positive Genetic	genetic	PUBMED:16269340
YEL004W	YGL008C	YEA4	PMA1	Negative Genetic	genetic	PUBMED:16269340
YEL001C	YGL008C	IRC22	PMA1	Negative Genetic	genetic	PUBMED:16269340
YGR263C	YML125C	SAY1	PGA3	Positive Genetic	genetic	PUBMED:16269340
YGR266W	YML125C	YGR266W	PGA3	Positive Genetic	genetic	PUBMED:16269340
YHR045W	YML125C	YHR045W	PGA3	Negative Genetic	genetic	PUBMED:16269340
YIL090W	YML125C	ICE2	PGA3	Negative Genetic	genetic	PUBMED:16269340
YNL044W	YGR191W	YIP3	HIP1	Negative Genetic	genetic	PUBMED:16269340
YJL171C	YGL008C	YJL171C	PMA1	Positive Genetic	genetic	PUBMED:16269340
YJR015W	YML125C	YJR015W	PGA3	Positive Genetic	genetic	PUBMED:16269340
YLR064W	YGL008C	PER33	PMA1	Negative Genetic	genetic	PUBMED:16269340
YLR194C	YGL008C	YLR194C	PMA1	Positive Genetic	genetic	PUBMED:16269340
YML038C	YIL043C	YMD8	CBR1	Positive Genetic	genetic	PUBMED:16269340
YML125C	YPR149W	PGA3	NCE102	Negative Genetic	genetic	PUBMED:16269340
YML125C	YER120W	PGA3	SCS2	Negative Genetic	genetic	PUBMED:16269340
YML125C	YCR061W	PGA3	YCR061W	Negative Genetic	genetic	PUBMED:16269340
YML125C	YCL056C	PGA3	PEX34	Negative Genetic	genetic	PUBMED:16269340
YML125C	YAL023C	PGA3	PMT2	Negative Genetic	genetic	PUBMED:16269340
YML125C	YNL190W	PGA3	YNL190W	Negative Genetic	genetic	PUBMED:16269340
YML125C	YOL065C	PGA3	INP54	Negative Genetic	genetic	PUBMED:16269340
YML125C	YIL090W	PGA3	ICE2	Negative Genetic	genetic	PUBMED:16269340
YML125C	YBR201W	PGA3	DER1	Negative Genetic	genetic	PUBMED:16269340
YML125C	YGL054C	PGA3	ERV14	Negative Genetic	genetic	PUBMED:16269340
YML125C	YHR181W	PGA3	SVP26	Negative Genetic	genetic	PUBMED:16269340
YML125C	YJL062W	PGA3	LAS21	Negative Genetic	genetic	PUBMED:16269340
YML125C	YCR044C	PGA3	PER1	Negative Genetic	genetic	PUBMED:16269340
YML125C	YOR042W	PGA3	CUE5	Negative Genetic	genetic	PUBMED:16269340
YML125C	YLR372W	PGA3	ELO3	Negative Genetic	genetic	PUBMED:16269340
YML125C	YNR051C	PGA3	BRE5	Negative Genetic	genetic	PUBMED:16269340
YML125C	YHR045W	PGA3	YHR045W	Negative Genetic	genetic	PUBMED:16269340
YML125C	YHR176W	PGA3	FMO1	Negative Genetic	genetic	PUBMED:16269340
YML125C	YJR073C	PGA3	OPI3	Negative Genetic	genetic	PUBMED:16269340
YML125C	YOR165W	PGA3	SEY1	Negative Genetic	genetic	PUBMED:16269340
YML125C	YOR049C	PGA3	RSB1	Negative Genetic	genetic	PUBMED:16269340
YML125C	YAR042W	PGA3	SWH1	Negative Genetic	genetic	PUBMED:16269340
YML125C	YML048W	PGA3	GSF2	Negative Genetic	genetic	PUBMED:16269340
YML125C	YGR202C	PGA3	PCT1	Negative Genetic	genetic	PUBMED:16269340
YML125C	YML019W	PGA3	OST6	Negative Genetic	genetic	PUBMED:16269340
YML125C	YER019C-A	PGA3	SBH2	Negative Genetic	genetic	PUBMED:16269340
YML125C	YDR307W	PGA3	PMT7	Negative Genetic	genetic	PUBMED:16269340
YML125C	YDR349C	PGA3	YPS7	Positive Genetic	genetic	PUBMED:16269340
YML125C	YGL167C	PGA3	PMR1	Positive Genetic	genetic	PUBMED:16269340
YML125C	YML067C	PGA3	ERV41	Positive Genetic	genetic	PUBMED:16269340
YML125C	YEL022W	PGA3	GEA2	Positive Genetic	genetic	PUBMED:16269340
YML125C	YOL030W	PGA3	GAS5	Positive Genetic	genetic	PUBMED:16269340
YML125C	YMR299C	PGA3	DYN3	Positive Genetic	genetic	PUBMED:16269340
YML125C	YGR266W	PGA3	YGR266W	Positive Genetic	genetic	PUBMED:16269340
YML125C	YDL091C	PGA3	UBX3	Positive Genetic	genetic	PUBMED:16269340
YML125C	YOR285W	PGA3	RDL1	Positive Genetic	genetic	PUBMED:16269340
YML125C	YEL042W	PGA3	GDA1	Positive Genetic	genetic	PUBMED:16269340
YML125C	YOR067C	PGA3	ALG8	Positive Genetic	genetic	PUBMED:16269340
YML125C	YMR253C	PGA3	YMR253C	Positive Genetic	genetic	PUBMED:16269340
YML125C	YLR039C	PGA3	RIC1	Positive Genetic	genetic	PUBMED:16269340
YML125C	YCR034W	PGA3	ELO2	Positive Genetic	genetic	PUBMED:16269340
YML125C	YDR411C	PGA3	DFM1	Positive Genetic	genetic	PUBMED:16269340
YML125C	YDR518W	PGA3	EUG1	Positive Genetic	genetic	PUBMED:16269340
YML125C	YBR067C	PGA3	TIP1	Positive Genetic	genetic	PUBMED:16269340
YML125C	YJL004C	PGA3	SYS1	Positive Genetic	genetic	PUBMED:16269340
YML125C	YCL025C	PGA3	AGP1	Positive Genetic	genetic	PUBMED:16269340
YML125C	YDR233C	PGA3	RTN1	Positive Genetic	genetic	PUBMED:16269340
YML125C	YGR263C	PGA3	SAY1	Positive Genetic	genetic	PUBMED:16269340
YML125C	YJR015W	PGA3	YJR015W	Positive Genetic	genetic	PUBMED:16269340
YML125C	YKL179C	PGA3	COY1	Positive Genetic	genetic	PUBMED:16269340
YML125C	YOR079C	PGA3	ATX2	Positive Genetic	genetic	PUBMED:16269340
YML125C	YMR029C	PGA3	FAR8	Positive Genetic	genetic	PUBMED:16269340
YML125C	YGL226C-A	PGA3	OST5	Positive Genetic	genetic	PUBMED:16269340
YMR122W-A	YIL043C	YMR122W-A	CBR1	Negative Genetic	genetic	PUBMED:16269340
YMR253C	YML125C	YMR253C	PGA3	Positive Genetic	genetic	PUBMED:16269340
YER005W	YEL042W	YND1	GDA1	Negative Genetic	genetic	PUBMED:16269340
YER005W	YGL167C	YND1	PMR1	Negative Genetic	genetic	PUBMED:16269340
YER005W	YOR216C	YND1	RUD3	Negative Genetic	genetic	PUBMED:16269340
YER005W	YEL031W	YND1	SPF1	Negative Genetic	genetic	PUBMED:16269340
YER005W	YMR272C	YND1	SCS7	Negative Genetic	genetic	PUBMED:16269340
YER005W	YBR171W	YND1	SEC66	Negative Genetic	genetic	PUBMED:16269340
YER005W	YER083C	YND1	GET2	Negative Genetic	genetic	PUBMED:16269340
YER005W	YMR200W	YND1	ROT1	Negative Genetic	genetic	PUBMED:16269340
YER005W	YIL076W	YND1	SEC28	Negative Genetic	genetic	PUBMED:16269340
YER005W	YDR108W	YND1	TRS85	Negative Genetic	genetic	PUBMED:16269340
YER005W	YHR101C	YND1	BIG1	Negative Genetic	genetic	PUBMED:16269340
YER005W	YBR058C-A	YND1	TSC3	Negative Genetic	genetic	PUBMED:16269340
YER005W	YOR070C	YND1	GYP1	Negative Genetic	genetic	PUBMED:16269340
YER005W	YMR123W	YND1	PKR1	Positive Genetic	genetic	PUBMED:16269340
YNL190W	YML125C	YNL190W	PGA3	Negative Genetic	genetic	PUBMED:16269340
YOR044W	YGL008C	IRC23	PMA1	Positive Genetic	genetic	PUBMED:16269340
YOR175C	YGL008C	ALE1	PMA1	Negative Genetic	genetic	PUBMED:16269340
YOR285W	YML125C	RDL1	PGA3	Positive Genetic	genetic	PUBMED:16269340
YPR003C	YGL008C	YPR003C	PMA1	Positive Genetic	genetic	PUBMED:16269340
YPR063C	YGL008C	YPR063C	PMA1	Negative Genetic	genetic	PUBMED:16269340
YDR349C	YML125C	YPS7	PGA3	Positive Genetic	genetic	PUBMED:16269340
YIL066C	YHR120W	RNR3	MSH1	Negative Genetic	genetic	PUBMED:17314980
YIL066C	YGL025C	RNR3	PGD1	Negative Genetic	genetic	PUBMED:17314980
YIL066C	YGR108W	RNR3	CLB1	Negative Genetic	genetic	PUBMED:17314980
YOR330C	YER070W	MIP1	RNR1	Phenotypic Suppression	genetic	PUBMED:16940310
YJL026W	YGL016W	RNR2	KAP122	Co-localization	physical	PUBMED:16432237
YGR180C	YGL016W	RNR4	KAP122	Co-localization	physical	PUBMED:16432237
YJL026W	YGR180C	RNR2	RNR4	Affinity Capture-MS	physical	PUBMED:16432237
YJL026W	YOR230W	RNR2	WTM1	Affinity Capture-MS	physical	PUBMED:16432237
YJL026W	YOR229W	RNR2	WTM2	Affinity Capture-MS	physical	PUBMED:16432237
YOR229W	YJL026W	WTM2	RNR2	Co-purification	physical	PUBMED:16432237
YOR229W	YGR180C	WTM2	RNR4	Co-purification	physical	PUBMED:16432237
YOR230W	YJL026W	WTM1	RNR2	Co-purification	physical	PUBMED:16432237
YOR230W	YGR180C	WTM1	RNR4	Co-purification	physical	PUBMED:16432237
YOR230W	YJL026W	WTM1	RNR2	Affinity Capture-Western	physical	PUBMED:16432237
YOR230W	YGR180C	WTM1	RNR4	Affinity Capture-Western	physical	PUBMED:16432237
YJL026W	YOR230W	RNR2	WTM1	Co-localization	physical	PUBMED:16432237
YGR180C	YOR230W	RNR4	WTM1	Co-localization	physical	PUBMED:16432237
YBR135W	YBR252W	CKS1	DUT1	Two-hybrid	physical	PUBMED:11283351
YML064C	YKL035W	TEM1	UGP1	Two-hybrid	physical	PUBMED:11283351
YML125C	YMR153W	PGA3	NUP53	Two-hybrid	physical	PUBMED:11283351
YPR106W	YBR038W	ISR1	CHS2	Two-hybrid	physical	PUBMED:11283351
YNL330C	YGL008C	RPD3	PMA1	Dosage Lethality	genetic	PUBMED:17533620
YER125W	YKL150W	RSP5	MCR1	Reconstituted Complex	physical	PUBMED:17551511
YJL208C	YBL030C	NUC1	PET9	Affinity Capture-MS	physical	PUBMED:17244531
YPL132W	YER141W	COX11	COX15	Dosage Growth Defect	genetic	PUBMED:17430883
YBR037C	YER141W	SCO1	COX15	Dosage Growth Defect	genetic	PUBMED:17430883
YLR170C	YBR023C	APS1	CHS3	Affinity Capture-Western	physical	PUBMED:17344475
YDR153C	YBR023C	ENT5	CHS3	Affinity Capture-MS	physical	PUBMED:17344475
YJR125C	YBR023C	ENT3	CHS3	Affinity Capture-MS	physical	PUBMED:17344475
YMR013C	YBR002C	SEC59	RER2	Dosage Rescue	genetic	PUBMED:17397129
YMR013C	YMR101C	SEC59	SRT1	Dosage Rescue	genetic	PUBMED:17397129
YAL021C	YER070W	CCR4	RNR1	Synthetic Lethality	genetic	PUBMED:17158920
YAL021C	YGR180C	CCR4	RNR4	Synthetic Lethality	genetic	PUBMED:17158920
YDR023W	YGR239C	SES1	PEX21	Two-hybrid	physical	PUBMED:17451428
YGR239C	YDR023W	PEX21	SES1	Reconstituted Complex	physical	PUBMED:17451428
YJL100W	YOR181W	LSB6	LAS17	Phenotypic Suppression	genetic	PUBMED:16216926
YMR013C	YBR002C	SEC59	RER2	Dosage Rescue	genetic	PUBMED:9858571
YMR013C	YMR101C	SEC59	SRT1	Dosage Rescue	genetic	PUBMED:9858571
YHR200W	YAL038W	RPN10	CDC19	Affinity Capture-MS	physical	PUBMED:17499717
YGR112W	YER141W	SHY1	COX15	Affinity Capture-MS	physical	PUBMED:17882259
YNL073W	YOL130W	MSK1	ALR1	Two-hybrid	physical	PUBMED:17707817
YNL233W	YBR023C	BNI4	CHS3	Phenotypic Enhancement	genetic	PUBMED:17519287
YJR066W	YGL008C	TOR1	PMA1	Co-fractionation	physical	PUBMED:17507646
YJR066W	YNL192W	TOR1	CHS1	Co-fractionation	physical	PUBMED:17507646
YKL203C	YGL008C	TOR2	PMA1	Co-fractionation	physical	PUBMED:17507646
YKL203C	YNL192W	TOR2	CHS1	Co-fractionation	physical	PUBMED:17507646
YAL024C	YGR180C	LTE1	RNR4	Synthetic Lethality	genetic	PUBMED:16729061
YOL130W	YFL050C	ALR1	ALR2	Synthetic Rescue	genetic	PUBMED:17926032
YHL007C	YIL043C	STE20	CBR1	PCA	physical	PUBMED:17895367
YHL007C	YIL043C	STE20	CBR1	Affinity Capture-Western	physical	PUBMED:17895367
YNL298W	YIL043C	CLA4	CBR1	Synthetic Lethality	genetic	PUBMED:17895367
YHR042W	YIL043C	NCP1	CBR1	Synthetic Lethality	genetic	PUBMED:17895367
YHR042W	YIL043C	NCP1	CBR1	Phenotypic Enhancement	genetic	PUBMED:17895367
YGR191W	RP1-177P10.1	HIP1	CFH	Far Western	physical	PUBMED:17959597
YMR056C	YBL030C	AAC1	PET9	Phenotypic Enhancement	genetic	PUBMED:17822411
YMR072W	YER070W	ABF2	RNR1	Dosage Rescue	genetic	PUBMED:17721079
YPL153C	YER070W	RAD53	RNR1	Dosage Rescue	genetic	PUBMED:9744871
YPL153C	YIL066C	RAD53	RNR3	Dosage Rescue	genetic	PUBMED:9744871
YBR136W	YER070W	MEC1	RNR1	Dosage Rescue	genetic	PUBMED:9744871
YBR136W	YIL066C	MEC1	RNR3	Dosage Rescue	genetic	PUBMED:9744871
YLR305C	YJL100W	STT4	LSB6	Dosage Rescue	genetic	PUBMED:12361950
YDR359C	YBR069C	EAF1	TAT1	Synthetic Growth Defect	genetic	PUBMED:18212056
YHR129C	YER070W	ARP1	RNR1	Synthetic Lethality	genetic	PUBMED:18194531
YMR294W	YKL150W	JNM1	MCR1	Synthetic Lethality	genetic	PUBMED:18194531
YDR353W	YML028W	TRR1	TSA1	Synthetic Rescue	genetic	PUBMED:18271751
YDR353W	YML028W	TRR1	TSA1	Phenotypic Suppression	genetic	PUBMED:18271751
YKL212W	YLR305C	SAC1	STT4	Phenotypic Suppression	genetic	PUBMED:17908202
YGR239C	YDR023W	PEX21	SES1	Reconstituted Complex	physical	PUBMED:18067851
YDR023W	YGR239C	SES1	PEX21	Two-hybrid	physical	PUBMED:18067851
YAL026C	YBR023C	DRS2	CHS3	PCA	physical	PUBMED:18467557
YAL053W	YNL192W	FLC2	CHS1	PCA	physical	PUBMED:18467557
YAL053W	YBR023C	FLC2	CHS3	PCA	physical	PUBMED:18467557
YAR002C-A	YIL043C	ERP1	CBR1	PCA	physical	PUBMED:18467557
YBL011W	YBR002C	SCT1	RER2	PCA	physical	PUBMED:18467557
YBR002C	YPR113W	RER2	PIS1	PCA	physical	PUBMED:18467557
YBR002C	YJL151C	RER2	SNA3	PCA	physical	PUBMED:18467557
YBR002C	YKR067W	RER2	GPT2	PCA	physical	PUBMED:18467557
YBR002C	YBR177C	RER2	EHT1	PCA	physical	PUBMED:18467557
YBR002C	YHR072W	RER2	ERG7	PCA	physical	PUBMED:18467557
YBR002C	YDL052C	RER2	SLC1	PCA	physical	PUBMED:18467557
YBR002C	YBR041W	RER2	FAT1	PCA	physical	PUBMED:18467557
YBR002C	YKL140W	RER2	TGL1	PCA	physical	PUBMED:18467557
YBR002C	YMR149W	RER2	SWP1	PCA	physical	PUBMED:18467557
YBR023C	YGL203C	CHS3	KEX1	PCA	physical	PUBMED:18467557
YBR023C	YNL238W	CHS3	KEX2	PCA	physical	PUBMED:18467557
YBR023C	YFR051C	CHS3	RET2	PCA	physical	PUBMED:18467557
YBR023C	YPL221W	CHS3	FLC1	PCA	physical	PUBMED:18467557
YBR023C	YHR142W	CHS3	CHS7	PCA	physical	PUBMED:18467557
YBR023C	YER166W	CHS3	DNF1	PCA	physical	PUBMED:18467557
YBR023C	YBR180W	CHS3	DTR1	PCA	physical	PUBMED:18467557
YDL212W	YGR191W	SHR3	HIP1	PCA	physical	PUBMED:18467557
YIL043C	YML012W	CBR1	ERV25	PCA	physical	PUBMED:18467557
YIL043C	YLR350W	CBR1	ORM2	PCA	physical	PUBMED:18467557
YKL150W	YML086C	MCR1	ALO1	PCA	physical	PUBMED:18467557
YLL031C	YLR350W	GPI13	ORM2	PCA	physical	PUBMED:18467557
YFL039C	YNL192W	ACT1	CHS1	Synthetic Haploinsufficiency	genetic	PUBMED:17167106
YNL330C	YHR011W	RPD3	DIA4	Synthetic Growth Defect	genetic	PUBMED:18676811
YGR002C	YNL192W	SWC4	CHS1	Synthetic Growth Defect	genetic	PUBMED:18676811
YKL141W	YDR178W	SDH3	SDH4	PCA	physical	PUBMED:18313953
YNL133C	YGR180C	FYV6	RNR4	Phenotypic Enhancement	genetic	PUBMED:18400565
YGR180C	YCR066W	RNR4	RAD18	Synthetic Growth Defect	genetic	PUBMED:18400565
YNL262W	YGR180C	POL2	RNR4	Phenotypic Enhancement	genetic	PUBMED:18400565
YDR007W	YBR069C	TRP1	TAT1	Phenotypic Suppression	genetic	PUBMED:18357452
YPR129W	YAL038W	SCD6	CDC19	Affinity Capture-MS	physical	PUBMED:18408161
YBR023C	YFL029C	CHS3	CAK1	Synthetic Lethality	genetic	PUBMED:18373684
YMR108W	YMR108W	ILV2	ILV2	Co-crystal Structure	physical	PUBMED:11902841
YNL083W	YBL030C	SAL1	PET9	Synthetic Lethality	genetic	PUBMED:18431598
YNL083W	YBL030C	SAL1	PET9	Phenotypic Enhancement	genetic	PUBMED:18431598
YNL083W	YMR056C	SAL1	AAC1	Phenotypic Enhancement	genetic	PUBMED:18431598
YPL240C	YGR180C	HSP82	RNR4	Synthetic Growth Defect	genetic	PUBMED:17923092
YPL240C	YHL012W	HSP82	YHL012W	Synthetic Growth Defect	genetic	PUBMED:17923092
YPL240C	YLL031C	HSP82	GPI13	Synthetic Growth Defect	genetic	PUBMED:17923092
YMR186W	YGR180C	HSC82	RNR4	Synthetic Growth Defect	genetic	PUBMED:17923092
YMR186W	YHL012W	HSC82	YHL012W	Synthetic Growth Defect	genetic	PUBMED:17923092
YMR186W	YLL031C	HSC82	GPI13	Synthetic Growth Defect	genetic	PUBMED:17923092
YBR252W	YBR252W	DUT1	DUT1	Two-hybrid	physical	PUBMED:18719252
YDR353W	YGR209C	TRR1	TRX2	Two-hybrid	physical	PUBMED:18719252
YER015W	YER070W	FAA2	RNR1	Two-hybrid	physical	PUBMED:18719252
YGR099W	YDR353W	TEL2	TRR1	Two-hybrid	physical	PUBMED:18719252
YGR180C	YOR229W	RNR4	WTM2	Two-hybrid	physical	PUBMED:18719252
YGR180C	YOR230W	RNR4	WTM1	Two-hybrid	physical	PUBMED:18719252
YHR106W	YDR353W	TRR2	TRR1	Two-hybrid	physical	PUBMED:18719252
YIL109C	YOL130W	SEC24	ALR1	Two-hybrid	physical	PUBMED:18719252
YLR291C	YBR252W	GCD7	DUT1	Two-hybrid	physical	PUBMED:18719252
YML051W	YHL012W	GAL80	YHL012W	Two-hybrid	physical	PUBMED:18719252
YML125C	YIR038C	PGA3	GTT1	Two-hybrid	physical	PUBMED:18719252
YML125C	YDR479C	PGA3	PEX29	Two-hybrid	physical	PUBMED:18719252
YOL126C	YOR347C	MDH2	PYK2	Two-hybrid	physical	PUBMED:18719252
YPL100W	YJL100W	ATG21	LSB6	Two-hybrid	physical	PUBMED:18719252
YBL030C	YPR024W	PET9	YME1	Synthetic Lethality	genetic	PUBMED:18809618
YGR229C	YBR023C	SMI1	CHS3	Synthetic Lethality	genetic	PUBMED:18668512
YBL032W	YPL252C	HEK2	YAH1	Affinity Capture-RNA	physical	PUBMED:18805955
YBL032W	YPL036W	HEK2	PMA2	Affinity Capture-RNA	physical	PUBMED:18805955
YBL032W	YLL031C	HEK2	GPI13	Affinity Capture-RNA	physical	PUBMED:18805955
YBL032W	YNL192W	HEK2	CHS1	Affinity Capture-RNA	physical	PUBMED:18805955
YBL032W	YHL012W	HEK2	YHL012W	Affinity Capture-RNA	physical	PUBMED:18805955
YBL032W	YER070W	HEK2	RNR1	Affinity Capture-RNA	physical	PUBMED:18805955
YBL032W	YGL008C	HEK2	PMA1	Affinity Capture-RNA	physical	PUBMED:18805955
YBL032W	YHR011W	HEK2	DIA4	Affinity Capture-RNA	physical	PUBMED:18805955
YGR180C	YLR437C	RNR4	DIF1	Reconstituted Complex	physical	PUBMED:18851834
YJL026W	YLR437C	RNR2	DIF1	Reconstituted Complex	physical	PUBMED:18851834
YLR437C	YJL026W	DIF1	RNR2	Reconstituted Complex	physical	PUBMED:18851834
YLR437C	YGR180C	DIF1	RNR4	Reconstituted Complex	physical	PUBMED:18851834
YGL059W	YBR252W	PKP2	DUT1	Positive Genetic	genetic	PUBMED:19269370
YBR252W	YDL047W	DUT1	SIT4	Positive Genetic	genetic	PUBMED:19269370
YBR252W	YDR017C	DUT1	KCS1	Positive Genetic	genetic	PUBMED:19269370
YBR252W	YDR074W	DUT1	TPS2	Positive Genetic	genetic	PUBMED:19269370
YBR252W	YGL213C	DUT1	SKI8	Positive Genetic	genetic	PUBMED:19269370
YBR252W	YGR081C	DUT1	SLX9	Positive Genetic	genetic	PUBMED:19269370
YBR252W	YGR200C	DUT1	ELP2	Positive Genetic	genetic	PUBMED:19269370
YBR252W	YHL007C	DUT1	STE20	Negative Genetic	genetic	PUBMED:19269370
YBR252W	YHL020C	DUT1	OPI1	Positive Genetic	genetic	PUBMED:19269370
YBR252W	YHR081W	DUT1	LRP1	Positive Genetic	genetic	PUBMED:19269370
YBR092C	YJL100W	PHO3	LSB6	Negative Genetic	genetic	PUBMED:19269370
YJL128C	YJL100W	PBS2	LSB6	Negative Genetic	genetic	PUBMED:19269370
YBR252W	YJL124C	DUT1	LSM1	Negative Genetic	genetic	PUBMED:19269370
YBR252W	YKR028W	DUT1	SAP190	Positive Genetic	genetic	PUBMED:19269370
YBR252W	YLR039C	DUT1	RIC1	Positive Genetic	genetic	PUBMED:19269370
YBR252W	YNL325C	DUT1	FIG4	Positive Genetic	genetic	PUBMED:19269370
YBR252W	YNR051C	DUT1	BRE5	Positive Genetic	genetic	PUBMED:19269370
YBR252W	YPL086C	DUT1	ELP3	Positive Genetic	genetic	PUBMED:19269370
YDL220C	YIL066C	CDC13	RNR3	Synthetic Rescue	genetic	PUBMED:18845848
YBL030C	YDL174C	PET9	DLD1	Affinity Capture-MS	physical	PUBMED:18779372
YBL030C	YMR145C	PET9	NDE1	Affinity Capture-MS	physical	PUBMED:18779372
YBL030C	YBL045C	PET9	COR1	Affinity Capture-MS	physical	PUBMED:18779372
YBL030C	YOR176W	PET9	HEM15	Affinity Capture-MS	physical	PUBMED:18779372
YBL030C	YPR191W	PET9	QCR2	Affinity Capture-MS	physical	PUBMED:18779372
YBL030C	YOR271C	PET9	FSF1	Affinity Capture-MS	physical	PUBMED:18779372
YBL030C	YOR065W	PET9	CYT1	Affinity Capture-MS	physical	PUBMED:18779372
YBL030C	Q0250	PET9	COX2	Affinity Capture-MS	physical	PUBMED:18779372
YBL030C	YDL198C	PET9	GGC1	Affinity Capture-MS	physical	PUBMED:18779372
YBL030C	YJR077C	PET9	MIR1	Affinity Capture-MS	physical	PUBMED:18779372
YBL030C	YMR056C	PET9	AAC1	Affinity Capture-MS	physical	PUBMED:18779372
YBL030C	YLR348C	PET9	DIC1	Affinity Capture-MS	physical	PUBMED:18779372
YBL030C	YNL055C	PET9	POR1	Affinity Capture-MS	physical	PUBMED:18779372
YBL030C	YBR024W	PET9	SCO2	Affinity Capture-MS	physical	PUBMED:18779372
YBL030C	YER182W	PET9	FMP10	Affinity Capture-MS	physical	PUBMED:18779372
YBL030C	YLL041C	PET9	SDH2	Affinity Capture-MS	physical	PUBMED:18779372
YBL030C	YDR529C	PET9	QCR7	Affinity Capture-MS	physical	PUBMED:18779372
YBL030C	YGL187C	PET9	COX4	Affinity Capture-MS	physical	PUBMED:18779372
YBL030C	YNL052W	PET9	COX5A	Affinity Capture-MS	physical	PUBMED:18779372
YBL030C	YHR051W	PET9	COX6	Affinity Capture-MS	physical	PUBMED:18779372
YBL030C	YGL191W	PET9	COX13	Affinity Capture-MS	physical	PUBMED:18779372
YBL030C	YJR048W	PET9	CYC1	Affinity Capture-MS	physical	PUBMED:18779372
YBL030C	YHR001W-A	PET9	QCR10	Affinity Capture-MS	physical	PUBMED:18779372
YBL030C	YLR038C	PET9	COX12	Affinity Capture-MS	physical	PUBMED:18779372
YBL030C	YEL024W	PET9	RIP1	Affinity Capture-MS	physical	PUBMED:18779372
YBL030C	YBL045C	PET9	COR1	Affinity Capture-Western	physical	PUBMED:18779372
YBL030C	YPR191W	PET9	QCR2	Affinity Capture-Western	physical	PUBMED:18779372
YBL030C	Q0250	PET9	COX2	Affinity Capture-Western	physical	PUBMED:18779372
YBL030C	YGL187C	PET9	COX4	Affinity Capture-Western	physical	PUBMED:18779372
YBL030C	YEL024W	PET9	RIP1	Affinity Capture-Western	physical	PUBMED:18779372
YBL030C	YOR065W	PET9	CYT1	Affinity Capture-Western	physical	PUBMED:18779372
YBL030C	YJR077C	PET9	MIR1	Synthetic Lethality	genetic	PUBMED:18779372
YBL030C	YDL198C	PET9	GGC1	Synthetic Lethality	genetic	PUBMED:18779372
YBL030C	Q0105	PET9	COB	Affinity Capture-MS	physical	PUBMED:18779372
YBL030C	YDL067C	PET9	COX9	Affinity Capture-MS	physical	PUBMED:18779372
YBL030C	YLR203C	PET9	MSS51	Affinity Capture-MS	physical	PUBMED:18779372
YBL030C	YMR083W	PET9	ADH3	Affinity Capture-MS	physical	PUBMED:18779372
YBL030C	YER053C	PET9	PIC2	Affinity Capture-MS	physical	PUBMED:18779372
YBL030C	YDL142C	PET9	CRD1	Phenotypic Enhancement	genetic	PUBMED:18779372
YBL030C	Q0250	PET9	COX2	Affinity Capture-Western	physical	PUBMED:18614795
YBL030C	YBL045C	PET9	COR1	Affinity Capture-Western	physical	PUBMED:18614795
YBL030C	YJL143W	PET9	TIM17	Affinity Capture-Western	physical	PUBMED:18614795
YBL030C	YNR017W	PET9	TIM23	Affinity Capture-Western	physical	PUBMED:18614795
YBL030C	YPR191W	PET9	QCR2	Affinity Capture-Western	physical	PUBMED:18614795
YBL030C	YPL063W	PET9	TIM50	Affinity Capture-Western	physical	PUBMED:18614795
YBL030C	YIL022W	PET9	TIM44	Affinity Capture-Western	physical	PUBMED:18614795
YBL030C	YJL104W	PET9	PAM16	Affinity Capture-Western	physical	PUBMED:18614795
YJL014W	YER141W	CCT3	COX15	Affinity Capture-MS	physical	PUBMED:18511909
YER133W	YHL012W	GLC7	YHL012W	Synthetic Lethality	genetic	PUBMED:18627629
YER133W	YIL043C	GLC7	CBR1	Synthetic Growth Defect	genetic	PUBMED:18627629
YER133W	YPL036W	GLC7	PMA2	Synthetic Growth Defect	genetic	PUBMED:18627629
YNL197C	YLL031C	WHI3	GPI13	Protein-RNA	physical	PUBMED:18667435
YNL197C	YHL012W	WHI3	YHL012W	Protein-RNA	physical	PUBMED:18667435
YAL005C	YIL043C	SSA1	CBR1	Affinity Capture-MS	physical	PUBMED:19536198
YIL043C	YAL005C	CBR1	SSA1	Affinity Capture-MS	physical	PUBMED:19536198
YDL229W	YIL043C	SSB1	CBR1	Affinity Capture-MS	physical	PUBMED:19536198
YIL043C	YDL229W	CBR1	SSB1	Affinity Capture-MS	physical	PUBMED:19536198
YGR198W	YLR305C	YPP1	STT4	Dosage Rescue	genetic	PUBMED:18601652
YLR305C	YGR198W	STT4	YPP1	Two-hybrid	physical	PUBMED:18601652
YDR353W	YDR353W	TRR1	TRR1	Co-crystal Structure	physical	PUBMED:18930846
YDR353W	YCR083W	TRR1	TRX3	Biochemical Activity	physical	PUBMED:18930846
YOR244W	YGR180C	ESA1	RNR4	Biochemical Activity	physical	PUBMED:19303850
YDR007W	YBR069C	TRP1	TAT1	Phenotypic Suppression	genetic	PUBMED:19416971
YBL030C	YNR017W	PET9	TIM23	Affinity Capture-Western	physical	PUBMED:19348890
YBL030C	YNL052W	PET9	COX5A	Affinity Capture-Western	physical	PUBMED:19348890
YBL030C	YBL045C	PET9	COR1	Affinity Capture-Western	physical	PUBMED:19348890
YBL030C	YPR191W	PET9	QCR2	Affinity Capture-Western	physical	PUBMED:19348890
YBL030C	YHR205W	PET9	SCH9	Synthetic Rescue	genetic	PUBMED:19160490
YBL030C	YBR267W	PET9	REI1	Synthetic Rescue	genetic	PUBMED:19160490
YBL030C	YLR448W	PET9	RPL6B	Synthetic Rescue	genetic	PUBMED:19160490
YBL030C	YKL056C	PET9	TMA19	Synthetic Rescue	genetic	PUBMED:19160490
YBL030C	YNL330C	PET9	RPD3	Synthetic Rescue	genetic	PUBMED:19160490
YBL030C	YDL075W	PET9	RPL31A	Synthetic Rescue	genetic	PUBMED:19160490
YBL030C	YOR065W	PET9	CYT1	Synthetic Lethality	genetic	PUBMED:19160490
YBL030C	YGL187C	PET9	COX4	Synthetic Lethality	genetic	PUBMED:19160490
YBL030C	YGR132C	PET9	PHB1	Synthetic Lethality	genetic	PUBMED:19160490
YBL030C	YGR231C	PET9	PHB2	Synthetic Lethality	genetic	PUBMED:19160490
YBL030C	YPR024W	PET9	YME1	Synthetic Lethality	genetic	PUBMED:19160490
YDL035C	YBL030C	GPR1	PET9	Synthetic Rescue	genetic	PUBMED:19160490
YJR066W	YBL030C	TOR1	PET9	Synthetic Rescue	genetic	PUBMED:19160490
YHR205W	YBL030C	SCH9	PET9	Synthetic Rescue	genetic	PUBMED:19160490
YLR448W	YBL030C	RPL6B	PET9	Synthetic Rescue	genetic	PUBMED:19160490
YBR267W	YBL030C	REI1	PET9	Synthetic Rescue	genetic	PUBMED:19160490
YHR027C	YBL030C	RPN1	PET9	Affinity Capture-MS	physical	PUBMED:18757749
YHR027C	YJL026W	RPN1	RNR2	Affinity Capture-MS	physical	PUBMED:18757749
YHR027C	YKR039W	RPN1	GAP1	Affinity Capture-MS	physical	PUBMED:18757749
YHR027C	YAL038W	RPN1	CDC19	Affinity Capture-MS	physical	PUBMED:18757749
YHR027C	YGR180C	RPN1	RNR4	Affinity Capture-MS	physical	PUBMED:18757749
YHR027C	YGL008C	RPN1	PMA1	Affinity Capture-MS	physical	PUBMED:18757749
YHR027C	YDR023W	RPN1	SES1	Affinity Capture-MS	physical	PUBMED:18757749
YHR027C	YKL035W	RPN1	UGP1	Affinity Capture-MS	physical	PUBMED:18757749
YHR027C	YER070W	RPN1	RNR1	Affinity Capture-MS	physical	PUBMED:18757749
YHR200W	YKR039W	RPN10	GAP1	Affinity Capture-MS	physical	PUBMED:18757749
YHR200W	YDR353W	RPN10	TRR1	Affinity Capture-MS	physical	PUBMED:18757749
YHR200W	YJL026W	RPN10	RNR2	Affinity Capture-MS	physical	PUBMED:18757749
YHR200W	YGR180C	RPN10	RNR4	Affinity Capture-MS	physical	PUBMED:18757749
YHR200W	YBL030C	RPN10	PET9	Affinity Capture-MS	physical	PUBMED:18757749
YHR200W	YGL008C	RPN10	PMA1	Affinity Capture-MS	physical	PUBMED:18757749
YHR200W	YAL038W	RPN10	CDC19	Affinity Capture-MS	physical	PUBMED:18757749
YHR200W	YDR023W	RPN10	SES1	Affinity Capture-MS	physical	PUBMED:18757749
YFR004W	YKL035W	RPN11	UGP1	Affinity Capture-MS	physical	PUBMED:18757749
YFR004W	YAL038W	RPN11	CDC19	Affinity Capture-MS	physical	PUBMED:18757749
YFR004W	YER070W	RPN11	RNR1	Affinity Capture-MS	physical	PUBMED:18757749
YFR004W	YDR023W	RPN11	SES1	Affinity Capture-MS	physical	PUBMED:18757749
YFR004W	YBL030C	RPN11	PET9	Affinity Capture-MS	physical	PUBMED:18757749
YFR004W	YGL008C	RPN11	PMA1	Affinity Capture-MS	physical	PUBMED:18757749
YFR004W	YGR180C	RPN11	RNR4	Affinity Capture-MS	physical	PUBMED:18757749
YFR004W	YMR108W	RPN11	ILV2	Affinity Capture-MS	physical	PUBMED:18757749
YOR117W	YJL026W	RPT5	RNR2	Affinity Capture-MS	physical	PUBMED:18757749
YOR117W	YDR023W	RPT5	SES1	Affinity Capture-MS	physical	PUBMED:18757749
YOR117W	YAL038W	RPT5	CDC19	Affinity Capture-MS	physical	PUBMED:18757749
YOR117W	YBL030C	RPT5	PET9	Affinity Capture-MS	physical	PUBMED:18757749
YOR117W	YGL008C	RPT5	PMA1	Affinity Capture-MS	physical	PUBMED:18757749
YOR117W	YER070W	RPT5	RNR1	Affinity Capture-MS	physical	PUBMED:18757749
YJR005W	YGL008C	APL1	PMA1	Affinity Capture-MS	physical	PUBMED:19822444
YER070W	YBR060C	RNR1	ORC2	Synthetic Lethality	genetic	PUBMED:17227840
YER070W	YNL261W	RNR1	ORC5	Synthetic Lethality	genetic	PUBMED:17227840
YER070W	YBR060C	RNR1	ORC2	Synthetic Growth Defect	genetic	PUBMED:17227840
YER070W	YNL261W	RNR1	ORC5	Synthetic Growth Defect	genetic	PUBMED:17227840
YJL026W	YJL026W	RNR2	RNR2	Reconstituted Complex	physical	PUBMED:11526232
YJL026W	YGR180C	RNR2	RNR4	Reconstituted Complex	physical	PUBMED:11526232
YGR180C	YJL026W	RNR4	RNR2	Reconstituted Complex	physical	PUBMED:11526232
YGR180C	YGR180C	RNR4	RNR4	Reconstituted Complex	physical	PUBMED:11526232
YCL043C	YNL192W	PDI1	CHS1	Synthetic Lethality	genetic	PUBMED:19233841
YHL040C	YGL008C	ARN1	PMA1	Co-fractionation	physical	PUBMED:19574226
YOR328W	YBR023C	PDR10	CHS3	Synthetic Rescue	genetic	PUBMED:19452121
YKR039W	YLR262C	GAP1	YPT6	Phenotypic Enhancement	genetic	PUBMED:19398763
YKR039W	YGL008C	GAP1	PMA1	Co-fractionation	physical	PUBMED:19398763
YGR254W	YBL030C	ENO1	PET9	Affinity Capture-Western	physical	PUBMED:16962558
YHR114W	YBR069C	BZZ1	TAT1	Two-hybrid	physical	PUBMED:19841731
YFR024C-A	YBR069C	LSB3	TAT1	Two-hybrid	physical	PUBMED:19841731
YPL172C	YER141W	COX10	COX15	Affinity Capture-Western	physical	PUBMED:19841065
YPL189C-A	YER141W	COA2	COX15	Phenotypic Suppression	genetic	PUBMED:19841065
YKR039W	YGL008C	GAP1	PMA1	Co-fractionation	physical	PUBMED:19748353
YLR305C	YLR305C	STT4	STT4	Affinity Capture-Western	physical	PUBMED:19075114
YLR305C	YGR198W	STT4	YPP1	Affinity Capture-Western	physical	PUBMED:19075114
YLR305C	YGR198W	STT4	YPP1	Reconstituted Complex	physical	PUBMED:19075114
YGR198W	YLR305C	YPP1	STT4	Dosage Rescue	genetic	PUBMED:19075114
YLR305C	YKL212W	STT4	SAC1	Synthetic Rescue	genetic	PUBMED:19075114
YOR347C	YAL038W	PYK2	CDC19	Synthetic Growth Defect	genetic	PUBMED:18408719
YBR085W	YBL030C	AAC3	PET9	Synthetic Growth Defect	genetic	PUBMED:18408719
YHR106W	YDR353W	TRR2	TRR1	Synthetic Growth Defect	genetic	PUBMED:18408719
YIL066C	YER070W	RNR3	RNR1	Synthetic Growth Defect	genetic	PUBMED:18408719
YKL035W	YHL012W	UGP1	YHL012W	Synthetic Growth Defect	genetic	PUBMED:18408719
YMR118C	YKL141W	SHH3	SDH3	Synthetic Growth Defect	genetic	PUBMED:18408719
YGL008C	YIR026C	PMA1	YVH1	Synthetic Rescue	genetic	PUBMED:19114459
YGL008C	YBR084C-A	PMA1	RPL19A	Synthetic Rescue	genetic	PUBMED:19114459
YGL008C	YDL191W	PMA1	RPL35A	Synthetic Rescue	genetic	PUBMED:19114459
YGL008C	YGR081C	PMA1	SLX9	Synthetic Rescue	genetic	PUBMED:19114459
YGL122C	YJL026W	NAB2	RNR2	Affinity Capture-RNA	physical	PUBMED:19840948
YGL122C	YER005W	NAB2	YND1	Affinity Capture-RNA	physical	PUBMED:19840948
YGL122C	YBR085W	NAB2	AAC3	Affinity Capture-RNA	physical	PUBMED:19840948
YGL122C	YKR039W	NAB2	GAP1	Affinity Capture-RNA	physical	PUBMED:19840948
YGL122C	YDR353W	NAB2	TRR1	Affinity Capture-RNA	physical	PUBMED:19840948
YGL122C	YDR023W	NAB2	SES1	Affinity Capture-RNA	physical	PUBMED:19840948
YGL122C	YNL192W	NAB2	CHS1	Affinity Capture-RNA	physical	PUBMED:19840948
YGL122C	YBR038W	NAB2	CHS2	Affinity Capture-RNA	physical	PUBMED:19840948
YGL122C	YBR252W	NAB2	DUT1	Affinity Capture-RNA	physical	PUBMED:19840948
YGL122C	YDR376W	NAB2	ARH1	Affinity Capture-RNA	physical	PUBMED:19840948
YJR148W	YMR108W	BAT2	ILV2	Synthetic Lethality	genetic	PUBMED:16941010
YAL038W	YBR218C	CDC19	PYC2	Synthetic Lethality	genetic	PUBMED:16941010
Q0045	YKL141W	COX1	SDH3	Synthetic Lethality	genetic	PUBMED:16941010
YKL141W	YKL216W	SDH3	URA1	Synthetic Lethality	genetic	PUBMED:16941010
YBR018C	YKL035W	GAL7	UGP1	Synthetic Lethality	genetic	PUBMED:16941010
YBR018C	YHL012W	GAL7	YHL012W	Synthetic Lethality	genetic	PUBMED:16941010
YKL035W	YHL012W	UGP1	YHL012W	Synthetic Lethality	genetic	PUBMED:16941010
YKR039W	YNL268W	GAP1	LYP1	Synthetic Lethality	genetic	PUBMED:16941010
YKR039W	YIR034C	GAP1	LYS1	Synthetic Lethality	genetic	PUBMED:16941010
YKR039W	YBR115C	GAP1	LYS2	Synthetic Lethality	genetic	PUBMED:16941010
YKR039W	YNR050C	GAP1	LYS9	Synthetic Lethality	genetic	PUBMED:16941010
YKR039W	YER023W	GAP1	PRO3	Synthetic Lethality	genetic	PUBMED:16941010
YKR039W	YOR348C	GAP1	PUT4	Synthetic Lethality	genetic	PUBMED:16941010
YEL024W	YKL141W	RIP1	SDH3	Synthetic Lethality	genetic	PUBMED:16941010
YNL270C	YKR039W	ALP1	GAP1	Synthetic Lethality	genetic	PUBMED:16941010
YOL058W	YKR039W	ARG1	GAP1	Synthetic Lethality	genetic	PUBMED:16941010
YEL063C	YKR039W	CAN1	GAP1	Synthetic Lethality	genetic	PUBMED:16941010
YJL088W	YKR039W	ARG3	GAP1	Synthetic Lethality	genetic	PUBMED:16941010
YHR018C	YKR039W	ARG4	GAP1	Synthetic Lethality	genetic	PUBMED:16941010
YER069W	YKR039W	ARG5,6	GAP1	Synthetic Lethality	genetic	PUBMED:16941010
YOL140W	YKR039W	ARG8	GAP1	Synthetic Lethality	genetic	PUBMED:16941010
YMR062C	YKR039W	ARG7	GAP1	Synthetic Lethality	genetic	PUBMED:16941010
YOR130C	YKR039W	ORT1	GAP1	Synthetic Lethality	genetic	PUBMED:16941010
YJR025C	YKR039W	BNA1	GAP1	Synthetic Lethality	genetic	PUBMED:16941010
YKR039W	YIL094C	GAP1	LYS12	Synthetic Lethality	genetic	PUBMED:16941010
YKR039W	YDL182W	GAP1	LYS20	Synthetic Lethality	genetic	PUBMED:16941010
YKR039W	YDR234W	GAP1	LYS4	Synthetic Lethality	genetic	PUBMED:16941010
YLR438W	YKR039W	CAR2	GAP1	Synthetic Lethality	genetic	PUBMED:16941010
YKR039W	YDR300C	GAP1	PRO1	Synthetic Lethality	genetic	PUBMED:16941010
YOR323C	YKR039W	PRO2	GAP1	Synthetic Lethality	genetic	PUBMED:16941010
YKR039W	YBL098W	GAP1	BNA4	Synthetic Lethality	genetic	PUBMED:16941010
YKR039W	YJR078W	GAP1	BNA2	Synthetic Lethality	genetic	PUBMED:16941010
YKR039W	YLR231C	GAP1	BNA5	Synthetic Lethality	genetic	PUBMED:16941010
YAL038W	YOR347C	CDC19	PYK2	Synthetic Lethality	genetic	PUBMED:16941010
YBL099W	YKL141W	ATP1	SDH3	Synthetic Lethality	genetic	PUBMED:16941010
YLR348C	YKL141W	DIC1	SDH3	Synthetic Lethality	genetic	PUBMED:16941010
YIL094C	YKL141W	LYS12	SDH3	Synthetic Lethality	genetic	PUBMED:16941010
YDL182W	YKL141W	LYS20	SDH3	Synthetic Lethality	genetic	PUBMED:16941010
YDR234W	YKL141W	LYS4	SDH3	Synthetic Lethality	genetic	PUBMED:16941010
YKR039W	YKL176C	GAP1	LST4	Phenotypic Suppression	genetic	PUBMED:18434603
YPL031C	YEL017C-A	PHO85	PMP2	Dosage Lethality	genetic	PUBMED:16455487
YGL122C	YKL150W	NAB2	MCR1	Affinity Capture-RNA	physical	PUBMED:19840948
YGL122C	YGR180C	NAB2	RNR4	Affinity Capture-RNA	physical	PUBMED:19840948
YGL122C	YER141W	NAB2	COX15	Affinity Capture-RNA	physical	PUBMED:19840948
YGL122C	YKL035W	NAB2	UGP1	Affinity Capture-RNA	physical	PUBMED:19840948
YGL122C	YOR347C	NAB2	PYK2	Affinity Capture-RNA	physical	PUBMED:19840948
YGL122C	YMR101C	NAB2	SRT1	Affinity Capture-RNA	physical	PUBMED:19840948
YGL122C	YIL043C	NAB2	CBR1	Affinity Capture-RNA	physical	PUBMED:19840948
YGL122C	YOL130W	NAB2	ALR1	Affinity Capture-RNA	physical	PUBMED:19840948
YGL122C	YHL012W	NAB2	YHL012W	Affinity Capture-RNA	physical	PUBMED:19840948
YGL122C	YJL100W	NAB2	LSB6	Affinity Capture-RNA	physical	PUBMED:19840948
YGL122C	YBR069C	NAB2	TAT1	Affinity Capture-RNA	physical	PUBMED:19840948
YKL035W	YKL035W	UGP1	UGP1	Co-purification	physical	PUBMED:17010990
YKL035W	YKL035W	UGP1	UGP1	Co-crystal Structure	physical	PUBMED:17010990
YMR199W	YBR023C	CLN1	CHS3	Synthetic Growth Defect	genetic	PUBMED:19458192
YPL256C	YBR023C	CLN2	CHS3	Synthetic Growth Defect	genetic	PUBMED:19458192
YGL008C	YGL008C	PMA1	PMA1	Affinity Capture-Western	physical	PUBMED:19929866
YDR217C	YBR023C	RAD9	CHS3	Phenotypic Enhancement	genetic	PUBMED:18245329
YKL064W	YOL130W	MNR2	ALR1	Phenotypic Enhancement	genetic	PUBMED:19720860
YOL130W	YFL050C	ALR1	ALR2	Phenotypic Enhancement	genetic	PUBMED:19720860
YDR130C	YAL038W	FIN1	CDC19	Affinity Capture-Western	physical	PUBMED:19948764
YDR130C	YGL008C	FIN1	PMA1	Affinity Capture-Western	physical	PUBMED:19948764
YKR039W	YCL025C	GAP1	AGP1	Synthetic Lethality	genetic	PUBMED:19906648
YKR039W	YDR463W	GAP1	STP1	Synthetic Lethality	genetic	PUBMED:19906648
YKR039W	YHR006W	GAP1	STP2	Synthetic Lethality	genetic	PUBMED:19906648
YKR039W	YIR023W	GAP1	DAL81	Synthetic Lethality	genetic	PUBMED:19906648
YGR130C	YGL008C	YGR130C	PMA1	Affinity Capture-MS	physical	PUBMED:19269952
YMR086W	YGL008C	SEG1	PMA1	Affinity Capture-MS	physical	PUBMED:19269952
YDR364C	YJL026W	CDC40	RNR2	Synthetic Rescue	genetic	PUBMED:17171376
YAL038W	YBR125C	CDC19	PTC4	Negative Genetic	genetic	PUBMED:20093466
YAL038W	YDR126W	CDC19	SWF1	Negative Genetic	genetic	PUBMED:20093466
YAL038W	YDR127W	CDC19	ARO1	Negative Genetic	genetic	PUBMED:20093466
YAL038W	YDR148C	CDC19	KGD2	Negative Genetic	genetic	PUBMED:20093466
YAL038W	YER052C	CDC19	HOM3	Negative Genetic	genetic	PUBMED:20093466
YAL038W	YGL237C	CDC19	HAP2	Negative Genetic	genetic	PUBMED:20093466
YAL038W	YGL080W	CDC19	MPC1	Negative Genetic	genetic	PUBMED:20093466
YAL038W	YIL154C	CDC19	IMP2	Negative Genetic	genetic	PUBMED:20093466
YAL038W	YIL153W	CDC19	RRD1	Negative Genetic	genetic	PUBMED:20093466
YAL038W	YJR044C	CDC19	VPS55	Negative Genetic	genetic	PUBMED:20093466
YAL038W	YKR050W	CDC19	TRK2	Negative Genetic	genetic	PUBMED:20093466
YAL038W	YLR056W	CDC19	ERG3	Negative Genetic	genetic	PUBMED:20093466
YAL038W	YLR410W	CDC19	VIP1	Negative Genetic	genetic	PUBMED:20093466
YAL038W	YLR414C	CDC19	PUN1	Negative Genetic	genetic	PUBMED:20093466
YAL038W	YML097C	CDC19	VPS9	Negative Genetic	genetic	PUBMED:20093466
YAL038W	YMR192W	CDC19	GYL1	Negative Genetic	genetic	PUBMED:20093466
YAL038W	YMR282C	CDC19	AEP2	Negative Genetic	genetic	PUBMED:20093466
YAL038W	YOR327C	CDC19	SNC2	Positive Genetic	genetic	PUBMED:20093466
YAL038W	YPR057W	CDC19	BRR1	Negative Genetic	genetic	PUBMED:20093466
YAL038W	YPR060C	CDC19	ARO7	Negative Genetic	genetic	PUBMED:20093466
YAL038W	YPR096C	CDC19	YPR096C	Negative Genetic	genetic	PUBMED:20093466
YAL025C	YPL036W	MAK16	PMA2	Negative Genetic	genetic	PUBMED:20093466
YAL020C	YIL043C	ATS1	CBR1	Negative Genetic	genetic	PUBMED:20093466
YAR029W	YKL150W	YAR029W	MCR1	Negative Genetic	genetic	PUBMED:20093466
YBL105C	YPL036W	PKC1	PMA2	Negative Genetic	genetic	PUBMED:20093466
YBL075C	YPL036W	SSA3	PMA2	Negative Genetic	genetic	PUBMED:20093466
YBL021C	YIL043C	HAP3	CBR1	Negative Genetic	genetic	PUBMED:20093466
YBL015W	YPL036W	ACH1	PMA2	Negative Genetic	genetic	PUBMED:20093466
YBR033W	YPL036W	EDS1	PMA2	Negative Genetic	genetic	PUBMED:20093466
YBR055C	YPL036W	PRP6	PMA2	Negative Genetic	genetic	PUBMED:20093466
YBR060C	YPL036W	ORC2	PMA2	Negative Genetic	genetic	PUBMED:20093466
YBR069C	YDR127W	TAT1	ARO1	Negative Genetic	genetic	PUBMED:20093466
YBR069C	YGL148W	TAT1	ARO2	Negative Genetic	genetic	PUBMED:20093466
YBR069C	YPR074C	TAT1	TKL1	Negative Genetic	genetic	PUBMED:20093466
YBR109C	YPL036W	CMD1	PMA2	Negative Genetic	genetic	PUBMED:20093466
YBR128C	YPL036W	ATG14	PMA2	Negative Genetic	genetic	PUBMED:20093466
YBR152W	YKR039W	SPP381	GAP1	Positive Genetic	genetic	PUBMED:20093466
YBR171W	YPL036W	SEC66	PMA2	Negative Genetic	genetic	PUBMED:20093466
YBR181C	YBR085W	RPS6B	AAC3	Negative Genetic	genetic	PUBMED:20093466
YBR236C	YOR347C	ABD1	PYK2	Negative Genetic	genetic	PUBMED:20093466
YBR278W	YKL150W	DPB3	MCR1	Negative Genetic	genetic	PUBMED:20093466
YCR002C	YBR023C	CDC10	CHS3	Negative Genetic	genetic	PUBMED:20093466
YCR094W	YPL036W	CDC50	PMA2	Negative Genetic	genetic	PUBMED:20093466
YDL226C	YKR039W	GCS1	GAP1	Negative Genetic	genetic	PUBMED:20093466
YDL225W	YBR023C	SHS1	CHS3	Negative Genetic	genetic	PUBMED:20093466
YDL217C	YPL036W	TIM22	PMA2	Negative Genetic	genetic	PUBMED:20093466
YDL212W	YPL036W	SHR3	PMA2	Negative Genetic	genetic	PUBMED:20093466
YDL185W	YCR024C-A	VMA1	PMP1	Negative Genetic	genetic	PUBMED:20093466
YDL185W	YJR069C	VMA1	HAM1	Negative Genetic	genetic	PUBMED:20093466
YDL185W	YPL036W	VMA1	PMA2	Negative Genetic	genetic	PUBMED:20093466
YDL150W	YHL012W	RPC53	YHL012W	Negative Genetic	genetic	PUBMED:20093466
YDL145C	YPL036W	COP1	PMA2	Negative Genetic	genetic	PUBMED:20093466
YDL117W	YBR023C	CYK3	CHS3	Negative Genetic	genetic	PUBMED:20093466
YDR043C	YPL036W	NRG1	PMA2	Negative Genetic	genetic	PUBMED:20093466
YDR071C	YJR069C	PAA1	HAM1	Negative Genetic	genetic	PUBMED:20093466
YDR108W	YBR023C	TRS85	CHS3	Positive Genetic	genetic	PUBMED:20093466
YDR127W	YBR069C	ARO1	TAT1	Negative Genetic	genetic	PUBMED:20093466
YDR160W	YPL036W	SSY1	PMA2	Negative Genetic	genetic	PUBMED:20093466
YDR293C	YBR023C	SSD1	CHS3	Negative Genetic	genetic	PUBMED:20093466
YDR331W	YBR023C	GPI8	CHS3	Negative Genetic	genetic	PUBMED:20093466
YDR358W	YOR347C	GGA1	PYK2	Negative Genetic	genetic	PUBMED:20093466
YDR388W	YBR023C	RVS167	CHS3	Negative Genetic	genetic	PUBMED:20093466
YDR411C	YPL036W	DFM1	PMA2	Negative Genetic	genetic	PUBMED:20093466
YDR485C	YPL036W	VPS72	PMA2	Negative Genetic	genetic	PUBMED:20093466
YDR507C	YBR023C	GIN4	CHS3	Negative Genetic	genetic	PUBMED:20093466
YEL051W	YJL100W	VMA8	LSB6	Positive Genetic	genetic	PUBMED:20093466
YEL050C	YPL036W	RML2	PMA2	Negative Genetic	genetic	PUBMED:20093466
YEL036C	YBR023C	ANP1	CHS3	Negative Genetic	genetic	PUBMED:20093466
YEL036C	YHL012W	ANP1	YHL012W	Negative Genetic	genetic	PUBMED:20093466
YEL020C	YCR024C-A	YEL020C	PMP1	Negative Genetic	genetic	PUBMED:20093466
YEL017C-A	YAL055W	PMP2	PEX22	Negative Genetic	genetic	PUBMED:20093466
YEL017C-A	YGL173C	PMP2	XRN1	Negative Genetic	genetic	PUBMED:20093466
YEL017C-A	YIL084C	PMP2	SDS3	Negative Genetic	genetic	PUBMED:20093466
YEL017C-A	YKL053C-A	PMP2	MDM35	Negative Genetic	genetic	PUBMED:20093466
YEL017C-A	YLL043W	PMP2	FPS1	Negative Genetic	genetic	PUBMED:20093466
YEL017C-A	YLR337C	PMP2	VRP1	Negative Genetic	genetic	PUBMED:20093466
YEL002C	YBR023C	WBP1	CHS3	Negative Genetic	genetic	PUBMED:20093466
YER004W	YPL036W	FMP52	PMA2	Negative Genetic	genetic	PUBMED:20093466
YER005W	YDR233C	YND1	RTN1	Negative Genetic	genetic	PUBMED:20093466
YER005W	YDR245W	YND1	MNN10	Negative Genetic	genetic	PUBMED:20093466
YER005W	YDR352W	YND1	YPQ2	Negative Genetic	genetic	PUBMED:20093466
YER005W	YGL244W	YND1	RTF1	Negative Genetic	genetic	PUBMED:20093466
YER005W	YGL168W	YND1	HUR1	Negative Genetic	genetic	PUBMED:20093466
YER005W	YGL167C	YND1	PMR1	Negative Genetic	genetic	PUBMED:20093466
YER005W	YGL151W	YND1	NUT1	Negative Genetic	genetic	PUBMED:20093466
YER005W	YGR077C	YND1	PEX8	Negative Genetic	genetic	PUBMED:20093466
YER005W	YHR041C	YND1	SRB2	Negative Genetic	genetic	PUBMED:20093466
YER005W	YJL139C	YND1	YUR1	Negative Genetic	genetic	PUBMED:20093466
YER005W	YJR074W	YND1	MOG1	Negative Genetic	genetic	PUBMED:20093466
YER005W	YJR075W	YND1	HOC1	Negative Genetic	genetic	PUBMED:20093466
YER005W	YKL212W	YND1	SAC1	Negative Genetic	genetic	PUBMED:20093466
YER005W	YKL184W	YND1	SPE1	Negative Genetic	genetic	PUBMED:20093466
YER005W	YLL041C	YND1	SDH2	Negative Genetic	genetic	PUBMED:20093466
YER005W	YLR247C	YND1	IRC20	Negative Genetic	genetic	PUBMED:20093466
YER005W	YLR441C	YND1	RPS1A	Negative Genetic	genetic	PUBMED:20093466
YER005W	YML121W	YND1	GTR1	Negative Genetic	genetic	PUBMED:20093466
YER005W	YMR157C	YND1	AIM36	Negative Genetic	genetic	PUBMED:20093466
YER005W	YMR224C	YND1	MRE11	Negative Genetic	genetic	PUBMED:20093466
YER005W	YNR071C	YND1	YNR071C	Negative Genetic	genetic	PUBMED:20093466
YER005W	YOR070C	YND1	GYP1	Negative Genetic	genetic	PUBMED:20093466
YER005W	YOR083W	YND1	WHI5	Negative Genetic	genetic	PUBMED:20093466
YER005W	YOR216C	YND1	RUD3	Negative Genetic	genetic	PUBMED:20093466
YER005W	YPL158C	YND1	AIM44	Positive Genetic	genetic	PUBMED:20093466
YER005W	YPR066W	YND1	UBA3	Negative Genetic	genetic	PUBMED:20093466
YER005W	YPR070W	YND1	MED1	Negative Genetic	genetic	PUBMED:20093466
YER016W	YPL036W	BIM1	PMA2	Positive Genetic	genetic	PUBMED:20093466
YER037W	YPL036W	PHM8	PMA2	Negative Genetic	genetic	PUBMED:20093466
YER093C	YBR023C	TSC11	CHS3	Negative Genetic	genetic	PUBMED:20093466
YER110C	YPL036W	KAP123	PMA2	Negative Genetic	genetic	PUBMED:20093466
YFL039C	YPL036W	ACT1	PMA2	Negative Genetic	genetic	PUBMED:20093466
YFR036W	YPL036W	CDC26	PMA2	Negative Genetic	genetic	PUBMED:20093466
YGL150C	YPL036W	INO80	PMA2	Negative Genetic	genetic	PUBMED:20093466
YGL148W	YBR069C	ARO2	TAT1	Negative Genetic	genetic	PUBMED:20093466
YGL098W	YPL036W	USE1	PMA2	Negative Genetic	genetic	PUBMED:20093466
YGL078C	YPL036W	DBP3	PMA2	Negative Genetic	genetic	PUBMED:20093466
YGL061C	YKL150W	DUO1	MCR1	Negative Genetic	genetic	PUBMED:20093466
YGL008C	YAL023C	PMA1	PMT2	Negative Genetic	genetic	PUBMED:20093466
YGL008C	YCR034W	PMA1	ELO2	Negative Genetic	genetic	PUBMED:20093466
YGL008C	YCR086W	PMA1	CSM1	Negative Genetic	genetic	PUBMED:20093466
YGL008C	YDL168W	PMA1	SFA1	Negative Genetic	genetic	PUBMED:20093466
YGL008C	YDL104C	PMA1	QRI7	Negative Genetic	genetic	PUBMED:20093466
YGL008C	YDL081C	PMA1	RPP1A	Positive Genetic	genetic	PUBMED:20093466
YGL008C	YDL048C	PMA1	STP4	Negative Genetic	genetic	PUBMED:20093466
YGL008C	YDL006W	PMA1	PTC1	Negative Genetic	genetic	PUBMED:20093466
YGL008C	YDR080W	PMA1	VPS41	Negative Genetic	genetic	PUBMED:20093466
YGL008C	YDR101C	PMA1	ARX1	Negative Genetic	genetic	PUBMED:20093466
YGL008C	YDR126W	PMA1	SWF1	Negative Genetic	genetic	PUBMED:20093466
YGL008C	YDR289C	PMA1	RTT103	Negative Genetic	genetic	PUBMED:20093466
YGL008C	YDR395W	PMA1	SXM1	Negative Genetic	genetic	PUBMED:20093466
YGL008C	YDR414C	PMA1	ERD1	Negative Genetic	genetic	PUBMED:20093466
YGL008C	YER048C	PMA1	CAJ1	Negative Genetic	genetic	PUBMED:20093466
YGL008C	YER091C	PMA1	MET6	Positive Genetic	genetic	PUBMED:20093466
YGL008C	YER173W	PMA1	RAD24	Negative Genetic	genetic	PUBMED:20093466
YGL008C	YFL048C	PMA1	EMP47	Negative Genetic	genetic	PUBMED:20093466
YGL008C	YFL014W	PMA1	HSP12	Positive Genetic	genetic	PUBMED:20093466
YGL008C	YFL003C	PMA1	MSH4	Negative Genetic	genetic	PUBMED:20093466
YGL008C	YGL108C	PMA1	YGL108C	Negative Genetic	genetic	PUBMED:20093466
YGL008C	YGR178C	PMA1	PBP1	Negative Genetic	genetic	PUBMED:20093466
YGL008C	YHR167W	PMA1	THP2	Negative Genetic	genetic	PUBMED:20093466
YGL008C	YIL160C	PMA1	POT1	Negative Genetic	genetic	PUBMED:20093466
YGL008C	YJL178C	PMA1	ATG27	Negative Genetic	genetic	PUBMED:20093466
YGL008C	YJL049W	PMA1	YJL049W	Negative Genetic	genetic	PUBMED:20093466
YGL008C	YJR075W	PMA1	HOC1	Negative Genetic	genetic	PUBMED:20093466
YGL008C	YKL160W	PMA1	ELF1	Negative Genetic	genetic	PUBMED:20093466
YGL008C	YKL113C	PMA1	RAD27	Negative Genetic	genetic	PUBMED:20093466
YGL008C	YKL077W	PMA1	YKL077W	Negative Genetic	genetic	PUBMED:20093466
YGL008C	YKL055C	PMA1	OAR1	Negative Genetic	genetic	PUBMED:20093466
YGL008C	YKL041W	PMA1	VPS24	Negative Genetic	genetic	PUBMED:20093466
YGL008C	YKR031C	PMA1	SPO14	Negative Genetic	genetic	PUBMED:20093466
YGL008C	YKR039W	PMA1	GAP1	Positive Genetic	genetic	PUBMED:20093466
YGL008C	YKR097W	PMA1	PCK1	Positive Genetic	genetic	PUBMED:20093466
YGL008C	YLR315W	PMA1	NKP2	Negative Genetic	genetic	PUBMED:20093466
YGL008C	YLR337C	PMA1	VRP1	Positive Genetic	genetic	PUBMED:20093466
YGL008C	YLR372W	PMA1	ELO3	Negative Genetic	genetic	PUBMED:20093466
YGL008C	YLR418C	PMA1	CDC73	Negative Genetic	genetic	PUBMED:20093466
YGL008C	YMR116C	PMA1	ASC1	Negative Genetic	genetic	PUBMED:20093466
YGL008C	YMR233W	PMA1	TRI1	Negative Genetic	genetic	PUBMED:20093466
YGL008C	YMR307W	PMA1	GAS1	Negative Genetic	genetic	PUBMED:20093466
YGL008C	YNL147W	PMA1	LSM7	Positive Genetic	genetic	PUBMED:20093466
YGL008C	YNL056W	PMA1	OCA2	Positive Genetic	genetic	PUBMED:20093466
YGL008C	YNR007C	PMA1	ATG3	Negative Genetic	genetic	PUBMED:20093466
YGL008C	YOL124C	PMA1	TRM11	Negative Genetic	genetic	PUBMED:20093466
YGL008C	YOL071W	PMA1	SDH5	Positive Genetic	genetic	PUBMED:20093466
YGL008C	YOR026W	PMA1	BUB3	Negative Genetic	genetic	PUBMED:20093466
YGL008C	YOR068C	PMA1	VAM10	Negative Genetic	genetic	PUBMED:20093466
YGL008C	YOR293W	PMA1	RPS10A	Positive Genetic	genetic	PUBMED:20093466
YGL008C	YOR334W	PMA1	MRS2	Positive Genetic	genetic	PUBMED:20093466
YGL008C	YPL172C	PMA1	COX10	Positive Genetic	genetic	PUBMED:20093466
YGL008C	YPL135W	PMA1	ISU1	Positive Genetic	genetic	PUBMED:20093466
YGL008C	YPL134C	PMA1	ODC1	Negative Genetic	genetic	PUBMED:20093466
YGL008C	YPL055C	PMA1	LGE1	Negative Genetic	genetic	PUBMED:20093466
YGL008C	YPL036W	PMA1	PMA2	Negative Genetic	genetic	PUBMED:20093466
YGL008C	YPR185W	PMA1	ATG13	Negative Genetic	genetic	PUBMED:20093466
YGR024C	YKR039W	THG1	GAP1	Positive Genetic	genetic	PUBMED:20093466
YGR029W	YPL036W	ERV1	PMA2	Negative Genetic	genetic	PUBMED:20093466
YGR061C	YPL036W	ADE6	PMA2	Negative Genetic	genetic	PUBMED:20093466
YGR090W	YPL036W	UTP22	PMA2	Negative Genetic	genetic	PUBMED:20093466
YGR166W	YPL036W	TRS65	PMA2	Negative Genetic	genetic	PUBMED:20093466
YGR229C	YBR023C	SMI1	CHS3	Negative Genetic	genetic	PUBMED:20093466
YGR252W	YPL036W	GCN5	PMA2	Negative Genetic	genetic	PUBMED:20093466
YHR030C	YPL036W	SLT2	PMA2	Negative Genetic	genetic	PUBMED:20093466
YHR068W	YKR039W	DYS1	GAP1	Positive Genetic	genetic	PUBMED:20093466
YHR107C	YBR023C	CDC12	CHS3	Negative Genetic	genetic	PUBMED:20093466
YIL119C	YPL036W	RPI1	PMA2	Negative Genetic	genetic	PUBMED:20093466
YIL084C	YPL036W	SDS3	PMA2	Negative Genetic	genetic	PUBMED:20093466
YIL083C	YPL036W	CAB2	PMA2	Negative Genetic	genetic	PUBMED:20093466
YIL076W	YBR023C	SEC28	CHS3	Negative Genetic	genetic	PUBMED:20093466
YJL198W	YPL036W	PHO90	PMA2	Negative Genetic	genetic	PUBMED:20093466
YJL183W	YBR023C	MNN11	CHS3	Negative Genetic	genetic	PUBMED:20093466
YJL176C	YBR023C	SWI3	CHS3	Negative Genetic	genetic	PUBMED:20093466
YJL176C	YPL036W	SWI3	PMA2	Negative Genetic	genetic	PUBMED:20093466
YJL129C	YOR347C	TRK1	PYK2	Negative Genetic	genetic	PUBMED:20093466
YJL091C	YBR023C	GWT1	CHS3	Negative Genetic	genetic	PUBMED:20093466
YJL062W	YBR023C	LAS21	CHS3	Negative Genetic	genetic	PUBMED:20093466
YJR045C	YPL036W	SSC1	PMA2	Negative Genetic	genetic	PUBMED:20093466
YJR076C	YBR023C	CDC11	CHS3	Negative Genetic	genetic	PUBMED:20093466
YJR113C	YPL036W	RSM7	PMA2	Negative Genetic	genetic	PUBMED:20093466
YJR118C	YBR023C	ILM1	CHS3	Negative Genetic	genetic	PUBMED:20093466
YKL203C	YPL036W	TOR2	PMA2	Negative Genetic	genetic	PUBMED:20093466
YKL203C	YBR023C	TOR2	CHS3	Negative Genetic	genetic	PUBMED:20093466
YKL184W	YMR056C	SPE1	AAC1	Negative Genetic	genetic	PUBMED:20093466
YKL150W	YAR029W	MCR1	YAR029W	Negative Genetic	genetic	PUBMED:20093466
YKL150W	YBR126C	MCR1	TPS1	Negative Genetic	genetic	PUBMED:20093466
YKL150W	YBR278W	MCR1	DPB3	Negative Genetic	genetic	PUBMED:20093466
YKL150W	YDL013W	MCR1	SLX5	Negative Genetic	genetic	PUBMED:20093466
YKL150W	YLR089C	MCR1	ALT1	Negative Genetic	genetic	PUBMED:20093466
YKL150W	YNL097C	MCR1	PHO23	Negative Genetic	genetic	PUBMED:20093466
YKL150W	YOL112W	MCR1	MSB4	Negative Genetic	genetic	PUBMED:20093466
YKL150W	YOL004W	MCR1	SIN3	Negative Genetic	genetic	PUBMED:20093466
YKL150W	YOR306C	MCR1	MCH5	Negative Genetic	genetic	PUBMED:20093466
YKL150W	YPL174C	MCR1	NIP100	Negative Genetic	genetic	PUBMED:20093466
YKL116C	YBR023C	PRR1	CHS3	Negative Genetic	genetic	PUBMED:20093466
YKL059C	YPL036W	MPE1	PMA2	Negative Genetic	genetic	PUBMED:20093466
YKR048C	YBR023C	NAP1	CHS3	Negative Genetic	genetic	PUBMED:20093466
YLL039C	YPL036W	UBI4	PMA2	Negative Genetic	genetic	PUBMED:20093466
YLR002C	YJR069C	NOC3	HAM1	Positive Genetic	genetic	PUBMED:20093466
YLR022C	YPL036W	SDO1	PMA2	Negative Genetic	genetic	PUBMED:20093466
YLR085C	YPL036W	ARP6	PMA2	Negative Genetic	genetic	PUBMED:20093466
YLR089C	YKL150W	ALT1	MCR1	Negative Genetic	genetic	PUBMED:20093466
YLR103C	YPL036W	CDC45	PMA2	Negative Genetic	genetic	PUBMED:20093466
YLR145W	YPL036W	RMP1	PMA2	Negative Genetic	genetic	PUBMED:20093466
YLR153C	YPL036W	ACS2	PMA2	Negative Genetic	genetic	PUBMED:20093466
YLR229C	YPL036W	CDC42	PMA2	Negative Genetic	genetic	PUBMED:20093466
YLR242C	YBR023C	ARV1	CHS3	Negative Genetic	genetic	PUBMED:20093466
YLR262C-A	YPL036W	TMA7	PMA2	Negative Genetic	genetic	PUBMED:20093466
YLR299W	YPL036W	ECM38	PMA2	Negative Genetic	genetic	PUBMED:20093466
YLR314C	YHL012W	CDC3	YHL012W	Negative Genetic	genetic	PUBMED:20093466
YLR314C	YIL066C	CDC3	RNR3	Negative Genetic	genetic	PUBMED:20093466
YLR314C	YBR023C	CDC3	CHS3	Negative Genetic	genetic	PUBMED:20093466
YLR314C	YOR347C	CDC3	PYK2	Positive Genetic	genetic	PUBMED:20093466
YLR342W	YBR023C	FKS1	CHS3	Negative Genetic	genetic	PUBMED:20093466
YLR370C	YBR023C	ARC18	CHS3	Negative Genetic	genetic	PUBMED:20093466
YLR451W	YPL036W	LEU3	PMA2	Negative Genetic	genetic	PUBMED:20093466
YLR459W	YBR023C	GAB1	CHS3	Negative Genetic	genetic	PUBMED:20093466
YML125C	YBL021C	PGA3	HAP3	Negative Genetic	genetic	PUBMED:20093466
YML125C	YBR024W	PGA3	SCO2	Negative Genetic	genetic	PUBMED:20093466
YML125C	YBR082C	PGA3	UBC4	Negative Genetic	genetic	PUBMED:20093466
YML125C	YCL045C	PGA3	EMC1	Negative Genetic	genetic	PUBMED:20093466
YML125C	YCL010C	PGA3	SGF29	Negative Genetic	genetic	PUBMED:20093466
YML125C	YCR053W	PGA3	THR4	Negative Genetic	genetic	PUBMED:20093466
YML125C	YCR065W	PGA3	HCM1	Negative Genetic	genetic	PUBMED:20093466
YML125C	YCR086W	PGA3	CSM1	Negative Genetic	genetic	PUBMED:20093466
YML125C	YDL190C	PGA3	UFD2	Negative Genetic	genetic	PUBMED:20093466
YML125C	YDL020C	PGA3	RPN4	Negative Genetic	genetic	PUBMED:20093466
YML125C	YDR074W	PGA3	TPS2	Negative Genetic	genetic	PUBMED:20093466
YML125C	YDR123C	PGA3	INO2	Negative Genetic	genetic	PUBMED:20093466
YML125C	YDR289C	PGA3	RTT103	Negative Genetic	genetic	PUBMED:20093466
YML125C	YDR389W	PGA3	SAC7	Negative Genetic	genetic	PUBMED:20093466
YML125C	YDR414C	PGA3	ERD1	Negative Genetic	genetic	PUBMED:20093466
YML125C	YER048C	PGA3	CAJ1	Negative Genetic	genetic	PUBMED:20093466
YML125C	YER162C	PGA3	RAD4	Negative Genetic	genetic	PUBMED:20093466
YML125C	YFL036W	PGA3	RPO41	Negative Genetic	genetic	PUBMED:20093466
YML125C	YFL031W	PGA3	HAC1	Negative Genetic	genetic	PUBMED:20093466
YML125C	YGL235W	PGA3	YGL235W	Negative Genetic	genetic	PUBMED:20093466
YML125C	YGL231C	PGA3	EMC4	Negative Genetic	genetic	PUBMED:20093466
YML125C	YGL194C	PGA3	HOS2	Positive Genetic	genetic	PUBMED:20093466
YML125C	YGL180W	PGA3	ATG1	Negative Genetic	genetic	PUBMED:20093466
YML125C	YGL115W	PGA3	SNF4	Negative Genetic	genetic	PUBMED:20093466
YML125C	YGL019W	PGA3	CKB1	Negative Genetic	genetic	PUBMED:20093466
YML125C	YGR072W	PGA3	UPF3	Positive Genetic	genetic	PUBMED:20093466
YML125C	YGR105W	PGA3	VMA21	Negative Genetic	genetic	PUBMED:20093466
YML125C	YGR157W	PGA3	CHO2	Negative Genetic	genetic	PUBMED:20093466
YML125C	YGR270W	PGA3	YTA7	Negative Genetic	genetic	PUBMED:20093466
YML125C	YGR292W	PGA3	MAL12	Negative Genetic	genetic	PUBMED:20093466
YML125C	YHR073W	PGA3	OSH3	Negative Genetic	genetic	PUBMED:20093466
YML125C	YHR077C	PGA3	NMD2	Positive Genetic	genetic	PUBMED:20093466
YML125C	YHR079C	PGA3	IRE1	Negative Genetic	genetic	PUBMED:20093466
YML125C	YHR135C	PGA3	YCK1	Negative Genetic	genetic	PUBMED:20093466
YML125C	YHR198C	PGA3	AIM18	Negative Genetic	genetic	PUBMED:20093466
YML125C	YIL097W	PGA3	FYV10	Negative Genetic	genetic	PUBMED:20093466
YML125C	YIL084C	PGA3	SDS3	Positive Genetic	genetic	PUBMED:20093466
YML125C	YIL053W	PGA3	GPP1	Negative Genetic	genetic	PUBMED:20093466
YML125C	YIL030C	PGA3	SSM4	Negative Genetic	genetic	PUBMED:20093466
YML125C	YJL192C	PGA3	SOP4	Negative Genetic	genetic	PUBMED:20093466
YML125C	YJL117W	PGA3	PHO86	Negative Genetic	genetic	PUBMED:20093466
YML125C	YJR073C	PGA3	OPI3	Negative Genetic	genetic	PUBMED:20093466
YML125C	YJR088C	PGA3	EMC2	Negative Genetic	genetic	PUBMED:20093466
YML125C	YJR117W	PGA3	STE24	Negative Genetic	genetic	PUBMED:20093466
YML125C	YKL213C	PGA3	DOA1	Negative Genetic	genetic	PUBMED:20093466
YML125C	YKL207W	PGA3	EMC3	Negative Genetic	genetic	PUBMED:20093466
YML125C	YKL184W	PGA3	SPE1	Negative Genetic	genetic	PUBMED:20093466
YML125C	YKL077W	PGA3	YKL077W	Negative Genetic	genetic	PUBMED:20093466
YML125C	YKL063C	PGA3	YKL063C	Negative Genetic	genetic	PUBMED:20093466
YML125C	YKL032C	PGA3	IXR1	Positive Genetic	genetic	PUBMED:20093466
YML125C	YKR042W	PGA3	UTH1	Negative Genetic	genetic	PUBMED:20093466
YML125C	YLL014W	PGA3	EMC6	Negative Genetic	genetic	PUBMED:20093466
YML125C	YLR056W	PGA3	ERG3	Negative Genetic	genetic	PUBMED:20093466
YML125C	YLR218C	PGA3	COA4	Negative Genetic	genetic	PUBMED:20093466
YML125C	YLR418C	PGA3	CDC73	Negative Genetic	genetic	PUBMED:20093466
YML125C	YMR022W	PGA3	UBC7	Negative Genetic	genetic	PUBMED:20093466
YML125C	YMR067C	PGA3	UBX4	Negative Genetic	genetic	PUBMED:20093466
YML125C	YMR075W	PGA3	RCO1	Negative Genetic	genetic	PUBMED:20093466
YML125C	YMR119W	PGA3	ASI1	Negative Genetic	genetic	PUBMED:20093466
YML125C	YMR123W	PGA3	PKR1	Negative Genetic	genetic	PUBMED:20093466
YML125C	YMR183C	PGA3	SSO2	Negative Genetic	genetic	PUBMED:20093466
YML125C	YMR198W	PGA3	CIK1	Negative Genetic	genetic	PUBMED:20093466
YML125C	YMR264W	PGA3	CUE1	Negative Genetic	genetic	PUBMED:20093466
YML125C	YNL159C	PGA3	ASI2	Negative Genetic	genetic	PUBMED:20093466
YML125C	YNL136W	PGA3	EAF7	Negative Genetic	genetic	PUBMED:20093466
YML125C	YNL008C	PGA3	ASI3	Negative Genetic	genetic	PUBMED:20093466
YML125C	YOR037W	PGA3	CYC2	Negative Genetic	genetic	PUBMED:20093466
YML125C	YOR039W	PGA3	CKB2	Negative Genetic	genetic	PUBMED:20093466
YML125C	YOR043W	PGA3	WHI2	Negative Genetic	genetic	PUBMED:20093466
YML125C	YOR061W	PGA3	CKA2	Negative Genetic	genetic	PUBMED:20093466
YML125C	YOR065W	PGA3	CYT1	Negative Genetic	genetic	PUBMED:20093466
YML125C	YOR123C	PGA3	LEO1	Negative Genetic	genetic	PUBMED:20093466
YML125C	YOR165W	PGA3	SEY1	Negative Genetic	genetic	PUBMED:20093466
YML125C	YOR191W	PGA3	ULS1	Negative Genetic	genetic	PUBMED:20093466
YML125C	YOR242C	PGA3	SSP2	Negative Genetic	genetic	PUBMED:20093466
YML125C	YOR246C	PGA3	ENV9	Negative Genetic	genetic	PUBMED:20093466
YML125C	YOR311C	PGA3	DGK1	Negative Genetic	genetic	PUBMED:20093466
YML125C	YOR378W	PGA3	AMF1	Negative Genetic	genetic	PUBMED:20093466
YML125C	YPL184C	PGA3	MRN1	Negative Genetic	genetic	PUBMED:20093466
YML125C	YPL172C	PGA3	COX10	Negative Genetic	genetic	PUBMED:20093466
YML125C	YPL158C	PGA3	AIM44	Positive Genetic	genetic	PUBMED:20093466
YML125C	YPL100W	PGA3	ATG21	Negative Genetic	genetic	PUBMED:20093466
YML125C	YPL047W	PGA3	SGF11	Negative Genetic	genetic	PUBMED:20093466
YML125C	YPR171W	PGA3	BSP1	Negative Genetic	genetic	PUBMED:20093466
YML125C	YPR191W	PGA3	QCR2	Negative Genetic	genetic	PUBMED:20093466
YML071C	YPL036W	COG8	PMA2	Positive Genetic	genetic	PUBMED:20093466
YMR052W	YIL066C	FAR3	RNR3	Positive Genetic	genetic	PUBMED:20093466
YMR054W	YPL036W	STV1	PMA2	Negative Genetic	genetic	PUBMED:20093466
YMR056C	YKL184W	AAC1	SPE1	Negative Genetic	genetic	PUBMED:20093466
YMR056C	YLR182W	AAC1	SWI6	Positive Genetic	genetic	PUBMED:20093466
YMR056C	YOR293W	AAC1	RPS10A	Negative Genetic	genetic	PUBMED:20093466
YMR149W	YBR023C	SWP1	CHS3	Negative Genetic	genetic	PUBMED:20093466
YMR165C	YBR023C	PAH1	CHS3	Negative Genetic	genetic	PUBMED:20093466
YMR198W	YCR024C-A	CIK1	PMP1	Negative Genetic	genetic	PUBMED:20093466
YMR220W	YPL036W	ERG8	PMA2	Negative Genetic	genetic	PUBMED:20093466
YMR269W	YPL036W	TMA23	PMA2	Negative Genetic	genetic	PUBMED:20093466
YMR296C	YKR039W	LCB1	GAP1	Positive Genetic	genetic	PUBMED:20093466
YMR307W	YBR023C	GAS1	CHS3	Negative Genetic	genetic	PUBMED:20093466
YMR307W	YPL036W	GAS1	PMA2	Negative Genetic	genetic	PUBMED:20093466
YNL330C	YHL012W	RPD3	YHL012W	Negative Genetic	genetic	PUBMED:20093466
YNL298W	YBR023C	CLA4	CHS3	Negative Genetic	genetic	PUBMED:20093466
YNL273W	YJR069C	TOF1	HAM1	Negative Genetic	genetic	PUBMED:20093466
YNL271C	YBR023C	BNI1	CHS3	Negative Genetic	genetic	PUBMED:20093466
YNL251C	YKR039W	NRD1	GAP1	Positive Genetic	genetic	PUBMED:20093466
YNL222W	YPL036W	SSU72	PMA2	Negative Genetic	genetic	PUBMED:20093466
YNL219C	YIL066C	ALG9	RNR3	Negative Genetic	genetic	PUBMED:20093466
YNL199C	YPL036W	GCR2	PMA2	Negative Genetic	genetic	PUBMED:20093466
YNL197C	YPL036W	WHI3	PMA2	Negative Genetic	genetic	PUBMED:20093466
YNL181W	YBR023C	YNL181W	CHS3	Negative Genetic	genetic	PUBMED:20093466
YNL097C	YKL150W	PHO23	MCR1	Negative Genetic	genetic	PUBMED:20093466
YNR035C	YBR023C	ARC35	CHS3	Negative Genetic	genetic	PUBMED:20093466
YOL130W	YAL058W	ALR1	CNE1	Negative Genetic	genetic	PUBMED:20093466
YOL130W	YBR066C	ALR1	NRG2	Negative Genetic	genetic	PUBMED:20093466
YOL130W	YBR177C	ALR1	EHT1	Negative Genetic	genetic	PUBMED:20093466
YOL130W	YDR388W	ALR1	RVS167	Negative Genetic	genetic	PUBMED:20093466
YOL130W	YIL076W	ALR1	SEC28	Negative Genetic	genetic	PUBMED:20093466
YOL130W	YJR054W	ALR1	KCH1	Negative Genetic	genetic	PUBMED:20093466
YOL130W	YJR073C	ALR1	OPI3	Negative Genetic	genetic	PUBMED:20093466
YOL130W	YLR079W	ALR1	SIC1	Negative Genetic	genetic	PUBMED:20093466
YOL130W	YML038C	ALR1	YMD8	Negative Genetic	genetic	PUBMED:20093466
YOL130W	YMR186W	ALR1	HSC82	Negative Genetic	genetic	PUBMED:20093466
YOL130W	YNL086W	ALR1	SNN1	Negative Genetic	genetic	PUBMED:20093466
YOL130W	YNL081C	ALR1	SWS2	Negative Genetic	genetic	PUBMED:20093466
YOL130W	YPL201C	ALR1	YIG1	Negative Genetic	genetic	PUBMED:20093466
YOL130W	YPL172C	ALR1	COX10	Negative Genetic	genetic	PUBMED:20093466
YOL115W	YCR024C-A	PAP2	PMP1	Negative Genetic	genetic	PUBMED:20093466
YOL081W	YIL043C	IRA2	CBR1	Negative Genetic	genetic	PUBMED:20093466
YOL004W	YKL150W	SIN3	MCR1	Negative Genetic	genetic	PUBMED:20093466
YOL004W	YMR101C	SIN3	SRT1	Negative Genetic	genetic	PUBMED:20093466
YOR035C	YBR023C	SHE4	CHS3	Negative Genetic	genetic	PUBMED:20093466
YOR232W	YPL036W	MGE1	PMA2	Negative Genetic	genetic	PUBMED:20093466
YOR254C	YPL036W	SEC63	PMA2	Negative Genetic	genetic	PUBMED:20093466
YOR290C	YPL036W	SNF2	PMA2	Negative Genetic	genetic	PUBMED:20093466
YOR306C	YKL150W	MCH5	MCR1	Negative Genetic	genetic	PUBMED:20093466
YOR336W	YPL036W	KRE5	PMA2	Negative Genetic	genetic	PUBMED:20093466
YOR393W	YBR085W	ERR1	AAC3	Negative Genetic	genetic	PUBMED:20093466
YPL174C	YKL150W	NIP100	MCR1	Negative Genetic	genetic	PUBMED:20093466
YPL130W	YBR023C	SPO19	CHS3	Negative Genetic	genetic	PUBMED:20093466
YPL109C	YHL012W	YPL109C	YHL012W	Negative Genetic	genetic	PUBMED:20093466
YPL051W	YJL100W	ARL3	LSB6	Positive Genetic	genetic	PUBMED:20093466
YPL036W	YBL075C	PMA2	SSA3	Negative Genetic	genetic	PUBMED:20093466
YPL036W	YBL015W	PMA2	ACH1	Negative Genetic	genetic	PUBMED:20093466
YPL036W	YBR033W	PMA2	EDS1	Negative Genetic	genetic	PUBMED:20093466
YPL036W	YBR128C	PMA2	ATG14	Negative Genetic	genetic	PUBMED:20093466
YPL036W	YBR171W	PMA2	SEC66	Negative Genetic	genetic	PUBMED:20093466
YPL036W	YDR073W	PMA2	SNF11	Negative Genetic	genetic	PUBMED:20093466
YPL036W	YDR411C	PMA2	DFM1	Negative Genetic	genetic	PUBMED:20093466
YPL036W	YDR485C	PMA2	VPS72	Negative Genetic	genetic	PUBMED:20093466
YPL036W	YGL078C	PMA2	DBP3	Negative Genetic	genetic	PUBMED:20093466
YPL036W	YGR061C	PMA2	ADE6	Negative Genetic	genetic	PUBMED:20093466
YPL036W	YGR166W	PMA2	TRS65	Negative Genetic	genetic	PUBMED:20093466
YPL036W	YHR030C	PMA2	SLT2	Negative Genetic	genetic	PUBMED:20093466
YPL036W	YIL119C	PMA2	RPI1	Negative Genetic	genetic	PUBMED:20093466
YPL036W	YIL101C	PMA2	XBP1	Positive Genetic	genetic	PUBMED:20093466
YPL036W	YIL084C	PMA2	SDS3	Negative Genetic	genetic	PUBMED:20093466
YPL036W	YJL198W	PMA2	PHO90	Negative Genetic	genetic	PUBMED:20093466
YPL036W	YLL039C	PMA2	UBI4	Negative Genetic	genetic	PUBMED:20093466
YPL036W	YLR085C	PMA2	ARP6	Negative Genetic	genetic	PUBMED:20093466
YPL036W	YLR262C-A	PMA2	TMA7	Negative Genetic	genetic	PUBMED:20093466
YPL036W	YLR299W	PMA2	ECM38	Negative Genetic	genetic	PUBMED:20093466
YPL036W	YLR357W	PMA2	RSC2	Positive Genetic	genetic	PUBMED:20093466
YPL036W	YLR451W	PMA2	LEU3	Negative Genetic	genetic	PUBMED:20093466
YPL036W	YML071C	PMA2	COG8	Positive Genetic	genetic	PUBMED:20093466
YPL036W	YMR054W	PMA2	STV1	Negative Genetic	genetic	PUBMED:20093466
YPL036W	YMR269W	PMA2	TMA23	Negative Genetic	genetic	PUBMED:20093466
YPL036W	YMR307W	PMA2	GAS1	Negative Genetic	genetic	PUBMED:20093466
YPL036W	YNL064C	PMA2	YDJ1	Negative Genetic	genetic	PUBMED:20093466
YPL036W	YNL004W	PMA2	HRB1	Negative Genetic	genetic	PUBMED:20093466
YPL036W	YOR023C	PMA2	AHC1	Negative Genetic	genetic	PUBMED:20093466
YPL036W	YOR216C	PMA2	RUD3	Negative Genetic	genetic	PUBMED:20093466
YPL036W	YOR223W	PMA2	DSC3	Negative Genetic	genetic	PUBMED:20093466
YPL036W	YPR185W	PMA2	ATG13	Negative Genetic	genetic	PUBMED:20093466
YPR143W	YPL036W	RRP15	PMA2	Negative Genetic	genetic	PUBMED:20093466
YPR178W	YBR023C	PRP4	CHS3	Negative Genetic	genetic	PUBMED:20093466
YPR185W	YPL036W	ATG13	PMA2	Negative Genetic	genetic	PUBMED:20093466
YOR141C	YER005W	ARP8	YND1	Negative Genetic	genetic	PUBMED:20041197
YKR039W	YDR463W	GAP1	STP1	Phenotypic Enhancement	genetic	PUBMED:15126393
YKR039W	YDR160W	GAP1	SSY1	Synthetic Lethality	genetic	PUBMED:15126393
YKR039W	YCL025C	GAP1	AGP1	Synthetic Growth Defect	genetic	PUBMED:15126393
YKR039W	YDR463W	GAP1	STP1	Synthetic Growth Defect	genetic	PUBMED:15126393
YKR039W	YIR023W	GAP1	DAL81	Synthetic Growth Defect	genetic	PUBMED:15126393
YKR039W	YIR023W	GAP1	DAL81	Phenotypic Enhancement	genetic	PUBMED:15126393
YKR039W	YDR160W	GAP1	SSY1	Phenotypic Enhancement	genetic	PUBMED:15126393
YNL192W	YMR307W	CHS1	GAS1	Phenotypic Suppression	genetic	PUBMED:10940014
YDR353W	YHR106W	TRR1	TRR2	Synthetic Growth Defect	genetic	PUBMED:15701801
YDL101C	YJL026W	DUN1	RNR2	Synthetic Rescue	genetic	PUBMED:10628970
YDL101C	YER070W	DUN1	RNR1	Phenotypic Suppression	genetic	PUBMED:10628970
YLR305C	YCL005W	STT4	LDB16	Synthetic Lethality	genetic	PUBMED:16847337
YJR104C	YBR023C	SOD1	CHS3	Synthetic Rescue	genetic	PUBMED:20176017
YDR225W	YCR024C-A	HTA1	PMP1	Negative Genetic	genetic	PUBMED:20139344
YDR224C	YCR024C-A	HTB1	PMP1	Negative Genetic	genetic	PUBMED:20139344
YLR305C	YKL004W	STT4	AUR1	Synthetic Lethality	genetic	PUBMED:16847337
YJR066W	YER070W	TOR1	RNR1	Synthetic Growth Defect	genetic	PUBMED:11078525
YGR279C	YBR023C	SCW4	CHS3	Phenotypic Suppression	genetic	PUBMED:15470100
YMR305C	YBR023C	SCW10	CHS3	Phenotypic Suppression	genetic	PUBMED:15470100
YKL212W	YLR305C	SAC1	STT4	Phenotypic Suppression	genetic	PUBMED:18226253
YBR023C	YNL298W	CHS3	CLA4	Synthetic Lethality	genetic	PUBMED:12802080
YLR305C	YBL105C	STT4	PKC1	Synthetic Growth Defect	genetic	PUBMED:8288577
YHR025W	YBR069C	THR1	TAT1	Dosage Rescue	genetic	PUBMED:20305002
YER070W	YDL101C	RNR1	DUN1	Synthetic Lethality	genetic	PUBMED:20215435
YER070W	YLR176C	RNR1	RFX1	Phenotypic Suppression	genetic	PUBMED:20219942
YER070W	YBL039C	RNR1	URA7	Phenotypic Enhancement	genetic	PUBMED:20219942
YER070W	YOR241W	RNR1	MET7	Phenotypic Enhancement	genetic	PUBMED:20219942
YBL039C	YER070W	URA7	RNR1	Phenotypic Enhancement	genetic	PUBMED:20219942
YOR241W	YER070W	MET7	RNR1	Phenotypic Enhancement	genetic	PUBMED:20219942
YHR031C	YER070W	RRM3	RNR1	Phenotypic Enhancement	genetic	PUBMED:20219942
YKL113C	YER070W	RAD27	RNR1	Phenotypic Enhancement	genetic	PUBMED:20219942
YCL061C	YER070W	MRC1	RNR1	Phenotypic Enhancement	genetic	PUBMED:20219942
YPR120C	YER070W	CLB5	RNR1	Phenotypic Enhancement	genetic	PUBMED:20219942
YDR121W	YER070W	DPB4	RNR1	Phenotypic Suppression	genetic	PUBMED:20219942
YBR278W	YER070W	DPB3	RNR1	Phenotypic Enhancement	genetic	PUBMED:20219942
YJL071W	YER070W	ARG2	RNR1	Phenotypic Enhancement	genetic	PUBMED:20219942
YER040W	YER070W	GLN3	RNR1	Phenotypic Enhancement	genetic	PUBMED:20219942
YLR176C	YER070W	RFX1	RNR1	Phenotypic Enhancement	genetic	PUBMED:20219942
YER070W	YHR031C	RNR1	RRM3	Phenotypic Enhancement	genetic	PUBMED:20219942
YER070W	YKL113C	RNR1	RAD27	Phenotypic Enhancement	genetic	PUBMED:20219942
YER070W	YCL061C	RNR1	MRC1	Phenotypic Enhancement	genetic	PUBMED:20219942
YER070W	YPR120C	RNR1	CLB5	Phenotypic Enhancement	genetic	PUBMED:20219942
YER070W	YDR121W	RNR1	DPB4	Phenotypic Enhancement	genetic	PUBMED:20219942
YER070W	YBR278W	RNR1	DPB3	Phenotypic Enhancement	genetic	PUBMED:20219942
YER070W	YJL071W	RNR1	ARG2	Phenotypic Enhancement	genetic	PUBMED:20219942
YER070W	YER040W	RNR1	GLN3	Phenotypic Enhancement	genetic	PUBMED:20219942
YER070W	YLR176C	RNR1	RFX1	Phenotypic Enhancement	genetic	PUBMED:20219942
YDL102W	YGR180C	POL3	RNR4	Phenotypic Suppression	genetic	PUBMED:18400565
YPL022W	YGR180C	RAD1	RNR4	Phenotypic Suppression	genetic	PUBMED:18400565
YNL262W	YGR180C	POL2	RNR4	Phenotypic Suppression	genetic	PUBMED:18400565
YFR004W	YBR085W	RPN11	AAC3	Affinity Capture-MS	physical	PUBMED:20170199
YFR004W	YIL043C	RPN11	CBR1	Affinity Capture-MS	physical	PUBMED:20170199
YFR004W	YAL038W	RPN11	CDC19	Affinity Capture-MS	physical	PUBMED:20170199
YFR004W	YBL030C	RPN11	PET9	Affinity Capture-MS	physical	PUBMED:20170199
YFR004W	YGL008C	RPN11	PMA1	Affinity Capture-MS	physical	PUBMED:20170199
YFR004W	YER070W	RPN11	RNR1	Affinity Capture-MS	physical	PUBMED:20170199
YFR004W	YJL026W	RPN11	RNR2	Affinity Capture-MS	physical	PUBMED:20170199
YFR004W	YGR180C	RPN11	RNR4	Affinity Capture-MS	physical	PUBMED:20170199
YFR004W	YDR023W	RPN11	SES1	Affinity Capture-MS	physical	PUBMED:20170199
YFR004W	YDR353W	RPN11	TRR1	Affinity Capture-MS	physical	PUBMED:20170199
YFR004W	YKL035W	RPN11	UGP1	Affinity Capture-MS	physical	PUBMED:20170199
YKR039W	YML111W	GAP1	BUL2	Dosage Rescue	genetic	PUBMED:11352928
YKR039W	YMR275C	GAP1	BUL1	Dosage Rescue	genetic	PUBMED:11352928
YBR023C	YHR123W	CHS3	EPT1	PCA	physical	PUBMED:16093310
YBR069C	YJR077C	TAT1	MIR1	PCA	physical	PUBMED:16093310
YGR191W	YDL212W	HIP1	SHR3	PCA	physical	PUBMED:16093310
YKR039W	YDL212W	GAP1	SHR3	PCA	physical	PUBMED:16093310
YBL030C	YLR268W	PET9	SEC22	PCA	physical	PUBMED:16093310
YBR023C	YER039C	CHS3	HVG1	PCA	physical	PUBMED:16093310
YBR023C	YJR117W	CHS3	STE24	PCA	physical	PUBMED:16093310
YBR023C	YLR242C	CHS3	ARV1	PCA	physical	PUBMED:16093310
YBR054W	YKR039W	YRO2	GAP1	PCA	physical	PUBMED:16093310
YBR069C	YAR031W	TAT1	PRM9	PCA	physical	PUBMED:16093310
YBR069C	YCR034W	TAT1	ELO2	PCA	physical	PUBMED:16093310
YBR069C	YDL015C	TAT1	TSC13	PCA	physical	PUBMED:16093310
YBR069C	YGL051W	TAT1	MST27	PCA	physical	PUBMED:16093310
YBR069C	YGL200C	TAT1	EMP24	PCA	physical	PUBMED:16093310
YBR069C	YGR284C	TAT1	ERV29	PCA	physical	PUBMED:16093310
YBR069C	YHR110W	TAT1	ERP5	PCA	physical	PUBMED:16093310
YBR069C	YJL117W	TAT1	PHO86	PCA	physical	PUBMED:16093310
YBR069C	YJR010C-A	TAT1	SPC1	PCA	physical	PUBMED:16093310
YBR069C	YKL065C	TAT1	YET1	PCA	physical	PUBMED:16093310
YBR069C	YLR343W	TAT1	GAS2	PCA	physical	PUBMED:16093310
YBR069C	YLR372W	TAT1	ELO3	PCA	physical	PUBMED:16093310
YBR069C	YML048W	TAT1	GSF2	PCA	physical	PUBMED:16093310
YBR069C	YOR016C	TAT1	ERP4	PCA	physical	PUBMED:16093310
YBR069C	YPR198W	TAT1	SGE1	PCA	physical	PUBMED:16093310
YBR290W	YCR024C-A	BSD2	PMP1	PCA	physical	PUBMED:16093310
YCR024C-A	YBR159W	PMP1	IFA38	PCA	physical	PUBMED:16093310
YCR024C-A	YDL212W	PMP1	SHR3	PCA	physical	PUBMED:16093310
YCR024C-A	YGR284C	PMP1	ERV29	PCA	physical	PUBMED:16093310
YCR024C-A	YLR372W	PMP1	ELO3	PCA	physical	PUBMED:16093310
YCR024C-A	YPL227C	PMP1	ALG5	PCA	physical	PUBMED:16093310
YCR061W	YBR085W	YCR061W	AAC3	PCA	physical	PUBMED:16093310
YDL199C	YBR069C	YDL199C	TAT1	PCA	physical	PUBMED:16093310
YDR331W	YCR024C-A	GPI8	PMP1	PCA	physical	PUBMED:16093310
YDR331W	YKR039W	GPI8	GAP1	PCA	physical	PUBMED:16093310
YDR414C	YCR024C-A	ERD1	PMP1	PCA	physical	PUBMED:16093310
YDR414C	YEL017C-A	ERD1	PMP2	PCA	physical	PUBMED:16093310
YDR456W	YGL008C	NHX1	PMA1	PCA	physical	PUBMED:16093310
YEL017C-A	YBR106W	PMP2	PHO88	PCA	physical	PUBMED:16093310
YEL017C-A	YBR110W	PMP2	ALG1	PCA	physical	PUBMED:16093310
YEL017C-A	YBR159W	PMP2	IFA38	PCA	physical	PUBMED:16093310
YEL017C-A	YCR034W	PMP2	ELO2	PCA	physical	PUBMED:16093310
YEL017C-A	YDL212W	PMP2	SHR3	PCA	physical	PUBMED:16093310
YEL017C-A	YGR284C	PMP2	ERV29	PCA	physical	PUBMED:16093310
YEL017C-A	YJL108C	PMP2	PRM10	PCA	physical	PUBMED:16093310
YEL017C-A	YJL117W	PMP2	PHO86	PCA	physical	PUBMED:16093310
YEL017C-A	YJR117W	PMP2	STE24	PCA	physical	PUBMED:16093310
YEL017C-A	YKL154W	PMP2	SRP102	PCA	physical	PUBMED:16093310
YEL017C-A	YLR372W	PMP2	ELO3	PCA	physical	PUBMED:16093310
YEL017C-A	YML048W	PMP2	GSF2	PCA	physical	PUBMED:16093310
YEL017C-A	YMR299C	PMP2	DYN3	PCA	physical	PUBMED:16093310
YEL017C-A	YNL308C	PMP2	KRI1	PCA	physical	PUBMED:16093310
YEL017C-A	YOL018C	PMP2	TLG2	PCA	physical	PUBMED:16093310
YEL017C-A	YPL227C	PMP2	ALG5	PCA	physical	PUBMED:16093310
YEL063C	YCR024C-A	CAN1	PMP1	PCA	physical	PUBMED:16093310
YER005W	YDL128W	YND1	VCX1	PCA	physical	PUBMED:16093310
YER005W	YDR414C	YND1	ERD1	PCA	physical	PUBMED:16093310
YER005W	YEL017C-A	YND1	PMP2	PCA	physical	PUBMED:16093310
YER005W	YGL212W	YND1	VAM7	PCA	physical	PUBMED:16093310
YER005W	YGR284C	YND1	ERV29	PCA	physical	PUBMED:16093310
YER005W	YJL004C	YND1	SYS1	PCA	physical	PUBMED:16093310
YER005W	YLR214W	YND1	FRE1	PCA	physical	PUBMED:16093310
YER005W	YNL044W	YND1	YIP3	PCA	physical	PUBMED:16093310
YER005W	YPL264C	YND1	YPL264C	PCA	physical	PUBMED:16093310
YFL062W	YGR191W	COS4	HIP1	PCA	physical	PUBMED:16093310
YGL200C	YEL017C-A	EMP24	PMP2	PCA	physical	PUBMED:16093310
YGR060W	YEL017C-A	ERG25	PMP2	PCA	physical	PUBMED:16093310
YGR191W	YBR159W	HIP1	IFA38	PCA	physical	PUBMED:16093310
YGR191W	YCR034W	HIP1	ELO2	PCA	physical	PUBMED:16093310
YGR191W	YJR117W	HIP1	STE24	PCA	physical	PUBMED:16093310
YGR191W	YLR372W	HIP1	ELO3	PCA	physical	PUBMED:16093310
YGR191W	YOR016C	HIP1	ERP4	PCA	physical	PUBMED:16093310
YHL042W	YEL017C-A	YHL042W	PMP2	PCA	physical	PUBMED:16093310
YHL042W	YGR191W	YHL042W	HIP1	PCA	physical	PUBMED:16093310
YHR002W	YBR085W	LEU5	AAC3	PCA	physical	PUBMED:16093310
YHR133C	YBL030C	NSG1	PET9	PCA	physical	PUBMED:16093310
YJL004C	YCR024C-A	SYS1	PMP1	PCA	physical	PUBMED:16093310
YJL012C	YGR191W	VTC4	HIP1	PCA	physical	PUBMED:16093310
YKR039W	YBR106W	GAP1	PHO88	PCA	physical	PUBMED:16093310
YKR039W	YBR159W	GAP1	IFA38	PCA	physical	PUBMED:16093310
YKR039W	YGL051W	GAP1	MST27	PCA	physical	PUBMED:16093310
YLL023C	YCR024C-A	POM33	PMP1	PCA	physical	PUBMED:16093310
YLL023C	YEL017C-A	POM33	PMP2	PCA	physical	PUBMED:16093310
YLR083C	YEL017C-A	EMP70	PMP2	PCA	physical	PUBMED:16093310
YLR241W	YCR024C-A	CSC1	PMP1	PCA	physical	PUBMED:16093310
YLR292C	YEL017C-A	SEC72	PMP2	PCA	physical	PUBMED:16093310
YNL192W	YHR048W	CHS1	YHK8	PCA	physical	PUBMED:16093310
YNL194C	YEL017C-A	YNL194C	PMP2	PCA	physical	PUBMED:16093310
YNR056C	YMR056C	BIO5	AAC1	PCA	physical	PUBMED:16093310
YOL132W	YCR024C-A	GAS4	PMP1	PCA	physical	PUBMED:16093310
YPR079W	YEL017C-A	MRL1	PMP2	PCA	physical	PUBMED:16093310
YPL022W	YBR252W	RAD1	DUT1	Dosage Rescue	genetic	PUBMED:14585995
YBL019W	YBR252W	APN2	DUT1	Dosage Rescue	genetic	PUBMED:14585995
YKL114C	YBR252W	APN1	DUT1	Dosage Rescue	genetic	PUBMED:14585995
YPL153C	YER070W	RAD53	RNR1	Dosage Growth Defect	genetic	PUBMED:18245327
YBR023C	YHR023W	CHS3	MYO1	Synthetic Lethality	genetic	PUBMED:11839781
YDR160W	YKR039W	SSY1	GAP1	Phenotypic Suppression	genetic	PUBMED:11742997
YJL062W	YLL031C	LAS21	GPI13	Dosage Rescue	genetic	PUBMED:14985347
YLL031C	YKL165C	GPI13	MCD4	Dosage Rescue	genetic	PUBMED:14985347
YBR136W	YER070W	MEC1	RNR1	Dosage Rescue	genetic	PUBMED:10747050
YJL095W	YLR305C	BCK1	STT4	Affinity Capture-MS	physical	PUBMED:20489023
YBL016W	YOL130W	FUS3	ALR1	Affinity Capture-MS	physical	PUBMED:20489023
YER133W	YKL035W	GLC7	UGP1	Affinity Capture-MS	physical	PUBMED:20489023
YPR106W	YBR038W	ISR1	CHS2	Affinity Capture-MS	physical	PUBMED:20489023
YNL307C	YOL130W	MCK1	ALR1	Affinity Capture-MS	physical	PUBMED:20489023
YNL307C	YBR038W	MCK1	CHS2	Affinity Capture-MS	physical	PUBMED:20489023
YAL017W	YKL035W	PSK1	UGP1	Affinity Capture-MS	physical	PUBMED:20489023
YOL045W	YKL035W	PSK2	UGP1	Affinity Capture-MS	physical	PUBMED:20489023
YLR305C	YMR212C	STT4	EFR3	Affinity Capture-MS	physical	PUBMED:20489023
YLR305C	YGR198W	STT4	YPP1	Affinity Capture-MS	physical	PUBMED:20489023
YJL034W	YJR069C	KAR2	HAM1	Positive Genetic	genetic	PUBMED:20430885
YJL034W	YCR024C-A	KAR2	PMP1	Positive Genetic	genetic	PUBMED:20430885
YBR023C	YJR117W	CHS3	STE24	Two-hybrid	physical	PUBMED:20505074
YBR023C	YBL061C	CHS3	SKT5	Two-hybrid	physical	PUBMED:20505074
YJR117W	YBR023C	STE24	CHS3	Two-hybrid	physical	PUBMED:20505074
YBL061C	YBR023C	SKT5	CHS3	Two-hybrid	physical	PUBMED:20505074
YER070W	YJL026W	RNR1	RNR2	FRET	physical	PUBMED:20516199
YNR051C	YAL038W	BRE5	CDC19	Affinity Capture-MS	physical	PUBMED:20508643
YNR051C	YGL008C	BRE5	PMA1	Affinity Capture-MS	physical	PUBMED:20508643
YNR051C	YER070W	BRE5	RNR1	Affinity Capture-MS	physical	PUBMED:20508643
YNR051C	YMR108W	BRE5	ILV2	Affinity Capture-MS	physical	PUBMED:20508643
YNR051C	YBL030C	BRE5	PET9	Affinity Capture-MS	physical	PUBMED:20508643
YER151C	YGL008C	UBP3	PMA1	Affinity Capture-MS	physical	PUBMED:20508643
YER151C	YAL038W	UBP3	CDC19	Affinity Capture-MS	physical	PUBMED:20508643
YER151C	YMR108W	UBP3	ILV2	Affinity Capture-MS	physical	PUBMED:20508643
YER151C	YDR023W	UBP3	SES1	Affinity Capture-MS	physical	PUBMED:20508643
YER151C	YKL035W	UBP3	UGP1	Affinity Capture-MS	physical	PUBMED:20508643
YER151C	YBL030C	UBP3	PET9	Affinity Capture-MS	physical	PUBMED:20508643
YML065W	YMR108W	ORC1	ILV2	Affinity Capture-MS	physical	PUBMED:20595233
YML065W	YIL043C	ORC1	CBR1	Affinity Capture-MS	physical	PUBMED:20595233
YML065W	YBL030C	ORC1	PET9	Affinity Capture-MS	physical	PUBMED:20595233
YML065W	YPL036W	ORC1	PMA2	Affinity Capture-MS	physical	PUBMED:20595233
YOR197W	YER070W	MCA1	RNR1	Affinity Capture-MS	physical	PUBMED:20624963
YMR013C	YBR002C	SEC59	RER2	Phenotypic Suppression	genetic	PUBMED:20602334
YPR183W	YBR002C	DPM1	RER2	Phenotypic Suppression	genetic	PUBMED:20602334
YJL164C	YAL038W	TPK1	CDC19	Reconstituted Complex	physical	PUBMED:20639203
YJL164C	YOR347C	TPK1	PYK2	Reconstituted Complex	physical	PUBMED:20639203
YPL203W	YAL038W	TPK2	CDC19	Reconstituted Complex	physical	PUBMED:20639203
YPL203W	YOR347C	TPK2	PYK2	Reconstituted Complex	physical	PUBMED:20639203
YPL203W	YAL038W	TPK2	CDC19	Biochemical Activity	physical	PUBMED:20639203
YPL203W	YOR347C	TPK2	PYK2	Biochemical Activity	physical	PUBMED:20639203
YJL164C	YAL038W	TPK1	CDC19	Biochemical Activity	physical	PUBMED:20639203
YJL164C	YOR347C	TPK1	PYK2	Biochemical Activity	physical	PUBMED:20639203
YBR234C	YBR023C	ARC40	CHS3	Synthetic Lethality	genetic	PUBMED:14764870
YDL029W	YBR023C	ARP2	CHS3	Synthetic Lethality	genetic	PUBMED:14764870
YMR190C	YER070W	SGS1	RNR1	Synthetic Lethality	genetic	PUBMED:14764870
YNL298W	YBR023C	CLA4	CHS3	Synthetic Lethality	genetic	PUBMED:14764870
YNL271C	YBR023C	BNI1	CHS3	Synthetic Growth Defect	genetic	PUBMED:14764870
YKL079W	YBR023C	SMY1	CHS3	Synthetic Growth Defect	genetic	PUBMED:14764870
YOR326W	YBR023C	MYO2	CHS3	Synthetic Growth Defect	genetic	PUBMED:14764870
YNL192W	YAL013W	CHS1	DEP1	Synthetic Growth Defect	genetic	PUBMED:14764870
YNL192W	YAL055W	CHS1	PEX22	Synthetic Growth Defect	genetic	PUBMED:14764870
YNL192W	YBL101C	CHS1	ECM21	Synthetic Growth Defect	genetic	PUBMED:14764870
YNL192W	YBR166C	CHS1	TYR1	Synthetic Growth Defect	genetic	PUBMED:14764870
YNL192W	YCR089W	CHS1	FIG2	Synthetic Growth Defect	genetic	PUBMED:14764870
YNL192W	YDR248C	CHS1	YDR248C	Synthetic Growth Defect	genetic	PUBMED:14764870
YNL192W	YDR315C	CHS1	IPK1	Synthetic Growth Defect	genetic	PUBMED:14764870
YNL192W	YEL031W	CHS1	SPF1	Synthetic Growth Defect	genetic	PUBMED:14764870
YNL192W	YER178W	CHS1	PDA1	Synthetic Growth Defect	genetic	PUBMED:14764870
YNL192W	YGL200C	CHS1	EMP24	Synthetic Growth Defect	genetic	PUBMED:14764870
YNL192W	YGL237C	CHS1	HAP2	Synthetic Growth Defect	genetic	PUBMED:14764870
YNL192W	YHR012W	CHS1	VPS29	Synthetic Growth Defect	genetic	PUBMED:14764870
YNL192W	YIL110W	CHS1	HPM1	Synthetic Growth Defect	genetic	PUBMED:14764870
YNL192W	YJL148W	CHS1	RPA34	Synthetic Growth Defect	genetic	PUBMED:14764870
YNL192W	YJL154C	CHS1	VPS35	Synthetic Growth Defect	genetic	PUBMED:14764870
YNL192W	YJL196C	CHS1	ELO1	Synthetic Growth Defect	genetic	PUBMED:14764870
YNL192W	YJL208C	CHS1	NUC1	Synthetic Growth Defect	genetic	PUBMED:14764870
YNL192W	YKL190W	CHS1	CNB1	Synthetic Growth Defect	genetic	PUBMED:14764870
YNL192W	YKR042W	CHS1	UTH1	Synthetic Growth Defect	genetic	PUBMED:14764870
YNL192W	YLL043W	CHS1	FPS1	Synthetic Growth Defect	genetic	PUBMED:14764870
YNL192W	YLR370C	CHS1	ARC18	Synthetic Growth Defect	genetic	PUBMED:14764870
YNL192W	YLR398C	CHS1	SKI2	Synthetic Growth Defect	genetic	PUBMED:14764870
YNL192W	YMR123W	CHS1	PKR1	Synthetic Growth Defect	genetic	PUBMED:14764870
YNL192W	YMR205C	CHS1	PFK2	Synthetic Growth Defect	genetic	PUBMED:14764870
YNL192W	YMR224C	CHS1	MRE11	Synthetic Growth Defect	genetic	PUBMED:14764870
YNL192W	YNL231C	CHS1	PDR16	Synthetic Growth Defect	genetic	PUBMED:14764870
YNL192W	YOL027C	CHS1	MDM38	Synthetic Growth Defect	genetic	PUBMED:14764870
YNL192W	YOR069W	CHS1	VPS5	Synthetic Growth Defect	genetic	PUBMED:14764870
YNL192W	YPL055C	CHS1	LGE1	Synthetic Growth Defect	genetic	PUBMED:14764870
YNL192W	YPL161C	CHS1	BEM4	Synthetic Growth Defect	genetic	PUBMED:14764870
YNL192W	YPL213W	CHS1	LEA1	Synthetic Growth Defect	genetic	PUBMED:14764870
YNL192W	YPR024W	CHS1	YME1	Synthetic Growth Defect	genetic	PUBMED:14764870
YBR023C	YBL007C	CHS3	SLA1	Synthetic Growth Defect	genetic	PUBMED:14764870
YBR023C	YBL047C	CHS3	EDE1	Synthetic Growth Defect	genetic	PUBMED:14764870
YBR023C	YBL072C	CHS3	RPS8A	Synthetic Growth Defect	genetic	PUBMED:14764870
YBR023C	YBR015C	CHS3	MNN2	Synthetic Growth Defect	genetic	PUBMED:14764870
YBR023C	YBR057C	CHS3	MUM2	Synthetic Growth Defect	genetic	PUBMED:14764870
YBR023C	YBR077C	CHS3	SLM4	Synthetic Growth Defect	genetic	PUBMED:14764870
YBR023C	YDL033C	CHS3	SLM3	Synthetic Growth Defect	genetic	PUBMED:14764870
YBR023C	YDL223C	CHS3	HBT1	Synthetic Growth Defect	genetic	PUBMED:14764870
YBR023C	YDR388W	CHS3	RVS167	Synthetic Growth Defect	genetic	PUBMED:14764870
YBR023C	YEL044W	CHS3	IES6	Synthetic Growth Defect	genetic	PUBMED:14764870
YBR023C	YER111C	CHS3	SWI4	Synthetic Growth Defect	genetic	PUBMED:14764870
YBR023C	YFR019W	CHS3	FAB1	Synthetic Growth Defect	genetic	PUBMED:14764870
YBR023C	YGL084C	CHS3	GUP1	Synthetic Growth Defect	genetic	PUBMED:14764870
YBR023C	YGL200C	CHS3	EMP24	Synthetic Growth Defect	genetic	PUBMED:14764870
YBR023C	YGL212W	CHS3	VAM7	Synthetic Growth Defect	genetic	PUBMED:14764870
YBR023C	YGL240W	CHS3	DOC1	Synthetic Growth Defect	genetic	PUBMED:14764870
YBR023C	YGR135W	CHS3	PRE9	Synthetic Growth Defect	genetic	PUBMED:14764870
YBR023C	YHR030C	CHS3	SLT2	Synthetic Growth Defect	genetic	PUBMED:14764870
YBR023C	YJL148W	CHS3	RPA34	Synthetic Growth Defect	genetic	PUBMED:14764870
YBR023C	YJR073C	CHS3	OPI3	Synthetic Growth Defect	genetic	PUBMED:14764870
YBR023C	YKL041W	CHS3	VPS24	Synthetic Growth Defect	genetic	PUBMED:14764870
YBR023C	YKL079W	CHS3	SMY1	Synthetic Growth Defect	genetic	PUBMED:14764870
YBR023C	YKL194C	CHS3	MST1	Synthetic Growth Defect	genetic	PUBMED:14764870
YBR023C	YKR020W	CHS3	VPS51	Synthetic Growth Defect	genetic	PUBMED:14764870
YBR023C	YLL039C	CHS3	UBI4	Synthetic Growth Defect	genetic	PUBMED:14764870
YBR023C	YLR087C	CHS3	CSF1	Synthetic Growth Defect	genetic	PUBMED:14764870
YBR023C	YLR110C	CHS3	CCW12	Synthetic Growth Defect	genetic	PUBMED:14764870
YBR023C	YLR342W	CHS3	FKS1	Synthetic Growth Defect	genetic	PUBMED:14764870
YBR023C	YLR370C	CHS3	ARC18	Synthetic Growth Defect	genetic	PUBMED:14764870
YBR023C	YML115C	CHS3	VAN1	Synthetic Growth Defect	genetic	PUBMED:14764870
YBR023C	YMR060C	CHS3	SAM37	Synthetic Growth Defect	genetic	PUBMED:14764870
YBR023C	YMR089C	CHS3	YTA12	Synthetic Growth Defect	genetic	PUBMED:14764870
YBR023C	YMR116C	CHS3	ASC1	Synthetic Growth Defect	genetic	PUBMED:14764870
YBR023C	YMR307W	CHS3	GAS1	Synthetic Growth Defect	genetic	PUBMED:14764870
YBR023C	YNL079C	CHS3	TPM1	Synthetic Growth Defect	genetic	PUBMED:14764870
YBR023C	YNL271C	CHS3	BNI1	Synthetic Growth Defect	genetic	PUBMED:14764870
YBR023C	YNL298W	CHS3	CLA4	Synthetic Growth Defect	genetic	PUBMED:14764870
YBR023C	YNR051C	CHS3	BRE5	Synthetic Growth Defect	genetic	PUBMED:14764870
YBR023C	YOR035C	CHS3	SHE4	Synthetic Growth Defect	genetic	PUBMED:14764870
YBR023C	YOR312C	CHS3	RPL20B	Synthetic Growth Defect	genetic	PUBMED:14764870
YBR023C	YPL055C	CHS3	LGE1	Synthetic Growth Defect	genetic	PUBMED:14764870
YBR023C	YPL069C	CHS3	BTS1	Synthetic Growth Defect	genetic	PUBMED:14764870
YMR307W	YBR023C	GAS1	CHS3	Synthetic Growth Defect	genetic	PUBMED:14764870
YCR009C	YBR023C	RVS161	CHS3	Synthetic Growth Defect	genetic	PUBMED:14764870
YDR388W	YBR023C	RVS167	CHS3	Synthetic Growth Defect	genetic	PUBMED:14764870
YNL322C	YBR023C	KRE1	CHS3	Synthetic Growth Defect	genetic	PUBMED:14764870
YIL021W	YAL038W	RPB3	CDC19	Protein-RNA	physical	PUBMED:20732871
YLR418C	YAL038W	CDC73	CDC19	Protein-RNA	physical	PUBMED:20732871
YOL145C	YAL038W	CTR9	CDC19	Protein-RNA	physical	PUBMED:20732871
YOR123C	YAL038W	LEO1	CDC19	Protein-RNA	physical	PUBMED:20732871
YBR279W	YAL038W	PAF1	CDC19	Protein-RNA	physical	PUBMED:20732871
YGL244W	YAL038W	RTF1	CDC19	Protein-RNA	physical	PUBMED:20732871
YIL021W	YGL008C	RPB3	PMA1	Protein-RNA	physical	PUBMED:20732871
YLR418C	YGL008C	CDC73	PMA1	Protein-RNA	physical	PUBMED:20732871
YOL145C	YGL008C	CTR9	PMA1	Protein-RNA	physical	PUBMED:20732871
YOR123C	YGL008C	LEO1	PMA1	Protein-RNA	physical	PUBMED:20732871
YBR279W	YGL008C	PAF1	PMA1	Protein-RNA	physical	PUBMED:20732871
YGL244W	YGL008C	RTF1	PMA1	Protein-RNA	physical	PUBMED:20732871
YCL061C	YGR180C	MRC1	RNR4	Synthetic Growth Defect	genetic	PUBMED:16487579
YMR048W	YGR180C	CSM3	RNR4	Synthetic Growth Defect	genetic	PUBMED:16487579
YDL101C	YGR180C	DUN1	RNR4	Synthetic Growth Defect	genetic	PUBMED:16487579
YOR144C	YHR011W	ELG1	DIA4	Synthetic Growth Defect	genetic	PUBMED:16487579
YLR320W	YPL036W	MMS22	PMA2	Synthetic Growth Defect	genetic	PUBMED:16487579
YOR209C	YER005W	NPT1	YND1	Synthetic Growth Defect	genetic	PUBMED:16487579
YNL273W	YGR180C	TOF1	RNR4	Synthetic Growth Defect	genetic	PUBMED:16487579
YPL194W	YGR180C	DDC1	RNR4	Synthetic Lethality	genetic	PUBMED:16487579
YLR288C	YGR180C	MEC3	RNR4	Synthetic Lethality	genetic	PUBMED:16487579
YOR368W	YGR180C	RAD17	RNR4	Synthetic Lethality	genetic	PUBMED:16487579
YCR066W	YGR180C	RAD18	RNR4	Synthetic Lethality	genetic	PUBMED:16487579
YER173W	YGR180C	RAD24	RNR4	Synthetic Lethality	genetic	PUBMED:16487579
YDR217C	YGR180C	RAD9	RNR4	Synthetic Lethality	genetic	PUBMED:16487579
YCL016C	YGR180C	DCC1	RNR4	Synthetic Growth Defect	genetic	PUBMED:16487579
YGL020C	YGR180C	GET1	RNR4	Synthetic Growth Defect	genetic	PUBMED:16487579
YHR013C	YGR180C	ARD1	RNR4	Synthetic Lethality	genetic	PUBMED:16487579
YMR078C	YGR180C	CTF18	RNR4	Synthetic Lethality	genetic	PUBMED:16487579
YHR191C	YGR180C	CTF8	RNR4	Synthetic Lethality	genetic	PUBMED:16487579
YDL040C	YGR180C	NAT1	RNR4	Synthetic Lethality	genetic	PUBMED:16487579
YJR043C	YGR180C	POL32	RNR4	Synthetic Lethality	genetic	PUBMED:16487579
YER083C	YGR180C	GET2	RNR4	Synthetic Lethality	genetic	PUBMED:16487579
YGL058W	YHR011W	RAD6	DIA4	Synthetic Growth Defect	genetic	PUBMED:16487579
YMR224C	YGR180C	MRE11	RNR4	Synthetic Lethality	genetic	PUBMED:16487579
YLR032W	YGR180C	RAD5	RNR4	Synthetic Lethality	genetic	PUBMED:16487579
YNL250W	YGR180C	RAD50	RNR4	Synthetic Lethality	genetic	PUBMED:16487579
YER095W	YHR011W	RAD51	DIA4	Synthetic Lethality	genetic	PUBMED:16487579
YER095W	YGR180C	RAD51	RNR4	Synthetic Lethality	genetic	PUBMED:16487579
YML032C	YHR011W	RAD52	DIA4	Synthetic Lethality	genetic	PUBMED:16487579
YML032C	YGR180C	RAD52	RNR4	Synthetic Lethality	genetic	PUBMED:16487579
YGL163C	YGR180C	RAD54	RNR4	Synthetic Lethality	genetic	PUBMED:16487579
YDR076W	YGR180C	RAD55	RNR4	Synthetic Lethality	genetic	PUBMED:16487579
YGL058W	YGR180C	RAD6	RNR4	Synthetic Lethality	genetic	PUBMED:16487579
YDR369C	YGR180C	XRS2	RNR4	Synthetic Lethality	genetic	PUBMED:16487579
YCR024C-A	YER083C	PMP1	GET2	Phenotypic Suppression	genetic	PUBMED:19325107
YCR024C-A	YER122C	PMP1	GLO3	Phenotypic Suppression	genetic	PUBMED:19325107
YCR024C-A	YCR044C	PMP1	PER1	Phenotypic Suppression	genetic	PUBMED:19325107
YCR044C	YCR024C-A	PER1	PMP1	Phenotypic Suppression	genetic	PUBMED:19325107
YER083C	YCR024C-A	GET2	PMP1	Phenotypic Suppression	genetic	PUBMED:19325107
YER122C	YCR024C-A	GLO3	PMP1	Phenotypic Suppression	genetic	PUBMED:19325107
YJR069C	YCR081W	HAM1	SRB8	Phenotypic Suppression	genetic	PUBMED:19325107
YCR024C-A	YBR164C	PMP1	ARL1	Phenotypic Enhancement	genetic	PUBMED:19325107
YKL073W	YJR069C	LHS1	HAM1	Phenotypic Enhancement	genetic	PUBMED:19325107
YJR069C	YKL073W	HAM1	LHS1	Phenotypic Enhancement	genetic	PUBMED:19325107
YBR164C	YCR024C-A	ARL1	PMP1	Phenotypic Enhancement	genetic	PUBMED:19325107
YBR160W	YBR038W	CDC28	CHS2	Biochemical Activity	physical	PUBMED:16319894
YPL031C	YGR180C	PHO85	RNR4	Biochemical Activity	physical	PUBMED:16319894
YPL031C	YKL150W	PHO85	MCR1	Biochemical Activity	physical	PUBMED:16319894
YDR353W	YHR106W	TRR1	TRR2	Affinity Capture-Western	physical	PUBMED:20826334
YJL026W	YGR180C	RNR2	RNR4	Affinity Capture-Western	physical	PUBMED:20826334
YGL008C	YHR108W	PMA1	GGA2	Synthetic Rescue	genetic	PUBMED:15020711
YGL008C	YDR358W	PMA1	GGA1	Synthetic Rescue	genetic	PUBMED:15020711
YCL004W	YBL030C	PGS1	PET9	Synthetic Lethality	genetic	PUBMED:16408847
YHR030C	YDR302W	SLT2	GPI11	Synthetic Growth Defect	genetic	PUBMED:16155567
YER016W	YBR002C	BIM1	RER2	Synthetic Growth Defect	genetic	PUBMED:16155567
YNL271C	YBR002C	BNI1	RER2	Synthetic Growth Defect	genetic	PUBMED:16155567
YHR107C	YBR002C	CDC12	RER2	Synthetic Growth Defect	genetic	PUBMED:16155567
YNL322C	YBR002C	KRE1	RER2	Synthetic Growth Defect	genetic	PUBMED:16155567
YHR107C	YKL035W	CDC12	UGP1	Synthetic Growth Defect	genetic	PUBMED:16155567
YNL322C	YKL035W	KRE1	UGP1	Synthetic Growth Defect	genetic	PUBMED:16155567
YML024W	YKL035W	RPS17A	UGP1	Synthetic Growth Defect	genetic	PUBMED:16155567
YHR107C	YML125C	CDC12	PGA3	Synthetic Growth Defect	genetic	PUBMED:16155567
YNL271C	YAL038W	BNI1	CDC19	Synthetic Lethality	genetic	PUBMED:16155567
YBR087W	YBR252W	RFC5	DUT1	Synthetic Lethality	genetic	PUBMED:16155567
YBR253W	YBR252W	SRB6	DUT1	Synthetic Lethality	genetic	PUBMED:16155567
YDL014W	YDR302W	NOP1	GPI11	Synthetic Lethality	genetic	PUBMED:16155567
YHR007C	YBR002C	ERG11	RER2	Synthetic Lethality	genetic	PUBMED:16155567
YHR030C	YBR002C	SLT2	RER2	Synthetic Lethality	genetic	PUBMED:16155567
YDL014W	YKL035W	NOP1	UGP1	Synthetic Lethality	genetic	PUBMED:16155567
YHR007C	YML125C	ERG11	PGA3	Synthetic Lethality	genetic	PUBMED:16155567
YGR105W	YGR180C	VMA21	RNR4	Synthetic Growth Defect	genetic	PUBMED:21196517
YGR105W	YER005W	VMA21	YND1	Synthetic Growth Defect	genetic	PUBMED:21196517
YGR106C	YGR180C	VOA1	RNR4	Synthetic Growth Defect	genetic	PUBMED:21196517
YGR106C	YER005W	VOA1	YND1	Synthetic Growth Defect	genetic	PUBMED:21196517
YGR229C	YBR023C	SMI1	CHS3	Synthetic Lethality	genetic	PUBMED:15166135
YMR307W	YBR023C	GAS1	CHS3	Synthetic Lethality	genetic	PUBMED:15166135
YLR342W	YBR023C	FKS1	CHS3	Synthetic Lethality	genetic	PUBMED:15166135
YOR181W	YLR305C	LAS17	STT4	Affinity Capture-MS	physical	PUBMED:21035341
YIR010W	YGL008C	DSN1	PMA1	Affinity Capture-MS	physical	PUBMED:21107429
YIR010W	YAL038W	DSN1	CDC19	Affinity Capture-MS	physical	PUBMED:21107429
YIR010W	YBL030C	DSN1	PET9	Affinity Capture-MS	physical	PUBMED:21107429
YKL049C	YGL008C	CSE4	PMA1	Affinity Capture-MS	physical	PUBMED:21070971
YKL049C	YLR305C	CSE4	STT4	Affinity Capture-MS	physical	PUBMED:21070971
YKL049C	YAL038W	CSE4	CDC19	Affinity Capture-MS	physical	PUBMED:21070971
YKR021W	YKR039W	ALY1	GAP1	Affinity Capture-Western	physical	PUBMED:20739461
YJL084C	YKR039W	ALY2	GAP1	Affinity Capture-Western	physical	PUBMED:20739461
YER070W	YNL021W	RNR1	HDA1	Synthetic Rescue	genetic	PUBMED:21288874
YER070W	YML058W	RNR1	SML1	Synthetic Rescue	genetic	PUBMED:20566477
YER070W	YML058W	RNR1	SML1	Synthetic Lethality	genetic	PUBMED:20566477
YER070W	YDL101C	RNR1	DUN1	Synthetic Lethality	genetic	PUBMED:20566477
YNL255C	YAL038W	GIS2	CDC19	Affinity Capture-MS	physical	PUBMED:21277287
YNL255C	YBL030C	GIS2	PET9	Affinity Capture-MS	physical	PUBMED:21277287
YNL255C	YPL036W	GIS2	PMA2	Affinity Capture-MS	physical	PUBMED:21277287
YNL255C	YMR056C	GIS2	AAC1	Affinity Capture-MS	physical	PUBMED:21277287
YLR110C	YBR023C	CCW12	CHS3	Synthetic Growth Defect	genetic	PUBMED:21320323
YDR143C	YMR108W	SAN1	ILV2	Two-hybrid	physical	PUBMED:21211726
YDR143C	YDR023W	SAN1	SES1	Two-hybrid	physical	PUBMED:21211726
YNL255C	YBR002C	GIS2	RER2	Affinity Capture-RNA	physical	PUBMED:21232131
YNL255C	YMR056C	GIS2	AAC1	Affinity Capture-RNA	physical	PUBMED:21232131
YNL255C	YDR023W	GIS2	SES1	Affinity Capture-RNA	physical	PUBMED:21232131
YNL255C	YMR108W	GIS2	ILV2	Affinity Capture-RNA	physical	PUBMED:21232131
YNL255C	YBR023C	GIS2	CHS3	Affinity Capture-RNA	physical	PUBMED:21232131
YNL255C	YBR252W	GIS2	DUT1	Affinity Capture-RNA	physical	PUBMED:21232131
YNL255C	YJR069C	GIS2	HAM1	Affinity Capture-RNA	physical	PUBMED:21232131
YMR080C	YOL130W	NAM7	ALR1	Synthetic Rescue	genetic	PUBMED:20634315
YHR077C	YOL130W	NMD2	ALR1	Synthetic Rescue	genetic	PUBMED:20634315
YGR072W	YOL130W	UPF3	ALR1	Synthetic Rescue	genetic	PUBMED:20634315
YOL006C	YGR180C	TOP1	RNR4	Synthetic Growth Defect	genetic	PUBMED:21173034
YOL006C	YCR024C-A	TOP1	PMP1	Synthetic Growth Defect	genetic	PUBMED:21173034
YGL008C	YHL020C	PMA1	OPI1	Synthetic Rescue	genetic	PUBMED:20798321
YGL008C	YDR028C	PMA1	REG1	Synthetic Rescue	genetic	PUBMED:20798321
YKR039W	YPL265W	GAP1	DIP5	Synthetic Growth Defect	genetic	PUBMED:20956561
YNL192W	YNL027W	CHS1	CRZ1	Synthetic Rescue	genetic	PUBMED:21343301
YNL192W	YOR089C	CHS1	VPS21	Positive Genetic	genetic	PUBMED:20526336
YNL192W	YGL084C	CHS1	GUP1	Positive Genetic	genetic	PUBMED:20526336
YNL192W	YDR200C	CHS1	VPS64	Positive Genetic	genetic	PUBMED:20526336
YIL034C	YNL192W	CAP2	CHS1	Positive Genetic	genetic	PUBMED:20526336
YKL007W	YNL192W	CAP1	CHS1	Positive Genetic	genetic	PUBMED:20526336
YNL192W	YLR056W	CHS1	ERG3	Positive Genetic	genetic	PUBMED:20526336
YNL192W	YML008C	CHS1	ERG6	Positive Genetic	genetic	PUBMED:20526336
YNL192W	YGR086C	CHS1	PIL1	Positive Genetic	genetic	PUBMED:20526336
YNL192W	YLR181C	CHS1	VTA1	Positive Genetic	genetic	PUBMED:20526336
YNL192W	YBR161W	CHS1	CSH1	Positive Genetic	genetic	PUBMED:20526336
YNL192W	YLR452C	CHS1	SST2	Positive Genetic	genetic	PUBMED:20526336
YNL192W	YPL176C	CHS1	TRE1	Positive Genetic	genetic	PUBMED:20526336
YNL192W	YLR372W	CHS1	ELO3	Positive Genetic	genetic	PUBMED:20526336
YNL192W	YDR297W	CHS1	SUR2	Positive Genetic	genetic	PUBMED:20526336
YNL192W	YLR342W	CHS1	FKS1	Positive Genetic	genetic	PUBMED:20526336
YNL192W	YER120W	CHS1	SCS2	Positive Genetic	genetic	PUBMED:20526336
YFR019W	YCR024C-A	FAB1	PMP1	Positive Genetic	genetic	PUBMED:20526336
YCR024C-A	YKL212W	PMP1	SAC1	Positive Genetic	genetic	PUBMED:20526336
YBR069C	YER031C	TAT1	YPT31	Negative Genetic	genetic	PUBMED:20526336
YNL192W	YHR206W	CHS1	SKN7	Negative Genetic	genetic	PUBMED:20526336
YNL192W	YBR260C	CHS1	RGD1	Negative Genetic	genetic	PUBMED:20526336
YNL192W	YHR030C	CHS1	SLT2	Negative Genetic	genetic	PUBMED:20526336
YJL095W	YNL192W	BCK1	CHS1	Negative Genetic	genetic	PUBMED:20526336
YNL192W	YBR207W	CHS1	FTH1	Negative Genetic	genetic	PUBMED:20526336
YCR088W	YNL192W	ABP1	CHS1	Negative Genetic	genetic	PUBMED:20526336
YNL192W	YDR358W	CHS1	GGA1	Negative Genetic	genetic	PUBMED:20526336
YNL192W	YOR043W	CHS1	WHI2	Negative Genetic	genetic	PUBMED:20526336
YNL192W	YNL291C	CHS1	MID1	Negative Genetic	genetic	PUBMED:20526336
YNL192W	YOL105C	CHS1	WSC3	Negative Genetic	genetic	PUBMED:20526336
YNL192W	YLR260W	CHS1	LCB5	Negative Genetic	genetic	PUBMED:20526336
YNL270C	YNL192W	ALP1	CHS1	Negative Genetic	genetic	PUBMED:20526336
YNL192W	YNL032W	CHS1	SIW14	Negative Genetic	genetic	PUBMED:20526336
YNL192W	YEL065W	CHS1	SIT1	Negative Genetic	genetic	PUBMED:20526336
YNL192W	YDR072C	CHS1	IPT1	Negative Genetic	genetic	PUBMED:20526336
YNL192W	YDR153C	CHS1	ENT5	Negative Genetic	genetic	PUBMED:20526336
YNL192W	YNL087W	CHS1	TCB2	Negative Genetic	genetic	PUBMED:20526336
YNL192W	YMR058W	CHS1	FET3	Negative Genetic	genetic	PUBMED:20526336
YNL192W	YPL022W	CHS1	RAD1	Negative Genetic	genetic	PUBMED:20526336
YNL192W	YJL093C	CHS1	TOK1	Negative Genetic	genetic	PUBMED:20526336
YNL192W	YML072C	CHS1	TCB3	Negative Genetic	genetic	PUBMED:20526336
YFR021W	YNL192W	ATG18	CHS1	Negative Genetic	genetic	PUBMED:20526336
YNL192W	YLR237W	CHS1	THI7	Negative Genetic	genetic	PUBMED:20526336
YNL298W	YBR069C	CLA4	TAT1	Negative Genetic	genetic	PUBMED:20526336
YJL095W	YBR069C	BCK1	TAT1	Negative Genetic	genetic	PUBMED:20526336
YIL159W	YBR069C	BNR1	TAT1	Negative Genetic	genetic	PUBMED:20526336
YPL084W	YBR069C	BRO1	TAT1	Negative Genetic	genetic	PUBMED:20526336
YCR088W	YBR069C	ABP1	TAT1	Negative Genetic	genetic	PUBMED:20526336
YIL002C	YBR069C	INP51	TAT1	Negative Genetic	genetic	PUBMED:20526336
YLR006C	YBR069C	SSK1	TAT1	Negative Genetic	genetic	PUBMED:20526336
YDL100C	YBR069C	GET3	TAT1	Negative Genetic	genetic	PUBMED:20526336
YBR036C	YBR069C	CSG2	TAT1	Negative Genetic	genetic	PUBMED:20526336
YMR054W	YBR069C	STV1	TAT1	Negative Genetic	genetic	PUBMED:20526336
YHL002W	YBR069C	HSE1	TAT1	Negative Genetic	genetic	PUBMED:20526336
YHR205W	YBR069C	SCH9	TAT1	Negative Genetic	genetic	PUBMED:20526336
YPL100W	YBR069C	ATG21	TAT1	Negative Genetic	genetic	PUBMED:20526336
YPL036W	YNR006W	PMA2	VPS27	Negative Genetic	genetic	PUBMED:20526336
YDR023W	YDR080W	SES1	VPS41	Negative Genetic	genetic	PUBMED:20526336
YOR036W	YDR023W	PEP12	SES1	Negative Genetic	genetic	PUBMED:20526336
YJL100W	YJL128C	LSB6	PBS2	Negative Genetic	genetic	PUBMED:20526336
YCR044C	YPL036W	PER1	PMA2	Negative Genetic	genetic	PUBMED:20526336
YPL036W	YLR039C	PMA2	RIC1	Negative Genetic	genetic	PUBMED:20526336
YDR023W	YPL045W	SES1	VPS16	Negative Genetic	genetic	PUBMED:20526336
YDR023W	YDL012C	SES1	YDL012C	Negative Genetic	genetic	PUBMED:20526336
YDL019C	YDR023W	OSH2	SES1	Negative Genetic	genetic	PUBMED:20526336
YLR148W	YPL036W	PEP3	PMA2	Negative Genetic	genetic	PUBMED:20526336
YBR194W	YBL030C	AIM4	PET9	Affinity Capture-MS	physical	PUBMED:21386897
YPR152C	YBL030C	URN1	PET9	Affinity Capture-MS	physical	PUBMED:21386897
YHR023W	YBR023C	MYO1	CHS3	Synthetic Lethality	genetic	PUBMED:19339687
YBR274W	YBR252W	CHK1	DUT1	Reconstituted Complex	physical	PUBMED:21460040
YNL298W	YBR252W	CLA4	DUT1	Reconstituted Complex	physical	PUBMED:21460040
YFR014C	YGR180C	CMK1	RNR4	Reconstituted Complex	physical	PUBMED:21460040
YJL006C	YGR180C	CTK2	RNR4	Reconstituted Complex	physical	PUBMED:21460040
YGR052W	YGR180C	FMP48	RNR4	Reconstituted Complex	physical	PUBMED:21460040
YPL204W	YNL192W	HRR25	CHS1	Reconstituted Complex	physical	PUBMED:21460040
YJL057C	YGR180C	IKS1	RNR4	Reconstituted Complex	physical	PUBMED:21460040
YPR106W	YGR180C	ISR1	RNR4	Reconstituted Complex	physical	PUBMED:21460040
YKL168C	YGR180C	KKQ8	RNR4	Reconstituted Complex	physical	PUBMED:21460040
YHR082C	YGR180C	KSP1	RNR4	Reconstituted Complex	physical	PUBMED:21460040
YGR040W	YGR180C	KSS1	RNR4	Reconstituted Complex	physical	PUBMED:21460040
YDL079C	YBR252W	MRK1	DUT1	Reconstituted Complex	physical	PUBMED:21460040
YDR466W	YGR180C	PKH3	RNR4	Reconstituted Complex	physical	PUBMED:21460040
YOL061W	YBR252W	PRS5	DUT1	Reconstituted Complex	physical	PUBMED:21460040
YOL045W	YGR180C	PSK2	RNR4	Reconstituted Complex	physical	PUBMED:21460040
YOL113W	YBR252W	SKM1	DUT1	Reconstituted Complex	physical	PUBMED:21460040
YJL141C	YER141W	YAK1	COX15	Reconstituted Complex	physical	PUBMED:21460040
YJL039C	YAL038W	NUP192	CDC19	Affinity Capture-MS	physical	PUBMED:18046405
YML103C	YAL038W	NUP188	CDC19	Affinity Capture-MS	physical	PUBMED:18046405
YKR082W	YAL038W	NUP133	CDC19	Affinity Capture-MS	physical	PUBMED:18046405
YDL116W	YAL038W	NUP84	CDC19	Affinity Capture-MS	physical	PUBMED:18046405
YML031W	YAL038W	NDC1	CDC19	Affinity Capture-MS	physical	PUBMED:18046405
YDL207W	YAL038W	GLE1	CDC19	Affinity Capture-MS	physical	PUBMED:18046405
YDR192C	YAL038W	NUP42	CDC19	Affinity Capture-MS	physical	PUBMED:18046405
YGL100W	YAL038W	SEH1	CDC19	Affinity Capture-MS	physical	PUBMED:18046405
YGR180C	YJL092W	RNR4	SRS2	Dosage Lethality	genetic	PUBMED:21459050
YCR024C-A	YJL092W	PMP1	SRS2	Dosage Lethality	genetic	PUBMED:21459050
YDL101C	YER070W	DUN1	RNR1	Dosage Rescue	genetic	PUBMED:21573136
YKL032C	YER070W	IXR1	RNR1	Dosage Rescue	genetic	PUBMED:21573136
YDL101C	YIL066C	DUN1	RNR3	Dosage Rescue	genetic	PUBMED:21573136
YKL032C	YIL066C	IXR1	RNR3	Dosage Rescue	genetic	PUBMED:21573136
YDR160W	YKR039W	SSY1	GAP1	Synthetic Growth Defect	genetic	PUBMED:21526172
YER069W	YKR039W	ARG5,6	GAP1	Dosage Rescue	genetic	PUBMED:21526172
YCL025C	YKR039W	AGP1	GAP1	Dosage Rescue	genetic	PUBMED:21526172
YBR068C	YKR039W	BAP2	GAP1	Dosage Rescue	genetic	PUBMED:21526172
YCL018W	YKR039W	LEU2	GAP1	Dosage Rescue	genetic	PUBMED:21526172
YJL101C	YDR353W	GSH1	TRR1	Synthetic Growth Defect	genetic	PUBMED:21478822
YJL101C	YDR353W	GSH1	TRR1	Phenotypic Enhancement	genetic	PUBMED:21478822
YGL008C	YMR062C	PMA1	ARG7	Positive Genetic	genetic	PUBMED:21623372
YKR039W	YAR035W	GAP1	YAT1	Positive Genetic	genetic	PUBMED:21623372
YDR353W	YJL200C	TRR1	ACO2	Positive Genetic	genetic	PUBMED:21623372
YGL008C	YBR036C	PMA1	CSG2	Positive Genetic	genetic	PUBMED:21623372
YBL030C	YHR051W	PET9	COX6	Negative Genetic	genetic	PUBMED:21623372
YBR038W	YPL069C	CHS2	BTS1	Negative Genetic	genetic	PUBMED:21623372
YMR056C	YDR074W	AAC1	TPS2	Positive Genetic	genetic	PUBMED:21623372
YKL035W	YGR087C	UGP1	PDC6	Negative Genetic	genetic	PUBMED:21623372
YBL030C	YAL012W	PET9	CYS3	Negative Genetic	genetic	PUBMED:21623372
YKL141W	YBL099W	SDH3	ATP1	Positive Genetic	genetic	PUBMED:21623372
YKL141W	YOR136W	SDH3	IDH2	Positive Genetic	genetic	PUBMED:21623372
YBR038W	YPL271W	CHS2	ATP15	Positive Genetic	genetic	PUBMED:21623372
YKL141W	YHR183W	SDH3	GND1	Positive Genetic	genetic	PUBMED:21623372
YBR038W	YGR007W	CHS2	ECT1	Negative Genetic	genetic	PUBMED:21623372
YBR038W	YDR074W	CHS2	TPS2	Negative Genetic	genetic	PUBMED:21623372
YDR353W	YPL271W	TRR1	ATP15	Positive Genetic	genetic	PUBMED:21623372
YBL030C	YJL153C	PET9	INO1	Negative Genetic	genetic	PUBMED:21623372
YGL008C	YCR034W	PMA1	ELO2	Negative Genetic	genetic	PUBMED:21623372
YKL141W	YMR202W	SDH3	ERG2	Negative Genetic	genetic	PUBMED:21623372
YCR036W	YHL012W	RBK1	YHL012W	Negative Genetic	genetic	PUBMED:21623372
YKL141W	YCR053W	SDH3	THR4	Positive Genetic	genetic	PUBMED:21623372
YBR252W	YLR044C	DUT1	PDC1	Positive Genetic	genetic	PUBMED:21623372
YBL030C	YDL142C	PET9	CRD1	Positive Genetic	genetic	PUBMED:21623372
YKL141W	YPL188W	SDH3	POS5	Negative Genetic	genetic	PUBMED:21623372
YJL026W	YPL271W	RNR2	ATP15	Positive Genetic	genetic	PUBMED:21623372
YBR252W	YHR163W	DUT1	SOL3	Negative Genetic	genetic	PUBMED:21623372
YCR024C-A	YBL099W	PMP1	ATP1	Positive Genetic	genetic	PUBMED:21623372
YBL030C	YPL069C	PET9	BTS1	Positive Genetic	genetic	PUBMED:21623372
YKL141W	YGR248W	SDH3	SOL4	Positive Genetic	genetic	PUBMED:21623372
YKL035W	YFR055W	UGP1	IRC7	Negative Genetic	genetic	PUBMED:21623372
YKL035W	YPL271W	UGP1	ATP15	Positive Genetic	genetic	PUBMED:21623372
YKL016C	YHR011W	ATP7	DIA4	Positive Genetic	genetic	PUBMED:21623372
YGL008C	YDL022W	PMA1	GPD1	Negative Genetic	genetic	PUBMED:21623372
YDR353W	YNL141W	TRR1	AAH1	Positive Genetic	genetic	PUBMED:21623372
YMR056C	YBR018C	AAC1	GAL7	Negative Genetic	genetic	PUBMED:21623372
YKR039W	YKL127W	GAP1	PGM1	Negative Genetic	genetic	PUBMED:21623372
YOR347C	YMR202W	PYK2	ERG2	Positive Genetic	genetic	PUBMED:21623372
YMR056C	YBR035C	AAC1	PDX3	Negative Genetic	genetic	PUBMED:21623372
YGL008C	YGR286C	PMA1	BIO2	Negative Genetic	genetic	PUBMED:21623372
YBR023C	YJR103W	CHS3	URA8	Negative Genetic	genetic	PUBMED:21623372
YBR252W	YER086W	DUT1	ILV1	Positive Genetic	genetic	PUBMED:21623372
YKR039W	YOR241W	GAP1	MET7	Positive Genetic	genetic	PUBMED:21623372
YPR035W	YHR011W	GLN1	DIA4	Negative Genetic	genetic	PUBMED:21623372
YPL028W	YHR011W	ERG10	DIA4	Negative Genetic	genetic	PUBMED:21623372
YDR297W	YHR011W	SUR2	DIA4	Positive Genetic	genetic	PUBMED:21623372
YLR305C	YLR174W	STT4	IDP2	Negative Genetic	genetic	PUBMED:21623372
YBL030C	YGR124W	PET9	ASN2	Positive Genetic	genetic	PUBMED:21623372
YKL141W	YMR083W	SDH3	ADH3	Positive Genetic	genetic	PUBMED:21623372
YJL026W	YHR183W	RNR2	GND1	Positive Genetic	genetic	PUBMED:21623372
YPL117C	YHR011W	IDI1	DIA4	Negative Genetic	genetic	PUBMED:21623372
YMR056C	YOR241W	AAC1	MET7	Positive Genetic	genetic	PUBMED:21623372
YOR222W	YHR011W	ODC2	DIA4	Positive Genetic	genetic	PUBMED:21623372
YBL030C	YPL061W	PET9	ALD6	Positive Genetic	genetic	PUBMED:21623372
YKL141W	YPL092W	SDH3	SSU1	Negative Genetic	genetic	PUBMED:21623372
YJR095W	YHR011W	SFC1	DIA4	Negative Genetic	genetic	PUBMED:21623372
YKL035W	YLR027C	UGP1	AAT2	Negative Genetic	genetic	PUBMED:21623372
YER090W	YHR011W	TRP2	DIA4	Positive Genetic	genetic	PUBMED:21623372
YBL030C	YPR140W	PET9	TAZ1	Positive Genetic	genetic	PUBMED:21623372
YBR252W	YGL253W	DUT1	HXK2	Positive Genetic	genetic	PUBMED:21623372
YBR038W	YGR155W	CHS2	CYS4	Negative Genetic	genetic	PUBMED:21623372
YNR072W	YHR011W	HXT17	DIA4	Positive Genetic	genetic	PUBMED:21623372
YOR126C	YHR011W	IAH1	DIA4	Negative Genetic	genetic	PUBMED:21623372
YKL141W	YAL012W	SDH3	CYS3	Negative Genetic	genetic	PUBMED:21623372
YBL030C	YER062C	PET9	GPP2	Negative Genetic	genetic	PUBMED:21623372
YBL030C	YLR172C	PET9	DPH5	Positive Genetic	genetic	PUBMED:21623372
YBR038W	YML123C	CHS2	PHO84	Positive Genetic	genetic	PUBMED:21623372
YOR071C	YHR011W	NRT1	DIA4	Positive Genetic	genetic	PUBMED:21623372
YKL141W	YOL055C	SDH3	THI20	Positive Genetic	genetic	PUBMED:21623372
YJL026W	YDR074W	RNR2	TPS2	Negative Genetic	genetic	PUBMED:21623372
YGL008C	YPR160W	PMA1	GPH1	Negative Genetic	genetic	PUBMED:21623372
YBR023C	YKL184W	CHS3	SPE1	Negative Genetic	genetic	PUBMED:21623372
YBR038W	YPR060C	CHS2	ARO7	Positive Genetic	genetic	PUBMED:21623372
YCR024C-A	YHR051W	PMP1	COX6	Negative Genetic	genetic	PUBMED:21623372
YKR039W	YJL101C	GAP1	GSH1	Negative Genetic	genetic	PUBMED:21623372
YKR039W	YNR019W	GAP1	ARE2	Negative Genetic	genetic	PUBMED:21623372
YBL030C	YPR160W	PET9	GPH1	Positive Genetic	genetic	PUBMED:21623372
YBR252W	YDR204W	DUT1	COQ4	Positive Genetic	genetic	PUBMED:21623372
YLR372W	YHR011W	ELO3	DIA4	Positive Genetic	genetic	PUBMED:21623372
YBR038W	YMR202W	CHS2	ERG2	Negative Genetic	genetic	PUBMED:21623372
YGL008C	YHR001W-A	PMA1	QCR10	Negative Genetic	genetic	PUBMED:21623372
YDR353W	YDR074W	TRR1	TPS2	Negative Genetic	genetic	PUBMED:21623372
YKL035W	YDL085W	UGP1	NDE2	Positive Genetic	genetic	PUBMED:21623372
YBL030C	YLR450W	PET9	HMG2	Negative Genetic	genetic	PUBMED:21623372
YBL030C	YDL022W	PET9	GPD1	Negative Genetic	genetic	PUBMED:21623372
YGL008C	YOR245C	PMA1	DGA1	Negative Genetic	genetic	PUBMED:21623372
YKL141W	YGR143W	SDH3	SKN1	Negative Genetic	genetic	PUBMED:21623372
YKR039W	YDR242W	GAP1	AMD2	Negative Genetic	genetic	PUBMED:21623372
YKL141W	YPL262W	SDH3	FUM1	Positive Genetic	genetic	PUBMED:21623372
YKL141W	YGR183C	SDH3	QCR9	Negative Genetic	genetic	PUBMED:21623372
YBR038W	YHR183W	CHS2	GND1	Positive Genetic	genetic	PUBMED:21623372
YBL030C	YNL141W	PET9	AAH1	Positive Genetic	genetic	PUBMED:21623372
YOR347C	YLR027C	PYK2	AAT2	Positive Genetic	genetic	PUBMED:21623372
YBR038W	YER060W	CHS2	FCY21	Positive Genetic	genetic	PUBMED:21623372
YFL055W	YKL150W	AGP3	MCR1	Negative Genetic	genetic	PUBMED:21623372
YDR353W	YJR105W	TRR1	ADO1	Positive Genetic	genetic	PUBMED:21623372
YBR038W	YDR148C	CHS2	KGD2	Negative Genetic	genetic	PUBMED:21623372
YPL189W	YHR011W	GUP2	DIA4	Negative Genetic	genetic	PUBMED:21623372
YBR252W	YJL045W	DUT1	YJL045W	Negative Genetic	genetic	PUBMED:21623372
YKL141W	YPR060C	SDH3	ARO7	Positive Genetic	genetic	PUBMED:21623372
YMR056C	YOR142W	AAC1	LSC1	Negative Genetic	genetic	PUBMED:21623372
YGL008C	YJR105W	PMA1	ADO1	Positive Genetic	genetic	PUBMED:21623372
YKR039W	YOR221C	GAP1	MCT1	Positive Genetic	genetic	PUBMED:21623372
YBL030C	YDR017C	PET9	KCS1	Positive Genetic	genetic	PUBMED:21623372
YDR322C-A	YHR011W	TIM11	DIA4	Negative Genetic	genetic	PUBMED:21623372
YKL035W	YBR298C	UGP1	MAL31	Negative Genetic	genetic	PUBMED:21623372
YKL035W	YLR354C	UGP1	TAL1	Negative Genetic	genetic	PUBMED:21623372
YMR056C	YNL141W	AAC1	AAH1	Negative Genetic	genetic	PUBMED:21623372
YJL026W	YPL069C	RNR2	BTS1	Negative Genetic	genetic	PUBMED:21623372
YKR039W	YPL188W	GAP1	POS5	Positive Genetic	genetic	PUBMED:21623372
YGL008C	YGL205W	PMA1	POX1	Negative Genetic	genetic	PUBMED:21623372
YCR024C-A	YDR529C	PMP1	QCR7	Negative Genetic	genetic	PUBMED:21623372
YGL119W	YHR011W	COQ8	DIA4	Negative Genetic	genetic	PUBMED:21623372
YKL141W	YDR284C	SDH3	DPP1	Negative Genetic	genetic	PUBMED:21623372
YHL012W	YJL200C	YHL012W	ACO2	Positive Genetic	genetic	PUBMED:21623372
YBR038W	YMR083W	CHS2	ADH3	Positive Genetic	genetic	PUBMED:21623372
YBR252W	YOR241W	DUT1	MET7	Negative Genetic	genetic	PUBMED:21623372
YPR081C	YHL012W	GRS2	YHL012W	Negative Genetic	genetic	PUBMED:21623372
YDR315C	YHL012W	IPK1	YHL012W	Negative Genetic	genetic	PUBMED:21623372
YKL035W	YBR026C	UGP1	ETR1	Negative Genetic	genetic	PUBMED:21623372
YBL030C	YPR145W	PET9	ASN1	Negative Genetic	genetic	PUBMED:21623372
YMR056C	YCR053W	AAC1	THR4	Positive Genetic	genetic	PUBMED:21623372
YBR252W	YGL148W	DUT1	ARO2	Positive Genetic	genetic	PUBMED:21623372
YDL067C	YOR347C	COX9	PYK2	Negative Genetic	genetic	PUBMED:21623372
YBL030C	YNL071W	PET9	LAT1	Positive Genetic	genetic	PUBMED:21623372
YML126C	YHR011W	ERG13	DIA4	Negative Genetic	genetic	PUBMED:21623372
YBL030C	YMR303C	PET9	ADH2	Positive Genetic	genetic	PUBMED:21623372
YDR353W	YGL084C	TRR1	GUP1	Positive Genetic	genetic	PUBMED:21623372
YMR056C	YER086W	AAC1	ILV1	Positive Genetic	genetic	PUBMED:21623372
YBL030C	YAL054C	PET9	ACS1	Positive Genetic	genetic	PUBMED:21623372
YKL141W	YBR036C	SDH3	CSG2	Positive Genetic	genetic	PUBMED:21623372
YBL030C	YCR053W	PET9	THR4	Negative Genetic	genetic	PUBMED:21623372
YCR024C-A	YDR072C	PMP1	IPT1	Positive Genetic	genetic	PUBMED:21623372
YKR039W	YLR058C	GAP1	SHM2	Negative Genetic	genetic	PUBMED:21623372
YKR039W	YMR215W	GAP1	GAS3	Negative Genetic	genetic	PUBMED:21623372
YKL035W	YBR218C	UGP1	PYC2	Negative Genetic	genetic	PUBMED:21623372
YKL035W	YMR272C	UGP1	SCS7	Positive Genetic	genetic	PUBMED:21623372
YJL026W	YER061C	RNR2	CEM1	Negative Genetic	genetic	PUBMED:21623372
YMR056C	YJR105W	AAC1	ADO1	Negative Genetic	genetic	PUBMED:21623372
YBR038W	YJR139C	CHS2	HOM6	Negative Genetic	genetic	PUBMED:21623372
YBL030C	YDR127W	PET9	ARO1	Negative Genetic	genetic	PUBMED:21623372
YMR207C	YHR011W	HFA1	DIA4	Positive Genetic	genetic	PUBMED:21623372
YNL071W	YHL012W	LAT1	YHL012W	Negative Genetic	genetic	PUBMED:21623372
YGR255C	YHR011W	COQ6	DIA4	Positive Genetic	genetic	PUBMED:21623372
YGL008C	YDR399W	PMA1	HPT1	Negative Genetic	genetic	PUBMED:21623372
YDR353W	YLR027C	TRR1	AAT2	Negative Genetic	genetic	PUBMED:21623372
YDR353W	YOR126C	TRR1	IAH1	Positive Genetic	genetic	PUBMED:21623372
YJR160C	YKL150W	MPH3	MCR1	Positive Genetic	genetic	PUBMED:21623372
YDR353W	YER081W	TRR1	SER3	Negative Genetic	genetic	PUBMED:21623372
YJL026W	YJL200C	RNR2	ACO2	Positive Genetic	genetic	PUBMED:21623372
YBL030C	YHR163W	PET9	SOL3	Negative Genetic	genetic	PUBMED:21623372
YBR023C	YOR109W	CHS3	INP53	Negative Genetic	genetic	PUBMED:21623372
YKL141W	YKR058W	SDH3	GLG1	Negative Genetic	genetic	PUBMED:21623372
YKL141W	YMR300C	SDH3	ADE4	Negative Genetic	genetic	PUBMED:21623372
YBR023C	YJR105W	CHS3	ADO1	Negative Genetic	genetic	PUBMED:21623372
YBL030C	YDR315C	PET9	IPK1	Positive Genetic	genetic	PUBMED:21623372
YBL030C	YML008C	PET9	ERG6	Negative Genetic	genetic	PUBMED:21623372
YKL141W	YHR051W	SDH3	COX6	Negative Genetic	genetic	PUBMED:21623372
YBL030C	YAL044C	PET9	GCV3	Positive Genetic	genetic	PUBMED:21623372
YKL141W	YER175C	SDH3	TMT1	Negative Genetic	genetic	PUBMED:21623372
YKL141W	YPL057C	SDH3	SUR1	Positive Genetic	genetic	PUBMED:21623372
YDR127W	YHR011W	ARO1	DIA4	Negative Genetic	genetic	PUBMED:21623372
YGL205W	YHR011W	POX1	DIA4	Positive Genetic	genetic	PUBMED:21623372
YLL061W	YHR011W	MMP1	DIA4	Positive Genetic	genetic	PUBMED:21623372
YLR305C	YDR001C	STT4	NTH1	Negative Genetic	genetic	PUBMED:21623372
YGL008C	YDR321W	PMA1	ASP1	Positive Genetic	genetic	PUBMED:21623372
YJL026W	YMR202W	RNR2	ERG2	Positive Genetic	genetic	PUBMED:21623372
YKL035W	YOR109W	UGP1	INP53	Positive Genetic	genetic	PUBMED:21623372
YNR016C	YHR011W	ACC1	DIA4	Negative Genetic	genetic	PUBMED:21623372
YDR353W	YKL184W	TRR1	SPE1	Positive Genetic	genetic	PUBMED:21623372
YMR208W	YHR011W	ERG12	DIA4	Negative Genetic	genetic	PUBMED:21623372
YOR347C	YBR035C	PYK2	PDX3	Negative Genetic	genetic	PUBMED:21623372
YKL035W	YJL153C	UGP1	INO1	Positive Genetic	genetic	PUBMED:21623372
YKL141W	YER183C	SDH3	FAU1	Positive Genetic	genetic	PUBMED:21623372
YOR347C	YDL066W	PYK2	IDP1	Negative Genetic	genetic	PUBMED:21623372
YGL008C	YNL141W	PMA1	AAH1	Positive Genetic	genetic	PUBMED:21623372
YKL141W	YMR169C	SDH3	ALD3	Negative Genetic	genetic	PUBMED:21623372
YLR305C	YJR139C	STT4	HOM6	Negative Genetic	genetic	PUBMED:21623372
YCR024C-A	YNL141W	PMP1	AAH1	Negative Genetic	genetic	PUBMED:21623372
YBL030C	YDR377W	PET9	ATP17	Negative Genetic	genetic	PUBMED:21623372
YBL030C	YPR026W	PET9	ATH1	Positive Genetic	genetic	PUBMED:21623372
YGL008C	YDR074W	PMA1	TPS2	Negative Genetic	genetic	PUBMED:21623372
YMR015C	YHR011W	ERG5	DIA4	Positive Genetic	genetic	PUBMED:21623372
YKL141W	YFR033C	SDH3	QCR6	Negative Genetic	genetic	PUBMED:21623372
YBL030C	YDR530C	PET9	APA2	Negative Genetic	genetic	PUBMED:21623372
YJL026W	YJR139C	RNR2	HOM6	Negative Genetic	genetic	PUBMED:21623372
YER119C	YHL012W	AVT6	YHL012W	Negative Genetic	genetic	PUBMED:21623372
YBR023C	YOL096C	CHS3	COQ3	Negative Genetic	genetic	PUBMED:21623372
YKL035W	YPL214C	UGP1	THI6	Negative Genetic	genetic	PUBMED:21623372
YCR024C-A	YJL045W	PMP1	YJL045W	Positive Genetic	genetic	PUBMED:21623372
YGL008C	YML075C	PMA1	HMG1	Negative Genetic	genetic	PUBMED:21623372
YDR353W	YER061C	TRR1	CEM1	Negative Genetic	genetic	PUBMED:21623372
YCR024C-A	YMR250W	PMP1	GAD1	Negative Genetic	genetic	PUBMED:21623372
YDR047W	YHR011W	HEM12	DIA4	Negative Genetic	genetic	PUBMED:21623372
YKL132C	YHL012W	RMA1	YHL012W	Negative Genetic	genetic	PUBMED:21623372
YCR048W	YHR011W	ARE1	DIA4	Positive Genetic	genetic	PUBMED:21623372
YKL035W	YOR100C	UGP1	CRC1	Negative Genetic	genetic	PUBMED:21623372
YHL012W	YGR240C	YHL012W	PFK1	Negative Genetic	genetic	PUBMED:21623372
YLR305C	YGR240C	STT4	PFK1	Negative Genetic	genetic	PUBMED:21623372
YKL035W	YOR245C	UGP1	DGA1	Negative Genetic	genetic	PUBMED:21623372
YBR252W	YOL064C	DUT1	MET22	Positive Genetic	genetic	PUBMED:21623372
YLR158C	YHR011W	ASP3-3	DIA4	Positive Genetic	genetic	PUBMED:21623372
YKL182W	YHR011W	FAS1	DIA4	Positive Genetic	genetic	PUBMED:21623372
YKL141W	YLR081W	SDH3	GAL2	Negative Genetic	genetic	PUBMED:21623372
YKL035W	YJL196C	UGP1	ELO1	Positive Genetic	genetic	PUBMED:21623372
YMR296C	YHR011W	LCB1	DIA4	Positive Genetic	genetic	PUBMED:21623372
YOR335C	YHR011W	ALA1	DIA4	Positive Genetic	genetic	PUBMED:21623372
YCR024C-A	YER062C	PMP1	GPP2	Positive Genetic	genetic	PUBMED:21623372
YLR305C	YER061C	STT4	CEM1	Positive Genetic	genetic	PUBMED:21623372
YBR023C	YNL037C	CHS3	IDH1	Negative Genetic	genetic	PUBMED:21623372
YGL125W	YHR011W	MET13	DIA4	Negative Genetic	genetic	PUBMED:21623372
YDR353W	YKL106W	TRR1	AAT1	Negative Genetic	genetic	PUBMED:21623372
YNL142W	YHR011W	MEP2	DIA4	Positive Genetic	genetic	PUBMED:21623372
YKL035W	YER061C	UGP1	CEM1	Negative Genetic	genetic	PUBMED:21623372
YMR056C	YAL012W	AAC1	CYS3	Negative Genetic	genetic	PUBMED:21623372
YLR305C	YBR036C	STT4	CSG2	Positive Genetic	genetic	PUBMED:21623372
YGL008C	YLR237W	PMA1	THI7	Negative Genetic	genetic	PUBMED:21623372
YBL030C	YDL085W	PET9	NDE2	Negative Genetic	genetic	PUBMED:21623372
YHL012W	YER086W	YHL012W	ILV1	Positive Genetic	genetic	PUBMED:21623372
YHL012W	YDL067C	YHL012W	COX9	Positive Genetic	genetic	PUBMED:21623372
YGL008C	YNR019W	PMA1	ARE2	Negative Genetic	genetic	PUBMED:21623372
YKL141W	YJR139C	SDH3	HOM6	Negative Genetic	genetic	PUBMED:21623372
YBL030C	YBR221C	PET9	PDB1	Positive Genetic	genetic	PUBMED:21623372
YPR145W	YHR011W	ASN1	DIA4	Negative Genetic	genetic	PUBMED:21623372
YKL035W	YLR146C	UGP1	SPE4	Negative Genetic	genetic	PUBMED:21623372
YHL012W	YPL069C	YHL012W	BTS1	Positive Genetic	genetic	PUBMED:21623372
YJL026W	YOR221C	RNR2	MCT1	Negative Genetic	genetic	PUBMED:21623372
YBL030C	YLR237W	PET9	THI7	Positive Genetic	genetic	PUBMED:21623372
YKL035W	YOR120W	UGP1	GCY1	Negative Genetic	genetic	PUBMED:21623372
YGL008C	YPL057C	PMA1	SUR1	Positive Genetic	genetic	PUBMED:21623372
YBR023C	YGL084C	CHS3	GUP1	Negative Genetic	genetic	PUBMED:21623372
YBL030C	YPL091W	PET9	GLR1	Positive Genetic	genetic	PUBMED:21623372
YKL035W	YDR298C	UGP1	ATP5	Positive Genetic	genetic	PUBMED:21623372
YDR353W	YAL012W	TRR1	CYS3	Negative Genetic	genetic	PUBMED:21623372
YKL035W	YHR001W-A	UGP1	QCR10	Negative Genetic	genetic	PUBMED:21623372
YER065C	YHR011W	ICL1	DIA4	Positive Genetic	genetic	PUBMED:21623372
YCR034W	YHR011W	ELO2	DIA4	Positive Genetic	genetic	PUBMED:21623372
YBL030C	YMR020W	PET9	FMS1	Negative Genetic	genetic	PUBMED:21623372
YBR038W	YAL012W	CHS2	CYS3	Negative Genetic	genetic	PUBMED:21623372
YBL030C	YOR126C	PET9	IAH1	Positive Genetic	genetic	PUBMED:21623372
YBL030C	YPL148C	PET9	PPT2	Negative Genetic	genetic	PUBMED:21623372
YKL055C	YHR011W	OAR1	DIA4	Positive Genetic	genetic	PUBMED:21623372
YKL141W	YPR069C	SDH3	SPE3	Negative Genetic	genetic	PUBMED:21623372
YJL026W	YLR304C	RNR2	ACO1	Negative Genetic	genetic	PUBMED:21623372
YGL008C	YPL271W	PMA1	ATP15	Positive Genetic	genetic	PUBMED:21623372
YKL035W	YMR202W	UGP1	ERG2	Negative Genetic	genetic	PUBMED:21623372
YKL035W	YHR067W	UGP1	HTD2	Negative Genetic	genetic	PUBMED:21623372
YBL030C	YCL035C	PET9	GRX1	Positive Genetic	genetic	PUBMED:21623372
YDR353W	YMR083W	TRR1	ADH3	Positive Genetic	genetic	PUBMED:21623372
YCR024C-A	YJL101C	PMP1	GSH1	Positive Genetic	genetic	PUBMED:21623372
YNL111C	YKL150W	CYB5	MCR1	Negative Genetic	genetic	PUBMED:21623372
YBL030C	YKL029C	PET9	MAE1	Positive Genetic	genetic	PUBMED:21623372
YJL026W	YFR055W	RNR2	IRC7	Negative Genetic	genetic	PUBMED:21623372
YGL008C	YJR133W	PMA1	XPT1	Negative Genetic	genetic	PUBMED:21623372
YOR347C	YOL052C	PYK2	SPE2	Negative Genetic	genetic	PUBMED:21623372
YKR039W	YHR104W	GAP1	GRE3	Positive Genetic	genetic	PUBMED:21623372
YJL121C	YHR011W	RPE1	DIA4	Negative Genetic	genetic	PUBMED:21623372
YGL008C	YMR015C	PMA1	ERG5	Negative Genetic	genetic	PUBMED:21623372
YCR083W	YHR011W	TRX3	DIA4	Positive Genetic	genetic	PUBMED:21623372
YGL008C	YOR126C	PMA1	IAH1	Positive Genetic	genetic	PUBMED:21623372
YGL008C	YER073W	PMA1	ALD5	Positive Genetic	genetic	PUBMED:21623372
YNR001C	YHR011W	CIT1	DIA4	Negative Genetic	genetic	PUBMED:21623372
YLR174W	YHR011W	IDP2	DIA4	Positive Genetic	genetic	PUBMED:21623372
YKL141W	YMR020W	SDH3	FMS1	Positive Genetic	genetic	PUBMED:21623372
YKL141W	YPL271W	SDH3	ATP15	Positive Genetic	genetic	PUBMED:21623372
YGL008C	YPR074C	PMA1	TKL1	Positive Genetic	genetic	PUBMED:21623372
YBL030C	YKL216W	PET9	URA1	Negative Genetic	genetic	PUBMED:21623372
YKL141W	YFR055W	SDH3	IRC7	Negative Genetic	genetic	PUBMED:21623372
YHR020W	YKL150W	YHR020W	MCR1	Negative Genetic	genetic	PUBMED:21623372
YBR038W	YML120C	CHS2	NDI1	Negative Genetic	genetic	PUBMED:21623372
YMR056C	YPL262W	AAC1	FUM1	Positive Genetic	genetic	PUBMED:21623372
YLR195C	YHR011W	NMT1	DIA4	Positive Genetic	genetic	PUBMED:21623372
YGR175C	YHR011W	ERG1	DIA4	Negative Genetic	genetic	PUBMED:21623372
YBR038W	YJL200C	CHS2	ACO2	Positive Genetic	genetic	PUBMED:21623372
YDR353W	YLR017W	TRR1	MEU1	Negative Genetic	genetic	PUBMED:21623372
YGL008C	YDR298C	PMA1	ATP5	Negative Genetic	genetic	PUBMED:21623372
YOR347C	YHR011W	PYK2	DIA4	Positive Genetic	genetic	PUBMED:21623372
YKL035W	YDR001C	UGP1	NTH1	Negative Genetic	genetic	PUBMED:21623372
YKR039W	YIL162W	GAP1	SUC2	Negative Genetic	genetic	PUBMED:21623372
YGL008C	YOR180C	PMA1	DCI1	Positive Genetic	genetic	PUBMED:21623372
YMR056C	YPL148C	AAC1	PPT2	Positive Genetic	genetic	PUBMED:21623372
YCR024C-A	YBL068W	PMP1	PRS4	Negative Genetic	genetic	PUBMED:21623372
YPL012W	YJL026W	RRP12	RNR2	Affinity Capture-Western	physical	PUBMED:21482668
YPL012W	YER070W	RRP12	RNR1	Synthetic Rescue	genetic	PUBMED:21482668
YNL305C	YBL030C	BXI1	PET9	Affinity Capture-MS	physical	PUBMED:21673659
YHL030W	YAL038W	ECM29	CDC19	Affinity Capture-MS	physical	PUBMED:21321079
YHL030W	YGL008C	ECM29	PMA1	Affinity Capture-MS	physical	PUBMED:21321079
YGR252W	YNL192W	GCN5	CHS1	Affinity Capture-MS	physical	PUBMED:21734642
YML008C	YKL150W	ERG6	MCR1	PCA	physical	PUBMED:21748599
YKR046C	YKL150W	PET10	MCR1	PCA	physical	PUBMED:21748599
YML008C	YIL043C	ERG6	CBR1	PCA	physical	PUBMED:21748599
YKR046C	YIL043C	PET10	CBR1	PCA	physical	PUBMED:21748599
YMR108W	YJR148W	ILV2	BAT2	Phenotypic Enhancement	genetic	PUBMED:21798060
YMR108W	YCL009C	ILV2	ILV6	Phenotypic Suppression	genetic	PUBMED:21798060
YKL117W	YER070W	SBA1	RNR1	Reconstituted Complex	physical	PUBMED:21777812
YKL117W	YER070W	SBA1	RNR1	Two-hybrid	physical	PUBMED:21777812
YOL130W	YKL064W	ALR1	MNR2	Phenotypic Suppression	genetic	PUBMED:21738593
YPR042C	YEL017C-A	PUF2	PMP2	Protein-RNA	physical	PUBMED:21685478
YPR042C	YEL017C-A	PUF2	PMP2	Affinity Capture-RNA	physical	PUBMED:21685478
YPR042C	YEL017C-A	PUF2	PMP2	Two-hybrid	physical	PUBMED:21685478
YJR091C	YEL017C-A	JSN1	PMP2	Affinity Capture-RNA	physical	PUBMED:21685478
YJR091C	YEL017C-A	JSN1	PMP2	Two-hybrid	physical	PUBMED:21685478
YGR167W	YKR039W	CLC1	GAP1	Positive Genetic	genetic	PUBMED:21849475
YGR167W	YPL036W	CLC1	PMA2	Positive Genetic	genetic	PUBMED:21849475
YDR098C	YGR180C	GRX3	RNR4	Synthetic Growth Defect	genetic	PUBMED:21931161
YER174C	YGR180C	GRX4	RNR4	Synthetic Growth Defect	genetic	PUBMED:21931161
YGR180C	YKR071C	RNR4	DRE2	Synthetic Growth Defect	genetic	PUBMED:21931161
YFL002C	YIL043C	SPB4	CBR1	Affinity Capture-MS	physical	PUBMED:21825077
YFL002C	YMR108W	SPB4	ILV2	Affinity Capture-MS	physical	PUBMED:21825077
YKR081C	YAL038W	RPF2	CDC19	Affinity Capture-MS	physical	PUBMED:21926967
YDR007W	YBR069C	TRP1	TAT1	Synthetic Rescue	genetic	PUBMED:21908639
YJL084C	YBR069C	ALY2	TAT1	Synthetic Rescue	genetic	PUBMED:21908639
YBL067C	YBR069C	UBP13	TAT1	Synthetic Rescue	genetic	PUBMED:21908639
YDR359C	YBR038W	EAF1	CHS2	Dosage Growth Defect	genetic	PUBMED:21984913
YDR359C	YBR023C	EAF1	CHS3	Dosage Growth Defect	genetic	PUBMED:21984913
YMR066W	YPL036W	SOV1	PMA2	Synthetic Growth Defect	genetic	PUBMED:21549315
YER125W	YKL150W	RSP5	MCR1	Protein-peptide	physical	PUBMED:16606443
YFL010C	YGR180C	WWM1	RNR4	Protein-peptide	physical	PUBMED:16606443
YIL030C	YER070W	SSM4	RNR1	Protein-peptide	physical	PUBMED:16606443
YJL168C	YGR180C	SET2	RNR4	Protein-peptide	physical	PUBMED:16606443
YJR017C	YGR180C	ESS1	RNR4	Protein-peptide	physical	PUBMED:16606443
YKL012W	YKL150W	PRP40	MCR1	Protein-peptide	physical	PUBMED:16606443
YKL012W	YGR180C	PRP40	RNR4	Protein-peptide	physical	PUBMED:16606443
YPR152C	YGR180C	URN1	RNR4	Protein-peptide	physical	PUBMED:16606443
YNL251C	YGL008C	NRD1	PMA1	Affinity Capture-RNA	physical	PUBMED:22028667
YLR430W	YGL008C	SEN1	PMA1	Affinity Capture-RNA	physical	PUBMED:22028667
YFL039C	YML125C	ACT1	PGA3	Synthetic Haploinsufficiency	genetic	PUBMED:21966278
YBR160W	YBR023C	CDC28	CHS3	Synthetic Growth Defect	genetic	PUBMED:22042866
YBR160W	YER070W	CDC28	RNR1	Synthetic Growth Defect	genetic	PUBMED:22042866
YER110C	YBR085W	KAP123	AAC3	Affinity Capture-MS	physical	PUBMED:21785410
YER110C	YBL030C	KAP123	PET9	Affinity Capture-MS	physical	PUBMED:21785410
YML125C	YAL023C	PGA3	PMT2	Negative Genetic	genetic	PUBMED:21987634
YML125C	YAR035W	PGA3	YAT1	Negative Genetic	genetic	PUBMED:21987634
YML125C	YAR042W	PGA3	SWH1	Negative Genetic	genetic	PUBMED:21987634
YML125C	YBL016W	PGA3	FUS3	Negative Genetic	genetic	PUBMED:21987634
YML125C	YBL063W	PGA3	KIP1	Negative Genetic	genetic	PUBMED:21987634
YJR118C	YBR023C	ILM1	CHS3	Negative Genetic	genetic	PUBMED:21987634
YLR242C	YBR023C	ARV1	CHS3	Negative Genetic	genetic	PUBMED:21987634
YML125C	YBR023C	PGA3	CHS3	Negative Genetic	genetic	PUBMED:21987634
YMR032W	YBR023C	HOF1	CHS3	Negative Genetic	genetic	PUBMED:21987634
YMR307W	YBR023C	GAS1	CHS3	Negative Genetic	genetic	PUBMED:21987634
YNL064C	YBR023C	YDJ1	CHS3	Negative Genetic	genetic	PUBMED:21987634
YNL181W	YBR023C	YNL181W	CHS3	Negative Genetic	genetic	PUBMED:21987634
YML125C	YBR036C	PGA3	CSG2	Negative Genetic	genetic	PUBMED:21987634
YML125C	YBR041W	PGA3	FAT1	Negative Genetic	genetic	PUBMED:21987634
YML125C	YBR067C	PGA3	TIP1	Positive Genetic	genetic	PUBMED:21987634
YML125C	YBR084W	PGA3	MIS1	Negative Genetic	genetic	PUBMED:21987634
YML125C	YBR299W	PGA3	MAL32	Negative Genetic	genetic	PUBMED:21987634
YML125C	YCR034W	PGA3	ELO2	Positive Genetic	genetic	PUBMED:21987634
YML125C	YDL203C	PGA3	ACK1	Negative Genetic	genetic	PUBMED:21987634
YML125C	YDR293C	PGA3	SSD1	Negative Genetic	genetic	PUBMED:21987634
YJR118C	YDR302W	ILM1	GPI11	Positive Genetic	genetic	PUBMED:21987634
YLR350W	YDR302W	ORM2	GPI11	Negative Genetic	genetic	PUBMED:21987634
YMR272C	YDR302W	SCS7	GPI11	Negative Genetic	genetic	PUBMED:21987634
YML125C	YDR307W	PGA3	PMT7	Negative Genetic	genetic	PUBMED:21987634
YKL150W	YDR315C	MCR1	IPK1	Positive Genetic	genetic	PUBMED:21987634
YML125C	YDR315C	PGA3	IPK1	Negative Genetic	genetic	PUBMED:21987634
YML125C	YDR334W	PGA3	SWR1	Negative Genetic	genetic	PUBMED:21987634
YML125C	YDR335W	PGA3	MSN5	Negative Genetic	genetic	PUBMED:21987634
YML125C	YDR477W	PGA3	SNF1	Negative Genetic	genetic	PUBMED:21987634
YML125C	YER111C	PGA3	SWI4	Negative Genetic	genetic	PUBMED:21987634
YML125C	YER116C	PGA3	SLX8	Negative Genetic	genetic	PUBMED:21987634
YML125C	YER120W	PGA3	SCS2	Negative Genetic	genetic	PUBMED:21987634
YML125C	YFL049W	PGA3	SWP82	Positive Genetic	genetic	PUBMED:21987634
YML125C	YFR010W	PGA3	UBP6	Negative Genetic	genetic	PUBMED:21987634
YML125C	YGL001C	PGA3	ERG26	Negative Genetic	genetic	PUBMED:21987634
YJR073C	YGL008C	OPI3	PMA1	Negative Genetic	genetic	PUBMED:21987634
YKL119C	YGL008C	VPH2	PMA1	Negative Genetic	genetic	PUBMED:21987634
YLR064W	YGL008C	PER33	PMA1	Negative Genetic	genetic	PUBMED:21987634
YLR350W	YGL008C	ORM2	PMA1	Negative Genetic	genetic	PUBMED:21987634
YLR372W	YGL008C	ELO3	PMA1	Negative Genetic	genetic	PUBMED:21987634
YMR272C	YGL008C	SCS7	PMA1	Negative Genetic	genetic	PUBMED:21987634
YNL064C	YGL008C	YDJ1	PMA1	Positive Genetic	genetic	PUBMED:21987634
YOL081W	YGL008C	IRA2	PMA1	Negative Genetic	genetic	PUBMED:21987634
YOR205C	YGL008C	GEP3	PMA1	Negative Genetic	genetic	PUBMED:21987634
YPL100W	YGL008C	ATG21	PMA1	Negative Genetic	genetic	PUBMED:21987634
YPL158C	YGL008C	AIM44	PMA1	Positive Genetic	genetic	PUBMED:21987634
YPL234C	YGL008C	VMA11	PMA1	Negative Genetic	genetic	PUBMED:21987634
YML125C	YGL054C	PGA3	ERV14	Negative Genetic	genetic	PUBMED:21987634
YML125C	YGL065C	PGA3	ALG2	Negative Genetic	genetic	PUBMED:21987634
YML125C	YGL066W	PGA3	SGF73	Negative Genetic	genetic	PUBMED:21987634
YML125C	YGL173C	PGA3	XRN1	Negative Genetic	genetic	PUBMED:21987634
YML125C	YGL219C	PGA3	MDM34	Negative Genetic	genetic	PUBMED:21987634
YML125C	YGL226C-A	PGA3	OST5	Positive Genetic	genetic	PUBMED:21987634
YML125C	YGR036C	PGA3	CAX4	Negative Genetic	genetic	PUBMED:21987634
YLR305C	YGR155W	STT4	CYS4	Negative Genetic	genetic	PUBMED:21987634
YML125C	YGR162W	PGA3	TIF4631	Negative Genetic	genetic	PUBMED:21987634
YML125C	YGR202C	PGA3	PCT1	Negative Genetic	genetic	PUBMED:21987634
YML125C	YHR045W	PGA3	YHR045W	Negative Genetic	genetic	PUBMED:21987634
YML125C	YHR171W	PGA3	ATG7	Negative Genetic	genetic	PUBMED:21987634
YML125C	YHR181W	PGA3	SVP26	Negative Genetic	genetic	PUBMED:21987634
YML125C	YHR194W	PGA3	MDM31	Negative Genetic	genetic	PUBMED:21987634
YMR032W	YIL043C	HOF1	CBR1	Negative Genetic	genetic	PUBMED:21987634
YPL158C	YIL043C	AIM44	CBR1	Negative Genetic	genetic	PUBMED:21987634
YPR024W	YIL043C	YME1	CBR1	Negative Genetic	genetic	PUBMED:21987634
YOR211C	YIL066C	MGM1	RNR3	Negative Genetic	genetic	PUBMED:21987634
YML125C	YIL077C	PGA3	YIL077C	Negative Genetic	genetic	PUBMED:21987634
YML125C	YIL090W	PGA3	ICE2	Negative Genetic	genetic	PUBMED:21987634
YML125C	YJL124C	PGA3	LSM1	Negative Genetic	genetic	PUBMED:21987634
YML125C	YJL168C	PGA3	SET2	Negative Genetic	genetic	PUBMED:21987634
YML125C	YJR013W	PGA3	GPI14	Negative Genetic	genetic	PUBMED:21987634
YML125C	YJR043C	PGA3	POL32	Negative Genetic	genetic	PUBMED:21987634
YML125C	YJR060W	PGA3	CBF1	Negative Genetic	genetic	PUBMED:21987634
YML125C	YJR073C	PGA3	OPI3	Negative Genetic	genetic	PUBMED:21987634
YML125C	YJR118C	PGA3	ILM1	Negative Genetic	genetic	PUBMED:21987634
YML125C	YKL101W	PGA3	HSL1	Negative Genetic	genetic	PUBMED:21987634
YLL006W	YKL141W	MMM1	SDH3	Negative Genetic	genetic	PUBMED:21987634
YLR091W	YKL141W	GEP5	SDH3	Negative Genetic	genetic	PUBMED:21987634
YLR193C	YKL141W	UPS1	SDH3	Negative Genetic	genetic	PUBMED:21987634
YML094W	YKL141W	GIM5	SDH3	Negative Genetic	genetic	PUBMED:21987634
YMR089C	YKL141W	YTA12	SDH3	Negative Genetic	genetic	PUBMED:21987634
YMR267W	YKL141W	PPA2	SDH3	Negative Genetic	genetic	PUBMED:21987634
YMR293C	YKL141W	HER2	SDH3	Negative Genetic	genetic	PUBMED:21987634
YOL067C	YKL141W	RTG1	SDH3	Negative Genetic	genetic	PUBMED:21987634
YOL081W	YKL141W	IRA2	SDH3	Negative Genetic	genetic	PUBMED:21987634
YOR205C	YKL141W	GEP3	SDH3	Negative Genetic	genetic	PUBMED:21987634
YOR330C	YKL141W	MIP1	SDH3	Negative Genetic	genetic	PUBMED:21987634
YPL234C	YKL141W	VMA11	SDH3	Negative Genetic	genetic	PUBMED:21987634
YMR032W	YKL150W	HOF1	MCR1	Positive Genetic	genetic	PUBMED:21987634
YOR205C	YKL150W	GEP3	MCR1	Negative Genetic	genetic	PUBMED:21987634
YML125C	YKL179C	PGA3	COY1	Positive Genetic	genetic	PUBMED:21987634
YML125C	YKR036C	PGA3	CAF4	Negative Genetic	genetic	PUBMED:21987634
YML125C	YKR067W	PGA3	GPT2	Negative Genetic	genetic	PUBMED:21987634
YML125C	YKR095W	PGA3	MLP1	Negative Genetic	genetic	PUBMED:21987634
YML125C	YLR229C	PGA3	CDC42	Negative Genetic	genetic	PUBMED:21987634
YML125C	YLR264W	PGA3	RPS28B	Negative Genetic	genetic	PUBMED:21987634
YML125C	YLR370C	PGA3	ARC18	Negative Genetic	genetic	PUBMED:21987634
YML125C	YLR378C	PGA3	SEC61	Negative Genetic	genetic	PUBMED:21987634
YML125C	YML032C	PGA3	RAD52	Negative Genetic	genetic	PUBMED:21987634
YML125C	YML051W	PGA3	GAL80	Negative Genetic	genetic	PUBMED:21987634
YML125C	YML062C	PGA3	MFT1	Negative Genetic	genetic	PUBMED:21987634
YJR073C	YML125C	OPI3	PGA3	Negative Genetic	genetic	PUBMED:21987634
YJR118C	YML125C	ILM1	PGA3	Negative Genetic	genetic	PUBMED:21987634
YKR036C	YML125C	CAF4	PGA3	Negative Genetic	genetic	PUBMED:21987634
YMR115W	YML125C	MGR3	PGA3	Negative Genetic	genetic	PUBMED:21987634
YNL064C	YML125C	YDJ1	PGA3	Negative Genetic	genetic	PUBMED:21987634
YOL081W	YML125C	IRA2	PGA3	Negative Genetic	genetic	PUBMED:21987634
YOL108C	YML125C	INO4	PGA3	Negative Genetic	genetic	PUBMED:21987634
YOR049C	YML125C	RSB1	PGA3	Negative Genetic	genetic	PUBMED:21987634
YPL158C	YML125C	AIM44	PGA3	Negative Genetic	genetic	PUBMED:21987634
YPR149W	YML125C	NCE102	PGA3	Negative Genetic	genetic	PUBMED:21987634
YKL150W	YMR032W	MCR1	HOF1	Positive Genetic	genetic	PUBMED:21987634
YML125C	YMR115W	PGA3	MGR3	Negative Genetic	genetic	PUBMED:21987634
YML125C	YMR190C	PGA3	SGS1	Negative Genetic	genetic	PUBMED:21987634
YML125C	YMR290C	PGA3	HAS1	Negative Genetic	genetic	PUBMED:21987634
YML125C	YMR292W	PGA3	GOT1	Negative Genetic	genetic	PUBMED:21987634
YML125C	YMR313C	PGA3	TGL3	Negative Genetic	genetic	PUBMED:21987634
YML125C	YMR314W	PGA3	PRE5	Negative Genetic	genetic	PUBMED:21987634
YML125C	YNL064C	PGA3	YDJ1	Negative Genetic	genetic	PUBMED:21987634
YML125C	YNL190W	PGA3	YNL190W	Negative Genetic	genetic	PUBMED:21987634
YML125C	YNL215W	PGA3	IES2	Negative Genetic	genetic	PUBMED:21987634
YML125C	YNL250W	PGA3	RAD50	Negative Genetic	genetic	PUBMED:21987634
YML125C	YNL258C	PGA3	DSL1	Negative Genetic	genetic	PUBMED:21987634
YML125C	YNL298W	PGA3	CLA4	Negative Genetic	genetic	PUBMED:21987634
YML125C	YNR039C	PGA3	ZRG17	Negative Genetic	genetic	PUBMED:21987634
YML125C	YOL081W	PGA3	IRA2	Negative Genetic	genetic	PUBMED:21987634
YML125C	YOL108C	PGA3	INO4	Negative Genetic	genetic	PUBMED:21987634
YML125C	YOR008C	PGA3	SLG1	Negative Genetic	genetic	PUBMED:21987634
YML125C	YOR049C	PGA3	RSB1	Negative Genetic	genetic	PUBMED:21987634
YML125C	YOR196C	PGA3	LIP5	Negative Genetic	genetic	PUBMED:21987634
YKL150W	YOR205C	MCR1	GEP3	Negative Genetic	genetic	PUBMED:21987634
YMR293C	YOR347C	HER2	PYK2	Positive Genetic	genetic	PUBMED:21987634
YLR168C	YPL036W	UPS2	PMA2	Positive Genetic	genetic	PUBMED:21987634
YMR032W	YPL036W	HOF1	PMA2	Positive Genetic	genetic	PUBMED:21987634
YMR264W	YPL036W	CUE1	PMA2	Negative Genetic	genetic	PUBMED:21987634
YML125C	YPL037C	PGA3	EGD1	Negative Genetic	genetic	PUBMED:21987634
YML125C	YPL086C	PGA3	ELP3	Negative Genetic	genetic	PUBMED:21987634
YML125C	YPL158C	PGA3	AIM44	Negative Genetic	genetic	PUBMED:21987634
YML125C	YPR149W	PGA3	NCE102	Negative Genetic	genetic	PUBMED:21987634
YML125C	YPR176C	PGA3	BET2	Negative Genetic	genetic	PUBMED:21987634
YKR016W	YBL030C	MIC60	PET9	Affinity Capture-MS	physical	PUBMED:21944719
YKR016W	YBR085W	MIC60	AAC3	Affinity Capture-MS	physical	PUBMED:21944719
YKR016W	YER141W	MIC60	COX15	Affinity Capture-MS	physical	PUBMED:21944719
YKR016W	YKL141W	MIC60	SDH3	Affinity Capture-MS	physical	PUBMED:21944719
YKR016W	YPL036W	MIC60	PMA2	Affinity Capture-MS	physical	PUBMED:21944719
YKR016W	YGL008C	MIC60	PMA1	Affinity Capture-MS	physical	PUBMED:21944719
YKR016W	YKL150W	MIC60	MCR1	Affinity Capture-MS	physical	PUBMED:21944719
YKR016W	YMR056C	MIC60	AAC1	Affinity Capture-MS	physical	PUBMED:21944719
YKR016W	YMR108W	MIC60	ILV2	Affinity Capture-MS	physical	PUBMED:21944719
YFR028C	YBR038W	CDC14	CHS2	Affinity Capture-Western	physical	PUBMED:22072794
YCL057C-A	YKL150W	MIC10	MCR1	Affinity Capture-MS	physical	PUBMED:22114354
YKR063C	YBL030C	LAS1	PET9	Affinity Capture-MS	physical	PUBMED:22083961
YKR063C	YKL035W	LAS1	UGP1	Affinity Capture-MS	physical	PUBMED:22083961
YLL006W	YBL030C	MMM1	PET9	Affinity Capture-MS	physical	PUBMED:21825164
YJL026W	YDR151C	RNR2	CTH1	Two-hybrid	physical	PUBMED:22152479
YGR180C	YDR151C	RNR4	CTH1	Two-hybrid	physical	PUBMED:22152479
YJL026W	YLR136C	RNR2	TIS11	Two-hybrid	physical	PUBMED:22152479
YGR180C	YLR136C	RNR4	TIS11	Two-hybrid	physical	PUBMED:22152479
YDL217C	YKL141W	TIM22	SDH3	Dosage Rescue	genetic	PUBMED:22152483
YOR297C	YKL141W	TIM18	SDH3	Affinity Capture-Western	physical	PUBMED:22152483
YDR178W	YKL141W	SDH4	SDH3	Affinity Capture-Western	physical	PUBMED:22152483
YKL141W	YLR164W	SDH3	SHH4	Affinity Capture-Western	physical	PUBMED:22152483
YKL141W	YDR178W	SDH3	SDH4	Affinity Capture-Western	physical	PUBMED:22152483
YKL141W	YHR005C-A	SDH3	TIM10	Affinity Capture-Western	physical	PUBMED:22152483
YKL141W	YOR297C	SDH3	TIM18	Affinity Capture-Western	physical	PUBMED:22152483
YKL141W	YDL217C	SDH3	TIM22	Affinity Capture-Western	physical	PUBMED:22152483
YNL220W	YJR069C	ADE12	HAM1	Phenotypic Enhancement	genetic	PUBMED:22308425
YDR353W	YML007W	TRR1	YAP1	Biochemical Activity	physical	PUBMED:19106090
YLR371W	YKL035W	ROM2	UGP1	Affinity Capture-Western	physical	PUBMED:22296835
YDR293C	YKL035W	SSD1	UGP1	Affinity Capture-Western	physical	PUBMED:22296835
YAL017W	YKL035W	PSK1	UGP1	Synthetic Growth Defect	genetic	PUBMED:22296835
YOL045W	YKL035W	PSK2	UGP1	Synthetic Growth Defect	genetic	PUBMED:22296835
YKL203C	YKL035W	TOR2	UGP1	Synthetic Growth Defect	genetic	PUBMED:22296835
YBL045C	YBL030C	COR1	PET9	Affinity Capture-MS	physical	PUBMED:22342701
YBL045C	YKL150W	COR1	MCR1	Affinity Capture-MS	physical	PUBMED:22342701
YBL045C	YER141W	COR1	COX15	Affinity Capture-MS	physical	PUBMED:22342701
YLR305C	YPL145C	STT4	KES1	Synthetic Growth Defect	genetic	PUBMED:21819498
YML030W	YBL030C	RCF1	PET9	Affinity Capture-MS	physical	PUBMED:22405070
YML030W	YBL030C	RCF1	PET9	Synthetic Growth Defect	genetic	PUBMED:22405070
YDL142C	YBL030C	CRD1	PET9	Synthetic Growth Defect	genetic	PUBMED:22405070
YDR515W	YCR024C-A	SLF1	PMP1	Affinity Capture-RNA	physical	PUBMED:22271760
YDR515W	YER141W	SLF1	COX15	Affinity Capture-RNA	physical	PUBMED:22271760
YDR515W	YKL150W	SLF1	MCR1	Affinity Capture-RNA	physical	PUBMED:22271760
YDR515W	YML125C	SLF1	PGA3	Affinity Capture-RNA	physical	PUBMED:22271760
YCL037C	YBR002C	SRO9	RER2	Affinity Capture-RNA	physical	PUBMED:22271760
YCL037C	YER141W	SRO9	COX15	Affinity Capture-RNA	physical	PUBMED:22271760
YCL037C	YKL150W	SRO9	MCR1	Affinity Capture-RNA	physical	PUBMED:22271760
YCL037C	YML125C	SRO9	PGA3	Affinity Capture-RNA	physical	PUBMED:22271760
YCL037C	YPL252C	SRO9	YAH1	Affinity Capture-RNA	physical	PUBMED:22271760
YBL030C	YPL078C	PET9	ATP4	Affinity Capture-Western	physical	PUBMED:22310663
YBL030C	YBL045C	PET9	COR1	Affinity Capture-Western	physical	PUBMED:22310663
YBL030C	Q0250	PET9	COX2	Affinity Capture-Western	physical	PUBMED:22310663
YBL030C	YGL187C	PET9	COX4	Affinity Capture-Western	physical	PUBMED:22310663
YBL030C	YML030W	PET9	RCF1	Affinity Capture-Western	physical	PUBMED:22310663
YML121W	YDR353W	GTR1	TRR1	Affinity Capture-MS	physical	PUBMED:22424774
YPL153C	YER070W	RAD53	RNR1	Dosage Rescue	genetic	PUBMED:10357828
YPL169C	YGL008C	MEX67	PMA1	Affinity Capture-RNA	physical	PUBMED:22244335
YBR230C	YBL030C	OM14	PET9	Affinity Capture-MS	physical	PUBMED:22461620
YDR477W	YGR180C	SNF1	RNR4	Synthetic Growth Defect	genetic	PUBMED:14993292
YNL251C	YNL192W	NRD1	CHS1	Synthetic Growth Defect	genetic	PUBMED:22431520
YLR305C	YCR034W	STT4	ELO2	Synthetic Lethality	genetic	PUBMED:16847337
YLL031C	YHR050W	GPI13	SMF2	Dosage Rescue	genetic	PUBMED:12441642
YLL031C	YGR170W	GPI13	PSD2	Synthetic Growth Defect	genetic	PUBMED:12441642
YLL031C	YNL169C	GPI13	PSD1	Synthetic Growth Defect	genetic	PUBMED:12441642
YKL141W	YMR118C	SDH3	SHH3	Dosage Rescue	genetic	PUBMED:22573324
YBL023C	YKL150W	MCM2	MCR1	Synthetic Rescue	genetic	PUBMED:22564307
YDR353W	YLR043C	TRR1	TRX1	Synthetic Rescue	genetic	PUBMED:22561702
YDR353W	YGR209C	TRR1	TRX2	Synthetic Rescue	genetic	PUBMED:22561702
YKL035W	YGR184C	UGP1	UBR1	Synthetic Rescue	genetic	PUBMED:22670231
YBR023C	YGL203C	CHS3	KEX1	PCA	physical	PUBMED:22615397
YDL212W	YGR191W	SHR3	HIP1	PCA	physical	PUBMED:22615397
YLL031C	YLR350W	GPI13	ORM2	PCA	physical	PUBMED:22615397
YGR092W	YBR038W	DBF2	CHS2	Biochemical Activity	physical	PUBMED:22573892
YBR038W	YDL117W	CHS2	CYK3	Dosage Rescue	genetic	PUBMED:22573892
YER118C	YBR023C	SHO1	CHS3	PCA	physical	PUBMED:22623719
YMR186W	YBR252W	HSC82	DUT1	Synthetic Growth Defect	genetic	PUBMED:22140548
YMR186W	YBR069C	HSC82	TAT1	Synthetic Growth Defect	genetic	PUBMED:22140548
YPL240C	YBR252W	HSP82	DUT1	Synthetic Growth Defect	genetic	PUBMED:22140548
YPL240C	YBR069C	HSP82	TAT1	Synthetic Growth Defect	genetic	PUBMED:22140548
YBR086C	YGL008C	IST2	PMA1	Co-localization	physical	PUBMED:22808051
YFR029W	YKR039W	PTR3	GAP1	Phenotypic Enhancement	genetic	PUBMED:22844449
YHR135C	YGL008C	YCK1	PMA1	Biochemical Activity	physical	PUBMED:22882630
YBR287W	YAL038W	YBR287W	CDC19	Affinity Capture-MS	physical	PUBMED:22940862
YCR024C-A	YAL005C	PMP1	SSA1	Affinity Capture-MS	physical	PUBMED:22940862
YCR024C-A	YJL130C	PMP1	URA2	Affinity Capture-MS	physical	PUBMED:22940862
YCR024C-A	YLR342W	PMP1	FKS1	Affinity Capture-MS	physical	PUBMED:22940862
YCR024C-A	YOR204W	PMP1	DED1	Affinity Capture-MS	physical	PUBMED:22940862
YCR024C-A	YGL008C	PMP1	PMA1	Affinity Capture-MS	physical	PUBMED:22940862
YCR024C-A	YDL229W	PMP1	SSB1	Affinity Capture-MS	physical	PUBMED:22940862
YCR034W	YAL038W	ELO2	CDC19	Affinity Capture-MS	physical	PUBMED:22940862
YCR043C	YAL038W	YCR043C	CDC19	Affinity Capture-MS	physical	PUBMED:22940862
YCR044C	YAL038W	PER1	CDC19	Affinity Capture-MS	physical	PUBMED:22940862
YDL018C	YAL038W	ERP3	CDC19	Affinity Capture-MS	physical	PUBMED:22940862
YDL192W	YGL008C	ARF1	PMA1	Affinity Capture-MS	physical	PUBMED:22940862
YDR233C	YAL038W	RTN1	CDC19	Affinity Capture-MS	physical	PUBMED:22940862
YDR284C	YAL038W	DPP1	CDC19	Affinity Capture-MS	physical	PUBMED:22940862
YDR352W	YAL038W	YPQ2	CDC19	Affinity Capture-MS	physical	PUBMED:22940862
YDR479C	YAL038W	PEX29	CDC19	Affinity Capture-MS	physical	PUBMED:22940862
YDR508C	YAL038W	GNP1	CDC19	Affinity Capture-MS	physical	PUBMED:22940862
YEL017C-A	YAL005C	PMP2	SSA1	Affinity Capture-MS	physical	PUBMED:22940862
YEL017C-A	YGL008C	PMP2	PMA1	Affinity Capture-MS	physical	PUBMED:22940862
YER031C	YAL038W	YPT31	CDC19	Affinity Capture-MS	physical	PUBMED:22940862
YER072W	YGL008C	VTC1	PMA1	Affinity Capture-MS	physical	PUBMED:22940862
YER072W	YAL038W	VTC1	CDC19	Affinity Capture-MS	physical	PUBMED:22940862
YFL004W	YAL038W	VTC2	CDC19	Affinity Capture-MS	physical	PUBMED:22940862
YFL007W	YAL038W	BLM10	CDC19	Affinity Capture-MS	physical	PUBMED:22940862
YGL054C	YAL038W	ERV14	CDC19	Affinity Capture-MS	physical	PUBMED:22940862
YGL054C	YGL008C	ERV14	PMA1	Affinity Capture-MS	physical	PUBMED:22940862
YGL155W	YAL038W	CDC43	CDC19	Affinity Capture-MS	physical	PUBMED:22940862
YGL195W	YAL038W	GCN1	CDC19	Affinity Capture-MS	physical	PUBMED:22940862
YGR012W	YAL038W	YGR012W	CDC19	Affinity Capture-MS	physical	PUBMED:22940862
YGR028W	YAL038W	MSP1	CDC19	Affinity Capture-MS	physical	PUBMED:22940862
YGR106C	YAL038W	VOA1	CDC19	Affinity Capture-MS	physical	PUBMED:22940862
YGR284C	YGL008C	ERV29	PMA1	Affinity Capture-MS	physical	PUBMED:22940862
YGR284C	YAL038W	ERV29	CDC19	Affinity Capture-MS	physical	PUBMED:22940862
YHR042W	YAL038W	NCP1	CDC19	Affinity Capture-MS	physical	PUBMED:22940862
YHR063C	YAL038W	PAN5	CDC19	Affinity Capture-MS	physical	PUBMED:22940862
YHR106W	YDR353W	TRR2	TRR1	Affinity Capture-MS	physical	PUBMED:22940862
YHR117W	YAL038W	TOM71	CDC19	Affinity Capture-MS	physical	PUBMED:22940862
YHR120W	YAL038W	MSH1	CDC19	Affinity Capture-MS	physical	PUBMED:22940862
YHR133C	YAL038W	NSG1	CDC19	Affinity Capture-MS	physical	PUBMED:22940862
YIL017C	YAL038W	VID28	CDC19	Affinity Capture-MS	physical	PUBMED:22940862
YIL140W	YAL038W	AXL2	CDC19	Affinity Capture-MS	physical	PUBMED:22940862
YJL093C	YAL038W	TOK1	CDC19	Affinity Capture-MS	physical	PUBMED:22940862
YJL178C	YAL038W	ATG27	CDC19	Affinity Capture-MS	physical	PUBMED:22940862
YJL198W	YAL038W	PHO90	CDC19	Affinity Capture-MS	physical	PUBMED:22940862
YJL208C	YAL038W	NUC1	CDC19	Affinity Capture-MS	physical	PUBMED:22940862
YLL012W	YAL038W	YEH1	CDC19	Affinity Capture-MS	physical	PUBMED:22940862
YLL031C	YDL229W	GPI13	SSB1	Affinity Capture-MS	physical	PUBMED:22940862
YLR093C	YAL038W	NYV1	CDC19	Affinity Capture-MS	physical	PUBMED:22940862
YLR350W	YAL038W	ORM2	CDC19	Affinity Capture-MS	physical	PUBMED:22940862
YML002W	YAL038W	YML002W	CDC19	Affinity Capture-MS	physical	PUBMED:22940862
YML038C	YAL038W	YMD8	CDC19	Affinity Capture-MS	physical	PUBMED:22940862
YML067C	YAL038W	ERV41	CDC19	Affinity Capture-MS	physical	PUBMED:22940862
YMR149W	YAL038W	SWP1	CDC19	Affinity Capture-MS	physical	PUBMED:22940862
YMR238W	YAL038W	DFG5	CDC19	Affinity Capture-MS	physical	PUBMED:22940862
YNL087W	YAL038W	TCB2	CDC19	Affinity Capture-MS	physical	PUBMED:22940862
YNL257C	YAL038W	SIP3	CDC19	Affinity Capture-MS	physical	PUBMED:22940862
YNR006W	YAL038W	VPS27	CDC19	Affinity Capture-MS	physical	PUBMED:22940862
YPL019C	YAL038W	VTC3	CDC19	Affinity Capture-MS	physical	PUBMED:22940862
YPL132W	YAL038W	COX11	CDC19	Affinity Capture-MS	physical	PUBMED:22940862
YPL201C	YAL038W	YIG1	CDC19	Affinity Capture-MS	physical	PUBMED:22940862
YPR128C	YAL038W	ANT1	CDC19	Affinity Capture-MS	physical	PUBMED:22940862
YPR139C	YAL038W	LOA1	CDC19	Affinity Capture-MS	physical	PUBMED:22940862
YPR159W	YAL038W	KRE6	CDC19	Affinity Capture-MS	physical	PUBMED:22940862
YDR295C	YHR011W	HDA2	DIA4	Two-hybrid	physical	PUBMED:22875988
YGL048C	YHR011W	RPT6	DIA4	Two-hybrid	physical	PUBMED:22875988
YHR011W	YAL011W	DIA4	SWC3	Two-hybrid	physical	PUBMED:22875988
YHR011W	YAR018C	DIA4	KIN3	Two-hybrid	physical	PUBMED:22875988
YHR011W	YDR251W	DIA4	PAM1	Two-hybrid	physical	PUBMED:22875988
YHR011W	YDR310C	DIA4	SUM1	Two-hybrid	physical	PUBMED:22875988
YHR011W	YDR425W	DIA4	SNX41	Two-hybrid	physical	PUBMED:22875988
YHR011W	YER018C	DIA4	SPC25	Two-hybrid	physical	PUBMED:22875988
YHR011W	YFR009W	DIA4	GCN20	Two-hybrid	physical	PUBMED:22875988
YHR011W	YGR089W	DIA4	NNF2	Two-hybrid	physical	PUBMED:22875988
YHR011W	YGR179C	DIA4	OKP1	Two-hybrid	physical	PUBMED:22875988
YHR011W	YHR079C-A	DIA4	SAE3	Two-hybrid	physical	PUBMED:22875988
YHR011W	YHR080C	DIA4	YHR080C	Two-hybrid	physical	PUBMED:22875988
YHR011W	YJR112W	DIA4	NNF1	Two-hybrid	physical	PUBMED:22875988
YHR011W	YKL179C	DIA4	COY1	Two-hybrid	physical	PUBMED:22875988
YHR011W	YKR022C	DIA4	NTR2	Two-hybrid	physical	PUBMED:22875988
YHR011W	YLR200W	DIA4	YKE2	Two-hybrid	physical	PUBMED:22875988
YHR011W	YMR053C	DIA4	STB2	Two-hybrid	physical	PUBMED:22875988
YHR011W	YMR054W	DIA4	STV1	Two-hybrid	physical	PUBMED:22875988
YHR011W	YMR077C	DIA4	VPS20	Two-hybrid	physical	PUBMED:22875988
YHR011W	YMR117C	DIA4	SPC24	Two-hybrid	physical	PUBMED:22875988
YHR011W	YOL069W	DIA4	NUF2	Two-hybrid	physical	PUBMED:22875988
YHR011W	YOR127W	DIA4	RGA1	Two-hybrid	physical	PUBMED:22875988
YHR011W	YPL032C	DIA4	SVL3	Two-hybrid	physical	PUBMED:22875988
YHR011W	YPL074W	DIA4	YTA6	Two-hybrid	physical	PUBMED:22875988
YHR011W	YPL249C	DIA4	GYP5	Two-hybrid	physical	PUBMED:22875988
YKL179C	YDR023W	COY1	SES1	Two-hybrid	physical	PUBMED:22875988
YLR200W	YHR011W	YKE2	DIA4	Two-hybrid	physical	PUBMED:22875988
YLR314C	YDR023W	CDC3	SES1	Two-hybrid	physical	PUBMED:22875988
YMR054W	YHR011W	STV1	DIA4	Two-hybrid	physical	PUBMED:22875988
YOL028C	YHR011W	YAP7	DIA4	Two-hybrid	physical	PUBMED:22875988
YOR195W	YHR011W	SLK19	DIA4	Two-hybrid	physical	PUBMED:22875988
YOR269W	YHR011W	PAC1	DIA4	Two-hybrid	physical	PUBMED:22875988
YPL020C	YHR011W	ULP1	DIA4	Two-hybrid	physical	PUBMED:22875988
YPL174C	YHR011W	NIP100	DIA4	Two-hybrid	physical	PUBMED:22875988
YHR011W	YDR295C	DIA4	HDA2	Two-hybrid	physical	PUBMED:22875988
YAR018C	YHR011W	KIN3	DIA4	Two-hybrid	physical	PUBMED:22875988
YDR425W	YHR011W	SNX41	DIA4	Two-hybrid	physical	PUBMED:22875988
YHR011W	YOR195W	DIA4	SLK19	Two-hybrid	physical	PUBMED:22875988
YOR244W	YBR069C	ESA1	TAT1	Dosage Rescue	genetic	PUBMED:23050233
YML035C	YAL038W	AMD1	CDC19	Phenotypic Enhancement	genetic	PUBMED:22902555
YLR242C	YBR085W	ARV1	AAC3	Phenotypic Suppression	genetic	PUBMED:23062268
YLR170C	YBR023C	APS1	CHS3	Affinity Capture-Western	physical	PUBMED:23056294
YBR038W	YNL152W	CHS2	INN1	Synthetic Rescue	genetic	PUBMED:22956544
YNL152W	YBR038W	INN1	CHS2	Affinity Capture-Western	physical	PUBMED:22956544
YBR038W	YNL152W	CHS2	INN1	Two-hybrid	physical	PUBMED:22956544
YBR034C	YPL036W	HMT1	PMA2	Affinity Capture-MS	physical	PUBMED:22997150
YBR034C	YBR038W	HMT1	CHS2	Affinity Capture-MS	physical	PUBMED:22997150
YBR034C	YNL192W	HMT1	CHS1	Affinity Capture-MS	physical	PUBMED:22997150
YLR145W	YEL017C-A	RMP1	PMP2	Affinity Capture-RNA	physical	PUBMED:22977255
YDL101C	YCR024C-A	DUN1	PMP1	Dosage Lethality	genetic	PUBMED:23050238
YDL101C	YKL150W	DUN1	MCR1	Dosage Lethality	genetic	PUBMED:23050238
YDR432W	YOR347C	NPL3	PYK2	Synthetic Rescue	genetic	PUBMED:23209445
YDR432W	YMR101C	NPL3	SRT1	Synthetic Rescue	genetic	PUBMED:23209445
YNL330C	YOL130W	RPD3	ALR1	Dosage Lethality	genetic	PUBMED:22579291
YLR233C	YPL036W	EST1	PMA2	Synthetic Growth Defect	genetic	PUBMED:22384331
YDL160C	YAL038W	DHH1	CDC19	Affinity Capture-RNA	physical	PUBMED:23222640
YDL160C	YBL030C	DHH1	PET9	Affinity Capture-RNA	physical	PUBMED:23222640
YDL160C	YBR069C	DHH1	TAT1	Affinity Capture-RNA	physical	PUBMED:23222640
YDL160C	YCR024C-A	DHH1	PMP1	Affinity Capture-RNA	physical	PUBMED:23222640
YDL160C	YEL017C-A	DHH1	PMP2	Affinity Capture-RNA	physical	PUBMED:23222640
YDL160C	YER070W	DHH1	RNR1	Affinity Capture-RNA	physical	PUBMED:23222640
YDL160C	YGL008C	DHH1	PMA1	Affinity Capture-RNA	physical	PUBMED:23222640
YDL160C	YKL035W	DHH1	UGP1	Affinity Capture-RNA	physical	PUBMED:23222640
YJL124C	YAL038W	LSM1	CDC19	Affinity Capture-RNA	physical	PUBMED:23222640
YJL124C	YEL017C-A	LSM1	PMP2	Affinity Capture-RNA	physical	PUBMED:23222640
YJL124C	YER070W	LSM1	RNR1	Affinity Capture-RNA	physical	PUBMED:23222640
YJL124C	YGL008C	LSM1	PMA1	Affinity Capture-RNA	physical	PUBMED:23222640
YCR077C	YAL038W	PAT1	CDC19	Affinity Capture-RNA	physical	PUBMED:23222640
YCR077C	YCR024C-A	PAT1	PMP1	Affinity Capture-RNA	physical	PUBMED:23222640
YCR077C	YEL017C-A	PAT1	PMP2	Affinity Capture-RNA	physical	PUBMED:23222640
YCR077C	YER070W	PAT1	RNR1	Affinity Capture-RNA	physical	PUBMED:23222640
YCR077C	YGL008C	PAT1	PMA1	Affinity Capture-RNA	physical	PUBMED:23222640
YHL034C	YAL038W	SBP1	CDC19	Affinity Capture-RNA	physical	PUBMED:23222640
YHL034C	YBL030C	SBP1	PET9	Affinity Capture-RNA	physical	PUBMED:23222640
YHL034C	YBR038W	SBP1	CHS2	Affinity Capture-RNA	physical	PUBMED:23222640
YHL034C	YBR069C	SBP1	TAT1	Affinity Capture-RNA	physical	PUBMED:23222640
YHL034C	YCR024C-A	SBP1	PMP1	Affinity Capture-RNA	physical	PUBMED:23222640
YHL034C	YDR023W	SBP1	SES1	Affinity Capture-RNA	physical	PUBMED:23222640
YHL034C	YDR353W	SBP1	TRR1	Affinity Capture-RNA	physical	PUBMED:23222640
YHL034C	YEL017C-A	SBP1	PMP2	Affinity Capture-RNA	physical	PUBMED:23222640
YHL034C	YGL008C	SBP1	PMA1	Affinity Capture-RNA	physical	PUBMED:23222640
YHL034C	YJL026W	SBP1	RNR2	Affinity Capture-RNA	physical	PUBMED:23222640
YHL034C	YKL035W	SBP1	UGP1	Affinity Capture-RNA	physical	PUBMED:23222640
YHL034C	YMR108W	SBP1	ILV2	Affinity Capture-RNA	physical	PUBMED:23222640
YHL034C	YNL192W	SBP1	CHS1	Affinity Capture-RNA	physical	PUBMED:23222640
YHL034C	YOR347C	SBP1	PYK2	Affinity Capture-RNA	physical	PUBMED:23222640
YDR510W	YER070W	SMT3	RNR1	PCA	physical	PUBMED:23403034
YDR510W	YAL038W	SMT3	CDC19	PCA	physical	PUBMED:23403034
YGR274C	YDR302W	TAF1	GPI11	Synthetic Lethality	genetic	PUBMED:23390603
YGR274C	YEL017C-A	TAF1	PMP2	Synthetic Lethality	genetic	PUBMED:23390603
YGR274C	YGR180C	TAF1	RNR4	Synthetic Lethality	genetic	PUBMED:23390603
YGR274C	YIL043C	TAF1	CBR1	Synthetic Lethality	genetic	PUBMED:23390603
YGR274C	YNL192W	TAF1	CHS1	Synthetic Lethality	genetic	PUBMED:23390603
YJL074C	YBR252W	SMC3	DUT1	Synthetic Lethality	genetic	PUBMED:23390603
YJL074C	YLL031C	SMC3	GPI13	Synthetic Lethality	genetic	PUBMED:23390603
YGR188C	YAL038W	BUB1	CDC19	Synthetic Lethality	genetic	PUBMED:23390603
YLR418C	YDR302W	CDC73	GPI11	Synthetic Lethality	genetic	PUBMED:23390603
YLR418C	YLL031C	CDC73	GPI13	Synthetic Lethality	genetic	PUBMED:23390603
YLR418C	YML125C	CDC73	PGA3	Synthetic Lethality	genetic	PUBMED:23390603
YLR418C	YOL130W	CDC73	ALR1	Synthetic Lethality	genetic	PUBMED:23390603
YPL008W	YDR302W	CHL1	GPI11	Synthetic Lethality	genetic	PUBMED:23390603
YGL086W	YDR376W	MAD1	ARH1	Synthetic Lethality	genetic	PUBMED:23390603
YGL086W	YLR305C	MAD1	STT4	Synthetic Lethality	genetic	PUBMED:23390603
YMR224C	YGL008C	MRE11	PMA1	Synthetic Lethality	genetic	PUBMED:23390603
YMR224C	YPL252C	MRE11	YAH1	Synthetic Lethality	genetic	PUBMED:23390603
YMR190C	YAL038W	SGS1	CDC19	Synthetic Lethality	genetic	PUBMED:23390603
YMR190C	YBL030C	SGS1	PET9	Synthetic Lethality	genetic	PUBMED:23390603
YMR190C	YLL031C	SGS1	GPI13	Synthetic Lethality	genetic	PUBMED:23390603
YMR190C	YLR305C	SGS1	STT4	Synthetic Lethality	genetic	PUBMED:23390603
YPL020C	YDR353W	ULP1	TRR1	PCA	physical	PUBMED:23403034
YMR032W	YBR038W	HOF1	CHS2	Reconstituted Complex	physical	PUBMED:23468521
YKL033W	YBR069C	TTI1	TAT1	Positive Genetic	genetic	PUBMED:21552543
YKL033W	YCR024C-A	TTI1	PMP1	Positive Genetic	genetic	PUBMED:21552543
YKL033W	YDR302W	TTI1	GPI11	Positive Genetic	genetic	PUBMED:21552543
YPR085C	YBR069C	ASA1	TAT1	Negative Genetic	genetic	PUBMED:21552543
YPR085C	YLL031C	ASA1	GPI13	Positive Genetic	genetic	PUBMED:21552543
YNR052C	YBR085W	POP2	AAC3	Synthetic Growth Defect	genetic	PUBMED:23467670
NCU03539	YER070W	NCU03539	RNR1	Co-fractionation	physical	PUBMED:23517247
YHR025W	YER070W	THR1	RNR1	Dosage Rescue	genetic	PUBMED:23518504
YBR136W	YER070W	MEC1	RNR1	Dosage Rescue	genetic	PUBMED:23518504
YDR508C	YKR039W	GNP1	GAP1	Phenotypic Enhancement	genetic	PUBMED:23517290
YJL026W	YGR180C	RNR2	RNR4	Reconstituted Complex	physical	PUBMED:23532842
YNL323W	YBR069C	LEM3	TAT1	Synthetic Growth Defect	genetic	PUBMED:23250744
YER120W	YML125C	SCS2	PGA3	Affinity Capture-MS	physical	PUBMED:23237950
YKR039W	YPR183W	GAP1	DPM1	Two-hybrid	physical	PUBMED:21912684
YKR039W	YOL137W	GAP1	BSC6	Two-hybrid	physical	PUBMED:21912684
YKR039W	YHR193C	GAP1	EGD2	Two-hybrid	physical	PUBMED:21912684
YKR039W	YNL024C	GAP1	YNL024C	Two-hybrid	physical	PUBMED:21912684
YKR039W	YIR014W	GAP1	YIR014W	Two-hybrid	physical	PUBMED:21912684
YKR039W	YIL039W	GAP1	TED1	Two-hybrid	physical	PUBMED:21912684
YKR039W	YKL154W	GAP1	SRP102	Two-hybrid	physical	PUBMED:21912684
YKR039W	YML055W	GAP1	SPC2	Two-hybrid	physical	PUBMED:21912684
YKR039W	YDR050C	GAP1	TPI1	Two-hybrid	physical	PUBMED:21912684
YKR039W	YMR298W	GAP1	LIP1	Two-hybrid	physical	PUBMED:21912684
YKR039W	YPR113W	GAP1	PIS1	Two-hybrid	physical	PUBMED:21912684
YKR039W	YDR086C	GAP1	SSS1	Two-hybrid	physical	PUBMED:21912684
YKR039W	YDR456W	GAP1	NHX1	Two-hybrid	physical	PUBMED:21912684
YKR039W	YKL096W-A	GAP1	CWP2	Two-hybrid	physical	PUBMED:21912684
YKR039W	YDR276C	GAP1	PMP3	Two-hybrid	physical	PUBMED:21912684
YKR039W	YKR049C	GAP1	FMP46	Two-hybrid	physical	PUBMED:21912684
YKR039W	YLR342W	GAP1	FKS1	Two-hybrid	physical	PUBMED:21912684
YKR039W	YJL097W	GAP1	PHS1	Affinity Capture-Western	physical	PUBMED:21912684
YKR039W	YMR011W	GAP1	HXT2	Affinity Capture-Western	physical	PUBMED:21912684
YKR039W	YLR175W	GAP1	CBF5	Affinity Capture-Western	physical	PUBMED:21912684
YKR039W	YOR332W	GAP1	VMA4	Affinity Capture-Western	physical	PUBMED:21912684
YKR039W	YGL084C	GAP1	GUP1	Affinity Capture-Western	physical	PUBMED:21912684
YKR039W	YDL095W	GAP1	PMT1	Affinity Capture-Western	physical	PUBMED:21912684
YKR039W	YER072W	GAP1	VTC1	Affinity Capture-Western	physical	PUBMED:21912684
YKR039W	YJL012C	GAP1	VTC4	Affinity Capture-Western	physical	PUBMED:21912684
YKR039W	YOL137W	GAP1	BSC6	Affinity Capture-Western	physical	PUBMED:21912684
YKR039W	YHR193C	GAP1	EGD2	Affinity Capture-Western	physical	PUBMED:21912684
YKR039W	YNL024C	GAP1	YNL024C	Affinity Capture-Western	physical	PUBMED:21912684
YKR039W	YIR014W	GAP1	YIR014W	Affinity Capture-Western	physical	PUBMED:21912684
YKR039W	YIL039W	GAP1	TED1	Affinity Capture-Western	physical	PUBMED:21912684
YKR039W	YKL154W	GAP1	SRP102	Affinity Capture-Western	physical	PUBMED:21912684
YKR039W	YML055W	GAP1	SPC2	Affinity Capture-Western	physical	PUBMED:21912684
YKR039W	YDR050C	GAP1	TPI1	Affinity Capture-Western	physical	PUBMED:21912684
YKR039W	YMR298W	GAP1	LIP1	Affinity Capture-Western	physical	PUBMED:21912684
YKR039W	YPR113W	GAP1	PIS1	Affinity Capture-Western	physical	PUBMED:21912684
YKR039W	YDR086C	GAP1	SSS1	Affinity Capture-Western	physical	PUBMED:21912684
YKR039W	YKL096W-A	GAP1	CWP2	Affinity Capture-Western	physical	PUBMED:21912684
YKR039W	YDR276C	GAP1	PMP3	Affinity Capture-Western	physical	PUBMED:21912684
YKR039W	YKR049C	GAP1	FMP46	Affinity Capture-Western	physical	PUBMED:21912684
YKR039W	YLR342W	GAP1	FKS1	Affinity Capture-Western	physical	PUBMED:21912684
YOL020W	YGL008C	TAT2	PMA1	Co-fractionation	physical	PUBMED:23421703
YML014W	YER070W	TRM9	RNR1	Phenotypic Suppression	genetic	PUBMED:22935709
YDR510W	YBR023C	SMT3	CHS3	Synthetic Growth Defect	genetic	PUBMED:23547032
YMR032W	YBR038W	HOF1	CHS2	Dosage Rescue	genetic	PUBMED:23447700
YDL117W	YBR038W	CYK3	CHS2	Dosage Rescue	genetic	PUBMED:23447700
YMR080C	YOL130W	NAM7	ALR1	Affinity Capture-RNA	physical	PUBMED:18087042
YKR039W	YOR036W	GAP1	PEP12	Co-purification	physical	PUBMED:21575114
YGL008C	YOR036W	PMA1	PEP12	Co-purification	physical	PUBMED:21575114
YGL008C	YGL008C	PMA1	PMA1	Affinity Capture-Western	physical	PUBMED:21575114
YGL008C	YMR307W	PMA1	GAS1	Affinity Capture-Western	physical	PUBMED:21575114
YGL008C	YGR282C	PMA1	BGL2	Affinity Capture-Western	physical	PUBMED:21575114
YKR039W	YGL008C	GAP1	PMA1	Affinity Capture-Western	physical	PUBMED:21575114
YKR039W	YMR307W	GAP1	GAS1	Affinity Capture-Western	physical	PUBMED:21575114
YKR039W	YGR282C	GAP1	BGL2	Affinity Capture-Western	physical	PUBMED:21575114
YLR332W	YGL008C	MID2	PMA1	Affinity Capture-Western	physical	PUBMED:21575114
YGL008C	YMR307W	PMA1	GAS1	Co-fractionation	physical	PUBMED:21239492
YBR069C	YNL084C	TAT1	END3	Co-localization	physical	PUBMED:23666621
YDL064W	YDR353W	UBC9	TRR1	Affinity Capture-MS	physical	PUBMED:23712011
YLL013C	YAL038W	PUF3	CDC19	Affinity Capture-RNA	physical	PUBMED:23409723
YLL013C	YBL030C	PUF3	PET9	Affinity Capture-RNA	physical	PUBMED:23409723
YLL013C	YBR069C	PUF3	TAT1	Affinity Capture-RNA	physical	PUBMED:23409723
YLL013C	YCR024C-A	PUF3	PMP1	Affinity Capture-RNA	physical	PUBMED:23409723
YLL013C	YDR023W	PUF3	SES1	Affinity Capture-RNA	physical	PUBMED:23409723
YLL013C	YDR302W	PUF3	GPI11	Affinity Capture-RNA	physical	PUBMED:23409723
YLL013C	YDR376W	PUF3	ARH1	Affinity Capture-RNA	physical	PUBMED:23409723
YLL013C	YEL017C-A	PUF3	PMP2	Affinity Capture-RNA	physical	PUBMED:23409723
YLL013C	YER070W	PUF3	RNR1	Affinity Capture-RNA	physical	PUBMED:23409723
YLL013C	YGL008C	PUF3	PMA1	Affinity Capture-RNA	physical	PUBMED:23409723
YLL013C	YJL026W	PUF3	RNR2	Affinity Capture-RNA	physical	PUBMED:23409723
YLL013C	YKL141W	PUF3	SDH3	Affinity Capture-RNA	physical	PUBMED:23409723
YLL013C	YLL031C	PUF3	GPI13	Affinity Capture-RNA	physical	PUBMED:23409723
YLL013C	YMR108W	PUF3	ILV2	Affinity Capture-RNA	physical	PUBMED:23409723
YLL013C	YOL130W	PUF3	ALR1	Affinity Capture-RNA	physical	PUBMED:23409723
YLL013C	YPL036W	PUF3	PMA2	Affinity Capture-RNA	physical	PUBMED:23409723
YLL013C	YPL252C	PUF3	YAH1	Affinity Capture-RNA	physical	PUBMED:23409723
YGL054C	YBR023C	ERV14	CHS3	Affinity Capture-Western	physical	PUBMED:23926947
YBR023C	YBR023C	CHS3	CHS3	Two-hybrid	physical	PUBMED:23926947
YBR023C	YBR023C	CHS3	CHS3	Reconstituted Complex	physical	PUBMED:23926947
YBR023C	YBR023C	CHS3	CHS3	Affinity Capture-Western	physical	PUBMED:23926947
YNL002C	YAL038W	RLP7	CDC19	Affinity Capture-MS	physical	PUBMED:23945946
YNL002C	YMR108W	RLP7	ILV2	Affinity Capture-MS	physical	PUBMED:23945946
YNL002C	YGL008C	RLP7	PMA1	Affinity Capture-MS	physical	PUBMED:23945946
YNL002C	YPL036W	RLP7	PMA2	Affinity Capture-MS	physical	PUBMED:23945946
YNL002C	YKL035W	RLP7	UGP1	Affinity Capture-MS	physical	PUBMED:23945946
YNL116W	YBR038W	DMA2	CHS2	Dosage Rescue	genetic	PUBMED:23966170
YMR032W	YBR038W	HOF1	CHS2	Dosage Rescue	genetic	PUBMED:23966170
YBR160W	YKL035W	CDC28	UGP1	PCA	physical	PUBMED:24019491
YML028W	YDR353W	TSA1	TRR1	Synthetic Rescue	genetic	PUBMED:24022485
YML028W	YDR353W	TSA1	TRR1	Synthetic Lethality	genetic	PUBMED:24022485
YKR103W	YGR180C	NFT1	RNR4	PCA	physical	PUBMED:23831759
YKR104W	YGR180C	YKR104W	RNR4	PCA	physical	PUBMED:23831759
YOR153W	YGL008C	PDR5	PMA1	PCA	physical	PUBMED:23831759
YOR153W	YER005W	PDR5	YND1	PCA	physical	PUBMED:23831759
YDR135C	YIL043C	YCF1	CBR1	PCA	physical	PUBMED:23831759
YDR135C	YAL038W	YCF1	CDC19	PCA	physical	PUBMED:23831759
YOL075C	YIL043C	YOL075C	CBR1	PCA	physical	PUBMED:23831759
YNL006W	YGL008C	LST8	PMA1	Negative Genetic	genetic	PUBMED:23891562
YDR297W	YGL008C	SUR2	PMA1	Negative Genetic	genetic	PUBMED:23891562
YER019W	YGL008C	ISC1	PMA1	Negative Genetic	genetic	PUBMED:23891562
YLR350W	YGL008C	ORM2	PMA1	Negative Genetic	genetic	PUBMED:23891562
YBR002C	YGL001C	RER2	ERG26	Negative Genetic	genetic	PUBMED:23891562
YLR024C	YGL008C	UBR2	PMA1	Positive Genetic	genetic	PUBMED:23891562
YOR046C	YGL008C	DBP5	PMA1	Negative Genetic	genetic	PUBMED:23891562
YBL106C	YLL031C	SRO77	GPI13	Negative Genetic	genetic	PUBMED:23891562
YOL109W	YGL008C	ZEO1	PMA1	Negative Genetic	genetic	PUBMED:23891562
YGR023W	YLL031C	MTL1	GPI13	Negative Genetic	genetic	PUBMED:23891562
YGR086C	YLL031C	PIL1	GPI13	Negative Genetic	genetic	PUBMED:23891562
YIL002C	YLL031C	INP51	GPI13	Negative Genetic	genetic	PUBMED:23891562
YMR305C	YLL031C	SCW10	GPI13	Negative Genetic	genetic	PUBMED:23891562
YIL009W	YGL008C	FAA3	PMA1	Negative Genetic	genetic	PUBMED:23891562
YDR345C	YGL008C	HXT3	PMA1	Positive Genetic	genetic	PUBMED:23891562
YML048W	YGL008C	GSF2	PMA1	Positive Genetic	genetic	PUBMED:23891562
YGR014W	YLL031C	MSB2	GPI13	Negative Genetic	genetic	PUBMED:23891562
YGR014W	YML125C	MSB2	PGA3	Negative Genetic	genetic	PUBMED:23891562
YGR170W	YDR302W	PSD2	GPI11	Negative Genetic	genetic	PUBMED:23891562
YDR270W	YGL008C	CCC2	PMA1	Negative Genetic	genetic	PUBMED:23891562
YOR322C	YGL008C	LDB19	PMA1	Negative Genetic	genetic	PUBMED:23891562
YHR111W	YDR302W	UBA4	GPI11	Positive Genetic	genetic	PUBMED:23891562
YCR061W	YLL031C	YCR061W	GPI13	Negative Genetic	genetic	PUBMED:23891562
YAL009W	YGL008C	SPO7	PMA1	Negative Genetic	genetic	PUBMED:23891562
YAL009W	YLL031C	SPO7	GPI13	Negative Genetic	genetic	PUBMED:23891562
YGL008C	YJR065C	PMA1	ARP3	Positive Genetic	genetic	PUBMED:23891562
YGL008C	YEL031W	PMA1	SPF1	Negative Genetic	genetic	PUBMED:23891562
YGL008C	YBL007C	PMA1	SLA1	Positive Genetic	genetic	PUBMED:23891562
YGL008C	YDR389W	PMA1	SAC7	Positive Genetic	genetic	PUBMED:23891562
YGL008C	YDR414C	PMA1	ERD1	Negative Genetic	genetic	PUBMED:23891562
YGL008C	YAL023C	PMA1	PMT2	Negative Genetic	genetic	PUBMED:23891562
YGL008C	YNL238W	PMA1	KEX2	Negative Genetic	genetic	PUBMED:23891562
YGL008C	YLR260W	PMA1	LCB5	Negative Genetic	genetic	PUBMED:23891562
YGL008C	YNL169C	PMA1	PSD1	Positive Genetic	genetic	PUBMED:23891562
YGL008C	YER083C	PMA1	GET2	Negative Genetic	genetic	PUBMED:23891562
YGL008C	YHL031C	PMA1	GOS1	Negative Genetic	genetic	PUBMED:23891562
YGL008C	YDR238C	PMA1	SEC26	Negative Genetic	genetic	PUBMED:23891562
YGL008C	YAL002W	PMA1	VPS8	Positive Genetic	genetic	PUBMED:23891562
YGL008C	YLR360W	PMA1	VPS38	Positive Genetic	genetic	PUBMED:23891562
YGL008C	YOR132W	PMA1	VPS17	Positive Genetic	genetic	PUBMED:23891562
YGL008C	YLR110C	PMA1	CCW12	Positive Genetic	genetic	PUBMED:23891562
YGL008C	YHL027W	PMA1	RIM101	Positive Genetic	genetic	PUBMED:23891562
YGL008C	YNL294C	PMA1	RIM21	Positive Genetic	genetic	PUBMED:23891562
YGL008C	YKL113C	PMA1	RAD27	Negative Genetic	genetic	PUBMED:23891562
YGL008C	YLR372W	PMA1	ELO3	Negative Genetic	genetic	PUBMED:23891562
YGL008C	YBR106W	PMA1	PHO88	Positive Genetic	genetic	PUBMED:23891562
YGL008C	YLR436C	PMA1	ECM30	Negative Genetic	genetic	PUBMED:23891562
YGL008C	YER021W	PMA1	RPN3	Negative Genetic	genetic	PUBMED:23891562
YGL008C	YDR394W	PMA1	RPT3	Negative Genetic	genetic	PUBMED:23891562
YGL008C	YOR117W	PMA1	RPT5	Negative Genetic	genetic	PUBMED:23891562
YCR009C	YDR302W	RVS161	GPI11	Negative Genetic	genetic	PUBMED:23891562
YCR009C	YBR023C	RVS161	CHS3	Negative Genetic	genetic	PUBMED:23891562
YBR171W	YBR023C	SEC66	CHS3	Negative Genetic	genetic	PUBMED:23891562
YEL031W	YBR023C	SPF1	CHS3	Negative Genetic	genetic	PUBMED:23891562
YDR302W	YBR200W	GPI11	BEM1	Negative Genetic	genetic	PUBMED:23891562
YDR302W	YBL007C	GPI11	SLA1	Negative Genetic	genetic	PUBMED:23891562
YDR302W	YJL095W	GPI11	BCK1	Negative Genetic	genetic	PUBMED:23891562
YDR302W	YDR414C	GPI11	ERD1	Negative Genetic	genetic	PUBMED:23891562
YDR302W	YJR075W	GPI11	HOC1	Negative Genetic	genetic	PUBMED:23891562
YDR302W	YGL084C	GPI11	GUP1	Negative Genetic	genetic	PUBMED:23891562
YDR302W	YMR307W	GPI11	GAS1	Negative Genetic	genetic	PUBMED:23891562
YDR302W	YDL095W	GPI11	PMT1	Negative Genetic	genetic	PUBMED:23891562
YDR302W	YGR166W	GPI11	TRS65	Negative Genetic	genetic	PUBMED:23891562
YDR302W	YGL027C	GPI11	CWH41	Negative Genetic	genetic	PUBMED:23891562
YDR302W	YAL058W	GPI11	CNE1	Negative Genetic	genetic	PUBMED:23891562
YDR302W	YHR101C	GPI11	BIG1	Negative Genetic	genetic	PUBMED:23891562
YDR302W	YOR336W	GPI11	KRE5	Negative Genetic	genetic	PUBMED:23891562
YDR302W	YFL031W	GPI11	HAC1	Negative Genetic	genetic	PUBMED:23891562
YDR302W	YOR085W	GPI11	OST3	Negative Genetic	genetic	PUBMED:23891562
YDR302W	YDR207C	GPI11	UME6	Negative Genetic	genetic	PUBMED:23891562
YDR302W	YJR073C	GPI11	OPI3	Negative Genetic	genetic	PUBMED:23891562
YDR302W	YNL169C	GPI11	PSD1	Negative Genetic	genetic	PUBMED:23891562
YDR302W	YEL042W	GPI11	GDA1	Negative Genetic	genetic	PUBMED:23891562
YDR302W	YER122C	GPI11	GLO3	Negative Genetic	genetic	PUBMED:23891562
YDR302W	YGL054C	GPI11	ERV14	Negative Genetic	genetic	PUBMED:23891562
YDR302W	YBR254C	GPI11	TRS20	Negative Genetic	genetic	PUBMED:23891562
YDR302W	YOL018C	GPI11	TLG2	Negative Genetic	genetic	PUBMED:23891562
YDR302W	YDR137W	GPI11	RGP1	Negative Genetic	genetic	PUBMED:23891562
YDR302W	YLR039C	GPI11	RIC1	Negative Genetic	genetic	PUBMED:23891562
YDR302W	YML071C	GPI11	COG8	Negative Genetic	genetic	PUBMED:23891562
YDR302W	YOR216C	GPI11	RUD3	Negative Genetic	genetic	PUBMED:23891562
YDR302W	YOR089C	GPI11	VPS21	Positive Genetic	genetic	PUBMED:23891562
YDR302W	YPR032W	GPI11	SRO7	Positive Genetic	genetic	PUBMED:23891562
YDR302W	YLR372W	GPI11	ELO3	Positive Genetic	genetic	PUBMED:23891562
YFL025C	YBR023C	BST1	CHS3	Negative Genetic	genetic	PUBMED:23891562
YDR434W	YBR023C	GPI17	CHS3	Negative Genetic	genetic	PUBMED:23891562
YLR242C	YBR023C	ARV1	CHS3	Negative Genetic	genetic	PUBMED:23891562
YBR200W	YBR023C	BEM1	CHS3	Negative Genetic	genetic	PUBMED:23891562
YGR229C	YBR023C	SMI1	CHS3	Negative Genetic	genetic	PUBMED:23891562
YJL095W	YBR023C	BCK1	CHS3	Negative Genetic	genetic	PUBMED:23891562
YGL167C	YBR023C	PMR1	CHS3	Negative Genetic	genetic	PUBMED:23891562
YDR414C	YBR023C	ERD1	CHS3	Negative Genetic	genetic	PUBMED:23891562
YJL183W	YBR023C	MNN11	CHS3	Negative Genetic	genetic	PUBMED:23891562
YJR075W	YBR023C	HOC1	CHS3	Negative Genetic	genetic	PUBMED:23891562
YCR017C	YML125C	CWH43	PGA3	Positive Genetic	genetic	PUBMED:23891562
YJL062W	YBR023C	LAS21	CHS3	Negative Genetic	genetic	PUBMED:23891562
YGL084C	YBR023C	GUP1	CHS3	Negative Genetic	genetic	PUBMED:23891562
YGL084C	YLL031C	GUP1	GPI13	Positive Genetic	genetic	PUBMED:23891562
YMR307W	YBR023C	GAS1	CHS3	Negative Genetic	genetic	PUBMED:23891562
YNL322C	YBR023C	KRE1	CHS3	Negative Genetic	genetic	PUBMED:23891562
YJL159W	YBR023C	HSP150	CHS3	Negative Genetic	genetic	PUBMED:23891562
YBR023C	YOR002W	CHS3	ALG6	Negative Genetic	genetic	PUBMED:23891562
YBR023C	YOR067C	CHS3	ALG8	Negative Genetic	genetic	PUBMED:23891562
YBR023C	YEL002C	CHS3	WBP1	Negative Genetic	genetic	PUBMED:23891562
YBR023C	YMR149W	CHS3	SWP1	Negative Genetic	genetic	PUBMED:23891562
YBR023C	YKL041W	CHS3	VPS24	Negative Genetic	genetic	PUBMED:23891562
YBR023C	YNR006W	CHS3	VPS27	Negative Genetic	genetic	PUBMED:23891562
YBR023C	YDL192W	CHS3	ARF1	Negative Genetic	genetic	PUBMED:23891562
YBR023C	YDL077C	CHS3	VAM6	Negative Genetic	genetic	PUBMED:23891562
YBR023C	YOR106W	CHS3	VAM3	Negative Genetic	genetic	PUBMED:23891562
YBR023C	YJR073C	CHS3	OPI3	Negative Genetic	genetic	PUBMED:23891562
YBR023C	YGL115W	CHS3	SNF4	Negative Genetic	genetic	PUBMED:23891562
YBR023C	YNL169C	CHS3	PSD1	Negative Genetic	genetic	PUBMED:23891562
YBR023C	YDR372C	CHS3	VPS74	Negative Genetic	genetic	PUBMED:23891562
YBR023C	YEL042W	CHS3	GDA1	Negative Genetic	genetic	PUBMED:23891562
YBR023C	YER122C	CHS3	GLO3	Negative Genetic	genetic	PUBMED:23891562
YBR023C	YKR001C	CHS3	VPS1	Negative Genetic	genetic	PUBMED:23891562
YBR023C	YAL002W	CHS3	VPS8	Negative Genetic	genetic	PUBMED:23891562
YBR023C	YOR069W	CHS3	VPS5	Negative Genetic	genetic	PUBMED:23891562
YBR023C	YOR089C	CHS3	VPS21	Negative Genetic	genetic	PUBMED:23891562
YBR023C	YKR042W	CHS3	UTH1	Negative Genetic	genetic	PUBMED:23891562
YBR023C	YLR110C	CHS3	CCW12	Negative Genetic	genetic	PUBMED:23891562
YBR023C	YNL298W	CHS3	CLA4	Negative Genetic	genetic	PUBMED:23891562
YBR023C	YGR060W	CHS3	ERG25	Negative Genetic	genetic	PUBMED:23891562
YBR023C	YHL027W	CHS3	RIM101	Negative Genetic	genetic	PUBMED:23891562
YBR023C	YLR372W	CHS3	ELO3	Negative Genetic	genetic	PUBMED:23891562
YBR023C	YAL041W	CHS3	CDC24	Negative Genetic	genetic	PUBMED:23891562
YBR023C	YKL079W	CHS3	SMY1	Negative Genetic	genetic	PUBMED:23891562
YBR023C	YNL079C	CHS3	TPM1	Negative Genetic	genetic	PUBMED:23891562
YBR023C	YJL001W	CHS3	PRE3	Negative Genetic	genetic	PUBMED:23891562
YBR023C	YPR103W	CHS3	PRE2	Negative Genetic	genetic	PUBMED:23891562
YBR023C	YOL038W	CHS3	PRE6	Negative Genetic	genetic	PUBMED:23891562
YKL041W	YLL031C	VPS24	GPI13	Negative Genetic	genetic	PUBMED:23891562
YNR006W	YLL031C	VPS27	GPI13	Negative Genetic	genetic	PUBMED:23891562
YNR006W	YML125C	VPS27	PGA3	Negative Genetic	genetic	PUBMED:23891562
YLR260W	YLL031C	LCB5	GPI13	Negative Genetic	genetic	PUBMED:23891562
YGR157W	YML125C	CHO2	PGA3	Negative Genetic	genetic	PUBMED:23891562
YJR073C	YML125C	OPI3	PGA3	Negative Genetic	genetic	PUBMED:23891562
YNL041C	YLL031C	COG6	GPI13	Negative Genetic	genetic	PUBMED:23891562
YCL001W	YML125C	RER1	PGA3	Positive Genetic	genetic	PUBMED:23891562
YOR089C	YLL031C	VPS21	GPI13	Negative Genetic	genetic	PUBMED:23891562
YML125C	YCL001W-A	PGA3	YCL001W-A	Positive Genetic	genetic	PUBMED:23891562
YML125C	YCR032W	PGA3	BPH1	Positive Genetic	genetic	PUBMED:23891562
YML125C	YGL012W	PGA3	ERG4	Negative Genetic	genetic	PUBMED:23891562
YCL051W	YBR038W	LRE1	CHS2	Dosage Rescue	genetic	PUBMED:23954433
YHR023W	YBR038W	MYO1	CHS2	Dosage Rescue	genetic	PUBMED:23954433
YDR127W	YKR039W	ARO1	GAP1	Phenotypic Suppression	genetic	PUBMED:24204588
YDR127W	YBR069C	ARO1	TAT1	Phenotypic Suppression	genetic	PUBMED:24204588
YNL298W	YBR038W	CLA4	CHS2	Dosage Growth Defect	genetic	PUBMED:22282571
YNL307C	YGR191W	MCK1	HIP1	Dosage Growth Defect	genetic	PUBMED:22282571
YDL214C	YKR039W	PRR2	GAP1	Dosage Growth Defect	genetic	PUBMED:22282571
YHR030C	YER005W	SLT2	YND1	Dosage Growth Defect	genetic	PUBMED:22282571
YJL187C	YKL035W	SWE1	UGP1	Dosage Growth Defect	genetic	PUBMED:22282571
YKL048C	YBR038W	ELM1	CHS2	Dosage Growth Defect	genetic	PUBMED:22282571
YHR030C	YKL035W	SLT2	UGP1	Dosage Growth Defect	genetic	PUBMED:22282571
YNL298W	YAL038W	CLA4	CDC19	Dosage Growth Defect	genetic	PUBMED:22282571
YNL307C	YKL035W	MCK1	UGP1	Dosage Growth Defect	genetic	PUBMED:22282571
YDR507C	YLL031C	GIN4	GPI13	Dosage Growth Defect	genetic	PUBMED:22282571
YJL095W	YER005W	BCK1	YND1	Dosage Growth Defect	genetic	PUBMED:22282571
YJL095W	YGR191W	BCK1	HIP1	Dosage Growth Defect	genetic	PUBMED:22282571
YNL298W	YBR023C	CLA4	CHS3	Negative Genetic	genetic	PUBMED:22282571
YML125C	YGL180W	PGA3	ATG1	Negative Genetic	genetic	PUBMED:22282571
YKL116C	YBR023C	PRR1	CHS3	Negative Genetic	genetic	PUBMED:22282571
YDR507C	YBR023C	GIN4	CHS3	Negative Genetic	genetic	PUBMED:22282571
YML125C	YHR135C	PGA3	YCK1	Negative Genetic	genetic	PUBMED:22282571
YHR030C	YPL036W	SLT2	PMA2	Negative Genetic	genetic	PUBMED:22282571
YCL010C	YMR108W	SGF29	ILV2	Affinity Capture-MS	physical	PUBMED:24307402
YLR305C	YKL212W	STT4	SAC1	Synthetic Rescue	genetic	PUBMED:24578286
YKL212W	YLR305C	SAC1	STT4	Phenotypic Enhancement	genetic	PUBMED:24578286
YKL212W	YLR305C	SAC1	STT4	Phenotypic Suppression	genetic	PUBMED:24578286
YNL186W	YJL026W	UBP10	RNR2	Affinity Capture-MS	physical	PUBMED:22902402
YNL186W	YGR180C	UBP10	RNR4	Affinity Capture-MS	physical	PUBMED:22902402
YBL067C	YGL008C	UBP13	PMA1	Affinity Capture-MS	physical	PUBMED:22902402
YFL044C	YBL030C	OTU1	PET9	Affinity Capture-MS	physical	PUBMED:22902402
YFL044C	YDR023W	OTU1	SES1	Affinity Capture-MS	physical	PUBMED:22902402
YKR039W	YCL025C	GAP1	AGP1	Phenotypic Enhancement	genetic	PUBMED:24701347
YBR068C	YGL008C	BAP2	PMA1	Co-fractionation	physical	PUBMED:24699373
YBR069C	YBR069C	TAT1	TAT1	Affinity Capture-Western	physical	PUBMED:24875539
YGL008C	YGL008C	PMA1	PMA1	Affinity Capture-Western	physical	PUBMED:24875539
YIL033C	YAL038W	BCY1	CDC19	Affinity Capture-MS	physical	PUBMED:25065647
YIL033C	YBL030C	BCY1	PET9	Affinity Capture-MS	physical	PUBMED:25065647
YJR017C	YMR056C	ESS1	AAC1	Synthetic Rescue	genetic	PUBMED:24470217
YJL127C	YER070W	SPT10	RNR1	Affinity Capture-MS	physical	PUBMED:25228766
YJL127C	YGR180C	SPT10	RNR4	Affinity Capture-MS	physical	PUBMED:25228766
YMR179W	YGR180C	SPT21	RNR4	Affinity Capture-MS	physical	PUBMED:25228766
YML028W	YDR353W	TSA1	TRR1	Synthetic Rescue	genetic	PUBMED:25247923
YER095W	YDR353W	RAD51	TRR1	Synthetic Rescue	genetic	PUBMED:25247923
YDR353W	YLR043C	TRR1	TRX1	Phenotypic Enhancement	genetic	PUBMED:25247923
YDR353W	YGR209C	TRR1	TRX2	Phenotypic Enhancement	genetic	PUBMED:25247923
YDR353W	YLR043C	TRR1	TRX1	Phenotypic Suppression	genetic	PUBMED:25247923
YDR353W	YGR209C	TRR1	TRX2	Phenotypic Suppression	genetic	PUBMED:25247923
YDR353W	YLR043C	TRR1	TRX1	Synthetic Rescue	genetic	PUBMED:25247923
YDR353W	YGR209C	TRR1	TRX2	Synthetic Rescue	genetic	PUBMED:25247923
YHR077C	YKR039W	NMD2	GAP1	Affinity Capture-MS	physical	PUBMED:25277656
YOL081W	YAL038W	IRA2	CDC19	Affinity Capture-MS	physical	PUBMED:20160012
YOL081W	YMR056C	IRA2	AAC1	Affinity Capture-MS	physical	PUBMED:20160012
YFR004W	YGL008C	RPN11	PMA1	Affinity Capture-MS	physical	PUBMED:16284124
YFR004W	YAL038W	RPN11	CDC19	Affinity Capture-MS	physical	PUBMED:16284124
YPR139C	YGL008C	LOA1	PMA1	Co-fractionation	physical	PUBMED:22090344
YAL038W	YER125W	CDC19	RSP5	Affinity Capture-Western	physical	PUBMED:25344756
YNL209W	YBR252W	SSB2	DUT1	Co-purification	physical	PUBMED:23332755
YNL209W	YDR023W	SSB2	SES1	Co-purification	physical	PUBMED:23332755
YNL209W	YDR353W	SSB2	TRR1	Co-purification	physical	PUBMED:23332755
YNL209W	YER070W	SSB2	RNR1	Co-purification	physical	PUBMED:23332755
YNL209W	YGR180C	SSB2	RNR4	Co-purification	physical	PUBMED:23332755
YNL209W	YIL066C	SSB2	RNR3	Co-purification	physical	PUBMED:23332755
YNL209W	YJL026W	SSB2	RNR2	Co-purification	physical	PUBMED:23332755
YNL209W	YJR069C	SSB2	HAM1	Co-purification	physical	PUBMED:23332755
YNL209W	YKL035W	SSB2	UGP1	Co-purification	physical	PUBMED:23332755
YNL209W	YBR002C	SSB2	RER2	Co-purification	physical	PUBMED:23332755
YNL209W	YOL130W	SSB2	ALR1	Co-purification	physical	PUBMED:23332755
YNL209W	YBL030C	SSB2	PET9	Co-purification	physical	PUBMED:23332755
YNL209W	YBR085W	SSB2	AAC3	Co-purification	physical	PUBMED:23332755
YNL209W	YKL141W	SSB2	SDH3	Co-purification	physical	PUBMED:23332755
YNL209W	YKL150W	SSB2	MCR1	Co-purification	physical	PUBMED:23332755
YNL209W	YMR056C	SSB2	AAC1	Co-purification	physical	PUBMED:23332755
YNL209W	YMR108W	SSB2	ILV2	Co-purification	physical	PUBMED:23332755
YNL209W	YOR347C	SSB2	PYK2	Co-purification	physical	PUBMED:23332755
YNL209W	YPL252C	SSB2	YAH1	Co-purification	physical	PUBMED:23332755
YMR307W	YBR023C	GAS1	CHS3	Synthetic Growth Defect	genetic	PUBMED:15715908
YBR023C	YMR307W	CHS3	GAS1	Synthetic Growth Defect	genetic	PUBMED:15715908
YGR229C	YBR023C	SMI1	CHS3	Synthetic Growth Defect	genetic	PUBMED:15715908
YBR023C	YGR229C	CHS3	SMI1	Synthetic Growth Defect	genetic	PUBMED:15715908
YLR342W	YBR023C	FKS1	CHS3	Synthetic Growth Defect	genetic	PUBMED:15715908
YBR023C	YLR342W	CHS3	FKS1	Synthetic Growth Defect	genetic	PUBMED:15715908
YNL192W	YJL095W	CHS1	BCK1	Synthetic Growth Defect	genetic	PUBMED:15715908
YNL192W	YBR065C	CHS1	ECM2	Synthetic Growth Defect	genetic	PUBMED:15715908
YNL192W	YLR074C	CHS1	BUD20	Synthetic Growth Defect	genetic	PUBMED:15715908
YNL192W	YOR069W	CHS1	VPS5	Synthetic Growth Defect	genetic	PUBMED:15715908
YNL192W	YOR132W	CHS1	VPS17	Synthetic Growth Defect	genetic	PUBMED:15715908
YNL192W	YHR012W	CHS1	VPS29	Synthetic Growth Defect	genetic	PUBMED:15715908
YNL192W	YJL154C	CHS1	VPS35	Synthetic Growth Defect	genetic	PUBMED:15715908
YNL192W	YDL223C	CHS1	HBT1	Synthetic Growth Defect	genetic	PUBMED:15715908
YNL192W	YLR370C	CHS1	ARC18	Synthetic Growth Defect	genetic	PUBMED:15715908
YNL192W	YGL200C	CHS1	EMP24	Synthetic Growth Defect	genetic	PUBMED:15715908
YNL192W	YPL161C	CHS1	BEM4	Synthetic Growth Defect	genetic	PUBMED:15715908
YNL192W	YER149C	CHS1	PEA2	Synthetic Growth Defect	genetic	PUBMED:15715908
YNL192W	YEL031W	CHS1	SPF1	Synthetic Growth Defect	genetic	PUBMED:15715908
YNL192W	YGL081W	CHS1	YGL081W	Synthetic Growth Defect	genetic	PUBMED:15715908
YNL192W	YGL110C	CHS1	CUE3	Synthetic Growth Defect	genetic	PUBMED:15715908
YNL192W	YPL055C	CHS1	LGE1	Synthetic Growth Defect	genetic	PUBMED:15715908
YNL192W	YPL256C	CHS1	CLN2	Synthetic Growth Defect	genetic	PUBMED:15715908
YNL192W	YOL027C	CHS1	MDM38	Synthetic Growth Defect	genetic	PUBMED:15715908
YNL192W	YJL208C	CHS1	NUC1	Synthetic Growth Defect	genetic	PUBMED:15715908
YNL192W	YKR042W	CHS1	UTH1	Synthetic Growth Defect	genetic	PUBMED:15715908
YNL192W	YPR024W	CHS1	YME1	Synthetic Growth Defect	genetic	PUBMED:15715908
YNL192W	YFR045W	CHS1	YFR045W	Synthetic Growth Defect	genetic	PUBMED:15715908
YNL192W	YAL013W	CHS1	DEP1	Synthetic Growth Defect	genetic	PUBMED:15715908
YNL192W	YJL196C	CHS1	ELO1	Synthetic Growth Defect	genetic	PUBMED:15715908
YNL192W	YJL214W	CHS1	HXT8	Synthetic Growth Defect	genetic	PUBMED:15715908
YNL192W	YDR315C	CHS1	IPK1	Synthetic Growth Defect	genetic	PUBMED:15715908
YNL192W	YER178W	CHS1	PDA1	Synthetic Growth Defect	genetic	PUBMED:15715908
YNL192W	YLR044C	CHS1	PDC1	Synthetic Growth Defect	genetic	PUBMED:15715908
YNL192W	YMR205C	CHS1	PFK2	Synthetic Growth Defect	genetic	PUBMED:15715908
YNL192W	YBR093C	CHS1	PHO5	Synthetic Growth Defect	genetic	PUBMED:15715908
YNL192W	YMR123W	CHS1	PKR1	Synthetic Growth Defect	genetic	PUBMED:15715908
YNL192W	YJL121C	CHS1	RPE1	Synthetic Growth Defect	genetic	PUBMED:15715908
YNL192W	YBR166C	CHS1	TYR1	Synthetic Growth Defect	genetic	PUBMED:15715908
YNL192W	YDR248C	CHS1	YDR248C	Synthetic Growth Defect	genetic	PUBMED:15715908
YNL192W	YKL190W	CHS1	CNB1	Synthetic Growth Defect	genetic	PUBMED:15715908
YNL192W	YJR055W	CHS1	HIT1	Synthetic Growth Defect	genetic	PUBMED:15715908
YNL192W	YAL055W	CHS1	PEX22	Synthetic Growth Defect	genetic	PUBMED:15715908
YNL192W	YJL148W	CHS1	RPA34	Synthetic Growth Defect	genetic	PUBMED:15715908
YNL192W	YDR276C	CHS1	PMP3	Synthetic Growth Defect	genetic	PUBMED:15715908
YNL192W	YPL192C	CHS1	PRM3	Synthetic Growth Defect	genetic	PUBMED:15715908
YNL192W	YLR398C	CHS1	SKI2	Synthetic Growth Defect	genetic	PUBMED:15715908
YNL192W	YOR043W	CHS1	WHI2	Synthetic Growth Defect	genetic	PUBMED:15715908
YNL192W	YLL043W	CHS1	FPS1	Synthetic Growth Defect	genetic	PUBMED:15715908
YNL192W	YBR121C	CHS1	GRS1	Synthetic Growth Defect	genetic	PUBMED:15715908
YNL192W	YPL213W	CHS1	LEA1	Synthetic Growth Defect	genetic	PUBMED:15715908
YNL192W	YMR224C	CHS1	MRE11	Synthetic Growth Defect	genetic	PUBMED:15715908
YNL192W	YDR314C	CHS1	RAD34	Synthetic Growth Defect	genetic	PUBMED:15715908
YNL192W	YIL110W	CHS1	HPM1	Synthetic Growth Defect	genetic	PUBMED:15715908
YNL192W	YMR003W	CHS1	AIM34	Synthetic Growth Defect	genetic	PUBMED:15715908
YNL192W	YOR322C	CHS1	LDB19	Synthetic Growth Defect	genetic	PUBMED:15715908
YNL192W	YDL206W	CHS1	YDL206W	Synthetic Growth Defect	genetic	PUBMED:15715908
YNL192W	YGL237C	CHS1	HAP2	Synthetic Growth Defect	genetic	PUBMED:15715908
YBR023C	YJL095W	CHS3	BCK1	Synthetic Growth Defect	genetic	PUBMED:15715908
YBR023C	YHR030C	CHS3	SLT2	Synthetic Growth Defect	genetic	PUBMED:15715908
YBR023C	YBR038W	CHS3	CHS2	Synthetic Growth Defect	genetic	PUBMED:15715908
YBR023C	YER111C	CHS3	SWI4	Synthetic Growth Defect	genetic	PUBMED:15715908
YBR023C	YLR110C	CHS3	CCW12	Synthetic Growth Defect	genetic	PUBMED:15715908
YBR023C	YBL047C	CHS3	EDE1	Synthetic Growth Defect	genetic	PUBMED:15715908
YBR023C	YOR326W	CHS3	MYO2	Synthetic Growth Defect	genetic	PUBMED:15715908
YBR023C	YDR388W	CHS3	RVS167	Synthetic Growth Defect	genetic	PUBMED:15715908
YBR023C	YLR337C	CHS3	VRP1	Synthetic Growth Defect	genetic	PUBMED:15715908
YBR023C	YBR234C	CHS3	ARC40	Synthetic Growth Defect	genetic	PUBMED:15715908
YBR023C	YDL029W	CHS3	ARP2	Synthetic Growth Defect	genetic	PUBMED:15715908
YBR023C	YDL223C	CHS3	HBT1	Synthetic Growth Defect	genetic	PUBMED:15715908
YBR023C	YLR370C	CHS3	ARC18	Synthetic Growth Defect	genetic	PUBMED:15715908
YBR023C	YGL200C	CHS3	EMP24	Synthetic Growth Defect	genetic	PUBMED:15715908
YBR023C	YLR314C	CHS3	CDC3	Synthetic Growth Defect	genetic	PUBMED:15715908
YBR023C	YJR076C	CHS3	CDC11	Synthetic Growth Defect	genetic	PUBMED:15715908
YBR023C	YEL044W	CHS3	IES6	Synthetic Growth Defect	genetic	PUBMED:15715908
YBR023C	YNL138W	CHS3	SRV2	Synthetic Growth Defect	genetic	PUBMED:15715908
YBR023C	YGL212W	CHS3	VAM7	Synthetic Growth Defect	genetic	PUBMED:15715908
YBR023C	YHR107C	CHS3	CDC12	Synthetic Growth Defect	genetic	PUBMED:15715908
YBR023C	YFR019W	CHS3	FAB1	Synthetic Growth Defect	genetic	PUBMED:15715908
YBR023C	YNL298W	CHS3	CLA4	Synthetic Growth Defect	genetic	PUBMED:15715908
YBR023C	YDR129C	CHS3	SAC6	Synthetic Growth Defect	genetic	PUBMED:15715908
YBR023C	YLR388W	CHS3	RPS29A	Synthetic Growth Defect	genetic	PUBMED:15715908
YBR023C	YBL007C	CHS3	SLA1	Synthetic Growth Defect	genetic	PUBMED:15715908
YBR023C	YNL079C	CHS3	TPM1	Synthetic Growth Defect	genetic	PUBMED:15715908
YBR023C	YKL041W	CHS3	VPS24	Synthetic Growth Defect	genetic	PUBMED:15715908
YBR023C	YKR020W	CHS3	VPS51	Synthetic Growth Defect	genetic	PUBMED:15715908
YBR023C	YJR118C	CHS3	ILM1	Synthetic Growth Defect	genetic	PUBMED:15715908
YBR023C	YBR077C	CHS3	SLM4	Synthetic Growth Defect	genetic	PUBMED:15715908
YBR023C	YGL084C	CHS3	GUP1	Synthetic Growth Defect	genetic	PUBMED:15715908
YBR023C	YJR073C	CHS3	OPI3	Synthetic Growth Defect	genetic	PUBMED:15715908
YBR023C	YML115C	CHS3	VAN1	Synthetic Growth Defect	genetic	PUBMED:15715908
YBR023C	YEL036C	CHS3	ANP1	Synthetic Growth Defect	genetic	PUBMED:15715908
YBR023C	YPL069C	CHS3	BTS1	Synthetic Growth Defect	genetic	PUBMED:15715908
YBR023C	YBR015C	CHS3	MNN2	Synthetic Growth Defect	genetic	PUBMED:15715908
YBR023C	YPL050C	CHS3	MNN9	Synthetic Growth Defect	genetic	PUBMED:15715908
YBR023C	YDR245W	CHS3	MNN10	Synthetic Growth Defect	genetic	PUBMED:15715908
YBR023C	YLL039C	CHS3	UBI4	Synthetic Growth Defect	genetic	PUBMED:15715908
YBR023C	YPL055C	CHS3	LGE1	Synthetic Growth Defect	genetic	PUBMED:15715908
YBR023C	YOR312C	CHS3	RPL20B	Synthetic Growth Defect	genetic	PUBMED:15715908
YBR023C	YBL072C	CHS3	RPS8A	Synthetic Growth Defect	genetic	PUBMED:15715908
YBR023C	YMR116C	CHS3	ASC1	Synthetic Growth Defect	genetic	PUBMED:15715908
YBR023C	YFR036W	CHS3	CDC26	Synthetic Growth Defect	genetic	PUBMED:15715908
YBR023C	YGL240W	CHS3	DOC1	Synthetic Growth Defect	genetic	PUBMED:15715908
YBR023C	YMR060C	CHS3	SAM37	Synthetic Growth Defect	genetic	PUBMED:15715908
YBR023C	YKL194C	CHS3	MST1	Synthetic Growth Defect	genetic	PUBMED:15715908
YBR023C	YMR089C	CHS3	YTA12	Synthetic Growth Defect	genetic	PUBMED:15715908
YBR023C	YNR051C	CHS3	BRE5	Synthetic Growth Defect	genetic	PUBMED:15715908
YBR023C	YJL148W	CHS3	RPA34	Synthetic Growth Defect	genetic	PUBMED:15715908
YBR023C	YLR087C	CHS3	CSF1	Synthetic Growth Defect	genetic	PUBMED:15715908
YBR023C	YGR135W	CHS3	PRE9	Synthetic Growth Defect	genetic	PUBMED:15715908
YBR023C	YBR057C	CHS3	MUM2	Synthetic Growth Defect	genetic	PUBMED:15715908
YBR023C	YDL033C	CHS3	SLM3	Synthetic Growth Defect	genetic	PUBMED:15715908
-	YAL038W	UBC	CDC19	Affinity Capture-MS	physical	PUBMED:23801757
-	YDR023W	UBC	SES1	Affinity Capture-MS	physical	PUBMED:23801757
-	YBL030C	UBC	PET9	Affinity Capture-MS	physical	PUBMED:23801757
-	YBR085W	UBC	AAC3	Affinity Capture-MS	physical	PUBMED:23801757
-	YGL008C	UBC	PMA1	Affinity Capture-MS	physical	PUBMED:23801757
-	YGR180C	UBC	RNR4	Affinity Capture-MS	physical	PUBMED:23801757
-	YJL026W	UBC	RNR2	Affinity Capture-MS	physical	PUBMED:23801757
-	YKL035W	UBC	UGP1	Affinity Capture-MS	physical	PUBMED:23801757
-	YIL043C	UBC	CBR1	Affinity Capture-MS	physical	PUBMED:23801757
-	YML125C	UBC	PGA3	Affinity Capture-MS	physical	PUBMED:23801757
-	YMR108W	UBC	ILV2	Affinity Capture-MS	physical	PUBMED:23801757
YGR209C	YDR353W	TRX2	TRR1	Affinity Capture-MS	physical	PUBMED:23414292
YKR095W	YKL035W	MLP1	UGP1	Affinity Capture-MS	physical	PUBMED:24152732
YIL149C	YAL038W	MLP2	CDC19	Affinity Capture-MS	physical	PUBMED:24152732
YIL149C	YBL030C	MLP2	PET9	Affinity Capture-MS	physical	PUBMED:24152732
YMR219W	YGL008C	ESC1	PMA1	Affinity Capture-MS	physical	PUBMED:24152732
YMR219W	YAL038W	ESC1	CDC19	Affinity Capture-MS	physical	PUBMED:24152732
YMR219W	YKL035W	ESC1	UGP1	Affinity Capture-MS	physical	PUBMED:24152732
YMR219W	YBL030C	ESC1	PET9	Affinity Capture-MS	physical	PUBMED:24152732
YKR095W	YJL026W	MLP1	RNR2	Affinity Capture-MS	physical	PUBMED:24152732
YKR095W	YGR180C	MLP1	RNR4	Affinity Capture-MS	physical	PUBMED:24152732
YKR095W	YMR108W	MLP1	ILV2	Affinity Capture-MS	physical	PUBMED:24152732
YIL149C	YJL026W	MLP2	RNR2	Affinity Capture-MS	physical	PUBMED:24152732
YIL149C	YGL008C	MLP2	PMA1	Affinity Capture-MS	physical	PUBMED:24152732
YKR095W	YAL038W	MLP1	CDC19	Affinity Capture-MS	physical	PUBMED:24152732
YDL156W	YGR180C	CMR1	RNR4	PCA	physical	PUBMED:25817432
YGR198W	YLR305C	YPP1	STT4	Reconstituted Complex	physical	PUBMED:24360784
YDL156W	YGL008C	CMR1	PMA1	Affinity Capture-MS	physical	PUBMED:25817432
YER070W	YOR241W	RNR1	MET7	Affinity Capture-Western	physical	PUBMED:24728996
YJR104C	YGL008C	SOD1	PMA1	Synthetic Lethality	genetic	PUBMED:25956063
YGR112W	YER141W	SHY1	COX15	Affinity Capture-Western	physical	PUBMED:23979592
YER141W	YGR112W	COX15	SHY1	Affinity Capture-Western	physical	PUBMED:23979592
YJL062W-A	YER141W	COA3	COX15	Affinity Capture-Western	physical	PUBMED:23979592
YIL157C	YER141W	COA1	COX15	Affinity Capture-Western	physical	PUBMED:23979592
YGL187C	YMR056C	COX4	AAC1	Affinity Capture-MS	physical	PUBMED:23864706
YGL187C	YBL030C	COX4	PET9	Affinity Capture-MS	physical	PUBMED:23864706
YGL187C	YBR085W	COX4	AAC3	Affinity Capture-MS	physical	PUBMED:23864706
YGL187C	YDR376W	COX4	ARH1	Affinity Capture-MS	physical	PUBMED:23864706
YGL187C	YKL150W	COX4	MCR1	Affinity Capture-MS	physical	PUBMED:23864706
YGL187C	YER141W	COX4	COX15	Affinity Capture-MS	physical	PUBMED:23864706
YBR023C	YJL099W	CHS3	CHS6	Affinity Capture-Western	physical	PUBMED:23015758
YBR023C	YJL099W	CHS3	CHS6	Reconstituted Complex	physical	PUBMED:23015758
YGL008C	YNL098C	PMA1	RAS2	Dosage Rescue	genetic	PUBMED:25002144
YGL008C	YML121W	PMA1	GTR1	Dosage Rescue	genetic	PUBMED:25002144
YLR330W	YBR023C	CHS5	CHS3	Reconstituted Complex	physical	PUBMED:23056294
YBR023C	YMR001C	CHS3	CDC5	Synthetic Lethality	genetic	PUBMED:23525003
YIL109C	YBR038W	SEC24	CHS2	Two-hybrid	physical	PUBMED:23525003
YBR038W	YIL109C	CHS2	SEC24	Affinity Capture-Western	physical	PUBMED:23525003
YBR038W	YAL041W	CHS2	CDC24	Dosage Rescue	genetic	PUBMED:23878277
YBR038W	YPR165W	CHS2	RHO1	Dosage Rescue	genetic	PUBMED:23878277
YBR038W	YNL090W	CHS2	RHO2	Dosage Rescue	genetic	PUBMED:23878277
YBR038W	YKL161C	CHS2	KDX1	Dosage Rescue	genetic	PUBMED:23878277
YBR038W	YDR505C	CHS2	PSP1	Dosage Rescue	genetic	PUBMED:23878277
YBR038W	YML117W	CHS2	NAB6	Dosage Rescue	genetic	PUBMED:23878277
YBR038W	YKR002W	CHS2	PAP1	Dosage Rescue	genetic	PUBMED:23878277
YBR038W	YLR425W	CHS2	TUS1	Dosage Rescue	genetic	PUBMED:23878277
YBR038W	YLR371W	CHS2	ROM2	Dosage Rescue	genetic	PUBMED:23878277
YBR038W	YBR260C	CHS2	RGD1	Dosage Rescue	genetic	PUBMED:23878277
YBR038W	YOR127W	CHS2	RGA1	Dosage Rescue	genetic	PUBMED:23878277
YBR038W	YPL115C	CHS2	BEM3	Dosage Rescue	genetic	PUBMED:23878277
YNL330C	YMR108W	RPD3	ILV2	Affinity Capture-MS	physical	PUBMED:23878396
YJR069C	YOR303W	HAM1	CPA1	Phenotypic Suppression	genetic	PUBMED:24124444
YJR069C	YJR109C	HAM1	CPA2	Phenotypic Suppression	genetic	PUBMED:24124444
YJR069C	YJL055W	HAM1	YJL055W	Phenotypic Suppression	genetic	PUBMED:24124444
YNL271C	YGR180C	BNI1	RNR4	Reconstituted Complex	physical	PUBMED:24133141
YNL271C	YKL035W	BNI1	UGP1	Reconstituted Complex	physical	PUBMED:24133141
YNL271C	YIL066C	BNI1	RNR3	Reconstituted Complex	physical	PUBMED:24133141
YNL271C	YJL026W	BNI1	RNR2	Reconstituted Complex	physical	PUBMED:24133141
YNL271C	YER070W	BNI1	RNR1	Reconstituted Complex	physical	PUBMED:24133141
YAR007C	YOL130W	RFA1	ALR1	Two-hybrid	physical	PUBMED:25719602
YAR007C	YKR039W	RFA1	GAP1	Two-hybrid	physical	PUBMED:25719602
YDL217C	YBL030C	TIM22	PET9	Dosage Growth Defect	genetic	PUBMED:24385427
YAL015C	YER070W	NTG1	RNR1	Phenotypic Suppression	genetic	PUBMED:24373996
YJL026W	YKR071C	RNR2	DRE2	Affinity Capture-Western	physical	PUBMED:24733891
YGR180C	YPR048W	RNR4	TAH18	Synthetic Growth Defect	genetic	PUBMED:24733891
YDL077C	YBR038W	VAM6	CHS2	Affinity Capture-MS	physical	PUBMED:25026036
YDL077C	YJL026W	VAM6	RNR2	Affinity Capture-MS	physical	PUBMED:25026036
YDL077C	YKL035W	VAM6	UGP1	Affinity Capture-MS	physical	PUBMED:25026036
YDL077C	YLR305C	VAM6	STT4	Affinity Capture-MS	physical	PUBMED:25026036
YOL002C	YMR056C	IZH2	AAC1	Synthetic Growth Defect	genetic	PUBMED:26067383
YBR160W	YAL038W	CDC28	CDC19	Affinity Capture-MS	physical	PUBMED:24374311
YBR160W	YGL008C	CDC28	PMA1	Affinity Capture-MS	physical	PUBMED:24374311
YML001W	YBL030C	YPT7	PET9	Affinity Capture-MS	physical	PUBMED:25948753
AT2G26650	YGL008C	KT1	PMA1	Co-fractionation	physical	PUBMED:25713578
YNL258C	YLL031C	DSL1	GPI13	Positive Genetic	genetic	PUBMED:25187651
YAL005C	YBL030C	SSA1	PET9	Affinity Capture-MS	physical	PUBMED:26217697
YAL005C	YAL038W	SSA1	CDC19	Affinity Capture-MS	physical	PUBMED:26217697
YAL005C	YGL008C	SSA1	PMA1	Affinity Capture-MS	physical	PUBMED:26217697
YAL005C	YKL035W	SSA1	UGP1	Affinity Capture-MS	physical	PUBMED:26217697
YAL005C	YJL026W	SSA1	RNR2	Affinity Capture-MS	physical	PUBMED:26217697
YAL005C	YGR180C	SSA1	RNR4	Affinity Capture-MS	physical	PUBMED:26217697
YPL240C	YGL008C	HSP82	PMA1	Affinity Capture-MS	physical	PUBMED:26217697
YPL240C	YAL038W	HSP82	CDC19	Affinity Capture-MS	physical	PUBMED:26217697
YPL240C	YKL035W	HSP82	UGP1	Affinity Capture-MS	physical	PUBMED:26217697
YPL240C	YGR180C	HSP82	RNR4	Affinity Capture-MS	physical	PUBMED:26217697
YLL013C	YHR011W	PUF3	DIA4	Affinity Capture-RNA	physical	PUBMED:26493364
YLL013C	YPL252C	PUF3	YAH1	Affinity Capture-RNA	physical	PUBMED:26493364
YLL013C	YDR376W	PUF3	ARH1	Affinity Capture-RNA	physical	PUBMED:26493364
YLL013C	YER141W	PUF3	COX15	Affinity Capture-RNA	physical	PUBMED:26493364
YLL013C	YNL192W	PUF3	CHS1	Affinity Capture-RNA	physical	PUBMED:26493364
YHR008C	YKL150W	SOD2	MCR1	Dosage Rescue	genetic	PUBMED:26629948
YNL098C	YKL035W	RAS2	UGP1	Phenotypic Suppression	genetic	PUBMED:26498530
YOL081W	YKL035W	IRA2	UGP1	Phenotypic Suppression	genetic	PUBMED:26498530
YLR320W	YJL026W	MMS22	RNR2	Affinity Capture-MS	physical	PUBMED:26849847
YLR320W	YMR108W	MMS22	ILV2	Affinity Capture-MS	physical	PUBMED:26849847
YLR320W	YDR023W	MMS22	SES1	Affinity Capture-MS	physical	PUBMED:26849847
YLR320W	YGR180C	MMS22	RNR4	Affinity Capture-MS	physical	PUBMED:26849847
YLR320W	YKL035W	MMS22	UGP1	Affinity Capture-MS	physical	PUBMED:26849847
YLR320W	YER070W	MMS22	RNR1	Affinity Capture-MS	physical	PUBMED:26849847
YOL082W	YAL038W	ATG19	CDC19	Affinity Capture-MS	physical	PUBMED:26166702
YHR023W	YAL038W	MYO1	CDC19	PCA	physical	PUBMED:26921299
YHR023W	YAL038W	MYO1	CDC19	Affinity Capture-Western	physical	PUBMED:26921299
YBR112C	YBR069C	CYC8	TAT1	Dosage Rescue	genetic	PUBMED:26546823
YDR477W	YAL038W	SNF1	CDC19	Affinity Capture-MS	physical	PUBMED:26309257
YML058W	YER070W	SML1	RNR1	Reconstituted Complex	physical	PUBMED:27155231
YML058W-A	YJL026W	HUG1	RNR2	Two-hybrid	physical	PUBMED:25378334
YML058W-A	YJL026W	HUG1	RNR2	Reconstituted Complex	physical	PUBMED:25378334
YML058W-A	YGR180C	HUG1	RNR4	Reconstituted Complex	physical	PUBMED:25378334
YJL026W	YML058W-A	RNR2	HUG1	Synthetic Rescue	genetic	PUBMED:25378334
YJL026W	YML058W-A	RNR2	HUG1	Phenotypic Suppression	genetic	PUBMED:25378334
YJR045C	YMR108W	SSC1	ILV2	Affinity Capture-MS	physical	PUBMED:25792736
YJR045C	YLR305C	SSC1	STT4	Affinity Capture-MS	physical	PUBMED:25792736
YJR045C	YER141W	SSC1	COX15	Affinity Capture-MS	physical	PUBMED:25792736
YJR045C	YIL043C	SSC1	CBR1	Affinity Capture-MS	physical	PUBMED:25792736
YJR045C	YGL008C	SSC1	PMA1	Affinity Capture-MS	physical	PUBMED:25792736
YJR045C	YPL036W	SSC1	PMA2	Affinity Capture-MS	physical	PUBMED:25792736
YJR045C	YMR056C	SSC1	AAC1	Affinity Capture-MS	physical	PUBMED:25792736
YJR045C	YKL150W	SSC1	MCR1	Affinity Capture-MS	physical	PUBMED:25792736
YJR045C	YBL030C	SSC1	PET9	Affinity Capture-MS	physical	PUBMED:25792736
YJR045C	YBR085W	SSC1	AAC3	Affinity Capture-MS	physical	PUBMED:25792736
YJR045C	YAL038W	SSC1	CDC19	Affinity Capture-MS	physical	PUBMED:25792736
YPR042C	YGL008C	PUF2	PMA1	Affinity Capture-RNA	physical	PUBMED:26668354
YPR042C	YEL017C-A	PUF2	PMP2	Affinity Capture-RNA	physical	PUBMED:26668354
YPR042C	YMR108W	PUF2	ILV2	Affinity Capture-RNA	physical	PUBMED:26668354
YPR042C	YER070W	PUF2	RNR1	Affinity Capture-RNA	physical	PUBMED:26668354
YPR042C	YIL043C	PUF2	CBR1	Affinity Capture-RNA	physical	PUBMED:26668354
YPR042C	YNL192W	PUF2	CHS1	Affinity Capture-RNA	physical	PUBMED:26668354
YPR042C	YBR002C	PUF2	RER2	Affinity Capture-RNA	physical	PUBMED:26668354
YPR042C	YBR252W	PUF2	DUT1	Affinity Capture-RNA	physical	PUBMED:26668354
YPR042C	YGR191W	PUF2	HIP1	Affinity Capture-RNA	physical	PUBMED:26668354
YPR042C	YER141W	PUF2	COX15	Affinity Capture-RNA	physical	PUBMED:26668354
YPR042C	YOL130W	PUF2	ALR1	Affinity Capture-RNA	physical	PUBMED:26668354
YPR042C	YPL036W	PUF2	PMA2	Affinity Capture-RNA	physical	PUBMED:26668354
YPR042C	YBR038W	PUF2	CHS2	Affinity Capture-RNA	physical	PUBMED:26668354
YPR042C	YBR069C	PUF2	TAT1	Affinity Capture-RNA	physical	PUBMED:26668354
YPR042C	YPL252C	PUF2	YAH1	Affinity Capture-RNA	physical	PUBMED:26668354
YPR042C	YBR023C	PUF2	CHS3	Affinity Capture-RNA	physical	PUBMED:26668354
YGL008C	YLR113W	PMA1	HOG1	Phenotypic Suppression	genetic	PUBMED:27730338
YGL008C	YHR030C	PMA1	SLT2	Phenotypic Suppression	genetic	PUBMED:27730338
YLL026W	YIL043C	HSP104	CBR1	Affinity Capture-MS	physical	PUBMED:27373154
YLL026W	YJL026W	HSP104	RNR2	Affinity Capture-MS	physical	PUBMED:27373154
YLL026W	YGR180C	HSP104	RNR4	Affinity Capture-MS	physical	PUBMED:27373154
YLL026W	YML125C	HSP104	PGA3	Affinity Capture-MS	physical	PUBMED:27373154
YLL026W	YKL035W	HSP104	UGP1	Affinity Capture-MS	physical	PUBMED:27373154
YPL240C	YAL038W	HSP82	CDC19	Affinity Capture-MS	physical	PUBMED:26804907
YPL240C	YGL008C	HSP82	PMA1	Affinity Capture-MS	physical	PUBMED:26804907
YPL240C	YMR108W	HSP82	ILV2	Affinity Capture-MS	physical	PUBMED:26804907
YPL240C	YBL030C	HSP82	PET9	Affinity Capture-MS	physical	PUBMED:26804907
YPL252C	YPL135W	YAH1	ISU1	Reconstituted Complex	physical	PUBMED:25358379
YPL252C	YPL135W	YAH1	ISU1	Co-crystal Structure	physical	PUBMED:25358379
YPL254W	YAL038W	HFI1	CDC19	Affinity Capture-MS	physical	PUBMED:27647735
YBL034C	YLL031C	STU1	GPI13	Positive Genetic	genetic	PUBMED:27708008
YBR002C	YBR102C	RER2	EXO84	Positive Genetic	genetic	PUBMED:27708008
YBR002C	YDR182W	RER2	CDC1	Positive Genetic	genetic	PUBMED:27708008
YBR002C	YGL048C	RER2	RPT6	Positive Genetic	genetic	PUBMED:27708008
YBR002C	YGR006W	RER2	PRP18	Positive Genetic	genetic	PUBMED:27708008
YBR002C	YJR057W	RER2	CDC8	Positive Genetic	genetic	PUBMED:27708008
YBR002C	YKL019W	RER2	RAM2	Positive Genetic	genetic	PUBMED:27708008
YBR002C	YOR074C	RER2	CDC21	Positive Genetic	genetic	PUBMED:27708008
YBR002C	YPL128C	RER2	TBF1	Positive Genetic	genetic	PUBMED:27708008
YBR002C	YPR103W	RER2	PRE2	Positive Genetic	genetic	PUBMED:27708008
YBR002C	YBR198C	RER2	TAF5	Positive Genetic	genetic	PUBMED:27708008
YBR002C	YCR002C	RER2	CDC10	Positive Genetic	genetic	PUBMED:27708008
YBR002C	YDL015C	RER2	TSC13	Positive Genetic	genetic	PUBMED:27708008
YBR002C	YDL097C	RER2	RPN6	Positive Genetic	genetic	PUBMED:27708008
YBR002C	YDL147W	RER2	RPN5	Positive Genetic	genetic	PUBMED:27708008
YBR002C	YDL220C	RER2	CDC13	Positive Genetic	genetic	PUBMED:27708008
YBR002C	YDR168W	RER2	CDC37	Positive Genetic	genetic	PUBMED:27708008
YBR002C	YDR311W	RER2	TFB1	Positive Genetic	genetic	PUBMED:27708008
YBR002C	YDR331W	RER2	GPI8	Positive Genetic	genetic	PUBMED:27708008
YBR002C	YER094C	RER2	PUP3	Positive Genetic	genetic	PUBMED:27708008
YBR002C	YFL009W	RER2	CDC4	Positive Genetic	genetic	PUBMED:27708008
YBR002C	YFL039C	RER2	ACT1	Positive Genetic	genetic	PUBMED:27708008
YBR002C	YFL039C	RER2	ACT1	Negative Genetic	genetic	PUBMED:27708008
YBR002C	YFR004W	RER2	RPN11	Positive Genetic	genetic	PUBMED:27708008
YBR002C	YGL011C	RER2	SCL1	Positive Genetic	genetic	PUBMED:27708008
YBR002C	YGL112C	RER2	TAF6	Positive Genetic	genetic	PUBMED:27708008
YBR002C	YGR113W	RER2	DAM1	Positive Genetic	genetic	PUBMED:27708008
YBR002C	YHR027C	RER2	RPN1	Positive Genetic	genetic	PUBMED:27708008
YBR002C	YHR107C	RER2	CDC12	Positive Genetic	genetic	PUBMED:27708008
YBR002C	YHR107C	RER2	CDC12	Negative Genetic	genetic	PUBMED:27708008
YBR002C	YHR118C	RER2	ORC6	Positive Genetic	genetic	PUBMED:27708008
YBR002C	YHR172W	RER2	SPC97	Positive Genetic	genetic	PUBMED:27708008
YBR002C	YHR191C	RER2	CTF8	Positive Genetic	genetic	PUBMED:27708008
YBR002C	YJR112W	RER2	NNF1	Positive Genetic	genetic	PUBMED:27708008
YBR002C	YNL102W	RER2	POL1	Positive Genetic	genetic	PUBMED:27708008
YBR002C	YNL126W	RER2	SPC98	Positive Genetic	genetic	PUBMED:27708008
YBR002C	YNR026C	RER2	SEC12	Positive Genetic	genetic	PUBMED:27708008
YBR002C	YOL034W	RER2	SMC5	Positive Genetic	genetic	PUBMED:27708008
YBR002C	YOR122C	RER2	PFY1	Positive Genetic	genetic	PUBMED:27708008
YBR002C	YOR157C	RER2	PUP1	Positive Genetic	genetic	PUBMED:27708008
YBR002C	YOR259C	RER2	RPT4	Positive Genetic	genetic	PUBMED:27708008
YBR002C	YOR335C	RER2	ALA1	Positive Genetic	genetic	PUBMED:27708008
YBR002C	YPL233W	RER2	NSL1	Positive Genetic	genetic	PUBMED:27708008
YBR002C	YPR108W	RER2	RPN7	Positive Genetic	genetic	PUBMED:27708008
YBR038W	YDR081C	CHS2	PDC2	Positive Genetic	genetic	PUBMED:27708008
YBR038W	YFR052W	CHS2	RPN12	Positive Genetic	genetic	PUBMED:27708008
YBR038W	YHR118C	CHS2	ORC6	Positive Genetic	genetic	PUBMED:27708008
YBR038W	YMR281W	CHS2	GPI12	Positive Genetic	genetic	PUBMED:27708008
YBR038W	YOR250C	CHS2	CLP1	Positive Genetic	genetic	PUBMED:27708008
YBR060C	YKL035W	ORC2	UGP1	Positive Genetic	genetic	PUBMED:27708008
YBR060C	YML125C	ORC2	PGA3	Positive Genetic	genetic	PUBMED:27708008
YBR080C	YLR305C	SEC18	STT4	Positive Genetic	genetic	PUBMED:27708008
YBR156C	YLL031C	SLI15	GPI13	Positive Genetic	genetic	PUBMED:27708008
YCL017C	YAL038W	NFS1	CDC19	Positive Genetic	genetic	PUBMED:27708008
YCL017C	YLR305C	NFS1	STT4	Positive Genetic	genetic	PUBMED:27708008
YDL028C	YKL035W	MPS1	UGP1	Positive Genetic	genetic	PUBMED:27708008
YDL097C	YDR302W	RPN6	GPI11	Positive Genetic	genetic	PUBMED:27708008
YDL102W	YLL031C	POL3	GPI13	Positive Genetic	genetic	PUBMED:27708008
YDL126C	YDR302W	CDC48	GPI11	Positive Genetic	genetic	PUBMED:27708008
YDL145C	YAL038W	COP1	CDC19	Positive Genetic	genetic	PUBMED:27708008
YDL193W	YDR302W	NUS1	GPI11	Positive Genetic	genetic	PUBMED:27708008
YDR088C	YLL031C	SLU7	GPI13	Positive Genetic	genetic	PUBMED:27708008
YDR302W	YJR093C	GPI11	FIP1	Positive Genetic	genetic	PUBMED:27708008
YEL034W	YLR305C	HYP2	STT4	Positive Genetic	genetic	PUBMED:27708008
YEL034W	YDR302W	HYP2	GPI11	Positive Genetic	genetic	PUBMED:27708008
YFL034C-B	YLL031C	MOB2	GPI13	Positive Genetic	genetic	PUBMED:27708008
YFL039C	YLR305C	ACT1	STT4	Positive Genetic	genetic	PUBMED:27708008
YFL039C	YLR305C	ACT1	STT4	Negative Genetic	genetic	PUBMED:27708008
YGL073W	YDR302W	HSF1	GPI11	Positive Genetic	genetic	PUBMED:27708008
YGL122C	YKL035W	NAB2	UGP1	Positive Genetic	genetic	PUBMED:27708008
YGR113W	YAL038W	DAM1	CDC19	Positive Genetic	genetic	PUBMED:27708008
YGR156W	YAL038W	PTI1	CDC19	Positive Genetic	genetic	PUBMED:27708008
YIR022W	YDR302W	SEC11	GPI11	Positive Genetic	genetic	PUBMED:27708008
YJL031C	YLL031C	BET4	GPI13	Positive Genetic	genetic	PUBMED:27708008
YJL031C	YDR302W	BET4	GPI11	Positive Genetic	genetic	PUBMED:27708008
YJR017C	YML125C	ESS1	PGA3	Positive Genetic	genetic	PUBMED:27708008
YJR076C	YAL038W	CDC11	CDC19	Positive Genetic	genetic	PUBMED:27708008
YKL035W	YDR188W	UGP1	CCT6	Positive Genetic	genetic	PUBMED:27708008
YLL031C	YHR164C	GPI13	DNA2	Positive Genetic	genetic	PUBMED:27708008
YLL031C	YDR212W	GPI13	TCP1	Positive Genetic	genetic	PUBMED:27708008
YLL031C	YER094C	GPI13	PUP3	Positive Genetic	genetic	PUBMED:27708008
YLL031C	YFR004W	GPI13	RPN11	Positive Genetic	genetic	PUBMED:27708008
YLL031C	YGL048C	GPI13	RPT6	Positive Genetic	genetic	PUBMED:27708008
YLL031C	YHR027C	GPI13	RPN1	Positive Genetic	genetic	PUBMED:27708008
YLL031C	YJR093C	GPI13	FIP1	Positive Genetic	genetic	PUBMED:27708008
YLL031C	YKL145W	GPI13	RPT1	Positive Genetic	genetic	PUBMED:27708008
YLL031C	YMR112C	GPI13	MED11	Positive Genetic	genetic	PUBMED:27708008
YLL031C	YPR103W	GPI13	PRE2	Positive Genetic	genetic	PUBMED:27708008
YLR175W	YLL031C	CBF5	GPI13	Positive Genetic	genetic	PUBMED:27708008
YML125C	YKL024C	PGA3	URA6	Positive Genetic	genetic	PUBMED:27708008
YMR117C	YLL031C	SPC24	GPI13	Positive Genetic	genetic	PUBMED:27708008
YMR240C	YLL031C	CUS1	GPI13	Positive Genetic	genetic	PUBMED:27708008
YNL113W	YLL031C	RPC19	GPI13	Positive Genetic	genetic	PUBMED:27708008
YNL172W	YDR302W	APC1	GPI11	Positive Genetic	genetic	PUBMED:27708008
YNL172W	YLR305C	APC1	STT4	Positive Genetic	genetic	PUBMED:27708008
YNL181W	YDR302W	YNL181W	GPI11	Positive Genetic	genetic	PUBMED:27708008
YNL189W	YDR302W	SRP1	GPI11	Positive Genetic	genetic	PUBMED:27708008
YNL312W	YDR302W	RFA2	GPI11	Positive Genetic	genetic	PUBMED:27708008
YOL078W	YAL038W	AVO1	CDC19	Positive Genetic	genetic	PUBMED:27708008
YOR259C	YDR302W	RPT4	GPI11	Positive Genetic	genetic	PUBMED:27708008
YOR353C	YLL031C	SOG2	GPI13	Positive Genetic	genetic	PUBMED:27708008
YPL228W	YKL035W	CET1	UGP1	Positive Genetic	genetic	PUBMED:27708008
YPR108W	YLR305C	RPN7	STT4	Positive Genetic	genetic	PUBMED:27708008
YPR161C	YDR302W	SGV1	GPI11	Positive Genetic	genetic	PUBMED:27708008
YAL038W	YLR193C	CDC19	UPS1	Positive Genetic	genetic	PUBMED:27708008
YAR019C	YPL036W	CDC15	PMA2	Positive Genetic	genetic	PUBMED:27708008
YBR002C	YAL048C	RER2	GEM1	Positive Genetic	genetic	PUBMED:27708008
YBR002C	YBR258C	RER2	SHG1	Positive Genetic	genetic	PUBMED:27708008
YBR002C	YCR063W	RER2	BUD31	Positive Genetic	genetic	PUBMED:27708008
YBR002C	YDR108W	RER2	TRS85	Positive Genetic	genetic	PUBMED:27708008
YBR002C	YER048C	RER2	CAJ1	Positive Genetic	genetic	PUBMED:27708008
YBR002C	YER111C	RER2	SWI4	Positive Genetic	genetic	PUBMED:27708008
YBR002C	YER153C	RER2	PET122	Positive Genetic	genetic	PUBMED:27708008
YBR002C	YFR040W	RER2	SAP155	Positive Genetic	genetic	PUBMED:27708008
YBR002C	YGL066W	RER2	SGF73	Positive Genetic	genetic	PUBMED:27708008
YBR002C	YGR184C	RER2	UBR1	Positive Genetic	genetic	PUBMED:27708008
YBR002C	YHR041C	RER2	SRB2	Positive Genetic	genetic	PUBMED:27708008
YBR002C	YHR046C	RER2	INM1	Positive Genetic	genetic	PUBMED:27708008
YBR002C	YIL084C	RER2	SDS3	Positive Genetic	genetic	PUBMED:27708008
YBR002C	YJL115W	RER2	ASF1	Positive Genetic	genetic	PUBMED:27708008
YBR002C	YLR182W	RER2	SWI6	Positive Genetic	genetic	PUBMED:27708008
YBR002C	YLR370C	RER2	ARC18	Positive Genetic	genetic	PUBMED:27708008
YBR002C	YML016C	RER2	PPZ1	Positive Genetic	genetic	PUBMED:27708008
YBR002C	YMR269W	RER2	TMA23	Positive Genetic	genetic	PUBMED:27708008
YBR002C	YMR272C	RER2	SCS7	Positive Genetic	genetic	PUBMED:27708008
YBR002C	YNL080C	RER2	EOS1	Positive Genetic	genetic	PUBMED:27708008
YBR002C	YOL004W	RER2	SIN3	Positive Genetic	genetic	PUBMED:27708008
YBR002C	YOR080W	RER2	DIA2	Positive Genetic	genetic	PUBMED:27708008
YBR002C	YOR270C	RER2	VPH1	Positive Genetic	genetic	PUBMED:27708008
YBR002C	YOR275C	RER2	RIM20	Positive Genetic	genetic	PUBMED:27708008
YBR002C	YPL125W	RER2	KAP120	Positive Genetic	genetic	PUBMED:27708008
YBR002C	YPL157W	RER2	TGS1	Positive Genetic	genetic	PUBMED:27708008
YBR002C	YPL158C	RER2	AIM44	Positive Genetic	genetic	PUBMED:27708008
YBR038W	YDR150W	CHS2	NUM1	Positive Genetic	genetic	PUBMED:27708008
YBR038W	YDR207C	CHS2	UME6	Positive Genetic	genetic	PUBMED:27708008
YBR038W	YGL136C	CHS2	MRM2	Positive Genetic	genetic	PUBMED:27708008
YBR038W	YLR065C	CHS2	ENV10	Positive Genetic	genetic	PUBMED:27708008
YBR038W	YLR193C	CHS2	UPS1	Positive Genetic	genetic	PUBMED:27708008
YBR038W	YPR024W	CHS2	YME1	Positive Genetic	genetic	PUBMED:27708008
YBR049C	YOR347C	REB1	PYK2	Positive Genetic	genetic	PUBMED:27708008
YBR049C	YPL036W	REB1	PMA2	Positive Genetic	genetic	PUBMED:27708008
YBR193C	YJR069C	MED8	HAM1	Positive Genetic	genetic	PUBMED:27708008
YBR193C	YPL036W	MED8	PMA2	Positive Genetic	genetic	PUBMED:27708008
YBR193C	YPL036W	MED8	PMA2	Negative Genetic	genetic	PUBMED:27708008
YBR252W	YNL080C	DUT1	EOS1	Positive Genetic	genetic	PUBMED:27708008
YBR252W	YOL004W	DUT1	SIN3	Positive Genetic	genetic	PUBMED:27708008
YCR093W	YKR039W	CDC39	GAP1	Positive Genetic	genetic	PUBMED:27708008
YDL097C	YKL150W	RPN6	MCR1	Positive Genetic	genetic	PUBMED:27708008
YDL108W	YPL036W	KIN28	PMA2	Positive Genetic	genetic	PUBMED:27708008
YDL195W	YKR039W	SEC31	GAP1	Positive Genetic	genetic	PUBMED:27708008
YDR086C	YPL036W	SSS1	PMA2	Positive Genetic	genetic	PUBMED:27708008
YDR301W	YKL150W	CFT1	MCR1	Positive Genetic	genetic	PUBMED:27708008
YDR302W	YAL011W	GPI11	SWC3	Positive Genetic	genetic	PUBMED:27708008
YDR302W	YAL026C	GPI11	DRS2	Positive Genetic	genetic	PUBMED:27708008
YDR302W	YAL046C	GPI11	AIM1	Positive Genetic	genetic	PUBMED:27708008
YDR302W	YBL007C	GPI11	SLA1	Positive Genetic	genetic	PUBMED:27708008
YDR302W	YBL010C	GPI11	YBL010C	Positive Genetic	genetic	PUBMED:27708008
YDR302W	YBR031W	GPI11	RPL4A	Positive Genetic	genetic	PUBMED:27708008
YDR302W	YBR034C	GPI11	HMT1	Positive Genetic	genetic	PUBMED:27708008
YDR302W	YBR058C	GPI11	UBP14	Positive Genetic	genetic	PUBMED:27708008
YDR302W	YBR082C	GPI11	UBC4	Positive Genetic	genetic	PUBMED:27708008
YDR302W	YBR105C	GPI11	VID24	Positive Genetic	genetic	PUBMED:27708008
YDR302W	YBR131W	GPI11	CCZ1	Positive Genetic	genetic	PUBMED:27708008
YDR302W	YBR162W-A	GPI11	YSY6	Positive Genetic	genetic	PUBMED:27708008
YDR302W	YBR201W	GPI11	DER1	Positive Genetic	genetic	PUBMED:27708008
YDR302W	YCL016C	GPI11	DCC1	Positive Genetic	genetic	PUBMED:27708008
YDR302W	YCL024W	GPI11	KCC4	Positive Genetic	genetic	PUBMED:27708008
YDR302W	YCL044C	GPI11	MGR1	Positive Genetic	genetic	PUBMED:27708008
YDR302W	YCR020C-A	GPI11	MAK31	Positive Genetic	genetic	PUBMED:27708008
YDR302W	YCR033W	GPI11	SNT1	Positive Genetic	genetic	PUBMED:27708008
YDR302W	YCR077C	GPI11	PAT1	Positive Genetic	genetic	PUBMED:27708008
YDR302W	YDL020C	GPI11	RPN4	Positive Genetic	genetic	PUBMED:27708008
YDR302W	YDL099W	GPI11	BUG1	Positive Genetic	genetic	PUBMED:27708008
YDR302W	YDL134C	GPI11	PPH21	Positive Genetic	genetic	PUBMED:27708008
YDR302W	YDL157C	GPI11	YDL157C	Positive Genetic	genetic	PUBMED:27708008
YDR302W	YDR444W	GPI11	YDR444W	Positive Genetic	genetic	PUBMED:27708008
YDR302W	YER078C	GPI11	ICP55	Positive Genetic	genetic	PUBMED:27708008
YDR302W	YER091C	GPI11	MET6	Positive Genetic	genetic	PUBMED:27708008
YDR302W	YER120W	GPI11	SCS2	Positive Genetic	genetic	PUBMED:27708008
YDR302W	YFL028C	GPI11	CAF16	Positive Genetic	genetic	PUBMED:27708008
YDR302W	YGL014W	GPI11	PUF4	Positive Genetic	genetic	PUBMED:27708008
YDR302W	YGL019W	GPI11	CKB1	Positive Genetic	genetic	PUBMED:27708008
YDR302W	YGL023C	GPI11	PIB2	Positive Genetic	genetic	PUBMED:27708008
YDR302W	YGL126W	GPI11	SCS3	Positive Genetic	genetic	PUBMED:27708008
YDR302W	YGL163C	GPI11	RAD54	Positive Genetic	genetic	PUBMED:27708008
YDR302W	YGL211W	GPI11	NCS6	Positive Genetic	genetic	PUBMED:27708008
YDR302W	YGL219C	GPI11	MDM34	Positive Genetic	genetic	PUBMED:27708008
YDR302W	YGL258W	GPI11	VEL1	Positive Genetic	genetic	PUBMED:27708008
YDR302W	YGR089W	GPI11	NNF2	Positive Genetic	genetic	PUBMED:27708008
YDR302W	YGR105W	GPI11	VMA21	Positive Genetic	genetic	PUBMED:27708008
YDR302W	YGR135W	GPI11	PRE9	Positive Genetic	genetic	PUBMED:27708008
YDR302W	YGR157W	GPI11	CHO2	Positive Genetic	genetic	PUBMED:27708008
YDR302W	YGR178C	GPI11	PBP1	Positive Genetic	genetic	PUBMED:27708008
YDR302W	YHR031C	GPI11	RRM3	Positive Genetic	genetic	PUBMED:27708008
YDR302W	YHR073W	GPI11	OSH3	Positive Genetic	genetic	PUBMED:27708008
YDR302W	YHR158C	GPI11	KEL1	Positive Genetic	genetic	PUBMED:27708008
YDR302W	YHR178W	GPI11	STB5	Positive Genetic	genetic	PUBMED:27708008
YDR302W	YHR191C	GPI11	CTF8	Positive Genetic	genetic	PUBMED:27708008
YDR302W	YHR200W	GPI11	RPN10	Positive Genetic	genetic	PUBMED:27708008
YDR302W	YIL030C	GPI11	SSM4	Positive Genetic	genetic	PUBMED:27708008
YDR302W	YIR005W	GPI11	IST3	Positive Genetic	genetic	PUBMED:27708008
YDR302W	YJL062W	GPI11	LAS21	Positive Genetic	genetic	PUBMED:27708008
YDR302W	YJL124C	GPI11	LSM1	Positive Genetic	genetic	PUBMED:27708008
YDR302W	YJL148W	GPI11	RPA34	Positive Genetic	genetic	PUBMED:27708008
YDR302W	YJL204C	GPI11	RCY1	Positive Genetic	genetic	PUBMED:27708008
YDR302W	YJL205C	GPI11	NCE101	Positive Genetic	genetic	PUBMED:27708008
YDR302W	YJR044C	GPI11	VPS55	Positive Genetic	genetic	PUBMED:27708008
YDR302W	YJR106W	GPI11	ECM27	Positive Genetic	genetic	PUBMED:27708008
YDR302W	YKL046C	GPI11	DCW1	Positive Genetic	genetic	PUBMED:27708008
YDR302W	YKL081W	GPI11	TEF4	Positive Genetic	genetic	PUBMED:27708008
YDR302W	YKL098W	GPI11	MTC2	Positive Genetic	genetic	PUBMED:27708008
YDR302W	YKL160W	GPI11	ELF1	Positive Genetic	genetic	PUBMED:27708008
YDR302W	YKR042W	GPI11	UTH1	Positive Genetic	genetic	PUBMED:27708008
YDR302W	YLL040C	GPI11	VPS13	Positive Genetic	genetic	PUBMED:27708008
YDR302W	YLR079W	GPI11	SIC1	Positive Genetic	genetic	PUBMED:27708008
YDR302W	YLR085C	GPI11	ARP6	Positive Genetic	genetic	PUBMED:27708008
YDR302W	YLR120C	GPI11	YPS1	Positive Genetic	genetic	PUBMED:27708008
YDR302W	YLR192C	GPI11	HCR1	Positive Genetic	genetic	PUBMED:27708008
YDR302W	YLR320W	GPI11	MMS22	Positive Genetic	genetic	PUBMED:27708008
YDR302W	YLR335W	GPI11	NUP2	Positive Genetic	genetic	PUBMED:27708008
YDR302W	YLR342W	GPI11	FKS1	Positive Genetic	genetic	PUBMED:27708008
YDR302W	YLR407W	GPI11	YLR407W	Positive Genetic	genetic	PUBMED:27708008
YDR302W	YLR410W	GPI11	VIP1	Positive Genetic	genetic	PUBMED:27708008
YDR302W	YLR420W	GPI11	URA4	Positive Genetic	genetic	PUBMED:27708008
YDR302W	YLR426W	GPI11	TDA5	Positive Genetic	genetic	PUBMED:27708008
YDR302W	YML029W	GPI11	USA1	Positive Genetic	genetic	PUBMED:27708008
YDR302W	YML034W	GPI11	SRC1	Positive Genetic	genetic	PUBMED:27708008
YDR302W	YML055W	GPI11	SPC2	Positive Genetic	genetic	PUBMED:27708008
YDR302W	YMR010W	GPI11	YMR010W	Positive Genetic	genetic	PUBMED:27708008
YDR302W	YMR039C	GPI11	SUB1	Positive Genetic	genetic	PUBMED:27708008
YDR302W	YMR048W	GPI11	CSM3	Positive Genetic	genetic	PUBMED:27708008
YDR302W	YMR067C	GPI11	UBX4	Positive Genetic	genetic	PUBMED:27708008
YDR302W	YMR269W	GPI11	TMA23	Positive Genetic	genetic	PUBMED:27708008
YDR302W	YMR276W	GPI11	DSK2	Positive Genetic	genetic	PUBMED:27708008
YDR302W	YMR300C	GPI11	ADE4	Positive Genetic	genetic	PUBMED:27708008
YDR302W	YNL004W	GPI11	HRB1	Positive Genetic	genetic	PUBMED:27708008
YDR302W	YNL012W	GPI11	SPO1	Positive Genetic	genetic	PUBMED:27708008
YDR302W	YNL027W	GPI11	CRZ1	Positive Genetic	genetic	PUBMED:27708008
YDR302W	YNL031C	GPI11	HHT2	Positive Genetic	genetic	PUBMED:27708008
YDR302W	YNL080C	GPI11	EOS1	Positive Genetic	genetic	PUBMED:27708008
YDR302W	YNL085W	GPI11	MKT1	Positive Genetic	genetic	PUBMED:27708008
YDR302W	YNL140C	GPI11	YNL140C	Positive Genetic	genetic	PUBMED:27708008
YDR302W	YNL141W	GPI11	AAH1	Positive Genetic	genetic	PUBMED:27708008
YDR302W	YNR019W	GPI11	ARE2	Positive Genetic	genetic	PUBMED:27708008
YDR302W	YNR020C	GPI11	ATP23	Positive Genetic	genetic	PUBMED:27708008
YDR302W	YNR047W	GPI11	FPK1	Positive Genetic	genetic	PUBMED:27708008
YDR302W	YNR048W	GPI11	YNR048W	Positive Genetic	genetic	PUBMED:27708008
YDR302W	YOL001W	GPI11	PHO80	Positive Genetic	genetic	PUBMED:27708008
YDR302W	YOL006C	GPI11	TOP1	Positive Genetic	genetic	PUBMED:27708008
YDR302W	YOL013C	GPI11	HRD1	Positive Genetic	genetic	PUBMED:27708008
YDR302W	YOL028C	GPI11	YAP7	Positive Genetic	genetic	PUBMED:27708008
YDR302W	YOL047C	GPI11	LDS2	Positive Genetic	genetic	PUBMED:27708008
YDR302W	YOL052C	GPI11	SPE2	Positive Genetic	genetic	PUBMED:27708008
YDR302W	YOL068C	GPI11	HST1	Positive Genetic	genetic	PUBMED:27708008
YDR302W	YOL107W	GPI11	YOL107W	Positive Genetic	genetic	PUBMED:27708008
YDR302W	YOR045W	GPI11	TOM6	Positive Genetic	genetic	PUBMED:27708008
YDR302W	YOR059C	GPI11	LPL1	Positive Genetic	genetic	PUBMED:27708008
YDR302W	YOR083W	GPI11	WHI5	Positive Genetic	genetic	PUBMED:27708008
YDR302W	YOR142W	GPI11	LSC1	Positive Genetic	genetic	PUBMED:27708008
YDR302W	YOR173W	GPI11	DCS2	Positive Genetic	genetic	PUBMED:27708008
YDR302W	YOR196C	GPI11	LIP5	Positive Genetic	genetic	PUBMED:27708008
YDR302W	YOR246C	GPI11	ENV9	Positive Genetic	genetic	PUBMED:27708008
YDR302W	YOR270C	GPI11	VPH1	Positive Genetic	genetic	PUBMED:27708008
YDR302W	YOR322C	GPI11	LDB19	Positive Genetic	genetic	PUBMED:27708008
YDR302W	YOR350C	GPI11	MNE1	Positive Genetic	genetic	PUBMED:27708008
YDR302W	YOR360C	GPI11	PDE2	Positive Genetic	genetic	PUBMED:27708008
YDR302W	YPL069C	GPI11	BTS1	Positive Genetic	genetic	PUBMED:27708008
YDR302W	YPL081W	GPI11	RPS9A	Positive Genetic	genetic	PUBMED:27708008
YDR302W	YPL086C	GPI11	ELP3	Positive Genetic	genetic	PUBMED:27708008
YDR302W	YPL177C	GPI11	CUP9	Positive Genetic	genetic	PUBMED:27708008
YDR302W	YPL179W	GPI11	PPQ1	Positive Genetic	genetic	PUBMED:27708008
YDR302W	YPL260W	GPI11	YPL260W	Positive Genetic	genetic	PUBMED:27708008
YDR302W	YPR138C	GPI11	MEP3	Positive Genetic	genetic	PUBMED:27708008
YDR376W	YCR075C	ARH1	ERS1	Positive Genetic	genetic	PUBMED:27708008
YDR464W	YBR023C	SPP41	CHS3	Positive Genetic	genetic	PUBMED:27708008
YEL032W	YMR056C	MCM3	AAC1	Positive Genetic	genetic	PUBMED:27708008
YEL034W	YKR039W	HYP2	GAP1	Positive Genetic	genetic	PUBMED:27708008
YEL034W	YMR101C	HYP2	SRT1	Positive Genetic	genetic	PUBMED:27708008
YER025W	YBR069C	GCD11	TAT1	Positive Genetic	genetic	PUBMED:27708008
YER025W	YKL150W	GCD11	MCR1	Positive Genetic	genetic	PUBMED:27708008
YER147C	YPL036W	SCC4	PMA2	Positive Genetic	genetic	PUBMED:27708008
YER165W	YKL150W	PAB1	MCR1	Positive Genetic	genetic	PUBMED:27708008
YFL002C	YKR039W	SPB4	GAP1	Positive Genetic	genetic	PUBMED:27708008
YFL022C	YOR347C	FRS2	PYK2	Positive Genetic	genetic	PUBMED:27708008
YFL037W	YBR023C	TUB2	CHS3	Positive Genetic	genetic	PUBMED:27708008
YFR004W	YPL036W	RPN11	PMA2	Positive Genetic	genetic	PUBMED:27708008
YGL008C	YKL139W	PMA1	CTK1	Positive Genetic	genetic	PUBMED:27708008
YGL111W	YKL150W	NSA1	MCR1	Positive Genetic	genetic	PUBMED:27708008
YGR024C	YPL036W	THG1	PMA2	Positive Genetic	genetic	PUBMED:27708008
YHR036W	YKR039W	BRL1	GAP1	Positive Genetic	genetic	PUBMED:27708008
YHR101C	YBR023C	BIG1	CHS3	Positive Genetic	genetic	PUBMED:27708008
YHR188C	YKR039W	GPI16	GAP1	Positive Genetic	genetic	PUBMED:27708008
YIL129C	YKL150W	TAO3	MCR1	Positive Genetic	genetic	PUBMED:27708008
YJR065C	YHL012W	ARP3	YHL012W	Positive Genetic	genetic	PUBMED:27708008
YJR065C	YJL100W	ARP3	LSB6	Positive Genetic	genetic	PUBMED:27708008
YKL021C	YCR024C-A	MAK11	PMP1	Positive Genetic	genetic	PUBMED:27708008
YKL035W	YCR063W	UGP1	BUD31	Positive Genetic	genetic	PUBMED:27708008
YKL035W	YGR271W	UGP1	SLH1	Positive Genetic	genetic	PUBMED:27708008
YKL035W	YHR057C	UGP1	CPR2	Positive Genetic	genetic	PUBMED:27708008
YKL035W	YJR066W	UGP1	TOR1	Positive Genetic	genetic	PUBMED:27708008
YKL035W	YLR011W	UGP1	LOT6	Positive Genetic	genetic	PUBMED:27708008
YKL035W	YOR028C	UGP1	CIN5	Positive Genetic	genetic	PUBMED:27708008
YKL035W	YPR021C	UGP1	AGC1	Positive Genetic	genetic	PUBMED:27708008
YKL144C	YCR024C-A	RPC25	PMP1	Positive Genetic	genetic	PUBMED:27708008
YKL145W	YCR024C-A	RPT1	PMP1	Positive Genetic	genetic	PUBMED:27708008
YKR062W	YCR024C-A	TFA2	PMP1	Positive Genetic	genetic	PUBMED:27708008
YLL031C	YAR003W	GPI13	SWD1	Positive Genetic	genetic	PUBMED:27708008
YLL031C	YAR035W	GPI13	YAT1	Positive Genetic	genetic	PUBMED:27708008
YLL031C	YBL021C	GPI13	HAP3	Positive Genetic	genetic	PUBMED:27708008
YLL031C	YCL032W	GPI13	STE50	Positive Genetic	genetic	PUBMED:27708008
YLL031C	YCL032W	GPI13	STE50	Negative Genetic	genetic	PUBMED:27708008
YLL031C	YDL121C	GPI13	YDL121C	Positive Genetic	genetic	PUBMED:27708008
YLL031C	YDR297W	GPI13	SUR2	Positive Genetic	genetic	PUBMED:27708008
YLL031C	YDR334W	GPI13	SWR1	Positive Genetic	genetic	PUBMED:27708008
YLL031C	YFR038W	GPI13	IRC5	Positive Genetic	genetic	PUBMED:27708008
YLL031C	YHR204W	GPI13	MNL1	Positive Genetic	genetic	PUBMED:27708008
YLL031C	YJL089W	GPI13	SIP4	Positive Genetic	genetic	PUBMED:27708008
YLL031C	YJR011C	GPI13	YJR011C	Positive Genetic	genetic	PUBMED:27708008
YLL031C	YKR052C	GPI13	MRS4	Positive Genetic	genetic	PUBMED:27708008
YLL031C	YLR452C	GPI13	SST2	Positive Genetic	genetic	PUBMED:27708008
YLL031C	YNL076W	GPI13	MKS1	Positive Genetic	genetic	PUBMED:27708008
YLL031C	YNL147W	GPI13	LSM7	Positive Genetic	genetic	PUBMED:27708008
YLL031C	YNR049C	GPI13	MSO1	Positive Genetic	genetic	PUBMED:27708008
YLL031C	YOR196C	GPI13	LIP5	Positive Genetic	genetic	PUBMED:27708008
YLL031C	YPR032W	GPI13	SRO7	Positive Genetic	genetic	PUBMED:27708008
YLL031C	YAL026C	GPI13	DRS2	Positive Genetic	genetic	PUBMED:27708008
YLL031C	YFR018C	GPI13	YFR018C	Positive Genetic	genetic	PUBMED:27708008
YLL031C	YGR105W	GPI13	VMA21	Positive Genetic	genetic	PUBMED:27708008
YLL031C	YHR004C	GPI13	NEM1	Positive Genetic	genetic	PUBMED:27708008
YLL031C	YIL023C	GPI13	YKE4	Positive Genetic	genetic	PUBMED:27708008
YLL031C	YJL204C	GPI13	RCY1	Positive Genetic	genetic	PUBMED:27708008
YLL031C	YJR060W	GPI13	CBF1	Positive Genetic	genetic	PUBMED:27708008
YLL031C	YMR202W	GPI13	ERG2	Positive Genetic	genetic	PUBMED:27708008
YLL031C	YMR269W	GPI13	TMA23	Positive Genetic	genetic	PUBMED:27708008
YLL031C	YMR272C	GPI13	SCS7	Positive Genetic	genetic	PUBMED:27708008
YLL031C	YPL069C	GPI13	BTS1	Positive Genetic	genetic	PUBMED:27708008
YLL031C	YBL019W	GPI13	APN2	Positive Genetic	genetic	PUBMED:27708008
YLL031C	YBL079W	GPI13	NUP170	Positive Genetic	genetic	PUBMED:27708008
YLL031C	YBL104C	GPI13	SEA4	Positive Genetic	genetic	PUBMED:27708008
YLL031C	YBR057C	GPI13	MUM2	Positive Genetic	genetic	PUBMED:27708008
YLL031C	YBR076W	GPI13	ECM8	Positive Genetic	genetic	PUBMED:27708008
YLL031C	YBR082C	GPI13	UBC4	Positive Genetic	genetic	PUBMED:27708008
YLL031C	YBR098W	GPI13	MMS4	Positive Genetic	genetic	PUBMED:27708008
YLL031C	YBR105C	GPI13	VID24	Positive Genetic	genetic	PUBMED:27708008
YLL031C	YBR131W	GPI13	CCZ1	Positive Genetic	genetic	PUBMED:27708008
YLL031C	YBR201W	GPI13	DER1	Positive Genetic	genetic	PUBMED:27708008
YLL031C	YBR215W	GPI13	HPC2	Positive Genetic	genetic	PUBMED:27708008
YLL031C	YCR033W	GPI13	SNT1	Positive Genetic	genetic	PUBMED:27708008
YLL031C	YCR033W	GPI13	SNT1	Negative Genetic	genetic	PUBMED:27708008
YLL031C	YCR034W	GPI13	ELO2	Positive Genetic	genetic	PUBMED:27708008
YLL031C	YCR077C	GPI13	PAT1	Positive Genetic	genetic	PUBMED:27708008
YLL031C	YDL002C	GPI13	NHP10	Positive Genetic	genetic	PUBMED:27708008
YLL031C	YDL020C	GPI13	RPN4	Positive Genetic	genetic	PUBMED:27708008
YLL031C	YDR057W	GPI13	YOS9	Positive Genetic	genetic	PUBMED:27708008
YLL031C	YDR074W	GPI13	TPS2	Positive Genetic	genetic	PUBMED:27708008
YLL031C	YDR077W	GPI13	SED1	Positive Genetic	genetic	PUBMED:27708008
YLL031C	YDR127W	GPI13	ARO1	Positive Genetic	genetic	PUBMED:27708008
YLL031C	YDR146C	GPI13	SWI5	Positive Genetic	genetic	PUBMED:27708008
YLL031C	YDR150W	GPI13	NUM1	Positive Genetic	genetic	PUBMED:27708008
YLL031C	YDR289C	GPI13	RTT103	Positive Genetic	genetic	PUBMED:27708008
YLL031C	YDR310C	GPI13	SUM1	Positive Genetic	genetic	PUBMED:27708008
YLL031C	YDR335W	GPI13	MSN5	Positive Genetic	genetic	PUBMED:27708008
YLL031C	YDR424C	GPI13	DYN2	Positive Genetic	genetic	PUBMED:27708008
YLL031C	YDR496C	GPI13	PUF6	Positive Genetic	genetic	PUBMED:27708008
YLL031C	YDR505C	GPI13	PSP1	Positive Genetic	genetic	PUBMED:27708008
YLL031C	YER074W	GPI13	RPS24A	Positive Genetic	genetic	PUBMED:27708008
YLL031C	YER074W	GPI13	RPS24A	Negative Genetic	genetic	PUBMED:27708008
YLL031C	YER091C	GPI13	MET6	Positive Genetic	genetic	PUBMED:27708008
YLL031C	YER120W	GPI13	SCS2	Positive Genetic	genetic	PUBMED:27708008
YLL031C	YER174C	GPI13	GRX4	Positive Genetic	genetic	PUBMED:27708008
YLL031C	YER177W	GPI13	BMH1	Positive Genetic	genetic	PUBMED:27708008
YLL031C	YFL013C	GPI13	IES1	Positive Genetic	genetic	PUBMED:27708008
YLL031C	YFR009W	GPI13	GCN20	Positive Genetic	genetic	PUBMED:27708008
YLL031C	YFR010W	GPI13	UBP6	Positive Genetic	genetic	PUBMED:27708008
YLL031C	YFR010W	GPI13	UBP6	Negative Genetic	genetic	PUBMED:27708008
YLL031C	YFR048W	GPI13	RMD8	Positive Genetic	genetic	PUBMED:27708008
YLL031C	YGL014W	GPI13	PUF4	Positive Genetic	genetic	PUBMED:27708008
YLL031C	YGL023C	GPI13	PIB2	Positive Genetic	genetic	PUBMED:27708008
YLL031C	YGL045W	GPI13	RIM8	Positive Genetic	genetic	PUBMED:27708008
YLL031C	YGL168W	GPI13	HUR1	Positive Genetic	genetic	PUBMED:27708008
YLL031C	YGR202C	GPI13	PCT1	Positive Genetic	genetic	PUBMED:27708008
YLL031C	YGR270W	GPI13	YTA7	Positive Genetic	genetic	PUBMED:27708008
YLL031C	YHR073W	GPI13	OSH3	Positive Genetic	genetic	PUBMED:27708008
YLL031C	YHR167W	GPI13	THP2	Positive Genetic	genetic	PUBMED:27708008
YLL031C	YIL112W	GPI13	HOS4	Positive Genetic	genetic	PUBMED:27708008
YLL031C	YIL112W	GPI13	HOS4	Negative Genetic	genetic	PUBMED:27708008
YLL031C	YJL124C	GPI13	LSM1	Positive Genetic	genetic	PUBMED:27708008
YLL031C	YJL128C	GPI13	PBS2	Positive Genetic	genetic	PUBMED:27708008
YLL031C	YJL134W	GPI13	LCB3	Positive Genetic	genetic	PUBMED:27708008
YLL031C	YJL146W	GPI13	IDS2	Positive Genetic	genetic	PUBMED:27708008
YLL031C	YJL148W	GPI13	RPA34	Positive Genetic	genetic	PUBMED:27708008
YLL031C	YJL154C	GPI13	VPS35	Positive Genetic	genetic	PUBMED:27708008
YLL031C	YJL172W	GPI13	CPS1	Positive Genetic	genetic	PUBMED:27708008
YLL031C	YJR010C-A	GPI13	SPC1	Positive Genetic	genetic	PUBMED:27708008
YLL031C	YJR070C	GPI13	LIA1	Positive Genetic	genetic	PUBMED:27708008
YLL031C	YJR131W	GPI13	MNS1	Positive Genetic	genetic	PUBMED:27708008
YLL031C	YJR140C	GPI13	HIR3	Positive Genetic	genetic	PUBMED:27708008
YLL031C	YKL075C	GPI13	YKL075C	Positive Genetic	genetic	PUBMED:27708008
YLL031C	YML029W	GPI13	USA1	Positive Genetic	genetic	PUBMED:27708008
YLL031C	YML035C	GPI13	AMD1	Positive Genetic	genetic	PUBMED:27708008
YLL031C	YML117W	GPI13	NAB6	Positive Genetic	genetic	PUBMED:27708008
YLL031C	YMR022W	GPI13	UBC7	Positive Genetic	genetic	PUBMED:27708008
YLL031C	YMR300C	GPI13	ADE4	Positive Genetic	genetic	PUBMED:27708008
YLL031C	YNL008C	GPI13	ASI3	Positive Genetic	genetic	PUBMED:27708008
YLL031C	YNL027W	GPI13	CRZ1	Positive Genetic	genetic	PUBMED:27708008
YLL031C	YNL068C	GPI13	FKH2	Positive Genetic	genetic	PUBMED:27708008
YLL031C	YNL121C	GPI13	TOM70	Positive Genetic	genetic	PUBMED:27708008
YLL031C	YNL140C	GPI13	YNL140C	Positive Genetic	genetic	PUBMED:27708008
YLL031C	YNR006W	GPI13	VPS27	Positive Genetic	genetic	PUBMED:27708008
YLL031C	YNR019W	GPI13	ARE2	Positive Genetic	genetic	PUBMED:27708008
YLL031C	YOL001W	GPI13	PHO80	Positive Genetic	genetic	PUBMED:27708008
YLL031C	YOL006C	GPI13	TOP1	Positive Genetic	genetic	PUBMED:27708008
YLL031C	YOL039W	GPI13	RPP2A	Positive Genetic	genetic	PUBMED:27708008
YLL031C	YOL052C	GPI13	SPE2	Positive Genetic	genetic	PUBMED:27708008
YLL031C	YOL068C	GPI13	HST1	Positive Genetic	genetic	PUBMED:27708008
YLL031C	YOR038C	GPI13	HIR2	Positive Genetic	genetic	PUBMED:27708008
YLL031C	YOR059C	GPI13	LPL1	Positive Genetic	genetic	PUBMED:27708008
YLL031C	YOR061W	GPI13	CKA2	Positive Genetic	genetic	PUBMED:27708008
YLL031C	YOR214C	GPI13	SPR2	Positive Genetic	genetic	PUBMED:27708008
YLL031C	YOR255W	GPI13	OSW1	Positive Genetic	genetic	PUBMED:27708008
YLL031C	YOR275C	GPI13	RIM20	Positive Genetic	genetic	PUBMED:27708008
YLL031C	YPL056C	GPI13	LCL1	Positive Genetic	genetic	PUBMED:27708008
YLL031C	YPL068C	GPI13	YPL068C	Positive Genetic	genetic	PUBMED:27708008
YLL031C	YPL096W	GPI13	PNG1	Positive Genetic	genetic	PUBMED:27708008
YLL031C	YPL098C	GPI13	MGR2	Positive Genetic	genetic	PUBMED:27708008
YLL031C	YPL120W	GPI13	VPS30	Positive Genetic	genetic	PUBMED:27708008
YLL031C	YPL135W	GPI13	ISU1	Positive Genetic	genetic	PUBMED:27708008
YLL031C	YPL212C	GPI13	PUS1	Positive Genetic	genetic	PUBMED:27708008
YLL031C	YPL247C	GPI13	YPL247C	Positive Genetic	genetic	PUBMED:27708008
YLL031C	YPR018W	GPI13	RLF2	Positive Genetic	genetic	PUBMED:27708008
YLL031C	YPR074C	GPI13	TKL1	Positive Genetic	genetic	PUBMED:27708008
YLL031C	YPR084W	GPI13	YPR084W	Positive Genetic	genetic	PUBMED:27708008
YLL031C	YPR173C	GPI13	VPS4	Positive Genetic	genetic	PUBMED:27708008
YLL031C	YGR157W	GPI13	CHO2	Positive Genetic	genetic	PUBMED:27708008
YLL031C	YPL144W	GPI13	POC4	Positive Genetic	genetic	PUBMED:27708008
YLL035W	YBR023C	GRC3	CHS3	Positive Genetic	genetic	PUBMED:27708008
YLR305C	YER083C	STT4	GET2	Positive Genetic	genetic	PUBMED:27708008
YLR305C	YKL139W	STT4	CTK1	Positive Genetic	genetic	PUBMED:27708008
YML125C	YBR044C	PGA3	TCM62	Positive Genetic	genetic	PUBMED:27708008
YML125C	YCR063W	PGA3	BUD31	Positive Genetic	genetic	PUBMED:27708008
YML125C	YDR520C	PGA3	URC2	Positive Genetic	genetic	PUBMED:27708008
YML125C	YIL084C	PGA3	SDS3	Positive Genetic	genetic	PUBMED:27708008
YML125C	YIR005W	PGA3	IST3	Positive Genetic	genetic	PUBMED:27708008
YML125C	YJR011C	PGA3	YJR011C	Positive Genetic	genetic	PUBMED:27708008
YML125C	YMR263W	PGA3	SAP30	Positive Genetic	genetic	PUBMED:27708008
YML125C	YNR051C	PGA3	BRE5	Positive Genetic	genetic	PUBMED:27708008
YMR076C	YIL066C	PDS5	RNR3	Positive Genetic	genetic	PUBMED:27708008
YMR117C	YPL036W	SPC24	PMA2	Positive Genetic	genetic	PUBMED:27708008
YMR146C	YOR347C	TIF34	PYK2	Positive Genetic	genetic	PUBMED:27708008
YMR277W	YKL150W	FCP1	MCR1	Positive Genetic	genetic	PUBMED:27708008
YNL006W	YKR039W	LST8	GAP1	Positive Genetic	genetic	PUBMED:27708008
YNL118C	YPL036W	DCP2	PMA2	Positive Genetic	genetic	PUBMED:27708008
YNL158W	YKR039W	PGA1	GAP1	Positive Genetic	genetic	PUBMED:27708008
YNL207W	YKR039W	RIO2	GAP1	Positive Genetic	genetic	PUBMED:27708008
YNL232W	YBR023C	CSL4	CHS3	Positive Genetic	genetic	PUBMED:27708008
YOL135C	YCR024C-A	MED7	PMP1	Positive Genetic	genetic	PUBMED:27708008
YOL149W	YKR039W	DCP1	GAP1	Positive Genetic	genetic	PUBMED:27708008
YOR353C	YKL150W	SOG2	MCR1	Positive Genetic	genetic	PUBMED:27708008
YPL011C	YKL150W	TAF3	MCR1	Positive Genetic	genetic	PUBMED:27708008
YPR094W	YKR039W	RDS3	GAP1	Positive Genetic	genetic	PUBMED:27708008
YPR112C	YKR039W	MRD1	GAP1	Positive Genetic	genetic	PUBMED:27708008
YPR137W	YKL150W	RRP9	MCR1	Positive Genetic	genetic	PUBMED:27708008
YPR143W	YKL150W	RRP15	MCR1	Positive Genetic	genetic	PUBMED:27708008
YPR161C	YKL150W	SGV1	MCR1	Positive Genetic	genetic	PUBMED:27708008
YPR180W	YKL150W	AOS1	MCR1	Positive Genetic	genetic	PUBMED:27708008
YBR085W	YDL008W	AAC3	APC11	Positive Genetic	genetic	PUBMED:27708008
YBR085W	YDL017W	AAC3	CDC7	Positive Genetic	genetic	PUBMED:27708008
YBR085W	YDR172W	AAC3	SUP35	Positive Genetic	genetic	PUBMED:27708008
YBR085W	YDR196C	AAC3	CAB5	Positive Genetic	genetic	PUBMED:27708008
YBR085W	YHR101C	AAC3	BIG1	Positive Genetic	genetic	PUBMED:27708008
YBR085W	YKL049C	AAC3	CSE4	Positive Genetic	genetic	PUBMED:27708008
YBR085W	YOR204W	AAC3	DED1	Positive Genetic	genetic	PUBMED:27708008
YCR020W-B	YLL031C	HTL1	GPI13	Positive Genetic	genetic	PUBMED:27708008
YDR293C	YLL031C	SSD1	GPI13	Positive Genetic	genetic	PUBMED:27708008
YDR293C	YML125C	SSD1	PGA3	Positive Genetic	genetic	PUBMED:27708008
YEL076C	YDR302W	YEL076C	GPI11	Positive Genetic	genetic	PUBMED:27708008
YER016W	YLL031C	BIM1	GPI13	Positive Genetic	genetic	PUBMED:27708008
YER141W	YJL194W	COX15	CDC6	Positive Genetic	genetic	PUBMED:27708008
YGR122W	YLR305C	YGR122W	STT4	Positive Genetic	genetic	PUBMED:27708008
YGR180C	YDR052C	RNR4	DBF4	Positive Genetic	genetic	PUBMED:27708008
YGR180C	YDR081C	RNR4	PDC2	Positive Genetic	genetic	PUBMED:27708008
YGR180C	YDR188W	RNR4	CCT6	Positive Genetic	genetic	PUBMED:27708008
YGR180C	YDR434W	RNR4	GPI17	Positive Genetic	genetic	PUBMED:27708008
YGR180C	YJR045C	RNR4	SSC1	Positive Genetic	genetic	PUBMED:27708008
YGR180C	YMR168C	RNR4	CEP3	Positive Genetic	genetic	PUBMED:27708008
YGR180C	YNL006W	RNR4	LST8	Positive Genetic	genetic	PUBMED:27708008
YGR180C	YOR254C	RNR4	SEC63	Positive Genetic	genetic	PUBMED:27708008
YGR180C	YPL209C	RNR4	IPL1	Positive Genetic	genetic	PUBMED:27708008
YHR011W	YDL143W	DIA4	CCT4	Positive Genetic	genetic	PUBMED:27708008
YHR011W	YOR149C	DIA4	SMP3	Positive Genetic	genetic	PUBMED:27708008
YHR098C	YML125C	SFB3	PGA3	Positive Genetic	genetic	PUBMED:27708008
YHR191C	YDR302W	CTF8	GPI11	Positive Genetic	genetic	PUBMED:27708008
YJR021C	YLL031C	REC107	GPI13	Positive Genetic	genetic	PUBMED:27708008
YLR024C	YDR302W	UBR2	GPI11	Positive Genetic	genetic	PUBMED:27708008
YLR268W	YKL035W	SEC22	UGP1	Positive Genetic	genetic	PUBMED:27708008
YLR410W	YDR302W	VIP1	GPI11	Positive Genetic	genetic	PUBMED:27708008
YLR453C	YKL035W	RIF2	UGP1	Positive Genetic	genetic	PUBMED:27708008
YML041C	YLL031C	VPS71	GPI13	Positive Genetic	genetic	PUBMED:27708008
YNL049C	YLL031C	SFB2	GPI13	Positive Genetic	genetic	PUBMED:27708008
YNL049C	YML125C	SFB2	PGA3	Positive Genetic	genetic	PUBMED:27708008
YNL054W	YAL038W	VAC7	CDC19	Positive Genetic	genetic	PUBMED:27708008
YNL215W	YDR302W	IES2	GPI11	Positive Genetic	genetic	PUBMED:27708008
YNL252C	YKL035W	MRPL17	UGP1	Positive Genetic	genetic	PUBMED:27708008
YOL018C	YDR302W	TLG2	GPI11	Positive Genetic	genetic	PUBMED:27708008
YOL081W	YDR302W	IRA2	GPI11	Positive Genetic	genetic	PUBMED:27708008
YOR123C	YDR302W	LEO1	GPI11	Positive Genetic	genetic	PUBMED:27708008
YOR147W	YKL035W	MDM32	UGP1	Positive Genetic	genetic	PUBMED:27708008
YOR347C	YDL132W	PYK2	CDC53	Positive Genetic	genetic	PUBMED:27708008
YOR360C	YDR302W	PDE2	GPI11	Positive Genetic	genetic	PUBMED:27708008
YPL101W	YDR302W	ELP4	GPI11	Positive Genetic	genetic	PUBMED:27708008
YAL061W	YPL036W	BDH2	PMA2	Positive Genetic	genetic	PUBMED:27708008
YBL071W-A	YKL150W	KTI11	MCR1	Positive Genetic	genetic	PUBMED:27708008
YBR023C	YCL010C	CHS3	SGF29	Positive Genetic	genetic	PUBMED:27708008
YBR023C	YNL141W	CHS3	AAH1	Positive Genetic	genetic	PUBMED:27708008
YBR036C	YIL043C	CSG2	CBR1	Positive Genetic	genetic	PUBMED:27708008
YBR058C-A	YKL150W	TSC3	MCR1	Positive Genetic	genetic	PUBMED:27708008
YBR084W	YJR069C	MIS1	HAM1	Positive Genetic	genetic	PUBMED:27708008
YBR085W	YDL232W	AAC3	OST4	Positive Genetic	genetic	PUBMED:27708008
YBR085W	YDR161W	AAC3	YDR161W	Positive Genetic	genetic	PUBMED:27708008
YBR085W	YDR245W	AAC3	MNN10	Positive Genetic	genetic	PUBMED:27708008
YBR085W	YER095W	AAC3	RAD51	Positive Genetic	genetic	PUBMED:27708008
YBR085W	YER166W	AAC3	DNF1	Positive Genetic	genetic	PUBMED:27708008
YBR085W	YGR231C	AAC3	PHB2	Positive Genetic	genetic	PUBMED:27708008
YBR085W	YJL183W	AAC3	MNN11	Positive Genetic	genetic	PUBMED:27708008
YBR085W	YLR429W	AAC3	CRN1	Positive Genetic	genetic	PUBMED:27708008
YBR085W	YPL226W	AAC3	NEW1	Positive Genetic	genetic	PUBMED:27708008
YBR085W	YPR121W	AAC3	THI22	Positive Genetic	genetic	PUBMED:27708008
YBR085W	YPR122W	AAC3	AXL1	Positive Genetic	genetic	PUBMED:27708008
YBR117C	YJR069C	TKL2	HAM1	Positive Genetic	genetic	PUBMED:27708008
YBR216C	YKL150W	YBP1	MCR1	Positive Genetic	genetic	PUBMED:27708008
YCL058W-A	YBR023C	ADF1	CHS3	Positive Genetic	genetic	PUBMED:27708008
YDL226C	YPL036W	GCS1	PMA2	Positive Genetic	genetic	PUBMED:27708008
YDL232W	YIL066C	OST4	RNR3	Positive Genetic	genetic	PUBMED:27708008
YDL240W	YKR039W	LRG1	GAP1	Positive Genetic	genetic	PUBMED:27708008
YDL248W	YKL150W	COS7	MCR1	Positive Genetic	genetic	PUBMED:27708008
YDR019C	YPL036W	GCV1	PMA2	Positive Genetic	genetic	PUBMED:27708008
YDR293C	YPL036W	SSD1	PMA2	Positive Genetic	genetic	PUBMED:27708008
YEL009C	YBR023C	GCN4	CHS3	Positive Genetic	genetic	PUBMED:27708008
YEL017C-A	YJR084W	PMP2	YJR084W	Positive Genetic	genetic	PUBMED:27708008
YEL036C	YKR039W	ANP1	GAP1	Positive Genetic	genetic	PUBMED:27708008
YEL051W	YJL100W	VMA8	LSB6	Positive Genetic	genetic	PUBMED:27708008
YER122C	YOR347C	GLO3	PYK2	Positive Genetic	genetic	PUBMED:27708008
YFL003C	YKR039W	MSH4	GAP1	Positive Genetic	genetic	PUBMED:27708008
YFL018C	YKR039W	LPD1	GAP1	Positive Genetic	genetic	PUBMED:27708008
YGL222C	YBR023C	EDC1	CHS3	Positive Genetic	genetic	PUBMED:27708008
YGR021W	YPL036W	YGR021W	PMA2	Positive Genetic	genetic	PUBMED:27708008
YGR180C	YML041C	RNR4	VPS71	Positive Genetic	genetic	PUBMED:27708008
YGR203W	YPL036W	YCH1	PMA2	Positive Genetic	genetic	PUBMED:27708008
YGR224W	YKL150W	AZR1	MCR1	Positive Genetic	genetic	PUBMED:27708008
YHL012W	YCR090C	YHL012W	YCR090C	Positive Genetic	genetic	PUBMED:27708008
YHL029C	YIL066C	OCA5	RNR3	Positive Genetic	genetic	PUBMED:27708008
YIL043C	YBR031W	CBR1	RPL4A	Positive Genetic	genetic	PUBMED:27708008
YIR023W	YKR039W	DAL81	GAP1	Positive Genetic	genetic	PUBMED:27708008
YJR056C	YKL150W	YJR056C	MCR1	Positive Genetic	genetic	PUBMED:27708008
YJR069C	YDL035C	HAM1	GPR1	Positive Genetic	genetic	PUBMED:27708008
YJR069C	YDR046C	HAM1	BAP3	Positive Genetic	genetic	PUBMED:27708008
YJR069C	YGL136C	HAM1	MRM2	Positive Genetic	genetic	PUBMED:27708008
YJR069C	YOL108C	HAM1	INO4	Positive Genetic	genetic	PUBMED:27708008
YJR069C	YPL178W	HAM1	CBC2	Positive Genetic	genetic	PUBMED:27708008
YKL073W	YCR024C-A	LHS1	PMP1	Positive Genetic	genetic	PUBMED:27708008
YKL150W	YOR221C	MCR1	MCT1	Positive Genetic	genetic	PUBMED:27708008
YKL150W	YPL106C	MCR1	SSE1	Positive Genetic	genetic	PUBMED:27708008
YKL157W	YJL100W	APE2	LSB6	Positive Genetic	genetic	PUBMED:27708008
YKL204W	YCR024C-A	EAP1	PMP1	Positive Genetic	genetic	PUBMED:27708008
YKR018C	YPL036W	YKR018C	PMA2	Positive Genetic	genetic	PUBMED:27708008
YKR039W	YCL025C	GAP1	AGP1	Positive Genetic	genetic	PUBMED:27708008
YKR039W	YIR023W	GAP1	DAL81	Positive Genetic	genetic	PUBMED:27708008
YLR039C	YCR024C-A	RIC1	PMP1	Positive Genetic	genetic	PUBMED:27708008
YLR180W	YPL036W	SAM1	PMA2	Positive Genetic	genetic	PUBMED:27708008
YLR231C	YPL036W	BNA5	PMA2	Positive Genetic	genetic	PUBMED:27708008
YML072C	YKL150W	TCB3	MCR1	Positive Genetic	genetic	PUBMED:27708008
YML072C	YOR347C	TCB3	PYK2	Positive Genetic	genetic	PUBMED:27708008
YMR052W	YIL066C	FAR3	RNR3	Positive Genetic	genetic	PUBMED:27708008
YMR056C	YLR182W	AAC1	SWI6	Positive Genetic	genetic	PUBMED:27708008
YMR077C	YIL066C	VPS20	RNR3	Positive Genetic	genetic	PUBMED:27708008
YMR095C	YPL036W	SNO1	PMA2	Positive Genetic	genetic	PUBMED:27708008
YMR097C	YIL066C	MTG1	RNR3	Positive Genetic	genetic	PUBMED:27708008
YMR101C	YCL025C	SRT1	AGP1	Positive Genetic	genetic	PUBMED:27708008
YMR101C	YGR197C	SRT1	SNG1	Positive Genetic	genetic	PUBMED:27708008
YMR101C	YNL076W	SRT1	MKS1	Positive Genetic	genetic	PUBMED:27708008
YMR101C	YNL130C	SRT1	CPT1	Positive Genetic	genetic	PUBMED:27708008
YMR101C	YPR173C	SRT1	VPS4	Positive Genetic	genetic	PUBMED:27708008
YMR116C	YIL066C	ASC1	RNR3	Positive Genetic	genetic	PUBMED:27708008
YMR155W	YOR347C	YMR155W	PYK2	Positive Genetic	genetic	PUBMED:27708008
YMR210W	YKL150W	YMR210W	MCR1	Positive Genetic	genetic	PUBMED:27708008
YMR242C	YBR023C	RPL20A	CHS3	Positive Genetic	genetic	PUBMED:27708008
YNL106C	YKL150W	INP52	MCR1	Positive Genetic	genetic	PUBMED:27708008
YNL334C	YPL036W	SNO2	PMA2	Positive Genetic	genetic	PUBMED:27708008
YNR021W	YIL066C	YNR021W	RNR3	Positive Genetic	genetic	PUBMED:27708008
YOL036W	YKL150W	YOL036W	MCR1	Positive Genetic	genetic	PUBMED:27708008
YOL115W	YBR023C	PAP2	CHS3	Positive Genetic	genetic	PUBMED:27708008
YOR072W-B	YPL036W	YOR072W-B	PMA2	Positive Genetic	genetic	PUBMED:27708008
YOR347C	YBR258C	PYK2	SHG1	Positive Genetic	genetic	PUBMED:27708008
YOR347C	YDL006W	PYK2	PTC1	Positive Genetic	genetic	PUBMED:27708008
YOR347C	YLL023C	PYK2	POM33	Positive Genetic	genetic	PUBMED:27708008
YPL042C	YKL150W	SSN3	MCR1	Positive Genetic	genetic	PUBMED:27708008
YPL042C	YMR056C	SSN3	AAC1	Positive Genetic	genetic	PUBMED:27708008
YPL051W	YJL100W	ARL3	LSB6	Positive Genetic	genetic	PUBMED:27708008
YPL280W	YKR039W	HSP32	GAP1	Positive Genetic	genetic	PUBMED:27708008
YPR091C	YKL150W	NVJ2	MCR1	Positive Genetic	genetic	PUBMED:27708008
YAL038W	YBL041W	CDC19	PRE7	Negative Genetic	genetic	PUBMED:27708008
YAL038W	YBR160W	CDC19	CDC28	Negative Genetic	genetic	PUBMED:27708008
YAL038W	YDR145W	CDC19	TAF12	Negative Genetic	genetic	PUBMED:27708008
YAL038W	YDR168W	CDC19	CDC37	Negative Genetic	genetic	PUBMED:27708008
YAL038W	YFL008W	CDC19	SMC1	Negative Genetic	genetic	PUBMED:27708008
YAL038W	YFL034C-B	CDC19	MOB2	Negative Genetic	genetic	PUBMED:27708008
YAL038W	YFR037C	CDC19	RSC8	Negative Genetic	genetic	PUBMED:27708008
YAL038W	YGR274C	CDC19	TAF1	Negative Genetic	genetic	PUBMED:27708008
YAL038W	YIL048W	CDC19	NEO1	Negative Genetic	genetic	PUBMED:27708008
YAL038W	YJL085W	CDC19	EXO70	Negative Genetic	genetic	PUBMED:27708008
YAL038W	YLR078C	CDC19	BOS1	Negative Genetic	genetic	PUBMED:27708008
YAL038W	YLR186W	CDC19	EMG1	Negative Genetic	genetic	PUBMED:27708008
YAL038W	YLR293C	CDC19	GSP1	Negative Genetic	genetic	PUBMED:27708008
YAL038W	YLR298C	CDC19	YHC1	Negative Genetic	genetic	PUBMED:27708008
YAL038W	YMR028W	CDC19	TAP42	Negative Genetic	genetic	PUBMED:27708008
YAL038W	YMR168C	CDC19	CEP3	Negative Genetic	genetic	PUBMED:27708008
YAL038W	YMR235C	CDC19	RNA1	Negative Genetic	genetic	PUBMED:27708008
YAL038W	YNL061W	CDC19	NOP2	Negative Genetic	genetic	PUBMED:27708008
YAL038W	YOR074C	CDC19	CDC21	Negative Genetic	genetic	PUBMED:27708008
YAL038W	YOR244W	CDC19	ESA1	Negative Genetic	genetic	PUBMED:27708008
YAL038W	YOR262W	CDC19	GPN2	Negative Genetic	genetic	PUBMED:27708008
YAL041W	YLR305C	CDC24	STT4	Negative Genetic	genetic	PUBMED:27708008
YBL020W	YLL031C	RFT1	GPI13	Negative Genetic	genetic	PUBMED:27708008
YBL020W	YLR305C	RFT1	STT4	Negative Genetic	genetic	PUBMED:27708008
YBL105C	YML125C	PKC1	PGA3	Negative Genetic	genetic	PUBMED:27708008
YBL105C	YDR302W	PKC1	GPI11	Negative Genetic	genetic	PUBMED:27708008
YBL105C	YLL031C	PKC1	GPI13	Negative Genetic	genetic	PUBMED:27708008
YBL105C	YLR305C	PKC1	STT4	Negative Genetic	genetic	PUBMED:27708008
YBR002C	YBR109C	RER2	CMD1	Negative Genetic	genetic	PUBMED:27708008
YBR002C	YDL003W	RER2	MCD1	Negative Genetic	genetic	PUBMED:27708008
YBR002C	YDL193W	RER2	NUS1	Negative Genetic	genetic	PUBMED:27708008
YBR002C	YDR086C	RER2	SSS1	Negative Genetic	genetic	PUBMED:27708008
YBR002C	YDR196C	RER2	CAB5	Negative Genetic	genetic	PUBMED:27708008
YBR002C	YDR208W	RER2	MSS4	Negative Genetic	genetic	PUBMED:27708008
YBR002C	YDR437W	RER2	GPI19	Negative Genetic	genetic	PUBMED:27708008
YBR002C	YDR454C	RER2	GUK1	Negative Genetic	genetic	PUBMED:27708008
YBR002C	YDR531W	RER2	CAB1	Negative Genetic	genetic	PUBMED:27708008
YBR002C	YER157W	RER2	COG3	Negative Genetic	genetic	PUBMED:27708008
YBR002C	YGL022W	RER2	STT3	Negative Genetic	genetic	PUBMED:27708008
YBR002C	YGL065C	RER2	ALG2	Negative Genetic	genetic	PUBMED:27708008
YBR002C	YGL142C	RER2	GPI10	Negative Genetic	genetic	PUBMED:27708008
YBR002C	YGL155W	RER2	CDC43	Negative Genetic	genetic	PUBMED:27708008
YBR002C	YGR172C	RER2	YIP1	Negative Genetic	genetic	PUBMED:27708008
YBR002C	YGR277C	RER2	CAB4	Negative Genetic	genetic	PUBMED:27708008
YBR002C	YHR007C	RER2	ERG11	Negative Genetic	genetic	PUBMED:27708008
YBR002C	YHR190W	RER2	ERG9	Negative Genetic	genetic	PUBMED:27708008
YBR002C	YJL034W	RER2	KAR2	Negative Genetic	genetic	PUBMED:27708008
YBR002C	YJL035C	RER2	TAD2	Negative Genetic	genetic	PUBMED:27708008
YBR002C	YKR081C	RER2	RPF2	Negative Genetic	genetic	PUBMED:27708008
YBR002C	YLR066W	RER2	SPC3	Negative Genetic	genetic	PUBMED:27708008
YBR002C	YLR078C	RER2	BOS1	Negative Genetic	genetic	PUBMED:27708008
YBR002C	YML126C	RER2	ERG13	Negative Genetic	genetic	PUBMED:27708008
YBR002C	YMR013C	RER2	SEC59	Negative Genetic	genetic	PUBMED:27708008
YBR002C	YMR076C	RER2	PDS5	Negative Genetic	genetic	PUBMED:27708008
YBR002C	YMR220W	RER2	ERG8	Negative Genetic	genetic	PUBMED:27708008
YBR002C	YMR229C	RER2	RRP5	Negative Genetic	genetic	PUBMED:27708008
YBR002C	YNR003C	RER2	RPC34	Negative Genetic	genetic	PUBMED:27708008
YBR002C	YNR043W	RER2	MVD1	Negative Genetic	genetic	PUBMED:27708008
YBR002C	YOL102C	RER2	TPT1	Negative Genetic	genetic	PUBMED:27708008
YBR002C	YOR149C	RER2	SMP3	Negative Genetic	genetic	PUBMED:27708008
YBR002C	YOR250C	RER2	CLP1	Negative Genetic	genetic	PUBMED:27708008
YBR002C	YPL028W	RER2	ERG10	Negative Genetic	genetic	PUBMED:27708008
YBR002C	YPR133C	RER2	SPN1	Negative Genetic	genetic	PUBMED:27708008
YBR002C	YPR183W	RER2	DPM1	Negative Genetic	genetic	PUBMED:27708008
YBR002C	YAR019C	RER2	CDC15	Negative Genetic	genetic	PUBMED:27708008
YBR002C	YCL059C	RER2	KRR1	Negative Genetic	genetic	PUBMED:27708008
YBR002C	YDL030W	RER2	PRP9	Negative Genetic	genetic	PUBMED:27708008
YBR002C	YDL102W	RER2	POL3	Negative Genetic	genetic	PUBMED:27708008
YBR002C	YDL103C	RER2	QRI1	Negative Genetic	genetic	PUBMED:27708008
YBR002C	YDL148C	RER2	NOP14	Negative Genetic	genetic	PUBMED:27708008
YBR002C	YDL207W	RER2	GLE1	Negative Genetic	genetic	PUBMED:27708008
YBR002C	YDR002W	RER2	YRB1	Negative Genetic	genetic	PUBMED:27708008
YBR002C	YDR016C	RER2	DAD1	Negative Genetic	genetic	PUBMED:27708008
YBR002C	YDR064W	RER2	RPS13	Negative Genetic	genetic	PUBMED:27708008
YBR002C	YDR088C	RER2	SLU7	Negative Genetic	genetic	PUBMED:27708008
YBR002C	YDR449C	RER2	UTP6	Negative Genetic	genetic	PUBMED:27708008
YBR002C	YDR478W	RER2	SNM1	Negative Genetic	genetic	PUBMED:27708008
YBR002C	YER125W	RER2	RSP5	Negative Genetic	genetic	PUBMED:27708008
YBR002C	YER148W	RER2	SPT15	Negative Genetic	genetic	PUBMED:27708008
YBR002C	YGL044C	RER2	RNA15	Negative Genetic	genetic	PUBMED:27708008
YBR002C	YGL073W	RER2	HSF1	Negative Genetic	genetic	PUBMED:27708008
YBR002C	YGL098W	RER2	USE1	Negative Genetic	genetic	PUBMED:27708008
YBR002C	YGL137W	RER2	SEC27	Negative Genetic	genetic	PUBMED:27708008
YBR002C	YGR002C	RER2	SWC4	Negative Genetic	genetic	PUBMED:27708008
YBR002C	YGR185C	RER2	TYS1	Negative Genetic	genetic	PUBMED:27708008
YBR002C	YHR024C	RER2	MAS2	Negative Genetic	genetic	PUBMED:27708008
YBR002C	YHR036W	RER2	BRL1	Negative Genetic	genetic	PUBMED:27708008
YBR002C	YHR040W	RER2	BCD1	Negative Genetic	genetic	PUBMED:27708008
YBR002C	YHR085W	RER2	IPI1	Negative Genetic	genetic	PUBMED:27708008
YBR002C	YJL002C	RER2	OST1	Negative Genetic	genetic	PUBMED:27708008
YBR002C	YJL050W	RER2	MTR4	Negative Genetic	genetic	PUBMED:27708008
YBR002C	YJL081C	RER2	ARP4	Negative Genetic	genetic	PUBMED:27708008
YBR002C	YJR006W	RER2	POL31	Negative Genetic	genetic	PUBMED:27708008
YBR002C	YKL196C	RER2	YKT6	Negative Genetic	genetic	PUBMED:27708008
YBR002C	YLR026C	RER2	SED5	Negative Genetic	genetic	PUBMED:27708008
YBR002C	YLR196W	RER2	PWP1	Negative Genetic	genetic	PUBMED:27708008
YBR002C	YLR268W	RER2	SEC22	Negative Genetic	genetic	PUBMED:27708008
YBR002C	YML105C	RER2	SEC65	Negative Genetic	genetic	PUBMED:27708008
YBR002C	YML127W	RER2	RSC9	Negative Genetic	genetic	PUBMED:27708008
YBR002C	YML130C	RER2	ERO1	Negative Genetic	genetic	PUBMED:27708008
YBR002C	YMR028W	RER2	TAP42	Negative Genetic	genetic	PUBMED:27708008
YBR002C	YMR033W	RER2	ARP9	Negative Genetic	genetic	PUBMED:27708008
YBR002C	YMR197C	RER2	VTI1	Negative Genetic	genetic	PUBMED:27708008
YBR002C	YMR235C	RER2	RNA1	Negative Genetic	genetic	PUBMED:27708008
YBR002C	YMR239C	RER2	RNT1	Negative Genetic	genetic	PUBMED:27708008
YBR002C	YMR240C	RER2	CUS1	Negative Genetic	genetic	PUBMED:27708008
YBR002C	YNR038W	RER2	DBP6	Negative Genetic	genetic	PUBMED:27708008
YBR002C	YOL066C	RER2	RIB2	Negative Genetic	genetic	PUBMED:27708008
YBR002C	YOR168W	RER2	GLN4	Negative Genetic	genetic	PUBMED:27708008
YBR002C	YOR244W	RER2	ESA1	Negative Genetic	genetic	PUBMED:27708008
YBR002C	YOR294W	RER2	RRS1	Negative Genetic	genetic	PUBMED:27708008
YBR002C	YPL204W	RER2	HRR25	Negative Genetic	genetic	PUBMED:27708008
YBR004C	YDR302W	GPI18	GPI11	Negative Genetic	genetic	PUBMED:27708008
YBR004C	YLL031C	GPI18	GPI13	Negative Genetic	genetic	PUBMED:27708008
YBR011C	YDR302W	IPP1	GPI11	Negative Genetic	genetic	PUBMED:27708008
YBR029C	YDR302W	CDS1	GPI11	Negative Genetic	genetic	PUBMED:27708008
YBR029C	YLL031C	CDS1	GPI13	Negative Genetic	genetic	PUBMED:27708008
YBR029C	YLR305C	CDS1	STT4	Negative Genetic	genetic	PUBMED:27708008
YBR038W	YCR002C	CHS2	CDC10	Negative Genetic	genetic	PUBMED:27708008
YBR038W	YDL097C	CHS2	RPN6	Negative Genetic	genetic	PUBMED:27708008
YBR038W	YDL148C	CHS2	NOP14	Negative Genetic	genetic	PUBMED:27708008
YBR038W	YDR088C	CHS2	SLU7	Negative Genetic	genetic	PUBMED:27708008
YBR038W	YDR188W	CHS2	CCT6	Negative Genetic	genetic	PUBMED:27708008
YBR038W	YDR208W	CHS2	MSS4	Negative Genetic	genetic	PUBMED:27708008
YBR038W	YDR288W	CHS2	NSE3	Negative Genetic	genetic	PUBMED:27708008
YBR038W	YDR361C	CHS2	BCP1	Negative Genetic	genetic	PUBMED:27708008
YBR038W	YDR434W	CHS2	GPI17	Negative Genetic	genetic	PUBMED:27708008
YBR038W	YDR478W	CHS2	SNM1	Negative Genetic	genetic	PUBMED:27708008
YBR038W	YER094C	CHS2	PUP3	Negative Genetic	genetic	PUBMED:27708008
YBR038W	YER125W	CHS2	RSP5	Negative Genetic	genetic	PUBMED:27708008
YBR038W	YER136W	CHS2	GDI1	Negative Genetic	genetic	PUBMED:27708008
YBR038W	YFL017C	CHS2	GNA1	Negative Genetic	genetic	PUBMED:27708008
YBR038W	YFL039C	CHS2	ACT1	Negative Genetic	genetic	PUBMED:27708008
YBR038W	YFR004W	CHS2	RPN11	Negative Genetic	genetic	PUBMED:27708008
YBR038W	YFR028C	CHS2	CDC14	Negative Genetic	genetic	PUBMED:27708008
YBR038W	YGL022W	CHS2	STT3	Negative Genetic	genetic	PUBMED:27708008
YBR038W	YGL116W	CHS2	CDC20	Negative Genetic	genetic	PUBMED:27708008
YBR038W	YGL142C	CHS2	GPI10	Negative Genetic	genetic	PUBMED:27708008
YBR038W	YGL233W	CHS2	SEC15	Negative Genetic	genetic	PUBMED:27708008
YBR038W	YGR103W	CHS2	NOP7	Negative Genetic	genetic	PUBMED:27708008
YBR038W	YGR156W	CHS2	PTI1	Negative Genetic	genetic	PUBMED:27708008
YBR038W	YGR211W	CHS2	ZPR1	Negative Genetic	genetic	PUBMED:27708008
YBR038W	YHR107C	CHS2	CDC12	Negative Genetic	genetic	PUBMED:27708008
YBR038W	YHR188C	CHS2	GPI16	Negative Genetic	genetic	PUBMED:27708008
YBR038W	YIR006C	CHS2	PAN1	Negative Genetic	genetic	PUBMED:27708008
YBR038W	YJL174W	CHS2	KRE9	Negative Genetic	genetic	PUBMED:27708008
YBR038W	YJR076C	CHS2	CDC11	Negative Genetic	genetic	PUBMED:27708008
YBR038W	YKL145W	CHS2	RPT1	Negative Genetic	genetic	PUBMED:27708008
YBR038W	YKL173W	CHS2	SNU114	Negative Genetic	genetic	PUBMED:27708008
YBR038W	YLR078C	CHS2	BOS1	Negative Genetic	genetic	PUBMED:27708008
YBR038W	YLR208W	CHS2	SEC13	Negative Genetic	genetic	PUBMED:27708008
YBR038W	YLR298C	CHS2	YHC1	Negative Genetic	genetic	PUBMED:27708008
YBR038W	YLR314C	CHS2	CDC3	Negative Genetic	genetic	PUBMED:27708008
YBR038W	YLR457C	CHS2	NBP1	Negative Genetic	genetic	PUBMED:27708008
YBR038W	YLR459W	CHS2	GAB1	Negative Genetic	genetic	PUBMED:27708008
YBR038W	YNR035C	CHS2	ARC35	Negative Genetic	genetic	PUBMED:27708008
YBR038W	YOR122C	CHS2	PFY1	Negative Genetic	genetic	PUBMED:27708008
YBR038W	YOR149C	CHS2	SMP3	Negative Genetic	genetic	PUBMED:27708008
YBR038W	YOR326W	CHS2	MYO2	Negative Genetic	genetic	PUBMED:27708008
YBR038W	YOR341W	CHS2	RPA190	Negative Genetic	genetic	PUBMED:27708008
YBR038W	YOR362C	CHS2	PRE10	Negative Genetic	genetic	PUBMED:27708008
YBR038W	YPL094C	CHS2	SEC62	Negative Genetic	genetic	PUBMED:27708008
YBR038W	YPL190C	CHS2	NAB3	Negative Genetic	genetic	PUBMED:27708008
YBR038W	YPL266W	CHS2	DIM1	Negative Genetic	genetic	PUBMED:27708008
YBR038W	YPR085C	CHS2	ASA1	Negative Genetic	genetic	PUBMED:27708008
YBR038W	YPR103W	CHS2	PRE2	Negative Genetic	genetic	PUBMED:27708008
YBR038W	YPR108W	CHS2	RPN7	Negative Genetic	genetic	PUBMED:27708008
YBR058C-A	YLR305C	TSC3	STT4	Negative Genetic	genetic	PUBMED:27708008
YBR060C	YLR305C	ORC2	STT4	Negative Genetic	genetic	PUBMED:27708008
YBR079C	YDR302W	RPG1	GPI11	Negative Genetic	genetic	PUBMED:27708008
YBR109C	YDR302W	CMD1	GPI11	Negative Genetic	genetic	PUBMED:27708008
YBR109C	YLL031C	CMD1	GPI13	Negative Genetic	genetic	PUBMED:27708008
YBR109C	YML125C	CMD1	PGA3	Negative Genetic	genetic	PUBMED:27708008
YBR135W	YDR302W	CKS1	GPI11	Negative Genetic	genetic	PUBMED:27708008
YBR167C	YDR302W	POP7	GPI11	Negative Genetic	genetic	PUBMED:27708008
YBR234C	YDR302W	ARC40	GPI11	Negative Genetic	genetic	PUBMED:27708008
YBR252W	YBL041W	DUT1	PRE7	Negative Genetic	genetic	PUBMED:27708008
YBR252W	YBL097W	DUT1	BRN1	Negative Genetic	genetic	PUBMED:27708008
YBR252W	YBR055C	DUT1	PRP6	Negative Genetic	genetic	PUBMED:27708008
YBR252W	YCL059C	DUT1	KRR1	Negative Genetic	genetic	PUBMED:27708008
YBR252W	YDL043C	DUT1	PRP11	Negative Genetic	genetic	PUBMED:27708008
YBR252W	YDL148C	DUT1	NOP14	Negative Genetic	genetic	PUBMED:27708008
YBR252W	YDL217C	DUT1	TIM22	Negative Genetic	genetic	PUBMED:27708008
YBR252W	YDR062W	DUT1	LCB2	Negative Genetic	genetic	PUBMED:27708008
YBR252W	YDR145W	DUT1	TAF12	Negative Genetic	genetic	PUBMED:27708008
YBR252W	YFL034C-B	DUT1	MOB2	Negative Genetic	genetic	PUBMED:27708008
YBR252W	YGL142C	DUT1	GPI10	Negative Genetic	genetic	PUBMED:27708008
YBR252W	YGR099W	DUT1	TEL2	Negative Genetic	genetic	PUBMED:27708008
YBR252W	YGR245C	DUT1	SDA1	Negative Genetic	genetic	PUBMED:27708008
YBR252W	YHR118C	DUT1	ORC6	Negative Genetic	genetic	PUBMED:27708008
YBR252W	YJL074C	DUT1	SMC3	Negative Genetic	genetic	PUBMED:27708008
YBR252W	YJL090C	DUT1	DPB11	Negative Genetic	genetic	PUBMED:27708008
YBR252W	YJR006W	DUT1	POL31	Negative Genetic	genetic	PUBMED:27708008
YBR252W	YKL019W	DUT1	RAM2	Negative Genetic	genetic	PUBMED:27708008
YBR252W	YKL095W	DUT1	YJU2	Negative Genetic	genetic	PUBMED:27708008
YBR252W	YLL036C	DUT1	PRP19	Negative Genetic	genetic	PUBMED:27708008
YBR252W	YLR397C	DUT1	AFG2	Negative Genetic	genetic	PUBMED:27708008
YBR252W	YML065W	DUT1	ORC1	Negative Genetic	genetic	PUBMED:27708008
YBR252W	YMR168C	DUT1	CEP3	Negative Genetic	genetic	PUBMED:27708008
YBR252W	YNL061W	DUT1	NOP2	Negative Genetic	genetic	PUBMED:27708008
YBR252W	YNR038W	DUT1	DBP6	Negative Genetic	genetic	PUBMED:27708008
YBR252W	YOL066C	DUT1	RIB2	Negative Genetic	genetic	PUBMED:27708008
YBR252W	YOL069W	DUT1	NUF2	Negative Genetic	genetic	PUBMED:27708008
YBR252W	YOR151C	DUT1	RPB2	Negative Genetic	genetic	PUBMED:27708008
YBR252W	YOR244W	DUT1	ESA1	Negative Genetic	genetic	PUBMED:27708008
YBR252W	YOR250C	DUT1	CLP1	Negative Genetic	genetic	PUBMED:27708008
YBR252W	YOR254C	DUT1	SEC63	Negative Genetic	genetic	PUBMED:27708008
YBR252W	YPL128C	DUT1	TBF1	Negative Genetic	genetic	PUBMED:27708008
YBR252W	YPL204W	DUT1	HRR25	Negative Genetic	genetic	PUBMED:27708008
YBR252W	YPR082C	DUT1	DIB1	Negative Genetic	genetic	PUBMED:27708008
YBR254C	YDR302W	TRS20	GPI11	Negative Genetic	genetic	PUBMED:27708008
YBR254C	YLL031C	TRS20	GPI13	Negative Genetic	genetic	PUBMED:27708008
YBR254C	YLR305C	TRS20	STT4	Negative Genetic	genetic	PUBMED:27708008
YBR256C	YML125C	RIB5	PGA3	Negative Genetic	genetic	PUBMED:27708008
YCL052C	YLL031C	PBN1	GPI13	Negative Genetic	genetic	PUBMED:27708008
YCL059C	YDR302W	KRR1	GPI11	Negative Genetic	genetic	PUBMED:27708008
YCR052W	YLL031C	RSC6	GPI13	Negative Genetic	genetic	PUBMED:27708008
YCR054C	YLR305C	CTR86	STT4	Negative Genetic	genetic	PUBMED:27708008
YCR057C	YKL035W	PWP2	UGP1	Negative Genetic	genetic	PUBMED:27708008
YCR057C	YLL031C	PWP2	GPI13	Negative Genetic	genetic	PUBMED:27708008
YDL007W	YKL035W	RPT2	UGP1	Negative Genetic	genetic	PUBMED:27708008
YDL028C	YLR305C	MPS1	STT4	Negative Genetic	genetic	PUBMED:27708008
YDL031W	YKL035W	DBP10	UGP1	Negative Genetic	genetic	PUBMED:27708008
YDL045C	YDR302W	FAD1	GPI11	Negative Genetic	genetic	PUBMED:27708008
YDL060W	YLR305C	TSR1	STT4	Negative Genetic	genetic	PUBMED:27708008
YDL103C	YDR302W	QRI1	GPI11	Negative Genetic	genetic	PUBMED:27708008
YDL108W	YAL038W	KIN28	CDC19	Negative Genetic	genetic	PUBMED:27708008
YDL126C	YLL031C	CDC48	GPI13	Negative Genetic	genetic	PUBMED:27708008
YDL126C	YML125C	CDC48	PGA3	Negative Genetic	genetic	PUBMED:27708008
YDL132W	YLL031C	CDC53	GPI13	Negative Genetic	genetic	PUBMED:27708008
YDL145C	YLL031C	COP1	GPI13	Negative Genetic	genetic	PUBMED:27708008
YDL147W	YDR302W	RPN5	GPI11	Negative Genetic	genetic	PUBMED:27708008
YDR002W	YLL031C	YRB1	GPI13	Negative Genetic	genetic	PUBMED:27708008
YDR062W	YLR305C	LCB2	STT4	Negative Genetic	genetic	PUBMED:27708008
YDR082W	YAL038W	STN1	CDC19	Negative Genetic	genetic	PUBMED:27708008
YDR086C	YDR302W	SSS1	GPI11	Negative Genetic	genetic	PUBMED:27708008
YDR086C	YLL031C	SSS1	GPI13	Negative Genetic	genetic	PUBMED:27708008
YDR145W	YML125C	TAF12	PGA3	Negative Genetic	genetic	PUBMED:27708008
YDR167W	YML125C	TAF10	PGA3	Negative Genetic	genetic	PUBMED:27708008
YDR182W	YAL038W	CDC1	CDC19	Negative Genetic	genetic	PUBMED:27708008
YDR188W	YLL031C	CCT6	GPI13	Negative Genetic	genetic	PUBMED:27708008
YDR208W	YLR305C	MSS4	STT4	Negative Genetic	genetic	PUBMED:27708008
YDR212W	YKL035W	TCP1	UGP1	Negative Genetic	genetic	PUBMED:27708008
YDR238C	YLL031C	SEC26	GPI13	Negative Genetic	genetic	PUBMED:27708008
YDR238C	YLR305C	SEC26	STT4	Negative Genetic	genetic	PUBMED:27708008
YDR246W	YLL031C	TRS23	GPI13	Negative Genetic	genetic	PUBMED:27708008
YDR302W	YBL105C	GPI11	PKC1	Negative Genetic	genetic	PUBMED:27708008
YDR302W	YBR004C	GPI11	GPI18	Negative Genetic	genetic	PUBMED:27708008
YDR302W	YBR029C	GPI11	CDS1	Negative Genetic	genetic	PUBMED:27708008
YDR302W	YBR109C	GPI11	CMD1	Negative Genetic	genetic	PUBMED:27708008
YDR302W	YBR202W	GPI11	MCM7	Negative Genetic	genetic	PUBMED:27708008
YDR302W	YDL103C	GPI11	QRI1	Negative Genetic	genetic	PUBMED:27708008
YDR302W	YDL132W	GPI11	CDC53	Negative Genetic	genetic	PUBMED:27708008
YDR302W	YDL145C	GPI11	COP1	Negative Genetic	genetic	PUBMED:27708008
YDR302W	YDR086C	GPI11	SSS1	Negative Genetic	genetic	PUBMED:27708008
YDR302W	YDR434W	GPI11	GPI17	Negative Genetic	genetic	PUBMED:27708008
YDR302W	YDR531W	GPI11	CAB1	Negative Genetic	genetic	PUBMED:27708008
YDR302W	YER157W	GPI11	COG3	Negative Genetic	genetic	PUBMED:27708008
YDR302W	YFL034C-B	GPI11	MOB2	Negative Genetic	genetic	PUBMED:27708008
YDR302W	YFL038C	GPI11	YPT1	Negative Genetic	genetic	PUBMED:27708008
YDR302W	YFL039C	GPI11	ACT1	Negative Genetic	genetic	PUBMED:27708008
YDR302W	YFR051C	GPI11	RET2	Negative Genetic	genetic	PUBMED:27708008
YDR302W	YGL048C	GPI11	RPT6	Negative Genetic	genetic	PUBMED:27708008
YDR302W	YGL091C	GPI11	NBP35	Negative Genetic	genetic	PUBMED:27708008
YDR302W	YGL137W	GPI11	SEC27	Negative Genetic	genetic	PUBMED:27708008
YDR302W	YGL142C	GPI11	GPI10	Negative Genetic	genetic	PUBMED:27708008
YDR302W	YGR211W	GPI11	ZPR1	Negative Genetic	genetic	PUBMED:27708008
YDR302W	YHR036W	GPI11	BRL1	Negative Genetic	genetic	PUBMED:27708008
YDR302W	YHR101C	GPI11	BIG1	Negative Genetic	genetic	PUBMED:27708008
YDR302W	YHR188C	GPI11	GPI16	Negative Genetic	genetic	PUBMED:27708008
YDR302W	YHR190W	GPI11	ERG9	Negative Genetic	genetic	PUBMED:27708008
YDR302W	YJL011C	GPI11	RPC17	Negative Genetic	genetic	PUBMED:27708008
YDR302W	YJL081C	GPI11	ARP4	Negative Genetic	genetic	PUBMED:27708008
YDR302W	YJL174W	GPI11	KRE9	Negative Genetic	genetic	PUBMED:27708008
YDR302W	YKR068C	GPI11	BET3	Negative Genetic	genetic	PUBMED:27708008
YDR302W	YLL031C	GPI11	GPI13	Negative Genetic	genetic	PUBMED:27708008
YDR302W	YLR026C	GPI11	SED5	Negative Genetic	genetic	PUBMED:27708008
YDR302W	YLR060W	GPI11	FRS1	Negative Genetic	genetic	PUBMED:27708008
YDR302W	YLR088W	GPI11	GAA1	Negative Genetic	genetic	PUBMED:27708008
YDR302W	YLR100W	GPI11	ERG27	Negative Genetic	genetic	PUBMED:27708008
YDR302W	YLR186W	GPI11	EMG1	Negative Genetic	genetic	PUBMED:27708008
YDR302W	YLR215C	GPI11	CDC123	Negative Genetic	genetic	PUBMED:27708008
YDR302W	YLR222C	GPI11	UTP13	Negative Genetic	genetic	PUBMED:27708008
YDR302W	YLR459W	GPI11	GAB1	Negative Genetic	genetic	PUBMED:27708008
YDR302W	YML069W	GPI11	POB3	Negative Genetic	genetic	PUBMED:27708008
YDR302W	YML077W	GPI11	BET5	Negative Genetic	genetic	PUBMED:27708008
YDR302W	YML126C	GPI11	ERG13	Negative Genetic	genetic	PUBMED:27708008
YDR302W	YMR093W	GPI11	UTP15	Negative Genetic	genetic	PUBMED:27708008
YDR302W	YMR094W	GPI11	CTF13	Negative Genetic	genetic	PUBMED:27708008
YDR302W	YMR197C	GPI11	VTI1	Negative Genetic	genetic	PUBMED:27708008
YDR302W	YMR227C	GPI11	TAF7	Negative Genetic	genetic	PUBMED:27708008
YDR302W	YMR235C	GPI11	RNA1	Negative Genetic	genetic	PUBMED:27708008
YDR302W	YNL061W	GPI11	NOP2	Negative Genetic	genetic	PUBMED:27708008
YDR302W	YNL118C	GPI11	DCP2	Negative Genetic	genetic	PUBMED:27708008
YDR302W	YNR003C	GPI11	RPC34	Negative Genetic	genetic	PUBMED:27708008
YDR302W	YNR043W	GPI11	MVD1	Negative Genetic	genetic	PUBMED:27708008
YDR302W	YOL102C	GPI11	TPT1	Negative Genetic	genetic	PUBMED:27708008
YDR302W	YOR149C	GPI11	SMP3	Negative Genetic	genetic	PUBMED:27708008
YDR302W	YOR254C	GPI11	SEC63	Negative Genetic	genetic	PUBMED:27708008
YDR302W	YOR336W	GPI11	KRE5	Negative Genetic	genetic	PUBMED:27708008
YDR331W	YLL031C	GPI8	GPI13	Negative Genetic	genetic	PUBMED:27708008
YDR331W	YLR305C	GPI8	STT4	Negative Genetic	genetic	PUBMED:27708008
YDR373W	YLR305C	FRQ1	STT4	Negative Genetic	genetic	PUBMED:27708008
YDR376W	YGR218W	ARH1	CRM1	Negative Genetic	genetic	PUBMED:27708008
YDR376W	YHR058C	ARH1	MED6	Negative Genetic	genetic	PUBMED:27708008
YDR376W	YHR164C	ARH1	DNA2	Negative Genetic	genetic	PUBMED:27708008
YDR376W	YJL097W	ARH1	PHS1	Negative Genetic	genetic	PUBMED:27708008
YDR376W	YLR430W	ARH1	SEN1	Negative Genetic	genetic	PUBMED:27708008
YDR376W	YML077W	ARH1	BET5	Negative Genetic	genetic	PUBMED:27708008
YDR376W	YOR020C	ARH1	HSP10	Negative Genetic	genetic	PUBMED:27708008
YDR376W	YOR260W	ARH1	GCD1	Negative Genetic	genetic	PUBMED:27708008
YDR434W	YLL031C	GPI17	GPI13	Negative Genetic	genetic	PUBMED:27708008
YDR498C	YLR305C	SEC20	STT4	Negative Genetic	genetic	PUBMED:27708008
YDR527W	YLL031C	RBA50	GPI13	Negative Genetic	genetic	PUBMED:27708008
YDR531W	YLR305C	CAB1	STT4	Negative Genetic	genetic	PUBMED:27708008
YEL002C	YLL031C	WBP1	GPI13	Negative Genetic	genetic	PUBMED:27708008
YEL034W	YKL035W	HYP2	UGP1	Negative Genetic	genetic	PUBMED:27708008
YEL034W	YML125C	HYP2	PGA3	Negative Genetic	genetic	PUBMED:27708008
YER009W	YKL035W	NTF2	UGP1	Negative Genetic	genetic	PUBMED:27708008
YER012W	YKL035W	PRE1	UGP1	Negative Genetic	genetic	PUBMED:27708008
YER025W	YDR302W	GCD11	GPI11	Negative Genetic	genetic	PUBMED:27708008
YER038C	YAL038W	KRE29	CDC19	Negative Genetic	genetic	PUBMED:27708008
YER093C	YML125C	TSC11	PGA3	Negative Genetic	genetic	PUBMED:27708008
YER157W	YAL038W	COG3	CDC19	Negative Genetic	genetic	PUBMED:27708008
YER157W	YDR302W	COG3	GPI11	Negative Genetic	genetic	PUBMED:27708008
YER157W	YLL031C	COG3	GPI13	Negative Genetic	genetic	PUBMED:27708008
YER157W	YLR305C	COG3	STT4	Negative Genetic	genetic	PUBMED:27708008
YER172C	YLL031C	BRR2	GPI13	Negative Genetic	genetic	PUBMED:27708008
YER172C	YDR302W	BRR2	GPI11	Negative Genetic	genetic	PUBMED:27708008
YFL002C	YML125C	SPB4	PGA3	Negative Genetic	genetic	PUBMED:27708008
YFL017C	YDR302W	GNA1	GPI11	Negative Genetic	genetic	PUBMED:27708008
YFL034C-B	YLR305C	MOB2	STT4	Negative Genetic	genetic	PUBMED:27708008
YFL034C-B	YKL035W	MOB2	UGP1	Negative Genetic	genetic	PUBMED:27708008
YFL039C	YDR302W	ACT1	GPI11	Negative Genetic	genetic	PUBMED:27708008
YFL039C	YML125C	ACT1	PGA3	Negative Genetic	genetic	PUBMED:27708008
YFL045C	YDR302W	SEC53	GPI11	Negative Genetic	genetic	PUBMED:27708008
YFR042W	YLL031C	KEG1	GPI13	Negative Genetic	genetic	PUBMED:27708008
YFR050C	YML125C	PRE4	PGA3	Negative Genetic	genetic	PUBMED:27708008
YGL011C	YKL035W	SCL1	UGP1	Negative Genetic	genetic	PUBMED:27708008
YGL022W	YLL031C	STT3	GPI13	Negative Genetic	genetic	PUBMED:27708008
YGL022W	YLR305C	STT3	STT4	Negative Genetic	genetic	PUBMED:27708008
YGL061C	YDR302W	DUO1	GPI11	Negative Genetic	genetic	PUBMED:27708008
YGL061C	YLL031C	DUO1	GPI13	Negative Genetic	genetic	PUBMED:27708008
YGL073W	YKL035W	HSF1	UGP1	Negative Genetic	genetic	PUBMED:27708008
YGL103W	YML125C	RPL28	PGA3	Negative Genetic	genetic	PUBMED:27708008
YGL137W	YLL031C	SEC27	GPI13	Negative Genetic	genetic	PUBMED:27708008
YGL142C	YDR302W	GPI10	GPI11	Negative Genetic	genetic	PUBMED:27708008
YGL142C	YLL031C	GPI10	GPI13	Negative Genetic	genetic	PUBMED:27708008
YGL142C	YLR305C	GPI10	STT4	Negative Genetic	genetic	PUBMED:27708008
YGL225W	YLR305C	VRG4	STT4	Negative Genetic	genetic	PUBMED:27708008
YGR098C	YDR302W	ESP1	GPI11	Negative Genetic	genetic	PUBMED:27708008
YGR113W	YDR302W	DAM1	GPI11	Negative Genetic	genetic	PUBMED:27708008
YGR119C	YDR302W	NUP57	GPI11	Negative Genetic	genetic	PUBMED:27708008
YGR120C	YDR302W	COG2	GPI11	Negative Genetic	genetic	PUBMED:27708008
YGR156W	YDR302W	PTI1	GPI11	Negative Genetic	genetic	PUBMED:27708008
YGR211W	YLR305C	ZPR1	STT4	Negative Genetic	genetic	PUBMED:27708008
YGR251W	YKL035W	NOP19	UGP1	Negative Genetic	genetic	PUBMED:27708008
YGR277C	YDR302W	CAB4	GPI11	Negative Genetic	genetic	PUBMED:27708008
YHR007C	YDR302W	ERG11	GPI11	Negative Genetic	genetic	PUBMED:27708008
YHR007C	YLL031C	ERG11	GPI13	Negative Genetic	genetic	PUBMED:27708008
YHR040W	YDR302W	BCD1	GPI11	Negative Genetic	genetic	PUBMED:27708008
YHR072W	YDR302W	ERG7	GPI11	Negative Genetic	genetic	PUBMED:27708008
YHR101C	YDR302W	BIG1	GPI11	Negative Genetic	genetic	PUBMED:27708008
YHR107C	YDR302W	CDC12	GPI11	Negative Genetic	genetic	PUBMED:27708008
YHR188C	YDR302W	GPI16	GPI11	Negative Genetic	genetic	PUBMED:27708008
YHR188C	YLL031C	GPI16	GPI13	Negative Genetic	genetic	PUBMED:27708008
YHR190W	YDR302W	ERG9	GPI11	Negative Genetic	genetic	PUBMED:27708008
YHR190W	YLL031C	ERG9	GPI13	Negative Genetic	genetic	PUBMED:27708008
YHR190W	YLR305C	ERG9	STT4	Negative Genetic	genetic	PUBMED:27708008
YIL046W	YDR302W	MET30	GPI11	Negative Genetic	genetic	PUBMED:27708008
YIL129C	YAL038W	TAO3	CDC19	Negative Genetic	genetic	PUBMED:27708008
YIL142W	YLL031C	CCT2	GPI13	Negative Genetic	genetic	PUBMED:27708008
YIL142W	YKL035W	CCT2	UGP1	Negative Genetic	genetic	PUBMED:27708008
YIL143C	YLL031C	SSL2	GPI13	Negative Genetic	genetic	PUBMED:27708008
YIL144W	YDR302W	NDC80	GPI11	Negative Genetic	genetic	PUBMED:27708008
YIL150C	YLL031C	MCM10	GPI13	Negative Genetic	genetic	PUBMED:27708008
YIL150C	YDR302W	MCM10	GPI11	Negative Genetic	genetic	PUBMED:27708008
YIL150C	YLR305C	MCM10	STT4	Negative Genetic	genetic	PUBMED:27708008
YIR006C	YDR302W	PAN1	GPI11	Negative Genetic	genetic	PUBMED:27708008
YIR006C	YLR305C	PAN1	STT4	Negative Genetic	genetic	PUBMED:27708008
YJL008C	YLL031C	CCT8	GPI13	Negative Genetic	genetic	PUBMED:27708008
YJL010C	YLL031C	NOP9	GPI13	Negative Genetic	genetic	PUBMED:27708008
YJL014W	YLL031C	CCT3	GPI13	Negative Genetic	genetic	PUBMED:27708008
YJL031C	YLR305C	BET4	STT4	Negative Genetic	genetic	PUBMED:27708008
YJL034W	YDR302W	KAR2	GPI11	Negative Genetic	genetic	PUBMED:27708008
YJL085W	YDR302W	EXO70	GPI11	Negative Genetic	genetic	PUBMED:27708008
YJL097W	YLR305C	PHS1	STT4	Negative Genetic	genetic	PUBMED:27708008
YJL104W	YLL031C	PAM16	GPI13	Negative Genetic	genetic	PUBMED:27708008
YJL111W	YLL031C	CCT7	GPI13	Negative Genetic	genetic	PUBMED:27708008
YJL125C	YDR302W	GCD14	GPI11	Negative Genetic	genetic	PUBMED:27708008
YJL173C	YDR302W	RFA3	GPI11	Negative Genetic	genetic	PUBMED:27708008
YJR013W	YDR302W	GPI14	GPI11	Negative Genetic	genetic	PUBMED:27708008
YJR017C	YDR302W	ESS1	GPI11	Negative Genetic	genetic	PUBMED:27708008
YJR022W	YKL035W	LSM8	UGP1	Negative Genetic	genetic	PUBMED:27708008
YJR041C	YML125C	URB2	PGA3	Negative Genetic	genetic	PUBMED:27708008
YJR045C	YKL035W	SSC1	UGP1	Negative Genetic	genetic	PUBMED:27708008
YJR057W	YAL038W	CDC8	CDC19	Negative Genetic	genetic	PUBMED:27708008
YJR064W	YKL035W	CCT5	UGP1	Negative Genetic	genetic	PUBMED:27708008
YJR064W	YML125C	CCT5	PGA3	Negative Genetic	genetic	PUBMED:27708008
YJR076C	YDR302W	CDC11	GPI11	Negative Genetic	genetic	PUBMED:27708008
YJR093C	YDR302W	FIP1	GPI11	Negative Genetic	genetic	PUBMED:27708008
YKL024C	YDR302W	URA6	GPI11	Negative Genetic	genetic	PUBMED:27708008
YKL035W	YBR193C	UGP1	MED8	Negative Genetic	genetic	PUBMED:27708008
YKL035W	YDL105W	UGP1	NSE4	Negative Genetic	genetic	PUBMED:27708008
YKL035W	YDL140C	UGP1	RPO21	Negative Genetic	genetic	PUBMED:27708008
YKL035W	YDR088C	UGP1	SLU7	Negative Genetic	genetic	PUBMED:27708008
YKL035W	YDR302W	UGP1	GPI11	Negative Genetic	genetic	PUBMED:27708008
YKL035W	YDR339C	UGP1	FCF1	Negative Genetic	genetic	PUBMED:27708008
YKL035W	YDR416W	UGP1	SYF1	Negative Genetic	genetic	PUBMED:27708008
YKL035W	YDR437W	UGP1	GPI19	Negative Genetic	genetic	PUBMED:27708008
YKL035W	YDR531W	UGP1	CAB1	Negative Genetic	genetic	PUBMED:27708008
YKL035W	YFL034C-B	UGP1	MOB2	Negative Genetic	genetic	PUBMED:27708008
YKL035W	YGR195W	UGP1	SKI6	Negative Genetic	genetic	PUBMED:27708008
YKL035W	YHR058C	UGP1	MED6	Negative Genetic	genetic	PUBMED:27708008
YKL035W	YHR069C	UGP1	RRP4	Negative Genetic	genetic	PUBMED:27708008
YKL035W	YHR085W	UGP1	IPI1	Negative Genetic	genetic	PUBMED:27708008
YKL035W	YJR076C	UGP1	CDC11	Negative Genetic	genetic	PUBMED:27708008
YKL035W	YLR002C	UGP1	NOC3	Negative Genetic	genetic	PUBMED:27708008
YKL035W	YNL006W	UGP1	LST8	Negative Genetic	genetic	PUBMED:27708008
YKL035W	YNL061W	UGP1	NOP2	Negative Genetic	genetic	PUBMED:27708008
YKL035W	YOL077C	UGP1	BRX1	Negative Genetic	genetic	PUBMED:27708008
YKL035W	YOL135C	UGP1	MED7	Negative Genetic	genetic	PUBMED:27708008
YKL035W	YOR151C	UGP1	RPB2	Negative Genetic	genetic	PUBMED:27708008
YKL035W	YOR335C	UGP1	ALA1	Negative Genetic	genetic	PUBMED:27708008
YKL035W	YPL076W	UGP1	GPI2	Negative Genetic	genetic	PUBMED:27708008
YKL035W	YPL190C	UGP1	NAB3	Negative Genetic	genetic	PUBMED:27708008
YKL035W	YPR034W	UGP1	ARP7	Negative Genetic	genetic	PUBMED:27708008
YKL042W	YDR302W	SPC42	GPI11	Negative Genetic	genetic	PUBMED:27708008
YKL052C	YDR302W	ASK1	GPI11	Negative Genetic	genetic	PUBMED:27708008
YKL052C	YLL031C	ASK1	GPI13	Negative Genetic	genetic	PUBMED:27708008
YKL154W	YDR302W	SRP102	GPI11	Negative Genetic	genetic	PUBMED:27708008
YKL196C	YDR302W	YKT6	GPI11	Negative Genetic	genetic	PUBMED:27708008
YKL196C	YLL031C	YKT6	GPI13	Negative Genetic	genetic	PUBMED:27708008
YKL196C	YLR305C	YKT6	STT4	Negative Genetic	genetic	PUBMED:27708008
YKL203C	YDR302W	TOR2	GPI11	Negative Genetic	genetic	PUBMED:27708008
YKR008W	YDR302W	RSC4	GPI11	Negative Genetic	genetic	PUBMED:27708008
YKR068C	YDR302W	BET3	GPI11	Negative Genetic	genetic	PUBMED:27708008
YKR068C	YLL031C	BET3	GPI13	Negative Genetic	genetic	PUBMED:27708008
YKR086W	YDR302W	PRP16	GPI11	Negative Genetic	genetic	PUBMED:27708008
YLL031C	YBL105C	GPI13	PKC1	Negative Genetic	genetic	PUBMED:27708008
YLL031C	YBR004C	GPI13	GPI18	Negative Genetic	genetic	PUBMED:27708008
YLL031C	YBR029C	GPI13	CDS1	Negative Genetic	genetic	PUBMED:27708008
YLL031C	YBR109C	GPI13	CMD1	Negative Genetic	genetic	PUBMED:27708008
YLL031C	YBR110W	GPI13	ALG1	Negative Genetic	genetic	PUBMED:27708008
YLL031C	YBR135W	GPI13	CKS1	Negative Genetic	genetic	PUBMED:27708008
YLL031C	YDL103C	GPI13	QRI1	Negative Genetic	genetic	PUBMED:27708008
YLL031C	YDR086C	GPI13	SSS1	Negative Genetic	genetic	PUBMED:27708008
YLL031C	YDR208W	GPI13	MSS4	Negative Genetic	genetic	PUBMED:27708008
YLL031C	YDR246W	GPI13	TRS23	Negative Genetic	genetic	PUBMED:27708008
YLL031C	YDR302W	GPI13	GPI11	Negative Genetic	genetic	PUBMED:27708008
YLL031C	YDR331W	GPI13	GPI8	Negative Genetic	genetic	PUBMED:27708008
YLL031C	YDR434W	GPI13	GPI17	Negative Genetic	genetic	PUBMED:27708008
YLL031C	YDR531W	GPI13	CAB1	Negative Genetic	genetic	PUBMED:27708008
YLL031C	YER157W	GPI13	COG3	Negative Genetic	genetic	PUBMED:27708008
YLL031C	YFL034C-B	GPI13	MOB2	Negative Genetic	genetic	PUBMED:27708008
YLL031C	YFL038C	GPI13	YPT1	Negative Genetic	genetic	PUBMED:27708008
YLL031C	YFL039C	GPI13	ACT1	Negative Genetic	genetic	PUBMED:27708008
YLL031C	YGL011C	GPI13	SCL1	Negative Genetic	genetic	PUBMED:27708008
YLL031C	YGL022W	GPI13	STT3	Negative Genetic	genetic	PUBMED:27708008
YLL031C	YGL142C	GPI13	GPI10	Negative Genetic	genetic	PUBMED:27708008
YLL031C	YGR006W	GPI13	PRP18	Negative Genetic	genetic	PUBMED:27708008
YLL031C	YGR172C	GPI13	YIP1	Negative Genetic	genetic	PUBMED:27708008
YLL031C	YHR036W	GPI13	BRL1	Negative Genetic	genetic	PUBMED:27708008
YLL031C	YHR101C	GPI13	BIG1	Negative Genetic	genetic	PUBMED:27708008
YLL031C	YHR188C	GPI13	GPI16	Negative Genetic	genetic	PUBMED:27708008
YLL031C	YHR190W	GPI13	ERG9	Negative Genetic	genetic	PUBMED:27708008
YLL031C	YIL046W	GPI13	MET30	Negative Genetic	genetic	PUBMED:27708008
YLL031C	YIR006C	GPI13	PAN1	Negative Genetic	genetic	PUBMED:27708008
YLL031C	YJL091C	GPI13	GWT1	Negative Genetic	genetic	PUBMED:27708008
YLL031C	YJL174W	GPI13	KRE9	Negative Genetic	genetic	PUBMED:27708008
YLL031C	YJR057W	GPI13	CDC8	Negative Genetic	genetic	PUBMED:27708008
YLL031C	YJR065C	GPI13	ARP3	Negative Genetic	genetic	PUBMED:27708008
YLL031C	YKL196C	GPI13	YKT6	Negative Genetic	genetic	PUBMED:27708008
YLL031C	YKR068C	GPI13	BET3	Negative Genetic	genetic	PUBMED:27708008
YLL031C	YLR459W	GPI13	GAB1	Negative Genetic	genetic	PUBMED:27708008
YLL031C	YML077W	GPI13	BET5	Negative Genetic	genetic	PUBMED:27708008
YLL031C	YMR200W	GPI13	ROT1	Negative Genetic	genetic	PUBMED:27708008
YLL031C	YMR235C	GPI13	RNA1	Negative Genetic	genetic	PUBMED:27708008
YLL031C	YNL038W	GPI13	GPI15	Negative Genetic	genetic	PUBMED:27708008
YLL031C	YNL138W	GPI13	SRV2	Negative Genetic	genetic	PUBMED:27708008
YLL031C	YNR026C	GPI13	SEC12	Negative Genetic	genetic	PUBMED:27708008
YLL031C	YOR074C	GPI13	CDC21	Negative Genetic	genetic	PUBMED:27708008
YLL031C	YOR149C	GPI13	SMP3	Negative Genetic	genetic	PUBMED:27708008
YLL031C	YOR194C	GPI13	TOA1	Negative Genetic	genetic	PUBMED:27708008
YLL031C	YOR232W	GPI13	MGE1	Negative Genetic	genetic	PUBMED:27708008
YLL031C	YOR335C	GPI13	ALA1	Negative Genetic	genetic	PUBMED:27708008
YLL031C	YOR336W	GPI13	KRE5	Negative Genetic	genetic	PUBMED:27708008
YLL031C	YDL143W	GPI13	CCT4	Negative Genetic	genetic	PUBMED:27708008
YLL031C	YDR311W	GPI13	TFB1	Negative Genetic	genetic	PUBMED:27708008
YLL031C	YDR398W	GPI13	UTP5	Negative Genetic	genetic	PUBMED:27708008
YLL031C	YDR437W	GPI13	GPI19	Negative Genetic	genetic	PUBMED:27708008
YLL031C	YGR002C	GPI13	SWC4	Negative Genetic	genetic	PUBMED:27708008
YLL031C	YGR120C	GPI13	COG2	Negative Genetic	genetic	PUBMED:27708008
YLL031C	YGR211W	GPI13	ZPR1	Negative Genetic	genetic	PUBMED:27708008
YLL031C	YJL002C	GPI13	OST1	Negative Genetic	genetic	PUBMED:27708008
YLL031C	YKL112W	GPI13	ABF1	Negative Genetic	genetic	PUBMED:27708008
YLL031C	YNL062C	GPI13	GCD10	Negative Genetic	genetic	PUBMED:27708008
YLL031C	YNR035C	GPI13	ARC35	Negative Genetic	genetic	PUBMED:27708008
YLL031C	YOR204W	GPI13	DED1	Negative Genetic	genetic	PUBMED:27708008
YLR026C	YLR305C	SED5	STT4	Negative Genetic	genetic	PUBMED:27708008
YLR060W	YDR302W	FRS1	GPI11	Negative Genetic	genetic	PUBMED:27708008
YLR060W	YLL031C	FRS1	GPI13	Negative Genetic	genetic	PUBMED:27708008
YLR078C	YAL038W	BOS1	CDC19	Negative Genetic	genetic	PUBMED:27708008
YLR078C	YDR302W	BOS1	GPI11	Negative Genetic	genetic	PUBMED:27708008
YLR078C	YLR305C	BOS1	STT4	Negative Genetic	genetic	PUBMED:27708008
YLR088W	YDR302W	GAA1	GPI11	Negative Genetic	genetic	PUBMED:27708008
YLR100W	YLR305C	ERG27	STT4	Negative Genetic	genetic	PUBMED:27708008
YLR215C	YDR302W	CDC123	GPI11	Negative Genetic	genetic	PUBMED:27708008
YLR243W	YML125C	GPN3	PGA3	Negative Genetic	genetic	PUBMED:27708008
YLR272C	YLL031C	YCS4	GPI13	Negative Genetic	genetic	PUBMED:27708008
YLR275W	YAL038W	SMD2	CDC19	Negative Genetic	genetic	PUBMED:27708008
YLR305C	YBL105C	STT4	PKC1	Negative Genetic	genetic	PUBMED:27708008
YLR305C	YBR029C	STT4	CDS1	Negative Genetic	genetic	PUBMED:27708008
YLR305C	YBR254C	STT4	TRS20	Negative Genetic	genetic	PUBMED:27708008
YLR305C	YDR062W	STT4	LCB2	Negative Genetic	genetic	PUBMED:27708008
YLR305C	YDR208W	STT4	MSS4	Negative Genetic	genetic	PUBMED:27708008
YLR305C	YER157W	STT4	COG3	Negative Genetic	genetic	PUBMED:27708008
YLR305C	YFL039C	STT4	ACT1	Negative Genetic	genetic	PUBMED:27708008
YLR305C	YGL022W	STT4	STT3	Negative Genetic	genetic	PUBMED:27708008
YLR305C	YGL142C	STT4	GPI10	Negative Genetic	genetic	PUBMED:27708008
YLR305C	YGL233W	STT4	SEC15	Negative Genetic	genetic	PUBMED:27708008
YLR305C	YGR211W	STT4	ZPR1	Negative Genetic	genetic	PUBMED:27708008
YLR305C	YHR036W	STT4	BRL1	Negative Genetic	genetic	PUBMED:27708008
YLR305C	YIR006C	STT4	PAN1	Negative Genetic	genetic	PUBMED:27708008
YLR305C	YJL091C	STT4	GWT1	Negative Genetic	genetic	PUBMED:27708008
YLR305C	YML077W	STT4	BET5	Negative Genetic	genetic	PUBMED:27708008
YLR305C	YMR296C	STT4	LCB1	Negative Genetic	genetic	PUBMED:27708008
YLR305C	YOL034W	STT4	SMC5	Negative Genetic	genetic	PUBMED:27708008
YLR305C	YOR074C	STT4	CDC21	Negative Genetic	genetic	PUBMED:27708008
YLR314C	YDR302W	CDC3	GPI11	Negative Genetic	genetic	PUBMED:27708008
YLR459W	YDR302W	GAB1	GPI11	Negative Genetic	genetic	PUBMED:27708008
YML023C	YDR302W	NSE5	GPI11	Negative Genetic	genetic	PUBMED:27708008
YML077W	YDR302W	BET5	GPI11	Negative Genetic	genetic	PUBMED:27708008
YML077W	YLL031C	BET5	GPI13	Negative Genetic	genetic	PUBMED:27708008
YML092C	YDR302W	PRE8	GPI11	Negative Genetic	genetic	PUBMED:27708008
YML125C	YBL105C	PGA3	PKC1	Negative Genetic	genetic	PUBMED:27708008
YML125C	YBR160W	PGA3	CDC28	Negative Genetic	genetic	PUBMED:27708008
YML125C	YDL108W	PGA3	KIN28	Negative Genetic	genetic	PUBMED:27708008
YML125C	YDR081C	PGA3	PDC2	Negative Genetic	genetic	PUBMED:27708008
YML125C	YDR172W	PGA3	SUP35	Negative Genetic	genetic	PUBMED:27708008
YML125C	YGR172C	PGA3	YIP1	Negative Genetic	genetic	PUBMED:27708008
YML125C	YGR195W	PGA3	SKI6	Negative Genetic	genetic	PUBMED:27708008
YML125C	YGR277C	PGA3	CAB4	Negative Genetic	genetic	PUBMED:27708008
YML125C	YHR007C	PGA3	ERG11	Negative Genetic	genetic	PUBMED:27708008
YML125C	YHR085W	PGA3	IPI1	Negative Genetic	genetic	PUBMED:27708008
YML125C	YHR107C	PGA3	CDC12	Negative Genetic	genetic	PUBMED:27708008
YML125C	YIL115C	PGA3	NUP159	Negative Genetic	genetic	PUBMED:27708008
YML125C	YLL011W	PGA3	SOF1	Negative Genetic	genetic	PUBMED:27708008
YML125C	YLL036C	PGA3	PRP19	Negative Genetic	genetic	PUBMED:27708008
YML125C	YLR316C	PGA3	TAD3	Negative Genetic	genetic	PUBMED:27708008
YML125C	YOR236W	PGA3	DFR1	Negative Genetic	genetic	PUBMED:27708008
YML125C	YOR254C	PGA3	SEC63	Negative Genetic	genetic	PUBMED:27708008
YML125C	YPL128C	PGA3	TBF1	Negative Genetic	genetic	PUBMED:27708008
YML126C	YDR302W	ERG13	GPI11	Negative Genetic	genetic	PUBMED:27708008
YML130C	YLL031C	ERO1	GPI13	Negative Genetic	genetic	PUBMED:27708008
YMR033W	YDR302W	ARP9	GPI11	Negative Genetic	genetic	PUBMED:27708008
YMR117C	YDR302W	SPC24	GPI11	Negative Genetic	genetic	PUBMED:27708008
YMR149W	YDR302W	SWP1	GPI11	Negative Genetic	genetic	PUBMED:27708008
YMR197C	YDR302W	VTI1	GPI11	Negative Genetic	genetic	PUBMED:27708008
YMR218C	YDR302W	TRS130	GPI11	Negative Genetic	genetic	PUBMED:27708008
YMR220W	YDR302W	ERG8	GPI11	Negative Genetic	genetic	PUBMED:27708008
YMR235C	YAL038W	RNA1	CDC19	Negative Genetic	genetic	PUBMED:27708008
YMR235C	YDR302W	RNA1	GPI11	Negative Genetic	genetic	PUBMED:27708008
YMR235C	YLL031C	RNA1	GPI13	Negative Genetic	genetic	PUBMED:27708008
YMR239C	YDR302W	RNT1	GPI11	Negative Genetic	genetic	PUBMED:27708008
YMR296C	YLR305C	LCB1	STT4	Negative Genetic	genetic	PUBMED:27708008
YNL038W	YDR302W	GPI15	GPI11	Negative Genetic	genetic	PUBMED:27708008
YNL061W	YDR302W	NOP2	GPI11	Negative Genetic	genetic	PUBMED:27708008
YNL075W	YDR302W	IMP4	GPI11	Negative Genetic	genetic	PUBMED:27708008
YNL118C	YDR302W	DCP2	GPI11	Negative Genetic	genetic	PUBMED:27708008
YNL118C	YLL031C	DCP2	GPI13	Negative Genetic	genetic	PUBMED:27708008
YNL149C	YDR302W	PGA2	GPI11	Negative Genetic	genetic	PUBMED:27708008
YNL149C	YML125C	PGA2	PGA3	Negative Genetic	genetic	PUBMED:27708008
YNL152W	YLR305C	INN1	STT4	Negative Genetic	genetic	PUBMED:27708008
YNL158W	YDR302W	PGA1	GPI11	Negative Genetic	genetic	PUBMED:27708008
YNL182C	YDR302W	IPI3	GPI11	Negative Genetic	genetic	PUBMED:27708008
YNL240C	YML125C	NAR1	PGA3	Negative Genetic	genetic	PUBMED:27708008
YNL247W	YDR302W	YNL247W	GPI11	Negative Genetic	genetic	PUBMED:27708008
YNL262W	YAL038W	POL2	CDC19	Negative Genetic	genetic	PUBMED:27708008
YNL262W	YDR302W	POL2	GPI11	Negative Genetic	genetic	PUBMED:27708008
YNL262W	YKL035W	POL2	UGP1	Negative Genetic	genetic	PUBMED:27708008
YNL267W	YDR302W	PIK1	GPI11	Negative Genetic	genetic	PUBMED:27708008
YNL272C	YML125C	SEC2	PGA3	Negative Genetic	genetic	PUBMED:27708008
YNL282W	YDR302W	POP3	GPI11	Negative Genetic	genetic	PUBMED:27708008
YNL282W	YML125C	POP3	PGA3	Negative Genetic	genetic	PUBMED:27708008
YNR011C	YDR302W	PRP2	GPI11	Negative Genetic	genetic	PUBMED:27708008
YNR035C	YDR302W	ARC35	GPI11	Negative Genetic	genetic	PUBMED:27708008
YNR043W	YDR302W	MVD1	GPI11	Negative Genetic	genetic	PUBMED:27708008
YOL038W	YDR302W	PRE6	GPI11	Negative Genetic	genetic	PUBMED:27708008
YOL038W	YLL031C	PRE6	GPI13	Negative Genetic	genetic	PUBMED:27708008
YOL069W	YDR302W	NUF2	GPI11	Negative Genetic	genetic	PUBMED:27708008
YOL078W	YDR302W	AVO1	GPI11	Negative Genetic	genetic	PUBMED:27708008
YOL078W	YKL035W	AVO1	UGP1	Negative Genetic	genetic	PUBMED:27708008
YOL078W	YML125C	AVO1	PGA3	Negative Genetic	genetic	PUBMED:27708008
YOL094C	YML125C	RFC4	PGA3	Negative Genetic	genetic	PUBMED:27708008
YOL097C	YML125C	WRS1	PGA3	Negative Genetic	genetic	PUBMED:27708008
YOL102C	YDR302W	TPT1	GPI11	Negative Genetic	genetic	PUBMED:27708008
YOL149W	YDR302W	DCP1	GPI11	Negative Genetic	genetic	PUBMED:27708008
YOL149W	YLR305C	DCP1	STT4	Negative Genetic	genetic	PUBMED:27708008
YOR004W	YDR302W	UTP23	GPI11	Negative Genetic	genetic	PUBMED:27708008
YOR095C	YLL031C	RKI1	GPI13	Negative Genetic	genetic	PUBMED:27708008
YOR117W	YLL031C	RPT5	GPI13	Negative Genetic	genetic	PUBMED:27708008
YOR149C	YDR302W	SMP3	GPI11	Negative Genetic	genetic	PUBMED:27708008
YOR149C	YLL031C	SMP3	GPI13	Negative Genetic	genetic	PUBMED:27708008
YOR159C	YAL038W	SME1	CDC19	Negative Genetic	genetic	PUBMED:27708008
YOR181W	YLR305C	LAS17	STT4	Negative Genetic	genetic	PUBMED:27708008
YOR181W	YDR302W	LAS17	GPI11	Negative Genetic	genetic	PUBMED:27708008
YOR181W	YLL031C	LAS17	GPI13	Negative Genetic	genetic	PUBMED:27708008
YOR194C	YLR305C	TOA1	STT4	Negative Genetic	genetic	PUBMED:27708008
YOR204W	YDR302W	DED1	GPI11	Negative Genetic	genetic	PUBMED:27708008
YOR254C	YDR302W	SEC63	GPI11	Negative Genetic	genetic	PUBMED:27708008
YOR259C	YKL035W	RPT4	UGP1	Negative Genetic	genetic	PUBMED:27708008
YOR260W	YDR302W	GCD1	GPI11	Negative Genetic	genetic	PUBMED:27708008
YOR261C	YKL035W	RPN8	UGP1	Negative Genetic	genetic	PUBMED:27708008
YOR262W	YAL038W	GPN2	CDC19	Negative Genetic	genetic	PUBMED:27708008
YOR262W	YLL031C	GPN2	GPI13	Negative Genetic	genetic	PUBMED:27708008
YOR310C	YLL031C	NOP58	GPI13	Negative Genetic	genetic	PUBMED:27708008
YOR336W	YDR302W	KRE5	GPI11	Negative Genetic	genetic	PUBMED:27708008
YOR336W	YLL031C	KRE5	GPI13	Negative Genetic	genetic	PUBMED:27708008
YOR353C	YAL038W	SOG2	CDC19	Negative Genetic	genetic	PUBMED:27708008
YPL028W	YDR302W	ERG10	GPI11	Negative Genetic	genetic	PUBMED:27708008
YPL076W	YDR302W	GPI2	GPI11	Negative Genetic	genetic	PUBMED:27708008
YPL122C	YDR302W	TFB2	GPI11	Negative Genetic	genetic	PUBMED:27708008
YPL160W	YLL031C	CDC60	GPI13	Negative Genetic	genetic	PUBMED:27708008
YPL231W	YDR302W	FAS2	GPI11	Negative Genetic	genetic	PUBMED:27708008
YPL237W	YKL035W	SUI3	UGP1	Negative Genetic	genetic	PUBMED:27708008
YPR016C	YML125C	TIF6	PGA3	Negative Genetic	genetic	PUBMED:27708008
YPR016C	YDR302W	TIF6	GPI11	Negative Genetic	genetic	PUBMED:27708008
YPR033C	YDR302W	HTS1	GPI11	Negative Genetic	genetic	PUBMED:27708008
YPR105C	YAL038W	COG4	CDC19	Negative Genetic	genetic	PUBMED:27708008
YPR105C	YDR302W	COG4	GPI11	Negative Genetic	genetic	PUBMED:27708008
YPR105C	YLR305C	COG4	STT4	Negative Genetic	genetic	PUBMED:27708008
YPR143W	YKL035W	RRP15	UGP1	Negative Genetic	genetic	PUBMED:27708008
YPR161C	YLR305C	SGV1	STT4	Negative Genetic	genetic	PUBMED:27708008
YPR165W	YDR302W	RHO1	GPI11	Negative Genetic	genetic	PUBMED:27708008
YPR165W	YLL031C	RHO1	GPI13	Negative Genetic	genetic	PUBMED:27708008
YPR182W	YAL038W	SMX3	CDC19	Negative Genetic	genetic	PUBMED:27708008
YPR182W	YML125C	SMX3	PGA3	Negative Genetic	genetic	PUBMED:27708008
YAL033W	YPL036W	POP5	PMA2	Negative Genetic	genetic	PUBMED:27708008
YAL038W	YBL005W	CDC19	PDR3	Negative Genetic	genetic	PUBMED:27708008
YAL038W	YBR218C	CDC19	PYC2	Negative Genetic	genetic	PUBMED:27708008
YAL038W	YBR274W	CDC19	CHK1	Negative Genetic	genetic	PUBMED:27708008
YAL038W	YCL009C	CDC19	ILV6	Negative Genetic	genetic	PUBMED:27708008
YAL038W	YCR034W	CDC19	ELO2	Negative Genetic	genetic	PUBMED:27708008
YAL038W	YDR127W	CDC19	ARO1	Negative Genetic	genetic	PUBMED:27708008
YAL038W	YFL007W	CDC19	BLM10	Negative Genetic	genetic	PUBMED:27708008
YAL038W	YGL080W	CDC19	MPC1	Negative Genetic	genetic	PUBMED:27708008
YAL038W	YGL087C	CDC19	MMS2	Negative Genetic	genetic	PUBMED:27708008
YAL038W	YGL124C	CDC19	MON1	Negative Genetic	genetic	PUBMED:27708008
YAL038W	YGL148W	CDC19	ARO2	Negative Genetic	genetic	PUBMED:27708008
YAL038W	YGR055W	CDC19	MUP1	Negative Genetic	genetic	PUBMED:27708008
YAL038W	YHR045W	CDC19	YHR045W	Negative Genetic	genetic	PUBMED:27708008
YAL038W	YJL193W	CDC19	YJL193W	Negative Genetic	genetic	PUBMED:27708008
YAL038W	YJR005W	CDC19	APL1	Negative Genetic	genetic	PUBMED:27708008
YAL038W	YJR054W	CDC19	KCH1	Negative Genetic	genetic	PUBMED:27708008
YAL038W	YKL157W	CDC19	APE2	Negative Genetic	genetic	PUBMED:27708008
YAL038W	YKL214C	CDC19	YRA2	Negative Genetic	genetic	PUBMED:27708008
YAL038W	YKR026C	CDC19	GCN3	Negative Genetic	genetic	PUBMED:27708008
YAL038W	YLL043W	CDC19	FPS1	Negative Genetic	genetic	PUBMED:27708008
YAL038W	YML108W	CDC19	YML108W	Negative Genetic	genetic	PUBMED:27708008
YAL038W	YMR187C	CDC19	YMR187C	Negative Genetic	genetic	PUBMED:27708008
YAL038W	YMR312W	CDC19	ELP6	Negative Genetic	genetic	PUBMED:27708008
YAL038W	YNL037C	CDC19	IDH1	Negative Genetic	genetic	PUBMED:27708008
YAL038W	YNR007C	CDC19	ATG3	Negative Genetic	genetic	PUBMED:27708008
YAL038W	YOL028C	CDC19	YAP7	Negative Genetic	genetic	PUBMED:27708008
YAL038W	YOR136W	CDC19	IDH2	Negative Genetic	genetic	PUBMED:27708008
YAL038W	YOR188W	CDC19	MSB1	Negative Genetic	genetic	PUBMED:27708008
YAL038W	YPR057W	CDC19	BRR1	Negative Genetic	genetic	PUBMED:27708008
YAL038W	YPR060C	CDC19	ARO7	Negative Genetic	genetic	PUBMED:27708008
YAL041W	YPL036W	CDC24	PMA2	Negative Genetic	genetic	PUBMED:27708008
YBL034C	YKR039W	STU1	GAP1	Negative Genetic	genetic	PUBMED:27708008
YBL076C	YPL036W	ILS1	PMA2	Negative Genetic	genetic	PUBMED:27708008
YBL105C	YKL150W	PKC1	MCR1	Negative Genetic	genetic	PUBMED:27708008
YBR002C	YAL020C	RER2	ATS1	Negative Genetic	genetic	PUBMED:27708008
YBR002C	YAL023C	RER2	PMT2	Negative Genetic	genetic	PUBMED:27708008
YBR002C	YBR187W	RER2	GDT1	Negative Genetic	genetic	PUBMED:27708008
YBR002C	YBR214W	RER2	SDS24	Negative Genetic	genetic	PUBMED:27708008
YBR002C	YBR223C	RER2	TDP1	Negative Genetic	genetic	PUBMED:27708008
YBR002C	YBR231C	RER2	SWC5	Negative Genetic	genetic	PUBMED:27708008
YBR002C	YBR260C	RER2	RGD1	Negative Genetic	genetic	PUBMED:27708008
YBR002C	YBR261C	RER2	TAE1	Negative Genetic	genetic	PUBMED:27708008
YBR002C	YBR267W	RER2	REI1	Negative Genetic	genetic	PUBMED:27708008
YBR002C	YBR287W	RER2	YBR287W	Negative Genetic	genetic	PUBMED:27708008
YBR002C	YCL032W	RER2	STE50	Negative Genetic	genetic	PUBMED:27708008
YBR002C	YCR033W	RER2	SNT1	Negative Genetic	genetic	PUBMED:27708008
YBR002C	YCR048W	RER2	ARE1	Negative Genetic	genetic	PUBMED:27708008
YBR002C	YCR067C	RER2	SED4	Negative Genetic	genetic	PUBMED:27708008
YBR002C	YCR073C	RER2	SSK22	Negative Genetic	genetic	PUBMED:27708008
YBR002C	YDL006W	RER2	PTC1	Negative Genetic	genetic	PUBMED:27708008
YBR002C	YDL035C	RER2	GPR1	Negative Genetic	genetic	PUBMED:27708008
YBR002C	YDL076C	RER2	RXT3	Negative Genetic	genetic	PUBMED:27708008
YBR002C	YDL077C	RER2	VAM6	Negative Genetic	genetic	PUBMED:27708008
YBR002C	YDL083C	RER2	RPS16B	Negative Genetic	genetic	PUBMED:27708008
YBR002C	YDL095W	RER2	PMT1	Negative Genetic	genetic	PUBMED:27708008
YBR002C	YDL110C	RER2	TMA17	Negative Genetic	genetic	PUBMED:27708008
YBR002C	YDL171C	RER2	GLT1	Negative Genetic	genetic	PUBMED:27708008
YBR002C	YDL173W	RER2	PAR32	Negative Genetic	genetic	PUBMED:27708008
YBR002C	YDL184C	RER2	RPL41A	Negative Genetic	genetic	PUBMED:27708008
YBR002C	YDL191W	RER2	RPL35A	Negative Genetic	genetic	PUBMED:27708008
YBR002C	YDL194W	RER2	SNF3	Negative Genetic	genetic	PUBMED:27708008
YBR002C	YDL203C	RER2	ACK1	Negative Genetic	genetic	PUBMED:27708008
YBR002C	YDL206W	RER2	YDL206W	Negative Genetic	genetic	PUBMED:27708008
YBR002C	YDR071C	RER2	PAA1	Negative Genetic	genetic	PUBMED:27708008
YBR002C	YDR072C	RER2	IPT1	Negative Genetic	genetic	PUBMED:27708008
YBR002C	YDR080W	RER2	VPS41	Negative Genetic	genetic	PUBMED:27708008
YBR002C	YDR083W	RER2	RRP8	Negative Genetic	genetic	PUBMED:27708008
YBR002C	YDR101C	RER2	ARX1	Negative Genetic	genetic	PUBMED:27708008
YBR002C	YDR128W	RER2	MTC5	Negative Genetic	genetic	PUBMED:27708008
YBR002C	YDR162C	RER2	NBP2	Negative Genetic	genetic	PUBMED:27708008
YBR002C	YDR245W	RER2	MNN10	Negative Genetic	genetic	PUBMED:27708008
YBR002C	YDR272W	RER2	GLO2	Negative Genetic	genetic	PUBMED:27708008
YBR002C	YDR315C	RER2	IPK1	Negative Genetic	genetic	PUBMED:27708008
YBR002C	YDR319C	RER2	YFT2	Negative Genetic	genetic	PUBMED:27708008
YBR002C	YDR345C	RER2	HXT3	Negative Genetic	genetic	PUBMED:27708008
YBR002C	YDR378C	RER2	LSM6	Negative Genetic	genetic	PUBMED:27708008
YBR002C	YDR411C	RER2	DFM1	Negative Genetic	genetic	PUBMED:27708008
YBR002C	YDR423C	RER2	CAD1	Negative Genetic	genetic	PUBMED:27708008
YBR002C	YDR469W	RER2	SDC1	Negative Genetic	genetic	PUBMED:27708008
YBR002C	YDR477W	RER2	SNF1	Negative Genetic	genetic	PUBMED:27708008
YBR002C	YDR485C	RER2	VPS72	Negative Genetic	genetic	PUBMED:27708008
YBR002C	YDR530C	RER2	APA2	Negative Genetic	genetic	PUBMED:27708008
YBR002C	YER061C	RER2	CEM1	Negative Genetic	genetic	PUBMED:27708008
YBR002C	YER089C	RER2	PTC2	Negative Genetic	genetic	PUBMED:27708008
YBR002C	YER150W	RER2	SPI1	Negative Genetic	genetic	PUBMED:27708008
YBR002C	YER156C	RER2	YER156C	Negative Genetic	genetic	PUBMED:27708008
YBR002C	YER177W	RER2	BMH1	Negative Genetic	genetic	PUBMED:27708008
YBR002C	YFL018C	RER2	LPD1	Negative Genetic	genetic	PUBMED:27708008
YBR002C	YFL031W	RER2	HAC1	Negative Genetic	genetic	PUBMED:27708008
YBR002C	YFL033C	RER2	RIM15	Negative Genetic	genetic	PUBMED:27708008
YBR002C	YFL049W	RER2	SWP82	Negative Genetic	genetic	PUBMED:27708008
YBR002C	YFL052W	RER2	YFL052W	Negative Genetic	genetic	PUBMED:27708008
YBR002C	YFL053W	RER2	DAK2	Negative Genetic	genetic	PUBMED:27708008
YBR002C	YFR013W	RER2	IOC3	Negative Genetic	genetic	PUBMED:27708008
YBR002C	YGL020C	RER2	GET1	Negative Genetic	genetic	PUBMED:27708008
YBR002C	YGL080W	RER2	MPC1	Negative Genetic	genetic	PUBMED:27708008
YBR002C	YGL167C	RER2	PMR1	Negative Genetic	genetic	PUBMED:27708008
YBR002C	YGL168W	RER2	HUR1	Negative Genetic	genetic	PUBMED:27708008
YBR002C	YGL205W	RER2	POX1	Negative Genetic	genetic	PUBMED:27708008
YBR002C	YGL211W	RER2	NCS6	Negative Genetic	genetic	PUBMED:27708008
YBR002C	YGL243W	RER2	TAD1	Negative Genetic	genetic	PUBMED:27708008
YBR002C	YGR027C	RER2	RPS25A	Negative Genetic	genetic	PUBMED:27708008
YBR002C	YGR034W	RER2	RPL26B	Negative Genetic	genetic	PUBMED:27708008
YBR002C	YGR080W	RER2	TWF1	Negative Genetic	genetic	PUBMED:27708008
YBR002C	YGR143W	RER2	SKN1	Negative Genetic	genetic	PUBMED:27708008
YBR002C	YGR187C	RER2	HGH1	Negative Genetic	genetic	PUBMED:27708008
YBR002C	YGR196C	RER2	FYV8	Negative Genetic	genetic	PUBMED:27708008
YBR002C	YGR200C	RER2	ELP2	Negative Genetic	genetic	PUBMED:27708008
YBR002C	YGR209C	RER2	TRX2	Negative Genetic	genetic	PUBMED:27708008
YBR002C	YGR214W	RER2	RPS0A	Negative Genetic	genetic	PUBMED:27708008
YBR002C	YGR217W	RER2	CCH1	Negative Genetic	genetic	PUBMED:27708008
YBR002C	YGR260W	RER2	TNA1	Negative Genetic	genetic	PUBMED:27708008
YBR002C	YGR270W	RER2	YTA7	Negative Genetic	genetic	PUBMED:27708008
YBR002C	YGR284C	RER2	ERV29	Negative Genetic	genetic	PUBMED:27708008
YBR002C	YGR287C	RER2	IMA1	Negative Genetic	genetic	PUBMED:27708008
YBR002C	YHL008C	RER2	YHL008C	Negative Genetic	genetic	PUBMED:27708008
YBR002C	YHL009C	RER2	YAP3	Negative Genetic	genetic	PUBMED:27708008
YBR002C	YHL010C	RER2	ETP1	Negative Genetic	genetic	PUBMED:27708008
YBR002C	YHR004C	RER2	NEM1	Negative Genetic	genetic	PUBMED:27708008
YBR002C	YHR030C	RER2	SLT2	Negative Genetic	genetic	PUBMED:27708008
YBR002C	YHR066W	RER2	SSF1	Negative Genetic	genetic	PUBMED:27708008
YBR002C	YHR079C	RER2	IRE1	Negative Genetic	genetic	PUBMED:27708008
YBR002C	YHR081W	RER2	LRP1	Negative Genetic	genetic	PUBMED:27708008
YBR002C	YHR111W	RER2	UBA4	Negative Genetic	genetic	PUBMED:27708008
YBR002C	YHR158C	RER2	KEL1	Negative Genetic	genetic	PUBMED:27708008
YBR002C	YHR178W	RER2	STB5	Negative Genetic	genetic	PUBMED:27708008
YBR002C	YHR184W	RER2	SSP1	Negative Genetic	genetic	PUBMED:27708008
YBR002C	YIL008W	RER2	URM1	Negative Genetic	genetic	PUBMED:27708008
YBR002C	YIL013C	RER2	PDR11	Negative Genetic	genetic	PUBMED:27708008
YBR002C	YIL017C	RER2	VID28	Negative Genetic	genetic	PUBMED:27708008
YBR002C	YIL053W	RER2	GPP1	Negative Genetic	genetic	PUBMED:27708008
YBR002C	YIL077C	RER2	YIL077C	Negative Genetic	genetic	PUBMED:27708008
YBR002C	YIL085C	RER2	KTR7	Negative Genetic	genetic	PUBMED:27708008
YBR002C	YIL110W	RER2	HPM1	Negative Genetic	genetic	PUBMED:27708008
YBR002C	YIR001C	RER2	SGN1	Negative Genetic	genetic	PUBMED:27708008
YBR002C	YIR007W	RER2	YIR007W	Negative Genetic	genetic	PUBMED:27708008
YBR002C	YIR016W	RER2	YIR016W	Negative Genetic	genetic	PUBMED:27708008
YBR002C	YJL095W	RER2	BCK1	Negative Genetic	genetic	PUBMED:27708008
YBR002C	YJL098W	RER2	SAP185	Negative Genetic	genetic	PUBMED:27708008
YBR002C	YJL117W	RER2	PHO86	Negative Genetic	genetic	PUBMED:27708008
YBR002C	YJL186W	RER2	MNN5	Negative Genetic	genetic	PUBMED:27708008
YBR002C	YJL206C	RER2	YJL206C	Negative Genetic	genetic	PUBMED:27708008
YBR002C	YJL213W	RER2	YJL213W	Negative Genetic	genetic	PUBMED:27708008
YBR002C	YJL216C	RER2	IMA5	Negative Genetic	genetic	PUBMED:27708008
YBR002C	YJR059W	RER2	PTK2	Negative Genetic	genetic	PUBMED:27708008
YBR002C	YJR103W	RER2	URA8	Negative Genetic	genetic	PUBMED:27708008
YBR002C	YJR147W	RER2	HMS2	Negative Genetic	genetic	PUBMED:27708008
YBR002C	YKL065C	RER2	YET1	Negative Genetic	genetic	PUBMED:27708008
YBR002C	YKL168C	RER2	KKQ8	Negative Genetic	genetic	PUBMED:27708008
YBR002C	YKL176C	RER2	LST4	Negative Genetic	genetic	PUBMED:27708008
YBR002C	YKL185W	RER2	ASH1	Negative Genetic	genetic	PUBMED:27708008
YBR002C	YKL190W	RER2	CNB1	Negative Genetic	genetic	PUBMED:27708008
YBR002C	YKR064W	RER2	OAF3	Negative Genetic	genetic	PUBMED:27708008
YBR002C	YLR017W	RER2	MEU1	Negative Genetic	genetic	PUBMED:27708008
YBR002C	YLR034C	RER2	SMF3	Negative Genetic	genetic	PUBMED:27708008
YBR002C	YLR053C	RER2	YLR053C	Negative Genetic	genetic	PUBMED:27708008
YBR002C	YLR072W	RER2	YLR072W	Negative Genetic	genetic	PUBMED:27708008
YBR002C	YLR093C	RER2	NYV1	Negative Genetic	genetic	PUBMED:27708008
YBR002C	YLR154C	RER2	RNH203	Negative Genetic	genetic	PUBMED:27708008
YBR002C	YLR173W	RER2	YLR173W	Negative Genetic	genetic	PUBMED:27708008
YBR002C	YLR185W	RER2	RPL37A	Negative Genetic	genetic	PUBMED:27708008
YBR002C	YLR190W	RER2	MMR1	Negative Genetic	genetic	PUBMED:27708008
YBR002C	YLR214W	RER2	FRE1	Negative Genetic	genetic	PUBMED:27708008
YBR002C	YLR228C	RER2	ECM22	Negative Genetic	genetic	PUBMED:27708008
YBR002C	YLR237W	RER2	THI7	Negative Genetic	genetic	PUBMED:27708008
YBR002C	YLR264W	RER2	RPS28B	Negative Genetic	genetic	PUBMED:27708008
YBR002C	YLR287C-A	RER2	RPS30A	Negative Genetic	genetic	PUBMED:27708008
YBR002C	YLR332W	RER2	MID2	Negative Genetic	genetic	PUBMED:27708008
YBR002C	YLR371W	RER2	ROM2	Negative Genetic	genetic	PUBMED:27708008
YBR002C	YLR384C	RER2	IKI3	Negative Genetic	genetic	PUBMED:27708008
YBR002C	YLR390W-A	RER2	CCW14	Negative Genetic	genetic	PUBMED:27708008
YBR002C	YLR394W	RER2	CST9	Negative Genetic	genetic	PUBMED:27708008
YBR002C	YLR410W	RER2	VIP1	Negative Genetic	genetic	PUBMED:27708008
YBR002C	YLR418C	RER2	CDC73	Negative Genetic	genetic	PUBMED:27708008
YBR002C	YLR420W	RER2	URA4	Negative Genetic	genetic	PUBMED:27708008
YBR002C	YLR426W	RER2	TDA5	Negative Genetic	genetic	PUBMED:27708008
YBR002C	YLR435W	RER2	TSR2	Negative Genetic	genetic	PUBMED:27708008
YBR002C	YLR441C	RER2	RPS1A	Negative Genetic	genetic	PUBMED:27708008
YBR002C	YLR443W	RER2	ECM7	Negative Genetic	genetic	PUBMED:27708008
YBR002C	YLR448W	RER2	RPL6B	Negative Genetic	genetic	PUBMED:27708008
YBR002C	YLR450W	RER2	HMG2	Negative Genetic	genetic	PUBMED:27708008
YBR002C	YLR454W	RER2	FMP27	Negative Genetic	genetic	PUBMED:27708008
YBR002C	YML019W	RER2	OST6	Negative Genetic	genetic	PUBMED:27708008
YBR002C	YML035C	RER2	AMD1	Negative Genetic	genetic	PUBMED:27708008
YBR002C	YML075C	RER2	HMG1	Negative Genetic	genetic	PUBMED:27708008
YBR002C	YML107C	RER2	PML39	Negative Genetic	genetic	PUBMED:27708008
YBR002C	YMR116C	RER2	ASC1	Negative Genetic	genetic	PUBMED:27708008
YBR002C	YMR143W	RER2	RPS16A	Negative Genetic	genetic	PUBMED:27708008
YBR002C	YMR216C	RER2	SKY1	Negative Genetic	genetic	PUBMED:27708008
YBR002C	YMR219W	RER2	ESC1	Negative Genetic	genetic	PUBMED:27708008
YBR002C	YMR259C	RER2	TRM732	Negative Genetic	genetic	PUBMED:27708008
YBR002C	YMR261C	RER2	TPS3	Negative Genetic	genetic	PUBMED:27708008
YBR002C	YMR312W	RER2	ELP6	Negative Genetic	genetic	PUBMED:27708008
YBR002C	YNL023C	RER2	FAP1	Negative Genetic	genetic	PUBMED:27708008
YBR002C	YNL029C	RER2	KTR5	Negative Genetic	genetic	PUBMED:27708008
YBR002C	YNL040W	RER2	YNL040W	Negative Genetic	genetic	PUBMED:27708008
YBR002C	YNL041C	RER2	COG6	Negative Genetic	genetic	PUBMED:27708008
YBR002C	YNL067W	RER2	RPL9B	Negative Genetic	genetic	PUBMED:27708008
YBR002C	YNL085W	RER2	MKT1	Negative Genetic	genetic	PUBMED:27708008
YBR002C	YNL096C	RER2	RPS7B	Negative Genetic	genetic	PUBMED:27708008
YBR002C	YNL108C	RER2	YNL108C	Negative Genetic	genetic	PUBMED:27708008
YBR002C	YNL119W	RER2	NCS2	Negative Genetic	genetic	PUBMED:27708008
YBR002C	YNL136W	RER2	EAF7	Negative Genetic	genetic	PUBMED:27708008
YBR002C	YNR019W	RER2	ARE2	Negative Genetic	genetic	PUBMED:27708008
YBR002C	YNR021W	RER2	YNR021W	Negative Genetic	genetic	PUBMED:27708008
YBR002C	YNR030W	RER2	ALG12	Negative Genetic	genetic	PUBMED:27708008
YBR002C	YNR064C	RER2	YNR064C	Negative Genetic	genetic	PUBMED:27708008
YBR002C	YOL001W	RER2	PHO80	Negative Genetic	genetic	PUBMED:27708008
YBR002C	YOR002W	RER2	ALG6	Negative Genetic	genetic	PUBMED:27708008
YBR002C	YOR010C	RER2	TIR2	Negative Genetic	genetic	PUBMED:27708008
YBR002C	YOR054C	RER2	VHS3	Negative Genetic	genetic	PUBMED:27708008
YBR002C	YOR104W	RER2	PIN2	Negative Genetic	genetic	PUBMED:27708008
YBR002C	YOR120W	RER2	GCY1	Negative Genetic	genetic	PUBMED:27708008
YBR002C	YOR123C	RER2	LEO1	Negative Genetic	genetic	PUBMED:27708008
YBR002C	YOR183W	RER2	FYV12	Negative Genetic	genetic	PUBMED:27708008
YBR002C	YOR242C	RER2	SSP2	Negative Genetic	genetic	PUBMED:27708008
YBR002C	YOR246C	RER2	ENV9	Negative Genetic	genetic	PUBMED:27708008
YBR002C	YOR252W	RER2	TMA16	Negative Genetic	genetic	PUBMED:27708008
YBR002C	YOR293W	RER2	RPS10A	Negative Genetic	genetic	PUBMED:27708008
YBR002C	YOR317W	RER2	FAA1	Negative Genetic	genetic	PUBMED:27708008
YBR002C	YOR358W	RER2	HAP5	Negative Genetic	genetic	PUBMED:27708008
YBR002C	YPL026C	RER2	SKS1	Negative Genetic	genetic	PUBMED:27708008
YBR002C	YPL046C	RER2	ELC1	Negative Genetic	genetic	PUBMED:27708008
YBR002C	YPL069C	RER2	BTS1	Negative Genetic	genetic	PUBMED:27708008
YBR002C	YPL079W	RER2	RPL21B	Negative Genetic	genetic	PUBMED:27708008
YBR002C	YPL086C	RER2	ELP3	Negative Genetic	genetic	PUBMED:27708008
YBR002C	YPL089C	RER2	RLM1	Negative Genetic	genetic	PUBMED:27708008
YBR002C	YPL101W	RER2	ELP4	Negative Genetic	genetic	PUBMED:27708008
YBR002C	YPL166W	RER2	ATG29	Negative Genetic	genetic	PUBMED:27708008
YBR002C	YPL227C	RER2	ALG5	Negative Genetic	genetic	PUBMED:27708008
YBR002C	YPL239W	RER2	YAR1	Negative Genetic	genetic	PUBMED:27708008
YBR002C	YPL265W	RER2	DIP5	Negative Genetic	genetic	PUBMED:27708008
YBR002C	YPL267W	RER2	ACM1	Negative Genetic	genetic	PUBMED:27708008
YBR002C	YPR023C	RER2	EAF3	Negative Genetic	genetic	PUBMED:27708008
YBR002C	YPR032W	RER2	SRO7	Negative Genetic	genetic	PUBMED:27708008
YBR002C	YPR089W	RER2	YPR089W	Negative Genetic	genetic	PUBMED:27708008
YBR002C	YPR114W	RER2	YPR114W	Negative Genetic	genetic	PUBMED:27708008
YBR002C	YPR118W	RER2	MRI1	Negative Genetic	genetic	PUBMED:27708008
YBR002C	YPR127W	RER2	YPR127W	Negative Genetic	genetic	PUBMED:27708008
YBR002C	YPR145W	RER2	ASN1	Negative Genetic	genetic	PUBMED:27708008
YBR038W	YAL053W	CHS2	FLC2	Negative Genetic	genetic	PUBMED:27708008
YBR038W	YCL010C	CHS2	SGF29	Negative Genetic	genetic	PUBMED:27708008
YBR038W	YCL011C	CHS2	GBP2	Negative Genetic	genetic	PUBMED:27708008
YBR038W	YCR009C	CHS2	RVS161	Negative Genetic	genetic	PUBMED:27708008
YBR038W	YCR034W	CHS2	ELO2	Negative Genetic	genetic	PUBMED:27708008
YBR038W	YDL006W	CHS2	PTC1	Negative Genetic	genetic	PUBMED:27708008
YBR038W	YDL077C	CHS2	VAM6	Negative Genetic	genetic	PUBMED:27708008
YBR038W	YDL127W	CHS2	PCL2	Negative Genetic	genetic	PUBMED:27708008
YBR038W	YDL232W	CHS2	OST4	Negative Genetic	genetic	PUBMED:27708008
YBR038W	YDR005C	CHS2	MAF1	Negative Genetic	genetic	PUBMED:27708008
YBR038W	YDR049W	CHS2	VMS1	Negative Genetic	genetic	PUBMED:27708008
YBR038W	YDR126W	CHS2	SWF1	Negative Genetic	genetic	PUBMED:27708008
YBR038W	YDR162C	CHS2	NBP2	Negative Genetic	genetic	PUBMED:27708008
YBR038W	YDR245W	CHS2	MNN10	Negative Genetic	genetic	PUBMED:27708008
YBR038W	YDR389W	CHS2	SAC7	Negative Genetic	genetic	PUBMED:27708008
YBR038W	YDR414C	CHS2	ERD1	Negative Genetic	genetic	PUBMED:27708008
YBR038W	YDR463W	CHS2	STP1	Negative Genetic	genetic	PUBMED:27708008
YBR038W	YDR477W	CHS2	SNF1	Negative Genetic	genetic	PUBMED:27708008
YBR038W	YER111C	CHS2	SWI4	Negative Genetic	genetic	PUBMED:27708008
YBR038W	YER118C	CHS2	SHO1	Negative Genetic	genetic	PUBMED:27708008
YBR038W	YER120W	CHS2	SCS2	Negative Genetic	genetic	PUBMED:27708008
YBR038W	YER155C	CHS2	BEM2	Negative Genetic	genetic	PUBMED:27708008
YBR038W	YFL025C	CHS2	BST1	Negative Genetic	genetic	PUBMED:27708008
YBR038W	YFR019W	CHS2	FAB1	Negative Genetic	genetic	PUBMED:27708008
YBR038W	YFR040W	CHS2	SAP155	Negative Genetic	genetic	PUBMED:27708008
YBR038W	YGL167C	CHS2	PMR1	Negative Genetic	genetic	PUBMED:27708008
YBR038W	YGL168W	CHS2	HUR1	Negative Genetic	genetic	PUBMED:27708008
YBR038W	YGL212W	CHS2	VAM7	Negative Genetic	genetic	PUBMED:27708008
YBR038W	YGR188C	CHS2	BUB1	Negative Genetic	genetic	PUBMED:27708008
YBR038W	YHR030C	CHS2	SLT2	Negative Genetic	genetic	PUBMED:27708008
YBR038W	YHR135C	CHS2	YCK1	Negative Genetic	genetic	PUBMED:27708008
YBR038W	YHR142W	CHS2	CHS7	Negative Genetic	genetic	PUBMED:27708008
YBR038W	YIL134W	CHS2	FLX1	Negative Genetic	genetic	PUBMED:27708008
YBR038W	YJL029C	CHS2	VPS53	Negative Genetic	genetic	PUBMED:27708008
YBR038W	YJL095W	CHS2	BCK1	Negative Genetic	genetic	PUBMED:27708008
YBR038W	YJL099W	CHS2	CHS6	Negative Genetic	genetic	PUBMED:27708008
YBR038W	YJL183W	CHS2	MNN11	Negative Genetic	genetic	PUBMED:27708008
YBR038W	YJR075W	CHS2	HOC1	Negative Genetic	genetic	PUBMED:27708008
YBR038W	YKL041W	CHS2	VPS24	Negative Genetic	genetic	PUBMED:27708008
YBR038W	YKL048C	CHS2	ELM1	Negative Genetic	genetic	PUBMED:27708008
YBR038W	YKL079W	CHS2	SMY1	Negative Genetic	genetic	PUBMED:27708008
YBR038W	YKR027W	CHS2	BCH2	Negative Genetic	genetic	PUBMED:27708008
YBR038W	YKR074W	CHS2	AIM29	Negative Genetic	genetic	PUBMED:27708008
YBR038W	YLL039C	CHS2	UBI4	Negative Genetic	genetic	PUBMED:27708008
YBR038W	YLR024C	CHS2	UBR2	Negative Genetic	genetic	PUBMED:27708008
YBR038W	YLR087C	CHS2	CSF1	Negative Genetic	genetic	PUBMED:27708008
YBR038W	YLR110C	CHS2	CCW12	Negative Genetic	genetic	PUBMED:27708008
YBR038W	YLR200W	CHS2	YKE2	Negative Genetic	genetic	PUBMED:27708008
YBR038W	YLR319C	CHS2	BUD6	Negative Genetic	genetic	PUBMED:27708008
YBR038W	YLR330W	CHS2	CHS5	Negative Genetic	genetic	PUBMED:27708008
YBR038W	YLR386W	CHS2	VAC14	Negative Genetic	genetic	PUBMED:27708008
YBR038W	YLR452C	CHS2	SST2	Negative Genetic	genetic	PUBMED:27708008
YBR038W	YML117W	CHS2	NAB6	Negative Genetic	genetic	PUBMED:27708008
YBR038W	YMR070W	CHS2	MOT3	Negative Genetic	genetic	PUBMED:27708008
YBR038W	YMR145C	CHS2	NDE1	Negative Genetic	genetic	PUBMED:27708008
YBR038W	YMR186W	CHS2	HSC82	Negative Genetic	genetic	PUBMED:27708008
YBR038W	YMR223W	CHS2	UBP8	Negative Genetic	genetic	PUBMED:27708008
YBR038W	YMR275C	CHS2	BUL1	Negative Genetic	genetic	PUBMED:27708008
YBR038W	YNL079C	CHS2	TPM1	Negative Genetic	genetic	PUBMED:27708008
YBR038W	YNL091W	CHS2	NST1	Negative Genetic	genetic	PUBMED:27708008
YBR038W	YNL147W	CHS2	LSM7	Negative Genetic	genetic	PUBMED:27708008
YBR038W	YNR051C	CHS2	BRE5	Negative Genetic	genetic	PUBMED:27708008
YBR038W	YOL003C	CHS2	PFA4	Negative Genetic	genetic	PUBMED:27708008
YBR038W	YOL007C	CHS2	CSI2	Negative Genetic	genetic	PUBMED:27708008
YBR038W	YOL070C	CHS2	NBA1	Negative Genetic	genetic	PUBMED:27708008
YBR038W	YOR027W	CHS2	STI1	Negative Genetic	genetic	PUBMED:27708008
YBR038W	YOR127W	CHS2	RGA1	Negative Genetic	genetic	PUBMED:27708008
YBR038W	YOR327C	CHS2	SNC2	Negative Genetic	genetic	PUBMED:27708008
YBR038W	YOR360C	CHS2	PDE2	Negative Genetic	genetic	PUBMED:27708008
YBR038W	YPL047W	CHS2	SGF11	Negative Genetic	genetic	PUBMED:27708008
YBR038W	YPL115C	CHS2	BEM3	Negative Genetic	genetic	PUBMED:27708008
YBR038W	YPL123C	CHS2	RNY1	Negative Genetic	genetic	PUBMED:27708008
YBR038W	YPL144W	CHS2	POC4	Negative Genetic	genetic	PUBMED:27708008
YBR038W	YPL213W	CHS2	LEA1	Negative Genetic	genetic	PUBMED:27708008
YBR038W	YPL227C	CHS2	ALG5	Negative Genetic	genetic	PUBMED:27708008
YBR038W	YPL232W	CHS2	SSO1	Negative Genetic	genetic	PUBMED:27708008
YBR038W	YPL250C	CHS2	ICY2	Negative Genetic	genetic	PUBMED:27708008
YBR038W	YPR120C	CHS2	CLB5	Negative Genetic	genetic	PUBMED:27708008
YBR060C	YPL036W	ORC2	PMA2	Negative Genetic	genetic	PUBMED:27708008
YBR079C	YKR039W	RPG1	GAP1	Negative Genetic	genetic	PUBMED:27708008
YBR109C	YPL036W	CMD1	PMA2	Negative Genetic	genetic	PUBMED:27708008
YBR110W	YCR024C-A	ALG1	PMP1	Negative Genetic	genetic	PUBMED:27708008
YBR198C	YPL036W	TAF5	PMA2	Negative Genetic	genetic	PUBMED:27708008
YBR198C	YCR024C-A	TAF5	PMP1	Negative Genetic	genetic	PUBMED:27708008
YBR236C	YOR347C	ABD1	PYK2	Negative Genetic	genetic	PUBMED:27708008
YBR252W	YBL031W	DUT1	SHE1	Negative Genetic	genetic	PUBMED:27708008
YBR252W	YBL078C	DUT1	ATG8	Negative Genetic	genetic	PUBMED:27708008
YBR252W	YDL077C	DUT1	VAM6	Negative Genetic	genetic	PUBMED:27708008
YBR252W	YER061C	DUT1	CEM1	Negative Genetic	genetic	PUBMED:27708008
YBR252W	YGR055W	DUT1	MUP1	Negative Genetic	genetic	PUBMED:27708008
YBR252W	YHR021C	DUT1	RPS27B	Negative Genetic	genetic	PUBMED:27708008
YBR252W	YHR067W	DUT1	HTD2	Negative Genetic	genetic	PUBMED:27708008
YBR252W	YLR065C	DUT1	ENV10	Negative Genetic	genetic	PUBMED:27708008
YBR252W	YLR089C	DUT1	ALT1	Negative Genetic	genetic	PUBMED:27708008
YBR252W	YML001W	DUT1	YPT7	Negative Genetic	genetic	PUBMED:27708008
YBR252W	YOR196C	DUT1	LIP5	Negative Genetic	genetic	PUBMED:27708008
YBR252W	YOR221C	DUT1	MCT1	Negative Genetic	genetic	PUBMED:27708008
YBR252W	YPL157W	DUT1	TGS1	Negative Genetic	genetic	PUBMED:27708008
YBR253W	YIL066C	SRB6	RNR3	Negative Genetic	genetic	PUBMED:27708008
YCL017C	YBR023C	NFS1	CHS3	Negative Genetic	genetic	PUBMED:27708008
YCL017C	YBR085W	NFS1	AAC3	Negative Genetic	genetic	PUBMED:27708008
YCL017C	YPL036W	NFS1	PMA2	Negative Genetic	genetic	PUBMED:27708008
YCR002C	YPL036W	CDC10	PMA2	Negative Genetic	genetic	PUBMED:27708008
YCR002C	YBR023C	CDC10	CHS3	Negative Genetic	genetic	PUBMED:27708008
YCR052W	YJL100W	RSC6	LSB6	Negative Genetic	genetic	PUBMED:27708008
YDL028C	YIL043C	MPS1	CBR1	Negative Genetic	genetic	PUBMED:27708008
YDL030W	YPL036W	PRP9	PMA2	Negative Genetic	genetic	PUBMED:27708008
YDL064W	YPL036W	UBC9	PMA2	Negative Genetic	genetic	PUBMED:27708008
YDL097C	YKR039W	RPN6	GAP1	Negative Genetic	genetic	PUBMED:27708008
YDL103C	YPL036W	QRI1	PMA2	Negative Genetic	genetic	PUBMED:27708008
YDL105W	YPL036W	NSE4	PMA2	Negative Genetic	genetic	PUBMED:27708008
YDL111C	YKL150W	RRP42	MCR1	Negative Genetic	genetic	PUBMED:27708008
YDL207W	YPL036W	GLE1	PMA2	Negative Genetic	genetic	PUBMED:27708008
YDL217C	YKL150W	TIM22	MCR1	Negative Genetic	genetic	PUBMED:27708008
YDL220C	YPL036W	CDC13	PMA2	Negative Genetic	genetic	PUBMED:27708008
YDR002W	YPL036W	YRB1	PMA2	Negative Genetic	genetic	PUBMED:27708008
YDR050C	YPL036W	TPI1	PMA2	Negative Genetic	genetic	PUBMED:27708008
YDR052C	YKL150W	DBF4	MCR1	Negative Genetic	genetic	PUBMED:27708008
YDR052C	YKR039W	DBF4	GAP1	Negative Genetic	genetic	PUBMED:27708008
YDR062W	YBR023C	LCB2	CHS3	Negative Genetic	genetic	PUBMED:27708008
YDR062W	YPL036W	LCB2	PMA2	Negative Genetic	genetic	PUBMED:27708008
YDR088C	YPL036W	SLU7	PMA2	Negative Genetic	genetic	PUBMED:27708008
YDR145W	YPL036W	TAF12	PMA2	Negative Genetic	genetic	PUBMED:27708008
YDR168W	YBR069C	CDC37	TAT1	Negative Genetic	genetic	PUBMED:27708008
YDR188W	YBR023C	CCT6	CHS3	Negative Genetic	genetic	PUBMED:27708008
YDR208W	YBR023C	MSS4	CHS3	Negative Genetic	genetic	PUBMED:27708008
YDR208W	YCR024C-A	MSS4	PMP1	Negative Genetic	genetic	PUBMED:27708008
YDR238C	YBR085W	SEC26	AAC3	Negative Genetic	genetic	PUBMED:27708008
YDR243C	YPL036W	PRP28	PMA2	Negative Genetic	genetic	PUBMED:27708008
YDR288W	YPL036W	NSE3	PMA2	Negative Genetic	genetic	PUBMED:27708008
YDR302W	YAL002W	GPI11	VPS8	Negative Genetic	genetic	PUBMED:27708008
YDR302W	YAL013W	GPI11	DEP1	Negative Genetic	genetic	PUBMED:27708008
YDR302W	YAL023C	GPI11	PMT2	Negative Genetic	genetic	PUBMED:27708008
YDR302W	YAL042W	GPI11	ERV46	Negative Genetic	genetic	PUBMED:27708008
YDR302W	YAL055W	GPI11	PEX22	Negative Genetic	genetic	PUBMED:27708008
YDR302W	YAL058W	GPI11	CNE1	Negative Genetic	genetic	PUBMED:27708008
YDR302W	YAR014C	GPI11	BUD14	Negative Genetic	genetic	PUBMED:27708008
YDR302W	YAR028W	GPI11	YAR028W	Negative Genetic	genetic	PUBMED:27708008
YDR302W	YAR031W	GPI11	PRM9	Negative Genetic	genetic	PUBMED:27708008
YDR302W	YBL011W	GPI11	SCT1	Negative Genetic	genetic	PUBMED:27708008
YDR302W	YBL054W	GPI11	TOD6	Negative Genetic	genetic	PUBMED:27708008
YDR302W	YBR005W	GPI11	RCR1	Negative Genetic	genetic	PUBMED:27708008
YDR302W	YBR015C	GPI11	MNN2	Negative Genetic	genetic	PUBMED:27708008
YDR302W	YBR023C	GPI11	CHS3	Negative Genetic	genetic	PUBMED:27708008
YDR302W	YBR025C	GPI11	OLA1	Negative Genetic	genetic	PUBMED:27708008
YDR302W	YBR030W	GPI11	RKM3	Negative Genetic	genetic	PUBMED:27708008
YDR302W	YBR041W	GPI11	FAT1	Negative Genetic	genetic	PUBMED:27708008
YDR302W	YBR086C	GPI11	IST2	Negative Genetic	genetic	PUBMED:27708008
YDR302W	YBR095C	GPI11	RXT2	Negative Genetic	genetic	PUBMED:27708008
YDR302W	YBR108W	GPI11	AIM3	Negative Genetic	genetic	PUBMED:27708008
YDR302W	YBR111C	GPI11	YSA1	Negative Genetic	genetic	PUBMED:27708008
YDR302W	YBR126C	GPI11	TPS1	Negative Genetic	genetic	PUBMED:27708008
YDR302W	YBR130C	GPI11	SHE3	Negative Genetic	genetic	PUBMED:27708008
YDR302W	YBR145W	GPI11	ADH5	Negative Genetic	genetic	PUBMED:27708008
YDR302W	YBR164C	GPI11	ARL1	Negative Genetic	genetic	PUBMED:27708008
YDR302W	YBR168W	GPI11	PEX32	Negative Genetic	genetic	PUBMED:27708008
YDR302W	YBR169C	GPI11	SSE2	Negative Genetic	genetic	PUBMED:27708008
YDR302W	YBR181C	GPI11	RPS6B	Negative Genetic	genetic	PUBMED:27708008
YDR302W	YBR194W	GPI11	AIM4	Negative Genetic	genetic	PUBMED:27708008
YDR302W	YBR217W	GPI11	ATG12	Negative Genetic	genetic	PUBMED:27708008
YDR302W	YBR229C	GPI11	ROT2	Negative Genetic	genetic	PUBMED:27708008
YDR302W	YBR258C	GPI11	SHG1	Negative Genetic	genetic	PUBMED:27708008
YDR302W	YBR283C	GPI11	SSH1	Negative Genetic	genetic	PUBMED:27708008
YDR302W	YBR291C	GPI11	CTP1	Negative Genetic	genetic	PUBMED:27708008
YDR302W	YBR297W	GPI11	MAL33	Negative Genetic	genetic	PUBMED:27708008
YDR302W	YCL001W	GPI11	RER1	Negative Genetic	genetic	PUBMED:27708008
YDR302W	YCL009C	GPI11	ILV6	Negative Genetic	genetic	PUBMED:27708008
YDR302W	YCL032W	GPI11	STE50	Negative Genetic	genetic	PUBMED:27708008
YDR302W	YCL045C	GPI11	EMC1	Negative Genetic	genetic	PUBMED:27708008
YDR302W	YCR009C	GPI11	RVS161	Negative Genetic	genetic	PUBMED:27708008
YDR302W	YCR063W	GPI11	BUD31	Negative Genetic	genetic	PUBMED:27708008
YDR302W	YCR089W	GPI11	FIG2	Negative Genetic	genetic	PUBMED:27708008
YDR302W	YCR095C	GPI11	OCA4	Negative Genetic	genetic	PUBMED:27708008
YDR302W	YDL025C	GPI11	RTK1	Negative Genetic	genetic	PUBMED:27708008
YDR302W	YDL051W	GPI11	LHP1	Negative Genetic	genetic	PUBMED:27708008
YDR302W	YDL065C	GPI11	PEX19	Negative Genetic	genetic	PUBMED:27708008
YDR302W	YDL076C	GPI11	RXT3	Negative Genetic	genetic	PUBMED:27708008
YDR302W	YDL081C	GPI11	RPP1A	Negative Genetic	genetic	PUBMED:27708008
YDR302W	YDL091C	GPI11	UBX3	Negative Genetic	genetic	PUBMED:27708008
YDR302W	YDL095W	GPI11	PMT1	Negative Genetic	genetic	PUBMED:27708008
YDR302W	YDL104C	GPI11	QRI7	Negative Genetic	genetic	PUBMED:27708008
YDR302W	YDL122W	GPI11	UBP1	Negative Genetic	genetic	PUBMED:27708008
YDR302W	YDL133W	GPI11	SRF1	Negative Genetic	genetic	PUBMED:27708008
YDR302W	YDL155W	GPI11	CLB3	Negative Genetic	genetic	PUBMED:27708008
YDR302W	YDL184C	GPI11	RPL41A	Negative Genetic	genetic	PUBMED:27708008
YDR302W	YDL203C	GPI11	ACK1	Negative Genetic	genetic	PUBMED:27708008
YDR302W	YDL213C	GPI11	NOP6	Negative Genetic	genetic	PUBMED:27708008
YDR302W	YDL216C	GPI11	RRI1	Negative Genetic	genetic	PUBMED:27708008
YDR302W	YDL223C	GPI11	HBT1	Negative Genetic	genetic	PUBMED:27708008
YDR302W	YDL226C	GPI11	GCS1	Negative Genetic	genetic	PUBMED:27708008
YDR302W	YDL243C	GPI11	AAD4	Negative Genetic	genetic	PUBMED:27708008
YDR302W	YDR006C	GPI11	SOK1	Negative Genetic	genetic	PUBMED:27708008
YDR302W	YDR009W	GPI11	GAL3	Negative Genetic	genetic	PUBMED:27708008
YDR302W	YDR042C	GPI11	YDR042C	Negative Genetic	genetic	PUBMED:27708008
YDR302W	YDR043C	GPI11	NRG1	Negative Genetic	genetic	PUBMED:27708008
YDR302W	YDR066C	GPI11	RTR2	Negative Genetic	genetic	PUBMED:27708008
YDR302W	YDR067C	GPI11	OCA6	Negative Genetic	genetic	PUBMED:27708008
YDR302W	YDR121W	GPI11	DPB4	Negative Genetic	genetic	PUBMED:27708008
YDR302W	YDR126W	GPI11	SWF1	Negative Genetic	genetic	PUBMED:27708008
YDR302W	YDR440W	GPI11	DOT1	Negative Genetic	genetic	PUBMED:27708008
YDR302W	YDR469W	GPI11	SDC1	Negative Genetic	genetic	PUBMED:27708008
YDR302W	YDR477W	GPI11	SNF1	Negative Genetic	genetic	PUBMED:27708008
YDR302W	YDR486C	GPI11	VPS60	Negative Genetic	genetic	PUBMED:27708008
YDR302W	YDR508C	GPI11	GNP1	Negative Genetic	genetic	PUBMED:27708008
YDR302W	YDR511W	GPI11	SDH7	Negative Genetic	genetic	PUBMED:27708008
YDR302W	YER059W	GPI11	PCL6	Negative Genetic	genetic	PUBMED:27708008
YDR302W	YER113C	GPI11	TMN3	Negative Genetic	genetic	PUBMED:27708008
YDR302W	YER123W	GPI11	YCK3	Negative Genetic	genetic	PUBMED:27708008
YDR302W	YER140W	GPI11	EMP65	Negative Genetic	genetic	PUBMED:27708008
YDR302W	YER149C	GPI11	PEA2	Negative Genetic	genetic	PUBMED:27708008
YDR302W	YER167W	GPI11	BCK2	Negative Genetic	genetic	PUBMED:27708008
YDR302W	YER178W	GPI11	PDA1	Negative Genetic	genetic	PUBMED:27708008
YDR302W	YFL031W	GPI11	HAC1	Negative Genetic	genetic	PUBMED:27708008
YDR302W	YFL054C	GPI11	YFL054C	Negative Genetic	genetic	PUBMED:27708008
YDR302W	YFR008W	GPI11	FAR7	Negative Genetic	genetic	PUBMED:27708008
YDR302W	YFR040W	GPI11	SAP155	Negative Genetic	genetic	PUBMED:27708008
YDR302W	YGL020C	GPI11	GET1	Negative Genetic	genetic	PUBMED:27708008
YDR302W	YGL027C	GPI11	CWH41	Negative Genetic	genetic	PUBMED:27708008
YDR302W	YGL081W	GPI11	YGL081W	Negative Genetic	genetic	PUBMED:27708008
YDR302W	YGL101W	GPI11	YGL101W	Negative Genetic	genetic	PUBMED:27708008
YDR302W	YGL115W	GPI11	SNF4	Negative Genetic	genetic	PUBMED:27708008
YDR302W	YGL133W	GPI11	ITC1	Negative Genetic	genetic	PUBMED:27708008
YDR302W	YGL151W	GPI11	NUT1	Negative Genetic	genetic	PUBMED:27708008
YDR302W	YGL158W	GPI11	RCK1	Negative Genetic	genetic	PUBMED:27708008
YDR302W	YGL166W	GPI11	CUP2	Negative Genetic	genetic	PUBMED:27708008
YDR302W	YGL173C	GPI11	XRN1	Negative Genetic	genetic	PUBMED:27708008
YDR302W	YGL181W	GPI11	GTS1	Negative Genetic	genetic	PUBMED:27708008
YDR302W	YGL202W	GPI11	ARO8	Negative Genetic	genetic	PUBMED:27708008
YDR302W	YGL227W	GPI11	VID30	Negative Genetic	genetic	PUBMED:27708008
YDR302W	YGL231C	GPI11	EMC4	Negative Genetic	genetic	PUBMED:27708008
YDR302W	YGL242C	GPI11	YGL242C	Negative Genetic	genetic	PUBMED:27708008
YDR302W	YGR004W	GPI11	PEX31	Negative Genetic	genetic	PUBMED:27708008
YDR302W	YGR007W	GPI11	ECT1	Negative Genetic	genetic	PUBMED:27708008
YDR302W	YGR008C	GPI11	STF2	Negative Genetic	genetic	PUBMED:27708008
YDR302W	YGR018C	GPI11	YGR018C	Negative Genetic	genetic	PUBMED:27708008
YDR302W	YGR058W	GPI11	PEF1	Negative Genetic	genetic	PUBMED:27708008
YDR302W	YGR068C	GPI11	ART5	Negative Genetic	genetic	PUBMED:27708008
YDR302W	YGR072W	GPI11	UPF3	Negative Genetic	genetic	PUBMED:27708008
YDR302W	YGR092W	GPI11	DBF2	Negative Genetic	genetic	PUBMED:27708008
YDR302W	YGR126W	GPI11	YGR126W	Negative Genetic	genetic	PUBMED:27708008
YDR302W	YGR134W	GPI11	CAF130	Negative Genetic	genetic	PUBMED:27708008
YDR302W	YGR163W	GPI11	GTR2	Negative Genetic	genetic	PUBMED:27708008
YDR302W	YGR166W	GPI11	TRS65	Negative Genetic	genetic	PUBMED:27708008
YDR302W	YGR170W	GPI11	PSD2	Negative Genetic	genetic	PUBMED:27708008
YDR302W	YGR192C	GPI11	TDH3	Negative Genetic	genetic	PUBMED:27708008
YDR302W	YGR196C	GPI11	FYV8	Negative Genetic	genetic	PUBMED:27708008
YDR302W	YGR206W	GPI11	MVB12	Negative Genetic	genetic	PUBMED:27708008
YDR302W	YGR233C	GPI11	PHO81	Negative Genetic	genetic	PUBMED:27708008
YDR302W	YGR282C	GPI11	BGL2	Negative Genetic	genetic	PUBMED:27708008
YDR302W	YHL020C	GPI11	OPI1	Negative Genetic	genetic	PUBMED:27708008
YDR302W	YHL029C	GPI11	OCA5	Negative Genetic	genetic	PUBMED:27708008
YDR302W	YHL031C	GPI11	GOS1	Negative Genetic	genetic	PUBMED:27708008
YDR302W	YHR045W	GPI11	YHR045W	Negative Genetic	genetic	PUBMED:27708008
YDR302W	YHR079C	GPI11	IRE1	Negative Genetic	genetic	PUBMED:27708008
YDR302W	YHR081W	GPI11	LRP1	Negative Genetic	genetic	PUBMED:27708008
YDR302W	YHR142W	GPI11	CHS7	Negative Genetic	genetic	PUBMED:27708008
YDR302W	YHR163W	GPI11	SOL3	Negative Genetic	genetic	PUBMED:27708008
YDR302W	YHR182W	GPI11	YHR182W	Negative Genetic	genetic	PUBMED:27708008
YDR302W	YHR203C	GPI11	RPS4B	Negative Genetic	genetic	PUBMED:27708008
YDR302W	YIL034C	GPI11	CAP2	Negative Genetic	genetic	PUBMED:27708008
YDR302W	YIL041W	GPI11	GVP36	Negative Genetic	genetic	PUBMED:27708008
YDR302W	YIL084C	GPI11	SDS3	Negative Genetic	genetic	PUBMED:27708008
YDR302W	YIL097W	GPI11	FYV10	Negative Genetic	genetic	PUBMED:27708008
YDR302W	YIL110W	GPI11	HPM1	Negative Genetic	genetic	PUBMED:27708008
YDR302W	YIR002C	GPI11	MPH1	Negative Genetic	genetic	PUBMED:27708008
YDR302W	YIR023W	GPI11	DAL81	Negative Genetic	genetic	PUBMED:27708008
YDR302W	YJL004C	GPI11	SYS1	Negative Genetic	genetic	PUBMED:27708008
YDR302W	YJL095W	GPI11	BCK1	Negative Genetic	genetic	PUBMED:27708008
YDR302W	YJL099W	GPI11	CHS6	Negative Genetic	genetic	PUBMED:27708008
YDR302W	YJL115W	GPI11	ASF1	Negative Genetic	genetic	PUBMED:27708008
YDR302W	YJL121C	GPI11	RPE1	Negative Genetic	genetic	PUBMED:27708008
YDR302W	YJL136C	GPI11	RPS21B	Negative Genetic	genetic	PUBMED:27708008
YDR302W	YJL138C	GPI11	TIF2	Negative Genetic	genetic	PUBMED:27708008
YDR302W	YJL183W	GPI11	MNN11	Negative Genetic	genetic	PUBMED:27708008
YDR302W	YJL192C	GPI11	SOP4	Negative Genetic	genetic	PUBMED:27708008
YDR302W	YJL214W	GPI11	HXT8	Negative Genetic	genetic	PUBMED:27708008
YDR302W	YJR011C	GPI11	YJR011C	Negative Genetic	genetic	PUBMED:27708008
YDR302W	YJR019C	GPI11	TES1	Negative Genetic	genetic	PUBMED:27708008
YDR302W	YJR025C	GPI11	BNA1	Negative Genetic	genetic	PUBMED:27708008
YDR302W	YJR033C	GPI11	RAV1	Negative Genetic	genetic	PUBMED:27708008
YDR302W	YJR040W	GPI11	GEF1	Negative Genetic	genetic	PUBMED:27708008
YDR302W	YJR097W	GPI11	JJJ3	Negative Genetic	genetic	PUBMED:27708008
YDR302W	YJR108W	GPI11	ABM1	Negative Genetic	genetic	PUBMED:27708008
YDR302W	YJR134C	GPI11	SGM1	Negative Genetic	genetic	PUBMED:27708008
YDR302W	YJR152W	GPI11	DAL5	Negative Genetic	genetic	PUBMED:27708008
YDR302W	YKL001C	GPI11	MET14	Negative Genetic	genetic	PUBMED:27708008
YDR302W	YKL009W	GPI11	MRT4	Negative Genetic	genetic	PUBMED:27708008
YDR302W	YKL032C	GPI11	IXR1	Negative Genetic	genetic	PUBMED:27708008
YDR302W	YKL041W	GPI11	VPS24	Negative Genetic	genetic	PUBMED:27708008
YDR302W	YKL048C	GPI11	ELM1	Negative Genetic	genetic	PUBMED:27708008
YDR302W	YKL074C	GPI11	MUD2	Negative Genetic	genetic	PUBMED:27708008
YDR302W	YKL094W	GPI11	YJU3	Negative Genetic	genetic	PUBMED:27708008
YDR302W	YKL101W	GPI11	HSL1	Negative Genetic	genetic	PUBMED:27708008
YDR302W	YKL113C	GPI11	RAD27	Negative Genetic	genetic	PUBMED:27708008
YDR302W	YKL127W	GPI11	PGM1	Negative Genetic	genetic	PUBMED:27708008
YDR302W	YKL190W	GPI11	CNB1	Negative Genetic	genetic	PUBMED:27708008
YDR302W	YKL191W	GPI11	DPH2	Negative Genetic	genetic	PUBMED:27708008
YDR302W	YKL207W	GPI11	EMC3	Negative Genetic	genetic	PUBMED:27708008
YDR302W	YKR009C	GPI11	FOX2	Negative Genetic	genetic	PUBMED:27708008
YDR302W	YKR019C	GPI11	IRS4	Negative Genetic	genetic	PUBMED:27708008
YDR302W	YKR024C	GPI11	DBP7	Negative Genetic	genetic	PUBMED:27708008
YDR302W	YKR031C	GPI11	SPO14	Negative Genetic	genetic	PUBMED:27708008
YDR302W	YKR099W	GPI11	BAS1	Negative Genetic	genetic	PUBMED:27708008
YDR302W	YLL014W	GPI11	EMC6	Negative Genetic	genetic	PUBMED:27708008
YDR302W	YLL021W	GPI11	SPA2	Negative Genetic	genetic	PUBMED:27708008
YDR302W	YLL023C	GPI11	POM33	Negative Genetic	genetic	PUBMED:27708008
YDR302W	YLR023C	GPI11	IZH3	Negative Genetic	genetic	PUBMED:27708008
YDR302W	YLR044C	GPI11	PDC1	Negative Genetic	genetic	PUBMED:27708008
YDR302W	YLR046C	GPI11	YLR046C	Negative Genetic	genetic	PUBMED:27708008
YDR302W	YLR054C	GPI11	OSW2	Negative Genetic	genetic	PUBMED:27708008
YDR302W	YLR058C	GPI11	SHM2	Negative Genetic	genetic	PUBMED:27708008
YDR302W	YLR087C	GPI11	CSF1	Negative Genetic	genetic	PUBMED:27708008
YDR302W	YLR089C	GPI11	ALT1	Negative Genetic	genetic	PUBMED:27708008
YDR302W	YLR096W	GPI11	KIN2	Negative Genetic	genetic	PUBMED:27708008
YDR302W	YLR114C	GPI11	AVL9	Negative Genetic	genetic	PUBMED:27708008
YDR302W	YLR119W	GPI11	SRN2	Negative Genetic	genetic	PUBMED:27708008
YDR302W	YLR144C	GPI11	ACF2	Negative Genetic	genetic	PUBMED:27708008
YDR302W	YLR149C	GPI11	YLR149C	Negative Genetic	genetic	PUBMED:27708008
YDR302W	YLR172C	GPI11	DPH5	Negative Genetic	genetic	PUBMED:27708008
YDR302W	YLR180W	GPI11	SAM1	Negative Genetic	genetic	PUBMED:27708008
YDR302W	YLR190W	GPI11	MMR1	Negative Genetic	genetic	PUBMED:27708008
YDR302W	YLR278C	GPI11	YLR278C	Negative Genetic	genetic	PUBMED:27708008
YDR302W	YLR287C-A	GPI11	RPS30A	Negative Genetic	genetic	PUBMED:27708008
YDR302W	YLR290C	GPI11	YLR290C	Negative Genetic	genetic	PUBMED:27708008
YDR302W	YLR292C	GPI11	SEC72	Negative Genetic	genetic	PUBMED:27708008
YDR302W	YLR329W	GPI11	REC102	Negative Genetic	genetic	PUBMED:27708008
YDR302W	YLR332W	GPI11	MID2	Negative Genetic	genetic	PUBMED:27708008
YDR302W	YLR337C	GPI11	VRP1	Negative Genetic	genetic	PUBMED:27708008
YDR302W	YLR364W	GPI11	GRX8	Negative Genetic	genetic	PUBMED:27708008
YDR302W	YLR371W	GPI11	ROM2	Negative Genetic	genetic	PUBMED:27708008
YDR302W	YLR373C	GPI11	VID22	Negative Genetic	genetic	PUBMED:27708008
YDR302W	YLR393W	GPI11	ATP10	Negative Genetic	genetic	PUBMED:27708008
YDR302W	YLR404W	GPI11	FLD1	Negative Genetic	genetic	PUBMED:27708008
YDR302W	YLR413W	GPI11	INA1	Negative Genetic	genetic	PUBMED:27708008
YDR302W	YLR436C	GPI11	ECM30	Negative Genetic	genetic	PUBMED:27708008
YDR302W	YLR450W	GPI11	HMG2	Negative Genetic	genetic	PUBMED:27708008
YDR302W	YML008C	GPI11	ERG6	Negative Genetic	genetic	PUBMED:27708008
YDR302W	YML019W	GPI11	OST6	Negative Genetic	genetic	PUBMED:27708008
YDR302W	YML020W	GPI11	YML020W	Negative Genetic	genetic	PUBMED:27708008
YDR302W	YML028W	GPI11	TSA1	Negative Genetic	genetic	PUBMED:27708008
YDR302W	YML048W	GPI11	GSF2	Negative Genetic	genetic	PUBMED:27708008
YDR302W	YML051W	GPI11	GAL80	Negative Genetic	genetic	PUBMED:27708008
YDR302W	YML063W	GPI11	RPS1B	Negative Genetic	genetic	PUBMED:27708008
YDR302W	YML071C	GPI11	COG8	Negative Genetic	genetic	PUBMED:27708008
YDR302W	YML097C	GPI11	VPS9	Negative Genetic	genetic	PUBMED:27708008
YDR302W	YML128C	GPI11	MSC1	Negative Genetic	genetic	PUBMED:27708008
YDR302W	YMR003W	GPI11	AIM34	Negative Genetic	genetic	PUBMED:27708008
YDR302W	YMR015C	GPI11	ERG5	Negative Genetic	genetic	PUBMED:27708008
YDR302W	YMR080C	GPI11	NAM7	Negative Genetic	genetic	PUBMED:27708008
YDR302W	YMR251W	GPI11	GTO3	Negative Genetic	genetic	PUBMED:27708008
YDR302W	YMR272C	GPI11	SCS7	Negative Genetic	genetic	PUBMED:27708008
YDR302W	YMR280C	GPI11	CAT8	Negative Genetic	genetic	PUBMED:27708008
YDR302W	YMR295C	GPI11	YMR295C	Negative Genetic	genetic	PUBMED:27708008
YDR302W	YMR316C-A	GPI11	YMR316C-A	Negative Genetic	genetic	PUBMED:27708008
YDR302W	YNL003C	GPI11	PET8	Negative Genetic	genetic	PUBMED:27708008
YDR302W	YNL016W	GPI11	PUB1	Negative Genetic	genetic	PUBMED:27708008
YDR302W	YNL029C	GPI11	KTR5	Negative Genetic	genetic	PUBMED:27708008
YDR302W	YNL032W	GPI11	SIW14	Negative Genetic	genetic	PUBMED:27708008
YDR302W	YNL087W	GPI11	TCB2	Negative Genetic	genetic	PUBMED:27708008
YDR302W	YNL097C	GPI11	PHO23	Negative Genetic	genetic	PUBMED:27708008
YDR302W	YNL099C	GPI11	OCA1	Negative Genetic	genetic	PUBMED:27708008
YDR302W	YNL101W	GPI11	AVT4	Negative Genetic	genetic	PUBMED:27708008
YDR302W	YNL111C	GPI11	CYB5	Negative Genetic	genetic	PUBMED:27708008
YDR302W	YNL127W	GPI11	FAR11	Negative Genetic	genetic	PUBMED:27708008
YDR302W	YNL136W	GPI11	EAF7	Negative Genetic	genetic	PUBMED:27708008
YDR302W	YNL146W	GPI11	YNL146W	Negative Genetic	genetic	PUBMED:27708008
YDR302W	YNR006W	GPI11	VPS27	Negative Genetic	genetic	PUBMED:27708008
YDR302W	YNR021W	GPI11	YNR021W	Negative Genetic	genetic	PUBMED:27708008
YDR302W	YNR027W	GPI11	BUD17	Negative Genetic	genetic	PUBMED:27708008
YDR302W	YNR071C	GPI11	YNR071C	Negative Genetic	genetic	PUBMED:27708008
YDR302W	YOL003C	GPI11	PFA4	Negative Genetic	genetic	PUBMED:27708008
YDR302W	YOL004W	GPI11	SIN3	Negative Genetic	genetic	PUBMED:27708008
YDR302W	YOL049W	GPI11	GSH2	Negative Genetic	genetic	PUBMED:27708008
YDR302W	YOL073C	GPI11	DSC2	Negative Genetic	genetic	PUBMED:27708008
YDR302W	YOR002W	GPI11	ALG6	Negative Genetic	genetic	PUBMED:27708008
YDR302W	YOR022C	GPI11	YOR022C	Negative Genetic	genetic	PUBMED:27708008
YDR302W	YOR034C	GPI11	AKR2	Negative Genetic	genetic	PUBMED:27708008
YDR302W	YOR043W	GPI11	WHI2	Negative Genetic	genetic	PUBMED:27708008
YDR302W	YOR067C	GPI11	ALG8	Negative Genetic	genetic	PUBMED:27708008
YDR302W	YOR070C	GPI11	GYP1	Negative Genetic	genetic	PUBMED:27708008
YDR302W	YOR078W	GPI11	BUD21	Negative Genetic	genetic	PUBMED:27708008
YDR302W	YOR112W	GPI11	CEX1	Negative Genetic	genetic	PUBMED:27708008
YDR302W	YOR120W	GPI11	GCY1	Negative Genetic	genetic	PUBMED:27708008
YDR302W	YOR125C	GPI11	CAT5	Negative Genetic	genetic	PUBMED:27708008
YDR302W	YOR140W	GPI11	SFL1	Negative Genetic	genetic	PUBMED:27708008
YDR302W	YOR166C	GPI11	SWT1	Negative Genetic	genetic	PUBMED:27708008
YDR302W	YOR191W	GPI11	ULS1	Negative Genetic	genetic	PUBMED:27708008
YDR302W	YOR209C	GPI11	NPT1	Negative Genetic	genetic	PUBMED:27708008
YDR302W	YOR216C	GPI11	RUD3	Negative Genetic	genetic	PUBMED:27708008
YDR302W	YOR222W	GPI11	ODC2	Negative Genetic	genetic	PUBMED:27708008
YDR302W	YOR223W	GPI11	DSC3	Negative Genetic	genetic	PUBMED:27708008
YDR302W	YOR228C	GPI11	MCP1	Negative Genetic	genetic	PUBMED:27708008
YDR302W	YOR231W	GPI11	MKK1	Negative Genetic	genetic	PUBMED:27708008
YDR302W	YOR276W	GPI11	CAF20	Negative Genetic	genetic	PUBMED:27708008
YDR302W	YOR293W	GPI11	RPS10A	Negative Genetic	genetic	PUBMED:27708008
YDR302W	YOR296W	GPI11	YOR296W	Negative Genetic	genetic	PUBMED:27708008
YDR302W	YOR311C	GPI11	DGK1	Negative Genetic	genetic	PUBMED:27708008
YDR302W	YOR351C	GPI11	MEK1	Negative Genetic	genetic	PUBMED:27708008
YDR302W	YOR355W	GPI11	GDS1	Negative Genetic	genetic	PUBMED:27708008
YDR302W	YOR358W	GPI11	HAP5	Negative Genetic	genetic	PUBMED:27708008
YDR302W	YPL024W	GPI11	RMI1	Negative Genetic	genetic	PUBMED:27708008
YDR302W	YPL041C	GPI11	YPL041C	Negative Genetic	genetic	PUBMED:27708008
YDR302W	YPL047W	GPI11	SGF11	Negative Genetic	genetic	PUBMED:27708008
YDR302W	YPL051W	GPI11	ARL3	Negative Genetic	genetic	PUBMED:27708008
YDR302W	YPL055C	GPI11	LGE1	Negative Genetic	genetic	PUBMED:27708008
YDR302W	YPL057C	GPI11	SUR1	Negative Genetic	genetic	PUBMED:27708008
YDR302W	YPL061W	GPI11	ALD6	Negative Genetic	genetic	PUBMED:27708008
YDR302W	YPL092W	GPI11	SSU1	Negative Genetic	genetic	PUBMED:27708008
YDR302W	YPL103C	GPI11	FMP30	Negative Genetic	genetic	PUBMED:27708008
YDR302W	YPL106C	GPI11	SSE1	Negative Genetic	genetic	PUBMED:27708008
YDR302W	YPL139C	GPI11	UME1	Negative Genetic	genetic	PUBMED:27708008
YDR302W	YPL170W	GPI11	DAP1	Negative Genetic	genetic	PUBMED:27708008
YDR302W	YPL192C	GPI11	PRM3	Negative Genetic	genetic	PUBMED:27708008
YDR302W	YPL213W	GPI11	LEA1	Negative Genetic	genetic	PUBMED:27708008
YDR302W	YPL226W	GPI11	NEW1	Negative Genetic	genetic	PUBMED:27708008
YDR302W	YPL227C	GPI11	ALG5	Negative Genetic	genetic	PUBMED:27708008
YDR302W	YPL244C	GPI11	HUT1	Negative Genetic	genetic	PUBMED:27708008
YDR302W	YPL256C	GPI11	CLN2	Negative Genetic	genetic	PUBMED:27708008
YDR302W	YPR027C	GPI11	YPR027C	Negative Genetic	genetic	PUBMED:27708008
YDR302W	YPR030W	GPI11	CSR2	Negative Genetic	genetic	PUBMED:27708008
YDR302W	YPR037C	GPI11	ERV2	Negative Genetic	genetic	PUBMED:27708008
YDR302W	YPR052C	GPI11	NHP6A	Negative Genetic	genetic	PUBMED:27708008
YDR302W	YPR060C	GPI11	ARO7	Negative Genetic	genetic	PUBMED:27708008
YDR302W	YPR063C	GPI11	YPR063C	Negative Genetic	genetic	PUBMED:27708008
YDR302W	YPR075C	GPI11	OPY2	Negative Genetic	genetic	PUBMED:27708008
YDR302W	YPR091C	GPI11	NVJ2	Negative Genetic	genetic	PUBMED:27708008
YDR302W	YPR095C	GPI11	SYT1	Negative Genetic	genetic	PUBMED:27708008
YDR302W	YPR096C	GPI11	YPR096C	Negative Genetic	genetic	PUBMED:27708008
YDR302W	YPR097W	GPI11	YPR097W	Negative Genetic	genetic	PUBMED:27708008
YDR302W	YPR098C	GPI11	YPR098C	Negative Genetic	genetic	PUBMED:27708008
YDR331W	YBR023C	GPI8	CHS3	Negative Genetic	genetic	PUBMED:27708008
YDR331W	YPL036W	GPI8	PMA2	Negative Genetic	genetic	PUBMED:27708008
YDR361C	YPL036W	BCP1	PMA2	Negative Genetic	genetic	PUBMED:27708008
YDR376W	YAR029W	ARH1	YAR029W	Negative Genetic	genetic	PUBMED:27708008
YDR376W	YBR010W	ARH1	HHT1	Negative Genetic	genetic	PUBMED:27708008
YDR376W	YBR267W	ARH1	REI1	Negative Genetic	genetic	PUBMED:27708008
YDR376W	YDL006W	ARH1	PTC1	Negative Genetic	genetic	PUBMED:27708008
YDR376W	YDR080W	ARH1	VPS41	Negative Genetic	genetic	PUBMED:27708008
YDR376W	YER093C-A	ARH1	AIM11	Negative Genetic	genetic	PUBMED:27708008
YDR376W	YGL066W	ARH1	SGF73	Negative Genetic	genetic	PUBMED:27708008
YDR376W	YGR170W	ARH1	PSD2	Negative Genetic	genetic	PUBMED:27708008
YDR376W	YGR292W	ARH1	MAL12	Negative Genetic	genetic	PUBMED:27708008
YDR376W	YHL021C	ARH1	AIM17	Negative Genetic	genetic	PUBMED:27708008
YDR376W	YHR046C	ARH1	INM1	Negative Genetic	genetic	PUBMED:27708008
YDR376W	YIL090W	ARH1	ICE2	Negative Genetic	genetic	PUBMED:27708008
YDR376W	YIL134W	ARH1	FLX1	Negative Genetic	genetic	PUBMED:27708008
YDR376W	YJR011C	ARH1	YJR011C	Negative Genetic	genetic	PUBMED:27708008
YDR376W	YJR053W	ARH1	BFA1	Negative Genetic	genetic	PUBMED:27708008
YDR376W	YLL023C	ARH1	POM33	Negative Genetic	genetic	PUBMED:27708008
YDR376W	YMR019W	ARH1	STB4	Negative Genetic	genetic	PUBMED:27708008
YDR376W	YMR297W	ARH1	PRC1	Negative Genetic	genetic	PUBMED:27708008
YDR376W	YNL082W	ARH1	PMS1	Negative Genetic	genetic	PUBMED:27708008
YDR376W	YOL041C	ARH1	NOP12	Negative Genetic	genetic	PUBMED:27708008
YDR376W	YOL047C	ARH1	LDS2	Negative Genetic	genetic	PUBMED:27708008
YDR376W	YOR065W	ARH1	CYT1	Negative Genetic	genetic	PUBMED:27708008
YDR376W	YOR083W	ARH1	WHI5	Negative Genetic	genetic	PUBMED:27708008
YDR376W	YOR293W	ARH1	RPS10A	Negative Genetic	genetic	PUBMED:27708008
YDR376W	YOR298W	ARH1	MUM3	Negative Genetic	genetic	PUBMED:27708008
YDR376W	YPL022W	ARH1	RAD1	Negative Genetic	genetic	PUBMED:27708008
YDR376W	YPL069C	ARH1	BTS1	Negative Genetic	genetic	PUBMED:27708008
YDR376W	YPL226W	ARH1	NEW1	Negative Genetic	genetic	PUBMED:27708008
YDR376W	YPL262W	ARH1	FUM1	Negative Genetic	genetic	PUBMED:27708008
YDR376W	YPR022C	ARH1	YPR022C	Negative Genetic	genetic	PUBMED:27708008
YDR376W	YPR043W	ARH1	RPL43A	Negative Genetic	genetic	PUBMED:27708008
YDR376W	YPR135W	ARH1	CTF4	Negative Genetic	genetic	PUBMED:27708008
YDR434W	YBR023C	GPI17	CHS3	Negative Genetic	genetic	PUBMED:27708008
YDR468C	YHL012W	TLG1	YHL012W	Negative Genetic	genetic	PUBMED:27708008
YDR472W	YKL150W	TRS31	MCR1	Negative Genetic	genetic	PUBMED:27708008
YDR478W	YPL036W	SNM1	PMA2	Negative Genetic	genetic	PUBMED:27708008
YEL019C	YOR347C	MMS21	PYK2	Negative Genetic	genetic	PUBMED:27708008
YEL034W	YPL036W	HYP2	PMA2	Negative Genetic	genetic	PUBMED:27708008
YER009W	YCR024C-A	NTF2	PMP1	Negative Genetic	genetic	PUBMED:27708008
YER093C	YBR023C	TSC11	CHS3	Negative Genetic	genetic	PUBMED:27708008
YER125W	YPL036W	RSP5	PMA2	Negative Genetic	genetic	PUBMED:27708008
YER157W	YBR085W	COG3	AAC3	Negative Genetic	genetic	PUBMED:27708008
YER172C	YPL036W	BRR2	PMA2	Negative Genetic	genetic	PUBMED:27708008
YFL002C	YPL036W	SPB4	PMA2	Negative Genetic	genetic	PUBMED:27708008
YFL009W	YPL036W	CDC4	PMA2	Negative Genetic	genetic	PUBMED:27708008
YFL034C-B	YBR023C	MOB2	CHS3	Negative Genetic	genetic	PUBMED:27708008
YFL034C-B	YKR039W	MOB2	GAP1	Negative Genetic	genetic	PUBMED:27708008
YFL034C-B	YPL036W	MOB2	PMA2	Negative Genetic	genetic	PUBMED:27708008
YFL039C	YBR023C	ACT1	CHS3	Negative Genetic	genetic	PUBMED:27708008
YFL039C	YKL150W	ACT1	MCR1	Negative Genetic	genetic	PUBMED:27708008
YFL039C	YPL036W	ACT1	PMA2	Negative Genetic	genetic	PUBMED:27708008
YGL008C	YBL091C-A	PMA1	SCS22	Negative Genetic	genetic	PUBMED:27708008
YGL008C	YBR157C	PMA1	ICS2	Negative Genetic	genetic	PUBMED:27708008
YGL008C	YDR080W	PMA1	VPS41	Negative Genetic	genetic	PUBMED:27708008
YGL008C	YER093C-A	PMA1	AIM11	Negative Genetic	genetic	PUBMED:27708008
YGL008C	YHR046C	PMA1	INM1	Negative Genetic	genetic	PUBMED:27708008
YGL008C	YJR011C	PMA1	YJR011C	Negative Genetic	genetic	PUBMED:27708008
YGL008C	YJR099W	PMA1	YUH1	Negative Genetic	genetic	PUBMED:27708008
YGL008C	YKL150W	PMA1	MCR1	Negative Genetic	genetic	PUBMED:27708008
YGL008C	YLR350W	PMA1	ORM2	Negative Genetic	genetic	PUBMED:27708008
YGL008C	YLR395C	PMA1	COX8	Negative Genetic	genetic	PUBMED:27708008
YGL008C	YLR441C	PMA1	RPS1A	Negative Genetic	genetic	PUBMED:27708008
YGL008C	YMR201C	PMA1	RAD14	Negative Genetic	genetic	PUBMED:27708008
YGL008C	YNL082W	PMA1	PMS1	Negative Genetic	genetic	PUBMED:27708008
YGL008C	YOR065W	PMA1	CYT1	Negative Genetic	genetic	PUBMED:27708008
YGL008C	YPL022W	PMA1	RAD1	Negative Genetic	genetic	PUBMED:27708008
YGL008C	YPL036W	PMA1	PMA2	Negative Genetic	genetic	PUBMED:27708008
YGL008C	YPR043W	PMA1	RPL43A	Negative Genetic	genetic	PUBMED:27708008
YGL055W	YPL036W	OLE1	PMA2	Negative Genetic	genetic	PUBMED:27708008
YGL093W	YPL036W	SPC105	PMA2	Negative Genetic	genetic	PUBMED:27708008
YGL103W	YBR023C	RPL28	CHS3	Negative Genetic	genetic	PUBMED:27708008
YGL103W	YPL036W	RPL28	PMA2	Negative Genetic	genetic	PUBMED:27708008
YGL111W	YJR069C	NSA1	HAM1	Negative Genetic	genetic	PUBMED:27708008
YGL116W	YIL043C	CDC20	CBR1	Negative Genetic	genetic	PUBMED:27708008
YGL142C	YBR023C	GPI10	CHS3	Negative Genetic	genetic	PUBMED:27708008
YGL169W	YKL150W	SUA5	MCR1	Negative Genetic	genetic	PUBMED:27708008
YGL238W	YKL150W	CSE1	MCR1	Negative Genetic	genetic	PUBMED:27708008
YGL245W	YPL036W	GUS1	PMA2	Negative Genetic	genetic	PUBMED:27708008
YGL247W	YIL066C	BRR6	RNR3	Negative Genetic	genetic	PUBMED:27708008
YGR024C	YCR024C-A	THG1	PMP1	Negative Genetic	genetic	PUBMED:27708008
YGR065C	YKL150W	VHT1	MCR1	Negative Genetic	genetic	PUBMED:27708008
YGR092W	YKR039W	DBF2	GAP1	Negative Genetic	genetic	PUBMED:27708008
YGR099W	YPL036W	TEL2	PMA2	Negative Genetic	genetic	PUBMED:27708008
YGR113W	YPL036W	DAM1	PMA2	Negative Genetic	genetic	PUBMED:27708008
YGR128C	YIL043C	UTP8	CBR1	Negative Genetic	genetic	PUBMED:27708008
YGR145W	YKL150W	ENP2	MCR1	Negative Genetic	genetic	PUBMED:27708008
YGR185C	YPL036W	TYS1	PMA2	Negative Genetic	genetic	PUBMED:27708008
YGR198W	YKL150W	YPP1	MCR1	Negative Genetic	genetic	PUBMED:27708008
YGR245C	YPL036W	SDA1	PMA2	Negative Genetic	genetic	PUBMED:27708008
YGR251W	YBR023C	NOP19	CHS3	Negative Genetic	genetic	PUBMED:27708008
YGR264C	YPL036W	MES1	PMA2	Negative Genetic	genetic	PUBMED:27708008
YGR274C	YPL036W	TAF1	PMA2	Negative Genetic	genetic	PUBMED:27708008
YHR058C	YPL036W	MED6	PMA2	Negative Genetic	genetic	PUBMED:27708008
YHR062C	YKL150W	RPP1	MCR1	Negative Genetic	genetic	PUBMED:27708008
YHR072W	YKL150W	ERG7	MCR1	Negative Genetic	genetic	PUBMED:27708008
YHR083W	YPL036W	SAM35	PMA2	Negative Genetic	genetic	PUBMED:27708008
YHR107C	YBR023C	CDC12	CHS3	Negative Genetic	genetic	PUBMED:27708008
YHR188C	YBR023C	GPI16	CHS3	Negative Genetic	genetic	PUBMED:27708008
YIL003W	YPL036W	CFD1	PMA2	Negative Genetic	genetic	PUBMED:27708008
YIL003W	YKL150W	CFD1	MCR1	Negative Genetic	genetic	PUBMED:27708008
YIL021W	YHL012W	RPB3	YHL012W	Negative Genetic	genetic	PUBMED:27708008
YIL026C	YPL036W	IRR1	PMA2	Negative Genetic	genetic	PUBMED:27708008
YIL062C	YBR023C	ARC15	CHS3	Negative Genetic	genetic	PUBMED:27708008
YIL129C	YBR023C	TAO3	CHS3	Negative Genetic	genetic	PUBMED:27708008
YIL142W	YKL150W	CCT2	MCR1	Negative Genetic	genetic	PUBMED:27708008
YIL143C	YKR039W	SSL2	GAP1	Negative Genetic	genetic	PUBMED:27708008
YIL150C	YPL036W	MCM10	PMA2	Negative Genetic	genetic	PUBMED:27708008
YJL002C	YPL036W	OST1	PMA2	Negative Genetic	genetic	PUBMED:27708008
YJL008C	YKL150W	CCT8	MCR1	Negative Genetic	genetic	PUBMED:27708008
YJL031C	YHL012W	BET4	YHL012W	Negative Genetic	genetic	PUBMED:27708008
YJL035C	YKR039W	TAD2	GAP1	Negative Genetic	genetic	PUBMED:27708008
YJL054W	YKL150W	TIM54	MCR1	Negative Genetic	genetic	PUBMED:27708008
YJL091C	YBR023C	GWT1	CHS3	Negative Genetic	genetic	PUBMED:27708008
YJL104W	YKR039W	PAM16	GAP1	Negative Genetic	genetic	PUBMED:27708008
YJR046W	YOR347C	TAH11	PYK2	Negative Genetic	genetic	PUBMED:27708008
YJR057W	YPL036W	CDC8	PMA2	Negative Genetic	genetic	PUBMED:27708008
YJR076C	YBR023C	CDC11	CHS3	Negative Genetic	genetic	PUBMED:27708008
YJR112W	YPL036W	NNF1	PMA2	Negative Genetic	genetic	PUBMED:27708008
YKL022C	YPL036W	CDC16	PMA2	Negative Genetic	genetic	PUBMED:27708008
YKL035W	YBR023C	UGP1	CHS3	Negative Genetic	genetic	PUBMED:27708008
YKL035W	YDL035C	UGP1	GPR1	Negative Genetic	genetic	PUBMED:27708008
YKL035W	YDL074C	UGP1	BRE1	Negative Genetic	genetic	PUBMED:27708008
YKL035W	YDR072C	UGP1	IPT1	Negative Genetic	genetic	PUBMED:27708008
YKL035W	YER089C	UGP1	PTC2	Negative Genetic	genetic	PUBMED:27708008
YKL035W	YER111C	UGP1	SWI4	Negative Genetic	genetic	PUBMED:27708008
YKL035W	YGL029W	UGP1	CGR1	Negative Genetic	genetic	PUBMED:27708008
YKL035W	YJL099W	UGP1	CHS6	Negative Genetic	genetic	PUBMED:27708008
YKL035W	YLR330W	UGP1	CHS5	Negative Genetic	genetic	PUBMED:27708008
YKL035W	YLR371W	UGP1	ROM2	Negative Genetic	genetic	PUBMED:27708008
YKL035W	YNL076W	UGP1	MKS1	Negative Genetic	genetic	PUBMED:27708008
YKL035W	YOL041C	UGP1	NOP12	Negative Genetic	genetic	PUBMED:27708008
YKL035W	YOL067C	UGP1	RTG1	Negative Genetic	genetic	PUBMED:27708008
YKL035W	YOR001W	UGP1	RRP6	Negative Genetic	genetic	PUBMED:27708008
YKL035W	YOR322C	UGP1	LDB19	Negative Genetic	genetic	PUBMED:27708008
YKL052C	YPL036W	ASK1	PMA2	Negative Genetic	genetic	PUBMED:27708008
YKL144C	YPL036W	RPC25	PMA2	Negative Genetic	genetic	PUBMED:27708008
YKL154W	YMR101C	SRP102	SRT1	Negative Genetic	genetic	PUBMED:27708008
YKL203C	YPL036W	TOR2	PMA2	Negative Genetic	genetic	PUBMED:27708008
YKL203C	YBR023C	TOR2	CHS3	Negative Genetic	genetic	PUBMED:27708008
YKR063C	YOR347C	LAS1	PYK2	Negative Genetic	genetic	PUBMED:27708008
YLL008W	YKL150W	DRS1	MCR1	Negative Genetic	genetic	PUBMED:27708008
YLL031C	YAL013W	GPI13	DEP1	Negative Genetic	genetic	PUBMED:27708008
YLL031C	YBL081W	GPI13	YBL081W	Negative Genetic	genetic	PUBMED:27708008
YLL031C	YBL082C	GPI13	ALG3	Negative Genetic	genetic	PUBMED:27708008
YLL031C	YBR013C	GPI13	YBR013C	Negative Genetic	genetic	PUBMED:27708008
YLL031C	YBR036C	GPI13	CSG2	Negative Genetic	genetic	PUBMED:27708008
YLL031C	YBR171W	GPI13	SEC66	Negative Genetic	genetic	PUBMED:27708008
YLL031C	YBR238C	GPI13	YBR238C	Negative Genetic	genetic	PUBMED:27708008
YLL031C	YBR260C	GPI13	RGD1	Negative Genetic	genetic	PUBMED:27708008
YLL031C	YBR283C	GPI13	SSH1	Negative Genetic	genetic	PUBMED:27708008
YLL031C	YCL025C	GPI13	AGP1	Negative Genetic	genetic	PUBMED:27708008
YLL031C	YCL044C	GPI13	MGR1	Negative Genetic	genetic	PUBMED:27708008
YLL031C	YCR075C	GPI13	ERS1	Negative Genetic	genetic	PUBMED:27708008
YLL031C	YCR102C	GPI13	YCR102C	Negative Genetic	genetic	PUBMED:27708008
YLL031C	YDL006W	GPI13	PTC1	Negative Genetic	genetic	PUBMED:27708008
YLL031C	YDL076C	GPI13	RXT3	Negative Genetic	genetic	PUBMED:27708008
YLL031C	YDL083C	GPI13	RPS16B	Negative Genetic	genetic	PUBMED:27708008
YLL031C	YDL091C	GPI13	UBX3	Negative Genetic	genetic	PUBMED:27708008
YLL031C	YDR072C	GPI13	IPT1	Negative Genetic	genetic	PUBMED:27708008
YLL031C	YDR205W	GPI13	MSC2	Negative Genetic	genetic	PUBMED:27708008
YLL031C	YDR207C	GPI13	UME6	Negative Genetic	genetic	PUBMED:27708008
YLL031C	YDR245W	GPI13	MNN10	Negative Genetic	genetic	PUBMED:27708008
YLL031C	YDR262W	GPI13	YDR262W	Negative Genetic	genetic	PUBMED:27708008
YLL031C	YDR265W	GPI13	PEX10	Negative Genetic	genetic	PUBMED:27708008
YLL031C	YDR372C	GPI13	VPS74	Negative Genetic	genetic	PUBMED:27708008
YLL031C	YDR384C	GPI13	ATO3	Negative Genetic	genetic	PUBMED:27708008
YLL031C	YDR414C	GPI13	ERD1	Negative Genetic	genetic	PUBMED:27708008
YLL031C	YDR428C	GPI13	BNA7	Negative Genetic	genetic	PUBMED:27708008
YLL031C	YER056C	GPI13	FCY2	Negative Genetic	genetic	PUBMED:27708008
YLL031C	YER111C	GPI13	SWI4	Negative Genetic	genetic	PUBMED:27708008
YLL031C	YER151C	GPI13	UBP3	Negative Genetic	genetic	PUBMED:27708008
YLL031C	YFL031W	GPI13	HAC1	Negative Genetic	genetic	PUBMED:27708008
YLL031C	YGL005C	GPI13	COG7	Negative Genetic	genetic	PUBMED:27708008
YLL031C	YGL020C	GPI13	GET1	Negative Genetic	genetic	PUBMED:27708008
YLL031C	YGL029W	GPI13	CGR1	Negative Genetic	genetic	PUBMED:27708008
YLL031C	YGL078C	GPI13	DBP3	Negative Genetic	genetic	PUBMED:27708008
YLL031C	YGL136C	GPI13	MRM2	Negative Genetic	genetic	PUBMED:27708008
YLL031C	YGL140C	GPI13	YGL140C	Negative Genetic	genetic	PUBMED:27708008
YLL031C	YGL153W	GPI13	PEX14	Negative Genetic	genetic	PUBMED:27708008
YLL031C	YGL173C	GPI13	XRN1	Negative Genetic	genetic	PUBMED:27708008
YLL031C	YGR038W	GPI13	ORM1	Negative Genetic	genetic	PUBMED:27708008
YLL031C	YGR072W	GPI13	UPF3	Negative Genetic	genetic	PUBMED:27708008
YLL031C	YGR097W	GPI13	ASK10	Negative Genetic	genetic	PUBMED:27708008
YLL031C	YGR170W	GPI13	PSD2	Negative Genetic	genetic	PUBMED:27708008
YLL031C	YGR181W	GPI13	TIM13	Negative Genetic	genetic	PUBMED:27708008
YLL031C	YGR196C	GPI13	FYV8	Negative Genetic	genetic	PUBMED:27708008
YLL031C	YHL020C	GPI13	OPI1	Negative Genetic	genetic	PUBMED:27708008
YLL031C	YHR030C	GPI13	SLT2	Negative Genetic	genetic	PUBMED:27708008
YLL031C	YHR041C	GPI13	SRB2	Negative Genetic	genetic	PUBMED:27708008
YLL031C	YHR081W	GPI13	LRP1	Negative Genetic	genetic	PUBMED:27708008
YLL031C	YHR153C	GPI13	SPO16	Negative Genetic	genetic	PUBMED:27708008
YLL031C	YHR203C	GPI13	RPS4B	Negative Genetic	genetic	PUBMED:27708008
YLL031C	YIL084C	GPI13	SDS3	Negative Genetic	genetic	PUBMED:27708008
YLL031C	YIL090W	GPI13	ICE2	Negative Genetic	genetic	PUBMED:27708008
YLL031C	YIL093C	GPI13	RSM25	Negative Genetic	genetic	PUBMED:27708008
YLL031C	YIL110W	GPI13	HPM1	Negative Genetic	genetic	PUBMED:27708008
YLL031C	YJL062W	GPI13	LAS21	Negative Genetic	genetic	PUBMED:27708008
YLL031C	YJL095W	GPI13	BCK1	Negative Genetic	genetic	PUBMED:27708008
YLL031C	YJL123C	GPI13	MTC1	Negative Genetic	genetic	PUBMED:27708008
YLL031C	YJL186W	GPI13	MNN5	Negative Genetic	genetic	PUBMED:27708008
YLL031C	YJR074W	GPI13	MOG1	Negative Genetic	genetic	PUBMED:27708008
YLL031C	YJR084W	GPI13	YJR084W	Negative Genetic	genetic	PUBMED:27708008
YLL031C	YJR117W	GPI13	STE24	Negative Genetic	genetic	PUBMED:27708008
YLL031C	YKL047W	GPI13	ANR2	Negative Genetic	genetic	PUBMED:27708008
YLL031C	YKL069W	GPI13	YKL069W	Negative Genetic	genetic	PUBMED:27708008
YLL031C	YKL184W	GPI13	SPE1	Negative Genetic	genetic	PUBMED:27708008
YLL031C	YKL190W	GPI13	CNB1	Negative Genetic	genetic	PUBMED:27708008
YLL031C	YKL191W	GPI13	DPH2	Negative Genetic	genetic	PUBMED:27708008
YLL031C	YKR094C	GPI13	RPL40B	Negative Genetic	genetic	PUBMED:27708008
YLL031C	YML019W	GPI13	OST6	Negative Genetic	genetic	PUBMED:27708008
YLL031C	YML051W	GPI13	GAL80	Negative Genetic	genetic	PUBMED:27708008
YLL031C	YML071C	GPI13	COG8	Negative Genetic	genetic	PUBMED:27708008
YLL031C	YMR015C	GPI13	ERG5	Negative Genetic	genetic	PUBMED:27708008
YLL031C	YMR116C	GPI13	ASC1	Negative Genetic	genetic	PUBMED:27708008
YLL031C	YMR273C	GPI13	ZDS1	Negative Genetic	genetic	PUBMED:27708008
YLL031C	YMR275C	GPI13	BUL1	Negative Genetic	genetic	PUBMED:27708008
YLL031C	YNL041C	GPI13	COG6	Negative Genetic	genetic	PUBMED:27708008
YLL031C	YNR039C	GPI13	ZRG17	Negative Genetic	genetic	PUBMED:27708008
YLL031C	YNR051C	GPI13	BRE5	Negative Genetic	genetic	PUBMED:27708008
YLL031C	YOL004W	GPI13	SIN3	Negative Genetic	genetic	PUBMED:27708008
YLL031C	YOL009C	GPI13	MDM12	Negative Genetic	genetic	PUBMED:27708008
YLL031C	YOL138C	GPI13	RTC1	Negative Genetic	genetic	PUBMED:27708008
YLL031C	YOL141W	GPI13	PPM2	Negative Genetic	genetic	PUBMED:27708008
YLL031C	YOR007C	GPI13	SGT2	Negative Genetic	genetic	PUBMED:27708008
YLL031C	YOR019W	GPI13	YOR019W	Negative Genetic	genetic	PUBMED:27708008
YLL031C	YOR028C	GPI13	CIN5	Negative Genetic	genetic	PUBMED:27708008
YLL031C	YOR085W	GPI13	OST3	Negative Genetic	genetic	PUBMED:27708008
YLL031C	YOR101W	GPI13	RAS1	Negative Genetic	genetic	PUBMED:27708008
YLL031C	YOR216C	GPI13	RUD3	Negative Genetic	genetic	PUBMED:27708008
YLL031C	YOR231W	GPI13	MKK1	Negative Genetic	genetic	PUBMED:27708008
YLL031C	YOR252W	GPI13	TMA16	Negative Genetic	genetic	PUBMED:27708008
YLL031C	YOR368W	GPI13	RAD17	Negative Genetic	genetic	PUBMED:27708008
YLL031C	YPL057C	GPI13	SUR1	Negative Genetic	genetic	PUBMED:27708008
YLL031C	YPL106C	GPI13	SSE1	Negative Genetic	genetic	PUBMED:27708008
YLL031C	YPL227C	GPI13	ALG5	Negative Genetic	genetic	PUBMED:27708008
YLL031C	YPL244C	GPI13	HUT1	Negative Genetic	genetic	PUBMED:27708008
YLL031C	YPR043W	GPI13	RPL43A	Negative Genetic	genetic	PUBMED:27708008
YLL031C	YPR045C	GPI13	THP3	Negative Genetic	genetic	PUBMED:27708008
YLL031C	YAL058W	GPI13	CNE1	Negative Genetic	genetic	PUBMED:27708008
YLL031C	YBR086C	GPI13	IST2	Negative Genetic	genetic	PUBMED:27708008
YLL031C	YBR095C	GPI13	RXT2	Negative Genetic	genetic	PUBMED:27708008
YLL031C	YBR126C	GPI13	TPS1	Negative Genetic	genetic	PUBMED:27708008
YLL031C	YCL001W	GPI13	RER1	Negative Genetic	genetic	PUBMED:27708008
YLL031C	YCR017C	GPI13	CWH43	Negative Genetic	genetic	PUBMED:27708008
YLL031C	YCR044C	GPI13	PER1	Negative Genetic	genetic	PUBMED:27708008
YLL031C	YCR065W	GPI13	HCM1	Negative Genetic	genetic	PUBMED:27708008
YLL031C	YCR068W	GPI13	ATG15	Negative Genetic	genetic	PUBMED:27708008
YLL031C	YDL133W	GPI13	SRF1	Negative Genetic	genetic	PUBMED:27708008
YLL031C	YDL203C	GPI13	ACK1	Negative Genetic	genetic	PUBMED:27708008
YLL031C	YDL232W	GPI13	OST4	Negative Genetic	genetic	PUBMED:27708008
YLL031C	YDR073W	GPI13	SNF11	Negative Genetic	genetic	PUBMED:27708008
YLL031C	YDR389W	GPI13	SAC7	Negative Genetic	genetic	PUBMED:27708008
YLL031C	YDR477W	GPI13	SNF1	Negative Genetic	genetic	PUBMED:27708008
YLL031C	YFL025C	GPI13	BST1	Negative Genetic	genetic	PUBMED:27708008
YLL031C	YFR019W	GPI13	FAB1	Negative Genetic	genetic	PUBMED:27708008
YLL031C	YGL019W	GPI13	CKB1	Negative Genetic	genetic	PUBMED:27708008
YLL031C	YGL054C	GPI13	ERV14	Negative Genetic	genetic	PUBMED:27708008
YLL031C	YGL060W	GPI13	YBP2	Negative Genetic	genetic	PUBMED:27708008
YLL031C	YGL084C	GPI13	GUP1	Negative Genetic	genetic	PUBMED:27708008
YLL031C	YGR007W	GPI13	ECT1	Negative Genetic	genetic	PUBMED:27708008
YLL031C	YGR021W	GPI13	YGR021W	Negative Genetic	genetic	PUBMED:27708008
YLL031C	YGR044C	GPI13	RME1	Negative Genetic	genetic	PUBMED:27708008
YLL031C	YGR143W	GPI13	SKN1	Negative Genetic	genetic	PUBMED:27708008
YLL031C	YGR227W	GPI13	DIE2	Negative Genetic	genetic	PUBMED:27708008
YLL031C	YGR284C	GPI13	ERV29	Negative Genetic	genetic	PUBMED:27708008
YLL031C	YHL023C	GPI13	NPR3	Negative Genetic	genetic	PUBMED:27708008
YLL031C	YHL025W	GPI13	SNF6	Negative Genetic	genetic	PUBMED:27708008
YLL031C	YHR162W	GPI13	MPC2	Negative Genetic	genetic	PUBMED:27708008
YLL031C	YIR033W	GPI13	MGA2	Negative Genetic	genetic	PUBMED:27708008
YLL031C	YJR014W	GPI13	TMA22	Negative Genetic	genetic	PUBMED:27708008
YLL031C	YJR059W	GPI13	PTK2	Negative Genetic	genetic	PUBMED:27708008
YLL031C	YJR095W	GPI13	SFC1	Negative Genetic	genetic	PUBMED:27708008
YLL031C	YKL101W	GPI13	HSL1	Negative Genetic	genetic	PUBMED:27708008
YLL031C	YKL113C	GPI13	RAD27	Negative Genetic	genetic	PUBMED:27708008
YLL031C	YKL174C	GPI13	TPO5	Negative Genetic	genetic	PUBMED:27708008
YLL031C	YKL212W	GPI13	SAC1	Negative Genetic	genetic	PUBMED:27708008
YLL031C	YKR097W	GPI13	PCK1	Negative Genetic	genetic	PUBMED:27708008
YLL031C	YML008C	GPI13	ERG6	Negative Genetic	genetic	PUBMED:27708008
YLL031C	YML020W	GPI13	YML020W	Negative Genetic	genetic	PUBMED:27708008
YLL031C	YML081C-A	GPI13	ATP18	Negative Genetic	genetic	PUBMED:27708008
YLL031C	YMR052W	GPI13	FAR3	Negative Genetic	genetic	PUBMED:27708008
YLL031C	YMR307W	GPI13	GAS1	Negative Genetic	genetic	PUBMED:27708008
YLL031C	YNL052W	GPI13	COX5A	Negative Genetic	genetic	PUBMED:27708008
YLL031C	YNL136W	GPI13	EAF7	Negative Genetic	genetic	PUBMED:27708008
YLL031C	YNR020C	GPI13	ATP23	Negative Genetic	genetic	PUBMED:27708008
YLL031C	YNR032W	GPI13	PPG1	Negative Genetic	genetic	PUBMED:27708008
YLL031C	YOR039W	GPI13	CKB2	Negative Genetic	genetic	PUBMED:27708008
YLL031C	YOR067C	GPI13	ALG8	Negative Genetic	genetic	PUBMED:27708008
YLL031C	YOR184W	GPI13	SER1	Negative Genetic	genetic	PUBMED:27708008
YLL031C	YOR191W	GPI13	ULS1	Negative Genetic	genetic	PUBMED:27708008
YLL031C	YOR197W	GPI13	MCA1	Negative Genetic	genetic	PUBMED:27708008
YLL031C	YOR355W	GPI13	GDS1	Negative Genetic	genetic	PUBMED:27708008
YLL031C	YPL008W	GPI13	CHL1	Negative Genetic	genetic	PUBMED:27708008
YLL031C	YPL089C	GPI13	RLM1	Negative Genetic	genetic	PUBMED:27708008
YLL031C	YPL174C	GPI13	NIP100	Negative Genetic	genetic	PUBMED:27708008
YLL031C	YPR095C	GPI13	SYT1	Negative Genetic	genetic	PUBMED:27708008
YLL031C	YAL023C	GPI13	PMT2	Negative Genetic	genetic	PUBMED:27708008
YLL031C	YAL060W	GPI13	BDH1	Negative Genetic	genetic	PUBMED:27708008
YLL031C	YAR042W	GPI13	SWH1	Negative Genetic	genetic	PUBMED:27708008
YLL031C	YBL011W	GPI13	SCT1	Negative Genetic	genetic	PUBMED:27708008
YLL031C	YBR015C	GPI13	MNN2	Negative Genetic	genetic	PUBMED:27708008
YLL031C	YBR023C	GPI13	CHS3	Negative Genetic	genetic	PUBMED:27708008
YLL031C	YBR025C	GPI13	OLA1	Negative Genetic	genetic	PUBMED:27708008
YLL031C	YBR073W	GPI13	RDH54	Negative Genetic	genetic	PUBMED:27708008
YLL031C	YBR083W	GPI13	TEC1	Negative Genetic	genetic	PUBMED:27708008
YLL031C	YBR084W	GPI13	MIS1	Negative Genetic	genetic	PUBMED:27708008
YLL031C	YBR092C	GPI13	PHO3	Negative Genetic	genetic	PUBMED:27708008
YLL031C	YBR111C	GPI13	YSA1	Negative Genetic	genetic	PUBMED:27708008
YLL031C	YBR132C	GPI13	AGP2	Negative Genetic	genetic	PUBMED:27708008
YLL031C	YBR169C	GPI13	SSE2	Negative Genetic	genetic	PUBMED:27708008
YLL031C	YBR214W	GPI13	SDS24	Negative Genetic	genetic	PUBMED:27708008
YLL031C	YBR217W	GPI13	ATG12	Negative Genetic	genetic	PUBMED:27708008
YLL031C	YBR219C	GPI13	YBR219C	Negative Genetic	genetic	PUBMED:27708008
YLL031C	YBR229C	GPI13	ROT2	Negative Genetic	genetic	PUBMED:27708008
YLL031C	YCR024C-A	GPI13	PMP1	Negative Genetic	genetic	PUBMED:27708008
YLL031C	YCR089W	GPI13	FIG2	Negative Genetic	genetic	PUBMED:27708008
YLL031C	YCR095C	GPI13	OCA4	Negative Genetic	genetic	PUBMED:27708008
YLL031C	YDL025C	GPI13	RTK1	Negative Genetic	genetic	PUBMED:27708008
YLL031C	YDL095W	GPI13	PMT1	Negative Genetic	genetic	PUBMED:27708008
YLL031C	YDL149W	GPI13	ATG9	Negative Genetic	genetic	PUBMED:27708008
YLL031C	YDL174C	GPI13	DLD1	Negative Genetic	genetic	PUBMED:27708008
YLL031C	YDL184C	GPI13	RPL41A	Negative Genetic	genetic	PUBMED:27708008
YLL031C	YDL215C	GPI13	GDH2	Negative Genetic	genetic	PUBMED:27708008
YLL031C	YDL243C	GPI13	AAD4	Negative Genetic	genetic	PUBMED:27708008
YLL031C	YDR022C	GPI13	ATG31	Negative Genetic	genetic	PUBMED:27708008
YLL031C	YDR108W	GPI13	TRS85	Negative Genetic	genetic	PUBMED:27708008
YLL031C	YDR147W	GPI13	EKI1	Negative Genetic	genetic	PUBMED:27708008
YLL031C	YDR213W	GPI13	UPC2	Negative Genetic	genetic	PUBMED:27708008
YLL031C	YDR233C	GPI13	RTN1	Negative Genetic	genetic	PUBMED:27708008
YLL031C	YDR248C	GPI13	YDR248C	Negative Genetic	genetic	PUBMED:27708008
YLL031C	YDR260C	GPI13	SWM1	Negative Genetic	genetic	PUBMED:27708008
YLL031C	YDR275W	GPI13	BSC2	Negative Genetic	genetic	PUBMED:27708008
YLL031C	YDR294C	GPI13	DPL1	Negative Genetic	genetic	PUBMED:27708008
YLL031C	YDR358W	GPI13	GGA1	Negative Genetic	genetic	PUBMED:27708008
YLL031C	YDR406W	GPI13	PDR15	Negative Genetic	genetic	PUBMED:27708008
YLL031C	YDR440W	GPI13	DOT1	Negative Genetic	genetic	PUBMED:27708008
YLL031C	YDR508C	GPI13	GNP1	Negative Genetic	genetic	PUBMED:27708008
YLL031C	YER059W	GPI13	PCL6	Negative Genetic	genetic	PUBMED:27708008
YLL031C	YER064C	GPI13	VHR2	Negative Genetic	genetic	PUBMED:27708008
YLL031C	YER084W	GPI13	YER084W	Negative Genetic	genetic	PUBMED:27708008
YLL031C	YER088C	GPI13	DOT6	Negative Genetic	genetic	PUBMED:27708008
YLL031C	YER093C-A	GPI13	AIM11	Negative Genetic	genetic	PUBMED:27708008
YLL031C	YER109C	GPI13	FLO8	Negative Genetic	genetic	PUBMED:27708008
YLL031C	YER113C	GPI13	TMN3	Negative Genetic	genetic	PUBMED:27708008
YLL031C	YER149C	GPI13	PEA2	Negative Genetic	genetic	PUBMED:27708008
YLL031C	YFL047W	GPI13	RGD2	Negative Genetic	genetic	PUBMED:27708008
YLL031C	YFL052W	GPI13	YFL052W	Negative Genetic	genetic	PUBMED:27708008
YLL031C	YFL054C	GPI13	YFL054C	Negative Genetic	genetic	PUBMED:27708008
YLL031C	YFR014C	GPI13	CMK1	Negative Genetic	genetic	PUBMED:27708008
YLL031C	YFR024C-A	GPI13	LSB3	Negative Genetic	genetic	PUBMED:27708008
YLL031C	YGL027C	GPI13	CWH41	Negative Genetic	genetic	PUBMED:27708008
YLL031C	YGL115W	GPI13	SNF4	Negative Genetic	genetic	PUBMED:27708008
YLL031C	YGL231C	GPI13	EMC4	Negative Genetic	genetic	PUBMED:27708008
YLL031C	YGL235W	GPI13	YGL235W	Negative Genetic	genetic	PUBMED:27708008
YLL031C	YGR027C	GPI13	RPS25A	Negative Genetic	genetic	PUBMED:27708008
YLL031C	YGR037C	GPI13	ACB1	Negative Genetic	genetic	PUBMED:27708008
YLL031C	YGR092W	GPI13	DBF2	Negative Genetic	genetic	PUBMED:27708008
YLL031C	YGR166W	GPI13	TRS65	Negative Genetic	genetic	PUBMED:27708008
YLL031C	YHR077C	GPI13	NMD2	Negative Genetic	genetic	PUBMED:27708008
YLL031C	YHR079C	GPI13	IRE1	Negative Genetic	genetic	PUBMED:27708008
YLL031C	YHR086W	GPI13	NAM8	Negative Genetic	genetic	PUBMED:27708008
YLL031C	YHR142W	GPI13	CHS7	Negative Genetic	genetic	PUBMED:27708008
YLL031C	YHR155W	GPI13	YSP1	Negative Genetic	genetic	PUBMED:27708008
YLL031C	YIL071C	GPI13	PCI8	Negative Genetic	genetic	PUBMED:27708008
YLL031C	YIL097W	GPI13	FYV10	Negative Genetic	genetic	PUBMED:27708008
YLL031C	YIL154C	GPI13	IMP2	Negative Genetic	genetic	PUBMED:27708008
YLL031C	YIR023W	GPI13	DAL81	Negative Genetic	genetic	PUBMED:27708008
YLL031C	YJL027C	GPI13	YJL027C	Negative Genetic	genetic	PUBMED:27708008
YLL031C	YJL065C	GPI13	DLS1	Negative Genetic	genetic	PUBMED:27708008
YLL031C	YJL110C	GPI13	GZF3	Negative Genetic	genetic	PUBMED:27708008
YLL031C	YJL116C	GPI13	NCA3	Negative Genetic	genetic	PUBMED:27708008
YLL031C	YJR075W	GPI13	HOC1	Negative Genetic	genetic	PUBMED:27708008
YLL031C	YJR088C	GPI13	EMC2	Negative Genetic	genetic	PUBMED:27708008
YLL031C	YKL048C	GPI13	ELM1	Negative Genetic	genetic	PUBMED:27708008
YLL031C	YKL074C	GPI13	MUD2	Negative Genetic	genetic	PUBMED:27708008
YLL031C	YKL116C	GPI13	PRR1	Negative Genetic	genetic	PUBMED:27708008
YLL031C	YKR031C	GPI13	SPO14	Negative Genetic	genetic	PUBMED:27708008
YLL031C	YKR034W	GPI13	DAL80	Negative Genetic	genetic	PUBMED:27708008
YLL031C	YKR048C	GPI13	NAP1	Negative Genetic	genetic	PUBMED:27708008
YLL031C	YKR099W	GPI13	BAS1	Negative Genetic	genetic	PUBMED:27708008
YLL031C	YLR450W	GPI13	HMG2	Negative Genetic	genetic	PUBMED:27708008
YLL031C	YML027W	GPI13	YOX1	Negative Genetic	genetic	PUBMED:27708008
YLL031C	YMR074C	GPI13	YMR074C	Negative Genetic	genetic	PUBMED:27708008
YLL031C	YMR080C	GPI13	NAM7	Negative Genetic	genetic	PUBMED:27708008
YLL031C	YMR086W	GPI13	SEG1	Negative Genetic	genetic	PUBMED:27708008
YLL031C	YMR101C	GPI13	SRT1	Negative Genetic	genetic	PUBMED:27708008
YLL031C	YNL051W	GPI13	COG5	Negative Genetic	genetic	PUBMED:27708008
YLL031C	YNL087W	GPI13	TCB2	Negative Genetic	genetic	PUBMED:27708008
YLL031C	YNL107W	GPI13	YAF9	Negative Genetic	genetic	PUBMED:27708008
YLL031C	YNL127W	GPI13	FAR11	Negative Genetic	genetic	PUBMED:27708008
YLL031C	YNR021W	GPI13	YNR021W	Negative Genetic	genetic	PUBMED:27708008
YLL031C	YNR027W	GPI13	BUD17	Negative Genetic	genetic	PUBMED:27708008
YLL031C	YNR071C	GPI13	YNR071C	Negative Genetic	genetic	PUBMED:27708008
YLL031C	YOL003C	GPI13	PFA4	Negative Genetic	genetic	PUBMED:27708008
YLL031C	YOL036W	GPI13	YOL036W	Negative Genetic	genetic	PUBMED:27708008
YLL031C	YOL059W	GPI13	GPD2	Negative Genetic	genetic	PUBMED:27708008
YLL031C	YOL088C	GPI13	MPD2	Negative Genetic	genetic	PUBMED:27708008
YLL031C	YOL089C	GPI13	HAL9	Negative Genetic	genetic	PUBMED:27708008
YLL031C	YOR002W	GPI13	ALG6	Negative Genetic	genetic	PUBMED:27708008
YLL031C	YOR026W	GPI13	BUB3	Negative Genetic	genetic	PUBMED:27708008
YLL031C	YOR034C	GPI13	AKR2	Negative Genetic	genetic	PUBMED:27708008
YLL031C	YOR043W	GPI13	WHI2	Negative Genetic	genetic	PUBMED:27708008
YLL031C	YOR080W	GPI13	DIA2	Negative Genetic	genetic	PUBMED:27708008
YLL031C	YOR115C	GPI13	TRS33	Negative Genetic	genetic	PUBMED:27708008
YLL031C	YOR171C	GPI13	LCB4	Negative Genetic	genetic	PUBMED:27708008
YLL031C	YOR222W	GPI13	ODC2	Negative Genetic	genetic	PUBMED:27708008
YLL031C	YOR228C	GPI13	MCP1	Negative Genetic	genetic	PUBMED:27708008
YLL031C	YOR233W	GPI13	KIN4	Negative Genetic	genetic	PUBMED:27708008
YLL031C	YOR296W	GPI13	YOR296W	Negative Genetic	genetic	PUBMED:27708008
YLL031C	YOR311C	GPI13	DGK1	Negative Genetic	genetic	PUBMED:27708008
YLL031C	YOR349W	GPI13	CIN1	Negative Genetic	genetic	PUBMED:27708008
YLL031C	YOR380W	GPI13	RDR1	Negative Genetic	genetic	PUBMED:27708008
YLL031C	YPL032C	GPI13	SVL3	Negative Genetic	genetic	PUBMED:27708008
YLL031C	YPL041C	GPI13	YPL041C	Negative Genetic	genetic	PUBMED:27708008
YLL031C	YPL061W	GPI13	ALD6	Negative Genetic	genetic	PUBMED:27708008
YLL031C	YPL105C	GPI13	SYH1	Negative Genetic	genetic	PUBMED:27708008
YLL031C	YPL139C	GPI13	UME1	Negative Genetic	genetic	PUBMED:27708008
YLL031C	YPL149W	GPI13	ATG5	Negative Genetic	genetic	PUBMED:27708008
YLL031C	YPL161C	GPI13	BEM4	Negative Genetic	genetic	PUBMED:27708008
YLL031C	YPL181W	GPI13	CTI6	Negative Genetic	genetic	PUBMED:27708008
YLL031C	YPL192C	GPI13	PRM3	Negative Genetic	genetic	PUBMED:27708008
YLL031C	YPL203W	GPI13	TPK2	Negative Genetic	genetic	PUBMED:27708008
YLL031C	YPL256C	GPI13	CLN2	Negative Genetic	genetic	PUBMED:27708008
YLL031C	YPR114W	GPI13	YPR114W	Negative Genetic	genetic	PUBMED:27708008
YLL031C	YKL023W	GPI13	YKL023W	Negative Genetic	genetic	PUBMED:27708008
YLL031C	YKR003W	GPI13	OSH6	Negative Genetic	genetic	PUBMED:27708008
YLL031C	YKR024C	GPI13	DBP7	Negative Genetic	genetic	PUBMED:27708008
YLL031C	YLR435W	GPI13	TSR2	Negative Genetic	genetic	PUBMED:27708008
YLL031C	YML026C	GPI13	RPS18B	Negative Genetic	genetic	PUBMED:27708008
YLL031C	YMR166C	GPI13	YMR166C	Negative Genetic	genetic	PUBMED:27708008
YLL031C	YPL047W	GPI13	SGF11	Negative Genetic	genetic	PUBMED:27708008
YLL031C	YPL100W	GPI13	ATG21	Negative Genetic	genetic	PUBMED:27708008
YLR009W	YBR023C	RLP24	CHS3	Negative Genetic	genetic	PUBMED:27708008
YLR009W	YPL036W	RLP24	PMA2	Negative Genetic	genetic	PUBMED:27708008
YLR029C	YPL036W	RPL15A	PMA2	Negative Genetic	genetic	PUBMED:27708008
YLR051C	YPL036W	FCF2	PMA2	Negative Genetic	genetic	PUBMED:27708008
YLR060W	YPL036W	FRS1	PMA2	Negative Genetic	genetic	PUBMED:27708008
YLR066W	YPL036W	SPC3	PMA2	Negative Genetic	genetic	PUBMED:27708008
YLR071C	YPL036W	RGR1	PMA2	Negative Genetic	genetic	PUBMED:27708008
YLR115W	YPL036W	CFT2	PMA2	Negative Genetic	genetic	PUBMED:27708008
YLR166C	YKR039W	SEC10	GAP1	Negative Genetic	genetic	PUBMED:27708008
YLR197W	YBR069C	NOP56	TAT1	Negative Genetic	genetic	PUBMED:27708008
YLR212C	YBR023C	TUB4	CHS3	Negative Genetic	genetic	PUBMED:27708008
YLR243W	YBR023C	GPN3	CHS3	Negative Genetic	genetic	PUBMED:27708008
YLR243W	YPL036W	GPN3	PMA2	Negative Genetic	genetic	PUBMED:27708008
YLR275W	YPL036W	SMD2	PMA2	Negative Genetic	genetic	PUBMED:27708008
YLR291C	YIL066C	GCD7	RNR3	Negative Genetic	genetic	PUBMED:27708008
YLR305C	YAL005C	STT4	SSA1	Negative Genetic	genetic	PUBMED:27708008
YLR305C	YBL008W	STT4	HIR1	Negative Genetic	genetic	PUBMED:27708008
YLR305C	YBR229C	STT4	ROT2	Negative Genetic	genetic	PUBMED:27708008
YLR305C	YCL010C	STT4	SGF29	Negative Genetic	genetic	PUBMED:27708008
YLR305C	YCL025C	STT4	AGP1	Negative Genetic	genetic	PUBMED:27708008
YLR305C	YCR034W	STT4	ELO2	Negative Genetic	genetic	PUBMED:27708008
YLR305C	YCR077C	STT4	PAT1	Negative Genetic	genetic	PUBMED:27708008
YLR305C	YCR079W	STT4	PTC6	Negative Genetic	genetic	PUBMED:27708008
YLR305C	YCR095C	STT4	OCA4	Negative Genetic	genetic	PUBMED:27708008
YLR305C	YDL133W	STT4	SRF1	Negative Genetic	genetic	PUBMED:27708008
YLR305C	YDR067C	STT4	OCA6	Negative Genetic	genetic	PUBMED:27708008
YLR305C	YDR071C	STT4	PAA1	Negative Genetic	genetic	PUBMED:27708008
YLR305C	YDR123C	STT4	INO2	Negative Genetic	genetic	PUBMED:27708008
YLR305C	YDR186C	STT4	YDR186C	Negative Genetic	genetic	PUBMED:27708008
YLR305C	YDR225W	STT4	HTA1	Negative Genetic	genetic	PUBMED:27708008
YLR305C	YDR346C	STT4	SVF1	Negative Genetic	genetic	PUBMED:27708008
YLR305C	YDR372C	STT4	VPS74	Negative Genetic	genetic	PUBMED:27708008
YLR305C	YDR477W	STT4	SNF1	Negative Genetic	genetic	PUBMED:27708008
YLR305C	YER093C-A	STT4	AIM11	Negative Genetic	genetic	PUBMED:27708008
YLR305C	YER120W	STT4	SCS2	Negative Genetic	genetic	PUBMED:27708008
YLR305C	YER155C	STT4	BEM2	Negative Genetic	genetic	PUBMED:27708008
YLR305C	YFR019W	STT4	FAB1	Negative Genetic	genetic	PUBMED:27708008
YLR305C	YGL115W	STT4	SNF4	Negative Genetic	genetic	PUBMED:27708008
YLR305C	YGL173C	STT4	XRN1	Negative Genetic	genetic	PUBMED:27708008
YLR305C	YGL180W	STT4	ATG1	Negative Genetic	genetic	PUBMED:27708008
YLR305C	YGR078C	STT4	PAC10	Negative Genetic	genetic	PUBMED:27708008
YLR305C	YGR143W	STT4	SKN1	Negative Genetic	genetic	PUBMED:27708008
YLR305C	YGR166W	STT4	TRS65	Negative Genetic	genetic	PUBMED:27708008
YLR305C	YHL023C	STT4	NPR3	Negative Genetic	genetic	PUBMED:27708008
YLR305C	YHL031C	STT4	GOS1	Negative Genetic	genetic	PUBMED:27708008
YLR305C	YIL090W	STT4	ICE2	Negative Genetic	genetic	PUBMED:27708008
YLR305C	YIR023W	STT4	DAL81	Negative Genetic	genetic	PUBMED:27708008
YLR305C	YJL029C	STT4	VPS53	Negative Genetic	genetic	PUBMED:27708008
YLR305C	YJL057C	STT4	IKS1	Negative Genetic	genetic	PUBMED:27708008
YLR305C	YJL124C	STT4	LSM1	Negative Genetic	genetic	PUBMED:27708008
YLR305C	YJL204C	STT4	RCY1	Negative Genetic	genetic	PUBMED:27708008
YLR305C	YJR118C	STT4	ILM1	Negative Genetic	genetic	PUBMED:27708008
YLR305C	YJR139C	STT4	HOM6	Negative Genetic	genetic	PUBMED:27708008
YLR305C	YKL051W	STT4	SFK1	Negative Genetic	genetic	PUBMED:27708008
YLR305C	YKL113C	STT4	RAD27	Negative Genetic	genetic	PUBMED:27708008
YLR305C	YKR020W	STT4	VPS51	Negative Genetic	genetic	PUBMED:27708008
YLR305C	YKR031C	STT4	SPO14	Negative Genetic	genetic	PUBMED:27708008
YLR305C	YKR034W	STT4	DAL80	Negative Genetic	genetic	PUBMED:27708008
YLR305C	YKR074W	STT4	AIM29	Negative Genetic	genetic	PUBMED:27708008
YLR305C	YML016C	STT4	PPZ1	Negative Genetic	genetic	PUBMED:27708008
YLR305C	YML071C	STT4	COG8	Negative Genetic	genetic	PUBMED:27708008
YLR305C	YMR010W	STT4	YMR010W	Negative Genetic	genetic	PUBMED:27708008
YLR305C	YMR100W	STT4	MUB1	Negative Genetic	genetic	PUBMED:27708008
YLR305C	YMR143W	STT4	RPS16A	Negative Genetic	genetic	PUBMED:27708008
YLR305C	YMR161W	STT4	HLJ1	Negative Genetic	genetic	PUBMED:27708008
YLR305C	YMR183C	STT4	SSO2	Negative Genetic	genetic	PUBMED:27708008
YLR305C	YMR186W	STT4	HSC82	Negative Genetic	genetic	PUBMED:27708008
YLR305C	YMR210W	STT4	YMR210W	Negative Genetic	genetic	PUBMED:27708008
YLR305C	YMR230W	STT4	RPS10B	Negative Genetic	genetic	PUBMED:27708008
YLR305C	YMR307W	STT4	GAS1	Negative Genetic	genetic	PUBMED:27708008
YLR305C	YNL077W	STT4	APJ1	Negative Genetic	genetic	PUBMED:27708008
YLR305C	YNL080C	STT4	EOS1	Negative Genetic	genetic	PUBMED:27708008
YLR305C	YNL085W	STT4	MKT1	Negative Genetic	genetic	PUBMED:27708008
YLR305C	YNL099C	STT4	OCA1	Negative Genetic	genetic	PUBMED:27708008
YLR305C	YNR049C	STT4	MSO1	Negative Genetic	genetic	PUBMED:27708008
YLR305C	YOL001W	STT4	PHO80	Negative Genetic	genetic	PUBMED:27708008
YLR305C	YOL018C	STT4	TLG2	Negative Genetic	genetic	PUBMED:27708008
YLR305C	YOL061W	STT4	PRS5	Negative Genetic	genetic	PUBMED:27708008
YLR305C	YOR014W	STT4	RTS1	Negative Genetic	genetic	PUBMED:27708008
YLR305C	YOR061W	STT4	CKA2	Negative Genetic	genetic	PUBMED:27708008
YLR305C	YPL003W	STT4	ULA1	Negative Genetic	genetic	PUBMED:27708008
YLR305C	YPL022W	STT4	RAD1	Negative Genetic	genetic	PUBMED:27708008
YLR305C	YPL056C	STT4	LCL1	Negative Genetic	genetic	PUBMED:27708008
YLR305C	YPL057C	STT4	SUR1	Negative Genetic	genetic	PUBMED:27708008
YLR305C	YPL069C	STT4	BTS1	Negative Genetic	genetic	PUBMED:27708008
YLR305C	YPL152W	STT4	RRD2	Negative Genetic	genetic	PUBMED:27708008
YLR305C	YPL159C	STT4	PET20	Negative Genetic	genetic	PUBMED:27708008
YLR305C	YPL226W	STT4	NEW1	Negative Genetic	genetic	PUBMED:27708008
YLR305C	YPR066W	STT4	UBA3	Negative Genetic	genetic	PUBMED:27708008
YLR310C	YKL150W	CDC25	MCR1	Negative Genetic	genetic	PUBMED:27708008
YLR310C	YPL036W	CDC25	PMA2	Negative Genetic	genetic	PUBMED:27708008
YLR314C	YBR023C	CDC3	CHS3	Negative Genetic	genetic	PUBMED:27708008
YLR323C	YBR069C	CWC24	TAT1	Negative Genetic	genetic	PUBMED:27708008
YLR397C	YJL100W	AFG2	LSB6	Negative Genetic	genetic	PUBMED:27708008
YLR459W	YBR023C	GAB1	CHS3	Negative Genetic	genetic	PUBMED:27708008
YML125C	YCR053W	PGA3	THR4	Negative Genetic	genetic	PUBMED:27708008
YML125C	YDL020C	PGA3	RPN4	Negative Genetic	genetic	PUBMED:27708008
YML125C	YDL223C	PGA3	HBT1	Negative Genetic	genetic	PUBMED:27708008
YML125C	YDL232W	PGA3	OST4	Negative Genetic	genetic	PUBMED:27708008
YML125C	YDR414C	PGA3	ERD1	Negative Genetic	genetic	PUBMED:27708008
YML125C	YFL031W	PGA3	HAC1	Negative Genetic	genetic	PUBMED:27708008
YML125C	YGL081W	PGA3	YGL081W	Negative Genetic	genetic	PUBMED:27708008
YML125C	YGL151W	PGA3	NUT1	Negative Genetic	genetic	PUBMED:27708008
YML125C	YGR157W	PGA3	CHO2	Negative Genetic	genetic	PUBMED:27708008
YML125C	YGR260W	PGA3	TNA1	Negative Genetic	genetic	PUBMED:27708008
YML125C	YJR088C	PGA3	EMC2	Negative Genetic	genetic	PUBMED:27708008
YML125C	YKL077W	PGA3	YKL077W	Negative Genetic	genetic	PUBMED:27708008
YML125C	YKL081W	PGA3	TEF4	Negative Genetic	genetic	PUBMED:27708008
YML125C	YLR239C	PGA3	LIP2	Negative Genetic	genetic	PUBMED:27708008
YML125C	YMR067C	PGA3	UBX4	Negative Genetic	genetic	PUBMED:27708008
YML125C	YMR123W	PGA3	PKR1	Negative Genetic	genetic	PUBMED:27708008
YML125C	YNL008C	PGA3	ASI3	Negative Genetic	genetic	PUBMED:27708008
YML125C	YNL099C	PGA3	OCA1	Negative Genetic	genetic	PUBMED:27708008
YML125C	YOL001W	PGA3	PHO80	Negative Genetic	genetic	PUBMED:27708008
YML125C	YOR209C	PGA3	NPT1	Negative Genetic	genetic	PUBMED:27708008
YML130C	YPL036W	ERO1	PMA2	Negative Genetic	genetic	PUBMED:27708008
YMR013C	YPL036W	SEC59	PMA2	Negative Genetic	genetic	PUBMED:27708008
YMR047C	YPL036W	NUP116	PMA2	Negative Genetic	genetic	PUBMED:27708008
YMR117C	YOR347C	SPC24	PYK2	Negative Genetic	genetic	PUBMED:27708008
YMR131C	YKL150W	RRB1	MCR1	Negative Genetic	genetic	PUBMED:27708008
YMR168C	YCR024C-A	CEP3	PMP1	Negative Genetic	genetic	PUBMED:27708008
YMR197C	YBR023C	VTI1	CHS3	Negative Genetic	genetic	PUBMED:27708008
YMR197C	YIL043C	VTI1	CBR1	Negative Genetic	genetic	PUBMED:27708008
YMR227C	YPL036W	TAF7	PMA2	Negative Genetic	genetic	PUBMED:27708008
YMR235C	YPL036W	RNA1	PMA2	Negative Genetic	genetic	PUBMED:27708008
YMR270C	YKL150W	RRN9	MCR1	Negative Genetic	genetic	PUBMED:27708008
YMR277W	YPL036W	FCP1	PMA2	Negative Genetic	genetic	PUBMED:27708008
YMR296C	YPL036W	LCB1	PMA2	Negative Genetic	genetic	PUBMED:27708008
YNL006W	YBR023C	LST8	CHS3	Negative Genetic	genetic	PUBMED:27708008
YNL102W	YPL036W	POL1	PMA2	Negative Genetic	genetic	PUBMED:27708008
YNL112W	YKL150W	DBP2	MCR1	Negative Genetic	genetic	PUBMED:27708008
YNL113W	YBR023C	RPC19	CHS3	Negative Genetic	genetic	PUBMED:27708008
YNL124W	YBR023C	NAF1	CHS3	Negative Genetic	genetic	PUBMED:27708008
YNL138W	YBR023C	SRV2	CHS3	Negative Genetic	genetic	PUBMED:27708008
YNL138W	YPL036W	SRV2	PMA2	Negative Genetic	genetic	PUBMED:27708008
YNL149C	YPL036W	PGA2	PMA2	Negative Genetic	genetic	PUBMED:27708008
YNL152W	YBR023C	INN1	CHS3	Negative Genetic	genetic	PUBMED:27708008
YNL152W	YBR069C	INN1	TAT1	Negative Genetic	genetic	PUBMED:27708008
YNL172W	YKL150W	APC1	MCR1	Negative Genetic	genetic	PUBMED:27708008
YNL178W	YPL036W	RPS3	PMA2	Negative Genetic	genetic	PUBMED:27708008
YNL181W	YBR023C	YNL181W	CHS3	Negative Genetic	genetic	PUBMED:27708008
YNL216W	YBR023C	RAP1	CHS3	Negative Genetic	genetic	PUBMED:27708008
YNL216W	YPL036W	RAP1	PMA2	Negative Genetic	genetic	PUBMED:27708008
YNL245C	YPL036W	CWC25	PMA2	Negative Genetic	genetic	PUBMED:27708008
YNR026C	YPL036W	SEC12	PMA2	Negative Genetic	genetic	PUBMED:27708008
YNR035C	YPL036W	ARC35	PMA2	Negative Genetic	genetic	PUBMED:27708008
YNR035C	YBR023C	ARC35	CHS3	Negative Genetic	genetic	PUBMED:27708008
YNR053C	YPL036W	NOG2	PMA2	Negative Genetic	genetic	PUBMED:27708008
YNR054C	YKL150W	ESF2	MCR1	Negative Genetic	genetic	PUBMED:27708008
YOL005C	YBR023C	RPB11	CHS3	Negative Genetic	genetic	PUBMED:27708008
YOL034W	YPL036W	SMC5	PMA2	Negative Genetic	genetic	PUBMED:27708008
YOL069W	YPL036W	NUF2	PMA2	Negative Genetic	genetic	PUBMED:27708008
YOL078W	YBR023C	AVO1	CHS3	Negative Genetic	genetic	PUBMED:27708008
YOL078W	YKR039W	AVO1	GAP1	Negative Genetic	genetic	PUBMED:27708008
YOR048C	YJL100W	RAT1	LSB6	Negative Genetic	genetic	PUBMED:27708008
YOR122C	YBR023C	PFY1	CHS3	Negative Genetic	genetic	PUBMED:27708008
YOR168W	YIL043C	GLN4	CBR1	Negative Genetic	genetic	PUBMED:27708008
YOR181W	YPL036W	LAS17	PMA2	Negative Genetic	genetic	PUBMED:27708008
YOR210W	YPL036W	RPB10	PMA2	Negative Genetic	genetic	PUBMED:27708008
YOR244W	YPL036W	ESA1	PMA2	Negative Genetic	genetic	PUBMED:27708008
YOR259C	YMR101C	RPT4	SRT1	Negative Genetic	genetic	PUBMED:27708008
YOR260W	YCR024C-A	GCD1	PMP1	Negative Genetic	genetic	PUBMED:27708008
YOR326W	YBR023C	MYO2	CHS3	Negative Genetic	genetic	PUBMED:27708008
YOR336W	YPL036W	KRE5	PMA2	Negative Genetic	genetic	PUBMED:27708008
YOR341W	YKR039W	RPA190	GAP1	Negative Genetic	genetic	PUBMED:27708008
YPL093W	YBR023C	NOG1	CHS3	Negative Genetic	genetic	PUBMED:27708008
YPL117C	YKL150W	IDI1	MCR1	Negative Genetic	genetic	PUBMED:27708008
YPL131W	YKL150W	RPL5	MCR1	Negative Genetic	genetic	PUBMED:27708008
YPL210C	YKL150W	SRP72	MCR1	Negative Genetic	genetic	PUBMED:27708008
YPL217C	YIL043C	BMS1	CBR1	Negative Genetic	genetic	PUBMED:27708008
YPL231W	YBR069C	FAS2	TAT1	Negative Genetic	genetic	PUBMED:27708008
YPL231W	YKR039W	FAS2	GAP1	Negative Genetic	genetic	PUBMED:27708008
YPL231W	YKL150W	FAS2	MCR1	Negative Genetic	genetic	PUBMED:27708008
YPL243W	YKL150W	SRP68	MCR1	Negative Genetic	genetic	PUBMED:27708008
YPL266W	YKL150W	DIM1	MCR1	Negative Genetic	genetic	PUBMED:27708008
YPR056W	YKL150W	TFB4	MCR1	Negative Genetic	genetic	PUBMED:27708008
YPR105C	YIL043C	COG4	CBR1	Negative Genetic	genetic	PUBMED:27708008
YPR169W	YKL150W	JIP5	MCR1	Negative Genetic	genetic	PUBMED:27708008
YAL012W	YDR302W	CYS3	GPI11	Negative Genetic	genetic	PUBMED:27708008
YAL012W	YLL031C	CYS3	GPI13	Negative Genetic	genetic	PUBMED:27708008
YAL013W	YDR302W	DEP1	GPI11	Negative Genetic	genetic	PUBMED:27708008
YAL013W	YLL031C	DEP1	GPI13	Negative Genetic	genetic	PUBMED:27708008
YAL023C	YDR302W	PMT2	GPI11	Negative Genetic	genetic	PUBMED:27708008
YAL024C	YDR302W	LTE1	GPI11	Negative Genetic	genetic	PUBMED:27708008
YAL055W	YDR302W	PEX22	GPI11	Negative Genetic	genetic	PUBMED:27708008
YBL007C	YDR302W	SLA1	GPI11	Negative Genetic	genetic	PUBMED:27708008
YBL011W	YLR305C	SCT1	STT4	Negative Genetic	genetic	PUBMED:27708008
YBL039W-B	YKL035W	YBL039W-B	UGP1	Negative Genetic	genetic	PUBMED:27708008
YBL051C	YKL035W	PIN4	UGP1	Negative Genetic	genetic	PUBMED:27708008
YBL082C	YLL031C	ALG3	GPI13	Negative Genetic	genetic	PUBMED:27708008
YBR015C	YDR302W	MNN2	GPI11	Negative Genetic	genetic	PUBMED:27708008
YBR023C	YAL041W	CHS3	CDC24	Negative Genetic	genetic	PUBMED:27708008
YBR023C	YCR002C	CHS3	CDC10	Negative Genetic	genetic	PUBMED:27708008
YBR023C	YDL102W	CHS3	POL3	Negative Genetic	genetic	PUBMED:27708008
YBR023C	YDR182W	CHS3	CDC1	Negative Genetic	genetic	PUBMED:27708008
YBR023C	YDR302W	CHS3	GPI11	Negative Genetic	genetic	PUBMED:27708008
YBR023C	YDR331W	CHS3	GPI8	Negative Genetic	genetic	PUBMED:27708008
YBR023C	YDR434W	CHS3	GPI17	Negative Genetic	genetic	PUBMED:27708008
YBR023C	YFL039C	CHS3	ACT1	Negative Genetic	genetic	PUBMED:27708008
YBR023C	YGL022W	CHS3	STT3	Negative Genetic	genetic	PUBMED:27708008
YBR023C	YGL116W	CHS3	CDC20	Negative Genetic	genetic	PUBMED:27708008
YBR023C	YGL142C	CHS3	GPI10	Negative Genetic	genetic	PUBMED:27708008
YBR023C	YHR107C	CHS3	CDC12	Negative Genetic	genetic	PUBMED:27708008
YBR023C	YHR188C	CHS3	GPI16	Negative Genetic	genetic	PUBMED:27708008
YBR023C	YJL091C	CHS3	GWT1	Negative Genetic	genetic	PUBMED:27708008
YBR023C	YJR076C	CHS3	CDC11	Negative Genetic	genetic	PUBMED:27708008
YBR023C	YLR459W	CHS3	GAB1	Negative Genetic	genetic	PUBMED:27708008
YBR023C	YNL006W	CHS3	LST8	Negative Genetic	genetic	PUBMED:27708008
YBR023C	YNL118C	CHS3	DCP2	Negative Genetic	genetic	PUBMED:27708008
YBR023C	YNR035C	CHS3	ARC35	Negative Genetic	genetic	PUBMED:27708008
YBR023C	YOR122C	CHS3	PFY1	Negative Genetic	genetic	PUBMED:27708008
YBR023C	YOR149C	CHS3	SMP3	Negative Genetic	genetic	PUBMED:27708008
YBR023C	YOR326W	CHS3	MYO2	Negative Genetic	genetic	PUBMED:27708008
YBR036C	YLL031C	CSG2	GPI13	Negative Genetic	genetic	PUBMED:27708008
YBR085W	YDL045C	AAC3	FAD1	Negative Genetic	genetic	PUBMED:27708008
YBR085W	YDL103C	AAC3	QRI1	Negative Genetic	genetic	PUBMED:27708008
YBR085W	YDL105W	AAC3	NSE4	Negative Genetic	genetic	PUBMED:27708008
YBR085W	YDL108W	AAC3	KIN28	Negative Genetic	genetic	PUBMED:27708008
YBR085W	YDL143W	AAC3	CCT4	Negative Genetic	genetic	PUBMED:27708008
YBR085W	YDR021W	AAC3	FAL1	Negative Genetic	genetic	PUBMED:27708008
YBR085W	YDR060W	AAC3	MAK21	Negative Genetic	genetic	PUBMED:27708008
YBR085W	YDR062W	AAC3	LCB2	Negative Genetic	genetic	PUBMED:27708008
YBR085W	YDR145W	AAC3	TAF12	Negative Genetic	genetic	PUBMED:27708008
YBR085W	YDR182W	AAC3	CDC1	Negative Genetic	genetic	PUBMED:27708008
YBR085W	YDR212W	AAC3	TCP1	Negative Genetic	genetic	PUBMED:27708008
YBR085W	YDR236C	AAC3	FMN1	Negative Genetic	genetic	PUBMED:27708008
YBR085W	YDR302W	AAC3	GPI11	Negative Genetic	genetic	PUBMED:27708008
YBR085W	YDR398W	AAC3	UTP5	Negative Genetic	genetic	PUBMED:27708008
YBR085W	YFL008W	AAC3	SMC1	Negative Genetic	genetic	PUBMED:27708008
YBR085W	YFL034C-B	AAC3	MOB2	Negative Genetic	genetic	PUBMED:27708008
YBR085W	YFL039C	AAC3	ACT1	Negative Genetic	genetic	PUBMED:27708008
YBR085W	YFR004W	AAC3	RPN11	Negative Genetic	genetic	PUBMED:27708008
YBR085W	YFR052W	AAC3	RPN12	Negative Genetic	genetic	PUBMED:27708008
YBR085W	YGL065C	AAC3	ALG2	Negative Genetic	genetic	PUBMED:27708008
YBR085W	YGL116W	AAC3	CDC20	Negative Genetic	genetic	PUBMED:27708008
YBR085W	YGR098C	AAC3	ESP1	Negative Genetic	genetic	PUBMED:27708008
YBR085W	YGR218W	AAC3	CRM1	Negative Genetic	genetic	PUBMED:27708008
YBR085W	YHR058C	AAC3	MED6	Negative Genetic	genetic	PUBMED:27708008
YBR085W	YHR065C	AAC3	RRP3	Negative Genetic	genetic	PUBMED:27708008
YBR085W	YHR186C	AAC3	KOG1	Negative Genetic	genetic	PUBMED:27708008
YBR085W	YIL048W	AAC3	NEO1	Negative Genetic	genetic	PUBMED:27708008
YBR085W	YJL081C	AAC3	ARP4	Negative Genetic	genetic	PUBMED:27708008
YBR085W	YJL174W	AAC3	KRE9	Negative Genetic	genetic	PUBMED:27708008
YBR085W	YJR042W	AAC3	NUP85	Negative Genetic	genetic	PUBMED:27708008
YBR085W	YJR065C	AAC3	ARP3	Negative Genetic	genetic	PUBMED:27708008
YBR085W	YKL089W	AAC3	MIF2	Negative Genetic	genetic	PUBMED:27708008
YBR085W	YLL035W	AAC3	GRC3	Negative Genetic	genetic	PUBMED:27708008
YBR085W	YLR115W	AAC3	CFT2	Negative Genetic	genetic	PUBMED:27708008
YBR085W	YLR268W	AAC3	SEC22	Negative Genetic	genetic	PUBMED:27708008
YBR085W	YLR293C	AAC3	GSP1	Negative Genetic	genetic	PUBMED:27708008
YBR085W	YMR112C	AAC3	MED11	Negative Genetic	genetic	PUBMED:27708008
YBR085W	YMR197C	AAC3	VTI1	Negative Genetic	genetic	PUBMED:27708008
YBR085W	YMR296C	AAC3	LCB1	Negative Genetic	genetic	PUBMED:27708008
YBR085W	YNL118C	AAC3	DCP2	Negative Genetic	genetic	PUBMED:27708008
YBR085W	YNR017W	AAC3	TIM23	Negative Genetic	genetic	PUBMED:27708008
YBR085W	YNR053C	AAC3	NOG2	Negative Genetic	genetic	PUBMED:27708008
YBR085W	YOL069W	AAC3	NUF2	Negative Genetic	genetic	PUBMED:27708008
YBR085W	YOL077C	AAC3	BRX1	Negative Genetic	genetic	PUBMED:27708008
YBR085W	YOR020C	AAC3	HSP10	Negative Genetic	genetic	PUBMED:27708008
YBR085W	YOR057W	AAC3	SGT1	Negative Genetic	genetic	PUBMED:27708008
YBR085W	YOR157C	AAC3	PUP1	Negative Genetic	genetic	PUBMED:27708008
YBR085W	YOR250C	AAC3	CLP1	Negative Genetic	genetic	PUBMED:27708008
YBR085W	YOR294W	AAC3	RRS1	Negative Genetic	genetic	PUBMED:27708008
YBR085W	YPL007C	AAC3	TFC8	Negative Genetic	genetic	PUBMED:27708008
YBR085W	YPL190C	AAC3	NAB3	Negative Genetic	genetic	PUBMED:27708008
YBR085W	YPL211W	AAC3	NIP7	Negative Genetic	genetic	PUBMED:27708008
YBR085W	YPR161C	AAC3	SGV1	Negative Genetic	genetic	PUBMED:27708008
YBR085W	YPR181C	AAC3	SEC23	Negative Genetic	genetic	PUBMED:27708008
YBR171W	YDR302W	SEC66	GPI11	Negative Genetic	genetic	PUBMED:27708008
YBR171W	YLL031C	SEC66	GPI13	Negative Genetic	genetic	PUBMED:27708008
YBR221W-A	YAL038W	YBR221W-A	CDC19	Negative Genetic	genetic	PUBMED:27708008
YBR229C	YDR302W	ROT2	GPI11	Negative Genetic	genetic	PUBMED:27708008
YBR241C	YDR302W	YBR241C	GPI11	Negative Genetic	genetic	PUBMED:27708008
YBR260C	YDR302W	RGD1	GPI11	Negative Genetic	genetic	PUBMED:27708008
YBR267W	YML125C	REI1	PGA3	Negative Genetic	genetic	PUBMED:27708008
YBR283C	YDR302W	SSH1	GPI11	Negative Genetic	genetic	PUBMED:27708008
YCL005W-A	YLR305C	VMA9	STT4	Negative Genetic	genetic	PUBMED:27708008
YCL026C-B	YDR302W	HBN1	GPI11	Negative Genetic	genetic	PUBMED:27708008
YCR005C	YML125C	CIT2	PGA3	Negative Genetic	genetic	PUBMED:27708008
YCR024C	YKL035W	SLM5	UGP1	Negative Genetic	genetic	PUBMED:27708008
YCR024C	YLL031C	SLM5	GPI13	Negative Genetic	genetic	PUBMED:27708008
YCR024C	YLR305C	SLM5	STT4	Negative Genetic	genetic	PUBMED:27708008
YCR067C	YDR302W	SED4	GPI11	Negative Genetic	genetic	PUBMED:27708008
YCR088W	YDR302W	ABP1	GPI11	Negative Genetic	genetic	PUBMED:27708008
YDL006W	YDR302W	PTC1	GPI11	Negative Genetic	genetic	PUBMED:27708008
YDL006W	YLR305C	PTC1	STT4	Negative Genetic	genetic	PUBMED:27708008
YDL020C	YML125C	RPN4	PGA3	Negative Genetic	genetic	PUBMED:27708008
YDL057W	YKL035W	YDL057W	UGP1	Negative Genetic	genetic	PUBMED:27708008
YDL095W	YDR302W	PMT1	GPI11	Negative Genetic	genetic	PUBMED:27708008
YDL122W	YDR302W	UBP1	GPI11	Negative Genetic	genetic	PUBMED:27708008
YDL138W	YAL038W	RGT2	CDC19	Negative Genetic	genetic	PUBMED:27708008
YDL203C	YDR302W	ACK1	GPI11	Negative Genetic	genetic	PUBMED:27708008
YDL203C	YLL031C	ACK1	GPI13	Negative Genetic	genetic	PUBMED:27708008
YDL211C	YAL038W	YDL211C	CDC19	Negative Genetic	genetic	PUBMED:27708008
YDR043C	YLR305C	NRG1	STT4	Negative Genetic	genetic	PUBMED:27708008
YDR083W	YDR302W	RRP8	GPI11	Negative Genetic	genetic	PUBMED:27708008
YDR123C	YLR305C	INO2	STT4	Negative Genetic	genetic	PUBMED:27708008
YDR127W	YAL038W	ARO1	CDC19	Negative Genetic	genetic	PUBMED:27708008
YDR137W	YLR305C	RGP1	STT4	Negative Genetic	genetic	PUBMED:27708008
YDR162C	YLL031C	NBP2	GPI13	Negative Genetic	genetic	PUBMED:27708008
YDR293C	YKL035W	SSD1	UGP1	Negative Genetic	genetic	PUBMED:27708008
YDR293C	YLR305C	SSD1	STT4	Negative Genetic	genetic	PUBMED:27708008
YDR320C	YLR305C	SWA2	STT4	Negative Genetic	genetic	PUBMED:27708008
YDR476C	YAL038W	YDR476C	CDC19	Negative Genetic	genetic	PUBMED:27708008
YDR483W	YDR302W	KRE2	GPI11	Negative Genetic	genetic	PUBMED:27708008
YDR484W	YLR305C	VPS52	STT4	Negative Genetic	genetic	PUBMED:27708008
YDR524C-B	YDR302W	YDR524C-B	GPI11	Negative Genetic	genetic	PUBMED:27708008
YEL003W	YML125C	GIM4	PGA3	Negative Genetic	genetic	PUBMED:27708008
YEL007W	YDR302W	MIT1	GPI11	Negative Genetic	genetic	PUBMED:27708008
YEL018W	YDR302W	EAF5	GPI11	Negative Genetic	genetic	PUBMED:27708008
YEL029C	YML125C	BUD16	PGA3	Negative Genetic	genetic	PUBMED:27708008
YEL031W	YDR302W	SPF1	GPI11	Negative Genetic	genetic	PUBMED:27708008
YEL031W	YLL031C	SPF1	GPI13	Negative Genetic	genetic	PUBMED:27708008
YEL050C	YAL038W	RML2	CDC19	Negative Genetic	genetic	PUBMED:27708008
YEL062W	YDR302W	NPR2	GPI11	Negative Genetic	genetic	PUBMED:27708008
YER010C	YDR302W	YER010C	GPI11	Negative Genetic	genetic	PUBMED:27708008
YER056C-A	YLL031C	RPL34A	GPI13	Negative Genetic	genetic	PUBMED:27708008
YER056C-A	YLR305C	RPL34A	STT4	Negative Genetic	genetic	PUBMED:27708008
YER057C	YAL038W	HMF1	CDC19	Negative Genetic	genetic	PUBMED:27708008
YER067W	YDR302W	RGI1	GPI11	Negative Genetic	genetic	PUBMED:27708008
YER076C	YAL038W	YER076C	CDC19	Negative Genetic	genetic	PUBMED:27708008
YER090W	YML125C	TRP2	PGA3	Negative Genetic	genetic	PUBMED:27708008
YER100W	YDR302W	UBC6	GPI11	Negative Genetic	genetic	PUBMED:27708008
YER111C	YKL035W	SWI4	UGP1	Negative Genetic	genetic	PUBMED:27708008
YER120W	YLR305C	SCS2	STT4	Negative Genetic	genetic	PUBMED:27708008
YER141W	YBL034C	COX15	STU1	Negative Genetic	genetic	PUBMED:27708008
YER141W	YBR142W	COX15	MAK5	Negative Genetic	genetic	PUBMED:27708008
YER141W	YBR167C	COX15	POP7	Negative Genetic	genetic	PUBMED:27708008
YER141W	YBR193C	COX15	MED8	Negative Genetic	genetic	PUBMED:27708008
YER141W	YBR202W	COX15	MCM7	Negative Genetic	genetic	PUBMED:27708008
YER141W	YBR236C	COX15	ABD1	Negative Genetic	genetic	PUBMED:27708008
YER141W	YCL059C	COX15	KRR1	Negative Genetic	genetic	PUBMED:27708008
YER141W	YDL105W	COX15	NSE4	Negative Genetic	genetic	PUBMED:27708008
YER141W	YDL217C	COX15	TIM22	Negative Genetic	genetic	PUBMED:27708008
YER141W	YDR021W	COX15	FAL1	Negative Genetic	genetic	PUBMED:27708008
YER141W	YDR168W	COX15	CDC37	Negative Genetic	genetic	PUBMED:27708008
YER141W	YDR212W	COX15	TCP1	Negative Genetic	genetic	PUBMED:27708008
YER141W	YDR228C	COX15	PCF11	Negative Genetic	genetic	PUBMED:27708008
YER141W	YDR394W	COX15	RPT3	Negative Genetic	genetic	PUBMED:27708008
YER141W	YFL034C-B	COX15	MOB2	Negative Genetic	genetic	PUBMED:27708008
YER141W	YFL038C	COX15	YPT1	Negative Genetic	genetic	PUBMED:27708008
YER141W	YFL039C	COX15	ACT1	Negative Genetic	genetic	PUBMED:27708008
YER141W	YGL048C	COX15	RPT6	Negative Genetic	genetic	PUBMED:27708008
YER141W	YGR218W	COX15	CRM1	Negative Genetic	genetic	PUBMED:27708008
YER141W	YHR058C	COX15	MED6	Negative Genetic	genetic	PUBMED:27708008
YER141W	YIL147C	COX15	SLN1	Negative Genetic	genetic	PUBMED:27708008
YER141W	YJL104W	COX15	PAM16	Negative Genetic	genetic	PUBMED:27708008
YER141W	YJR076C	COX15	CDC11	Negative Genetic	genetic	PUBMED:27708008
YER141W	YKL173W	COX15	SNU114	Negative Genetic	genetic	PUBMED:27708008
YER141W	YKR008W	COX15	RSC4	Negative Genetic	genetic	PUBMED:27708008
YER141W	YLR222C	COX15	UTP13	Negative Genetic	genetic	PUBMED:27708008
YER141W	YLR268W	COX15	SEC22	Negative Genetic	genetic	PUBMED:27708008
YER141W	YLR298C	COX15	YHC1	Negative Genetic	genetic	PUBMED:27708008
YER141W	YMR290C	COX15	HAS1	Negative Genetic	genetic	PUBMED:27708008
YER141W	YNL006W	COX15	LST8	Negative Genetic	genetic	PUBMED:27708008
YER141W	YNL061W	COX15	NOP2	Negative Genetic	genetic	PUBMED:27708008
YER141W	YNL138W	COX15	SRV2	Negative Genetic	genetic	PUBMED:27708008
YER141W	YNR035C	COX15	ARC35	Negative Genetic	genetic	PUBMED:27708008
YER141W	YOR074C	COX15	CDC21	Negative Genetic	genetic	PUBMED:27708008
YER141W	YOR250C	COX15	CLP1	Negative Genetic	genetic	PUBMED:27708008
YER141W	YOR259C	COX15	RPT4	Negative Genetic	genetic	PUBMED:27708008
YER141W	YPL082C	COX15	MOT1	Negative Genetic	genetic	PUBMED:27708008
YER144C	YDR302W	UBP5	GPI11	Negative Genetic	genetic	PUBMED:27708008
YER151C	YLL031C	UBP3	GPI13	Negative Genetic	genetic	PUBMED:27708008
YER155C	YLR305C	BEM2	STT4	Negative Genetic	genetic	PUBMED:27708008
YFL001W	YKL035W	DEG1	UGP1	Negative Genetic	genetic	PUBMED:27708008
YFL025C	YDR302W	BST1	GPI11	Negative Genetic	genetic	PUBMED:27708008
YFL031W	YDR302W	HAC1	GPI11	Negative Genetic	genetic	PUBMED:27708008
YFL031W	YLL031C	HAC1	GPI13	Negative Genetic	genetic	PUBMED:27708008
YFL049W	YDR302W	SWP82	GPI11	Negative Genetic	genetic	PUBMED:27708008
YFR040W	YKL035W	SAP155	UGP1	Negative Genetic	genetic	PUBMED:27708008
YFR043C	YKL035W	IRC6	UGP1	Negative Genetic	genetic	PUBMED:27708008
YFR048W	YLL031C	RMD8	GPI13	Negative Genetic	genetic	PUBMED:27708008
YGL005C	YLR305C	COG7	STT4	Negative Genetic	genetic	PUBMED:27708008
YGL012W	YDR302W	ERG4	GPI11	Negative Genetic	genetic	PUBMED:27708008
YGL027C	YDR302W	CWH41	GPI11	Negative Genetic	genetic	PUBMED:27708008
YGL054C	YLL031C	ERV14	GPI13	Negative Genetic	genetic	PUBMED:27708008
YGL062W	YLR305C	PYC1	STT4	Negative Genetic	genetic	PUBMED:27708008
YGL067W	YAL038W	NPY1	CDC19	Negative Genetic	genetic	PUBMED:27708008
YGL084C	YLL031C	GUP1	GPI13	Negative Genetic	genetic	PUBMED:27708008
YGL100W	YML125C	SEH1	PGA3	Negative Genetic	genetic	PUBMED:27708008
YGL148W	YAL038W	ARO2	CDC19	Negative Genetic	genetic	PUBMED:27708008
YGL190C	YLL031C	CDC55	GPI13	Negative Genetic	genetic	PUBMED:27708008
YGL209W	YDR302W	MIG2	GPI11	Negative Genetic	genetic	PUBMED:27708008
YGL227W	YDR302W	VID30	GPI11	Negative Genetic	genetic	PUBMED:27708008
YGL255W	YDR302W	ZRT1	GPI11	Negative Genetic	genetic	PUBMED:27708008
YGL258W-A	YDR302W	YGL258W-A	GPI11	Negative Genetic	genetic	PUBMED:27708008
YGR055W	YDR302W	MUP1	GPI11	Negative Genetic	genetic	PUBMED:27708008
YGR055W	YLL031C	MUP1	GPI13	Negative Genetic	genetic	PUBMED:27708008
YGR067C	YDR302W	YGR067C	GPI11	Negative Genetic	genetic	PUBMED:27708008
YGR068C	YDR302W	ART5	GPI11	Negative Genetic	genetic	PUBMED:27708008
YGR077C	YDR302W	PEX8	GPI11	Negative Genetic	genetic	PUBMED:27708008
YGR080W	YDR302W	TWF1	GPI11	Negative Genetic	genetic	PUBMED:27708008
YGR092W	YAL038W	DBF2	CDC19	Negative Genetic	genetic	PUBMED:27708008
YGR096W	YDR302W	TPC1	GPI11	Negative Genetic	genetic	PUBMED:27708008
YGR133W	YLL031C	PEX4	GPI13	Negative Genetic	genetic	PUBMED:27708008
YGR149W	YDR302W	YGR149W	GPI11	Negative Genetic	genetic	PUBMED:27708008
YGR168C	YDR302W	YGR168C	GPI11	Negative Genetic	genetic	PUBMED:27708008
YGR180C	YAR007C	RNR4	RFA1	Negative Genetic	genetic	PUBMED:27708008
YGR180C	YBL076C	RNR4	ILS1	Negative Genetic	genetic	PUBMED:27708008
YGR180C	YBR055C	RNR4	PRP6	Negative Genetic	genetic	PUBMED:27708008
YGR180C	YBR058C-A	RNR4	TSC3	Negative Genetic	genetic	PUBMED:27708008
YGR180C	YBR202W	RNR4	MCM7	Negative Genetic	genetic	PUBMED:27708008
YGR180C	YBR254C	RNR4	TRS20	Negative Genetic	genetic	PUBMED:27708008
YGR180C	YDL008W	RNR4	APC11	Negative Genetic	genetic	PUBMED:27708008
YGR180C	YDL015C	RNR4	TSC13	Negative Genetic	genetic	PUBMED:27708008
YGR180C	YDL102W	RNR4	POL3	Negative Genetic	genetic	PUBMED:27708008
YGR180C	YDL103C	RNR4	QRI1	Negative Genetic	genetic	PUBMED:27708008
YGR180C	YDL105W	RNR4	NSE4	Negative Genetic	genetic	PUBMED:27708008
YGR180C	YDR016C	RNR4	DAD1	Negative Genetic	genetic	PUBMED:27708008
YGR180C	YDR088C	RNR4	SLU7	Negative Genetic	genetic	PUBMED:27708008
YGR180C	YDR113C	RNR4	PDS1	Negative Genetic	genetic	PUBMED:27708008
YGR180C	YDR510W	RNR4	SMT3	Negative Genetic	genetic	PUBMED:27708008
YGR180C	YER094C	RNR4	PUP3	Negative Genetic	genetic	PUBMED:27708008
YGR180C	YER157W	RNR4	COG3	Negative Genetic	genetic	PUBMED:27708008
YGR180C	YFL009W	RNR4	CDC4	Negative Genetic	genetic	PUBMED:27708008
YGR180C	YFL034C-B	RNR4	MOB2	Negative Genetic	genetic	PUBMED:27708008
YGR180C	YFL039C	RNR4	ACT1	Negative Genetic	genetic	PUBMED:27708008
YGR180C	YFR004W	RNR4	RPN11	Negative Genetic	genetic	PUBMED:27708008
YGR180C	YFR050C	RNR4	PRE4	Negative Genetic	genetic	PUBMED:27708008
YGR180C	YGL048C	RNR4	RPT6	Negative Genetic	genetic	PUBMED:27708008
YGR180C	YGL116W	RNR4	CDC20	Negative Genetic	genetic	PUBMED:27708008
YGR180C	YHR166C	RNR4	CDC23	Negative Genetic	genetic	PUBMED:27708008
YGR180C	YIR011C	RNR4	STS1	Negative Genetic	genetic	PUBMED:27708008
YGR180C	YJL011C	RNR4	RPC17	Negative Genetic	genetic	PUBMED:27708008
YGR180C	YJR017C	RNR4	ESS1	Negative Genetic	genetic	PUBMED:27708008
YGR180C	YJR042W	RNR4	NUP85	Negative Genetic	genetic	PUBMED:27708008
YGR180C	YJR057W	RNR4	CDC8	Negative Genetic	genetic	PUBMED:27708008
YGR180C	YJR076C	RNR4	CDC11	Negative Genetic	genetic	PUBMED:27708008
YGR180C	YKL022C	RNR4	CDC16	Negative Genetic	genetic	PUBMED:27708008
YGR180C	YKL203C	RNR4	TOR2	Negative Genetic	genetic	PUBMED:27708008
YGR180C	YKR068C	RNR4	BET3	Negative Genetic	genetic	PUBMED:27708008
YGR180C	YLR007W	RNR4	NSE1	Negative Genetic	genetic	PUBMED:27708008
YGR180C	YLR071C	RNR4	RGR1	Negative Genetic	genetic	PUBMED:27708008
YGR180C	YLR268W	RNR4	SEC22	Negative Genetic	genetic	PUBMED:27708008
YGR180C	YLR316C	RNR4	TAD3	Negative Genetic	genetic	PUBMED:27708008
YGR180C	YML015C	RNR4	TAF11	Negative Genetic	genetic	PUBMED:27708008
YGR180C	YMR049C	RNR4	ERB1	Negative Genetic	genetic	PUBMED:27708008
YGR180C	YNL061W	RNR4	NOP2	Negative Genetic	genetic	PUBMED:27708008
YGR180C	YNR003C	RNR4	RPC34	Negative Genetic	genetic	PUBMED:27708008
YGR180C	YOL077C	RNR4	BRX1	Negative Genetic	genetic	PUBMED:27708008
YGR180C	YOL135C	RNR4	MED7	Negative Genetic	genetic	PUBMED:27708008
YGR180C	YOR074C	RNR4	CDC21	Negative Genetic	genetic	PUBMED:27708008
YGR180C	YOR122C	RNR4	PFY1	Negative Genetic	genetic	PUBMED:27708008
YGR180C	YOR250C	RNR4	CLP1	Negative Genetic	genetic	PUBMED:27708008
YGR180C	YOR259C	RNR4	RPT4	Negative Genetic	genetic	PUBMED:27708008
YGR180C	YOR294W	RNR4	RRS1	Negative Genetic	genetic	PUBMED:27708008
YGR180C	YPL085W	RNR4	SEC16	Negative Genetic	genetic	PUBMED:27708008
YGR180C	YPR016C	RNR4	TIF6	Negative Genetic	genetic	PUBMED:27708008
YGR180C	YPR055W	RNR4	SEC8	Negative Genetic	genetic	PUBMED:27708008
YGR180C	YPR086W	RNR4	SUA7	Negative Genetic	genetic	PUBMED:27708008
YGR180C	YPR088C	RNR4	SRP54	Negative Genetic	genetic	PUBMED:27708008
YGR180C	YPR094W	RNR4	RDS3	Negative Genetic	genetic	PUBMED:27708008
YGR180C	YPR103W	RNR4	PRE2	Negative Genetic	genetic	PUBMED:27708008
YGR196C	YDR302W	FYV8	GPI11	Negative Genetic	genetic	PUBMED:27708008
YGR212W	YKL035W	SLI1	UGP1	Negative Genetic	genetic	PUBMED:27708008
YGR221C	YDR302W	TOS2	GPI11	Negative Genetic	genetic	PUBMED:27708008
YGR294W	YDR302W	PAU12	GPI11	Negative Genetic	genetic	PUBMED:27708008
YHL008C	YKL035W	YHL008C	UGP1	Negative Genetic	genetic	PUBMED:27708008
YHL012W	YBL105C	YHL012W	PKC1	Negative Genetic	genetic	PUBMED:27708008
YHL012W	YBR109C	YHL012W	CMD1	Negative Genetic	genetic	PUBMED:27708008
YHL012W	YDL008W	YHL012W	APC11	Negative Genetic	genetic	PUBMED:27708008
YHL012W	YDL102W	YHL012W	POL3	Negative Genetic	genetic	PUBMED:27708008
YHL012W	YDL147W	YHL012W	RPN5	Negative Genetic	genetic	PUBMED:27708008
YHL012W	YDR437W	YHL012W	GPI19	Negative Genetic	genetic	PUBMED:27708008
YHL012W	YFL034C-B	YHL012W	MOB2	Negative Genetic	genetic	PUBMED:27708008
YHL012W	YGL091C	YHL012W	NBP35	Negative Genetic	genetic	PUBMED:27708008
YHL012W	YGR211W	YHL012W	ZPR1	Negative Genetic	genetic	PUBMED:27708008
YHL012W	YJL002C	YHL012W	OST1	Negative Genetic	genetic	PUBMED:27708008
YHL012W	YJR141W	YHL012W	YJR141W	Negative Genetic	genetic	PUBMED:27708008
YHL012W	YLR316C	YHL012W	TAD3	Negative Genetic	genetic	PUBMED:27708008
YHL012W	YMR235C	YHL012W	RNA1	Negative Genetic	genetic	PUBMED:27708008
YHL014C	YDR302W	YLF2	GPI11	Negative Genetic	genetic	PUBMED:27708008
YHL023C	YDR302W	NPR3	GPI11	Negative Genetic	genetic	PUBMED:27708008
YHL029C	YLR305C	OCA5	STT4	Negative Genetic	genetic	PUBMED:27708008
YHR001W	YAL038W	OSH7	CDC19	Negative Genetic	genetic	PUBMED:27708008
YHR001W	YKL035W	OSH7	UGP1	Negative Genetic	genetic	PUBMED:27708008
YHR001W	YML125C	OSH7	PGA3	Negative Genetic	genetic	PUBMED:27708008
YHR011W	YBL034C	DIA4	STU1	Negative Genetic	genetic	PUBMED:27708008
YHR011W	YBR055C	DIA4	PRP6	Negative Genetic	genetic	PUBMED:27708008
YHR011W	YBR193C	DIA4	MED8	Negative Genetic	genetic	PUBMED:27708008
YHR011W	YDL207W	DIA4	GLE1	Negative Genetic	genetic	PUBMED:27708008
YHR011W	YDR060W	DIA4	MAK21	Negative Genetic	genetic	PUBMED:27708008
YHR011W	YDR082W	DIA4	STN1	Negative Genetic	genetic	PUBMED:27708008
YHR011W	YDR196C	DIA4	CAB5	Negative Genetic	genetic	PUBMED:27708008
YHR011W	YER093C	DIA4	TSC11	Negative Genetic	genetic	PUBMED:27708008
YHR011W	YFL017C	DIA4	GNA1	Negative Genetic	genetic	PUBMED:27708008
YHR011W	YFL034C-B	DIA4	MOB2	Negative Genetic	genetic	PUBMED:27708008
YHR011W	YGL011C	DIA4	SCL1	Negative Genetic	genetic	PUBMED:27708008
YHR011W	YGL048C	DIA4	RPT6	Negative Genetic	genetic	PUBMED:27708008
YHR011W	YGL097W	DIA4	SRM1	Negative Genetic	genetic	PUBMED:27708008
YHR011W	YGR099W	DIA4	TEL2	Negative Genetic	genetic	PUBMED:27708008
YHR011W	YIL046W	DIA4	MET30	Negative Genetic	genetic	PUBMED:27708008
YHR011W	YJR006W	DIA4	POL31	Negative Genetic	genetic	PUBMED:27708008
YHR011W	YJR076C	DIA4	CDC11	Negative Genetic	genetic	PUBMED:27708008
YHR011W	YKL018W	DIA4	SWD2	Negative Genetic	genetic	PUBMED:27708008
YHR011W	YLR268W	DIA4	SEC22	Negative Genetic	genetic	PUBMED:27708008
YHR011W	YOL102C	DIA4	TPT1	Negative Genetic	genetic	PUBMED:27708008
YHR011W	YOL123W	DIA4	HRP1	Negative Genetic	genetic	PUBMED:27708008
YHR011W	YOR048C	DIA4	RAT1	Negative Genetic	genetic	PUBMED:27708008
YHR011W	YOR236W	DIA4	DFR1	Negative Genetic	genetic	PUBMED:27708008
YHR011W	YOR250C	DIA4	CLP1	Negative Genetic	genetic	PUBMED:27708008
YHR011W	YPR033C	DIA4	HTS1	Negative Genetic	genetic	PUBMED:27708008
YHR011W	YPR103W	DIA4	PRE2	Negative Genetic	genetic	PUBMED:27708008
YHR014W	YDR302W	SPO13	GPI11	Negative Genetic	genetic	PUBMED:27708008
YHR030C	YDR302W	SLT2	GPI11	Negative Genetic	genetic	PUBMED:27708008
YHR030C	YLL031C	SLT2	GPI13	Negative Genetic	genetic	PUBMED:27708008
YHR030C	YLR305C	SLT2	STT4	Negative Genetic	genetic	PUBMED:27708008
YHR079C	YDR302W	IRE1	GPI11	Negative Genetic	genetic	PUBMED:27708008
YHR086W-A	YDR302W	YHR086W-A	GPI11	Negative Genetic	genetic	PUBMED:27708008
YHR114W	YKL035W	BZZ1	UGP1	Negative Genetic	genetic	PUBMED:27708008
YHR114W	YLR305C	BZZ1	STT4	Negative Genetic	genetic	PUBMED:27708008
YHR117W	YDR302W	TOM71	GPI11	Negative Genetic	genetic	PUBMED:27708008
YHR117W	YLL031C	TOM71	GPI13	Negative Genetic	genetic	PUBMED:27708008
YHR127W	YML125C	YHR127W	PGA3	Negative Genetic	genetic	PUBMED:27708008
YHR178W	YDR302W	STB5	GPI11	Negative Genetic	genetic	PUBMED:27708008
YHR189W	YDR302W	PTH1	GPI11	Negative Genetic	genetic	PUBMED:27708008
YHR192W	YDR302W	LNP1	GPI11	Negative Genetic	genetic	PUBMED:27708008
YHR200W	YLR305C	RPN10	STT4	Negative Genetic	genetic	PUBMED:27708008
YHR205W	YLR305C	SCH9	STT4	Negative Genetic	genetic	PUBMED:27708008
YHR212W-A	YLL031C	YHR212W-A	GPI13	Negative Genetic	genetic	PUBMED:27708008
YIL040W	YDR302W	APQ12	GPI11	Negative Genetic	genetic	PUBMED:27708008
YIL040W	YML125C	APQ12	PGA3	Negative Genetic	genetic	PUBMED:27708008
YIL090W	YDR302W	ICE2	GPI11	Negative Genetic	genetic	PUBMED:27708008
YIL090W	YLR305C	ICE2	STT4	Negative Genetic	genetic	PUBMED:27708008
YIL148W	YDR302W	RPL40A	GPI11	Negative Genetic	genetic	PUBMED:27708008
YIR023W	YLR305C	DAL81	STT4	Negative Genetic	genetic	PUBMED:27708008
YJL036W	YAL038W	SNX4	CDC19	Negative Genetic	genetic	PUBMED:27708008
YJL057C	YLR305C	IKS1	STT4	Negative Genetic	genetic	PUBMED:27708008
YJL077W-B	YML125C	YJL077W-B	PGA3	Negative Genetic	genetic	PUBMED:27708008
YJL095W	YDR302W	BCK1	GPI11	Negative Genetic	genetic	PUBMED:27708008
YJL095W	YLL031C	BCK1	GPI13	Negative Genetic	genetic	PUBMED:27708008
YJL130C	YDR302W	URA2	GPI11	Negative Genetic	genetic	PUBMED:27708008
YJL136W-A	YDR302W	YJL136W-A	GPI11	Negative Genetic	genetic	PUBMED:27708008
YJL136W-A	YLR305C	YJL136W-A	STT4	Negative Genetic	genetic	PUBMED:27708008
YJL138C	YDR302W	TIF2	GPI11	Negative Genetic	genetic	PUBMED:27708008
YJL146W	YAL038W	IDS2	CDC19	Negative Genetic	genetic	PUBMED:27708008
YJL187C	YLR305C	SWE1	STT4	Negative Genetic	genetic	PUBMED:27708008
YJR010W	YKL035W	MET3	UGP1	Negative Genetic	genetic	PUBMED:27708008
YJR073C	YDR302W	OPI3	GPI11	Negative Genetic	genetic	PUBMED:27708008
YJR138W	YAL038W	IML1	CDC19	Negative Genetic	genetic	PUBMED:27708008
YJR144W	YAL038W	MGM101	CDC19	Negative Genetic	genetic	PUBMED:27708008
YJR159W	YDR302W	SOR1	GPI11	Negative Genetic	genetic	PUBMED:27708008
YKL048C	YDR302W	ELM1	GPI11	Negative Genetic	genetic	PUBMED:27708008
YKL057C	YLR305C	NUP120	STT4	Negative Genetic	genetic	PUBMED:27708008
YKL109W	YDR302W	HAP4	GPI11	Negative Genetic	genetic	PUBMED:27708008
YKL140W	YML125C	TGL1	PGA3	Negative Genetic	genetic	PUBMED:27708008
YKR020W	YLR305C	VPS51	STT4	Negative Genetic	genetic	PUBMED:27708008
YKR045C	YDR302W	YKR045C	GPI11	Negative Genetic	genetic	PUBMED:27708008
YKR074W	YLR305C	AIM29	STT4	Negative Genetic	genetic	PUBMED:27708008
YLL021W	YDR302W	SPA2	GPI11	Negative Genetic	genetic	PUBMED:27708008
YLR018C	YDR302W	POM34	GPI11	Negative Genetic	genetic	PUBMED:27708008
YLR039C	YLR305C	RIC1	STT4	Negative Genetic	genetic	PUBMED:27708008
YLR056W	YAL038W	ERG3	CDC19	Negative Genetic	genetic	PUBMED:27708008
YLR087C	YDR302W	CSF1	GPI11	Negative Genetic	genetic	PUBMED:27708008
YLR218C	YDR302W	COA4	GPI11	Negative Genetic	genetic	PUBMED:27708008
YLR301W	YKL035W	HRI1	UGP1	Negative Genetic	genetic	PUBMED:27708008
YLR332W	YDR302W	MID2	GPI11	Negative Genetic	genetic	PUBMED:27708008
YLR356W	YDR302W	ATG33	GPI11	Negative Genetic	genetic	PUBMED:27708008
YLR356W	YLL031C	ATG33	GPI13	Negative Genetic	genetic	PUBMED:27708008
YLR363C	YDR302W	NMD4	GPI11	Negative Genetic	genetic	PUBMED:27708008
YLR371W	YDR302W	ROM2	GPI11	Negative Genetic	genetic	PUBMED:27708008
YLR412C-A	YDR302W	YLR412C-A	GPI11	Negative Genetic	genetic	PUBMED:27708008
YLR426W	YDR302W	TDA5	GPI11	Negative Genetic	genetic	PUBMED:27708008
YLR426W	YLL031C	TDA5	GPI13	Negative Genetic	genetic	PUBMED:27708008
YLR453C	YDR302W	RIF2	GPI11	Negative Genetic	genetic	PUBMED:27708008
YML003W	YDR302W	YML003W	GPI11	Negative Genetic	genetic	PUBMED:27708008
YML007W	YDR302W	YAP1	GPI11	Negative Genetic	genetic	PUBMED:27708008
YML008C	YDR302W	ERG6	GPI11	Negative Genetic	genetic	PUBMED:27708008
YML014W	YDR302W	TRM9	GPI11	Negative Genetic	genetic	PUBMED:27708008
YML019W	YDR302W	OST6	GPI11	Negative Genetic	genetic	PUBMED:27708008
YML027W	YDR302W	YOX1	GPI11	Negative Genetic	genetic	PUBMED:27708008
YML028W	YDR302W	TSA1	GPI11	Negative Genetic	genetic	PUBMED:27708008
YML030W	YDR302W	RCF1	GPI11	Negative Genetic	genetic	PUBMED:27708008
YML038C	YDR302W	YMD8	GPI11	Negative Genetic	genetic	PUBMED:27708008
YML094W	YDR302W	GIM5	GPI11	Negative Genetic	genetic	PUBMED:27708008
YMR001C-A	YDR302W	YMR001C-A	GPI11	Negative Genetic	genetic	PUBMED:27708008
YMR006C	YDR302W	PLB2	GPI11	Negative Genetic	genetic	PUBMED:27708008
YMR008C	YDR302W	PLB1	GPI11	Negative Genetic	genetic	PUBMED:27708008
YMR017W	YDR302W	SPO20	GPI11	Negative Genetic	genetic	PUBMED:27708008
YMR021C	YDR302W	MAC1	GPI11	Negative Genetic	genetic	PUBMED:27708008
YMR026C	YDR302W	PEX12	GPI11	Negative Genetic	genetic	PUBMED:27708008
YMR029C	YDR302W	FAR8	GPI11	Negative Genetic	genetic	PUBMED:27708008
YMR030W-A	YDR302W	YMR030W-A	GPI11	Negative Genetic	genetic	PUBMED:27708008
YMR030W	YDR302W	RSF1	GPI11	Negative Genetic	genetic	PUBMED:27708008
YMR034C	YDR302W	YMR034C	GPI11	Negative Genetic	genetic	PUBMED:27708008
YMR035W	YDR302W	IMP2	GPI11	Negative Genetic	genetic	PUBMED:27708008
YMR041C	YDR302W	ARA2	GPI11	Negative Genetic	genetic	PUBMED:27708008
YMR042W	YML125C	ARG80	PGA3	Negative Genetic	genetic	PUBMED:27708008
YMR088C	YDR302W	VBA1	GPI11	Negative Genetic	genetic	PUBMED:27708008
YMR096W	YDR302W	SNZ1	GPI11	Negative Genetic	genetic	PUBMED:27708008
YMR099C	YDR302W	YMR099C	GPI11	Negative Genetic	genetic	PUBMED:27708008
YMR104C	YDR302W	YPK2	GPI11	Negative Genetic	genetic	PUBMED:27708008
YMR120C	YDR302W	ADE17	GPI11	Negative Genetic	genetic	PUBMED:27708008
YMR121C	YDR302W	RPL15B	GPI11	Negative Genetic	genetic	PUBMED:27708008
YMR124W	YDR302W	EPO1	GPI11	Negative Genetic	genetic	PUBMED:27708008
YMR136W	YAL038W	GAT2	CDC19	Negative Genetic	genetic	PUBMED:27708008
YMR147W	YDR302W	YMR147W	GPI11	Negative Genetic	genetic	PUBMED:27708008
YMR155W	YLL031C	YMR155W	GPI13	Negative Genetic	genetic	PUBMED:27708008
YMR155W	YLR305C	YMR155W	STT4	Negative Genetic	genetic	PUBMED:27708008
YMR163C	YDR302W	INP2	GPI11	Negative Genetic	genetic	PUBMED:27708008
YMR182W-A	YDR302W	YMR182W-A	GPI11	Negative Genetic	genetic	PUBMED:27708008
YMR182W-A	YLL031C	YMR182W-A	GPI13	Negative Genetic	genetic	PUBMED:27708008
YMR214W	YDR302W	SCJ1	GPI11	Negative Genetic	genetic	PUBMED:27708008
YMR215W	YDR302W	GAS3	GPI11	Negative Genetic	genetic	PUBMED:27708008
YMR215W	YLR305C	GAS3	STT4	Negative Genetic	genetic	PUBMED:27708008
YMR246W	YDR302W	FAA4	GPI11	Negative Genetic	genetic	PUBMED:27708008
YMR263W	YDR302W	SAP30	GPI11	Negative Genetic	genetic	PUBMED:27708008
YMR267W	YDR302W	PPA2	GPI11	Negative Genetic	genetic	PUBMED:27708008
YMR307W	YLR305C	GAS1	STT4	Negative Genetic	genetic	PUBMED:27708008
YMR316W	YKL035W	DIA1	UGP1	Negative Genetic	genetic	PUBMED:27708008
YNL009W	YDR302W	IDP3	GPI11	Negative Genetic	genetic	PUBMED:27708008
YNL041C	YDR302W	COG6	GPI11	Negative Genetic	genetic	PUBMED:27708008
YNL041C	YLR305C	COG6	STT4	Negative Genetic	genetic	PUBMED:27708008
YNL047C	YKL035W	SLM2	UGP1	Negative Genetic	genetic	PUBMED:27708008
YNL048W	YDR302W	ALG11	GPI11	Negative Genetic	genetic	PUBMED:27708008
YNL051W	YDR302W	COG5	GPI11	Negative Genetic	genetic	PUBMED:27708008
YNL051W	YLL031C	COG5	GPI13	Negative Genetic	genetic	PUBMED:27708008
YNL051W	YLR305C	COG5	STT4	Negative Genetic	genetic	PUBMED:27708008
YNL054W	YLR305C	VAC7	STT4	Negative Genetic	genetic	PUBMED:27708008
YNL056W	YLR305C	OCA2	STT4	Negative Genetic	genetic	PUBMED:27708008
YNL097C-B	YDR302W	YNL097C-B	GPI11	Negative Genetic	genetic	PUBMED:27708008
YNL119W	YLR305C	NCS2	STT4	Negative Genetic	genetic	PUBMED:27708008
YNL136W	YDR302W	EAF7	GPI11	Negative Genetic	genetic	PUBMED:27708008
YNL146W	YDR302W	YNL146W	GPI11	Negative Genetic	genetic	PUBMED:27708008
YNL148C	YML125C	ALF1	PGA3	Negative Genetic	genetic	PUBMED:27708008
YNL164C	YAL038W	IBD2	CDC19	Negative Genetic	genetic	PUBMED:27708008
YNL213C	YAL038W	RRG9	CDC19	Negative Genetic	genetic	PUBMED:27708008
YNL223W	YAL038W	ATG4	CDC19	Negative Genetic	genetic	PUBMED:27708008
YNL241C	YLR305C	ZWF1	STT4	Negative Genetic	genetic	PUBMED:27708008
YNL243W	YDR302W	SLA2	GPI11	Negative Genetic	genetic	PUBMED:27708008
YNL243W	YKL035W	SLA2	UGP1	Negative Genetic	genetic	PUBMED:27708008
YNL264C	YDR302W	PDR17	GPI11	Negative Genetic	genetic	PUBMED:27708008
YNL264C	YLL031C	PDR17	GPI13	Negative Genetic	genetic	PUBMED:27708008
YNL297C	YDR302W	MON2	GPI11	Negative Genetic	genetic	PUBMED:27708008
YNL297C	YLL031C	MON2	GPI13	Negative Genetic	genetic	PUBMED:27708008
YNL297C	YLR305C	MON2	STT4	Negative Genetic	genetic	PUBMED:27708008
YNL304W	YKL035W	YPT11	UGP1	Negative Genetic	genetic	PUBMED:27708008
YNL330C	YLL031C	RPD3	GPI13	Negative Genetic	genetic	PUBMED:27708008
YNL336W	YML125C	COS1	PGA3	Negative Genetic	genetic	PUBMED:27708008
YNR073C	YAL038W	YNR073C	CDC19	Negative Genetic	genetic	PUBMED:27708008
YOL004W	YLL031C	SIN3	GPI13	Negative Genetic	genetic	PUBMED:27708008
YOL018C	YLR305C	TLG2	STT4	Negative Genetic	genetic	PUBMED:27708008
YOL027C	YLR305C	MDM38	STT4	Negative Genetic	genetic	PUBMED:27708008
YOL061W	YLR305C	PRS5	STT4	Negative Genetic	genetic	PUBMED:27708008
YOL126C	YAL038W	MDH2	CDC19	Negative Genetic	genetic	PUBMED:27708008
YOR002W	YDR302W	ALG6	GPI11	Negative Genetic	genetic	PUBMED:27708008
YOR017W	YLR305C	PET127	STT4	Negative Genetic	genetic	PUBMED:27708008
YOR031W	YML125C	CRS5	PGA3	Negative Genetic	genetic	PUBMED:27708008
YOR035C	YDR302W	SHE4	GPI11	Negative Genetic	genetic	PUBMED:27708008
YOR052C	YML125C	TMC1	PGA3	Negative Genetic	genetic	PUBMED:27708008
YOR068C	YDR302W	VAM10	GPI11	Negative Genetic	genetic	PUBMED:27708008
YOR085W	YLL031C	OST3	GPI13	Negative Genetic	genetic	PUBMED:27708008
YOR123C	YLR305C	LEO1	STT4	Negative Genetic	genetic	PUBMED:27708008
YOR201C	YAL038W	MRM1	CDC19	Negative Genetic	genetic	PUBMED:27708008
YOR295W	YML125C	UAF30	PGA3	Negative Genetic	genetic	PUBMED:27708008
YOR305W	YLL031C	RRG7	GPI13	Negative Genetic	genetic	PUBMED:27708008
YOR311C	YDR302W	DGK1	GPI11	Negative Genetic	genetic	PUBMED:27708008
YOR347C	YBR198C	PYK2	TAF5	Negative Genetic	genetic	PUBMED:27708008
YOR347C	YDL008W	PYK2	APC11	Negative Genetic	genetic	PUBMED:27708008
YOR347C	YDL103C	PYK2	QRI1	Negative Genetic	genetic	PUBMED:27708008
YOR347C	YDL217C	PYK2	TIM22	Negative Genetic	genetic	PUBMED:27708008
YOR347C	YDR060W	PYK2	MAK21	Negative Genetic	genetic	PUBMED:27708008
YOR347C	YFL034C-B	PYK2	MOB2	Negative Genetic	genetic	PUBMED:27708008
YOR347C	YGL142C	PYK2	GPI10	Negative Genetic	genetic	PUBMED:27708008
YOR347C	YGR119C	PYK2	NUP57	Negative Genetic	genetic	PUBMED:27708008
YOR347C	YHR007C	PYK2	ERG11	Negative Genetic	genetic	PUBMED:27708008
YOR347C	YHR107C	PYK2	CDC12	Negative Genetic	genetic	PUBMED:27708008
YOR347C	YJL034W	PYK2	KAR2	Negative Genetic	genetic	PUBMED:27708008
YOR347C	YJL194W	PYK2	CDC6	Negative Genetic	genetic	PUBMED:27708008
YOR347C	YJR076C	PYK2	CDC11	Negative Genetic	genetic	PUBMED:27708008
YOR347C	YLR197W	PYK2	NOP56	Negative Genetic	genetic	PUBMED:27708008
YOR347C	YLR215C	PYK2	CDC123	Negative Genetic	genetic	PUBMED:27708008
YOR347C	YLR316C	PYK2	TAD3	Negative Genetic	genetic	PUBMED:27708008
YOR347C	YML049C	PYK2	RSE1	Negative Genetic	genetic	PUBMED:27708008
YOR347C	YMR298W	PYK2	LIP1	Negative Genetic	genetic	PUBMED:27708008
YOR347C	YNR003C	PYK2	RPC34	Negative Genetic	genetic	PUBMED:27708008
YOR347C	YOR057W	PYK2	SGT1	Negative Genetic	genetic	PUBMED:27708008
YOR347C	YPL094C	PYK2	SEC62	Negative Genetic	genetic	PUBMED:27708008
YOR347C	YPL190C	PYK2	NAB3	Negative Genetic	genetic	PUBMED:27708008
YOR360C	YLR305C	PDE2	STT4	Negative Genetic	genetic	PUBMED:27708008
YOR387C	YDR302W	YOR387C	GPI11	Negative Genetic	genetic	PUBMED:27708008
YOR388C	YLL031C	FDH1	GPI13	Negative Genetic	genetic	PUBMED:27708008
YPL006W	YML125C	NCR1	PGA3	Negative Genetic	genetic	PUBMED:27708008
YPL031C	YML125C	PHO85	PGA3	Negative Genetic	genetic	PUBMED:27708008
YPL089C	YDR302W	RLM1	GPI11	Negative Genetic	genetic	PUBMED:27708008
YPL096C-A	YDR302W	ERI1	GPI11	Negative Genetic	genetic	PUBMED:27708008
YPL132W	YDR302W	COX11	GPI11	Negative Genetic	genetic	PUBMED:27708008
YPL144W	YDR302W	POC4	GPI11	Negative Genetic	genetic	PUBMED:27708008
YPL161C	YLL031C	BEM4	GPI13	Negative Genetic	genetic	PUBMED:27708008
YPR095C	YDR302W	SYT1	GPI11	Negative Genetic	genetic	PUBMED:27708008
YPR102C	YDR302W	RPL11A	GPI11	Negative Genetic	genetic	PUBMED:27708008
YPR202W	YML125C	YPR202W	PGA3	Negative Genetic	genetic	PUBMED:27708008
YAL007C	YPL036W	ERP2	PMA2	Negative Genetic	genetic	PUBMED:27708008
YAL010C	YPL036W	MDM10	PMA2	Negative Genetic	genetic	PUBMED:27708008
YAL020C	YIL043C	ATS1	CBR1	Negative Genetic	genetic	PUBMED:27708008
YAL024C	YPL036W	LTE1	PMA2	Negative Genetic	genetic	PUBMED:27708008
YAL055W	YPL036W	PEX22	PMA2	Negative Genetic	genetic	PUBMED:27708008
YAL061W	YIL043C	BDH2	CBR1	Negative Genetic	genetic	PUBMED:27708008
YAL064W	YPL036W	YAL064W	PMA2	Negative Genetic	genetic	PUBMED:27708008
YBL015W	YPL036W	ACH1	PMA2	Negative Genetic	genetic	PUBMED:27708008
YBL021C	YIL043C	HAP3	CBR1	Negative Genetic	genetic	PUBMED:27708008
YBL039W-B	YPL036W	YBL039W-B	PMA2	Negative Genetic	genetic	PUBMED:27708008
YBL049W	YPL036W	MOH1	PMA2	Negative Genetic	genetic	PUBMED:27708008
YBL059C-A	YPL036W	CMC2	PMA2	Negative Genetic	genetic	PUBMED:27708008
YBL075C	YPL036W	SSA3	PMA2	Negative Genetic	genetic	PUBMED:27708008
YBL098W	YPL036W	BNA4	PMA2	Negative Genetic	genetic	PUBMED:27708008
YBL101C	YPL036W	ECM21	PMA2	Negative Genetic	genetic	PUBMED:27708008
YBL104C	YPL036W	SEA4	PMA2	Negative Genetic	genetic	PUBMED:27708008
YBR014C	YOR347C	GRX7	PYK2	Negative Genetic	genetic	PUBMED:27708008
YBR023C	YCR009C	CHS3	RVS161	Negative Genetic	genetic	PUBMED:27708008
YBR023C	YDL117W	CHS3	CYK3	Negative Genetic	genetic	PUBMED:27708008
YBR023C	YDL232W	CHS3	OST4	Negative Genetic	genetic	PUBMED:27708008
YBR023C	YDR245W	CHS3	MNN10	Negative Genetic	genetic	PUBMED:27708008
YBR023C	YDR294C	CHS3	DPL1	Negative Genetic	genetic	PUBMED:27708008
YBR023C	YDR388W	CHS3	RVS167	Negative Genetic	genetic	PUBMED:27708008
YBR023C	YDR490C	CHS3	PKH1	Negative Genetic	genetic	PUBMED:27708008
YBR023C	YER162C	CHS3	RAD4	Negative Genetic	genetic	PUBMED:27708008
YBR023C	YFL025C	CHS3	BST1	Negative Genetic	genetic	PUBMED:27708008
YBR023C	YGL084C	CHS3	GUP1	Negative Genetic	genetic	PUBMED:27708008
YBR023C	YGL147C	CHS3	RPL9A	Negative Genetic	genetic	PUBMED:27708008
YBR023C	YGR229C	CHS3	SMI1	Negative Genetic	genetic	PUBMED:27708008
YBR023C	YIL090W	CHS3	ICE2	Negative Genetic	genetic	PUBMED:27708008
YBR023C	YJL062W	CHS3	LAS21	Negative Genetic	genetic	PUBMED:27708008
YBR023C	YJL095W	CHS3	BCK1	Negative Genetic	genetic	PUBMED:27708008
YBR023C	YJL159W	CHS3	HSP150	Negative Genetic	genetic	PUBMED:27708008
YBR023C	YJR075W	CHS3	HOC1	Negative Genetic	genetic	PUBMED:27708008
YBR023C	YJR118C	CHS3	ILM1	Negative Genetic	genetic	PUBMED:27708008
YBR023C	YKL037W	CHS3	AIM26	Negative Genetic	genetic	PUBMED:27708008
YBR023C	YKL079W	CHS3	SMY1	Negative Genetic	genetic	PUBMED:27708008
YBR023C	YKL110C	CHS3	KTI12	Negative Genetic	genetic	PUBMED:27708008
YBR023C	YKL212W	CHS3	SAC1	Negative Genetic	genetic	PUBMED:27708008
YBR023C	YLR047C	CHS3	FRE8	Negative Genetic	genetic	PUBMED:27708008
YBR023C	YLR087C	CHS3	CSF1	Negative Genetic	genetic	PUBMED:27708008
YBR023C	YLR110C	CHS3	CCW12	Negative Genetic	genetic	PUBMED:27708008
YBR023C	YLR342W	CHS3	FKS1	Negative Genetic	genetic	PUBMED:27708008
YBR023C	YLR370C	CHS3	ARC18	Negative Genetic	genetic	PUBMED:27708008
YBR023C	YLR371W	CHS3	ROM2	Negative Genetic	genetic	PUBMED:27708008
YBR023C	YLR384C	CHS3	IKI3	Negative Genetic	genetic	PUBMED:27708008
YBR023C	YML013W	CHS3	UBX2	Negative Genetic	genetic	PUBMED:27708008
YBR023C	YMR201C	CHS3	RAD14	Negative Genetic	genetic	PUBMED:27708008
YBR023C	YMR307W	CHS3	GAS1	Negative Genetic	genetic	PUBMED:27708008
YBR023C	YNL079C	CHS3	TPM1	Negative Genetic	genetic	PUBMED:27708008
YBR023C	YOL114C	CHS3	YOL114C	Negative Genetic	genetic	PUBMED:27708008
YBR023C	YOR012W	CHS3	YOR012W	Negative Genetic	genetic	PUBMED:27708008
YBR023C	YOR065W	CHS3	CYT1	Negative Genetic	genetic	PUBMED:27708008
YBR023C	YOR089C	CHS3	VPS21	Negative Genetic	genetic	PUBMED:27708008
YBR023C	YOR106W	CHS3	VAM3	Negative Genetic	genetic	PUBMED:27708008
YBR023C	YPL066W	CHS3	RGL1	Negative Genetic	genetic	PUBMED:27708008
YBR023C	YPL086C	CHS3	ELP3	Negative Genetic	genetic	PUBMED:27708008
YBR023C	YPR191W	CHS3	QCR2	Negative Genetic	genetic	PUBMED:27708008
YBR033W	YPL036W	EDS1	PMA2	Negative Genetic	genetic	PUBMED:27708008
YBR039W	YPL036W	ATP3	PMA2	Negative Genetic	genetic	PUBMED:27708008
YBR040W	YPL036W	FIG1	PMA2	Negative Genetic	genetic	PUBMED:27708008
YBR061C	YMR101C	TRM7	SRT1	Negative Genetic	genetic	PUBMED:27708008
YBR066C	YJR069C	NRG2	HAM1	Negative Genetic	genetic	PUBMED:27708008
YBR069C	YDR127W	TAT1	ARO1	Negative Genetic	genetic	PUBMED:27708008
YBR069C	YGL148W	TAT1	ARO2	Negative Genetic	genetic	PUBMED:27708008
YBR069C	YOL109W	TAT1	ZEO1	Negative Genetic	genetic	PUBMED:27708008
YBR069C	YPR060C	TAT1	ARO7	Negative Genetic	genetic	PUBMED:27708008
YBR069C	YPR074C	TAT1	TKL1	Negative Genetic	genetic	PUBMED:27708008
YBR085W	YAL005C	AAC3	SSA1	Negative Genetic	genetic	PUBMED:27708008
YBR085W	YAL036C	AAC3	RBG1	Negative Genetic	genetic	PUBMED:27708008
YBR085W	YAL046C	AAC3	AIM1	Negative Genetic	genetic	PUBMED:27708008
YBR085W	YAL058W	AAC3	CNE1	Negative Genetic	genetic	PUBMED:27708008
YBR085W	YBL091C-A	AAC3	SCS22	Negative Genetic	genetic	PUBMED:27708008
YBR085W	YCL038C	AAC3	ATG22	Negative Genetic	genetic	PUBMED:27708008
YBR085W	YCR102C	AAC3	YCR102C	Negative Genetic	genetic	PUBMED:27708008
YBR085W	YDL006W	AAC3	PTC1	Negative Genetic	genetic	PUBMED:27708008
YBR085W	YDL086W	AAC3	YDL086W	Negative Genetic	genetic	PUBMED:27708008
YBR085W	YDL119C	AAC3	YDL119C	Negative Genetic	genetic	PUBMED:27708008
YBR085W	YDL174C	AAC3	DLD1	Negative Genetic	genetic	PUBMED:27708008
YBR085W	YDR123C	AAC3	INO2	Negative Genetic	genetic	PUBMED:27708008
YBR085W	YDR159W	AAC3	SAC3	Negative Genetic	genetic	PUBMED:27708008
YBR085W	YDR258C	AAC3	HSP78	Negative Genetic	genetic	PUBMED:27708008
YBR085W	YDR317W	AAC3	HIM1	Negative Genetic	genetic	PUBMED:27708008
YBR085W	YDR321W	AAC3	ASP1	Negative Genetic	genetic	PUBMED:27708008
YBR085W	YDR441C	AAC3	APT2	Negative Genetic	genetic	PUBMED:27708008
YBR085W	YDR522C	AAC3	SPS2	Negative Genetic	genetic	PUBMED:27708008
YBR085W	YER042W	AAC3	MXR1	Negative Genetic	genetic	PUBMED:27708008
YBR085W	YER093C-A	AAC3	AIM11	Negative Genetic	genetic	PUBMED:27708008
YBR085W	YER128W	AAC3	VFA1	Negative Genetic	genetic	PUBMED:27708008
YBR085W	YFL020C	AAC3	PAU5	Negative Genetic	genetic	PUBMED:27708008
YBR085W	YFR032C-A	AAC3	RPL29	Negative Genetic	genetic	PUBMED:27708008
YBR085W	YFR053C	AAC3	HXK1	Negative Genetic	genetic	PUBMED:27708008
YBR085W	YGL036W	AAC3	YGL036W	Negative Genetic	genetic	PUBMED:27708008
YBR085W	YGL043W	AAC3	DST1	Negative Genetic	genetic	PUBMED:27708008
YBR085W	YGL195W	AAC3	GCN1	Negative Genetic	genetic	PUBMED:27708008
YBR085W	YGL228W	AAC3	SHE10	Negative Genetic	genetic	PUBMED:27708008
YBR085W	YGR012W	AAC3	YGR012W	Negative Genetic	genetic	PUBMED:27708008
YBR085W	YGR078C	AAC3	PAC10	Negative Genetic	genetic	PUBMED:27708008
YBR085W	YGR085C	AAC3	RPL11B	Negative Genetic	genetic	PUBMED:27708008
YBR085W	YGR109C	AAC3	CLB6	Negative Genetic	genetic	PUBMED:27708008
YBR085W	YGR270W	AAC3	YTA7	Negative Genetic	genetic	PUBMED:27708008
YBR085W	YHL031C	AAC3	GOS1	Negative Genetic	genetic	PUBMED:27708008
YBR085W	YHL033C	AAC3	RPL8A	Negative Genetic	genetic	PUBMED:27708008
YBR085W	YHR029C	AAC3	YHI9	Negative Genetic	genetic	PUBMED:27708008
YBR085W	YHR045W	AAC3	YHR045W	Negative Genetic	genetic	PUBMED:27708008
YBR085W	YHR046C	AAC3	INM1	Negative Genetic	genetic	PUBMED:27708008
YBR085W	YHR106W	AAC3	TRR2	Negative Genetic	genetic	PUBMED:27708008
YBR085W	YHR198C	AAC3	AIM18	Negative Genetic	genetic	PUBMED:27708008
YBR085W	YIL035C	AAC3	CKA1	Negative Genetic	genetic	PUBMED:27708008
YBR085W	YIL120W	AAC3	QDR1	Negative Genetic	genetic	PUBMED:27708008
YBR085W	YIL133C	AAC3	RPL16A	Negative Genetic	genetic	PUBMED:27708008
YBR085W	YJL047C	AAC3	RTT101	Negative Genetic	genetic	PUBMED:27708008
YBR085W	YJL136C	AAC3	RPS21B	Negative Genetic	genetic	PUBMED:27708008
YBR085W	YJL149W	AAC3	DAS1	Negative Genetic	genetic	PUBMED:27708008
YBR085W	YJR011C	AAC3	YJR011C	Negative Genetic	genetic	PUBMED:27708008
YBR085W	YJR053W	AAC3	BFA1	Negative Genetic	genetic	PUBMED:27708008
YBR085W	YJR077C	AAC3	MIR1	Negative Genetic	genetic	PUBMED:27708008
YBR085W	YJR094C	AAC3	IME1	Negative Genetic	genetic	PUBMED:27708008
YBR085W	YKL056C	AAC3	TMA19	Negative Genetic	genetic	PUBMED:27708008
YBR085W	YKL077W	AAC3	YKL077W	Negative Genetic	genetic	PUBMED:27708008
YBR085W	YKL092C	AAC3	BUD2	Negative Genetic	genetic	PUBMED:27708008
YBR085W	YKL093W	AAC3	MBR1	Negative Genetic	genetic	PUBMED:27708008
YBR085W	YKL096W-A	AAC3	CWP2	Negative Genetic	genetic	PUBMED:27708008
YBR085W	YKL214C	AAC3	YRA2	Negative Genetic	genetic	PUBMED:27708008
YBR085W	YKR020W	AAC3	VPS51	Negative Genetic	genetic	PUBMED:27708008
YBR085W	YKR028W	AAC3	SAP190	Negative Genetic	genetic	PUBMED:27708008
YBR085W	YKR091W	AAC3	SRL3	Negative Genetic	genetic	PUBMED:27708008
YBR085W	YLL023C	AAC3	POM33	Negative Genetic	genetic	PUBMED:27708008
YBR085W	YLR126C	AAC3	YLR126C	Negative Genetic	genetic	PUBMED:27708008
YBR085W	YLR191W	AAC3	PEX13	Negative Genetic	genetic	PUBMED:27708008
YBR085W	YLR239C	AAC3	LIP2	Negative Genetic	genetic	PUBMED:27708008
YBR085W	YLR372W	AAC3	ELO3	Negative Genetic	genetic	PUBMED:27708008
YBR085W	YLR404W	AAC3	FLD1	Negative Genetic	genetic	PUBMED:27708008
YBR085W	YLR406C	AAC3	RPL31B	Negative Genetic	genetic	PUBMED:27708008
YBR085W	YLR448W	AAC3	RPL6B	Negative Genetic	genetic	PUBMED:27708008
YBR085W	YMR021C	AAC3	MAC1	Negative Genetic	genetic	PUBMED:27708008
YBR085W	YMR048W	AAC3	CSM3	Negative Genetic	genetic	PUBMED:27708008
YBR085W	YMR174C	AAC3	PAI3	Negative Genetic	genetic	PUBMED:27708008
YBR085W	YMR180C	AAC3	CTL1	Negative Genetic	genetic	PUBMED:27708008
YBR085W	YMR192W	AAC3	GYL1	Negative Genetic	genetic	PUBMED:27708008
YBR085W	YMR201C	AAC3	RAD14	Negative Genetic	genetic	PUBMED:27708008
YBR085W	YNL003C	AAC3	PET8	Negative Genetic	genetic	PUBMED:27708008
YBR085W	YNL020C	AAC3	ARK1	Negative Genetic	genetic	PUBMED:27708008
YBR085W	YNL082W	AAC3	PMS1	Negative Genetic	genetic	PUBMED:27708008
YBR085W	YNL140C	AAC3	YNL140C	Negative Genetic	genetic	PUBMED:27708008
YBR085W	YNL154C	AAC3	YCK2	Negative Genetic	genetic	PUBMED:27708008
YBR085W	YOR065W	AAC3	CYT1	Negative Genetic	genetic	PUBMED:27708008
YBR085W	YOR070C	AAC3	GYP1	Negative Genetic	genetic	PUBMED:27708008
YBR085W	YOR142W	AAC3	LSC1	Negative Genetic	genetic	PUBMED:27708008
YBR085W	YOR189W	AAC3	IES4	Negative Genetic	genetic	PUBMED:27708008
YBR085W	YOR311C	AAC3	DGK1	Negative Genetic	genetic	PUBMED:27708008
YBR085W	YPL109C	AAC3	YPL109C	Negative Genetic	genetic	PUBMED:27708008
YBR085W	YPL145C	AAC3	KES1	Negative Genetic	genetic	PUBMED:27708008
YBR085W	YPL178W	AAC3	CBC2	Negative Genetic	genetic	PUBMED:27708008
YBR085W	YPR078C	AAC3	YPR078C	Negative Genetic	genetic	PUBMED:27708008
YBR128C	YPL036W	ATG14	PMA2	Negative Genetic	genetic	PUBMED:27708008
YBR169C	YPL036W	SSE2	PMA2	Negative Genetic	genetic	PUBMED:27708008
YBR171W	YPL036W	SEC66	PMA2	Negative Genetic	genetic	PUBMED:27708008
YBR181C	YBR085W	RPS6B	AAC3	Negative Genetic	genetic	PUBMED:27708008
YBR216C	YPL036W	YBP1	PMA2	Negative Genetic	genetic	PUBMED:27708008
YBR250W	YPL036W	SPO23	PMA2	Negative Genetic	genetic	PUBMED:27708008
YBR278W	YKL150W	DPB3	MCR1	Negative Genetic	genetic	PUBMED:27708008
YCL008C	YPL036W	STP22	PMA2	Negative Genetic	genetic	PUBMED:27708008
YCL016C	YPL036W	DCC1	PMA2	Negative Genetic	genetic	PUBMED:27708008
YCL038C	YPL036W	ATG22	PMA2	Negative Genetic	genetic	PUBMED:27708008
YCL045C	YPL036W	EMC1	PMA2	Negative Genetic	genetic	PUBMED:27708008
YCR010C	YBR023C	ADY2	CHS3	Negative Genetic	genetic	PUBMED:27708008
YCR024C	YPL036W	SLM5	PMA2	Negative Genetic	genetic	PUBMED:27708008
YCR033W	YOR347C	SNT1	PYK2	Negative Genetic	genetic	PUBMED:27708008
YCR046C	YOR347C	IMG1	PYK2	Negative Genetic	genetic	PUBMED:27708008
YCR046C	YPL036W	IMG1	PMA2	Negative Genetic	genetic	PUBMED:27708008
YCR048W	YPL036W	ARE1	PMA2	Negative Genetic	genetic	PUBMED:27708008
YCR061W	YPL036W	YCR061W	PMA2	Negative Genetic	genetic	PUBMED:27708008
YCR067C	YPL036W	SED4	PMA2	Negative Genetic	genetic	PUBMED:27708008
YCR094W	YPL036W	CDC50	PMA2	Negative Genetic	genetic	PUBMED:27708008
YDL037C	YPL036W	BSC1	PMA2	Negative Genetic	genetic	PUBMED:27708008
YDL090C	YBR023C	RAM1	CHS3	Negative Genetic	genetic	PUBMED:27708008
YDL107W	YIL043C	MSS2	CBR1	Negative Genetic	genetic	PUBMED:27708008
YDL117W	YBR023C	CYK3	CHS3	Negative Genetic	genetic	PUBMED:27708008
YDL130W-A	YOR347C	STF1	PYK2	Negative Genetic	genetic	PUBMED:27708008
YDL161W	YKL150W	ENT1	MCR1	Negative Genetic	genetic	PUBMED:27708008
YDL185W	YCR024C-A	VMA1	PMP1	Negative Genetic	genetic	PUBMED:27708008
YDL185W	YJR069C	VMA1	HAM1	Negative Genetic	genetic	PUBMED:27708008
YDL185W	YPL036W	VMA1	PMA2	Negative Genetic	genetic	PUBMED:27708008
YDL225W	YBR023C	SHS1	CHS3	Negative Genetic	genetic	PUBMED:27708008
YDL232W	YKL150W	OST4	MCR1	Negative Genetic	genetic	PUBMED:27708008
YDL243C	YPL036W	AAD4	PMA2	Negative Genetic	genetic	PUBMED:27708008
YDL248W	YIL043C	COS7	CBR1	Negative Genetic	genetic	PUBMED:27708008
YDR069C	YPL036W	DOA4	PMA2	Negative Genetic	genetic	PUBMED:27708008
YDR079C-A	YPL036W	TFB5	PMA2	Negative Genetic	genetic	PUBMED:27708008
YDR079W	YPL036W	PET100	PMA2	Negative Genetic	genetic	PUBMED:27708008
YDR084C	YPL036W	TVP23	PMA2	Negative Genetic	genetic	PUBMED:27708008
YDR106W	YIL043C	ARP10	CBR1	Negative Genetic	genetic	PUBMED:27708008
YDR115W	YPL036W	YDR115W	PMA2	Negative Genetic	genetic	PUBMED:27708008
YDR117C	YBR069C	TMA64	TAT1	Negative Genetic	genetic	PUBMED:27708008
YDR153C	YPL036W	ENT5	PMA2	Negative Genetic	genetic	PUBMED:27708008
YDR195W	YPL036W	REF2	PMA2	Negative Genetic	genetic	PUBMED:27708008
YDR204W	YPL036W	COQ4	PMA2	Negative Genetic	genetic	PUBMED:27708008
YDR214W	YKL150W	AHA1	MCR1	Negative Genetic	genetic	PUBMED:27708008
YDR244W	YOR347C	PEX5	PYK2	Negative Genetic	genetic	PUBMED:27708008
YDR260C	YPL036W	SWM1	PMA2	Negative Genetic	genetic	PUBMED:27708008
YDR265W	YPL036W	PEX10	PMA2	Negative Genetic	genetic	PUBMED:27708008
YDR293C	YBR023C	SSD1	CHS3	Negative Genetic	genetic	PUBMED:27708008
YDR293C	YKL150W	SSD1	MCR1	Negative Genetic	genetic	PUBMED:27708008
YDR294C	YPL036W	DPL1	PMA2	Negative Genetic	genetic	PUBMED:27708008
YDR304C	YPL036W	CPR5	PMA2	Negative Genetic	genetic	PUBMED:27708008
YDR329C	YPL036W	PEX3	PMA2	Negative Genetic	genetic	PUBMED:27708008
YDR337W	YCR024C-A	MRPS28	PMP1	Negative Genetic	genetic	PUBMED:27708008
YDR388W	YBR023C	RVS167	CHS3	Negative Genetic	genetic	PUBMED:27708008
YDR405W	YOR347C	MRP20	PYK2	Negative Genetic	genetic	PUBMED:27708008
YDR465C	YPL036W	RMT2	PMA2	Negative Genetic	genetic	PUBMED:27708008
YDR490C	YPL036W	PKH1	PMA2	Negative Genetic	genetic	PUBMED:27708008
YEL007W	YKL150W	MIT1	MCR1	Negative Genetic	genetic	PUBMED:27708008
YEL013W	YPL036W	VAC8	PMA2	Negative Genetic	genetic	PUBMED:27708008
YEL017C-A	YAL055W	PMP2	PEX22	Negative Genetic	genetic	PUBMED:27708008
YEL017C-A	YIL098C	PMP2	FMC1	Negative Genetic	genetic	PUBMED:27708008
YEL017C-A	YJR120W	PMP2	YJR120W	Negative Genetic	genetic	PUBMED:27708008
YEL017C-A	YKL053C-A	PMP2	MDM35	Negative Genetic	genetic	PUBMED:27708008
YEL017C-A	YKL093W	PMP2	MBR1	Negative Genetic	genetic	PUBMED:27708008
YEL017C-A	YKL124W	PMP2	SSH4	Negative Genetic	genetic	PUBMED:27708008
YEL017C-A	YKL176C	PMP2	LST4	Negative Genetic	genetic	PUBMED:27708008
YEL017C-A	YLL043W	PMP2	FPS1	Negative Genetic	genetic	PUBMED:27708008
YEL017C-A	YLR337C	PMP2	VRP1	Negative Genetic	genetic	PUBMED:27708008
YEL020C	YCR024C-A	YEL020C	PMP1	Negative Genetic	genetic	PUBMED:27708008
YEL036C	YBR023C	ANP1	CHS3	Negative Genetic	genetic	PUBMED:27708008
YEL036C	YHL012W	ANP1	YHL012W	Negative Genetic	genetic	PUBMED:27708008
YER004W	YPL036W	FMP52	PMA2	Negative Genetic	genetic	PUBMED:27708008
YER005W	YBL079W	YND1	NUP170	Negative Genetic	genetic	PUBMED:27708008
YER005W	YCL010C	YND1	SGF29	Negative Genetic	genetic	PUBMED:27708008
YER005W	YCL074W	YND1	YCL074W	Negative Genetic	genetic	PUBMED:27708008
YER005W	YDL035C	YND1	GPR1	Negative Genetic	genetic	PUBMED:27708008
YER005W	YDR184C	YND1	ATC1	Negative Genetic	genetic	PUBMED:27708008
YER005W	YDR186C	YND1	YDR186C	Negative Genetic	genetic	PUBMED:27708008
YER005W	YDR245W	YND1	MNN10	Negative Genetic	genetic	PUBMED:27708008
YER005W	YDR352W	YND1	YPQ2	Negative Genetic	genetic	PUBMED:27708008
YER005W	YGL005C	YND1	COG7	Negative Genetic	genetic	PUBMED:27708008
YER005W	YGL151W	YND1	NUT1	Negative Genetic	genetic	PUBMED:27708008
YER005W	YGL167C	YND1	PMR1	Negative Genetic	genetic	PUBMED:27708008
YER005W	YGL168W	YND1	HUR1	Negative Genetic	genetic	PUBMED:27708008
YER005W	YHR041C	YND1	SRB2	Negative Genetic	genetic	PUBMED:27708008
YER005W	YIL133C	YND1	RPL16A	Negative Genetic	genetic	PUBMED:27708008
YER005W	YJL115W	YND1	ASF1	Negative Genetic	genetic	PUBMED:27708008
YER005W	YJL139C	YND1	YUR1	Negative Genetic	genetic	PUBMED:27708008
YER005W	YJL208C	YND1	NUC1	Negative Genetic	genetic	PUBMED:27708008
YER005W	YJR048W	YND1	CYC1	Negative Genetic	genetic	PUBMED:27708008
YER005W	YJR074W	YND1	MOG1	Negative Genetic	genetic	PUBMED:27708008
YER005W	YJR075W	YND1	HOC1	Negative Genetic	genetic	PUBMED:27708008
YER005W	YLR370C	YND1	ARC18	Negative Genetic	genetic	PUBMED:27708008
YER005W	YML121W	YND1	GTR1	Negative Genetic	genetic	PUBMED:27708008
YER005W	YMR272C	YND1	SCS7	Negative Genetic	genetic	PUBMED:27708008
YER005W	YNL097C	YND1	PHO23	Negative Genetic	genetic	PUBMED:27708008
YER005W	YNR071C	YND1	YNR071C	Negative Genetic	genetic	PUBMED:27708008
YER005W	YOR216C	YND1	RUD3	Negative Genetic	genetic	PUBMED:27708008
YER005W	YPL244C	YND1	HUT1	Negative Genetic	genetic	PUBMED:27708008
YER005W	YPR013C	YND1	CMR3	Negative Genetic	genetic	PUBMED:27708008
YER005W	YPR066W	YND1	UBA3	Negative Genetic	genetic	PUBMED:27708008
YER005W	YPR070W	YND1	MED1	Negative Genetic	genetic	PUBMED:27708008
YER005W	YPR134W	YND1	MSS18	Negative Genetic	genetic	PUBMED:27708008
YER016W	YIL043C	BIM1	CBR1	Negative Genetic	genetic	PUBMED:27708008
YER037W	YPL036W	PHM8	PMA2	Negative Genetic	genetic	PUBMED:27708008
YER071C	YPL036W	TDA2	PMA2	Negative Genetic	genetic	PUBMED:27708008
YER074W	YPL036W	RPS24A	PMA2	Negative Genetic	genetic	PUBMED:27708008
YER083C	YIL043C	GET2	CBR1	Negative Genetic	genetic	PUBMED:27708008
YER083C	YPL036W	GET2	PMA2	Negative Genetic	genetic	PUBMED:27708008
YER087C-B	YPL036W	SBH1	PMA2	Negative Genetic	genetic	PUBMED:27708008
YER101C	YPL036W	AST2	PMA2	Negative Genetic	genetic	PUBMED:27708008
YER110C	YKR039W	KAP123	GAP1	Negative Genetic	genetic	PUBMED:27708008
YER110C	YOR347C	KAP123	PYK2	Negative Genetic	genetic	PUBMED:27708008
YER116C	YPL036W	SLX8	PMA2	Negative Genetic	genetic	PUBMED:27708008
YER122C	YPL036W	GLO3	PMA2	Negative Genetic	genetic	PUBMED:27708008
YER139C	YKL150W	RTR1	MCR1	Negative Genetic	genetic	PUBMED:27708008
YER188C-A	YPL036W	YER188C-A	PMA2	Negative Genetic	genetic	PUBMED:27708008
YFR007W	YPL036W	YFH7	PMA2	Negative Genetic	genetic	PUBMED:27708008
YFR016C	YPL036W	YFR016C	PMA2	Negative Genetic	genetic	PUBMED:27708008
YFR045W	YPL036W	YFR045W	PMA2	Negative Genetic	genetic	PUBMED:27708008
YGL078C	YPL036W	DBP3	PMA2	Negative Genetic	genetic	PUBMED:27708008
YGL079W	YPL036W	KXD1	PMA2	Negative Genetic	genetic	PUBMED:27708008
YGL107C	YPL036W	RMD9	PMA2	Negative Genetic	genetic	PUBMED:27708008
YGL134W	YPL036W	PCL10	PMA2	Negative Genetic	genetic	PUBMED:27708008
YGL153W	YPL036W	PEX14	PMA2	Negative Genetic	genetic	PUBMED:27708008
YGL167C	YPL036W	PMR1	PMA2	Negative Genetic	genetic	PUBMED:27708008
YGL170C	YBR023C	SPO74	CHS3	Negative Genetic	genetic	PUBMED:27708008
YGL180W	YPL036W	ATG1	PMA2	Negative Genetic	genetic	PUBMED:27708008
YGL185C	YPL036W	YGL185C	PMA2	Negative Genetic	genetic	PUBMED:27708008
YGL190C	YBR023C	CDC55	CHS3	Negative Genetic	genetic	PUBMED:27708008
YGL197W	YPL036W	MDS3	PMA2	Negative Genetic	genetic	PUBMED:27708008
YGL198W	YKL150W	YIP4	MCR1	Negative Genetic	genetic	PUBMED:27708008
YGL228W	YPL036W	SHE10	PMA2	Negative Genetic	genetic	PUBMED:27708008
YGR052W	YPL036W	FMP48	PMA2	Negative Genetic	genetic	PUBMED:27708008
YGR061C	YPL036W	ADE6	PMA2	Negative Genetic	genetic	PUBMED:27708008
YGR062C	YPL036W	COX18	PMA2	Negative Genetic	genetic	PUBMED:27708008
YGR077C	YPL036W	PEX8	PMA2	Negative Genetic	genetic	PUBMED:27708008
YGR086C	YPL036W	PIL1	PMA2	Negative Genetic	genetic	PUBMED:27708008
YGR108W	YPL036W	CLB1	PMA2	Negative Genetic	genetic	PUBMED:27708008
YGR123C	YPL036W	PPT1	PMA2	Negative Genetic	genetic	PUBMED:27708008
YGR130C	YIL043C	YGR130C	CBR1	Negative Genetic	genetic	PUBMED:27708008
YGR141W	YIL043C	VPS62	CBR1	Negative Genetic	genetic	PUBMED:27708008
YGR153W	YPL036W	YGR153W	PMA2	Negative Genetic	genetic	PUBMED:27708008
YGR166W	YPL036W	TRS65	PMA2	Negative Genetic	genetic	PUBMED:27708008
YGR180C	YCR063W	RNR4	BUD31	Negative Genetic	genetic	PUBMED:27708008
YGR180C	YCR086W	RNR4	CSM1	Negative Genetic	genetic	PUBMED:27708008
YGR180C	YDL002C	RNR4	NHP10	Negative Genetic	genetic	PUBMED:27708008
YGR180C	YDL006W	RNR4	PTC1	Negative Genetic	genetic	PUBMED:27708008
YGR180C	YER083C	RNR4	GET2	Negative Genetic	genetic	PUBMED:27708008
YGR180C	YFR010W	RNR4	UBP6	Negative Genetic	genetic	PUBMED:27708008
YGR180C	YGL016W	RNR4	KAP122	Negative Genetic	genetic	PUBMED:27708008
YGR180C	YGL020C	RNR4	GET1	Negative Genetic	genetic	PUBMED:27708008
YGR180C	YGL163C	RNR4	RAD54	Negative Genetic	genetic	PUBMED:27708008
YGR180C	YGL167C	RNR4	PMR1	Negative Genetic	genetic	PUBMED:27708008
YGR180C	YGL168W	RNR4	HUR1	Negative Genetic	genetic	PUBMED:27708008
YGR180C	YIL066C	RNR4	RNR3	Negative Genetic	genetic	PUBMED:27708008
YGR180C	YIL154C	RNR4	IMP2	Negative Genetic	genetic	PUBMED:27708008
YGR180C	YJL027C	RNR4	YJL027C	Negative Genetic	genetic	PUBMED:27708008
YGR180C	YJL148W	RNR4	RPA34	Negative Genetic	genetic	PUBMED:27708008
YGR180C	YJR043C	RNR4	POL32	Negative Genetic	genetic	PUBMED:27708008
YGR180C	YKL048C	RNR4	ELM1	Negative Genetic	genetic	PUBMED:27708008
YGR180C	YKL051W	RNR4	SFK1	Negative Genetic	genetic	PUBMED:27708008
YGR180C	YKL069W	RNR4	YKL069W	Negative Genetic	genetic	PUBMED:27708008
YGR180C	YKR024C	RNR4	DBP7	Negative Genetic	genetic	PUBMED:27708008
YGR180C	YKR082W	RNR4	NUP133	Negative Genetic	genetic	PUBMED:27708008
YGR180C	YLL045C	RNR4	RPL8B	Negative Genetic	genetic	PUBMED:27708008
YGR180C	YLR032W	RNR4	RAD5	Negative Genetic	genetic	PUBMED:27708008
YGR180C	YLR089C	RNR4	ALT1	Negative Genetic	genetic	PUBMED:27708008
YGR180C	YLR109W	RNR4	AHP1	Negative Genetic	genetic	PUBMED:27708008
YGR180C	YLR119W	RNR4	SRN2	Negative Genetic	genetic	PUBMED:27708008
YGR180C	YLR168C	RNR4	UPS2	Negative Genetic	genetic	PUBMED:27708008
YGR180C	YLR234W	RNR4	TOP3	Negative Genetic	genetic	PUBMED:27708008
YGR180C	YLR452C	RNR4	SST2	Negative Genetic	genetic	PUBMED:27708008
YGR180C	YML028W	RNR4	TSA1	Negative Genetic	genetic	PUBMED:27708008
YGR180C	YML032C	RNR4	RAD52	Negative Genetic	genetic	PUBMED:27708008
YGR180C	YMR021C	RNR4	MAC1	Negative Genetic	genetic	PUBMED:27708008
YGR180C	YMR190C	RNR4	SGS1	Negative Genetic	genetic	PUBMED:27708008
YGR180C	YNL016W	RNR4	PUB1	Negative Genetic	genetic	PUBMED:27708008
YGR180C	YOR014W	RNR4	RTS1	Negative Genetic	genetic	PUBMED:27708008
YGR180C	YOR080W	RNR4	DIA2	Negative Genetic	genetic	PUBMED:27708008
YGR180C	YOR229W	RNR4	WTM2	Negative Genetic	genetic	PUBMED:27708008
YGR180C	YPL024W	RNR4	RMI1	Negative Genetic	genetic	PUBMED:27708008
YGR180C	YPR066W	RNR4	UBA3	Negative Genetic	genetic	PUBMED:27708008
YGR180C	YPR070W	RNR4	MED1	Negative Genetic	genetic	PUBMED:27708008
YGR183C	YIL043C	QCR9	CBR1	Negative Genetic	genetic	PUBMED:27708008
YGR197C	YIL043C	SNG1	CBR1	Negative Genetic	genetic	PUBMED:27708008
YGR202C	YIL066C	PCT1	RNR3	Negative Genetic	genetic	PUBMED:27708008
YGR223C	YPL036W	HSV2	PMA2	Negative Genetic	genetic	PUBMED:27708008
YGR229C	YBR023C	SMI1	CHS3	Negative Genetic	genetic	PUBMED:27708008
YGR286C	YPL036W	BIO2	PMA2	Negative Genetic	genetic	PUBMED:27708008
YGR295C	YPL036W	COS6	PMA2	Negative Genetic	genetic	PUBMED:27708008
YHL012W	YDL002C	YHL012W	NHP10	Negative Genetic	genetic	PUBMED:27708008
YHL012W	YDL119C	YHL012W	YDL119C	Negative Genetic	genetic	PUBMED:27708008
YHL012W	YDR067C	YHL012W	OCA6	Negative Genetic	genetic	PUBMED:27708008
YHL012W	YFR009W	YHL012W	GCN20	Negative Genetic	genetic	PUBMED:27708008
YHL012W	YML017W	YHL012W	PSP2	Negative Genetic	genetic	PUBMED:27708008
YHL012W	YMR003W	YHL012W	AIM34	Negative Genetic	genetic	PUBMED:27708008
YHL012W	YMR116C	YHL012W	ASC1	Negative Genetic	genetic	PUBMED:27708008
YHL013C	YPL036W	OTU2	PMA2	Negative Genetic	genetic	PUBMED:27708008
YHL024W	YBR069C	RIM4	TAT1	Negative Genetic	genetic	PUBMED:27708008
YHR028C	YPL036W	DAP2	PMA2	Negative Genetic	genetic	PUBMED:27708008
YHR030C	YBR023C	SLT2	CHS3	Negative Genetic	genetic	PUBMED:27708008
YHR050W	YPL036W	SMF2	PMA2	Negative Genetic	genetic	PUBMED:27708008
YHR051W	YKL150W	COX6	MCR1	Negative Genetic	genetic	PUBMED:27708008
YHR051W	YPL036W	COX6	PMA2	Negative Genetic	genetic	PUBMED:27708008
YHR143W	YBR085W	DSE2	AAC3	Negative Genetic	genetic	PUBMED:27708008
YHR158C	YCR024C-A	KEL1	PMP1	Negative Genetic	genetic	PUBMED:27708008
YHR158C	YPL036W	KEL1	PMA2	Negative Genetic	genetic	PUBMED:27708008
YHR171W	YPL036W	ATG7	PMA2	Negative Genetic	genetic	PUBMED:27708008
YHR177W	YBR085W	YHR177W	AAC3	Negative Genetic	genetic	PUBMED:27708008
YHR181W	YPL036W	SVP26	PMA2	Negative Genetic	genetic	PUBMED:27708008
YIL007C	YJR069C	NAS2	HAM1	Negative Genetic	genetic	PUBMED:27708008
YIL011W	YPL036W	TIR3	PMA2	Negative Genetic	genetic	PUBMED:27708008
YIL027C	YMR101C	EMC5	SRT1	Negative Genetic	genetic	PUBMED:27708008
YIL039W	YPL036W	TED1	PMA2	Negative Genetic	genetic	PUBMED:27708008
YIL043C	YBR235W	CBR1	VHC1	Negative Genetic	genetic	PUBMED:27708008
YIL043C	YBR264C	CBR1	YPT10	Negative Genetic	genetic	PUBMED:27708008
YIL043C	YBR291C	CBR1	CTP1	Negative Genetic	genetic	PUBMED:27708008
YIL043C	YCL036W	CBR1	GFD2	Negative Genetic	genetic	PUBMED:27708008
YIL043C	YDL110C	CBR1	TMA17	Negative Genetic	genetic	PUBMED:27708008
YIL043C	YDR011W	CBR1	SNQ2	Negative Genetic	genetic	PUBMED:27708008
YIL043C	YDR276C	CBR1	PMP3	Negative Genetic	genetic	PUBMED:27708008
YIL043C	YJL123C	CBR1	MTC1	Negative Genetic	genetic	PUBMED:27708008
YIL043C	YKL176C	CBR1	LST4	Negative Genetic	genetic	PUBMED:27708008
YIL043C	YKR050W	CBR1	TRK2	Negative Genetic	genetic	PUBMED:27708008
YIL043C	YKR091W	CBR1	SRL3	Negative Genetic	genetic	PUBMED:27708008
YIL043C	YLR199C	CBR1	PBA1	Negative Genetic	genetic	PUBMED:27708008
YIL043C	YLR337C	CBR1	VRP1	Negative Genetic	genetic	PUBMED:27708008
YIL043C	YNL076W	CBR1	MKS1	Negative Genetic	genetic	PUBMED:27708008
YIL043C	YNL098C	CBR1	RAS2	Negative Genetic	genetic	PUBMED:27708008
YIL043C	YOL067C	CBR1	RTG1	Negative Genetic	genetic	PUBMED:27708008
YIL043C	YOL081W	CBR1	IRA2	Negative Genetic	genetic	PUBMED:27708008
YIL043C	YOR183W	CBR1	FYV12	Negative Genetic	genetic	PUBMED:27708008
YIL043C	YPL158C	CBR1	AIM44	Negative Genetic	genetic	PUBMED:27708008
YIL043C	YPR022C	CBR1	YPR022C	Negative Genetic	genetic	PUBMED:27708008
YIL043C	YPR083W	CBR1	MDM36	Negative Genetic	genetic	PUBMED:27708008
YIL066C	YAR003W	RNR3	SWD1	Negative Genetic	genetic	PUBMED:27708008
YIL066C	YAR029W	RNR3	YAR029W	Negative Genetic	genetic	PUBMED:27708008
YIL066C	YBL036C	RNR3	YBL036C	Negative Genetic	genetic	PUBMED:27708008
YIL066C	YBR057C	RNR3	MUM2	Negative Genetic	genetic	PUBMED:27708008
YIL066C	YBR274W	RNR3	CHK1	Negative Genetic	genetic	PUBMED:27708008
YIL066C	YCL026C-A	RNR3	FRM2	Negative Genetic	genetic	PUBMED:27708008
YIL066C	YCL032W	RNR3	STE50	Negative Genetic	genetic	PUBMED:27708008
YIL066C	YDL002C	RNR3	NHP10	Negative Genetic	genetic	PUBMED:27708008
YIL066C	YDL080C	RNR3	THI3	Negative Genetic	genetic	PUBMED:27708008
YIL066C	YDR477W	RNR3	SNF1	Negative Genetic	genetic	PUBMED:27708008
YIL066C	YGL133W	RNR3	ITC1	Negative Genetic	genetic	PUBMED:27708008
YIL066C	YGL212W	RNR3	VAM7	Negative Genetic	genetic	PUBMED:27708008
YIL066C	YGR261C	RNR3	APL6	Negative Genetic	genetic	PUBMED:27708008
YIL066C	YJR074W	RNR3	MOG1	Negative Genetic	genetic	PUBMED:27708008
YIL066C	YJR118C	RNR3	ILM1	Negative Genetic	genetic	PUBMED:27708008
YIL066C	YLR034C	RNR3	SMF3	Negative Genetic	genetic	PUBMED:27708008
YIL066C	YLR180W	RNR3	SAM1	Negative Genetic	genetic	PUBMED:27708008
YIL066C	YMR201C	RNR3	RAD14	Negative Genetic	genetic	PUBMED:27708008
YIL066C	YNR041C	RNR3	COQ2	Negative Genetic	genetic	PUBMED:27708008
YIL066C	YOL108C	RNR3	INO4	Negative Genetic	genetic	PUBMED:27708008
YIL066C	YOR346W	RNR3	REV1	Negative Genetic	genetic	PUBMED:27708008
YIL066C	YPL079W	RNR3	RPL21B	Negative Genetic	genetic	PUBMED:27708008
YIL066C	YPR043W	RNR3	RPL43A	Negative Genetic	genetic	PUBMED:27708008
YIL098C	YKR039W	FMC1	GAP1	Negative Genetic	genetic	PUBMED:27708008
YIL124W	YPL036W	AYR1	PMA2	Negative Genetic	genetic	PUBMED:27708008
YIL152W	YPL036W	YIL152W	PMA2	Negative Genetic	genetic	PUBMED:27708008
YIL155C	YPL036W	GUT2	PMA2	Negative Genetic	genetic	PUBMED:27708008
YIL168W	YJR069C	YIL168W	HAM1	Negative Genetic	genetic	PUBMED:27708008
YIR033W	YBR023C	MGA2	CHS3	Negative Genetic	genetic	PUBMED:27708008
YIR038C	YPL036W	GTT1	PMA2	Negative Genetic	genetic	PUBMED:27708008
YJL078C	YPL036W	PRY3	PMA2	Negative Genetic	genetic	PUBMED:27708008
YJL123C	YPL036W	MTC1	PMA2	Negative Genetic	genetic	PUBMED:27708008
YJL132W	YBR085W	YJL132W	AAC3	Negative Genetic	genetic	PUBMED:27708008
YJL183W	YBR023C	MNN11	CHS3	Negative Genetic	genetic	PUBMED:27708008
YJL198W	YPL036W	PHO90	PMA2	Negative Genetic	genetic	PUBMED:27708008
YJR048W	YKL150W	CYC1	MCR1	Negative Genetic	genetic	PUBMED:27708008
YJR056C	YPL036W	YJR056C	PMA2	Negative Genetic	genetic	PUBMED:27708008
YJR069C	YBR267W	HAM1	REI1	Negative Genetic	genetic	PUBMED:27708008
YJR069C	YCR077C	HAM1	PAT1	Negative Genetic	genetic	PUBMED:27708008
YJR069C	YFL052W	HAM1	YFL052W	Negative Genetic	genetic	PUBMED:27708008
YJR069C	YGL242C	HAM1	YGL242C	Negative Genetic	genetic	PUBMED:27708008
YJR069C	YGR008C	HAM1	STF2	Negative Genetic	genetic	PUBMED:27708008
YJR069C	YGR271W	HAM1	SLH1	Negative Genetic	genetic	PUBMED:27708008
YJR069C	YIL160C	HAM1	POT1	Negative Genetic	genetic	PUBMED:27708008
YJR069C	YLR149C	HAM1	YLR149C	Negative Genetic	genetic	PUBMED:27708008
YJR069C	YLR178C	HAM1	TFS1	Negative Genetic	genetic	PUBMED:27708008
YJR069C	YMR272C	HAM1	SCS7	Negative Genetic	genetic	PUBMED:27708008
YJR069C	YNL094W	HAM1	APP1	Negative Genetic	genetic	PUBMED:27708008
YJR069C	YOR099W	HAM1	KTR1	Negative Genetic	genetic	PUBMED:27708008
YJR069C	YOR221C	HAM1	MCT1	Negative Genetic	genetic	PUBMED:27708008
YJR069C	YPL087W	HAM1	YDC1	Negative Genetic	genetic	PUBMED:27708008
YJR069C	YPL226W	HAM1	NEW1	Negative Genetic	genetic	PUBMED:27708008
YJR069C	YPR022C	HAM1	YPR022C	Negative Genetic	genetic	PUBMED:27708008
YJR069C	YPR066W	HAM1	UBA3	Negative Genetic	genetic	PUBMED:27708008
YJR069C	YPR069C	HAM1	SPE3	Negative Genetic	genetic	PUBMED:27708008
YJR070C	YMR056C	LIA1	AAC1	Negative Genetic	genetic	PUBMED:27708008
YJR097W	YPL036W	JJJ3	PMA2	Negative Genetic	genetic	PUBMED:27708008
YJR099W	YPL036W	YUH1	PMA2	Negative Genetic	genetic	PUBMED:27708008
YJR101W	YBR085W	RSM26	AAC3	Negative Genetic	genetic	PUBMED:27708008
YJR113C	YPL036W	RSM7	PMA2	Negative Genetic	genetic	PUBMED:27708008
YJR118C	YBR023C	ILM1	CHS3	Negative Genetic	genetic	PUBMED:27708008
YJR131W	YCR024C-A	MNS1	PMP1	Negative Genetic	genetic	PUBMED:27708008
YJR148W	YPL036W	BAT2	PMA2	Negative Genetic	genetic	PUBMED:27708008
YKL010C	YPL036W	UFD4	PMA2	Negative Genetic	genetic	PUBMED:27708008
YKL029C	YPL036W	MAE1	PMA2	Negative Genetic	genetic	PUBMED:27708008
YKL050C	YPL036W	YKL050C	PMA2	Negative Genetic	genetic	PUBMED:27708008
YKL069W	YPL036W	YKL069W	PMA2	Negative Genetic	genetic	PUBMED:27708008
YKL086W	YPL036W	SRX1	PMA2	Negative Genetic	genetic	PUBMED:27708008
YKL094W	YPL036W	YJU3	PMA2	Negative Genetic	genetic	PUBMED:27708008
YKL116C	YBR023C	PRR1	CHS3	Negative Genetic	genetic	PUBMED:27708008
YKL117W	YKR039W	SBA1	GAP1	Negative Genetic	genetic	PUBMED:27708008
YKL120W	YPL036W	OAC1	PMA2	Negative Genetic	genetic	PUBMED:27708008
YKL150W	YCL044C	MCR1	MGR1	Negative Genetic	genetic	PUBMED:27708008
YKL150W	YCR071C	MCR1	IMG2	Negative Genetic	genetic	PUBMED:27708008
YKL150W	YDL035C	MCR1	GPR1	Negative Genetic	genetic	PUBMED:27708008
YKL150W	YGL029W	MCR1	CGR1	Negative Genetic	genetic	PUBMED:27708008
YKL150W	YJR054W	MCR1	KCH1	Negative Genetic	genetic	PUBMED:27708008
YKL150W	YLR089C	MCR1	ALT1	Negative Genetic	genetic	PUBMED:27708008
YKL150W	YNL097C	MCR1	PHO23	Negative Genetic	genetic	PUBMED:27708008
YKL150W	YOL112W	MCR1	MSB4	Negative Genetic	genetic	PUBMED:27708008
YKL150W	YPL174C	MCR1	NIP100	Negative Genetic	genetic	PUBMED:27708008
YKL150W	YPR148C	MCR1	YPR148C	Negative Genetic	genetic	PUBMED:27708008
YKL151C	YPL036W	YKL151C	PMA2	Negative Genetic	genetic	PUBMED:27708008
YKL157W	YPL036W	APE2	PMA2	Negative Genetic	genetic	PUBMED:27708008
YKL197C	YPL036W	PEX1	PMA2	Negative Genetic	genetic	PUBMED:27708008
YKL211C	YJR069C	TRP3	HAM1	Negative Genetic	genetic	PUBMED:27708008
YKR011C	YOR347C	YKR011C	PYK2	Negative Genetic	genetic	PUBMED:27708008
YKR039W	YAL026C	GAP1	DRS2	Negative Genetic	genetic	PUBMED:27708008
YKR039W	YBR267W	GAP1	REI1	Negative Genetic	genetic	PUBMED:27708008
YKR039W	YGR058W	GAP1	PEF1	Negative Genetic	genetic	PUBMED:27708008
YKR039W	YGR097W	GAP1	ASK10	Negative Genetic	genetic	PUBMED:27708008
YKR039W	YLR056W	GAP1	ERG3	Negative Genetic	genetic	PUBMED:27708008
YKR039W	YLR061W	GAP1	RPL22A	Negative Genetic	genetic	PUBMED:27708008
YKR039W	YLR087C	GAP1	CSF1	Negative Genetic	genetic	PUBMED:27708008
YKR039W	YLR131C	GAP1	ACE2	Negative Genetic	genetic	PUBMED:27708008
YKR039W	YLR337C	GAP1	VRP1	Negative Genetic	genetic	PUBMED:27708008
YKR039W	YML008C	GAP1	ERG6	Negative Genetic	genetic	PUBMED:27708008
YKR039W	YOL004W	GAP1	SIN3	Negative Genetic	genetic	PUBMED:27708008
YKR039W	YPL178W	GAP1	CBC2	Negative Genetic	genetic	PUBMED:27708008
YKR039W	YPR032W	GAP1	SRO7	Negative Genetic	genetic	PUBMED:27708008
YKR054C	YPL036W	DYN1	PMA2	Negative Genetic	genetic	PUBMED:27708008
YKR076W	YCR024C-A	ECM4	PMP1	Negative Genetic	genetic	PUBMED:27708008
YKR082W	YOR347C	NUP133	PYK2	Negative Genetic	genetic	PUBMED:27708008
YKR105C	YKL150W	VBA5	MCR1	Negative Genetic	genetic	PUBMED:27708008
YLL006W	YKR039W	MMM1	GAP1	Negative Genetic	genetic	PUBMED:27708008
YLL009C	YBR085W	COX17	AAC3	Negative Genetic	genetic	PUBMED:27708008
YLL019C	YPL036W	KNS1	PMA2	Negative Genetic	genetic	PUBMED:27708008
YLL039C	YPL036W	UBI4	PMA2	Negative Genetic	genetic	PUBMED:27708008
YLL042C	YPL036W	ATG10	PMA2	Negative Genetic	genetic	PUBMED:27708008
YLL053C	YPL036W	YLL053C	PMA2	Negative Genetic	genetic	PUBMED:27708008
YLR067C	YKL150W	PET309	MCR1	Negative Genetic	genetic	PUBMED:27708008
YLR083C	YPL036W	EMP70	PMA2	Negative Genetic	genetic	PUBMED:27708008
YLR114C	YIL043C	AVL9	CBR1	Negative Genetic	genetic	PUBMED:27708008
YLR120C	YPL036W	YPS1	PMA2	Negative Genetic	genetic	PUBMED:27708008
YLR137W	YPL036W	RKM5	PMA2	Negative Genetic	genetic	PUBMED:27708008
YLR154C-G	YJR069C	YLR154C-G	HAM1	Negative Genetic	genetic	PUBMED:27708008
YLR156C-A	YKL150W	YLR156C-A	MCR1	Negative Genetic	genetic	PUBMED:27708008
YLR162W	YIL043C	YLR162W	CBR1	Negative Genetic	genetic	PUBMED:27708008
YLR242C	YBR023C	ARV1	CHS3	Negative Genetic	genetic	PUBMED:27708008
YLR295C	YPL036W	ATP14	PMA2	Negative Genetic	genetic	PUBMED:27708008
YLR299W	YPL036W	ECM38	PMA2	Negative Genetic	genetic	PUBMED:27708008
YLR306W	YPL036W	UBC12	PMA2	Negative Genetic	genetic	PUBMED:27708008
YLR330W	YPL036W	CHS5	PMA2	Negative Genetic	genetic	PUBMED:27708008
YLR337C	YBR023C	VRP1	CHS3	Negative Genetic	genetic	PUBMED:27708008
YLR342W	YBR023C	FKS1	CHS3	Negative Genetic	genetic	PUBMED:27708008
YLR371W	YIL043C	ROM2	CBR1	Negative Genetic	genetic	PUBMED:27708008
YLR388W	YPL036W	RPS29A	PMA2	Negative Genetic	genetic	PUBMED:27708008
YLR393W	YPL036W	ATP10	PMA2	Negative Genetic	genetic	PUBMED:27708008
YLR425W	YIL043C	TUS1	CBR1	Negative Genetic	genetic	PUBMED:27708008
YLR451W	YPL036W	LEU3	PMA2	Negative Genetic	genetic	PUBMED:27708008
YML002W	YPL036W	YML002W	PMA2	Negative Genetic	genetic	PUBMED:27708008
YML026C	YPL036W	RPS18B	PMA2	Negative Genetic	genetic	PUBMED:27708008
YML101C	YPL036W	CUE4	PMA2	Negative Genetic	genetic	PUBMED:27708008
YML104C	YKR039W	MDM1	GAP1	Negative Genetic	genetic	PUBMED:27708008
YML115C	YBR023C	VAN1	CHS3	Negative Genetic	genetic	PUBMED:27708008
YML131W	YPL036W	YML131W	PMA2	Negative Genetic	genetic	PUBMED:27708008
YMR030W-A	YPL036W	YMR030W-A	PMA2	Negative Genetic	genetic	PUBMED:27708008
YMR035W	YPL036W	IMP2	PMA2	Negative Genetic	genetic	PUBMED:27708008
YMR054W	YPL036W	STV1	PMA2	Negative Genetic	genetic	PUBMED:27708008
YMR056C	YAL026C	AAC1	DRS2	Negative Genetic	genetic	PUBMED:27708008
YMR056C	YGL136C	AAC1	MRM2	Negative Genetic	genetic	PUBMED:27708008
YMR071C	YPL036W	TVP18	PMA2	Negative Genetic	genetic	PUBMED:27708008
YMR084W	YPL036W	YMR084W	PMA2	Negative Genetic	genetic	PUBMED:27708008
YMR101C	YBR269C	SRT1	SDH8	Negative Genetic	genetic	PUBMED:27708008
YMR101C	YDL002C	SRT1	NHP10	Negative Genetic	genetic	PUBMED:27708008
YMR101C	YDL081C	SRT1	RPP1A	Negative Genetic	genetic	PUBMED:27708008
YMR101C	YDL106C	SRT1	PHO2	Negative Genetic	genetic	PUBMED:27708008
YMR101C	YDR080W	SRT1	VPS41	Negative Genetic	genetic	PUBMED:27708008
YMR101C	YDR116C	SRT1	MRPL1	Negative Genetic	genetic	PUBMED:27708008
YMR101C	YDR382W	SRT1	RPP2B	Negative Genetic	genetic	PUBMED:27708008
YMR101C	YDR423C	SRT1	CAD1	Negative Genetic	genetic	PUBMED:27708008
YMR101C	YDR447C	SRT1	RPS17B	Negative Genetic	genetic	PUBMED:27708008
YMR101C	YER042W	SRT1	MXR1	Negative Genetic	genetic	PUBMED:27708008
YMR101C	YER121W	SRT1	YER121W	Negative Genetic	genetic	PUBMED:27708008
YMR101C	YFR011C	SRT1	MIC19	Negative Genetic	genetic	PUBMED:27708008
YMR101C	YGR261C	SRT1	APL6	Negative Genetic	genetic	PUBMED:27708008
YMR101C	YHR004C	SRT1	NEM1	Negative Genetic	genetic	PUBMED:27708008
YMR101C	YHR161C	SRT1	YAP1801	Negative Genetic	genetic	PUBMED:27708008
YMR101C	YIL074C	SRT1	SER33	Negative Genetic	genetic	PUBMED:27708008
YMR101C	YIL163C	SRT1	YIL163C	Negative Genetic	genetic	PUBMED:27708008
YMR101C	YJL070C	SRT1	YJL070C	Negative Genetic	genetic	PUBMED:27708008
YMR101C	YJL083W	SRT1	TAX4	Negative Genetic	genetic	PUBMED:27708008
YMR101C	YJL163C	SRT1	YJL163C	Negative Genetic	genetic	PUBMED:27708008
YMR101C	YKL055C	SRT1	OAR1	Negative Genetic	genetic	PUBMED:27708008
YMR101C	YKL064W	SRT1	MNR2	Negative Genetic	genetic	PUBMED:27708008
YMR101C	YKL113C	SRT1	RAD27	Negative Genetic	genetic	PUBMED:27708008
YMR101C	YKL174C	SRT1	TPO5	Negative Genetic	genetic	PUBMED:27708008
YMR101C	YKL215C	SRT1	OXP1	Negative Genetic	genetic	PUBMED:27708008
YMR101C	YKR067W	SRT1	GPT2	Negative Genetic	genetic	PUBMED:27708008
YMR101C	YLL042C	SRT1	ATG10	Negative Genetic	genetic	PUBMED:27708008
YMR101C	YLR361C	SRT1	DCR2	Negative Genetic	genetic	PUBMED:27708008
YMR101C	YLR414C	SRT1	PUN1	Negative Genetic	genetic	PUBMED:27708008
YMR101C	YLR429W	SRT1	CRN1	Negative Genetic	genetic	PUBMED:27708008
YMR101C	YML028W	SRT1	TSA1	Negative Genetic	genetic	PUBMED:27708008
YMR101C	YML037C	SRT1	YML037C	Negative Genetic	genetic	PUBMED:27708008
YMR101C	YMR272C	SRT1	SCS7	Negative Genetic	genetic	PUBMED:27708008
YMR101C	YNL020C	SRT1	ARK1	Negative Genetic	genetic	PUBMED:27708008
YMR101C	YNL111C	SRT1	CYB5	Negative Genetic	genetic	PUBMED:27708008
YMR101C	YOL015W	SRT1	IRC10	Negative Genetic	genetic	PUBMED:27708008
YMR101C	YOL043C	SRT1	NTG2	Negative Genetic	genetic	PUBMED:27708008
YMR101C	YOR061W	SRT1	CKA2	Negative Genetic	genetic	PUBMED:27708008
YMR101C	YOR136W	SRT1	IDH2	Negative Genetic	genetic	PUBMED:27708008
YMR101C	YOR311C	SRT1	DGK1	Negative Genetic	genetic	PUBMED:27708008
YMR101C	YPL034W	SRT1	YPL034W	Negative Genetic	genetic	PUBMED:27708008
YMR111C	YPL036W	YMR111C	PMA2	Negative Genetic	genetic	PUBMED:27708008
YMR161W	YPL036W	HLJ1	PMA2	Negative Genetic	genetic	PUBMED:27708008
YMR165C	YBR023C	PAH1	CHS3	Negative Genetic	genetic	PUBMED:27708008
YMR193W	YJL100W	MRPL24	LSB6	Negative Genetic	genetic	PUBMED:27708008
YMR193W	YMR056C	MRPL24	AAC1	Negative Genetic	genetic	PUBMED:27708008
YMR193W	YPL036W	MRPL24	PMA2	Negative Genetic	genetic	PUBMED:27708008
YMR206W	YPL036W	YMR206W	PMA2	Negative Genetic	genetic	PUBMED:27708008
YMR257C	YMR101C	PET111	SRT1	Negative Genetic	genetic	PUBMED:27708008
YMR289W	YHL012W	ABZ2	YHL012W	Negative Genetic	genetic	PUBMED:27708008
YMR289W	YPL036W	ABZ2	PMA2	Negative Genetic	genetic	PUBMED:27708008
YMR307W	YPL036W	GAS1	PMA2	Negative Genetic	genetic	PUBMED:27708008
YMR325W	YPL036W	PAU19	PMA2	Negative Genetic	genetic	PUBMED:27708008
YNL008C	YPL036W	ASI3	PMA2	Negative Genetic	genetic	PUBMED:27708008
YNL022C	YPL036W	RCM1	PMA2	Negative Genetic	genetic	PUBMED:27708008
YNL054W	YBR023C	VAC7	CHS3	Negative Genetic	genetic	PUBMED:27708008
YNL064C	YPL036W	YDJ1	PMA2	Negative Genetic	genetic	PUBMED:27708008
YNL069C	YPL036W	RPL16B	PMA2	Negative Genetic	genetic	PUBMED:27708008
YNL079C	YBR023C	TPM1	CHS3	Negative Genetic	genetic	PUBMED:27708008
YNL100W	YKR039W	MIC27	GAP1	Negative Genetic	genetic	PUBMED:27708008
YNL108C	YPL036W	YNL108C	PMA2	Negative Genetic	genetic	PUBMED:27708008
YNL156C	YPL036W	NSG2	PMA2	Negative Genetic	genetic	PUBMED:27708008
YNL165W	YPL036W	YNL165W	PMA2	Negative Genetic	genetic	PUBMED:27708008
YNL185C	YBR085W	MRPL19	AAC3	Negative Genetic	genetic	PUBMED:27708008
YNL213C	YKL150W	RRG9	MCR1	Negative Genetic	genetic	PUBMED:27708008
YNL223W	YPL036W	ATG4	PMA2	Negative Genetic	genetic	PUBMED:27708008
YNL242W	YKR039W	ATG2	GAP1	Negative Genetic	genetic	PUBMED:27708008
YNL242W	YPL036W	ATG2	PMA2	Negative Genetic	genetic	PUBMED:27708008
YNL243W	YBR023C	SLA2	CHS3	Negative Genetic	genetic	PUBMED:27708008
YNL243W	YKR039W	SLA2	GAP1	Negative Genetic	genetic	PUBMED:27708008
YNL243W	YPL036W	SLA2	PMA2	Negative Genetic	genetic	PUBMED:27708008
YNL252C	YCR024C-A	MRPL17	PMP1	Negative Genetic	genetic	PUBMED:27708008
YNL252C	YBR023C	MRPL17	CHS3	Negative Genetic	genetic	PUBMED:27708008
YNL271C	YBR023C	BNI1	CHS3	Negative Genetic	genetic	PUBMED:27708008
YNL280C	YPL036W	ERG24	PMA2	Negative Genetic	genetic	PUBMED:27708008
YNL298W	YBR023C	CLA4	CHS3	Negative Genetic	genetic	PUBMED:27708008
YNL311C	YHL012W	SKP2	YHL012W	Negative Genetic	genetic	PUBMED:27708008
YNL330C	YHL012W	RPD3	YHL012W	Negative Genetic	genetic	PUBMED:27708008
YNR021W	YBR023C	YNR021W	CHS3	Negative Genetic	genetic	PUBMED:27708008
YNR023W	YPL036W	SNF12	PMA2	Negative Genetic	genetic	PUBMED:27708008
YNR024W	YKL150W	MPP6	MCR1	Negative Genetic	genetic	PUBMED:27708008
YNR037C	YPL036W	RSM19	PMA2	Negative Genetic	genetic	PUBMED:27708008
YNR041C	YPL036W	COQ2	PMA2	Negative Genetic	genetic	PUBMED:27708008
YNR071C	YPL036W	YNR071C	PMA2	Negative Genetic	genetic	PUBMED:27708008
YOL017W	YKL150W	ESC8	MCR1	Negative Genetic	genetic	PUBMED:27708008
YOL017W	YPL036W	ESC8	PMA2	Negative Genetic	genetic	PUBMED:27708008
YOL023W	YKL150W	IFM1	MCR1	Negative Genetic	genetic	PUBMED:27708008
YOL031C	YBR023C	SIL1	CHS3	Negative Genetic	genetic	PUBMED:27708008
YOL043C	YKL150W	NTG2	MCR1	Negative Genetic	genetic	PUBMED:27708008
YOL044W	YPL036W	PEX15	PMA2	Negative Genetic	genetic	PUBMED:27708008
YOL057W	YKL150W	YOL057W	MCR1	Negative Genetic	genetic	PUBMED:27708008
YOL063C	YIL043C	CRT10	CBR1	Negative Genetic	genetic	PUBMED:27708008
YOL082W	YPL036W	ATG19	PMA2	Negative Genetic	genetic	PUBMED:27708008
YOL083W	YIL066C	ATG34	RNR3	Negative Genetic	genetic	PUBMED:27708008
YOL115W	YPL036W	PAP2	PMA2	Negative Genetic	genetic	PUBMED:27708008
YOL129W	YPL036W	VPS68	PMA2	Negative Genetic	genetic	PUBMED:27708008
YOL147C	YPL036W	PEX11	PMA2	Negative Genetic	genetic	PUBMED:27708008
YOR003W	YPL036W	YSP3	PMA2	Negative Genetic	genetic	PUBMED:27708008
YOR026W	YPL036W	BUB3	PMA2	Negative Genetic	genetic	PUBMED:27708008
YOR034C	YPL036W	AKR2	PMA2	Negative Genetic	genetic	PUBMED:27708008
YOR038C	YPL036W	HIR2	PMA2	Negative Genetic	genetic	PUBMED:27708008
YOR043W	YIL043C	WHI2	CBR1	Negative Genetic	genetic	PUBMED:27708008
YOR069W	YPL036W	VPS5	PMA2	Negative Genetic	genetic	PUBMED:27708008
YOR084W	YPL036W	LPX1	PMA2	Negative Genetic	genetic	PUBMED:27708008
YOR089C	YBR023C	VPS21	CHS3	Negative Genetic	genetic	PUBMED:27708008
YOR094W	YPL036W	ARF3	PMA2	Negative Genetic	genetic	PUBMED:27708008
YOR109W	YKR039W	INP53	GAP1	Negative Genetic	genetic	PUBMED:27708008
YOR164C	YPL036W	GET4	PMA2	Negative Genetic	genetic	PUBMED:27708008
YOR301W	YIL066C	RAX1	RNR3	Negative Genetic	genetic	PUBMED:27708008
YOR347C	YER048C	PYK2	CAJ1	Negative Genetic	genetic	PUBMED:27708008
YOR347C	YER061C	PYK2	CEM1	Negative Genetic	genetic	PUBMED:27708008
YOR347C	YHL020C	PYK2	OPI1	Negative Genetic	genetic	PUBMED:27708008
YOR347C	YKL160W	PYK2	ELF1	Negative Genetic	genetic	PUBMED:27708008
YOR347C	YKL212W	PYK2	SAC1	Negative Genetic	genetic	PUBMED:27708008
YOR347C	YOR078W	PYK2	BUD21	Negative Genetic	genetic	PUBMED:27708008
YOR347C	YPL001W	PYK2	HAT1	Negative Genetic	genetic	PUBMED:27708008
YOR347C	YPL008W	PYK2	CHL1	Negative Genetic	genetic	PUBMED:27708008
YOR347C	YPL048W	PYK2	CAM1	Negative Genetic	genetic	PUBMED:27708008
YOR347C	YPR043W	PYK2	RPL43A	Negative Genetic	genetic	PUBMED:27708008
YOR347C	YPR151C	PYK2	SUE1	Negative Genetic	genetic	PUBMED:27708008
YOR359W	YPL036W	VTS1	PMA2	Negative Genetic	genetic	PUBMED:27708008
YOR382W	YPL036W	FIT2	PMA2	Negative Genetic	genetic	PUBMED:27708008
YPL029W	YIL043C	SUV3	CBR1	Negative Genetic	genetic	PUBMED:27708008
YPL036W	YAR029W	PMA2	YAR029W	Negative Genetic	genetic	PUBMED:27708008
YPL036W	YBR281C	PMA2	DUG2	Negative Genetic	genetic	PUBMED:27708008
YPL036W	YDR207C	PMA2	UME6	Negative Genetic	genetic	PUBMED:27708008
YPL036W	YLR451W	PMA2	LEU3	Negative Genetic	genetic	PUBMED:27708008
YPL036W	YMR263W	PMA2	SAP30	Negative Genetic	genetic	PUBMED:27708008
YPL036W	YMR302C	PMA2	YME2	Negative Genetic	genetic	PUBMED:27708008
YPL036W	YNL064C	PMA2	YDJ1	Negative Genetic	genetic	PUBMED:27708008
YPL036W	YNR032W	PMA2	PPG1	Negative Genetic	genetic	PUBMED:27708008
YPL036W	YOL089C	PMA2	HAL9	Negative Genetic	genetic	PUBMED:27708008
YPL036W	YOR216C	PMA2	RUD3	Negative Genetic	genetic	PUBMED:27708008
YPL036W	YOR223W	PMA2	DSC3	Negative Genetic	genetic	PUBMED:27708008
YPL039W	YIL066C	YPL039W	RNR3	Negative Genetic	genetic	PUBMED:27708008
YPL066W	YBR023C	RGL1	CHS3	Negative Genetic	genetic	PUBMED:27708008
YPL159C	YKL150W	PET20	MCR1	Negative Genetic	genetic	PUBMED:27708008
YPL280W	YPL036W	HSP32	PMA2	Negative Genetic	genetic	PUBMED:27708008
YPL282C	YPL036W	PAU22	PMA2	Negative Genetic	genetic	PUBMED:27708008
YPR049C	YJL100W	ATG11	LSB6	Negative Genetic	genetic	PUBMED:27708008
YPR083W	YIL066C	MDM36	RNR3	Negative Genetic	genetic	PUBMED:27708008
YPR159C-A	YPL036W	YPR159C-A	PMA2	Negative Genetic	genetic	PUBMED:27708008
YIL043C	YCL061C	CBR1	MRC1	Phenotypic Enhancement	genetic	PUBMED:27694803
YBL071W-A	YIL043C	KTI11	CBR1	Affinity Capture-MS	physical	PUBMED:27694803
YDR457W	YDR353W	TOM1	TRR1	Affinity Capture-MS	physical	PUBMED:27552055
YDR457W	YGL008C	TOM1	PMA1	Affinity Capture-MS	physical	PUBMED:27552055
YDR457W	YKL150W	TOM1	MCR1	Affinity Capture-MS	physical	PUBMED:27552055
YDR457W	YAL038W	TOM1	CDC19	Affinity Capture-MS	physical	PUBMED:27552055
YDR457W	YBL030C	TOM1	PET9	Affinity Capture-MS	physical	PUBMED:27552055
YDR302W	YMR165C	GPI11	PAH1	Synthetic Rescue	genetic	PUBMED:27811238
YLL031C	YHR073W	GPI13	OSH3	Synthetic Rescue	genetic	PUBMED:27811238
YLL031C	YIL023C	GPI13	YKE4	Synthetic Rescue	genetic	PUBMED:27811238
YPL235W	YGL008C	RVB2	PMA1	Affinity Capture-MS	physical	PUBMED:26831523
YPL235W	YER070W	RVB2	RNR1	Affinity Capture-MS	physical	PUBMED:26831523
YPL235W	YDR023W	RVB2	SES1	Affinity Capture-MS	physical	PUBMED:26831523
YPL235W	YAL038W	RVB2	CDC19	Affinity Capture-MS	physical	PUBMED:26831523
YDR190C	YGL008C	RVB1	PMA1	Affinity Capture-MS	physical	PUBMED:26831523
YDR190C	YER070W	RVB1	RNR1	Affinity Capture-MS	physical	PUBMED:26831523
YDR190C	YAL038W	RVB1	CDC19	Affinity Capture-MS	physical	PUBMED:26831523
YDR190C	YDR023W	RVB1	SES1	Affinity Capture-MS	physical	PUBMED:26831523
YDR190C	YBL030C	RVB1	PET9	Affinity Capture-MS	physical	PUBMED:26831523
YDR231C	YKL150W	COX20	MCR1	Affinity Capture-MS	physical	PUBMED:27550809
YDR231C	YGL008C	COX20	PMA1	Affinity Capture-MS	physical	PUBMED:27550809
YDR231C	YPL036W	COX20	PMA2	Affinity Capture-MS	physical	PUBMED:27550809
YDR231C	YMR108W	COX20	ILV2	Affinity Capture-MS	physical	PUBMED:27550809
YDR231C	YER141W	COX20	COX15	Affinity Capture-Western	physical	PUBMED:27550809
YKR066C	YBL030C	CCP1	PET9	Affinity Capture-MS	physical	PUBMED:26980054
YKR066C	YAL038W	CCP1	CDC19	Affinity Capture-MS	physical	PUBMED:26980054
YIL021W	YMR056C	RPB3	AAC1	Affinity Capture-MS	physical	PUBMED:28043953
TLC1	YER005W	TLC1	YND1	Positive Genetic	genetic	PUBMED:27927215
YLR233C	YER005W	EST1	YND1	Positive Genetic	genetic	PUBMED:27927215
YER141W	YER141W	COX15	COX15	Affinity Capture-Western	physical	PUBMED:27998984
YER058W	YER141W	PET117	COX15	Affinity Capture-Western	physical	PUBMED:27998984
YPR190C	YMR108W	RPC82	ILV2	Affinity Capture-MS	physical	PUBMED:28096404
YPR190C	YML125C	RPC82	PGA3	Affinity Capture-MS	physical	PUBMED:28096404
YPR190C	YDR353W	RPC82	TRR1	Affinity Capture-MS	physical	PUBMED:28096404
YPR190C	YKL035W	RPC82	UGP1	Affinity Capture-MS	physical	PUBMED:28096404
YPR190C	YIL043C	RPC82	CBR1	Affinity Capture-MS	physical	PUBMED:28096404
YDR233C	YIL043C	RTN1	CBR1	Affinity Capture-MS	physical	PUBMED:27129769
YLR324W	YAL038W	PEX30	CDC19	Affinity Capture-MS	physical	PUBMED:27129769
YDR479C	YAL038W	PEX29	CDC19	Affinity Capture-MS	physical	PUBMED:27129769
YDL229W	YDR353W	SSB1	TRR1	Affinity Capture-MS	physical	PUBMED:27001512
YDL229W	YKL035W	SSB1	UGP1	Affinity Capture-MS	physical	PUBMED:27001512
YDL229W	YJL026W	SSB1	RNR2	Affinity Capture-MS	physical	PUBMED:27001512
YDL160C	YAL038W	DHH1	CDC19	Affinity Capture-MS	physical	PUBMED:26392412
YDL160C	YMR108W	DHH1	ILV2	Affinity Capture-MS	physical	PUBMED:26392412
YDL160C	YGL008C	DHH1	PMA1	Affinity Capture-MS	physical	PUBMED:26392412
YDL160C	YDR023W	DHH1	SES1	Affinity Capture-MS	physical	PUBMED:26392412
YDL160C	YBL030C	DHH1	PET9	Affinity Capture-MS	physical	PUBMED:26392412
YDL160C	YKL035W	DHH1	UGP1	Affinity Capture-MS	physical	PUBMED:26392412
YER165W	YCR024C-A	PAB1	PMP1	Affinity Capture-RNA	physical	PUBMED:26404137
YNR016C	YCR024C-A	ACC1	PMP1	Affinity Capture-RNA	physical	PUBMED:26404137
YJL130C	YCR024C-A	URA2	PMP1	Affinity Capture-RNA	physical	PUBMED:26404137
YCR093W	YCR024C-A	CDC39	PMP1	Affinity Capture-RNA	physical	PUBMED:26404137
YKL182W	YCR024C-A	FAS1	PMP1	Affinity Capture-RNA	physical	PUBMED:26404137
YPL231W	YCR024C-A	FAS2	PMP1	Affinity Capture-RNA	physical	PUBMED:26404137
YBR208C	YCR024C-A	DUR1,2	PMP1	Affinity Capture-RNA	physical	PUBMED:26404137
YDL140C	YCR024C-A	RPO21	PMP1	Affinity Capture-RNA	physical	PUBMED:26404137
YML103C	YCR024C-A	NUP188	PMP1	Affinity Capture-RNA	physical	PUBMED:26404137
YGL206C	YCR024C-A	CHC1	PMP1	Affinity Capture-RNA	physical	PUBMED:26404137
YOR341W	YCR024C-A	RPA190	PMP1	Affinity Capture-RNA	physical	PUBMED:26404137
YOR326W	YCR024C-A	MYO2	PMP1	Affinity Capture-RNA	physical	PUBMED:26404137
YGL173C	YCR024C-A	XRN1	PMP1	Affinity Capture-RNA	physical	PUBMED:26404137
YDR127W	YCR024C-A	ARO1	PMP1	Affinity Capture-RNA	physical	PUBMED:26404137
YJR137C	YCR024C-A	MET5	PMP1	Affinity Capture-RNA	physical	PUBMED:26404137
YMR012W	YCR024C-A	CLU1	PMP1	Affinity Capture-RNA	physical	PUBMED:26404137
YKL215C	YCR024C-A	OXP1	PMP1	Affinity Capture-RNA	physical	PUBMED:26404137
YOR151C	YCR024C-A	RPB2	PMP1	Affinity Capture-RNA	physical	PUBMED:26404137
YMR109W	YCR024C-A	MYO5	PMP1	Affinity Capture-RNA	physical	PUBMED:26404137
YDL145C	YCR024C-A	COP1	PMP1	Affinity Capture-RNA	physical	PUBMED:26404137
YPR010C	YCR024C-A	RPA135	PMP1	Affinity Capture-RNA	physical	PUBMED:26404137
YPL226W	YCR024C-A	NEW1	PMP1	Affinity Capture-RNA	physical	PUBMED:26404137
YJL080C	YCR024C-A	SCP160	PMP1	Affinity Capture-RNA	physical	PUBMED:26404137
YOR086C	YCR024C-A	TCB1	PMP1	Affinity Capture-RNA	physical	PUBMED:26404137
YGL062W	YCR024C-A	PYC1	PMP1	Affinity Capture-RNA	physical	PUBMED:26404137
YBR218C	YCR024C-A	PYC2	PMP1	Affinity Capture-RNA	physical	PUBMED:26404137
YML117W	YCR024C-A	NAB6	PMP1	Affinity Capture-RNA	physical	PUBMED:26404137
YGR094W	YCR024C-A	VAS1	PMP1	Affinity Capture-RNA	physical	PUBMED:26404137
YPL160W	YCR024C-A	CDC60	PMP1	Affinity Capture-RNA	physical	PUBMED:26404137
YJR109C	YCR024C-A	CPA2	PMP1	Affinity Capture-RNA	physical	PUBMED:26404137
YBL076C	YCR024C-A	ILS1	PMP1	Affinity Capture-RNA	physical	PUBMED:26404137
YLR249W	YCR024C-A	YEF3	PMP1	Affinity Capture-RNA	physical	PUBMED:26404137
YFR030W	YCR024C-A	MET10	PMP1	Affinity Capture-RNA	physical	PUBMED:26404137
YIL125W	YCR024C-A	KGD1	PMP1	Affinity Capture-RNA	physical	PUBMED:26404137
YGL201C	YCR024C-A	MCM6	PMP1	Affinity Capture-RNA	physical	PUBMED:26404137
YMR080C	YCR024C-A	NAM7	PMP1	Affinity Capture-RNA	physical	PUBMED:26404137
YHR027C	YCR024C-A	RPN1	PMP1	Affinity Capture-RNA	physical	PUBMED:26404137
YGR240C	YCR024C-A	PFK1	PMP1	Affinity Capture-RNA	physical	PUBMED:26404137
YGR162W	YCR024C-A	TIF4631	PMP1	Affinity Capture-RNA	physical	PUBMED:26404137
YEL032W	YCR024C-A	MCM3	PMP1	Affinity Capture-RNA	physical	PUBMED:26404137
YGR204W	YCR024C-A	ADE3	PMP1	Affinity Capture-RNA	physical	PUBMED:26404137
YDR238C	YCR024C-A	SEC26	PMP1	Affinity Capture-RNA	physical	PUBMED:26404137
YPR019W	YCR024C-A	MCM4	PMP1	Affinity Capture-RNA	physical	PUBMED:26404137
YML111W	YCR024C-A	BUL2	PMP1	Affinity Capture-RNA	physical	PUBMED:26404137
YNL287W	YCR024C-A	SEC21	PMP1	Affinity Capture-RNA	physical	PUBMED:26404137
YIL075C	YCR024C-A	RPN2	PMP1	Affinity Capture-RNA	physical	PUBMED:26404137
YMR205C	YCR024C-A	PFK2	PMP1	Affinity Capture-RNA	physical	PUBMED:26404137
YNL313C	YCR024C-A	EMW1	PMP1	Affinity Capture-RNA	physical	PUBMED:26404137
YLL026W	YCR024C-A	HSP104	PMP1	Affinity Capture-RNA	physical	PUBMED:26404137
YER070W	YCR024C-A	RNR1	PMP1	Affinity Capture-RNA	physical	PUBMED:26404137
YGL137W	YCR024C-A	SEC27	PMP1	Affinity Capture-RNA	physical	PUBMED:26404137
YGL008C	YCR024C-A	PMA1	PMP1	Affinity Capture-RNA	physical	PUBMED:26404137
YNL085W	YCR024C-A	MKT1	PMP1	Affinity Capture-RNA	physical	PUBMED:26404137
YAL021C	YCR024C-A	CCR4	PMP1	Affinity Capture-RNA	physical	PUBMED:26404137
YOR133W	YCR024C-A	EFT1	PMP1	Affinity Capture-RNA	physical	PUBMED:26404137
YOR361C	YCR024C-A	PRT1	PMP1	Affinity Capture-RNA	physical	PUBMED:26404137
YCL030C	YCR024C-A	HIS4	PMP1	Affinity Capture-RNA	physical	PUBMED:26404137
YLR274W	YCR024C-A	MCM5	PMP1	Affinity Capture-RNA	physical	PUBMED:26404137
YGL234W	YCR024C-A	ADE5,7	PMP1	Affinity Capture-RNA	physical	PUBMED:26404137
YLR304C	YCR024C-A	ACO1	PMP1	Affinity Capture-RNA	physical	PUBMED:26404137
YGL009C	YCR024C-A	LEU1	PMP1	Affinity Capture-RNA	physical	PUBMED:26404137
YGR264C	YCR024C-A	MES1	PMP1	Affinity Capture-RNA	physical	PUBMED:26404137
YIL078W	YCR024C-A	THS1	PMP1	Affinity Capture-RNA	physical	PUBMED:26404137
YBR080C	YCR024C-A	SEC18	PMP1	Affinity Capture-RNA	physical	PUBMED:26404137
YPL240C	YCR024C-A	HSP82	PMP1	Affinity Capture-RNA	physical	PUBMED:26404137
YKL104C	YCR024C-A	GFA1	PMP1	Affinity Capture-RNA	physical	PUBMED:26404137
YGL245W	YCR024C-A	GUS1	PMP1	Affinity Capture-RNA	physical	PUBMED:26404137
YMR186W	YCR024C-A	HSC82	PMP1	Affinity Capture-RNA	physical	PUBMED:26404137
YKR001C	YCR024C-A	VPS1	PMP1	Affinity Capture-RNA	physical	PUBMED:26404137
YLR143W	YCR024C-A	DPH6	PMP1	Affinity Capture-RNA	physical	PUBMED:26404137
YCR084C	YCR024C-A	TUP1	PMP1	Affinity Capture-RNA	physical	PUBMED:26404137
YOR317W	YCR024C-A	FAA1	PMP1	Affinity Capture-RNA	physical	PUBMED:26404137
YHR020W	YCR024C-A	YHR020W	PMP1	Affinity Capture-RNA	physical	PUBMED:26404137
YMR246W	YCR024C-A	FAA4	PMP1	Affinity Capture-RNA	physical	PUBMED:26404137
YPL106C	YCR024C-A	SSE1	PMP1	Affinity Capture-RNA	physical	PUBMED:26404137
YKL126W	YCR024C-A	YPK1	PMP1	Affinity Capture-RNA	physical	PUBMED:26404137
YGL026C	YCR024C-A	TRP5	PMP1	Affinity Capture-RNA	physical	PUBMED:26404137
YDR172W	YCR024C-A	SUP35	PMP1	Affinity Capture-RNA	physical	PUBMED:26404137
YLR153C	YCR024C-A	ACS2	PMP1	Affinity Capture-RNA	physical	PUBMED:26404137
YPL093W	YCR024C-A	NOG1	PMP1	Affinity Capture-RNA	physical	PUBMED:26404137
YMR108W	YCR024C-A	ILV2	PMP1	Affinity Capture-RNA	physical	PUBMED:26404137
YJL034W	YCR024C-A	KAR2	PMP1	Affinity Capture-RNA	physical	PUBMED:26404137
YDR380W	YCR024C-A	ARO10	PMP1	Affinity Capture-RNA	physical	PUBMED:26404137
YJR045C	YCR024C-A	SSC1	PMP1	Affinity Capture-RNA	physical	PUBMED:26404137
YER103W	YCR024C-A	SSA4	PMP1	Affinity Capture-RNA	physical	PUBMED:26404137
YAL005C	YCR024C-A	SSA1	PMP1	Affinity Capture-RNA	physical	PUBMED:26404137
YLL024C	YCR024C-A	SSA2	PMP1	Affinity Capture-RNA	physical	PUBMED:26404137
YDR341C	YCR024C-A	YDR341C	PMP1	Affinity Capture-RNA	physical	PUBMED:26404137
YPL184C	YCR024C-A	MRN1	PMP1	Affinity Capture-RNA	physical	PUBMED:26404137
YNL104C	YCR024C-A	LEU4	PMP1	Affinity Capture-RNA	physical	PUBMED:26404137
YER036C	YCR024C-A	ARB1	PMP1	Affinity Capture-RNA	physical	PUBMED:26404137
YDL185W	YCR024C-A	VMA1	PMP1	Affinity Capture-RNA	physical	PUBMED:26404137
YDR091C	YCR024C-A	RLI1	PMP1	Affinity Capture-RNA	physical	PUBMED:26404137
YDR037W	YCR024C-A	KRS1	PMP1	Affinity Capture-RNA	physical	PUBMED:26404137
YNL209W	YCR024C-A	SSB2	PMP1	Affinity Capture-RNA	physical	PUBMED:26404137
YOR027W	YCR024C-A	STI1	PMP1	Affinity Capture-RNA	physical	PUBMED:26404137
YOR204W	YCR024C-A	DED1	PMP1	Affinity Capture-RNA	physical	PUBMED:26404137
YBL039C	YCR024C-A	URA7	PMP1	Affinity Capture-RNA	physical	PUBMED:26404137
YDR143C	YCR024C-A	SAN1	PMP1	Affinity Capture-RNA	physical	PUBMED:26404137
YPR145W	YCR024C-A	ASN1	PMP1	Affinity Capture-RNA	physical	PUBMED:26404137
YLL018C	YCR024C-A	DPS1	PMP1	Affinity Capture-RNA	physical	PUBMED:26404137
YLR044C	YCR024C-A	PDC1	PMP1	Affinity Capture-RNA	physical	PUBMED:26404137
YJL008C	YCR024C-A	CCT8	PMP1	Affinity Capture-RNA	physical	PUBMED:26404137
YFR051C	YCR024C-A	RET2	PMP1	Affinity Capture-RNA	physical	PUBMED:26404137
YHR064C	YCR024C-A	SSZ1	PMP1	Affinity Capture-RNA	physical	PUBMED:26404137
YDL160C	YCR024C-A	DHH1	PMP1	Affinity Capture-RNA	physical	PUBMED:26404137
YAL038W	YCR024C-A	CDC19	PMP1	Affinity Capture-RNA	physical	PUBMED:26404137
YER091C	YCR024C-A	MET6	PMP1	Affinity Capture-RNA	physical	PUBMED:26404137
YPR080W	YCR024C-A	TEF1	PMP1	Affinity Capture-RNA	physical	PUBMED:26404137
YLR027C	YCR024C-A	AAT2	PMP1	Affinity Capture-RNA	physical	PUBMED:26404137
YGL048C	YCR024C-A	RPT6	PMP1	Affinity Capture-RNA	physical	PUBMED:26404137
YBR025C	YCR024C-A	OLA1	PMP1	Affinity Capture-RNA	physical	PUBMED:26404137
YLR355C	YCR024C-A	ILV5	PMP1	Affinity Capture-RNA	physical	PUBMED:26404137
YLL039C	YCR024C-A	UBI4	PMP1	Affinity Capture-RNA	physical	PUBMED:26404137
YLR216C	YCR024C-A	CPR6	PMP1	Affinity Capture-RNA	physical	PUBMED:26404137
YDR502C	YCR024C-A	SAM2	PMP1	Affinity Capture-RNA	physical	PUBMED:26404137
YDL022W	YCR024C-A	GPD1	PMP1	Affinity Capture-RNA	physical	PUBMED:26404137
YPR035W	YCR024C-A	GLN1	PMP1	Affinity Capture-RNA	physical	PUBMED:26404137
YFL039C	YCR024C-A	ACT1	PMP1	Affinity Capture-RNA	physical	PUBMED:26404137
YDL055C	YCR024C-A	PSA1	PMP1	Affinity Capture-RNA	physical	PUBMED:26404137
YOR136W	YCR024C-A	IDH2	PMP1	Affinity Capture-RNA	physical	PUBMED:26404137
YJR068W	YCR024C-A	RFC2	PMP1	Affinity Capture-RNA	physical	PUBMED:26404137
YCL064C	YCR024C-A	CHA1	PMP1	Affinity Capture-RNA	physical	PUBMED:26404137
YDR214W	YCR024C-A	AHA1	PMP1	Affinity Capture-RNA	physical	PUBMED:26404137
YDR158W	YCR024C-A	HOM2	PMP1	Affinity Capture-RNA	physical	PUBMED:26404137
YOL086C	YCR024C-A	ADH1	PMP1	Affinity Capture-RNA	physical	PUBMED:26404137
YJR009C	YCR024C-A	TDH2	PMP1	Affinity Capture-RNA	physical	PUBMED:26404137
YMR116C	YCR024C-A	ASC1	PMP1	Affinity Capture-RNA	physical	PUBMED:26404137
YLR340W	YCR024C-A	RPP0	PMP1	Affinity Capture-RNA	physical	PUBMED:26404137
YBL030C	YCR024C-A	PET9	PMP1	Affinity Capture-RNA	physical	PUBMED:26404137
YEL021W	YCR024C-A	URA3	PMP1	Affinity Capture-RNA	physical	PUBMED:26404137
YGR253C	YCR024C-A	PUP2	PMP1	Affinity Capture-RNA	physical	PUBMED:26404137
YHL033C	YCR024C-A	RPL8A	PMP1	Affinity Capture-RNA	physical	PUBMED:26404137
YNL178W	YCR024C-A	RPS3	PMP1	Affinity Capture-RNA	physical	PUBMED:26404137
YIL137C	YBL030C	TMA108	PET9	Affinity Capture-MS	physical	PUBMED:27580715
YIL133C	YBL030C	RPL16A	PET9	Affinity Capture-MS	physical	PUBMED:27580715
YOR091W	YBL030C	TMA46	PET9	Affinity Capture-MS	physical	PUBMED:27580715
YOR091W	YLR305C	TMA46	STT4	Affinity Capture-MS	physical	PUBMED:27580715
YAL038W	YBR010W	CDC19	HHT1	Biochemical Activity	physical	PUBMED:26527276
YAL038W	YLR180W	CDC19	SAM1	Affinity Capture-MS	physical	PUBMED:26527276
YAL038W	YDR502C	CDC19	SAM2	Affinity Capture-MS	physical	PUBMED:26527276
YAL038W	YLR058C	CDC19	SHM2	Affinity Capture-MS	physical	PUBMED:26527276
YAL038W	YLR153C	CDC19	ACS2	Affinity Capture-MS	physical	PUBMED:26527276
YAL038W	YLR180W	CDC19	SAM1	Affinity Capture-Western	physical	PUBMED:26527276
YAL038W	YLR058C	CDC19	SHM2	Affinity Capture-Western	physical	PUBMED:26527276
YAL038W	YLR153C	CDC19	ACS2	Affinity Capture-Western	physical	PUBMED:26527276
YLR180W	YAL038W	SAM1	CDC19	Co-fractionation	physical	PUBMED:26527276
YLR153C	YAL038W	ACS2	CDC19	Affinity Capture-MS	physical	PUBMED:26527276
YHR119W	YAL038W	SET1	CDC19	Affinity Capture-MS	physical	PUBMED:26527276
YLR015W	YAL038W	BRE2	CDC19	Affinity Capture-MS	physical	PUBMED:26527276
YHR119W	YAL038W	SET1	CDC19	Co-localization	physical	PUBMED:26527276
YLR180W	YAL038W	SAM1	CDC19	Co-localization	physical	PUBMED:26527276
YIL074C	YAL038W	SER33	CDC19	Co-localization	physical	PUBMED:26527276
YGL008C	YNL291C	PMA1	MID1	Affinity Capture-Western	physical	PUBMED:27935186
YNL291C	YPL036W	MID1	PMA2	Affinity Capture-MS	physical	PUBMED:27935186
YNL291C	YGL008C	MID1	PMA1	Affinity Capture-MS	physical	PUBMED:27935186
YNL291C	YMR108W	MID1	ILV2	Affinity Capture-MS	physical	PUBMED:27935186
YJL154C	YBR023C	VPS35	CHS3	Affinity Capture-Western	physical	PUBMED:27798229
YBR023C	YNR006W	CHS3	VPS27	Affinity Capture-Western	physical	PUBMED:27798229
YNL084C	YBR023C	END3	CHS3	Phenotypic Suppression	genetic	PUBMED:27447488
TLC1	YER070W	TLC1	RNR1	Dosage Rescue	genetic	PUBMED:27161319
YCL061C	YER070W	MRC1	RNR1	Dosage Rescue	genetic	PUBMED:27161319
YDR217C	YER070W	RAD9	RNR1	Dosage Rescue	genetic	PUBMED:27161319
YLR318W	YER070W	EST2	RNR1	Dosage Rescue	genetic	PUBMED:27161319
YBR023C	YBR023C	CHS3	CHS3	PCA	physical	PUBMED:28346351
YBR023C	YJL053W	CHS3	PEP8	Reconstituted Complex	physical	PUBMED:28362258
YBR023C	YJL154C	CHS3	VPS35	Reconstituted Complex	physical	PUBMED:28362258
YHR205W	YNL192W	SCH9	CHS1	Synthetic Growth Defect	genetic	PUBMED:28604780
YOR090C	YKL150W	PTC5	MCR1	Affinity Capture-MS	physical	PUBMED:28539364
YOR090C	YGL008C	PTC5	PMA1	Affinity Capture-MS	physical	PUBMED:28539364
YOR090C	YDR353W	PTC5	TRR1	Affinity Capture-MS	physical	PUBMED:28539364
YHR076W	YKL150W	PTC7	MCR1	Affinity Capture-MS	physical	PUBMED:28539364
YHR076W	YKL035W	PTC7	UGP1	Affinity Capture-MS	physical	PUBMED:28539364
YGL119W	YGL008C	COQ8	PMA1	Affinity Capture-MS	physical	PUBMED:28539364
YLR201C	YKL035W	COQ9	UGP1	Affinity Capture-MS	physical	PUBMED:28539364
YLR201C	YBL030C	COQ9	PET9	Affinity Capture-MS	physical	PUBMED:28539364
YNL152W	YBR038W	INN1	CHS2	Two-hybrid	physical	PUBMED:26891268
YBR038W	YNL152W	CHS2	INN1	Affinity Capture-MS	physical	PUBMED:26891268
YBR038W	YNL152W	CHS2	INN1	Reconstituted Complex	physical	PUBMED:26891268
YNL152W	YBR038W	INN1	CHS2	Reconstituted Complex	physical	PUBMED:26891268
YNL152W	YBR038W	INN1	CHS2	Affinity Capture-Western	physical	PUBMED:26891268
YBR038W	YMR032W	CHS2	HOF1	Affinity Capture-MS	physical	PUBMED:26891268
YBR038W	YPL242C	CHS2	IQG1	Affinity Capture-MS	physical	PUBMED:26891268
YBR038W	YDL117W	CHS2	CYK3	Affinity Capture-MS	physical	PUBMED:26891268
YBR038W	YHR023W	CHS2	MYO1	Affinity Capture-MS	physical	PUBMED:26891268
YPL242C	YBR038W	IQG1	CHS2	Affinity Capture-Western	physical	PUBMED:26891268
YHR023W	YBR038W	MYO1	CHS2	Affinity Capture-Western	physical	PUBMED:26891268
YDL117W	YBR038W	CYK3	CHS2	Two-hybrid	physical	PUBMED:26891268
YDL117W	YBR038W	CYK3	CHS2	Reconstituted Complex	physical	PUBMED:26891268
YBR038W	YDL117W	CHS2	CYK3	Reconstituted Complex	physical	PUBMED:26891268
YBR038W	YNL152W	CHS2	INN1	Phenotypic Enhancement	genetic	PUBMED:26891268
YNL152W	YBR038W	INN1	CHS2	Synthetic Rescue	genetic	PUBMED:26891268
YDL117W	YBR038W	CYK3	CHS2	Synthetic Rescue	genetic	PUBMED:26891268
YDR172W	YAL038W	SUP35	CDC19	Affinity Capture-MS	physical	PUBMED:28369054
YDR172W	YMR108W	SUP35	ILV2	Affinity Capture-MS	physical	PUBMED:28369054
YDR172W	YBL030C	SUP35	PET9	Affinity Capture-MS	physical	PUBMED:28369054
YDR172W	YGL008C	SUP35	PMA1	Affinity Capture-MS	physical	PUBMED:28369054
YPL178W	YGL008C	CBC2	PMA1	Affinity Capture-RNA	physical	PUBMED:27863241
YBR245C	YHR011W	ISW1	DIA4	Affinity Capture-RNA	physical	PUBMED:27863241
YBR245C	YOR347C	ISW1	PYK2	Affinity Capture-RNA	physical	PUBMED:27863241
YBR245C	YBR023C	ISW1	CHS3	Affinity Capture-RNA	physical	PUBMED:27863241
YBR245C	YBR069C	ISW1	TAT1	Affinity Capture-RNA	physical	PUBMED:27863241
YBR245C	YDR376W	ISW1	ARH1	Affinity Capture-RNA	physical	PUBMED:27863241
YBR245C	YER005W	ISW1	YND1	Affinity Capture-RNA	physical	PUBMED:27863241
YBR245C	YER070W	ISW1	RNR1	Affinity Capture-RNA	physical	PUBMED:27863241
YBR245C	YGR191W	ISW1	HIP1	Affinity Capture-RNA	physical	PUBMED:27863241
YBR245C	YIL066C	ISW1	RNR3	Affinity Capture-RNA	physical	PUBMED:27863241
YBR245C	YKR039W	ISW1	GAP1	Affinity Capture-RNA	physical	PUBMED:27863241
YBR245C	YLL031C	ISW1	GPI13	Affinity Capture-RNA	physical	PUBMED:27863241
YBR245C	YLR305C	ISW1	STT4	Affinity Capture-RNA	physical	PUBMED:27863241
YBR245C	YNL192W	ISW1	CHS1	Affinity Capture-RNA	physical	PUBMED:27863241
YBR245C	YOL130W	ISW1	ALR1	Affinity Capture-RNA	physical	PUBMED:27863241
YBR023C	YHR101C	CHS3	BIG1	Phenotypic Enhancement	genetic	PUBMED:28732129
YBR023C	YNL322C	CHS3	KRE1	Phenotypic Enhancement	genetic	PUBMED:28732129
YBR023C	YPR159W	CHS3	KRE6	Phenotypic Enhancement	genetic	PUBMED:28732129
YHR193C	YMR101C	EGD2	SRT1	Synthetic Growth Defect	genetic	PUBMED:28109174
YJR089W	YER005W	BIR1	YND1	Positive Genetic	genetic	PUBMED:28754723
YJR089W	YBR085W	BIR1	AAC3	Negative Genetic	genetic	PUBMED:28754723
YMR106C	YER005W	YKU80	YND1	Phenotypic Enhancement	genetic	PUBMED:27617677
YKL141W	YLR164W	SDH3	SHH4	Affinity Capture-Western	physical	PUBMED:25328978
YLR164W	YKL141W	SHH4	SDH3	Affinity Capture-Western	physical	PUBMED:25328978
YER070W	YOL090W	RNR1	MSH2	Phenotypic Enhancement	genetic	PUBMED:25474551
YOR326W	YGR180C	MYO2	RNR4	Negative Genetic	genetic	PUBMED:28615194
YHR090C	YBR023C	YNG2	CHS3	Negative Genetic	genetic	PUBMED:27550811
YHR090C	YER005W	YNG2	YND1	Positive Genetic	genetic	PUBMED:27550811
YHR090C	YGL008C	YNG2	PMA1	Positive Genetic	genetic	PUBMED:27550811
YBL030C	YPR024W	PET9	YME1	Synthetic Lethality	genetic	PUBMED:25833713
YBL030C	YER154W	PET9	OXA1	Synthetic Lethality	genetic	PUBMED:25833713
YBL030C	YNL169C	PET9	PSD1	Synthetic Growth Defect	genetic	PUBMED:25833713
YBL030C	YPR024W	PET9	YME1	Dosage Rescue	genetic	PUBMED:25833713
YPR104C	YER070W	FHL1	RNR1	Phenotypic Suppression	genetic	PUBMED:28495531
YPR104C	YER070W	FHL1	RNR1	Dosage Rescue	genetic	PUBMED:28495531
YAL005C	YGR180C	SSA1	RNR4	Affinity Capture-MS	physical	PUBMED:25452130
YMR032W	YBR023C	HOF1	CHS3	Phenotypic Suppression	genetic	PUBMED:28918945
YBR023C	YBL061C	CHS3	SKT5	Reconstituted Complex	physical	PUBMED:28918945
YGL178W	YBR085W	MPT5	AAC3	Affinity Capture-RNA	physical	PUBMED:29158339
YGL178W	YCR024C-A	MPT5	PMP1	Affinity Capture-RNA	physical	PUBMED:29158339
YGL178W	YHR011W	MPT5	DIA4	Affinity Capture-RNA	physical	PUBMED:29158339
YDL160C	YML125C	DHH1	PGA3	Affinity Capture-RNA	physical	PUBMED:29158339
YDL160C	YOR347C	DHH1	PYK2	Affinity Capture-RNA	physical	PUBMED:29158339
YDL160C	YDR376W	DHH1	ARH1	Affinity Capture-RNA	physical	PUBMED:29158339
YDL160C	YCR024C-A	DHH1	PMP1	Affinity Capture-RNA	physical	PUBMED:29158339
YDL160C	YBR085W	DHH1	AAC3	Affinity Capture-RNA	physical	PUBMED:29158339
YDL160C	YKL150W	DHH1	MCR1	Affinity Capture-RNA	physical	PUBMED:29158339
YDL160C	YDR302W	DHH1	GPI11	Affinity Capture-RNA	physical	PUBMED:29158339
YDL160C	YBR002C	DHH1	RER2	Affinity Capture-RNA	physical	PUBMED:29158339
YAL021C	YBR069C	CCR4	TAT1	Affinity Capture-RNA	physical	PUBMED:29158339
YAL021C	YER005W	CCR4	YND1	Affinity Capture-RNA	physical	PUBMED:29158339
YAL021C	YNL192W	CCR4	CHS1	Affinity Capture-RNA	physical	PUBMED:29158339
YAL021C	YOL130W	CCR4	ALR1	Affinity Capture-RNA	physical	PUBMED:29158339
YAL021C	YER141W	CCR4	COX15	Affinity Capture-RNA	physical	PUBMED:29158339
YAL021C	YER070W	CCR4	RNR1	Affinity Capture-RNA	physical	PUBMED:29158339
YAL021C	YBR085W	CCR4	AAC3	Affinity Capture-RNA	physical	PUBMED:29158339
YAL021C	YCR024C-A	CCR4	PMP1	Affinity Capture-RNA	physical	PUBMED:29158339
YAL021C	YJL100W	CCR4	LSB6	Affinity Capture-RNA	physical	PUBMED:29158339
YAL021C	YDR376W	CCR4	ARH1	Affinity Capture-RNA	physical	PUBMED:29158339
YAL021C	YMR056C	CCR4	AAC1	Affinity Capture-RNA	physical	PUBMED:29158339
YAL021C	YKL150W	CCR4	MCR1	Affinity Capture-RNA	physical	PUBMED:29158339
YAL021C	YHR011W	CCR4	DIA4	Affinity Capture-RNA	physical	PUBMED:29158339
YAL021C	YOR347C	CCR4	PYK2	Affinity Capture-RNA	physical	PUBMED:29158339
YAL021C	YBR002C	CCR4	RER2	Affinity Capture-RNA	physical	PUBMED:29158339
YAL021C	YKR039W	CCR4	GAP1	Affinity Capture-RNA	physical	PUBMED:29158339
YGR092W	YER005W	DBF2	YND1	Negative Genetic	genetic	PUBMED:27453043
YBL016W	YKR039W	FUS3	GAP1	Negative Genetic	genetic	PUBMED:27453043
YGR252W	YKL141W	GCN5	SDH3	Positive Genetic	genetic	PUBMED:27453043
YMR230W	YER005W	RPS10B	YND1	Negative Genetic	genetic	PUBMED:27453043
YIL066C	YOR141C	RNR3	ARP8	Positive Genetic	genetic	PUBMED:27453043
YLR422W	YIL043C	YLR422W	CBR1	Positive Genetic	genetic	PUBMED:27453043
YBR289W	YER005W	SNF5	YND1	Negative Genetic	genetic	PUBMED:27453043
YJL176C	YBL030C	SWI3	PET9	Negative Genetic	genetic	PUBMED:27453043
YDR288W	YER005W	NSE3	YND1	Positive Genetic	genetic	PUBMED:27453043
YIL066C	YGR208W	RNR3	SER2	Negative Genetic	genetic	PUBMED:27453043
YIL066C	YNL001W	RNR3	DOM34	Positive Genetic	genetic	PUBMED:27453043
YGR092W	YBL030C	DBF2	PET9	Negative Genetic	genetic	PUBMED:27453043
YBL103C	YER005W	RTG3	YND1	Negative Genetic	genetic	PUBMED:27453043
YGR092W	YKL141W	DBF2	SDH3	Negative Genetic	genetic	PUBMED:27453043
YIL066C	YOR275C	RNR3	RIM20	Positive Genetic	genetic	PUBMED:27453043
YGR231C	YBL030C	PHB2	PET9	Positive Genetic	genetic	PUBMED:27453043
YGR092W	YML125C	DBF2	PGA3	Negative Genetic	genetic	PUBMED:27453043
YBR048W	YER005W	RPS11B	YND1	Negative Genetic	genetic	PUBMED:27453043
YIL066C	YDL214C	RNR3	PRR2	Positive Genetic	genetic	PUBMED:27453043
YLR422W	YER005W	YLR422W	YND1	Positive Genetic	genetic	PUBMED:27453043
YNL025C	YMR056C	SSN8	AAC1	Positive Genetic	genetic	PUBMED:27453043
YIL066C	YKL120W	RNR3	OAC1	Negative Genetic	genetic	PUBMED:27453043
YOL004W	YER005W	SIN3	YND1	Negative Genetic	genetic	PUBMED:27453043
YLR079W	YIL043C	SIC1	CBR1	Negative Genetic	genetic	PUBMED:27453043
YGR092W	YJL026W	DBF2	RNR2	Negative Genetic	genetic	PUBMED:27453043
YDL101C	YJL026W	DUN1	RNR2	Negative Genetic	genetic	PUBMED:27453043
YIL066C	YBL068W	RNR3	PRS4	Positive Genetic	genetic	PUBMED:27453043
YOL081W	YJL026W	IRA2	RNR2	Negative Genetic	genetic	PUBMED:27453043
YNL079C	YIL043C	TPM1	CBR1	Negative Genetic	genetic	PUBMED:27453043
YNL079C	YER005W	TPM1	YND1	Negative Genetic	genetic	PUBMED:27453043
YOL121C	YML125C	RPS19A	PGA3	Negative Genetic	genetic	PUBMED:27453043
YDR162C	YER005W	NBP2	YND1	Negative Genetic	genetic	PUBMED:27453043
YJL176C	YER005W	SWI3	YND1	Negative Genetic	genetic	PUBMED:27453043
YPR102C	YJL026W	RPL11A	RNR2	Negative Genetic	genetic	PUBMED:27453043
YIL066C	YBR149W	RNR3	ARA1	Positive Genetic	genetic	PUBMED:27453043
YIL066C	YOR290C	RNR3	SNF2	Positive Genetic	genetic	PUBMED:27453043
YIL066C	YMR152W	RNR3	YIM1	Positive Genetic	genetic	PUBMED:27453043
YCR014C	YML125C	POL4	PGA3	Positive Genetic	genetic	PUBMED:27453043
YOL023W	YIL043C	IFM1	CBR1	Negative Genetic	genetic	PUBMED:27453043
YOR293W	YER005W	RPS10A	YND1	Negative Genetic	genetic	PUBMED:27453043
YLR418C	YJL026W	CDC73	RNR2	Negative Genetic	genetic	PUBMED:27453043
YIL066C	YMR169C	RNR3	ALD3	Positive Genetic	genetic	PUBMED:27453043
YNL302C	YBL030C	RPS19B	PET9	Negative Genetic	genetic	PUBMED:27453043
YIL066C	YDL056W	RNR3	MBP1	Negative Genetic	genetic	PUBMED:27453043
YIL066C	YHL036W	RNR3	MUP3	Positive Genetic	genetic	PUBMED:27453043
YNL097C	YBR069C	PHO23	TAT1	Positive Genetic	genetic	PUBMED:27453043
YBR289W	YBR069C	SNF5	TAT1	Negative Genetic	genetic	PUBMED:27453043
YDR025W	YML125C	RPS11A	PGA3	Negative Genetic	genetic	PUBMED:27453043
YIL066C	YOR293W	RNR3	RPS10A	Positive Genetic	genetic	PUBMED:27453043
YGR057C	YBR069C	LST7	TAT1	Negative Genetic	genetic	PUBMED:27453043
YNL097C	YJL100W	PHO23	LSB6	Positive Genetic	genetic	PUBMED:27453043
YCR014C	YIL043C	POL4	CBR1	Positive Genetic	genetic	PUBMED:27453043
YIL066C	YOL052C	RNR3	SPE2	Positive Genetic	genetic	PUBMED:27453043
YIL066C	YKL184W	RNR3	SPE1	Positive Genetic	genetic	PUBMED:27453043
YGR231C	YKR039W	PHB2	GAP1	Positive Genetic	genetic	PUBMED:27453043
YIL066C	YPR047W	RNR3	MSF1	Positive Genetic	genetic	PUBMED:27453043
YBR048W	YIL043C	RPS11B	CBR1	Negative Genetic	genetic	PUBMED:27453043
YPL120W	YMR056C	VPS30	AAC1	Positive Genetic	genetic	PUBMED:27453043
YJL176C	YBR069C	SWI3	TAT1	Negative Genetic	genetic	PUBMED:27453043
YIL066C	YML041C	RNR3	VPS71	Positive Genetic	genetic	PUBMED:27453043
YDR025W	YER005W	RPS11A	YND1	Negative Genetic	genetic	PUBMED:27453043
YGR085C	YER005W	RPL11B	YND1	Negative Genetic	genetic	PUBMED:27453043
YLR054C	YBR023C	OSW2	CHS3	Phenotypic Enhancement	genetic	PUBMED:29211891
YNL322C	YBR023C	KRE1	CHS3	Phenotypic Enhancement	genetic	PUBMED:29211891
YHR101C	YBR023C	BIG1	CHS3	Phenotypic Enhancement	genetic	PUBMED:29211891
YOL138C	YGL008C	RTC1	PMA1	Affinity Capture-MS	physical	PUBMED:25073740
YGR162W	YJL026W	TIF4631	RNR2	Affinity Capture-MS	physical	PUBMED:26777405
YGR162W	YGR180C	TIF4631	RNR4	Affinity Capture-MS	physical	PUBMED:26777405
YGR162W	YDR023W	TIF4631	SES1	Affinity Capture-MS	physical	PUBMED:26777405
YGR162W	YKL035W	TIF4631	UGP1	Affinity Capture-MS	physical	PUBMED:26777405
YBL023C	YAL038W	MCM2	CDC19	Affinity Capture-MS	physical	PUBMED:25172955
YEL032W	YAL038W	MCM3	CDC19	Affinity Capture-MS	physical	PUBMED:25172955
YPR019W	YAL038W	MCM4	CDC19	Affinity Capture-MS	physical	PUBMED:25172955
YLR274W	YAL038W	MCM5	CDC19	Affinity Capture-MS	physical	PUBMED:25172955
YGL201C	YAL038W	MCM6	CDC19	Affinity Capture-MS	physical	PUBMED:25172955
YBR202W	YAL038W	MCM7	CDC19	Affinity Capture-MS	physical	PUBMED:25172955
YGL227W	YGL008C	VID30	PMA1	Affinity Capture-MS	physical	PUBMED:25172955
YGL227W	YBL030C	VID30	PET9	Affinity Capture-MS	physical	PUBMED:25172955
YGL227W	YAL038W	VID30	CDC19	Affinity Capture-MS	physical	PUBMED:25172955
YCL039W	YAL038W	GID7	CDC19	Affinity Capture-MS	physical	PUBMED:25172955
YBR105C	YGL008C	VID24	PMA1	Affinity Capture-MS	physical	PUBMED:25172955
YBR105C	YAL038W	VID24	CDC19	Affinity Capture-MS	physical	PUBMED:25172955
YIL031W	YAL038W	ULP2	CDC19	Affinity Capture-MS	physical	PUBMED:28487408
YBL030C	YER088C	PET9	DOT6	Dosage Rescue	genetic	PUBMED:26192197
YBL030C	YPR104C	PET9	FHL1	Dosage Rescue	genetic	PUBMED:26192197
YBL030C	YNL330C	PET9	RPD3	Dosage Rescue	genetic	PUBMED:26192197
YBL030C	YBL054W	PET9	TOD6	Dosage Rescue	genetic	PUBMED:26192197
YBL030C	YOL139C	PET9	CDC33	Dosage Rescue	genetic	PUBMED:26192197
YBL030C	YNL118C	PET9	DCP2	Dosage Rescue	genetic	PUBMED:26192197
YBL030C	YEL015W	PET9	EDC3	Dosage Rescue	genetic	PUBMED:26192197
YBL030C	YMR080C	PET9	NAM7	Dosage Rescue	genetic	PUBMED:26192197
YBL030C	YGR178C	PET9	PBP1	Dosage Rescue	genetic	PUBMED:26192197
YBL030C	YOR361C	PET9	PRT1	Dosage Rescue	genetic	PUBMED:26192197
YBL030C	YML017W	PET9	PSP2	Dosage Rescue	genetic	PUBMED:26192197
YBL030C	YPR163C	PET9	TIF3	Dosage Rescue	genetic	PUBMED:26192197
YBL030C	YGL049C	PET9	TIF4632	Dosage Rescue	genetic	PUBMED:26192197
YBL030C	YBR049C	PET9	REB1	Dosage Rescue	genetic	PUBMED:26192197
YBL030C	YLR325C	PET9	RPL38	Dosage Rescue	genetic	PUBMED:26192197
YBL030C	YIL148W	PET9	RPL40A	Dosage Rescue	genetic	PUBMED:26192197
YBL030C	YKR094C	PET9	RPL40B	Dosage Rescue	genetic	PUBMED:26192197
YBL030C	YPR043W	PET9	RPL43A	Dosage Rescue	genetic	PUBMED:26192197
YBL030C	YLR340W	PET9	RPP0	Dosage Rescue	genetic	PUBMED:26192197
YBL030C	YBR181C	PET9	RPS6B	Dosage Rescue	genetic	PUBMED:26192197
YBL030C	YOR182C	PET9	RPS30B	Dosage Rescue	genetic	PUBMED:26192197
YBL030C	snR3	PET9	snR3	Dosage Rescue	genetic	PUBMED:26192197
YBL030C	YDL201W	PET9	TRM8	Dosage Rescue	genetic	PUBMED:26192197
YBL030C	YOL124C	PET9	TRM11	Dosage Rescue	genetic	PUBMED:26192197
YBL030C	YGL087C	PET9	MMS2	Dosage Rescue	genetic	PUBMED:26192197
YBL030C	YPL144W	PET9	POC4	Dosage Rescue	genetic	PUBMED:26192197
YBL030C	YBR280C	PET9	SAF1	Dosage Rescue	genetic	PUBMED:26192197
YBL030C	YDL229W	PET9	SSB1	Dosage Rescue	genetic	PUBMED:26192197
YBL030C	YNL209W	PET9	SSB2	Dosage Rescue	genetic	PUBMED:26192197
YBL030C	YER151C	PET9	UBP3	Dosage Rescue	genetic	PUBMED:26192197
YBL030C	YBR173C	PET9	UMP1	Dosage Rescue	genetic	PUBMED:26192197
YBL030C	YGR285C	PET9	ZUO1	Dosage Rescue	genetic	PUBMED:26192197
YBL030C	YPL204W	PET9	HRR25	Dosage Rescue	genetic	PUBMED:26192197
YBL030C	YLR096W	PET9	KIN2	Dosage Rescue	genetic	PUBMED:26192197
YBL030C	YER067W	PET9	RGI1	Dosage Rescue	genetic	PUBMED:26192197
YBL030C	YJL156C	PET9	SSY5	Dosage Rescue	genetic	PUBMED:26192197
YBL030C	YEL057C	PET9	YEL057C	Dosage Rescue	genetic	PUBMED:26192197
YBL030C	YMR074C	PET9	YMR074C	Dosage Rescue	genetic	PUBMED:26192197
YBL030C	YOL098C	PET9	YOL098C	Dosage Rescue	genetic	PUBMED:26192197
YBL030C	YPR022C	PET9	YPR022C	Dosage Rescue	genetic	PUBMED:26192197
YBL030C	YNL255C	PET9	GIS2	Dosage Rescue	genetic	PUBMED:26192197
YBL030C	YNR053C	PET9	NOG2	Dosage Rescue	genetic	PUBMED:26192197
YBL030C	YLR262C-A	PET9	TMA7	Dosage Rescue	genetic	PUBMED:26192197
YNL026W	YKL150W	SAM50	MCR1	Affinity Capture-MS	physical	PUBMED:23911324
YNL026W	YAL038W	SAM50	CDC19	Affinity Capture-MS	physical	PUBMED:23911324
YNL026W	YBL030C	SAM50	PET9	Affinity Capture-MS	physical	PUBMED:23911324
YNL026W	YGL008C	SAM50	PMA1	Affinity Capture-MS	physical	PUBMED:23911324
YNL026W	YKL035W	SAM50	UGP1	Affinity Capture-MS	physical	PUBMED:23911324
YNL026W	YDR023W	SAM50	SES1	Affinity Capture-MS	physical	PUBMED:23911324
YNL026W	YDR353W	SAM50	TRR1	Affinity Capture-MS	physical	PUBMED:23911324
YGR098C	YMR108W	ESP1	ILV2	Affinity Capture-MS	physical	PUBMED:25822502
YGR098C	YER070W	ESP1	RNR1	Affinity Capture-MS	physical	PUBMED:25822502
YGR098C	YDR353W	ESP1	TRR1	Affinity Capture-MS	physical	PUBMED:25822502
YGR098C	YIL043C	ESP1	CBR1	Affinity Capture-MS	physical	PUBMED:25822502
YER118C	YAL038W	SHO1	CDC19	Two-hybrid	physical	PUBMED:25644660
YER118C	YBR023C	SHO1	CHS3	Two-hybrid	physical	PUBMED:25644660
YER118C	YAL038W	SHO1	CDC19	PCA	physical	PUBMED:25644660
YHR142W	YBR023C	CHS7	CHS3	Affinity Capture-Western	physical	PUBMED:29405545
YHR142W	YBR023C	CHS7	CHS3	PCA	physical	PUBMED:29405545
YAL005C	YBL030C	SSA1	PET9	Affinity Capture-MS	physical	PUBMED:25452130
YAL005C	YAL038W	SSA1	CDC19	Affinity Capture-MS	physical	PUBMED:25452130
YAL005C	YGL008C	SSA1	PMA1	Affinity Capture-MS	physical	PUBMED:25452130
YAL005C	YKL035W	SSA1	UGP1	Affinity Capture-MS	physical	PUBMED:25452130
YAL005C	YJL026W	SSA1	RNR2	Affinity Capture-MS	physical	PUBMED:25452130
YPL240C	YGL008C	HSP82	PMA1	Affinity Capture-MS	physical	PUBMED:25452130
YPL240C	YAL038W	HSP82	CDC19	Affinity Capture-MS	physical	PUBMED:25452130
YPL240C	YKL035W	HSP82	UGP1	Affinity Capture-MS	physical	PUBMED:25452130
YPL240C	YGR180C	HSP82	RNR4	Affinity Capture-MS	physical	PUBMED:25452130
YPL240C	YGR180C	HSP82	RNR4	Affinity Capture-Western	physical	PUBMED:25452130
YAL005C	YGR180C	SSA1	RNR4	Affinity Capture-Western	physical	PUBMED:25452130
YDL160C	YLL031C	DHH1	GPI13	Affinity Capture-RNA	physical	PUBMED:27821408
YDL160C	YLR305C	DHH1	STT4	Affinity Capture-RNA	physical	PUBMED:27821408
YDL160C	YAL038W	DHH1	CDC19	Affinity Capture-RNA	physical	PUBMED:27821408
YDL160C	YDR023W	DHH1	SES1	Affinity Capture-RNA	physical	PUBMED:27821408
YDL160C	YDR353W	DHH1	TRR1	Affinity Capture-RNA	physical	PUBMED:27821408
YDL160C	YBL030C	DHH1	PET9	Affinity Capture-RNA	physical	PUBMED:27821408
YDL160C	YBR038W	DHH1	CHS2	Affinity Capture-RNA	physical	PUBMED:27821408
YDL160C	YBR069C	DHH1	TAT1	Affinity Capture-RNA	physical	PUBMED:27821408
YDL160C	YGL008C	DHH1	PMA1	Affinity Capture-RNA	physical	PUBMED:27821408
YDL160C	YGR180C	DHH1	RNR4	Affinity Capture-RNA	physical	PUBMED:27821408
YDL160C	YJL026W	DHH1	RNR2	Affinity Capture-RNA	physical	PUBMED:27821408
YDL160C	YKL150W	DHH1	MCR1	Affinity Capture-RNA	physical	PUBMED:27821408
YDL160C	YKL035W	DHH1	UGP1	Affinity Capture-RNA	physical	PUBMED:27821408
YDL160C	YKR039W	DHH1	GAP1	Affinity Capture-RNA	physical	PUBMED:27821408
YDL160C	YMR056C	DHH1	AAC1	Affinity Capture-RNA	physical	PUBMED:27821408
YDL160C	YMR108W	DHH1	ILV2	Affinity Capture-RNA	physical	PUBMED:27821408
YDL160C	YNL192W	DHH1	CHS1	Affinity Capture-RNA	physical	PUBMED:27821408
YDL160C	YER070W	DHH1	RNR1	Affinity Capture-RNA	physical	PUBMED:27821408
YBR034C	YHR011W	HMT1	DIA4	Biochemical Activity	physical	PUBMED:26572822
YGR180C	LA16c-358B7.1	RNR4	UBE2I	Two-hybrid	physical	PUBMED:27107014
YML125C	-	PGA3	CCDC155	Two-hybrid	physical	PUBMED:27107014
YGR180C	SBBI03	RNR4	RNF41	Two-hybrid	physical	PUBMED:27107014
YML125C	PSEC0238	PGA3	CREB3L1	Two-hybrid	physical	PUBMED:27107014
YAL038W	YHR064C	CDC19	SSZ1	Affinity Capture-MS	physical	PUBMED:24488121
YAL038W	YLL024C	CDC19	SSA2	Affinity Capture-MS	physical	PUBMED:24488121
YAL038W	YNL209W	CDC19	SSB2	Affinity Capture-MS	physical	PUBMED:24488121
YAL038W	YPL240C	CDC19	HSP82	Affinity Capture-MS	physical	PUBMED:24488121
YAL038W	YLL026W	CDC19	HSP104	Affinity Capture-MS	physical	PUBMED:24488121
YAL038W	YCL040W	CDC19	GLK1	Affinity Capture-MS	physical	PUBMED:24488121
YAL038W	YAL054C	CDC19	ACS1	Affinity Capture-MS	physical	PUBMED:24488121
YAL038W	YOR133W	CDC19	EFT1	Affinity Capture-MS	physical	PUBMED:24488121
YAL038W	YDR385W	CDC19	EFT2	Affinity Capture-MS	physical	PUBMED:24488121
YAL038W	YLR249W	CDC19	YEF3	Affinity Capture-MS	physical	PUBMED:24488121
YAL038W	YPR080W	CDC19	TEF1	Affinity Capture-MS	physical	PUBMED:24488121
YKL032C	YAL038W	IXR1	CDC19	Affinity Capture-MS	physical	PUBMED:29438513
YKL032C	YPL036W	IXR1	PMA2	Affinity Capture-MS	physical	PUBMED:29438513
YKL032C	YGL008C	IXR1	PMA1	Affinity Capture-MS	physical	PUBMED:29438513
YLL013C	YBL030C	PUF3	PET9	Affinity Capture-RNA	physical	PUBMED:26524240
YLL013C	YBR252W	PUF3	DUT1	Affinity Capture-RNA	physical	PUBMED:26524240
YLL013C	YHR011W	PUF3	DIA4	Affinity Capture-RNA	physical	PUBMED:26524240
YLL013C	YDR376W	PUF3	ARH1	Affinity Capture-RNA	physical	PUBMED:26524240
YOR198C	YAL038W	BFR1	CDC19	Affinity Capture-RNA	physical	PUBMED:26524240
YOR198C	YBL030C	BFR1	PET9	Affinity Capture-RNA	physical	PUBMED:26524240
YOR198C	YBR023C	BFR1	CHS3	Affinity Capture-RNA	physical	PUBMED:26524240
YOR198C	YBR038W	BFR1	CHS2	Affinity Capture-RNA	physical	PUBMED:26524240
YOR198C	YBR069C	BFR1	TAT1	Affinity Capture-RNA	physical	PUBMED:26524240
YOR198C	YBR252W	BFR1	DUT1	Affinity Capture-RNA	physical	PUBMED:26524240
YOR198C	YCR024C-A	BFR1	PMP1	Affinity Capture-RNA	physical	PUBMED:26524240
YOR198C	YIL043C	BFR1	CBR1	Affinity Capture-RNA	physical	PUBMED:26524240
YOR198C	YKL035W	BFR1	UGP1	Affinity Capture-RNA	physical	PUBMED:26524240
YOR198C	YKL141W	BFR1	SDH3	Affinity Capture-RNA	physical	PUBMED:26524240
YOR198C	YKR039W	BFR1	GAP1	Affinity Capture-RNA	physical	PUBMED:26524240
YOR198C	YEL017C-A	BFR1	PMP2	Affinity Capture-RNA	physical	PUBMED:26524240
YOR198C	YDR023W	BFR1	SES1	Affinity Capture-RNA	physical	PUBMED:26524240
YOR198C	YDR302W	BFR1	GPI11	Affinity Capture-RNA	physical	PUBMED:26524240
YOR198C	YDR353W	BFR1	TRR1	Affinity Capture-RNA	physical	PUBMED:26524240
YOR198C	YDR376W	BFR1	ARH1	Affinity Capture-RNA	physical	PUBMED:26524240
YOR198C	YGL008C	BFR1	PMA1	Affinity Capture-RNA	physical	PUBMED:26524240
YOR198C	YGR180C	BFR1	RNR4	Affinity Capture-RNA	physical	PUBMED:26524240
YOR198C	YGR191W	BFR1	HIP1	Affinity Capture-RNA	physical	PUBMED:26524240
YOR198C	YJR069C	BFR1	HAM1	Affinity Capture-RNA	physical	PUBMED:26524240
YOR198C	YLL031C	BFR1	GPI13	Affinity Capture-RNA	physical	PUBMED:26524240
YOR198C	YML125C	BFR1	PGA3	Affinity Capture-RNA	physical	PUBMED:26524240
YOR198C	YMR108W	BFR1	ILV2	Affinity Capture-RNA	physical	PUBMED:26524240
YOR359W	YDR023W	VTS1	SES1	Affinity Capture-RNA	physical	PUBMED:28325876
YOR359W	YER141W	VTS1	COX15	Affinity Capture-RNA	physical	PUBMED:28325876
YOR359W	YKR039W	VTS1	GAP1	Affinity Capture-RNA	physical	PUBMED:28325876
YLR305C	YDR062W	STT4	LCB2	Negative Genetic	genetic	PUBMED:29674565
YLR305C	YER083C	STT4	GET2	Negative Genetic	genetic	PUBMED:29674565
YLR305C	YER120W	STT4	SCS2	Negative Genetic	genetic	PUBMED:29674565
YLR305C	YGR166W	STT4	TRS65	Negative Genetic	genetic	PUBMED:29674565
YLR305C	YGR211W	STT4	ZPR1	Negative Genetic	genetic	PUBMED:29674565
YLR305C	YJL095W	STT4	BCK1	Negative Genetic	genetic	PUBMED:29674565
YLR305C	YKL051W	STT4	SFK1	Negative Genetic	genetic	PUBMED:29674565
YLR305C	YKL190W	STT4	CNB1	Negative Genetic	genetic	PUBMED:29674565
YLR305C	YMR183C	STT4	SSO2	Negative Genetic	genetic	PUBMED:29674565
YLR305C	YOL001W	STT4	PHO80	Negative Genetic	genetic	PUBMED:29674565
YLR305C	YOR085W	STT4	OST3	Negative Genetic	genetic	PUBMED:29674565
YOR269W	YBR023C	PAC1	CHS3	Positive Genetic	genetic	PUBMED:29674565
YHR165C	YBR023C	PRP8	CHS3	Negative Genetic	genetic	PUBMED:29674565
YIR006C	YBR023C	PAN1	CHS3	Negative Genetic	genetic	PUBMED:29674565
YLR305C	YBL105C	STT4	PKC1	Negative Genetic	genetic	PUBMED:29674565
YLR305C	YBR058C-A	STT4	TSC3	Negative Genetic	genetic	PUBMED:29674565
YLR305C	YBR164C	STT4	ARL1	Negative Genetic	genetic	PUBMED:29674565
YLR305C	YBR254C	STT4	TRS20	Negative Genetic	genetic	PUBMED:29674565
YLR305C	YCR034W	STT4	ELO2	Negative Genetic	genetic	PUBMED:29674565
YLR305C	YCR063W	STT4	BUD31	Positive Genetic	genetic	PUBMED:29674565
YLR305C	YCR095C	STT4	OCA4	Negative Genetic	genetic	PUBMED:29674565
YLR305C	YDR006C	STT4	SOK1	Negative Genetic	genetic	PUBMED:29674565
YLR305C	YDR081C	STT4	PDC2	Positive Genetic	genetic	PUBMED:29674565
YLR305C	YDR123C	STT4	INO2	Negative Genetic	genetic	PUBMED:29674565
YLR305C	YDR186C	STT4	YDR186C	Negative Genetic	genetic	PUBMED:29674565
YLR305C	YDR188W	STT4	CCT6	Positive Genetic	genetic	PUBMED:29674565
YLR305C	YDR189W	STT4	SLY1	Positive Genetic	genetic	PUBMED:29674565
YLR305C	YDR205W	STT4	MSC2	Negative Genetic	genetic	PUBMED:29674565
YLR305C	YDR207C	STT4	UME6	Positive Genetic	genetic	PUBMED:29674565
YLR305C	YDR212W	STT4	TCP1	Positive Genetic	genetic	PUBMED:29674565
YLR305C	YDR311W	STT4	TFB1	Positive Genetic	genetic	PUBMED:29674565
YLR305C	YDR373W	STT4	FRQ1	Negative Genetic	genetic	PUBMED:29674565
YLR305C	YDR435C	STT4	PPM1	Negative Genetic	genetic	PUBMED:29674565
YLR305C	YER155C	STT4	BEM2	Negative Genetic	genetic	PUBMED:29674565
YLR305C	YFL005W	STT4	SEC4	Negative Genetic	genetic	PUBMED:29674565
YLR305C	YFR031C-A	STT4	RPL2A	Negative Genetic	genetic	PUBMED:29674565
YLR305C	YGL091C	STT4	NBP35	Positive Genetic	genetic	PUBMED:29674565
YLR305C	YGL142C	STT4	GPI10	Negative Genetic	genetic	PUBMED:29674565
YLR305C	YGL233W	STT4	SEC15	Negative Genetic	genetic	PUBMED:29674565
YLR305C	YGR113W	STT4	DAM1	Positive Genetic	genetic	PUBMED:29674565
YLR305C	YHL020C	STT4	OPI1	Positive Genetic	genetic	PUBMED:29674565
YLR305C	YHR030C	STT4	SLT2	Negative Genetic	genetic	PUBMED:29674565
YLR305C	YIL090W	STT4	ICE2	Negative Genetic	genetic	PUBMED:29674565
YLR305C	YJL085W	STT4	EXO70	Negative Genetic	genetic	PUBMED:29674565
YLR305C	YJL091C	STT4	GWT1	Negative Genetic	genetic	PUBMED:29674565
YLR305C	YJL128C	STT4	PBS2	Positive Genetic	genetic	PUBMED:29674565
YLR305C	YJR060W	STT4	CBF1	Negative Genetic	genetic	PUBMED:29674565
YLR305C	YKL212W	STT4	SAC1	Positive Genetic	genetic	PUBMED:29674565
YLR305C	YKR020W	STT4	VPS51	Negative Genetic	genetic	PUBMED:29674565
YLR305C	YML001W	STT4	YPT7	Positive Genetic	genetic	PUBMED:29674565
YLR305C	YML071C	STT4	COG8	Negative Genetic	genetic	PUBMED:29674565
YLR305C	YML102W	STT4	CAC2	Positive Genetic	genetic	PUBMED:29674565
YLR305C	YMR039C	STT4	SUB1	Positive Genetic	genetic	PUBMED:29674565
YLR305C	YMR197C	STT4	VTI1	Positive Genetic	genetic	PUBMED:29674565
YLR305C	YMR263W	STT4	SAP30	Positive Genetic	genetic	PUBMED:29674565
YLR305C	YMR296C	STT4	LCB1	Negative Genetic	genetic	PUBMED:29674565
YLR305C	YMR304W	STT4	UBP15	Negative Genetic	genetic	PUBMED:29674565
YLR305C	YMR307W	STT4	GAS1	Negative Genetic	genetic	PUBMED:29674565
YLR305C	YNL041C	STT4	COG6	Negative Genetic	genetic	PUBMED:29674565
YLR305C	YNL051W	STT4	COG5	Negative Genetic	genetic	PUBMED:29674565
YLR305C	YNL056W	STT4	OCA2	Negative Genetic	genetic	PUBMED:29674565
YLR305C	YNL064C	STT4	YDJ1	Positive Genetic	genetic	PUBMED:29674565
YLR305C	YNL141W	STT4	AAH1	Positive Genetic	genetic	PUBMED:29674565
YLR305C	YNR007C	STT4	ATG3	Negative Genetic	genetic	PUBMED:29674565
YLR305C	YNR041C	STT4	COQ2	Positive Genetic	genetic	PUBMED:29674565
YLR305C	YNR051C	STT4	BRE5	Negative Genetic	genetic	PUBMED:29674565
YLR305C	YOL003C	STT4	PFA4	Negative Genetic	genetic	PUBMED:29674565
YLR305C	YOL018C	STT4	TLG2	Negative Genetic	genetic	PUBMED:29674565
YLR305C	YOR026W	STT4	BUB3	Positive Genetic	genetic	PUBMED:29674565
YLR305C	YOR245C	STT4	DGA1	Negative Genetic	genetic	PUBMED:29674565
YLR305C	YPL152W	STT4	RRD2	Negative Genetic	genetic	PUBMED:29674565
YLR305C	YPL183W-A	STT4	RTC6	Negative Genetic	genetic	PUBMED:29674565
YLR305C	YPR031W	STT4	NTO1	Negative Genetic	genetic	PUBMED:29674565
YLR305C	YPR108W	STT4	RPN7	Positive Genetic	genetic	PUBMED:29674565
YLR305C	YPR141C	STT4	KAR3	Positive Genetic	genetic	PUBMED:29674565
YLR459W	YBR023C	GAB1	CHS3	Negative Genetic	genetic	PUBMED:29674565
YNL322C	YBR023C	KRE1	CHS3	Negative Genetic	genetic	PUBMED:29674565
YLR305C	YAL058W	STT4	CNE1	Negative Genetic	genetic	PUBMED:29674565
YLR305C	YBL050W	STT4	SEC17	Negative Genetic	genetic	PUBMED:29674565
YLR305C	YDR414C	STT4	ERD1	Negative Genetic	genetic	PUBMED:29674565
YLR305C	YER157W	STT4	COG3	Negative Genetic	genetic	PUBMED:29674565
YLR305C	YGL084C	STT4	GUP1	Negative Genetic	genetic	PUBMED:29674565
YLR305C	YGL203C	STT4	KEX1	Negative Genetic	genetic	PUBMED:29674565
YLR305C	YGR028W	STT4	MSP1	Negative Genetic	genetic	PUBMED:29674565
YLR305C	YGR217W	STT4	CCH1	Negative Genetic	genetic	PUBMED:29674565
YLR305C	YHR121W	STT4	LSM12	Negative Genetic	genetic	PUBMED:29674565
YLR305C	YJL139C	STT4	YUR1	Negative Genetic	genetic	PUBMED:29674565
YLR305C	YMR029C	STT4	FAR8	Negative Genetic	genetic	PUBMED:29674565
YLR305C	YMR238W	STT4	DFG5	Negative Genetic	genetic	PUBMED:29674565
YLR305C	YNL099C	STT4	OCA1	Negative Genetic	genetic	PUBMED:29674565
YLR305C	YNL138W	STT4	SRV2	Negative Genetic	genetic	PUBMED:29674565
YLR305C	YOR109W	STT4	INP53	Negative Genetic	genetic	PUBMED:29674565
YLR305C	YOR265W	STT4	RBL2	Negative Genetic	genetic	PUBMED:29674565
YMR296C	YBR023C	LCB1	CHS3	Negative Genetic	genetic	PUBMED:29674565
YOR027W	YBR023C	STI1	CHS3	Negative Genetic	genetic	PUBMED:29674565
YOR144C	YIL043C	ELG1	CBR1	Negative Genetic	genetic	PUBMED:29674565
YPL194W	YIL043C	DDC1	CBR1	Negative Genetic	genetic	PUBMED:29674565
YFL025C	YBR023C	BST1	CHS3	Negative Genetic	genetic	PUBMED:29674565
YOR085W	YBR023C	OST3	CHS3	Negative Genetic	genetic	PUBMED:29674565
YGR284C	YBR023C	ERV29	CHS3	Negative Genetic	genetic	PUBMED:29674565
YML012W	YBR023C	ERV25	CHS3	Negative Genetic	genetic	PUBMED:29674565
YDL121C	YGL008C	YDL121C	PMA1	Affinity Capture-MS	physical	PUBMED:28727280
YKL077W	YNL192W	YKL077W	CHS1	Affinity Capture-MS	physical	PUBMED:28727280
YLR113W	YDR023W	HOG1	SES1	Affinity Capture-MS	physical	PUBMED:29738528
YLR113W	YBL030C	HOG1	PET9	Affinity Capture-MS	physical	PUBMED:29738528
YLR113W	YMR108W	HOG1	ILV2	Affinity Capture-MS	physical	PUBMED:29738528
YLR113W	YAL038W	HOG1	CDC19	Affinity Capture-MS	physical	PUBMED:29738528
YAL038W	YML028W	CDC19	TSA1	Affinity Capture-Western	physical	PUBMED:27634403
YAL038W	YML028W	CDC19	TSA1	Reconstituted Complex	physical	PUBMED:27634403
YML028W	YAL038W	TSA1	CDC19	Reconstituted Complex	physical	PUBMED:27634403
YDL077C	YBL030C	VAM6	PET9	Affinity Capture-MS	physical	PUBMED:29870720
YKR039W	YEL063C	GAP1	CAN1	Phenotypic Enhancement	genetic	PUBMED:29570051
YOR254C	YBL030C	SEC63	PET9	Two-hybrid	physical	PUBMED:29659649
YMR300C	YJR069C	ADE4	HAM1	Phenotypic Suppression	genetic	PUBMED:29738539
YDR441C	YJR069C	APT2	HAM1	Phenotypic Suppression	genetic	PUBMED:29738539
YOR032C	YJR069C	HMS1	HAM1	Phenotypic Suppression	genetic	PUBMED:29738539
YML116W	YJR069C	ATR1	HAM1	Phenotypic Suppression	genetic	PUBMED:29738539
YJL055W	YJR069C	YJL055W	HAM1	Phenotypic Suppression	genetic	PUBMED:29738539
YJR069C	YBR252W	HAM1	DUT1	Phenotypic Suppression	genetic	PUBMED:29738539
YJR069C	YJL055W	HAM1	YJL055W	Phenotypic Suppression	genetic	PUBMED:29738539
YJR069C	YOR303W	HAM1	CPA1	Phenotypic Suppression	genetic	PUBMED:29738539
YJR069C	YJR109C	HAM1	CPA2	Phenotypic Suppression	genetic	PUBMED:29738539
YBR085W	YDL119C	AAC3	YDL119C	Phenotypic Suppression	genetic	PUBMED:28404662
YDL119C	YBR085W	YDL119C	AAC3	Phenotypic Enhancement	genetic	PUBMED:28404662
YDL119C	YBR085W	YDL119C	AAC3	Synthetic Growth Defect	genetic	PUBMED:28404662
YLR065C	YGR180C	ENV10	RNR4	Affinity Capture-MS	physical	PUBMED:27905431
YLR065C	YGL008C	ENV10	PMA1	Affinity Capture-MS	physical	PUBMED:27905431
YLR065C	YBL030C	ENV10	PET9	Affinity Capture-MS	physical	PUBMED:27905431
YLR065C	YML125C	ENV10	PGA3	Affinity Capture-MS	physical	PUBMED:27905431
YBR106W	YGR180C	PHO88	RNR4	Affinity Capture-MS	physical	PUBMED:27905431
YBR106W	YGL008C	PHO88	PMA1	Affinity Capture-MS	physical	PUBMED:27905431
YBR106W	YBL030C	PHO88	PET9	Affinity Capture-MS	physical	PUBMED:27905431
YBR106W	YML125C	PHO88	PGA3	Affinity Capture-MS	physical	PUBMED:27905431
YBR160W	YBR038W	CDC28	CHS2	Dosage Lethality	genetic	PUBMED:28428242
YBR160W	YDR376W	CDC28	ARH1	Dosage Lethality	genetic	PUBMED:28428242
YBR160W	YGL008C	CDC28	PMA1	Dosage Lethality	genetic	PUBMED:28428242
YBR160W	YGR191W	CDC28	HIP1	Dosage Lethality	genetic	PUBMED:28428242
YBR160W	YMR101C	CDC28	SRT1	Dosage Lethality	genetic	PUBMED:28428242
YOR230W	YJL026W	WTM1	RNR2	Affinity Capture-Western	physical	PUBMED:29263158
YJL026W	YOR230W	RNR2	WTM1	Affinity Capture-Western	physical	PUBMED:29263158
YBR136W	YJL026W	MEC1	RNR2	Phenotypic Enhancement	genetic	PUBMED:29263158
YML058W	YJL026W	SML1	RNR2	Phenotypic Enhancement	genetic	PUBMED:29263158
YGL014W	YBR252W	PUF4	DUT1	Affinity Capture-RNA	physical	PUBMED:28768715
YGL014W	YDR353W	PUF4	TRR1	Affinity Capture-RNA	physical	PUBMED:28768715
YGL014W	YJR069C	PUF4	HAM1	Affinity Capture-RNA	physical	PUBMED:28768715
YGL014W	YLR305C	PUF4	STT4	Affinity Capture-RNA	physical	PUBMED:28768715
YGL014W	YER070W	PUF4	RNR1	Affinity Capture-RNA	physical	PUBMED:28768715
YGL014W	YHR011W	PUF4	DIA4	Affinity Capture-RNA	physical	PUBMED:28768715
YGL014W	YGR191W	PUF4	HIP1	Affinity Capture-RNA	physical	PUBMED:28768715
YGL178W	YER070W	MPT5	RNR1	Affinity Capture-RNA	physical	PUBMED:28768715
YGL178W	YBR252W	MPT5	DUT1	Affinity Capture-RNA	physical	PUBMED:28768715
YGL178W	YHR011W	MPT5	DIA4	Affinity Capture-RNA	physical	PUBMED:28768715
YGL178W	YDR353W	MPT5	TRR1	Affinity Capture-RNA	physical	PUBMED:28768715
YGL178W	YGR191W	MPT5	HIP1	Affinity Capture-RNA	physical	PUBMED:28768715
YGL178W	YLR305C	MPT5	STT4	Affinity Capture-RNA	physical	PUBMED:28768715
YGL178W	YIL043C	MPT5	CBR1	Affinity Capture-RNA	physical	PUBMED:28768715
YGL178W	YKL141W	MPT5	SDH3	Affinity Capture-RNA	physical	PUBMED:28768715
YLL013C	YHR011W	PUF3	DIA4	Affinity Capture-RNA	physical	PUBMED:28768715
YLL013C	YBL030C	PUF3	PET9	Affinity Capture-RNA	physical	PUBMED:28768715
YLL013C	YDR376W	PUF3	ARH1	Affinity Capture-RNA	physical	PUBMED:28768715
YLL013C	YBR252W	PUF3	DUT1	Affinity Capture-RNA	physical	PUBMED:28768715
YBR127C	YGL008C	VMA2	PMA1	Synthetic Lethality	genetic	PUBMED:29254995
YOR001W	YJR069C	RRP6	HAM1	Affinity Capture-MS	physical	PUBMED:28539363
YOR001W	YGR180C	RRP6	RNR4	Affinity Capture-MS	physical	PUBMED:28539363
YOR001W	YDR023W	RRP6	SES1	Affinity Capture-MS	physical	PUBMED:28539363
YOR001W	YDR353W	RRP6	TRR1	Affinity Capture-MS	physical	PUBMED:28539363
YOR001W	YKL035W	RRP6	UGP1	Affinity Capture-MS	physical	PUBMED:28539363
YBR023C	YKR027W	CHS3	BCH2	Dosage Rescue	genetic	PUBMED:29437703
YIL073C	YDR302W	SPO22	GPI11	Affinity Capture-MS	physical	PUBMED:29440262
YHR153C	YJL026W	SPO16	RNR2	Affinity Capture-MS	physical	PUBMED:29440262
YER141W	YER141W	COX15	COX15	Affinity Capture-Western	physical	PUBMED:30181213
YER141W	YGL191W	COX15	COX13	Affinity Capture-Western	physical	PUBMED:30181213
YER141W	YBL045C	COX15	COR1	Affinity Capture-Western	physical	PUBMED:30181213
YER141W	YNL052W	COX15	COX5A	Affinity Capture-Western	physical	PUBMED:30181213
YAL038W	YAL038W	CDC19	CDC19	Reconstituted Complex	physical	PUBMED:29853641
YGL008C	YGR165W	PMA1	MRPS35	Negative Genetic	genetic	PUBMED:27519690
YGL008C	YOL023W	PMA1	IFM1	Negative Genetic	genetic	PUBMED:27519690
YGL008C	YOL025W	PMA1	LAG2	Negative Genetic	genetic	PUBMED:27519690
YGL008C	YML088W	PMA1	UFO1	Negative Genetic	genetic	PUBMED:27519690
YGL008C	YML087C	PMA1	AIM33	Negative Genetic	genetic	PUBMED:27519690
YGL008C	YHR200W	PMA1	RPN10	Negative Genetic	genetic	PUBMED:27519690
YGL008C	YAL039C	PMA1	CYC3	Negative Genetic	genetic	PUBMED:27519690
YGL008C	YGR169C	PMA1	PUS6	Negative Genetic	genetic	PUBMED:27519690
YGL008C	YBR181C	PMA1	RPS6B	Negative Genetic	genetic	PUBMED:27519690
YGL008C	YPL195W	PMA1	APL5	Negative Genetic	genetic	PUBMED:27519690
YGL008C	YML083C	PMA1	YML083C	Negative Genetic	genetic	PUBMED:27519690
YGL008C	YML082W	PMA1	YML082W	Negative Genetic	genetic	PUBMED:27519690
YGL008C	YML081W	PMA1	TDA9	Negative Genetic	genetic	PUBMED:27519690
YGL008C	YML080W	PMA1	DUS1	Negative Genetic	genetic	PUBMED:27519690
YGL008C	YML063W	PMA1	RPS1B	Negative Genetic	genetic	PUBMED:27519690
YGL008C	YML061C	PMA1	PIF1	Negative Genetic	genetic	PUBMED:27519690
YGL008C	YDR395W	PMA1	SXM1	Negative Genetic	genetic	PUBMED:27519690
YGL008C	YHR057C	PMA1	CPR2	Negative Genetic	genetic	PUBMED:27519690
YGL008C	YOR010C	PMA1	TIR2	Negative Genetic	genetic	PUBMED:27519690
YGL008C	YOR014W	PMA1	RTS1	Negative Genetic	genetic	PUBMED:27519690
YGL008C	YER039C	PMA1	HVG1	Negative Genetic	genetic	PUBMED:27519690
YGL008C	YBR195C	PMA1	MSI1	Negative Genetic	genetic	PUBMED:27519690
YGL008C	YAL013W	PMA1	DEP1	Negative Genetic	genetic	PUBMED:27519690
YGL008C	YAL009W	PMA1	SPO7	Negative Genetic	genetic	PUBMED:27519690
YGL008C	YPL172C	PMA1	COX10	Negative Genetic	genetic	PUBMED:27519690
YGL008C	YER058W	PMA1	PET117	Negative Genetic	genetic	PUBMED:27519690
YGL008C	YPL170W	PMA1	DAP1	Negative Genetic	genetic	PUBMED:27519690
YGL008C	YOL060C	PMA1	MAM3	Negative Genetic	genetic	PUBMED:27519690
YGL008C	YMR179W	PMA1	SPT21	Negative Genetic	genetic	PUBMED:27519690
YGL008C	YMR183C	PMA1	SSO2	Negative Genetic	genetic	PUBMED:27519690
YGL008C	YDR116C	PMA1	MRPL1	Negative Genetic	genetic	PUBMED:27519690
YGL008C	YCL045C	PMA1	EMC1	Negative Genetic	genetic	PUBMED:27519690
YGL008C	YOR038C	PMA1	HIR2	Negative Genetic	genetic	PUBMED:27519690
YGL008C	YOR043W	PMA1	WHI2	Negative Genetic	genetic	PUBMED:27519690
YGL008C	YER062C	PMA1	GPP2	Negative Genetic	genetic	PUBMED:27519690
YGL008C	YHL044W	PMA1	YHL044W	Negative Genetic	genetic	PUBMED:27519690
YGL008C	YHL043W	PMA1	ECM34	Negative Genetic	genetic	PUBMED:27519690
YGL008C	YHL038C	PMA1	CBP2	Negative Genetic	genetic	PUBMED:27519690
YGL008C	YML017W	PMA1	PSP2	Negative Genetic	genetic	PUBMED:27519690
YGL008C	YOL081W	PMA1	IRA2	Negative Genetic	genetic	PUBMED:27519690
YGL008C	YOR350C	PMA1	MNE1	Negative Genetic	genetic	PUBMED:27519690
YGL008C	YHR117W	PMA1	TOM71	Negative Genetic	genetic	PUBMED:27519690
YGL008C	YCR003W	PMA1	MRPL32	Negative Genetic	genetic	PUBMED:27519690
YGL008C	YAR029W	PMA1	YAR029W	Negative Genetic	genetic	PUBMED:27519690
YGL008C	YER075C	PMA1	PTP3	Negative Genetic	genetic	PUBMED:27519690
YGL008C	YBR246W	PMA1	RRT2	Negative Genetic	genetic	PUBMED:27519690
YGL008C	YML006C	PMA1	GIS4	Negative Genetic	genetic	PUBMED:27519690
YGL008C	YPL265W	PMA1	DIP5	Negative Genetic	genetic	PUBMED:27519690
YGL008C	YPL262W	PMA1	FUM1	Negative Genetic	genetic	PUBMED:27519690
YGL008C	YOR375C	PMA1	GDH1	Negative Genetic	genetic	PUBMED:27519690
YGL008C	YGR129W	PMA1	SYF2	Negative Genetic	genetic	PUBMED:27519690
YGL008C	YOR202W	PMA1	HIS3	Negative Genetic	genetic	PUBMED:27519690
YGL008C	YLL029W	PMA1	FRA1	Negative Genetic	genetic	PUBMED:27519690
YGL008C	YDR051C	PMA1	DET1	Negative Genetic	genetic	PUBMED:27519690
YGL008C	YPL105C	PMA1	SYH1	Negative Genetic	genetic	PUBMED:27519690
YGL008C	YGR150C	PMA1	CCM1	Negative Genetic	genetic	PUBMED:27519690
YGL008C	YHR030C	PMA1	SLT2	Negative Genetic	genetic	PUBMED:27519690
YGL008C	YMR023C	PMA1	MSS1	Negative Genetic	genetic	PUBMED:27519690
YGL008C	YDR368W	PMA1	YPR1	Negative Genetic	genetic	PUBMED:27519690
YGL008C	YEL057C	PMA1	YEL057C	Negative Genetic	genetic	PUBMED:27519690
YGL008C	YHR183W	PMA1	GND1	Negative Genetic	genetic	PUBMED:27519690
YGL008C	YDR378C	PMA1	LSM6	Negative Genetic	genetic	PUBMED:27519690
YGL008C	YHR189W	PMA1	PTH1	Negative Genetic	genetic	PUBMED:27519690
YGL008C	YJL209W	PMA1	CBP1	Negative Genetic	genetic	PUBMED:27519690
YGL008C	YKL190W	PMA1	CNB1	Negative Genetic	genetic	PUBMED:27519690
YGL008C	YGR027C	PMA1	RPS25A	Negative Genetic	genetic	PUBMED:27519690
YGL008C	YOR144C	PMA1	ELG1	Negative Genetic	genetic	PUBMED:27519690
YGL008C	YGR031W	PMA1	IMO32	Negative Genetic	genetic	PUBMED:27519690
YGL008C	YGL213C	PMA1	SKI8	Negative Genetic	genetic	PUBMED:27519690
YGL008C	YGL032C	PMA1	AGA2	Negative Genetic	genetic	PUBMED:27519690
YGL008C	YGL033W	PMA1	HOP2	Negative Genetic	genetic	PUBMED:27519690
YGL008C	YKL077W	PMA1	YKL077W	Negative Genetic	genetic	PUBMED:27519690
YGL008C	YLR182W	PMA1	SWI6	Negative Genetic	genetic	PUBMED:27519690
YGL008C	YNL162W	PMA1	RPL42A	Negative Genetic	genetic	PUBMED:27519690
YGL008C	YPL047W	PMA1	SGF11	Negative Genetic	genetic	PUBMED:27519690
YGL008C	YPL042C	PMA1	SSN3	Negative Genetic	genetic	PUBMED:27519690
YGL008C	YGR042W	PMA1	YGR042W	Negative Genetic	genetic	PUBMED:27519690
YGL008C	YOR167C	PMA1	RPS28A	Negative Genetic	genetic	PUBMED:27519690
YGL008C	YGR055W	PMA1	MUP1	Negative Genetic	genetic	PUBMED:27519690
YGL008C	YBL021C	PMA1	HAP3	Negative Genetic	genetic	PUBMED:27519690
YGL008C	YGL054C	PMA1	ERV14	Negative Genetic	genetic	PUBMED:27519690
YGL008C	YIR021W	PMA1	MRS1	Negative Genetic	genetic	PUBMED:27519690
YGL008C	YLR398C	PMA1	SKI2	Negative Genetic	genetic	PUBMED:27519690
YGL008C	YKL208W	PMA1	CBT1	Negative Genetic	genetic	PUBMED:27519690
YGL008C	YGR056W	PMA1	RSC1	Negative Genetic	genetic	PUBMED:27519690
YGL008C	YDR156W	PMA1	RPA14	Negative Genetic	genetic	PUBMED:27519690
YGL008C	YOR191W	PMA1	ULS1	Negative Genetic	genetic	PUBMED:27519690
YGL008C	YGL064C	PMA1	MRH4	Negative Genetic	genetic	PUBMED:27519690
YGL008C	YGL066W	PMA1	SGF73	Negative Genetic	genetic	PUBMED:27519690
YGL008C	YBL045C	PMA1	COR1	Negative Genetic	genetic	PUBMED:27519690
YGL008C	YGL078C	PMA1	DBP3	Negative Genetic	genetic	PUBMED:27519690
YGL008C	YLR203C	PMA1	MSS51	Negative Genetic	genetic	PUBMED:27519690
YGL008C	YLR204W	PMA1	QRI5	Negative Genetic	genetic	PUBMED:27519690
YGL008C	YJL166W	PMA1	QCR8	Negative Genetic	genetic	PUBMED:27519690
YGL008C	YJL165C	PMA1	HAL5	Negative Genetic	genetic	PUBMED:27519690
YGL008C	YDR315C	PMA1	IPK1	Negative Genetic	genetic	PUBMED:27519690
YGL008C	YPL005W	PMA1	AEP3	Negative Genetic	genetic	PUBMED:27519690
YGL008C	YDR320C	PMA1	SWA2	Negative Genetic	genetic	PUBMED:27519690
YGL008C	YGR079W	PMA1	YGR079W	Negative Genetic	genetic	PUBMED:27519690
YGL008C	YDR173C	PMA1	ARG82	Negative Genetic	genetic	PUBMED:27519690
YGL008C	YGL253W	PMA1	HXK2	Negative Genetic	genetic	PUBMED:27519690
YGL008C	YOR201C	PMA1	MRM1	Negative Genetic	genetic	PUBMED:27519690
YGL008C	YGL094C	PMA1	PAN2	Negative Genetic	genetic	PUBMED:27519690
YGL008C	YKL134C	PMA1	OCT1	Negative Genetic	genetic	PUBMED:27519690
YGL008C	YDR322W	PMA1	MRPL35	Negative Genetic	genetic	PUBMED:27519690
YGL008C	YDR323C	PMA1	PEP7	Negative Genetic	genetic	PUBMED:27519690
YGL008C	YGR101W	PMA1	PCP1	Negative Genetic	genetic	PUBMED:27519690
YGL008C	YGR102C	PMA1	GTF1	Negative Genetic	genetic	PUBMED:27519690
YGL008C	YDR194C	PMA1	MSS116	Negative Genetic	genetic	PUBMED:27519690
YGL008C	YGR004W	PMA1	PEX31	Negative Genetic	genetic	PUBMED:27519690
YGL008C	YDR197W	PMA1	CBS2	Negative Genetic	genetic	PUBMED:27519690
YGL008C	YGR007W	PMA1	ECT1	Negative Genetic	genetic	PUBMED:27519690
YGL008C	YNL229C	PMA1	URE2	Negative Genetic	genetic	PUBMED:27519690
YGL008C	YKL016C	PMA1	ATP7	Negative Genetic	genetic	PUBMED:27519690
YGL008C	YKL025C	PMA1	PAN3	Negative Genetic	genetic	PUBMED:27519690
YGL008C	YIL005W	PMA1	EPS1	Negative Genetic	genetic	PUBMED:27519690
YGL008C	YGR118W	PMA1	RPS23A	Negative Genetic	genetic	PUBMED:27519690
YGL008C	YGR010W	PMA1	NMA2	Negative Genetic	genetic	PUBMED:27519690
YGL008C	YGR012W	PMA1	YGR012W	Negative Genetic	genetic	PUBMED:27519690
YGL008C	YDR204W	PMA1	COQ4	Negative Genetic	genetic	PUBMED:27519690
YGL008C	YGR014W	PMA1	MSB2	Negative Genetic	genetic	PUBMED:27519690
YGL008C	YGR016W	PMA1	YGR016W	Negative Genetic	genetic	PUBMED:27519690
YGL008C	YGR017W	PMA1	YGR017W	Negative Genetic	genetic	PUBMED:27519690
YGL008C	YGR021W	PMA1	YGR021W	Negative Genetic	genetic	PUBMED:27519690
YGL008C	YBL080C	PMA1	PET112	Negative Genetic	genetic	PUBMED:27519690
YGL008C	YBL087C	PMA1	RPL23A	Negative Genetic	genetic	PUBMED:27519690
YGL008C	YNL213C	PMA1	RRG9	Negative Genetic	genetic	PUBMED:27519690
YGL008C	YLR268W	PMA1	SEC22	Negative Genetic	genetic	PUBMED:27519690
YGL008C	YKL167C	PMA1	MRP49	Negative Genetic	genetic	PUBMED:27519690
YGL008C	YPR134W	PMA1	MSS18	Negative Genetic	genetic	PUBMED:27519690
YGL008C	YDR218C	PMA1	SPR28	Negative Genetic	genetic	PUBMED:27519690
YGL008C	YDR225W	PMA1	HTA1	Negative Genetic	genetic	PUBMED:27519690
YGL008C	YOR125C	PMA1	CAT5	Negative Genetic	genetic	PUBMED:27519690
YGL008C	YPL158C	PMA1	AIM44	Negative Genetic	genetic	PUBMED:27519690
YGL008C	YGL002W	PMA1	ERP6	Negative Genetic	genetic	PUBMED:27519690
YGL008C	YNL206C	PMA1	RTT106	Negative Genetic	genetic	PUBMED:27519690
YGL008C	YGL004C	PMA1	RPN14	Negative Genetic	genetic	PUBMED:27519690
YGL008C	YMR089C	PMA1	YTA12	Negative Genetic	genetic	PUBMED:27519690
YGL008C	YGL006W	PMA1	PMC1	Negative Genetic	genetic	PUBMED:27519690
YGL008C	YGL010W	PMA1	MPO1	Negative Genetic	genetic	PUBMED:27519690
YGL008C	YGL013C	PMA1	PDR1	Negative Genetic	genetic	PUBMED:27519690
YGL008C	YGL014W	PMA1	PUF4	Negative Genetic	genetic	PUBMED:27519690
YGL008C	YLR342W	PMA1	FKS1	Negative Genetic	genetic	PUBMED:27519690
YGL008C	YDR237W	PMA1	MRPL7	Negative Genetic	genetic	PUBMED:27519690
YGL008C	YPL069C	PMA1	BTS1	Negative Genetic	genetic	PUBMED:27519690
YGL008C	YGL016W	PMA1	KAP122	Negative Genetic	genetic	PUBMED:27519690
YGL008C	YGR261C	PMA1	APL6	Negative Genetic	genetic	PUBMED:27519690
YGL008C	YGR268C	PMA1	HUA1	Negative Genetic	genetic	PUBMED:27519690
YGL008C	YNL183C	PMA1	NPR1	Negative Genetic	genetic	PUBMED:27519690
YGL008C	YJR118C	PMA1	ILM1	Negative Genetic	genetic	PUBMED:27519690
YGL008C	YCR046C	PMA1	IMG1	Negative Genetic	genetic	PUBMED:27519690
YGL008C	YPL078C	PMA1	ATP4	Negative Genetic	genetic	PUBMED:27519690
YGL008C	YJR048W	PMA1	CYC1	Negative Genetic	genetic	PUBMED:27519690
YGL008C	YJR049C	PMA1	UTR1	Negative Genetic	genetic	PUBMED:27519690
YGL008C	YBR126C	PMA1	TPS1	Negative Genetic	genetic	PUBMED:27519690
YGL008C	YOL112W	PMA1	MSB4	Negative Genetic	genetic	PUBMED:27519690
YGL008C	YLR441C	PMA1	RPS1A	Negative Genetic	genetic	PUBMED:27519690
YGL008C	YLR448W	PMA1	RPL6B	Negative Genetic	genetic	PUBMED:27519690
YGL008C	YNL016W	PMA1	PUB1	Negative Genetic	genetic	PUBMED:27519690
YGL008C	YNL022C	PMA1	RCM1	Negative Genetic	genetic	PUBMED:27519690
YGL008C	YPR057W	PMA1	BRR1	Negative Genetic	genetic	PUBMED:27519690
YGL008C	YDR450W	PMA1	RPS18A	Negative Genetic	genetic	PUBMED:27519690
YGL008C	YMR136W	PMA1	GAT2	Negative Genetic	genetic	PUBMED:27519690
YGL008C	YMR060C	PMA1	SAM37	Negative Genetic	genetic	PUBMED:27519690
YGL008C	YBR047W	PMA1	FMP23	Negative Genetic	genetic	PUBMED:27519690
YGL008C	YBR048W	PMA1	RPS11B	Negative Genetic	genetic	PUBMED:27519690
YGL008C	YJL128C	PMA1	PBS2	Negative Genetic	genetic	PUBMED:27519690
YGL008C	YDL100C	PMA1	GET3	Negative Genetic	genetic	PUBMED:27519690
YGL008C	YHR008C	PMA1	SOD2	Negative Genetic	genetic	PUBMED:27519690
YGL008C	YIL148W	PMA1	RPL40A	Negative Genetic	genetic	PUBMED:27519690
YGL008C	YML106W	PMA1	URA5	Negative Genetic	genetic	PUBMED:27519690
YGL008C	YBR057C	PMA1	MUM2	Negative Genetic	genetic	PUBMED:27519690
YGL008C	YNR002C	PMA1	ATO2	Negative Genetic	genetic	PUBMED:27519690
YGL008C	YKR095W	PMA1	MLP1	Negative Genetic	genetic	PUBMED:27519690
YGL008C	YBR061C	PMA1	TRM7	Negative Genetic	genetic	PUBMED:27519690
YGL008C	YML036W	PMA1	CGI121	Negative Genetic	genetic	PUBMED:27519690
YGL008C	YHR194W	PMA1	MDM31	Negative Genetic	genetic	PUBMED:27519690
YGL008C	YDR486C	PMA1	VPS60	Negative Genetic	genetic	PUBMED:27519690
YGL008C	YMR137C	PMA1	PSO2	Negative Genetic	genetic	PUBMED:27519690
YGL008C	YBR077C	PMA1	SLM4	Negative Genetic	genetic	PUBMED:27519690
YGL008C	YPR007C	PMA1	REC8	Negative Genetic	genetic	PUBMED:27519690
YGL008C	YDL135C	PMA1	RDI1	Negative Genetic	genetic	PUBMED:27519690
YGL008C	YCR051W	PMA1	YCR051W	Negative Genetic	genetic	PUBMED:27519690
YGL008C	YDL138W	PMA1	RGT2	Negative Genetic	genetic	PUBMED:27519690
YGL008C	YJR088C	PMA1	EMC2	Negative Genetic	genetic	PUBMED:27519690
YGL008C	YDR496C	PMA1	PUF6	Negative Genetic	genetic	PUBMED:27519690
YGL008C	YDL033C	PMA1	SLM3	Negative Genetic	genetic	PUBMED:27519690
YGL008C	YPL183C	PMA1	RTT10	Negative Genetic	genetic	PUBMED:27519690
YGL008C	YNR031C	PMA1	SSK2	Negative Genetic	genetic	PUBMED:27519690
YGL008C	YPL183W-A	PMA1	RTC6	Negative Genetic	genetic	PUBMED:27519690
YGL008C	YIL030C	PMA1	SSM4	Negative Genetic	genetic	PUBMED:27519690
YGL008C	YIR023W	PMA1	DAL81	Negative Genetic	genetic	PUBMED:27519690
YGL008C	YNR045W	PMA1	PET494	Negative Genetic	genetic	PUBMED:27519690
YGL008C	YBR082C	PMA1	UBC4	Negative Genetic	genetic	PUBMED:27519690
YGL008C	YCR079W	PMA1	PTC6	Negative Genetic	genetic	PUBMED:27519690
YGL008C	YJL098W	PMA1	SAP185	Negative Genetic	genetic	PUBMED:27519690
YGL008C	YJL095W	PMA1	BCK1	Negative Genetic	genetic	PUBMED:27519690
YGL008C	YDR512C	PMA1	EMI1	Negative Genetic	genetic	PUBMED:27519690
YGL008C	YLR038C	PMA1	COX12	Negative Genetic	genetic	PUBMED:27519690
YGL008C	YDR001C	PMA1	NTH1	Negative Genetic	genetic	PUBMED:27519690
YGL008C	YDR005C	PMA1	MAF1	Negative Genetic	genetic	PUBMED:27519690
YGL008C	YBR095C	PMA1	RXT2	Negative Genetic	genetic	PUBMED:27519690
YGL008C	YDL173W	PMA1	PAR32	Negative Genetic	genetic	PUBMED:27519690
YGL008C	YJL024C	PMA1	APS3	Negative Genetic	genetic	PUBMED:27519690
YGL008C	YDR529C	PMA1	QCR7	Negative Genetic	genetic	PUBMED:27519690
YGL008C	YAR002C-A	PMA1	ERP1	Negative Genetic	genetic	PUBMED:27519690
YGL008C	YNL091W	PMA1	NST1	Negative Genetic	genetic	PUBMED:27519690
YGL008C	YGL104C	PMA1	VPS73	Negative Genetic	genetic	PUBMED:27519690
YGL008C	YGL107C	PMA1	RMD9	Negative Genetic	genetic	PUBMED:27519690
YGL008C	YMR158W	PMA1	MRPS8	Negative Genetic	genetic	PUBMED:27519690
YGL008C	YJR094W-A	PMA1	RPL43B	Negative Genetic	genetic	PUBMED:27519690
YGL008C	YPR018W	PMA1	RLF2	Negative Genetic	genetic	PUBMED:27519690
YGL008C	YJR097W	PMA1	JJJ3	Negative Genetic	genetic	PUBMED:27519690
YGL008C	YBR106W	PMA1	PHO88	Negative Genetic	genetic	PUBMED:27519690
YGL008C	YBR108W	PMA1	AIM3	Negative Genetic	genetic	PUBMED:27519690
YGL008C	YIL103W	PMA1	DPH1	Negative Genetic	genetic	PUBMED:27519690
YGL008C	YBR009C	PMA1	HHF1	Negative Genetic	genetic	PUBMED:27519690
YGL008C	YBR010W	PMA1	HHT1	Negative Genetic	genetic	PUBMED:27519690
YGL008C	YOR270C	PMA1	VPH1	Negative Genetic	genetic	PUBMED:27519690
YGL008C	YJL065C	PMA1	DLS1	Negative Genetic	genetic	PUBMED:27519690
YGL008C	YLL018C-A	PMA1	COX19	Negative Genetic	genetic	PUBMED:27519690
YGL008C	YBR168W	PMA1	PEX32	Negative Genetic	genetic	PUBMED:27519690
YGL008C	YBR288C	PMA1	APM3	Negative Genetic	genetic	PUBMED:27519690
YGL008C	YGL126W	PMA1	SCS3	Negative Genetic	genetic	PUBMED:27519690
YGL008C	YGL143C	PMA1	MRF1	Negative Genetic	genetic	PUBMED:27519690
YGL008C	YGR257C	PMA1	MTM1	Negative Genetic	genetic	PUBMED:27519690
YGL008C	YPL031C	PMA1	PHO85	Negative Genetic	genetic	PUBMED:27519690
YGL008C	YGR222W	PMA1	PET54	Negative Genetic	genetic	PUBMED:27519690
YGL008C	YGR229C	PMA1	SMI1	Negative Genetic	genetic	PUBMED:27519690
YGL008C	YKL155C	PMA1	RSM22	Negative Genetic	genetic	PUBMED:27519690
YGL008C	YDL067C	PMA1	COX9	Negative Genetic	genetic	PUBMED:27519690
YGL008C	YDL121C	PMA1	YDL121C	Negative Genetic	genetic	PUBMED:27519690
YGL008C	YIL111W	PMA1	COX5B	Negative Genetic	genetic	PUBMED:27519690
YGL008C	YKR085C	PMA1	MRPL20	Negative Genetic	genetic	PUBMED:27519690
YGL008C	YKR006C	PMA1	MRPL13	Negative Genetic	genetic	PUBMED:27519690
YGL008C	YDR268W	PMA1	MSW1	Negative Genetic	genetic	PUBMED:27519690
YGL008C	YDR283C	PMA1	GCN2	Negative Genetic	genetic	PUBMED:27519690
YGL008C	YDR245W	PMA1	MNN10	Negative Genetic	genetic	PUBMED:27519690
YGL008C	YDR477W	PMA1	SNF1	Negative Genetic	genetic	PUBMED:27519690
YGL008C	YNL315C	PMA1	ATP11	Negative Genetic	genetic	PUBMED:27519690
YGL008C	YMR066W	PMA1	SOV1	Negative Genetic	genetic	PUBMED:27519690
YGL008C	YJR005W	PMA1	APL1	Negative Genetic	genetic	PUBMED:27519690
YGL008C	YBR173C	PMA1	UMP1	Negative Genetic	genetic	PUBMED:27519690
YGL008C	YMR097C	PMA1	MTG1	Negative Genetic	genetic	PUBMED:27519690
YGL008C	YML073C	PMA1	RPL6A	Negative Genetic	genetic	PUBMED:27519690
YGL008C	YLR286C	PMA1	CTS1	Negative Genetic	genetic	PUBMED:27519690
YGL008C	YCR044C	PMA1	PER1	Negative Genetic	genetic	PUBMED:27519690
YGL008C	YKL194C	PMA1	MST1	Negative Genetic	genetic	PUBMED:27519690
YGL008C	YJR047C	PMA1	ANB1	Negative Genetic	genetic	PUBMED:27519690
YGL008C	YFL001W	PMA1	DEG1	Negative Genetic	genetic	PUBMED:27519690
YGL008C	YFL003C	PMA1	MSH4	Negative Genetic	genetic	PUBMED:27519690
YGL008C	YFL013C	PMA1	IES1	Negative Genetic	genetic	PUBMED:27519690
YGL008C	YER153C	PMA1	PET122	Negative Genetic	genetic	PUBMED:27519690
YGL008C	YER154W	PMA1	OXA1	Negative Genetic	genetic	PUBMED:27519690
YGL008C	YER161C	PMA1	SPT2	Negative Genetic	genetic	PUBMED:27519690
YGL008C	YCL061C	PMA1	MRC1	Negative Genetic	genetic	PUBMED:27519690
YGL008C	YCL047C	PMA1	POF1	Negative Genetic	genetic	PUBMED:27519690
YGL008C	YCR009C	PMA1	RVS161	Negative Genetic	genetic	PUBMED:27519690
YGL008C	YCR033W	PMA1	SNT1	Negative Genetic	genetic	PUBMED:27519690
YGL008C	YFL018C	PMA1	LPD1	Negative Genetic	genetic	PUBMED:27519690
YGL008C	YLR015W	PMA1	BRE2	Negative Genetic	genetic	PUBMED:27519690
YGL008C	YLR091W	PMA1	GEP5	Negative Genetic	genetic	PUBMED:27519690
YGL008C	YLR192C	PMA1	HCR1	Negative Genetic	genetic	PUBMED:27519690
YGL008C	YLR373C	PMA1	VID22	Negative Genetic	genetic	PUBMED:27519690
YGL008C	YLR388W	PMA1	RPS29A	Negative Genetic	genetic	PUBMED:27519690
YGL008C	YLR436C	PMA1	ECM30	Negative Genetic	genetic	PUBMED:27519690
YGL008C	YLR452C	PMA1	SST2	Negative Genetic	genetic	PUBMED:27519690
YGL008C	YAL026C	PMA1	DRS2	Negative Genetic	genetic	PUBMED:27519690
YGL008C	YAR018C	PMA1	KIN3	Negative Genetic	genetic	PUBMED:27519690
YGL008C	YDL167C	PMA1	NRP1	Negative Genetic	genetic	PUBMED:27519690
YGL008C	YDL136W	PMA1	RPL35B	Negative Genetic	genetic	PUBMED:27519690
YGL008C	YDL078C	PMA1	MDH3	Negative Genetic	genetic	PUBMED:27519690
YGL008C	YDL051W	PMA1	LHP1	Negative Genetic	genetic	PUBMED:27519690
YGL008C	YDL025C	PMA1	RTK1	Negative Genetic	genetic	PUBMED:27519690
YGL008C	YDR071C	PMA1	PAA1	Negative Genetic	genetic	PUBMED:27519690
YGL008C	YDR080W	PMA1	VPS41	Negative Genetic	genetic	PUBMED:27519690
YGL008C	YDR162C	PMA1	NBP2	Negative Genetic	genetic	PUBMED:27519690
YGL008C	YDR184C	PMA1	ATC1	Negative Genetic	genetic	PUBMED:27519690
YGL008C	YDR335W	PMA1	MSN5	Negative Genetic	genetic	PUBMED:27519690
YGL008C	YDR388W	PMA1	RVS167	Negative Genetic	genetic	PUBMED:27519690
YGL008C	YDR447C	PMA1	RPS17B	Negative Genetic	genetic	PUBMED:27519690
YGL008C	YDR456W	PMA1	NHX1	Negative Genetic	genetic	PUBMED:27519690
YGL008C	YDR463W	PMA1	STP1	Negative Genetic	genetic	PUBMED:27519690
YGL008C	YDR469W	PMA1	SDC1	Negative Genetic	genetic	PUBMED:27519690
YGL008C	YBL051C	PMA1	PIN4	Negative Genetic	genetic	PUBMED:27519690
YGL008C	YBR020W	PMA1	GAL1	Negative Genetic	genetic	PUBMED:27519690
YGL008C	YBR026C	PMA1	ETR1	Negative Genetic	genetic	PUBMED:27519690
YGL008C	YBR035C	PMA1	PDX3	Negative Genetic	genetic	PUBMED:27519690
YGL008C	YBR054W	PMA1	YRO2	Negative Genetic	genetic	PUBMED:27519690
YGL008C	YBR058C	PMA1	UBP14	Negative Genetic	genetic	PUBMED:27519690
YGL008C	YBR093C	PMA1	PHO5	Negative Genetic	genetic	PUBMED:27519690
YGL008C	YBR161W	PMA1	CSH1	Negative Genetic	genetic	PUBMED:27519690
YGL008C	YGL244W	PMA1	RTF1	Negative Genetic	genetic	PUBMED:27519690
YGL008C	YGL236C	PMA1	MTO1	Negative Genetic	genetic	PUBMED:27519690
YGL008C	YGL180W	PMA1	ATG1	Negative Genetic	genetic	PUBMED:27519690
YGL008C	YGL133W	PMA1	ITC1	Negative Genetic	genetic	PUBMED:27519690
YGL008C	YGL129C	PMA1	RSM23	Negative Genetic	genetic	PUBMED:27519690
YGL008C	YGL076C	PMA1	RPL7A	Negative Genetic	genetic	PUBMED:27519690
YGL008C	YGL020C	PMA1	GET1	Negative Genetic	genetic	PUBMED:27519690
YGL008C	YGL005C	PMA1	COG7	Negative Genetic	genetic	PUBMED:27519690
YGL008C	YGR001C	PMA1	AML1	Negative Genetic	genetic	PUBMED:27519690
YGL008C	YGR023W	PMA1	MTL1	Negative Genetic	genetic	PUBMED:27519690
YGL008C	YGR038W	PMA1	ORM1	Negative Genetic	genetic	PUBMED:27519690
YGL008C	YGR058W	PMA1	PEF1	Negative Genetic	genetic	PUBMED:27519690
YGL008C	YGR174C	PMA1	CBP4	Negative Genetic	genetic	PUBMED:27519690
YGL008C	YGR238C	PMA1	KEL2	Negative Genetic	genetic	PUBMED:27519690
YGL008C	YJL136C	PMA1	RPS21B	Negative Genetic	genetic	PUBMED:27519690
YGL008C	YJL115W	PMA1	ASF1	Negative Genetic	genetic	PUBMED:27519690
YGL008C	YJL053W	PMA1	PEP8	Negative Genetic	genetic	PUBMED:27519690
YGL008C	YJL036W	PMA1	SNX4	Negative Genetic	genetic	PUBMED:27519690
YGL008C	YJL004C	PMA1	SYS1	Negative Genetic	genetic	PUBMED:27519690
YGL008C	YJR074W	PMA1	MOG1	Negative Genetic	genetic	PUBMED:27519690
YGL008C	YJR139C	PMA1	HOM6	Negative Genetic	genetic	PUBMED:27519690
YGL008C	YKL207W	PMA1	EMC3	Negative Genetic	genetic	PUBMED:27519690
YGL008C	YKL137W	PMA1	CMC1	Negative Genetic	genetic	PUBMED:27519690
YGL008C	YKL116C	PMA1	PRR1	Negative Genetic	genetic	PUBMED:27519690
YGL008C	YKL057C	PMA1	NUP120	Negative Genetic	genetic	PUBMED:27519690
YGL008C	YKR020W	PMA1	VPS51	Negative Genetic	genetic	PUBMED:27519690
YGL008C	YKR023W	PMA1	YKR023W	Negative Genetic	genetic	PUBMED:27519690
YGL008C	YKR059W	PMA1	TIF1	Negative Genetic	genetic	PUBMED:27519690
YGL008C	YKR072C	PMA1	SIS2	Negative Genetic	genetic	PUBMED:27519690
YGL008C	YKR092C	PMA1	SRP40	Negative Genetic	genetic	PUBMED:27519690
YGL008C	YOL129W	PMA1	VPS68	Negative Genetic	genetic	PUBMED:27519690
YGL008C	YOL090W	PMA1	MSH2	Negative Genetic	genetic	PUBMED:27519690
YGL008C	YOL064C	PMA1	MET22	Negative Genetic	genetic	PUBMED:27519690
YGL008C	YOR034C	PMA1	AKR2	Negative Genetic	genetic	PUBMED:27519690
YGL008C	YOR040W	PMA1	GLO4	Negative Genetic	genetic	PUBMED:27519690
YGL008C	YOR044W	PMA1	IRC23	Negative Genetic	genetic	PUBMED:27519690
YGL008C	YOR126C	PMA1	IAH1	Negative Genetic	genetic	PUBMED:27519690
YGL008C	YOR154W	PMA1	SLP1	Negative Genetic	genetic	PUBMED:27519690
YGL008C	YOR189W	PMA1	IES4	Negative Genetic	genetic	PUBMED:27519690
YGL008C	YIL040W	PMA1	APQ12	Negative Genetic	genetic	PUBMED:27519690
YGL008C	YIR033W	PMA1	MGA2	Negative Genetic	genetic	PUBMED:27519690
YGL008C	YML110C	PMA1	COQ5	Negative Genetic	genetic	PUBMED:27519690
YGL008C	YMR075W	PMA1	RCO1	Negative Genetic	genetic	PUBMED:27519690
YGL008C	YMR102C	PMA1	YMR102C	Negative Genetic	genetic	PUBMED:27519690
YGL008C	YMR126C	PMA1	DLT1	Negative Genetic	genetic	PUBMED:27519690
YGL008C	YMR167W	PMA1	MLH1	Negative Genetic	genetic	PUBMED:27519690
YGL008C	YMR216C	PMA1	SKY1	Negative Genetic	genetic	PUBMED:27519690
YGL008C	YMR256C	PMA1	COX7	Negative Genetic	genetic	PUBMED:27519690
YGL008C	YMR293C	PMA1	HER2	Negative Genetic	genetic	PUBMED:27519690
YGL008C	YNL323W	PMA1	LEM3	Negative Genetic	genetic	PUBMED:27519690
YGL008C	YNL320W	PMA1	YNL320W	Negative Genetic	genetic	PUBMED:27519690
YGL008C	YNL264C	PMA1	PDR17	Negative Genetic	genetic	PUBMED:27519690
YGL008C	YNL227C	PMA1	JJJ1	Negative Genetic	genetic	PUBMED:27519690
YGL008C	YNL139C	PMA1	THO2	Negative Genetic	genetic	PUBMED:27519690
YGL008C	YNL085W	PMA1	MKT1	Negative Genetic	genetic	PUBMED:27519690
YGL008C	YNL021W	PMA1	HDA1	Negative Genetic	genetic	PUBMED:27519690
YGL008C	YNR015W	PMA1	SMM1	Negative Genetic	genetic	PUBMED:27519690
YGL008C	YNR029C	PMA1	YNR029C	Negative Genetic	genetic	PUBMED:27519690
YGL008C	YNR051C	PMA1	BRE5	Negative Genetic	genetic	PUBMED:27519690
YGL008C	YPL193W	PMA1	RSA1	Negative Genetic	genetic	PUBMED:27519690
YGL008C	YPL066W	PMA1	RGL1	Negative Genetic	genetic	PUBMED:27519690
YGL008C	YPR043W	PMA1	RPL43A	Negative Genetic	genetic	PUBMED:27519690
YGL008C	YPR045C	PMA1	THP3	Negative Genetic	genetic	PUBMED:27519690
YGL008C	YPR052C	PMA1	NHP6A	Negative Genetic	genetic	PUBMED:27519690
YGL008C	YPR084W	PMA1	YPR084W	Negative Genetic	genetic	PUBMED:27519690
YGL008C	YPR132W	PMA1	RPS23B	Negative Genetic	genetic	PUBMED:27519690
YGL008C	YHL046C	PMA1	PAU13	Negative Genetic	genetic	PUBMED:27519690
YGL008C	YHL022C	PMA1	SPO11	Negative Genetic	genetic	PUBMED:27519690
YGL008C	YHR034C	PMA1	PIH1	Negative Genetic	genetic	PUBMED:27519690
YGL008C	YHR108W	PMA1	GGA2	Negative Genetic	genetic	PUBMED:27519690
YGL008C	YHR115C	PMA1	DMA1	Negative Genetic	genetic	PUBMED:27519690
YGL008C	YHR123W	PMA1	EPT1	Negative Genetic	genetic	PUBMED:27519690
YGL008C	YHR171W	PMA1	ATG7	Negative Genetic	genetic	PUBMED:27519690
YGL008C	YEL017W	PMA1	GTT3	Negative Genetic	genetic	PUBMED:27519690
YGL008C	YEL015W	PMA1	EDC3	Negative Genetic	genetic	PUBMED:27519690
YGL008C	YEL007W	PMA1	MIT1	Negative Genetic	genetic	PUBMED:27519690
YGL008C	YER048C	PMA1	CAJ1	Negative Genetic	genetic	PUBMED:27519690
YGL008C	YER113C	PMA1	TMN3	Negative Genetic	genetic	PUBMED:27519690
YGL008C	YER120W	PMA1	SCS2	Negative Genetic	genetic	PUBMED:27519690
YGL008C	YER131W	PMA1	RPS26B	Negative Genetic	genetic	PUBMED:27519690
YGL008C	YER139C	PMA1	RTR1	Negative Genetic	genetic	PUBMED:27519690
YGL008C	YER155C	PMA1	BEM2	Negative Genetic	genetic	PUBMED:27519690
YGL008C	YJR146W	PMA1	YJR146W	Negative Genetic	genetic	PUBMED:27519690
YGL008C	YNL184C	PMA1	YNL184C	Negative Genetic	genetic	PUBMED:27519690
YGL008C	YER084W	PMA1	YER084W	Negative Genetic	genetic	PUBMED:27519690
YGL008C	YCL063W	PMA1	VAC17	Negative Genetic	genetic	PUBMED:27519690
YGL008C	YCL024W	PMA1	KCC4	Negative Genetic	genetic	PUBMED:27519690
YGL008C	YCR028C	PMA1	FEN2	Negative Genetic	genetic	PUBMED:27519690
YGL008C	YCR063W	PMA1	BUD31	Negative Genetic	genetic	PUBMED:27519690
YGL008C	YFL016C	PMA1	MDJ1	Negative Genetic	genetic	PUBMED:27519690
YGL008C	YLR018C	PMA1	POM34	Negative Genetic	genetic	PUBMED:27519690
YGL008C	YLR089C	PMA1	ALT1	Negative Genetic	genetic	PUBMED:27519690
YGL008C	YAL011W	PMA1	SWC3	Negative Genetic	genetic	PUBMED:27519690
YGL008C	YDL194W	PMA1	SNF3	Negative Genetic	genetic	PUBMED:27519690
YGL008C	YDL157C	PMA1	YDL157C	Negative Genetic	genetic	PUBMED:27519690
YGL008C	YDL125C	PMA1	HNT1	Negative Genetic	genetic	PUBMED:27519690
YGL008C	YDL075W	PMA1	RPL31A	Negative Genetic	genetic	PUBMED:27519690
YGL008C	YDL074C	PMA1	BRE1	Negative Genetic	genetic	PUBMED:27519690
YGL008C	YDL040C	PMA1	NAT1	Negative Genetic	genetic	PUBMED:27519690
YGL008C	YDR440W	PMA1	DOT1	Negative Genetic	genetic	PUBMED:27519690
YGL008C	YDR506C	PMA1	GMC1	Negative Genetic	genetic	PUBMED:27519690
YGL008C	YDR523C	PMA1	SPS1	Negative Genetic	genetic	PUBMED:27519690
YGL008C	YBL103C	PMA1	RTG3	Negative Genetic	genetic	PUBMED:27519690
YGL008C	YGL023C	PMA1	PIB2	Negative Genetic	genetic	PUBMED:27519690
YGL008C	YGR003W	PMA1	CUL3	Negative Genetic	genetic	PUBMED:27519690
YGL008C	YGR146C	PMA1	ECL1	Negative Genetic	genetic	PUBMED:27519690
YGL008C	YGR254W	PMA1	ENO1	Negative Genetic	genetic	PUBMED:27519690
YGL008C	YJL138C	PMA1	TIF2	Negative Genetic	genetic	PUBMED:27519690
YGL008C	YJL124C	PMA1	LSM1	Negative Genetic	genetic	PUBMED:27519690
YGL008C	YJR033C	PMA1	RAV1	Negative Genetic	genetic	PUBMED:27519690
YGL008C	YJR039W	PMA1	YJR039W	Negative Genetic	genetic	PUBMED:27519690
YGL008C	YJR135C	PMA1	MCM22	Negative Genetic	genetic	PUBMED:27519690
YGL008C	YKL087C	PMA1	CYT2	Negative Genetic	genetic	PUBMED:27519690
YGL008C	YKL081W	PMA1	TEF4	Negative Genetic	genetic	PUBMED:27519690
YGL008C	YOL162W	PMA1	YOL162W	Negative Genetic	genetic	PUBMED:27519690
YGL008C	YOR008C-A	PMA1	YOR008C-A	Negative Genetic	genetic	PUBMED:27519690
YGL008C	YOR052C	PMA1	TMC1	Negative Genetic	genetic	PUBMED:27519690
YGL008C	YOR065W	PMA1	CYT1	Negative Genetic	genetic	PUBMED:27519690
YGL008C	YOR158W	PMA1	PET123	Negative Genetic	genetic	PUBMED:27519690
YGL008C	YOR182C	PMA1	RPS30B	Negative Genetic	genetic	PUBMED:27519690
YGL008C	YOR355W	PMA1	GDS1	Negative Genetic	genetic	PUBMED:27519690
YGL008C	YIL136W	PMA1	OM45	Negative Genetic	genetic	PUBMED:27519690
YGL008C	YIL036W	PMA1	CST6	Negative Genetic	genetic	PUBMED:27519690
YGL008C	YML111W	PMA1	BUL2	Negative Genetic	genetic	PUBMED:27519690
YGL008C	YMR024W	PMA1	MRPL3	Negative Genetic	genetic	PUBMED:27519690
YGL008C	YMR056C	PMA1	AAC1	Negative Genetic	genetic	PUBMED:27519690
YGL008C	YMR087W	PMA1	YMR087W	Negative Genetic	genetic	PUBMED:27519690
YGL008C	YMR142C	PMA1	RPL13B	Negative Genetic	genetic	PUBMED:27519690
YGL008C	YMR303C	PMA1	ADH2	Negative Genetic	genetic	PUBMED:27519690
YGL008C	YMR315W	PMA1	YMR315W	Negative Genetic	genetic	PUBMED:27519690
YGL008C	YNL225C	PMA1	CNM67	Negative Genetic	genetic	PUBMED:27519690
YGL008C	YNL199C	PMA1	GCR2	Negative Genetic	genetic	PUBMED:27519690
YGL008C	YNL136W	PMA1	EAF7	Negative Genetic	genetic	PUBMED:27519690
YGL008C	YNL078W	PMA1	NIS1	Negative Genetic	genetic	PUBMED:27519690
YGL008C	YNL068C	PMA1	FKH2	Negative Genetic	genetic	PUBMED:27519690
YGL008C	YNR064C	PMA1	YNR064C	Negative Genetic	genetic	PUBMED:27519690
YGL008C	YPL232W	PMA1	SSO1	Negative Genetic	genetic	PUBMED:27519690
YGL008C	YPL174C	PMA1	NIP100	Negative Genetic	genetic	PUBMED:27519690
YGL008C	YPL112C	PMA1	PEX25	Negative Genetic	genetic	PUBMED:27519690
YGL008C	YPR023C	PMA1	EAF3	Negative Genetic	genetic	PUBMED:27519690
YGL008C	YPR060C	PMA1	ARO7	Negative Genetic	genetic	PUBMED:27519690
YGL008C	YPR065W	PMA1	ROX1	Negative Genetic	genetic	PUBMED:27519690
YGL008C	YPR067W	PMA1	ISA2	Negative Genetic	genetic	PUBMED:27519690
YGL008C	YPR163C	PMA1	TIF3	Negative Genetic	genetic	PUBMED:27519690
YGL008C	YPR174C	PMA1	YPR174C	Negative Genetic	genetic	PUBMED:27519690
YGL008C	YHL002W	PMA1	HSE1	Negative Genetic	genetic	PUBMED:27519690
YGL008C	YHR184W	PMA1	SSP1	Negative Genetic	genetic	PUBMED:27519690
YGL008C	YER027C	PMA1	GAL83	Negative Genetic	genetic	PUBMED:27519690
YGL008C	YER041W	PMA1	YEN1	Negative Genetic	genetic	PUBMED:27519690
YGL008C	YER175C	PMA1	TMT1	Negative Genetic	genetic	PUBMED:27519690
YGL008C	YER179W	PMA1	DMC1	Negative Genetic	genetic	PUBMED:27519690
YGL008C	YER187W	PMA1	YER187W	Negative Genetic	genetic	PUBMED:27519690
YGL008C	YNL269W	PMA1	BSC4	Negative Genetic	genetic	PUBMED:27519690
YGL008C	YPL214C	PMA1	THI6	Negative Genetic	genetic	PUBMED:27519690
YGL008C	YDR391C	PMA1	YDR391C	Negative Genetic	genetic	PUBMED:27519690
YGL008C	YDR403W	PMA1	DIT1	Negative Genetic	genetic	PUBMED:27519690
YGL008C	YMR283C	PMA1	RIT1	Negative Genetic	genetic	PUBMED:27519690
YGL008C	YGR183C	PMA1	QCR9	Negative Genetic	genetic	PUBMED:27519690
YGL008C	YMR161W	PMA1	HLJ1	Negative Genetic	genetic	PUBMED:27519690
YGL008C	YMR176W	PMA1	ECM5	Negative Genetic	genetic	PUBMED:27519690
YGL008C	YOR332W	PMA1	VMA4	Negative Genetic	genetic	PUBMED:27519690
YGL008C	YMR196W	PMA1	YMR196W	Negative Genetic	genetic	PUBMED:27519690
YGL008C	YEL053C	PMA1	MAK10	Negative Genetic	genetic	PUBMED:27519690
YGL008C	YMR246W	PMA1	FAA4	Negative Genetic	genetic	PUBMED:27519690
YGL008C	YMR034C	PMA1	YMR034C	Negative Genetic	genetic	PUBMED:27519690
YGL008C	YDR370C	PMA1	DXO1	Negative Genetic	genetic	PUBMED:27519690
YGL008C	YPL064C	PMA1	CWC27	Negative Genetic	genetic	PUBMED:27519690
YGL008C	YPL061W	PMA1	ALD6	Negative Genetic	genetic	PUBMED:27519690
YGL008C	YPR173C	PMA1	VPS4	Negative Genetic	genetic	PUBMED:27519690
YGL008C	YNL164C	PMA1	IBD2	Negative Genetic	genetic	PUBMED:27519690
YGL008C	YGR035C	PMA1	YGR035C	Negative Genetic	genetic	PUBMED:27519690
YGL008C	YGR037C	PMA1	ACB1	Negative Genetic	genetic	PUBMED:27519690
YGL008C	YGL037C	PMA1	PNC1	Negative Genetic	genetic	PUBMED:27519690
YGL008C	YLR312W-A	PMA1	MRPL15	Negative Genetic	genetic	PUBMED:27519690
YGL008C	YIR018W	PMA1	YAP5	Negative Genetic	genetic	PUBMED:27519690
YGL008C	YGL050W	PMA1	TYW3	Negative Genetic	genetic	PUBMED:27519690
YGL008C	YOR184W	PMA1	SER1	Negative Genetic	genetic	PUBMED:27519690
YGL008C	YDR159W	PMA1	SAC3	Negative Genetic	genetic	PUBMED:27519690
YGL008C	YGL071W	PMA1	AFT1	Negative Genetic	genetic	PUBMED:27519690
YGL008C	YLR405W	PMA1	DUS4	Negative Genetic	genetic	PUBMED:27519690
YGL008C	YKL110C	PMA1	KTI12	Negative Genetic	genetic	PUBMED:27519690
YGL008C	YKL114C	PMA1	APN1	Negative Genetic	genetic	PUBMED:27519690
YGL008C	YKL119C	PMA1	VPH2	Negative Genetic	genetic	PUBMED:27519690
YGL008C	YLR418C	PMA1	CDC73	Negative Genetic	genetic	PUBMED:27519690
YGL008C	YGL255W	PMA1	ZRT1	Negative Genetic	genetic	PUBMED:27519690
YGL008C	YKR030W	PMA1	GMH1	Negative Genetic	genetic	PUBMED:27519690
YGL008C	YNL238W	PMA1	KEX2	Negative Genetic	genetic	PUBMED:27519690
YGL008C	YPR128C	PMA1	ANT1	Negative Genetic	genetic	PUBMED:27519690
YGL008C	YIL017C	PMA1	VID28	Negative Genetic	genetic	PUBMED:27519690
YGL008C	YGR019W	PMA1	UGA1	Negative Genetic	genetic	PUBMED:27519690
YGL008C	YJL129C	PMA1	TRK1	Negative Genetic	genetic	PUBMED:27519690
YGL008C	YNL208W	PMA1	YNL208W	Negative Genetic	genetic	PUBMED:27519690
YGL008C	YNL197C	PMA1	WHI3	Negative Genetic	genetic	PUBMED:27519690
YGL008C	YOL093W	PMA1	TRM10	Negative Genetic	genetic	PUBMED:27519690
YGL008C	YDR028C	PMA1	REG1	Negative Genetic	genetic	PUBMED:27519690
YGL008C	YBR139W	PMA1	YBR139W	Negative Genetic	genetic	PUBMED:27519690
YGL008C	YJR058C	PMA1	APS2	Negative Genetic	genetic	PUBMED:27519690
YGL008C	YGR032W	PMA1	GSC2	Negative Genetic	genetic	PUBMED:27519690
YGL008C	YDR475C	PMA1	JIP4	Negative Genetic	genetic	PUBMED:27519690
YGL008C	YJL127C	PMA1	SPT10	Negative Genetic	genetic	PUBMED:27519690
YGL008C	YJR083C	PMA1	ACF4	Negative Genetic	genetic	PUBMED:27519690
YGL008C	YKR041W	PMA1	YKR041W	Negative Genetic	genetic	PUBMED:27519690
YGL008C	YNL079C	PMA1	TPM1	Negative Genetic	genetic	PUBMED:27519690
YGL008C	YDL070W	PMA1	BDF2	Negative Genetic	genetic	PUBMED:27519690
YGL008C	YDR019C	PMA1	GCV1	Negative Genetic	genetic	PUBMED:27519690
YGL008C	YMR312W	PMA1	ELP6	Negative Genetic	genetic	PUBMED:27519690
YGL008C	YBR121C	PMA1	GRS1	Negative Genetic	genetic	PUBMED:27519690
YGL008C	YJL059W	PMA1	YHC3	Negative Genetic	genetic	PUBMED:27519690
YGL008C	YDL079C	PMA1	MRK1	Negative Genetic	genetic	PUBMED:27519690
YGL008C	YHR010W	PMA1	RPL27A	Negative Genetic	genetic	PUBMED:27519690
YGL008C	YLR244C	PMA1	MAP1	Negative Genetic	genetic	PUBMED:27519690
YGL008C	YLR226W	PMA1	BUR2	Negative Genetic	genetic	PUBMED:27519690
YGL008C	YGL167C	PMA1	PMR1	Negative Genetic	genetic	PUBMED:27519690
YGL008C	YGR252W	PMA1	GCN5	Negative Genetic	genetic	PUBMED:27519690
YGL008C	YIL056W	PMA1	VHR1	Negative Genetic	genetic	PUBMED:27519690
YGL008C	YNL147W	PMA1	LSM7	Negative Genetic	genetic	PUBMED:27519690
YGL008C	YIL066C	PMA1	RNR3	Negative Genetic	genetic	PUBMED:27519690
YGL008C	YNL307C	PMA1	MCK1	Negative Genetic	genetic	PUBMED:27519690
YGL008C	YHR033W	PMA1	YHR033W	Negative Genetic	genetic	PUBMED:27519690
YGL008C	YDR326C	PMA1	YSP2	Negative Genetic	genetic	PUBMED:27519690
YGL008C	YNL166C	PMA1	BNI5	Negative Genetic	genetic	PUBMED:27519690
YGL008C	YOL125W	PMA1	TRM13	Negative Genetic	genetic	PUBMED:27519690
YGL008C	YFL010W-A	PMA1	AUA1	Negative Genetic	genetic	PUBMED:27519690
YGL008C	YBR078W	PMA1	ECM33	Negative Genetic	genetic	PUBMED:27519690
YGL008C	YIL098C	PMA1	FMC1	Negative Genetic	genetic	PUBMED:27519690
YGL008C	YPL148C	PMA1	PPT2	Negative Genetic	genetic	PUBMED:27519690
YGL008C	YER173W	PMA1	RAD24	Negative Genetic	genetic	PUBMED:27519690
YGL008C	YGL094C	PMA1	PAN2	Synthetic Growth Defect	genetic	PUBMED:27519690
YGL008C	YKL025C	PMA1	PAN3	Synthetic Growth Defect	genetic	PUBMED:27519690
YGL008C	YJL024C	PMA1	APS3	Synthetic Growth Defect	genetic	PUBMED:27519690
YGL008C	YBR288C	PMA1	APM3	Synthetic Growth Defect	genetic	PUBMED:27519690
YGL008C	YPL195W	PMA1	APL5	Synthetic Growth Defect	genetic	PUBMED:27519690
YGL008C	YGR261C	PMA1	APL6	Synthetic Growth Defect	genetic	PUBMED:27519690
YOR257W	YGL008C	CDC31	PMA1	Affinity Capture-MS	physical	PUBMED:30251372
YOR257W	YAL038W	CDC31	CDC19	Affinity Capture-MS	physical	PUBMED:30251372
YOR257W	YAL038W	CDC31	CDC19	Affinity Capture-Western	physical	PUBMED:30251372
YAL038W	YOR257W	CDC19	CDC31	Affinity Capture-Western	physical	PUBMED:30251372
YOR257W	YPL036W	CDC31	PMA2	Affinity Capture-MS	physical	PUBMED:30251372
YOR257W	YBL030C	CDC31	PET9	Affinity Capture-MS	physical	PUBMED:30251372
YNR020C	YER141W	ATP23	COX15	Affinity Capture-MS	physical	PUBMED:29093463
YCL059C	YBL030C	KRR1	PET9	Affinity Capture-MS	physical	PUBMED:29263326
YCL059C	YGL008C	KRR1	PMA1	Affinity Capture-MS	physical	PUBMED:29263326
YMR128W	YAL038W	ECM16	CDC19	Affinity Capture-MS	physical	PUBMED:29263326
YMR128W	YGL008C	ECM16	PMA1	Affinity Capture-MS	physical	PUBMED:29263326
YMR128W	YBL030C	ECM16	PET9	Affinity Capture-MS	physical	PUBMED:29263326
YJL109C	YAL038W	UTP10	CDC19	Affinity Capture-MS	physical	PUBMED:29263326
YJL109C	YGL008C	UTP10	PMA1	Affinity Capture-MS	physical	PUBMED:29263326
YJL109C	YBL030C	UTP10	PET9	Affinity Capture-MS	physical	PUBMED:29263326
YER070W	YOR033C	RNR1	EXO1	Phenotypic Enhancement	genetic	PUBMED:30462295
YER070W	YDL102W	RNR1	POL3	Synthetic Lethality	genetic	PUBMED:30462295
YER070W	YNL262W	RNR1	POL2	Synthetic Growth Defect	genetic	PUBMED:30462295
YER070W	YOL090W	RNR1	MSH2	Synthetic Growth Defect	genetic	PUBMED:30462295
YER070W	YIL066C	RNR1	RNR3	Synthetic Growth Defect	genetic	PUBMED:30462295
YER070W	YDL101C	RNR1	DUN1	Synthetic Growth Defect	genetic	PUBMED:30462295
YDR353W	YPL091W	TRR1	GLR1	Phenotypic Enhancement	genetic	PUBMED:30419257
YDR353W	YHR106W	TRR1	TRR2	Phenotypic Enhancement	genetic	PUBMED:30419257
YOR197W	YAL038W	MCA1	CDC19	Affinity Capture-MS	physical	PUBMED:30675380
YOR197W	YNL192W	MCA1	CHS1	Affinity Capture-MS	physical	PUBMED:30675380
YOR197W	YMR108W	MCA1	ILV2	Affinity Capture-MS	physical	PUBMED:30675380
YGL038C	YBR023C	OCH1	CHS3	Synthetic Growth Defect	genetic	PUBMED:30706115
YGL038C	YBR023C	OCH1	CHS3	Phenotypic Enhancement	genetic	PUBMED:30706115
YER125W	YJL026W	RSP5	RNR2	Biochemical Activity	physical	PUBMED:17951556
YER125W	YJL026W	RSP5	RNR2	Synthetic Growth Defect	genetic	PUBMED:17951556
YJR074W	YAL038W	MOG1	CDC19	Affinity Capture-MS	physical	PUBMED:30249596
YJR074W	YGL008C	MOG1	PMA1	Affinity Capture-MS	physical	PUBMED:30249596
YJR074W	YGR180C	MOG1	RNR4	Affinity Capture-MS	physical	PUBMED:30249596
YJR074W	YMR108W	MOG1	ILV2	Affinity Capture-MS	physical	PUBMED:30249596
YJR074W	YPL036W	MOG1	PMA2	Affinity Capture-MS	physical	PUBMED:30249596
YJR074W	YER005W	MOG1	YND1	Affinity Capture-MS	physical	PUBMED:30249596
YLR395C	YBL030C	COX8	PET9	Affinity Capture-Western	physical	PUBMED:29688796
YHR001W-A	YBL030C	QCR10	PET9	Affinity Capture-Western	physical	PUBMED:29688796
YJL124C	YKR039W	LSM1	GAP1	Positive Genetic	genetic	PUBMED:28916784
YJL124C	YBR023C	LSM1	CHS3	Positive Genetic	genetic	PUBMED:28916784
YCR077C	YKR039W	PAT1	GAP1	Positive Genetic	genetic	PUBMED:28916784
YCR077C	YBR023C	PAT1	CHS3	Positive Genetic	genetic	PUBMED:28916784
YBR069C	YDR007W	TAT1	TRP1	Synthetic Growth Defect	genetic	PUBMED:30856175
YNL180C	YAL038W	RHO5	CDC19	PCA	physical	PUBMED:30670610
YOR276W	YIL043C	CAF20	CBR1	Affinity Capture-MS	physical	PUBMED:29775579
YOR276W	YMR108W	CAF20	ILV2	Affinity Capture-MS	physical	PUBMED:29775579
YOR276W	YBL030C	CAF20	PET9	Affinity Capture-MS	physical	PUBMED:29775579
YOR276W	YKL035W	CAF20	UGP1	Affinity Capture-MS	physical	PUBMED:29775579
YJL019W	YBL030C	MPS3	PET9	Affinity Capture-MS	physical	PUBMED:30417519
YJL019W	YGL008C	MPS3	PMA1	Affinity Capture-MS	physical	PUBMED:30417519
YJL019W	YKL141W	MPS3	SDH3	Affinity Capture-MS	physical	PUBMED:30417519
YJL019W	YMR108W	MPS3	ILV2	Affinity Capture-MS	physical	PUBMED:30417519
YJL019W	YAL038W	MPS3	CDC19	Affinity Capture-MS	physical	PUBMED:30417519
YOR008C	YML125C	SLG1	PGA3	Two-hybrid	physical	PUBMED:30733383
YLR332W	YML125C	MID2	PGA3	Affinity Capture-MS	physical	PUBMED:30733383
YOR008C	YML125C	SLG1	PGA3	Affinity Capture-MS	physical	PUBMED:30733383
YDR353W	YML028W	TRR1	TSA1	Phenotypic Suppression	genetic	PUBMED:28337980
YDR353W	YLR043C	TRR1	TRX1	Phenotypic Suppression	genetic	PUBMED:28337980
YDR353W	YGR209C	TRR1	TRX2	Phenotypic Suppression	genetic	PUBMED:28337980
YLR305C	YDR208W	STT4	MSS4	Synthetic Growth Defect	genetic	PUBMED:29192062
YLR305C	YNL267W	STT4	PIK1	Phenotypic Enhancement	genetic	PUBMED:29192062
YDR353W	YFL031W	TRR1	HAC1	Phenotypic Suppression	genetic	PUBMED:29871930
YDR353W	YHR079C	TRR1	IRE1	Phenotypic Suppression	genetic	PUBMED:29871930
YDR353W	YLR043C	TRR1	TRX1	Phenotypic Suppression	genetic	PUBMED:29871930
YDR353W	YGR209C	TRR1	TRX2	Phenotypic Suppression	genetic	PUBMED:29871930
YDR353W	YFL031W	TRR1	HAC1	Synthetic Rescue	genetic	PUBMED:29871930
YDR353W	YML028W	TRR1	TSA1	Phenotypic Suppression	genetic	PUBMED:29871930
YDR353W	YDR453C	TRR1	TSA2	Phenotypic Suppression	genetic	PUBMED:29871930
tS(CGA)C	YDR023W	SUP61	SES1	Synthetic Lethality	genetic	PUBMED:30269676
tS(CGA)C	YOL130W	SUP61	ALR1	Synthetic Lethality	genetic	PUBMED:30269676
YIL065C	YAL038W	FIS1	CDC19	Affinity Capture-MS	physical	PUBMED:30033679
YPL127C	YIL066C	HHO1	RNR3	Synthetic Rescue	genetic	PUBMED:28739661
YPL127C	YGR180C	HHO1	RNR4	Synthetic Rescue	genetic	PUBMED:28739661
YER086W	YBR069C	ILV1	TAT1	Negative Genetic	genetic	PUBMED:29127264
YLR056W	YKR039W	ERG3	GAP1	Negative Genetic	genetic	PUBMED:29702647
YLR056W	YAL038W	ERG3	CDC19	Negative Genetic	genetic	PUBMED:29702647
YLR056W	YML125C	ERG3	PGA3	Negative Genetic	genetic	PUBMED:29702647
YLR056W	YBR002C	ERG3	RER2	Positive Genetic	genetic	PUBMED:29702647
YLR056W	YBR085W	ERG3	AAC3	Positive Genetic	genetic	PUBMED:29702647
YLR056W	YBR023C	ERG3	CHS3	Positive Genetic	genetic	PUBMED:29702647
YOR207C	YBL030C	RET1	PET9	Affinity Capture-MS	physical	PUBMED:30593915
YOR207C	YGR180C	RET1	RNR4	Affinity Capture-MS	physical	PUBMED:30593915
YDR362C	YBL030C	TFC6	PET9	Affinity Capture-MS	physical	PUBMED:30593915
YDR362C	YGR180C	TFC6	RNR4	Affinity Capture-MS	physical	PUBMED:30593915
YOR207C	YAL038W	RET1	CDC19	Affinity Capture-MS	physical	PUBMED:30593915
YOR207C	YGL008C	RET1	PMA1	Affinity Capture-MS	physical	PUBMED:30593915
YDR362C	YER070W	TFC6	RNR1	Affinity Capture-MS	physical	PUBMED:30593915
YDR362C	YJL026W	TFC6	RNR2	Affinity Capture-MS	physical	PUBMED:30593915
YGR246C	YAL038W	BRF1	CDC19	Affinity Capture-MS	physical	PUBMED:30593915
YPR173C	YER070W	VPS4	RNR1	Synthetic Growth Defect	genetic	PUBMED:31133554
YER087C-B	YKL035W	SBH1	UGP1	Two-hybrid	physical	PUBMED:31201345
YPR173C	YER070W	VPS4	RNR1	Synthetic Lethality	genetic	PUBMED:31368600
YLR113W	YBR002C	HOG1	RER2	Dosage Rescue	genetic	PUBMED:31336877
YJL128C	YBR002C	PBS2	RER2	Dosage Rescue	genetic	PUBMED:31336877
YLR006C	YBR002C	SSK1	RER2	Dosage Rescue	genetic	PUBMED:31336877
YNL209W	YBR002C	SSB2	RER2	Dosage Rescue	genetic	PUBMED:31336877
YLR113W	YMR101C	HOG1	SRT1	Dosage Rescue	genetic	PUBMED:31336877
YJL128C	YMR101C	PBS2	SRT1	Dosage Rescue	genetic	PUBMED:31336877
YHR197W	YAL038W	RIX1	CDC19	Affinity Capture-MS	physical	PUBMED:29294095
YER156C	YGR180C	YER156C	RNR4	Proximity Label-MS	physical	PUBMED:31323700
YPL240C	YIL043C	HSP82	CBR1	Affinity Capture-MS	physical	PUBMED:31399574
YPL240C	YAL038W	HSP82	CDC19	Affinity Capture-MS	physical	PUBMED:31399574
YPL240C	YBL030C	HSP82	PET9	Affinity Capture-MS	physical	PUBMED:31399574
YPL240C	YML125C	HSP82	PGA3	Affinity Capture-MS	physical	PUBMED:31399574
YPL240C	YJL026W	HSP82	RNR2	Affinity Capture-MS	physical	PUBMED:31399574
YPL240C	YGR180C	HSP82	RNR4	Affinity Capture-MS	physical	PUBMED:31399574
YPL240C	YDR023W	HSP82	SES1	Affinity Capture-MS	physical	PUBMED:31399574
YMR186W	YIL043C	HSC82	CBR1	Affinity Capture-MS	physical	PUBMED:31399574
YMR186W	YAL038W	HSC82	CDC19	Affinity Capture-MS	physical	PUBMED:31399574
YMR186W	YBL030C	HSC82	PET9	Affinity Capture-MS	physical	PUBMED:31399574
YMR186W	YML125C	HSC82	PGA3	Affinity Capture-MS	physical	PUBMED:31399574
YMR186W	YJL026W	HSC82	RNR2	Affinity Capture-MS	physical	PUBMED:31399574
YMR186W	YGR180C	HSC82	RNR4	Affinity Capture-MS	physical	PUBMED:31399574
YMR186W	YDR023W	HSC82	SES1	Affinity Capture-MS	physical	PUBMED:31399574
YMR186W	YER070W	HSC82	RNR1	Affinity Capture-MS	physical	PUBMED:31399574
YPL240C	YMR108W	HSP82	ILV2	Affinity Capture-MS	physical	PUBMED:31399574
YMR186W	YMR108W	HSC82	ILV2	Affinity Capture-MS	physical	PUBMED:31399574
YKL141W	YNL055C	SDH3	POR1	Synthetic Growth Defect	genetic	PUBMED:30738704
YCL008C	YBR023C	STP22	CHS3	Phenotypic Suppression	genetic	PUBMED:31428693
YOR046C	YGR180C	DBP5	RNR4	Synthetic Growth Defect	genetic	PUBMED:31453808
YOR046C	YER070W	DBP5	RNR1	Synthetic Growth Defect	genetic	PUBMED:31453808
YKL049C	YBR023C	CSE4	CHS3	Negative Genetic	genetic	PUBMED:30012561
YKL049C	YPL036W	CSE4	PMA2	Negative Genetic	genetic	PUBMED:30012561
YKL049C	YJL100W	CSE4	LSB6	Positive Genetic	genetic	PUBMED:30012561
YHR209W	YLL031C	CRG1	GPI13	Synthetic Rescue	genetic	PUBMED:30659098
YLR032W	YBR085W	RAD5	AAC3	Dosage Lethality	genetic	PUBMED:31350889
YLR032W	YLL031C	RAD5	GPI13	Dosage Lethality	genetic	PUBMED:31350889
YLR304C	YAL038W	ACO1	CDC19	Affinity Capture-MS	physical	PUBMED:29651044
YBR038W	YNL152W	CHS2	INN1	Affinity Capture-MS	physical	PUBMED:29601579
YBR038W	YLL021W	CHS2	SPA2	Affinity Capture-MS	physical	PUBMED:29601579
YBR038W	YOR326W	CHS2	MYO2	Affinity Capture-MS	physical	PUBMED:29601579
YLL021W	YBR038W	SPA2	CHS2	Affinity Capture-Western	physical	PUBMED:29601579
YLL021W	YBR038W	SPA2	CHS2	Synthetic Rescue	genetic	PUBMED:29601579
YDL117W	YBR038W	CYK3	CHS2	Synthetic Rescue	genetic	PUBMED:29601579
YMR032W	YBR038W	HOF1	CHS2	Synthetic Rescue	genetic	PUBMED:29601579
YLL021W	YBR038W	SPA2	CHS2	Two-hybrid	physical	PUBMED:29601579
YBR038W	YLL021W	CHS2	SPA2	Reconstituted Complex	physical	PUBMED:29601579
YBR038W	YNL152W	CHS2	INN1	Reconstituted Complex	physical	PUBMED:29601579
YOR241W	YBR252W	MET7	DUT1	Phenotypic Suppression	genetic	PUBMED:31647103
YBR252W	YHR144C	DUT1	DCD1	Synthetic Growth Defect	genetic	PUBMED:31647103
YJL101C	YAL038W	GSH1	CDC19	Synthetic Rescue	genetic	PUBMED:31757928
YJL101C	YOR347C	GSH1	PYK2	Synthetic Rescue	genetic	PUBMED:31757928
YJL101C	YBL030C	GSH1	PET9	Synthetic Rescue	genetic	PUBMED:31757928
YER040W	YMR108W	GLN3	ILV2	Phenotypic Enhancement	genetic	PUBMED:31734159
YPL061W	YMR108W	ALD6	ILV2	Phenotypic Enhancement	genetic	PUBMED:31734159
YPR153W	YGR191W	YPR153W	HIP1	Dosage Rescue	genetic	PUBMED:31797992
YPR153W	YGR191W	YPR153W	HIP1	PCA	physical	PUBMED:31797992
YOL130W	YOL052C	ALR1	SPE2	Synthetic Growth Defect	genetic	PUBMED:31548311
YHR030C	YIL066C	SLT2	RNR3	PCA	physical	PUBMED:31564614
YLR319C	YNL192W	BUD6	CHS1	PCA	physical	PUBMED:31964708
YLR212C	YIL043C	TUB4	CBR1	Synthetic Rescue	genetic	PUBMED:28900268
YLR212C	YBR085W	TUB4	AAC3	Synthetic Growth Defect	genetic	PUBMED:28900268
YLR212C	YOR347C	TUB4	PYK2	Synthetic Growth Defect	genetic	PUBMED:28900268
YKL085W	YMR108W	MDH1	ILV2	Affinity Capture-MS	physical	PUBMED:31548421
YNL131W	YKL141W	TOM22	SDH3	Affinity Capture-MS	physical	PUBMED:30463002
YNL131W	YIL043C	TOM22	CBR1	Affinity Capture-MS	physical	PUBMED:30463002
YNL131W	YKL150W	TOM22	MCR1	Affinity Capture-MS	physical	PUBMED:30463002
YNL131W	YER141W	TOM22	COX15	Affinity Capture-MS	physical	PUBMED:30463002
YNL131W	YMR056C	TOM22	AAC1	Affinity Capture-MS	physical	PUBMED:30463002
YNL131W	YBL030C	TOM22	PET9	Affinity Capture-MS	physical	PUBMED:30463002
YNL131W	YBR085W	TOM22	AAC3	Affinity Capture-MS	physical	PUBMED:30463002
YNL131W	YMR108W	TOM22	ILV2	Affinity Capture-MS	physical	PUBMED:30463002
YNL131W	YGL008C	TOM22	PMA1	Affinity Capture-MS	physical	PUBMED:30463002
YNL131W	YPL036W	TOM22	PMA2	Affinity Capture-MS	physical	PUBMED:30463002
YOR276W	YKL035W	CAF20	UGP1	Affinity Capture-MS	physical	PUBMED:25973932
YOR276W	YNL192W	CAF20	CHS1	Affinity Capture-RNA	physical	PUBMED:25973932
YOR276W	YBR002C	CAF20	RER2	Affinity Capture-RNA	physical	PUBMED:25973932
YPL215W	YER141W	CBP3	COX15	Proximity Label-MS	physical	PUBMED:32877643
YBR185C	YER141W	MBA1	COX15	Proximity Label-MS	physical	PUBMED:32877643
YDR405W	YER141W	MRP20	COX15	Proximity Label-MS	physical	PUBMED:32877643
YDR405W	YKL141W	MRP20	SDH3	Proximity Label-MS	physical	PUBMED:32877643
YLR312W-A	YER141W	MRPL15	COX15	Proximity Label-MS	physical	PUBMED:32877643
YLR439W	YER141W	MRPL4	COX15	Proximity Label-MS	physical	PUBMED:32877643
YLR203C	YER141W	MSS51	COX15	Proximity Label-MS	physical	PUBMED:32877643
YER154W	YER141W	OXA1	COX15	Proximity Label-MS	physical	PUBMED:32877643
YER154W	YKL141W	OXA1	SDH3	Proximity Label-MS	physical	PUBMED:32877643
YPL242C	YBR038W	IQG1	CHS2	Synthetic Rescue	genetic	PUBMED:32939983
YBR002C	YNL330C	RER2	RPD3	Synthetic Rescue	genetic	PUBMED:32939983
YDR081C	YAL038W	PDC2	CDC19	Synthetic Rescue	genetic	PUBMED:32939983
YBR002C	YLR455W	RER2	PDP3	Synthetic Rescue	genetic	PUBMED:32939983
YBR002C	YOL004W	RER2	SIN3	Synthetic Rescue	genetic	PUBMED:32939983
YOL130W	YFL050C	ALR1	ALR2	Synthetic Rescue	genetic	PUBMED:32939983
YDR353W	YGR209C	TRR1	TRX2	Synthetic Rescue	genetic	PUBMED:32939983
YGL093W	YER070W	SPC105	RNR1	Synthetic Rescue	genetic	PUBMED:32939983
YBR252W	YJR069C	DUT1	HAM1	Synthetic Rescue	genetic	PUBMED:32939983
YGL126W	YNL192W	SCS3	CHS1	PCA	physical	PUBMED:33033181
YGL126W	YBL030C	SCS3	PET9	PCA	physical	PUBMED:33033181
YGL126W	YGL008C	SCS3	PMA1	PCA	physical	PUBMED:33033181
YGL126W	YBR069C	SCS3	TAT1	PCA	physical	PUBMED:33033181
YGL126W	YDR353W	SCS3	TRR1	PCA	physical	PUBMED:33033181
YNL016W	YLL031C	PUB1	GPI13	Affinity Capture-MS	physical	PUBMED:32857852
YAL038W	YAL038W	CDC19	CDC19	Affinity Capture-MS	physical	PUBMED:29557065
YDR291W	YPL036W	HRQ1	PMA2	Negative Genetic	genetic	PUBMED:33115720
YMR190C	YPL036W	SGS1	PMA2	Negative Genetic	genetic	PUBMED:33115720
YMR190C	YKL150W	SGS1	MCR1	Negative Genetic	genetic	PUBMED:33115720
YDR291W	YMR056C	HRQ1	AAC1	Positive Genetic	genetic	PUBMED:33115720
YDR291W	YMR101C	HRQ1	SRT1	Positive Genetic	genetic	PUBMED:33115720
YMR190C	YMR056C	SGS1	AAC1	Positive Genetic	genetic	PUBMED:33115720
YMR190C	YMR101C	SGS1	SRT1	Positive Genetic	genetic	PUBMED:33115720
YDR291W	YKL150W	HRQ1	MCR1	Negative Genetic	genetic	PUBMED:33115720
YDR291W	YBR085W	HRQ1	AAC3	Positive Genetic	genetic	PUBMED:33115720
YDR291W	YHL012W	HRQ1	YHL012W	Positive Genetic	genetic	PUBMED:33115720
YDR291W	YKR039W	HRQ1	GAP1	Positive Genetic	genetic	PUBMED:33115720
YMR190C	YBR085W	SGS1	AAC3	Positive Genetic	genetic	PUBMED:33115720
YMR190C	YHL012W	SGS1	YHL012W	Positive Genetic	genetic	PUBMED:33115720
YMR190C	YKR039W	SGS1	GAP1	Positive Genetic	genetic	PUBMED:33115720
YDR291W	YIL066C	HRQ1	RNR3	Negative Genetic	genetic	PUBMED:33115720
YMR190C	YIL066C	SGS1	RNR3	Negative Genetic	genetic	PUBMED:33115720
YDR291W	YOR347C	HRQ1	PYK2	Negative Genetic	genetic	PUBMED:33115720
YMR190C	YOR347C	SGS1	PYK2	Negative Genetic	genetic	PUBMED:33115720
YDR291W	YLL031C	HRQ1	GPI13	Negative Genetic	genetic	PUBMED:33115720
YMR190C	YLR305C	SGS1	STT4	Positive Genetic	genetic	PUBMED:33115720
YMR190C	YLL031C	SGS1	GPI13	Negative Genetic	genetic	PUBMED:33115720
YMR190C	YML125C	SGS1	PGA3	Negative Genetic	genetic	PUBMED:33115720
YMR190C	YPL252C	SGS1	YAH1	Negative Genetic	genetic	PUBMED:33115720
YDR291W	YLR305C	HRQ1	STT4	Positive Genetic	genetic	PUBMED:33115720
YDR291W	YLL031C	HRQ1	GPI13	Positive Genetic	genetic	PUBMED:33115720
YDR291W	YPL252C	HRQ1	YAH1	Positive Genetic	genetic	PUBMED:33115720
YMR190C	YLL031C	SGS1	GPI13	Positive Genetic	genetic	PUBMED:33115720
YMR190C	YPL252C	SGS1	YAH1	Positive Genetic	genetic	PUBMED:33115720
YDR291W	YOL130W	HRQ1	ALR1	Negative Genetic	genetic	PUBMED:33115720
YMR190C	YOL130W	SGS1	ALR1	Negative Genetic	genetic	PUBMED:33115720
YDR291W	YML125C	HRQ1	PGA3	Negative Genetic	genetic	PUBMED:33115720
YLR383W	YGL008C	SMC6	PMA1	Affinity Capture-MS	physical	PUBMED:33301732
YLR383W	YPL036W	SMC6	PMA2	Affinity Capture-MS	physical	PUBMED:33301732
YLR383W	YMR108W	SMC6	ILV2	Affinity Capture-MS	physical	PUBMED:33301732
YLR383W	YAL038W	SMC6	CDC19	Affinity Capture-MS	physical	PUBMED:33301732
YML035C	YBR069C	AMD1	TAT1	Dosage Rescue	genetic	PUBMED:32780163
YNL141W	YBR069C	AAH1	TAT1	Dosage Rescue	genetic	PUBMED:32780163
YBR069C	YMR300C	TAT1	ADE4	Dosage Rescue	genetic	PUBMED:32780163
YBR069C	YNL141W	TAT1	AAH1	Dosage Rescue	genetic	PUBMED:32780163
YBR069C	YDR441C	TAT1	APT2	Dosage Rescue	genetic	PUBMED:32780163
YBR069C	YDR399W	TAT1	HPT1	Dosage Rescue	genetic	PUBMED:32780163
YBR069C	YJR133W	TAT1	XPT1	Dosage Rescue	genetic	PUBMED:32780163
YBR069C	YDL134C	TAT1	PPH21	Dosage Rescue	genetic	PUBMED:32780163
YBR069C	YHR032W	TAT1	ERC1	Dosage Rescue	genetic	PUBMED:32780163
YBR069C	YKL189W	TAT1	HYM1	Dosage Rescue	genetic	PUBMED:32780163
YBR069C	YMR037C	TAT1	MSN2	Dosage Rescue	genetic	PUBMED:32780163
YBR069C	YBR068C	TAT1	BAP2	Dosage Rescue	genetic	PUBMED:32780163
YGL122C	YAL038W	NAB2	CDC19	Affinity Capture-MS	physical	PUBMED:33137177
YGL122C	YGL008C	NAB2	PMA1	Affinity Capture-MS	physical	PUBMED:33137177
YJL164C	YKR039W	TPK1	GAP1	Reconstituted Complex	physical	PUBMED:33490229
YPL203W	YKR039W	TPK2	GAP1	Reconstituted Complex	physical	PUBMED:33490229
YKL166C	YKR039W	TPK3	GAP1	Reconstituted Complex	physical	PUBMED:33490229
YNL007C	YAL038W	SIS1	CDC19	Affinity Capture-MS	physical	PUBMED:33326013
YNL007C	YBL030C	SIS1	PET9	Affinity Capture-MS	physical	PUBMED:33326013
YNL007C	YMR108W	SIS1	ILV2	Affinity Capture-MS	physical	PUBMED:33326013
YOR347C	YNL242W	PYK2	ATG2	Phenotypic Suppression	genetic	PUBMED:33500413
YOR347C	YBR217W	PYK2	ATG12	Phenotypic Suppression	genetic	PUBMED:33500413
YOR347C	YPL154C	PYK2	PEP4	Phenotypic Suppression	genetic	PUBMED:33500413
YLR378C	YLL031C	SEC61	GPI13	Affinity Capture-MS	physical	PUBMED:30682149
YLR378C	YLR305C	SEC61	STT4	Affinity Capture-MS	physical	PUBMED:30682149
YLR378C	YIL043C	SEC61	CBR1	Affinity Capture-MS	physical	PUBMED:30682149
YMR116C	YAL038W	ASC1	CDC19	Affinity Capture-MS	physical	PUBMED:31062022
YMR116C	YMR108W	ASC1	ILV2	Affinity Capture-MS	physical	PUBMED:31062022
YMR116C	YGL008C	ASC1	PMA1	Affinity Capture-MS	physical	PUBMED:31062022
YGR214W	YAL038W	RPS0A	CDC19	Affinity Capture-MS	physical	PUBMED:31062022
YGR214W	YMR108W	RPS0A	ILV2	Affinity Capture-MS	physical	PUBMED:31062022
YGR214W	YLR305C	RPS0A	STT4	Affinity Capture-MS	physical	PUBMED:31062022
YGR214W	YGL008C	RPS0A	PMA1	Affinity Capture-MS	physical	PUBMED:31062022
YLR441C	YAL038W	RPS1A	CDC19	Affinity Capture-MS	physical	PUBMED:31062022
YLR441C	YMR108W	RPS1A	ILV2	Affinity Capture-MS	physical	PUBMED:31062022
YLR441C	YLR305C	RPS1A	STT4	Affinity Capture-MS	physical	PUBMED:31062022
YLR441C	YGL008C	RPS1A	PMA1	Affinity Capture-MS	physical	PUBMED:31062022
YGL123W	YAL038W	RPS2	CDC19	Affinity Capture-MS	physical	PUBMED:31062022
YGL123W	YMR108W	RPS2	ILV2	Affinity Capture-MS	physical	PUBMED:31062022
YGL123W	YBL030C	RPS2	PET9	Affinity Capture-MS	physical	PUBMED:31062022
YGL123W	YGL008C	RPS2	PMA1	Affinity Capture-MS	physical	PUBMED:31062022
YGL123W	YDR023W	RPS2	SES1	Affinity Capture-MS	physical	PUBMED:31062022
YPL090C	YAL038W	RPS6A	CDC19	Affinity Capture-MS	physical	PUBMED:31062022
YPL090C	YMR108W	RPS6A	ILV2	Affinity Capture-MS	physical	PUBMED:31062022
YPL090C	YBL030C	RPS6A	PET9	Affinity Capture-MS	physical	PUBMED:31062022
YOR096W	YAL038W	RPS7A	CDC19	Affinity Capture-MS	physical	PUBMED:31062022
YOR096W	YMR108W	RPS7A	ILV2	Affinity Capture-MS	physical	PUBMED:31062022
YOR096W	YLR305C	RPS7A	STT4	Affinity Capture-MS	physical	PUBMED:31062022
YBL072C	YAL038W	RPS8A	CDC19	Affinity Capture-MS	physical	PUBMED:31062022
YBL072C	YMR108W	RPS8A	ILV2	Affinity Capture-MS	physical	PUBMED:31062022
YBL072C	YBL030C	RPS8A	PET9	Affinity Capture-MS	physical	PUBMED:31062022
YBL072C	YGL008C	RPS8A	PMA1	Affinity Capture-MS	physical	PUBMED:31062022
YPL081W	YAL038W	RPS9A	CDC19	Affinity Capture-MS	physical	PUBMED:31062022
YPL081W	YMR108W	RPS9A	ILV2	Affinity Capture-MS	physical	PUBMED:31062022
YOR293W	YAL038W	RPS10A	CDC19	Affinity Capture-MS	physical	PUBMED:31062022
YOR293W	YMR108W	RPS10A	ILV2	Affinity Capture-MS	physical	PUBMED:31062022
YOR293W	YBL030C	RPS10A	PET9	Affinity Capture-MS	physical	PUBMED:31062022
YOR369C	YMR108W	RPS12	ILV2	Affinity Capture-MS	physical	PUBMED:31062022
YOR369C	YAL038W	RPS12	CDC19	Affinity Capture-MS	physical	PUBMED:31062022
YOR369C	YGL008C	RPS12	PMA1	Affinity Capture-MS	physical	PUBMED:31062022
YOR369C	YBL030C	RPS12	PET9	Affinity Capture-MS	physical	PUBMED:31062022
YOR369C	YLR305C	RPS12	STT4	Affinity Capture-MS	physical	PUBMED:31062022
YOR369C	YKL035W	RPS12	UGP1	Affinity Capture-MS	physical	PUBMED:31062022
YDR064W	YAL038W	RPS13	CDC19	Affinity Capture-MS	physical	PUBMED:31062022
YDR064W	YMR108W	RPS13	ILV2	Affinity Capture-MS	physical	PUBMED:31062022
YDR064W	YGL008C	RPS13	PMA1	Affinity Capture-MS	physical	PUBMED:31062022
YDR064W	YBL030C	RPS13	PET9	Affinity Capture-MS	physical	PUBMED:31062022
YOL040C	YAL038W	RPS15	CDC19	Affinity Capture-MS	physical	PUBMED:31062022
YOL040C	YMR108W	RPS15	ILV2	Affinity Capture-MS	physical	PUBMED:31062022
YOL040C	YBL030C	RPS15	PET9	Affinity Capture-MS	physical	PUBMED:31062022
YOL040C	YLR305C	RPS15	STT4	Affinity Capture-MS	physical	PUBMED:31062022
YOL040C	YGL008C	RPS15	PMA1	Affinity Capture-MS	physical	PUBMED:31062022
YML024W	YAL038W	RPS17A	CDC19	Affinity Capture-MS	physical	PUBMED:31062022
YML024W	YMR108W	RPS17A	ILV2	Affinity Capture-MS	physical	PUBMED:31062022
YML024W	YLR305C	RPS17A	STT4	Affinity Capture-MS	physical	PUBMED:31062022
YML024W	YGL008C	RPS17A	PMA1	Affinity Capture-MS	physical	PUBMED:31062022
YDR450W	YAL038W	RPS18A	CDC19	Affinity Capture-MS	physical	PUBMED:31062022
YDR450W	YMR108W	RPS18A	ILV2	Affinity Capture-MS	physical	PUBMED:31062022
YDR450W	YGL008C	RPS18A	PMA1	Affinity Capture-MS	physical	PUBMED:31062022
YOL121C	YAL038W	RPS19A	CDC19	Affinity Capture-MS	physical	PUBMED:31062022
YOL121C	YMR108W	RPS19A	ILV2	Affinity Capture-MS	physical	PUBMED:31062022
YOL121C	YBL030C	RPS19A	PET9	Affinity Capture-MS	physical	PUBMED:31062022
YOL121C	YLR305C	RPS19A	STT4	Affinity Capture-MS	physical	PUBMED:31062022
YOL121C	YGL008C	RPS19A	PMA1	Affinity Capture-MS	physical	PUBMED:31062022
YHL015W	YAL038W	RPS20	CDC19	Affinity Capture-MS	physical	PUBMED:31062022
YHL015W	YMR108W	RPS20	ILV2	Affinity Capture-MS	physical	PUBMED:31062022
YHL015W	YLR305C	RPS20	STT4	Affinity Capture-MS	physical	PUBMED:31062022
YJL190C	YAL038W	RPS22A	CDC19	Affinity Capture-MS	physical	PUBMED:31062022
YJL190C	YMR108W	RPS22A	ILV2	Affinity Capture-MS	physical	PUBMED:31062022
YJL190C	YBL030C	RPS22A	PET9	Affinity Capture-MS	physical	PUBMED:31062022
YJL190C	YKL035W	RPS22A	UGP1	Affinity Capture-MS	physical	PUBMED:31062022
YJL190C	YGL008C	RPS22A	PMA1	Affinity Capture-MS	physical	PUBMED:31062022
YOL127W	YAL038W	RPL25	CDC19	Affinity Capture-MS	physical	PUBMED:31062022
YOL127W	YMR108W	RPL25	ILV2	Affinity Capture-MS	physical	PUBMED:31062022
YLR344W	YAL038W	RPL26A	CDC19	Affinity Capture-MS	physical	PUBMED:31062022
YLR344W	YMR108W	RPL26A	ILV2	Affinity Capture-MS	physical	PUBMED:31062022
YLR344W	YLR305C	RPL26A	STT4	Affinity Capture-MS	physical	PUBMED:31062022
YLR344W	YGL008C	RPL26A	PMA1	Affinity Capture-MS	physical	PUBMED:31062022
YLR344W	YBL030C	RPL26A	PET9	Affinity Capture-MS	physical	PUBMED:31062022
YLR344W	YKL035W	RPL26A	UGP1	Affinity Capture-MS	physical	PUBMED:31062022
YKL156W	YAL038W	RPS27A	CDC19	Affinity Capture-MS	physical	PUBMED:31062022
YKL156W	YMR108W	RPS27A	ILV2	Affinity Capture-MS	physical	PUBMED:31062022
YKL156W	YBL030C	RPS27A	PET9	Affinity Capture-MS	physical	PUBMED:31062022
YKL156W	YGL008C	RPS27A	PMA1	Affinity Capture-MS	physical	PUBMED:31062022
YKL156W	YLR305C	RPS27A	STT4	Affinity Capture-MS	physical	PUBMED:31062022
YKL156W	YKL035W	RPS27A	UGP1	Affinity Capture-MS	physical	PUBMED:31062022
YDL075W	YAL038W	RPL31A	CDC19	Affinity Capture-MS	physical	PUBMED:31062022
YDL075W	YMR108W	RPL31A	ILV2	Affinity Capture-MS	physical	PUBMED:31062022
YDL075W	YGL008C	RPL31A	PMA1	Affinity Capture-MS	physical	PUBMED:31062022
YDL075W	YBL030C	RPL31A	PET9	Affinity Capture-MS	physical	PUBMED:31062022
YNL178W	YAL038W	RPS3	CDC19	Affinity Capture-MS	physical	PUBMED:31062022
YNL178W	YMR108W	RPS3	ILV2	Affinity Capture-MS	physical	PUBMED:31062022
YNL178W	YBL030C	RPS3	PET9	Affinity Capture-MS	physical	PUBMED:31062022
YNL178W	YDR023W	RPS3	SES1	Affinity Capture-MS	physical	PUBMED:31062022
YNL178W	YLR305C	RPS3	STT4	Affinity Capture-MS	physical	PUBMED:31062022
YNL178W	YGL008C	RPS3	PMA1	Affinity Capture-MS	physical	PUBMED:31062022
YCR031C	YAL038W	RPS14A	CDC19	Affinity Capture-MS	physical	PUBMED:31062022
YCR031C	YMR108W	RPS14A	ILV2	Affinity Capture-MS	physical	PUBMED:31062022
YCR031C	YGL008C	RPS14A	PMA1	Affinity Capture-MS	physical	PUBMED:31062022
YCR031C	YBL030C	RPS14A	PET9	Affinity Capture-MS	physical	PUBMED:31062022
YCR031C	YKL035W	RPS14A	UGP1	Affinity Capture-MS	physical	PUBMED:31062022
YBR023C	YBR005W	CHS3	RCR1	Affinity Capture-Western	physical	PUBMED:32421152
YDL140C	YKL035W	RPO21	UGP1	Affinity Capture-MS	physical	PUBMED:33226341
YDL140C	YBL030C	RPO21	PET9	Affinity Capture-MS	physical	PUBMED:33226341
YOR033C	YJL026W	EXO1	RNR2	Dosage Rescue	genetic	PUBMED:32020204
YOR033C	YIL066C	EXO1	RNR3	Dosage Rescue	genetic	PUBMED:32020204
YOR033C	YGR180C	EXO1	RNR4	Dosage Rescue	genetic	PUBMED:32020204
YCR035C	YGL008C	RRP43	PMA1	Affinity Capture-MS	physical	PUBMED:31662437
YDR140W	YMR108W	MTQ2	ILV2	Affinity Capture-MS	physical	PUBMED:33166396
YDR140W	YER070W	MTQ2	RNR1	Affinity Capture-MS	physical	PUBMED:33166396
YNL077W	YBL030C	APJ1	PET9	Affinity Capture-MS	physical	PUBMED:32492414
YNL077W	YGL008C	APJ1	PMA1	Affinity Capture-MS	physical	PUBMED:32492414
YNL077W	YLR305C	APJ1	STT4	Affinity Capture-MS	physical	PUBMED:32492414
YNL077W	YIL043C	APJ1	CBR1	Affinity Capture-MS	physical	PUBMED:32492414
YBR183W	YBR085W	YPC1	AAC3	Positive Genetic	genetic	PUBMED:26432633
YGR264C	YAL038W	MES1	CDC19	Affinity Capture-RNA	physical	PUBMED:33305314
YGR264C	YHR011W	MES1	DIA4	Affinity Capture-RNA	physical	PUBMED:33305314
YGR264C	YGL008C	MES1	PMA1	Affinity Capture-RNA	physical	PUBMED:33305314
YNR017W	YBL030C	TIM23	PET9	Affinity Capture-MS	physical	PUBMED:25124039
YNR017W	YER141W	TIM23	COX15	Affinity Capture-MS	physical	PUBMED:25124039
YNR017W	YKL141W	TIM23	SDH3	Affinity Capture-MS	physical	PUBMED:25124039
YNR017W	YMR056C	TIM23	AAC1	Affinity Capture-MS	physical	PUBMED:25124039
YNR017W	YKL150W	TIM23	MCR1	Affinity Capture-MS	physical	PUBMED:25124039
YNR017W	YIL043C	TIM23	CBR1	Affinity Capture-MS	physical	PUBMED:25124039
YNR017W	YPL036W	TIM23	PMA2	Affinity Capture-MS	physical	PUBMED:25124039
YNR017W	YMR108W	TIM23	ILV2	Affinity Capture-MS	physical	PUBMED:25124039
YNR017W	YBL030C	TIM23	PET9	Affinity Capture-Western	physical	PUBMED:25124039
YNR017W	YBL030C	TIM23	PET9	Reconstituted Complex	physical	PUBMED:25124039
YGL207W	YAL038W	SPT16	CDC19	Affinity Capture-MS	physical	PUBMED:33963860
YGL207W	YER005W	SPT16	YND1	Affinity Capture-MS	physical	PUBMED:33963860
YLR330W	YBR023C	CHS5	CHS3	PCA	physical	PUBMED:33978245
YPR029C	YBR023C	APL4	CHS3	PCA	physical	PUBMED:33978245
YER032W	YBR038W	FIR1	CHS2	Synthetic Lethality	genetic	PUBMED:30455324
YNL169C	YLR305C	PSD1	STT4	Phenotypic Enhancement	genetic	PUBMED:32303746
YLR305C	YGR170W	STT4	PSD2	Affinity Capture-Western	physical	PUBMED:32303746
YNL169C	YLR305C	PSD1	STT4	Synthetic Growth Defect	genetic	PUBMED:32303746
YER070W	YLR176C	RNR1	RFX1	Synthetic Rescue	genetic	PUBMED:32187369
YER070W	YMR234W	RNR1	RNH1	Synthetic Lethality	genetic	PUBMED:32187369
YER070W	YNL072W	RNR1	RNH201	Synthetic Lethality	genetic	PUBMED:32187369
YER070W	YDR279W	RNR1	RNH202	Synthetic Lethality	genetic	PUBMED:32187369
YER070W	YLR154C	RNR1	RNH203	Synthetic Lethality	genetic	PUBMED:32187369
YER070W	YNL072W	RNR1	RNH201	Phenotypic Enhancement	genetic	PUBMED:32187369
YER070W	YOL006C	RNR1	TOP1	Synthetic Rescue	genetic	PUBMED:32187369
YAL005C	YGL008C	SSA1	PMA1	Affinity Capture-MS	physical	PUBMED:32205407
YDR096W	YKL035W	GIS1	UGP1	Affinity Capture-MS	physical	PUBMED:32235736
YNL192W	YDR275W	CHS1	BSC2	Dosage Rescue	genetic	PUBMED:34482605
YBR023C	YDR275W	CHS3	BSC2	Dosage Rescue	genetic	PUBMED:34482605
-	YOL130W	SNCA	ALR1	Proximity Label-MS	physical	PUBMED:34571878
-	YGL008C	SNCA	PMA1	Proximity Label-MS	physical	PUBMED:34571878
YIL021W	YJL026W	RPB3	RNR2	Affinity Capture-MS	physical	PUBMED:34543624
YIL021W	YGR180C	RPB3	RNR4	Affinity Capture-MS	physical	PUBMED:34543624
YPL252C	b1094	YAH1	acpP	Reconstituted Complex	physical	PUBMED:35026224
YPL252C	YER048W-A	YAH1	ISD11	Reconstituted Complex	physical	PUBMED:35026224
YPL252C	YCL017C	YAH1	NFS1	Reconstituted Complex	physical	PUBMED:35026224
YPL252C	YPL135W	YAH1	ISU1	Reconstituted Complex	physical	PUBMED:35026224
YIL021W	YKL035W	RPB3	UGP1	Affinity Capture-MS	physical	PUBMED:33888559
YML092C	YBL030C	PRE8	PET9	Affinity Capture-MS	physical	PUBMED:32868373
YPL036W	YDR499W	PMA2	LCD1	Dosage Growth Defect	genetic	PUBMED:34871443
YLR293C	YKL035W	GSP1	UGP1	Affinity Capture-MS	physical	PUBMED:34646016
YDL140C	YBR023C	RPO21	CHS3	Negative Genetic	genetic	PUBMED:24009531
YDL140C	YER005W	RPO21	YND1	Negative Genetic	genetic	PUBMED:24009531
YDL140C	YBR069C	RPO21	TAT1	Positive Genetic	genetic	PUBMED:24009531
YDR486C	YGL008C	VPS60	PMA1	Affinity Capture-MS	physical	PUBMED:35445263
YHR205W	YKR039W	SCH9	GAP1	PCA	physical	PUBMED:33394033
YHR205W	YKR039W	SCH9	GAP1	Reconstituted Complex	physical	PUBMED:33394033
YDR490C	YKR039W	PKH1	GAP1	Reconstituted Complex	physical	PUBMED:33394033
YHR205W	YKR039W	SCH9	GAP1	Protein-peptide	physical	PUBMED:33394033
YIL136W	YBL030C	OM45	PET9	Dosage Rescue	genetic	PUBMED:34713605
YDR470C	YBL030C	UGO1	PET9	Dosage Rescue	genetic	PUBMED:34713605
YAL048C	YBL030C	GEM1	PET9	Dosage Rescue	genetic	PUBMED:34713605
YLR342W	YBR023C	FKS1	CHS3	Negative Genetic	genetic	PUBMED:34358317
YBR069C	YPR060C	TAT1	ARO7	Negative Genetic	genetic	PUBMED:34358317
YBR069C	YDR127W	TAT1	ARO1	Negative Genetic	genetic	PUBMED:34358317
YBR069C	YPR066W	TAT1	UBA3	Negative Genetic	genetic	PUBMED:34358317
YLR318W	YER070W	EST2	RNR1	Phenotypic Suppression	genetic	PUBMED:33270890
YGL008C	YGL008C	PMA1	PMA1	Co-crystal Structure	physical	PUBMED:34750373
YDR443C	YKR039W	SSN2	GAP1	Affinity Capture-MS	physical	PUBMED:33678121
YMR076C	YIL043C	PDS5	CBR1	Affinity Capture-MS	physical	PUBMED:35439061
YMR076C	YPL036W	PDS5	PMA2	Affinity Capture-MS	physical	PUBMED:35439061
YER046W	YLR305C	SPO73	STT4	Dosage Rescue	genetic	PUBMED:34407079
YLR305C	YGR198W	STT4	YPP1	Two-hybrid	physical	PUBMED:34407079
YER046W	YLR305C	SPO73	STT4	Phenotypic Suppression	genetic	PUBMED:34407079
YNL178W	YGL008C	RPS3	PMA1	Proximity Label-MS	physical	PUBMED:34769086
YNL178W	YPL036W	RPS3	PMA2	Proximity Label-MS	physical	PUBMED:34769086
YAL038W	YBR126C	CDC19	TPS1	Synthetic Rescue	genetic	PUBMED:34616026
YAL038W	YDR074W	CDC19	TPS2	Synthetic Rescue	genetic	PUBMED:34616026
YAL038W	YMR261C	CDC19	TPS3	Synthetic Rescue	genetic	PUBMED:34616026
YAL038W	YLL026W	CDC19	HSP104	Dosage Rescue	genetic	PUBMED:34616026
YGL190C	YBR038W	CDC55	CHS2	Affinity Capture-Western	physical	PUBMED:35230542
YDL134C	YBR038W	PPH21	CHS2	Biochemical Activity	physical	PUBMED:35230542
YGL190C	YBR038W	CDC55	CHS2	Phenotypic Suppression	genetic	PUBMED:35230542
YDR180W	YLR305C	SCC2	STT4	Affinity Capture-MS	physical	PUBMED:35654035
YDR180W	YDR023W	SCC2	SES1	Affinity Capture-MS	physical	PUBMED:35654035
YDR180W	YKL035W	SCC2	UGP1	Affinity Capture-MS	physical	PUBMED:35654035
YDR180W	YML125C	SCC2	PGA3	Affinity Capture-MS	physical	PUBMED:35654035
YCL043C	YGL008C	PDI1	PMA1	Affinity Capture-MS	physical	PUBMED:35084835
YNL005C	YER070W	MRP7	RNR1	Phenotypic Suppression	genetic	PUBMED:34731012
YPL195W	YAL038W	APL5	CDC19	Proximity Label-MS	physical	PUBMED:32840906
YPL195W	YDR023W	APL5	SES1	Proximity Label-MS	physical	PUBMED:32840906
YPL195W	YDR353W	APL5	TRR1	Proximity Label-MS	physical	PUBMED:32840906
YPL195W	YBL030C	APL5	PET9	Proximity Label-MS	physical	PUBMED:32840906
YPL195W	YGL008C	APL5	PMA1	Proximity Label-MS	physical	PUBMED:32840906
YPL195W	YGR180C	APL5	RNR4	Proximity Label-MS	physical	PUBMED:32840906
YPL195W	YJL026W	APL5	RNR2	Proximity Label-MS	physical	PUBMED:32840906
YPL195W	YKL035W	APL5	UGP1	Proximity Label-MS	physical	PUBMED:32840906
YPL195W	YMR108W	APL5	ILV2	Proximity Label-MS	physical	PUBMED:32840906
YPL195W	YER005W	APL5	YND1	Proximity Label-MS	physical	PUBMED:32840906
YPL195W	YER070W	APL5	RNR1	Proximity Label-MS	physical	PUBMED:32840906
YPL195W	YPL036W	APL5	PMA2	Proximity Label-MS	physical	PUBMED:32840906
YOR176W	YER070W	HEM15	RNR1	Phenotypic Suppression	genetic	PUBMED:34517185
YAL005C	YJL026W	SSA1	RNR2	Affinity Capture-Western	physical	PUBMED:36269765
YER070W	YDR097C	RNR1	MSH6	Phenotypic Enhancement	genetic	PUBMED:35686905
YER070W	YCR092C	RNR1	MSH3	Phenotypic Enhancement	genetic	PUBMED:35686905
YER070W	YOL090W	RNR1	MSH2	Phenotypic Enhancement	genetic	PUBMED:35686905
YER070W	YPL139C	RNR1	UME1	Negative Genetic	genetic	PUBMED:35686905
YER070W	YPR030W	RNR1	CSR2	Negative Genetic	genetic	PUBMED:35686905
YER070W	YGL120C	RNR1	PRP43	Negative Genetic	genetic	PUBMED:35686905
YER070W	YPR073C	RNR1	LTP1	Negative Genetic	genetic	PUBMED:35686905
YER070W	YOL137W	RNR1	BSC6	Negative Genetic	genetic	PUBMED:35686905
YER070W	YLL041C	RNR1	SDH2	Negative Genetic	genetic	PUBMED:35686905
YER070W	YNL121C	RNR1	TOM70	Negative Genetic	genetic	PUBMED:35686905
YER070W	YKL113C	RNR1	RAD27	Negative Genetic	genetic	PUBMED:35686905
YER070W	YKL045W	RNR1	PRI2	Negative Genetic	genetic	PUBMED:35686905
YER070W	YPR051W	RNR1	MAK3	Negative Genetic	genetic	PUBMED:35686905
YER070W	YOR250C	RNR1	CLP1	Negative Genetic	genetic	PUBMED:35686905
YER070W	YLR298C	RNR1	YHC1	Negative Genetic	genetic	PUBMED:35686905
YER070W	YGL075C	RNR1	MPS2	Negative Genetic	genetic	PUBMED:35686905
YER070W	YML065W	RNR1	ORC1	Negative Genetic	genetic	PUBMED:35686905
YER070W	YJR006W	RNR1	POL31	Negative Genetic	genetic	PUBMED:35686905
YER070W	YBR204C	RNR1	LDH1	Negative Genetic	genetic	PUBMED:35686905
YER070W	YHR172W	RNR1	SPC97	Negative Genetic	genetic	PUBMED:35686905
YER070W	YOR262W	RNR1	GPN2	Negative Genetic	genetic	PUBMED:35686905
YER070W	YLR418C	RNR1	CDC73	Negative Genetic	genetic	PUBMED:35686905
YER070W	YOR194C	RNR1	TOA1	Negative Genetic	genetic	PUBMED:35686905
YER070W	YBL035C	RNR1	POL12	Negative Genetic	genetic	PUBMED:35686905
YER070W	YGR237C	RNR1	YGR237C	Negative Genetic	genetic	PUBMED:35686905
YER070W	YNL102W	RNR1	POL1	Negative Genetic	genetic	PUBMED:35686905
YER070W	YHR036W	RNR1	BRL1	Negative Genetic	genetic	PUBMED:35686905
YER070W	YCR009C	RNR1	RVS161	Negative Genetic	genetic	PUBMED:35686905
YER070W	YBL034C	RNR1	STU1	Negative Genetic	genetic	PUBMED:35686905
YER070W	YOR326W	RNR1	MYO2	Negative Genetic	genetic	PUBMED:35686905
YER070W	YDR052C	RNR1	DBF4	Negative Genetic	genetic	PUBMED:35686905
YER070W	YPL041C	RNR1	YPL041C	Negative Genetic	genetic	PUBMED:35686905
YER070W	YBR198C	RNR1	TAF5	Negative Genetic	genetic	PUBMED:35686905
YER070W	YGR173W	RNR1	RBG2	Negative Genetic	genetic	PUBMED:35686905
YER070W	YLR193C	RNR1	UPS1	Negative Genetic	genetic	PUBMED:35686905
YER070W	YBR111C	RNR1	YSA1	Negative Genetic	genetic	PUBMED:35686905
YER070W	YMR294W	RNR1	JNM1	Negative Genetic	genetic	PUBMED:35686905
YER070W	YPL190C	RNR1	NAB3	Negative Genetic	genetic	PUBMED:35686905
YER070W	YHR164C	RNR1	DNA2	Negative Genetic	genetic	PUBMED:35686905
YER070W	YML113W	RNR1	DAT1	Negative Genetic	genetic	PUBMED:35686905
YER070W	YPL082C	RNR1	MOT1	Negative Genetic	genetic	PUBMED:35686905
YER070W	YGR087C	RNR1	PDC6	Negative Genetic	genetic	PUBMED:35686905
YER070W	YGR071C	RNR1	ENV11	Negative Genetic	genetic	PUBMED:35686905
YER070W	YPR024W	RNR1	YME1	Negative Genetic	genetic	PUBMED:35686905
YER070W	YGL083W	RNR1	SCY1	Negative Genetic	genetic	PUBMED:35686905
YER070W	YDR478W	RNR1	SNM1	Negative Genetic	genetic	PUBMED:35686905
YER070W	YLR394W	RNR1	CST9	Negative Genetic	genetic	PUBMED:35686905
YER070W	YJL019W	RNR1	MPS3	Negative Genetic	genetic	PUBMED:35686905
YER070W	YBR294W	RNR1	SUL1	Negative Genetic	genetic	PUBMED:35686905
YER070W	YOL090W	RNR1	MSH2	Negative Genetic	genetic	PUBMED:35686905
YER070W	YDR097C	RNR1	MSH6	Negative Genetic	genetic	PUBMED:35686905
YER070W	YNL082W	RNR1	PMS1	Negative Genetic	genetic	PUBMED:35686905
YER070W	YMR167W	RNR1	MLH1	Negative Genetic	genetic	PUBMED:35686905
YER070W	YBR055C	RNR1	PRP6	Negative Genetic	genetic	PUBMED:35686905
YER070W	YMR251W-A	RNR1	HOR7	Negative Genetic	genetic	PUBMED:35686905
YER070W	YHR184W	RNR1	SSP1	Negative Genetic	genetic	PUBMED:35686905
YER070W	YDR080W	RNR1	VPS41	Negative Genetic	genetic	PUBMED:35686905
YER070W	YMR166C	RNR1	YMR166C	Negative Genetic	genetic	PUBMED:35686905
YER070W	YDL173W	RNR1	PAR32	Negative Genetic	genetic	PUBMED:35686905
YER070W	YDL223C	RNR1	HBT1	Negative Genetic	genetic	PUBMED:35686905
YER070W	YLR410W	RNR1	VIP1	Negative Genetic	genetic	PUBMED:35686905
YER070W	YDL122W	RNR1	UBP1	Negative Genetic	genetic	PUBMED:35686905
YER070W	YJR076C	RNR1	CDC11	Negative Genetic	genetic	PUBMED:35686905
YER070W	YHL036W	RNR1	MUP3	Negative Genetic	genetic	PUBMED:35686905
YER070W	YOR033C	RNR1	EXO1	Negative Genetic	genetic	PUBMED:35686905
YER070W	YCR002C	RNR1	CDC10	Negative Genetic	genetic	PUBMED:35686905
YER070W	YCL061C	RNR1	MRC1	Negative Genetic	genetic	PUBMED:35686905
YER070W	YMR235C	RNR1	RNA1	Negative Genetic	genetic	PUBMED:35686905
YER070W	YMR129W	RNR1	POM152	Negative Genetic	genetic	PUBMED:35686905
YER070W	YBL023C	RNR1	MCM2	Negative Genetic	genetic	PUBMED:35686905
YER070W	YML035C	RNR1	AMD1	Negative Genetic	genetic	PUBMED:35686905
YER070W	YER162C	RNR1	RAD4	Negative Genetic	genetic	PUBMED:35686905
YER070W	YLR049C	RNR1	YLR049C	Negative Genetic	genetic	PUBMED:35686905
YER070W	YDL028C	RNR1	MPS1	Negative Genetic	genetic	PUBMED:35686905
YER070W	YLR274W	RNR1	MCM5	Negative Genetic	genetic	PUBMED:35686905
YER070W	YCR024C-A	RNR1	PMP1	Negative Genetic	genetic	PUBMED:35686905
YER070W	YMR296C	RNR1	LCB1	Negative Genetic	genetic	PUBMED:35686905
YER070W	YML114C	RNR1	TAF8	Negative Genetic	genetic	PUBMED:35686905
YER070W	YFL039C	RNR1	ACT1	Negative Genetic	genetic	PUBMED:35686905
YER070W	YGL045W	RNR1	RIM8	Negative Genetic	genetic	PUBMED:35686905
YER070W	YBR060C	RNR1	ORC2	Negative Genetic	genetic	PUBMED:35686905
YER070W	YGR284C	RNR1	ERV29	Negative Genetic	genetic	PUBMED:35686905
YER070W	YDR251W	RNR1	PAM1	Negative Genetic	genetic	PUBMED:35686905
YER070W	YLR045C	RNR1	STU2	Negative Genetic	genetic	PUBMED:35686905
YER070W	YMR048W	RNR1	CSM3	Negative Genetic	genetic	PUBMED:35686905
YER070W	YDR050C	RNR1	TPI1	Negative Genetic	genetic	PUBMED:35686905
YER070W	YDL070W	RNR1	BDF2	Negative Genetic	genetic	PUBMED:35686905
YER070W	YDL102W	RNR1	POL3	Negative Genetic	genetic	PUBMED:35686905
YER070W	YAR007C	RNR1	RFA1	Negative Genetic	genetic	PUBMED:35686905
YER070W	YMR017W	RNR1	SPO20	Negative Genetic	genetic	PUBMED:35686905
YER070W	YDR423C	RNR1	CAD1	Negative Genetic	genetic	PUBMED:35686905
YER070W	YOR275C	RNR1	RIM20	Negative Genetic	genetic	PUBMED:35686905
YER070W	YFR037C	RNR1	RSC8	Negative Genetic	genetic	PUBMED:35686905
YER070W	YHR191C	RNR1	CTF8	Negative Genetic	genetic	PUBMED:35686905
YER070W	YPR162C	RNR1	ORC4	Negative Genetic	genetic	PUBMED:35686905
YER070W	YGL130W	RNR1	CEG1	Negative Genetic	genetic	PUBMED:35686905
YER070W	YLR130C	RNR1	ZRT2	Negative Genetic	genetic	PUBMED:35686905
YER070W	YLR337C	RNR1	VRP1	Negative Genetic	genetic	PUBMED:35686905
YER070W	YPL010W	RNR1	RET3	Negative Genetic	genetic	PUBMED:35686905
YER070W	YDL039C	RNR1	PRM7	Negative Genetic	genetic	PUBMED:35686905
YER070W	YGL101W	RNR1	YGL101W	Negative Genetic	genetic	PUBMED:35686905
YER070W	YBL031W	RNR1	SHE1	Negative Genetic	genetic	PUBMED:35686905
YER070W	YOR175C	RNR1	ALE1	Negative Genetic	genetic	PUBMED:35686905
YER070W	YMR154C	RNR1	RIM13	Negative Genetic	genetic	PUBMED:35686905
YER070W	YJL194W	RNR1	CDC6	Negative Genetic	genetic	PUBMED:35686905
YER070W	YDL006W	RNR1	PTC1	Negative Genetic	genetic	PUBMED:35686905
YER070W	YIL126W	RNR1	STH1	Negative Genetic	genetic	PUBMED:35686905
YER070W	YOL141W	RNR1	PPM2	Negative Genetic	genetic	PUBMED:35686905
YER070W	YDL157C	RNR1	YDL157C	Negative Genetic	genetic	PUBMED:35686905
YER070W	YJR080C	RNR1	AIM24	Negative Genetic	genetic	PUBMED:35686905
YER070W	YGL061C	RNR1	DUO1	Negative Genetic	genetic	PUBMED:35686905
YER070W	YGR140W	RNR1	CBF2	Negative Genetic	genetic	PUBMED:35686905
YER070W	YDR081C	RNR1	PDC2	Negative Genetic	genetic	PUBMED:35686905
YER070W	YDR044W	RNR1	HEM13	Negative Genetic	genetic	PUBMED:35686905
YER070W	YCL016C	RNR1	DCC1	Negative Genetic	genetic	PUBMED:35686905
YER070W	YHR107C	RNR1	CDC12	Negative Genetic	genetic	PUBMED:35686905
YER070W	YIL036W	RNR1	CST6	Negative Genetic	genetic	PUBMED:35686905
YER070W	YHR065C	RNR1	RRP3	Negative Genetic	genetic	PUBMED:35686905
YER070W	YGR260W	RNR1	TNA1	Negative Genetic	genetic	PUBMED:35686905
YER070W	YFR028C	RNR1	CDC14	Negative Genetic	genetic	PUBMED:35686905
YER070W	YOR239W	RNR1	ABP140	Negative Genetic	genetic	PUBMED:35686905
YER070W	YOR288C	RNR1	MPD1	Negative Genetic	genetic	PUBMED:35686905
YER070W	YPL183W-A	RNR1	RTC6	Negative Genetic	genetic	PUBMED:35686905
YER070W	YDL126C	RNR1	CDC48	Negative Genetic	genetic	PUBMED:35686905
YER070W	YPL140C	RNR1	MKK2	Negative Genetic	genetic	PUBMED:35686905
YER070W	YOR253W	RNR1	NAT5	Negative Genetic	genetic	PUBMED:35686905
YER070W	YNR044W	RNR1	AGA1	Negative Genetic	genetic	PUBMED:35686905
YER070W	YIR011C	RNR1	STS1	Negative Genetic	genetic	PUBMED:35686905
YER070W	YGL133W	RNR1	ITC1	Negative Genetic	genetic	PUBMED:35686905
YER070W	YJR057W	RNR1	CDC8	Negative Genetic	genetic	PUBMED:35686905
YER070W	YJR077C	RNR1	MIR1	Negative Genetic	genetic	PUBMED:35686905
YER070W	YLR168C	RNR1	UPS2	Negative Genetic	genetic	PUBMED:35686905
YER070W	YGL196W	RNR1	DSD1	Negative Genetic	genetic	PUBMED:35686905
YER070W	YOR294W	RNR1	RRS1	Negative Genetic	genetic	PUBMED:35686905
YER070W	YOR358W	RNR1	HAP5	Negative Genetic	genetic	PUBMED:35686905
YER070W	YDR150W	RNR1	NUM1	Negative Genetic	genetic	PUBMED:35686905
YER070W	YKR022C	RNR1	NTR2	Negative Genetic	genetic	PUBMED:35686905
YER070W	YPL233W	RNR1	NSL1	Negative Genetic	genetic	PUBMED:35686905
YER070W	YFL034C-B	RNR1	MOB2	Negative Genetic	genetic	PUBMED:35686905
YER070W	YDL082W	RNR1	RPL13A	Negative Genetic	genetic	PUBMED:35686905
YER070W	YDR057W	RNR1	YOS9	Negative Genetic	genetic	PUBMED:35686905
YER070W	YPR189W	RNR1	SKI3	Negative Genetic	genetic	PUBMED:35686905
YER070W	YDL105W	RNR1	NSE4	Negative Genetic	genetic	PUBMED:35686905
YER070W	YOR204W	RNR1	DED1	Negative Genetic	genetic	PUBMED:35686905
YER070W	YGR245C	RNR1	SDA1	Negative Genetic	genetic	PUBMED:35686905
YER070W	YML131W	RNR1	YML131W	Negative Genetic	genetic	PUBMED:35686905
YER070W	YDL003W	RNR1	MCD1	Negative Genetic	genetic	PUBMED:35686905
YER070W	YJL081C	RNR1	ARP4	Negative Genetic	genetic	PUBMED:35686905
YER070W	YJL034W	RNR1	KAR2	Negative Genetic	genetic	PUBMED:35686905
YER070W	YPL085W	RNR1	SEC16	Negative Genetic	genetic	PUBMED:35686905
YER070W	YHR008C	RNR1	SOD2	Negative Genetic	genetic	PUBMED:35686905
YER070W	YMR201C	RNR1	RAD14	Negative Genetic	genetic	PUBMED:35686905
YER070W	YNL050C	RNR1	YNL050C	Negative Genetic	genetic	PUBMED:35686905
YER070W	YDR219C	RNR1	MFB1	Negative Genetic	genetic	PUBMED:35686905
YER070W	YGR007W	RNR1	ECT1	Negative Genetic	genetic	PUBMED:35686905
YOR204W	YBR085W	DED1	AAC3	Negative Genetic	genetic	PUBMED:36409020
YOR204W	YMR056C	DED1	AAC1	Negative Genetic	genetic	PUBMED:36409020
YOR204W	YIL043C	DED1	CBR1	Negative Genetic	genetic	PUBMED:36409020
YOR204W	YER005W	DED1	YND1	Positive Genetic	genetic	PUBMED:36409020
YOR204W	YER141W	DED1	COX15	Positive Genetic	genetic	PUBMED:36409020
YOR204W	YHL012W	DED1	YHL012W	Positive Genetic	genetic	PUBMED:36409020
YOR204W	YIL066C	DED1	RNR3	Positive Genetic	genetic	PUBMED:36409020
YOR204W	YJL100W	DED1	LSB6	Positive Genetic	genetic	PUBMED:36409020
YLR035C-A	YDR023W	YLR035C-A	SES1	Affinity Capture-MS	physical	PUBMED:36401307
YLR035C-A	YGR180C	YLR035C-A	RNR4	Affinity Capture-MS	physical	PUBMED:36401307
YLR035C-A	YJL026W	YLR035C-A	RNR2	Affinity Capture-MS	physical	PUBMED:36401307
YDR258C	YMR108W	HSP78	ILV2	Affinity Capture-MS	physical	PUBMED:36115461
YDR258C	YKL150W	HSP78	MCR1	Affinity Capture-MS	physical	PUBMED:36115461
YDR258C	YLR305C	HSP78	STT4	Affinity Capture-MS	physical	PUBMED:36115461
YDR258C	YMR108W	HSP78	ILV2	Affinity Capture-Western	physical	PUBMED:36115461
YDL217C	YKL141W	TIM22	SDH3	Co-purification	physical	PUBMED:32918038
YKL150W	YAL005C	MCR1	SSA1	Reconstituted Complex	physical	PUBMED:35876647
YKL150W	YLL024C	MCR1	SSA2	Reconstituted Complex	physical	PUBMED:35876647
YKL150W	YNL064C	MCR1	YDJ1	Reconstituted Complex	physical	PUBMED:35876647
YKL150W	YNL007C	MCR1	SIS1	Reconstituted Complex	physical	PUBMED:35876647
YKL150W	YIR004W	MCR1	DJP1	Reconstituted Complex	physical	PUBMED:35876647
YKL150W	YPL240C	MCR1	HSP82	Reconstituted Complex	physical	PUBMED:35876647
YKL150W	YDR214W	MCR1	AHA1	Reconstituted Complex	physical	PUBMED:35876647
YKL150W	YOR027W	MCR1	STI1	Reconstituted Complex	physical	PUBMED:35876647
YKL150W	YLL026W	MCR1	HSP104	Reconstituted Complex	physical	PUBMED:35876647
YKL150W	YDR171W	MCR1	HSP42	Reconstituted Complex	physical	PUBMED:35876647
YKL150W	YOR027W	MCR1	STI1	Affinity Capture-MS	physical	PUBMED:35876647
YKL150W	YJL012C	MCR1	VTC4	Affinity Capture-MS	physical	PUBMED:35876647
YKL150W	YFL004W	MCR1	VTC2	Affinity Capture-MS	physical	PUBMED:35876647
YKL150W	YBR227C	MCR1	MCX1	Affinity Capture-MS	physical	PUBMED:35876647
YKL150W	YPL240C	MCR1	HSP82	Affinity Capture-MS	physical	PUBMED:35876647
YKL150W	YIL016W	MCR1	SNL1	Affinity Capture-MS	physical	PUBMED:35876647
YKL150W	YKL073W	MCR1	LHS1	Affinity Capture-MS	physical	PUBMED:35876647
YKL150W	YDR214W	MCR1	AHA1	Affinity Capture-MS	physical	PUBMED:35876647
YKL150W	YNL209W	MCR1	SSB2	Affinity Capture-MS	physical	PUBMED:35876647
YKL150W	YMR186W	MCR1	HSC82	Affinity Capture-MS	physical	PUBMED:35876647
YKL150W	YLL024C	MCR1	SSA2	Affinity Capture-MS	physical	PUBMED:35876647
YKL150W	YDL003W	MCR1	MCD1	Affinity Capture-MS	physical	PUBMED:35876647
YKL150W	YLL026W	MCR1	HSP104	Affinity Capture-MS	physical	PUBMED:35876647
YKL150W	YAL005C	MCR1	SSA1	Affinity Capture-MS	physical	PUBMED:35876647
YKL150W	YLR259C	MCR1	HSP60	Affinity Capture-MS	physical	PUBMED:35876647
YKL150W	YPL106C	MCR1	SSE1	Affinity Capture-MS	physical	PUBMED:35876647
YKL150W	YDL229W	MCR1	SSB1	Affinity Capture-MS	physical	PUBMED:35876647
YKL150W	YNL064C	MCR1	YDJ1	Affinity Capture-MS	physical	PUBMED:35876647
YKL150W	YNL007C	MCR1	SIS1	Affinity Capture-MS	physical	PUBMED:35876647
YKL150W	YGR285C	MCR1	ZUO1	Affinity Capture-MS	physical	PUBMED:35876647
YKL150W	YER103W	MCR1	SSA4	Affinity Capture-MS	physical	PUBMED:35876647
YJL026W	YDR082W	RNR2	STN1	Dosage Lethality	genetic	PUBMED:35150303
YDR359C	YER005W	EAF1	YND1	Negative Genetic	genetic	PUBMED:36066422
YDR359C	YNL192W	EAF1	CHS1	Positive Genetic	genetic	PUBMED:36066422
YFL024C	YCR024C-A	EPL1	PMP1	Positive Genetic	genetic	PUBMED:36066422
YFL024C	YNL192W	EPL1	CHS1	Positive Genetic	genetic	PUBMED:36066422
YFL024C	YBR069C	EPL1	TAT1	Positive Genetic	genetic	PUBMED:36066422
YER070W	YAL005C	RNR1	SSA1	Two-hybrid	physical	PUBMED:35417483
YER070W	YLL024C	RNR1	SSA2	Two-hybrid	physical	PUBMED:35417483
YER070W	YBL075C	RNR1	SSA3	Two-hybrid	physical	PUBMED:35417483
YER070W	YER103W	RNR1	SSA4	Two-hybrid	physical	PUBMED:35417483
YJL026W	YAL005C	RNR2	SSA1	Two-hybrid	physical	PUBMED:35417483
YJL026W	YLL024C	RNR2	SSA2	Two-hybrid	physical	PUBMED:35417483
YGR180C	YAL005C	RNR4	SSA1	Two-hybrid	physical	PUBMED:35417483
YGR180C	YLL024C	RNR4	SSA2	Two-hybrid	physical	PUBMED:35417483
YER070W	YNL064C	RNR1	YDJ1	Affinity Capture-Western	physical	PUBMED:35417483
YJL026W	YNL064C	RNR2	YDJ1	Affinity Capture-Western	physical	PUBMED:35417483
YGR180C	YNL064C	RNR4	YDJ1	Affinity Capture-Western	physical	PUBMED:35417483
YOR276W	YAL038W	CAF20	CDC19	Affinity Capture-MS	physical	PUBMED:34188131
YDR374C	YMR101C	PHO92	SRT1	Affinity Capture-RNA	physical	PUBMED:35934316
YDR374C	YBL030C	PHO92	PET9	Affinity Capture-RNA	physical	PUBMED:35934316
YDR374C	YKL150W	PHO92	MCR1	Affinity Capture-RNA	physical	PUBMED:35934316
YDR374C	YKL141W	PHO92	SDH3	Affinity Capture-RNA	physical	PUBMED:35934316
YDR374C	YKR039W	PHO92	GAP1	Affinity Capture-RNA	physical	PUBMED:35934316
YDR374C	YLL031C	PHO92	GPI13	Affinity Capture-RNA	physical	PUBMED:35934316
YML085C	YPL036W	TUB1	PMA2	Negative Genetic	genetic	PUBMED:34739032
YER177W	YKR039W	BMH1	GAP1	Affinity Capture-MS	physical	PUBMED:35240051
YER177W	YBL030C	BMH1	PET9	Affinity Capture-MS	physical	PUBMED:35240051
YER177W	YGL008C	BMH1	PMA1	Affinity Capture-MS	physical	PUBMED:35240051
YER177W	YDR023W	BMH1	SES1	Affinity Capture-MS	physical	PUBMED:35240051
YBL030C	YBL030C	PET9	PET9	Affinity Capture-Western	physical	PUBMED:32923632
YBL030C	YPR191W	PET9	QCR2	Affinity Capture-Western	physical	PUBMED:32923632
YBL030C	YEL024W	PET9	RIP1	Affinity Capture-Western	physical	PUBMED:32923632
YBL030C	YFR033C	PET9	QCR6	Affinity Capture-Western	physical	PUBMED:32923632
YBL030C	Q0045	PET9	COX1	Affinity Capture-Western	physical	PUBMED:32923632
YBL030C	Q0250	PET9	COX2	Affinity Capture-Western	physical	PUBMED:32923632
YBL030C	YGL187C	PET9	COX4	Affinity Capture-Western	physical	PUBMED:32923632
YBL030C	YIL125W	PET9	KGD1	Affinity Capture-Western	physical	PUBMED:32923632
YBL030C	YNL121C	PET9	TOM70	Affinity Capture-Western	physical	PUBMED:32923632
YBL030C	YBL045C	PET9	COR1	Affinity Capture-Western	physical	PUBMED:32923632
YBL030C	YBL099W	PET9	ATP1	Affinity Capture-Western	physical	PUBMED:32923632
YBL030C	YJR121W	PET9	ATP2	Affinity Capture-Western	physical	PUBMED:32923632
YBL030C	YIL136W	PET9	OM45	Affinity Capture-Western	physical	PUBMED:32923632
YOR119C	YMR108W	RIO1	ILV2	Affinity Capture-MS	physical	PUBMED:37263996
YBL030C	YDL217C	PET9	TIM22	Affinity Capture-MS	physical	PUBMED:37129366
YBL030C	YDL217C	PET9	TIM22	Affinity Capture-Western	physical	PUBMED:37129366
YBL030C	YNR017W	PET9	TIM23	Affinity Capture-MS	physical	PUBMED:37129366
YBL030C	YNL169C	PET9	PSD1	Synthetic Lethality	genetic	PUBMED:37129366
YBL030C	YCL004W	PET9	PGS1	Synthetic Lethality	genetic	PUBMED:37129366
YBL030C	YOR297C	PET9	TIM18	Synthetic Lethality	genetic	PUBMED:37129366
YBL030C	YNL121C	PET9	TOM70	Synthetic Lethality	genetic	PUBMED:37129366
YBL030C	YNL064C	PET9	YDJ1	Affinity Capture-MS	physical	PUBMED:37129366
YBL030C	YAL005C	PET9	SSA1	Affinity Capture-MS	physical	PUBMED:37129366
YBL030C	YDL229W	PET9	SSB1	Affinity Capture-MS	physical	PUBMED:37129366
YBL030C	YNL209W	PET9	SSB2	Affinity Capture-MS	physical	PUBMED:37129366
YBL030C	YHR064C	PET9	SSZ1	Affinity Capture-MS	physical	PUBMED:37129366
YBL030C	YPL106C	PET9	SSE1	Affinity Capture-MS	physical	PUBMED:37129366
YBL030C	YBR169C	PET9	SSE2	Affinity Capture-MS	physical	PUBMED:37129366
YBL030C	YNL121C	PET9	TOM70	Affinity Capture-MS	physical	PUBMED:37129366
YBL030C	YHR117W	PET9	TOM71	Affinity Capture-MS	physical	PUBMED:37129366
YBL030C	YMR203W	PET9	TOM40	Affinity Capture-MS	physical	PUBMED:37129366
YBL030C	YNL131W	PET9	TOM22	Affinity Capture-MS	physical	PUBMED:37129366
YBL030C	YJL054W	PET9	TIM54	Affinity Capture-MS	physical	PUBMED:37129366
YBL030C	YPL240C	PET9	HSP82	Affinity Capture-MS	physical	PUBMED:37129366
YHR039C-A	YAL038W	VMA10	CDC19	Affinity Capture-MS	physical	PUBMED:34918374
YHR039C-A	YBL030C	VMA10	PET9	Affinity Capture-MS	physical	PUBMED:34918374
YHR039C-A	YBR085W	VMA10	AAC3	Affinity Capture-MS	physical	PUBMED:34918374
YHR039C-A	YGL008C	VMA10	PMA1	Affinity Capture-MS	physical	PUBMED:34918374
YHR039C-A	YKL150W	VMA10	MCR1	Affinity Capture-MS	physical	PUBMED:34918374
YHR039C-A	YKL035W	VMA10	UGP1	Affinity Capture-MS	physical	PUBMED:34918374
YHR039C-A	YIL043C	VMA10	CBR1	Affinity Capture-MS	physical	PUBMED:34918374
YHR039C-A	YMR108W	VMA10	ILV2	Affinity Capture-MS	physical	PUBMED:34918374
YPL015C	YIL043C	HST2	CBR1	Affinity Capture-MS	physical	PUBMED:33187982
YPL015C	YDR023W	HST2	SES1	Affinity Capture-MS	physical	PUBMED:33187982
YCR032W	YER005W	BPH1	YND1	Proximity Label-MS	physical	PUBMED:35343566
YCR032W	YJL100W	BPH1	LSB6	Proximity Label-MS	physical	PUBMED:35343566
YBR283C	YBR038W	SSH1	CHS2	Co-localization	physical	PUBMED:37073826
YLR378C	YKR039W	SEC61	GAP1	Co-localization	physical	PUBMED:37073826
YLR378C	YER141W	SEC61	COX15	Co-localization	physical	PUBMED:37073826
YLR378C	YDR302W	SEC61	GPI11	Co-localization	physical	PUBMED:37073826
YLR378C	YML125C	SEC61	PGA3	Co-localization	physical	PUBMED:37073826
YLR378C	YGR191W	SEC61	HIP1	Co-localization	physical	PUBMED:37073826
YER083C	YAL038W	GET2	CDC19	Phenotypic Enhancement	genetic	PUBMED:37286562
YLR378C	YKL035W	SEC61	UGP1	Co-localization	physical	PUBMED:37073826
YLR378C	YOR347C	SEC61	PYK2	Co-localization	physical	PUBMED:37073826
YLR378C	YIL066C	SEC61	RNR3	Co-localization	physical	PUBMED:37073826
YLR378C	YDR376W	SEC61	ARH1	Co-localization	physical	PUBMED:37073826
YLR378C	YHR011W	SEC61	DIA4	Co-localization	physical	PUBMED:37073826
YMR186W	YLR305C	HSC82	STT4	Affinity Capture-MS	physical	PUBMED:37295430
YMR186W	YDR302W	HSC82	GPI11	Affinity Capture-MS	physical	PUBMED:37295430
YMR186W	YDR353W	HSC82	TRR1	Affinity Capture-MS	physical	PUBMED:37295430
YMR186W	YBL030C	HSC82	PET9	Affinity Capture-MS	physical	PUBMED:37295430
YMR186W	YBR023C	HSC82	CHS3	Affinity Capture-MS	physical	PUBMED:37295430
YMR186W	YBR038W	HSC82	CHS2	Affinity Capture-MS	physical	PUBMED:37295430
YMR186W	YJR069C	HSC82	HAM1	Affinity Capture-MS	physical	PUBMED:37295430
YMR186W	YKL150W	HSC82	MCR1	Affinity Capture-MS	physical	PUBMED:37295430
YMR186W	YKR039W	HSC82	GAP1	Affinity Capture-MS	physical	PUBMED:37295430
YMR186W	YOL130W	HSC82	ALR1	Affinity Capture-MS	physical	PUBMED:37295430
YMR186W	YIL066C	HSC82	RNR3	Affinity Capture-MS	physical	PUBMED:37295430
YMR186W	YIL043C	HSC82	CBR1	Affinity Capture-MS	physical	PUBMED:37295430
YMR186W	YML125C	HSC82	PGA3	Affinity Capture-MS	physical	PUBMED:37295430
YMR186W	YMR056C	HSC82	AAC1	Affinity Capture-MS	physical	PUBMED:37295430
YMR186W	YER070W	HSC82	RNR1	Affinity Capture-MS	physical	PUBMED:37295430
YMR186W	YER141W	HSC82	COX15	Affinity Capture-MS	physical	PUBMED:37295430
YER141W	YER141W	COX15	COX15	Co-purification	physical	PUBMED:37348627
YER058W	YER141W	PET117	COX15	Affinity Capture-Western	physical	PUBMED:37348627
YLR227C	YLR305C	ADY4	STT4	Phenotypic Suppression	genetic	PUBMED:36857169
YOR297C	YKL141W	TIM18	SDH3	Affinity Capture-Western	physical	PUBMED:32591483
YJL054W	YKL141W	TIM54	SDH3	Affinity Capture-Western	physical	PUBMED:32591483
YDL217C	YBL030C	TIM22	PET9	Dosage Lethality	genetic	PUBMED:32591483
YPR097W	YBR002C	YPR097W	RER2	PCA	physical	PUBMED:36354737
YPL184C	YCR024C-A	MRN1	PMP1	Affinity Capture-RNA	physical	PUBMED:36862555
YPL184C	YGL008C	MRN1	PMA1	Affinity Capture-RNA	physical	PUBMED:36862555
YPL184C	YER070W	MRN1	RNR1	Affinity Capture-RNA	physical	PUBMED:36862555
YML117W	YCR024C-A	NAB6	PMP1	Affinity Capture-RNA	physical	PUBMED:36862555
YML117W	YGL008C	NAB6	PMA1	Affinity Capture-RNA	physical	PUBMED:36862555
YOR073W	YMR056C	SGO1	AAC1	Affinity Capture-MS	physical	PUBMED:33929514
YOR073W	YER141W	SGO1	COX15	Affinity Capture-MS	physical	PUBMED:33929514
YOR073W	YLR305C	SGO1	STT4	Affinity Capture-MS	physical	PUBMED:33929514
YOR073W	YAL038W	SGO1	CDC19	Affinity Capture-MS	physical	PUBMED:33929514
YOR073W	YBL030C	SGO1	PET9	Affinity Capture-MS	physical	PUBMED:33929514
YOR073W	YBR023C	SGO1	CHS3	Affinity Capture-MS	physical	PUBMED:33929514
YOR073W	YBR069C	SGO1	TAT1	Affinity Capture-MS	physical	PUBMED:33929514
YOR073W	YGL008C	SGO1	PMA1	Affinity Capture-MS	physical	PUBMED:33929514
YDR329C	YAL038W	PEX3	CDC19	Affinity Capture-MS	physical	PUBMED:35404228
YDR329C	YBL030C	PEX3	PET9	Affinity Capture-MS	physical	PUBMED:35404228
YDR329C	YKL150W	PEX3	MCR1	Affinity Capture-MS	physical	PUBMED:35404228
YDR329C	YBR069C	PEX3	TAT1	Affinity Capture-MS	physical	PUBMED:35404228
YDR329C	YGL008C	PEX3	PMA1	Affinity Capture-MS	physical	PUBMED:35404228
YCR060W	YMR056C	TAH1	AAC1	Affinity Capture-MS	physical	PUBMED:33826901
YCR060W	YBL030C	TAH1	PET9	Affinity Capture-MS	physical	PUBMED:33826901
YOR204W	YAL038W	DED1	CDC19	Protein-RNA	physical	PUBMED:37628617
YGR157W	YPL036W	CHO2	PMA2	Synthetic Growth Defect	genetic	PUBMED:25313861
YPL006W	YML125C	NCR1	PGA3	Two-hybrid	physical	PUBMED:37440478
YDR334W	YBR023C	SWR1	CHS3	Phenotypic Suppression	genetic	PUBMED:36542480
YPL153C	YDR023W	RAD53	SES1	Proximity Label-MS	physical	PUBMED:37766847
YPL153C	YDR353W	RAD53	TRR1	Proximity Label-MS	physical	PUBMED:37766847
YGL173C	YAL038W	XRN1	CDC19	Affinity Capture-MS	physical	PUBMED:37746059
YGL173C	YGL008C	XRN1	PMA1	Affinity Capture-MS	physical	PUBMED:37746059
YGL173C	YBL030C	XRN1	PET9	Affinity Capture-MS	physical	PUBMED:37746059
YGR086C	YAL038W	PIL1	CDC19	Affinity Capture-MS	physical	PUBMED:37746059
YGR086C	YDR023W	PIL1	SES1	Affinity Capture-MS	physical	PUBMED:37746059
YGR086C	YBL030C	PIL1	PET9	Affinity Capture-MS	physical	PUBMED:37746059
YGR086C	YGL008C	PIL1	PMA1	Affinity Capture-MS	physical	PUBMED:37746059
YGR086C	YGR180C	PIL1	RNR4	Affinity Capture-MS	physical	PUBMED:37746059
YGR086C	YJL026W	PIL1	RNR2	Affinity Capture-MS	physical	PUBMED:37746059
YGR086C	YKL150W	PIL1	MCR1	Affinity Capture-MS	physical	PUBMED:37746059
YDR279W	YER070W	RNH202	RNR1	Synthetic Growth Defect	genetic	PUBMED:36869098
YKL049C	YIL066C	CSE4	RNR3	Negative Genetic	genetic	PUBMED:37436802
YKL049C	YML125C	CSE4	PGA3	Negative Genetic	genetic	PUBMED:37436802
YKL049C	YMR056C	CSE4	AAC1	Negative Genetic	genetic	PUBMED:37436802
YPL211W	YPL036W	NIP7	PMA2	Affinity Capture-MS	physical	PUBMED:37968396
YPR191W	YBL030C	QCR2	PET9	Affinity Capture-MS	physical	PUBMED:37968396
YKR016W	YBL030C	MIC60	PET9	Affinity Capture-MS	physical	PUBMED:37968396
YHR051W	YBL030C	COX6	PET9	Affinity Capture-MS	physical	PUBMED:37968396
YGL187C	YBL030C	COX4	PET9	Affinity Capture-MS	physical	PUBMED:37968396
YEL024W	YBL030C	RIP1	PET9	Affinity Capture-MS	physical	PUBMED:37968396
YBL030C	YLR356W	PET9	ATG33	Affinity Capture-MS	physical	PUBMED:37968396
YBL045C	YBL030C	COR1	PET9	Affinity Capture-MS	physical	PUBMED:37968396
YBL027W	YBL030C	RPL19B	PET9	Affinity Capture-MS	physical	PUBMED:37968396
YNL252C	YKL150W	MRPL17	MCR1	Affinity Capture-MS	physical	PUBMED:37968396
YBL025W	YPL036W	RRN10	PMA2	Affinity Capture-MS	physical	PUBMED:37968396
YMR275C	YJR069C	BUL1	HAM1	Affinity Capture-MS	physical	PUBMED:37968396
YNL243W	YPL036W	SLA2	PMA2	Affinity Capture-MS	physical	PUBMED:37968396
YBR234C	YBR038W	ARC40	CHS2	Affinity Capture-MS	physical	PUBMED:37968396
YBR234C	YBR023C	ARC40	CHS3	Affinity Capture-MS	physical	PUBMED:37968396
YKR060W	YPL036W	UTP30	PMA2	Affinity Capture-MS	physical	PUBMED:37968396
YIL091C	YPL036W	UTP25	PMA2	Affinity Capture-MS	physical	PUBMED:37968396
YGR195W	YPL036W	SKI6	PMA2	Affinity Capture-MS	physical	PUBMED:37968396
YNL261W	YIL066C	ORC5	RNR3	Affinity Capture-MS	physical	PUBMED:37968396
YKR081C	YJL026W	RPF2	RNR2	Affinity Capture-MS	physical	PUBMED:37968396
YKR081C	YGR180C	RPF2	RNR4	Affinity Capture-MS	physical	PUBMED:37968396
YFR001W	YPL036W	LOC1	PMA2	Affinity Capture-MS	physical	PUBMED:37968396
YNL312W	YIL066C	RFA2	RNR3	Affinity Capture-MS	physical	PUBMED:37968396
YER070W	YML124C	RNR1	TUB3	Affinity Capture-MS	physical	PUBMED:37968396
YER070W	YML085C	RNR1	TUB1	Affinity Capture-MS	physical	PUBMED:37968396
YER070W	YOR229W	RNR1	WTM2	Affinity Capture-MS	physical	PUBMED:37968396
YER070W	YLR259C	RNR1	HSP60	Affinity Capture-MS	physical	PUBMED:37968396
YER070W	YOR283W	RNR1	YOR283W	Affinity Capture-MS	physical	PUBMED:37968396
YER070W	YOR230W	RNR1	WTM1	Affinity Capture-MS	physical	PUBMED:37968396
YER070W	YJL026W	RNR1	RNR2	Affinity Capture-MS	physical	PUBMED:37968396
YER070W	YIL066C	RNR1	RNR3	Affinity Capture-MS	physical	PUBMED:37968396
YER070W	YLR109W	RNR1	AHP1	Affinity Capture-MS	physical	PUBMED:37968396
YER070W	YLR043C	RNR1	TRX1	Affinity Capture-MS	physical	PUBMED:37968396
YER070W	YGR180C	RNR1	RNR4	Affinity Capture-MS	physical	PUBMED:37968396
YER070W	YDR214W	RNR1	AHA1	Affinity Capture-MS	physical	PUBMED:37968396
YDR051C	YER070W	DET1	RNR1	Affinity Capture-MS	physical	PUBMED:37968396
YNL126W	YIL066C	SPC98	RNR3	Affinity Capture-MS	physical	PUBMED:37968396
YAL049C	YER070W	AIM2	RNR1	Affinity Capture-MS	physical	PUBMED:37968396
YLR115W	YPL036W	CFT2	PMA2	Affinity Capture-MS	physical	PUBMED:37968396
YBR200W	YPL036W	BEM1	PMA2	Affinity Capture-MS	physical	PUBMED:37968396
YLR044C	YGR180C	PDC1	RNR4	Affinity Capture-MS	physical	PUBMED:37968396
YLR044C	YDR023W	PDC1	SES1	Affinity Capture-MS	physical	PUBMED:37968396
YHR174W	YDR023W	ENO2	SES1	Affinity Capture-MS	physical	PUBMED:37968396
YFR053C	YGR180C	HXK1	RNR4	Affinity Capture-MS	physical	PUBMED:37968396
YFR053C	YDR023W	HXK1	SES1	Affinity Capture-MS	physical	PUBMED:37968396
YFR053C	YDR353W	HXK1	TRR1	Affinity Capture-MS	physical	PUBMED:37968396
YDR050C	YGR180C	TPI1	RNR4	Affinity Capture-MS	physical	PUBMED:37968396
YBR196C	YGR180C	PGI1	RNR4	Affinity Capture-MS	physical	PUBMED:37968396
YCR012W	YDR023W	PGK1	SES1	Affinity Capture-MS	physical	PUBMED:37968396
YCR012W	YIL043C	PGK1	CBR1	Affinity Capture-MS	physical	PUBMED:37968396
YJL217W	YPL036W	REE1	PMA2	Affinity Capture-MS	physical	PUBMED:37968396
YFL045C	YBR023C	SEC53	CHS3	Affinity Capture-MS	physical	PUBMED:37968396
YLR325C	YBL030C	RPL38	PET9	Affinity Capture-MS	physical	PUBMED:37968396
YIL161W	YPL036W	YIL161W	PMA2	Affinity Capture-MS	physical	PUBMED:37968396
YGR162W	YPL036W	TIF4631	PMA2	Affinity Capture-MS	physical	PUBMED:37968396
YER056C-A	YPL036W	RPL34A	PMA2	Affinity Capture-MS	physical	PUBMED:37968396
YIR010W	YPL036W	DSN1	PMA2	Affinity Capture-MS	physical	PUBMED:37968396
YMR125W	YJR069C	STO1	HAM1	Affinity Capture-MS	physical	PUBMED:37968396
YML095C	YPL036W	RAD10	PMA2	Affinity Capture-MS	physical	PUBMED:37968396
YNL323W	YBR023C	LEM3	CHS3	Affinity Capture-MS	physical	PUBMED:37968396
YKL039W	YBR023C	PTM1	CHS3	Affinity Capture-MS	physical	PUBMED:37968396
YDR093W	YBR023C	DNF2	CHS3	Affinity Capture-MS	physical	PUBMED:37968396
YER166W	YBR023C	DNF1	CHS3	Affinity Capture-MS	physical	PUBMED:37968396
YBR023C	YOR327C	CHS3	SNC2	Affinity Capture-MS	physical	PUBMED:37968396
YBR023C	YDR264C	CHS3	AKR1	Affinity Capture-MS	physical	PUBMED:37968396
YBR023C	YAL053W	CHS3	FLC2	Affinity Capture-MS	physical	PUBMED:37968396
YBR023C	YMR071C	CHS3	TVP18	Affinity Capture-MS	physical	PUBMED:37968396
YBR023C	YKL209C	CHS3	STE6	Affinity Capture-MS	physical	PUBMED:37968396
YBR023C	YGL203C	CHS3	KEX1	Affinity Capture-MS	physical	PUBMED:37968396
YBR023C	YGL160W	CHS3	AIM14	Affinity Capture-MS	physical	PUBMED:37968396
YBR023C	YMR054W	CHS3	STV1	Affinity Capture-MS	physical	PUBMED:37968396
YBR023C	YKL011C	CHS3	CCE1	Affinity Capture-MS	physical	PUBMED:37968396
YAL026C	YBR023C	DRS2	CHS3	Affinity Capture-MS	physical	PUBMED:37968396
YAL053W	YPL036W	FLC2	PMA2	Affinity Capture-MS	physical	PUBMED:37968396
YHR133C	YML125C	NSG1	PGA3	Affinity Capture-MS	physical	PUBMED:37968396
YIL016W	YIL043C	SNL1	CBR1	Affinity Capture-MS	physical	PUBMED:37968396
YGL065C	YML125C	ALG2	PGA3	Affinity Capture-MS	physical	PUBMED:37968396
YHL003C	YPL036W	LAG1	PMA2	Affinity Capture-MS	physical	PUBMED:37968396
YGL012W	YML125C	ERG4	PGA3	Affinity Capture-MS	physical	PUBMED:37968396
YEL031W	YML125C	SPF1	PGA3	Affinity Capture-MS	physical	PUBMED:37968396
YDL095W	YML125C	PMT1	PGA3	Affinity Capture-MS	physical	PUBMED:37968396
YBR106W	YML125C	PHO88	PGA3	Affinity Capture-MS	physical	PUBMED:37968396
YBR106W	YIL043C	PHO88	CBR1	Affinity Capture-MS	physical	PUBMED:37968396
YBR106W	YGL008C	PHO88	PMA1	Affinity Capture-MS	physical	PUBMED:37968396
YBR106W	YBR069C	PHO88	TAT1	Affinity Capture-MS	physical	PUBMED:37968396
YDL223C	YPL036W	HBT1	PMA2	Affinity Capture-MS	physical	PUBMED:37968396
YKL063C	YPL036W	YKL063C	PMA2	Affinity Capture-MS	physical	PUBMED:37968396
YAL023C	YPL036W	PMT2	PMA2	Affinity Capture-MS	physical	PUBMED:37968396
YDR182W	YBR023C	CDC1	CHS3	Affinity Capture-MS	physical	PUBMED:37968396
YAL038W	YOR375C	CDC19	GDH1	Affinity Capture-MS	physical	PUBMED:37968396
YAL038W	YOL109W	CDC19	ZEO1	Affinity Capture-MS	physical	PUBMED:37968396
YAL038W	YLR043C	CDC19	TRX1	Affinity Capture-MS	physical	PUBMED:37968396
YAL038W	YLL050C	CDC19	COF1	Affinity Capture-MS	physical	PUBMED:37968396
YAL038W	YLR354C	CDC19	TAL1	Affinity Capture-MS	physical	PUBMED:37968396
YAL038W	YLR044C	CDC19	PDC1	Affinity Capture-MS	physical	PUBMED:37968396
YAL038W	YKL056C	CDC19	TMA19	Affinity Capture-MS	physical	PUBMED:37968396
YAL038W	YJR104C	CDC19	SOD1	Affinity Capture-MS	physical	PUBMED:37968396
YAL038W	YKL152C	CDC19	GPM1	Affinity Capture-MS	physical	PUBMED:37968396
YAL038W	YKL060C	CDC19	FBA1	Affinity Capture-MS	physical	PUBMED:37968396
YAL038W	YGR254W	CDC19	ENO1	Affinity Capture-MS	physical	PUBMED:37968396
YAL038W	YFR053C	CDC19	HXK1	Affinity Capture-MS	physical	PUBMED:37968396
YAL038W	YHR174W	CDC19	ENO2	Affinity Capture-MS	physical	PUBMED:37968396
YAL038W	YHR128W	CDC19	FUR1	Affinity Capture-MS	physical	PUBMED:37968396
YAL038W	YDR155C	CDC19	CPR1	Affinity Capture-MS	physical	PUBMED:37968396
YAL038W	YDR050C	CDC19	TPI1	Affinity Capture-MS	physical	PUBMED:37968396
YAL038W	YER023W	CDC19	PRO3	Affinity Capture-MS	physical	PUBMED:37968396
YAL038W	YDR226W	CDC19	ADK1	Affinity Capture-MS	physical	PUBMED:37968396
YAL038W	YAL003W	CDC19	EFB1	Affinity Capture-MS	physical	PUBMED:37968396
YAL038W	YPR074C	CDC19	TKL1	Affinity Capture-MS	physical	PUBMED:37968396
YAL038W	YCR012W	CDC19	PGK1	Affinity Capture-MS	physical	PUBMED:37968396
YAL038W	YBR196C	CDC19	PGI1	Affinity Capture-MS	physical	PUBMED:37968396
YAL038W	YOR374W	CDC19	ALD4	Affinity Capture-MS	physical	PUBMED:37968396
YAL038W	YOR347C	CDC19	PYK2	Affinity Capture-MS	physical	PUBMED:37968396
YAL038W	YPR035W	CDC19	GLN1	Affinity Capture-MS	physical	PUBMED:37968396
YAL038W	YPL240C	CDC19	HSP82	Affinity Capture-MS	physical	PUBMED:37968396
YAL038W	YNL085W	CDC19	MKT1	Affinity Capture-MS	physical	PUBMED:37968396
YAL038W	YNL064C	CDC19	YDJ1	Affinity Capture-MS	physical	PUBMED:37968396
YAL038W	YOR133W	CDC19	EFT1	Affinity Capture-MS	physical	PUBMED:37968396
YAL038W	YNL160W	CDC19	YGP1	Affinity Capture-MS	physical	PUBMED:37968396
YAL038W	YML004C	CDC19	GLO1	Affinity Capture-MS	physical	PUBMED:37968396
YAL038W	YLR180W	CDC19	SAM1	Affinity Capture-MS	physical	PUBMED:37968396
YAL038W	YMR205C	CDC19	PFK2	Affinity Capture-MS	physical	PUBMED:37968396
YAL038W	YML111W	CDC19	BUL2	Affinity Capture-MS	physical	PUBMED:37968396
YAL038W	YJR009C	CDC19	TDH2	Affinity Capture-MS	physical	PUBMED:37968396
YAL038W	YJL217W	CDC19	REE1	Affinity Capture-MS	physical	PUBMED:37968396
YAL038W	YLL024C	CDC19	SSA2	Affinity Capture-MS	physical	PUBMED:37968396
YAL038W	YKR014C	CDC19	YPT52	Affinity Capture-MS	physical	PUBMED:37968396
YAL038W	YHR113W	CDC19	APE4	Affinity Capture-MS	physical	PUBMED:37968396
YAL038W	YGR240C	CDC19	PFK1	Affinity Capture-MS	physical	PUBMED:37968396
YAL038W	YIR012W	CDC19	SQT1	Affinity Capture-MS	physical	PUBMED:37968396
YAL038W	YIL053W	CDC19	GPP1	Affinity Capture-MS	physical	PUBMED:37968396
YAL038W	YER103W	CDC19	SSA4	Affinity Capture-MS	physical	PUBMED:37968396
YAL038W	YER055C	CDC19	HIS1	Affinity Capture-MS	physical	PUBMED:37968396
YAL038W	YGR234W	CDC19	YHB1	Affinity Capture-MS	physical	PUBMED:37968396
YAL038W	YFL045C	CDC19	SEC53	Affinity Capture-MS	physical	PUBMED:37968396
YAL038W	YDR385W	CDC19	EFT2	Affinity Capture-MS	physical	PUBMED:37968396
YAL038W	YDR171W	CDC19	HSP42	Affinity Capture-MS	physical	PUBMED:37968396
YAL038W	YER031C	CDC19	YPT31	Affinity Capture-MS	physical	PUBMED:37968396
YAL038W	YDR502C	CDC19	SAM2	Affinity Capture-MS	physical	PUBMED:37968396
YAL038W	YDL171C	CDC19	GLT1	Affinity Capture-MS	physical	PUBMED:37968396
YAL038W	YCR088W	CDC19	ABP1	Affinity Capture-MS	physical	PUBMED:37968396
YAL038W	YDR071C	CDC19	PAA1	Affinity Capture-MS	physical	PUBMED:37968396
YAL038W	YDR068W	CDC19	DOS2	Affinity Capture-MS	physical	PUBMED:37968396
YAL038W	YBR072W	CDC19	HSP26	Affinity Capture-MS	physical	PUBMED:37968396
YAL038W	YBL039C	CDC19	URA7	Affinity Capture-MS	physical	PUBMED:37968396
YAL038W	YCL050C	CDC19	APA1	Affinity Capture-MS	physical	PUBMED:37968396
YAL038W	YBR218C	CDC19	PYC2	Affinity Capture-MS	physical	PUBMED:37968396
YLR259C	YMR108W	HSP60	ILV2	Affinity Capture-MS	physical	PUBMED:37968396
YHL021C	YMR108W	AIM17	ILV2	Affinity Capture-MS	physical	PUBMED:37968396
YBR072W	YPL036W	HSP26	PMA2	Affinity Capture-MS	physical	PUBMED:37968396
YAL005C	YAL038W	SSA1	CDC19	Affinity Capture-MS	physical	PUBMED:37968396
YLR148W	YPL036W	PEP3	PMA2	Affinity Capture-MS	physical	PUBMED:37968396
YNL192W	YKL209C	CHS1	STE6	Affinity Capture-MS	physical	PUBMED:37968396
YML123C	YBR023C	PHO84	CHS3	Affinity Capture-MS	physical	PUBMED:37968396
YPR057W	YPL036W	BRR1	PMA2	Affinity Capture-MS	physical	PUBMED:37968396
YPL175W	YPL036W	SPT14	PMA2	Affinity Capture-MS	physical	PUBMED:37968396
YPL109C	YPL036W	YPL109C	PMA2	Affinity Capture-MS	physical	PUBMED:37968396
YOR317W	YPL036W	FAA1	PMA2	Affinity Capture-MS	physical	PUBMED:37968396
YOR104W	YPL036W	PIN2	PMA2	Affinity Capture-MS	physical	PUBMED:37968396
YOR074C	YIL066C	CDC21	RNR3	Affinity Capture-MS	physical	PUBMED:37968396
YOL141W	YPL036W	PPM2	PMA2	Affinity Capture-MS	physical	PUBMED:37968396
YNR056C	YPL036W	BIO5	PMA2	Affinity Capture-MS	physical	PUBMED:37968396
YNL326C	YPL036W	PFA3	PMA2	Affinity Capture-MS	physical	PUBMED:37968396
YNL278W	YPL036W	CAF120	PMA2	Affinity Capture-MS	physical	PUBMED:37968396
YNL218W	YPL036W	MGS1	PMA2	Affinity Capture-MS	physical	PUBMED:37968396
YNL103W	YDR353W	MET4	TRR1	Affinity Capture-MS	physical	PUBMED:37968396
YNL006W	YIL066C	LST8	RNR3	Affinity Capture-MS	physical	PUBMED:37968396
YMR277W	YPL036W	FCP1	PMA2	Affinity Capture-MS	physical	PUBMED:37968396
YMR195W	YPL036W	ICY1	PMA2	Affinity Capture-MS	physical	PUBMED:37968396
YMR175W	YPL036W	SIP18	PMA2	Affinity Capture-MS	physical	PUBMED:37968396
YMR164C	YPL036W	MSS11	PMA2	Affinity Capture-MS	physical	PUBMED:37968396
YMR143W	YPL036W	RPS16A	PMA2	Affinity Capture-MS	physical	PUBMED:37968396
YMR048W	YPL036W	CSM3	PMA2	Affinity Capture-MS	physical	PUBMED:37968396
YMR022W	YPL036W	UBC7	PMA2	Affinity Capture-MS	physical	PUBMED:37968396
YNL004W	YLR305C	HRB1	STT4	Affinity Capture-MS	physical	PUBMED:37968396
YML020W	YDR353W	YML020W	TRR1	Affinity Capture-MS	physical	PUBMED:37968396
YLR193C	YPL036W	UPS1	PMA2	Affinity Capture-MS	physical	PUBMED:37968396
YLR176C	YIL066C	RFX1	RNR3	Affinity Capture-MS	physical	PUBMED:37968396
YLR050C	YPL036W	YLR050C	PMA2	Affinity Capture-MS	physical	PUBMED:37968396
YLL054C	YPL036W	YLL054C	PMA2	Affinity Capture-MS	physical	PUBMED:37968396
YKR039W	YPL036W	GAP1	PMA2	Affinity Capture-MS	physical	PUBMED:37968396
YKL212W	YPL036W	SAC1	PMA2	Affinity Capture-MS	physical	PUBMED:37968396
YKL086W	YIL066C	SRX1	RNR3	Affinity Capture-MS	physical	PUBMED:37968396
YKL086W	YJL026W	SRX1	RNR2	Affinity Capture-MS	physical	PUBMED:37968396
YKL086W	YGR180C	SRX1	RNR4	Affinity Capture-MS	physical	PUBMED:37968396
YKL002W	YPL036W	DID4	PMA2	Affinity Capture-MS	physical	PUBMED:37968396
YLR381W	YPL036W	CTF3	PMA2	Affinity Capture-MS	physical	PUBMED:37968396
YMR237W	YPL036W	BCH1	PMA2	Affinity Capture-MS	physical	PUBMED:37968396
YJL062W-A	YPL036W	COA3	PMA2	Affinity Capture-MS	physical	PUBMED:37968396
YJL065C	YPL036W	DLS1	PMA2	Affinity Capture-MS	physical	PUBMED:37968396
YIL145C	YGR180C	PAN6	RNR4	Affinity Capture-MS	physical	PUBMED:37968396
YJL164C	YPL036W	TPK1	PMA2	Affinity Capture-MS	physical	PUBMED:37968396
YHR142W	YBR023C	CHS7	CHS3	Affinity Capture-MS	physical	PUBMED:37968396
YHR045W	YPL036W	YHR045W	PMA2	Affinity Capture-MS	physical	PUBMED:37968396
YHR011W	YDR406W	DIA4	PDR15	Affinity Capture-MS	physical	PUBMED:37968396
YLR390W-A	YPL036W	CCW14	PMA2	Affinity Capture-MS	physical	PUBMED:37968396
YGR257C	YIL066C	MTM1	RNR3	Affinity Capture-MS	physical	PUBMED:37968396
YGR257C	YDR353W	MTM1	TRR1	Affinity Capture-MS	physical	PUBMED:37968396
YGR248W	YPL036W	SOL4	PMA2	Affinity Capture-MS	physical	PUBMED:37968396
YMR212C	YLR305C	EFR3	STT4	Affinity Capture-MS	physical	PUBMED:37968396
YGR198W	YLR305C	YPP1	STT4	Affinity Capture-MS	physical	PUBMED:37968396
YGR108W	YPL036W	CLB1	PMA2	Affinity Capture-MS	physical	PUBMED:37968396
YMR031C	YPL036W	EIS1	PMA2	Affinity Capture-MS	physical	PUBMED:37968396
YGL254W	YPL036W	FZF1	PMA2	Affinity Capture-MS	physical	PUBMED:37968396
YGR080W	YPL036W	TWF1	PMA2	Affinity Capture-MS	physical	PUBMED:37968396
YGL082W	YPL036W	YGL082W	PMA2	Affinity Capture-MS	physical	PUBMED:37968396
YGR271C-A	YPL036W	EFG1	PMA2	Affinity Capture-MS	physical	PUBMED:37968396
YNL111C	YPL036W	CYB5	PMA2	Affinity Capture-MS	physical	PUBMED:37968396
YFL062W	YPL036W	COS4	PMA2	Affinity Capture-MS	physical	PUBMED:37968396
YFL026W	YPL036W	STE2	PMA2	Affinity Capture-MS	physical	PUBMED:37968396
YLR342W	YBR023C	FKS1	CHS3	Affinity Capture-MS	physical	PUBMED:37968396
YER161C	YPL036W	SPT2	PMA2	Affinity Capture-MS	physical	PUBMED:37968396
YGL223C	YPL036W	COG1	PMA2	Affinity Capture-MS	physical	PUBMED:37968396
YJL172W	YPL036W	CPS1	PMA2	Affinity Capture-MS	physical	PUBMED:37968396
YER150W	YPL036W	SPI1	PMA2	Affinity Capture-MS	physical	PUBMED:37968396
YER141W	YHR079C	COX15	IRE1	Affinity Capture-MS	physical	PUBMED:37968396
YER141W	YLR356W	COX15	ATG33	Affinity Capture-MS	physical	PUBMED:37968396
YKL035W	YMR311C	UGP1	GLC8	Affinity Capture-MS	physical	PUBMED:37968396
YKL035W	YAL017W	UGP1	PSK1	Affinity Capture-MS	physical	PUBMED:37968396
YJL026W	YOR283W	RNR2	YOR283W	Affinity Capture-MS	physical	PUBMED:37968396
YJL026W	YOR229W	RNR2	WTM2	Affinity Capture-MS	physical	PUBMED:37968396
YJL026W	YOR230W	RNR2	WTM1	Affinity Capture-MS	physical	PUBMED:37968396
YER035W	YPL036W	EDC2	PMA2	Affinity Capture-MS	physical	PUBMED:37968396
YEL073C	YPL036W	YEL073C	PMA2	Affinity Capture-MS	physical	PUBMED:37968396
YOL076W	YDR353W	MDM20	TRR1	Affinity Capture-MS	physical	PUBMED:37968396
YKL150W	YPL028W	MCR1	ERG10	Affinity Capture-MS	physical	PUBMED:37968396
YKL150W	YLR024C	MCR1	UBR2	Affinity Capture-MS	physical	PUBMED:37968396
YKL150W	YOR390W	MCR1	FEX1	Affinity Capture-MS	physical	PUBMED:37968396
YEL017C-A	YGL160W	PMP2	AIM14	Affinity Capture-MS	physical	PUBMED:37968396
YDR532C	YIL066C	KRE28	RNR3	Affinity Capture-MS	physical	PUBMED:37968396
YDR528W	YIL066C	HLR1	RNR3	Affinity Capture-MS	physical	PUBMED:37968396
YGL098W	YPL036W	USE1	PMA2	Affinity Capture-MS	physical	PUBMED:37968396
YKL041W	YGR191W	VPS24	HIP1	Affinity Capture-MS	physical	PUBMED:37968396
YJL061W	YPL036W	NUP82	PMA2	Affinity Capture-MS	physical	PUBMED:37968396
YDR411C	YPL036W	DFM1	PMA2	Affinity Capture-MS	physical	PUBMED:37968396
YIR009W	YIL066C	MSL1	RNR3	Affinity Capture-MS	physical	PUBMED:37968396
YDR353W	YPR135W	TRR1	CTF4	Affinity Capture-MS	physical	PUBMED:37968396
YDR353W	YHR106W	TRR1	TRR2	Affinity Capture-MS	physical	PUBMED:37968396
YIR001C	YPL036W	SGN1	PMA2	Affinity Capture-MS	physical	PUBMED:37968396
YPR174C	YPL036W	YPR174C	PMA2	Affinity Capture-MS	physical	PUBMED:37968396
YDR302W	YPR103W	GPI11	PRE2	Affinity Capture-MS	physical	PUBMED:37968396
YDR302W	YLL031C	GPI11	GPI13	Affinity Capture-MS	physical	PUBMED:37968396
YDR302W	YPL138C	GPI11	SPP1	Affinity Capture-MS	physical	PUBMED:37968396
YDR302W	YJL062W	GPI11	LAS21	Affinity Capture-MS	physical	PUBMED:37968396
YDR302W	YKL100C	GPI11	YPF1	Affinity Capture-MS	physical	PUBMED:37968396
YDR283C	YPL036W	GCN2	PMA2	Affinity Capture-MS	physical	PUBMED:37968396
YDR508C	YBR023C	GNP1	CHS3	Affinity Capture-MS	physical	PUBMED:37968396
YGL153W	YPL036W	PEX14	PMA2	Affinity Capture-MS	physical	PUBMED:37968396
YPR091C	YKL035W	NVJ2	UGP1	Affinity Capture-MS	physical	PUBMED:37968396
YDR222W	YPL036W	YDR222W	PMA2	Affinity Capture-MS	physical	PUBMED:37968396
YDR150W	YOL130W	NUM1	ALR1	Affinity Capture-MS	physical	PUBMED:37968396
YHR073W	YOL130W	OSH3	ALR1	Affinity Capture-MS	physical	PUBMED:37968396
YDR070C	YPL036W	FMP16	PMA2	Affinity Capture-MS	physical	PUBMED:37968396
YER133W	YKL035W	GLC7	UGP1	Affinity Capture-MS	physical	PUBMED:37968396
YKR020W	YPL036W	VPS51	PMA2	Affinity Capture-MS	physical	PUBMED:37968396
YMR183C	YBR069C	SSO2	TAT1	Affinity Capture-MS	physical	PUBMED:37968396
YLR024C	YPL036W	UBR2	PMA2	Affinity Capture-MS	physical	PUBMED:37968396
YBR157C	YPL036W	ICS2	PMA2	Affinity Capture-MS	physical	PUBMED:37968396
YDL204W	YPL036W	RTN2	PMA2	Affinity Capture-MS	physical	PUBMED:37968396
YDL141W	YER070W	BPL1	RNR1	Affinity Capture-MS	physical	PUBMED:37968396
YOL013C	YPL036W	HRD1	PMA2	Affinity Capture-MS	physical	PUBMED:37968396
YDL119C	YIL066C	YDL119C	RNR3	Affinity Capture-MS	physical	PUBMED:37968396
YDR460W	YPL036W	TFB3	PMA2	Affinity Capture-MS	physical	PUBMED:37968396
YLR383W	YIL066C	SMC6	RNR3	Affinity Capture-MS	physical	PUBMED:37968396
YNL129W	YPL036W	NRK1	PMA2	Affinity Capture-MS	physical	PUBMED:37968396
YDL074C	YIL066C	BRE1	RNR3	Affinity Capture-MS	physical	PUBMED:37968396
YDL055C	YIL066C	PSA1	RNR3	Affinity Capture-MS	physical	PUBMED:37968396
YER110C	YIL043C	KAP123	CBR1	Affinity Capture-MS	physical	PUBMED:37968396
YEL044W	YKL150W	IES6	MCR1	Affinity Capture-MS	physical	PUBMED:37968396
YCR082W	YPL036W	AHC2	PMA2	Affinity Capture-MS	physical	PUBMED:37968396
YCR024C-A	YMR054W	PMP1	STV1	Affinity Capture-MS	physical	PUBMED:37968396
YCR024C-A	YER001W	PMP1	MNN1	Affinity Capture-MS	physical	PUBMED:37968396
YCR024C-A	YGL160W	PMP1	AIM14	Affinity Capture-MS	physical	PUBMED:37968396
YCR024C-A	YDR141C	PMP1	DOP1	Affinity Capture-MS	physical	PUBMED:37968396
YDR023W	YPR008W	SES1	HAA1	Affinity Capture-MS	physical	PUBMED:37968396
YDR023W	YGL017W	SES1	ATE1	Affinity Capture-MS	physical	PUBMED:37968396
YDR023W	YGR239C	SES1	PEX21	Affinity Capture-MS	physical	PUBMED:37968396
YDR023W	YBR145W	SES1	ADH5	Affinity Capture-MS	physical	PUBMED:37968396
YER123W	YPL036W	YCK3	PMA2	Affinity Capture-MS	physical	PUBMED:37968396
YHR107C	YPL036W	CDC12	PMA2	Affinity Capture-MS	physical	PUBMED:37968396
YCL040W	YOR347C	GLK1	PYK2	Affinity Capture-MS	physical	PUBMED:37968396
YGR130C	YPL036W	YGR130C	PMA2	Affinity Capture-MS	physical	PUBMED:37968396
YCL009C	YMR108W	ILV6	ILV2	Affinity Capture-MS	physical	PUBMED:37968396
YMR108W	YPR166C	ILV2	MRP2	Affinity Capture-MS	physical	PUBMED:37968396
YMR108W	YPL135W	ILV2	ISU1	Affinity Capture-MS	physical	PUBMED:37968396
YMR108W	YPR004C	ILV2	AIM45	Affinity Capture-MS	physical	PUBMED:37968396
YMR108W	YPL059W	ILV2	GRX5	Affinity Capture-MS	physical	PUBMED:37968396
YMR108W	YPL118W	ILV2	MRP51	Affinity Capture-MS	physical	PUBMED:37968396
YMR108W	YOR232W	ILV2	MGE1	Affinity Capture-MS	physical	PUBMED:37968396
YMR108W	YOR356W	ILV2	CIR2	Affinity Capture-MS	physical	PUBMED:37968396
YMR108W	YOR136W	ILV2	IDH2	Affinity Capture-MS	physical	PUBMED:37968396
YMR108W	YOR150W	ILV2	MRPL23	Affinity Capture-MS	physical	PUBMED:37968396
YMR108W	YOL096C	ILV2	COQ3	Affinity Capture-MS	physical	PUBMED:37968396
YMR108W	YOR125C	ILV2	CAT5	Affinity Capture-MS	physical	PUBMED:37968396
YMR108W	YML110C	ILV2	COQ5	Affinity Capture-MS	physical	PUBMED:37968396
YMR108W	YNL306W	ILV2	MRPS18	Affinity Capture-MS	physical	PUBMED:37968396
YMR108W	YLR304C	ILV2	ACO1	Affinity Capture-MS	physical	PUBMED:37968396
YMR108W	YLR355C	ILV2	ILV5	Affinity Capture-MS	physical	PUBMED:37968396
YMR108W	YKL170W	ILV2	MRPL38	Affinity Capture-MS	physical	PUBMED:37968396
YMR108W	YLR089C	ILV2	ALT1	Affinity Capture-MS	physical	PUBMED:37968396
YMR108W	YKL085W	ILV2	MDH1	Affinity Capture-MS	physical	PUBMED:37968396
YMR108W	YKL134C	ILV2	OCT1	Affinity Capture-MS	physical	PUBMED:37968396
YMR108W	YKL003C	ILV2	MRP17	Affinity Capture-MS	physical	PUBMED:37968396
YMR108W	YKL029C	ILV2	MAE1	Affinity Capture-MS	physical	PUBMED:37968396
YMR108W	YJR121W	ILV2	ATP2	Affinity Capture-MS	physical	PUBMED:37968396
YMR108W	YJR122W	ILV2	IBA57	Affinity Capture-MS	physical	PUBMED:37968396
YMR108W	YIL125W	ILV2	KGD1	Affinity Capture-MS	physical	PUBMED:37968396
YMR108W	YJR045C	ILV2	SSC1	Affinity Capture-MS	physical	PUBMED:37968396
YMR108W	YHR147C	ILV2	MRPL6	Affinity Capture-MS	physical	PUBMED:37968396
YMR108W	YHR208W	ILV2	BAT1	Affinity Capture-MS	physical	PUBMED:37968396
YMR108W	YER170W	ILV2	ADK2	Affinity Capture-MS	physical	PUBMED:37968396
YMR108W	YGR207C	ILV2	CIR1	Affinity Capture-MS	physical	PUBMED:37968396
YMR108W	YER080W	ILV2	AIM9	Affinity Capture-MS	physical	PUBMED:37968396
YMR108W	YER087W	ILV2	AIM10	Affinity Capture-MS	physical	PUBMED:37968396
YMR108W	YDR322W	ILV2	MRPL35	Affinity Capture-MS	physical	PUBMED:37968396
YMR108W	YER073W	ILV2	ALD5	Affinity Capture-MS	physical	PUBMED:37968396
YMR108W	YDR041W	ILV2	RSM10	Affinity Capture-MS	physical	PUBMED:37968396
YMR108W	YDR234W	ILV2	LYS4	Affinity Capture-MS	physical	PUBMED:37968396
YMR108W	YDL178W	ILV2	DLD2	Affinity Capture-MS	physical	PUBMED:37968396
YMR108W	YDR019C	ILV2	GCV1	Affinity Capture-MS	physical	PUBMED:37968396
YMR108W	YCR028C-A	ILV2	RIM1	Affinity Capture-MS	physical	PUBMED:37968396
YMR108W	YCR046C	ILV2	IMG1	Affinity Capture-MS	physical	PUBMED:37968396
YMR108W	YBR026C	ILV2	ETR1	Affinity Capture-MS	physical	PUBMED:37968396
YMR108W	YBR176W	ILV2	ECM31	Affinity Capture-MS	physical	PUBMED:37968396
YBR302C	YPL036W	COS2	PMA2	Affinity Capture-MS	physical	PUBMED:37968396
YFL049W	YGR191W	SWP82	HIP1	Affinity Capture-MS	physical	PUBMED:37968396
YGR261C	YPL036W	APL6	PMA2	Affinity Capture-MS	physical	PUBMED:37968396
YOR201C	YPL036W	MRM1	PMA2	Affinity Capture-MS	physical	PUBMED:37968396
YBR255W	YPL036W	MTC4	PMA2	Affinity Capture-MS	physical	PUBMED:37968396
YGL181W	YPL036W	GTS1	PMA2	Affinity Capture-MS	physical	PUBMED:37968396
YKL052C	YIL043C	ASK1	CBR1	Affinity Capture-MS	physical	PUBMED:37968396
YHL018W	YBR069C	YHL018W	TAT1	Affinity Capture-MS	physical	PUBMED:37968396
YDL066W	YMR108W	IDP1	ILV2	Affinity Capture-MS	physical	PUBMED:37968396
YIL144W	YPL036W	NDC80	PMA2	Affinity Capture-MS	physical	PUBMED:37968396
YGR180C	YOR283W	RNR4	YOR283W	Affinity Capture-MS	physical	PUBMED:37968396
YGR180C	YOR229W	RNR4	WTM2	Affinity Capture-MS	physical	PUBMED:37968396
YGR180C	YOR230W	RNR4	WTM1	Affinity Capture-MS	physical	PUBMED:37968396
YGR180C	YML058W-A	RNR4	HUG1	Affinity Capture-MS	physical	PUBMED:37968396
YGR180C	YNL160W	RNR4	YGP1	Affinity Capture-MS	physical	PUBMED:37968396
YGR180C	YIL066C	RNR4	RNR3	Affinity Capture-MS	physical	PUBMED:37968396
YGR180C	YJL026W	RNR4	RNR2	Affinity Capture-MS	physical	PUBMED:37968396
YGR180C	YDR226W	RNR4	ADK1	Affinity Capture-MS	physical	PUBMED:37968396
YBR179C	YPL036W	FZO1	PMA2	Affinity Capture-MS	physical	PUBMED:37968396
YMR199W	YPL036W	CLN1	PMA2	Affinity Capture-MS	physical	PUBMED:37968396
YGR125W	YPL036W	YGR125W	PMA2	Affinity Capture-MS	physical	PUBMED:37968396
YOR153W	YBR069C	PDR5	TAT1	Affinity Capture-MS	physical	PUBMED:37968396
YML125C	YPL207W	PGA3	TYW1	Affinity Capture-MS	physical	PUBMED:37968396
YML125C	YMR149W	PGA3	SWP1	Affinity Capture-MS	physical	PUBMED:37968396
YML125C	YNL149C	PGA3	PGA2	Affinity Capture-MS	physical	PUBMED:37968396
YML125C	YLR450W	PGA3	HMG2	Affinity Capture-MS	physical	PUBMED:37968396
YML125C	YML075C	PGA3	HMG1	Affinity Capture-MS	physical	PUBMED:37968396
YML125C	YHL003C	PGA3	LAG1	Affinity Capture-MS	physical	PUBMED:37968396
YML125C	YIL016W	PGA3	SNL1	Affinity Capture-MS	physical	PUBMED:37968396
YML125C	YBR171W	PGA3	SEC66	Affinity Capture-MS	physical	PUBMED:37968396
YML125C	YDL015C	PGA3	TSC13	Affinity Capture-MS	physical	PUBMED:37968396
YML059C	YPL036W	NTE1	PMA2	Affinity Capture-MS	physical	PUBMED:37968396
YJL171C	YBR069C	YJL171C	TAT1	Affinity Capture-MS	physical	PUBMED:37968396
YIL043C	YPL207W	CBR1	TYW1	Affinity Capture-MS	physical	PUBMED:37968396
YIL043C	YLR066W	CBR1	SPC3	Affinity Capture-MS	physical	PUBMED:37968396
YIL043C	YMR110C	CBR1	HFD1	Affinity Capture-MS	physical	PUBMED:37968396
YIL043C	YBL023C	CBR1	MCM2	Affinity Capture-MS	physical	PUBMED:37968396
YIL043C	YIL156W-B	CBR1	YIL156W-B	Affinity Capture-MS	physical	PUBMED:37968396
YIL043C	YBL022C	CBR1	PIM1	Affinity Capture-MS	physical	PUBMED:37968396
YDL052C	YML125C	SLC1	PGA3	Affinity Capture-MS	physical	PUBMED:37968396
YJR127C	YPL036W	RSF2	PMA2	Affinity Capture-MS	physical	PUBMED:37968396
YMR307W	YBR069C	GAS1	TAT1	Affinity Capture-MS	physical	PUBMED:37968396
YKL077W	YKL150W	YKL077W	MCR1	Affinity Capture-MS	physical	PUBMED:37968396
YKL077W	YBR023C	YKL077W	CHS3	Affinity Capture-MS	physical	PUBMED:37968396
YGL008C	YOL030W	PMA1	GAS5	Affinity Capture-MS	physical	PUBMED:37968396
YGL008C	YOR153W	PMA1	PDR5	Affinity Capture-MS	physical	PUBMED:37968396
YGL008C	YMR307W	PMA1	GAS1	Affinity Capture-MS	physical	PUBMED:37968396
YGL008C	YNL149C	PMA1	PGA2	Affinity Capture-MS	physical	PUBMED:37968396
YGL008C	YMR183C	PMA1	SSO2	Affinity Capture-MS	physical	PUBMED:37968396
YGL008C	YMR215W	PMA1	GAS3	Affinity Capture-MS	physical	PUBMED:37968396
YGL008C	YLR072W	PMA1	YLR072W	Affinity Capture-MS	physical	PUBMED:37968396
YGL008C	YLR413W	PMA1	INA1	Affinity Capture-MS	physical	PUBMED:37968396
YGL008C	YJL171C	PMA1	YJL171C	Affinity Capture-MS	physical	PUBMED:37968396
YGL008C	YKL077W	PMA1	YKL077W	Affinity Capture-MS	physical	PUBMED:37968396
YGL008C	YGR086C	PMA1	PIL1	Affinity Capture-MS	physical	PUBMED:37968396
YGL008C	YIL121W	PMA1	QDR2	Affinity Capture-MS	physical	PUBMED:37968396
YGL008C	YDL015C	PMA1	TSC13	Affinity Capture-MS	physical	PUBMED:37968396
YGL008C	YDR051C	PMA1	DET1	Affinity Capture-MS	physical	PUBMED:37968396
YGL008C	YBR069C	PMA1	TAT1	Affinity Capture-MS	physical	PUBMED:37968396
YGL008C	YBR078W	PMA1	ECM33	Affinity Capture-MS	physical	PUBMED:37968396
YDR033W	YGL008C	MRH1	PMA1	Affinity Capture-MS	physical	PUBMED:37968396
YBR078W	YBR069C	ECM33	TAT1	Affinity Capture-MS	physical	PUBMED:37968396
YDR011W	YML125C	SNQ2	PGA3	Affinity Capture-MS	physical	PUBMED:37968396
YDR011W	YGL008C	SNQ2	PMA1	Affinity Capture-MS	physical	PUBMED:37968396
YDR011W	YBR069C	SNQ2	TAT1	Affinity Capture-MS	physical	PUBMED:37968396
YBR086C	YGL008C	IST2	PMA1	Affinity Capture-MS	physical	PUBMED:37968396
YGL246C	YPL036W	RAI1	PMA2	Affinity Capture-MS	physical	PUBMED:37968396
YPL047W	YPL036W	SGF11	PMA2	Affinity Capture-MS	physical	PUBMED:37968396
YDR167W	YPL036W	TAF10	PMA2	Affinity Capture-MS	physical	PUBMED:37968396
YDL222C	YPL036W	FMP45	PMA2	Affinity Capture-MS	physical	PUBMED:37968396
YHR096C	YPL036W	HXT5	PMA2	Affinity Capture-MS	physical	PUBMED:37968396
YGR032W	YBR023C	GSC2	CHS3	Affinity Capture-MS	physical	PUBMED:37968396
YBR069C	YLR138W	TAT1	NHA1	Affinity Capture-MS	physical	PUBMED:37968396
YBR069C	YLR214W	TAT1	FRE1	Affinity Capture-MS	physical	PUBMED:37968396
YBR069C	YML042W	TAT1	CAT2	Affinity Capture-MS	physical	PUBMED:37968396
YBR069C	YEL040W	TAT1	UTR2	Affinity Capture-MS	physical	PUBMED:37968396
YBR066C	YPL036W	NRG2	PMA2	Affinity Capture-MS	physical	PUBMED:37968396
YBR042C	YPL036W	CST26	PMA2	Affinity Capture-MS	physical	PUBMED:37968396
YDR430C	YMR108W	CYM1	ILV2	Affinity Capture-MS	physical	PUBMED:37968396
YMR083W	YMR108W	ADH3	ILV2	Affinity Capture-MS	physical	PUBMED:37968396
YCL064C	YMR108W	CHA1	ILV2	Affinity Capture-MS	physical	PUBMED:37968396
YKL209C	YPL036W	STE6	PMA2	Affinity Capture-MS	physical	PUBMED:37968396
YNL215W	YPL036W	IES2	PMA2	Affinity Capture-MS	physical	PUBMED:37968396
YBR002C	YDL193W	RER2	NUS1	Affinity Capture-MS	physical	PUBMED:37968396
YBR002C	YKR067W	RER2	GPT2	Affinity Capture-MS	physical	PUBMED:37968396
YLR295C	YPL036W	ATP14	PMA2	Affinity Capture-MS	physical	PUBMED:37968396
YER178W	YMR108W	PDA1	ILV2	Affinity Capture-MS	physical	PUBMED:37968396
YNL025C	YPL036W	SSN8	PMA2	Affinity Capture-MS	physical	PUBMED:37968396
YGR104C	YIL066C	SRB5	RNR3	Affinity Capture-MS	physical	PUBMED:37968396
YKL021C	YPL036W	MAK11	PMA2	Affinity Capture-MS	physical	PUBMED:37968396
YHR097C	YPL036W	YHR097C	PMA2	Affinity Capture-MS	physical	PUBMED:37968396
YKR082W	YPL036W	NUP133	PMA2	Affinity Capture-MS	physical	PUBMED:37968396
YHL013C	YPL036W	OTU2	PMA2	Affinity Capture-MS	physical	PUBMED:37968396
YJR016C	YMR108W	ILV3	ILV2	Affinity Capture-MS	physical	PUBMED:37968396
YPL078C	YBL030C	ATP4	PET9	Affinity Capture-MS	physical	PUBMED:37968396
YNR018W	YBL030C	RCF2	PET9	Affinity Capture-MS	physical	PUBMED:37968396
YNL052W	YPL036W	COX5A	PMA2	Affinity Capture-MS	physical	PUBMED:37968396
YNL055C	YBL030C	POR1	PET9	Affinity Capture-MS	physical	PUBMED:37968396
YMR241W	YPL036W	YHM2	PMA2	Affinity Capture-MS	physical	PUBMED:37968396
YDL174C	YBL030C	DLD1	PET9	Affinity Capture-MS	physical	PUBMED:37968396
YGL191W	YBL030C	COX13	PET9	Affinity Capture-MS	physical	PUBMED:37968396
YDR529C	YBL030C	QCR7	PET9	Affinity Capture-MS	physical	PUBMED:37968396
YER086W	YMR108W	ILV1	ILV2	Affinity Capture-MS	physical	PUBMED:37968396
YHL031C	YAL038W	GOS1	CDC19	Affinity Capture-MS	physical	PUBMED:35904239
YDL145C	YMR056C	COP1	AAC1	Affinity Capture-MS	physical	PUBMED:35904239
YDR495C	YGL008C	VPS3	PMA1	Affinity Capture-MS	physical	PUBMED:34668759
YDR495C	YPL036W	VPS3	PMA2	Affinity Capture-MS	physical	PUBMED:34668759
YPR024W	YBL030C	YME1	PET9	Dosage Lethality	genetic	PUBMED:36601773
YOR297C	YKL141W	TIM18	SDH3	Affinity Capture-Western	physical	PUBMED:36601773
YBR038W	YER032W	CHS2	FIR1	Phenotypic Enhancement	genetic	PUBMED:37938157
YGR054W	YCR024C-A	YGR054W	PMP1	Affinity Capture-RNA	physical	PUBMED:38011112
YDL003W	YGR180C	MCD1	RNR4	Affinity Capture-MS	physical	PUBMED:37486771
YPR086W	YMR108W	SUA7	ILV2	Affinity Capture-MS	physical	PUBMED:37863410
YPR086W	YDR023W	SUA7	SES1	Affinity Capture-MS	physical	PUBMED:37863410
YPR086W	YJL026W	SUA7	RNR2	Affinity Capture-MS	physical	PUBMED:37863410
YPR086W	YER070W	SUA7	RNR1	Affinity Capture-MS	physical	PUBMED:37863410
YPR086W	YIL066C	SUA7	RNR3	Affinity Capture-MS	physical	PUBMED:37863410
YPR086W	YDR353W	SUA7	TRR1	Affinity Capture-MS	physical	PUBMED:37863410
YPR086W	YKL035W	SUA7	UGP1	Affinity Capture-MS	physical	PUBMED:37863410
YPR086W	YER005W	SUA7	YND1	Affinity Capture-MS	physical	PUBMED:37863410
YPR086W	YGR180C	SUA7	RNR4	Affinity Capture-MS	physical	PUBMED:37863410
YPR086W	YLR305C	SUA7	STT4	Affinity Capture-MS	physical	PUBMED:37863410
YPR086W	YAL038W	SUA7	CDC19	Affinity Capture-MS	physical	PUBMED:37863410
YPR086W	YDR376W	SUA7	ARH1	Affinity Capture-MS	physical	PUBMED:37863410
YPR086W	YBR023C	SUA7	CHS3	Affinity Capture-MS	physical	PUBMED:37863410
YPR086W	YGL008C	SUA7	PMA1	Affinity Capture-MS	physical	PUBMED:37863410
YPR086W	YKL150W	SUA7	MCR1	Affinity Capture-MS	physical	PUBMED:37863410
YPR086W	YOL130W	SUA7	ALR1	Affinity Capture-MS	physical	PUBMED:37863410
YPR086W	YOR347C	SUA7	PYK2	Affinity Capture-MS	physical	PUBMED:37863410
YPR086W	YIL043C	SUA7	CBR1	Affinity Capture-MS	physical	PUBMED:37863410
YPR086W	YML125C	SUA7	PGA3	Affinity Capture-MS	physical	PUBMED:37863410
YPR086W	YNL192W	SUA7	CHS1	Affinity Capture-MS	physical	PUBMED:37863410
YBR172C	YMR108W	SMY2	ILV2	Affinity Capture-MS	physical	PUBMED:36288698
YBR172C	YKL035W	SMY2	UGP1	Affinity Capture-MS	physical	PUBMED:36288698
YBR172C	YJL026W	SMY2	RNR2	Affinity Capture-MS	physical	PUBMED:36288698
YBR172C	YDR023W	SMY2	SES1	Affinity Capture-MS	physical	PUBMED:36288698
YBR172C	YAL038W	SMY2	CDC19	Affinity Capture-MS	physical	PUBMED:36288698
YNL139C	YGL008C	THO2	PMA1	Affinity Capture-RNA	physical	PUBMED:37914399
YDR138W	YGL008C	HPR1	PMA1	Affinity Capture-RNA	physical	PUBMED:37914399
YML062C	YGL008C	MFT1	PMA1	Affinity Capture-RNA	physical	PUBMED:37914399
YHR167W	YGL008C	THP2	PMA1	Affinity Capture-RNA	physical	PUBMED:37914399
YOR001W	YGL008C	RRP6	PMA1	Affinity Capture-RNA	physical	PUBMED:37914399
YER018C	YNL192W	SPC25	CHS1	Synthetic Rescue	genetic	PUBMED:37950911
YJL207C	YAL038W	LAA1	CDC19	Affinity Capture-MS	physical	PUBMED:38240799
YJL207C	YDR023W	LAA1	SES1	Affinity Capture-MS	physical	PUBMED:38240799
YJL207C	YDR353W	LAA1	TRR1	Affinity Capture-MS	physical	PUBMED:38240799
YJL207C	YBL030C	LAA1	PET9	Affinity Capture-MS	physical	PUBMED:38240799
YJL207C	YBR069C	LAA1	TAT1	Affinity Capture-MS	physical	PUBMED:38240799
YJL207C	YGL008C	LAA1	PMA1	Affinity Capture-MS	physical	PUBMED:38240799
YJL207C	YJL026W	LAA1	RNR2	Affinity Capture-MS	physical	PUBMED:38240799
YJL207C	YKL150W	LAA1	MCR1	Affinity Capture-MS	physical	PUBMED:38240799
YJL207C	YKL035W	LAA1	UGP1	Affinity Capture-MS	physical	PUBMED:38240799
YJL207C	YOL130W	LAA1	ALR1	Affinity Capture-MS	physical	PUBMED:38240799
YJL207C	YOR347C	LAA1	PYK2	Affinity Capture-MS	physical	PUBMED:38240799
YJL207C	YIL043C	LAA1	CBR1	Affinity Capture-MS	physical	PUBMED:38240799
YJL207C	YML125C	LAA1	PGA3	Affinity Capture-MS	physical	PUBMED:38240799
YJL207C	YMR108W	LAA1	ILV2	Affinity Capture-MS	physical	PUBMED:38240799
YHR142W	YBR023C	CHS7	CHS3	Affinity Capture-Western	physical	PUBMED:37819693
YLL026W	YDR023W	HSP104	SES1	Affinity Capture-MS	physical	PUBMED:38182580
YLL026W	YGR180C	HSP104	RNR4	Affinity Capture-MS	physical	PUBMED:38182580
YLL026W	YGL008C	HSP104	PMA1	Affinity Capture-MS	physical	PUBMED:38182580
YLL026W	YKL035W	HSP104	UGP1	Affinity Capture-MS	physical	PUBMED:38182580
YLL026W	YJL026W	HSP104	RNR2	Affinity Capture-MS	physical	PUBMED:38182580
YLL026W	YAL038W	HSP104	CDC19	Affinity Capture-MS	physical	PUBMED:38182580
YLL026W	YBL030C	HSP104	PET9	Affinity Capture-MS	physical	PUBMED:38182580
YGL008C	YKL198C	PMA1	PTK1	Synthetic Rescue	genetic	PUBMED:38227612
YGL008C	YJR059W	PMA1	PTK2	Synthetic Rescue	genetic	PUBMED:38227612
YNL007C	YAL038W	SIS1	CDC19	Proximity Label-MS	physical	PUBMED:37845327
YNL007C	YGL008C	SIS1	PMA1	Proximity Label-MS	physical	PUBMED:37845327
YNL007C	YDR023W	SIS1	SES1	Proximity Label-MS	physical	PUBMED:37845327
YNL007C	YBL030C	SIS1	PET9	Proximity Label-MS	physical	PUBMED:37845327
YNL007C	YJL026W	SIS1	RNR2	Proximity Label-MS	physical	PUBMED:37845327
YNL007C	YKL035W	SIS1	UGP1	Proximity Label-MS	physical	PUBMED:37845327
YNL007C	YER070W	SIS1	RNR1	Proximity Label-MS	physical	PUBMED:37845327
YNL007C	YGR180C	SIS1	RNR4	Proximity Label-MS	physical	PUBMED:37845327
YNL007C	YMR108W	SIS1	ILV2	Proximity Label-MS	physical	PUBMED:37845327
YNL007C	YML125C	SIS1	PGA3	Proximity Label-MS	physical	PUBMED:37845327
YNL007C	YKL150W	SIS1	MCR1	Proximity Label-MS	physical	PUBMED:37845327
YNL007C	YDR353W	SIS1	TRR1	Proximity Label-MS	physical	PUBMED:37845327
YNL007C	YGR180C	SIS1	RNR4	Affinity Capture-MS	physical	PUBMED:37845327
YNL007C	YJL026W	SIS1	RNR2	Affinity Capture-MS	physical	PUBMED:37845327
YNL007C	YKL035W	SIS1	UGP1	Affinity Capture-MS	physical	PUBMED:37845327
YNL007C	YMR108W	SIS1	ILV2	Affinity Capture-MS	physical	PUBMED:37845327
YNL007C	YGL008C	SIS1	PMA1	Affinity Capture-MS	physical	PUBMED:37845327
YNL007C	YAL038W	SIS1	CDC19	Affinity Capture-MS	physical	PUBMED:37845327
YDR353W	YLR043C	TRR1	TRX1	Phenotypic Suppression	genetic	PUBMED:38381577
YDR353W	YGR209C	TRR1	TRX2	Phenotypic Suppression	genetic	PUBMED:38381577
YDR353W	YDR171W	TRR1	HSP42	Synthetic Growth Defect	genetic	PUBMED:38381577
YML028W	YDR353W	TSA1	TRR1	Synthetic Rescue	genetic	PUBMED:38460940
YML028W	YAL038W	TSA1	CDC19	Synthetic Rescue	genetic	PUBMED:38460940
YBL079W	YKL035W	NUP170	UGP1	Affinity Capture-MS	physical	PUBMED:37358474
YBL079W	YDR023W	NUP170	SES1	Affinity Capture-MS	physical	PUBMED:37358474
YBL079W	YOR347C	NUP170	PYK2	Affinity Capture-MS	physical	PUBMED:37358474
YBL079W	YGR180C	NUP170	RNR4	Affinity Capture-MS	physical	PUBMED:37358474
YBL079W	YLR305C	NUP170	STT4	Affinity Capture-MS	physical	PUBMED:37358474
YBL079W	YML125C	NUP170	PGA3	Affinity Capture-MS	physical	PUBMED:37358474
YBL079W	YIL043C	NUP170	CBR1	Affinity Capture-MS	physical	PUBMED:37358474
YBL079W	YKL150W	NUP170	MCR1	Affinity Capture-MS	physical	PUBMED:37358474
YDL212W	YKR039W	SHR3	GAP1	PCA	physical	PUBMED:37477900
YDR207C	YPL036W	UME6	PMA2	Synthetic Lethality	genetic	PUBMED:26472754
YDR258C	YML125C	HSP78	PGA3	Affinity Capture-MS	physical	PUBMED:38551959
YBL022C	YER141W	PIM1	COX15	Affinity Capture-MS	physical	PUBMED:38551959
YBL022C	YIL043C	PIM1	CBR1	Affinity Capture-MS	physical	PUBMED:38551959
Q0140	YKL150W	VAR1	MCR1	Affinity Capture-MS	physical	PUBMED:38551959
YBR085W	YBL030C	AAC3	PET9	Cross-Linking-MS (XL-MS)	physical	PUBMED:32051233
YMR108W	YCL009C	ILV2	ILV6	Cross-Linking-MS (XL-MS)	physical	PUBMED:32051233
YMR056C	YBL030C	AAC1	PET9	Cross-Linking-MS (XL-MS)	physical	PUBMED:32051233
YKL141W	YKL148C	SDH3	SDH1	Cross-Linking-MS (XL-MS)	physical	PUBMED:32051233
YNL055C	YBL030C	POR1	PET9	Cross-Linking-MS (XL-MS)	physical	PUBMED:32051233
YBL030C	YMR145C	PET9	NDE1	Cross-Linking-MS (XL-MS)	physical	PUBMED:32051233
YJR048W	YKL150W	CYC1	MCR1	Cross-Linking-MS (XL-MS)	physical	PUBMED:32051233
YNL121C	YKL150W	TOM70	MCR1	Cross-Linking-MS (XL-MS)	physical	PUBMED:32051233
YPR191W	YMR108W	QCR2	ILV2	Cross-Linking-MS (XL-MS)	physical	PUBMED:32051233
YLL041C	YKL141W	SDH2	SDH3	Cross-Linking-MS (XL-MS)	physical	PUBMED:32051233
YOR065W	YBL030C	CYT1	PET9	Cross-Linking-MS (XL-MS)	physical	PUBMED:32051233
YBL045C	YBL030C	COR1	PET9	Cross-Linking-MS (XL-MS)	physical	PUBMED:32051233
YBL030C	YLL041C	PET9	SDH2	Cross-Linking-MS (XL-MS)	physical	PUBMED:32051233
YBL030C	YML120C	PET9	NDI1	Cross-Linking-MS (XL-MS)	physical	PUBMED:32051233
YOR176W	YBL030C	HEM15	PET9	Cross-Linking-MS (XL-MS)	physical	PUBMED:32051233
YBL030C	YIL155C	PET9	GUT2	Cross-Linking-MS (XL-MS)	physical	PUBMED:32051233
YKL141W	YMR145C	SDH3	NDE1	Cross-Linking-MS (XL-MS)	physical	PUBMED:32051233
YPR010C-A	YBL030C	YPR010C-A	PET9	Cross-Linking-MS (XL-MS)	physical	PUBMED:32051233
YJR048W	YBL030C	CYC1	PET9	Cross-Linking-MS (XL-MS)	physical	PUBMED:32051233
YNL055C	YBR085W	POR1	AAC3	Cross-Linking-MS (XL-MS)	physical	PUBMED:32051233
YPL078C	YBL030C	ATP4	PET9	Cross-Linking-MS (XL-MS)	physical	PUBMED:32051233
YBL045C	YKL141W	COR1	SDH3	Cross-Linking-MS (XL-MS)	physical	PUBMED:32051233
YDR298C	YBL030C	ATP5	PET9	Cross-Linking-MS (XL-MS)	physical	PUBMED:32051233
YBL030C	YJR077C	PET9	MIR1	Cross-Linking-MS (XL-MS)	physical	PUBMED:32051233
YKL150W	YNL131W	MCR1	TOM22	Cross-Linking-MS (XL-MS)	physical	PUBMED:32051233
YKL150W	YLR038C	MCR1	COX12	Cross-Linking-MS (XL-MS)	physical	PUBMED:32051233
YJR048W	YPL036W	CYC1	PMA2	Cross-Linking-MS (XL-MS)	physical	PUBMED:32051233
YFR033C	YKL150W	QCR6	MCR1	Cross-Linking-MS (XL-MS)	physical	PUBMED:32051233
YDL067C	YBL030C	COX9	PET9	Cross-Linking-MS (XL-MS)	physical	PUBMED:32051233
YMR108W	YPL226W	ILV2	NEW1	Cross-Linking-MS (XL-MS)	physical	PUBMED:32051233
YIL136W	YKL150W	OM45	MCR1	Cross-Linking-MS (XL-MS)	physical	PUBMED:32051233
YJR060W	YKL150W	CBF1	MCR1	Cross-Linking-MS (XL-MS)	physical	PUBMED:32051233
YBL030C	YGL191W	PET9	COX13	Cross-Linking-MS (XL-MS)	physical	PUBMED:32051233
YLL041C	YKL150W	SDH2	MCR1	Cross-Linking-MS (XL-MS)	physical	PUBMED:32051233
YKL150W	YBR230C	MCR1	OM14	Cross-Linking-MS (XL-MS)	physical	PUBMED:32051233
YDR150W	YLR305C	NUM1	STT4	Affinity Capture-MS	physical	PUBMED:38781029
YDR150W	YAL038W	NUM1	CDC19	Affinity Capture-MS	physical	PUBMED:38781029
YDR150W	YBL030C	NUM1	PET9	Affinity Capture-MS	physical	PUBMED:38781029
YDR150W	YKL035W	NUM1	UGP1	Affinity Capture-MS	physical	PUBMED:38781029
YDR150W	YMR108W	NUM1	ILV2	Affinity Capture-MS	physical	PUBMED:38781029
YDR150W	YNL192W	NUM1	CHS1	Affinity Capture-MS	physical	PUBMED:38781029
YLL039C	YKL035W	UBI4	UGP1	Reconstituted Complex	physical	PUBMED:38803224
YLL039C	YIL043C	UBI4	CBR1	Reconstituted Complex	physical	PUBMED:38803224
YDL135C	YJL100W	RDI1	LSB6	PCA	physical	PUBMED:37958899
YFL026W	YAL038W	STE2	CDC19	PCA	physical	PUBMED:37958899
YFL026W	YIL043C	STE2	CBR1	PCA	physical	PUBMED:37958899
YBL078C	YGL008C	ATG8	PMA1	Proximity Label-MS	physical	PUBMED:38958087
YBL078C	YJL026W	ATG8	RNR2	Proximity Label-MS	physical	PUBMED:38958087
YBL078C	YKL150W	ATG8	MCR1	Proximity Label-MS	physical	PUBMED:38958087
YBL078C	YIL043C	ATG8	CBR1	Proximity Label-MS	physical	PUBMED:38958087
YBL078C	YBL030C	ATG8	PET9	Proximity Label-MS	physical	PUBMED:38958087
YDL149W	YKL150W	ATG9	MCR1	Proximity Label-MS	physical	PUBMED:38958087
YDL149W	YML125C	ATG9	PGA3	Proximity Label-MS	physical	PUBMED:38958087
YDL031W	YMR108W	DBP10	ILV2	Affinity Capture-MS	physical	PUBMED:38632236
YDL031W	YKL035W	DBP10	UGP1	Affinity Capture-MS	physical	PUBMED:38632236
YDL031W	YJL026W	DBP10	RNR2	Affinity Capture-MS	physical	PUBMED:38632236
YDL031W	YGR180C	DBP10	RNR4	Affinity Capture-MS	physical	PUBMED:38632236
YDL031W	YGL008C	DBP10	PMA1	Affinity Capture-MS	physical	PUBMED:38632236
YDL031W	YDR353W	DBP10	TRR1	Affinity Capture-MS	physical	PUBMED:38632236
YDL031W	YDR023W	DBP10	SES1	Affinity Capture-MS	physical	PUBMED:38632236
YDL031W	YAL038W	DBP10	CDC19	Affinity Capture-MS	physical	PUBMED:38632236
YPR019W	YER070W	MCM4	RNR1	Affinity Capture-Western	physical	PUBMED:38776358
YPR019W	YIL066C	MCM4	RNR3	Affinity Capture-Western	physical	PUBMED:38776358
YPR019W	YJL026W	MCM4	RNR2	Affinity Capture-Western	physical	PUBMED:38776358
YPR019W	YGR180C	MCM4	RNR4	Affinity Capture-Western	physical	PUBMED:38776358
YDR049W	YGL008C	VMS1	PMA1	Affinity Capture-MS	physical	PUBMED:29107329
YDR049W	YBL030C	VMS1	PET9	Affinity Capture-MS	physical	PUBMED:29107329
YNL055C	YAL038W	POR1	CDC19	Affinity Capture-MS	physical	PUBMED:29930205
YNL055C	YGL008C	POR1	PMA1	Affinity Capture-MS	physical	PUBMED:29930205
YNL055C	YMR108W	POR1	ILV2	Affinity Capture-MS	physical	PUBMED:29930205
YDR207C	YAL038W	UME6	CDC19	Proximity Label-MS	physical	PUBMED:38886580
YDR207C	YGL008C	UME6	PMA1	Proximity Label-MS	physical	PUBMED:38886580
YDR207C	YJL026W	UME6	RNR2	Proximity Label-MS	physical	PUBMED:38886580
YDR207C	YBL030C	UME6	PET9	Proximity Label-MS	physical	PUBMED:38886580
YDR207C	YGR180C	UME6	RNR4	Proximity Label-MS	physical	PUBMED:38886580
YBL030C	YLR384C	PET9	IKI3	Cross-Linking-MS (XL-MS)	physical	PUBMED:31851481
YGL008C	YLR045C	PMA1	STU2	Cross-Linking-MS (XL-MS)	physical	PUBMED:31851481
YBL030C	YDR436W	PET9	PPZ2	Cross-Linking-MS (XL-MS)	physical	PUBMED:31851481
YLR355C	YMR108W	ILV5	ILV2	Cross-Linking-MS (XL-MS)	physical	PUBMED:31851481
YLR403W	YJL026W	SFP1	RNR2	Affinity Capture-RNA	physical	PUBMED:39356734
YLR403W	YBL030C	SFP1	PET9	Affinity Capture-RNA	physical	PUBMED:39356734
YLR403W	YEL017C-A	SFP1	PMP2	Affinity Capture-RNA	physical	PUBMED:39356734
YLR403W	YAL038W	SFP1	CDC19	Affinity Capture-RNA	physical	PUBMED:39356734
YLR403W	YGL008C	SFP1	PMA1	Affinity Capture-RNA	physical	PUBMED:39356734
YGR103W	YGL008C	NOP7	PMA1	Affinity Capture-MS	physical	PUBMED:39209816
YGR103W	YAL038W	NOP7	CDC19	Affinity Capture-MS	physical	PUBMED:39209816
YGR103W	YBL030C	NOP7	PET9	Affinity Capture-MS	physical	PUBMED:39209816
YGR103W	YKL035W	NOP7	UGP1	Affinity Capture-MS	physical	PUBMED:39209816
YGR103W	YMR108W	NOP7	ILV2	Affinity Capture-MS	physical	PUBMED:39209816
YOL016C	YBL030C	CMK2	PET9	Affinity Capture-MS	physical	PUBMED:38411936
YOL016C	YGR180C	CMK2	RNR4	Affinity Capture-MS	physical	PUBMED:38411936
YPR019W	YGR180C	MCM4	RNR4	PCA	physical	PUBMED:38776358
YPR019W	YGR180C	MCM4	RNR4	Phenotypic Suppression	genetic	PUBMED:38776358
YPR019W	YIL066C	MCM4	RNR3	Affinity Capture-MS	physical	PUBMED:38776358
YHL034C	YAL038W	SBP1	CDC19	Reconstituted Complex	physical	PUBMED:39617253
YHL034C	YMR108W	SBP1	ILV2	Reconstituted Complex	physical	PUBMED:39617253
YHL034C	YER070W	SBP1	RNR1	Reconstituted Complex	physical	PUBMED:39617253
YHL034C	YGL008C	SBP1	PMA1	Reconstituted Complex	physical	PUBMED:39617253
YHL034C	YDR023W	SBP1	SES1	Reconstituted Complex	physical	PUBMED:39617253
YHL034C	YGR180C	SBP1	RNR4	Reconstituted Complex	physical	PUBMED:39617253
YER182W	YER141W	FMP10	COX15	Affinity Capture-MS	physical	PUBMED:39623166
YER182W	YMR056C	FMP10	AAC1	Affinity Capture-MS	physical	PUBMED:39623166
YER182W	YBL030C	FMP10	PET9	Affinity Capture-MS	physical	PUBMED:39623166
YER182W	YKL150W	FMP10	MCR1	Affinity Capture-MS	physical	PUBMED:39623166
YER182W	YGL008C	FMP10	PMA1	Affinity Capture-MS	physical	PUBMED:39623166
YER182W	YMR108W	FMP10	ILV2	Affinity Capture-MS	physical	PUBMED:39623166
YER182W	YKL141W	FMP10	SDH3	Affinity Capture-MS	physical	PUBMED:39623166
YKR016W	YMR056C	MIC60	AAC1	Affinity Capture-MS	physical	PUBMED:39623166
YKR016W	YER141W	MIC60	COX15	Affinity Capture-MS	physical	PUBMED:39623166
YKR016W	YBL030C	MIC60	PET9	Affinity Capture-MS	physical	PUBMED:39623166
YKR016W	YKL141W	MIC60	SDH3	Affinity Capture-MS	physical	PUBMED:39623166
YOR326W	YJL026W	MYO2	RNR2	PCA	physical	PUBMED:39775849
YDR293C	YIL066C	SSD1	RNR3	Synthetic Rescue	genetic	PUBMED:39453980
YDR293C	YMR108W	SSD1	ILV2	Synthetic Rescue	genetic	PUBMED:39453980
YIR010W	YGL008C	DSN1	PMA1	Affinity Capture-MS	physical	PUBMED:40161439
YIR010W	YAL038W	DSN1	CDC19	Affinity Capture-MS	physical	PUBMED:40161439
YIR010W	YKR039W	DSN1	GAP1	Affinity Capture-MS	physical	PUBMED:40161439
YIR010W	YBL030C	DSN1	PET9	Affinity Capture-MS	physical	PUBMED:40161439
YIR010W	YDR023W	DSN1	SES1	Affinity Capture-MS	physical	PUBMED:40161439
YIR010W	YBR023C	DSN1	CHS3	Affinity Capture-MS	physical	PUBMED:40161439
YIR010W	YBR038W	DSN1	CHS2	Affinity Capture-MS	physical	PUBMED:40161439
YML069W	YAL038W	POB3	CDC19	Affinity Capture-MS	physical	PUBMED:39855624
YDL126C	YGL008C	CDC48	PMA1	Affinity Capture-MS	physical	PUBMED:40359616
YDL126C	YBL030C	CDC48	PET9	Affinity Capture-MS	physical	PUBMED:40359616
YDL126C	YAL038W	CDC48	CDC19	Affinity Capture-MS	physical	PUBMED:40359616
YDL126C	YKL035W	CDC48	UGP1	Affinity Capture-MS	physical	PUBMED:40359616
YDL126C	YIL043C	CDC48	CBR1	Affinity Capture-MS	physical	PUBMED:40359616
YDL126C	YMR108W	CDC48	ILV2	Affinity Capture-MS	physical	PUBMED:40359616
YDL126C	YGR180C	CDC48	RNR4	Affinity Capture-MS	physical	PUBMED:40359616
YDL126C	YJL026W	CDC48	RNR2	Affinity Capture-MS	physical	PUBMED:40359616
YDL126C	YER141W	CDC48	COX15	Affinity Capture-MS	physical	PUBMED:40359616
YDL126C	YMR056C	CDC48	AAC1	Affinity Capture-MS	physical	PUBMED:40359616
YGL008C	YGL008C	PMA1	PMA1	Reconstituted Complex	physical	PUBMED:40413744
YKL150W	YNL310C	MCR1	ZIM17	Co-fractionation	physical	PUBMED:40175596
YOL020W	YGL008C	TAT2	PMA1	Co-fractionation	physical	PUBMED:40601413
YGL017W	YBL030C	ATE1	PET9	Phenotypic Suppression	genetic	PUBMED:40818972
YGL017W	YBR085W	ATE1	AAC3	Phenotypic Suppression	genetic	PUBMED:40818972
YBR086C	YLR305C	IST2	STT4	Phenotypic Suppression	genetic	PUBMED:40550329
YER120W	YLR305C	SCS2	STT4	Phenotypic Suppression	genetic	PUBMED:40550329
YBL091C-A	YLR305C	SCS22	STT4	Phenotypic Suppression	genetic	PUBMED:40550329
YOR086C	YLR305C	TCB1	STT4	Phenotypic Suppression	genetic	PUBMED:40550329
YNL087W	YLR305C	TCB2	STT4	Phenotypic Suppression	genetic	PUBMED:40550329
YML072C	YLR305C	TCB3	STT4	Phenotypic Suppression	genetic	PUBMED:40550329
YKL212W	YLR305C	SAC1	STT4	Phenotypic Suppression	genetic	PUBMED:40550329
YKL150W	YBR278W	MCR1	DPB3	Synthetic Rescue	genetic	PUBMED:39094570
YDR446W	YJL026W	ECM11	RNR2	Proximity Label-MS	physical	PUBMED:39405359
YGL251C	YJL026W	HFM1	RNR2	Proximity Label-MS	physical	PUBMED:39405359
YPL164C	YJL026W	MLH3	RNR2	Proximity Label-MS	physical	PUBMED:39405359
YDL154W	YJL026W	MSH5	RNR2	Proximity Label-MS	physical	PUBMED:39405359
YHR153C	YJL026W	SPO16	RNR2	Proximity Label-MS	physical	PUBMED:39405359
YLR394W	YJL026W	CST9	RNR2	Proximity Label-MS	physical	PUBMED:39405359
YIL073C	YJL026W	SPO22	RNR2	Proximity Label-MS	physical	PUBMED:39405359
YMR012W	YDR023W	CLU1	SES1	Proximity Label-MS	physical	PUBMED:40623095
YML020W	YBL030C	YML020W	PET9	Affinity Capture-MS	physical	PUBMED:40601406
YML028W	YAL038W	TSA1	CDC19	Affinity Capture-MS	physical	PUBMED:40748663
YML028W	YMR108W	TSA1	ILV2	Affinity Capture-MS	physical	PUBMED:40748663
YML028W	YIL043C	TSA1	CBR1	Affinity Capture-MS	physical	PUBMED:40748663
YML028W	YGL008C	TSA1	PMA1	Affinity Capture-MS	physical	PUBMED:40748663
YML028W	YDR023W	TSA1	SES1	Affinity Capture-MS	physical	PUBMED:40748663
YML028W	YER070W	TSA1	RNR1	Affinity Capture-MS	physical	PUBMED:40748663
YML028W	YAL038W	TSA1	CDC19	Affinity Capture-Western	physical	PUBMED:40748663
YAL038W	YML028W	CDC19	TSA1	Affinity Capture-Western	physical	PUBMED:40748663
YGR218W	YGL008C	CRM1	PMA1	Affinity Capture-MS	physical	PUBMED:40068679
YGR218W	YAL038W	CRM1	CDC19	Affinity Capture-MS	physical	PUBMED:40068679
YGR218W	YJL026W	CRM1	RNR2	Affinity Capture-MS	physical	PUBMED:40068679
YML028W	YAL038W	TSA1	CDC19	Affinity Capture-MS	physical	PUBMED:39847483
YML028W	YAL038W	TSA1	CDC19	Affinity Capture-Western	physical	PUBMED:39847483
YML028W	YKL035W	TSA1	UGP1	Affinity Capture-Western	physical	PUBMED:39847483
-	YMR101C	SNCA	SRT1	Dosage Rescue	genetic	PUBMED:28131822
YGL122C	YGL008C	NAB2	PMA1	Affinity Capture-RNA	physical	PUBMED:41574433
YDR381W	YGL008C	YRA1	PMA1	Affinity Capture-RNA	physical	PUBMED:41574433
YPL169C	YGL008C	MEX67	PMA1	Affinity Capture-RNA	physical	PUBMED:41574433
YBL005W	YGL008C	PDR3	PMA1	Affinity Capture-MS	physical	PUBMED:41372412
YBL005W	YER141W	PDR3	COX15	Affinity Capture-MS	physical	PUBMED:41372412
YBL005W	YBL030C	PDR3	PET9	Affinity Capture-MS	physical	PUBMED:41372412
YBL005W	YMR108W	PDR3	ILV2	Affinity Capture-MS	physical	PUBMED:41372412
YMR296C	YER070W	LCB1	RNR1	Synthetic Rescue	genetic	PUBMED:41619027
YKL004W	YER070W	AUR1	RNR1	Synthetic Rescue	genetic	PUBMED:41619027
YOR045W	YOR347C	TOM6	PYK2	Reconstituted Complex	physical	PUBMED:40891445
YJR119C	YBR002C	JHD2	RER2	Affinity Capture-Western	physical	PUBMED:40523001
YJR119C	YBR069C	JHD2	TAT1	Affinity Capture-Western	physical	PUBMED:40523001
YJR119C	YBR252W	JHD2	DUT1	Affinity Capture-Western	physical	PUBMED:40523001
YJR119C	YDR302W	JHD2	GPI11	Affinity Capture-Western	physical	PUBMED:40523001
YJR119C	YDR376W	JHD2	ARH1	Affinity Capture-Western	physical	PUBMED:40523001
YJR119C	YER005W	JHD2	YND1	Affinity Capture-Western	physical	PUBMED:40523001
YJR119C	YER070W	JHD2	RNR1	Affinity Capture-Western	physical	PUBMED:40523001
YJR119C	YER141W	JHD2	COX15	Affinity Capture-Western	physical	PUBMED:40523001
YJR119C	YLR305C	JHD2	STT4	Affinity Capture-Western	physical	PUBMED:40523001
YJR119C	YML125C	JHD2	PGA3	Affinity Capture-Western	physical	PUBMED:40523001
YJR119C	YOL130W	JHD2	ALR1	Affinity Capture-Western	physical	PUBMED:40523001
YJR119C	YPL252C	JHD2	YAH1	Affinity Capture-Western	physical	PUBMED:40523001
YAL005C	YAL038W	SSA1	CDC19	Affinity Capture-MS	physical	PUBMED:41390490
YAL005C	YBL030C	SSA1	PET9	Affinity Capture-MS	physical	PUBMED:41390490
YAL005C	YMR108W	SSA1	ILV2	Affinity Capture-MS	physical	PUBMED:41390490
YAL005C	YKL150W	SSA1	MCR1	Affinity Capture-MS	physical	PUBMED:41390490
YAL005C	YGL008C	SSA1	PMA1	Affinity Capture-MS	physical	PUBMED:41390490
YAL005C	YGR180C	SSA1	RNR4	Affinity Capture-MS	physical	PUBMED:41390490
YOR151C	YGL008C	RPB2	PMA1	Affinity Capture-MS	physical	PUBMED:41500282
YKL054C	YMR108W	DEF1	ILV2	Proximity Label-MS	physical	PUBMED:41354338
YOR270C	YGL008C	VPH1	PMA1	Co-fractionation	physical	PUBMED:42026727
YDR291W	YPL036W	HRQ1	PMA2	Synthetic Growth Defect	genetic	PUBMED:40994099
YGR240C	YBR252W	PFK1	DUT1	Affinity Capture-RNA	physical	PUBMED:41816908
YGR240C	YGR191W	PFK1	HIP1	Affinity Capture-RNA	physical	PUBMED:41816908
YMR205C	YBR252W	PFK2	DUT1	Affinity Capture-RNA	physical	PUBMED:41816908
YMR205C	YGR191W	PFK2	HIP1	Affinity Capture-RNA	physical	PUBMED:41816908
YMR205C	YPL252C	PFK2	YAH1	Affinity Capture-RNA	physical	PUBMED:41816908
YMR205C	YJR069C	PFK2	HAM1	Affinity Capture-RNA	physical	PUBMED:41816908
YMR205C	YLL031C	PFK2	GPI13	Affinity Capture-RNA	physical	PUBMED:41816908
YGR240C	YPL252C	PFK1	YAH1	Affinity Capture-RNA	physical	PUBMED:41816908
YGR240C	YJR069C	PFK1	HAM1	Affinity Capture-RNA	physical	PUBMED:41816908
YGR240C	YLL031C	PFK1	GPI13	Affinity Capture-RNA	physical	PUBMED:41816908
YMR205C	YML125C	PFK2	PGA3	Affinity Capture-RNA	physical	PUBMED:41816908
YBL030C	YPL063W	PET9	TIM50	Affinity Capture-MS	physical	PUBMED:42086547
YLL001W	YMR108W	DNM1	ILV2	Affinity Capture-MS	physical	PUBMED:42086547
YKL027W	YPL036W	TCD2	PMA2	Affinity Capture-MS	physical	PUBMED:42086547
YBR177C	YIL043C	EHT1	CBR1	Affinity Capture-MS	physical	PUBMED:42086547
YLR090W	YOL130W	XDJ1	ALR1	Affinity Capture-MS	physical	PUBMED:42086547
YFR011C	YIL043C	MIC19	CBR1	Affinity Capture-MS	physical	PUBMED:42086547
YDL067C	YIL043C	COX9	CBR1	Affinity Capture-MS	physical	PUBMED:42086547
YKL150W	YOR065W	MCR1	CYT1	Affinity Capture-MS	physical	PUBMED:42086547
YLR090W	YNL192W	XDJ1	CHS1	Affinity Capture-MS	physical	PUBMED:42086547
YMR108W	YPL070W	ILV2	MUK1	Affinity Capture-MS	physical	PUBMED:42086547
YIL043C	YKL094W	CBR1	YJU3	Affinity Capture-MS	physical	PUBMED:42086547
YIL043C	YOR099W	CBR1	KTR1	Affinity Capture-MS	physical	PUBMED:42086547
YHL032C	YMR108W	GUT1	ILV2	Affinity Capture-MS	physical	PUBMED:42086547
YKL150W	YMR301C	MCR1	ATM1	Affinity Capture-MS	physical	PUBMED:42086547
YGR235C	YIL043C	MIC26	CBR1	Affinity Capture-MS	physical	PUBMED:42086547
YKL035W	YKL212W	UGP1	SAC1	Affinity Capture-MS	physical	PUBMED:42086547
YKL150W	YML054C	MCR1	CYB2	Affinity Capture-MS	physical	PUBMED:42086547
YAL056W	YMR108W	GPB2	ILV2	Affinity Capture-MS	physical	PUBMED:42086547
YHR020W	YMR108W	YHR020W	ILV2	Affinity Capture-MS	physical	PUBMED:42086547
YKL150W	YPL215W	MCR1	CBP3	Affinity Capture-MS	physical	PUBMED:42086547
YMR108W	YOR207C	ILV2	RET1	Affinity Capture-MS	physical	PUBMED:42086547
YIL065C	YKL141W	FIS1	SDH3	Affinity Capture-MS	physical	PUBMED:42086547
YML086C	YMR108W	ALO1	ILV2	Affinity Capture-MS	physical	PUBMED:42086547
YKR039W	YOR317W	GAP1	FAA1	Affinity Capture-MS	physical	PUBMED:42086547
YDR219C	YKL150W	MFB1	MCR1	Affinity Capture-MS	physical	PUBMED:42086547
YBR023C	YHR083W	CHS3	SAM35	Affinity Capture-MS	physical	PUBMED:42086547
YEL039C	YKL150W	CYC7	MCR1	Affinity Capture-MS	physical	PUBMED:42086547
YBL095W	YMR108W	YBL095W	ILV2	Affinity Capture-MS	physical	PUBMED:42086547
YIL043C	YPL154C	CBR1	PEP4	Affinity Capture-MS	physical	PUBMED:42086547
YCR004C	YIL043C	YCP4	CBR1	Affinity Capture-MS	physical	PUBMED:42086547
YHR016C	YMR108W	YSC84	ILV2	Affinity Capture-MS	physical	PUBMED:42086547
YBR069C	YML086C	TAT1	ALO1	Affinity Capture-MS	physical	PUBMED:42086547
YBR023C	YML086C	CHS3	ALO1	Affinity Capture-MS	physical	PUBMED:42086547
YKL150W	YLR090W	MCR1	XDJ1	Affinity Capture-MS	physical	PUBMED:42086547
YBR069C	YPR155C	TAT1	NCA2	Affinity Capture-MS	physical	PUBMED:42086547
YKL150W	YPR125W	MCR1	YLH47	Affinity Capture-MS	physical	PUBMED:42086547
YBL030C	YOR045W	PET9	TOM6	Affinity Capture-MS	physical	PUBMED:42086547
YKL094W	YKL141W	YJU3	SDH3	Affinity Capture-MS	physical	PUBMED:42086547
YGR180C	YHR083W	RNR4	SAM35	Affinity Capture-MS	physical	PUBMED:42086547
YIL065C	YJL026W	FIS1	RNR2	Affinity Capture-MS	physical	PUBMED:42086547
YBR262C	YIL043C	MIC12	CBR1	Affinity Capture-MS	physical	PUBMED:42086547
YGR180C	YGR266W	RNR4	YGR266W	Affinity Capture-MS	physical	PUBMED:42086547
YER141W	YGR082W	COX15	TOM20	Affinity Capture-MS	physical	PUBMED:42086547
YGR082W	YKL141W	TOM20	SDH3	Affinity Capture-MS	physical	PUBMED:42086547
YKL141W	YML129C	SDH3	COX14	Affinity Capture-MS	physical	PUBMED:42086547
YJL054W	YKL141W	TIM54	SDH3	Affinity Capture-MS	physical	PUBMED:42086547
YBL030C	YDL120W	PET9	YFH1	Affinity Capture-MS	physical	PUBMED:42086547
YER141W	YOR354C	COX15	MSC6	Affinity Capture-MS	physical	PUBMED:42086547
YER141W	YMR301C	COX15	ATM1	Affinity Capture-MS	physical	PUBMED:42086547
YBL030C	YPR067W	PET9	ISA2	Affinity Capture-MS	physical	PUBMED:42086547
YDR232W	YOR347C	HEM1	PYK2	Affinity Capture-MS	physical	PUBMED:42086547
YBR085W	YPR067W	AAC3	ISA2	Affinity Capture-MS	physical	PUBMED:42086547
YKL141W	YPR067W	SDH3	ISA2	Affinity Capture-MS	physical	PUBMED:42086547
YGR183C	YKL141W	QCR9	SDH3	Affinity Capture-MS	physical	PUBMED:42086547
YKL141W	YML120C	SDH3	NDI1	Affinity Capture-MS	physical	PUBMED:42086547
YER141W	YKL114C	COX15	APN1	Affinity Capture-MS	physical	PUBMED:42086547
YEL020W-A	YKL141W	TIM9	SDH3	Affinity Capture-MS	physical	PUBMED:42086547
YKL141W	YPL063W	SDH3	TIM50	Affinity Capture-MS	physical	PUBMED:42086547
YKL141W	YLL041C	SDH3	SDH2	Affinity Capture-MS	physical	PUBMED:42086547
YBR085W	YDL120W	AAC3	YFH1	Affinity Capture-MS	physical	PUBMED:42086547
YBR085W	YPL063W	AAC3	TIM50	Affinity Capture-MS	physical	PUBMED:42086547
YBR262C	YER141W	MIC12	COX15	Affinity Capture-MS	physical	PUBMED:42086547
YBR262C	YKL141W	MIC12	SDH3	Affinity Capture-MS	physical	PUBMED:42086547
YKL141W	YMR145C	SDH3	NDE1	Affinity Capture-MS	physical	PUBMED:42086547
YBR085W	YLR295C	AAC3	ATP14	Affinity Capture-MS	physical	PUBMED:42086547
YBL030C	YMR241W	PET9	YHM2	Affinity Capture-MS	physical	PUBMED:42086547
YBR085W	YNL315C	AAC3	ATP11	Affinity Capture-MS	physical	PUBMED:42086547
YIL155C	YKL141W	GUT2	SDH3	Affinity Capture-MS	physical	PUBMED:42086547
YDR529C	YMR056C	QCR7	AAC1	Affinity Capture-MS	physical	PUBMED:42086547
YBL030C	YDR377W	PET9	ATP17	Affinity Capture-MS	physical	PUBMED:42086547
YKL141W	YML054C	SDH3	CYB2	Affinity Capture-MS	physical	PUBMED:42086547
YBL030C	YJL166W	PET9	QCR8	Affinity Capture-MS	physical	PUBMED:42086547
YBL030C	YJR077C	PET9	MIR1	Affinity Capture-MS	physical	PUBMED:42086547
YMR056C	YNL100W	AAC1	MIC27	Affinity Capture-MS	physical	PUBMED:42086547
YBR085W	YMR241W	AAC3	YHM2	Affinity Capture-MS	physical	PUBMED:42086547
YDL120W	YKL141W	YFH1	SDH3	Affinity Capture-MS	physical	PUBMED:42086547
YDR258C	YHR011W	HSP78	DIA4	Affinity Capture-MS	physical	PUBMED:42086547
YKL141W	YLR369W	SDH3	SSQ1	Affinity Capture-MS	physical	PUBMED:42086547
YKL141W	YNR018W	SDH3	RCF2	Affinity Capture-MS	physical	PUBMED:42086547
YBL030C	YOR065W	PET9	CYT1	Affinity Capture-MS	physical	PUBMED:42086547
YGR031W	YKL141W	IMO32	SDH3	Affinity Capture-MS	physical	PUBMED:42086547
YHR001W-A	YKL141W	QCR10	SDH3	Affinity Capture-MS	physical	PUBMED:42086547
YBL030C	YKL195W	PET9	MIA40	Affinity Capture-MS	physical	PUBMED:42086547
YBL030C	YML081C-A	PET9	ATP18	Affinity Capture-MS	physical	PUBMED:42086547
YDR194C	YDR376W	MSS116	ARH1	Affinity Capture-MS	physical	PUBMED:42086547
YBR085W	YMR302C	AAC3	YME2	Affinity Capture-MS	physical	PUBMED:42086547
YKL141W	YMR241W	SDH3	YHM2	Affinity Capture-MS	physical	PUBMED:42086547
YGR147C	YKL141W	NAT2	SDH3	Affinity Capture-MS	physical	PUBMED:42086547
YKL141W	YOR305W	SDH3	RRG7	Affinity Capture-MS	physical	PUBMED:42086547
YBL030C	YIR021W	PET9	MRS1	Affinity Capture-MS	physical	PUBMED:42086547
YAL015C	YBL030C	NTG1	PET9	Affinity Capture-MS	physical	PUBMED:42086547
YDL181W	YKL141W	INH1	SDH3	Affinity Capture-MS	physical	PUBMED:42086547
YGR180C	YKR036C	RNR4	CAF4	Affinity Capture-MS	physical	PUBMED:42086547
YBR038W	YGL219C	CHS2	MDM34	Affinity Capture-MS	physical	PUBMED:42086547
YKL150W	YNL121C	MCR1	TOM70	Co-fractionation	physical	PUBMED:42086547
YKL150W	YLR220W	MCR1	CCC1	Co-fractionation	physical	PUBMED:42086547
YDL226C	YMR108W	GCS1	ILV2	Co-fractionation	physical	PUBMED:42086547
YKL150W	YLR080W	MCR1	EMP46	Co-fractionation	physical	PUBMED:42086547
YDL174C	YKL150W	DLD1	MCR1	Co-fractionation	physical	PUBMED:42086547
YER120W	YKL150W	SCS2	MCR1	Co-fractionation	physical	PUBMED:42086547
YGR008C	YMR108W	STF2	ILV2	Co-fractionation	physical	PUBMED:42086547
YKL150W	YMR215W	MCR1	GAS3	Co-fractionation	physical	PUBMED:42086547
YBL030C	YNL131W	PET9	TOM22	Co-fractionation	physical	PUBMED:42086547
YHR190W	YKL150W	ERG9	MCR1	Co-fractionation	physical	PUBMED:42086547
YGR080W	YKL150W	TWF1	MCR1	Co-fractionation	physical	PUBMED:42086547
YEL013W	YKL150W	VAC8	MCR1	Co-fractionation	physical	PUBMED:42086547
YKL150W	YOR285W	MCR1	RDL1	Co-fractionation	physical	PUBMED:42086547
YKL150W	YLL050C	MCR1	COF1	Co-fractionation	physical	PUBMED:42086547
YKL150W	YML008C	MCR1	ERG6	Co-fractionation	physical	PUBMED:42086547
YML008C	YMR108W	ERG6	ILV2	Co-fractionation	physical	PUBMED:42086547
YIL041W	YKL150W	GVP36	MCR1	Co-fractionation	physical	PUBMED:42086547
YKL150W	YOR332W	MCR1	VMA4	Co-fractionation	physical	PUBMED:42086547
YGL187C	YKL150W	COX4	MCR1	Co-fractionation	physical	PUBMED:42086547
YBR046C	YKL150W	ZTA1	MCR1	Co-fractionation	physical	PUBMED:42086547
YKL150W	YLL048C	MCR1	YBT1	Co-fractionation	physical	PUBMED:42086547
YMR108W	YPL078C	ILV2	ATP4	Co-fractionation	physical	PUBMED:42086547
YKL150W	YOL109W	MCR1	ZEO1	Co-fractionation	physical	PUBMED:42086547
YBL030C	YMR110C	PET9	HFD1	Co-fractionation	physical	PUBMED:42086547
YBR286W	YKL150W	APE3	MCR1	Co-fractionation	physical	PUBMED:42086547
YDL174C	YMR108W	DLD1	ILV2	Co-fractionation	physical	PUBMED:42086547
YDR513W	YMR108W	GRX2	ILV2	Co-fractionation	physical	PUBMED:42086547
YER086W	YMR108W	ILV1	ILV2	Co-fractionation	physical	PUBMED:42086547
YDR353W	YMR203W	TRR1	TOM40	Co-fractionation	physical	PUBMED:42086547
YMR108W	YOR133W	ILV2	EFT1	Co-fractionation	physical	PUBMED:42086547
YER133W	YMR108W	GLC7	ILV2	Co-fractionation	physical	PUBMED:42086547
YGR155W	YMR108W	CYS4	ILV2	Co-fractionation	physical	PUBMED:42086547
YGL008C	YIL136W	PMA1	OM45	Co-fractionation	physical	PUBMED:42086547
YMR108W	YPR191W	ILV2	QCR2	Co-fractionation	physical	PUBMED:42086547
YLR250W	YMR108W	SSP120	ILV2	Co-fractionation	physical	PUBMED:42086547
YHR174W	YKL150W	ENO2	MCR1	Co-fractionation	physical	PUBMED:42086547
YFR024C-A	YMR108W	LSB3	ILV2	Co-fractionation	physical	PUBMED:42086547
YMR108W	YOR270C	ILV2	VPH1	Co-fractionation	physical	PUBMED:42086547
YDL084W	YMR108W	SUB2	ILV2	Co-fractionation	physical	PUBMED:42086547
YDL185W	YMR108W	VMA1	ILV2	Co-fractionation	physical	PUBMED:42086547
YCL040W	YMR108W	GLK1	ILV2	Co-fractionation	physical	PUBMED:42086547
YKL067W	YMR108W	YNK1	ILV2	Co-fractionation	physical	PUBMED:42086547
YGL008C	YNL055C	PMA1	POR1	Co-fractionation	physical	PUBMED:42086547
YDL055C	YMR108W	PSA1	ILV2	Co-fractionation	physical	PUBMED:42086547
YFL014W	YKL150W	HSP12	MCR1	Co-fractionation	physical	PUBMED:42086547
YMR108W	YPR163C	ILV2	TIF3	Co-fractionation	physical	PUBMED:42086547
YCR012W	YMR108W	PGK1	ILV2	Co-fractionation	physical	PUBMED:42086547
YGL008C	YLL001W	PMA1	DNM1	Co-fractionation	physical	PUBMED:42086547
YAL038W	YJL052W	CDC19	TDH1	Co-fractionation	physical	PUBMED:42086547
YGL187C	YMR108W	COX4	ILV2	Co-fractionation	physical	PUBMED:42086547
YKL152C	YMR108W	GPM1	ILV2	Co-fractionation	physical	PUBMED:42086547
YKL150W	YKL152C	MCR1	GPM1	Co-fractionation	physical	PUBMED:42086547
YKL150W	YLR044C	MCR1	PDC1	Co-fractionation	physical	PUBMED:42086547
YFR053C	YMR108W	HXK1	ILV2	Co-fractionation	physical	PUBMED:42086547
YBL030C	YLL013C	PET9	PUF3	Co-fractionation	physical	PUBMED:42086547
YLR438W	YMR108W	CAR2	ILV2	Co-fractionation	physical	PUBMED:42086547
YKR046C	YMR108W	PET10	ILV2	Co-fractionation	physical	PUBMED:42086547
YAL038W	YJL112W	CDC19	MDV1	Co-fractionation	physical	PUBMED:42086547
YCR012W	YKL150W	PGK1	MCR1	Co-fractionation	physical	PUBMED:42086547
YMR108W	YOL086C	ILV2	ADH1	Co-fractionation	physical	PUBMED:42086547
YKL150W	YNL098C	MCR1	RAS2	Co-fractionation	physical	PUBMED:42086547
YDR032C	YMR108W	PST2	ILV2	Co-fractionation	physical	PUBMED:42086547
YGR086C	YMR108W	PIL1	ILV2	Co-fractionation	physical	PUBMED:42086547
YFR024C-A	YKL150W	LSB3	MCR1	Co-fractionation	physical	PUBMED:42086547
YKL150W	YLL026W	MCR1	HSP104	Co-fractionation	physical	PUBMED:42086547
YLR044C	YMR108W	PDC1	ILV2	Co-fractionation	physical	PUBMED:42086547
YMR108W	YNL208W	ILV2	YNL208W	Co-fractionation	physical	PUBMED:42086547
YKL150W	YOR133W	MCR1	EFT1	Co-fractionation	physical	PUBMED:42086547
YJL026W	YJL112W	RNR2	MDV1	Co-fractionation	physical	PUBMED:42086547
YDL055C	YKL150W	PSA1	MCR1	Co-fractionation	physical	PUBMED:42086547
YGR180C	YMR110C	RNR4	HFD1	Co-fractionation	physical	PUBMED:42086547
YKL150W	YOL086C	MCR1	ADH1	Co-fractionation	physical	PUBMED:42086547
YKL150W	YNL208W	MCR1	YNL208W	Co-fractionation	physical	PUBMED:42086547
YKL060C	YMR108W	FBA1	ILV2	Co-fractionation	physical	PUBMED:42086547
YDR353W	YMR110C	TRR1	HFD1	Co-fractionation	physical	PUBMED:42086547
YBL050W	YKL150W	SEC17	MCR1	Co-fractionation	physical	PUBMED:42086547
YKL150W	YMR116C	MCR1	ASC1	Co-fractionation	physical	PUBMED:42086547
YKL150W	YKR057W	MCR1	RPS21A	Co-fractionation	physical	PUBMED:42086547
YDL226C	YKL150W	GCS1	MCR1	Co-fractionation	physical	PUBMED:42086547
YGL195W	YKL150W	GCN1	MCR1	Co-fractionation	physical	PUBMED:42086547
YMR108W	YOL109W	ILV2	ZEO1	Co-fractionation	physical	PUBMED:42086547
YKL150W	YNL115C	MCR1	YNL115C	Co-fractionation	physical	PUBMED:42086547
YGR209C	YKL150W	TRX2	MCR1	Co-fractionation	physical	PUBMED:42086547
YKL150W	YPL078C	MCR1	ATP4	Co-fractionation	physical	PUBMED:42086547
YKL150W	YLR043C	MCR1	TRX1	Co-fractionation	physical	PUBMED:42086547
YDR304C	YKL150W	CPR5	MCR1	Co-fractionation	physical	PUBMED:42086547
YKL150W	YPL154C	MCR1	PEP4	Co-fractionation	physical	PUBMED:42086547
YHR042W	YKL150W	NCP1	MCR1	Co-fractionation	physical	PUBMED:42086547
YKL150W	YLR250W	MCR1	SSP120	Co-fractionation	physical	PUBMED:42086547
YGR214W	YMR108W	RPS0A	ILV2	Co-fractionation	physical	PUBMED:42086547
YBR056W	YKL150W	YBR056W	MCR1	Co-fractionation	physical	PUBMED:42086547
YGL253W	YKL150W	HXK2	MCR1	Co-fractionation	physical	PUBMED:42086547
YBL030C	YOR317W	PET9	FAA1	Co-fractionation	physical	PUBMED:42086547
YKL150W	YOR165W	MCR1	SEY1	Co-fractionation	physical	PUBMED:42086547
YIR004W	YKL150W	DJP1	MCR1	Co-fractionation	physical	PUBMED:42086547
YER031C	YKL150W	YPT31	MCR1	Co-fractionation	physical	PUBMED:42086547
YER133W	YKL150W	GLC7	MCR1	Co-fractionation	physical	PUBMED:42086547
YDR353W	YOR317W	TRR1	FAA1	Co-fractionation	physical	PUBMED:42086547
YGR214W	YKL150W	RPS0A	MCR1	Co-fractionation	physical	PUBMED:42086547
YBL050W	YMR108W	SEC17	ILV2	Co-fractionation	physical	PUBMED:42086547
YMR108W	YMR116C	ILV2	ASC1	Co-fractionation	physical	PUBMED:42086547
YDR032C	YKL150W	PST2	MCR1	Co-fractionation	physical	PUBMED:42086547
YDR513W	YKL150W	GRX2	MCR1	Co-fractionation	physical	PUBMED:42086547
YHR174W	YMR108W	ENO2	ILV2	Co-fractionation	physical	PUBMED:42086547
YDR304C	YMR108W	CPR5	ILV2	Co-fractionation	physical	PUBMED:42086547
YGR080W	YMR108W	TWF1	ILV2	Co-fractionation	physical	PUBMED:42086547
YLR043C	YMR108W	TRX1	ILV2	Co-fractionation	physical	PUBMED:42086547
YHR042W	YMR108W	NCP1	ILV2	Co-fractionation	physical	PUBMED:42086547
YGR209C	YMR108W	TRX2	ILV2	Co-fractionation	physical	PUBMED:42086547
YDR150W	YKL035W	NUM1	UGP1	Co-fractionation	physical	PUBMED:42086547
YDL204W	YKL150W	RTN2	MCR1	Co-fractionation	physical	PUBMED:42086547
YMR108W	YPL154C	ILV2	PEP4	Co-fractionation	physical	PUBMED:42086547
YKL150W	YPR163C	MCR1	TIF3	Co-fractionation	physical	PUBMED:42086547
YKR057W	YMR108W	RPS21A	ILV2	Co-fractionation	physical	PUBMED:42086547
YDR233C	YMR108W	RTN1	ILV2	Co-fractionation	physical	PUBMED:42086547
YMR108W	YPL218W	ILV2	SAR1	Co-fractionation	physical	PUBMED:42086547
YGL253W	YMR108W	HXK2	ILV2	Co-fractionation	physical	PUBMED:42086547
YKL150W	YPL218W	MCR1	SAR1	Co-fractionation	physical	PUBMED:42086547
YKL150W	YOR270C	MCR1	VPH1	Co-fractionation	physical	PUBMED:42086547
YBL030C	YMR203W	PET9	TOM40	Co-fractionation	physical	PUBMED:42086547
YKL150W	YNR034W-A	MCR1	YNR034W-A	Co-fractionation	physical	PUBMED:42086547
YFR053C	YKL150W	HXK1	MCR1	Co-fractionation	physical	PUBMED:42086547
YKL150W	YML128C	MCR1	MSC1	Co-fractionation	physical	PUBMED:42086547
YKL150W	YNL015W	MCR1	PBI2	Co-fractionation	physical	PUBMED:42086547
YKL150W	YPL186C	MCR1	UIP4	Co-fractionation	physical	PUBMED:42086547
YKL150W	YPR002W	MCR1	PDH1	Co-fractionation	physical	PUBMED:42086547
YDR519W	YKL150W	FPR2	MCR1	Co-fractionation	physical	PUBMED:42086547
YFL048C	YKL150W	EMP47	MCR1	Co-fractionation	physical	PUBMED:42086547
YMR108W	YNL115C	ILV2	YNL115C	Co-fractionation	physical	PUBMED:42086547
YJL172W	YKL150W	CPS1	MCR1	Co-fractionation	physical	PUBMED:42086547
YBR080C	YKL150W	SEC18	MCR1	Co-fractionation	physical	PUBMED:42086547
YDR177W	YKL150W	UBC1	MCR1	Co-fractionation	physical	PUBMED:42086547
YKL150W	YKR046C	MCR1	PET10	Co-fractionation	physical	PUBMED:42086547
YBR286W	YMR108W	APE3	ILV2	Co-fractionation	physical	PUBMED:42086547
YBR151W	YKL150W	APD1	MCR1	Co-fractionation	physical	PUBMED:42086547
YKL056C	YKL150W	TMA19	MCR1	Co-fractionation	physical	PUBMED:42086547
YHR132C	YKL150W	ECM14	MCR1	Co-fractionation	physical	PUBMED:42086547
YDL204W	YMR108W	RTN2	ILV2	Co-fractionation	physical	PUBMED:42086547
YEL020W-A	YKL150W	TIM9	MCR1	Co-fractionation	physical	PUBMED:42086547
YJL172W	YMR108W	CPS1	ILV2	Co-fractionation	physical	PUBMED:42086547
YIL109C	YKL150W	SEC24	MCR1	Co-fractionation	physical	PUBMED:42086547
YIR006C	YKL150W	PAN1	MCR1	Co-fractionation	physical	PUBMED:42086547
YMR108W	YOR285W	ILV2	RDL1	Co-fractionation	physical	PUBMED:42086547
YKL150W	YNL168C	MCR1	FMP41	Co-fractionation	physical	PUBMED:42086547
YGR254W	YMR108W	ENO1	ILV2	Co-fractionation	physical	PUBMED:42086547
YDR155C	YKL150W	CPR1	MCR1	Co-fractionation	physical	PUBMED:42086547
YDL182W	YKL150W	LYS20	MCR1	Co-fractionation	physical	PUBMED:42086547
YMR108W	YNL007C	ILV2	SIS1	Co-fractionation	physical	PUBMED:42086547
YGL195W	YMR108W	GCN1	ILV2	Co-fractionation	physical	PUBMED:42086547
YDR233C	YKL150W	RTN1	MCR1	Co-fractionation	physical	PUBMED:42086547
YKL150W	YNL020C	MCR1	ARK1	Co-fractionation	physical	PUBMED:42086547
YMR108W	YNR034W-A	ILV2	YNR034W-A	Co-fractionation	physical	PUBMED:42086547
YIL109C	YMR108W	SEC24	ILV2	Co-fractionation	physical	PUBMED:42086547
YDR150W	YGL008C	NUM1	PMA1	Co-fractionation	physical	PUBMED:42086547
YMR108W	YNL121C	ILV2	TOM70	Co-fractionation	physical	PUBMED:42086547
YKL150W	YNL131W	MCR1	TOM22	Co-fractionation	physical	PUBMED:42086547
YFL010C	YKL150W	WWM1	MCR1	Co-fractionation	physical	PUBMED:42086547
YER031C	YMR108W	YPT31	ILV2	Co-fractionation	physical	PUBMED:42086547
YIL136W	YKL150W	OM45	MCR1	Co-fractionation	physical	PUBMED:42086547
YIL041W	YMR108W	GVP36	ILV2	Co-fractionation	physical	PUBMED:42086547
YML128C	YMR108W	MSC1	ILV2	Co-fractionation	physical	PUBMED:42086547
YHR051W	YKL150W	COX6	MCR1	Co-fractionation	physical	PUBMED:42086547
YDR341C	YKL150W	YDR341C	MCR1	Co-fractionation	physical	PUBMED:42086547
YMR108W	YPR002W	ILV2	PDH1	Co-fractionation	physical	PUBMED:42086547
YBR109C	YMR108W	CMD1	ILV2	Co-fractionation	physical	PUBMED:42086547
YGR008C	YKL150W	STF2	MCR1	Co-fractionation	physical	PUBMED:42086547
YGR180C	YOR317W	RNR4	FAA1	Co-fractionation	physical	PUBMED:42086547
YER080W	YKL150W	AIM9	MCR1	Co-fractionation	physical	PUBMED:42086547
YDR050C	YMR108W	TPI1	ILV2	Co-fractionation	physical	PUBMED:42086547
YKL150W	YMR108W	MCR1	ILV2	Co-fractionation	physical	PUBMED:42086547
YDL185W	YKL150W	VMA1	MCR1	Co-fractionation	physical	PUBMED:42086547
YER067W	YKL150W	RGI1	MCR1	Co-fractionation	physical	PUBMED:42086547
YFL038C	YKL150W	YPT1	MCR1	Co-fractionation	physical	PUBMED:42086547
YKL150W	YNL007C	MCR1	SIS1	Co-fractionation	physical	PUBMED:42086547
YMR108W	YPR074C	ILV2	TKL1	Co-fractionation	physical	PUBMED:42086547
YMR108W	YPL186C	ILV2	UIP4	Co-fractionation	physical	PUBMED:42086547
YHR087W	YKL150W	RTC3	MCR1	Co-fractionation	physical	PUBMED:42086547
YDR519W	YMR108W	FPR2	ILV2	Co-fractionation	physical	PUBMED:42086547
YMR108W	YOR165W	ILV2	SEY1	Co-fractionation	physical	PUBMED:42086547
YEL060C	YKL150W	PRB1	MCR1	Co-fractionation	physical	PUBMED:42086547
YBR222C	YKL150W	PCS60	MCR1	Co-fractionation	physical	PUBMED:42086547
YMR108W	YNL131W	ILV2	TOM22	Co-fractionation	physical	PUBMED:42086547
YMR108W	YNL015W	ILV2	PBI2	Co-fractionation	physical	PUBMED:42086547
YDL095W	YKL150W	PMT1	MCR1	Co-fractionation	physical	PUBMED:42086547
YFL048C	YMR108W	EMP47	ILV2	Co-fractionation	physical	PUBMED:42086547
YKL150W	YOL139C	MCR1	CDC33	Co-fractionation	physical	PUBMED:42086547
YFL030W	YMR108W	AGX1	ILV2	Co-fractionation	physical	PUBMED:42086547
YDR129C	YKL150W	SAC6	MCR1	Co-fractionation	physical	PUBMED:42086547
YKL150W	YNL014W	MCR1	HEF3	Co-fractionation	physical	PUBMED:42086547
YER120W	YMR108W	SCS2	ILV2	Co-fractionation	physical	PUBMED:42086547
YGR086C	YKL150W	PIL1	MCR1	Co-fractionation	physical	PUBMED:42086547
YKL150W	YOR007C	MCR1	SGT2	Co-fractionation	physical	PUBMED:42086547
YIR004W	YMR108W	DJP1	ILV2	Co-fractionation	physical	PUBMED:42086547
YKL150W	YKL196C	MCR1	YKT6	Co-fractionation	physical	PUBMED:42086547
YFL014W	YMR108W	HSP12	ILV2	Co-fractionation	physical	PUBMED:42086547
YIR006C	YMR108W	PAN1	ILV2	Co-fractionation	physical	PUBMED:42086547
YDR177W	YMR108W	UBC1	ILV2	Co-fractionation	physical	PUBMED:42086547
YDR155C	YMR108W	CPR1	ILV2	Co-fractionation	physical	PUBMED:42086547
YKL150W	YMR315W	MCR1	YMR315W	Co-fractionation	physical	PUBMED:42086547
YDR129C	YMR108W	SAC6	ILV2	Co-fractionation	physical	PUBMED:42086547
YMR108W	YNL020C	ILV2	ARK1	Co-fractionation	physical	PUBMED:42086547
YBR151W	YMR108W	APD1	ILV2	Co-fractionation	physical	PUBMED:42086547
YDL022W	YMR108W	GPD1	ILV2	Co-fractionation	physical	PUBMED:42086547
YMR108W	YOR007C	ILV2	SGT2	Co-fractionation	physical	PUBMED:42086547
YKL150W	YMR246W	MCR1	FAA4	Co-fractionation	physical	PUBMED:42086547
YDL022W	YKL150W	GPD1	MCR1	Co-fractionation	physical	PUBMED:42086547
YIL136W	YMR108W	OM45	ILV2	Co-fractionation	physical	PUBMED:42086547
YDR454C	YKL150W	GUK1	MCR1	Co-fractionation	physical	PUBMED:42086547
YKL150W	YLR390W	MCR1	ECM19	Co-fractionation	physical	PUBMED:42086547
YMR108W	YPR181C	ILV2	SEC23	Co-fractionation	physical	PUBMED:42086547
YJR008W	YKL150W	MHO1	MCR1	Co-fractionation	physical	PUBMED:42086547
YDL135C	YKL150W	RDI1	MCR1	Co-fractionation	physical	PUBMED:42086547
YDR101C	YKL150W	ARX1	MCR1	Co-fractionation	physical	PUBMED:42086547
YER086W	YKL150W	ILV1	MCR1	Co-fractionation	physical	PUBMED:42086547
YJR139C	YMR108W	HOM6	ILV2	Co-fractionation	physical	PUBMED:42086547
YKL150W	YOR122C	MCR1	PFY1	Co-fractionation	physical	PUBMED:42086547
YKL150W	YPR160W	MCR1	GPH1	Co-fractionation	physical	PUBMED:42086547
YKL150W	YOR089C	MCR1	VPS21	Co-fractionation	physical	PUBMED:42086547
YFL010C	YMR108W	WWM1	ILV2	Co-fractionation	physical	PUBMED:42086547
YBL017C	YKL150W	PEP1	MCR1	Co-fractionation	physical	PUBMED:42086547
YKL150W	YNL044W	MCR1	YIP3	Co-fractionation	physical	PUBMED:42086547
YKL150W	YNL200C	MCR1	YNL200C	Co-fractionation	physical	PUBMED:42086547
YGR254W	YKL150W	ENO1	MCR1	Co-fractionation	physical	PUBMED:42086547
YMR108W	YNL098C	ILV2	RAS2	Co-fractionation	physical	PUBMED:42086547
YBR222C	YMR108W	PCS60	ILV2	Co-fractionation	physical	PUBMED:42086547
YCR004C	YMR108W	YCP4	ILV2	Co-fractionation	physical	PUBMED:42086547
YKL035W	YLL001W	UGP1	DNM1	Co-fractionation	physical	PUBMED:42086547
YMR108W	YNL168C	ILV2	FMP41	Co-fractionation	physical	PUBMED:42086547
YBR229C	YMR108W	ROT2	ILV2	Co-fractionation	physical	PUBMED:42086547
YKL150W	YPL019C	MCR1	VTC3	Co-fractionation	physical	PUBMED:42086547
YDR430C	YMR108W	CYM1	ILV2	Co-fractionation	physical	PUBMED:42086547
YMR105C	YMR108W	PGM2	ILV2	Co-fractionation	physical	PUBMED:42086547
YDR226W	YKL150W	ADK1	MCR1	Co-fractionation	physical	PUBMED:42086547
YDR322C-A	YKL150W	TIM11	MCR1	Co-fractionation	physical	PUBMED:42086547
YBR080C	YMR108W	SEC18	ILV2	Co-fractionation	physical	PUBMED:42086547
YJR009C	YMR108W	TDH2	ILV2	Co-fractionation	physical	PUBMED:42086547
YGL023C	YKL150W	PIB2	MCR1	Co-fractionation	physical	PUBMED:42086547
YDR234W	YMR108W	LYS4	ILV2	Co-fractionation	physical	PUBMED:42086547
YHR005C-A	YKL150W	TIM10	MCR1	Co-fractionation	physical	PUBMED:42086547
YFL038C	YMR108W	YPT1	ILV2	Co-fractionation	physical	PUBMED:42086547
YCR021C	YKL150W	HSP30	MCR1	Co-fractionation	physical	PUBMED:42086547
YKL056C	YMR108W	TMA19	ILV2	Co-fractionation	physical	PUBMED:42086547
YGR181W	YKL150W	TIM13	MCR1	Co-fractionation	physical	PUBMED:42086547
YCL035C	YKL150W	GRX1	MCR1	Co-fractionation	physical	PUBMED:42086547
YKL150W	YLL001W	MCR1	DNM1	Co-fractionation	physical	PUBMED:42086547
YKL150W	YMR297W	MCR1	PRC1	Co-fractionation	physical	PUBMED:42086547
YDL182W	YMR108W	LYS20	ILV2	Co-fractionation	physical	PUBMED:42086547
YKL150W	YLR293C	MCR1	GSP1	Co-fractionation	physical	PUBMED:42086547
YDL095W	YMR108W	PMT1	ILV2	Co-fractionation	physical	PUBMED:42086547
YKL150W	YOR167C	MCR1	RPS28A	Co-fractionation	physical	PUBMED:42086547
YHR190W	YMR108W	ERG9	ILV2	Co-fractionation	physical	PUBMED:42086547
YKL150W	YMR276W	MCR1	DSK2	Co-fractionation	physical	PUBMED:42086547
YKL150W	YOR120W	MCR1	GCY1	Co-fractionation	physical	PUBMED:42086547
YDR533C	YKL150W	HSP31	MCR1	Co-fractionation	physical	PUBMED:42086547
YKL150W	YMR203W	MCR1	TOM40	Co-fractionation	physical	PUBMED:42086547
YDL124W	YKL150W	YDL124W	MCR1	Co-fractionation	physical	PUBMED:42086547
YGL148W	YMR108W	ARO2	ILV2	Co-fractionation	physical	PUBMED:42086547
YGR181W	YMR108W	TIM13	ILV2	Co-fractionation	physical	PUBMED:42086547
YDR372C	YKL150W	VPS74	MCR1	Co-fractionation	physical	PUBMED:42086547
YER071C	YMR108W	TDA2	ILV2	Co-fractionation	physical	PUBMED:42086547
YBR078W	YKL150W	ECM33	MCR1	Co-fractionation	physical	PUBMED:42086547
YDR262W	YKL150W	YDR262W	MCR1	Co-fractionation	physical	PUBMED:42086547
YGR180C	YMR203W	RNR4	TOM40	Co-fractionation	physical	PUBMED:42086547
YKL150W	YPL006W	MCR1	NCR1	Co-fractionation	physical	PUBMED:42086547
YMR108W	YOL139C	ILV2	CDC33	Co-fractionation	physical	PUBMED:42086547
YBR189W	YMR108W	RPS9B	ILV2	Co-fractionation	physical	PUBMED:42086547
YEL013W	YMR108W	VAC8	ILV2	Co-fractionation	physical	PUBMED:42086547
YJL167W	YMR108W	ERG20	ILV2	Co-fractionation	physical	PUBMED:42086547
YKL150W	YKR070W	MCR1	YKR070W	Co-fractionation	physical	PUBMED:42086547
YBR056W	YMR108W	YBR056W	ILV2	Co-fractionation	physical	PUBMED:42086547
YKR066C	YMR108W	CCP1	ILV2	Co-fractionation	physical	PUBMED:42086547
YMR092C	YMR108W	AIP1	ILV2	Co-fractionation	physical	PUBMED:42086547
YKL150W	YOR221C	MCR1	MCT1	Co-fractionation	physical	PUBMED:42086547
YLR080W	YMR108W	EMP46	ILV2	Co-fractionation	physical	PUBMED:42086547
YHL015W	YMR108W	RPS20	ILV2	Co-fractionation	physical	PUBMED:42086547
YKL150W	YPL225W	MCR1	YPL225W	Co-fractionation	physical	PUBMED:42086547
YDR050C	YKL150W	TPI1	MCR1	Co-fractionation	physical	PUBMED:42086547
YFL005W	YKL150W	SEC4	MCR1	Co-fractionation	physical	PUBMED:42086547
YGR175C	YKL150W	ERG1	MCR1	Co-fractionation	physical	PUBMED:42086547
YDR101C	YMR108W	ARX1	ILV2	Co-fractionation	physical	PUBMED:42086547
YMR108W	YPL037C	ILV2	EGD1	Co-fractionation	physical	PUBMED:42086547
YGL106W	YKL150W	MLC1	MCR1	Co-fractionation	physical	PUBMED:42086547
YJL052W	YMR108W	TDH1	ILV2	Co-fractionation	physical	PUBMED:42086547
YKL150W	YOL030W	MCR1	GAS5	Co-fractionation	physical	PUBMED:42086547
YMR108W	YOL126C	ILV2	MDH2	Co-fractionation	physical	PUBMED:42086547
YDL135C	YMR108W	RDI1	ILV2	Co-fractionation	physical	PUBMED:42086547
YDL100C	YKL150W	GET3	MCR1	Co-fractionation	physical	PUBMED:42086547
YEL034W	YKL150W	HYP2	MCR1	Co-fractionation	physical	PUBMED:42086547
YHR193C	YMR108W	EGD2	ILV2	Co-fractionation	physical	PUBMED:42086547
YKL150W	YPR010C-A	MCR1	YPR010C-A	Co-fractionation	physical	PUBMED:42086547
YMR108W	YNL014W	ILV2	HEF3	Co-fractionation	physical	PUBMED:42086547
YKL150W	YNL209W	MCR1	SSB2	Co-fractionation	physical	PUBMED:42086547
YMR108W	YOR122C	ILV2	PFY1	Co-fractionation	physical	PUBMED:42086547
YMR108W	YOR230W	ILV2	WTM1	Co-fractionation	physical	PUBMED:42086547
YOR317W	YOR347C	FAA1	PYK2	Co-fractionation	physical	PUBMED:42086547
YJL180C	YMR108W	ATP12	ILV2	Co-fractionation	physical	PUBMED:42086547
YDR002W	YKL150W	YRB1	MCR1	Co-fractionation	physical	PUBMED:42086547
YKL150W	YMR090W	MCR1	YMR090W	Co-fractionation	physical	PUBMED:42086547
YJR105W	YMR108W	ADO1	ILV2	Co-fractionation	physical	PUBMED:42086547
YDR214W	YKL150W	AHA1	MCR1	Co-fractionation	physical	PUBMED:42086547
YMR108W	YPL019C	ILV2	VTC3	Co-fractionation	physical	PUBMED:42086547
YDR353W	YHR174W	TRR1	ENO2	Co-fractionation	physical	PUBMED:42086547
YER067W	YMR108W	RGI1	ILV2	Co-fractionation	physical	PUBMED:42086547
YMR108W	YNL200C	ILV2	YNL200C	Co-fractionation	physical	PUBMED:42086547
YBL030C	YHR001W-A	PET9	QCR10	Co-fractionation	physical	PUBMED:42086547
YBL030C	YLR038C	PET9	COX12	Co-fractionation	physical	PUBMED:42086547
YBL030C	YHR005C-A	PET9	TIM10	Co-fractionation	physical	PUBMED:42086547
YBL030C	YDR529C	PET9	QCR7	Co-fractionation	physical	PUBMED:42086547
YBL030C	YLR295C	PET9	ATP14	Co-fractionation	physical	PUBMED:42086547
YBL030C	YDL202W	PET9	MRPL11	Co-fractionation	physical	PUBMED:42086547
YBL030C	YGR029W	PET9	ERV1	Co-fractionation	physical	PUBMED:42086547
YBL030C	YIL070C	PET9	MAM33	Co-fractionation	physical	PUBMED:42086547
YGR094W	YPL252C	VAS1	YAH1	Co-fractionation	physical	PUBMED:42086547
YBL030C	YIL155C	PET9	GUT2	Co-fractionation	physical	PUBMED:42086547
YBL030C	YNL315C	PET9	ATP11	Co-fractionation	physical	PUBMED:42086547
YBL030C	YPR024W	PET9	YME1	Co-fractionation	physical	PUBMED:42086547
YBL030C	YBR282W	PET9	MRPL27	Co-fractionation	physical	PUBMED:42086547
YBL030C	YGR008C	PET9	STF2	Co-fractionation	physical	PUBMED:42086547
YBL030C	YJL063C	PET9	MRPL8	Co-fractionation	physical	PUBMED:42086547
YBL030C	YKL155C	PET9	RSM22	Co-fractionation	physical	PUBMED:42086547
YBL030C	YKL192C	PET9	ACP1	Co-fractionation	physical	PUBMED:42086547
YBL030C	YKL167C	PET9	MRP49	Co-fractionation	physical	PUBMED:42086547
YBL030C	YNL052W	PET9	COX5A	Co-fractionation	physical	PUBMED:42086547
YBL030C	YGR132C	PET9	PHB1	Co-fractionation	physical	PUBMED:42086547
YBL030C	YOR286W	PET9	RDL2	Co-fractionation	physical	PUBMED:42086547
YBL030C	YCR046C	PET9	IMG1	Co-fractionation	physical	PUBMED:42086547
YBL030C	YKL029C	PET9	MAE1	Co-fractionation	physical	PUBMED:42086547
YBL030C	YIL022W	PET9	TIM44	Co-fractionation	physical	PUBMED:42086547
YBL030C	YDR115W	PET9	YDR115W	Co-fractionation	physical	PUBMED:42086547
YBL030C	YPL059W	PET9	GRX5	Co-fractionation	physical	PUBMED:42086547
YBL030C	YLR218C	PET9	COA4	Co-fractionation	physical	PUBMED:42086547
YBL030C	YML129C	PET9	COX14	Co-fractionation	physical	PUBMED:42086547
YBL030C	YCR003W	PET9	MRPL32	Co-fractionation	physical	PUBMED:42086547
YBL030C	YMR066W	PET9	SOV1	Co-fractionation	physical	PUBMED:42086547
YBL030C	YJL096W	PET9	MRPL49	Co-fractionation	physical	PUBMED:42086547
YBL030C	YBL059C-A	PET9	CMC2	Co-fractionation	physical	PUBMED:42086547
YBL030C	YOR022C	PET9	YOR022C	Co-fractionation	physical	PUBMED:42086547
YBL030C	YML110C	PET9	COQ5	Co-fractionation	physical	PUBMED:42086547
YBL030C	YDL130W-A	PET9	STF1	Co-fractionation	physical	PUBMED:42086547
YBL030C	YKL016C	PET9	ATP7	Co-fractionation	physical	PUBMED:42086547
YBL030C	YML009C	PET9	MRPL39	Co-fractionation	physical	PUBMED:42086547
YBL030C	YOR221C	PET9	MCT1	Co-fractionation	physical	PUBMED:42086547
YBL030C	YER057C	PET9	HMF1	Co-fractionation	physical	PUBMED:42086547
YBL030C	YLR312W-A	PET9	MRPL15	Co-fractionation	physical	PUBMED:42086547
YBL030C	YNR036C	PET9	MRPS12	Co-fractionation	physical	PUBMED:42086547
YBL030C	YPL091W	PET9	GLR1	Co-fractionation	physical	PUBMED:42086547
YBL030C	YML092C	PET9	PRE8	Co-fractionation	physical	PUBMED:42086547
YBL030C	YMR193W	PET9	MRPL24	Co-fractionation	physical	PUBMED:42086547
YBL030C	YOL071W	PET9	SDH5	Co-fractionation	physical	PUBMED:42086547
YOR347C	YPR006C	PYK2	ICL2	Co-fractionation	physical	PUBMED:42086547
YBL030C	YGR084C	PET9	MRP13	Co-fractionation	physical	PUBMED:42086547
YBL030C	YDR322C-A	PET9	TIM11	Co-fractionation	physical	PUBMED:42086547
YBL030C	YJR135W-A	PET9	TIM8	Co-fractionation	physical	PUBMED:42086547
YBL030C	YDR511W	PET9	SDH7	Co-fractionation	physical	PUBMED:42086547
YBL030C	YNL252C	PET9	MRPL17	Co-fractionation	physical	PUBMED:42086547
YBL030C	YKR085C	PET9	MRPL20	Co-fractionation	physical	PUBMED:42086547
YBL030C	YDL004W	PET9	ATP16	Co-fractionation	physical	PUBMED:42086547
YBL030C	YGR076C	PET9	MRPL25	Co-fractionation	physical	PUBMED:42086547
YBL030C	YCR071C	PET9	IMG2	Co-fractionation	physical	PUBMED:42086547
YBL030C	YCL017C	PET9	NFS1	Co-fractionation	physical	PUBMED:42086547
YBL030C	YLR390W	PET9	ECM19	Co-fractionation	physical	PUBMED:42086547
YBL030C	YGR215W	PET9	RSM27	Co-fractionation	physical	PUBMED:42086547
YBL030C	YGL107C	PET9	RMD9	Co-fractionation	physical	PUBMED:42086547
YBL030C	YDL178W	PET9	DLD2	Co-fractionation	physical	PUBMED:42086547
YKL170W	YOR347C	MRPL38	PYK2	Co-fractionation	physical	PUBMED:42086547
YBL030C	YEL020W-A	PET9	TIM9	Co-fractionation	physical	PUBMED:42086547
YBL030C	YGL068W	PET9	MNP1	Co-fractionation	physical	PUBMED:42086547
YBL030C	YCR083W	PET9	TRX3	Co-fractionation	physical	PUBMED:42086547
YBL030C	YML025C	PET9	YML6	Co-fractionation	physical	PUBMED:42086547
YBL030C	YDL174C	PET9	DLD1	Co-fractionation	physical	PUBMED:42086547
YBL030C	YGR234W	PET9	YHB1	Co-fractionation	physical	PUBMED:42086547
YBL030C	YNL306W	PET9	MRPS18	Co-fractionation	physical	PUBMED:42086547
YOR347C	YOR350C	PYK2	MNE1	Co-fractionation	physical	PUBMED:42086547
YBL030C	YPR100W	PET9	MRPL51	Co-fractionation	physical	PUBMED:42086547
YBL030C	YGR240C	PET9	PFK1	Co-fractionation	physical	PUBMED:42086547
YCR028C-A	YOR347C	RIM1	PYK2	Co-fractionation	physical	PUBMED:42086547
YOR347C	YPL063W	PYK2	TIM50	Co-fractionation	physical	PUBMED:42086547
YBL030C	YCL009C	PET9	ILV6	Co-fractionation	physical	PUBMED:42086547
YBL030C	YDR041W	PET9	RSM10	Co-fractionation	physical	PUBMED:42086547
YBL030C	YKL040C	PET9	NFU1	Co-fractionation	physical	PUBMED:42086547
YBL030C	YPR047W	PET9	MSF1	Co-fractionation	physical	PUBMED:42086547
YBL030C	YLR389C	PET9	STE23	Co-fractionation	physical	PUBMED:42086547
YIL155C	YPL252C	GUT2	YAH1	Co-fractionation	physical	PUBMED:42086547
YBL030C	YHR179W	PET9	OYE2	Co-fractionation	physical	PUBMED:42086547
Q0140	YBL030C	VAR1	PET9	Co-fractionation	physical	PUBMED:42086547
YBL030C	YDL181W	PET9	INH1	Co-fractionation	physical	PUBMED:42086547
YBL030C	YDR019C	PET9	GCV1	Co-fractionation	physical	PUBMED:42086547
YBL030C	YDR494W	PET9	RSM28	Co-fractionation	physical	PUBMED:42086547
YBR282W	YPL252C	MRPL27	YAH1	Co-fractionation	physical	PUBMED:42086547
YAL044C	YBL030C	GCV3	PET9	Co-fractionation	physical	PUBMED:42086547
YBL030C	YPR006C	PET9	ICL2	Co-fractionation	physical	PUBMED:42086547
YKL016C	YOR347C	ATP7	PYK2	Co-fractionation	physical	PUBMED:42086547
YBL030C	YDR036C	PET9	EHD3	Co-fractionation	physical	PUBMED:42086547
YBL030C	YBR146W	PET9	MRPS9	Co-fractionation	physical	PUBMED:42086547
YBL030C	YMR062C	PET9	ARG7	Co-fractionation	physical	PUBMED:42086547
YBL030C	YJL180C	PET9	ATP12	Co-fractionation	physical	PUBMED:42086547
YBL030C	YKL148C	PET9	SDH1	Co-fractionation	physical	PUBMED:42086547
YAL054C	YOR347C	ACS1	PYK2	Co-fractionation	physical	PUBMED:42086547
YBL030C	YDR070C	PET9	FMP16	Co-fractionation	physical	PUBMED:42086547
YBL030C	YLR203C	PET9	MSS51	Co-fractionation	physical	PUBMED:42086547
YBL030C	YKL067W	PET9	YNK1	Co-fractionation	physical	PUBMED:42086547
YHR051W	YPL252C	COX6	YAH1	Co-fractionation	physical	PUBMED:42086547
YBL030C	YLR163C	PET9	MAS1	Co-fractionation	physical	PUBMED:42086547
YBL030C	YLR370C	PET9	ARC18	Co-fractionation	physical	PUBMED:42086547
YBL030C	YDR430C	PET9	CYM1	Co-fractionation	physical	PUBMED:42086547
YBL030C	YDR513W	PET9	GRX2	Co-fractionation	physical	PUBMED:42086547
YNL005C	YPL252C	MRP7	YAH1	Co-fractionation	physical	PUBMED:42086547
YPL172C	YER141W	COX10	COX15	Co-fractionation	physical	PUBMED:42001949
YER058W	YER141W	PET117	COX15	Co-fractionation	physical	PUBMED:42001949
YER141W	YIL157C	COX15	COA1	Co-fractionation	physical	PUBMED:42001949
YER141W	YGR112W	COX15	SHY1	Co-fractionation	physical	PUBMED:42001949
YPL195W	YGR180C	APL5	RNR4	Reconstituted Complex	physical	PUBMED:41985082
YPL195W	YER070W	APL5	RNR1	Reconstituted Complex	physical	PUBMED:41985082
YPL195W	YJL026W	APL5	RNR2	Reconstituted Complex	physical	PUBMED:41985082
YDL185W	YBL030C	VMA1	PET9	Dosage Growth Defect	genetic	PUBMED:42045445
YPL234C	YBL030C	VMA11	PET9	Dosage Growth Defect	genetic	PUBMED:42045445
YKL119C	YBL030C	VPH2	PET9	Dosage Growth Defect	genetic	PUBMED:42045445
YPR036W	YBL030C	VMA13	PET9	Dosage Growth Defect	genetic	PUBMED:42045445
YPR036W	YBL030C	VMA13	PET9	Phenotypic Enhancement	genetic	PUBMED:42045445
YDR007W	YBL030C	TRP1	PET9	Dosage Growth Defect	genetic	PUBMED:42045445
YKL054C	YMR108W	DEF1	ILV2	Proximity Label-MS	physical	PUBMED:41807049
YKL054C	YAL038W	DEF1	CDC19	Proximity Label-MS	physical	PUBMED:41807049
YKL054C	YDR023W	DEF1	SES1	Proximity Label-MS	physical	PUBMED:41807049
YCL052C	YGL008C	PBN1	PMA1	Affinity Capture-MS	physical	PUBMED:42412609
YCL052C	YPL036W	PBN1	PMA2	Affinity Capture-MS	physical	PUBMED:42412609
YCL052C	YAL038W	PBN1	CDC19	Affinity Capture-MS	physical	PUBMED:42412609
YCL052C	YOR347C	PBN1	PYK2	Affinity Capture-MS	physical	PUBMED:42412609
YCL052C	YBL030C	PBN1	PET9	Affinity Capture-MS	physical	PUBMED:42412609
YJL176C	YOR347C	SWI3	PYK2	Proximity Label-MS	physical	PUBMED:42380116
YJL176C	YGR180C	SWI3	RNR4	Proximity Label-MS	physical	PUBMED:42380116
YLL013C	YNL192W	PUF3	CHS1	Affinity Capture-MS	physical	PUBMED:42315289
YLL013C	YKL035W	PUF3	UGP1	Affinity Capture-MS	physical	PUBMED:42315289
YLL013C	YLR305C	PUF3	STT4	Affinity Capture-MS	physical	PUBMED:42315289
YLL013C	YIL043C	PUF3	CBR1	Affinity Capture-MS	physical	PUBMED:42315289
YLL013C	YBR023C	PUF3	CHS3	Affinity Capture-MS	physical	PUBMED:42315289
YLL013C	YMR108W	PUF3	ILV2	Affinity Capture-MS	physical	PUBMED:42315289
